date,0.50,0.75,1.00,1.25,1.50,1.75,2.00,2.25,2.50,2.75,3.00,3.25,3.50
2020-01-02,81.8,81.8,81.8,89.8,37.3,37.3,69.3,75.8,122.3,122.3,190.35,190.35,190.35
2020-01-03,95.0,26.5,90.5,174.05,121.55,139.05,120.1,126.6,173.1,111.05,179.1,179.1,179.1
2020-01-06,294.2,207.75,227.25,316.8,222.4,280.4,261.45,267.95,314.45,252.4,320.45,320.45,294.45
2020-01-07,243.85,94.5,114.0,203.55,126.15,184.15,165.2,171.7,223.7,178.3,246.35,246.35,220.35
2020-01-08,305.5,197.15,216.65,340.2,265.3,236.35,258.4,266.4,279.9,234.5,302.55,324.55,298.55
2020-01-09,261.2,158.4,195.4,318.95,248.55,235.6,257.65,230.7,244.2,198.8,266.85,288.85,262.85
2020-01-10,206.85,139.05,179.05,308.65,238.25,225.3,247.35,220.4,210.95,168.05,241.6,263.6,237.6
2020-01-13,311.9,269.1,305.65,436.3,365.9,410.55,429.65,413.7,356.8,313.9,393.45,444.95,418.95
2020-01-14,279.25,220.45,257.0,387.65,317.25,361.9,381.0,365.05,308.15,265.25,344.8,396.3,370.3
2020-01-15,290.85,195.05,180.2,310.85,296.5,341.15,360.25,344.3,252.45,210.55,290.1,384.65,358.65
2020-01-16,333.5,276.25,265.9,396.55,385.2,429.85,460.45,401.0,329.15,287.25,366.8,473.4,447.4
2020-01-17,373.25,293.5,283.15,413.8,407.95,452.6,483.2,436.25,364.4,305.0,384.55,491.15,472.15
2020-01-20,350.35,245.15,234.8,365.45,359.6,404.25,434.85,401.45,329.6,275.2,354.75,440.4,421.4
2020-01-21,333.55,220.3,240.95,308.7,302.85,347.5,378.1,396.25,324.4,270.0,349.55,427.15,408.15
2020-01-22,351.7,238.45,305.65,380.4,336.1,338.25,339.35,357.5,285.65,231.25,354.8,432.4,413.4
2020-01-23,379.95,318.7,373.95,448.7,404.4,406.55,412.65,435.8,331.0,276.6,400.15,477.75,458.75
2020-01-24,353.6,273.35,319.15,393.9,369.6,371.75,377.85,401.0,296.2,241.8,365.35,419.55,400.55
2020-01-27,338.25,102.1,164.9,172.7,148.4,150.55,156.65,179.8,75.0,20.6,144.15,198.35,179.35
2020-01-28,406.5,189.85,277.65,316.45,352.65,326.85,347.45,349.6,244.8,204.9,289.55,343.75,324.75
2020-01-29,325.2,131.05,258.4,331.25,257.45,231.65,252.25,254.4,149.6,109.7,194.35,248.55,229.55
2020-01-30,257.9,125.75,355.65,577.5,503.7,477.9,498.5,500.65,291.85,251.95,336.6,390.8,371.8
2020-01-31,160.1,27.95,232.35,405.8,332.0,306.2,326.8,328.95,120.15,80.25,164.9,219.1,200.1
2020-02-03,331.75,199.6,341.5,514.95,490.7,397.55,418.15,420.3,211.5,171.6,256.25,365.45,346.45
2020-02-04,350.85,233.2,411.65,614.15,637.9,552.75,643.85,646.0,437.2,397.3,512.95,631.65,612.65
2020-02-05,517.05,407.9,442.9,645.4,669.15,661.0,752.1,754.25,545.45,505.55,621.2,739.9,720.9
2020-02-06,595.65,440.0,494.0,687.05,730.8,722.65,813.75,824.4,560.65,530.25,645.9,782.6,763.6
2020-02-07,588.3,472.65,418.8,538.85,582.6,574.45,665.55,676.2,412.45,382.05,497.7,634.4,615.4
2020-02-10,643.5,444.85,391.0,511.05,554.8,579.65,697.75,708.4,466.15,435.75,605.45,714.7,695.7
2020-02-11,531.7,314.55,260.7,402.3,447.05,426.4,544.5,555.15,312.9,282.5,452.2,561.45,542.45
2020-02-12,581.9,370.75,330.9,480.0,570.8,547.2,669.3,687.45,424.2,393.8,563.5,672.75,657.25
2020-02-13,431.55,220.4,229.05,378.15,468.95,445.35,567.45,585.6,342.85,312.45,538.2,647.45,713.0
2020-02-14,449.3,267.65,282.8,395.9,494.7,485.1,607.2,625.35,398.1,367.7,551.1,660.35,725.9
2020-02-17,488.5,312.35,330.05,435.7,541.5,531.9,657.15,675.3,448.05,417.65,601.05,710.3,775.85
2020-02-18,538.15,397.0,414.75,521.95,710.25,700.65,830.4,833.05,605.8,575.4,758.8,868.05,891.15
2020-02-19,501.2,459.8,477.55,584.75,734.6,725.0,896.25,898.9,671.65,641.25,824.65,945.4,968.5
2020-02-20,517.35,475.95,513.7,637.45,739.3,747.7,918.95,921.6,732.9,702.5,885.9,1006.65,1032.25
2020-02-21,400.55,359.15,363.45,487.2,602.55,615.95,813.2,815.85,627.15,596.75,707.2,827.95,853.55
2020-02-24,203.4,188.0,60.8,184.55,299.9,313.3,510.55,513.2,324.5,294.1,404.55,525.3,550.9
2020-02-25,7.65,12.75,-96.45,27.3,133.65,147.05,344.3,346.95,158.25,7.9,118.35,239.1,264.7
2020-02-26,103.8,42.0,-63.65,60.1,166.45,252.85,450.1,509.25,59.6,-90.75,19.7,140.45,166.05
2020-02-27,-367.5,-429.3,-495.95,-372.2,-237.85,-97.45,99.8,158.95,-483.65,-634.0,-523.55,-402.8,-377.2
2020-02-28,-137.6,-199.4,-465.05,-639.3,-504.95,-364.55,-167.3,-108.15,-750.75,-901.1,-790.65,-669.9,-644.3
2020-03-02,684.9,731.1,569.05,335.85,618.2,758.6,1021.35,1183.05,403.45,253.1,129.7,385.45,411.05
2020-03-03,371.15,443.35,95.3,-137.9,144.45,284.85,567.6,738.8,14.2,-136.15,-259.55,-87.2,-61.6
2020-03-04,683.75,763.1,554.05,182.9,375.25,547.65,848.9,1089.65,296.55,146.2,22.8,244.15,269.75
2020-03-05,658.4,672.25,463.2,92.05,308.4,617.8,919.05,1159.8,366.7,121.85,-362.05,-140.7,-115.1
2020-03-06,773.6,787.45,578.4,207.25,326.7,587.1,888.35,1129.1,336.0,91.15,-392.75,-171.4,-145.8
2020-03-09,742.5,461.35,252.3,-118.85,0.6,261.0,562.25,803.0,9.9,-234.95,-718.85,-497.5,-471.9
2020-03-10,659.75,414.6,567.55,196.4,442.4,784.3,649.6,610.45,-182.65,-427.5,-911.4,-690.05,-664.45
2020-03-11,335.85,-46.25,137.2,-449.95,-203.95,289.45,421.55,382.4,-410.7,-655.55,-1139.45,-918.1,-892.5
2020-03-12,232.55,-603.05,-805.1,-1392.25,-1146.25,-652.85,-520.75,-559.9,-1353.0,-1597.85,-2081.75,-1860.4,-1834.8
2020-03-13,522.35,-182.75,-384.8,-971.95,-680.45,560.45,692.55,653.4,-139.7,-384.55,-868.45,-647.1,-621.5
2020-03-16,-151.7,-856.8,-1058.85,-1646.0,-1354.5,-113.6,18.5,-20.65,-813.75,-1058.6,-1542.5,-1321.15,-1295.55
2020-03-17,181.25,-856.8,-1058.85,-1646.0,-1354.5,-113.6,18.5,-20.65,-813.75,-1058.6,-1542.5,-1321.15,-1295.55
2020-03-18,607.55,-870.95,-1073.0,-1629.1,-1337.6,-96.7,35.4,-3.75,-796.85,-1041.7,-2112.05,-1890.7,-1865.1
2020-03-19,208.35,-1233.65,-1711.2,-2197.3,-1905.8,-411.4,-279.3,-318.45,-1111.55,-1356.4,-1789.3,-1171.95,-1112.35
2020-03-20,133.1,-1308.9,-1603.95,-2090.05,-1798.55,-304.15,-119.05,-158.2,-1159.25,-1404.1,-1654.5,-1037.15,-977.55
2020-03-23,688.35,-753.65,-937.15,-1435.2,-1143.7,295.75,480.85,441.7,-559.35,-804.2,-1054.6,-437.25,-377.65
2020-03-24,1215.95,-501.55,-357.0,-980.0,-336.45,1103.0,1168.15,1320.55,414.5,283.2,104.3,296.15,355.75
2020-03-25,1709.7,-498.3,-304.75,-282.8,360.75,1740.85,1408.05,1609.45,754.9,722.6,543.7,296.15,355.75
2020-03-26,1842.05,-353.45,-339.4,-317.45,326.1,1706.2,1283.85,1485.25,630.7,598.4,419.5,526.5,586.1
2020-03-27,1488.2,-647.3,-633.25,-514.3,34.8,1414.9,695.55,896.95,42.4,10.1,-168.8,-61.8,-2.2
2020-03-30,1449.8,-713.2,-649.15,-529.15,19.95,1543.05,823.7,1072.6,416.1,497.8,318.9,425.9,233.1
2020-03-31,1459.95,-650.0,-585.95,-636.4,22.7,1596.35,799.05,776.45,119.95,201.65,22.75,129.75,-63.05
2020-04-01,1312.75,-743.2,-679.15,-966.1,-307.0,1266.65,469.35,446.75,-209.75,-128.05,-306.95,-199.95,-392.75
2020-04-02,1499.8,-434.65,-458.0,-566.4,-29.75,1650.95,655.2,632.6,-23.9,57.8,-121.1,-14.1,-206.9
2020-04-03,1286.3,-544.5,-567.85,-661.25,-124.6,1556.1,560.35,537.75,-118.75,-143.0,-321.9,-214.9,-407.7
2020-04-06,1257.95,-417.85,-498.7,-592.1,32.1,1761.4,765.65,743.05,86.55,75.8,-103.1,73.9,-118.9
2020-04-07,1471.55,-353.25,-531.1,-634.95,-10.75,1760.55,841.3,538.75,-117.75,-128.5,-206.9,-192.9,-385.7
2020-04-08,1259.1,-456.15,-585.45,-603.8,61.9,1932.75,1094.5,791.95,236.45,55.3,-23.1,58.4,-134.4
2020-04-09,1646.95,-283.8,-413.1,-384.45,281.25,2152.1,1368.35,1065.8,510.3,344.65,301.25,442.75,0.95
2020-04-13,1670.7,-210.5,-339.8,-286.15,413.05,2412.95,1682.25,1292.25,736.75,596.1,552.7,748.2,306.4
2020-04-14,1745.5,-135.7,-265.0,-184.35,658.4,2658.3,1927.6,1537.6,982.1,841.45,798.05,993.55,551.75
2020-04-15,1736.7,-161.0,-515.8,-435.15,407.6,2407.5,1676.8,1286.8,731.3,590.65,547.25,742.75,300.95
2020-04-16,1830.45,2.75,-314.55,-209.4,365.35,2365.25,1695.05,1305.05,749.55,608.9,565.5,761.0,369.7
2020-04-17,1730.75,-96.95,-497.75,-392.6,182.15,2182.05,1511.85,1121.85,566.35,425.7,382.3,577.8,186.5
2020-04-20,1685.6,49.4,-351.4,-246.25,328.5,2328.4,1658.2,1268.2,712.7,494.1,450.7,646.2,313.9
2020-04-21,1383.25,-252.95,-636.15,-531.0,43.75,2043.65,1373.45,983.45,427.95,209.35,165.95,361.45,29.15
2020-04-22,1409.8,-174.9,-572.55,-365.35,118.95,2142.35,1525.2,1182.25,523.75,328.15,303.25,551.25,218.95
2020-04-23,1417.9,-231.8,-557.95,-288.25,176.65,2271.55,1673.4,1330.45,603.5,436.4,411.5,475.0,244.75
2020-04-24,1501.1,-115.6,-304.25,-45.0,419.9,2514.8,1916.65,1573.7,846.75,757.15,732.25,795.75,565.5
2020-04-27,1507.25,-109.95,-291.55,-16.8,391.15,2510.55,1933.9,1590.95,878.0,811.4,852.5,916.0,685.75
2020-04-28,1532.5,-167.2,-348.8,-59.05,348.9,2413.35,1836.7,1559.25,846.3,779.7,820.8,884.3,654.05
2020-04-29,1686.6,154.5,-27.1,222.15,766.1,2830.55,2309.4,2044.45,1323.65,1257.05,1298.15,1378.7,1148.45
2020-04-30,1485.7,4.1,-324.5,-75.25,509.7,2574.15,2053.0,1691.15,970.35,903.75,944.85,1025.4,795.15
2020-05-01,1415.4,-27.2,-309.25,-60.0,444.0,2583.95,2062.8,1700.95,980.15,913.55,954.65,1035.2,597.95
2020-05-04,1570.55,152.45,-113.05,184.2,861.75,2879.2,2487.1,2125.25,1289.0,1222.4,1263.5,1344.05,954.8
2020-05-05,1653.3,235.2,50.25,347.5,1025.05,3099.5,2730.9,2262.55,1452.8,1395.2,1338.85,1419.4,1068.15
2020-05-06,1520.15,141.55,-43.4,253.85,931.4,3080.35,2711.75,2243.4,1433.65,1376.05,1319.7,1400.25,1093.0
2020-05-07,1691.25,343.15,99.85,422.1,1099.65,3267.6,2899.0,2461.65,1651.9,1594.3,1555.95,1636.5,1353.75
2020-05-08,1762.05,517.95,282.65,604.9,1292.45,3367.4,3011.8,2574.45,1841.25,1783.65,1745.3,1828.35,1567.6
2020-05-11,1726.25,452.2,216.9,539.15,1306.75,3303.2,2947.6,2510.25,1777.05,1719.45,1681.1,1764.15,1503.4
2020-05-12,1677.45,417.9,118.1,476.85,1212.0,3208.45,2883.85,2446.5,1713.3,1655.7,1661.35,1744.4,1483.65
2020-05-13,1243.1,16.55,-286.7,-1.4,733.75,2730.2,2405.6,1968.25,1235.05,1177.45,1183.1,1266.15,1005.4
2020-05-14,1430.9,192.95,-55.8,335.5,891.15,2985.1,2660.5,2223.15,1477.45,1419.85,1425.5,1508.55,1247.8
2020-05-15,1666.6,404.2,177.95,569.25,1011.45,3066.4,2741.8,2304.45,1584.25,1578.65,1584.3,1667.35,1397.6
2020-05-18,1851.45,608.15,416.55,784.4,1226.6,3314.6,2988.6,2572.75,1870.05,1835.5,1841.15,1924.2,1654.45
2020-05-19,1931.6,688.3,531.3,862.2,1382.4,3470.4,3144.4,2748.55,2045.85,2034.3,2039.95,2138.0,1528.3
2020-05-20,2127.2,883.9,726.5,1057.4,1568.65,3656.65,3330.65,2934.8,2232.1,2196.05,2230.2,2328.25,1726.1
2020-05-21,2006.4,786.1,628.7,959.6,1470.85,3488.35,3162.35,2766.5,2116.35,2080.3,2114.45,2212.5,1633.35
2020-05-22,1942.55,745.25,667.85,936.3,1447.55,3465.05,3208.05,2762.7,2112.55,2076.5,2110.65,2257.25,1749.6
2020-05-25,1957.25,731.0,691.15,1014.65,1474.95,3549.95,3292.95,2847.6,2197.45,2161.4,2195.55,2342.15,1834.5
2020-05-26,1922.45,642.2,604.85,928.35,1432.2,3507.2,3259.2,2779.4,2161.75,2125.7,2159.85,2325.45,1817.8
2020-05-27,2034.25,685.5,648.15,945.7,1449.55,3545.05,3326.55,2846.75,2256.1,2318.15,2352.3,2260.4,1752.75
2020-05-28,2263.5,940.25,795.4,964.0,1552.85,3546.85,3328.35,2886.05,2295.4,2493.0,2527.15,2490.75,1983.1
2020-05-29,2199.25,662.0,517.15,685.75,1274.6,3268.6,3050.1,2607.8,2017.15,2214.75,2248.9,2212.5,1704.85
2020-06-01,2222.55,816.35,719.0,806.6,1406.95,3418.95,3240.95,2814.65,2224.0,2442.1,2476.25,2439.85,1932.2
2020-06-02,2208.35,825.15,727.8,861.95,1470.3,3506.3,3328.3,2902.0,2328.35,2559.95,2623.1,2586.7,2079.05
2020-06-03,2178.5,727.8,630.45,728.1,1336.45,3410.5,3232.5,2886.8,2320.15,2667.85,2731.0,2709.15,2201.5
2020-06-04,2116.2,665.5,568.15,504.8,1065.15,3139.2,2961.2,2615.5,2048.85,2396.55,2459.7,2437.85,1930.2
2020-06-05,2098.45,660.75,569.4,522.05,1044.95,3119.0,2941.0,2595.3,2077.2,2424.9,2488.05,2472.2,1835.1
2020-06-08,2139.05,701.35,559.55,512.2,1009.1,3112.65,2934.65,2622.5,2104.4,2426.1,2489.25,2473.4,1836.3
2020-06-09,2156.7,737.05,502.25,458.9,955.8,3059.35,2881.35,2569.2,2051.1,2372.8,2435.95,2433.6,1917.5
2020-06-10,2122.85,711.2,513.45,442.6,1082.05,3067.1,2889.1,2533.05,2014.95,2336.65,2399.8,2397.45,1881.35
2020-06-11,1810.65,399.0,201.25,130.4,769.85,2754.9,2576.9,2220.85,1702.75,2024.45,2087.6,2085.25,1569.15
2020-06-12,1772.75,410.1,238.95,113.55,805.1,2527.65,2371.65,2106.1,1588.0,1909.7,1999.85,2034.5,1518.4
2020-06-15,1928.6,600.95,443.8,527.9,1219.45,2642.55,2486.55,2230.5,1801.9,2123.6,2213.75,2248.4,1767.3
2020-06-16,1659.2,313.1,155.95,240.05,931.6,2438.7,2282.7,2026.65,1598.05,1919.75,2009.9,2044.55,1563.45
2020-06-17,1772.85,314.25,51.15,164.25,855.8,2367.45,2211.45,1955.4,1526.8,1907.55,1997.7,2143.4,1556.35
2020-06-18,1569.45,110.85,-152.25,-96.6,530.45,2042.1,1886.1,1630.05,1201.45,1582.2,1672.35,1818.05,1231.0
2020-06-19,1697.3,84.7,-117.4,-35.25,591.8,2103.45,1960.95,1708.9,1243.25,1542.5,1717.75,1863.45,1302.9
2020-06-22,1922.85,279.85,130.75,251.4,801.45,2326.15,2183.65,2019.65,1554.0,1883.25,2067.5,2268.75,1576.7
2020-06-23,1880.0,321.5,188.95,309.6,684.15,2253.35,2110.85,1946.85,1607.3,1936.55,2120.8,2431.55,1739.5
2020-06-24,1794.6,249.1,122.6,217.8,592.35,2161.55,2019.05,1796.65,1457.1,1786.35,1970.6,2281.35,1589.3
2020-06-25,1702.95,157.45,43.95,39.65,414.2,1983.4,1840.9,1618.5,1278.95,1608.2,1792.45,2103.2,1411.15
2020-06-26,1401.65,-143.85,-230.85,-317.55,57.0,1626.2,1483.7,1261.3,921.75,1251.0,1435.25,1746.0,1053.95
2020-06-29,1659.8,15.4,57.45,-119.25,187.35,1756.55,1614.05,1391.65,1052.1,1381.35,1565.6,1876.35,1184.3
2020-06-30,1668.05,23.65,65.7,-111.0,195.6,1764.8,1622.3,1399.9,1060.35,1389.6,1573.85,1884.6,1192.55
2020-07-01,1696.35,117.45,159.5,-62.2,244.4,1813.6,1671.1,1565.7,1226.15,1555.4,1739.65,2050.4,1358.35
2020-07-02,1744.05,186.15,228.2,-20.95,317.2,1886.4,1743.9,1659.5,1319.95,1649.2,1740.45,2051.2,1359.15
2020-07-03,1654.8,96.9,178.45,-70.7,267.45,1836.65,1694.15,1609.75,1244.8,1574.05,1665.3,1976.05,1284.0
2020-07-06,1814.6,183.2,264.75,61.1,409.25,1993.95,1964.95,1880.55,1568.1,1897.35,1988.6,2336.35,1707.8
2020-07-07,1761.35,167.45,261.0,113.35,461.5,2046.2,2021.2,2068.3,1755.85,2085.1,2176.35,2533.1,1772.05
2020-07-08,1641.5,47.6,141.15,40.0,424.7,2009.4,1986.9,2132.55,1820.1,2149.35,2335.1,2691.85,1930.8
2020-07-09,1745.8,131.4,133.45,32.3,417.0,2007.2,2026.2,2171.85,1890.95,2220.2,2405.95,2772.2,2025.15
2020-07-10,1864.9,284.05,301.65,223.5,710.75,2203.95,2318.5,2487.15,2236.75,2398.5,2584.25,2914.55,2167.5
2020-07-13,1877.25,357.9,375.5,297.35,729.6,2244.8,2359.35,2578.0,2327.6,2489.35,2675.1,3073.4,2326.35
2020-07-14,1988.35,436.0,365.6,326.0,707.75,2222.95,2337.5,2597.2,2394.8,2708.15,2893.9,3292.2,2545.15
2020-07-15,2003.05,333.7,211.3,171.7,484.0,1999.2,2113.75,2373.45,2171.05,2484.4,2670.15,3068.45,2321.4
2020-07-16,1715.65,-21.2,-143.6,-183.2,218.15,1641.9,1756.45,2016.15,1813.75,2127.1,2312.85,2711.15,1964.1
2020-07-17,1793.95,78.1,-164.8,-126.35,275.0,1698.75,1813.3,1937.0,1734.6,2047.95,2233.7,2632.0,1884.95
2020-07-20,1773.2,96.85,-93.55,-55.1,370.25,1794.0,1951.55,2089.75,1938.35,2292.7,2478.45,2916.25,2177.2
2020-07-21,1828.4,152.05,7.65,49.15,474.5,1898.25,2055.8,2223.0,2071.6,2425.95,2595.7,3033.5,2294.45
2020-07-22,1879.55,246.7,36.8,102.3,527.65,1980.4,1971.05,2254.85,2103.45,2457.8,2627.55,3065.35,2326.3
2020-07-23,1798.35,165.5,-44.4,104.1,529.45,1982.2,1972.85,2256.65,1940.8,2295.15,2464.9,2902.7,2163.65
2020-07-24,1846.1,8.8,-201.1,-52.6,372.75,1825.5,1816.15,2099.95,1784.1,2138.45,2308.2,2746.0,2006.95
2020-07-27,2065.55,304.45,152.55,317.5,742.85,2202.1,2246.4,2530.2,2220.35,2582.8,2752.55,3190.35,2435.85
2020-07-28,1840.75,48.2,-103.7,61.25,486.6,1945.85,1990.15,2273.95,1964.1,2326.55,2496.3,2934.1,2179.6
2020-07-29,1846.5,97.5,7.15,172.1,634.45,2093.7,2138.0,2425.8,2040.95,2403.4,2616.7,3054.5,2300.0
2020-07-30,2032.35,368.35,278.0,499.45,961.8,2458.05,2518.35,2812.7,2427.85,2790.3,3003.6,3441.4,2686.9
2020-07-31,2180.05,516.05,472.7,777.15,1239.5,2625.75,2812.15,2953.5,2568.65,2931.1,3144.4,3582.2,2827.7
2020-08-03,2382.35,718.35,675.0,970.5,1432.85,2676.0,2925.4,3066.75,2681.9,3212.0,3384.8,3822.6,3068.1
2020-08-04,2513.9,849.9,730.7,1026.2,1488.55,2731.7,2981.1,3015.45,2724.65,3254.75,3427.55,3865.35,3110.85
2020-08-05,2437.6,773.6,654.4,961.4,1433.25,2676.4,2891.35,2971.7,2680.9,3211.0,3383.8,3821.6,3067.1
2020-08-06,2522.25,960.3,941.1,1217.65,1582.1,2825.25,3083.7,3164.05,2798.25,3371.35,3544.15,4050.45,3295.95
2020-08-07,2460.0,993.6,974.4,1280.95,1600.95,2844.1,3167.6,3247.95,2738.65,3311.75,3484.55,3990.85,3236.35
2020-08-10,2464.7,1026.8,998.1,1312.65,1723.8,2824.45,3147.95,3228.3,2719.0,3292.1,3464.9,3971.2,3216.7
2020-08-11,2532.85,888.55,859.85,1215.4,1626.55,2745.2,3068.7,3170.55,2661.25,3172.4,3345.2,3866.5,3112.0
2020-08-12,2709.55,1096.75,1094.55,1349.1,1782.75,2964.05,3287.55,3389.4,2880.1,3391.25,3564.05,4085.35,3330.85
2020-08-13,2727.1,1092.4,1132.7,1413.25,1875.9,3123.25,3473.25,3644.6,2954.3,3414.45,3587.25,4108.55,3354.05
2020-08-14,2583.25,994.55,951.35,1231.9,1694.55,2874.0,3224.0,3395.35,2705.05,3165.2,3338.0,3859.3,3104.8
2020-08-17,2693.95,1114.75,1091.55,1377.7,1840.35,3028.8,3449.8,3633.15,2942.85,3403.0,3491.35,4028.65,3289.65
2020-08-18,2678.05,1098.85,1075.65,1397.3,1863.45,3098.95,3468.45,3605.8,2946.05,3406.2,3494.55,4072.9,3194.4
2020-08-19,2697.25,1043.1,997.4,1319.05,1809.75,3045.25,3360.25,3497.6,2837.85,3298.0,3386.35,3964.7,3086.2
2020-08-20,2891.85,1393.8,1359.6,1565.35,2105.55,3341.05,3662.05,3843.9,3184.15,3633.3,3721.65,4322.0,3475.5
2020-08-21,2976.6,1535.05,1500.85,1706.6,2290.3,3525.8,3824.3,4010.8,3351.05,3800.2,3888.55,4488.9,3642.4
2020-08-24,2953.25,1542.7,1508.5,1690.25,2304.0,3539.5,3838.0,4035.05,3375.3,3824.45,3912.8,4513.15,3666.65
2020-08-25,2884.75,1488.25,1463.1,1677.35,2320.1,3555.6,3854.1,4051.15,3391.4,3875.05,3963.4,4563.75,3717.25
2020-08-26,2788.5,1392.0,1366.85,1591.1,2233.85,3417.85,3716.35,3913.4,3253.65,3737.3,3825.65,4426.0,3579.5
2020-08-27,2648.15,1251.65,1226.5,1310.75,1953.5,3137.5,3436.0,3633.05,2973.3,3456.95,3545.3,4145.65,3299.15
2020-08-28,2771.5,1375.0,1349.85,1379.1,2021.85,3205.85,3513.85,3565.4,2905.65,3389.3,3477.65,4078.0,3231.5
2020-08-31,2566.3,1169.8,1144.65,1173.9,1816.65,3000.65,3308.65,3360.2,2700.45,3184.1,3272.45,3872.8,3026.3
2020-09-01,2788.75,1416.95,1365.3,1394.55,2037.3,3236.8,3587.8,3639.35,2949.65,3482.8,3571.15,4171.5,3325.0
2020-09-02,2971.35,1577.6,1524.95,1566.7,2245.45,3484.95,3835.95,3887.5,3197.8,3730.95,3859.8,4460.15,3613.65
2020-09-03,2892.55,1410.3,1357.65,1399.4,2031.15,3270.65,3621.65,3673.2,2983.5,3516.65,3645.5,4245.85,3399.35
2020-09-04,3333.8,1905.05,1726.9,1718.7,2662.95,3902.45,4319.95,4371.5,3819.35,4452.5,3916.9,4517.25,3670.75
2020-09-07,3238.55,1837.3,1659.15,1601.0,2598.25,3837.75,4255.25,4377.35,3825.2,4535.9,3793.35,4393.7,3547.2
2020-09-08,2767.75,1366.5,1188.35,1130.2,2127.45,3366.95,3794.95,3794.1,3241.95,3952.65,3535.05,4135.4,3288.9
2020-09-09,3170.5,1840.75,1722.15,1698.0,2362.25,3706.25,4174.75,4264.45,3793.8,4504.5,4092.4,4779.25,3932.75
2020-09-10,2961.75,1790.0,1671.4,1754.75,2479.0,3668.0,4188.0,4049.7,3540.15,4250.85,3838.75,4525.6,3679.1
2020-09-11,2847.85,1614.65,1507.55,1598.9,2308.7,3497.7,4017.7,3907.9,3398.35,4122.55,3727.95,4414.8,3619.3
2020-09-14,3012.5,1737.35,1630.25,1735.6,2467.9,3677.9,4308.0,4198.2,3711.15,4442.85,3893.35,4580.2,3784.7
2020-09-15,2933.35,1683.7,1576.6,1688.95,2324.75,3541.25,4178.35,4075.05,3607.0,4338.7,3789.2,4476.05,3751.05
2020-09-16,2889.4,1605.75,1436.15,1562.55,2198.35,3414.85,4055.55,3952.25,3484.2,4215.9,3529.55,4216.4,3491.4
2020-09-17,2945.6,1603.45,1509.35,1886.3,2552.1,3632.65,4053.85,3950.55,3482.5,4214.2,3527.85,4214.7,3489.7
2020-09-18,2901.95,1456.3,1362.2,1656.65,2322.45,3403.0,3824.2,3720.9,3252.85,3984.55,3298.2,3985.05,3260.05
2020-09-21,2604.7,1025.55,858.45,1152.9,1818.7,2899.25,3320.45,3217.15,2749.1,3480.8,2794.45,3481.3,2756.3
2020-09-22,2690.9,1139.25,986.7,1387.15,2052.95,3158.5,3560.2,3537.45,3006.4,3738.1,3051.75,3766.1,3050.15
2020-09-23,2584.2,1032.55,907.0,1307.45,2004.75,3110.3,3550.5,3527.75,3011.2,3786.4,3100.05,3814.4,2907.0
2020-09-24,2839.0,1287.35,1161.8,1368.75,2088.05,3284.6,3724.8,3702.05,3214.5,4085.7,3399.35,4168.7,3261.3
2020-09-25,2681.6,1176.45,1070.9,1307.4,2100.2,3346.75,3786.95,3808.7,3321.15,4192.35,3600.0,4369.35,3461.95
2020-09-28,3116.65,1571.0,1516.05,1752.55,2473.9,3831.0,4323.2,4385.95,3750.9,4689.65,4097.3,4884.65,3977.25
2020-09-29,2910.9,1384.75,1349.8,1586.3,2204.15,3561.25,4053.45,4116.2,3481.15,4419.9,3827.55,4614.9,3707.5
2020-09-30,2993.2,1316.05,1295.6,1821.1,2438.95,3796.05,4288.25,4351.0,3715.95,4459.2,3866.85,4654.2,3746.8
2020-10-01,2778.7,1117.05,1145.1,1679.7,2355.6,3994.9,4503.1,4565.85,3571.15,4366.4,3774.05,4561.4,3654.0
2020-10-02,2713.15,898.5,654.55,1189.15,1865.05,3504.35,3971.6,4034.35,3154.15,3949.4,3357.05,4144.4,3237.0
2020-10-05,2679.9,944.8,700.85,1235.45,1819.85,3459.15,3976.4,4039.15,3158.95,3954.2,3323.85,4111.2,3203.8
2020-10-06,2575.6,921.55,439.6,974.2,1558.6,3197.9,3715.15,3638.4,2758.2,3553.45,2923.1,3710.45,2803.05
2020-10-07,2662.35,1006.8,555.9,1110.5,1749.9,3452.25,3969.5,3958.3,3108.1,3927.85,3347.5,4134.85,3227.45
2020-10-08,2717.1,1108.05,622.2,1176.8,1783.2,3485.55,4002.8,3991.6,3187.9,4007.65,3427.3,4214.65,3347.3
2020-10-09,2869.75,1301.7,867.35,1384.0,1959.45,3681.85,4232.1,4220.9,3417.2,4193.95,3613.6,4400.95,3549.6
2020-10-12,3063.4,1495.35,1227.0,1763.15,2219.1,3985.55,4808.8,4797.6,4177.45,4954.2,4373.85,5010.2,4158.85
2020-10-13,3025.15,1457.1,1188.75,1844.9,2300.85,4067.3,4900.55,4912.35,4292.2,4909.45,4329.1,4965.45,4114.1
2020-10-14,3107.75,1614.35,1207.55,1817.2,2273.15,4071.6,4904.85,4954.65,4334.5,4951.75,4406.95,4856.3,4004.95
2020-10-15,3266.55,1773.15,1402.35,2012.0,2467.95,4266.4,5099.65,4892.45,4272.3,4889.55,4344.75,4794.1,3942.75
2020-10-16,3431.3,1802.4,1533.6,2154.25,2457.75,4256.2,5116.95,4909.75,4271.15,4942.9,4398.1,4847.45,3996.1
2020-10-19,3158.5,1536.6,1279.8,1824.95,2128.45,3926.9,4787.65,4580.45,3941.85,4613.6,4068.8,4518.15,3666.8
2020-10-20,3187.75,1552.4,1295.6,1843.3,2146.8,3784.25,4645.0,4437.8,3799.2,4470.95,3926.15,4375.5,3524.15
2020-10-21,3297.85,1647.1,1444.85,1828.6,2132.1,3769.55,4630.3,4423.1,3784.5,4432.85,3888.05,4337.4,3486.05
2020-10-22,3461.15,1854.4,1610.65,1994.4,2306.9,3971.35,4832.1,4522.95,3922.85,4571.2,4026.4,4475.75,3624.4
2020-10-23,3585.3,1978.55,1639.85,2023.6,2300.6,3965.05,4750.3,4532.2,3932.1,4580.45,4035.65,4354.5,3503.15
2020-10-26,3570.65,2122.95,1784.25,2168.0,2445.0,4109.45,4894.7,4676.6,4076.5,4724.85,4180.05,4498.9,3647.55
2020-10-27,3539.25,2046.2,1707.5,2156.3,2593.9,4258.35,5043.6,4825.5,4050.95,4699.3,4154.5,4473.35,3622.0
2020-10-28,3121.8,1639.5,1300.8,1749.6,2276.1,3940.55,4725.8,4507.7,3721.25,4369.6,3824.8,4143.65,3292.3
2020-10-29,3377.1,1845.3,1506.6,2205.4,2578.95,4243.4,5070.65,4981.55,4195.1,4843.45,4298.65,4160.05,3308.7
2020-10-30,3247.35,1767.55,1428.85,2077.2,2450.75,4115.2,4971.95,4934.85,4148.4,4796.75,4290.45,4082.85,3371.55
2020-11-02,3327.95,1848.15,1644.5,2292.85,2666.4,4292.9,5208.7,5023.65,4264.2,4912.55,4485.3,4277.7,3604.85
2020-11-03,3385.05,1836.25,1682.65,2568.05,2878.1,4504.6,5420.4,5235.35,4475.9,5124.25,4697.0,4489.4,3816.55
2020-11-04,3730.75,2193.55,2182.95,3153.35,3676.85,5518.45,6434.25,6249.2,5489.75,6138.1,5710.85,5262.3,4589.45
2020-11-05,3554.45,2017.25,2006.65,2977.05,3500.55,5381.15,6296.95,6148.4,5388.95,5852.85,5425.6,4977.05,4304.2
2020-11-06,3639.6,2157.9,2147.3,3133.8,3745.85,5465.95,6408.25,6035.2,5275.75,5739.65,5312.4,4863.85,4191.0
2020-11-09,3114.3,1675.6,1665.0,2672.5,3187.6,4907.7,5850.0,5476.95,4717.5,5181.4,4754.15,4391.1,3718.25
2020-11-10,2970.05,1340.35,1665.35,2672.85,3187.95,4908.05,5850.35,5477.3,4429.35,4893.25,4466.0,4102.95,3430.1
2020-11-11,3015.7,1478.05,2030.15,3113.65,3650.25,5187.85,6207.2,5843.7,4795.75,5259.65,4832.4,4469.35,3796.5
2020-11-12,2975.95,1567.3,2119.4,3202.9,3739.5,5277.1,6296.45,5730.5,4724.05,5187.95,4889.7,4526.65,3853.8
2020-11-13,3151.6,1794.45,2370.55,3448.65,3985.25,5434.35,6453.7,5887.75,4897.3,5440.25,5142.0,4778.95,3949.2
2020-11-16,2930.25,1573.1,2194.2,3272.3,3808.9,5258.0,6277.35,5711.4,4720.95,5263.9,4965.65,4602.6,3772.85
2020-11-17,2801.55,1444.4,2065.5,3143.6,3688.7,5137.8,6157.15,5598.2,4617.75,5160.7,4884.45,4521.4,3691.65
2020-11-18,2661.7,1303.05,1924.15,2890.25,3435.35,4884.45,5903.8,5344.85,4332.95,4875.9,4599.65,4236.6,3406.85
2020-11-19,2726.35,1369.2,2060.85,3026.95,3593.1,5044.75,6064.1,5505.15,4493.25,5036.2,4654.9,4291.85,3462.1
2020-11-20,2742.05,1378.95,2112.6,3085.75,3582.95,5034.6,6083.95,5446.1,4434.2,4977.15,4595.85,4232.8,3403.05
2020-11-23,2640.35,1258.75,1992.4,2965.55,3462.75,4914.4,5963.75,5325.9,4314.0,4856.95,4475.65,4112.6,3282.85
2020-11-24,2715.0,1333.4,2076.1,3049.25,3603.45,5055.1,6104.45,5471.1,4486.3,5063.75,4682.45,4340.4,3510.65
2020-11-25,2773.7,1424.1,2176.35,3094.0,3600.2,5083.85,6133.2,5521.9,4537.1,5114.55,4733.25,4391.2,3561.45
2020-11-26,2713.5,1318.9,2071.15,2988.8,3495.0,4978.65,6028.0,5416.7,4431.9,5009.35,4628.05,4286.0,3456.25
2020-11-27,2707.75,1278.65,2030.9,2948.55,3490.25,4977.4,6060.3,5449.0,4464.2,5130.7,4749.4,4407.35,3577.6
2020-11-30,2786.45,1335.35,2156.6,3047.8,3589.5,5195.2,6278.1,5727.3,4750.5,5417.0,5035.7,4693.65,3710.95
2020-12-01,2901.6,1422.0,2140.75,3115.95,3675.75,5312.5,6511.0,5835.7,4858.9,5525.4,5144.1,4838.55,3855.85
2020-12-02,2875.1,1408.7,2162.0,3177.2,3740.0,5354.2,6520.3,5845.0,4868.2,5534.7,5153.4,4847.85,3865.15
2020-12-03,2794.8,1328.4,2081.7,3105.9,3668.7,5282.9,6449.0,5773.7,4796.9,5463.4,4973.1,4667.55,3684.85
2020-12-04,2780.85,1330.55,2061.35,3073.2,3636.0,5250.2,6416.3,5676.5,4699.7,5366.2,4875.9,4570.35,3587.65
2020-12-07,2737.65,1303.85,2150.65,3125.5,3688.3,5302.5,6468.6,5728.8,4752.0,5428.5,5011.75,4706.2,3708.5
2020-12-08,2654.0,1220.2,2067.0,3041.85,3604.65,5218.85,6384.95,5645.15,4668.35,5344.85,4928.1,4622.55,3624.85
2020-12-09,2631.4,1162.6,2009.4,2984.25,3547.05,5161.25,6327.35,5587.55,4610.75,5287.25,4870.5,4564.95,3567.25
2020-12-10,2705.1,1182.8,2102.6,3154.45,3717.25,5375.5,6362.65,5622.85,4646.05,5322.55,4905.8,4600.25,3602.55
2020-12-11,2466.8,944.5,2063.85,3115.7,3511.5,5169.75,6156.9,5417.1,4440.3,5116.8,4700.05,4394.5,3396.8
2020-12-14,2437.0,914.7,2034.05,3123.9,3519.7,5177.95,6165.1,5425.3,4448.5,5125.0,4708.25,4429.75,3432.05
2020-12-15,2485.35,963.05,2088.4,3224.75,3620.55,5278.8,6265.95,5542.15,4579.35,5294.35,4877.6,4551.15,3553.45
2020-12-16,2547.85,1081.2,2206.55,3331.9,3754.7,5412.95,6400.1,5676.3,4713.5,5434.0,5017.25,4680.9,3683.2
2020-12-17,2589.1,1119.95,2245.3,3370.65,3793.45,5451.7,6442.4,5718.6,4755.8,5476.3,5059.55,4723.2,3737.5
2020-12-18,2611.75,1152.1,2277.45,3440.3,3930.65,5588.9,6579.6,5855.8,4807.0,5527.5,5110.75,4792.45,3806.75
2020-12-21,2477.0,1091.85,2230.2,3326.55,3901.9,5560.15,6550.85,5876.05,4827.25,5591.25,5209.5,4891.2,3906.55
2020-12-22,2517.65,1160.5,2298.85,3319.8,3925.65,5583.9,6574.6,5928.3,4879.5,5643.5,5273.25,5002.95,4018.3
2020-12-23,2470.35,1058.7,2201.05,3277.55,3883.4,5541.65,6549.85,5910.55,4887.3,5509.35,5139.1,4868.8,3884.15
2020-12-24,2477.05,1105.1,2247.45,3323.95,3929.8,5588.05,6596.25,5956.95,4933.7,5555.75,5185.5,4915.2,3944.05
2020-12-28,2611.2,1266.3,2422.65,3499.15,4049.0,5699.3,6707.5,6068.2,5044.95,5697.0,5326.75,5056.45,4099.3
2020-12-29,2439.85,1094.95,2251.3,3328.8,3886.15,5545.45,6553.65,5926.35,4903.1,5555.15,5157.05,4886.75,3929.6
2020-12-30,2400.15,1055.25,2227.6,3311.1,3828.5,5529.8,6538.0,5910.7,4887.45,5539.5,5141.4,4871.1,3913.95
2020-12-31,2324.3,968.4,2140.75,3224.25,3741.65,5497.45,6505.65,5878.35,4855.1,5507.15,5109.05,4838.75,3881.6
2021-01-04,2457.6,1152.7,2325.05,3455.1,3911.0,5666.8,6727.0,6099.7,5076.45,5728.5,5330.4,5060.1,4102.95
2021-01-05,2571.3,1266.4,2455.75,3585.8,4107.2,5793.5,6853.7,6226.4,5203.15,5855.2,5457.1,5090.85,4199.2
2021-01-06,2606.45,1217.6,2474.95,3605.0,4040.5,5857.8,6918.0,6290.7,5267.45,5987.5,5589.4,5223.15,4407.0
2021-01-07,2763.1,1510.75,2783.1,3697.7,4353.7,6149.0,7209.2,6590.4,5584.3,6304.35,5906.25,5540.0,4723.85
2021-01-08,2850.75,1630.95,2995.85,3934.95,4636.95,6556.85,7617.05,7006.75,6034.15,6774.7,6185.1,5818.85,5042.2
2021-01-11,2625.15,1405.35,2770.25,3709.35,4411.35,6331.25,7391.45,6781.15,5808.55,6549.1,5959.5,5593.25,4816.6
2021-01-12,2331.3,1160.55,2525.45,3476.55,4199.55,6119.45,7079.7,6469.4,5496.8,6237.35,5647.75,5281.5,4504.85
2021-01-13,2451.4,1286.65,2653.65,3569.25,4292.25,6295.65,7255.9,6645.6,5673.0,6358.0,5837.45,5468.75,4733.15
2021-01-14,2405.05,1189.8,2551.85,3505.45,4239.95,6264.85,7160.6,6550.3,5498.3,6183.3,5662.75,5294.05,4558.45
2021-01-15,2246.7,932.45,2360.05,3313.65,4117.7,6142.6,6956.4,6346.1,5294.1,5979.1,5458.55,5089.85,4354.25
2021-01-18,2295.4,910.65,2337.75,3285.45,4089.5,6114.4,6928.2,6384.5,5332.5,5932.55,5412.0,5043.3,4307.7
2021-01-19,2409.0,981.75,2436.85,3360.05,4251.1,6328.6,7142.4,6598.7,5548.7,6130.25,5635.7,5267.0,4531.4
2021-01-20,2468.85,1100.6,2555.7,3460.45,4366.0,6443.5,7257.3,6695.15,5645.15,6226.7,5764.65,5395.95,4660.35
2021-01-21,2483.9,1174.3,2655.4,3582.2,4487.75,6565.25,7379.05,6816.9,5777.9,6380.95,5918.9,5550.2,4834.1
2021-01-22,2312.95,959.4,2440.5,3367.3,4272.85,6420.85,7234.65,6672.5,5633.5,6236.55,5774.5,5405.8,4689.7
2021-01-25,2643.1,1270.05,2758.15,3684.95,4533.15,6762.6,7571.0,7008.85,5969.85,6572.9,6110.85,5605.1,4889.0
2021-01-26,2811.3,1471.25,2897.85,3824.65,4665.4,6894.85,7703.25,7172.6,6133.6,6800.2,6338.15,5832.4,5180.8
2021-01-27,2498.55,1158.5,2585.1,3511.9,4352.65,6582.1,7390.5,6859.85,5820.85,6487.45,6025.4,5519.65,4868.05
2021-01-28,2643.7,1323.7,2750.3,3677.1,4522.9,6752.35,7445.85,6915.2,5876.2,6542.8,6080.75,5645.5,4993.9
2021-01-29,1967.7,435.2,1732.8,2659.6,3540.4,6083.95,6777.45,6246.8,5507.35,5770.45,5308.4,4873.15,4221.55
2021-02-01,2221.3,779.35,2018.5,3010.4,3956.2,6499.75,7228.75,6575.1,5835.65,6173.3,5776.25,5341.0,4689.4
2021-02-02,2132.95,660.05,1961.35,2953.25,3899.05,6509.1,7238.1,6584.45,5845.0,6182.65,5785.6,5376.85,4725.25
2021-02-03,2021.65,557.8,1859.65,2851.55,3797.35,6470.9,7199.9,6546.25,5806.8,6144.45,5679.5,5270.75,4619.15
2021-02-04,2007.4,590.05,1855.95,2917.35,3919.65,6593.2,7322.2,6668.55,5929.1,6269.7,5804.75,5396.0,4753.4
2021-02-05,2135.6,783.3,2049.2,3110.6,4051.95,6725.5,7496.0,6842.35,6102.9,6392.05,5927.1,5518.35,4875.75
2021-02-08,2089.35,705.05,1966.45,3027.85,3969.2,6642.75,7413.25,6759.6,6020.15,6309.3,5844.35,5435.6,4793.0
2021-02-09,2085.55,721.75,1983.15,3054.1,3995.45,6690.0,7460.5,6742.9,6003.45,6292.6,5827.65,5418.9,4776.3
2021-02-10,2244.8,878.0,2139.4,3210.35,4118.25,6847.8,7618.3,6900.7,6161.25,6392.9,5927.95,5519.2,4885.1
2021-02-11,2229.5,856.75,2118.15,3189.1,4097.0,6834.1,7604.6,6887.0,6147.55,6353.75,5888.8,5480.05,4845.95
2021-02-12,2183.65,810.9,2072.3,3079.85,4096.25,6833.35,7603.85,6886.25,6146.8,6353.0,5888.05,5499.3,4865.2
2021-02-15,2227.9,868.65,2122.1,3141.15,4157.55,6858.7,7629.2,6915.6,6209.25,6416.95,5888.05,5499.3,4865.2
2021-02-16,2148.1,725.9,2005.8,3023.85,4003.8,6789.9,7493.95,6780.35,6083.5,6225.75,5779.3,5390.55,4756.45
2021-02-17,2013.3,532.65,1812.55,2830.6,3810.55,6627.65,7331.7,6647.65,5989.8,6002.1,5555.65,5166.9,4532.8
2021-02-18,2030.95,550.3,1744.75,2820.3,3731.75,6548.85,7272.4,6560.35,5902.5,5914.8,5468.35,5079.6,4445.5
2021-02-19,2015.1,479.45,1722.9,2798.45,3727.9,6603.55,7352.1,6649.05,6038.7,5957.55,5437.6,5048.85,4414.75
2021-02-22,1856.9,321.25,1575.2,2475.75,3405.2,6280.85,7029.4,6326.35,5716.0,5634.85,5114.9,4726.15,4092.05
2021-02-23,2167.7,632.05,1767.5,2668.05,3597.5,6473.15,7221.7,6518.65,5930.3,5849.15,5350.2,4961.45,4345.35
2021-02-24,2156.9,696.25,1904.2,2875.75,3909.7,6547.35,7295.9,6796.45,6208.1,6173.45,5326.55,4937.8,4321.7
2021-02-25,1850.55,12.9,1220.85,2258.45,3292.4,5930.05,6678.6,6097.65,5509.3,5474.65,4627.75,4239.0,3622.9
2021-02-26,1934.55,129.45,1048.0,2389.1,3423.05,6060.7,6809.25,6442.35,5854.0,5575.4,4728.5,4339.75,3723.65
2021-03-01,2109.25,304.15,1305.7,2646.8,3725.35,6363.0,7150.55,6887.7,6064.3,5785.7,5024.8,4636.05,4019.95
2021-03-02,2254.6,276.0,1177.55,2518.65,3713.75,6351.4,7138.95,6876.1,6052.7,5627.6,4866.7,4477.95,3861.85
2021-03-03,2100.3,195.75,995.8,2336.9,3536.5,6192.15,6991.2,6735.85,5936.45,5511.35,4845.95,4457.2,3841.1
2021-03-04,1679.0,-205.55,615.0,1998.6,3198.2,5701.4,6500.45,6245.1,5445.7,5020.6,4355.2,3966.45,3350.35
2021-03-05,1598.15,-291.8,551.75,1952.35,3507.55,6010.75,6809.8,6554.45,5293.55,4868.45,4203.05,3814.3,3198.2
2021-03-08,1268.5,-621.45,222.1,1622.7,3177.9,5750.6,6549.65,6294.3,5087.9,4662.8,4095.4,3706.65,3090.55
2021-03-09,1663.15,-110.75,732.8,2336.95,3760.15,6352.35,7045.95,6790.6,5584.2,5207.1,4639.7,4308.45,3692.35
2021-03-10,1713.9,-60.0,783.55,2387.7,3810.9,6302.1,6995.7,6911.35,5704.95,5327.85,4760.45,4429.2,3813.1
2021-03-11,1477.45,-160.45,763.65,2367.8,3791.0,6344.75,7019.4,6935.05,5728.65,5351.55,4847.65,4516.4,3900.3
2021-03-12,1742.7,104.8,1042.95,2683.15,4079.85,6633.6,7308.25,7223.9,5804.0,5426.9,4923.0,4591.75,3975.65
2021-03-15,1710.05,72.15,1010.3,2650.5,3963.25,6517.0,7191.65,7107.3,5687.4,5310.3,4806.4,4475.15,3859.05
2021-03-16,1964.25,334.9,1287.05,2935.25,4263.1,6748.4,7553.05,7500.7,6080.8,5642.1,5183.75,4941.55,4325.45
2021-03-17,2084.1,389.25,1341.4,3299.1,4626.95,7112.25,7916.9,7864.55,6444.65,6005.95,5547.6,5305.4,4689.3
2021-03-18,2003.4,351.05,1206.2,3163.9,4517.75,7003.05,7651.2,7598.85,6178.95,5740.25,5281.9,5039.7,4423.6
2021-03-19,2004.55,430.7,1194.95,3090.15,4493.5,6726.35,7374.5,7322.15,5902.25,5463.55,5005.2,4763.0,4146.9
2021-03-22,2138.65,564.8,1471.05,3374.3,4849.3,7125.25,7773.4,7818.05,6398.15,6111.45,5653.1,5410.9,4146.9
2021-03-23,1983.3,417.5,1323.75,3238.5,4769.0,7097.45,7745.6,7610.8,6190.9,5904.2,5445.85,5203.65,4146.9
2021-03-24,1775.4,161.75,1068.0,2982.75,4575.25,6903.7,7360.95,7226.15,5806.25,5519.55,5061.2,4819.0,4146.9
2021-03-25,2204.05,566.45,1483.2,3194.95,4555.55,6912.5,7136.3,7001.5,5581.6,5294.9,4836.55,4594.35,3934.35
2021-03-26,2256.4,664.3,1581.05,3108.8,4682.95,7258.8,7929.15,7818.85,6359.5,6118.3,5671.45,5165.8,4505.8
2021-03-29,2270.15,678.05,1594.8,3122.55,4696.7,7287.15,7957.5,7847.2,6387.85,6146.65,5699.8,5194.15,4534.15
2021-03-30,2151.9,557.8,1474.55,3002.3,4576.45,7166.9,7837.25,7726.95,6267.6,6026.4,5579.55,5073.9,4413.9
2021-03-31,2294.1,726.05,1529.8,3057.55,4673.7,7264.15,7934.5,7824.2,6364.85,6150.65,5703.8,5198.15,4538.15
2021-04-01,2198.35,661.3,1465.05,3031.3,4647.45,7237.9,7908.25,7837.95,6378.6,6164.4,5717.55,5271.4,4611.4
2021-04-02,2213.25,676.2,1479.95,3046.2,4662.35,7252.8,7923.15,7876.4,6417.05,6217.85,5771.0,5324.85,4611.4
2021-04-05,2177.9,640.85,1444.6,2975.45,4591.6,7320.1,7990.45,7943.7,6484.35,6285.15,5838.3,5392.15,4661.65
2021-04-06,2169.0,670.95,1306.3,2910.2,4626.4,7406.9,8077.25,8030.5,6609.15,6409.95,5815.6,5369.45,4638.95
2021-04-07,2228.2,730.15,1362.05,2965.95,4689.75,7470.25,8124.1,8077.35,6656.0,6456.8,5862.45,5416.3,4685.8
2021-04-08,2341.45,843.4,1475.3,3108.2,4836.5,7687.05,8321.45,8274.7,6738.85,6539.65,5945.3,5499.15,4768.65
2021-04-09,2453.25,885.7,1535.65,3231.55,4959.85,7772.4,8406.8,8360.05,6824.2,6625.0,6030.65,5584.5,4854.0
2021-04-12,2487.35,976.5,1569.05,3264.95,4993.25,7805.8,8440.2,8393.45,6857.6,6658.4,6064.05,5617.9,4887.4
2021-04-13,2749.0,1289.15,1881.7,3577.6,5350.4,8200.0,8670.45,8623.7,7087.85,6973.65,6379.3,5933.15,5202.65
2021-04-14,2687.3,1251.45,1817.5,3533.9,5306.7,8041.8,8512.25,8465.5,6929.65,6815.45,6221.1,5774.95,5044.45
2021-04-15,2690.3,1272.0,1949.55,3634.0,5504.85,8231.5,8725.45,8678.7,7185.85,7083.65,6449.3,6034.65,5304.15
2021-04-16,2692.5,1319.75,1997.3,3652.35,5523.2,8255.85,8762.3,8715.55,7258.7,7156.5,6522.15,6107.5,5377.0
2021-04-19,2626.65,1187.95,1852.0,3507.05,5377.9,8119.05,8649.5,8602.75,7145.9,6949.75,6315.4,5900.75,5170.25
2021-04-20,2502.9,932.7,1657.75,3312.8,5183.65,7924.8,8455.25,8270.5,6813.65,6617.5,5983.15,5568.5,4838.0
2021-04-21,2569.6,1062.4,1787.45,3416.05,5286.9,8028.05,8558.5,8348.25,6891.4,6699.25,6148.95,5734.3,5003.8
2021-04-22,2420.8,913.6,1651.65,3279.25,5150.1,7904.25,8408.25,8198.0,6757.65,6565.5,6015.2,5600.55,4870.05
2021-04-23,2347.0,859.4,1597.45,3231.55,5014.9,7769.05,8273.05,8062.8,6622.45,6430.3,5880.0,5465.35,4734.85
2021-04-26,2433.55,916.05,1708.6,3386.7,5133.55,7864.85,8404.85,8194.6,6754.25,6549.6,5999.3,5584.65,4854.15
2021-04-27,2360.8,843.3,1635.85,3313.95,5060.8,7792.1,8335.7,8125.45,6685.1,6480.45,5930.15,5515.5,4785.0
2021-04-28,2178.4,681.9,1474.45,3152.55,4899.4,7630.7,8174.3,7964.05,6527.7,6286.6,5736.3,5321.65,4591.15
2021-04-29,2250.6,747.1,1592.7,3280.8,5056.15,7846.95,8390.55,8152.3,6715.95,6453.9,5903.6,5488.95,4758.45
2021-04-30,2163.7,660.2,1505.8,3294.9,5070.25,7861.05,8324.35,8086.1,6649.75,6387.7,5837.4,5422.75,4692.25
2021-05-03,2107.9,559.4,1296.55,3085.65,4861.0,7710.3,8173.6,7935.35,6499.0,6236.95,5686.65,5272.0,4541.5
2021-05-04,2265.2,716.7,1471.9,3261.0,5044.85,7899.15,8293.95,8014.2,6577.85,6315.8,5765.5,5350.85,4620.35
2021-05-05,1993.35,453.35,1273.1,3100.75,4875.15,7729.45,8081.8,7802.05,6365.7,6103.65,5553.35,5138.7,4408.2
2021-05-06,2099.55,705.05,1524.8,3358.95,5156.85,8081.15,8433.5,8184.75,6770.9,6441.4,5891.1,5367.95,4637.45
2021-05-07,1901.75,507.25,1327.0,3161.15,4959.05,7883.35,8235.7,7986.95,6573.1,6243.6,5693.3,5170.15,4439.65
2021-05-10,1685.45,290.95,1119.7,2953.85,4756.75,7715.6,8033.5,7784.75,6370.9,6041.4,5491.1,4967.95,4237.45
2021-05-11,1718.0,469.05,1276.4,3110.55,4956.95,7915.8,8233.7,7813.95,6400.1,6070.6,5520.3,4997.15,4266.65
2021-05-12,1336.15,13.2,869.55,2721.7,4451.2,7410.05,7727.95,7308.2,5894.35,5564.85,5014.55,4491.4,3760.9
2021-05-13,1340.85,158.9,1049.75,2911.9,4715.45,7429.35,7747.25,7327.5,5955.15,5625.65,5111.35,4588.2,3924.2
2021-05-14,1247.55,75.6,973.45,2924.1,4727.65,7515.55,7833.45,7592.35,6220.0,5933.5,5419.2,4896.05,4307.55
2021-05-17,958.15,-119.75,778.1,2728.75,4532.3,7360.8,7678.7,7437.6,6065.25,5778.75,5264.45,4741.3,4152.8
2021-05-18,697.35,-349.55,548.3,2534.45,4305.05,7133.55,7451.45,7245.85,5873.5,5587.0,5110.2,4587.05,3998.55
2021-05-19,563.55,-483.35,414.5,2467.65,4238.25,7081.25,7450.65,7278.05,5905.7,5770.75,5293.95,4770.8,4158.3
2021-05-20,531.95,-574.45,323.4,2376.55,4147.15,6990.15,7359.55,7186.95,5814.6,5679.65,5202.85,4679.7,4067.2
2021-05-21,527.25,-652.65,255.2,2379.4,4157.0,6909.0,7278.4,7105.8,5743.45,5679.55,5202.75,4679.6,4067.1
2021-05-24,797.4,-352.0,590.45,2714.65,4511.75,7234.8,7652.7,7480.1,6135.75,6108.35,5585.15,5062.0,4449.5
2021-05-25,660.45,-509.45,450.55,2582.35,4379.45,7144.5,7562.4,7389.8,6078.45,6051.05,5527.85,4858.8,4246.3
2021-05-26,524.3,-645.6,314.4,2446.2,4243.3,7008.35,7426.25,7253.65,5942.3,5914.9,5391.7,4722.65,4110.15
2021-05-27,455.95,-742.95,217.05,2348.85,4181.95,6947.0,7364.9,7238.25,5926.9,5925.5,5402.3,4682.35,4069.85
2021-05-28,449.8,-695.6,264.4,2413.7,4246.8,7026.85,7316.8,7190.15,5878.8,5877.4,5354.2,4634.25,4021.75
2021-05-31,330.45,-814.95,145.05,2294.35,4127.45,6907.5,7197.45,7070.8,5759.45,5758.05,5234.85,4514.9,3902.4
2021-06-01,387.65,-760.2,211.8,2368.6,4268.8,6980.8,7270.75,7148.6,5843.25,5865.35,5342.15,4585.65,3985.15
2021-06-02,390.5,-755.85,207.65,2364.45,4291.15,7003.15,7293.1,7170.95,5872.6,5939.25,5416.05,4699.05,4098.55
2021-06-03,183.65,-962.7,1.85,2158.65,4085.35,6797.35,7093.8,6971.65,5621.35,5688.0,5164.8,4447.8,3847.3
2021-06-04,85.75,-1020.0,-27.95,2128.85,4026.05,6880.1,7176.55,7054.4,5704.1,5770.75,5247.55,4530.55,3953.55
2021-06-07,-26.15,-1131.9,-139.85,2062.45,3959.65,6828.7,7125.15,7003.0,5709.25,5775.9,5238.3,4521.3,3944.3
2021-06-08,84.5,-1191.2,-179.15,2043.15,3940.35,6661.0,6971.4,6849.25,5555.5,5622.15,5099.55,4382.55,3805.55
2021-06-09,7.25,-1248.45,-297.4,1960.4,3857.6,6578.25,6888.65,6766.5,5472.75,5539.4,5020.8,4311.8,3777.35
2021-06-10,-63.6,-1319.3,-377.7,1894.15,3791.35,6512.0,6787.45,6665.3,5371.55,5438.2,4919.6,4210.6,3676.15
2021-06-11,29.05,-1278.6,-287.5,1987.4,3888.1,6585.3,6860.75,6734.1,5440.35,5507.0,4988.4,4185.9,3651.45
2021-06-14,36.7,-1321.9,-330.8,1950.1,3850.8,6571.0,6893.0,6766.35,5472.6,5539.25,5134.15,4269.65,3735.2
2021-06-15,-82.75,-1427.35,-436.25,1824.7,3725.4,6445.6,6767.6,6640.95,5359.2,5425.85,5020.75,4164.75,3630.3
2021-06-16,-4.5,-1424.1,-433.0,1886.95,3787.65,6507.85,6829.85,6703.2,5421.45,5488.1,5083.0,4227.0,3692.55
2021-06-17,-79.7,-1499.3,-317.7,2002.25,3902.95,6623.15,6945.15,6818.5,5536.75,5603.4,5198.3,4342.3,3807.85
2021-06-18,-344.5,-1764.1,-549.95,1770.0,3635.25,6355.45,6677.45,6550.8,5269.05,5335.7,4930.6,4074.6,3540.15
2021-06-21,-218.4,-1556.45,-450.75,1941.25,3850.5,6570.7,6892.7,6766.05,5368.35,5435.0,5029.9,4194.35,3659.9
2021-06-22,-142.75,-1448.8,-268.05,2123.95,4107.75,6891.95,7213.95,7106.8,5709.1,5775.75,5291.2,4455.65,3997.7
2021-06-23,-240.2,-1543.25,-352.5,2039.5,3923.8,6702.05,7035.05,6927.9,5530.2,5596.85,5128.35,4292.8,3834.85
2021-06-24,-193.55,-1517.1,-326.35,2131.2,4015.5,6859.75,7192.75,7085.6,5712.95,5641.6,5180.1,4344.55,3886.6
2021-06-25,-158.4,-1538.95,-400.7,2044.9,3929.2,6745.5,7078.5,6971.35,5598.7,5527.35,5065.85,4230.3,3772.35
2021-06-28,-129.1,-1492.65,-354.4,2214.2,4102.0,6776.85,7114.85,7009.2,5663.05,5591.7,5130.2,4414.15,3964.2
2021-06-29,-46.0,-1412.5,-255.7,2292.9,4180.7,6876.15,7214.15,7153.5,5807.35,5736.0,5274.5,4558.45,4116.5
2021-06-30,-11.3,-1409.3,-250.0,2266.65,4154.45,6849.9,7187.9,7127.25,5743.1,5671.75,5210.25,4494.2,4052.25
2021-07-01,6.3,-1428.65,-225.3,2268.35,4156.15,6851.6,7096.1,7035.45,5651.3,5579.95,5118.45,4402.4,3960.45
2021-07-02,60.5,-1265.95,14.4,2508.05,4387.85,7075.8,7361.3,7292.2,5908.05,5854.7,5385.2,4675.65,4280.7
2021-07-05,48.8,-1275.05,-11.65,2482.0,4361.8,7049.75,7335.25,7266.15,5882.0,5828.65,5359.15,4649.6,4254.65
2021-07-06,156.0,-1128.35,136.05,2629.7,4492.55,7123.5,7436.5,7175.4,5791.25,5737.9,5268.4,4558.85,4163.9
2021-07-07,225.25,-1052.05,224.35,2723.0,4635.85,7266.8,7579.8,7342.75,5977.1,5923.75,5454.25,4712.2,4317.25
2021-07-08,69.45,-1154.35,89.6,2588.25,4501.1,7132.05,7445.05,7208.0,5842.35,5789.0,5319.5,4577.45,4182.5
2021-07-09,91.0,-1107.25,289.75,2760.95,4616.3,7247.25,7560.25,7323.2,6058.6,6005.25,5535.75,4819.7,4486.8
2021-07-12,175.25,-1023.0,372.55,2843.75,4721.1,7352.05,7662.15,7425.1,6160.5,6107.15,5637.65,4921.6,4588.7
2021-07-13,188.45,-1128.15,236.9,2708.1,4585.45,7216.4,7526.5,7289.45,6024.85,5971.5,5502.0,4785.95,4453.05
2021-07-14,12.55,-1304.05,68.0,2607.2,4484.55,7115.5,7431.1,7335.1,6070.5,6017.15,5430.65,4766.65,4433.75
2021-07-15,70.3,-1287.8,85.75,2508.95,4386.3,7017.25,7332.85,7236.85,5972.25,5918.9,5332.4,4668.4,4335.5
2021-07-16,75.55,-1320.55,13.05,2436.25,4337.1,6968.05,7283.65,7187.65,5957.6,5904.25,5334.25,4670.25,4337.35
2021-07-19,-64.75,-1415.3,-81.7,2341.5,4242.35,6873.3,7188.9,7092.9,5862.85,5809.5,5239.5,4575.5,4242.6
2021-07-20,-75.95,-1323.0,21.1,2388.3,4353.15,7019.6,7428.75,7227.25,5997.2,5943.85,5373.85,4709.85,4376.95
2021-07-21,54.25,-1124.3,190.8,2574.0,4538.85,7252.8,7677.95,7496.95,6279.9,6138.1,5445.1,4849.6,4516.7
2021-07-22,82.4,-1096.15,218.95,2655.15,4633.15,7347.1,7772.25,7591.25,6397.2,6255.4,5575.9,4989.9,4726.0
2021-07-23,183.85,-994.7,377.1,2809.75,4772.2,7486.15,7952.4,7771.4,6595.35,6453.55,5774.05,5188.05,4880.15
2021-07-26,55.6,-1098.45,273.35,2706.0,4668.45,7313.4,7779.65,7598.65,6422.6,6280.8,5601.3,5015.3,4707.4
2021-07-27,-184.15,-1338.2,33.6,2466.25,4428.7,7073.65,7539.9,7358.9,6182.85,6041.05,5361.55,4775.55,4467.65
2021-07-28,-322.4,-1476.45,-93.65,2416.0,4399.45,7044.4,7510.65,7329.65,6074.1,5932.3,5252.8,4699.3,4391.4
2021-07-29,-311.1,-1465.15,-82.35,2427.3,4410.75,7075.7,7554.95,7219.0,5963.45,5821.65,5142.15,4588.65,4280.75
2021-07-30,-87.8,-1241.85,140.95,2636.1,4619.55,7193.0,7672.25,7336.3,6086.3,5944.5,5265.0,4697.0,4389.1
2021-08-02,-176.65,-1334.65,87.7,2544.4,4527.85,7133.3,7612.55,7276.6,6026.6,5863.25,5191.25,4655.3,4347.4
2021-08-03,10.4,-1145.1,185.3,2661.0,4680.05,7288.0,7751.8,7415.85,6165.85,6002.5,5330.5,4794.55,4486.65
2021-08-04,-4.0,-1156.95,130.55,2629.75,4648.8,7256.75,7720.55,7384.6,6134.6,5982.75,5310.75,4732.35,4424.45
2021-08-05,8.7,-1152.75,134.75,2633.95,4631.05,7239.0,7729.3,7393.35,6143.35,5991.5,5319.5,4822.2,4514.3
2021-08-06,-102.7,-1277.15,10.35,2509.55,4493.7,7101.65,7591.95,7256.0,6006.0,5854.15,5182.15,4684.85,4376.95
2021-08-09,1.55,-1171.4,132.1,2633.8,4633.55,7241.5,7643.8,7307.85,6057.85,5906.0,5234.0,4736.7,4428.8
2021-08-10,49.8,-1123.15,93.35,2598.05,4602.8,7216.75,7619.05,7283.1,6060.1,5908.25,5236.25,4738.95,4431.05
2021-08-11,167.0,-1001.45,165.1,2669.8,4674.55,7288.5,7690.8,7354.85,6131.85,5980.0,5308.0,4810.7,4502.8
2021-08-12,186.1,-982.35,233.8,2790.05,4777.3,7368.8,7771.1,7435.15,6212.15,6060.3,5388.3,4891.0,4583.1
2021-08-13,184.25,-985.7,231.45,2820.7,4826.45,7417.95,7820.25,7514.9,6291.9,6141.05,5469.05,4981.75,4673.85
2021-08-16,172.5,-960.45,256.7,2878.95,4953.2,7544.7,7947.0,7673.65,6505.65,6354.8,5716.3,5229.0,4918.1
2021-08-17,-65.8,-1112.2,47.95,2670.2,4744.45,7335.95,7738.25,7464.9,6296.9,6146.05,5507.55,5020.25,4709.35
2021-08-18,-53.7,-1042.1,118.05,2740.3,4814.55,7374.1,7776.4,7334.55,6200.55,6049.7,5411.2,4923.9,4613.0
2021-08-19,-97.85,-1086.25,73.9,2826.65,4900.9,7460.45,7862.75,7420.9,6286.9,6136.05,5497.55,5069.25,4758.35
2021-08-20,-19.6,-1008.0,73.15,2825.9,4900.15,7522.2,7924.5,7482.65,6348.65,6197.8,5559.3,5131.0,4820.1
2021-08-23,100.2,-921.7,159.45,2912.2,4986.45,7608.5,8010.8,7568.95,6434.95,6284.1,5645.6,5217.3,4906.4
2021-08-24,193.5,-828.4,252.75,3005.5,5079.75,7701.8,8104.1,7662.25,6528.25,6377.4,5738.9,5310.6,4999.7
2021-08-25,182.25,-796.1,285.05,3037.8,5112.05,7675.1,8077.4,7635.55,6501.55,6358.2,5719.7,5291.4,4980.5
2021-08-26,65.45,-912.9,159.3,2916.55,4961.8,7524.85,7927.15,7485.3,6351.3,6207.95,5569.45,5141.15,4830.25
2021-08-27,12.5,-979.85,122.45,2879.7,4924.95,7488.0,7890.3,7448.45,6314.45,6171.1,5558.65,5158.4,5079.15
2021-08-30,109.75,-735.1,398.25,2978.55,5171.3,7734.35,8136.65,7694.8,6527.3,6383.95,5771.5,5371.25,5292.0
2021-08-31,55.05,-789.8,343.55,2934.35,5127.1,7690.15,8095.95,7717.1,6549.6,6406.25,5793.8,5393.55,5314.3
2021-09-01,96.3,-724.05,409.3,2996.15,5188.9,7751.95,8157.75,7778.9,6613.9,6485.55,5768.65,5368.4,5289.15
2021-09-02,125.55,-693.8,439.55,3037.9,5264.65,7827.7,8243.0,7843.25,6684.25,6570.9,5854.0,5475.25,5396.0
2021-09-03,196.75,-636.45,496.9,3095.25,5322.0,7885.05,8306.85,7907.1,6753.6,6640.25,5923.35,5566.05,5486.8
2021-09-06,207.9,-606.65,524.25,3128.1,5338.4,7910.95,8332.75,7949.5,6796.0,6682.65,5965.75,5630.45,5551.2
2021-09-07,233.1,-603.45,561.45,3081.85,5299.7,7872.25,8294.05,7910.8,6757.3,6643.95,5927.05,5591.75,5512.5
2021-09-08,279.85,-576.2,588.7,3129.15,5347.0,7873.1,8294.9,7911.65,6758.15,6644.8,5927.9,5592.6,5513.35
2021-09-09,276.5,-531.45,633.45,3173.9,5391.75,7917.85,8238.65,7855.4,6701.9,6588.55,5923.2,5644.4,5565.15
2021-09-10,395.75,-425.65,746.75,3310.7,5526.6,8052.7,8378.5,7969.3,6815.8,6738.95,6073.6,5819.3,5740.05
2021-09-13,527.45,-412.95,780.0,3358.95,5561.4,8110.0,8476.8,8087.1,6666.6,6507.75,5842.4,5588.1,5508.85
2021-09-14,584.6,-495.2,697.75,3276.7,5500.65,7854.25,8221.05,7831.35,6410.85,6252.0,5586.65,5332.35,5253.1
2021-09-15,559.3,-530.95,687.5,3233.5,5457.45,7830.05,8196.85,7807.15,6390.15,6210.4,5545.05,5290.75,5211.5
2021-09-16,471.35,-606.85,611.6,3157.6,5381.55,7800.65,8167.45,7811.25,6364.75,6185.0,5519.65,5265.35,5186.1
2021-09-17,423.0,-655.2,551.3,3111.3,5141.3,7560.4,7927.2,7571.0,6124.5,5944.75,5279.4,5025.1,4945.85
2021-09-20,469.7,-608.5,602.0,3185.5,5215.5,7522.6,7889.4,7533.2,6086.7,5883.95,5218.6,4964.3,4885.05
2021-09-21,295.3,-764.85,539.15,3122.65,5118.2,7467.8,7834.6,7478.4,5889.95,5687.2,5079.35,4825.05,4745.8
2021-09-22,370.4,-672.2,631.8,3040.8,4980.4,7330.0,7696.8,7340.6,5752.15,5549.4,4941.55,4687.25,4608.0
2021-09-23,593.55,-406.5,806.0,3245.0,5261.15,7512.75,7879.55,7523.35,5981.45,5778.7,5035.9,4871.1,4791.85
2021-09-24,580.65,-416.4,815.6,3271.6,5270.8,7539.4,7824.7,7512.0,5970.1,5767.35,5044.05,4879.25,4817.0
2021-09-27,494.3,-410.75,845.75,3284.3,5283.5,7552.1,7771.9,7459.2,5917.3,5714.55,4991.25,4826.45,4764.2
2021-09-28,108.0,-797.05,468.95,2789.5,4788.7,7057.3,7277.1,6964.4,5422.5,5219.75,4496.45,4331.65,4269.4
2021-09-29,-12.7,-917.75,348.25,2749.8,4749.0,7017.6,7237.4,6924.7,5382.8,5180.05,4456.75,4291.95,4229.7
2021-09-30,-179.05,-1114.6,90.9,2596.05,4595.25,6718.35,6938.15,6625.45,5083.55,4880.8,4157.5,3992.7,3930.45
2021-10-01,-43.75,-933.8,271.7,2856.85,4856.05,6979.15,7198.95,6866.75,5362.85,4849.1,4125.8,3961.0,3898.75
2021-10-04,-49.45,-906.0,331.0,2916.15,4834.35,6957.45,7177.25,6845.05,5341.15,4827.4,4104.1,3939.3,3877.05
2021-10-05,64.3,-800.7,536.8,3121.95,5067.15,7350.8,7585.6,7132.85,5649.95,5052.8,4329.5,4164.7,4102.45
2021-10-06,27.6,-837.4,500.1,3124.75,5069.95,7382.6,7617.4,7197.65,5714.75,5334.6,4611.3,4446.5,4384.25
2021-10-07,113.8,-689.7,699.3,3323.95,5344.75,7464.45,7750.75,7331.0,5904.1,5523.95,4803.65,4631.8,4569.55
2021-10-08,66.9,-756.05,632.95,3257.6,5200.4,7363.65,7761.95,7342.2,5915.3,5535.15,4814.85,4643.0,4580.75
2021-10-11,166.3,-408.15,807.85,3432.5,5375.3,7538.55,7936.85,7517.1,6090.2,5710.05,4989.75,4817.9,4755.65
2021-10-12,65.95,-502.45,765.05,3389.7,5389.5,7413.25,7811.55,7461.35,6034.45,5771.85,5051.55,4879.7,4559.0
2021-10-13,180.55,-383.8,930.2,3571.85,5571.65,7572.95,7955.8,7700.65,6273.75,5976.2,5255.9,5084.05,4763.35
2021-10-14,338.25,-226.1,1087.9,3729.55,5752.85,7754.15,8188.5,7935.85,6574.5,6325.45,5478.7,5306.85,4986.15
2021-10-15,474.45,-96.85,1305.7,3947.35,5994.65,7965.55,8387.4,8065.8,6744.95,6495.9,5655.15,5483.3,5162.6
2021-10-18,487.25,-49.5,1317.05,3991.2,6087.0,8057.9,8509.25,8201.65,6937.3,6688.25,5860.5,5723.15,5429.95
2021-10-19,632.45,87.75,1542.3,4216.45,6295.3,8296.7,8748.05,8440.45,7176.1,6837.55,6043.35,5928.5,5635.3
2021-10-20,477.75,-57.95,1356.15,4030.3,6109.15,8110.55,8561.9,8254.3,6989.95,6651.4,5857.2,5742.35,5449.15
2021-10-21,601.8,26.7,1440.8,4138.45,6184.3,8109.7,8561.05,8253.45,6989.1,6650.55,5870.85,5916.1,5622.9
2021-10-22,613.1,55.0,1437.15,4156.3,6214.65,8157.05,8663.95,8167.35,6903.0,6564.45,5784.75,5830.0,5536.8
2021-10-25,748.75,259.15,1546.8,4287.45,6345.8,8325.7,8766.6,8378.55,7182.25,6843.7,6064.0,6203.3,5711.1
2021-10-26,699.5,209.9,1497.55,4238.2,6329.55,8405.5,8846.4,8458.35,7262.05,6923.5,6143.8,6283.1,5790.9
2021-10-27,879.2,168.7,1499.9,4275.05,6366.4,8442.35,8883.25,8495.2,7298.9,6960.35,6180.65,6319.95,5959.3
2021-10-28,876.3,165.8,1586.55,4257.25,6357.6,8497.65,8938.55,8550.5,7381.2,7095.65,6315.95,6455.25,6094.6
2021-10-29,1031.5,293.05,1791.3,4400.0,6500.35,8652.4,9204.8,8816.75,7679.45,7393.9,6661.75,6756.1,6395.45
2021-11-01,1143.6,405.15,1847.95,4452.75,6477.15,8629.2,9044.65,8656.6,7519.3,7233.75,6501.6,6595.95,6235.3
2021-11-02,1322.95,584.5,2027.3,4632.1,6656.5,8808.55,9306.6,8918.55,7781.25,7495.7,6763.55,6857.9,6497.25
2021-11-03,1425.4,686.95,2269.25,4874.05,6898.45,9050.5,9582.05,9254.0,8116.7,7495.7,6763.55,6857.9,6497.25
2021-11-04,1610.2,871.75,2454.05,5058.85,7083.25,9247.3,9778.85,9491.3,8354.0,8030.1,7350.45,7461.3,7155.6
2021-11-05,1564.9,837.95,2420.25,5042.05,7100.95,9265.0,9796.55,9509.0,8449.7,8125.8,7446.15,7557.0,7251.3
2021-11-08,1280.5,553.55,2162.85,4784.65,6804.1,8968.15,9526.7,9239.15,8179.85,7855.95,7209.3,7320.15,7014.45
2021-11-09,1028.05,251.15,1860.45,4494.25,6525.7,8701.25,9267.8,8994.25,7953.5,7558.65,6912.0,7022.85,6747.15
2021-11-10,1108.8,339.9,1990.2,4624.0,6655.45,8831.0,9455.55,9012.5,7971.75,7576.9,6930.25,7086.1,6810.4
2021-11-11,1095.0,269.1,1919.4,4462.7,6549.7,8750.25,9397.3,8921.35,7880.6,7485.75,6839.1,6994.95,6719.25
2021-11-12,1191.7,393.85,2003.65,4546.95,6664.95,8884.0,9531.05,9055.1,8014.35,7619.5,6972.85,7128.7,6853.0
2021-11-15,1213.8,451.45,2069.3,4622.1,6765.2,8984.25,9631.3,9155.35,8114.6,7719.75,7073.1,7228.95,6953.25
2021-11-16,1172.5,410.15,2028.0,4580.8,6723.9,9089.95,9737.0,9261.05,8220.3,7825.45,7178.8,7334.65,7058.95
2021-11-17,1214.75,496.45,2113.8,4666.6,6741.75,9116.3,9657.85,9181.9,8141.15,7746.3,7099.65,7255.5,6979.8
2021-11-18,1164.45,475.15,2099.5,4661.3,6755.95,9130.5,9672.05,9220.1,8179.35,7784.5,7137.85,7298.2,7068.0
2021-11-19,1176.05,494.3,2118.65,4680.45,6775.1,9149.65,9692.8,9240.85,8200.1,7805.25,7179.6,7339.95,7109.75
2021-11-22,1276.75,617.05,2241.4,4829.3,6923.95,9298.5,9841.65,9404.7,8341.0,7946.15,7320.5,7480.85,7250.65
2021-11-23,1044.75,367.6,1991.95,4302.85,6352.0,8726.55,9269.7,8832.75,7769.05,7374.2,6748.55,6908.9,6678.7
2021-11-24,935.45,258.3,1922.65,4378.6,6430.25,8804.8,9347.95,8911.0,7847.3,7452.45,6826.8,6987.15,6756.95
2021-11-25,1022.05,348.9,1958.85,4455.35,6507.0,8881.55,9424.7,8987.75,7924.05,7542.2,6828.1,7006.45,6776.25
2021-11-26,843.25,253.15,1835.15,4331.65,6383.3,8561.85,9105.0,8668.05,7604.35,7222.5,6508.4,6686.75,6456.55
2021-11-29,822.55,124.45,1821.95,4318.45,6370.1,8548.65,9091.8,8767.35,7703.65,7321.8,6607.7,6786.05,6616.85
2021-11-30,850.25,152.15,1889.7,4512.25,6563.9,8742.45,9298.1,8707.15,7643.45,7261.6,6547.5,6725.85,6556.65
2021-12-01,932.0,29.9,1779.45,4419.5,6284.65,8513.2,9068.85,8477.9,7346.8,6964.95,6250.85,6429.2,6260.0
2021-12-02,631.2,-270.9,1525.2,4165.25,6030.4,8258.95,8814.6,8223.65,7092.55,6710.7,5996.6,6174.95,6005.75
2021-12-03,312.75,-589.35,1206.75,3925.3,5740.45,8005.5,8581.65,8034.2,6941.1,6594.25,5709.2,6018.65,5868.45
2021-12-06,426.95,-484.15,1227.0,3989.55,5520.2,7785.25,8361.4,7813.95,6720.85,6374.0,5488.95,5798.4,5648.2
2021-12-07,755.1,-156.0,1555.15,4344.8,5875.45,8302.5,8878.65,8333.2,7298.1,6951.25,6066.2,6375.65,6225.45
2021-12-08,808.3,-87.3,1648.4,4438.05,5959.7,8386.75,8962.9,8421.45,7414.85,7068.0,6182.95,6500.4,6280.3
2021-12-09,693.5,-202.1,1533.6,4328.25,5849.9,8210.45,8786.6,8260.15,7253.55,6906.7,6021.65,6346.1,6051.5
2021-12-10,907.65,41.6,1722.3,4516.95,6024.6,8385.15,8991.8,8465.35,7458.75,7086.95,6201.9,6526.35,6231.75
2021-12-13,752.45,-113.6,1538.7,4333.35,5841.0,8201.55,8808.2,8281.75,7275.15,6903.35,6018.3,6342.75,6048.15
2021-12-14,732.1,-239.45,1480.35,4275.0,5782.65,8313.2,8856.35,8329.9,7323.3,6951.5,6066.45,6390.9,6096.3
2021-12-15,628.9,-342.65,1377.15,4110.3,5617.95,8148.5,8691.65,8165.2,7158.6,6786.8,5901.75,6226.2,5931.6
2021-12-16,599.55,-516.0,1203.8,3936.95,5444.6,7981.15,8523.8,8002.4,6995.8,6624.0,5738.95,6063.4,5703.35
2021-12-17,451.25,-612.75,956.6,3689.75,5197.4,7733.95,8276.6,7755.2,6748.6,6376.8,5491.75,5816.2,5456.15
2021-12-20,342.4,-650.6,893.8,3646.45,5279.1,7562.65,8105.3,7583.9,6577.3,6205.5,5320.45,5644.9,5284.85
2021-12-21,445.1,-539.85,1043.55,3796.2,5438.9,7778.45,8321.1,7799.7,6589.1,6217.3,5332.25,5840.7,5480.65
2021-12-22,665.85,-278.1,1381.8,4131.5,5826.2,8182.75,8725.4,8293.5,7082.9,6711.1,5826.05,6334.5,5974.45
2021-12-23,535.45,-404.4,1314.5,4064.2,5758.9,8115.45,8716.1,8284.2,7073.6,6701.8,5869.25,6377.7,6017.65
2021-12-27,712.2,-208.15,1553.25,4334.45,6040.65,8488.75,9125.9,8563.05,7352.45,6980.65,6148.1,6656.55,6296.5
2021-12-28,693.9,-226.45,1534.95,4316.15,6022.35,8470.45,9107.6,8544.75,7373.65,7001.85,6169.3,6677.75,6317.7
2021-12-29,698.25,-311.6,1449.8,4231.0,5937.2,8396.8,9033.95,8402.6,7231.5,6859.7,6027.15,6535.6,6175.55
2021-12-30,514.0,-495.85,1288.55,4069.75,5775.95,8235.55,8872.7,8258.35,7087.25,6715.45,5882.9,6391.35,6050.8
2021-12-31,408.7,-598.1,1196.8,3942.05,5648.25,8062.85,8700.0,8085.65,6914.55,6542.75,5710.2,6218.65,5878.1
2022-01-03,330.4,-688.3,1137.1,3882.35,5588.55,8002.65,8673.8,8059.45,6888.35,6516.55,5692.5,6101.0,5760.45
2022-01-04,424.4,-589.25,1095.2,3852.45,5501.15,7910.3,8581.45,7967.1,6796.0,6424.2,5600.15,6020.65,5680.1
2022-01-05,342.7,-636.95,1047.5,3804.75,5359.95,7769.1,8496.3,7881.95,6710.85,6346.05,5526.0,5965.5,5624.95
2022-01-06,98.4,-881.25,803.2,3560.45,5115.65,7524.8,8252.0,7523.25,6352.15,5987.35,5167.3,5606.8,5266.25
2022-01-07,-456.5,-1387.6,296.85,3054.1,4681.35,7090.5,7656.3,6927.55,5756.45,5391.65,4571.6,5011.1,4670.55
2022-01-10,-207.9,-993.5,540.05,3421.3,5071.05,7480.2,8235.55,7506.8,6195.25,5830.45,5010.4,5449.9,5109.35
2022-01-11,124.3,-682.8,850.75,3732.0,5521.25,7930.4,8686.3,7987.55,6676.0,6311.2,5491.15,5677.65,5337.1
2022-01-12,102.0,-664.6,883.45,3782.7,5763.95,8173.1,8817.55,8118.8,6807.25,6442.45,5622.4,5918.95,5444.45
2022-01-13,327.15,-460.8,998.3,3987.05,5968.3,8395.95,9040.4,8169.15,6857.6,6492.8,5672.75,5969.3,5515.3
2022-01-14,463.2,-321.7,1137.4,4159.15,6158.45,8586.1,9277.05,8438.8,7127.25,6783.15,5993.1,6289.65,5835.65
2022-01-17,406.55,-366.35,1116.25,4138.0,6141.8,8597.95,9288.9,8515.15,7203.6,6859.5,6069.45,6366.0,5912.0
2022-01-18,53.75,-719.15,624.95,3646.7,5598.55,8054.7,8745.65,7971.9,6660.35,6316.25,5526.2,5822.75,5368.75
2022-01-19,137.5,-635.4,505.7,3546.45,5569.85,8303.0,8993.95,8220.2,6908.65,6564.55,5774.5,6266.1,5812.1
2022-01-20,69.05,-602.3,506.4,3622.65,5646.05,8379.2,9070.15,8393.95,7082.4,6738.3,6048.3,6758.45,6249.95
2022-01-21,-592.95,-987.3,145.4,2835.7,4859.1,7592.25,8396.75,7766.55,6171.5,5969.9,5279.9,5990.05,5481.55
2022-01-24,-161.65,-556.0,576.7,3440.5,5940.9,8674.05,9478.55,8848.35,7232.3,7030.7,6340.7,7050.85,6542.35
2022-01-25,6.7,-592.65,540.05,3484.35,6139.25,8872.4,9676.9,8296.2,6680.15,6478.55,5788.55,6498.7,5990.2
2022-01-26,-61.6,-660.95,471.75,3437.05,6388.0,8933.7,9738.2,8516.5,6900.45,6748.85,6174.85,6885.0,6844.6
2022-01-27,-22.7,-548.55,584.15,3034.45,5985.4,8531.1,9335.6,8113.9,6497.85,6346.25,5772.25,6482.4,6442.0
2022-01-28,422.0,-23.8,1293.45,3232.3,6183.25,8874.45,9678.95,8457.25,6986.2,6834.6,6550.1,7260.25,7219.85
2022-01-31,790.6,-50.2,1338.1,3355.0,6632.6,9323.8,10090.3,9135.15,7664.1,7512.5,7228.0,7938.15,7897.75
2022-02-01,726.9,-4.9,1383.4,3287.85,6565.45,9268.15,10143.65,9188.5,7717.45,7565.85,7281.35,7991.5,7951.1
2022-02-02,778.2,51.4,1439.7,3240.15,6517.75,9220.45,10095.95,9140.8,7761.8,7409.7,7125.2,7835.35,7794.95
2022-02-03,1055.0,328.2,1716.5,3516.95,6794.55,9497.25,10372.75,9417.6,8038.6,7506.5,7222.0,7932.15,7891.75
2022-02-04,1274.3,365.5,1827.8,3433.75,6907.9,9343.6,10219.1,9263.95,7884.95,7352.85,7068.35,7778.5,7738.1
2022-02-07,1347.5,475.7,1964.0,3565.5,7093.2,9551.4,10467.9,9198.25,8019.8,7487.7,7203.2,7913.35,7872.95
2022-02-08,1360.7,559.95,2048.25,3781.8,7276.05,9785.25,10739.25,9469.6,8291.15,7759.05,7474.55,8184.7,8144.3
2022-02-09,1427.4,674.15,2212.0,3945.55,7439.8,9992.5,10946.5,9676.85,8498.4,7992.3,7707.8,8417.95,8392.55
2022-02-10,1572.1,833.4,2320.75,4054.3,7643.55,10360.8,10856.8,9533.2,8354.75,7848.65,7564.15,8274.3,8248.9
2022-02-11,1329.9,625.7,2163.55,3897.1,7486.35,10309.6,10805.6,9482.0,8303.55,7797.45,7513.95,8273.6,8248.2
2022-02-14,1314.6,610.4,2148.25,3611.35,7200.6,10023.85,10519.85,9230.25,8051.8,7612.7,7329.2,8307.35,8281.95
2022-02-15,1750.7,1145.6,2633.5,4005.1,7639.85,10420.6,10916.6,9598.5,8420.05,7980.95,7697.45,8675.6,8650.2
2022-02-16,1848.95,1209.35,2712.25,4194.35,7829.1,10609.85,11105.85,9844.25,8665.8,8325.7,8042.2,9020.35,8994.95
2022-02-17,1763.25,1123.65,2485.55,3978.65,7540.9,10321.65,10817.65,9556.05,8377.6,8037.5,7754.0,8732.15,8706.75
2022-02-18,1700.95,1252.85,2614.75,4107.85,7670.1,10450.85,10946.85,9685.25,8506.8,8210.7,7927.2,8781.85,8756.45
2022-02-21,1934.25,1486.15,2848.05,4100.65,7662.9,10443.65,10939.65,9678.05,8600.1,8304.0,8020.5,8875.15,8849.75
2022-02-22,2431.0,2026.45,3555.85,4878.45,8440.7,11305.95,11801.95,10079.85,9477.0,9180.9,8897.4,9752.05,9894.15
2022-02-23,2498.25,1980.2,3264.6,4587.2,8209.45,11074.7,11570.7,9848.6,9141.8,8845.7,8562.2,9416.85,9558.95
2022-02-24,2222.95,1704.9,2989.3,4311.9,7934.15,10799.4,11295.4,9573.3,8866.5,8570.4,8286.9,9141.55,9283.65
2022-02-25,2822.55,2410.0,3578.0,5007.1,8520.35,11385.6,11766.6,9955.55,9248.75,8952.65,8813.65,9668.3,9810.4
2022-02-28,3251.25,2838.7,3701.8,5299.45,8812.7,11677.95,12058.95,10396.9,9892.1,9596.0,9457.0,10311.65,10551.75
2022-03-01,3033.9,2718.45,3581.55,5255.2,8768.45,11633.7,11736.7,10152.65,9647.85,9351.75,9212.75,10067.4,10307.5
2022-03-02,2998.5,2901.1,3719.85,5321.5,8606.75,11472.0,11575.0,9990.95,9486.15,9190.05,9051.05,9905.7,10145.8
2022-03-03,2935.65,2857.25,3621.0,5279.2,8480.0,11345.25,11487.75,9903.7,9039.4,8743.3,8604.3,9458.95,9699.05
2022-03-04,2593.75,2317.35,3081.1,4823.9,8024.7,10889.95,11032.45,9448.4,8584.1,8288.0,8149.0,9003.65,9243.75
2022-03-07,2680.4,2403.55,2918.8,4693.1,7669.95,10535.2,10882.7,9298.65,8434.35,8138.25,7999.25,8853.9,9094.0
2022-03-08,2299.0,2034.2,2549.45,4323.75,7300.6,10165.85,10513.35,8798.5,7934.2,7638.1,7499.1,8353.75,8593.85
2022-03-09,2720.95,2561.2,3099.5,4605.35,7671.7,10840.05,11278.55,9729.75,8683.95,8387.85,8322.85,9338.55,9072.55
2022-03-10,2478.05,2439.8,2929.7,4348.55,7414.9,10704.75,11143.25,9594.45,8548.65,8314.55,8249.55,9265.25,9013.8
2022-03-11,2663.65,2601.45,3097.4,4516.25,7582.6,10872.45,11310.95,9762.15,8716.35,8482.25,7979.3,9056.5,8805.05
2022-03-14,2124.7,1917.0,2412.95,3835.35,6901.7,10191.55,10630.05,9343.35,8297.55,8063.45,7560.5,8394.7,8143.25
2022-03-15,2436.95,2234.8,2785.25,4243.15,7272.55,10280.45,10813.45,9526.75,8480.95,8267.85,7819.4,8653.6,8402.15
2022-03-16,2538.05,2335.9,2924.9,3954.35,7200.8,10208.7,10854.7,9568.0,8522.2,8382.1,7933.65,8818.35,8619.9
2022-03-17,2879.75,2510.65,3065.2,4531.8,7949.25,10208.7,10854.7,9568.0,8522.2,8382.1,7933.65,8818.35,8619.9
2022-03-18,3194.9,2733.85,3232.95,5021.05,8550.5,11350.1,12150.1,10757.4,9831.1,9674.55,9305.6,8818.35,8619.9
2022-03-21,3270.1,2809.05,3308.15,5009.3,8112.25,10911.85,11711.85,10319.15,9392.85,9236.3,8867.35,8818.35,8619.9
2022-03-22,3558.3,3069.9,3558.1,5259.25,8598.7,11398.3,12198.3,10805.6,9879.3,9777.25,9526.8,10501.3,10302.85
2022-03-23,3307.85,2788.65,3325.85,4904.6,8244.05,11043.65,11843.65,10450.95,9524.65,9422.6,9172.15,10146.65,9948.2
2022-03-24,3110.85,2591.65,3130.85,4708.1,7956.55,10767.65,11498.2,10196.6,9270.3,9168.25,8917.8,9960.35,9761.9
2022-03-25,3097.15,2577.95,3136.65,4773.4,8021.85,10658.5,11389.05,10087.45,9161.15,9059.1,8808.65,9851.2,9571.3
2022-03-28,3585.5,2994.85,3566.55,5251.7,8737.65,11458.85,12189.4,10931.3,9948.55,9927.0,9676.55,10706.6,10426.7
2022-03-29,3668.2,3149.05,3720.75,5405.9,8891.85,11558.6,12289.15,11031.05,10119.8,10224.8,9974.35,11004.4,10662.0
2022-03-30,3533.95,2953.3,3525.0,5210.15,8696.1,11362.85,12093.4,10835.3,9924.05,10029.05,9778.6,10808.65,10466.25
2022-03-31,3300.25,2719.6,3291.3,4976.45,8462.4,11129.15,11859.7,10601.6,9690.35,9795.35,9544.9,10574.95,10284.05
2022-04-01,3365.8,2758.2,3356.05,5063.2,8631.7,11343.45,12074.0,10815.9,9779.2,9884.2,9633.75,10663.8,10372.9
2022-04-04,3815.45,3230.35,3781.75,5534.9,9111.4,11820.15,12484.2,11226.1,10189.4,10300.9,10136.5,11166.55,10800.15
2022-04-05,3726.7,3147.1,3670.0,5423.15,8999.65,11708.4,12372.45,11114.35,10077.65,10189.15,10024.75,11054.8,10688.4
2022-04-06,3588.45,2960.35,3525.3,5294.95,8871.45,11475.7,12139.75,10881.65,9844.95,9956.45,9792.05,10822.1,10455.7
2022-04-07,3897.45,3220.45,3739.45,5582.6,9159.1,11701.4,12365.45,11107.35,10070.65,10138.15,9973.75,11003.8,10686.4
2022-04-08,3885.75,3191.8,3739.8,5602.45,9178.95,11755.25,12419.3,11099.7,10095.5,10163.0,9998.6,11060.65,10743.25
2022-04-11,3758.0,3064.05,3612.05,5332.2,8908.7,11485.0,12149.05,10829.45,9825.25,9892.75,9728.35,10790.4,10473.0
2022-04-12,3551.8,2857.85,3836.35,5556.5,9133.0,11709.3,12373.35,11053.75,10049.55,10117.05,9952.65,11014.7,10697.3
2022-04-13,3748.35,3215.45,4119.5,5933.2,9412.65,11872.95,12537.0,11217.4,10310.2,10514.25,10330.9,11392.95,11155.55
2022-04-14,3546.85,3023.0,3927.05,5785.75,9124.75,11585.05,12249.1,10929.5,9992.8,10160.9,9977.55,11039.6,10802.2
2022-04-18,3936.5,3461.2,4365.25,6213.0,9552.0,12012.3,12674.4,11404.35,10384.15,10552.25,10368.9,11074.95,10837.55
2022-04-19,4067.7,3525.9,4429.95,6046.7,9418.25,11926.6,12364.7,11094.65,10074.45,10242.55,10059.2,10765.25,10527.85
2022-04-20,4169.5,3627.7,4531.75,6192.5,9564.05,12077.45,12515.55,11245.5,10225.3,10393.4,10210.05,10916.1,10678.7
2022-04-21,4219.75,3595.95,4658.65,6240.9,9612.45,11979.35,12417.45,11147.4,10127.2,10295.3,10111.95,10818.0,10580.6
2022-04-22,3883.0,3259.2,4321.9,5904.15,9318.2,11685.1,12123.2,10899.65,9879.45,10047.55,9637.7,10343.75,10106.35
2022-04-25,4128.6,3653.9,4682.65,6301.45,9713.0,11913.4,12351.5,11127.95,10169.75,10337.85,9964.55,10670.6,10430.7
2022-04-26,4017.85,3299.65,4362.4,5981.2,9392.75,11593.15,12066.75,10843.2,9885.0,10053.1,9536.3,10242.35,10002.45
2022-04-27,3767.5,3068.35,4086.65,5705.45,9117.0,11368.4,11842.0,10618.45,9903.25,10071.35,9554.55,10260.6,10057.7
2022-04-28,3716.15,3017.0,4075.3,5640.1,9152.15,11403.55,12083.15,10859.6,10240.4,10408.5,9558.7,10264.75,10061.85
2022-04-29,3273.65,2560.55,3533.4,5139.2,8651.25,10902.65,11688.8,10479.25,9670.55,9838.65,9016.35,9722.4,9560.5
2022-05-02,2896.4,2334.85,3104.25,4710.05,8222.1,10473.5,11259.65,10050.1,9241.4,9409.5,8587.2,9293.25,9131.35
2022-05-03,2864.0,2349.95,3052.95,4658.75,8220.8,10472.2,11258.35,9840.8,9048.05,9216.15,8463.85,9169.9,9008.0
2022-05-04,3458.65,2940.65,3687.15,5428.45,8917.5,11168.9,11845.05,10452.5,9659.75,9827.85,9075.55,9989.15,9827.25
2022-05-05,3453.45,2935.45,3681.95,5423.25,8912.3,11141.75,11817.9,10425.35,9632.6,9800.7,9048.4,9962.0,9800.1
2022-05-06,3145.75,2627.75,3374.25,5115.55,8604.6,10834.05,11510.2,10117.65,9218.45,9386.55,8634.25,9547.85,9385.95
2022-05-09,2916.3,1978.8,2647.3,4403.6,7857.25,10086.7,10762.85,9370.3,8471.1,8639.2,7886.9,8800.5,8638.6
2022-05-10,3316.0,2399.55,2972.05,4789.35,7904.5,10133.95,11053.65,9661.1,8761.9,8930.0,8177.7,9091.3,8987.4
2022-05-11,2515.65,1481.2,1937.75,3755.05,6956.7,9186.15,10105.85,8713.3,7853.15,8109.75,7357.45,8271.05,8167.15
2022-05-12,2191.2,870.85,1586.4,3403.7,6605.35,8834.8,9754.5,8361.95,7475.8,7732.4,6980.1,7893.7,7789.8
2022-05-13,2522.85,1428.5,2144.05,4184.85,7259.55,9575.5,10381.7,8989.15,8187.55,8543.65,8016.95,9005.55,8556.2
2022-05-16,2446.05,1306.25,1742.8,3475.6,6550.3,8866.25,9672.45,8279.9,7478.3,7834.4,7307.7,8296.3,7846.95
2022-05-17,2684.1,1589.9,2133.95,3961.25,7067.45,9423.45,10229.65,8894.15,8163.55,8519.65,7853.0,8841.6,8392.25
2022-05-18,2435.3,1341.1,1803.65,3493.95,6600.15,8956.15,9762.35,8426.85,7696.25,8052.35,7385.7,8374.3,7924.95
2022-05-19,2352.45,934.75,1397.3,3087.6,6263.3,8619.3,9470.5,8138.5,7462.9,7686.1,7076.95,8065.55,7616.2
2022-05-20,2578.6,1112.8,1670.45,3633.8,6809.5,9165.5,10016.7,8702.35,8026.75,8249.95,7603.8,8592.4,8143.05
2022-05-23,2742.2,1237.45,1555.2,3518.55,6694.25,9050.25,9901.45,8587.1,7911.5,8134.7,7488.55,8477.15,8027.8
2022-05-24,2837.35,1304.2,1558.0,3521.35,6707.55,9063.55,9914.75,8600.4,7924.8,8148.0,7501.85,8490.45,8041.1
2022-05-25,2761.55,1228.4,1482.2,3445.55,6631.75,8987.75,9762.5,8448.15,7772.55,7995.75,7349.6,8338.2,8056.35
2022-05-26,3033.6,1407.5,1914.8,3878.15,7064.35,9454.35,10316.6,8864.8,8189.2,8360.45,7714.3,8722.9,8488.55
2022-05-27,3617.7,1991.6,2487.45,4383.3,7625.5,10106.5,10912.8,9461.0,8810.4,8981.65,8451.05,9459.65,9225.3
2022-05-30,3686.5,2094.4,2581.3,4405.7,7647.9,10162.9,10969.2,9517.4,8866.8,9098.55,8567.95,9576.55,9342.2
2022-05-31,3465.6,2116.05,2758.05,4472.95,7551.15,9863.65,10669.95,9218.15,8567.55,8799.3,8268.7,9277.3,9042.95
2022-06-01,3236.15,1846.6,2633.6,4348.5,7471.2,9783.7,10590.0,9013.75,8377.15,8608.9,8228.3,9280.95,9046.6
2022-06-02,3349.45,1978.4,2765.4,4491.8,7596.05,9908.55,10714.85,9138.6,8568.5,8800.25,8419.65,9542.85,9019.5
2022-06-03,3077.65,1706.6,2493.6,4220.0,7324.25,9636.75,10443.05,8866.8,8296.7,8528.45,8147.85,9271.05,8747.7
2022-06-06,3151.3,1726.25,2513.25,4299.65,7159.4,9471.9,10313.25,8766.5,8216.4,8448.15,8089.05,9300.25,8776.9
2022-06-07,3134.4,1756.9,2412.9,4215.85,7022.6,9335.1,10176.45,8629.7,8079.6,8311.35,7952.25,9163.45,8640.1
2022-06-08,2840.05,1322.05,1978.05,3781.0,6587.75,8900.25,9741.6,8194.85,7644.75,7876.5,7517.4,8728.6,8205.25
2022-06-09,2696.65,1181.15,1800.2,3603.15,6409.9,8597.4,9438.75,7892.0,7465.95,7697.7,7338.6,8549.8,8026.45
2022-06-10,2470.8,964.85,1583.9,3386.85,6220.1,8407.6,9248.95,7702.2,7229.7,7371.5,7012.4,8223.6,7700.25
2022-06-13,2156.1,650.15,1269.2,3072.15,5905.4,8092.9,8934.25,7387.5,6915.0,7056.8,6697.7,7908.9,7385.55
2022-06-14,1773.85,267.9,886.95,2697.4,5540.65,7597.65,8439.0,6892.25,6419.75,6561.55,6202.45,7413.65,6890.3
2022-06-15,1870.45,181.5,820.05,2881.6,5540.4,7780.95,8342.8,6839.55,6367.05,6408.3,6049.2,7387.45,6864.1
2022-06-16,1922.8,52.35,690.9,2752.45,5411.25,7661.8,8270.65,6767.4,6294.9,6336.15,5977.05,7162.3,6638.95
2022-06-17,2027.35,172.9,852.45,2498.0,5213.85,7619.0,8227.85,6724.6,6252.1,6293.35,5950.25,7151.5,6628.15
2022-06-20,2113.6,274.65,956.75,2615.4,5331.25,7563.95,8172.8,6669.55,6197.05,6238.3,5895.2,7096.45,6573.1
2022-06-21,2337.75,493.35,1252.45,2969.1,5684.95,8058.1,8738.45,7171.75,6695.8,6737.05,6393.95,7611.25,7087.9
2022-06-22,2288.9,480.0,1239.1,2961.3,5677.15,8050.3,8701.7,7135.0,6659.05,6700.3,6357.2,7818.0,7294.65
2022-06-23,2211.55,454.2,1239.35,2961.55,5677.4,8050.55,8701.95,7186.75,6710.8,6752.05,6408.95,7869.75,7411.9
2022-06-24,2442.75,766.4,1551.55,3280.3,5996.15,8369.3,9074.7,7569.5,6999.55,7077.3,6734.2,8272.05,7814.2
2022-06-27,2098.5,437.15,1222.3,2964.55,5787.4,8160.55,8865.95,7360.75,6790.8,6868.55,6525.45,8063.3,7605.45
2022-06-28,2096.15,458.8,1068.45,2810.7,5633.55,8006.7,8712.1,7206.9,6636.95,6714.7,6371.6,7909.45,7593.2
2022-06-29,1638.8,1.45,602.15,2344.4,5167.25,7540.4,8245.8,6740.6,6170.65,6248.4,5905.3,7443.15,7126.9
2022-06-30,1509.45,-194.9,405.8,1990.05,4984.9,7358.05,8063.45,6558.25,5988.3,6066.05,5799.95,7337.8,7101.55
2022-07-01,1423.65,-235.7,430.0,1839.25,4874.65,7247.8,7945.7,6440.5,5870.55,5948.3,5682.2,7220.05,6983.8
2022-07-04,1402.95,-256.4,373.8,1783.05,4818.45,7247.8,7945.7,6440.5,5870.55,5948.3,5682.2,7220.05,6983.8
2022-07-05,1640.2,-19.15,739.05,2231.8,5356.2,7606.1,8400.0,6894.8,6408.35,6486.1,6290.0,7869.85,7620.1
2022-07-06,1834.45,101.1,970.3,2516.55,5640.95,7890.85,8738.75,7233.55,6693.15,6688.45,6492.35,8072.2,7822.45
2022-07-07,2099.45,341.7,1210.9,2761.7,5927.1,8181.05,9089.0,7555.35,7014.95,7010.25,6814.15,8394.0,8144.25
2022-07-08,2328.65,652.9,1310.15,2860.95,6026.35,8200.85,9108.8,7575.15,7034.75,7030.05,6833.95,8413.8,8164.05
2022-07-11,2113.3,469.05,1126.3,2677.1,5895.55,8173.65,8973.6,7439.95,6899.55,6894.85,6698.75,8278.6,8028.85
2022-07-12,2069.45,425.2,1003.55,2554.35,5772.8,8050.9,8850.85,7317.2,6776.8,6786.6,6590.5,8185.85,7974.6
2022-07-13,2257.6,490.9,1129.75,2701.55,6027.6,8305.7,9105.65,7572.0,7003.15,7012.95,6816.85,8412.2,8200.95
2022-07-14,2311.3,600.1,1248.95,2993.25,6355.3,8733.9,9533.85,7815.7,7033.9,7043.7,7000.6,8595.95,8384.7
2022-07-15,2421.05,709.85,1371.7,3022.5,6384.55,8763.15,9625.1,7906.95,7125.15,7245.95,7202.85,8798.2,8586.95
2022-07-18,2426.7,707.55,1369.4,3020.2,6412.75,8804.85,9672.3,7904.75,7122.95,7267.7,7255.1,8850.45,8639.2
2022-07-19,2619.25,982.6,1565.5,3182.5,6651.55,9043.65,9935.1,8221.55,7555.75,7809.5,7796.9,9392.25,9233.5
2022-07-20,2870.35,1237.7,1654.65,3271.65,6859.75,9139.4,10030.85,8317.3,7651.5,7905.25,7915.15,9510.5,9355.75
2022-07-21,2920.1,1277.0,1761.95,3180.95,6769.05,9048.7,9940.15,8226.6,7560.8,7731.6,7741.5,9336.85,9182.1
2022-07-22,2846.8,1211.2,1716.15,3135.15,6666.3,8959.95,9904.45,8190.9,7525.1,7763.4,7773.3,9368.65,9213.9
2022-07-25,2727.5,1135.45,1579.4,2998.4,6460.55,8754.2,9698.7,7985.15,7319.35,7557.65,7567.55,9162.9,9008.15
2022-07-26,2573.75,896.15,1418.2,2855.2,6219.35,8513.0,9457.5,7743.95,7078.15,7316.45,7326.35,8921.7,8766.95
2022-07-27,2526.5,867.0,1576.1,3013.1,6377.25,8670.9,9615.4,7901.85,7236.05,7522.85,7532.75,9128.1,9002.85
2022-07-28,2908.1,1391.65,2101.25,3654.3,6999.45,9314.1,10200.15,8626.1,7960.3,8249.1,8262.05,9604.9,9479.65
2022-07-29,3063.35,1630.45,2358.55,3965.6,7310.75,9625.4,10276.45,8765.4,8116.6,8405.4,8380.85,9723.7,9533.95
2022-08-01,2957.05,1522.15,2216.25,3712.8,7125.0,9449.65,9974.7,8463.65,7814.85,8103.65,8079.1,9421.95,9232.2
2022-08-02,3193.75,1784.4,2472.05,3968.6,7380.8,9542.0,10067.05,8556.0,7747.65,8036.45,8011.9,9354.75,9165.0
2022-08-03,3489.9,2102.05,2866.75,4346.35,7760.1,9921.3,10446.35,8954.3,8157.5,8446.3,8421.75,9764.6,9574.85
2022-08-04,3440.95,2051.6,2820.85,4300.45,7714.2,9874.45,10399.5,8927.95,8131.15,8419.95,8395.4,9755.75,9566.0
2022-08-05,3702.65,2313.3,3118.55,4598.15,8011.9,10076.15,10586.25,9114.7,7982.4,8271.2,8246.65,9607.0,9417.25
2022-08-08,3589.85,2225.0,2922.25,4453.35,7867.1,9931.35,10441.45,8991.9,7870.1,8158.9,8148.35,9430.75,9261.5
2022-08-09,3668.65,2303.8,3001.05,4550.15,7881.95,9946.2,10456.3,9006.75,7884.95,8173.75,8163.2,9445.6,9276.35
2022-08-10,3735.3,2313.45,3010.7,4568.3,8372.1,10436.35,10946.45,9496.9,8375.1,8663.9,8653.35,9935.75,9766.5
2022-08-11,3668.0,2301.65,2998.9,4556.5,8411.8,10411.55,10921.65,9567.15,8445.35,8460.65,8450.1,9732.5,9563.25
2022-08-12,3844.75,2489.4,3228.7,4878.8,8767.1,10806.35,11350.45,10033.45,8907.15,8917.45,8837.5,10163.4,9994.15
2022-08-15,3996.85,2641.5,3424.8,5086.4,8896.8,10936.05,11422.65,10117.15,9000.4,9054.7,8974.75,10243.15,10073.9
2022-08-16,4074.9,2827.05,3575.9,5239.1,9002.55,11041.8,11553.9,10110.4,8993.65,9047.95,8968.0,10236.4,10067.15
2022-08-17,4191.15,2913.8,3662.65,5333.85,8952.8,11012.05,11524.15,10080.65,8963.9,9018.2,8881.25,10149.65,9980.4
2022-08-18,4423.35,3104.0,3748.9,5455.6,9070.1,11129.35,11641.45,10279.5,9162.75,9221.05,9084.1,10352.5,10178.8
2022-08-19,4399.25,3079.9,3696.3,5403.0,9017.5,11076.75,11588.85,10226.9,9110.15,9168.45,9031.5,10299.9,10126.2
2022-08-22,4235.0,2915.65,3532.05,5156.25,8770.75,10830.0,11342.1,9980.15,8863.4,8921.7,8784.75,10053.15,9879.45
2022-08-23,4091.65,2661.3,3293.3,4917.5,8532.0,10591.25,11103.35,9741.4,8624.65,8682.95,8546.0,9814.4,9640.7
2022-08-24,4103.8,2588.0,3214.55,4734.75,8349.25,10408.5,10920.6,9558.65,8441.9,8500.2,8363.25,9631.65,9457.95
2022-08-25,4672.4,3156.6,3689.7,5217.45,8849.45,10804.25,11321.35,9955.9,8837.2,8895.5,8758.55,10006.45,9832.75
2022-08-26,4515.6,2999.8,3532.9,5060.65,8631.15,10585.95,11103.05,9737.6,8501.4,8559.7,8422.75,9670.65,9496.95
2022-08-29,4450.3,3063.15,3632.25,5160.0,8701.95,10671.25,11189.95,9824.5,8588.3,8646.6,8570.65,9818.55,9644.85
2022-08-30,4281.55,2922.4,3491.5,5068.75,8650.7,10620.0,11256.7,9728.8,8492.6,8550.9,8474.95,9722.85,9598.65
2022-08-31,4075.7,2716.55,3352.15,4797.9,8379.85,10298.15,10934.85,9406.95,8170.75,8229.05,8193.15,9441.05,9316.85
2022-09-01,4030.4,2671.25,3345.4,4673.7,8255.65,10173.95,10810.65,9316.75,8270.05,8328.35,8292.45,9540.35,9416.15
2022-09-02,3751.95,2314.35,2896.5,4224.8,7752.8,9671.1,10307.8,8813.9,7767.2,7825.5,7789.6,9037.5,8913.3
2022-09-05,3759.3,2340.7,2960.35,4197.15,7725.15,9666.45,10310.15,8847.75,7801.05,7715.9,7680.0,8927.9,8803.7
2022-09-06,3571.5,2218.5,2838.15,4074.95,7704.5,9645.8,10153.05,8690.65,7643.95,7858.7,7645.8,8893.7,8769.5
2022-09-07,3910.7,2679.2,3190.45,4503.75,8133.3,10176.15,10770.9,9371.0,8324.3,8466.05,8288.65,9577.05,9379.85
2022-09-08,3977.3,2797.3,3308.55,4621.85,8434.45,10477.3,10962.05,9562.15,8515.45,8657.2,8479.8,9768.2,9571.0
2022-09-09,4020.4,2842.95,3373.2,4733.0,8545.6,10705.45,11190.2,9846.35,8706.15,8870.9,8761.05,10052.0,9854.8
2022-09-12,4130.6,2953.15,3488.95,4710.8,8523.4,10683.25,11168.0,9824.15,8683.95,8848.7,8762.85,10053.8,9960.1
2022-09-13,4065.3,2888.4,3442.2,4570.55,8383.15,10543.0,11027.75,9683.9,8543.7,8708.45,8751.2,10074.65,9980.95
2022-09-14,4135.5,3160.2,3714.0,4889.45,8702.05,10861.9,11373.15,10029.3,8673.1,8837.85,8880.6,10204.05,10110.35
2022-09-15,3963.6,2942.3,3496.1,4671.55,8484.15,10644.0,11155.25,9544.4,8188.2,8352.95,8395.7,9719.15,9625.45
2022-09-16,3874.9,2853.6,3482.4,4657.85,8360.95,10533.8,11045.05,9434.2,8078.0,8242.75,8285.5,9608.95,9515.25
2022-09-19,3966.0,2944.7,3470.1,4773.05,8476.15,10649.0,11160.25,9549.4,8193.2,8391.45,8434.2,9971.7,9878.0
2022-09-20,4106.35,3085.05,3592.95,4895.9,8599.0,10771.85,11291.6,9616.25,8260.05,8458.3,8501.05,10038.55,9944.85
2022-09-21,3639.05,2609.3,3117.2,4420.15,8162.75,10335.6,10815.9,9140.55,7900.4,8098.65,8141.4,9678.9,9585.2
2022-09-22,3754.65,2732.45,3239.85,4410.85,8212.95,10327.85,10808.15,9132.8,7892.65,8090.9,8133.65,9671.15,9636.95
2022-09-23,3648.3,2706.65,3214.05,4249.55,8051.65,10197.55,10677.85,9002.5,7762.35,7960.6,8003.35,9540.85,9506.65
2022-09-26,3849.45,2880.35,3396.3,4286.3,8088.4,10234.3,10714.6,9039.25,7799.1,7997.35,8098.6,9636.1,9294.45
2022-09-27,3845.0,2966.9,3561.4,4427.85,8229.95,10240.85,10685.75,9189.95,7949.8,8148.05,8070.85,9699.35,9357.7
2022-09-28,4046.5,3120.45,3979.05,4845.5,8653.6,10503.05,11035.95,9540.15,8270.5,8468.75,8391.55,10020.05,9678.4
2022-09-29,4153.2,3227.15,4109.25,4958.75,8586.85,10436.3,10969.2,9473.4,8203.75,8402.0,8324.8,9953.3,9611.65
2022-09-30,4004.3,3173.75,3852.4,4701.9,8225.05,10074.5,10637.9,9142.1,7967.95,8166.2,8089.0,9717.5,9375.85
2022-10-03,4073.45,3230.45,4023.65,4876.65,8543.3,10392.75,10956.15,9497.85,8446.8,8677.05,8606.85,10296.85,9955.2
2022-10-04,4300.75,3470.25,4302.45,5111.0,8790.15,10724.6,11300.5,9893.7,8842.65,9072.9,9045.2,10735.2,10374.05
2022-10-05,4088.4,3306.9,4255.1,4995.65,8674.8,10609.25,11185.15,9837.85,8786.8,9120.05,9092.35,10782.35,10421.2
2022-10-06,3837.65,3092.65,4072.35,4832.4,8575.05,10509.5,11085.4,9738.1,8687.05,9148.85,9121.15,11042.7,10695.55
2022-10-07,3789.85,3044.85,4038.05,4641.6,8463.3,10397.75,10909.25,9561.95,8510.9,8972.7,8945.0,10866.55,10519.4
2022-10-10,3819.0,3074.0,4072.25,4675.8,8497.5,10431.95,10943.45,9596.15,8360.6,8822.4,8794.7,10716.25,10379.65
2022-10-11,3726.75,3007.75,4006.0,4631.05,8531.75,10466.2,10977.7,9630.4,8394.85,8856.65,8612.45,10534.0,10197.4
2022-10-12,3677.35,2922.95,3921.2,4596.75,8419.5,10386.95,10680.5,9333.2,8097.65,8559.45,8315.25,10236.8,9900.2
2022-10-13,4130.95,3009.6,4018.35,4767.4,9121.65,11089.1,11382.65,10035.35,8808.3,9270.1,9025.9,10760.45,10423.85
2022-10-14,4114.6,2993.25,4002.0,4751.05,9105.3,10687.25,10980.8,9633.5,8406.45,8868.25,8624.05,10358.6,10130.05
2022-10-17,4204.35,3083.0,4091.75,4840.8,9195.05,10777.0,11070.55,9723.25,8531.7,8993.5,8749.3,10483.85,10256.4
2022-10-18,4171.6,3108.75,4125.5,5041.1,9149.85,10731.8,11025.35,9678.05,8486.5,8948.3,8704.1,10438.65,10211.2
2022-10-19,4418.4,3355.55,4324.8,5240.4,9349.15,10931.1,11224.65,9877.35,8685.8,9147.6,8903.4,10637.95,10410.5
2022-10-20,4616.2,3228.85,4198.1,5113.7,9222.45,10813.9,11185.45,9896.65,8705.1,9166.9,9223.25,11177.3,10273.35
2022-10-21,4901.3,3539.5,4464.8,5535.4,9644.15,11235.6,11748.15,10459.35,9267.8,9754.65,9811.0,11765.05,10790.6
2022-10-24,4702.05,3340.25,4265.55,5351.65,9512.9,11104.35,11616.9,10360.1,9168.55,9679.4,9735.75,11512.85,10538.4
2022-10-25,4592.7,3248.9,4229.7,5315.8,9330.1,10921.55,11499.65,10242.85,9051.3,9626.7,9683.05,11728.15,10753.7
2022-10-26,4428.9,3095.1,4099.5,5185.6,9199.9,10791.35,11385.45,10157.65,8966.1,9565.5,9621.85,11433.95,10459.5
2022-10-27,4166.6,2832.8,3791.25,4877.35,8891.65,10483.1,11077.2,9849.4,8657.85,9257.25,9313.6,11125.7,10151.25
2022-10-28,4242.3,3035.5,4009.95,5014.55,9038.85,10564.85,11158.95,9931.15,8739.6,9552.5,9608.85,11420.95,10446.5
2022-10-31,4151.4,2858.65,3833.1,4863.2,8887.5,10413.5,10908.25,9680.45,8488.9,9301.8,9358.15,11170.25,10195.8
2022-11-01,4056.1,2793.9,3790.85,4839.45,8986.3,10512.3,10920.55,9762.3,8570.75,9058.7,9115.05,10927.15,9952.7
2022-11-02,3918.8,2656.6,3567.55,4641.15,8882.6,10408.6,10757.9,9599.65,8408.1,8896.05,8952.4,10764.5,9790.05
2022-11-03,3505.5,2186.8,3097.75,4222.35,8463.8,9989.8,10339.1,9180.85,8003.3,8491.25,8607.15,10419.25,9279.8
2022-11-04,3061.6,1753.9,2835.85,3898.5,8049.45,9575.45,9937.25,8779.0,7612.45,8157.4,8317.3,10129.4,9103.95
2022-11-07,3158.3,1839.65,2934.1,4131.8,8063.8,9686.3,10048.1,8889.85,7723.3,8268.25,8471.15,10306.25,9286.8
2022-11-08,3302.05,2211.4,3305.85,4454.6,8025.1,9545.6,9945.4,8787.15,7619.1,8214.55,8417.45,10252.55,9460.7
2022-11-09,3052.2,2012.05,2972.05,4012.3,7521.35,9041.85,9441.65,8283.4,7115.35,7710.8,7913.7,9748.8,8956.95
2022-11-10,3146.5,2157.85,3034.85,4147.65,7656.7,9177.2,9577.0,8521.25,7353.2,7948.65,8151.55,10040.65,9248.8
2022-11-11,3018.8,2030.15,2907.15,3887.45,7396.5,8917.0,9316.8,8261.05,7093.0,7688.45,7891.35,9780.45,8988.6
2022-11-14,3136.0,2147.35,3090.9,4008.7,7259.25,8779.75,9095.05,8039.3,6871.25,7466.7,7669.6,9558.7,8766.85
2022-11-15,3252.75,2301.1,3267.15,4198.45,7515.5,9040.0,9359.35,8204.15,7036.1,7644.05,7922.45,9822.05,9080.2
2022-11-16,3050.85,2102.3,3068.35,4023.65,7352.2,8940.7,9260.05,8104.85,6882.45,7490.4,7768.8,9668.4,8926.55
2022-11-17,3376.95,2335.9,3458.5,4413.8,7720.4,9196.95,9474.75,8349.55,7127.15,7735.1,8170.05,10126.7,9384.85
2022-11-18,3568.55,2538.0,3717.65,4658.0,8019.15,9415.2,9693.0,8599.3,7386.4,7717.9,8152.85,10109.5,9367.65
2022-11-21,3343.35,2312.8,3492.45,4432.8,7793.95,9190.0,9467.8,8374.1,7161.2,7492.7,7927.65,9884.3,9142.45
2022-11-22,3537.0,2636.45,3720.1,4721.1,8082.25,9478.3,9559.65,8541.45,7328.55,7660.05,8095.0,10070.65,9387.3
2022-11-23,3759.05,2845.05,4006.3,5007.3,8281.95,9687.5,9768.85,8781.65,7568.75,7900.25,8388.2,10363.85,9680.5
2022-11-24,3700.3,2786.3,3947.55,4978.05,8252.7,9658.25,9739.6,8787.45,7581.05,7864.15,8352.1,10327.75,9644.4
2022-11-25,3607.65,2693.65,3854.9,4885.4,8160.05,9565.6,9646.95,8694.8,7488.4,7808.05,8296.0,10271.65,9588.3
2022-11-28,3771.0,2857.0,4018.25,5048.75,8323.4,9728.95,9655.8,8619.15,7412.75,7732.4,8220.35,10196.0,9512.65
2022-11-29,3600.6,2711.65,3872.9,4903.4,8115.55,9539.1,9465.0,8428.35,7221.95,7541.6,8029.55,10005.2,9321.85
2022-11-30,3688.7,2772.85,4078.65,5109.15,8321.3,9764.35,9690.25,8675.1,7477.7,7787.3,8285.25,10293.4,9631.6
2022-12-01,3698.95,2665.1,3970.9,5058.4,8270.55,9720.6,9579.0,8563.85,7507.5,7817.1,8315.05,10323.2,9661.4
2022-12-02,3740.25,2788.4,4094.2,5141.7,8353.85,9863.95,9605.85,8590.7,7534.35,7843.95,8341.9,10350.05,9688.25
2022-12-05,3607.9,2636.55,3873.85,4921.35,8133.5,9643.6,9385.5,8370.35,7314.0,7623.6,8121.55,10129.7,9467.9
2022-12-06,3568.1,2531.8,3736.6,4784.1,7996.25,9588.9,9330.8,8193.15,7136.8,7446.4,7944.35,9952.5,9290.7
2022-12-07,3542.35,2362.6,3567.4,4614.9,7827.05,9419.7,9161.6,8023.95,6967.6,7277.2,7775.15,9783.3,9121.5
2022-12-08,3650.2,2566.45,3771.25,4854.75,8088.4,9681.05,9453.45,8187.8,7139.45,7457.05,7955.0,9969.15,9307.35
2022-12-09,3690.9,2607.15,3811.95,4923.95,8157.6,9553.9,9346.3,8080.65,7032.3,7349.9,7847.85,9798.5,9136.7
2022-12-12,3714.1,2702.9,3907.7,5019.7,8253.35,9722.65,9515.05,8249.4,7275.55,7619.15,8117.1,10067.75,9365.95
2022-12-13,3538.25,2527.05,3729.9,5212.4,8459.05,9928.35,9720.75,8449.6,7514.25,7857.85,8355.8,10306.45,9628.65
2022-12-14,3520.8,2471.1,3673.95,5156.45,8418.6,9935.9,9732.3,8449.2,7615.9,7959.5,8205.1,10155.75,9477.95
2022-12-15,3657.6,2488.9,3691.75,5149.25,8411.4,9834.2,9630.6,8347.5,7514.2,7857.8,8103.4,10054.05,9376.25
2022-12-16,3624.3,2455.6,3572.95,4955.95,8218.1,9710.45,9559.85,8276.75,7443.45,7787.05,7843.15,9793.8,9116.0
2022-12-19,3517.85,2373.7,3476.55,4859.55,8086.25,9578.6,9428.0,8187.95,7305.25,7648.85,7704.95,9655.6,8977.8
2022-12-20,3334.6,2190.45,3257.8,4640.8,7867.5,9359.85,9209.25,7969.2,7086.5,7430.1,7486.2,9436.85,8759.05
2022-12-21,3367.25,2235.6,3317.95,4689.95,7823.25,9315.6,9165.0,8040.95,7158.25,7501.85,7557.95,9508.6,8830.8
2022-12-22,3220.8,2089.15,3172.6,4545.55,7678.85,9157.35,9006.75,7882.7,7000.0,7343.6,7399.7,9350.35,8672.55
2022-12-23,3040.5,1927.85,3038.8,4510.35,7643.65,9122.15,8856.1,7732.05,6849.35,7192.95,7249.05,9199.7,8521.9
2022-12-27,3033.9,1921.25,3057.2,4528.75,7662.05,9140.55,8831.05,7707.0,6824.3,7167.9,7224.0,9174.65,8496.85
2022-12-28,3092.9,1848.25,2878.7,4391.4,7537.7,8865.75,8556.25,7432.2,6549.5,6893.1,6949.2,8899.85,8222.05
2022-12-29,3320.05,2071.95,3102.4,4615.1,7761.4,9116.45,8806.95,7701.9,6819.2,7162.8,7283.4,9251.15,8573.35
2022-12-30,3251.75,2021.15,2937.6,4610.8,7757.1,9112.15,8802.65,7697.6,6814.9,7158.5,7279.1,9246.85,8569.05
2023-01-03,3294.05,2058.95,2975.4,4670.6,7898.9,9253.95,8856.0,7750.95,6868.25,7211.85,7332.45,9300.2,8622.4
2023-01-04,3108.65,1765.05,2666.05,4398.25,7626.55,9088.1,8690.15,7445.65,6562.95,6936.05,7056.65,9024.4,8441.1
2023-01-05,2878.5,1549.9,2490.4,4224.6,7266.4,8727.95,8330.0,7085.5,6202.8,6575.9,6696.5,8664.25,8080.95
2023-01-06,3375.75,2181.65,3190.2,4856.4,7898.2,9359.75,8961.8,7671.85,6789.15,7162.25,7282.85,9183.6,8600.3
2023-01-09,3710.45,2589.4,3522.5,4807.25,7849.05,9532.6,9134.65,7844.7,6962.0,7335.1,7455.7,9356.45,8773.15
2023-01-10,3825.3,2692.75,3625.85,4910.6,7952.4,9637.45,9251.5,7961.55,7078.85,7458.45,7579.05,9485.8,8902.5
2023-01-11,3680.95,2516.95,3516.55,4801.3,7843.1,9528.15,9142.2,7838.25,6955.55,7335.15,7455.75,9362.5,8779.2
2023-01-12,3233.6,2108.6,3136.7,4421.45,7463.25,9148.3,8762.35,7458.4,6575.7,6955.3,7008.4,8878.7,8295.4
2023-01-13,3400.3,2275.3,3289.4,4643.65,7685.45,9435.05,9172.1,7885.15,7016.0,7395.6,7448.7,9319.0,8716.25
2023-01-16,3435.55,2330.05,3380.7,4748.45,7813.75,9563.35,9324.4,7937.55,7068.4,7448.0,7398.6,9268.9,8666.15
2023-01-17,3349.35,2246.85,3314.0,4681.75,7781.55,9531.15,9292.2,8093.45,7224.3,7603.9,7643.0,9513.3,8910.55
2023-01-18,3231.55,2129.05,3215.7,4583.45,7683.25,9465.85,9226.9,8028.15,7159.0,7538.6,7649.25,9519.55,8916.8
2023-01-19,3305.35,2127.85,3214.5,4664.8,7714.6,9497.2,9258.25,8132.0,7262.85,7642.45,7753.1,9623.4,8927.65
2023-01-20,3487.0,2272.05,3452.8,4941.6,7991.4,9685.5,9446.55,8403.35,7563.7,7943.3,8153.45,10082.75,9387.0
2023-01-23,3377.25,2197.85,3426.1,4848.45,7945.75,9639.85,9400.9,8357.7,7518.05,7897.65,8107.8,10276.15,9580.4
2023-01-24,3379.45,2200.05,3590.85,4983.8,8081.1,9775.2,9536.25,8493.05,7653.4,8033.0,8243.15,10411.5,9715.75
2023-01-25,3407.4,2253.0,3643.8,5036.75,8038.55,9732.65,9493.7,8450.5,7610.85,7990.45,8200.6,10368.95,9673.2
2023-01-26,3453.2,2294.3,3724.1,5117.05,8118.85,9828.95,9590.0,8478.4,7728.75,8108.35,8318.5,10486.85,9791.1
2023-01-27,3732.4,2471.5,4092.85,5375.3,8377.1,10087.2,9786.8,8675.2,7925.55,8305.15,8515.3,10683.65,9987.9
2023-01-30,3464.15,2203.25,3824.6,5107.05,8108.85,9818.95,9518.55,8406.95,7657.3,8036.9,8247.05,10415.4,9719.65
2023-01-31,3601.25,2388.4,3917.25,5248.7,8271.5,10020.6,9731.7,8641.1,7977.0,8356.6,8566.75,10735.1,9981.85
2023-02-01,3359.85,2147.0,3675.85,5014.8,8037.6,9821.75,9564.85,8476.75,7883.65,8263.25,8473.4,10641.75,9888.5
2023-02-02,3600.5,2398.15,3802.55,5159.05,8328.35,10112.5,9869.6,8575.05,7981.95,8361.55,8571.7,10740.05,10037.3
2023-02-03,3820.95,2618.6,4023.0,5379.5,8548.8,10332.95,10198.05,8903.5,8310.4,8744.0,8954.15,11198.5,10495.75
2023-02-06,3472.55,2314.7,3719.1,5075.6,8244.9,10172.1,10037.2,8742.65,8149.55,8428.65,8638.8,10883.15,10180.4
2023-02-07,3879.85,2722.0,4256.4,5612.9,8782.2,10811.4,10676.5,9427.45,8774.35,9053.45,9263.6,11095.45,10392.7
2023-02-08,3676.55,2542.2,4076.6,5378.6,8557.9,10603.1,10468.2,9268.7,8615.6,8894.7,9016.9,10848.75,10146.0
2023-02-09,3690.75,2483.4,4039.8,5193.8,8387.1,10432.3,10348.5,9167.0,8513.9,8802.0,9024.2,10856.05,10153.3
2023-02-10,3914.55,2774.7,4333.1,5464.15,8657.45,10777.65,10693.85,9512.35,8734.25,9022.35,9034.55,10866.4,10163.65
2023-02-13,4062.55,2937.75,4566.2,5825.3,9034.6,11087.35,11005.05,9735.55,8957.45,9275.6,9360.8,11051.2,10348.45
2023-02-14,3726.55,2630.8,4422.3,5681.4,8901.7,10986.45,10934.25,9737.75,8979.15,9307.3,9392.5,11082.9,10380.15
2023-02-15,3696.6,2628.35,4460.35,5669.0,9038.35,11122.65,11070.45,9901.95,9143.35,9471.5,9564.3,11254.7,10551.95
2023-02-16,3616.85,2548.6,4331.1,5609.75,8979.1,11063.4,11015.7,10050.3,8992.2,9320.35,9413.15,11103.55,10400.8
2023-02-17,3565.65,2592.9,4375.4,5654.05,9023.4,11097.2,11049.5,10084.1,9026.0,9354.15,9446.95,11137.35,10434.6
2023-02-20,3574.0,2617.25,4399.75,5707.9,9077.25,11152.05,11126.35,10160.95,9113.85,9459.5,9552.3,11205.75,10417.05
2023-02-21,3196.2,2239.45,4021.95,5330.1,8699.45,10774.25,10748.55,9783.15,8736.05,9081.7,9174.5,10827.95,10012.7
2023-02-22,3044.85,2091.1,3886.1,5194.25,8457.65,10569.0,10565.8,9600.4,8553.3,8898.95,8991.75,10645.2,9760.45
2023-02-23,2954.6,2214.95,4009.95,5318.1,8581.5,10692.85,10547.65,9593.75,8546.65,8892.3,8915.15,10568.6,9683.85
2023-02-24,2872.35,2162.7,3969.7,5272.85,8536.25,10602.1,10456.9,9503.0,8455.9,8801.55,8824.4,10477.85,9593.1
2023-02-27,2854.9,2137.75,3976.75,5279.9,8543.3,10676.25,10531.05,9577.15,8530.05,8899.2,8922.05,10495.6,9610.85
2023-02-28,2752.7,2081.05,3920.05,5223.2,8518.6,10651.55,10323.35,9369.45,8322.35,8691.5,8714.35,10287.9,9403.15
2023-03-01,2640.95,2017.8,3856.8,5159.95,8455.35,10588.3,10260.1,9306.2,8259.1,8627.75,8690.1,10282.15,9397.4
2023-03-02,2838.7,2286.05,4065.1,5368.25,8676.65,10826.65,10498.45,9544.55,8497.45,8866.1,8928.45,10520.5,9635.75
2023-03-03,2921.85,2427.7,4206.75,5531.95,8883.4,11010.95,10682.75,9728.85,8681.75,9050.4,9112.75,10794.8,9910.05
2023-03-06,2804.0,2397.35,4141.4,5466.6,8837.05,11035.15,10706.95,9857.05,8809.95,9178.6,9240.95,10923.0,10038.25
2023-03-07,2827.2,2420.55,4107.1,5395.8,8766.25,10964.35,10636.15,9812.8,8772.2,9090.4,9152.75,10834.8,9950.05
2023-03-08,2835.8,2450.65,4162.2,5437.45,8787.95,10916.05,10587.85,9777.0,8736.4,9056.6,9174.0,10856.05,9971.3
2023-03-09,3153.6,2787.45,4448.0,5707.8,9058.3,11020.9,10692.7,9881.85,8841.25,9161.45,9278.85,10960.9,10076.15
2023-03-10,2764.2,2494.6,4155.15,5430.05,8780.55,10743.15,10414.95,9604.1,8563.5,8883.7,9001.1,10683.15,9798.4
2023-03-13,2747.5,2248.4,3908.95,5379.35,8729.85,10692.45,10364.25,9454.05,8413.45,8733.65,8851.05,10533.1,9648.35
2023-03-14,2823.15,2374.65,4007.3,5285.2,8635.7,10598.3,10270.1,9827.95,8836.85,9262.05,9379.45,11153.0,10268.25
2023-03-15,2850.9,2539.4,4337.05,5682.95,8736.05,10354.7,10026.5,9584.35,8593.25,9018.45,9135.85,10909.4,10024.65
2023-03-16,3079.0,2822.6,4620.25,5708.2,8761.3,10857.95,10555.75,10183.3,9192.2,9770.4,9887.8,11661.35,10873.1
2023-03-17,2922.25,2665.85,4463.5,5684.95,8747.6,10591.35,10289.15,9916.7,8925.6,9503.8,9621.2,11394.75,10606.5
2023-03-20,3103.3,2951.1,4545.4,5766.85,8655.55,10499.3,10197.1,9824.65,8833.55,9411.75,9529.15,11302.7,10514.45
2023-03-21,3257.9,3153.75,4971.55,6270.0,9164.35,11008.1,10394.95,10130.05,9291.0,9908.2,10061.1,11302.7,10514.45
2023-03-22,3260.1,3176.95,4951.8,6348.75,9262.1,11105.85,10642.85,10377.95,9409.25,10026.45,10049.9,11873.1,11084.85
2023-03-23,3137.7,3067.6,4949.45,6346.4,9259.75,11103.5,10660.0,10498.1,9551.4,10168.6,10116.05,11942.25,11116.05
2023-03-24,2979.1,2909.0,4840.85,6056.35,8969.7,10813.45,10369.95,10208.05,9261.35,9878.55,9826.0,11652.2,10826.0
2023-03-27,3106.8,2926.2,4848.1,6316.55,9292.45,10810.4,10366.9,10205.0,9258.3,9875.5,9822.95,11649.15,10822.95
2023-03-28,3047.55,2866.95,4788.85,6188.85,9164.75,10611.2,10167.7,10005.8,9059.1,9676.3,9623.75,11449.95,10623.75
2023-03-29,3302.15,3164.55,5026.0,6432.0,9543.4,10989.85,10546.35,10421.45,9471.85,10089.05,10036.5,11862.7,11006.55
2023-03-30,3273.85,3145.25,5077.7,6483.7,9612.6,11059.05,10615.55,10547.7,9598.1,10236.8,10184.25,12041.95,11188.8
2023-03-31,3386.15,3226.55,5159.0,6565.0,9702.4,11148.85,10705.35,10596.0,9646.4,10285.1,10232.55,12105.75,11252.6
2023-04-03,3504.35,3409.25,5275.7,6676.75,9814.15,11260.6,10701.1,10591.75,9642.15,10280.85,10277.3,12150.5,11297.35
2023-04-04,3318.5,3228.9,5095.35,6496.4,9636.3,11091.25,10531.75,10422.4,9507.35,10155.05,10151.5,12024.7,11192.05
2023-04-05,3221.65,3141.6,4933.05,6334.1,9474.0,10928.95,10369.45,10260.1,9345.05,9992.75,9989.2,11862.4,11029.75
2023-04-06,3393.9,3268.35,5162.8,6563.85,9703.75,11158.7,10633.7,10598.9,9683.85,10356.55,10357.0,12230.2,11397.55
2023-04-07,3413.65,3274.15,5175.1,6545.65,9661.1,11116.05,10591.05,10556.25,9641.2,10313.9,10314.35,12187.55,11354.9
2023-04-10,3533.15,3439.7,5275.2,6645.75,9668.7,11164.65,10639.65,10569.35,9685.8,10360.05,10371.0,12244.2,11411.55
2023-04-11,3494.35,3442.45,5224.0,6594.55,9646.0,11141.95,10616.95,10546.65,9670.6,10344.85,10383.8,12257.0,11424.35
2023-04-12,3612.1,3560.2,5341.75,6655.3,9706.75,11202.7,10430.2,10359.9,9483.85,10158.1,10197.05,12070.25,11237.6
2023-04-13,3853.2,3773.35,5698.9,7024.05,10075.5,11519.45,10870.95,10831.65,9769.2,10405.45,10444.4,12323.1,11569.45
2023-04-14,4050.85,3921.0,5608.55,6895.25,9987.2,11431.15,10782.65,10743.35,9680.9,10317.15,10356.1,12234.8,11481.15
2023-04-17,3990.1,3860.25,5557.3,6906.5,10058.0,11501.95,10853.45,10814.15,9781.7,10421.95,10468.4,12283.6,11529.95
2023-04-18,3760.7,3576.35,5273.4,6640.6,9792.1,11236.05,10587.55,10554.25,9580.8,10221.05,10267.5,12082.7,11329.05
2023-04-19,3665.95,3481.6,5220.65,6587.85,9739.35,11200.3,10603.8,10570.5,9597.05,10237.3,10320.25,12135.45,11381.8
2023-04-20,3763.15,3578.8,5325.85,6726.55,9627.05,11088.0,10527.0,10493.7,9520.25,10252.55,10352.0,12167.2,11471.55
2023-04-21,3742.4,3558.05,5305.1,6698.95,9599.45,11060.4,10499.4,10466.1,9492.65,10224.95,10324.4,12139.6,11443.95
2023-04-24,3656.05,3471.7,5343.85,6746.2,9574.7,11035.65,10474.65,10441.35,9467.9,10200.2,10299.65,12114.85,11419.2
2023-04-25,3568.2,3383.85,5256.0,6658.35,9486.85,10947.8,10386.8,10353.5,9380.05,10112.35,10211.8,12027.0,11331.35
2023-04-26,3698.55,3545.2,5438.85,6637.7,9466.2,10927.15,10366.15,10332.85,9359.4,10091.7,10191.15,12006.35,11310.7
2023-04-27,3922.65,3872.3,5780.95,6917.85,9854.9,11388.35,10863.85,10808.1,9867.15,10659.45,10791.95,12296.15,11600.5
2023-04-28,4026.8,3928.5,5796.65,6985.6,9922.65,11456.1,10931.6,10875.85,9934.9,10727.2,10807.7,12311.9,11616.25
2023-05-01,3840.4,3719.6,5587.75,6776.7,9762.35,11320.8,10796.3,10652.6,9711.65,10503.95,10584.45,12088.65,11393.0
2023-05-02,3677.4,3562.15,5434.35,6623.3,9608.95,11216.45,10691.95,10548.25,9607.3,10419.75,10500.25,12004.45,11308.8
2023-05-03,3719.0,3633.25,5545.0,6832.55,9695.65,11319.15,10799.15,10683.45,9571.0,10365.55,10446.05,11950.25,11254.6
2023-05-04,3528.15,3359.95,5295.2,6534.75,9397.85,11021.35,10517.35,10401.65,9289.2,10083.75,10196.25,11700.45,11004.8
2023-05-05,3611.25,3443.05,5516.4,6755.95,9619.05,11230.65,10726.65,10610.95,9554.5,10349.05,10461.55,11965.75,11205.1
2023-05-08,3631.3,3398.6,5485.45,6712.55,9500.65,11121.4,10617.4,10501.7,9445.25,10239.8,10352.3,11856.5,11095.85
2023-05-09,3598.55,3365.85,5320.7,6547.8,9335.9,10956.65,10452.65,10336.95,9280.5,10075.05,10187.55,11691.75,10931.1
2023-05-10,3668.0,3432.35,5397.2,6579.8,9372.4,11009.85,10505.85,10390.15,9333.7,10128.25,10240.75,11744.95,10984.3
2023-05-11,3550.5,3210.4,5175.25,6357.85,9150.45,10796.4,10292.4,10176.7,9135.25,9929.8,10042.3,11546.5,10785.85
2023-05-12,3332.65,3001.55,4987.9,6134.5,8927.1,10573.05,10069.05,9953.35,8924.4,9718.95,9831.45,11341.65,10581.0
2023-05-15,3359.2,3028.1,5021.0,6202.6,8973.75,10719.25,10234.8,10109.6,9097.15,9891.7,10017.7,11545.4,10784.75
2023-05-16,3312.75,2960.15,4992.55,6187.15,8957.85,10703.35,10218.9,10093.7,9081.25,9875.8,10001.8,11529.5,10738.95
2023-05-17,3328.4,2959.85,5019.75,6214.35,8985.05,10730.55,10246.1,10120.9,9108.45,9903.0,10105.5,11633.2,10842.65
2023-05-18,3530.05,3255.0,5292.0,6502.6,9405.3,11119.8,10635.35,10510.15,9497.7,10292.25,10512.8,12082.0,11364.45
2023-05-19,3408.8,3133.75,5093.25,6303.85,9206.55,10921.05,10436.6,10311.4,9298.95,10093.5,10314.05,11883.25,11165.7
2023-05-22,3515.05,3247.0,5201.55,6404.7,9307.4,11021.9,10537.45,10412.25,9399.8,10194.35,10414.9,11984.1,11266.55
2023-05-23,3498.35,3142.8,5097.35,6300.5,9155.7,10870.2,10385.75,10260.55,9248.1,10042.65,10263.2,11832.4,11114.85
2023-05-24,3571.05,3215.5,5259.55,6439.7,9294.9,11009.4,10524.95,10450.3,9437.85,10232.4,10452.95,12022.15,11304.6
2023-05-25,3613.8,3422.85,5461.9,6695.55,9495.8,11210.3,10749.35,10715.7,9639.2,10433.75,10654.3,12343.6,11578.55
2023-05-26,3913.95,3783.5,5908.1,7122.25,9943.0,11694.05,11233.1,11244.05,10167.55,10962.1,11182.65,12871.95,12106.9
2023-05-29,3816.15,3673.25,5797.85,7022.5,9869.25,11620.3,11159.35,11170.3,10007.8,10802.35,11022.9,12712.2,11947.15
2023-05-30,3836.85,3675.45,5800.05,7024.7,9871.45,11635.0,11064.05,11075.0,9950.05,10788.15,11008.7,12729.0,11963.95
2023-05-31,3845.75,3684.35,5808.95,7033.6,9880.35,11643.9,10952.45,10963.4,9838.45,10676.55,10897.1,12617.4,11852.35
2023-06-01,3845.3,3753.45,5886.6,7062.25,9909.0,11848.15,11140.25,11185.2,10026.8,10864.9,11085.45,12805.75,12040.7
2023-06-02,3588.8,3513.45,5701.6,6882.75,9742.55,11664.2,10956.3,11001.25,9842.85,10686.45,10983.6,12618.95,11853.9
2023-06-05,3563.1,3502.75,5749.4,6930.55,9790.35,11712.0,11007.6,11102.55,9962.65,10806.25,11219.9,12855.25,12090.2
2023-06-06,3459.15,3562.35,5766.55,6895.25,9762.55,11753.75,11049.35,11144.3,10004.4,10807.1,11220.75,12856.1,12091.05
2023-06-07,3504.4,3588.65,5792.85,6927.55,9794.85,11711.05,11059.15,11154.1,10014.2,10816.9,11230.55,12865.9,12100.85
2023-06-08,3458.5,3619.3,5834.5,7107.2,9974.5,11890.7,11326.3,11421.25,10281.35,11084.05,11564.7,13200.05,12435.0
2023-06-09,3524.35,3734.65,5920.35,7193.05,10060.35,11977.6,11597.7,11692.65,10552.75,11355.45,11836.1,13471.45,12706.4
2023-06-12,3717.5,3931.3,6152.05,7440.25,10277.1,12194.35,11814.45,11915.45,10792.1,11594.8,12075.45,13777.8,13012.75
2023-06-13,3663.2,3873.0,6093.75,7435.45,10272.3,12189.55,11809.65,11910.65,10787.3,11590.0,12070.65,13822.05,13057.0
2023-06-14,3821.85,4088.65,6273.9,7615.6,10452.45,12403.7,12031.8,12229.3,11105.95,11908.65,12395.3,14089.3,13324.25
2023-06-15,3795.1,4061.9,6247.15,7741.85,10578.7,12529.95,12158.05,12249.05,11125.7,11928.4,12415.05,14109.05,13344.0
2023-06-16,3599.25,3875.55,6067.85,7562.55,10413.9,12399.65,12044.25,12060.3,10936.95,11739.65,12226.3,13920.3,13169.75
2023-06-19,3528.5,3849.85,6000.65,7495.35,10281.7,12267.45,11912.05,11928.1,10804.75,11607.45,12094.1,13788.1,13037.55
2023-06-20,3477.65,3788.5,5939.3,7456.5,10306.85,12292.6,11882.75,11904.35,10781.0,11583.7,12070.35,13764.35,13013.8
2023-06-21,3534.4,3848.75,5944.55,7270.75,10121.1,12106.85,11697.0,11718.6,10595.25,11397.95,11884.6,13578.6,12828.05
2023-06-22,3763.6,4087.0,6195.8,7453.0,10303.35,12289.1,11879.25,11900.85,10777.5,11682.7,12169.35,13863.35,13112.8
2023-06-23,3816.4,4139.8,6187.1,7491.8,10154.65,12140.4,11730.55,11752.15,10628.8,11534.0,12020.65,13714.65,12964.1
2023-06-26,3940.2,4283.15,6258.45,7563.15,10226.0,12211.75,11801.9,11823.5,10700.15,11605.35,11815.5,13509.5,12758.95
2023-06-27,3832.9,4109.85,6109.65,7414.35,10077.2,12068.45,11673.1,11726.75,10628.9,11577.65,11787.8,13577.85,12827.3
2023-06-28,3686.0,3962.95,5962.75,7272.95,9949.3,11940.55,11545.2,11559.9,10462.05,11410.8,11620.95,13411.0,12660.45
2023-06-29,3608.75,3885.7,5910.5,7164.7,9841.05,11841.3,11403.0,11417.7,10319.85,11268.6,11478.75,13268.8,12518.25
2023-06-30,3605.35,4048.35,6046.7,7300.9,9977.25,11957.05,11518.75,11533.45,10435.6,11384.35,11594.5,13384.55,12657.5
2023-07-03,3648.05,4170.05,6098.9,7360.6,10036.95,12016.75,11607.0,11464.75,10399.95,11376.7,11586.85,13376.9,12649.85
2023-07-04,3619.3,4141.3,6070.15,7342.35,9988.7,11968.5,11535.75,11464.75,10399.95,11376.7,11586.85,13376.9,12649.85
2023-07-05,3545.6,4067.6,6003.45,7438.15,10084.5,12064.3,11631.55,11555.1,10490.3,11467.05,11677.2,13467.25,12740.2
2023-07-06,3462.3,3939.8,5875.65,7310.35,9956.7,11907.0,11474.25,11397.8,10333.0,11309.75,11519.9,13309.95,12582.9
2023-07-07,3389.05,3829.55,5765.4,7200.1,9846.45,11796.75,11364.0,11287.55,10222.75,11199.5,11409.65,13199.7,12472.65
2023-07-10,3523.25,4054.75,5914.15,7403.85,10056.25,12006.55,11573.8,11365.4,10300.6,11277.35,11487.5,13277.55,12550.5
2023-07-11,3433.4,4013.9,5873.3,7368.55,10020.95,11971.25,11518.1,11309.7,10244.9,11221.65,11431.8,13221.85,12494.8
2023-07-12,3441.0,4039.55,5898.95,7369.7,10024.2,11987.0,11533.85,11467.45,10402.65,11379.4,11589.55,13379.6,12652.55
2023-07-13,3557.2,4165.25,6041.65,7555.9,10263.9,12296.75,11843.6,11796.2,10678.45,11617.2,11827.35,13610.4,12908.35
2023-07-14,3657.3,4244.35,6125.25,7645.55,10353.55,12386.4,11933.25,11885.85,10768.1,11706.85,11917.0,13700.05,12998.0
2023-07-17,3683.35,4336.9,6250.3,7780.15,10488.15,12521.0,12030.4,11983.0,10857.85,11796.6,11930.25,13713.3,13055.75
2023-07-18,3833.1,4486.65,6494.55,8024.4,10732.4,12765.25,12274.65,12236.25,11065.6,12004.35,12138.0,13922.6,13265.05
2023-07-19,3862.65,4385.25,6404.2,7928.1,10636.1,12668.95,12178.35,12139.95,11006.35,11991.65,12125.3,13919.9,13178.35
2023-07-20,3625.4,4177.5,6196.45,7720.35,10428.35,12466.7,12008.65,11970.25,10737.65,11722.95,11856.6,13651.2,12909.65
2023-07-21,3730.1,4300.2,6346.15,7827.15,10568.15,12623.5,12175.95,12154.1,10851.55,11836.85,11991.0,13796.1,13057.55
2023-07-24,3547.75,4117.85,6163.8,7644.8,10385.8,12455.15,12058.15,11984.4,10681.85,11667.15,11821.3,13626.4,12887.85
2023-07-25,3629.85,4218.45,6270.45,7751.45,10492.45,12561.8,12183.3,11985.6,10737.05,11722.35,11876.5,13681.6,12948.55
2023-07-26,3500.6,4089.2,6141.2,7622.2,10363.2,12432.55,12054.05,11856.35,10607.8,11593.1,11747.25,13552.35,12819.3
2023-07-27,3523.3,4016.4,6068.4,7607.4,10502.95,12591.8,12229.3,12031.6,10882.05,11867.35,12021.5,13744.15,12838.6
2023-07-28,3655.0,4165.6,6284.1,7886.15,10940.2,13048.05,12575.6,12439.45,11307.4,12330.7,12579.85,14190.0,13345.95
2023-07-31,3463.05,3962.2,6143.2,7771.25,10825.3,12839.2,12366.75,12286.6,11154.55,12177.85,12427.0,14018.15,13174.1
2023-08-01,3375.4,3874.55,6055.55,7683.6,10737.65,12751.55,12279.1,12198.95,11066.9,12090.2,12339.35,13930.5,13086.45
2023-08-02,3289.2,3813.35,6046.35,7699.45,10524.5,12538.4,12065.95,11985.8,10853.75,11877.05,12126.2,13717.35,12873.3
2023-08-03,3469.75,3904.45,6120.15,7773.25,10649.8,12663.7,12213.75,12286.15,11154.1,12177.4,12426.55,13931.75,13087.7
2023-08-04,3259.0,3745.2,5960.9,7614.0,10490.55,12504.45,12054.5,12126.9,10994.85,12018.15,12267.3,13772.5,12849.45
2023-08-07,3298.55,3762.3,6010.05,7663.15,10546.2,12560.1,12110.15,12212.05,11080.0,12103.3,12357.45,13807.2,12884.15
2023-08-08,3290.3,3777.05,6071.3,7742.45,10621.5,12566.4,12116.45,12218.35,11086.3,12109.6,12363.75,13813.5,12890.45
2023-08-09,3322.9,3813.2,6067.45,7833.6,10712.65,12657.55,12207.6,12133.5,11048.0,12071.3,12325.45,13775.2,12865.65
2023-08-10,3508.4,3960.8,6162.55,7928.7,10561.75,12506.65,12056.7,12154.25,11068.75,12092.05,12186.65,13636.4,12726.85
2023-08-11,3318.0,3725.4,5927.15,7748.85,10401.9,12346.8,11896.85,11994.4,10853.4,11876.7,11971.3,13421.05,12511.5
2023-08-14,3358.7,3818.6,6080.85,7902.55,10735.1,12680.0,12396.05,12493.6,11352.6,12375.9,12470.5,13920.25,13010.7
2023-08-15,3173.9,3510.35,5772.6,7583.75,10415.4,12360.3,12076.35,12173.9,11032.9,12056.2,12150.8,13600.55,12691.0
2023-08-16,3165.15,3442.15,5676.9,7333.05,10164.7,12109.6,11825.65,11923.2,10782.2,11805.5,11900.1,13349.85,12440.3
2023-08-17,3340.0,3632.0,5910.75,7589.9,10133.05,12098.95,11874.55,12024.6,10883.6,11906.9,11755.5,13205.25,12295.7
2023-08-18,3186.05,3514.55,5763.85,7477.0,10010.65,11976.55,11752.15,11925.2,10784.2,11807.5,11628.2,13077.95,12168.4
2023-08-21,3475.8,3804.3,6105.1,7818.25,10356.4,12413.3,12188.9,12385.95,11271.95,12339.75,12160.45,13629.2,12443.65
2023-08-22,3467.45,3734.9,6019.25,7699.9,10360.15,12417.05,12192.65,12389.7,11282.7,12260.0,12080.7,13549.45,12363.9
2023-08-23,3838.55,4137.0,6434.85,8176.15,10864.9,12921.8,12697.4,12971.95,11872.95,12807.8,12730.0,14198.75,13049.2
2023-08-24,3563.3,3861.75,6159.6,7900.9,10589.65,12655.05,12478.65,12753.2,11654.2,12589.05,12511.25,13984.5,12841.95
2023-08-25,3975.5,4176.95,6548.35,8247.15,10935.9,13004.3,12828.9,12965.95,12009.0,12943.85,12866.05,14339.3,13196.75
2023-08-28,4128.15,4329.6,6765.5,8472.8,11184.6,13274.0,13098.6,13195.7,12319.25,13254.1,13078.85,14552.1,13409.55
2023-08-29,3981.65,4185.6,6622.55,8329.85,11043.65,13203.65,13028.25,13008.35,12131.9,13066.75,12891.5,14364.75,13222.2
2023-08-30,4038.75,4261.8,6723.8,8431.1,11094.4,13254.4,13079.0,13059.1,12309.2,13244.05,13068.8,14542.05,13399.5
2023-08-31,4052.35,4298.9,6768.45,8475.75,11139.05,13312.55,13191.15,13083.8,12333.9,13268.75,13093.5,14566.75,13424.2
2023-09-01,4247.05,4510.15,7012.2,8742.0,11405.3,13585.3,13459.45,13352.1,12533.2,13474.55,13310.35,14783.6,13641.05
2023-09-04,4271.15,4524.8,7070.9,8840.75,11440.5,13577.5,13486.2,13412.9,12636.05,13577.4,13413.2,14766.95,13624.4
2023-09-05,4049.3,4374.95,6921.05,8704.9,11178.15,13315.15,13223.85,13150.55,12373.7,13315.05,13150.85,14504.6,13362.05
2023-09-06,4099.5,4368.65,6912.35,8696.2,11169.45,13279.95,13188.65,13115.35,12338.5,13279.85,13115.65,14469.4,13326.85
2023-09-07,4013.65,4268.85,6812.55,8596.4,11069.65,13180.15,13088.85,13015.55,12238.7,13180.05,13015.85,14369.6,13227.05
2023-09-08,4100.35,4266.55,6889.8,8673.2,11146.45,13295.95,13204.65,13131.35,12354.5,13295.85,13149.15,14502.9,13213.85
2023-09-11,4259.5,4406.75,7104.5,8919.9,11438.15,13607.65,13578.4,13420.15,12643.3,13532.2,13445.5,14799.25,13510.2
2023-09-12,4316.05,4441.3,7077.55,8787.45,11187.7,13357.2,13327.95,13169.7,12392.85,13281.75,13195.05,14548.8,13259.75
2023-09-13,4423.75,4513.05,7149.3,8859.2,11259.45,13428.95,13399.7,13241.45,12306.1,13195.0,13108.3,14462.05,13173.0
2023-09-14,4323.85,4427.2,7063.45,8786.35,11224.6,13482.1,13452.85,13302.7,12367.35,13256.25,13169.55,14523.3,13234.25
2023-09-15,4279.05,4382.4,7022.2,8745.1,11183.35,13381.9,13352.65,13202.5,12267.15,13156.05,13069.35,14423.1,13134.05
2023-09-18,4389.25,4460.1,7100.95,8823.85,11262.1,13467.15,13437.55,13287.4,12404.55,13293.45,13206.75,14560.5,13273.95
2023-09-19,4317.95,4388.8,7130.65,8853.55,11291.8,13496.85,13467.25,13317.1,12490.3,13388.7,13302.0,14655.75,13369.2
2023-09-20,4002.6,4073.45,6815.3,8538.2,10976.45,13223.55,13206.95,13056.8,12258.5,13156.9,13070.2,14423.95,13144.9
2023-09-21,3915.8,3986.65,6678.0,8273.4,10711.65,12958.75,12942.15,12792.0,11993.7,12892.1,12805.4,14159.15,12880.1
2023-09-22,3836.5,4014.4,6745.3,8340.7,10821.0,13068.1,12956.0,12805.85,12007.55,13009.5,12922.8,14276.55,12997.5
2023-09-25,3881.55,4122.95,6853.85,8330.75,10789.7,13036.8,12924.7,12774.55,11976.25,12978.2,12891.5,14245.25,12966.2
2023-09-26,3691.15,3940.55,6631.0,8070.5,10529.45,12776.55,12664.45,12514.3,11716.0,12717.95,12631.25,13985.0,12705.95
2023-09-27,3616.75,3866.15,6586.75,8026.7,10485.65,12732.75,12620.65,12457.55,11590.25,12592.2,12586.1,13939.85,12660.8
2023-09-28,3516.95,3766.35,6650.45,8036.95,10495.9,12743.0,12630.9,12467.8,11669.0,12670.95,12636.45,13990.2,12711.15
2023-09-29,3383.1,3869.05,6811.15,8197.65,10656.6,12903.7,12802.1,12693.0,11954.7,12956.65,12899.75,14253.5,12981.95
2023-10-02,3349.75,3835.7,6777.8,8199.75,10658.7,12724.4,12622.8,12727.7,11989.4,12991.35,12934.45,14288.2,13016.65
2023-10-03,3168.4,3654.35,6596.45,7810.9,10269.85,12335.55,12233.95,12338.85,11600.55,12602.5,12545.6,13899.35,12627.8
2023-10-04,3337.4,3825.85,6698.55,7901.0,10359.95,12505.65,12551.1,12656.0,11933.7,12718.65,12661.75,14052.0,12780.45
2023-10-05,3402.7,3971.2,6744.9,7947.35,10309.8,12455.5,12500.95,12605.85,11883.55,12668.5,12611.6,14001.85,12730.3
2023-10-06,3427.45,3995.95,6769.65,7988.1,10350.55,12484.3,12529.75,12634.65,11912.35,12697.3,12640.4,13926.2,12654.65
2023-10-09,3342.7,3911.2,6859.9,8078.35,10440.8,12574.55,12620.0,12724.9,12007.65,12792.6,12735.7,14021.5,12749.95
2023-10-10,3213.5,3782.0,6730.7,7949.15,10311.6,12445.35,12493.3,12642.2,11924.95,12709.9,12653.0,13938.8,12667.25
2023-10-11,3300.1,3748.15,6881.95,8131.4,10493.85,12555.15,12603.1,12794.05,12076.8,12861.75,12804.85,14090.65,12819.1
2023-10-12,3386.35,3893.95,6835.25,8103.7,10466.15,12527.45,12575.4,12766.35,12049.1,12846.55,12789.65,14075.45,12803.9
2023-10-13,3253.5,3761.1,6702.4,7970.85,10233.85,12396.65,12444.6,12635.55,11918.3,12715.75,12658.85,13944.65,12673.1
2023-10-16,3210.15,3741.8,6683.1,7989.6,10195.15,12469.45,12517.4,12708.35,11991.1,12788.55,12731.65,14017.45,12887.4
2023-10-17,3229.4,3822.55,6844.85,8151.35,10428.9,12703.2,12619.2,12810.15,12092.9,12890.35,12833.45,14119.25,12989.2
2023-10-18,2939.9,3472.7,6429.0,7735.5,10013.05,12287.35,12203.35,12394.3,11677.05,12474.5,12417.6,13703.4,12573.35
2023-10-19,2897.7,3430.5,6386.8,7693.3,9979.35,12283.65,12208.65,12354.65,11637.4,12434.85,12377.95,13672.75,12334.2
2023-10-20,3012.0,3544.8,6147.1,7453.6,9739.65,12043.95,11968.95,12114.95,11397.7,12195.15,12138.25,13433.05,12094.5
2023-10-23,2821.65,3354.45,5962.25,7286.8,9536.35,11840.65,11765.65,11911.65,11194.4,11991.85,11934.95,13229.75,11891.2
2023-10-24,2776.8,3359.65,5967.45,7314.0,9605.55,11892.35,11864.85,12010.85,11352.15,12149.6,12092.7,13387.5,12048.95
2023-10-25,2228.3,2787.7,5395.5,6742.05,9033.6,11320.4,11292.9,11438.9,10780.2,11577.65,11520.75,12815.55,11477.0
2023-10-26,2012.0,2674.9,5349.25,6656.35,8947.9,11234.7,11207.2,11385.2,10726.5,11350.5,11293.6,12588.4,11249.85
2023-10-27,2110.65,2710.6,5399.45,6573.15,8956.75,11405.6,11378.1,11556.1,10768.45,11392.45,11335.55,12630.35,11291.8
2023-10-30,2033.75,2623.75,5304.65,6528.9,8776.55,11225.4,11197.9,11404.9,10617.25,11241.25,11184.35,12498.15,11159.6
2023-10-31,2192.0,2650.55,5263.5,6487.75,8988.0,11450.35,11197.9,11404.9,10617.25,11241.25,11184.35,12498.15,11159.6
2023-11-01,2164.1,2730.45,5402.4,6789.15,8871.65,11427.55,11348.8,11599.8,10871.15,11495.15,11600.75,12914.55,11576.0
2023-11-02,2143.75,2741.6,5519.2,6924.45,9040.45,11525.9,11470.65,11805.15,11096.5,11720.5,11859.6,13173.4,11834.85
2023-11-03,2304.95,2981.3,5824.1,7229.35,9345.35,11847.8,11982.55,12332.55,11442.45,12066.45,12205.55,13519.35,12216.3
2023-11-06,2233.2,3078.2,5785.0,7162.25,9278.25,11826.2,11960.95,12310.95,11649.35,12287.4,12398.5,13712.3,12149.2
2023-11-07,2216.4,3067.9,5723.7,7100.95,9216.95,11764.9,11857.7,12207.7,11546.1,12184.15,12295.25,13609.05,12045.95
2023-11-08,2112.45,2943.45,5552.75,6930.0,9046.0,11648.0,11740.8,12090.8,11431.7,11976.75,12087.85,13401.65,11838.55
2023-11-09,2173.2,2974.8,5623.6,7048.85,9164.85,11643.85,11736.65,12086.65,11594.1,12064.7,12175.8,13491.6,11965.0
2023-11-10,2226.6,3028.2,5701.5,7129.75,9193.75,11672.75,11765.55,12115.55,11623.0,12093.6,12204.7,13520.5,11993.9
2023-11-13,2340.5,3077.6,5750.9,7179.15,9257.15,11736.15,11828.95,12182.45,11694.9,12175.0,12286.1,13610.9,12084.3
2023-11-14,2309.15,3041.3,5621.6,7054.35,9139.85,11618.85,11740.15,12093.65,11606.1,12086.2,12197.3,13529.6,12003.0
2023-11-15,2077.75,2852.4,5403.2,6835.95,8921.45,11380.0,11531.85,11891.85,11492.35,11972.45,12083.55,13428.35,11901.75
2023-11-16,2082.4,2870.55,5421.35,6864.1,8962.1,11429.65,11581.5,12067.55,11546.55,12026.65,12111.85,13460.15,11865.05
2023-11-17,2088.6,2866.25,5484.1,6896.4,8994.4,11510.0,11661.85,12062.4,11541.4,12021.5,12106.7,13455.0,11859.9
2023-11-20,2323.3,3100.95,5740.8,7153.1,9205.1,11720.7,11872.55,12273.1,11752.1,12232.2,12317.4,13665.7,12134.7
2023-11-21,2241.55,3014.25,5641.65,7053.95,9105.95,11621.55,11773.4,12173.95,11652.95,12133.05,12218.25,13566.55,12035.55
2023-11-22,2175.15,3078.4,5705.8,7118.1,9085.15,11676.8,11718.2,12118.75,11630.25,12110.35,12195.55,13543.85,12012.85
2023-11-23,2174.4,3077.65,5730.55,7128.9,9095.95,11670.15,11711.55,12128.1,11639.6,12119.7,12204.9,13554.2,12023.2
2023-11-24,2076.7,2979.95,5579.35,6977.7,8944.75,11518.95,11560.35,11976.9,11488.4,11968.5,12053.7,13403.0,11872.0
2023-11-27,2066.85,3041.6,5508.05,6864.95,8798.0,11372.2,11413.6,11830.15,11341.65,11821.75,11906.95,13256.25,11735.25
2023-11-28,2135.9,3062.65,5473.7,6842.6,8775.65,11349.85,11391.25,11772.8,11284.3,11764.4,11849.6,13198.9,11677.9
2023-11-29,2220.05,3041.9,5541.45,6907.3,8800.0,11374.2,11475.6,11886.65,11398.15,11878.25,11963.45,13312.75,11934.3
2023-11-30,2218.7,3059.55,5569.15,6791.0,8683.7,11257.9,11359.3,11770.35,11281.85,11761.95,11847.15,13196.45,11818.0
2023-12-01,2017.85,2858.7,5390.3,6612.15,8504.85,11103.55,11204.95,11616.0,11032.0,11512.1,11597.3,12946.6,11568.15
2023-12-04,2109.0,2949.85,5481.45,6631.35,8549.05,11147.75,11298.15,11709.2,11109.75,11563.85,11649.05,12998.35,11619.9
2023-12-05,2222.25,3063.1,5594.7,6737.15,8654.85,11253.55,11403.95,11815.0,11215.55,11669.65,11754.85,13177.65,11799.2
2023-12-06,2170.1,3010.95,5542.55,6685.0,8656.2,11254.9,11405.3,11816.35,11216.9,11671.0,11756.2,13199.0,11820.55
2023-12-07,2285.8,3144.15,5587.25,6811.2,8822.45,11441.65,11592.05,12003.1,11418.65,11774.3,11859.5,13322.3,11943.85
2023-12-08,2436.45,3328.3,5761.45,6985.4,8996.65,11615.85,11766.25,12177.3,11592.85,11964.0,11949.7,13427.05,12048.6
2023-12-11,2621.2,3513.05,5970.2,7194.15,9205.4,11824.6,11906.5,12317.55,11733.1,12159.3,12145.0,13622.35,12243.9
2023-12-12,2778.4,3673.8,6102.95,7377.9,9385.2,12034.9,12187.35,12626.9,12079.45,12446.2,12431.9,13945.25,12566.8
2023-12-13,2952.1,3848.05,6282.7,7550.65,9557.95,12208.2,12360.65,12800.2,12252.75,12619.5,12605.2,14118.55,12740.1
2023-12-14,2882.3,3710.25,6144.9,7412.85,9420.15,12070.4,12222.85,12662.4,12114.95,12481.7,12467.4,13980.75,12602.3
2023-12-15,2912.45,3775.95,6269.15,7426.6,9433.9,12094.65,12247.1,12722.2,12174.75,12543.5,12567.2,14080.55,12702.1
2023-12-18,2997.65,3901.65,6394.85,7622.3,9660.6,12224.35,12349.85,12841.0,12293.55,12662.3,12726.5,14239.85,12861.4
2023-12-19,3093.3,3991.85,6527.05,7754.5,9733.3,12344.05,12469.55,12953.7,12402.3,12771.05,12861.3,14396.15,13022.2
2023-12-20,3106.05,3987.1,6525.8,7760.75,9731.65,12342.4,12467.9,12952.05,12472.15,12840.9,12931.15,14466.0,13092.05
2023-12-21,3023.7,3904.75,6443.45,7691.45,9673.35,12302.6,12428.1,12913.75,12410.4,12779.15,12869.4,14404.25,13030.3
2023-12-22,2907.85,3769.95,6339.15,7537.65,9519.55,12200.35,12325.85,12886.0,12382.65,12751.4,12841.65,14376.5,13002.55
2023-12-26,3080.45,3942.55,6566.25,7741.75,9733.65,12437.0,12579.5,13055.7,12552.35,12975.6,13065.85,14606.2,13232.25
2023-12-27,3103.55,4032.7,6666.9,7842.4,9894.85,12603.7,12654.7,13149.45,12646.1,12943.35,13033.6,14573.95,13200.0
2023-12-28,2921.15,3887.35,6502.55,7678.05,9730.5,12439.35,12490.35,12985.1,12506.75,12804.0,12894.25,14434.6,13060.65
2023-12-29,2920.25,3971.0,6507.8,7695.35,9747.8,12456.65,12507.65,13002.4,12524.05,12758.35,12848.6,14388.95,13015.0
2024-01-02,3128.95,4182.75,6746.05,7936.65,9803.1,12527.45,12578.45,13073.2,12594.85,12829.15,12857.9,14398.25,13024.3
2024-01-03,3005.7,4059.5,6622.8,7813.4,9587.9,12312.25,12363.25,12858.0,12379.65,12613.95,12642.7,14183.05,12809.1
2024-01-04,2913.35,3967.15,6530.45,7753.55,9535.05,12259.4,12391.4,12886.15,12407.8,12642.1,12670.85,14211.2,12682.3
2024-01-05,3043.95,4097.75,6642.1,7915.2,9442.75,12167.1,12299.1,12793.85,12315.5,12549.8,12578.55,14118.9,12590.0
2024-01-08,3150.05,4461.35,7005.7,8305.8,9843.9,12568.25,12714.25,13019.55,12596.7,12831.0,12859.75,14633.1,13138.75
2024-01-09,3038.8,4442.1,6986.45,8286.55,9824.65,12654.0,12800.0,13105.3,12682.45,12994.3,13023.05,14762.4,13268.05
2024-01-10,3000.4,4448.2,7045.55,8364.65,9934.35,12845.7,12937.2,13242.5,12819.65,13131.5,13160.25,14899.6,13405.25
2024-01-11,3210.6,4685.45,7282.8,8697.9,10267.6,13190.45,13252.95,13544.25,13127.9,13415.25,13448.0,15206.85,13712.5
2024-01-12,3212.3,4713.15,7303.0,8718.1,10287.8,13185.7,13200.75,13492.05,13075.7,13363.05,13395.8,15154.65,13660.3
2024-01-15,3126.6,4627.45,7217.3,8632.4,10202.1,13100.0,13115.05,13406.35,12990.0,13277.35,13322.1,15080.95,13586.6
2024-01-16,3107.8,4491.75,7081.6,8496.7,10066.4,12964.3,12979.35,13270.65,12854.3,13141.65,13186.4,14945.25,13450.9
2024-01-17,3236.05,4620.0,7263.35,8684.45,10254.15,13043.6,13058.65,13349.95,12933.6,13204.95,13249.7,15008.55,13514.2
2024-01-18,3505.3,4750.75,7394.1,8815.2,10429.4,13249.85,13308.9,13600.2,13238.35,13532.2,13576.95,15335.8,13700.5
2024-01-19,3643.6,4932.05,7584.45,9005.55,10619.75,13374.7,13480.25,13771.55,13421.2,13748.1,13577.3,15386.2,13750.9
2024-01-22,3374.75,4663.2,7252.1,8673.2,10313.4,13068.35,13173.9,13465.2,13114.85,13559.25,13388.45,15197.35,13562.05
2024-01-23,3410.3,4636.45,7297.9,8770.5,10450.2,13205.15,13310.7,13453.0,13102.65,13547.05,13376.25,15185.15,13549.85
2024-01-24,3555.45,4743.15,7453.1,8980.7,10686.9,13132.9,13238.45,13380.75,13030.4,13474.8,13304.0,15112.9,13485.1
2024-01-25,3636.0,4728.8,7554.8,9082.4,10828.65,13205.15,13308.6,13475.0,13057.7,13502.1,13331.3,15145.7,13557.9
2024-01-26,3570.1,4714.9,7490.4,8894.55,10737.85,13114.35,13217.8,13408.7,12845.4,13289.8,13123.0,14937.4,13399.6
2024-01-29,3668.35,4813.15,7601.7,9005.85,10864.15,13396.15,13499.6,13690.5,13147.2,13591.6,13424.8,15254.2,13716.4
2024-01-30,3481.45,4610.25,7353.3,8775.0,10637.3,13133.8,13237.25,13428.15,12884.85,13329.25,13162.45,14991.85,13454.05
2024-01-31,3295.55,4464.4,7234.95,8672.7,10535.0,13031.5,13104.55,13252.0,12708.7,13153.1,12986.3,14815.7,13277.9
2024-02-01,3386.7,4389.55,7459.1,8896.85,10759.15,13535.8,13634.35,13579.3,13036.0,13480.4,13313.6,15143.0,13669.75
2024-02-02,3600.85,4686.2,7755.75,9085.55,10999.35,13776.0,13874.55,13822.15,13278.85,13628.25,13461.45,15290.85,13817.6
2024-02-05,3632.95,4720.85,7896.45,9282.25,11048.6,13862.75,13961.3,13908.9,13271.65,13621.05,13454.25,15283.65,13810.4
2024-02-06,3632.1,4778.05,7978.65,9384.45,11009.8,13768.95,13877.5,13875.65,13238.4,13587.8,13421.0,15255.9,13674.7
2024-02-07,3749.75,4895.7,8171.8,9577.6,11232.05,13991.2,14188.75,14186.9,13557.15,13964.1,13670.85,15505.75,13924.55
2024-02-08,3743.45,4896.95,8154.05,9559.85,11283.85,14068.55,14228.6,14226.75,13597.0,14003.95,13745.75,15580.65,13999.45
2024-02-09,3906.1,5041.1,8250.2,9672.65,11396.65,14181.35,14341.4,14357.05,13782.3,14189.25,13931.05,15863.45,14286.75
2024-02-12,3920.25,5078.25,8275.45,9697.9,11450.9,14235.6,14408.15,14251.8,13677.05,14084.0,13825.8,15758.2,14181.5
2024-02-13,4190.5,5348.5,8545.7,9968.15,11676.2,14481.9,14479.0,14322.65,13747.9,14154.85,13896.65,15829.05,14252.35
2024-02-14,4200.3,5438.8,8636.0,10058.45,11841.5,14647.2,14714.8,14574.45,13999.7,14406.65,14148.45,16080.85,14504.15
2024-02-15,4215.3,5417.3,8614.5,10155.05,11938.1,14743.8,14815.4,14687.05,14112.3,14519.25,14222.1,16154.5,14577.8
2024-02-16,4367.95,5412.45,8638.65,10338.8,11781.85,14569.6,14641.2,14512.85,13938.1,14345.05,14062.4,15994.8,14418.1
2024-02-19,4328.3,5335.8,8562.0,10262.15,11705.2,14492.95,14564.55,14436.2,13861.45,14268.4,13985.75,15918.15,14341.45
2024-02-20,4209.4,5271.4,8497.6,10229.75,11723.8,14511.55,14538.15,14407.9,13833.15,14281.15,14010.5,15942.9,14286.2
2024-02-21,4291.7,5372.2,8598.4,10330.55,11749.6,14537.35,14563.95,14433.7,13858.95,14515.95,14245.3,16177.7,14521.0
2024-02-22,4382.9,5628.4,8931.7,10667.35,11943.4,14757.15,14783.75,14653.5,14078.75,14735.75,14458.55,16390.95,14734.25
2024-02-23,4275.6,5519.15,8842.95,10592.2,11868.25,14682.0,14708.6,14604.35,14029.6,14686.6,14473.4,16405.8,14749.1
2024-02-26,4186.8,5445.35,8741.15,10498.9,11774.95,14554.7,14581.3,14477.05,13902.3,14559.3,14346.1,16278.5,14621.8
2024-02-27,3994.05,5306.6,8602.4,10360.15,11636.2,14423.95,14483.55,14379.3,13804.55,14305.55,14092.35,16024.75,14368.05
2024-02-28,3808.3,5120.85,8436.7,10165.45,11441.5,14229.25,14288.85,14184.6,13609.85,14110.85,13897.65,15830.05,14173.35
2024-02-29,4116.95,5447.0,8765.4,10578.2,11889.25,14659.55,14745.15,14640.9,14085.15,14586.15,14372.95,16318.85,14662.15
2024-03-01,4156.1,5578.15,8900.55,10664.85,11975.9,14794.75,14904.35,14875.6,14334.35,14835.35,14630.65,16542.05,14937.35
2024-03-04,4160.75,5614.45,8784.35,10473.65,11784.7,14603.55,14713.15,14684.4,14143.15,14644.15,14439.45,16350.85,14746.15
2024-03-05,3972.45,5426.15,8613.05,10392.85,11703.9,14463.8,14573.4,14544.65,14003.4,14504.4,14299.7,16211.1,14606.4
2024-03-06,4166.6,5727.3,8911.8,10501.65,11855.7,14667.1,14776.7,14568.95,14027.7,14528.7,14384.0,16295.4,14690.7
2024-03-07,3967.85,5528.55,8713.05,10363.4,11717.45,14528.85,14638.45,14430.7,13889.45,14390.45,14265.75,16177.15,14662.95
2024-03-08,4128.6,5551.3,8735.8,10226.65,11599.7,14411.1,14520.7,14253.0,13764.75,14265.75,14141.05,16052.45,14538.25
2024-03-11,3927.0,5349.7,8534.2,10025.05,11398.1,14209.5,14319.1,14051.4,13563.15,14064.15,13939.45,15850.85,14336.65
2024-03-12,4189.65,5554.45,8896.6,10539.45,11739.55,14618.45,14728.05,14051.4,13563.15,14064.15,13939.45,15850.85,14336.65
2024-03-13,4109.9,5474.7,8816.85,10465.2,11812.8,14428.35,14537.95,14369.65,13563.15,14064.15,13939.45,15850.85,14336.65
2024-03-14,4165.6,5523.45,8713.6,10366.05,11713.65,14310.15,14419.75,14251.45,13563.15,14064.15,13939.45,15850.85,14336.65
2024-03-15,4236.0,5360.4,8550.55,10203.0,11550.6,14147.1,14256.7,14088.4,13357.1,13858.1,13733.4,15644.8,14130.6
2024-03-18,4414.65,5534.65,8858.3,10536.25,11984.4,14580.9,14584.05,14511.75,13780.45,14281.45,14191.75,15926.15,14466.0
2024-03-19,4413.9,5556.4,8777.55,10550.0,11998.15,14594.65,14597.8,14567.0,13561.25,14062.25,13972.55,15706.95,14246.8
2024-03-20,4498.25,5581.8,8968.0,10740.45,12188.6,14879.1,14882.25,14851.45,13927.6,14314.65,14286.45,16020.85,14736.25
2024-03-21,4519.6,5549.6,8967.8,10786.25,12247.9,14948.95,14976.6,14964.3,14096.45,14499.5,14566.35,16431.3,14736.25
2024-03-22,4556.75,5610.75,9016.5,10834.95,12200.15,14943.2,14970.85,14958.55,14127.2,14530.25,14597.1,16510.55,14736.25
2024-03-25,4531.05,5603.05,9008.8,10733.75,12125.95,14856.0,14902.65,14955.9,14141.55,14558.1,14642.95,16556.4,14615.7
2024-03-26,4572.3,5578.8,8984.55,10689.05,12081.25,14862.3,14908.95,14962.2,14147.85,14564.4,14662.25,16588.2,14700.05
2024-03-27,4767.35,5786.4,9212.15,10985.2,12391.9,15213.45,15260.1,15198.9,14217.6,14634.15,14817.05,16743.0,14854.85
2024-03-28,4655.5,5633.2,9029.0,10802.05,12208.75,15030.3,15076.95,15015.75,14217.6,14634.15,14817.05,16743.0,14854.85
2024-04-01,5064.75,6042.45,9446.25,11165.8,12612.55,15434.1,15272.75,15143.55,14442.9,14859.45,15042.35,16968.3,15080.15
2024-04-02,5060.4,6085.1,9499.0,11218.55,12680.35,15501.9,15369.55,15240.35,14539.7,14956.25,15139.15,17065.1,15176.95
2024-04-03,5169.2,6193.9,9607.8,11327.35,12789.15,15610.7,15478.35,15349.15,14648.5,15104.55,15314.45,17186.45,15298.3
2024-04-04,5357.5,6388.2,9795.6,11515.15,12976.95,15666.5,15534.15,15404.95,14704.3,15160.35,15370.25,17242.25,15354.1
2024-04-05,5493.5,6513.7,9914.15,11498.25,13108.6,15823.65,15532.85,15448.2,14781.1,15253.15,15281.55,17153.55,15265.4
2024-04-08,5501.8,6587.5,9987.95,11465.55,13075.9,15790.95,15341.15,15256.5,14589.4,15061.45,15089.85,16961.85,15073.7
2024-04-09,5630.0,6715.7,10144.15,11649.25,13318.1,16033.15,15317.35,15300.2,14633.1,15109.15,15166.1,17038.1,15239.0
2024-04-10,5363.6,6471.9,9900.35,11455.45,13129.3,15844.35,15188.6,15039.45,14372.35,14848.4,14905.35,16777.35,14904.75
2024-04-11,5409.75,6525.05,9964.0,11531.6,13163.05,15878.1,15222.35,15073.2,14406.1,14882.15,14939.1,16811.1,14938.5
2024-04-12,4902.9,5968.2,9407.15,10974.75,12606.2,15321.25,14665.5,14516.35,13849.25,14325.3,14382.25,16254.25,14381.65
2024-04-15,4701.55,5778.85,9268.3,10835.9,12543.4,15364.55,14500.2,14351.05,13695.95,14177.5,14256.45,16128.45,14310.4
2024-04-16,4675.25,5662.05,9151.5,11048.75,12756.25,15577.4,14636.1,14380.45,13725.35,14206.9,14285.85,16157.85,14339.8
2024-04-17,4611.35,5713.85,9241.8,11139.05,12697.05,15518.2,14613.4,14357.75,13702.65,14184.2,14296.15,16168.15,14350.1
2024-04-18,4081.4,5227.4,8766.35,10653.1,12211.1,15045.25,14140.45,13842.85,13221.8,13708.85,13832.3,15704.3,13889.25
2024-04-19,4118.6,5343.1,8885.6,10879.35,12474.85,15276.1,14416.3,14170.7,12973.7,13460.75,13584.2,15456.2,13641.15
2024-04-22,4123.35,5487.85,9030.35,11029.65,12731.15,15532.4,14672.6,14490.5,13313.5,13611.55,13735.0,15624.0,13808.95
2024-04-23,4173.4,5537.9,9220.45,11338.8,13133.85,15745.15,14915.75,14733.65,13556.65,13854.7,13978.15,15995.65,14180.6
2024-04-24,4114.05,5361.1,9065.65,11184.0,12958.1,15536.9,14707.5,14525.4,13348.4,13646.45,13769.9,15787.4,13972.35
2024-04-25,4332.75,5579.8,9260.9,11379.25,13153.35,15732.15,14943.25,14761.15,13584.15,13882.2,14034.15,16051.65,14249.6
2024-04-26,4398.45,5694.0,9375.1,11509.95,13222.1,15800.9,14916.0,14733.9,13556.9,13854.95,14006.9,16024.4,14222.35
2024-04-29,4404.1,5714.15,9412.75,11495.15,13207.3,15786.1,14861.2,14715.1,13538.1,13836.15,13988.1,16005.6,14203.55
2024-04-30,3923.75,5233.8,8932.4,11014.8,12726.95,15305.75,14380.85,14234.75,13057.75,13355.8,13507.75,15525.25,13723.2
2024-05-01,4056.45,5366.5,9023.15,11105.55,12876.2,15403.5,14478.6,14332.5,13547.5,13811.1,13963.05,15980.55,14178.5
2024-05-02,4326.55,5643.1,9335.9,11426.8,13234.5,15761.8,14846.9,14716.8,13940.8,14104.95,14255.35,16272.85,14470.8
2024-05-03,4708.25,6037.3,9716.7,11807.6,13620.35,16147.65,15232.75,15102.65,14326.65,14490.8,14641.2,16658.7,14856.65
2024-05-06,4842.35,6182.4,9904.35,11990.3,13802.55,16329.85,15389.45,15370.4,14594.4,14769.55,14919.95,16959.45,15157.4
2024-05-07,4806.4,6146.05,9781.05,11882.55,13694.8,16222.1,15281.7,15262.65,14588.65,14763.8,14914.2,16953.7,15151.65
2024-05-08,4899.65,6196.3,9853.3,11954.8,13767.05,16294.35,15353.95,15368.95,14658.5,14833.65,14984.05,17023.55,15221.5
2024-05-09,4962.7,6260.9,9908.4,12023.95,13836.2,16363.5,15423.1,15438.1,14638.15,14813.3,14963.7,17040.7,15238.65
2024-05-10,5084.8,6161.05,9808.55,11924.1,13736.35,16322.65,15382.25,15397.25,14811.95,14987.1,15137.5,17214.5,15412.45
2024-05-13,5063.9,6140.15,9796.65,11903.7,13705.0,16300.3,15439.95,15463.95,14892.15,14945.8,15096.2,17190.7,15388.65
2024-05-14,5202.7,6341.45,9995.95,12088.55,13889.85,16485.15,15624.8,15648.8,15077.0,15130.65,15281.05,17375.55,15573.5
2024-05-15,5381.75,6492.05,10182.55,12326.15,14179.95,16775.25,15963.45,15987.45,15415.65,15469.3,15619.7,17714.2,15912.15
2024-05-16,5380.55,6395.85,10086.35,12229.95,14083.75,16679.05,15867.25,15891.25,15319.45,15373.1,15523.5,17618.0,15815.95
2024-05-17,5316.2,6340.1,10063.15,12218.75,14072.55,16682.85,15847.1,15871.1,15230.3,15283.95,15434.35,17528.85,15726.8
2024-05-20,5597.35,6559.75,10162.35,12327.95,14181.75,16803.55,15979.3,15946.8,15306.0,15359.65,15512.05,17606.55,15861.6
2024-05-21,5556.6,6519.0,10171.1,12336.7,14190.5,16812.3,15996.55,15964.05,15323.25,15376.9,15529.3,17623.8,15878.85
2024-05-22,5533.8,6527.7,10186.9,12346.55,14154.35,16776.15,15981.9,15949.4,15308.6,15329.3,15481.7,17576.2,15831.25
2024-05-23,5327.65,6321.55,9980.75,12166.9,13974.7,16609.5,15815.25,15813.25,15172.45,15193.15,15196.05,17290.55,15545.6
2024-05-24,5365.8,6290.7,9949.9,12136.05,13943.85,16635.2,15840.95,15904.45,15263.65,15292.35,15376.75,17515.8,15770.85
2024-05-27,5450.2,6375.1,10046.8,12250.95,14058.75,16750.1,15974.85,16038.35,15425.55,15411.3,15495.7,17634.75,15889.8
2024-05-28,5570.4,6495.3,10150.55,12378.2,14186.0,16877.35,16107.6,16171.1,15519.8,15537.55,15621.95,17761.0,16016.05
2024-05-29,5494.2,6419.1,10074.35,12302.0,14109.8,16801.15,16073.9,16137.4,15486.1,15534.35,15618.75,17757.8,15885.4
2024-05-30,5540.95,6366.35,10021.6,12259.25,14182.15,16873.5,16045.75,16157.75,15506.45,15554.7,15639.1,17778.15,15905.75
2024-05-31,5638.25,6463.65,10118.9,12356.55,14279.45,16897.35,16069.6,16181.6,15908.8,15957.05,16041.45,18180.5,16308.1
2024-06-03,6050.45,6823.35,10459.7,12704.4,14755.8,17248.7,16420.95,16532.95,16260.15,16335.4,16419.8,18558.85,16686.45
2024-06-04,6099.55,6854.45,10572.9,12829.65,14881.05,17373.95,16546.2,16658.2,16385.4,16460.65,16545.05,18684.1,16811.7
2024-06-05,6358.7,7137.15,10855.6,13147.85,15214.3,17735.2,16938.95,17050.95,16723.25,16809.5,16969.4,19139.95,17267.55
2024-06-06,6272.25,6966.75,10659.2,12951.45,14951.9,17472.8,16676.55,16788.55,16460.85,16547.1,16707.0,18877.55,17005.15
2024-06-07,6350.45,7116.45,10808.9,12788.15,14794.6,17309.1,16512.85,16624.85,16297.15,16383.4,16543.3,18713.85,16841.45
2024-06-10,6247.05,7013.05,10647.55,12687.3,14669.3,17183.8,16387.55,16548.05,16220.35,16306.6,16565.55,18736.1,16971.75
2024-06-11,6324.2,7164.7,10896.7,12950.05,14938.1,17466.1,16669.85,16830.35,16513.65,16599.9,16858.85,18999.95,17235.6
2024-06-12,6337.35,7443.35,11183.35,13207.75,15187.85,17714.35,16918.1,17081.15,16764.45,16955.7,17214.65,19355.75,17591.4
2024-06-13,6232.55,7338.55,11078.55,13102.95,15083.05,17609.55,16813.3,17005.4,16710.7,16901.95,17160.9,19302.0,17537.65
2024-06-14,6272.75,7429.25,11205.25,13243.15,15223.25,17701.3,16905.05,17063.15,16768.45,16917.25,17220.7,19361.8,17615.95
2024-06-17,6318.45,7543.45,11380.0,13303.9,15284.0,17914.55,17118.3,17276.4,16981.7,17279.0,17582.45,19723.55,17977.7
2024-06-18,6342.75,7563.3,11399.85,13329.25,15309.35,17949.9,17153.65,17313.75,17031.55,17328.85,17632.3,19786.4,18040.55
2024-06-19,6374.0,7597.55,11400.65,13335.55,15315.65,17949.75,17153.5,17313.6,17031.4,17328.7,17645.15,19799.25,18053.4
2024-06-20,6417.75,7656.3,11459.4,13394.3,15374.4,18008.5,17212.25,17386.35,17062.7,17360.0,17676.45,19837.05,18137.2
2024-06-21,6560.45,7659.0,11462.1,13434.55,15261.65,17901.75,17105.5,17292.6,16968.95,17266.25,17612.75,19698.35,17998.5
2024-06-24,6335.2,7433.75,11271.35,13243.8,15070.9,17711.0,16923.75,17138.85,16815.2,17112.5,17459.0,19614.15,17914.3
2024-06-25,6465.25,7631.35,11472.45,13278.4,15105.5,17722.1,16994.4,17209.5,16903.35,17285.25,17631.75,19786.9,18087.05
2024-06-26,6510.95,7701.55,11542.65,13358.55,15250.15,17879.75,17111.1,17331.2,17078.7,17460.6,17807.1,19844.75,18151.4
2024-06-27,6772.5,7926.15,11829.75,13785.25,15561.4,18240.55,17546.95,17767.05,17522.6,17904.5,18251.0,20288.65,18595.3
2024-06-28,6839.2,7992.85,11896.45,13862.95,15639.1,18440.3,17746.7,17834.3,17589.85,17971.75,18318.25,20355.9,18662.55
2024-07-01,6874.3,8073.45,12130.15,14083.2,15705.35,18519.55,17682.95,17770.55,17526.1,17908.0,18254.5,20292.15,18598.8
2024-07-02,6925.9,8199.6,12457.3,14473.85,16096.0,18937.7,18168.1,18255.7,17890.25,18272.15,18618.65,20656.3,18962.95
2024-07-03,7092.65,8431.85,12689.55,14823.15,16396.35,19238.05,18225.0,18388.6,18023.15,18405.05,18751.55,20789.2,19095.85
2024-07-04,6984.1,8323.3,12581.0,14714.6,16287.8,19129.5,18225.0,18280.05,17914.6,18296.5,18643.0,20680.65,18987.3
2024-07-05,7039.75,8464.45,12788.7,14904.8,16483.5,19336.2,18644.3,18478.3,18112.85,18501.75,18852.25,20898.4,19239.05
2024-07-08,7057.85,8528.05,12824.35,14951.95,16530.65,19361.9,18670.0,18518.5,18153.05,18541.95,18903.95,20950.1,19342.8
2024-07-09,7084.65,8554.85,12851.15,14978.75,16557.45,19388.7,18730.8,18579.3,18213.85,18602.75,18964.75,21043.45,19436.15
2024-07-10,7084.7,8555.45,12851.75,14987.85,16572.55,19441.3,18798.95,18618.0,18252.55,18641.45,19042.0,21136.7,19542.9
2024-07-11,7050.0,8575.4,12871.7,15027.3,16541.0,19409.75,18767.4,18586.45,18221.0,18609.9,19010.45,21105.15,19511.35
2024-07-12,7222.7,8758.6,13204.95,15234.05,16747.75,19305.5,18663.15,18482.2,18116.75,18520.65,19092.7,21187.4,19593.6
2024-07-15,6998.9,8534.8,12981.15,15028.25,16541.95,19122.2,18479.85,18298.9,17933.45,18337.35,18918.9,21026.1,19432.3
2024-07-16,7043.1,8579.0,13088.4,15162.0,16429.3,19009.55,18367.2,18186.25,17820.8,18224.7,18806.25,20913.45,19319.65
2024-07-17,6819.35,8355.25,12864.65,14938.25,16205.55,18785.8,18143.45,17962.5,17597.05,18000.95,18582.5,20689.7,19095.9
2024-07-18,6931.0,8332.95,12915.85,14989.45,16256.75,18602.0,17959.65,17778.7,17451.8,17855.7,18450.25,20625.45,19031.65
2024-07-19,6860.65,8223.15,12806.05,14727.75,15995.05,18340.3,17697.95,17517.0,17190.1,17594.0,18188.55,20363.75,18769.95
2024-07-22,6906.3,8301.3,12789.75,14665.5,16016.8,18474.6,17638.2,17526.25,17269.4,17719.8,18314.35,20454.1,18901.3
2024-07-23,6386.35,7806.35,12262.35,14044.6,15395.9,17962.75,17126.35,17115.95,17144.15,17594.55,18189.1,20328.85,18776.05
2024-07-24,5983.45,7403.45,11872.45,13569.2,14874.55,17441.4,16605.0,16594.6,16622.8,17073.2,17667.75,19807.5,18254.7
2024-07-25,5473.2,6845.2,11314.2,13010.95,14316.3,16883.15,16046.75,16036.35,16064.55,16514.95,17109.5,19249.25,17696.45
2024-07-26,5316.95,6688.95,11270.45,12992.2,14005.05,16571.9,15735.5,15725.1,15753.3,16203.7,16798.25,18938.0,17385.2
2024-07-29,5698.15,7043.2,11454.2,12898.95,13911.8,16478.65,15695.25,15684.85,15713.05,16239.45,16834.0,18915.3,17362.5
2024-07-30,5523.5,6879.05,11330.05,12696.35,13727.2,16306.05,15562.65,15552.25,15580.45,15900.85,16495.4,18576.7,17023.9
2024-07-31,5848.25,7275.35,11890.35,13295.65,14443.0,17021.85,16278.45,16268.05,16295.75,16427.7,17096.75,19178.05,17741.75
2024-08-01,5674.35,7157.0,11772.0,13110.4,13984.75,16563.6,15820.2,15809.8,15837.5,15969.45,16638.5,18719.8,17283.5
2024-08-02,5140.1,6622.75,11237.75,12576.15,13450.5,16029.35,15285.95,15275.55,15303.25,15435.2,16104.25,18185.55,16749.25
2024-08-05,5415.05,6897.7,11512.7,13109.6,13983.95,16562.8,15819.4,15961.0,15988.7,15182.65,15851.7,17933.0,16496.7
2024-08-06,5774.7,7440.95,11251.5,12889.9,13641.25,16335.65,15137.75,15279.35,15307.05,14501.0,15170.05,17251.35,15815.05
2024-08-07,5695.35,7318.15,11128.7,12482.6,13233.95,15928.35,14730.45,14872.05,14899.75,14107.2,14816.75,16898.05,15667.25
2024-08-08,6646.0,8038.3,11859.45,13279.85,14069.2,16760.65,15562.75,15704.35,15732.05,14939.5,15649.05,17864.85,16634.05
2024-08-09,6742.8,8257.1,12236.75,13657.15,14446.5,17137.95,15940.05,16081.65,16109.35,15301.3,16010.85,18226.65,16995.85
2024-08-12,6474.9,7891.2,12042.95,13463.35,14252.7,17065.25,15754.9,15896.5,15924.2,15116.15,15825.7,18041.5,16810.7
2024-08-13,6683.0,8107.8,12283.6,13911.5,14700.85,17468.5,16166.65,16309.2,16370.9,15717.85,16427.4,18518.25,17287.45
2024-08-14,6826.65,8430.95,12538.25,14218.65,15008.0,17555.2,16253.35,16395.9,16457.6,15804.55,16407.1,18497.95,17267.15
2024-08-15,7225.4,8860.75,13027.05,14707.45,15496.8,18078.5,16776.65,16967.25,16891.5,16238.45,16841.0,18931.85,17701.05
2024-08-16,7464.75,9139.1,13398.9,15098.3,15699.65,18459.4,17196.55,17302.65,17226.9,16589.35,16978.9,19069.75,17838.95
2024-08-19,7406.0,9131.4,13391.2,15144.1,15699.5,18609.75,17346.9,17453.0,17377.25,16739.7,17136.25,19227.1,17996.3
2024-08-20,7510.65,9244.05,13498.4,15251.3,15827.7,18525.45,17262.6,17395.7,17319.95,16682.4,16968.95,19059.8,17881.55
2024-08-21,7611.6,9348.6,13519.0,15271.9,15902.85,18673.15,17410.3,17505.0,17429.25,16748.7,17035.25,19126.1,17947.85
2024-08-22,7350.35,9115.4,13299.3,15052.2,15694.65,18464.95,17168.15,17262.85,17187.1,16542.55,16829.1,18919.95,17741.7
2024-08-23,7712.5,9477.55,13738.5,15421.95,16171.95,18962.8,17666.0,17255.65,17229.9,16585.35,16871.9,18962.75,17874.55
2024-08-26,7548.2,9259.75,13544.7,15122.7,15872.7,18663.55,17366.75,16956.4,16930.65,16286.1,16572.65,18663.5,17575.3
2024-08-27,7583.75,9334.8,13711.75,15287.8,16080.85,18858.7,17435.0,17024.65,16998.9,16375.85,16662.4,18764.25,17689.55
2024-08-28,7331.0,9104.55,13503.5,15052.1,15860.65,18651.0,17299.8,16889.45,16863.7,16240.65,16527.2,18629.05,17482.45
2024-08-29,7530.2,9404.25,13835.25,15383.85,16230.4,19020.75,17705.55,17326.7,17350.45,16766.4,17052.95,19120.35,17791.3
2024-08-30,7251.1,9331.25,13676.75,15225.35,16166.4,18904.3,17654.6,17275.75,17291.5,16707.45,16994.0,19061.4,17732.35
2024-09-02,7323.35,9403.5,13672.0,15147.15,16088.2,18826.1,17694.95,17316.1,17331.85,16747.8,17034.35,19101.75,17772.7
2024-09-03,7250.7,9330.85,13599.35,15007.45,15753.5,18491.4,17427.3,17048.45,17064.2,16480.15,16766.7,18834.1,17505.05
2024-09-04,7250.9,9015.55,13018.55,14426.65,15172.7,17910.6,16846.5,16467.65,16483.4,15899.35,16185.9,18253.3,16924.25
2024-09-05,7488.4,9130.65,13143.15,14551.25,15406.8,18220.3,16600.8,16221.95,16237.7,15653.65,15940.2,18007.6,16678.55
2024-09-06,7534.65,9176.9,13067.4,14475.5,15331.05,18144.55,16525.05,16146.2,16161.95,15577.9,15543.45,17610.85,16281.8
2024-09-09,7811.8,9666.05,13587.05,15047.65,15914.2,18741.2,17027.8,16648.95,16664.7,16130.7,16134.25,18201.65,16872.6
2024-09-10,7423.4,9244.15,13267.15,14727.75,15594.3,18441.3,16830.95,16452.1,16784.9,16250.9,16254.45,18421.4,17092.35
2024-09-11,7886.7,9763.95,13786.95,15497.55,16558.1,19405.1,17829.75,17450.9,17595.75,17061.75,17194.3,19361.25,18223.2
2024-09-12,8064.7,9850.0,13906.6,15703.8,16798.35,19654.85,18085.05,17723.15,17868.0,17334.0,17450.05,19642.0,18503.95
2024-09-13,8265.5,10020.4,14083.5,15776.7,16899.75,19770.75,18243.45,17881.55,17942.9,17408.9,17524.95,19716.9,18578.85
2024-09-16,8223.3,9982.2,14045.3,15738.5,16861.55,19732.55,18205.25,17843.35,17904.7,17370.7,17486.75,19678.7,18540.65
2024-09-17,8025.0,9715.9,13779.0,15472.2,16587.25,19418.3,17891.0,17529.1,17590.45,17056.45,17172.5,19364.45,18226.4
2024-09-18,8072.5,9954.1,13851.2,15455.9,16570.95,19402.0,17423.7,17061.8,17123.15,16589.15,16705.2,18897.15,17759.1
2024-09-19,8842.15,10653.75,14697.4,16079.1,17261.15,19923.15,18065.45,17777.55,17688.9,16936.45,17052.5,19356.95,18218.9
2024-09-20,8888.75,10634.35,14661.55,15997.75,17121.85,19783.85,17926.15,17638.25,17549.6,16797.15,16913.2,19217.65,18079.6
2024-09-23,8830.45,10708.15,14642.9,16021.6,17145.7,19807.7,17950.0,17662.1,17669.45,16917.0,17033.05,19337.5,18199.45
2024-09-24,8703.65,10581.35,14516.1,15735.35,16808.95,19470.95,17613.25,17325.35,17332.7,16580.25,16696.3,19000.75,17862.7
2024-09-25,8846.25,10729.5,14680.25,15892.5,16966.1,19645.6,17793.45,17505.55,17512.9,16760.45,16876.5,19180.95,18042.9
2024-09-26,9062.35,10954.1,15135.95,16358.25,17431.85,20111.35,18231.2,17943.3,17882.7,17130.25,17246.3,19574.75,18436.7
2024-09-27,9019.6,11044.95,15226.8,16383.6,17490.2,20200.2,18036.55,17748.65,17688.05,16935.6,17051.65,19380.1,18242.05
2024-09-30,9065.3,10956.15,15047.55,16204.35,17232.0,19942.0,17778.35,17490.45,17429.85,16677.4,16793.45,19121.9,17983.85
2024-10-01,9260.1,11074.45,15165.85,16148.15,17218.8,19928.8,17765.15,17477.25,17416.65,16737.2,16853.25,19181.7,18043.65
2024-10-02,9381.75,11153.1,15202.1,16008.4,17079.05,19789.05,17625.4,17337.5,17276.9,16597.45,16713.5,19041.95,17903.9
2024-10-03,9075.3,10846.65,14895.65,15691.45,16762.1,19472.1,17308.45,17020.55,17231.0,16551.55,16383.6,18712.05,17574.0
2024-10-04,9619.0,11491.85,15546.35,16310.2,17468.35,20178.35,18014.7,17763.3,17973.75,17294.3,17100.35,19502.35,18364.3
2024-10-07,9475.35,11348.2,15429.7,16193.55,17409.65,20119.65,17956.0,17704.6,17915.05,17235.6,17041.65,19413.75,18275.7
2024-10-08,9630.65,11503.5,15585.0,16348.85,17657.5,20425.5,18212.4,17961.0,18171.45,17492.0,17356.05,19728.15,18590.1
2024-10-09,9633.85,11543.2,15625.2,16388.6,17697.25,20465.25,18252.15,18000.75,18211.2,17568.25,17432.3,19853.9,18715.85
2024-10-10,9663.45,11517.3,15426.85,16190.25,17498.9,20266.9,18053.8,17802.4,18012.85,17369.9,17233.95,19655.55,18517.5
2024-10-11,9647.2,11529.55,15316.6,16080.0,17388.65,20145.25,17932.15,17680.75,17891.2,17248.25,17112.3,19533.9,18395.85
2024-10-14,9768.3,11721.65,15510.25,16223.15,17531.8,20288.4,18072.85,17787.0,18045.95,17403.0,17260.55,19682.15,18544.1
2024-10-15,9510.05,11463.4,15252.0,15964.9,17273.55,20030.15,17814.6,17528.75,17787.7,17144.75,17002.3,19423.9,18285.85
2024-10-16,9466.75,11374.7,15177.8,15906.2,17226.85,19973.05,17757.5,17471.65,17730.6,17087.65,16945.2,19366.8,18228.75
2024-10-17,9655.9,11390.9,15257.5,15985.9,17216.05,19962.25,17863.75,17577.9,17864.85,17221.9,16743.45,19165.05,18027.0
2024-10-18,9390.35,11192.9,15061.55,15944.0,17212.65,19958.85,17860.35,17762.55,18049.5,17326.1,16847.65,19077.2,17943.65
2024-10-21,9482.15,11260.75,15170.4,16052.85,17321.5,20067.7,17969.2,17871.4,18158.35,17434.95,16956.5,19186.05,18052.5
2024-10-22,9465.35,11357.0,15099.2,16124.15,17392.8,20139.0,18022.55,17924.75,18211.7,17488.3,17009.85,19239.4,18105.85
2024-10-23,9282.05,11157.7,14964.4,15928.35,17351.0,20097.2,17980.75,17882.95,18169.9,17446.5,16968.05,19197.6,18064.05
2024-10-24,9311.6,11226.3,15033.0,15959.5,17382.15,20128.35,18011.9,17914.1,18201.05,17532.3,17053.85,19283.4,18149.85
2024-10-25,9499.65,11430.85,15262.05,16205.05,17647.8,20453.55,18253.1,18224.8,18511.75,17832.45,17354.0,19624.6,18491.05
2024-10-28,9480.3,11437.5,15135.7,16150.25,17434.55,20240.3,18039.85,18011.55,18378.05,17698.75,17053.8,19324.4,18190.85
2024-10-29,9437.55,11394.75,15092.95,16041.0,17339.3,20193.55,17993.1,17964.8,18468.85,17789.55,17144.6,19415.2,18281.65
2024-10-30,9041.7,10869.6,14567.8,15515.85,16814.15,19668.4,17467.95,17439.65,17943.7,17264.4,16619.45,18890.05,17756.5
2024-10-31,8964.55,10792.45,14562.15,15510.2,16808.5,19662.75,17490.8,17462.5,17737.55,17058.25,16413.3,18683.9,17550.35
2024-11-01,8919.75,10756.7,14430.4,15513.05,16811.35,19665.6,17493.65,17663.85,17945.9,17012.65,16367.7,18638.3,17504.75
2024-11-04,9024.1,10934.05,14621.75,15704.4,16671.8,19526.05,17354.1,17524.3,17806.35,16873.1,16228.15,18498.75,17365.2
2024-11-05,9433.25,11467.8,15187.0,16253.7,17212.65,20079.9,17880.45,18050.65,18332.7,17424.95,16780.0,19062.15,17928.6
2024-11-06,9950.5,12127.05,15757.8,16838.5,17650.0,20780.75,18634.8,18847.0,19129.05,18221.3,17576.35,19858.5,18724.95
2024-11-07,10144.75,12413.3,16044.05,17153.75,18204.3,21335.05,19180.65,19392.85,19674.9,18767.15,18147.7,20429.85,19282.8
2024-11-08,10265.55,12534.1,16181.85,17316.55,18310.6,21382.9,19228.5,19476.2,19758.25,18850.5,18248.05,20473.7,19326.65
2024-11-11,10412.9,12784.45,16432.2,17571.4,18565.45,21459.3,19304.9,19552.6,19834.65,18926.9,18324.45,20550.1,19403.05
2024-11-12,10410.1,12714.65,16362.4,17589.65,18583.7,21343.05,19188.65,19436.35,19718.4,18810.65,18208.2,20433.85,19286.8
2024-11-13,10375.3,12463.35,16111.1,17338.35,18332.4,20989.75,18835.35,19083.05,19365.1,18457.35,17854.9,20080.55,18933.5
2024-11-14,10141.5,12229.55,15810.3,17037.55,18031.6,20688.95,18545.55,18803.25,19138.35,18202.65,17600.2,19825.85,18678.8
2024-11-15,10153.25,12275.3,15859.55,17009.3,18003.35,20706.25,18562.85,18734.05,19069.15,18133.45,17531.0,19756.65,18609.6
2024-11-18,10220.0,12224.55,15808.8,17015.05,18009.1,20743.0,18461.1,18632.3,18967.4,18031.7,17429.25,19654.9,18507.85
2024-11-19,10452.2,12587.75,16115.05,17434.8,18426.4,21160.3,18878.4,19049.6,19384.7,18449.0,17897.6,20009.3,18862.25
2024-11-20,10735.5,12701.55,16228.85,17564.6,18556.2,21368.1,19086.2,19257.4,19592.5,18656.8,18105.4,20275.15,19128.1
2024-11-21,10956.25,13029.8,16412.1,17707.4,18699.0,21385.4,19147.5,19318.7,19653.8,18781.1,18229.7,20399.45,18901.9
2024-11-22,10875.55,12977.1,16359.4,17654.7,18660.3,21221.7,18983.8,19155.0,19490.1,18617.4,18066.0,20235.75,18738.2
2024-11-25,10839.65,12937.2,16345.55,17666.4,18749.1,21310.5,19037.15,19208.35,19543.45,18670.75,18154.85,20324.6,18827.05
2024-11-26,10654.3,12703.35,16146.7,17467.55,18597.75,21159.15,18901.8,19303.1,19458.75,18586.05,18070.15,20239.9,18758.35
2024-11-27,10570.1,12619.15,16001.0,17321.85,18452.05,21013.45,18756.1,19092.4,19248.05,18375.35,17859.45,20029.2,18547.65
2024-11-28,10615.35,12664.4,16046.25,17421.65,18551.85,21085.25,18827.9,19171.7,19337.85,18465.15,17898.35,20077.6,18596.05
2024-11-29,10562.1,12636.65,16030.05,17230.5,18360.7,20894.1,18636.75,18980.55,19146.7,18274.0,17712.2,19891.45,18409.9
2024-12-02,10576.8,12629.85,16023.25,17176.7,18306.9,20840.3,18582.95,18926.75,19092.9,18220.2,17663.4,19876.15,18394.6
2024-12-03,10558.55,12620.1,16047.0,17200.45,18316.75,20898.15,18640.8,18984.6,19150.75,18370.55,17813.75,20026.5,18544.95
2024-12-04,10632.15,12708.25,16109.3,17335.75,18452.05,21044.45,18739.65,19131.45,19297.6,18517.4,17978.1,20190.85,18761.8
2024-12-05,10586.85,12491.95,15923.5,17149.95,18266.25,20820.2,18515.4,18907.2,19073.35,18293.15,17753.85,19966.6,18537.55
2024-12-06,10862.45,12708.1,16154.75,17441.35,18557.65,21111.6,18806.8,19198.6,19364.75,18584.55,18045.25,20258.0,18828.95
2024-12-09,10629.15,12474.8,15921.45,17268.05,18384.35,20938.3,18633.5,19025.3,19191.45,18425.75,17886.45,19946.2,18517.15
2024-12-10,10603.9,12477.05,15954.2,17330.8,18447.1,21001.05,18526.3,18918.1,19084.25,18333.05,17824.25,19884.0,18454.95
2024-12-11,10693.15,12547.85,16025.0,17617.15,18733.45,21113.4,18638.65,19030.45,19196.6,18445.4,17936.6,19996.35,18567.3
2024-12-12,10523.3,12557.6,16034.75,17417.4,18533.7,20913.65,18438.9,18830.7,18996.85,18245.65,17736.85,19796.6,18367.55
2024-12-13,10785.9,12820.2,16336.85,17560.55,18704.85,20981.3,18513.65,18997.5,19163.65,18412.45,17903.65,19808.35,18379.3
2024-12-16,11037.4,13074.35,16688.0,17837.2,19050.5,21343.45,18917.35,19401.2,19650.9,18899.7,18301.4,20234.6,18805.55
2024-12-17,10997.55,13036.05,16666.7,17837.9,18881.2,21179.65,18766.55,19250.4,19529.65,18690.95,18092.65,20025.85,18596.8
2024-12-18,11058.8,13097.3,16727.95,17899.15,18902.0,21134.95,18721.85,19205.7,19484.95,18646.25,18053.45,20002.15,18573.1
2024-12-19,10968.55,13057.55,16688.2,17822.45,18825.3,21108.75,18695.65,19268.5,19547.75,18709.05,18151.75,19821.05,18392.0
2024-12-20,10948.9,13037.9,16668.55,17802.8,19414.7,21698.15,19285.05,19857.9,20137.15,19298.45,18741.15,20410.45,18981.4
2024-12-23,10819.25,12941.25,16530.4,17664.65,19276.55,21592.0,19178.9,19751.75,20043.0,19215.8,18505.5,20174.8,18745.75
2024-12-24,10838.0,12950.55,16539.7,17718.45,19484.85,21800.3,19387.2,19960.05,20242.8,19415.6,18493.85,20210.65,18781.6
2024-12-26,10781.7,12854.3,16443.45,17622.2,19388.6,21704.05,19290.95,19863.8,20146.55,19319.35,18397.6,20135.9,18706.85
2024-12-27,10847.85,12856.45,16445.6,17624.35,19390.75,21885.75,19472.65,20046.55,20329.3,19502.1,18580.35,20318.65,18889.6
2024-12-30,10917.6,12861.2,16450.35,17742.1,19508.5,22077.5,19341.9,19915.8,20198.55,19371.35,18449.6,20187.9,18758.85
2024-12-31,10782.35,12803.45,16392.6,17825.95,19592.35,22161.35,19425.75,20045.2,20359.95,19276.8,18355.05,20093.35,18664.3
2025-01-02,10589.5,12586.15,16175.3,17677.65,19508.55,22168.1,19432.5,20051.95,20465.75,19382.6,18589.35,20327.65,18898.6
2025-01-03,10840.8,12791.0,16437.65,17940.0,19770.9,22430.45,19694.85,20314.3,20549.15,19466.0,18672.75,20411.05,19160.0
2025-01-06,11146.4,13226.6,16908.25,18196.7,20001.65,22672.7,20036.15,20669.6,20919.45,19594.35,18885.6,20623.9,19372.85
2025-01-07,11058.05,13153.8,16862.45,18150.9,19809.85,22480.9,19953.9,20670.9,20920.75,19622.65,18913.9,20437.2,19186.15
2025-01-08,10606.3,12715.55,16466.2,17754.65,19494.65,21982.2,19455.2,20172.2,20422.05,19123.95,18415.2,19938.5,18687.45
2025-01-09,10627.15,12736.4,16437.05,17738.5,19457.1,21944.65,19417.65,20134.65,20384.5,19086.4,18377.65,19900.95,18649.9
2025-01-10,10922.95,12734.7,16524.85,17826.3,19502.85,21779.9,19271.9,20068.45,20318.3,19163.75,18455.0,19978.3,18412.25
2025-01-13,10684.15,12574.9,16332.6,17634.05,19310.6,21587.65,19079.65,19876.2,20126.05,18971.5,18262.75,19786.05,18220.0
2025-01-14,11071.4,12896.7,16748.4,17794.85,19471.4,21748.45,19299.45,20096.0,20345.85,18939.8,18231.05,19754.35,18188.3
2025-01-15,11923.0,13832.35,17693.55,18668.0,20331.15,22608.2,20150.2,20861.3,21111.15,19705.1,18996.35,20519.65,18953.6
2025-01-16,11193.65,13103.0,16964.2,17966.15,19764.3,22041.35,19583.35,20294.45,20544.3,19138.25,18429.5,19952.8,18481.25
2025-01-17,11206.85,13116.2,16977.4,18032.35,19830.5,22107.55,19649.55,20360.65,20610.5,19272.5,18563.75,20161.55,18690.0
2025-01-20,11343.6,13252.95,17142.65,18197.6,20007.8,22284.85,19826.85,20543.45,20756.4,19418.4,18709.65,20307.45,18835.9
2025-01-21,11603.85,13603.7,17435.9,18514.35,20251.65,22532.75,20074.75,20791.35,21004.3,19666.3,18957.55,20555.35,19083.8
2025-01-22,11935.0,13735.35,17633.1,18711.55,20459.95,22741.05,20283.05,21016.2,21387.2,20049.2,19361.45,20959.25,19554.2
2025-01-23,12137.25,13891.65,17789.4,18899.85,20648.25,22952.35,20351.4,21229.05,21600.05,20262.05,19574.3,21172.1,19767.05
2025-01-24,12136.9,13877.8,17907.6,19018.05,20671.45,22851.55,20310.65,21215.8,21586.8,20076.3,19388.55,20986.35,19581.3
2025-01-27,12535.75,14276.65,18306.45,19416.9,21070.3,23250.4,20709.5,21614.65,21985.65,20475.15,19854.4,21452.2,20047.15
2025-01-28,12730.85,14485.3,18836.65,19947.1,21700.1,23910.2,20969.8,21874.95,22245.95,20735.45,20114.7,21712.5,20307.45
2025-01-29,12713.95,14562.4,18913.75,20043.3,21796.3,24006.4,21066.0,21971.15,22342.15,20831.65,20229.4,21886.75,20495.2
2025-01-30,12655.7,14450.15,18801.5,19931.05,21684.05,23959.65,21019.25,21924.4,22295.4,20784.9,20182.65,21840.0,20448.45
2025-01-31,12908.5,14688.5,19040.9,20170.45,21923.45,24257.55,21397.65,21695.85,22066.85,20556.35,19954.1,21611.45,20219.9
2025-02-03,12722.75,14531.75,19068.65,20198.2,21951.2,24285.3,21425.4,22008.2,22739.75,21229.25,20627.0,22284.35,20892.8
2025-02-04,12884.9,14625.9,19028.3,20158.9,21911.9,24246.0,21386.1,21968.9,22700.45,21348.95,20746.7,22404.05,21012.5
2025-02-05,12982.2,14675.7,19101.6,20277.7,22030.7,24411.8,21551.9,22134.7,22893.75,21542.25,20972.5,22650.35,21258.8
2025-02-06,13187.35,14782.35,19173.75,20460.45,22213.45,24624.05,21577.15,22159.95,22919.0,21567.5,20937.85,22615.7,21224.15
2025-02-07,12945.6,14566.15,18957.55,20244.25,21997.25,24407.85,21360.95,21943.75,22609.8,21258.3,20628.65,22306.5,20914.95
2025-02-10,13118.15,14784.85,19195.75,20523.95,22238.35,24718.0,21677.15,22259.95,22896.65,21545.15,20957.0,22634.85,21243.3
2025-02-11,13130.85,14891.6,19302.5,20546.7,22261.1,24746.75,21615.95,22198.75,22835.45,21483.95,20895.8,22573.65,21182.1
2025-02-12,13108.95,14933.8,19317.7,20552.95,22267.35,24753.0,21622.2,22205.0,22841.7,21490.2,20902.05,22579.9,21188.35
2025-02-13,13264.05,15170.9,19550.35,20877.7,22656.1,25162.75,22017.45,22486.8,23123.5,21904.05,21315.9,22993.75,21602.2
2025-02-14,13332.2,15250.1,19646.55,21002.9,22854.8,25361.45,22267.65,22737.0,23373.7,22154.25,21477.65,23224.6,21833.05
2025-02-17,13275.5,15193.4,19537.85,20894.2,22746.1,25252.75,22158.95,22628.3,23265.0,22045.55,21368.95,23115.9,21724.35
2025-02-18,13295.0,15228.4,19572.85,20910.75,22762.65,25269.3,22175.5,22662.85,23299.55,22116.65,21421.1,23168.05,21776.5
2025-02-19,13283.55,15258.45,19573.5,21036.95,22888.85,25438.0,22201.7,22715.55,23352.25,22169.35,21473.8,23220.75,21852.7
2025-02-20,13260.15,15233.55,19609.15,21072.6,22920.5,25469.65,22169.9,22683.75,23320.45,22137.55,21442.0,23188.95,21820.9
2025-02-21,13426.0,15424.4,19800.0,21263.45,23131.35,25397.0,22097.25,22544.1,23180.8,21997.9,21302.35,23049.3,21681.25
2025-02-24,13515.7,15395.65,19811.8,21317.3,22776.2,25041.85,21742.1,22188.95,22825.65,21642.75,20947.2,22694.15,21326.1
2025-02-25,13236.95,15158.4,19693.55,21255.05,22894.5,25144.15,21523.4,21970.25,22606.95,21424.05,20728.5,22475.45,21107.4
2025-02-26,13078.7,15000.15,19558.3,21147.8,22528.25,24777.9,21157.15,21629.5,22266.2,21083.3,20431.25,22178.2,20810.15
2025-02-27,12720.25,14616.8,19174.95,20724.0,22075.0,24324.65,20736.4,21208.75,21930.45,20747.55,20095.5,21842.45,20474.4
2025-02-28,12539.85,14476.9,19408.55,20879.65,22282.65,24532.3,20850.7,21323.05,22044.75,20861.85,20209.8,21956.75,20588.7
2025-03-03,12313.7,14150.25,19081.9,20553.0,21956.0,24205.65,20524.05,20996.4,21718.1,20535.2,19883.15,21630.1,20262.05
2025-03-04,12511.9,14433.45,19405.15,20699.8,22230.3,24590.95,20909.35,21487.2,21990.4,20807.5,20155.45,21902.4,20534.35
2025-03-05,12098.0,14043.05,18903.35,20198.0,21728.5,24089.15,20561.1,20889.0,21392.2,20209.3,19557.25,21304.2,19936.15
2025-03-06,12019.1,13964.15,18373.45,19687.1,21217.6,23578.25,20026.75,20354.65,20857.85,19674.95,19022.9,20769.85,19401.8
2025-03-07,11558.75,13735.8,18240.1,19553.75,21314.75,23675.4,19996.45,20324.35,20991.55,19808.65,19156.6,21027.6,19659.55
2025-03-10,10850.95,13138.5,17642.8,18956.45,20717.45,23078.1,19475.7,19569.15,20236.35,19053.45,18401.4,20272.4,18904.35
2025-03-11,10813.5,12637.6,17141.9,18455.55,20477.05,22837.7,19235.3,19328.75,19995.95,18435.2,17783.15,19403.15,18035.1
2025-03-12,10906.75,12730.85,17235.15,18640.85,20717.85,23078.5,19519.15,19612.6,20279.8,19081.1,18429.05,19403.15,18035.1
2025-03-13,11309.1,12939.2,17568.0,18973.7,21050.7,23479.85,19639.05,19732.5,20131.25,18932.55,18280.5,19157.1,17789.05
2025-03-14,11528.15,13181.25,17753.2,19125.95,21289.45,23979.25,20012.95,20106.4,20408.0,19252.8,18751.3,19670.9,18519.35
2025-03-17,11661.35,13274.5,18176.55,19766.85,21754.9,24649.2,20682.9,20776.35,20408.0,19252.8,18751.3,19670.9,18672.65
2025-03-18,11994.05,13505.75,18416.8,19555.8,21543.85,24438.15,20471.85,20565.3,21373.3,20235.1,19600.65,20522.25,19283.5
2025-03-19,12114.75,13561.0,18444.2,19651.7,21688.25,24795.1,20918.3,21011.75,22027.75,20889.55,20255.1,21176.7,19937.95
2025-03-20,12028.9,13475.15,18384.85,19592.35,21640.4,24757.4,20880.6,21214.05,22230.05,21091.85,20457.4,21379.0,20140.25
2025-03-21,12192.5,13554.3,18447.55,19655.05,21614.15,24731.15,20854.35,21285.8,22301.8,21278.6,20644.15,21565.75,19787.55
2025-03-24,12190.5,13820.3,18775.05,20105.6,22064.7,25204.2,21327.4,21723.9,22817.4,21449.8,20689.4,21668.0,20624.75
2025-03-25,12173.8,13774.65,18729.4,20059.95,22019.05,25218.55,21341.75,21738.25,22831.75,21311.2,20550.8,21529.4,20486.15
2025-03-26,12037.45,13626.35,18581.1,19947.7,21862.3,25061.8,21185.0,21508.5,22602.0,21235.4,20385.2,21363.8,20320.55
2025-03-27,11642.65,13370.05,18336.8,19734.9,21649.5,24717.6,20705.8,21029.3,22122.8,20756.2,19906.0,20884.6,19841.35
2025-03-28,11459.45,13081.85,17907.6,19305.7,21220.3,24288.4,20276.6,20600.1,21693.6,20327.0,19476.8,20455.4,19412.15
2025-03-31,11506.2,13128.6,17954.35,19380.95,21295.55,24569.75,20587.95,20911.45,21852.45,20485.85,19570.15,20548.75,19505.5
2025-04-01,11817.45,13482.85,18294.15,19802.75,21518.85,24793.05,20811.25,21257.3,22198.3,20831.7,19959.0,20937.6,19894.35
2025-04-02,11747.1,13506.5,18351.3,19418.4,21134.5,24408.7,20426.9,21007.95,21948.95,20582.35,19709.65,20756.75,19713.5
2025-04-03,11572.8,13269.25,17783.05,19002.15,20718.25,24046.45,20130.15,20711.2,21690.7,20466.15,19103.5,20150.6,19107.35
2025-04-04,10042.9,11739.35,16253.15,17266.8,18982.9,22311.1,18394.8,18975.85,19955.35,18730.8,17368.15,18415.25,17372.0
2025-04-07,11501.45,13783.4,18169.75,19015.6,20731.7,24124.9,20612.15,20459.75,21626.75,20402.2,19625.05,20672.15,19628.9
2025-04-08,11144.05,13426.0,17858.35,18731.2,20787.8,23825.5,20312.75,20160.35,21511.45,20286.9,19509.75,20722.4,19074.65
2025-04-09,13624.8,15906.75,20407.6,20830.45,22887.05,25924.75,22887.5,22735.1,24086.2,22861.65,22084.5,23297.15,21649.4
2025-04-10,12899.55,15181.5,19682.35,20105.2,22161.8,24832.0,21794.75,21642.35,22993.45,21768.9,20991.75,22204.4,20556.65
2025-04-11,13393.65,15675.6,20427.55,20850.4,23035.1,25750.35,22774.6,22674.75,24040.4,22815.85,22038.7,23251.35,21603.6
2025-04-14,13906.8,15983.25,20436.7,20910.05,22952.3,25667.55,23034.4,22934.55,24300.2,22659.65,21882.5,23095.15,21447.4
2025-04-15,13938.0,16283.0,20926.55,21399.9,23442.15,25958.45,23325.3,23247.95,24640.6,23000.05,22222.9,23236.6,21588.85
2025-04-16,14122.25,16467.25,21110.8,21584.15,23689.4,26205.7,23572.55,23612.7,25005.35,23364.8,22587.65,23642.35,21994.6
2025-04-17,14300.4,16439.4,21433.05,21846.45,23989.2,26426.05,23887.4,23927.55,25531.75,23891.2,23114.05,23576.75,21929.0
2025-04-21,14039.05,16178.05,21171.7,21585.1,23727.85,26164.7,23585.55,23625.7,25229.9,23589.35,22812.2,23274.9,21627.15
2025-04-22,14206.3,16372.35,21394.5,21874.4,24017.15,26454.0,23874.85,23915.0,25519.2,23878.65,23101.5,23564.2,21967.95
2025-04-23,14294.55,16575.65,21666.3,22146.2,24331.5,26854.85,24275.7,24399.35,26003.55,23960.0,23182.85,24025.6,22429.35
2025-04-24,14104.2,16351.85,21482.0,22004.9,24190.2,26912.55,24333.4,24457.05,26061.25,24017.7,23240.55,24083.3,22487.05
2025-04-25,13823.4,15966.05,20955.2,21478.1,23663.4,26385.75,23806.6,23930.25,25534.45,23490.9,22713.75,23556.5,21960.25
2025-04-28,13927.15,16030.8,21063.95,21586.85,24056.2,26795.05,24000.9,24124.55,25763.25,23709.7,22932.55,23775.3,22179.05
2025-04-29,14130.85,16193.0,21277.6,21800.5,24269.85,27080.7,24286.55,24337.9,25976.6,23923.05,23179.4,23901.15,22304.9
2025-04-30,14441.35,16572.6,21960.85,22545.75,25015.1,28222.45,25309.3,25327.6,26966.3,24912.75,24169.1,25048.45,23452.2
2025-05-01,14336.5,16182.8,21466.55,22051.45,24540.3,27793.15,24880.0,24898.3,26484.6,24431.05,23687.4,24566.75,22970.5
2025-05-02,14622.6,16473.45,21793.2,22344.65,24986.5,28239.35,25326.2,25344.5,26930.8,24877.25,24133.6,25012.95,23553.75
2025-05-05,14587.8,16438.65,21649.9,22255.4,24897.25,28150.1,25236.95,25313.75,26900.05,24929.55,24219.9,25099.25,23348.55
2025-05-06,14303.9,16224.35,21257.65,21863.15,24505.0,27757.85,24844.7,24921.5,26507.8,24537.3,23827.65,24707.0,22956.3
2025-05-07,14155.1,16075.55,20930.85,21536.35,24178.2,27431.05,24517.9,24594.7,26181.0,24210.5,23500.85,24380.2,22629.5
2025-05-08,14489.25,16450.7,21246.55,21987.05,24597.95,27607.85,24735.7,24812.5,26427.3,24470.3,23426.2,24305.55,22554.85
2025-05-09,14532.55,16376.0,21171.85,21931.35,24393.25,27403.15,24531.0,24607.8,26222.6,24265.6,23221.5,24100.85,22350.15
2025-05-12,15534.7,17378.15,22174.0,22884.05,25488.95,28498.85,25644.7,25792.05,27330.9,25373.9,24374.85,25254.2,23503.5
2025-05-13,15774.9,17618.35,22390.7,23016.3,25664.7,28674.6,25820.45,26025.3,27564.15,25607.15,24710.6,25760.45,24009.75
2025-05-14,16021.55,17886.0,22643.4,23269.0,25938.4,28953.3,26157.65,26294.0,27832.85,25875.85,24774.8,25824.65,24073.95
2025-05-15,16099.25,18008.7,22793.1,23515.7,26185.1,29256.5,26232.85,26166.7,27705.55,25748.55,24647.5,25697.35,23946.65
2025-05-16,16068.9,18015.85,22844.25,23619.35,26288.75,29245.65,26222.0,26199.35,27738.2,25781.2,24755.2,25805.05,24054.35
2025-05-19,16403.15,18403.1,23248.5,24080.15,26749.55,29677.0,26653.35,26630.7,28169.55,26212.55,25186.55,26236.4,24485.7
2025-05-20,16353.75,18353.7,23199.1,24030.75,26739.15,29666.6,26445.5,26422.85,27961.7,26012.7,24886.7,25936.55,24185.85
2025-05-21,16004.95,18079.9,22925.3,23921.45,26427.4,29354.85,26133.75,26130.1,27814.45,25865.45,24739.45,25789.3,24038.6
2025-05-22,16334.15,18141.6,23059.05,24055.2,26561.15,29554.65,26333.55,26462.4,28182.35,25942.35,24816.35,25866.2,24115.5
2025-05-23,16371.3,18130.8,23159.25,24038.95,26544.9,29571.9,26350.8,26479.65,28372.1,26132.1,25006.1,26055.95,24305.25
2025-05-26,16373.6,18152.6,23274.6,24199.4,26544.9,29571.9,26350.8,26479.65,28372.1,26132.1,25006.1,26055.95,24305.25
2025-05-27,16098.2,17943.7,23064.2,24101.0,26740.6,29810.1,26589.0,26762.45,28861.0,26621.0,25417.0,26486.35,24796.65
2025-05-28,15681.85,17527.35,22607.35,23644.15,26283.75,29353.25,26132.15,26305.6,28404.15,26164.15,24960.15,26029.5,24339.8
2025-05-29,15683.1,17528.6,22607.2,23644.0,26042.15,29111.65,25890.55,26064.0,28162.55,25922.55,24718.55,25787.9,24098.2
2025-05-30,15526.85,17397.35,22516.45,23645.8,26043.95,29113.45,25839.35,26012.8,28111.35,25871.35,24667.35,25736.7,24047.0
2025-06-02,15566.45,17506.0,22482.6,23723.5,26121.65,29289.15,26082.05,26255.5,28354.05,26250.05,25046.05,26115.4,24425.7
2025-06-03,15708.3,17647.85,22624.45,23901.85,26353.5,29550.0,26368.9,26491.9,28590.45,26486.45,25282.45,26351.8,24715.6
2025-06-04,15654.1,17597.65,22620.75,23898.15,26349.8,29546.3,26365.2,26504.2,28602.75,26516.75,25312.75,26407.6,24771.4
2025-06-05,15774.85,17212.4,22259.0,23536.4,25883.05,29079.55,25898.45,26037.45,28136.0,26050.0,24846.0,25940.85,24304.65
2025-06-06,15988.65,17368.2,22443.3,23720.7,26145.35,29341.85,26160.75,26299.75,28398.3,26329.8,25145.8,26398.2,24762.0
2025-06-09,16007.25,17296.35,22426.55,23703.95,26211.65,29190.05,26008.95,26147.95,28246.5,26178.0,24994.0,26246.4,24762.8
2025-06-10,16158.5,17617.65,22747.85,23997.3,26505.0,29519.9,26299.8,26438.8,28537.35,26468.85,25284.85,26537.25,25053.65
2025-06-11,16071.75,17677.4,22807.6,24057.05,26592.25,29437.7,26217.6,26356.6,28601.65,26533.15,25349.15,26601.55,25117.95
2025-06-12,16174.95,17717.15,22976.35,24225.8,26823.05,29668.5,26516.4,26731.95,28764.0,26695.5,25511.5,26763.9,25280.3
2025-06-13,15722.6,17093.3,22400.5,23675.55,26336.3,29400.8,26248.7,26788.8,28928.35,26859.85,25675.85,26999.75,25320.2
2025-06-16,15948.55,17330.35,22661.1,23914.2,26609.95,29712.45,26575.45,27115.55,29293.1,27218.15,26034.15,27358.05,25678.5
2025-06-17,15487.3,16869.1,22199.85,23452.95,26148.7,29251.2,26114.2,26654.3,28831.85,26756.9,25572.9,26896.8,25217.25
2025-06-18,15258.5,16640.3,22075.6,23369.2,26094.45,29132.5,26012.0,26552.1,28729.65,26759.25,25604.75,27099.2,25419.65
2025-06-19,15096.8,16543.15,21978.45,23162.55,25887.8,28925.85,25805.35,26345.45,28523.0,26552.6,25398.1,26892.55,25213.0
2025-06-20,15504.55,16972.9,22408.2,23506.3,26231.55,29269.6,26149.1,26724.7,28902.25,27025.35,25958.85,27453.3,25808.75
2025-06-23,15738.15,17361.5,22819.35,24036.95,26762.2,29800.25,26679.75,27281.85,29330.0,27194.6,26150.6,27645.05,26000.5
2025-06-24,16005.3,17628.65,23228.0,24461.6,27131.35,30169.4,27066.4,27721.55,29840.85,27688.95,26662.45,28209.95,26581.4
2025-06-25,16061.95,17665.35,23336.2,24569.8,27226.55,30264.6,27186.6,27841.75,29975.05,27858.65,26832.15,28444.2,26654.7
2025-06-26,16112.05,17742.5,23489.85,24788.5,27481.85,30537.4,27418.9,28074.05,30278.85,28162.45,27135.95,28748.0,26958.5
2025-06-27,16265.7,17887.2,23644.05,24862.7,27574.05,30629.6,27697.15,28352.3,30378.1,28261.7,27235.2,28913.8,27163.3
2025-06-30,16269.45,17890.95,23647.8,24850.45,27540.8,30655.4,27722.95,28398.6,30424.4,28184.05,27157.55,28836.15,27085.65
2025-07-01,16246.7,17751.7,23528.55,24731.2,27421.55,30536.15,27603.7,28297.85,30388.7,28148.35,27121.85,28688.95,26938.45
2025-07-02,16267.4,17772.4,23610.75,24981.4,27671.75,30786.35,27732.45,28426.6,30559.95,28340.1,27333.1,28982.3,27231.8
2025-07-03,16334.7,17839.7,23687.05,25008.7,27816.6,30931.2,27886.3,28481.95,30615.3,28395.45,27388.45,29165.65,27415.15
2025-07-04,16178.0,17683.0,23494.35,24816.0,27623.9,30738.5,27693.6,28289.25,30422.6,28202.75,27195.75,28972.95,27222.45
2025-07-07,16012.6,17438.1,23249.45,24571.1,27379.0,30493.6,27480.2,28075.85,30274.25,27898.9,26899.9,28588.65,26838.15
2025-07-08,15880.15,17357.7,23150.1,24439.85,27247.75,30450.75,27368.4,28014.05,30212.45,28005.35,27006.35,28695.1,26944.6
2025-07-09,16117.25,17568.9,23398.8,24688.55,27468.95,30671.95,27758.6,28414.75,30428.2,28221.1,27222.1,28910.85,27374.85
2025-07-10,16121.4,17601.05,23409.0,24641.25,27421.65,30659.15,27745.8,28401.95,30415.4,28225.3,27226.3,28915.05,27399.55
2025-07-11,16072.6,17552.25,23365.7,24612.45,27424.45,30661.95,27748.6,28404.75,30418.2,28228.1,27229.1,28917.85,27456.35
2025-07-14,16346.85,17795.65,23609.1,24855.85,27692.35,30929.85,28016.5,28713.65,30756.65,28599.05,27600.05,29235.3,27773.8
2025-07-15,16489.0,17876.8,23690.25,25036.5,27877.0,31127.5,28376.25,29073.4,31116.4,28753.75,27929.85,29565.1,28112.1
2025-07-16,16321.15,17716.0,23542.45,24909.75,27855.75,31106.25,28355.0,29052.15,31095.15,28732.5,27908.6,29543.85,28090.85
2025-07-17,16372.85,17759.75,23613.2,25020.5,27986.5,31309.05,28571.85,29335.5,31378.5,29015.85,28191.95,29827.2,28374.2
2025-07-18,16429.6,17822.5,23724.95,25132.25,28098.25,31420.8,28546.15,29337.3,31380.3,29017.65,28193.75,29829.0,28389.5
2025-07-21,16636.75,18054.15,23852.1,25244.5,28210.5,31533.05,28658.4,29531.55,31601.55,29268.45,28275.65,29910.9,28471.4
2025-07-22,16424.9,17853.8,23651.75,25044.15,28010.15,31332.7,28458.05,29331.2,31401.2,29068.1,28075.3,29710.55,28179.55
2025-07-23,16443.15,17827.55,23625.5,25134.9,28100.9,31423.45,28554.8,29483.5,31553.5,29220.4,28242.1,29886.35,28267.95
2025-07-24,16237.8,17712.75,23463.7,24973.1,27939.1,31261.65,28393.0,29321.7,31391.7,29058.6,28080.3,29724.55,28106.15
2025-07-25,16060.45,17537.45,23288.4,24797.8,27776.8,31099.35,28264.75,29107.95,31177.95,28844.85,27866.55,29510.8,27892.4
2025-07-28,15969.35,17446.35,23197.3,24706.7,27685.7,31008.25,28173.65,29016.85,31086.85,28753.75,27775.45,29419.7,27801.3
2025-07-29,15881.15,17319.65,23070.6,24635.0,27614.0,30936.55,28101.95,28945.15,31015.15,28682.05,27703.75,29348.0,27729.6
2025-07-30,16027.8,17466.3,23268.3,24828.25,27807.25,31140.3,28305.7,29110.35,31180.35,28857.75,27890.45,29534.7,27958.85
2025-07-31,15636.45,17082.95,22832.0,24391.95,27396.95,30675.5,27840.9,28645.55,30715.55,28414.45,27447.15,29091.4,27533.55
2025-08-01,15589.3,17035.8,22571.85,24131.8,27136.8,30415.35,27580.75,28385.4,30455.4,28154.3,27187.0,28831.25,27273.4
2025-08-04,15667.45,17169.55,22762.1,24334.05,27584.95,30940.55,28105.95,29036.1,31106.1,28805.0,27893.75,29231.6,27710.75
2025-08-05,15698.55,16966.25,22612.8,24196.25,27466.7,30858.3,28023.7,28953.85,30879.35,28596.75,27685.5,29023.35,27502.5
2025-08-06,15888.55,17287.85,22901.9,24515.4,27785.85,31204.95,28328.4,29285.05,31236.05,29013.0,28212.25,29550.1,27854.35
2025-08-07,16191.25,17594.55,23238.6,24781.2,28192.7,31731.3,28854.75,29836.4,31559.4,29336.35,28535.6,29873.45,28177.7
2025-08-08,16250.0,17843.85,23564.9,25119.5,28531.0,32101.65,29147.6,30129.25,31916.75,29693.7,28892.95,30261.8,28457.1
2025-08-11,16125.6,17587.45,23308.5,24863.1,28274.6,31845.75,28923.85,29905.5,31693.0,29469.95,28669.2,30038.05,28233.35
2025-08-12,16140.25,17539.65,23487.8,25042.4,28460.9,32032.05,29110.15,30091.8,31879.3,29656.25,28855.5,30224.35,28419.65
2025-08-13,16229.95,17629.35,23577.05,25131.65,28551.15,32069.35,29201.95,30183.6,32006.6,29783.55,28982.8,30351.65,28546.95
2025-08-14,16264.7,17477.1,23430.8,25004.9,28424.4,31959.6,29092.2,30076.85,31785.35,29562.3,28761.55,30130.4,28325.7
2025-08-15,16270.4,17433.35,23421.55,25008.65,28478.7,31850.45,28983.05,29967.7,31676.2,29453.15,28652.4,30021.25,28216.55
2025-08-18,16063.1,17244.55,23232.75,24810.9,28280.95,31652.7,28785.3,29788.45,31496.95,29273.9,28473.15,29789.55,27984.85
2025-08-19,15951.3,17132.75,23168.0,24779.15,28249.2,31620.95,28753.55,29785.2,31493.7,29270.65,28330.4,29646.8,27842.1
2025-08-20,16230.4,17400.0,23435.25,25046.4,28516.45,31861.15,28993.75,30082.4,31790.9,29697.95,28739.2,30055.6,28250.9
2025-08-21,15866.65,16986.25,23021.5,24632.65,28102.7,31447.4,28580.0,29668.65,31377.15,29284.2,28325.45,29641.85,27837.15
2025-08-22,16022.7,17197.9,23169.75,25357.95,28828.0,32172.7,29305.3,30393.95,32102.45,30009.5,29050.75,30367.15,28562.45
2025-08-25,16000.6,17189.3,23074.65,25262.85,28732.9,32077.6,29210.2,30298.85,32007.35,29914.4,28955.65,30272.05,28467.35
2025-08-26,15930.75,17136.0,23061.35,25408.6,28878.65,32223.35,29355.95,30444.6,32070.15,29977.2,29057.45,30373.85,28609.15
2025-08-27,15911.45,17142.2,23067.55,25239.85,28709.9,32054.6,29187.2,30275.85,31901.4,29758.0,28838.25,30154.65,28389.95
2025-08-28,16040.7,17284.45,23158.35,25345.15,28862.2,32206.9,29339.5,30393.2,32018.75,29875.35,28955.6,30309.5,28544.8
2025-08-29,15766.35,17010.1,22796.5,24983.3,28500.35,31845.05,28977.65,30031.35,31656.9,29513.5,28593.75,29947.65,28182.95
2025-09-01,15795.1,17036.9,22833.8,24911.25,28428.3,31773.0,28905.6,29959.3,31584.85,29441.45,28521.7,29875.6,28110.9
2025-09-02,16008.3,17455.1,22717.05,24812.6,28329.65,31760.85,28893.45,30140.15,31765.7,29622.3,28702.55,30056.45,28291.75
2025-09-03,16147.85,17596.15,22793.65,24801.3,28404.35,31835.55,28968.15,30214.85,31865.9,29738.0,28839.75,30193.65,28594.45
2025-09-04,16144.35,17608.65,22887.7,24925.95,28529.0,31973.3,29180.4,30427.1,32078.15,29950.25,29116.5,30416.85,28870.2
2025-09-05,16155.0,17578.35,22857.4,24917.15,28529.2,31973.5,29227.1,30459.8,32116.35,29988.45,29104.75,30405.1,28858.45
2025-09-08,16052.1,17611.0,22890.05,24831.9,28567.95,32012.25,29265.85,30498.55,32155.1,30027.2,29143.5,30443.85,28897.2
2025-09-09,15978.1,17581.1,22896.15,24944.5,28641.1,32121.4,29342.55,30575.25,32231.8,30146.05,29262.35,30562.7,29016.05
2025-09-10,16153.85,17762.35,23085.4,25169.25,28761.4,32241.7,29462.85,30710.05,32366.6,30196.9,29485.75,30786.1,29239.45
2025-09-11,16161.95,17763.0,23104.55,25188.4,28757.6,32317.95,29539.1,30792.3,32431.95,30263.2,29552.05,30852.4,29355.8
2025-09-12,16182.15,17783.2,23149.3,25233.15,28802.35,32377.7,29598.85,30766.55,32406.2,30237.45,29413.3,30713.65,29217.05
2025-09-15,16239.35,17890.9,23267.5,25356.85,28875.1,32461.45,29695.1,30862.8,32519.45,30361.2,29566.05,30866.4,29330.85
2025-09-16,16219.05,17870.6,23233.3,25387.15,28905.4,32491.75,29725.4,30893.1,32549.75,30391.5,29596.35,30896.7,29361.15
2025-09-17,16322.75,17812.3,23140.55,25294.4,28812.65,32399.0,29632.65,30800.35,32457.0,30298.75,29503.6,30803.95,29268.4
2025-09-18,16209.9,17699.45,23027.7,25181.55,28699.8,32359.15,29633.3,30816.5,32496.65,30291.9,29530.75,30831.1,29331.05
2025-09-19,16238.55,17801.6,23143.95,25315.8,28834.05,32533.9,29679.05,30862.25,32573.4,30368.65,29607.5,30982.9,29482.85
2025-09-22,16416.3,17979.35,23266.2,25552.05,29070.3,32752.15,29897.3,31126.0,32837.15,30632.4,29877.75,31205.15,29705.1
2025-09-23,16254.5,17831.05,23117.9,25455.8,28974.05,32655.9,29819.05,31047.75,32670.9,30466.15,29711.5,31038.9,29538.85
2025-09-24,16290.25,17872.85,23142.2,25486.15,29004.4,32695.25,29868.4,31097.1,32730.75,30558.0,29803.35,31130.75,29630.7
2025-09-25,16497.45,17898.1,23167.45,25511.4,29029.65,32720.5,29893.65,31122.35,32756.0,30587.75,29833.1,31167.0,29678.45
2025-09-26,16583.15,17983.8,23289.15,25593.15,29160.9,32851.75,30024.9,31253.6,32947.8,30599.05,29844.4,31178.3,29689.75
2025-09-29,16554.15,18040.8,23150.2,25470.2,29076.95,32767.8,30054.6,31177.8,32892.0,30500.65,29746.0,31098.4,29700.45
2025-09-30,16573.25,18085.45,23154.45,25334.45,29014.2,32705.05,29991.85,31028.55,32742.75,30351.4,29596.75,30949.15,29551.2
2025-10-01,16633.35,18097.55,23342.55,25545.05,29208.85,33204.3,30491.1,31242.3,32910.0,30555.15,29800.5,31152.9,30059.55
2025-10-02,16699.2,18196.9,23471.4,25658.4,29337.2,33344.65,30636.95,31455.15,33122.85,30768.0,30013.35,31365.75,30320.4
2025-10-03,16690.45,18009.65,23310.15,25464.2,29143.0,33150.45,30451.75,31295.95,32963.65,30608.8,29854.15,31206.55,30204.25
2025-10-06,16840.15,18175.35,23563.95,25546.5,29240.8,33305.75,30670.55,31413.75,33081.45,30846.2,30112.55,31345.95,30343.65
2025-10-07,16878.85,18241.1,23676.3,25658.85,29353.15,33424.55,30753.95,31497.15,33164.85,30929.6,30195.95,31515.35,30513.05
2025-10-08,17148.95,18545.25,23996.45,25963.05,29657.35,33764.25,31154.65,31929.35,33597.05,31262.35,30528.7,31848.1,30845.8
2025-10-09,16987.55,18389.4,23840.6,25772.7,29467.0,33573.9,30908.35,31683.05,33350.75,31016.05,30282.4,31601.8,30599.5
2025-10-10,16986.35,18258.2,23731.9,25664.0,29358.3,33471.7,30738.2,31512.9,33180.6,30845.9,30112.25,31431.65,30429.35
2025-10-13,17075.6,18509.45,23983.15,25915.25,29609.55,33803.95,30784.5,31559.2,33254.9,30942.2,30432.55,31751.95,30749.65
2025-10-14,17282.25,18849.1,24219.85,26263.95,29630.8,33825.2,30805.75,31595.95,33154.7,30842.0,30332.35,31651.75,30649.45
2025-10-15,17788.35,19367.75,24796.0,26840.1,30182.5,34250.9,31231.45,32021.65,33630.4,30960.25,30501.1,31820.5,30858.7
2025-10-16,17652.1,19324.55,24987.35,27031.45,30149.85,34218.25,31245.3,32035.5,33644.25,30948.55,30541.4,31860.8,30992.05
2025-10-17,17758.7,19612.2,25275.0,27440.7,30559.1,34627.5,31654.55,32492.25,34182.5,31486.8,31297.2,32616.6,31921.85
2025-10-20,17856.45,19713.0,25438.3,27604.0,30762.9,34933.35,32065.5,32903.2,34593.45,31897.75,31708.15,33027.55,32451.3
2025-10-21,17938.2,19665.8,25239.6,27405.3,30564.2,34734.65,31866.8,32704.5,34394.75,31699.05,31509.45,32828.85,32252.6
2025-10-22,18057.85,19797.95,25381.75,27547.45,30706.35,34805.35,31994.5,32832.2,34522.45,31826.75,31637.15,32901.7,32325.45
2025-10-23,18271.9,20101.1,25469.5,27991.8,31150.7,35249.7,32438.85,33276.55,34966.8,32271.1,32081.5,33346.05,32769.8
2025-10-24,18371.15,20200.35,25576.75,28163.05,31321.95,35420.95,32610.1,33447.8,35138.05,32474.95,32285.35,33549.9,32973.65
2025-10-27,18513.25,20378.0,25854.9,28407.75,31544.7,35778.25,33039.4,33877.1,35567.35,32989.3,32799.7,33704.8,33128.55
2025-10-28,18559.95,20391.7,25868.6,28411.0,31547.95,35826.0,33087.15,33924.85,35757.15,33179.1,32822.0,33935.2,33358.95
2025-10-29,18545.05,20346.8,25885.2,28427.6,31564.55,35692.6,32927.85,33765.55,35651.35,33073.3,32716.2,33829.4,33316.7
2025-10-30,17806.4,19608.15,25004.6,27547.0,30683.95,34812.0,32047.25,32884.95,34770.75,32192.7,31835.6,32948.8,32436.1
2025-10-31,17885.05,19660.35,25698.25,28240.65,31572.75,35642.85,32626.65,33060.7,34991.5,32854.1,32439.05,33552.25,32436.1
2025-11-03,18114.75,19890.05,25889.5,28567.9,31900.0,35970.1,33126.4,33703.95,35527.35,33168.95,32741.35,34014.65,32725.05
2025-11-04,17682.6,19457.9,25457.35,28135.75,31467.85,35537.95,32694.25,33271.8,35095.2,32736.8,32309.2,33582.5,32292.9
2025-11-05,17772.25,19686.65,25655.65,28334.05,31666.15,35833.75,33069.05,33691.6,35601.0,33411.65,32984.05,34336.35,32835.8
2025-11-06,18137.4,19700.35,25669.35,28510.3,31842.4,35821.5,33056.8,33487.35,35396.75,33279.4,32851.8,34204.1,32703.55
2025-11-07,18368.1,19931.05,25965.05,29215.0,32547.1,36526.2,33761.5,34313.15,35956.05,33838.7,33366.65,34718.95,33292.9
2025-11-10,18813.7,20514.75,26579.25,29829.2,33185.85,37170.95,34440.25,35000.95,36630.85,34251.0,33822.95,35459.35,34033.3
2025-11-11,18409.15,20055.25,26119.75,29369.7,32777.35,36857.45,34126.75,34687.45,36317.35,33958.05,33530.0,35166.4,33740.35
2025-11-12,18419.85,20122.45,26044.45,29294.4,32755.55,36835.65,34104.95,34665.65,36295.55,33986.75,33558.7,35195.1,33769.05
2025-11-13,18610.55,20150.7,25940.2,29190.15,32651.3,36783.4,34116.2,34737.95,36024.9,33716.1,33288.05,34924.45,33498.4
2025-11-14,18276.9,19817.05,25606.55,28856.5,32317.65,36449.75,33782.55,34404.3,35691.25,33382.45,32954.4,34590.8,33164.75
2025-11-17,18973.45,20102.2,25954.7,29210.25,32265.45,35731.05,33063.85,33685.6,34972.55,32663.75,32235.7,33872.1,32446.05
2025-11-18,18968.15,19955.9,25808.4,29022.55,31888.3,35353.9,32686.7,33308.45,34595.4,32286.6,31858.55,33494.95,32068.9
2025-11-19,19366.8,20359.55,26006.55,29281.2,32146.95,35420.55,32960.4,33582.15,34869.1,32601.3,32173.25,33949.15,32346.15
2025-11-20,18797.95,19718.25,25555.3,28829.95,31556.7,34830.3,32370.15,32991.9,34278.85,32011.05,31773.05,33548.95,31945.95
2025-11-21,18954.45,19952.75,25789.8,29164.95,31838.3,34548.9,32088.75,32710.5,34463.55,32195.75,31957.75,33941.15,32338.15
2025-11-24,19380.65,20469.55,26318.65,29413.8,32087.15,34907.25,32447.1,33068.85,34906.4,32638.6,32568.1,34551.5,32948.5
2025-11-25,19485.85,20494.25,26343.35,29551.0,32287.85,35084.45,32624.3,33246.05,35083.6,32815.8,32745.3,34728.7,33125.7
2025-11-26,19387.6,20477.0,26343.6,29551.25,32259.15,35055.75,32652.1,33273.85,35111.4,32900.6,32686.1,34669.5,33066.5
2025-11-27,19262.9,20360.3,26173.4,29381.05,32088.95,34885.55,32481.9,33103.65,34941.2,32730.4,32515.9,34499.3,32896.3
2025-11-28,19433.15,20528.6,26348.2,29569.85,32277.75,34906.9,32527.8,33149.55,34982.1,32779.8,32565.3,34548.7,32945.7
2025-12-01,19087.25,20240.7,26139.8,29235.5,32054.9,34940.55,32269.45,32891.2,34723.75,32521.45,32306.95,34598.0,32995.0
2025-12-02,19019.85,20173.3,26072.4,29168.1,32063.0,34948.65,32360.15,33163.4,34995.95,32793.65,32579.15,34567.2,33014.75
2025-12-03,19105.05,20183.15,26141.25,29302.45,32117.35,35003.0,32414.5,33217.75,35050.3,32848.0,32633.5,34621.55,33069.1
2025-12-04,18917.15,19995.25,25776.35,28959.05,31773.95,34567.6,31979.1,32782.35,34614.9,32412.6,32198.1,34186.15,32633.7
2025-12-05,18995.3,20071.0,25969.1,29151.8,31887.25,34680.9,32150.9,32954.15,34786.7,32584.4,32371.9,34383.45,32834.95
2025-12-08,18976.85,19891.55,25817.15,29047.9,31804.1,34597.75,32067.75,32871.0,34703.55,32501.25,32288.75,34300.3,32751.8
2025-12-09,18737.5,19574.2,25499.8,28739.05,31501.75,34301.4,31729.95,32533.2,34365.75,32163.45,31950.95,33962.5,32414.0
2025-12-10,19022.3,19859.0,25784.6,29023.85,31786.55,34586.2,32041.25,32765.0,34597.55,32395.25,32182.75,34194.3,32645.8
2025-12-11,19521.0,20448.25,26382.4,29732.15,32516.4,35316.05,32771.1,33523.85,34925.9,32723.6,32511.1,34522.65,32974.15
2025-12-12,19766.75,20574.0,26322.15,29439.95,32224.2,35023.85,32478.9,33231.65,34633.7,32431.4,32218.9,34230.45,32681.95
2025-12-15,19576.95,20417.25,26218.9,29336.7,32120.95,34771.1,32226.15,33005.9,34424.95,32243.65,32031.15,34155.25,32606.75
2025-12-16,19473.15,20313.45,26157.6,29207.45,31991.7,34660.85,32211.9,32991.65,34442.2,32260.9,32459.0,34583.1,33034.6
2025-12-17,19250.2,20189.5,26063.15,29030.05,31832.3,34601.5,32064.6,32906.35,34356.9,32175.6,32415.2,34560.8,32602.85
2025-12-18,18912.45,19851.75,25725.4,28692.3,31598.1,34580.8,32043.9,32885.65,34336.2,32154.9,32394.5,34540.1,32582.15
2025-12-19,18935.7,19913.5,25823.65,28929.6,31699.4,34682.1,32145.2,33087.5,34538.05,32395.25,32634.85,35215.0,33257.05
2025-12-22,18919.5,19914.8,25850.45,28956.4,31788.7,34771.4,32234.5,33176.8,34427.85,32285.05,32524.65,35104.8,33146.85
2025-12-23,19076.75,20122.05,26052.2,29264.2,32045.05,35077.75,32549.35,33496.15,34635.2,32492.4,32732.0,35312.15,33354.2
2025-12-24,18867.4,19936.75,25886.4,29098.4,31879.25,34958.0,32429.6,33376.4,34596.0,32502.2,32741.8,35321.95,33364.0
2025-12-26,18757.05,19832.4,25688.7,28900.7,31681.55,34760.3,32231.9,33178.7,34398.3,32304.5,32544.1,35124.25,33166.3
2025-12-29,18388.2,19463.55,25275.85,28487.85,31268.7,34347.45,31819.05,32765.85,33985.45,31891.65,32131.25,34711.4,32753.45
2025-12-30,18225.05,19300.4,25112.7,28324.7,31105.55,34184.3,31655.9,32602.7,33822.3,31728.5,31968.1,34548.25,32590.3
2025-12-31,18155.9,19259.25,25071.55,28310.05,31090.9,34183.15,31694.25,32641.05,33968.15,31874.35,32113.95,34694.1,32736.15
2026-01-02,18207.65,19352.5,25091.8,28330.3,31111.15,34203.4,31714.5,32661.3,33988.4,31894.6,32134.2,34756.85,32798.9
2026-01-05,18208.9,19278.75,25095.1,28394.1,31292.9,34401.15,32057.8,32840.15,34040.3,32079.5,32319.1,34941.75,32983.8
2026-01-06,18603.0,19680.85,25596.75,28920.25,31796.55,34906.3,32611.05,33334.4,34534.55,32573.75,32813.35,35448.5,33545.1
2026-01-07,18638.15,19716.0,25661.4,28867.45,31743.75,34853.5,32558.25,33281.6,34481.75,32520.95,32760.55,35413.2,33509.8
2026-01-08,18493.9,19499.25,25444.65,28549.7,31426.0,34535.75,32240.5,32963.85,34164.0,32203.2,32442.8,35095.45,33192.05
2026-01-09,18813.6,19765.5,25701.95,28807.0,31690.8,34808.6,32513.35,33236.7,34436.85,32476.05,32715.65,35088.3,33184.9
2026-01-12,19208.2,20232.1,26235.05,29267.7,32189.0,35234.85,32939.6,33662.95,34863.1,32902.3,33141.9,35514.55,33611.15
2026-01-13,19321.8,20283.2,26314.7,29414.4,32282.25,35328.1,33032.85,33756.2,34956.35,32995.55,33235.15,35607.8,33592.95
2026-01-14,19358.9,20465.3,26379.8,29479.5,32278.35,35293.2,32997.95,33661.3,34861.45,32900.65,33140.25,35512.9,33498.05
2026-01-15,19153.15,20259.55,26246.05,29345.75,32299.1,35375.95,33080.7,33744.05,34944.2,32983.4,33154.55,35527.2,33512.35
2026-01-16,19160.85,20308.25,26083.8,29200.0,32153.35,35230.2,32948.95,33612.3,34828.95,32868.15,33039.3,35411.95,33397.1
2026-01-19,19082.15,20097.55,25792.1,28908.3,31861.65,34938.5,32657.25,33320.6,34537.25,32576.45,32747.6,35120.25,33105.4
2026-01-20,19289.35,20403.8,26026.9,29189.65,32143.0,35304.85,33072.6,33289.45,34775.15,32814.35,32985.5,35358.15,33343.3
2026-01-21,19778.05,20892.5,26693.2,29581.95,32535.3,35697.15,34136.4,34353.25,35838.95,33878.15,34049.3,36421.95,34407.1
2026-01-22,19786.8,21028.25,26734.5,29623.25,32576.6,35738.45,34240.2,34457.05,35942.75,34004.95,34259.6,36632.25,34617.4
2026-01-23,19711.05,20952.5,26658.75,29547.5,32658.85,35820.7,34374.5,34591.35,36077.05,34139.25,34411.4,36943.05,34928.2
2026-01-26,19828.75,21052.75,26782.5,29583.75,32826.65,36083.05,34566.4,34783.25,36444.95,34507.15,34779.3,37310.95,35296.1
2026-01-27,19904.25,21150.75,26948.05,29669.9,32912.8,36193.7,34600.6,34817.45,36501.65,34596.35,34868.5,37454.65,35439.8
2026-01-28,19873.9,21120.4,26892.75,29552.65,32823.55,36104.45,34511.35,34841.2,36525.4,34620.1,34892.25,37478.4,35463.55
2026-01-29,19922.15,21202.65,26967.5,29627.4,32923.8,36213.7,34666.6,34996.45,36680.65,34864.4,35136.55,37635.8,35620.95
2026-01-30,19224.85,20505.35,26270.2,29035.6,32332.0,35565.9,33880.85,34210.7,35894.9,34078.65,34350.8,36850.05,34835.2
2026-02-02,18945.0,20342.0,26067.4,28917.8,32648.2,35903.1,34288.55,34618.4,36335.6,34532.85,34805.0,37304.25,34841.45
2026-02-03,18782.65,20179.65,25789.65,28640.05,32370.45,35625.35,34030.8,34409.65,36126.85,34324.1,34596.25,37180.55,34674.7
2026-02-04,18977.4,20374.4,25895.4,28770.3,32247.7,35502.6,33908.05,34286.9,36004.1,34201.35,34473.5,37057.8,34551.95
2026-02-05,18236.1,19770.65,24966.65,27841.55,31318.95,34573.85,32979.3,33358.15,35075.35,33272.6,33544.75,36129.05,33623.2
2026-02-06,18973.7,20508.25,25755.75,28626.25,32061.15,35368.1,33773.55,34152.4,35869.6,33913.4,34241.05,36864.85,34359.0
2026-02-09,19053.45,20500.0,25787.0,28657.5,31918.4,35482.85,33888.3,34267.15,35984.35,34028.15,34355.8,36979.6,34473.75
2026-02-10,19102.45,20395.55,25682.55,28638.6,31849.55,35252.5,33657.95,34036.8,35754.0,33797.8,34276.55,36900.35,34222.55
2026-02-11,19409.05,20788.15,26087.2,28921.25,32132.2,35535.15,33940.6,34319.45,36036.65,34080.45,34559.2,37183.0,34505.2
2026-02-12,19102.65,20508.75,25889.4,28723.45,31953.9,35201.35,33606.8,33985.65,35689.8,33799.15,34277.9,37092.3,34414.5
2026-02-13,18257.35,19436.45,24817.1,27651.15,30881.6,34129.05,32534.5,32913.35,34617.5,32726.85,33205.6,36020.0,33342.2
2026-02-16,18074.15,19186.75,24567.4,27401.45,30631.9,33879.35,32284.8,32663.65,34367.8,32477.15,32955.9,35770.3,33092.5
2026-02-17,17938.35,19016.5,24450.15,27284.2,30392.2,33639.65,32045.1,32423.95,34128.1,32237.45,32716.2,35530.6,32852.8
2026-02-18,17792.9,18832.55,24266.2,27100.25,30208.25,33493.2,31898.65,32322.0,34039.65,32149.0,32681.9,35496.3,32818.5
2026-02-19,17725.6,18778.25,24211.9,26978.45,30086.45,33371.4,31660.4,32083.75,33801.4,31910.75,32443.65,35258.05,32580.25
2026-02-20,17963.3,19051.95,24485.6,27288.15,30566.65,33851.6,32140.6,32967.5,34685.15,32825.5,33358.4,36172.8,33495.0
2026-02-23,18170.6,19259.25,24714.4,27582.95,30666.95,33951.9,32240.9,33067.8,34886.0,33026.35,33559.25,36373.65,33822.85
2026-02-24,18519.3,19646.45,24883.6,27769.15,30702.75,33933.15,32285.15,33144.15,34962.35,33102.7,33635.6,36450.0,33899.2
2026-02-25,18573.4,19700.55,24937.7,27839.75,30829.85,34067.8,32419.8,33278.8,35162.05,33131.4,33664.3,36495.2,33944.4
2026-02-26,18737.2,19754.35,25008.0,28031.05,31021.15,34259.1,32625.1,33561.6,35484.85,33454.2,33958.1,36789.0,34276.2
2026-02-27,18305.8,19329.0,24582.65,27636.2,30680.8,33731.3,32097.3,33033.8,34957.05,32926.4,33430.3,36261.2,33748.4
2026-03-02,19319.95,19940.2,25042.85,28149.4,31132.05,34324.1,32584.65,33521.15,35444.4,33413.75,33917.65,36748.55,34235.75
2026-03-03,18905.15,19525.4,24643.6,27750.15,30732.8,33924.85,32185.4,33121.9,35045.15,33014.5,33518.4,36349.3,33836.5
2026-03-04,18481.25,18961.0,24079.2,27286.25,30268.9,33460.95,31815.5,32752.0,34778.75,32748.1,33252.0,36156.4,33643.6
2026-03-05,18748.9,19072.65,23823.35,27030.4,30013.05,33205.1,31559.65,32496.15,34522.9,32492.25,32996.15,35900.55,32942.75
2026-03-06,18199.65,18548.4,23299.1,26533.65,29516.8,32779.85,31134.4,32070.9,34097.65,32075.45,32637.4,35607.85,32388.05
2026-03-09,19376.3,19517.1,24148.35,27382.9,30689.1,33952.15,32378.7,33388.7,35415.45,33393.25,33523.7,36684.65,33464.85
2026-03-10,19578.4,19850.75,23948.5,26942.55,30284.8,33547.85,31974.4,32984.4,35011.15,32988.95,33119.4,36280.35,33060.55
2026-03-11,19358.95,19502.85,23600.6,26594.65,30217.45,33346.5,32202.1,33212.1,35238.85,33216.65,33347.1,36104.05,32920.25
2026-03-12,19072.2,19092.6,23190.35,26228.9,29851.7,33028.75,31884.35,32894.35,34995.6,32973.4,33103.85,35860.8,32691.0
2026-03-13,18809.4,18880.3,22897.65,26053.7,29676.5,32853.55,31773.65,32783.65,34884.9,32951.7,33082.15,35863.6,32693.8
2026-03-16,18736.45,18807.35,22892.75,25927.8,29652.15,32829.2,31749.3,32759.3,34586.05,32652.85,32863.8,35645.25,32475.45
2026-03-17,18789.2,18756.6,22842.0,25936.05,29537.4,32851.45,31771.55,32781.55,34608.3,32675.1,32886.05,35851.5,32681.7
2026-03-18,18869.95,18666.85,22752.25,25846.3,29447.65,32846.2,31766.3,32846.8,34673.55,32740.35,32951.3,35916.75,32768.95
2026-03-19,18459.6,18433.0,22518.4,25612.45,28996.3,32430.9,31351.0,32431.5,34258.25,32325.05,32536.0,35501.45,32353.65
2026-03-20,18064.3,17873.2,21958.6,25052.65,28436.5,31871.1,30791.2,31871.7,33698.45,31765.25,31976.2,34941.65,31793.85
2026-03-23,17526.05,17334.95,21658.9,24752.95,27933.3,31367.9,30288.0,31368.5,33195.25,31262.05,31473.0,34438.45,31290.65
2026-03-24,17581.75,17059.65,21383.6,24297.65,27478.0,30912.6,29832.7,30913.2,32739.95,30806.75,31017.7,33983.15,30835.35
2026-03-25,17302.0,16968.9,21131.85,24045.9,27226.25,30660.85,29580.95,30661.45,32488.2,30555.0,30570.5,33535.95,30388.15
2026-03-26,17250.2,16643.6,20806.55,23720.6,26900.95,30137.55,29057.65,30138.15,31964.9,30031.7,30047.2,33012.65,29864.85
2026-03-27,16989.35,16425.8,20588.75,23470.35,26650.7,29936.8,28856.9,29713.95,31540.7,29607.5,29623.0,32588.45,29440.65
2026-03-30,17047.55,16598.05,20702.05,23583.65,26882.0,30256.1,29176.2,30123.75,31950.5,30160.35,29877.85,32843.3,29737.0
2026-03-31,17918.6,17469.1,21699.7,24581.3,27879.65,31253.75,30224.35,31370.45,33185.35,31404.65,31122.15,34148.1,31041.8
2026-04-01,18121.3,17845.8,22190.9,24986.0,28575.4,32051.5,30917.65,32174.85,33989.75,32209.05,31961.55,34687.0,31682.7
2026-04-02,18110.1,17834.6,22179.7,24974.8,28564.2,31879.3,30745.45,32002.65,33817.55,32036.85,31789.35,34514.8,31510.5
2026-04-03,17962.85,17569.35,21914.45,24709.55,28298.95,31614.05,30480.2,31737.4,33552.3,31771.6,31524.1,34249.55,31245.25
2026-04-06,17902.5,17509.0,21934.1,24729.2,28064.6,31420.7,30307.85,31826.65,33641.55,31860.85,31286.4,34011.85,31007.55
2026-04-07,17393.65,17000.15,21425.25,24220.35,27553.25,30909.35,29796.5,31315.3,33130.2,31349.5,30775.05,33500.5,30496.2
2026-04-08,17338.25,16944.75,21318.4,24180.0,27598.95,30872.6,29856.3,31139.7,32954.6,31173.9,30599.45,33324.9,30320.6
2026-04-09,17249.0,16875.0,21060.65,24117.3,27536.25,30809.9,29793.6,31077.0,33107.9,31327.2,30752.75,33478.2,30473.9
2026-04-10,17401.6,17052.15,21259.8,24174.45,27608.9,30905.6,29792.9,31098.3,33289.75,31553.05,30978.6,33726.05,30721.75
2026-04-13,17820.25,17549.8,21684.95,24566.65,28488.1,31784.8,30684.6,31990.0,34290.5,32675.35,32023.35,34798.8,31794.5
2026-04-14,18030.45,17723.6,22022.25,24894.4,28815.85,32112.55,30863.4,32168.8,34616.35,33055.2,32463.7,35239.15,32234.85
2026-04-15,18058.65,17764.8,22100.45,25009.6,29059.55,32374.75,31039.15,32281.6,34729.15,33168.0,32635.5,35410.95,32464.65
2026-04-16,17958.9,17688.15,22069.3,24978.45,29028.4,32222.15,30886.55,32129.0,34576.55,33015.4,32482.9,35258.35,32312.05
2026-04-17,17847.65,17576.9,21943.05,24870.2,28920.15,32155.9,30820.3,32062.75,34510.3,32966.65,32452.65,35228.1,32295.8
2026-04-20,18059.4,17821.65,22038.85,24913.95,29120.45,32196.75,30928.15,32170.6,34618.15,33165.5,32651.5,35426.95,32494.65
2026-04-21,17996.1,17403.35,21620.55,24363.65,28570.15,31646.45,30377.85,31620.3,34067.85,32615.2,32101.2,34876.65,31944.35
2026-04-22,18192.7,17728.45,21954.65,24703.35,29179.95,32288.25,30975.65,32173.65,34650.2,33211.05,32644.55,35569.55,32625.75
2026-04-23,18349.4,17917.2,21929.95,24617.2,29093.8,32202.1,30889.5,32261.5,34738.05,33298.9,32732.4,35657.4,32713.6
2026-04-24,19154.15,18721.95,22734.7,25503.0,29997.1,33127.95,31815.35,33164.85,35641.4,34202.25,33635.75,36560.75,33616.95
2026-04-27,19249.9,18870.25,22876.5,25435.8,29929.9,33060.75,31748.15,33097.65,35574.2,34135.05,33568.55,36493.55,33549.75
2026-04-28,19424.0,19044.35,22802.6,25361.9,29894.0,33024.85,31707.8,32980.9,35457.45,34018.3,33451.8,36376.8,33433.0
2026-04-29,19446.35,19083.2,22841.45,25431.25,30061.35,32825.2,31508.15,32781.25,35342.3,33903.15,33336.65,36261.65,33317.85
2026-04-30,20105.85,19939.25,23703.6,26623.9,31015.55,34045.4,32119.6,33392.7,35953.75,34514.6,33948.1,36873.1,33929.3
2026-05-01,20445.05,20144.55,23908.9,26829.2,31220.85,34250.7,32324.9,33598.0,36159.05,34719.9,34153.4,37078.4,34134.6
2026-05-04,20015.6,19718.6,23585.55,26506.0,30897.65,33927.5,32001.7,33274.8,35835.85,34396.7,33830.2,36755.2,33811.4
2026-05-05,20625.7,20333.8,24211.75,27182.75,31599.9,34661.75,32755.45,33926.5,36590.65,35151.5,34599.5,37524.5,34580.7
2026-05-06,21152.4,20934.0,24906.95,27537.95,31897.7,35028.55,33122.25,34411.8,37075.95,35670.3,35468.85,38393.85,35450.05
2026-05-07,21315.2,21096.8,25069.75,27951.75,32311.5,35442.35,33536.05,34825.6,37503.75,35831.15,35814.7,38739.7,35795.9
2026-05-08,22108.95,21890.55,25957.5,28852.55,33266.8,36424.15,34422.9,35728.95,38452.1,36798.0,36828.05,39758.55,36868.25
2026-05-11,21960.25,21741.85,25808.8,28703.85,33118.1,36275.45,34274.2,35410.75,38133.9,36479.8,36509.85,39440.35,36550.05
2026-05-12,21674.45,21850.05,25917.0,28812.05,33007.85,36165.2,34417.45,35554.0,38277.15,36623.05,36653.1,39483.6,36593.3
2026-05-13,22297.1,22599.75,26677.75,29509.3,33767.6,36986.95,35239.2,36286.8,39065.95,37411.85,37462.9,40448.4,37346.15
2026-05-14,21879.2,22058.4,26296.9,29128.45,33386.75,36606.1,34858.35,35905.95,38790.1,37136.0,37187.05,40172.55,37234.3
2026-05-15,22409.05,22649.75,26039.25,28596.3,32854.6,36073.95,34326.2,35373.8,38257.95,36603.85,36654.9,39640.4,36702.15
2026-05-18,23148.8,23113.5,26848.5,29405.55,33663.85,37242.25,35470.0,36517.6,39401.75,37747.65,37837.2,40602.75,37664.5
2026-05-19,22957.0,22921.7,26737.2,29415.25,33673.55,36904.45,35212.7,36260.3,39144.45,37125.85,37215.4,39980.95,37042.7
2026-05-20,23082.7,22968.95,26705.0,29568.1,34075.45,37412.35,35720.6,36907.2,39923.4,38012.8,38059.85,40825.4,37887.15
2026-05-21,22955.45,22841.7,26577.75,29152.4,33683.25,36817.15,35125.4,36312.0,39328.2,37417.6,37464.65,40230.2,37291.95
2026-05-22,23271.8,22597.55,26365.1,29028.75,33559.6,36693.5,35001.75,36188.35,38947.05,37036.45,37083.5,39849.05,36910.8
2026-05-25,23274.2,22599.95,26387.5,29106.7,33654.55,36634.95,34943.2,36129.8,38888.5,36977.9,37024.95,39790.5,36852.25
2026-05-26,23117.5,22406.75,26194.3,28913.5,33461.35,36441.75,34750.0,35936.6,38695.3,36784.7,36831.75,39597.3,36659.05
2026-05-27,23479.0,22866.35,26644.45,29402.15,34019.5,36954.4,35303.65,36490.25,39201.55,37527.5,37574.55,40340.1,37401.85
2026-05-28,23469.2,22873.05,26833.65,29658.95,34069.3,37004.2,35353.45,36540.05,39251.35,37577.3,37624.35,40389.9,37451.65
2026-05-29,23334.9,22738.75,26725.85,29559.7,33970.05,36904.95,35391.75,36578.35,39289.65,37886.1,37933.15,40698.7,37760.45
2026-06-01,23395.1,22792.0,26832.1,29665.95,33827.8,36762.7,35249.5,36436.1,39147.4,37743.85,37790.9,40556.45,37618.2
2026-06-02,23188.35,22585.25,26515.85,29349.7,33511.55,36446.45,34933.25,36119.85,38831.15,37427.6,37474.65,40240.2,37301.95
2026-06-03,22861.65,22132.1,26062.7,28896.55,33058.4,35993.3,34480.1,35666.7,38378.0,36974.45,37021.5,39787.05,36848.8
2026-06-04,22557.8,21952.75,25991.35,28889.2,32842.55,35237.0,33723.8,34910.4,37621.7,36218.15,36265.2,39030.75,36092.5
2026-06-05,22117.95,21512.9,25403.2,28301.05,32254.4,34648.85,33135.65,34322.25,37033.55,35630.0,35677.05,38442.6,35504.35
2026-06-08,22992.1,22469.55,26359.85,29336.7,32866.7,35261.15,33747.95,34934.55,38151.9,36748.35,36852.4,39700.45,37369.75
2026-06-09,23861.3,23361.8,27531.6,30522.95,34007.5,36411.45,34948.25,36218.35,39435.7,38092.15,38196.2,41062.75,38764.05
2026-06-10,22885.55,22386.05,26555.85,29547.2,33031.75,35435.7,33972.5,35242.6,38459.95,37116.4,37220.45,40087.0,37788.3
2026-06-11,23665.65,23428.15,27765.45,30422.35,34332.9,36736.85,35459.7,36797.3,40047.65,38335.7,38439.75,41181.7,38913.0
2026-06-12,24399.8,24185.8,28819.25,31174.15,35426.75,37435.7,36158.55,37517.15,40045.5,38333.55,38437.6,41179.55,38910.85
2026-06-15,24448.95,24260.95,28930.95,31326.35,35642.0,37588.95,36311.8,37683.4,40241.75,38536.8,38805.9,41547.85,39391.15
2026-06-16,24156.55,24001.05,28496.05,30766.5,35208.15,37155.1,35877.95,37249.55,39807.9,38102.95,38372.05,41114.0,39005.8
2026-06-17,22915.05,22561.05,27099.55,29388.05,33888.7,35835.65,34376.5,35762.1,38370.5,36691.15,36960.25,39702.2,37594.0
2026-06-18,22772.35,22418.35,26956.85,29245.35,33746.0,35692.95,34233.8,35619.4,38227.8,36548.45,36817.55,39559.5,37451.3
2026-06-19,22632.45,22375.95,26909.55,29198.05,33760.2,35707.15,34228.45,35713.55,38321.95,36677.1,36959.7,39608.25,37500.05
2026-06-22,23154.6,23034.1,27480.15,29872.15,34434.3,36449.25,34972.25,36457.35,39390.3,37834.45,37715.05,40298.05,38514.4
2026-06-23,22787.9,22423.9,26869.95,29261.95,33824.1,35839.05,34362.05,35847.15,38780.1,37224.25,37104.85,39687.85,37904.2
2026-06-24,22140.5,21426.0,26367.2,28344.7,32475.85,34490.8,33013.8,34498.9,37431.85,35876.0,35756.6,38339.6,36555.95
2026-06-25,22117.65,21403.15,26344.35,28321.85,32490.5,34505.45,33049.0,34534.1,37467.05,35911.2,35791.8,38374.8,36591.15
2026-06-26,21987.25,21272.75,26213.95,28191.45,32360.1,34442.7,33277.8,34355.35,37288.3,35732.45,35613.05,38196.05,36412.4
2026-06-29,21984.15,21423.15,26624.45,28824.55,32993.2,35075.8,33910.9,35395.0,38327.95,36638.05,36518.65,39095.8,37535.2
2026-06-30,22563.7,22039.75,27150.55,29497.65,33666.3,35748.9,34528.55,36012.65,38945.6,37255.7,37136.3,39746.95,38131.5
2026-07-01,21972.35,21279.9,26365.75,28712.85,32881.5,34964.1,33743.75,35227.85,38160.8,36470.9,36351.5,38962.15,37346.7
2026-07-02,21810.55,21118.1,26422.5,28769.6,32938.25,35020.85,33800.5,35717.15,38650.1,36960.2,35974.8,38585.45,36970.0
2026-07-03,21826.3,21224.35,26528.75,29003.35,33288.05,35414.15,34159.35,36147.0,39119.95,37195.55,36297.15,38907.8,37408.4
2026-07-06,22294.95,21648.0,26835.4,28931.05,33215.75,35479.4,34319.65,36516.35,39489.3,37557.4,36774.0,39384.65,37885.25
2026-07-07,22096.15,21738.2,26983.1,29078.75,33192.5,35470.65,34366.4,36261.1,39234.05,37302.15,36518.75,39129.4,37630.0
2026-07-08,22600.85,22242.9,27235.3,29293.05,32967.3,35245.45,34141.2,36035.9,39008.85,37125.45,36342.05,39467.75,37968.35
2026-07-09,22975.0,22842.05,27910.5,29996.25,33670.5,35961.8,34857.55,36752.25,39769.2,38040.8,37283.9,40474.1,38876.7
2026-07-10,23005.75,22872.8,27941.25,29831.5,33505.75,35797.05,34692.8,36587.5,39604.45,37876.05,37119.15,40309.35,38711.95
2026-07-13,22747.05,22614.1,27682.55,29572.8,33247.05,35580.35,34476.1,36400.8,39417.75,37707.85,36680.95,39871.15,38273.75
