at,account_id,trade_key,entry_at,equity_before,floor_before,mae,mfe,gross_pnl,adverse_equity,equity_after,floor_after,alive_after,death_equity
2026-03-02T03:30:00,4,RR1.00:2-3:555:2093,2026-03-02T02:50:40,4686.6,100.0,-17.0,229.5,184.0,4669.6,4869.55,100.0,True,
2026-03-02T03:30:00,65,RR1.00:2-3:555:2093,2026-03-02T02:50:40,5096.2,100.0,-17.0,229.5,184.0,5079.2,5279.15,100.0,True,
2026-03-02T03:30:00,66,RR1.00:2-3:555:2093,2026-03-02T02:50:40,4807.2,100.0,-17.0,229.5,184.0,4790.2,4990.15,100.0,True,
2026-03-02T03:30:00,78,RR1.00:2-3:555:2093,2026-03-02T02:50:40,4669.9,100.0,-17.0,229.5,184.0,4652.9,4852.85,100.0,True,
2026-03-02T03:30:00,79,RR1.00:2-3:555:2093,2026-03-02T02:50:40,4900.1,100.0,-17.0,229.5,184.0,4883.1,5083.05,100.0,True,
2026-03-02T03:30:00,80,RR1.00:2-3:555:2093,2026-03-02T02:50:40,4622.95,100.0,-17.0,229.5,184.0,4605.95,4805.9,100.0,True,
2026-03-02T03:30:00,81,RR1.00:2-3:555:2093,2026-03-02T02:50:40,4622.95,100.0,-17.0,229.5,184.0,4605.95,4805.9,100.0,True,
2026-03-02T03:30:00,82,RR1.00:2-3:555:2093,2026-03-02T02:50:40,4622.95,100.0,-17.0,229.5,184.0,4605.95,4805.9,100.0,True,
2026-03-02T03:30:00,83,RR1.00:2-3:555:2093,2026-03-02T02:50:40,5009.75,100.0,-17.0,229.5,184.0,4992.75,5192.7,100.0,True,
2026-03-02T03:30:00,84,RR1.00:2-3:555:2093,2026-03-02T02:50:40,5009.75,100.0,-17.0,229.5,184.0,4992.75,5192.7,100.0,True,
2026-03-02T03:30:00,91,RR1.00:2-3:555:2093,2026-03-02T02:50:40,4692.3,100.0,-17.0,229.5,184.0,4675.3,4875.25,100.0,True,
2026-03-02T03:30:00,92,RR1.00:2-3:555:2093,2026-03-02T02:50:40,4831.15,100.0,-17.0,229.5,184.0,4814.15,5014.1,100.0,True,
2026-03-02T03:30:00,93,RR1.00:2-3:555:2093,2026-03-02T02:50:40,4723.2,100.0,-17.0,229.5,184.0,4706.2,4906.15,100.0,True,
2026-03-02T03:30:00,94,RR1.00:2-3:555:2093,2026-03-02T02:50:40,5055.6,100.0,-17.0,229.5,184.0,5038.6,5238.55,100.0,True,
2026-03-02T03:30:00,95,RR1.00:2-3:555:2093,2026-03-02T02:50:40,4683.75,100.0,-17.0,229.5,184.0,4666.75,4866.7,100.0,True,
2026-03-02T03:30:00,96,RR1.00:2-3:555:2093,2026-03-02T02:50:40,4747.4,100.0,-17.0,229.5,184.0,4730.4,4930.35,100.0,True,
2026-03-02T03:30:00,97,RR1.00:2-3:555:2093,2026-03-02T02:50:40,4747.4,100.0,-17.0,229.5,184.0,4730.4,4930.35,100.0,True,
2026-03-02T03:30:00,98,RR1.00:2-3:555:2093,2026-03-02T02:50:40,4995.6,100.0,-17.0,229.5,184.0,4978.6,5178.55,100.0,True,
2026-03-02T03:30:00,99,RR1.00:2-3:555:2093,2026-03-02T02:50:40,4855.85,100.0,-17.0,229.5,184.0,4838.85,5038.8,100.0,True,
2026-03-02T03:30:00,100,RR1.00:2-3:555:2093,2026-03-02T02:50:40,4895.65,100.0,-17.0,229.5,184.0,4878.65,5078.6,100.0,True,
2026-03-02T11:30:00,4,RR1.00:10-11:584:2112,2026-03-02T10:40:40,4869.55,100.0,-24.0,193.0,165.5,4845.55,5034.0,100.0,True,
2026-03-02T11:30:00,65,RR1.00:10-11:584:2112,2026-03-02T10:40:40,5279.15,100.0,-24.0,193.0,165.5,5255.15,5443.6,100.0,True,
2026-03-02T11:30:00,66,RR1.00:10-11:584:2112,2026-03-02T10:40:40,4990.15,100.0,-24.0,193.0,165.5,4966.15,5154.6,100.0,True,
2026-03-02T11:30:00,78,RR1.00:10-11:584:2112,2026-03-02T10:40:40,4852.85,100.0,-24.0,193.0,165.5,4828.85,5017.3,100.0,True,
2026-03-02T11:30:00,79,RR1.00:10-11:584:2112,2026-03-02T10:40:40,5083.05,100.0,-24.0,193.0,165.5,5059.05,5247.5,100.0,True,
2026-03-02T11:30:00,80,RR1.00:10-11:584:2112,2026-03-02T10:40:40,4805.9,100.0,-24.0,193.0,165.5,4781.9,4970.35,100.0,True,
2026-03-02T11:30:00,81,RR1.00:10-11:584:2112,2026-03-02T10:40:40,4805.9,100.0,-24.0,193.0,165.5,4781.9,4970.35,100.0,True,
2026-03-02T11:30:00,82,RR1.00:10-11:584:2112,2026-03-02T10:40:40,4805.9,100.0,-24.0,193.0,165.5,4781.9,4970.35,100.0,True,
2026-03-02T11:30:00,83,RR1.00:10-11:584:2112,2026-03-02T10:40:40,5192.7,100.0,-24.0,193.0,165.5,5168.7,5357.15,100.0,True,
2026-03-02T11:30:00,84,RR1.00:10-11:584:2112,2026-03-02T10:40:40,5192.7,100.0,-24.0,193.0,165.5,5168.7,5357.15,100.0,True,
2026-03-02T11:30:00,91,RR1.00:10-11:584:2112,2026-03-02T10:40:40,4875.25,100.0,-24.0,193.0,165.5,4851.25,5039.7,100.0,True,
2026-03-02T11:30:00,92,RR1.00:10-11:584:2112,2026-03-02T10:40:40,5014.1,100.0,-24.0,193.0,165.5,4990.1,5178.55,100.0,True,
2026-03-02T11:30:00,93,RR1.00:10-11:584:2112,2026-03-02T10:40:40,4906.15,100.0,-24.0,193.0,165.5,4882.15,5070.6,100.0,True,
2026-03-02T11:30:00,94,RR1.00:10-11:584:2112,2026-03-02T10:40:40,5238.55,100.0,-24.0,193.0,165.5,5214.55,5403.0,100.0,True,
2026-03-02T11:30:00,95,RR1.00:10-11:584:2112,2026-03-02T10:40:40,4866.7,100.0,-24.0,193.0,165.5,4842.7,5031.15,100.0,True,
2026-03-02T11:30:00,96,RR1.00:10-11:584:2112,2026-03-02T10:40:40,4930.35,100.0,-24.0,193.0,165.5,4906.35,5094.8,100.0,True,
2026-03-02T11:30:00,97,RR1.00:10-11:584:2112,2026-03-02T10:40:40,4930.35,100.0,-24.0,193.0,165.5,4906.35,5094.8,100.0,True,
2026-03-02T11:30:00,98,RR1.00:10-11:584:2112,2026-03-02T10:40:40,5178.55,100.0,-24.0,193.0,165.5,5154.55,5343.0,100.0,True,
2026-03-02T11:30:00,99,RR1.00:10-11:584:2112,2026-03-02T10:40:40,5038.8,100.0,-24.0,193.0,165.5,5014.8,5203.25,100.0,True,
2026-03-02T11:30:00,100,RR1.00:10-11:584:2112,2026-03-02T10:40:40,5078.6,100.0,-24.0,193.0,165.5,5054.6,5243.05,100.0,True,
2026-03-02T14:19:40,4,RR1.00:13-14:567:2096,2026-03-02T13:31:40,5034.0,100.0,-72.0,116.0,-72.0,4962.0,5034.0,100.0,True,
2026-03-02T14:19:40,65,RR1.00:13-14:567:2096,2026-03-02T13:31:40,5443.6,100.0,-72.0,116.0,-72.0,5371.6,5443.6,100.0,True,
2026-03-02T14:19:40,66,RR1.00:13-14:567:2096,2026-03-02T13:31:40,5154.6,100.0,-72.0,116.0,-72.0,5082.6,5154.6,100.0,True,
2026-03-02T14:19:40,78,RR1.00:13-14:567:2096,2026-03-02T13:31:40,5017.3,100.0,-72.0,116.0,-72.0,4945.3,5017.3,100.0,True,
2026-03-02T14:19:40,79,RR1.00:13-14:567:2096,2026-03-02T13:31:40,5247.5,100.0,-72.0,116.0,-72.0,5175.5,5247.5,100.0,True,
2026-03-02T14:19:40,80,RR1.00:13-14:567:2096,2026-03-02T13:31:40,4970.35,100.0,-72.0,116.0,-72.0,4898.35,4970.35,100.0,True,
2026-03-02T14:19:40,81,RR1.00:13-14:567:2096,2026-03-02T13:31:40,4970.35,100.0,-72.0,116.0,-72.0,4898.35,4970.35,100.0,True,
2026-03-02T14:19:40,82,RR1.00:13-14:567:2096,2026-03-02T13:31:40,4970.35,100.0,-72.0,116.0,-72.0,4898.35,4970.35,100.0,True,
2026-03-02T14:19:40,83,RR1.00:13-14:567:2096,2026-03-02T13:31:40,5357.15,100.0,-72.0,116.0,-72.0,5285.15,5357.15,100.0,True,
2026-03-02T14:19:40,84,RR1.00:13-14:567:2096,2026-03-02T13:31:40,5357.15,100.0,-72.0,116.0,-72.0,5285.15,5357.15,100.0,True,
2026-03-02T14:19:40,91,RR1.00:13-14:567:2096,2026-03-02T13:31:40,5039.7,100.0,-72.0,116.0,-72.0,4967.7,5039.7,100.0,True,
2026-03-02T14:19:40,92,RR1.00:13-14:567:2096,2026-03-02T13:31:40,5178.55,100.0,-72.0,116.0,-72.0,5106.55,5178.55,100.0,True,
2026-03-02T14:19:40,93,RR1.00:13-14:567:2096,2026-03-02T13:31:40,5070.6,100.0,-72.0,116.0,-72.0,4998.6,5070.6,100.0,True,
2026-03-02T14:19:40,94,RR1.00:13-14:567:2096,2026-03-02T13:31:40,5403.0,100.0,-72.0,116.0,-72.0,5331.0,5403.0,100.0,True,
2026-03-02T14:19:40,95,RR1.00:13-14:567:2096,2026-03-02T13:31:40,5031.15,100.0,-72.0,116.0,-72.0,4959.15,5031.15,100.0,True,
2026-03-02T14:19:40,96,RR1.00:13-14:567:2096,2026-03-02T13:31:40,5094.8,100.0,-72.0,116.0,-72.0,5022.8,5094.8,100.0,True,
2026-03-02T14:19:40,97,RR1.00:13-14:567:2096,2026-03-02T13:31:40,5094.8,100.0,-72.0,116.0,-72.0,5022.8,5094.8,100.0,True,
2026-03-02T14:19:40,98,RR1.00:13-14:567:2096,2026-03-02T13:31:40,5343.0,100.0,-72.0,116.0,-72.0,5271.0,5343.0,100.0,True,
2026-03-02T14:19:40,99,RR1.00:13-14:567:2096,2026-03-02T13:31:40,5203.25,100.0,-72.0,116.0,-72.0,5131.25,5203.25,100.0,True,
2026-03-02T14:19:40,100,RR1.00:13-14:567:2096,2026-03-02T13:31:40,5243.05,100.0,-72.0,116.0,-72.0,5171.05,5243.05,100.0,True,
2026-03-02T14:55:40,4,RR1.00:12-13:510:2011,2026-03-02T12:02:40,5034.0,100.0,-88.0,149.5,-88.0,4946.0,4944.95,100.0,True,
2026-03-02T14:55:40,65,RR1.00:12-13:510:2011,2026-03-02T12:02:40,5443.6,100.0,-88.0,149.5,-88.0,5355.6,5354.55,100.0,True,
2026-03-02T14:55:40,66,RR1.00:12-13:510:2011,2026-03-02T12:02:40,5154.6,100.0,-88.0,149.5,-88.0,5066.6,5065.55,100.0,True,
2026-03-02T14:55:40,78,RR1.00:12-13:510:2011,2026-03-02T12:02:40,5017.3,100.0,-88.0,149.5,-88.0,4929.3,4928.25,100.0,True,
2026-03-02T14:55:40,79,RR1.00:12-13:510:2011,2026-03-02T12:02:40,5247.5,100.0,-88.0,149.5,-88.0,5159.5,5158.45,100.0,True,
2026-03-02T14:55:40,80,RR1.00:12-13:510:2011,2026-03-02T12:02:40,4970.35,100.0,-88.0,149.5,-88.0,4882.35,4881.3,100.0,True,
2026-03-02T14:55:40,81,RR1.00:12-13:510:2011,2026-03-02T12:02:40,4970.35,100.0,-88.0,149.5,-88.0,4882.35,4881.3,100.0,True,
2026-03-02T14:55:40,82,RR1.00:12-13:510:2011,2026-03-02T12:02:40,4970.35,100.0,-88.0,149.5,-88.0,4882.35,4881.3,100.0,True,
2026-03-02T14:55:40,83,RR1.00:12-13:510:2011,2026-03-02T12:02:40,5357.15,100.0,-88.0,149.5,-88.0,5269.15,5268.1,100.0,True,
2026-03-02T14:55:40,84,RR1.00:12-13:510:2011,2026-03-02T12:02:40,5357.15,100.0,-88.0,149.5,-88.0,5269.15,5268.1,100.0,True,
2026-03-02T14:55:40,91,RR1.00:12-13:510:2011,2026-03-02T12:02:40,5039.7,100.0,-88.0,149.5,-88.0,4951.7,4950.65,100.0,True,
2026-03-02T14:55:40,92,RR1.00:12-13:510:2011,2026-03-02T12:02:40,5178.55,100.0,-88.0,149.5,-88.0,5090.55,5089.5,100.0,True,
2026-03-02T14:55:40,93,RR1.00:12-13:510:2011,2026-03-02T12:02:40,5070.6,100.0,-88.0,149.5,-88.0,4982.6,4981.55,100.0,True,
2026-03-02T14:55:40,94,RR1.00:12-13:510:2011,2026-03-02T12:02:40,5403.0,100.0,-88.0,149.5,-88.0,5315.0,5313.95,100.0,True,
2026-03-02T14:55:40,95,RR1.00:12-13:510:2011,2026-03-02T12:02:40,5031.15,100.0,-88.0,149.5,-88.0,4943.15,4942.1,100.0,True,
2026-03-02T14:55:40,96,RR1.00:12-13:510:2011,2026-03-02T12:02:40,5094.8,100.0,-88.0,149.5,-88.0,5006.8,5005.75,100.0,True,
2026-03-02T14:55:40,97,RR1.00:12-13:510:2011,2026-03-02T12:02:40,5094.8,100.0,-88.0,149.5,-88.0,5006.8,5005.75,100.0,True,
2026-03-02T14:55:40,98,RR1.00:12-13:510:2011,2026-03-02T12:02:40,5343.0,100.0,-88.0,149.5,-88.0,5255.0,5253.95,100.0,True,
2026-03-02T14:55:40,99,RR1.00:12-13:510:2011,2026-03-02T12:02:40,5203.25,100.0,-88.0,149.5,-88.0,5115.25,5114.2,100.0,True,
2026-03-02T14:55:40,100,RR1.00:12-13:510:2011,2026-03-02T12:02:40,5243.05,100.0,-88.0,149.5,-88.0,5155.05,5154.0,100.0,True,
2026-03-02T15:58:40,4,RR1.00:15-16:678:2220,2026-03-02T15:19:40,4944.95,100.0,-108.5,150.5,-108.5,4836.45,4835.4,100.0,True,
2026-03-02T15:58:40,65,RR1.00:15-16:678:2220,2026-03-02T15:19:40,5354.55,100.0,-108.5,150.5,-108.5,5246.05,5245.0,100.0,True,
2026-03-02T15:58:40,66,RR1.00:15-16:678:2220,2026-03-02T15:19:40,5065.55,100.0,-108.5,150.5,-108.5,4957.05,4956.0,100.0,True,
2026-03-02T15:58:40,78,RR1.00:15-16:678:2220,2026-03-02T15:19:40,4928.25,100.0,-108.5,150.5,-108.5,4819.75,4818.7,100.0,True,
2026-03-02T15:58:40,79,RR1.00:15-16:678:2220,2026-03-02T15:19:40,5158.45,100.0,-108.5,150.5,-108.5,5049.95,5048.9,100.0,True,
2026-03-02T15:58:40,80,RR1.00:15-16:678:2220,2026-03-02T15:19:40,4881.3,100.0,-108.5,150.5,-108.5,4772.8,4771.75,100.0,True,
2026-03-02T15:58:40,81,RR1.00:15-16:678:2220,2026-03-02T15:19:40,4881.3,100.0,-108.5,150.5,-108.5,4772.8,4771.75,100.0,True,
2026-03-02T15:58:40,82,RR1.00:15-16:678:2220,2026-03-02T15:19:40,4881.3,100.0,-108.5,150.5,-108.5,4772.8,4771.75,100.0,True,
2026-03-02T15:58:40,83,RR1.00:15-16:678:2220,2026-03-02T15:19:40,5268.1,100.0,-108.5,150.5,-108.5,5159.6,5158.55,100.0,True,
2026-03-02T15:58:40,84,RR1.00:15-16:678:2220,2026-03-02T15:19:40,5268.1,100.0,-108.5,150.5,-108.5,5159.6,5158.55,100.0,True,
2026-03-02T15:58:40,91,RR1.00:15-16:678:2220,2026-03-02T15:19:40,4950.65,100.0,-108.5,150.5,-108.5,4842.15,4841.1,100.0,True,
2026-03-02T15:58:40,92,RR1.00:15-16:678:2220,2026-03-02T15:19:40,5089.5,100.0,-108.5,150.5,-108.5,4981.0,4979.95,100.0,True,
2026-03-02T15:58:40,93,RR1.00:15-16:678:2220,2026-03-02T15:19:40,4981.55,100.0,-108.5,150.5,-108.5,4873.05,4872.0,100.0,True,
2026-03-02T15:58:40,94,RR1.00:15-16:678:2220,2026-03-02T15:19:40,5313.95,100.0,-108.5,150.5,-108.5,5205.45,5204.4,100.0,True,
2026-03-02T15:58:40,95,RR1.00:15-16:678:2220,2026-03-02T15:19:40,4942.1,100.0,-108.5,150.5,-108.5,4833.6,4832.55,100.0,True,
2026-03-02T15:58:40,96,RR1.00:15-16:678:2220,2026-03-02T15:19:40,5005.75,100.0,-108.5,150.5,-108.5,4897.25,4896.2,100.0,True,
2026-03-02T15:58:40,97,RR1.00:15-16:678:2220,2026-03-02T15:19:40,5005.75,100.0,-108.5,150.5,-108.5,4897.25,4896.2,100.0,True,
2026-03-02T15:58:40,98,RR1.00:15-16:678:2220,2026-03-02T15:19:40,5253.95,100.0,-108.5,150.5,-108.5,5145.45,5144.4,100.0,True,
2026-03-02T15:58:40,99,RR1.00:15-16:678:2220,2026-03-02T15:19:40,5114.2,100.0,-108.5,150.5,-108.5,5005.7,5004.65,100.0,True,
2026-03-02T15:58:40,100,RR1.00:15-16:678:2220,2026-03-02T15:19:40,5154.0,100.0,-108.5,150.5,-108.5,5045.5,5044.45,100.0,True,
2026-03-02T17:00:00,4,RR1.00:16-17:840:2401,2026-03-02T16:31:40,4835.4,100.0,32.5,376.5,303.5,4835.4,5137.85,100.0,True,
2026-03-02T17:00:00,65,RR1.00:16-17:840:2401,2026-03-02T16:31:40,5245.0,100.0,32.5,376.5,303.5,5245.0,5547.45,100.0,True,
2026-03-02T17:00:00,66,RR1.00:16-17:840:2401,2026-03-02T16:31:40,4956.0,100.0,32.5,376.5,303.5,4956.0,5258.45,100.0,True,
2026-03-02T17:00:00,78,RR1.00:16-17:840:2401,2026-03-02T16:31:40,4818.7,100.0,32.5,376.5,303.5,4818.7,5121.15,100.0,True,
2026-03-02T17:00:00,79,RR1.00:16-17:840:2401,2026-03-02T16:31:40,5048.9,100.0,32.5,376.5,303.5,5048.9,5351.35,100.0,True,
2026-03-02T17:00:00,80,RR1.00:16-17:840:2401,2026-03-02T16:31:40,4771.75,100.0,32.5,376.5,303.5,4771.75,5074.2,100.0,True,
2026-03-02T17:00:00,81,RR1.00:16-17:840:2401,2026-03-02T16:31:40,4771.75,100.0,32.5,376.5,303.5,4771.75,5074.2,100.0,True,
2026-03-02T17:00:00,82,RR1.00:16-17:840:2401,2026-03-02T16:31:40,4771.75,100.0,32.5,376.5,303.5,4771.75,5074.2,100.0,True,
2026-03-02T17:00:00,83,RR1.00:16-17:840:2401,2026-03-02T16:31:40,5158.55,100.0,32.5,376.5,303.5,5158.55,5461.0,100.0,True,
2026-03-02T17:00:00,84,RR1.00:16-17:840:2401,2026-03-02T16:31:40,5158.55,100.0,32.5,376.5,303.5,5158.55,5461.0,100.0,True,
2026-03-02T17:00:00,91,RR1.00:16-17:840:2401,2026-03-02T16:31:40,4841.1,100.0,32.5,376.5,303.5,4841.1,5143.55,100.0,True,
2026-03-02T17:00:00,92,RR1.00:16-17:840:2401,2026-03-02T16:31:40,4979.95,100.0,32.5,376.5,303.5,4979.95,5282.4,100.0,True,
2026-03-02T17:00:00,93,RR1.00:16-17:840:2401,2026-03-02T16:31:40,4872.0,100.0,32.5,376.5,303.5,4872.0,5174.45,100.0,True,
2026-03-02T17:00:00,94,RR1.00:16-17:840:2401,2026-03-02T16:31:40,5204.4,100.0,32.5,376.5,303.5,5204.4,5506.85,100.0,True,
2026-03-02T17:00:00,95,RR1.00:16-17:840:2401,2026-03-02T16:31:40,4832.55,100.0,32.5,376.5,303.5,4832.55,5135.0,100.0,True,
2026-03-02T17:00:00,96,RR1.00:16-17:840:2401,2026-03-02T16:31:40,4896.2,100.0,32.5,376.5,303.5,4896.2,5198.65,100.0,True,
2026-03-02T17:00:00,97,RR1.00:16-17:840:2401,2026-03-02T16:31:40,4896.2,100.0,32.5,376.5,303.5,4896.2,5198.65,100.0,True,
2026-03-02T17:00:00,98,RR1.00:16-17:840:2401,2026-03-02T16:31:40,5144.4,100.0,32.5,376.5,303.5,5144.4,5446.85,100.0,True,
2026-03-02T17:00:00,99,RR1.00:16-17:840:2401,2026-03-02T16:31:40,5004.65,100.0,32.5,376.5,303.5,5004.65,5307.1,100.0,True,
2026-03-02T17:00:00,100,RR1.00:16-17:840:2401,2026-03-02T16:31:40,5044.45,100.0,32.5,376.5,303.5,5044.45,5346.9,100.0,True,
2026-03-02T22:11:20,4,RR1.00:21-22:532:1975,2026-03-02T21:11:40,5137.85,100.0,-142.0,123.0,-142.0,4995.85,5137.85,100.0,True,
2026-03-02T22:11:20,65,RR1.00:21-22:532:1975,2026-03-02T21:11:40,5547.45,100.0,-142.0,123.0,-142.0,5405.45,5547.45,100.0,True,
2026-03-02T22:11:20,66,RR1.00:21-22:532:1975,2026-03-02T21:11:40,5258.45,100.0,-142.0,123.0,-142.0,5116.45,5258.45,100.0,True,
2026-03-02T22:11:20,78,RR1.00:21-22:532:1975,2026-03-02T21:11:40,5121.15,100.0,-142.0,123.0,-142.0,4979.15,5121.15,100.0,True,
2026-03-02T22:11:20,79,RR1.00:21-22:532:1975,2026-03-02T21:11:40,5351.35,100.0,-142.0,123.0,-142.0,5209.35,5351.35,100.0,True,
2026-03-02T22:11:20,80,RR1.00:21-22:532:1975,2026-03-02T21:11:40,5074.2,100.0,-142.0,123.0,-142.0,4932.2,5074.2,100.0,True,
2026-03-02T22:11:20,81,RR1.00:21-22:532:1975,2026-03-02T21:11:40,5074.2,100.0,-142.0,123.0,-142.0,4932.2,5074.2,100.0,True,
2026-03-02T22:11:20,82,RR1.00:21-22:532:1975,2026-03-02T21:11:40,5074.2,100.0,-142.0,123.0,-142.0,4932.2,5074.2,100.0,True,
2026-03-02T22:11:20,83,RR1.00:21-22:532:1975,2026-03-02T21:11:40,5461.0,100.0,-142.0,123.0,-142.0,5319.0,5461.0,100.0,True,
2026-03-02T22:11:20,84,RR1.00:21-22:532:1975,2026-03-02T21:11:40,5461.0,100.0,-142.0,123.0,-142.0,5319.0,5461.0,100.0,True,
2026-03-02T22:11:20,91,RR1.00:21-22:532:1975,2026-03-02T21:11:40,5143.55,100.0,-142.0,123.0,-142.0,5001.55,5143.55,100.0,True,
2026-03-02T22:11:20,92,RR1.00:21-22:532:1975,2026-03-02T21:11:40,5282.4,100.0,-142.0,123.0,-142.0,5140.4,5282.4,100.0,True,
2026-03-02T22:11:20,93,RR1.00:21-22:532:1975,2026-03-02T21:11:40,5174.45,100.0,-142.0,123.0,-142.0,5032.45,5174.45,100.0,True,
2026-03-02T22:11:20,94,RR1.00:21-22:532:1975,2026-03-02T21:11:40,5506.85,100.0,-142.0,123.0,-142.0,5364.85,5506.85,100.0,True,
2026-03-02T22:11:20,95,RR1.00:21-22:532:1975,2026-03-02T21:11:40,5135.0,100.0,-142.0,123.0,-142.0,4993.0,5135.0,100.0,True,
2026-03-02T22:11:20,96,RR1.00:21-22:532:1975,2026-03-02T21:11:40,5198.65,100.0,-142.0,123.0,-142.0,5056.65,5198.65,100.0,True,
2026-03-02T22:11:20,97,RR1.00:21-22:532:1975,2026-03-02T21:11:40,5198.65,100.0,-142.0,123.0,-142.0,5056.65,5198.65,100.0,True,
2026-03-02T22:11:20,98,RR1.00:21-22:532:1975,2026-03-02T21:11:40,5446.85,100.0,-142.0,123.0,-142.0,5304.85,5446.85,100.0,True,
2026-03-02T22:11:20,99,RR1.00:21-22:532:1975,2026-03-02T21:11:40,5307.1,100.0,-142.0,123.0,-142.0,5165.1,5307.1,100.0,True,
2026-03-02T22:11:20,100,RR1.00:21-22:532:1975,2026-03-02T21:11:40,5346.9,100.0,-142.0,123.0,-142.0,5204.9,5346.9,100.0,True,
2026-03-02T23:30:00,4,RR1.00:18-19:459:1959,2026-03-02T18:41:40,5137.85,100.0,-89.0,219.5,10.0,5048.85,5146.8,100.0,True,
2026-03-02T23:30:00,65,RR1.00:18-19:459:1959,2026-03-02T18:41:40,5547.45,100.0,-89.0,219.5,10.0,5458.45,5556.4,100.0,True,
2026-03-02T23:30:00,66,RR1.00:18-19:459:1959,2026-03-02T18:41:40,5258.45,100.0,-89.0,219.5,10.0,5169.45,5267.4,100.0,True,
2026-03-02T23:30:00,78,RR1.00:18-19:459:1959,2026-03-02T18:41:40,5121.15,100.0,-89.0,219.5,10.0,5032.15,5130.1,100.0,True,
2026-03-02T23:30:00,79,RR1.00:18-19:459:1959,2026-03-02T18:41:40,5351.35,100.0,-89.0,219.5,10.0,5262.35,5360.3,100.0,True,
2026-03-02T23:30:00,80,RR1.00:18-19:459:1959,2026-03-02T18:41:40,5074.2,100.0,-89.0,219.5,10.0,4985.2,5083.15,100.0,True,
2026-03-02T23:30:00,81,RR1.00:18-19:459:1959,2026-03-02T18:41:40,5074.2,100.0,-89.0,219.5,10.0,4985.2,5083.15,100.0,True,
2026-03-02T23:30:00,82,RR1.00:18-19:459:1959,2026-03-02T18:41:40,5074.2,100.0,-89.0,219.5,10.0,4985.2,5083.15,100.0,True,
2026-03-02T23:30:00,83,RR1.00:18-19:459:1959,2026-03-02T18:41:40,5461.0,100.0,-89.0,219.5,10.0,5372.0,5469.95,100.0,True,
2026-03-02T23:30:00,84,RR1.00:18-19:459:1959,2026-03-02T18:41:40,5461.0,100.0,-89.0,219.5,10.0,5372.0,5469.95,100.0,True,
2026-03-02T23:30:00,91,RR1.00:18-19:459:1959,2026-03-02T18:41:40,5143.55,100.0,-89.0,219.5,10.0,5054.55,5152.5,100.0,True,
2026-03-02T23:30:00,92,RR1.00:18-19:459:1959,2026-03-02T18:41:40,5282.4,100.0,-89.0,219.5,10.0,5193.4,5291.35,100.0,True,
2026-03-02T23:30:00,93,RR1.00:18-19:459:1959,2026-03-02T18:41:40,5174.45,100.0,-89.0,219.5,10.0,5085.45,5183.4,100.0,True,
2026-03-02T23:30:00,94,RR1.00:18-19:459:1959,2026-03-02T18:41:40,5506.85,100.0,-89.0,219.5,10.0,5417.85,5515.8,100.0,True,
2026-03-02T23:30:00,95,RR1.00:18-19:459:1959,2026-03-02T18:41:40,5135.0,100.0,-89.0,219.5,10.0,5046.0,5143.95,100.0,True,
2026-03-02T23:30:00,96,RR1.00:18-19:459:1959,2026-03-02T18:41:40,5198.65,100.0,-89.0,219.5,10.0,5109.65,5207.6,100.0,True,
2026-03-02T23:30:00,97,RR1.00:18-19:459:1959,2026-03-02T18:41:40,5198.65,100.0,-89.0,219.5,10.0,5109.65,5207.6,100.0,True,
2026-03-02T23:30:00,98,RR1.00:18-19:459:1959,2026-03-02T18:41:40,5446.85,100.0,-89.0,219.5,10.0,5357.85,5455.8,100.0,True,
2026-03-02T23:30:00,99,RR1.00:18-19:459:1959,2026-03-02T18:41:40,5307.1,100.0,-89.0,219.5,10.0,5218.1,5316.05,100.0,True,
2026-03-02T23:30:00,100,RR1.00:18-19:459:1959,2026-03-02T18:41:40,5346.9,100.0,-89.0,219.5,10.0,5257.9,5355.85,100.0,True,
2026-03-03T01:01:40,4,RR1.00:1-2:448:1821,2026-03-03T01:00:20,5146.8,100.0,-58.5,6.5,-58.5,5088.3,5087.25,100.0,True,
2026-03-03T01:01:40,65,RR1.00:1-2:448:1821,2026-03-03T01:00:20,5556.4,100.0,-58.5,6.5,-58.5,5497.9,5496.85,100.0,True,
2026-03-03T01:01:40,66,RR1.00:1-2:448:1821,2026-03-03T01:00:20,5267.4,100.0,-58.5,6.5,-58.5,5208.9,5207.85,100.0,True,
2026-03-03T01:01:40,78,RR1.00:1-2:448:1821,2026-03-03T01:00:20,5130.1,100.0,-58.5,6.5,-58.5,5071.6,5070.55,100.0,True,
2026-03-03T01:01:40,79,RR1.00:1-2:448:1821,2026-03-03T01:00:20,5360.3,100.0,-58.5,6.5,-58.5,5301.8,5300.75,100.0,True,
2026-03-03T01:01:40,80,RR1.00:1-2:448:1821,2026-03-03T01:00:20,5083.15,100.0,-58.5,6.5,-58.5,5024.65,5023.6,100.0,True,
2026-03-03T01:01:40,81,RR1.00:1-2:448:1821,2026-03-03T01:00:20,5083.15,100.0,-58.5,6.5,-58.5,5024.65,5023.6,100.0,True,
2026-03-03T01:01:40,82,RR1.00:1-2:448:1821,2026-03-03T01:00:20,5083.15,100.0,-58.5,6.5,-58.5,5024.65,5023.6,100.0,True,
2026-03-03T01:01:40,83,RR1.00:1-2:448:1821,2026-03-03T01:00:20,5469.95,100.0,-58.5,6.5,-58.5,5411.45,5410.4,100.0,True,
2026-03-03T01:01:40,84,RR1.00:1-2:448:1821,2026-03-03T01:00:20,5469.95,100.0,-58.5,6.5,-58.5,5411.45,5410.4,100.0,True,
2026-03-03T01:01:40,91,RR1.00:1-2:448:1821,2026-03-03T01:00:20,5152.5,100.0,-58.5,6.5,-58.5,5094.0,5092.95,100.0,True,
2026-03-03T01:01:40,92,RR1.00:1-2:448:1821,2026-03-03T01:00:20,5291.35,100.0,-58.5,6.5,-58.5,5232.85,5231.8,100.0,True,
2026-03-03T01:01:40,93,RR1.00:1-2:448:1821,2026-03-03T01:00:20,5183.4,100.0,-58.5,6.5,-58.5,5124.9,5123.85,100.0,True,
2026-03-03T01:01:40,94,RR1.00:1-2:448:1821,2026-03-03T01:00:20,5515.8,100.0,-58.5,6.5,-58.5,5457.3,5456.25,100.0,True,
2026-03-03T01:01:40,95,RR1.00:1-2:448:1821,2026-03-03T01:00:20,5143.95,100.0,-58.5,6.5,-58.5,5085.45,5084.4,100.0,True,
2026-03-03T01:01:40,96,RR1.00:1-2:448:1821,2026-03-03T01:00:20,5207.6,100.0,-58.5,6.5,-58.5,5149.1,5148.05,100.0,True,
2026-03-03T01:01:40,97,RR1.00:1-2:448:1821,2026-03-03T01:00:20,5207.6,100.0,-58.5,6.5,-58.5,5149.1,5148.05,100.0,True,
2026-03-03T01:01:40,98,RR1.00:1-2:448:1821,2026-03-03T01:00:20,5455.8,100.0,-58.5,6.5,-58.5,5397.3,5396.25,100.0,True,
2026-03-03T01:01:40,99,RR1.00:1-2:448:1821,2026-03-03T01:00:20,5316.05,100.0,-58.5,6.5,-58.5,5257.55,5256.5,100.0,True,
2026-03-03T01:01:40,100,RR1.00:1-2:448:1821,2026-03-03T01:00:20,5355.85,100.0,-58.5,6.5,-58.5,5297.35,5296.3,100.0,True,
2026-03-03T03:29:40,4,RR1.00:3-4:550:2054,2026-03-03T03:11:20,5087.25,100.0,-54.0,16.0,-54.0,5033.25,5032.2,100.0,True,
2026-03-03T03:29:40,65,RR1.00:3-4:550:2054,2026-03-03T03:11:20,5496.85,100.0,-54.0,16.0,-54.0,5442.85,5441.8,100.0,True,
2026-03-03T03:29:40,66,RR1.00:3-4:550:2054,2026-03-03T03:11:20,5207.85,100.0,-54.0,16.0,-54.0,5153.85,5152.8,100.0,True,
2026-03-03T03:29:40,78,RR1.00:3-4:550:2054,2026-03-03T03:11:20,5070.55,100.0,-54.0,16.0,-54.0,5016.55,5015.5,100.0,True,
2026-03-03T03:29:40,79,RR1.00:3-4:550:2054,2026-03-03T03:11:20,5300.75,100.0,-54.0,16.0,-54.0,5246.75,5245.7,100.0,True,
2026-03-03T03:29:40,80,RR1.00:3-4:550:2054,2026-03-03T03:11:20,5023.6,100.0,-54.0,16.0,-54.0,4969.6,4968.55,100.0,True,
2026-03-03T03:29:40,81,RR1.00:3-4:550:2054,2026-03-03T03:11:20,5023.6,100.0,-54.0,16.0,-54.0,4969.6,4968.55,100.0,True,
2026-03-03T03:29:40,82,RR1.00:3-4:550:2054,2026-03-03T03:11:20,5023.6,100.0,-54.0,16.0,-54.0,4969.6,4968.55,100.0,True,
2026-03-03T03:29:40,83,RR1.00:3-4:550:2054,2026-03-03T03:11:20,5410.4,100.0,-54.0,16.0,-54.0,5356.4,5355.35,100.0,True,
2026-03-03T03:29:40,84,RR1.00:3-4:550:2054,2026-03-03T03:11:20,5410.4,100.0,-54.0,16.0,-54.0,5356.4,5355.35,100.0,True,
2026-03-03T03:29:40,91,RR1.00:3-4:550:2054,2026-03-03T03:11:20,5092.95,100.0,-54.0,16.0,-54.0,5038.95,5037.9,100.0,True,
2026-03-03T03:29:40,92,RR1.00:3-4:550:2054,2026-03-03T03:11:20,5231.8,100.0,-54.0,16.0,-54.0,5177.8,5176.75,100.0,True,
2026-03-03T03:29:40,93,RR1.00:3-4:550:2054,2026-03-03T03:11:20,5123.85,100.0,-54.0,16.0,-54.0,5069.85,5068.8,100.0,True,
2026-03-03T03:29:40,94,RR1.00:3-4:550:2054,2026-03-03T03:11:20,5456.25,100.0,-54.0,16.0,-54.0,5402.25,5401.2,100.0,True,
2026-03-03T03:29:40,95,RR1.00:3-4:550:2054,2026-03-03T03:11:20,5084.4,100.0,-54.0,16.0,-54.0,5030.4,5029.35,100.0,True,
2026-03-03T03:29:40,96,RR1.00:3-4:550:2054,2026-03-03T03:11:20,5148.05,100.0,-54.0,16.0,-54.0,5094.05,5093.0,100.0,True,
2026-03-03T03:29:40,97,RR1.00:3-4:550:2054,2026-03-03T03:11:20,5148.05,100.0,-54.0,16.0,-54.0,5094.05,5093.0,100.0,True,
2026-03-03T03:29:40,98,RR1.00:3-4:550:2054,2026-03-03T03:11:20,5396.25,100.0,-54.0,16.0,-54.0,5342.25,5341.2,100.0,True,
2026-03-03T03:29:40,99,RR1.00:3-4:550:2054,2026-03-03T03:11:20,5256.5,100.0,-54.0,16.0,-54.0,5202.5,5201.45,100.0,True,
2026-03-03T03:29:40,100,RR1.00:3-4:550:2054,2026-03-03T03:11:20,5296.3,100.0,-54.0,16.0,-54.0,5242.3,5241.25,100.0,True,
2026-03-03T05:31:40,4,RR1.00:4-5:526:2046,2026-03-03T04:41:40,5032.2,100.0,-143.5,10.0,-143.5,4888.7,4887.65,100.0,True,
2026-03-03T05:31:40,65,RR1.00:4-5:526:2046,2026-03-03T04:41:40,5441.8,100.0,-143.5,10.0,-143.5,5298.3,5297.25,100.0,True,
2026-03-03T05:31:40,66,RR1.00:4-5:526:2046,2026-03-03T04:41:40,5152.8,100.0,-143.5,10.0,-143.5,5009.3,5008.25,100.0,True,
2026-03-03T05:31:40,78,RR1.00:4-5:526:2046,2026-03-03T04:41:40,5015.5,100.0,-143.5,10.0,-143.5,4872.0,4870.95,100.0,True,
2026-03-03T05:31:40,79,RR1.00:4-5:526:2046,2026-03-03T04:41:40,5245.7,100.0,-143.5,10.0,-143.5,5102.2,5101.15,100.0,True,
2026-03-03T05:31:40,80,RR1.00:4-5:526:2046,2026-03-03T04:41:40,4968.55,100.0,-143.5,10.0,-143.5,4825.05,4824.0,100.0,True,
2026-03-03T05:31:40,81,RR1.00:4-5:526:2046,2026-03-03T04:41:40,4968.55,100.0,-143.5,10.0,-143.5,4825.05,4824.0,100.0,True,
2026-03-03T05:31:40,82,RR1.00:4-5:526:2046,2026-03-03T04:41:40,4968.55,100.0,-143.5,10.0,-143.5,4825.05,4824.0,100.0,True,
2026-03-03T05:31:40,83,RR1.00:4-5:526:2046,2026-03-03T04:41:40,5355.35,100.0,-143.5,10.0,-143.5,5211.85,5210.8,100.0,True,
2026-03-03T05:31:40,84,RR1.00:4-5:526:2046,2026-03-03T04:41:40,5355.35,100.0,-143.5,10.0,-143.5,5211.85,5210.8,100.0,True,
2026-03-03T05:31:40,91,RR1.00:4-5:526:2046,2026-03-03T04:41:40,5037.9,100.0,-143.5,10.0,-143.5,4894.4,4893.35,100.0,True,
2026-03-03T05:31:40,92,RR1.00:4-5:526:2046,2026-03-03T04:41:40,5176.75,100.0,-143.5,10.0,-143.5,5033.25,5032.2,100.0,True,
2026-03-03T05:31:40,93,RR1.00:4-5:526:2046,2026-03-03T04:41:40,5068.8,100.0,-143.5,10.0,-143.5,4925.3,4924.25,100.0,True,
2026-03-03T05:31:40,94,RR1.00:4-5:526:2046,2026-03-03T04:41:40,5401.2,100.0,-143.5,10.0,-143.5,5257.7,5256.65,100.0,True,
2026-03-03T05:31:40,95,RR1.00:4-5:526:2046,2026-03-03T04:41:40,5029.35,100.0,-143.5,10.0,-143.5,4885.85,4884.8,100.0,True,
2026-03-03T05:31:40,96,RR1.00:4-5:526:2046,2026-03-03T04:41:40,5093.0,100.0,-143.5,10.0,-143.5,4949.5,4948.45,100.0,True,
2026-03-03T05:31:40,97,RR1.00:4-5:526:2046,2026-03-03T04:41:40,5093.0,100.0,-143.5,10.0,-143.5,4949.5,4948.45,100.0,True,
2026-03-03T05:31:40,98,RR1.00:4-5:526:2046,2026-03-03T04:41:40,5341.2,100.0,-143.5,10.0,-143.5,5197.7,5196.65,100.0,True,
2026-03-03T05:31:40,99,RR1.00:4-5:526:2046,2026-03-03T04:41:40,5201.45,100.0,-143.5,10.0,-143.5,5057.95,5056.9,100.0,True,
2026-03-03T05:31:40,100,RR1.00:4-5:526:2046,2026-03-03T04:41:40,5241.25,100.0,-143.5,10.0,-143.5,5097.75,5096.7,100.0,True,
2026-03-03T17:17:40,4,RR1.00:16-17:841:2403,2026-03-03T16:22:40,4887.65,100.0,-170.0,257.0,-170.0,4717.65,4716.6,100.0,True,
2026-03-03T17:17:40,65,RR1.00:16-17:841:2403,2026-03-03T16:22:40,5297.25,100.0,-170.0,257.0,-170.0,5127.25,5126.2,100.0,True,
2026-03-03T17:17:40,66,RR1.00:16-17:841:2403,2026-03-03T16:22:40,5008.25,100.0,-170.0,257.0,-170.0,4838.25,4837.2,100.0,True,
2026-03-03T17:17:40,78,RR1.00:16-17:841:2403,2026-03-03T16:22:40,4870.95,100.0,-170.0,257.0,-170.0,4700.95,4699.9,100.0,True,
2026-03-03T17:17:40,79,RR1.00:16-17:841:2403,2026-03-03T16:22:40,5101.15,100.0,-170.0,257.0,-170.0,4931.15,4930.1,100.0,True,
2026-03-03T17:17:40,80,RR1.00:16-17:841:2403,2026-03-03T16:22:40,4824.0,100.0,-170.0,257.0,-170.0,4654.0,4652.95,100.0,True,
2026-03-03T17:17:40,81,RR1.00:16-17:841:2403,2026-03-03T16:22:40,4824.0,100.0,-170.0,257.0,-170.0,4654.0,4652.95,100.0,True,
2026-03-03T17:17:40,82,RR1.00:16-17:841:2403,2026-03-03T16:22:40,4824.0,100.0,-170.0,257.0,-170.0,4654.0,4652.95,100.0,True,
2026-03-03T17:17:40,83,RR1.00:16-17:841:2403,2026-03-03T16:22:40,5210.8,100.0,-170.0,257.0,-170.0,5040.8,5039.75,100.0,True,
2026-03-03T17:17:40,84,RR1.00:16-17:841:2403,2026-03-03T16:22:40,5210.8,100.0,-170.0,257.0,-170.0,5040.8,5039.75,100.0,True,
2026-03-03T17:17:40,91,RR1.00:16-17:841:2403,2026-03-03T16:22:40,4893.35,100.0,-170.0,257.0,-170.0,4723.35,4722.3,100.0,True,
2026-03-03T17:17:40,92,RR1.00:16-17:841:2403,2026-03-03T16:22:40,5032.2,100.0,-170.0,257.0,-170.0,4862.2,4861.15,100.0,True,
2026-03-03T17:17:40,93,RR1.00:16-17:841:2403,2026-03-03T16:22:40,4924.25,100.0,-170.0,257.0,-170.0,4754.25,4753.2,100.0,True,
2026-03-03T17:17:40,94,RR1.00:16-17:841:2403,2026-03-03T16:22:40,5256.65,100.0,-170.0,257.0,-170.0,5086.65,5085.6,100.0,True,
2026-03-03T17:17:40,95,RR1.00:16-17:841:2403,2026-03-03T16:22:40,4884.8,100.0,-170.0,257.0,-170.0,4714.8,4713.75,100.0,True,
2026-03-03T17:17:40,96,RR1.00:16-17:841:2403,2026-03-03T16:22:40,4948.45,100.0,-170.0,257.0,-170.0,4778.45,4777.4,100.0,True,
2026-03-03T17:17:40,97,RR1.00:16-17:841:2403,2026-03-03T16:22:40,4948.45,100.0,-170.0,257.0,-170.0,4778.45,4777.4,100.0,True,
2026-03-03T17:17:40,98,RR1.00:16-17:841:2403,2026-03-03T16:22:40,5196.65,100.0,-170.0,257.0,-170.0,5026.65,5025.6,100.0,True,
2026-03-03T17:17:40,99,RR1.00:16-17:841:2403,2026-03-03T16:22:40,5056.9,100.0,-170.0,257.0,-170.0,4886.9,4885.85,100.0,True,
2026-03-03T17:17:40,100,RR1.00:16-17:841:2403,2026-03-03T16:22:40,5096.7,100.0,-170.0,257.0,-170.0,4926.7,4925.65,100.0,True,
2026-03-03T22:51:40,4,RR1.00:21-22:533:1977,2026-03-03T21:37:40,4716.6,100.0,-166.5,73.0,-166.5,4550.1,4716.6,100.0,True,
2026-03-03T22:51:40,65,RR1.00:21-22:533:1977,2026-03-03T21:37:40,5126.2,100.0,-166.5,73.0,-166.5,4959.7,5126.2,100.0,True,
2026-03-03T22:51:40,66,RR1.00:21-22:533:1977,2026-03-03T21:37:40,4837.2,100.0,-166.5,73.0,-166.5,4670.7,4837.2,100.0,True,
2026-03-03T22:51:40,78,RR1.00:21-22:533:1977,2026-03-03T21:37:40,4699.9,100.0,-166.5,73.0,-166.5,4533.4,4699.9,100.0,True,
2026-03-03T22:51:40,79,RR1.00:21-22:533:1977,2026-03-03T21:37:40,4930.1,100.0,-166.5,73.0,-166.5,4763.6,4930.1,100.0,True,
2026-03-03T22:51:40,80,RR1.00:21-22:533:1977,2026-03-03T21:37:40,4652.95,100.0,-166.5,73.0,-166.5,4486.45,4652.95,100.0,True,
2026-03-03T22:51:40,81,RR1.00:21-22:533:1977,2026-03-03T21:37:40,4652.95,100.0,-166.5,73.0,-166.5,4486.45,4652.95,100.0,True,
2026-03-03T22:51:40,82,RR1.00:21-22:533:1977,2026-03-03T21:37:40,4652.95,100.0,-166.5,73.0,-166.5,4486.45,4652.95,100.0,True,
2026-03-03T22:51:40,83,RR1.00:21-22:533:1977,2026-03-03T21:37:40,5039.75,100.0,-166.5,73.0,-166.5,4873.25,5039.75,100.0,True,
2026-03-03T22:51:40,84,RR1.00:21-22:533:1977,2026-03-03T21:37:40,5039.75,100.0,-166.5,73.0,-166.5,4873.25,5039.75,100.0,True,
2026-03-03T22:51:40,91,RR1.00:21-22:533:1977,2026-03-03T21:37:40,4722.3,100.0,-166.5,73.0,-166.5,4555.8,4722.3,100.0,True,
2026-03-03T22:51:40,92,RR1.00:21-22:533:1977,2026-03-03T21:37:40,4861.15,100.0,-166.5,73.0,-166.5,4694.65,4861.15,100.0,True,
2026-03-03T22:51:40,93,RR1.00:21-22:533:1977,2026-03-03T21:37:40,4753.2,100.0,-166.5,73.0,-166.5,4586.7,4753.2,100.0,True,
2026-03-03T22:51:40,94,RR1.00:21-22:533:1977,2026-03-03T21:37:40,5085.6,100.0,-166.5,73.0,-166.5,4919.1,5085.6,100.0,True,
2026-03-03T22:51:40,95,RR1.00:21-22:533:1977,2026-03-03T21:37:40,4713.75,100.0,-166.5,73.0,-166.5,4547.25,4713.75,100.0,True,
2026-03-03T22:51:40,96,RR1.00:21-22:533:1977,2026-03-03T21:37:40,4777.4,100.0,-166.5,73.0,-166.5,4610.9,4777.4,100.0,True,
2026-03-03T22:51:40,97,RR1.00:21-22:533:1977,2026-03-03T21:37:40,4777.4,100.0,-166.5,73.0,-166.5,4610.9,4777.4,100.0,True,
2026-03-03T22:51:40,98,RR1.00:21-22:533:1977,2026-03-03T21:37:40,5025.6,100.0,-166.5,73.0,-166.5,4859.1,5025.6,100.0,True,
2026-03-03T22:51:40,99,RR1.00:21-22:533:1977,2026-03-03T21:37:40,4885.85,100.0,-166.5,73.0,-166.5,4719.35,4885.85,100.0,True,
2026-03-03T22:51:40,100,RR1.00:21-22:533:1977,2026-03-03T21:37:40,4925.65,100.0,-166.5,73.0,-166.5,4759.15,4925.65,100.0,True,
2026-03-03T23:30:00,4,RR1.00:20-21:511:1897,2026-03-03T20:19:40,4716.6,100.0,-9.5,285.0,32.0,4707.1,4747.55,100.0,True,
2026-03-03T23:30:00,65,RR1.00:20-21:511:1897,2026-03-03T20:19:40,5126.2,100.0,-9.5,285.0,32.0,5116.7,5157.15,100.0,True,
2026-03-03T23:30:00,66,RR1.00:20-21:511:1897,2026-03-03T20:19:40,4837.2,100.0,-9.5,285.0,32.0,4827.7,4868.15,100.0,True,
2026-03-03T23:30:00,78,RR1.00:20-21:511:1897,2026-03-03T20:19:40,4699.9,100.0,-9.5,285.0,32.0,4690.4,4730.85,100.0,True,
2026-03-03T23:30:00,79,RR1.00:20-21:511:1897,2026-03-03T20:19:40,4930.1,100.0,-9.5,285.0,32.0,4920.6,4961.05,100.0,True,
2026-03-03T23:30:00,80,RR1.00:20-21:511:1897,2026-03-03T20:19:40,4652.95,100.0,-9.5,285.0,32.0,4643.45,4683.9,100.0,True,
2026-03-03T23:30:00,81,RR1.00:20-21:511:1897,2026-03-03T20:19:40,4652.95,100.0,-9.5,285.0,32.0,4643.45,4683.9,100.0,True,
2026-03-03T23:30:00,82,RR1.00:20-21:511:1897,2026-03-03T20:19:40,4652.95,100.0,-9.5,285.0,32.0,4643.45,4683.9,100.0,True,
2026-03-03T23:30:00,83,RR1.00:20-21:511:1897,2026-03-03T20:19:40,5039.75,100.0,-9.5,285.0,32.0,5030.25,5070.7,100.0,True,
2026-03-03T23:30:00,84,RR1.00:20-21:511:1897,2026-03-03T20:19:40,5039.75,100.0,-9.5,285.0,32.0,5030.25,5070.7,100.0,True,
2026-03-03T23:30:00,91,RR1.00:20-21:511:1897,2026-03-03T20:19:40,4722.3,100.0,-9.5,285.0,32.0,4712.8,4753.25,100.0,True,
2026-03-03T23:30:00,92,RR1.00:20-21:511:1897,2026-03-03T20:19:40,4861.15,100.0,-9.5,285.0,32.0,4851.65,4892.1,100.0,True,
2026-03-03T23:30:00,93,RR1.00:20-21:511:1897,2026-03-03T20:19:40,4753.2,100.0,-9.5,285.0,32.0,4743.7,4784.15,100.0,True,
2026-03-03T23:30:00,94,RR1.00:20-21:511:1897,2026-03-03T20:19:40,5085.6,100.0,-9.5,285.0,32.0,5076.1,5116.55,100.0,True,
2026-03-03T23:30:00,95,RR1.00:20-21:511:1897,2026-03-03T20:19:40,4713.75,100.0,-9.5,285.0,32.0,4704.25,4744.7,100.0,True,
2026-03-03T23:30:00,96,RR1.00:20-21:511:1897,2026-03-03T20:19:40,4777.4,100.0,-9.5,285.0,32.0,4767.9,4808.35,100.0,True,
2026-03-03T23:30:00,97,RR1.00:20-21:511:1897,2026-03-03T20:19:40,4777.4,100.0,-9.5,285.0,32.0,4767.9,4808.35,100.0,True,
2026-03-03T23:30:00,98,RR1.00:20-21:511:1897,2026-03-03T20:19:40,5025.6,100.0,-9.5,285.0,32.0,5016.1,5056.55,100.0,True,
2026-03-03T23:30:00,99,RR1.00:20-21:511:1897,2026-03-03T20:19:40,4885.85,100.0,-9.5,285.0,32.0,4876.35,4916.8,100.0,True,
2026-03-03T23:30:00,100,RR1.00:20-21:511:1897,2026-03-03T20:19:40,4925.65,100.0,-9.5,285.0,32.0,4916.15,4956.6,100.0,True,
2026-03-04T02:00:40,4,RR1.00:1-2:449:1824,2026-03-04T01:11:40,4747.55,100.0,-79.5,67.5,-79.5,4668.05,4667.0,100.0,True,
2026-03-04T02:00:40,65,RR1.00:1-2:449:1824,2026-03-04T01:11:40,5157.15,100.0,-79.5,67.5,-79.5,5077.65,5076.6,100.0,True,
2026-03-04T02:00:40,66,RR1.00:1-2:449:1824,2026-03-04T01:11:40,4868.15,100.0,-79.5,67.5,-79.5,4788.65,4787.6,100.0,True,
2026-03-04T02:00:40,78,RR1.00:1-2:449:1824,2026-03-04T01:11:40,4730.85,100.0,-79.5,67.5,-79.5,4651.35,4650.3,100.0,True,
2026-03-04T02:00:40,79,RR1.00:1-2:449:1824,2026-03-04T01:11:40,4961.05,100.0,-79.5,67.5,-79.5,4881.55,4880.5,100.0,True,
2026-03-04T02:00:40,80,RR1.00:1-2:449:1824,2026-03-04T01:11:40,4683.9,100.0,-79.5,67.5,-79.5,4604.4,4603.35,100.0,True,
2026-03-04T02:00:40,81,RR1.00:1-2:449:1824,2026-03-04T01:11:40,4683.9,100.0,-79.5,67.5,-79.5,4604.4,4603.35,100.0,True,
2026-03-04T02:00:40,82,RR1.00:1-2:449:1824,2026-03-04T01:11:40,4683.9,100.0,-79.5,67.5,-79.5,4604.4,4603.35,100.0,True,
2026-03-04T02:00:40,83,RR1.00:1-2:449:1824,2026-03-04T01:11:40,5070.7,100.0,-79.5,67.5,-79.5,4991.2,4990.15,100.0,True,
2026-03-04T02:00:40,84,RR1.00:1-2:449:1824,2026-03-04T01:11:40,5070.7,100.0,-79.5,67.5,-79.5,4991.2,4990.15,100.0,True,
2026-03-04T02:00:40,91,RR1.00:1-2:449:1824,2026-03-04T01:11:40,4753.25,100.0,-79.5,67.5,-79.5,4673.75,4672.7,100.0,True,
2026-03-04T02:00:40,92,RR1.00:1-2:449:1824,2026-03-04T01:11:40,4892.1,100.0,-79.5,67.5,-79.5,4812.6,4811.55,100.0,True,
2026-03-04T02:00:40,93,RR1.00:1-2:449:1824,2026-03-04T01:11:40,4784.15,100.0,-79.5,67.5,-79.5,4704.65,4703.6,100.0,True,
2026-03-04T02:00:40,94,RR1.00:1-2:449:1824,2026-03-04T01:11:40,5116.55,100.0,-79.5,67.5,-79.5,5037.05,5036.0,100.0,True,
2026-03-04T02:00:40,95,RR1.00:1-2:449:1824,2026-03-04T01:11:40,4744.7,100.0,-79.5,67.5,-79.5,4665.2,4664.15,100.0,True,
2026-03-04T02:00:40,96,RR1.00:1-2:449:1824,2026-03-04T01:11:40,4808.35,100.0,-79.5,67.5,-79.5,4728.85,4727.8,100.0,True,
2026-03-04T02:00:40,97,RR1.00:1-2:449:1824,2026-03-04T01:11:40,4808.35,100.0,-79.5,67.5,-79.5,4728.85,4727.8,100.0,True,
2026-03-04T02:00:40,98,RR1.00:1-2:449:1824,2026-03-04T01:11:40,5056.55,100.0,-79.5,67.5,-79.5,4977.05,4976.0,100.0,True,
2026-03-04T02:00:40,99,RR1.00:1-2:449:1824,2026-03-04T01:11:40,4916.8,100.0,-79.5,67.5,-79.5,4837.3,4836.25,100.0,True,
2026-03-04T02:00:40,100,RR1.00:1-2:449:1824,2026-03-04T01:11:40,4956.6,100.0,-79.5,67.5,-79.5,4877.1,4876.05,100.0,True,
2026-03-04T02:37:40,4,RR1.00:2-3:556:2096,2026-03-04T02:14:40,4667.0,100.0,-88.0,123.0,-88.0,4579.0,4577.95,100.0,True,
2026-03-04T02:37:40,65,RR1.00:2-3:556:2096,2026-03-04T02:14:40,5076.6,100.0,-88.0,123.0,-88.0,4988.6,4987.55,100.0,True,
2026-03-04T02:37:40,66,RR1.00:2-3:556:2096,2026-03-04T02:14:40,4787.6,100.0,-88.0,123.0,-88.0,4699.6,4698.55,100.0,True,
2026-03-04T02:37:40,78,RR1.00:2-3:556:2096,2026-03-04T02:14:40,4650.3,100.0,-88.0,123.0,-88.0,4562.3,4561.25,100.0,True,
2026-03-04T02:37:40,79,RR1.00:2-3:556:2096,2026-03-04T02:14:40,4880.5,100.0,-88.0,123.0,-88.0,4792.5,4791.45,100.0,True,
2026-03-04T02:37:40,80,RR1.00:2-3:556:2096,2026-03-04T02:14:40,4603.35,100.0,-88.0,123.0,-88.0,4515.35,4514.3,100.0,True,
2026-03-04T02:37:40,81,RR1.00:2-3:556:2096,2026-03-04T02:14:40,4603.35,100.0,-88.0,123.0,-88.0,4515.35,4514.3,100.0,True,
2026-03-04T02:37:40,82,RR1.00:2-3:556:2096,2026-03-04T02:14:40,4603.35,100.0,-88.0,123.0,-88.0,4515.35,4514.3,100.0,True,
2026-03-04T02:37:40,83,RR1.00:2-3:556:2096,2026-03-04T02:14:40,4990.15,100.0,-88.0,123.0,-88.0,4902.15,4901.1,100.0,True,
2026-03-04T02:37:40,84,RR1.00:2-3:556:2096,2026-03-04T02:14:40,4990.15,100.0,-88.0,123.0,-88.0,4902.15,4901.1,100.0,True,
2026-03-04T02:37:40,91,RR1.00:2-3:556:2096,2026-03-04T02:14:40,4672.7,100.0,-88.0,123.0,-88.0,4584.7,4583.65,100.0,True,
2026-03-04T02:37:40,92,RR1.00:2-3:556:2096,2026-03-04T02:14:40,4811.55,100.0,-88.0,123.0,-88.0,4723.55,4722.5,100.0,True,
2026-03-04T02:37:40,93,RR1.00:2-3:556:2096,2026-03-04T02:14:40,4703.6,100.0,-88.0,123.0,-88.0,4615.6,4614.55,100.0,True,
2026-03-04T02:37:40,94,RR1.00:2-3:556:2096,2026-03-04T02:14:40,5036.0,100.0,-88.0,123.0,-88.0,4948.0,4946.95,100.0,True,
2026-03-04T02:37:40,95,RR1.00:2-3:556:2096,2026-03-04T02:14:40,4664.15,100.0,-88.0,123.0,-88.0,4576.15,4575.1,100.0,True,
2026-03-04T02:37:40,96,RR1.00:2-3:556:2096,2026-03-04T02:14:40,4727.8,100.0,-88.0,123.0,-88.0,4639.8,4638.75,100.0,True,
2026-03-04T02:37:40,97,RR1.00:2-3:556:2096,2026-03-04T02:14:40,4727.8,100.0,-88.0,123.0,-88.0,4639.8,4638.75,100.0,True,
2026-03-04T02:37:40,98,RR1.00:2-3:556:2096,2026-03-04T02:14:40,4976.0,100.0,-88.0,123.0,-88.0,4888.0,4886.95,100.0,True,
2026-03-04T02:37:40,99,RR1.00:2-3:556:2096,2026-03-04T02:14:40,4836.25,100.0,-88.0,123.0,-88.0,4748.25,4747.2,100.0,True,
2026-03-04T02:37:40,100,RR1.00:2-3:556:2096,2026-03-04T02:14:40,4876.05,100.0,-88.0,123.0,-88.0,4788.05,4787.0,100.0,True,
2026-03-04T03:20:40,4,RR1.00:3-4:551:2057,2026-03-04T03:02:40,4577.95,100.0,-163.5,3.5,-163.5,4414.45,4413.4,100.0,True,
2026-03-04T03:20:40,65,RR1.00:3-4:551:2057,2026-03-04T03:02:40,4987.55,100.0,-163.5,3.5,-163.5,4824.05,4823.0,100.0,True,
2026-03-04T03:20:40,66,RR1.00:3-4:551:2057,2026-03-04T03:02:40,4698.55,100.0,-163.5,3.5,-163.5,4535.05,4534.0,100.0,True,
2026-03-04T03:20:40,78,RR1.00:3-4:551:2057,2026-03-04T03:02:40,4561.25,100.0,-163.5,3.5,-163.5,4397.75,4396.7,100.0,True,
2026-03-04T03:20:40,79,RR1.00:3-4:551:2057,2026-03-04T03:02:40,4791.45,100.0,-163.5,3.5,-163.5,4627.95,4626.9,100.0,True,
2026-03-04T03:20:40,80,RR1.00:3-4:551:2057,2026-03-04T03:02:40,4514.3,100.0,-163.5,3.5,-163.5,4350.8,4349.75,100.0,True,
2026-03-04T03:20:40,81,RR1.00:3-4:551:2057,2026-03-04T03:02:40,4514.3,100.0,-163.5,3.5,-163.5,4350.8,4349.75,100.0,True,
2026-03-04T03:20:40,82,RR1.00:3-4:551:2057,2026-03-04T03:02:40,4514.3,100.0,-163.5,3.5,-163.5,4350.8,4349.75,100.0,True,
2026-03-04T03:20:40,83,RR1.00:3-4:551:2057,2026-03-04T03:02:40,4901.1,100.0,-163.5,3.5,-163.5,4737.6,4736.55,100.0,True,
2026-03-04T03:20:40,84,RR1.00:3-4:551:2057,2026-03-04T03:02:40,4901.1,100.0,-163.5,3.5,-163.5,4737.6,4736.55,100.0,True,
2026-03-04T03:20:40,91,RR1.00:3-4:551:2057,2026-03-04T03:02:40,4583.65,100.0,-163.5,3.5,-163.5,4420.15,4419.1,100.0,True,
2026-03-04T03:20:40,92,RR1.00:3-4:551:2057,2026-03-04T03:02:40,4722.5,100.0,-163.5,3.5,-163.5,4559.0,4557.95,100.0,True,
2026-03-04T03:20:40,93,RR1.00:3-4:551:2057,2026-03-04T03:02:40,4614.55,100.0,-163.5,3.5,-163.5,4451.05,4450.0,100.0,True,
2026-03-04T03:20:40,94,RR1.00:3-4:551:2057,2026-03-04T03:02:40,4946.95,100.0,-163.5,3.5,-163.5,4783.45,4782.4,100.0,True,
2026-03-04T03:20:40,95,RR1.00:3-4:551:2057,2026-03-04T03:02:40,4575.1,100.0,-163.5,3.5,-163.5,4411.6,4410.55,100.0,True,
2026-03-04T03:20:40,96,RR1.00:3-4:551:2057,2026-03-04T03:02:40,4638.75,100.0,-163.5,3.5,-163.5,4475.25,4474.2,100.0,True,
2026-03-04T03:20:40,97,RR1.00:3-4:551:2057,2026-03-04T03:02:40,4638.75,100.0,-163.5,3.5,-163.5,4475.25,4474.2,100.0,True,
2026-03-04T03:20:40,98,RR1.00:3-4:551:2057,2026-03-04T03:02:40,4886.95,100.0,-163.5,3.5,-163.5,4723.45,4722.4,100.0,True,
2026-03-04T03:20:40,99,RR1.00:3-4:551:2057,2026-03-04T03:02:40,4747.2,100.0,-163.5,3.5,-163.5,4583.7,4582.65,100.0,True,
2026-03-04T03:20:40,100,RR1.00:3-4:551:2057,2026-03-04T03:02:40,4787.0,100.0,-163.5,3.5,-163.5,4623.5,4622.45,100.0,True,
2026-03-04T07:04:40,4,RR1.00:7-8:593:2146,2026-03-04T07:00:40,4413.4,100.0,-83.0,11.0,-83.0,4330.4,4329.35,100.0,True,
2026-03-04T07:04:40,65,RR1.00:7-8:593:2146,2026-03-04T07:00:40,4823.0,100.0,-83.0,11.0,-83.0,4740.0,4738.95,100.0,True,
2026-03-04T07:04:40,66,RR1.00:7-8:593:2146,2026-03-04T07:00:40,4534.0,100.0,-83.0,11.0,-83.0,4451.0,4449.95,100.0,True,
2026-03-04T07:04:40,78,RR1.00:7-8:593:2146,2026-03-04T07:00:40,4396.7,100.0,-83.0,11.0,-83.0,4313.7,4312.65,100.0,True,
2026-03-04T07:04:40,79,RR1.00:7-8:593:2146,2026-03-04T07:00:40,4626.9,100.0,-83.0,11.0,-83.0,4543.9,4542.85,100.0,True,
2026-03-04T07:04:40,80,RR1.00:7-8:593:2146,2026-03-04T07:00:40,4349.75,100.0,-83.0,11.0,-83.0,4266.75,4265.7,100.0,True,
2026-03-04T07:04:40,81,RR1.00:7-8:593:2146,2026-03-04T07:00:40,4349.75,100.0,-83.0,11.0,-83.0,4266.75,4265.7,100.0,True,
2026-03-04T07:04:40,82,RR1.00:7-8:593:2146,2026-03-04T07:00:40,4349.75,100.0,-83.0,11.0,-83.0,4266.75,4265.7,100.0,True,
2026-03-04T07:04:40,83,RR1.00:7-8:593:2146,2026-03-04T07:00:40,4736.55,100.0,-83.0,11.0,-83.0,4653.55,4652.5,100.0,True,
2026-03-04T07:04:40,84,RR1.00:7-8:593:2146,2026-03-04T07:00:40,4736.55,100.0,-83.0,11.0,-83.0,4653.55,4652.5,100.0,True,
2026-03-04T07:04:40,91,RR1.00:7-8:593:2146,2026-03-04T07:00:40,4419.1,100.0,-83.0,11.0,-83.0,4336.1,4335.05,100.0,True,
2026-03-04T07:04:40,92,RR1.00:7-8:593:2146,2026-03-04T07:00:40,4557.95,100.0,-83.0,11.0,-83.0,4474.95,4473.9,100.0,True,
2026-03-04T07:04:40,93,RR1.00:7-8:593:2146,2026-03-04T07:00:40,4450.0,100.0,-83.0,11.0,-83.0,4367.0,4365.95,100.0,True,
2026-03-04T07:04:40,94,RR1.00:7-8:593:2146,2026-03-04T07:00:40,4782.4,100.0,-83.0,11.0,-83.0,4699.4,4698.35,100.0,True,
2026-03-04T07:04:40,95,RR1.00:7-8:593:2146,2026-03-04T07:00:40,4410.55,100.0,-83.0,11.0,-83.0,4327.55,4326.5,100.0,True,
2026-03-04T07:04:40,96,RR1.00:7-8:593:2146,2026-03-04T07:00:40,4474.2,100.0,-83.0,11.0,-83.0,4391.2,4390.15,100.0,True,
2026-03-04T07:04:40,97,RR1.00:7-8:593:2146,2026-03-04T07:00:40,4474.2,100.0,-83.0,11.0,-83.0,4391.2,4390.15,100.0,True,
2026-03-04T07:04:40,98,RR1.00:7-8:593:2146,2026-03-04T07:00:40,4722.4,100.0,-83.0,11.0,-83.0,4639.4,4638.35,100.0,True,
2026-03-04T07:04:40,99,RR1.00:7-8:593:2146,2026-03-04T07:00:40,4582.65,100.0,-83.0,11.0,-83.0,4499.65,4498.6,100.0,True,
2026-03-04T07:04:40,100,RR1.00:7-8:593:2146,2026-03-04T07:00:40,4622.45,100.0,-83.0,11.0,-83.0,4539.45,4538.4,100.0,True,
2026-03-04T08:10:40,4,RR1.00:7-8:594:2148,2026-03-04T07:42:40,4329.35,100.0,-161.0,9.5,-161.0,4168.35,4167.3,100.0,True,
2026-03-04T08:10:40,65,RR1.00:7-8:594:2148,2026-03-04T07:42:40,4738.95,100.0,-161.0,9.5,-161.0,4577.95,4576.9,100.0,True,
2026-03-04T08:10:40,66,RR1.00:7-8:594:2148,2026-03-04T07:42:40,4449.95,100.0,-161.0,9.5,-161.0,4288.95,4287.9,100.0,True,
2026-03-04T08:10:40,78,RR1.00:7-8:594:2148,2026-03-04T07:42:40,4312.65,100.0,-161.0,9.5,-161.0,4151.65,4150.6,100.0,True,
2026-03-04T08:10:40,79,RR1.00:7-8:594:2148,2026-03-04T07:42:40,4542.85,100.0,-161.0,9.5,-161.0,4381.85,4380.8,100.0,True,
2026-03-04T08:10:40,80,RR1.00:7-8:594:2148,2026-03-04T07:42:40,4265.7,100.0,-161.0,9.5,-161.0,4104.7,4103.65,100.0,True,
2026-03-04T08:10:40,81,RR1.00:7-8:594:2148,2026-03-04T07:42:40,4265.7,100.0,-161.0,9.5,-161.0,4104.7,4103.65,100.0,True,
2026-03-04T08:10:40,82,RR1.00:7-8:594:2148,2026-03-04T07:42:40,4265.7,100.0,-161.0,9.5,-161.0,4104.7,4103.65,100.0,True,
2026-03-04T08:10:40,83,RR1.00:7-8:594:2148,2026-03-04T07:42:40,4652.5,100.0,-161.0,9.5,-161.0,4491.5,4490.45,100.0,True,
2026-03-04T08:10:40,84,RR1.00:7-8:594:2148,2026-03-04T07:42:40,4652.5,100.0,-161.0,9.5,-161.0,4491.5,4490.45,100.0,True,
2026-03-04T08:10:40,91,RR1.00:7-8:594:2148,2026-03-04T07:42:40,4335.05,100.0,-161.0,9.5,-161.0,4174.05,4173.0,100.0,True,
2026-03-04T08:10:40,92,RR1.00:7-8:594:2148,2026-03-04T07:42:40,4473.9,100.0,-161.0,9.5,-161.0,4312.9,4311.85,100.0,True,
2026-03-04T08:10:40,93,RR1.00:7-8:594:2148,2026-03-04T07:42:40,4365.95,100.0,-161.0,9.5,-161.0,4204.95,4203.9,100.0,True,
2026-03-04T08:10:40,94,RR1.00:7-8:594:2148,2026-03-04T07:42:40,4698.35,100.0,-161.0,9.5,-161.0,4537.35,4536.3,100.0,True,
2026-03-04T08:10:40,95,RR1.00:7-8:594:2148,2026-03-04T07:42:40,4326.5,100.0,-161.0,9.5,-161.0,4165.5,4164.45,100.0,True,
2026-03-04T08:10:40,96,RR1.00:7-8:594:2148,2026-03-04T07:42:40,4390.15,100.0,-161.0,9.5,-161.0,4229.15,4228.1,100.0,True,
2026-03-04T08:10:40,97,RR1.00:7-8:594:2148,2026-03-04T07:42:40,4390.15,100.0,-161.0,9.5,-161.0,4229.15,4228.1,100.0,True,
2026-03-04T08:10:40,98,RR1.00:7-8:594:2148,2026-03-04T07:42:40,4638.35,100.0,-161.0,9.5,-161.0,4477.35,4476.3,100.0,True,
2026-03-04T08:10:40,99,RR1.00:7-8:594:2148,2026-03-04T07:42:40,4498.6,100.0,-161.0,9.5,-161.0,4337.6,4336.55,100.0,True,
2026-03-04T08:10:40,100,RR1.00:7-8:594:2148,2026-03-04T07:42:40,4538.4,100.0,-161.0,9.5,-161.0,4377.4,4376.35,100.0,True,
2026-03-04T10:00:00,4,RR1.00:8-9:596:2121,2026-03-04T08:33:40,4167.3,100.0,-76.0,208.5,167.0,4091.3,4333.25,100.0,True,
2026-03-04T10:00:00,65,RR1.00:8-9:596:2121,2026-03-04T08:33:40,4576.9,100.0,-76.0,208.5,167.0,4500.9,4742.85,100.0,True,
2026-03-04T10:00:00,66,RR1.00:8-9:596:2121,2026-03-04T08:33:40,4287.9,100.0,-76.0,208.5,167.0,4211.9,4453.85,100.0,True,
2026-03-04T10:00:00,78,RR1.00:8-9:596:2121,2026-03-04T08:33:40,4150.6,100.0,-76.0,208.5,167.0,4074.6,4316.55,100.0,True,
2026-03-04T10:00:00,79,RR1.00:8-9:596:2121,2026-03-04T08:33:40,4380.8,100.0,-76.0,208.5,167.0,4304.8,4546.75,100.0,True,
2026-03-04T10:00:00,80,RR1.00:8-9:596:2121,2026-03-04T08:33:40,4103.65,100.0,-76.0,208.5,167.0,4027.65,4269.6,100.0,True,
2026-03-04T10:00:00,81,RR1.00:8-9:596:2121,2026-03-04T08:33:40,4103.65,100.0,-76.0,208.5,167.0,4027.65,4269.6,100.0,True,
2026-03-04T10:00:00,82,RR1.00:8-9:596:2121,2026-03-04T08:33:40,4103.65,100.0,-76.0,208.5,167.0,4027.65,4269.6,100.0,True,
2026-03-04T10:00:00,83,RR1.00:8-9:596:2121,2026-03-04T08:33:40,4490.45,100.0,-76.0,208.5,167.0,4414.45,4656.4,100.0,True,
2026-03-04T10:00:00,84,RR1.00:8-9:596:2121,2026-03-04T08:33:40,4490.45,100.0,-76.0,208.5,167.0,4414.45,4656.4,100.0,True,
2026-03-04T10:00:00,91,RR1.00:8-9:596:2121,2026-03-04T08:33:40,4173.0,100.0,-76.0,208.5,167.0,4097.0,4338.95,100.0,True,
2026-03-04T10:00:00,92,RR1.00:8-9:596:2121,2026-03-04T08:33:40,4311.85,100.0,-76.0,208.5,167.0,4235.85,4477.8,100.0,True,
2026-03-04T10:00:00,93,RR1.00:8-9:596:2121,2026-03-04T08:33:40,4203.9,100.0,-76.0,208.5,167.0,4127.9,4369.85,100.0,True,
2026-03-04T10:00:00,94,RR1.00:8-9:596:2121,2026-03-04T08:33:40,4536.3,100.0,-76.0,208.5,167.0,4460.3,4702.25,100.0,True,
2026-03-04T10:00:00,95,RR1.00:8-9:596:2121,2026-03-04T08:33:40,4164.45,100.0,-76.0,208.5,167.0,4088.45,4330.4,100.0,True,
2026-03-04T10:00:00,96,RR1.00:8-9:596:2121,2026-03-04T08:33:40,4228.1,100.0,-76.0,208.5,167.0,4152.1,4394.05,100.0,True,
2026-03-04T10:00:00,97,RR1.00:8-9:596:2121,2026-03-04T08:33:40,4228.1,100.0,-76.0,208.5,167.0,4152.1,4394.05,100.0,True,
2026-03-04T10:00:00,98,RR1.00:8-9:596:2121,2026-03-04T08:33:40,4476.3,100.0,-76.0,208.5,167.0,4400.3,4642.25,100.0,True,
2026-03-04T10:00:00,99,RR1.00:8-9:596:2121,2026-03-04T08:33:40,4336.55,100.0,-76.0,208.5,167.0,4260.55,4502.5,100.0,True,
2026-03-04T10:00:00,100,RR1.00:8-9:596:2121,2026-03-04T08:33:40,4376.35,100.0,-76.0,208.5,167.0,4300.35,4542.3,100.0,True,
2026-03-04T16:41:40,4,RR1.00:16-17:842:2405,2026-03-04T16:30:40,4333.25,100.0,-130.0,117.5,-130.0,4203.25,4202.2,100.0,True,
2026-03-04T16:41:40,65,RR1.00:16-17:842:2405,2026-03-04T16:30:40,4742.85,100.0,-130.0,117.5,-130.0,4612.85,4611.8,100.0,True,
2026-03-04T16:41:40,66,RR1.00:16-17:842:2405,2026-03-04T16:30:40,4453.85,100.0,-130.0,117.5,-130.0,4323.85,4322.8,100.0,True,
2026-03-04T16:41:40,78,RR1.00:16-17:842:2405,2026-03-04T16:30:40,4316.55,100.0,-130.0,117.5,-130.0,4186.55,4185.5,100.0,True,
2026-03-04T16:41:40,79,RR1.00:16-17:842:2405,2026-03-04T16:30:40,4546.75,100.0,-130.0,117.5,-130.0,4416.75,4415.7,100.0,True,
2026-03-04T16:41:40,80,RR1.00:16-17:842:2405,2026-03-04T16:30:40,4269.6,100.0,-130.0,117.5,-130.0,4139.6,4138.55,100.0,True,
2026-03-04T16:41:40,81,RR1.00:16-17:842:2405,2026-03-04T16:30:40,4269.6,100.0,-130.0,117.5,-130.0,4139.6,4138.55,100.0,True,
2026-03-04T16:41:40,82,RR1.00:16-17:842:2405,2026-03-04T16:30:40,4269.6,100.0,-130.0,117.5,-130.0,4139.6,4138.55,100.0,True,
2026-03-04T16:41:40,83,RR1.00:16-17:842:2405,2026-03-04T16:30:40,4656.4,100.0,-130.0,117.5,-130.0,4526.4,4525.35,100.0,True,
2026-03-04T16:41:40,84,RR1.00:16-17:842:2405,2026-03-04T16:30:40,4656.4,100.0,-130.0,117.5,-130.0,4526.4,4525.35,100.0,True,
2026-03-04T16:41:40,91,RR1.00:16-17:842:2405,2026-03-04T16:30:40,4338.95,100.0,-130.0,117.5,-130.0,4208.95,4207.9,100.0,True,
2026-03-04T16:41:40,92,RR1.00:16-17:842:2405,2026-03-04T16:30:40,4477.8,100.0,-130.0,117.5,-130.0,4347.8,4346.75,100.0,True,
2026-03-04T16:41:40,93,RR1.00:16-17:842:2405,2026-03-04T16:30:40,4369.85,100.0,-130.0,117.5,-130.0,4239.85,4238.8,100.0,True,
2026-03-04T16:41:40,94,RR1.00:16-17:842:2405,2026-03-04T16:30:40,4702.25,100.0,-130.0,117.5,-130.0,4572.25,4571.2,100.0,True,
2026-03-04T16:41:40,95,RR1.00:16-17:842:2405,2026-03-04T16:30:40,4330.4,100.0,-130.0,117.5,-130.0,4200.4,4199.35,100.0,True,
2026-03-04T16:41:40,96,RR1.00:16-17:842:2405,2026-03-04T16:30:40,4394.05,100.0,-130.0,117.5,-130.0,4264.05,4263.0,100.0,True,
2026-03-04T16:41:40,97,RR1.00:16-17:842:2405,2026-03-04T16:30:40,4394.05,100.0,-130.0,117.5,-130.0,4264.05,4263.0,100.0,True,
2026-03-04T16:41:40,98,RR1.00:16-17:842:2405,2026-03-04T16:30:40,4642.25,100.0,-130.0,117.5,-130.0,4512.25,4511.2,100.0,True,
2026-03-04T16:41:40,99,RR1.00:16-17:842:2405,2026-03-04T16:30:40,4502.5,100.0,-130.0,117.5,-130.0,4372.5,4371.45,100.0,True,
2026-03-04T16:41:40,100,RR1.00:16-17:842:2405,2026-03-04T16:30:40,4542.3,100.0,-130.0,117.5,-130.0,4412.3,4411.25,100.0,True,
2026-03-04T22:21:40,4,RR1.00:19-20:478:1947,2026-03-04T19:53:40,4202.2,100.0,-86.5,87.0,-86.5,4115.7,4202.2,100.0,True,
2026-03-04T22:21:40,65,RR1.00:19-20:478:1947,2026-03-04T19:53:40,4611.8,100.0,-86.5,87.0,-86.5,4525.3,4611.8,100.0,True,
2026-03-04T22:21:40,66,RR1.00:19-20:478:1947,2026-03-04T19:53:40,4322.8,100.0,-86.5,87.0,-86.5,4236.3,4322.8,100.0,True,
2026-03-04T22:21:40,78,RR1.00:19-20:478:1947,2026-03-04T19:53:40,4185.5,100.0,-86.5,87.0,-86.5,4099.0,4185.5,100.0,True,
2026-03-04T22:21:40,79,RR1.00:19-20:478:1947,2026-03-04T19:53:40,4415.7,100.0,-86.5,87.0,-86.5,4329.2,4415.7,100.0,True,
2026-03-04T22:21:40,80,RR1.00:19-20:478:1947,2026-03-04T19:53:40,4138.55,100.0,-86.5,87.0,-86.5,4052.05,4138.55,100.0,True,
2026-03-04T22:21:40,81,RR1.00:19-20:478:1947,2026-03-04T19:53:40,4138.55,100.0,-86.5,87.0,-86.5,4052.05,4138.55,100.0,True,
2026-03-04T22:21:40,82,RR1.00:19-20:478:1947,2026-03-04T19:53:40,4138.55,100.0,-86.5,87.0,-86.5,4052.05,4138.55,100.0,True,
2026-03-04T22:21:40,83,RR1.00:19-20:478:1947,2026-03-04T19:53:40,4525.35,100.0,-86.5,87.0,-86.5,4438.85,4525.35,100.0,True,
2026-03-04T22:21:40,84,RR1.00:19-20:478:1947,2026-03-04T19:53:40,4525.35,100.0,-86.5,87.0,-86.5,4438.85,4525.35,100.0,True,
2026-03-04T22:21:40,91,RR1.00:19-20:478:1947,2026-03-04T19:53:40,4207.9,100.0,-86.5,87.0,-86.5,4121.4,4207.9,100.0,True,
2026-03-04T22:21:40,92,RR1.00:19-20:478:1947,2026-03-04T19:53:40,4346.75,100.0,-86.5,87.0,-86.5,4260.25,4346.75,100.0,True,
2026-03-04T22:21:40,93,RR1.00:19-20:478:1947,2026-03-04T19:53:40,4238.8,100.0,-86.5,87.0,-86.5,4152.3,4238.8,100.0,True,
2026-03-04T22:21:40,94,RR1.00:19-20:478:1947,2026-03-04T19:53:40,4571.2,100.0,-86.5,87.0,-86.5,4484.7,4571.2,100.0,True,
2026-03-04T22:21:40,95,RR1.00:19-20:478:1947,2026-03-04T19:53:40,4199.35,100.0,-86.5,87.0,-86.5,4112.85,4199.35,100.0,True,
2026-03-04T22:21:40,96,RR1.00:19-20:478:1947,2026-03-04T19:53:40,4263.0,100.0,-86.5,87.0,-86.5,4176.5,4263.0,100.0,True,
2026-03-04T22:21:40,97,RR1.00:19-20:478:1947,2026-03-04T19:53:40,4263.0,100.0,-86.5,87.0,-86.5,4176.5,4263.0,100.0,True,
2026-03-04T22:21:40,98,RR1.00:19-20:478:1947,2026-03-04T19:53:40,4511.2,100.0,-86.5,87.0,-86.5,4424.7,4511.2,100.0,True,
2026-03-04T22:21:40,99,RR1.00:19-20:478:1947,2026-03-04T19:53:40,4371.45,100.0,-86.5,87.0,-86.5,4284.95,4371.45,100.0,True,
2026-03-04T22:21:40,100,RR1.00:19-20:478:1947,2026-03-04T19:53:40,4411.25,100.0,-86.5,87.0,-86.5,4324.75,4411.25,100.0,True,
2026-03-04T23:30:00,4,RR1.00:18-19:460:1961,2026-03-04T18:02:40,4202.2,100.0,-195.0,138.5,-18.0,4007.2,4183.15,100.0,True,
2026-03-04T23:30:00,65,RR1.00:18-19:460:1961,2026-03-04T18:02:40,4611.8,100.0,-195.0,138.5,-18.0,4416.8,4592.75,100.0,True,
2026-03-04T23:30:00,66,RR1.00:18-19:460:1961,2026-03-04T18:02:40,4322.8,100.0,-195.0,138.5,-18.0,4127.8,4303.75,100.0,True,
2026-03-04T23:30:00,78,RR1.00:18-19:460:1961,2026-03-04T18:02:40,4185.5,100.0,-195.0,138.5,-18.0,3990.5,4166.45,100.0,True,
2026-03-04T23:30:00,79,RR1.00:18-19:460:1961,2026-03-04T18:02:40,4415.7,100.0,-195.0,138.5,-18.0,4220.7,4396.65,100.0,True,
2026-03-04T23:30:00,80,RR1.00:18-19:460:1961,2026-03-04T18:02:40,4138.55,100.0,-195.0,138.5,-18.0,3943.55,4119.5,100.0,True,
2026-03-04T23:30:00,81,RR1.00:18-19:460:1961,2026-03-04T18:02:40,4138.55,100.0,-195.0,138.5,-18.0,3943.55,4119.5,100.0,True,
2026-03-04T23:30:00,82,RR1.00:18-19:460:1961,2026-03-04T18:02:40,4138.55,100.0,-195.0,138.5,-18.0,3943.55,4119.5,100.0,True,
2026-03-04T23:30:00,83,RR1.00:18-19:460:1961,2026-03-04T18:02:40,4525.35,100.0,-195.0,138.5,-18.0,4330.35,4506.3,100.0,True,
2026-03-04T23:30:00,84,RR1.00:18-19:460:1961,2026-03-04T18:02:40,4525.35,100.0,-195.0,138.5,-18.0,4330.35,4506.3,100.0,True,
2026-03-04T23:30:00,91,RR1.00:18-19:460:1961,2026-03-04T18:02:40,4207.9,100.0,-195.0,138.5,-18.0,4012.9,4188.85,100.0,True,
2026-03-04T23:30:00,92,RR1.00:18-19:460:1961,2026-03-04T18:02:40,4346.75,100.0,-195.0,138.5,-18.0,4151.75,4327.7,100.0,True,
2026-03-04T23:30:00,93,RR1.00:18-19:460:1961,2026-03-04T18:02:40,4238.8,100.0,-195.0,138.5,-18.0,4043.8,4219.75,100.0,True,
2026-03-04T23:30:00,94,RR1.00:18-19:460:1961,2026-03-04T18:02:40,4571.2,100.0,-195.0,138.5,-18.0,4376.2,4552.15,100.0,True,
2026-03-04T23:30:00,95,RR1.00:18-19:460:1961,2026-03-04T18:02:40,4199.35,100.0,-195.0,138.5,-18.0,4004.35,4180.3,100.0,True,
2026-03-04T23:30:00,96,RR1.00:18-19:460:1961,2026-03-04T18:02:40,4263.0,100.0,-195.0,138.5,-18.0,4068.0,4243.95,100.0,True,
2026-03-04T23:30:00,97,RR1.00:18-19:460:1961,2026-03-04T18:02:40,4263.0,100.0,-195.0,138.5,-18.0,4068.0,4243.95,100.0,True,
2026-03-04T23:30:00,98,RR1.00:18-19:460:1961,2026-03-04T18:02:40,4511.2,100.0,-195.0,138.5,-18.0,4316.2,4492.15,100.0,True,
2026-03-04T23:30:00,99,RR1.00:18-19:460:1961,2026-03-04T18:02:40,4371.45,100.0,-195.0,138.5,-18.0,4176.45,4352.4,100.0,True,
2026-03-04T23:30:00,100,RR1.00:18-19:460:1961,2026-03-04T18:02:40,4411.25,100.0,-195.0,138.5,-18.0,4216.25,4392.2,100.0,True,
2026-03-05T03:21:40,4,RR1.00:1-2:450:1826,2026-03-05T01:44:40,4183.15,100.0,-74.5,145.5,-74.5,4108.65,4107.6,100.0,True,
2026-03-05T03:21:40,65,RR1.00:1-2:450:1826,2026-03-05T01:44:40,4592.75,100.0,-74.5,145.5,-74.5,4518.25,4517.2,100.0,True,
2026-03-05T03:21:40,66,RR1.00:1-2:450:1826,2026-03-05T01:44:40,4303.75,100.0,-74.5,145.5,-74.5,4229.25,4228.2,100.0,True,
2026-03-05T03:21:40,78,RR1.00:1-2:450:1826,2026-03-05T01:44:40,4166.45,100.0,-74.5,145.5,-74.5,4091.95,4090.9,100.0,True,
2026-03-05T03:21:40,79,RR1.00:1-2:450:1826,2026-03-05T01:44:40,4396.65,100.0,-74.5,145.5,-74.5,4322.15,4321.1,100.0,True,
2026-03-05T03:21:40,80,RR1.00:1-2:450:1826,2026-03-05T01:44:40,4119.5,100.0,-74.5,145.5,-74.5,4045.0,4043.95,100.0,True,
2026-03-05T03:21:40,81,RR1.00:1-2:450:1826,2026-03-05T01:44:40,4119.5,100.0,-74.5,145.5,-74.5,4045.0,4043.95,100.0,True,
2026-03-05T03:21:40,82,RR1.00:1-2:450:1826,2026-03-05T01:44:40,4119.5,100.0,-74.5,145.5,-74.5,4045.0,4043.95,100.0,True,
2026-03-05T03:21:40,83,RR1.00:1-2:450:1826,2026-03-05T01:44:40,4506.3,100.0,-74.5,145.5,-74.5,4431.8,4430.75,100.0,True,
2026-03-05T03:21:40,84,RR1.00:1-2:450:1826,2026-03-05T01:44:40,4506.3,100.0,-74.5,145.5,-74.5,4431.8,4430.75,100.0,True,
2026-03-05T03:21:40,91,RR1.00:1-2:450:1826,2026-03-05T01:44:40,4188.85,100.0,-74.5,145.5,-74.5,4114.35,4113.3,100.0,True,
2026-03-05T03:21:40,92,RR1.00:1-2:450:1826,2026-03-05T01:44:40,4327.7,100.0,-74.5,145.5,-74.5,4253.2,4252.15,100.0,True,
2026-03-05T03:21:40,93,RR1.00:1-2:450:1826,2026-03-05T01:44:40,4219.75,100.0,-74.5,145.5,-74.5,4145.25,4144.2,100.0,True,
2026-03-05T03:21:40,94,RR1.00:1-2:450:1826,2026-03-05T01:44:40,4552.15,100.0,-74.5,145.5,-74.5,4477.65,4476.6,100.0,True,
2026-03-05T03:21:40,95,RR1.00:1-2:450:1826,2026-03-05T01:44:40,4180.3,100.0,-74.5,145.5,-74.5,4105.8,4104.75,100.0,True,
2026-03-05T03:21:40,96,RR1.00:1-2:450:1826,2026-03-05T01:44:40,4243.95,100.0,-74.5,145.5,-74.5,4169.45,4168.4,100.0,True,
2026-03-05T03:21:40,97,RR1.00:1-2:450:1826,2026-03-05T01:44:40,4243.95,100.0,-74.5,145.5,-74.5,4169.45,4168.4,100.0,True,
2026-03-05T03:21:40,98,RR1.00:1-2:450:1826,2026-03-05T01:44:40,4492.15,100.0,-74.5,145.5,-74.5,4417.65,4416.6,100.0,True,
2026-03-05T03:21:40,99,RR1.00:1-2:450:1826,2026-03-05T01:44:40,4352.4,100.0,-74.5,145.5,-74.5,4277.9,4276.85,100.0,True,
2026-03-05T03:21:40,100,RR1.00:1-2:450:1826,2026-03-05T01:44:40,4392.2,100.0,-74.5,145.5,-74.5,4317.7,4316.65,100.0,True,
2026-03-05T05:22:40,4,RR1.00:4-5:527:2050,2026-03-05T04:46:40,4107.6,100.0,-77.0,61.0,-77.0,4030.6,4029.55,100.0,True,
2026-03-05T05:22:40,65,RR1.00:4-5:527:2050,2026-03-05T04:46:40,4517.2,100.0,-77.0,61.0,-77.0,4440.2,4439.15,100.0,True,
2026-03-05T05:22:40,66,RR1.00:4-5:527:2050,2026-03-05T04:46:40,4228.2,100.0,-77.0,61.0,-77.0,4151.2,4150.15,100.0,True,
2026-03-05T05:22:40,78,RR1.00:4-5:527:2050,2026-03-05T04:46:40,4090.9,100.0,-77.0,61.0,-77.0,4013.9,4012.85,100.0,True,
2026-03-05T05:22:40,79,RR1.00:4-5:527:2050,2026-03-05T04:46:40,4321.1,100.0,-77.0,61.0,-77.0,4244.1,4243.05,100.0,True,
2026-03-05T05:22:40,80,RR1.00:4-5:527:2050,2026-03-05T04:46:40,4043.95,100.0,-77.0,61.0,-77.0,3966.95,3965.9,100.0,True,
2026-03-05T05:22:40,81,RR1.00:4-5:527:2050,2026-03-05T04:46:40,4043.95,100.0,-77.0,61.0,-77.0,3966.95,3965.9,100.0,True,
2026-03-05T05:22:40,82,RR1.00:4-5:527:2050,2026-03-05T04:46:40,4043.95,100.0,-77.0,61.0,-77.0,3966.95,3965.9,100.0,True,
2026-03-05T05:22:40,83,RR1.00:4-5:527:2050,2026-03-05T04:46:40,4430.75,100.0,-77.0,61.0,-77.0,4353.75,4352.7,100.0,True,
2026-03-05T05:22:40,84,RR1.00:4-5:527:2050,2026-03-05T04:46:40,4430.75,100.0,-77.0,61.0,-77.0,4353.75,4352.7,100.0,True,
2026-03-05T05:22:40,91,RR1.00:4-5:527:2050,2026-03-05T04:46:40,4113.3,100.0,-77.0,61.0,-77.0,4036.3,4035.25,100.0,True,
2026-03-05T05:22:40,92,RR1.00:4-5:527:2050,2026-03-05T04:46:40,4252.15,100.0,-77.0,61.0,-77.0,4175.15,4174.1,100.0,True,
2026-03-05T05:22:40,93,RR1.00:4-5:527:2050,2026-03-05T04:46:40,4144.2,100.0,-77.0,61.0,-77.0,4067.2,4066.15,100.0,True,
2026-03-05T05:22:40,94,RR1.00:4-5:527:2050,2026-03-05T04:46:40,4476.6,100.0,-77.0,61.0,-77.0,4399.6,4398.55,100.0,True,
2026-03-05T05:22:40,95,RR1.00:4-5:527:2050,2026-03-05T04:46:40,4104.75,100.0,-77.0,61.0,-77.0,4027.75,4026.7,100.0,True,
2026-03-05T05:22:40,96,RR1.00:4-5:527:2050,2026-03-05T04:46:40,4168.4,100.0,-77.0,61.0,-77.0,4091.4,4090.35,100.0,True,
2026-03-05T05:22:40,97,RR1.00:4-5:527:2050,2026-03-05T04:46:40,4168.4,100.0,-77.0,61.0,-77.0,4091.4,4090.35,100.0,True,
2026-03-05T05:22:40,98,RR1.00:4-5:527:2050,2026-03-05T04:46:40,4416.6,100.0,-77.0,61.0,-77.0,4339.6,4338.55,100.0,True,
2026-03-05T05:22:40,99,RR1.00:4-5:527:2050,2026-03-05T04:46:40,4276.85,100.0,-77.0,61.0,-77.0,4199.85,4198.8,100.0,True,
2026-03-05T05:22:40,100,RR1.00:4-5:527:2050,2026-03-05T04:46:40,4316.65,100.0,-77.0,61.0,-77.0,4239.65,4238.6,100.0,True,
2026-03-05T08:00:40,4,RR1.00:6-7:531:2037,2026-03-05T06:08:40,4029.55,100.0,-91.0,72.0,-91.0,3938.55,3937.5,100.0,True,
2026-03-05T08:00:40,65,RR1.00:6-7:531:2037,2026-03-05T06:08:40,4439.15,100.0,-91.0,72.0,-91.0,4348.15,4347.1,100.0,True,
2026-03-05T08:00:40,66,RR1.00:6-7:531:2037,2026-03-05T06:08:40,4150.15,100.0,-91.0,72.0,-91.0,4059.15,4058.1,100.0,True,
2026-03-05T08:00:40,78,RR1.00:6-7:531:2037,2026-03-05T06:08:40,4012.85,100.0,-91.0,72.0,-91.0,3921.85,3920.8,100.0,True,
2026-03-05T08:00:40,79,RR1.00:6-7:531:2037,2026-03-05T06:08:40,4243.05,100.0,-91.0,72.0,-91.0,4152.05,4151.0,100.0,True,
2026-03-05T08:00:40,80,RR1.00:6-7:531:2037,2026-03-05T06:08:40,3965.9,100.0,-91.0,72.0,-91.0,3874.9,3873.85,100.0,True,
2026-03-05T08:00:40,81,RR1.00:6-7:531:2037,2026-03-05T06:08:40,3965.9,100.0,-91.0,72.0,-91.0,3874.9,3873.85,100.0,True,
2026-03-05T08:00:40,82,RR1.00:6-7:531:2037,2026-03-05T06:08:40,3965.9,100.0,-91.0,72.0,-91.0,3874.9,3873.85,100.0,True,
2026-03-05T08:00:40,83,RR1.00:6-7:531:2037,2026-03-05T06:08:40,4352.7,100.0,-91.0,72.0,-91.0,4261.7,4260.65,100.0,True,
2026-03-05T08:00:40,84,RR1.00:6-7:531:2037,2026-03-05T06:08:40,4352.7,100.0,-91.0,72.0,-91.0,4261.7,4260.65,100.0,True,
2026-03-05T08:00:40,91,RR1.00:6-7:531:2037,2026-03-05T06:08:40,4035.25,100.0,-91.0,72.0,-91.0,3944.25,3943.2,100.0,True,
2026-03-05T08:00:40,92,RR1.00:6-7:531:2037,2026-03-05T06:08:40,4174.1,100.0,-91.0,72.0,-91.0,4083.1,4082.05,100.0,True,
2026-03-05T08:00:40,93,RR1.00:6-7:531:2037,2026-03-05T06:08:40,4066.15,100.0,-91.0,72.0,-91.0,3975.15,3974.1,100.0,True,
2026-03-05T08:00:40,94,RR1.00:6-7:531:2037,2026-03-05T06:08:40,4398.55,100.0,-91.0,72.0,-91.0,4307.55,4306.5,100.0,True,
2026-03-05T08:00:40,95,RR1.00:6-7:531:2037,2026-03-05T06:08:40,4026.7,100.0,-91.0,72.0,-91.0,3935.7,3934.65,100.0,True,
2026-03-05T08:00:40,96,RR1.00:6-7:531:2037,2026-03-05T06:08:40,4090.35,100.0,-91.0,72.0,-91.0,3999.35,3998.3,100.0,True,
2026-03-05T08:00:40,97,RR1.00:6-7:531:2037,2026-03-05T06:08:40,4090.35,100.0,-91.0,72.0,-91.0,3999.35,3998.3,100.0,True,
2026-03-05T08:00:40,98,RR1.00:6-7:531:2037,2026-03-05T06:08:40,4338.55,100.0,-91.0,72.0,-91.0,4247.55,4246.5,100.0,True,
2026-03-05T08:00:40,99,RR1.00:6-7:531:2037,2026-03-05T06:08:40,4198.8,100.0,-91.0,72.0,-91.0,4107.8,4106.75,100.0,True,
2026-03-05T08:00:40,100,RR1.00:6-7:531:2037,2026-03-05T06:08:40,4238.6,100.0,-91.0,72.0,-91.0,4147.6,4146.55,100.0,True,
2026-03-05T10:30:40,4,RR1.00:8-9:597:2124,2026-03-05T08:50:40,3937.5,100.0,-120.0,114.0,-120.0,3817.5,3816.45,100.0,True,
2026-03-05T10:30:40,65,RR1.00:8-9:597:2124,2026-03-05T08:50:40,4347.1,100.0,-120.0,114.0,-120.0,4227.1,4226.05,100.0,True,
2026-03-05T10:30:40,66,RR1.00:8-9:597:2124,2026-03-05T08:50:40,4058.1,100.0,-120.0,114.0,-120.0,3938.1,3937.05,100.0,True,
2026-03-05T10:30:40,78,RR1.00:8-9:597:2124,2026-03-05T08:50:40,3920.8,100.0,-120.0,114.0,-120.0,3800.8,3799.75,100.0,True,
2026-03-05T10:30:40,79,RR1.00:8-9:597:2124,2026-03-05T08:50:40,4151.0,100.0,-120.0,114.0,-120.0,4031.0,4029.95,100.0,True,
2026-03-05T10:30:40,80,RR1.00:8-9:597:2124,2026-03-05T08:50:40,3873.85,100.0,-120.0,114.0,-120.0,3753.85,3752.8,100.0,True,
2026-03-05T10:30:40,81,RR1.00:8-9:597:2124,2026-03-05T08:50:40,3873.85,100.0,-120.0,114.0,-120.0,3753.85,3752.8,100.0,True,
2026-03-05T10:30:40,82,RR1.00:8-9:597:2124,2026-03-05T08:50:40,3873.85,100.0,-120.0,114.0,-120.0,3753.85,3752.8,100.0,True,
2026-03-05T10:30:40,83,RR1.00:8-9:597:2124,2026-03-05T08:50:40,4260.65,100.0,-120.0,114.0,-120.0,4140.65,4139.6,100.0,True,
2026-03-05T10:30:40,84,RR1.00:8-9:597:2124,2026-03-05T08:50:40,4260.65,100.0,-120.0,114.0,-120.0,4140.65,4139.6,100.0,True,
2026-03-05T10:30:40,91,RR1.00:8-9:597:2124,2026-03-05T08:50:40,3943.2,100.0,-120.0,114.0,-120.0,3823.2,3822.15,100.0,True,
2026-03-05T10:30:40,92,RR1.00:8-9:597:2124,2026-03-05T08:50:40,4082.05,100.0,-120.0,114.0,-120.0,3962.05,3961.0,100.0,True,
2026-03-05T10:30:40,93,RR1.00:8-9:597:2124,2026-03-05T08:50:40,3974.1,100.0,-120.0,114.0,-120.0,3854.1,3853.05,100.0,True,
2026-03-05T10:30:40,94,RR1.00:8-9:597:2124,2026-03-05T08:50:40,4306.5,100.0,-120.0,114.0,-120.0,4186.5,4185.45,100.0,True,
2026-03-05T10:30:40,95,RR1.00:8-9:597:2124,2026-03-05T08:50:40,3934.65,100.0,-120.0,114.0,-120.0,3814.65,3813.6,100.0,True,
2026-03-05T10:30:40,96,RR1.00:8-9:597:2124,2026-03-05T08:50:40,3998.3,100.0,-120.0,114.0,-120.0,3878.3,3877.25,100.0,True,
2026-03-05T10:30:40,97,RR1.00:8-9:597:2124,2026-03-05T08:50:40,3998.3,100.0,-120.0,114.0,-120.0,3878.3,3877.25,100.0,True,
2026-03-05T10:30:40,98,RR1.00:8-9:597:2124,2026-03-05T08:50:40,4246.5,100.0,-120.0,114.0,-120.0,4126.5,4125.45,100.0,True,
2026-03-05T10:30:40,99,RR1.00:8-9:597:2124,2026-03-05T08:50:40,4106.75,100.0,-120.0,114.0,-120.0,3986.75,3985.7,100.0,True,
2026-03-05T10:30:40,100,RR1.00:8-9:597:2124,2026-03-05T08:50:40,4146.55,100.0,-120.0,114.0,-120.0,4026.55,4025.5,100.0,True,
2026-03-05T13:58:40,4,RR1.00:13-14:568:2098,2026-03-05T13:17:20,3816.45,100.0,-101.0,22.0,-101.0,3715.45,3714.4,100.0,True,
2026-03-05T13:58:40,65,RR1.00:13-14:568:2098,2026-03-05T13:17:20,4226.05,100.0,-101.0,22.0,-101.0,4125.05,4124.0,100.0,True,
2026-03-05T13:58:40,66,RR1.00:13-14:568:2098,2026-03-05T13:17:20,3937.05,100.0,-101.0,22.0,-101.0,3836.05,3835.0,100.0,True,
2026-03-05T13:58:40,78,RR1.00:13-14:568:2098,2026-03-05T13:17:20,3799.75,100.0,-101.0,22.0,-101.0,3698.75,3697.7,100.0,True,
2026-03-05T13:58:40,79,RR1.00:13-14:568:2098,2026-03-05T13:17:20,4029.95,100.0,-101.0,22.0,-101.0,3928.95,3927.9,100.0,True,
2026-03-05T13:58:40,80,RR1.00:13-14:568:2098,2026-03-05T13:17:20,3752.8,100.0,-101.0,22.0,-101.0,3651.8,3650.75,100.0,True,
2026-03-05T13:58:40,81,RR1.00:13-14:568:2098,2026-03-05T13:17:20,3752.8,100.0,-101.0,22.0,-101.0,3651.8,3650.75,100.0,True,
2026-03-05T13:58:40,82,RR1.00:13-14:568:2098,2026-03-05T13:17:20,3752.8,100.0,-101.0,22.0,-101.0,3651.8,3650.75,100.0,True,
2026-03-05T13:58:40,83,RR1.00:13-14:568:2098,2026-03-05T13:17:20,4139.6,100.0,-101.0,22.0,-101.0,4038.6,4037.55,100.0,True,
2026-03-05T13:58:40,84,RR1.00:13-14:568:2098,2026-03-05T13:17:20,4139.6,100.0,-101.0,22.0,-101.0,4038.6,4037.55,100.0,True,
2026-03-05T13:58:40,91,RR1.00:13-14:568:2098,2026-03-05T13:17:20,3822.15,100.0,-101.0,22.0,-101.0,3721.15,3720.1,100.0,True,
2026-03-05T13:58:40,92,RR1.00:13-14:568:2098,2026-03-05T13:17:20,3961.0,100.0,-101.0,22.0,-101.0,3860.0,3858.95,100.0,True,
2026-03-05T13:58:40,93,RR1.00:13-14:568:2098,2026-03-05T13:17:20,3853.05,100.0,-101.0,22.0,-101.0,3752.05,3751.0,100.0,True,
2026-03-05T13:58:40,94,RR1.00:13-14:568:2098,2026-03-05T13:17:20,4185.45,100.0,-101.0,22.0,-101.0,4084.45,4083.4,100.0,True,
2026-03-05T13:58:40,95,RR1.00:13-14:568:2098,2026-03-05T13:17:20,3813.6,100.0,-101.0,22.0,-101.0,3712.6,3711.55,100.0,True,
2026-03-05T13:58:40,96,RR1.00:13-14:568:2098,2026-03-05T13:17:20,3877.25,100.0,-101.0,22.0,-101.0,3776.25,3775.2,100.0,True,
2026-03-05T13:58:40,97,RR1.00:13-14:568:2098,2026-03-05T13:17:20,3877.25,100.0,-101.0,22.0,-101.0,3776.25,3775.2,100.0,True,
2026-03-05T13:58:40,98,RR1.00:13-14:568:2098,2026-03-05T13:17:20,4125.45,100.0,-101.0,22.0,-101.0,4024.45,4023.4,100.0,True,
2026-03-05T13:58:40,99,RR1.00:13-14:568:2098,2026-03-05T13:17:20,3985.7,100.0,-101.0,22.0,-101.0,3884.7,3883.65,100.0,True,
2026-03-05T13:58:40,100,RR1.00:13-14:568:2098,2026-03-05T13:17:20,4025.5,100.0,-101.0,22.0,-101.0,3924.5,3923.45,100.0,True,
2026-03-05T14:37:00,4,RR1.00:14-15:527:1998,2026-03-05T14:21:40,3714.4,100.0,-129.5,8.0,-129.5,3584.9,3583.85,100.0,True,
2026-03-05T14:37:00,65,RR1.00:14-15:527:1998,2026-03-05T14:21:40,4124.0,100.0,-129.5,8.0,-129.5,3994.5,3993.45,100.0,True,
2026-03-05T14:37:00,66,RR1.00:14-15:527:1998,2026-03-05T14:21:40,3835.0,100.0,-129.5,8.0,-129.5,3705.5,3704.45,100.0,True,
2026-03-05T14:37:00,78,RR1.00:14-15:527:1998,2026-03-05T14:21:40,3697.7,100.0,-129.5,8.0,-129.5,3568.2,3567.15,100.0,True,
2026-03-05T14:37:00,79,RR1.00:14-15:527:1998,2026-03-05T14:21:40,3927.9,100.0,-129.5,8.0,-129.5,3798.4,3797.35,100.0,True,
2026-03-05T14:37:00,80,RR1.00:14-15:527:1998,2026-03-05T14:21:40,3650.75,100.0,-129.5,8.0,-129.5,3521.25,3520.2,100.0,True,
2026-03-05T14:37:00,81,RR1.00:14-15:527:1998,2026-03-05T14:21:40,3650.75,100.0,-129.5,8.0,-129.5,3521.25,3520.2,100.0,True,
2026-03-05T14:37:00,82,RR1.00:14-15:527:1998,2026-03-05T14:21:40,3650.75,100.0,-129.5,8.0,-129.5,3521.25,3520.2,100.0,True,
2026-03-05T14:37:00,83,RR1.00:14-15:527:1998,2026-03-05T14:21:40,4037.55,100.0,-129.5,8.0,-129.5,3908.05,3907.0,100.0,True,
2026-03-05T14:37:00,84,RR1.00:14-15:527:1998,2026-03-05T14:21:40,4037.55,100.0,-129.5,8.0,-129.5,3908.05,3907.0,100.0,True,
2026-03-05T14:37:00,91,RR1.00:14-15:527:1998,2026-03-05T14:21:40,3720.1,100.0,-129.5,8.0,-129.5,3590.6,3589.55,100.0,True,
2026-03-05T14:37:00,92,RR1.00:14-15:527:1998,2026-03-05T14:21:40,3858.95,100.0,-129.5,8.0,-129.5,3729.45,3728.4,100.0,True,
2026-03-05T14:37:00,93,RR1.00:14-15:527:1998,2026-03-05T14:21:40,3751.0,100.0,-129.5,8.0,-129.5,3621.5,3620.45,100.0,True,
2026-03-05T14:37:00,94,RR1.00:14-15:527:1998,2026-03-05T14:21:40,4083.4,100.0,-129.5,8.0,-129.5,3953.9,3952.85,100.0,True,
2026-03-05T14:37:00,95,RR1.00:14-15:527:1998,2026-03-05T14:21:40,3711.55,100.0,-129.5,8.0,-129.5,3582.05,3581.0,100.0,True,
2026-03-05T14:37:00,96,RR1.00:14-15:527:1998,2026-03-05T14:21:40,3775.2,100.0,-129.5,8.0,-129.5,3645.7,3644.65,100.0,True,
2026-03-05T14:37:00,97,RR1.00:14-15:527:1998,2026-03-05T14:21:40,3775.2,100.0,-129.5,8.0,-129.5,3645.7,3644.65,100.0,True,
2026-03-05T14:37:00,98,RR1.00:14-15:527:1998,2026-03-05T14:21:40,4023.4,100.0,-129.5,8.0,-129.5,3893.9,3892.85,100.0,True,
2026-03-05T14:37:00,99,RR1.00:14-15:527:1998,2026-03-05T14:21:40,3883.65,100.0,-129.5,8.0,-129.5,3754.15,3753.1,100.0,True,
2026-03-05T14:37:00,100,RR1.00:14-15:527:1998,2026-03-05T14:21:40,3923.45,100.0,-129.5,8.0,-129.5,3793.95,3792.9,100.0,True,
2026-03-05T17:00:00,4,RR1.00:16-17:843:2408,2026-03-05T16:30:40,3583.85,100.0,20.5,349.5,344.5,3583.85,3927.3,100.0,True,
2026-03-05T17:00:00,65,RR1.00:16-17:843:2408,2026-03-05T16:30:40,3993.45,100.0,20.5,349.5,344.5,3993.45,4336.9,100.0,True,
2026-03-05T17:00:00,66,RR1.00:16-17:843:2408,2026-03-05T16:30:40,3704.45,100.0,20.5,349.5,344.5,3704.45,4047.9,100.0,True,
2026-03-05T17:00:00,78,RR1.00:16-17:843:2408,2026-03-05T16:30:40,3567.15,100.0,20.5,349.5,344.5,3567.15,3910.6,100.0,True,
2026-03-05T17:00:00,79,RR1.00:16-17:843:2408,2026-03-05T16:30:40,3797.35,100.0,20.5,349.5,344.5,3797.35,4140.8,100.0,True,
2026-03-05T17:00:00,80,RR1.00:16-17:843:2408,2026-03-05T16:30:40,3520.2,100.0,20.5,349.5,344.5,3520.2,3863.65,100.0,True,
2026-03-05T17:00:00,81,RR1.00:16-17:843:2408,2026-03-05T16:30:40,3520.2,100.0,20.5,349.5,344.5,3520.2,3863.65,100.0,True,
2026-03-05T17:00:00,82,RR1.00:16-17:843:2408,2026-03-05T16:30:40,3520.2,100.0,20.5,349.5,344.5,3520.2,3863.65,100.0,True,
2026-03-05T17:00:00,83,RR1.00:16-17:843:2408,2026-03-05T16:30:40,3907.0,100.0,20.5,349.5,344.5,3907.0,4250.45,100.0,True,
2026-03-05T17:00:00,84,RR1.00:16-17:843:2408,2026-03-05T16:30:40,3907.0,100.0,20.5,349.5,344.5,3907.0,4250.45,100.0,True,
2026-03-05T17:00:00,91,RR1.00:16-17:843:2408,2026-03-05T16:30:40,3589.55,100.0,20.5,349.5,344.5,3589.55,3933.0,100.0,True,
2026-03-05T17:00:00,92,RR1.00:16-17:843:2408,2026-03-05T16:30:40,3728.4,100.0,20.5,349.5,344.5,3728.4,4071.85,100.0,True,
2026-03-05T17:00:00,93,RR1.00:16-17:843:2408,2026-03-05T16:30:40,3620.45,100.0,20.5,349.5,344.5,3620.45,3963.9,100.0,True,
2026-03-05T17:00:00,94,RR1.00:16-17:843:2408,2026-03-05T16:30:40,3952.85,100.0,20.5,349.5,344.5,3952.85,4296.3,100.0,True,
2026-03-05T17:00:00,95,RR1.00:16-17:843:2408,2026-03-05T16:30:40,3581.0,100.0,20.5,349.5,344.5,3581.0,3924.45,100.0,True,
2026-03-05T17:00:00,96,RR1.00:16-17:843:2408,2026-03-05T16:30:40,3644.65,100.0,20.5,349.5,344.5,3644.65,3988.1,100.0,True,
2026-03-05T17:00:00,97,RR1.00:16-17:843:2408,2026-03-05T16:30:40,3644.65,100.0,20.5,349.5,344.5,3644.65,3988.1,100.0,True,
2026-03-05T17:00:00,98,RR1.00:16-17:843:2408,2026-03-05T16:30:40,3892.85,100.0,20.5,349.5,344.5,3892.85,4236.3,100.0,True,
2026-03-05T17:00:00,99,RR1.00:16-17:843:2408,2026-03-05T16:30:40,3753.1,100.0,20.5,349.5,344.5,3753.1,4096.55,100.0,True,
2026-03-05T17:00:00,100,RR1.00:16-17:843:2408,2026-03-05T16:30:40,3792.9,100.0,20.5,349.5,344.5,3792.9,4136.35,100.0,True,
2026-03-06T02:00:00,4,RR1.00:1-2:451:1828,2026-03-06T01:03:40,3927.3,100.0,-21.5,81.0,60.5,3905.8,3986.75,100.0,True,
2026-03-06T02:00:00,65,RR1.00:1-2:451:1828,2026-03-06T01:03:40,4336.9,100.0,-21.5,81.0,60.5,4315.4,4396.35,100.0,True,
2026-03-06T02:00:00,66,RR1.00:1-2:451:1828,2026-03-06T01:03:40,4047.9,100.0,-21.5,81.0,60.5,4026.4,4107.35,100.0,True,
2026-03-06T02:00:00,78,RR1.00:1-2:451:1828,2026-03-06T01:03:40,3910.6,100.0,-21.5,81.0,60.5,3889.1,3970.05,100.0,True,
2026-03-06T02:00:00,79,RR1.00:1-2:451:1828,2026-03-06T01:03:40,4140.8,100.0,-21.5,81.0,60.5,4119.3,4200.25,100.0,True,
2026-03-06T02:00:00,80,RR1.00:1-2:451:1828,2026-03-06T01:03:40,3863.65,100.0,-21.5,81.0,60.5,3842.15,3923.1,100.0,True,
2026-03-06T02:00:00,81,RR1.00:1-2:451:1828,2026-03-06T01:03:40,3863.65,100.0,-21.5,81.0,60.5,3842.15,3923.1,100.0,True,
2026-03-06T02:00:00,82,RR1.00:1-2:451:1828,2026-03-06T01:03:40,3863.65,100.0,-21.5,81.0,60.5,3842.15,3923.1,100.0,True,
2026-03-06T02:00:00,83,RR1.00:1-2:451:1828,2026-03-06T01:03:40,4250.45,100.0,-21.5,81.0,60.5,4228.95,4309.9,100.0,True,
2026-03-06T02:00:00,84,RR1.00:1-2:451:1828,2026-03-06T01:03:40,4250.45,100.0,-21.5,81.0,60.5,4228.95,4309.9,100.0,True,
2026-03-06T02:00:00,91,RR1.00:1-2:451:1828,2026-03-06T01:03:40,3933.0,100.0,-21.5,81.0,60.5,3911.5,3992.45,100.0,True,
2026-03-06T02:00:00,92,RR1.00:1-2:451:1828,2026-03-06T01:03:40,4071.85,100.0,-21.5,81.0,60.5,4050.35,4131.3,100.0,True,
2026-03-06T02:00:00,93,RR1.00:1-2:451:1828,2026-03-06T01:03:40,3963.9,100.0,-21.5,81.0,60.5,3942.4,4023.35,100.0,True,
2026-03-06T02:00:00,94,RR1.00:1-2:451:1828,2026-03-06T01:03:40,4296.3,100.0,-21.5,81.0,60.5,4274.8,4355.75,100.0,True,
2026-03-06T02:00:00,95,RR1.00:1-2:451:1828,2026-03-06T01:03:40,3924.45,100.0,-21.5,81.0,60.5,3902.95,3983.9,100.0,True,
2026-03-06T02:00:00,96,RR1.00:1-2:451:1828,2026-03-06T01:03:40,3988.1,100.0,-21.5,81.0,60.5,3966.6,4047.55,100.0,True,
2026-03-06T02:00:00,97,RR1.00:1-2:451:1828,2026-03-06T01:03:40,3988.1,100.0,-21.5,81.0,60.5,3966.6,4047.55,100.0,True,
2026-03-06T02:00:00,98,RR1.00:1-2:451:1828,2026-03-06T01:03:40,4236.3,100.0,-21.5,81.0,60.5,4214.8,4295.75,100.0,True,
2026-03-06T02:00:00,99,RR1.00:1-2:451:1828,2026-03-06T01:03:40,4096.55,100.0,-21.5,81.0,60.5,4075.05,4156.0,100.0,True,
2026-03-06T02:00:00,100,RR1.00:1-2:451:1828,2026-03-06T01:03:40,4136.35,100.0,-21.5,81.0,60.5,4114.85,4195.8,100.0,True,
2026-03-06T09:11:40,4,RR1.00:6-7:532:2039,2026-03-06T06:33:40,3986.75,100.0,-43.5,52.5,-43.5,3943.25,3986.75,100.0,True,
2026-03-06T09:11:40,65,RR1.00:6-7:532:2039,2026-03-06T06:33:40,4396.35,100.0,-43.5,52.5,-43.5,4352.85,4396.35,100.0,True,
2026-03-06T09:11:40,66,RR1.00:6-7:532:2039,2026-03-06T06:33:40,4107.35,100.0,-43.5,52.5,-43.5,4063.85,4107.35,100.0,True,
2026-03-06T09:11:40,78,RR1.00:6-7:532:2039,2026-03-06T06:33:40,3970.05,100.0,-43.5,52.5,-43.5,3926.55,3970.05,100.0,True,
2026-03-06T09:11:40,79,RR1.00:6-7:532:2039,2026-03-06T06:33:40,4200.25,100.0,-43.5,52.5,-43.5,4156.75,4200.25,100.0,True,
2026-03-06T09:11:40,80,RR1.00:6-7:532:2039,2026-03-06T06:33:40,3923.1,100.0,-43.5,52.5,-43.5,3879.6,3923.1,100.0,True,
2026-03-06T09:11:40,81,RR1.00:6-7:532:2039,2026-03-06T06:33:40,3923.1,100.0,-43.5,52.5,-43.5,3879.6,3923.1,100.0,True,
2026-03-06T09:11:40,82,RR1.00:6-7:532:2039,2026-03-06T06:33:40,3923.1,100.0,-43.5,52.5,-43.5,3879.6,3923.1,100.0,True,
2026-03-06T09:11:40,83,RR1.00:6-7:532:2039,2026-03-06T06:33:40,4309.9,100.0,-43.5,52.5,-43.5,4266.4,4309.9,100.0,True,
2026-03-06T09:11:40,84,RR1.00:6-7:532:2039,2026-03-06T06:33:40,4309.9,100.0,-43.5,52.5,-43.5,4266.4,4309.9,100.0,True,
2026-03-06T09:11:40,91,RR1.00:6-7:532:2039,2026-03-06T06:33:40,3992.45,100.0,-43.5,52.5,-43.5,3948.95,3992.45,100.0,True,
2026-03-06T09:11:40,92,RR1.00:6-7:532:2039,2026-03-06T06:33:40,4131.3,100.0,-43.5,52.5,-43.5,4087.8,4131.3,100.0,True,
2026-03-06T09:11:40,93,RR1.00:6-7:532:2039,2026-03-06T06:33:40,4023.35,100.0,-43.5,52.5,-43.5,3979.85,4023.35,100.0,True,
2026-03-06T09:11:40,94,RR1.00:6-7:532:2039,2026-03-06T06:33:40,4355.75,100.0,-43.5,52.5,-43.5,4312.25,4355.75,100.0,True,
2026-03-06T09:11:40,95,RR1.00:6-7:532:2039,2026-03-06T06:33:40,3983.9,100.0,-43.5,52.5,-43.5,3940.4,3983.9,100.0,True,
2026-03-06T09:11:40,96,RR1.00:6-7:532:2039,2026-03-06T06:33:40,4047.55,100.0,-43.5,52.5,-43.5,4004.05,4047.55,100.0,True,
2026-03-06T09:11:40,97,RR1.00:6-7:532:2039,2026-03-06T06:33:40,4047.55,100.0,-43.5,52.5,-43.5,4004.05,4047.55,100.0,True,
2026-03-06T09:11:40,98,RR1.00:6-7:532:2039,2026-03-06T06:33:40,4295.75,100.0,-43.5,52.5,-43.5,4252.25,4295.75,100.0,True,
2026-03-06T09:11:40,99,RR1.00:6-7:532:2039,2026-03-06T06:33:40,4156.0,100.0,-43.5,52.5,-43.5,4112.5,4156.0,100.0,True,
2026-03-06T09:11:40,100,RR1.00:6-7:532:2039,2026-03-06T06:33:40,4195.8,100.0,-43.5,52.5,-43.5,4152.3,4195.8,100.0,True,
2026-03-06T10:03:40,4,RR1.00:9-10:554:2049,2026-03-06T09:21:40,3986.75,100.0,-43.5,36.0,-43.5,3943.25,3986.75,100.0,True,
2026-03-06T10:03:40,65,RR1.00:9-10:554:2049,2026-03-06T09:21:40,4396.35,100.0,-43.5,36.0,-43.5,4352.85,4396.35,100.0,True,
2026-03-06T10:03:40,66,RR1.00:9-10:554:2049,2026-03-06T09:21:40,4107.35,100.0,-43.5,36.0,-43.5,4063.85,4107.35,100.0,True,
2026-03-06T10:03:40,78,RR1.00:9-10:554:2049,2026-03-06T09:21:40,3970.05,100.0,-43.5,36.0,-43.5,3926.55,3970.05,100.0,True,
2026-03-06T10:03:40,79,RR1.00:9-10:554:2049,2026-03-06T09:21:40,4200.25,100.0,-43.5,36.0,-43.5,4156.75,4200.25,100.0,True,
2026-03-06T10:03:40,80,RR1.00:9-10:554:2049,2026-03-06T09:21:40,3923.1,100.0,-43.5,36.0,-43.5,3879.6,3923.1,100.0,True,
2026-03-06T10:03:40,81,RR1.00:9-10:554:2049,2026-03-06T09:21:40,3923.1,100.0,-43.5,36.0,-43.5,3879.6,3923.1,100.0,True,
2026-03-06T10:03:40,82,RR1.00:9-10:554:2049,2026-03-06T09:21:40,3923.1,100.0,-43.5,36.0,-43.5,3879.6,3923.1,100.0,True,
2026-03-06T10:03:40,83,RR1.00:9-10:554:2049,2026-03-06T09:21:40,4309.9,100.0,-43.5,36.0,-43.5,4266.4,4309.9,100.0,True,
2026-03-06T10:03:40,84,RR1.00:9-10:554:2049,2026-03-06T09:21:40,4309.9,100.0,-43.5,36.0,-43.5,4266.4,4309.9,100.0,True,
2026-03-06T10:03:40,91,RR1.00:9-10:554:2049,2026-03-06T09:21:40,3992.45,100.0,-43.5,36.0,-43.5,3948.95,3992.45,100.0,True,
2026-03-06T10:03:40,92,RR1.00:9-10:554:2049,2026-03-06T09:21:40,4131.3,100.0,-43.5,36.0,-43.5,4087.8,4131.3,100.0,True,
2026-03-06T10:03:40,93,RR1.00:9-10:554:2049,2026-03-06T09:21:40,4023.35,100.0,-43.5,36.0,-43.5,3979.85,4023.35,100.0,True,
2026-03-06T10:03:40,94,RR1.00:9-10:554:2049,2026-03-06T09:21:40,4355.75,100.0,-43.5,36.0,-43.5,4312.25,4355.75,100.0,True,
2026-03-06T10:03:40,95,RR1.00:9-10:554:2049,2026-03-06T09:21:40,3983.9,100.0,-43.5,36.0,-43.5,3940.4,3983.9,100.0,True,
2026-03-06T10:03:40,96,RR1.00:9-10:554:2049,2026-03-06T09:21:40,4047.55,100.0,-43.5,36.0,-43.5,4004.05,4047.55,100.0,True,
2026-03-06T10:03:40,97,RR1.00:9-10:554:2049,2026-03-06T09:21:40,4047.55,100.0,-43.5,36.0,-43.5,4004.05,4047.55,100.0,True,
2026-03-06T10:03:40,98,RR1.00:9-10:554:2049,2026-03-06T09:21:40,4295.75,100.0,-43.5,36.0,-43.5,4252.25,4295.75,100.0,True,
2026-03-06T10:03:40,99,RR1.00:9-10:554:2049,2026-03-06T09:21:40,4156.0,100.0,-43.5,36.0,-43.5,4112.5,4156.0,100.0,True,
2026-03-06T10:03:40,100,RR1.00:9-10:554:2049,2026-03-06T09:21:40,4195.8,100.0,-43.5,36.0,-43.5,4152.3,4195.8,100.0,True,
2026-03-06T10:25:40,4,RR1.00:5-6:430:1910,2026-03-06T05:58:40,3986.75,100.0,-87.5,59.0,-87.5,3899.25,3898.2,100.0,True,
2026-03-06T10:25:40,65,RR1.00:5-6:430:1910,2026-03-06T05:58:40,4396.35,100.0,-87.5,59.0,-87.5,4308.85,4307.8,100.0,True,
2026-03-06T10:25:40,66,RR1.00:5-6:430:1910,2026-03-06T05:58:40,4107.35,100.0,-87.5,59.0,-87.5,4019.85,4018.8,100.0,True,
2026-03-06T10:25:40,78,RR1.00:5-6:430:1910,2026-03-06T05:58:40,3970.05,100.0,-87.5,59.0,-87.5,3882.55,3881.5,100.0,True,
2026-03-06T10:25:40,79,RR1.00:5-6:430:1910,2026-03-06T05:58:40,4200.25,100.0,-87.5,59.0,-87.5,4112.75,4111.7,100.0,True,
2026-03-06T10:25:40,80,RR1.00:5-6:430:1910,2026-03-06T05:58:40,3923.1,100.0,-87.5,59.0,-87.5,3835.6,3834.55,100.0,True,
2026-03-06T10:25:40,81,RR1.00:5-6:430:1910,2026-03-06T05:58:40,3923.1,100.0,-87.5,59.0,-87.5,3835.6,3834.55,100.0,True,
2026-03-06T10:25:40,82,RR1.00:5-6:430:1910,2026-03-06T05:58:40,3923.1,100.0,-87.5,59.0,-87.5,3835.6,3834.55,100.0,True,
2026-03-06T10:25:40,83,RR1.00:5-6:430:1910,2026-03-06T05:58:40,4309.9,100.0,-87.5,59.0,-87.5,4222.4,4221.35,100.0,True,
2026-03-06T10:25:40,84,RR1.00:5-6:430:1910,2026-03-06T05:58:40,4309.9,100.0,-87.5,59.0,-87.5,4222.4,4221.35,100.0,True,
2026-03-06T10:25:40,91,RR1.00:5-6:430:1910,2026-03-06T05:58:40,3992.45,100.0,-87.5,59.0,-87.5,3904.95,3903.9,100.0,True,
2026-03-06T10:25:40,92,RR1.00:5-6:430:1910,2026-03-06T05:58:40,4131.3,100.0,-87.5,59.0,-87.5,4043.8,4042.75,100.0,True,
2026-03-06T10:25:40,93,RR1.00:5-6:430:1910,2026-03-06T05:58:40,4023.35,100.0,-87.5,59.0,-87.5,3935.85,3934.8,100.0,True,
2026-03-06T10:25:40,94,RR1.00:5-6:430:1910,2026-03-06T05:58:40,4355.75,100.0,-87.5,59.0,-87.5,4268.25,4267.2,100.0,True,
2026-03-06T10:25:40,95,RR1.00:5-6:430:1910,2026-03-06T05:58:40,3983.9,100.0,-87.5,59.0,-87.5,3896.4,3895.35,100.0,True,
2026-03-06T10:25:40,96,RR1.00:5-6:430:1910,2026-03-06T05:58:40,4047.55,100.0,-87.5,59.0,-87.5,3960.05,3959.0,100.0,True,
2026-03-06T10:25:40,97,RR1.00:5-6:430:1910,2026-03-06T05:58:40,4047.55,100.0,-87.5,59.0,-87.5,3960.05,3959.0,100.0,True,
2026-03-06T10:25:40,98,RR1.00:5-6:430:1910,2026-03-06T05:58:40,4295.75,100.0,-87.5,59.0,-87.5,4208.25,4207.2,100.0,True,
2026-03-06T10:25:40,99,RR1.00:5-6:430:1910,2026-03-06T05:58:40,4156.0,100.0,-87.5,59.0,-87.5,4068.5,4067.45,100.0,True,
2026-03-06T10:25:40,100,RR1.00:5-6:430:1910,2026-03-06T05:58:40,4195.8,100.0,-87.5,59.0,-87.5,4108.3,4107.25,100.0,True,
2026-03-06T15:30:40,4,RR1.00:15-16:679:2225,2026-03-06T15:09:40,3898.2,100.0,-111.5,67.0,-111.5,3786.7,3785.65,100.0,True,
2026-03-06T15:30:40,65,RR1.00:15-16:679:2225,2026-03-06T15:09:40,4307.8,100.0,-111.5,67.0,-111.5,4196.3,4195.25,100.0,True,
2026-03-06T15:30:40,66,RR1.00:15-16:679:2225,2026-03-06T15:09:40,4018.8,100.0,-111.5,67.0,-111.5,3907.3,3906.25,100.0,True,
2026-03-06T15:30:40,78,RR1.00:15-16:679:2225,2026-03-06T15:09:40,3881.5,100.0,-111.5,67.0,-111.5,3770.0,3768.95,100.0,True,
2026-03-06T15:30:40,79,RR1.00:15-16:679:2225,2026-03-06T15:09:40,4111.7,100.0,-111.5,67.0,-111.5,4000.2,3999.15,100.0,True,
2026-03-06T15:30:40,80,RR1.00:15-16:679:2225,2026-03-06T15:09:40,3834.55,100.0,-111.5,67.0,-111.5,3723.05,3722.0,100.0,True,
2026-03-06T15:30:40,81,RR1.00:15-16:679:2225,2026-03-06T15:09:40,3834.55,100.0,-111.5,67.0,-111.5,3723.05,3722.0,100.0,True,
2026-03-06T15:30:40,82,RR1.00:15-16:679:2225,2026-03-06T15:09:40,3834.55,100.0,-111.5,67.0,-111.5,3723.05,3722.0,100.0,True,
2026-03-06T15:30:40,83,RR1.00:15-16:679:2225,2026-03-06T15:09:40,4221.35,100.0,-111.5,67.0,-111.5,4109.85,4108.8,100.0,True,
2026-03-06T15:30:40,84,RR1.00:15-16:679:2225,2026-03-06T15:09:40,4221.35,100.0,-111.5,67.0,-111.5,4109.85,4108.8,100.0,True,
2026-03-06T15:30:40,91,RR1.00:15-16:679:2225,2026-03-06T15:09:40,3903.9,100.0,-111.5,67.0,-111.5,3792.4,3791.35,100.0,True,
2026-03-06T15:30:40,92,RR1.00:15-16:679:2225,2026-03-06T15:09:40,4042.75,100.0,-111.5,67.0,-111.5,3931.25,3930.2,100.0,True,
2026-03-06T15:30:40,93,RR1.00:15-16:679:2225,2026-03-06T15:09:40,3934.8,100.0,-111.5,67.0,-111.5,3823.3,3822.25,100.0,True,
2026-03-06T15:30:40,94,RR1.00:15-16:679:2225,2026-03-06T15:09:40,4267.2,100.0,-111.5,67.0,-111.5,4155.7,4154.65,100.0,True,
2026-03-06T15:30:40,95,RR1.00:15-16:679:2225,2026-03-06T15:09:40,3895.35,100.0,-111.5,67.0,-111.5,3783.85,3782.8,100.0,True,
2026-03-06T15:30:40,96,RR1.00:15-16:679:2225,2026-03-06T15:09:40,3959.0,100.0,-111.5,67.0,-111.5,3847.5,3846.45,100.0,True,
2026-03-06T15:30:40,97,RR1.00:15-16:679:2225,2026-03-06T15:09:40,3959.0,100.0,-111.5,67.0,-111.5,3847.5,3846.45,100.0,True,
2026-03-06T15:30:40,98,RR1.00:15-16:679:2225,2026-03-06T15:09:40,4207.2,100.0,-111.5,67.0,-111.5,4095.7,4094.65,100.0,True,
2026-03-06T15:30:40,99,RR1.00:15-16:679:2225,2026-03-06T15:09:40,4067.45,100.0,-111.5,67.0,-111.5,3955.95,3954.9,100.0,True,
2026-03-06T15:30:40,100,RR1.00:15-16:679:2225,2026-03-06T15:09:40,4107.25,100.0,-111.5,67.0,-111.5,3995.75,3994.7,100.0,True,
2026-03-06T19:36:40,4,RR1.00:18-19:461:1964,2026-03-06T18:48:40,3785.65,100.0,-216.5,43.5,-216.5,3569.15,3568.1,100.0,True,
2026-03-06T19:36:40,65,RR1.00:18-19:461:1964,2026-03-06T18:48:40,4195.25,100.0,-216.5,43.5,-216.5,3978.75,3977.7,100.0,True,
2026-03-06T19:36:40,66,RR1.00:18-19:461:1964,2026-03-06T18:48:40,3906.25,100.0,-216.5,43.5,-216.5,3689.75,3688.7,100.0,True,
2026-03-06T19:36:40,78,RR1.00:18-19:461:1964,2026-03-06T18:48:40,3768.95,100.0,-216.5,43.5,-216.5,3552.45,3551.4,100.0,True,
2026-03-06T19:36:40,79,RR1.00:18-19:461:1964,2026-03-06T18:48:40,3999.15,100.0,-216.5,43.5,-216.5,3782.65,3781.6,100.0,True,
2026-03-06T19:36:40,80,RR1.00:18-19:461:1964,2026-03-06T18:48:40,3722.0,100.0,-216.5,43.5,-216.5,3505.5,3504.45,100.0,True,
2026-03-06T19:36:40,81,RR1.00:18-19:461:1964,2026-03-06T18:48:40,3722.0,100.0,-216.5,43.5,-216.5,3505.5,3504.45,100.0,True,
2026-03-06T19:36:40,82,RR1.00:18-19:461:1964,2026-03-06T18:48:40,3722.0,100.0,-216.5,43.5,-216.5,3505.5,3504.45,100.0,True,
2026-03-06T19:36:40,83,RR1.00:18-19:461:1964,2026-03-06T18:48:40,4108.8,100.0,-216.5,43.5,-216.5,3892.3,3891.25,100.0,True,
2026-03-06T19:36:40,84,RR1.00:18-19:461:1964,2026-03-06T18:48:40,4108.8,100.0,-216.5,43.5,-216.5,3892.3,3891.25,100.0,True,
2026-03-06T19:36:40,91,RR1.00:18-19:461:1964,2026-03-06T18:48:40,3791.35,100.0,-216.5,43.5,-216.5,3574.85,3573.8,100.0,True,
2026-03-06T19:36:40,92,RR1.00:18-19:461:1964,2026-03-06T18:48:40,3930.2,100.0,-216.5,43.5,-216.5,3713.7,3712.65,100.0,True,
2026-03-06T19:36:40,93,RR1.00:18-19:461:1964,2026-03-06T18:48:40,3822.25,100.0,-216.5,43.5,-216.5,3605.75,3604.7,100.0,True,
2026-03-06T19:36:40,94,RR1.00:18-19:461:1964,2026-03-06T18:48:40,4154.65,100.0,-216.5,43.5,-216.5,3938.15,3937.1,100.0,True,
2026-03-06T19:36:40,95,RR1.00:18-19:461:1964,2026-03-06T18:48:40,3782.8,100.0,-216.5,43.5,-216.5,3566.3,3565.25,100.0,True,
2026-03-06T19:36:40,96,RR1.00:18-19:461:1964,2026-03-06T18:48:40,3846.45,100.0,-216.5,43.5,-216.5,3629.95,3628.9,100.0,True,
2026-03-06T19:36:40,97,RR1.00:18-19:461:1964,2026-03-06T18:48:40,3846.45,100.0,-216.5,43.5,-216.5,3629.95,3628.9,100.0,True,
2026-03-06T19:36:40,98,RR1.00:18-19:461:1964,2026-03-06T18:48:40,4094.65,100.0,-216.5,43.5,-216.5,3878.15,3877.1,100.0,True,
2026-03-06T19:36:40,99,RR1.00:18-19:461:1964,2026-03-06T18:48:40,3954.9,100.0,-216.5,43.5,-216.5,3738.4,3737.35,100.0,True,
2026-03-06T19:36:40,100,RR1.00:18-19:461:1964,2026-03-06T18:48:40,3994.7,100.0,-216.5,43.5,-216.5,3778.2,3777.15,100.0,True,
2026-03-06T22:10:40,4,RR1.00:22-23:551:1991,2026-03-06T22:02:20,3568.1,100.0,-131.5,26.5,-131.5,3436.6,3568.1,100.0,True,
2026-03-06T22:10:40,65,RR1.00:22-23:551:1991,2026-03-06T22:02:20,3977.7,100.0,-131.5,26.5,-131.5,3846.2,3977.7,100.0,True,
2026-03-06T22:10:40,66,RR1.00:22-23:551:1991,2026-03-06T22:02:20,3688.7,100.0,-131.5,26.5,-131.5,3557.2,3688.7,100.0,True,
2026-03-06T22:10:40,78,RR1.00:22-23:551:1991,2026-03-06T22:02:20,3551.4,100.0,-131.5,26.5,-131.5,3419.9,3551.4,100.0,True,
2026-03-06T22:10:40,79,RR1.00:22-23:551:1991,2026-03-06T22:02:20,3781.6,100.0,-131.5,26.5,-131.5,3650.1,3781.6,100.0,True,
2026-03-06T22:10:40,80,RR1.00:22-23:551:1991,2026-03-06T22:02:20,3504.45,100.0,-131.5,26.5,-131.5,3372.95,3504.45,100.0,True,
2026-03-06T22:10:40,81,RR1.00:22-23:551:1991,2026-03-06T22:02:20,3504.45,100.0,-131.5,26.5,-131.5,3372.95,3504.45,100.0,True,
2026-03-06T22:10:40,82,RR1.00:22-23:551:1991,2026-03-06T22:02:20,3504.45,100.0,-131.5,26.5,-131.5,3372.95,3504.45,100.0,True,
2026-03-06T22:10:40,83,RR1.00:22-23:551:1991,2026-03-06T22:02:20,3891.25,100.0,-131.5,26.5,-131.5,3759.75,3891.25,100.0,True,
2026-03-06T22:10:40,84,RR1.00:22-23:551:1991,2026-03-06T22:02:20,3891.25,100.0,-131.5,26.5,-131.5,3759.75,3891.25,100.0,True,
2026-03-06T22:10:40,91,RR1.00:22-23:551:1991,2026-03-06T22:02:20,3573.8,100.0,-131.5,26.5,-131.5,3442.3,3573.8,100.0,True,
2026-03-06T22:10:40,92,RR1.00:22-23:551:1991,2026-03-06T22:02:20,3712.65,100.0,-131.5,26.5,-131.5,3581.15,3712.65,100.0,True,
2026-03-06T22:10:40,93,RR1.00:22-23:551:1991,2026-03-06T22:02:20,3604.7,100.0,-131.5,26.5,-131.5,3473.2,3604.7,100.0,True,
2026-03-06T22:10:40,94,RR1.00:22-23:551:1991,2026-03-06T22:02:20,3937.1,100.0,-131.5,26.5,-131.5,3805.6,3937.1,100.0,True,
2026-03-06T22:10:40,95,RR1.00:22-23:551:1991,2026-03-06T22:02:20,3565.25,100.0,-131.5,26.5,-131.5,3433.75,3565.25,100.0,True,
2026-03-06T22:10:40,96,RR1.00:22-23:551:1991,2026-03-06T22:02:20,3628.9,100.0,-131.5,26.5,-131.5,3497.4,3628.9,100.0,True,
2026-03-06T22:10:40,97,RR1.00:22-23:551:1991,2026-03-06T22:02:20,3628.9,100.0,-131.5,26.5,-131.5,3497.4,3628.9,100.0,True,
2026-03-06T22:10:40,98,RR1.00:22-23:551:1991,2026-03-06T22:02:20,3877.1,100.0,-131.5,26.5,-131.5,3745.6,3877.1,100.0,True,
2026-03-06T22:10:40,99,RR1.00:22-23:551:1991,2026-03-06T22:02:20,3737.35,100.0,-131.5,26.5,-131.5,3605.85,3737.35,100.0,True,
2026-03-06T22:10:40,100,RR1.00:22-23:551:1991,2026-03-06T22:02:20,3777.15,100.0,-131.5,26.5,-131.5,3645.65,3777.15,100.0,True,
2026-03-06T22:11:40,4,RR1.00:20-21:512:1901,2026-03-06T20:01:40,3568.1,100.0,-164.0,146.0,-164.0,3404.1,3403.05,100.0,True,
2026-03-06T22:11:40,65,RR1.00:20-21:512:1901,2026-03-06T20:01:40,3977.7,100.0,-164.0,146.0,-164.0,3813.7,3812.65,100.0,True,
2026-03-06T22:11:40,66,RR1.00:20-21:512:1901,2026-03-06T20:01:40,3688.7,100.0,-164.0,146.0,-164.0,3524.7,3523.65,100.0,True,
2026-03-06T22:11:40,78,RR1.00:20-21:512:1901,2026-03-06T20:01:40,3551.4,100.0,-164.0,146.0,-164.0,3387.4,3386.35,100.0,True,
2026-03-06T22:11:40,79,RR1.00:20-21:512:1901,2026-03-06T20:01:40,3781.6,100.0,-164.0,146.0,-164.0,3617.6,3616.55,100.0,True,
2026-03-06T22:11:40,80,RR1.00:20-21:512:1901,2026-03-06T20:01:40,3504.45,100.0,-164.0,146.0,-164.0,3340.45,3339.4,100.0,True,
2026-03-06T22:11:40,81,RR1.00:20-21:512:1901,2026-03-06T20:01:40,3504.45,100.0,-164.0,146.0,-164.0,3340.45,3339.4,100.0,True,
2026-03-06T22:11:40,82,RR1.00:20-21:512:1901,2026-03-06T20:01:40,3504.45,100.0,-164.0,146.0,-164.0,3340.45,3339.4,100.0,True,
2026-03-06T22:11:40,83,RR1.00:20-21:512:1901,2026-03-06T20:01:40,3891.25,100.0,-164.0,146.0,-164.0,3727.25,3726.2,100.0,True,
2026-03-06T22:11:40,84,RR1.00:20-21:512:1901,2026-03-06T20:01:40,3891.25,100.0,-164.0,146.0,-164.0,3727.25,3726.2,100.0,True,
2026-03-06T22:11:40,91,RR1.00:20-21:512:1901,2026-03-06T20:01:40,3573.8,100.0,-164.0,146.0,-164.0,3409.8,3408.75,100.0,True,
2026-03-06T22:11:40,92,RR1.00:20-21:512:1901,2026-03-06T20:01:40,3712.65,100.0,-164.0,146.0,-164.0,3548.65,3547.6,100.0,True,
2026-03-06T22:11:40,93,RR1.00:20-21:512:1901,2026-03-06T20:01:40,3604.7,100.0,-164.0,146.0,-164.0,3440.7,3439.65,100.0,True,
2026-03-06T22:11:40,94,RR1.00:20-21:512:1901,2026-03-06T20:01:40,3937.1,100.0,-164.0,146.0,-164.0,3773.1,3772.05,100.0,True,
2026-03-06T22:11:40,95,RR1.00:20-21:512:1901,2026-03-06T20:01:40,3565.25,100.0,-164.0,146.0,-164.0,3401.25,3400.2,100.0,True,
2026-03-06T22:11:40,96,RR1.00:20-21:512:1901,2026-03-06T20:01:40,3628.9,100.0,-164.0,146.0,-164.0,3464.9,3463.85,100.0,True,
2026-03-06T22:11:40,97,RR1.00:20-21:512:1901,2026-03-06T20:01:40,3628.9,100.0,-164.0,146.0,-164.0,3464.9,3463.85,100.0,True,
2026-03-06T22:11:40,98,RR1.00:20-21:512:1901,2026-03-06T20:01:40,3877.1,100.0,-164.0,146.0,-164.0,3713.1,3712.05,100.0,True,
2026-03-06T22:11:40,99,RR1.00:20-21:512:1901,2026-03-06T20:01:40,3737.35,100.0,-164.0,146.0,-164.0,3573.35,3572.3,100.0,True,
2026-03-06T22:11:40,100,RR1.00:20-21:512:1901,2026-03-06T20:01:40,3777.15,100.0,-164.0,146.0,-164.0,3613.15,3612.1,100.0,True,
2026-03-09T08:30:00,4,RR1.00:7-8:595:2151,2026-03-09T07:07:20,3403.05,100.0,-93.5,144.5,140.5,3309.55,3542.5,100.0,True,
2026-03-09T08:30:00,65,RR1.00:7-8:595:2151,2026-03-09T07:07:20,3812.65,100.0,-93.5,144.5,140.5,3719.15,3952.1,100.0,True,
2026-03-09T08:30:00,66,RR1.00:7-8:595:2151,2026-03-09T07:07:20,3523.65,100.0,-93.5,144.5,140.5,3430.15,3663.1,100.0,True,
2026-03-09T08:30:00,78,RR1.00:7-8:595:2151,2026-03-09T07:07:20,3386.35,100.0,-93.5,144.5,140.5,3292.85,3525.8,100.0,True,
2026-03-09T08:30:00,79,RR1.00:7-8:595:2151,2026-03-09T07:07:20,3616.55,100.0,-93.5,144.5,140.5,3523.05,3756.0,100.0,True,
2026-03-09T08:30:00,80,RR1.00:7-8:595:2151,2026-03-09T07:07:20,3339.4,100.0,-93.5,144.5,140.5,3245.9,3478.85,100.0,True,
2026-03-09T08:30:00,81,RR1.00:7-8:595:2151,2026-03-09T07:07:20,3339.4,100.0,-93.5,144.5,140.5,3245.9,3478.85,100.0,True,
2026-03-09T08:30:00,82,RR1.00:7-8:595:2151,2026-03-09T07:07:20,3339.4,100.0,-93.5,144.5,140.5,3245.9,3478.85,100.0,True,
2026-03-09T08:30:00,83,RR1.00:7-8:595:2151,2026-03-09T07:07:20,3726.2,100.0,-93.5,144.5,140.5,3632.7,3865.65,100.0,True,
2026-03-09T08:30:00,84,RR1.00:7-8:595:2151,2026-03-09T07:07:20,3726.2,100.0,-93.5,144.5,140.5,3632.7,3865.65,100.0,True,
2026-03-09T08:30:00,91,RR1.00:7-8:595:2151,2026-03-09T07:07:20,3408.75,100.0,-93.5,144.5,140.5,3315.25,3548.2,100.0,True,
2026-03-09T08:30:00,92,RR1.00:7-8:595:2151,2026-03-09T07:07:20,3547.6,100.0,-93.5,144.5,140.5,3454.1,3687.05,100.0,True,
2026-03-09T08:30:00,93,RR1.00:7-8:595:2151,2026-03-09T07:07:20,3439.65,100.0,-93.5,144.5,140.5,3346.15,3579.1,100.0,True,
2026-03-09T08:30:00,94,RR1.00:7-8:595:2151,2026-03-09T07:07:20,3772.05,100.0,-93.5,144.5,140.5,3678.55,3911.5,100.0,True,
2026-03-09T08:30:00,95,RR1.00:7-8:595:2151,2026-03-09T07:07:20,3400.2,100.0,-93.5,144.5,140.5,3306.7,3539.65,100.0,True,
2026-03-09T08:30:00,96,RR1.00:7-8:595:2151,2026-03-09T07:07:20,3463.85,100.0,-93.5,144.5,140.5,3370.35,3603.3,100.0,True,
2026-03-09T08:30:00,97,RR1.00:7-8:595:2151,2026-03-09T07:07:20,3463.85,100.0,-93.5,144.5,140.5,3370.35,3603.3,100.0,True,
2026-03-09T08:30:00,98,RR1.00:7-8:595:2151,2026-03-09T07:07:20,3712.05,100.0,-93.5,144.5,140.5,3618.55,3851.5,100.0,True,
2026-03-09T08:30:00,99,RR1.00:7-8:595:2151,2026-03-09T07:07:20,3572.3,100.0,-93.5,144.5,140.5,3478.8,3711.75,100.0,True,
2026-03-09T08:30:00,100,RR1.00:7-8:595:2151,2026-03-09T07:07:20,3612.1,100.0,-93.5,144.5,140.5,3518.6,3751.55,100.0,True,
2026-03-09T08:30:00,4,RR1.00:8-9:598:2128,2026-03-09T08:05:40,3542.5,100.0,-42.0,141.0,137.0,3500.5,3542.5,100.0,True,
2026-03-09T08:30:00,65,RR1.00:8-9:598:2128,2026-03-09T08:05:40,3952.1,100.0,-42.0,141.0,137.0,3910.1,3952.1,100.0,True,
2026-03-09T08:30:00,66,RR1.00:8-9:598:2128,2026-03-09T08:05:40,3663.1,100.0,-42.0,141.0,137.0,3621.1,3663.1,100.0,True,
2026-03-09T08:30:00,78,RR1.00:8-9:598:2128,2026-03-09T08:05:40,3525.8,100.0,-42.0,141.0,137.0,3483.8,3525.8,100.0,True,
2026-03-09T08:30:00,79,RR1.00:8-9:598:2128,2026-03-09T08:05:40,3756.0,100.0,-42.0,141.0,137.0,3714.0,3756.0,100.0,True,
2026-03-09T08:30:00,80,RR1.00:8-9:598:2128,2026-03-09T08:05:40,3478.85,100.0,-42.0,141.0,137.0,3436.85,3478.85,100.0,True,
2026-03-09T08:30:00,81,RR1.00:8-9:598:2128,2026-03-09T08:05:40,3478.85,100.0,-42.0,141.0,137.0,3436.85,3478.85,100.0,True,
2026-03-09T08:30:00,82,RR1.00:8-9:598:2128,2026-03-09T08:05:40,3478.85,100.0,-42.0,141.0,137.0,3436.85,3478.85,100.0,True,
2026-03-09T08:30:00,83,RR1.00:8-9:598:2128,2026-03-09T08:05:40,3865.65,100.0,-42.0,141.0,137.0,3823.65,3865.65,100.0,True,
2026-03-09T08:30:00,84,RR1.00:8-9:598:2128,2026-03-09T08:05:40,3865.65,100.0,-42.0,141.0,137.0,3823.65,3865.65,100.0,True,
2026-03-09T08:30:00,91,RR1.00:8-9:598:2128,2026-03-09T08:05:40,3548.2,100.0,-42.0,141.0,137.0,3506.2,3548.2,100.0,True,
2026-03-09T08:30:00,92,RR1.00:8-9:598:2128,2026-03-09T08:05:40,3687.05,100.0,-42.0,141.0,137.0,3645.05,3687.05,100.0,True,
2026-03-09T08:30:00,93,RR1.00:8-9:598:2128,2026-03-09T08:05:40,3579.1,100.0,-42.0,141.0,137.0,3537.1,3579.1,100.0,True,
2026-03-09T08:30:00,94,RR1.00:8-9:598:2128,2026-03-09T08:05:40,3911.5,100.0,-42.0,141.0,137.0,3869.5,3911.5,100.0,True,
2026-03-09T08:30:00,95,RR1.00:8-9:598:2128,2026-03-09T08:05:40,3539.65,100.0,-42.0,141.0,137.0,3497.65,3539.65,100.0,True,
2026-03-09T08:30:00,96,RR1.00:8-9:598:2128,2026-03-09T08:05:40,3603.3,100.0,-42.0,141.0,137.0,3561.3,3603.3,100.0,True,
2026-03-09T08:30:00,97,RR1.00:8-9:598:2128,2026-03-09T08:05:40,3603.3,100.0,-42.0,141.0,137.0,3561.3,3603.3,100.0,True,
2026-03-09T08:30:00,98,RR1.00:8-9:598:2128,2026-03-09T08:05:40,3851.5,100.0,-42.0,141.0,137.0,3809.5,3851.5,100.0,True,
2026-03-09T08:30:00,99,RR1.00:8-9:598:2128,2026-03-09T08:05:40,3711.75,100.0,-42.0,141.0,137.0,3669.75,3711.75,100.0,True,
2026-03-09T08:30:00,100,RR1.00:8-9:598:2128,2026-03-09T08:05:40,3751.55,100.0,-42.0,141.0,137.0,3709.55,3751.55,100.0,True,
2026-03-09T11:04:40,4,RR1.00:11-12:454:1957,2026-03-09T11:01:40,3542.5,100.0,-97.0,15.0,-97.0,3445.5,3542.5,100.0,True,
2026-03-09T11:04:40,65,RR1.00:11-12:454:1957,2026-03-09T11:01:40,3952.1,100.0,-97.0,15.0,-97.0,3855.1,3952.1,100.0,True,
2026-03-09T11:04:40,66,RR1.00:11-12:454:1957,2026-03-09T11:01:40,3663.1,100.0,-97.0,15.0,-97.0,3566.1,3663.1,100.0,True,
2026-03-09T11:04:40,78,RR1.00:11-12:454:1957,2026-03-09T11:01:40,3525.8,100.0,-97.0,15.0,-97.0,3428.8,3525.8,100.0,True,
2026-03-09T11:04:40,79,RR1.00:11-12:454:1957,2026-03-09T11:01:40,3756.0,100.0,-97.0,15.0,-97.0,3659.0,3756.0,100.0,True,
2026-03-09T11:04:40,80,RR1.00:11-12:454:1957,2026-03-09T11:01:40,3478.85,100.0,-97.0,15.0,-97.0,3381.85,3478.85,100.0,True,
2026-03-09T11:04:40,81,RR1.00:11-12:454:1957,2026-03-09T11:01:40,3478.85,100.0,-97.0,15.0,-97.0,3381.85,3478.85,100.0,True,
2026-03-09T11:04:40,82,RR1.00:11-12:454:1957,2026-03-09T11:01:40,3478.85,100.0,-97.0,15.0,-97.0,3381.85,3478.85,100.0,True,
2026-03-09T11:04:40,83,RR1.00:11-12:454:1957,2026-03-09T11:01:40,3865.65,100.0,-97.0,15.0,-97.0,3768.65,3865.65,100.0,True,
2026-03-09T11:04:40,84,RR1.00:11-12:454:1957,2026-03-09T11:01:40,3865.65,100.0,-97.0,15.0,-97.0,3768.65,3865.65,100.0,True,
2026-03-09T11:04:40,91,RR1.00:11-12:454:1957,2026-03-09T11:01:40,3548.2,100.0,-97.0,15.0,-97.0,3451.2,3548.2,100.0,True,
2026-03-09T11:04:40,92,RR1.00:11-12:454:1957,2026-03-09T11:01:40,3687.05,100.0,-97.0,15.0,-97.0,3590.05,3687.05,100.0,True,
2026-03-09T11:04:40,93,RR1.00:11-12:454:1957,2026-03-09T11:01:40,3579.1,100.0,-97.0,15.0,-97.0,3482.1,3579.1,100.0,True,
2026-03-09T11:04:40,94,RR1.00:11-12:454:1957,2026-03-09T11:01:40,3911.5,100.0,-97.0,15.0,-97.0,3814.5,3911.5,100.0,True,
2026-03-09T11:04:40,95,RR1.00:11-12:454:1957,2026-03-09T11:01:40,3539.65,100.0,-97.0,15.0,-97.0,3442.65,3539.65,100.0,True,
2026-03-09T11:04:40,96,RR1.00:11-12:454:1957,2026-03-09T11:01:40,3603.3,100.0,-97.0,15.0,-97.0,3506.3,3603.3,100.0,True,
2026-03-09T11:04:40,97,RR1.00:11-12:454:1957,2026-03-09T11:01:40,3603.3,100.0,-97.0,15.0,-97.0,3506.3,3603.3,100.0,True,
2026-03-09T11:04:40,98,RR1.00:11-12:454:1957,2026-03-09T11:01:40,3851.5,100.0,-97.0,15.0,-97.0,3754.5,3851.5,100.0,True,
2026-03-09T11:04:40,99,RR1.00:11-12:454:1957,2026-03-09T11:01:40,3711.75,100.0,-97.0,15.0,-97.0,3614.75,3711.75,100.0,True,
2026-03-09T11:04:40,100,RR1.00:11-12:454:1957,2026-03-09T11:01:40,3751.55,100.0,-97.0,15.0,-97.0,3654.55,3751.55,100.0,True,
2026-03-09T12:30:00,4,RR1.00:10-11:585:2121,2026-03-09T10:23:40,3542.5,100.0,-149.5,242.0,202.5,3393.0,3743.95,100.0,True,
2026-03-09T12:30:00,65,RR1.00:10-11:585:2121,2026-03-09T10:23:40,3952.1,100.0,-149.5,242.0,202.5,3802.6,4153.55,100.0,True,
2026-03-09T12:30:00,66,RR1.00:10-11:585:2121,2026-03-09T10:23:40,3663.1,100.0,-149.5,242.0,202.5,3513.6,3864.55,100.0,True,
2026-03-09T12:30:00,78,RR1.00:10-11:585:2121,2026-03-09T10:23:40,3525.8,100.0,-149.5,242.0,202.5,3376.3,3727.25,100.0,True,
2026-03-09T12:30:00,79,RR1.00:10-11:585:2121,2026-03-09T10:23:40,3756.0,100.0,-149.5,242.0,202.5,3606.5,3957.45,100.0,True,
2026-03-09T12:30:00,80,RR1.00:10-11:585:2121,2026-03-09T10:23:40,3478.85,100.0,-149.5,242.0,202.5,3329.35,3680.3,100.0,True,
2026-03-09T12:30:00,81,RR1.00:10-11:585:2121,2026-03-09T10:23:40,3478.85,100.0,-149.5,242.0,202.5,3329.35,3680.3,100.0,True,
2026-03-09T12:30:00,82,RR1.00:10-11:585:2121,2026-03-09T10:23:40,3478.85,100.0,-149.5,242.0,202.5,3329.35,3680.3,100.0,True,
2026-03-09T12:30:00,83,RR1.00:10-11:585:2121,2026-03-09T10:23:40,3865.65,100.0,-149.5,242.0,202.5,3716.15,4067.1,100.0,True,
2026-03-09T12:30:00,84,RR1.00:10-11:585:2121,2026-03-09T10:23:40,3865.65,100.0,-149.5,242.0,202.5,3716.15,4067.1,100.0,True,
2026-03-09T12:30:00,91,RR1.00:10-11:585:2121,2026-03-09T10:23:40,3548.2,100.0,-149.5,242.0,202.5,3398.7,3749.65,100.0,True,
2026-03-09T12:30:00,92,RR1.00:10-11:585:2121,2026-03-09T10:23:40,3687.05,100.0,-149.5,242.0,202.5,3537.55,3888.5,100.0,True,
2026-03-09T12:30:00,93,RR1.00:10-11:585:2121,2026-03-09T10:23:40,3579.1,100.0,-149.5,242.0,202.5,3429.6,3780.55,100.0,True,
2026-03-09T12:30:00,94,RR1.00:10-11:585:2121,2026-03-09T10:23:40,3911.5,100.0,-149.5,242.0,202.5,3762.0,4112.95,100.0,True,
2026-03-09T12:30:00,95,RR1.00:10-11:585:2121,2026-03-09T10:23:40,3539.65,100.0,-149.5,242.0,202.5,3390.15,3741.1,100.0,True,
2026-03-09T12:30:00,96,RR1.00:10-11:585:2121,2026-03-09T10:23:40,3603.3,100.0,-149.5,242.0,202.5,3453.8,3804.75,100.0,True,
2026-03-09T12:30:00,97,RR1.00:10-11:585:2121,2026-03-09T10:23:40,3603.3,100.0,-149.5,242.0,202.5,3453.8,3804.75,100.0,True,
2026-03-09T12:30:00,98,RR1.00:10-11:585:2121,2026-03-09T10:23:40,3851.5,100.0,-149.5,242.0,202.5,3702.0,4052.95,100.0,True,
2026-03-09T12:30:00,99,RR1.00:10-11:585:2121,2026-03-09T10:23:40,3711.75,100.0,-149.5,242.0,202.5,3562.25,3913.2,100.0,True,
2026-03-09T12:30:00,100,RR1.00:10-11:585:2121,2026-03-09T10:23:40,3751.55,100.0,-149.5,242.0,202.5,3602.05,3953.0,100.0,True,
2026-03-09T12:30:00,4,RR1.00:11-12:455:1959,2026-03-09T11:33:40,3743.95,100.0,-95.5,226.0,186.5,3648.45,3743.95,100.0,True,
2026-03-09T12:30:00,65,RR1.00:11-12:455:1959,2026-03-09T11:33:40,4153.55,100.0,-95.5,226.0,186.5,4058.05,4153.55,100.0,True,
2026-03-09T12:30:00,66,RR1.00:11-12:455:1959,2026-03-09T11:33:40,3864.55,100.0,-95.5,226.0,186.5,3769.05,3864.55,100.0,True,
2026-03-09T12:30:00,78,RR1.00:11-12:455:1959,2026-03-09T11:33:40,3727.25,100.0,-95.5,226.0,186.5,3631.75,3727.25,100.0,True,
2026-03-09T12:30:00,79,RR1.00:11-12:455:1959,2026-03-09T11:33:40,3957.45,100.0,-95.5,226.0,186.5,3861.95,3957.45,100.0,True,
2026-03-09T12:30:00,80,RR1.00:11-12:455:1959,2026-03-09T11:33:40,3680.3,100.0,-95.5,226.0,186.5,3584.8,3680.3,100.0,True,
2026-03-09T12:30:00,81,RR1.00:11-12:455:1959,2026-03-09T11:33:40,3680.3,100.0,-95.5,226.0,186.5,3584.8,3680.3,100.0,True,
2026-03-09T12:30:00,82,RR1.00:11-12:455:1959,2026-03-09T11:33:40,3680.3,100.0,-95.5,226.0,186.5,3584.8,3680.3,100.0,True,
2026-03-09T12:30:00,83,RR1.00:11-12:455:1959,2026-03-09T11:33:40,4067.1,100.0,-95.5,226.0,186.5,3971.6,4067.1,100.0,True,
2026-03-09T12:30:00,84,RR1.00:11-12:455:1959,2026-03-09T11:33:40,4067.1,100.0,-95.5,226.0,186.5,3971.6,4067.1,100.0,True,
2026-03-09T12:30:00,91,RR1.00:11-12:455:1959,2026-03-09T11:33:40,3749.65,100.0,-95.5,226.0,186.5,3654.15,3749.65,100.0,True,
2026-03-09T12:30:00,92,RR1.00:11-12:455:1959,2026-03-09T11:33:40,3888.5,100.0,-95.5,226.0,186.5,3793.0,3888.5,100.0,True,
2026-03-09T12:30:00,93,RR1.00:11-12:455:1959,2026-03-09T11:33:40,3780.55,100.0,-95.5,226.0,186.5,3685.05,3780.55,100.0,True,
2026-03-09T12:30:00,94,RR1.00:11-12:455:1959,2026-03-09T11:33:40,4112.95,100.0,-95.5,226.0,186.5,4017.45,4112.95,100.0,True,
2026-03-09T12:30:00,95,RR1.00:11-12:455:1959,2026-03-09T11:33:40,3741.1,100.0,-95.5,226.0,186.5,3645.6,3741.1,100.0,True,
2026-03-09T12:30:00,96,RR1.00:11-12:455:1959,2026-03-09T11:33:40,3804.75,100.0,-95.5,226.0,186.5,3709.25,3804.75,100.0,True,
2026-03-09T12:30:00,97,RR1.00:11-12:455:1959,2026-03-09T11:33:40,3804.75,100.0,-95.5,226.0,186.5,3709.25,3804.75,100.0,True,
2026-03-09T12:30:00,98,RR1.00:11-12:455:1959,2026-03-09T11:33:40,4052.95,100.0,-95.5,226.0,186.5,3957.45,4052.95,100.0,True,
2026-03-09T12:30:00,99,RR1.00:11-12:455:1959,2026-03-09T11:33:40,3913.2,100.0,-95.5,226.0,186.5,3817.7,3913.2,100.0,True,
2026-03-09T12:30:00,100,RR1.00:11-12:455:1959,2026-03-09T11:33:40,3953.0,100.0,-95.5,226.0,186.5,3857.5,3953.0,100.0,True,
2026-03-09T15:50:20,4,RR1.00:14-15:528:2002,2026-03-09T14:35:40,3743.95,100.0,-126.5,93.5,-126.5,3617.45,3616.4,100.0,True,
2026-03-09T15:50:20,65,RR1.00:14-15:528:2002,2026-03-09T14:35:40,4153.55,100.0,-126.5,93.5,-126.5,4027.05,4026.0,100.0,True,
2026-03-09T15:50:20,66,RR1.00:14-15:528:2002,2026-03-09T14:35:40,3864.55,100.0,-126.5,93.5,-126.5,3738.05,3737.0,100.0,True,
2026-03-09T15:50:20,78,RR1.00:14-15:528:2002,2026-03-09T14:35:40,3727.25,100.0,-126.5,93.5,-126.5,3600.75,3599.7,100.0,True,
2026-03-09T15:50:20,79,RR1.00:14-15:528:2002,2026-03-09T14:35:40,3957.45,100.0,-126.5,93.5,-126.5,3830.95,3829.9,100.0,True,
2026-03-09T15:50:20,80,RR1.00:14-15:528:2002,2026-03-09T14:35:40,3680.3,100.0,-126.5,93.5,-126.5,3553.8,3552.75,100.0,True,
2026-03-09T15:50:20,81,RR1.00:14-15:528:2002,2026-03-09T14:35:40,3680.3,100.0,-126.5,93.5,-126.5,3553.8,3552.75,100.0,True,
2026-03-09T15:50:20,82,RR1.00:14-15:528:2002,2026-03-09T14:35:40,3680.3,100.0,-126.5,93.5,-126.5,3553.8,3552.75,100.0,True,
2026-03-09T15:50:20,83,RR1.00:14-15:528:2002,2026-03-09T14:35:40,4067.1,100.0,-126.5,93.5,-126.5,3940.6,3939.55,100.0,True,
2026-03-09T15:50:20,84,RR1.00:14-15:528:2002,2026-03-09T14:35:40,4067.1,100.0,-126.5,93.5,-126.5,3940.6,3939.55,100.0,True,
2026-03-09T15:50:20,91,RR1.00:14-15:528:2002,2026-03-09T14:35:40,3749.65,100.0,-126.5,93.5,-126.5,3623.15,3622.1,100.0,True,
2026-03-09T15:50:20,92,RR1.00:14-15:528:2002,2026-03-09T14:35:40,3888.5,100.0,-126.5,93.5,-126.5,3762.0,3760.95,100.0,True,
2026-03-09T15:50:20,93,RR1.00:14-15:528:2002,2026-03-09T14:35:40,3780.55,100.0,-126.5,93.5,-126.5,3654.05,3653.0,100.0,True,
2026-03-09T15:50:20,94,RR1.00:14-15:528:2002,2026-03-09T14:35:40,4112.95,100.0,-126.5,93.5,-126.5,3986.45,3985.4,100.0,True,
2026-03-09T15:50:20,95,RR1.00:14-15:528:2002,2026-03-09T14:35:40,3741.1,100.0,-126.5,93.5,-126.5,3614.6,3613.55,100.0,True,
2026-03-09T15:50:20,96,RR1.00:14-15:528:2002,2026-03-09T14:35:40,3804.75,100.0,-126.5,93.5,-126.5,3678.25,3677.2,100.0,True,
2026-03-09T15:50:20,97,RR1.00:14-15:528:2002,2026-03-09T14:35:40,3804.75,100.0,-126.5,93.5,-126.5,3678.25,3677.2,100.0,True,
2026-03-09T15:50:20,98,RR1.00:14-15:528:2002,2026-03-09T14:35:40,4052.95,100.0,-126.5,93.5,-126.5,3926.45,3925.4,100.0,True,
2026-03-09T15:50:20,99,RR1.00:14-15:528:2002,2026-03-09T14:35:40,3913.2,100.0,-126.5,93.5,-126.5,3786.7,3785.65,100.0,True,
2026-03-09T15:50:20,100,RR1.00:14-15:528:2002,2026-03-09T14:35:40,3953.0,100.0,-126.5,93.5,-126.5,3826.5,3825.45,100.0,True,
2026-03-09T16:45:40,4,RR1.00:16-17:844:2411,2026-03-09T16:30:40,3616.4,100.0,-217.0,137.5,-217.0,3399.4,3398.35,100.0,True,
2026-03-09T16:45:40,65,RR1.00:16-17:844:2411,2026-03-09T16:30:40,4026.0,100.0,-217.0,137.5,-217.0,3809.0,3807.95,100.0,True,
2026-03-09T16:45:40,66,RR1.00:16-17:844:2411,2026-03-09T16:30:40,3737.0,100.0,-217.0,137.5,-217.0,3520.0,3518.95,100.0,True,
2026-03-09T16:45:40,78,RR1.00:16-17:844:2411,2026-03-09T16:30:40,3599.7,100.0,-217.0,137.5,-217.0,3382.7,3381.65,100.0,True,
2026-03-09T16:45:40,79,RR1.00:16-17:844:2411,2026-03-09T16:30:40,3829.9,100.0,-217.0,137.5,-217.0,3612.9,3611.85,100.0,True,
2026-03-09T16:45:40,80,RR1.00:16-17:844:2411,2026-03-09T16:30:40,3552.75,100.0,-217.0,137.5,-217.0,3335.75,3334.7,100.0,True,
2026-03-09T16:45:40,81,RR1.00:16-17:844:2411,2026-03-09T16:30:40,3552.75,100.0,-217.0,137.5,-217.0,3335.75,3334.7,100.0,True,
2026-03-09T16:45:40,82,RR1.00:16-17:844:2411,2026-03-09T16:30:40,3552.75,100.0,-217.0,137.5,-217.0,3335.75,3334.7,100.0,True,
2026-03-09T16:45:40,83,RR1.00:16-17:844:2411,2026-03-09T16:30:40,3939.55,100.0,-217.0,137.5,-217.0,3722.55,3721.5,100.0,True,
2026-03-09T16:45:40,84,RR1.00:16-17:844:2411,2026-03-09T16:30:40,3939.55,100.0,-217.0,137.5,-217.0,3722.55,3721.5,100.0,True,
2026-03-09T16:45:40,91,RR1.00:16-17:844:2411,2026-03-09T16:30:40,3622.1,100.0,-217.0,137.5,-217.0,3405.1,3404.05,100.0,True,
2026-03-09T16:45:40,92,RR1.00:16-17:844:2411,2026-03-09T16:30:40,3760.95,100.0,-217.0,137.5,-217.0,3543.95,3542.9,100.0,True,
2026-03-09T16:45:40,93,RR1.00:16-17:844:2411,2026-03-09T16:30:40,3653.0,100.0,-217.0,137.5,-217.0,3436.0,3434.95,100.0,True,
2026-03-09T16:45:40,94,RR1.00:16-17:844:2411,2026-03-09T16:30:40,3985.4,100.0,-217.0,137.5,-217.0,3768.4,3767.35,100.0,True,
2026-03-09T16:45:40,95,RR1.00:16-17:844:2411,2026-03-09T16:30:40,3613.55,100.0,-217.0,137.5,-217.0,3396.55,3395.5,100.0,True,
2026-03-09T16:45:40,96,RR1.00:16-17:844:2411,2026-03-09T16:30:40,3677.2,100.0,-217.0,137.5,-217.0,3460.2,3459.15,100.0,True,
2026-03-09T16:45:40,97,RR1.00:16-17:844:2411,2026-03-09T16:30:40,3677.2,100.0,-217.0,137.5,-217.0,3460.2,3459.15,100.0,True,
2026-03-09T16:45:40,98,RR1.00:16-17:844:2411,2026-03-09T16:30:40,3925.4,100.0,-217.0,137.5,-217.0,3708.4,3707.35,100.0,True,
2026-03-09T16:45:40,99,RR1.00:16-17:844:2411,2026-03-09T16:30:40,3785.65,100.0,-217.0,137.5,-217.0,3568.65,3567.6,100.0,True,
2026-03-09T16:45:40,100,RR1.00:16-17:844:2411,2026-03-09T16:30:40,3825.45,100.0,-217.0,137.5,-217.0,3608.45,3607.4,100.0,True,
2026-03-09T20:38:40,4,RR1.00:19-20:479:1951,2026-03-09T19:03:40,3398.35,100.0,-132.0,183.0,-132.0,3266.35,3398.35,100.0,True,
2026-03-09T20:38:40,65,RR1.00:19-20:479:1951,2026-03-09T19:03:40,3807.95,100.0,-132.0,183.0,-132.0,3675.95,3807.95,100.0,True,
2026-03-09T20:38:40,66,RR1.00:19-20:479:1951,2026-03-09T19:03:40,3518.95,100.0,-132.0,183.0,-132.0,3386.95,3518.95,100.0,True,
2026-03-09T20:38:40,78,RR1.00:19-20:479:1951,2026-03-09T19:03:40,3381.65,100.0,-132.0,183.0,-132.0,3249.65,3381.65,100.0,True,
2026-03-09T20:38:40,79,RR1.00:19-20:479:1951,2026-03-09T19:03:40,3611.85,100.0,-132.0,183.0,-132.0,3479.85,3611.85,100.0,True,
2026-03-09T20:38:40,80,RR1.00:19-20:479:1951,2026-03-09T19:03:40,3334.7,100.0,-132.0,183.0,-132.0,3202.7,3334.7,100.0,True,
2026-03-09T20:38:40,81,RR1.00:19-20:479:1951,2026-03-09T19:03:40,3334.7,100.0,-132.0,183.0,-132.0,3202.7,3334.7,100.0,True,
2026-03-09T20:38:40,82,RR1.00:19-20:479:1951,2026-03-09T19:03:40,3334.7,100.0,-132.0,183.0,-132.0,3202.7,3334.7,100.0,True,
2026-03-09T20:38:40,83,RR1.00:19-20:479:1951,2026-03-09T19:03:40,3721.5,100.0,-132.0,183.0,-132.0,3589.5,3721.5,100.0,True,
2026-03-09T20:38:40,84,RR1.00:19-20:479:1951,2026-03-09T19:03:40,3721.5,100.0,-132.0,183.0,-132.0,3589.5,3721.5,100.0,True,
2026-03-09T20:38:40,91,RR1.00:19-20:479:1951,2026-03-09T19:03:40,3404.05,100.0,-132.0,183.0,-132.0,3272.05,3404.05,100.0,True,
2026-03-09T20:38:40,92,RR1.00:19-20:479:1951,2026-03-09T19:03:40,3542.9,100.0,-132.0,183.0,-132.0,3410.9,3542.9,100.0,True,
2026-03-09T20:38:40,93,RR1.00:19-20:479:1951,2026-03-09T19:03:40,3434.95,100.0,-132.0,183.0,-132.0,3302.95,3434.95,100.0,True,
2026-03-09T20:38:40,94,RR1.00:19-20:479:1951,2026-03-09T19:03:40,3767.35,100.0,-132.0,183.0,-132.0,3635.35,3767.35,100.0,True,
2026-03-09T20:38:40,95,RR1.00:19-20:479:1951,2026-03-09T19:03:40,3395.5,100.0,-132.0,183.0,-132.0,3263.5,3395.5,100.0,True,
2026-03-09T20:38:40,96,RR1.00:19-20:479:1951,2026-03-09T19:03:40,3459.15,100.0,-132.0,183.0,-132.0,3327.15,3459.15,100.0,True,
2026-03-09T20:38:40,97,RR1.00:19-20:479:1951,2026-03-09T19:03:40,3459.15,100.0,-132.0,183.0,-132.0,3327.15,3459.15,100.0,True,
2026-03-09T20:38:40,98,RR1.00:19-20:479:1951,2026-03-09T19:03:40,3707.35,100.0,-132.0,183.0,-132.0,3575.35,3707.35,100.0,True,
2026-03-09T20:38:40,99,RR1.00:19-20:479:1951,2026-03-09T19:03:40,3567.6,100.0,-132.0,183.0,-132.0,3435.6,3567.6,100.0,True,
2026-03-09T20:38:40,100,RR1.00:19-20:479:1951,2026-03-09T19:03:40,3607.4,100.0,-132.0,183.0,-132.0,3475.4,3607.4,100.0,True,
2026-03-09T22:30:00,4,RR1.00:17-18:368:1871,2026-03-09T17:44:40,3398.35,100.0,7.5,868.0,855.0,3398.35,4252.3,100.0,True,
2026-03-09T22:30:00,65,RR1.00:17-18:368:1871,2026-03-09T17:44:40,3807.95,100.0,7.5,868.0,855.0,3807.95,4661.9,100.0,True,
2026-03-09T22:30:00,66,RR1.00:17-18:368:1871,2026-03-09T17:44:40,3518.95,100.0,7.5,868.0,855.0,3518.95,4372.9,100.0,True,
2026-03-09T22:30:00,78,RR1.00:17-18:368:1871,2026-03-09T17:44:40,3381.65,100.0,7.5,868.0,855.0,3381.65,4235.6,100.0,True,
2026-03-09T22:30:00,79,RR1.00:17-18:368:1871,2026-03-09T17:44:40,3611.85,100.0,7.5,868.0,855.0,3611.85,4465.8,100.0,True,
2026-03-09T22:30:00,80,RR1.00:17-18:368:1871,2026-03-09T17:44:40,3334.7,100.0,7.5,868.0,855.0,3334.7,4188.65,100.0,True,
2026-03-09T22:30:00,81,RR1.00:17-18:368:1871,2026-03-09T17:44:40,3334.7,100.0,7.5,868.0,855.0,3334.7,4188.65,100.0,True,
2026-03-09T22:30:00,82,RR1.00:17-18:368:1871,2026-03-09T17:44:40,3334.7,100.0,7.5,868.0,855.0,3334.7,4188.65,100.0,True,
2026-03-09T22:30:00,83,RR1.00:17-18:368:1871,2026-03-09T17:44:40,3721.5,100.0,7.5,868.0,855.0,3721.5,4575.45,100.0,True,
2026-03-09T22:30:00,84,RR1.00:17-18:368:1871,2026-03-09T17:44:40,3721.5,100.0,7.5,868.0,855.0,3721.5,4575.45,100.0,True,
2026-03-09T22:30:00,91,RR1.00:17-18:368:1871,2026-03-09T17:44:40,3404.05,100.0,7.5,868.0,855.0,3404.05,4258.0,100.0,True,
2026-03-09T22:30:00,92,RR1.00:17-18:368:1871,2026-03-09T17:44:40,3542.9,100.0,7.5,868.0,855.0,3542.9,4396.85,100.0,True,
2026-03-09T22:30:00,93,RR1.00:17-18:368:1871,2026-03-09T17:44:40,3434.95,100.0,7.5,868.0,855.0,3434.95,4288.9,100.0,True,
2026-03-09T22:30:00,94,RR1.00:17-18:368:1871,2026-03-09T17:44:40,3767.35,100.0,7.5,868.0,855.0,3767.35,4621.3,100.0,True,
2026-03-09T22:30:00,95,RR1.00:17-18:368:1871,2026-03-09T17:44:40,3395.5,100.0,7.5,868.0,855.0,3395.5,4249.45,100.0,True,
2026-03-09T22:30:00,96,RR1.00:17-18:368:1871,2026-03-09T17:44:40,3459.15,100.0,7.5,868.0,855.0,3459.15,4313.1,100.0,True,
2026-03-09T22:30:00,97,RR1.00:17-18:368:1871,2026-03-09T17:44:40,3459.15,100.0,7.5,868.0,855.0,3459.15,4313.1,100.0,True,
2026-03-09T22:30:00,98,RR1.00:17-18:368:1871,2026-03-09T17:44:40,3707.35,100.0,7.5,868.0,855.0,3707.35,4561.3,100.0,True,
2026-03-09T22:30:00,99,RR1.00:17-18:368:1871,2026-03-09T17:44:40,3567.6,100.0,7.5,868.0,855.0,3567.6,4421.55,100.0,True,
2026-03-09T22:30:00,100,RR1.00:17-18:368:1871,2026-03-09T17:44:40,3607.4,100.0,7.5,868.0,855.0,3607.4,4461.35,100.0,True,
2026-03-09T22:30:00,4,RR1.00:21-22:534:1980,2026-03-09T21:00:40,4252.3,100.0,-36.5,658.5,645.5,4215.8,4252.3,100.0,True,
2026-03-09T22:30:00,65,RR1.00:21-22:534:1980,2026-03-09T21:00:40,4661.9,100.0,-36.5,658.5,645.5,4625.4,4661.9,100.0,True,
2026-03-09T22:30:00,66,RR1.00:21-22:534:1980,2026-03-09T21:00:40,4372.9,100.0,-36.5,658.5,645.5,4336.4,4372.9,100.0,True,
2026-03-09T22:30:00,78,RR1.00:21-22:534:1980,2026-03-09T21:00:40,4235.6,100.0,-36.5,658.5,645.5,4199.1,4235.6,100.0,True,
2026-03-09T22:30:00,79,RR1.00:21-22:534:1980,2026-03-09T21:00:40,4465.8,100.0,-36.5,658.5,645.5,4429.3,4465.8,100.0,True,
2026-03-09T22:30:00,80,RR1.00:21-22:534:1980,2026-03-09T21:00:40,4188.65,100.0,-36.5,658.5,645.5,4152.15,4188.65,100.0,True,
2026-03-09T22:30:00,81,RR1.00:21-22:534:1980,2026-03-09T21:00:40,4188.65,100.0,-36.5,658.5,645.5,4152.15,4188.65,100.0,True,
2026-03-09T22:30:00,82,RR1.00:21-22:534:1980,2026-03-09T21:00:40,4188.65,100.0,-36.5,658.5,645.5,4152.15,4188.65,100.0,True,
2026-03-09T22:30:00,83,RR1.00:21-22:534:1980,2026-03-09T21:00:40,4575.45,100.0,-36.5,658.5,645.5,4538.95,4575.45,100.0,True,
2026-03-09T22:30:00,84,RR1.00:21-22:534:1980,2026-03-09T21:00:40,4575.45,100.0,-36.5,658.5,645.5,4538.95,4575.45,100.0,True,
2026-03-09T22:30:00,91,RR1.00:21-22:534:1980,2026-03-09T21:00:40,4258.0,100.0,-36.5,658.5,645.5,4221.5,4258.0,100.0,True,
2026-03-09T22:30:00,92,RR1.00:21-22:534:1980,2026-03-09T21:00:40,4396.85,100.0,-36.5,658.5,645.5,4360.35,4396.85,100.0,True,
2026-03-09T22:30:00,93,RR1.00:21-22:534:1980,2026-03-09T21:00:40,4288.9,100.0,-36.5,658.5,645.5,4252.4,4288.9,100.0,True,
2026-03-09T22:30:00,94,RR1.00:21-22:534:1980,2026-03-09T21:00:40,4621.3,100.0,-36.5,658.5,645.5,4584.8,4621.3,100.0,True,
2026-03-09T22:30:00,95,RR1.00:21-22:534:1980,2026-03-09T21:00:40,4249.45,100.0,-36.5,658.5,645.5,4212.95,4249.45,100.0,True,
2026-03-09T22:30:00,96,RR1.00:21-22:534:1980,2026-03-09T21:00:40,4313.1,100.0,-36.5,658.5,645.5,4276.6,4313.1,100.0,True,
2026-03-09T22:30:00,97,RR1.00:21-22:534:1980,2026-03-09T21:00:40,4313.1,100.0,-36.5,658.5,645.5,4276.6,4313.1,100.0,True,
2026-03-09T22:30:00,98,RR1.00:21-22:534:1980,2026-03-09T21:00:40,4561.3,100.0,-36.5,658.5,645.5,4524.8,4561.3,100.0,True,
2026-03-09T22:30:00,99,RR1.00:21-22:534:1980,2026-03-09T21:00:40,4421.55,100.0,-36.5,658.5,645.5,4385.05,4421.55,100.0,True,
2026-03-09T22:30:00,100,RR1.00:21-22:534:1980,2026-03-09T21:00:40,4461.35,100.0,-36.5,658.5,645.5,4424.85,4461.35,100.0,True,
2026-03-10T05:00:00,4,RR1.00:3-4:552:2065,2026-03-10T03:29:40,4252.3,100.0,-50.5,159.0,136.5,4201.8,4387.75,100.0,True,
2026-03-10T05:00:00,65,RR1.00:3-4:552:2065,2026-03-10T03:29:40,4661.9,100.0,-50.5,159.0,136.5,4611.4,4797.35,100.0,True,
2026-03-10T05:00:00,66,RR1.00:3-4:552:2065,2026-03-10T03:29:40,4372.9,100.0,-50.5,159.0,136.5,4322.4,4508.35,100.0,True,
2026-03-10T05:00:00,78,RR1.00:3-4:552:2065,2026-03-10T03:29:40,4235.6,100.0,-50.5,159.0,136.5,4185.1,4371.05,100.0,True,
2026-03-10T05:00:00,79,RR1.00:3-4:552:2065,2026-03-10T03:29:40,4465.8,100.0,-50.5,159.0,136.5,4415.3,4601.25,100.0,True,
2026-03-10T05:00:00,80,RR1.00:3-4:552:2065,2026-03-10T03:29:40,4188.65,100.0,-50.5,159.0,136.5,4138.15,4324.1,100.0,True,
2026-03-10T05:00:00,81,RR1.00:3-4:552:2065,2026-03-10T03:29:40,4188.65,100.0,-50.5,159.0,136.5,4138.15,4324.1,100.0,True,
2026-03-10T05:00:00,82,RR1.00:3-4:552:2065,2026-03-10T03:29:40,4188.65,100.0,-50.5,159.0,136.5,4138.15,4324.1,100.0,True,
2026-03-10T05:00:00,83,RR1.00:3-4:552:2065,2026-03-10T03:29:40,4575.45,100.0,-50.5,159.0,136.5,4524.95,4710.9,100.0,True,
2026-03-10T05:00:00,84,RR1.00:3-4:552:2065,2026-03-10T03:29:40,4575.45,100.0,-50.5,159.0,136.5,4524.95,4710.9,100.0,True,
2026-03-10T05:00:00,91,RR1.00:3-4:552:2065,2026-03-10T03:29:40,4258.0,100.0,-50.5,159.0,136.5,4207.5,4393.45,100.0,True,
2026-03-10T05:00:00,92,RR1.00:3-4:552:2065,2026-03-10T03:29:40,4396.85,100.0,-50.5,159.0,136.5,4346.35,4532.3,100.0,True,
2026-03-10T05:00:00,93,RR1.00:3-4:552:2065,2026-03-10T03:29:40,4288.9,100.0,-50.5,159.0,136.5,4238.4,4424.35,100.0,True,
2026-03-10T05:00:00,94,RR1.00:3-4:552:2065,2026-03-10T03:29:40,4621.3,100.0,-50.5,159.0,136.5,4570.8,4756.75,100.0,True,
2026-03-10T05:00:00,95,RR1.00:3-4:552:2065,2026-03-10T03:29:40,4249.45,100.0,-50.5,159.0,136.5,4198.95,4384.9,100.0,True,
2026-03-10T05:00:00,96,RR1.00:3-4:552:2065,2026-03-10T03:29:40,4313.1,100.0,-50.5,159.0,136.5,4262.6,4448.55,100.0,True,
2026-03-10T05:00:00,97,RR1.00:3-4:552:2065,2026-03-10T03:29:40,4313.1,100.0,-50.5,159.0,136.5,4262.6,4448.55,100.0,True,
2026-03-10T05:00:00,98,RR1.00:3-4:552:2065,2026-03-10T03:29:40,4561.3,100.0,-50.5,159.0,136.5,4510.8,4696.75,100.0,True,
2026-03-10T05:00:00,99,RR1.00:3-4:552:2065,2026-03-10T03:29:40,4421.55,100.0,-50.5,159.0,136.5,4371.05,4557.0,100.0,True,
2026-03-10T05:00:00,100,RR1.00:3-4:552:2065,2026-03-10T03:29:40,4461.35,100.0,-50.5,159.0,136.5,4410.85,4596.8,100.0,True,
2026-03-10T09:00:00,4,RR1.00:7-8:596:2154,2026-03-10T07:38:40,4387.75,100.0,-48.5,113.0,102.0,4339.25,4488.7,100.0,True,
2026-03-10T09:00:00,65,RR1.00:7-8:596:2154,2026-03-10T07:38:40,4797.35,100.0,-48.5,113.0,102.0,4748.85,4898.3,100.0,True,
2026-03-10T09:00:00,66,RR1.00:7-8:596:2154,2026-03-10T07:38:40,4508.35,100.0,-48.5,113.0,102.0,4459.85,4609.3,100.0,True,
2026-03-10T09:00:00,78,RR1.00:7-8:596:2154,2026-03-10T07:38:40,4371.05,100.0,-48.5,113.0,102.0,4322.55,4472.0,100.0,True,
2026-03-10T09:00:00,79,RR1.00:7-8:596:2154,2026-03-10T07:38:40,4601.25,100.0,-48.5,113.0,102.0,4552.75,4702.2,100.0,True,
2026-03-10T09:00:00,80,RR1.00:7-8:596:2154,2026-03-10T07:38:40,4324.1,100.0,-48.5,113.0,102.0,4275.6,4425.05,100.0,True,
2026-03-10T09:00:00,81,RR1.00:7-8:596:2154,2026-03-10T07:38:40,4324.1,100.0,-48.5,113.0,102.0,4275.6,4425.05,100.0,True,
2026-03-10T09:00:00,82,RR1.00:7-8:596:2154,2026-03-10T07:38:40,4324.1,100.0,-48.5,113.0,102.0,4275.6,4425.05,100.0,True,
2026-03-10T09:00:00,83,RR1.00:7-8:596:2154,2026-03-10T07:38:40,4710.9,100.0,-48.5,113.0,102.0,4662.4,4811.85,100.0,True,
2026-03-10T09:00:00,84,RR1.00:7-8:596:2154,2026-03-10T07:38:40,4710.9,100.0,-48.5,113.0,102.0,4662.4,4811.85,100.0,True,
2026-03-10T09:00:00,91,RR1.00:7-8:596:2154,2026-03-10T07:38:40,4393.45,100.0,-48.5,113.0,102.0,4344.95,4494.4,100.0,True,
2026-03-10T09:00:00,92,RR1.00:7-8:596:2154,2026-03-10T07:38:40,4532.3,100.0,-48.5,113.0,102.0,4483.8,4633.25,100.0,True,
2026-03-10T09:00:00,93,RR1.00:7-8:596:2154,2026-03-10T07:38:40,4424.35,100.0,-48.5,113.0,102.0,4375.85,4525.3,100.0,True,
2026-03-10T09:00:00,94,RR1.00:7-8:596:2154,2026-03-10T07:38:40,4756.75,100.0,-48.5,113.0,102.0,4708.25,4857.7,100.0,True,
2026-03-10T09:00:00,95,RR1.00:7-8:596:2154,2026-03-10T07:38:40,4384.9,100.0,-48.5,113.0,102.0,4336.4,4485.85,100.0,True,
2026-03-10T09:00:00,96,RR1.00:7-8:596:2154,2026-03-10T07:38:40,4448.55,100.0,-48.5,113.0,102.0,4400.05,4549.5,100.0,True,
2026-03-10T09:00:00,97,RR1.00:7-8:596:2154,2026-03-10T07:38:40,4448.55,100.0,-48.5,113.0,102.0,4400.05,4549.5,100.0,True,
2026-03-10T09:00:00,98,RR1.00:7-8:596:2154,2026-03-10T07:38:40,4696.75,100.0,-48.5,113.0,102.0,4648.25,4797.7,100.0,True,
2026-03-10T09:00:00,99,RR1.00:7-8:596:2154,2026-03-10T07:38:40,4557.0,100.0,-48.5,113.0,102.0,4508.5,4657.95,100.0,True,
2026-03-10T09:00:00,100,RR1.00:7-8:596:2154,2026-03-10T07:38:40,4596.8,100.0,-48.5,113.0,102.0,4548.3,4697.75,100.0,True,
2026-03-10T10:30:00,4,RR1.00:10-11:586:2123,2026-03-10T10:04:40,4488.7,100.0,-4.0,165.0,152.0,4484.7,4639.65,100.0,True,
2026-03-10T10:30:00,65,RR1.00:10-11:586:2123,2026-03-10T10:04:40,4898.3,100.0,-4.0,165.0,152.0,4894.3,5049.25,100.0,True,
2026-03-10T10:30:00,66,RR1.00:10-11:586:2123,2026-03-10T10:04:40,4609.3,100.0,-4.0,165.0,152.0,4605.3,4760.25,100.0,True,
2026-03-10T10:30:00,78,RR1.00:10-11:586:2123,2026-03-10T10:04:40,4472.0,100.0,-4.0,165.0,152.0,4468.0,4622.95,100.0,True,
2026-03-10T10:30:00,79,RR1.00:10-11:586:2123,2026-03-10T10:04:40,4702.2,100.0,-4.0,165.0,152.0,4698.2,4853.15,100.0,True,
2026-03-10T10:30:00,80,RR1.00:10-11:586:2123,2026-03-10T10:04:40,4425.05,100.0,-4.0,165.0,152.0,4421.05,4576.0,100.0,True,
2026-03-10T10:30:00,81,RR1.00:10-11:586:2123,2026-03-10T10:04:40,4425.05,100.0,-4.0,165.0,152.0,4421.05,4576.0,100.0,True,
2026-03-10T10:30:00,82,RR1.00:10-11:586:2123,2026-03-10T10:04:40,4425.05,100.0,-4.0,165.0,152.0,4421.05,4576.0,100.0,True,
2026-03-10T10:30:00,83,RR1.00:10-11:586:2123,2026-03-10T10:04:40,4811.85,100.0,-4.0,165.0,152.0,4807.85,4962.8,100.0,True,
2026-03-10T10:30:00,84,RR1.00:10-11:586:2123,2026-03-10T10:04:40,4811.85,100.0,-4.0,165.0,152.0,4807.85,4962.8,100.0,True,
2026-03-10T10:30:00,91,RR1.00:10-11:586:2123,2026-03-10T10:04:40,4494.4,100.0,-4.0,165.0,152.0,4490.4,4645.35,100.0,True,
2026-03-10T10:30:00,92,RR1.00:10-11:586:2123,2026-03-10T10:04:40,4633.25,100.0,-4.0,165.0,152.0,4629.25,4784.2,100.0,True,
2026-03-10T10:30:00,93,RR1.00:10-11:586:2123,2026-03-10T10:04:40,4525.3,100.0,-4.0,165.0,152.0,4521.3,4676.25,100.0,True,
2026-03-10T10:30:00,94,RR1.00:10-11:586:2123,2026-03-10T10:04:40,4857.7,100.0,-4.0,165.0,152.0,4853.7,5008.65,100.0,True,
2026-03-10T10:30:00,95,RR1.00:10-11:586:2123,2026-03-10T10:04:40,4485.85,100.0,-4.0,165.0,152.0,4481.85,4636.8,100.0,True,
2026-03-10T10:30:00,96,RR1.00:10-11:586:2123,2026-03-10T10:04:40,4549.5,100.0,-4.0,165.0,152.0,4545.5,4700.45,100.0,True,
2026-03-10T10:30:00,97,RR1.00:10-11:586:2123,2026-03-10T10:04:40,4549.5,100.0,-4.0,165.0,152.0,4545.5,4700.45,100.0,True,
2026-03-10T10:30:00,98,RR1.00:10-11:586:2123,2026-03-10T10:04:40,4797.7,100.0,-4.0,165.0,152.0,4793.7,4948.65,100.0,True,
2026-03-10T10:30:00,99,RR1.00:10-11:586:2123,2026-03-10T10:04:40,4657.95,100.0,-4.0,165.0,152.0,4653.95,4808.9,100.0,True,
2026-03-10T10:30:00,100,RR1.00:10-11:586:2123,2026-03-10T10:04:40,4697.75,100.0,-4.0,165.0,152.0,4693.75,4848.7,100.0,True,
2026-03-10T14:13:20,4,RR1.00:14-15:529:2004,2026-03-10T14:04:40,4639.65,100.0,-144.0,31.5,-144.0,4495.65,4494.6,100.0,True,
2026-03-10T14:13:20,65,RR1.00:14-15:529:2004,2026-03-10T14:04:40,5049.25,100.0,-144.0,31.5,-144.0,4905.25,4904.2,100.0,True,
2026-03-10T14:13:20,66,RR1.00:14-15:529:2004,2026-03-10T14:04:40,4760.25,100.0,-144.0,31.5,-144.0,4616.25,4615.2,100.0,True,
2026-03-10T14:13:20,78,RR1.00:14-15:529:2004,2026-03-10T14:04:40,4622.95,100.0,-144.0,31.5,-144.0,4478.95,4477.9,100.0,True,
2026-03-10T14:13:20,79,RR1.00:14-15:529:2004,2026-03-10T14:04:40,4853.15,100.0,-144.0,31.5,-144.0,4709.15,4708.1,100.0,True,
2026-03-10T14:13:20,80,RR1.00:14-15:529:2004,2026-03-10T14:04:40,4576.0,100.0,-144.0,31.5,-144.0,4432.0,4430.95,100.0,True,
2026-03-10T14:13:20,81,RR1.00:14-15:529:2004,2026-03-10T14:04:40,4576.0,100.0,-144.0,31.5,-144.0,4432.0,4430.95,100.0,True,
2026-03-10T14:13:20,82,RR1.00:14-15:529:2004,2026-03-10T14:04:40,4576.0,100.0,-144.0,31.5,-144.0,4432.0,4430.95,100.0,True,
2026-03-10T14:13:20,83,RR1.00:14-15:529:2004,2026-03-10T14:04:40,4962.8,100.0,-144.0,31.5,-144.0,4818.8,4817.75,100.0,True,
2026-03-10T14:13:20,84,RR1.00:14-15:529:2004,2026-03-10T14:04:40,4962.8,100.0,-144.0,31.5,-144.0,4818.8,4817.75,100.0,True,
2026-03-10T14:13:20,91,RR1.00:14-15:529:2004,2026-03-10T14:04:40,4645.35,100.0,-144.0,31.5,-144.0,4501.35,4500.3,100.0,True,
2026-03-10T14:13:20,92,RR1.00:14-15:529:2004,2026-03-10T14:04:40,4784.2,100.0,-144.0,31.5,-144.0,4640.2,4639.15,100.0,True,
2026-03-10T14:13:20,93,RR1.00:14-15:529:2004,2026-03-10T14:04:40,4676.25,100.0,-144.0,31.5,-144.0,4532.25,4531.2,100.0,True,
2026-03-10T14:13:20,94,RR1.00:14-15:529:2004,2026-03-10T14:04:40,5008.65,100.0,-144.0,31.5,-144.0,4864.65,4863.6,100.0,True,
2026-03-10T14:13:20,95,RR1.00:14-15:529:2004,2026-03-10T14:04:40,4636.8,100.0,-144.0,31.5,-144.0,4492.8,4491.75,100.0,True,
2026-03-10T14:13:20,96,RR1.00:14-15:529:2004,2026-03-10T14:04:40,4700.45,100.0,-144.0,31.5,-144.0,4556.45,4555.4,100.0,True,
2026-03-10T14:13:20,97,RR1.00:14-15:529:2004,2026-03-10T14:04:40,4700.45,100.0,-144.0,31.5,-144.0,4556.45,4555.4,100.0,True,
2026-03-10T14:13:20,98,RR1.00:14-15:529:2004,2026-03-10T14:04:40,4948.65,100.0,-144.0,31.5,-144.0,4804.65,4803.6,100.0,True,
2026-03-10T14:13:20,99,RR1.00:14-15:529:2004,2026-03-10T14:04:40,4808.9,100.0,-144.0,31.5,-144.0,4664.9,4663.85,100.0,True,
2026-03-10T14:13:20,100,RR1.00:14-15:529:2004,2026-03-10T14:04:40,4848.7,100.0,-144.0,31.5,-144.0,4704.7,4703.65,100.0,True,
2026-03-10T17:09:40,4,RR1.00:15-16:680:2228,2026-03-10T15:46:40,4494.6,100.0,-150.5,210.0,-150.5,4344.1,4343.05,100.0,True,
2026-03-10T17:09:40,65,RR1.00:15-16:680:2228,2026-03-10T15:46:40,4904.2,100.0,-150.5,210.0,-150.5,4753.7,4752.65,100.0,True,
2026-03-10T17:09:40,66,RR1.00:15-16:680:2228,2026-03-10T15:46:40,4615.2,100.0,-150.5,210.0,-150.5,4464.7,4463.65,100.0,True,
2026-03-10T17:09:40,78,RR1.00:15-16:680:2228,2026-03-10T15:46:40,4477.9,100.0,-150.5,210.0,-150.5,4327.4,4326.35,100.0,True,
2026-03-10T17:09:40,79,RR1.00:15-16:680:2228,2026-03-10T15:46:40,4708.1,100.0,-150.5,210.0,-150.5,4557.6,4556.55,100.0,True,
2026-03-10T17:09:40,80,RR1.00:15-16:680:2228,2026-03-10T15:46:40,4430.95,100.0,-150.5,210.0,-150.5,4280.45,4279.4,100.0,True,
2026-03-10T17:09:40,81,RR1.00:15-16:680:2228,2026-03-10T15:46:40,4430.95,100.0,-150.5,210.0,-150.5,4280.45,4279.4,100.0,True,
2026-03-10T17:09:40,82,RR1.00:15-16:680:2228,2026-03-10T15:46:40,4430.95,100.0,-150.5,210.0,-150.5,4280.45,4279.4,100.0,True,
2026-03-10T17:09:40,83,RR1.00:15-16:680:2228,2026-03-10T15:46:40,4817.75,100.0,-150.5,210.0,-150.5,4667.25,4666.2,100.0,True,
2026-03-10T17:09:40,84,RR1.00:15-16:680:2228,2026-03-10T15:46:40,4817.75,100.0,-150.5,210.0,-150.5,4667.25,4666.2,100.0,True,
2026-03-10T17:09:40,91,RR1.00:15-16:680:2228,2026-03-10T15:46:40,4500.3,100.0,-150.5,210.0,-150.5,4349.8,4348.75,100.0,True,
2026-03-10T17:09:40,92,RR1.00:15-16:680:2228,2026-03-10T15:46:40,4639.15,100.0,-150.5,210.0,-150.5,4488.65,4487.6,100.0,True,
2026-03-10T17:09:40,93,RR1.00:15-16:680:2228,2026-03-10T15:46:40,4531.2,100.0,-150.5,210.0,-150.5,4380.7,4379.65,100.0,True,
2026-03-10T17:09:40,94,RR1.00:15-16:680:2228,2026-03-10T15:46:40,4863.6,100.0,-150.5,210.0,-150.5,4713.1,4712.05,100.0,True,
2026-03-10T17:09:40,95,RR1.00:15-16:680:2228,2026-03-10T15:46:40,4491.75,100.0,-150.5,210.0,-150.5,4341.25,4340.2,100.0,True,
2026-03-10T17:09:40,96,RR1.00:15-16:680:2228,2026-03-10T15:46:40,4555.4,100.0,-150.5,210.0,-150.5,4404.9,4403.85,100.0,True,
2026-03-10T17:09:40,97,RR1.00:15-16:680:2228,2026-03-10T15:46:40,4555.4,100.0,-150.5,210.0,-150.5,4404.9,4403.85,100.0,True,
2026-03-10T17:09:40,98,RR1.00:15-16:680:2228,2026-03-10T15:46:40,4803.6,100.0,-150.5,210.0,-150.5,4653.1,4652.05,100.0,True,
2026-03-10T17:09:40,99,RR1.00:15-16:680:2228,2026-03-10T15:46:40,4663.85,100.0,-150.5,210.0,-150.5,4513.35,4512.3,100.0,True,
2026-03-10T17:09:40,100,RR1.00:15-16:680:2228,2026-03-10T15:46:40,4703.65,100.0,-150.5,210.0,-150.5,4553.15,4552.1,100.0,True,
2026-03-10T21:14:40,4,RR1.00:19-20:480:1953,2026-03-10T19:36:40,4343.05,100.0,-163.0,112.5,-163.0,4180.05,4343.05,100.0,True,
2026-03-10T21:14:40,65,RR1.00:19-20:480:1953,2026-03-10T19:36:40,4752.65,100.0,-163.0,112.5,-163.0,4589.65,4752.65,100.0,True,
2026-03-10T21:14:40,66,RR1.00:19-20:480:1953,2026-03-10T19:36:40,4463.65,100.0,-163.0,112.5,-163.0,4300.65,4463.65,100.0,True,
2026-03-10T21:14:40,78,RR1.00:19-20:480:1953,2026-03-10T19:36:40,4326.35,100.0,-163.0,112.5,-163.0,4163.35,4326.35,100.0,True,
2026-03-10T21:14:40,79,RR1.00:19-20:480:1953,2026-03-10T19:36:40,4556.55,100.0,-163.0,112.5,-163.0,4393.55,4556.55,100.0,True,
2026-03-10T21:14:40,80,RR1.00:19-20:480:1953,2026-03-10T19:36:40,4279.4,100.0,-163.0,112.5,-163.0,4116.4,4279.4,100.0,True,
2026-03-10T21:14:40,81,RR1.00:19-20:480:1953,2026-03-10T19:36:40,4279.4,100.0,-163.0,112.5,-163.0,4116.4,4279.4,100.0,True,
2026-03-10T21:14:40,82,RR1.00:19-20:480:1953,2026-03-10T19:36:40,4279.4,100.0,-163.0,112.5,-163.0,4116.4,4279.4,100.0,True,
2026-03-10T21:14:40,83,RR1.00:19-20:480:1953,2026-03-10T19:36:40,4666.2,100.0,-163.0,112.5,-163.0,4503.2,4666.2,100.0,True,
2026-03-10T21:14:40,84,RR1.00:19-20:480:1953,2026-03-10T19:36:40,4666.2,100.0,-163.0,112.5,-163.0,4503.2,4666.2,100.0,True,
2026-03-10T21:14:40,91,RR1.00:19-20:480:1953,2026-03-10T19:36:40,4348.75,100.0,-163.0,112.5,-163.0,4185.75,4348.75,100.0,True,
2026-03-10T21:14:40,92,RR1.00:19-20:480:1953,2026-03-10T19:36:40,4487.6,100.0,-163.0,112.5,-163.0,4324.6,4487.6,100.0,True,
2026-03-10T21:14:40,93,RR1.00:19-20:480:1953,2026-03-10T19:36:40,4379.65,100.0,-163.0,112.5,-163.0,4216.65,4379.65,100.0,True,
2026-03-10T21:14:40,94,RR1.00:19-20:480:1953,2026-03-10T19:36:40,4712.05,100.0,-163.0,112.5,-163.0,4549.05,4712.05,100.0,True,
2026-03-10T21:14:40,95,RR1.00:19-20:480:1953,2026-03-10T19:36:40,4340.2,100.0,-163.0,112.5,-163.0,4177.2,4340.2,100.0,True,
2026-03-10T21:14:40,96,RR1.00:19-20:480:1953,2026-03-10T19:36:40,4403.85,100.0,-163.0,112.5,-163.0,4240.85,4403.85,100.0,True,
2026-03-10T21:14:40,97,RR1.00:19-20:480:1953,2026-03-10T19:36:40,4403.85,100.0,-163.0,112.5,-163.0,4240.85,4403.85,100.0,True,
2026-03-10T21:14:40,98,RR1.00:19-20:480:1953,2026-03-10T19:36:40,4652.05,100.0,-163.0,112.5,-163.0,4489.05,4652.05,100.0,True,
2026-03-10T21:14:40,99,RR1.00:19-20:480:1953,2026-03-10T19:36:40,4512.3,100.0,-163.0,112.5,-163.0,4349.3,4512.3,100.0,True,
2026-03-10T21:14:40,100,RR1.00:19-20:480:1953,2026-03-10T19:36:40,4552.1,100.0,-163.0,112.5,-163.0,4389.1,4552.1,100.0,True,
2026-03-10T22:50:40,4,RR1.00:17-18:369:1873,2026-03-10T17:39:40,4343.05,100.0,-271.0,273.5,-271.0,4072.05,4071.0,100.0,True,
2026-03-10T22:50:40,65,RR1.00:17-18:369:1873,2026-03-10T17:39:40,4752.65,100.0,-271.0,273.5,-271.0,4481.65,4480.6,100.0,True,
2026-03-10T22:50:40,66,RR1.00:17-18:369:1873,2026-03-10T17:39:40,4463.65,100.0,-271.0,273.5,-271.0,4192.65,4191.6,100.0,True,
2026-03-10T22:50:40,78,RR1.00:17-18:369:1873,2026-03-10T17:39:40,4326.35,100.0,-271.0,273.5,-271.0,4055.35,4054.3,100.0,True,
2026-03-10T22:50:40,79,RR1.00:17-18:369:1873,2026-03-10T17:39:40,4556.55,100.0,-271.0,273.5,-271.0,4285.55,4284.5,100.0,True,
2026-03-10T22:50:40,80,RR1.00:17-18:369:1873,2026-03-10T17:39:40,4279.4,100.0,-271.0,273.5,-271.0,4008.4,4007.35,100.0,True,
2026-03-10T22:50:40,81,RR1.00:17-18:369:1873,2026-03-10T17:39:40,4279.4,100.0,-271.0,273.5,-271.0,4008.4,4007.35,100.0,True,
2026-03-10T22:50:40,82,RR1.00:17-18:369:1873,2026-03-10T17:39:40,4279.4,100.0,-271.0,273.5,-271.0,4008.4,4007.35,100.0,True,
2026-03-10T22:50:40,83,RR1.00:17-18:369:1873,2026-03-10T17:39:40,4666.2,100.0,-271.0,273.5,-271.0,4395.2,4394.15,100.0,True,
2026-03-10T22:50:40,84,RR1.00:17-18:369:1873,2026-03-10T17:39:40,4666.2,100.0,-271.0,273.5,-271.0,4395.2,4394.15,100.0,True,
2026-03-10T22:50:40,91,RR1.00:17-18:369:1873,2026-03-10T17:39:40,4348.75,100.0,-271.0,273.5,-271.0,4077.75,4076.7,100.0,True,
2026-03-10T22:50:40,92,RR1.00:17-18:369:1873,2026-03-10T17:39:40,4487.6,100.0,-271.0,273.5,-271.0,4216.6,4215.55,100.0,True,
2026-03-10T22:50:40,93,RR1.00:17-18:369:1873,2026-03-10T17:39:40,4379.65,100.0,-271.0,273.5,-271.0,4108.65,4107.6,100.0,True,
2026-03-10T22:50:40,94,RR1.00:17-18:369:1873,2026-03-10T17:39:40,4712.05,100.0,-271.0,273.5,-271.0,4441.05,4440.0,100.0,True,
2026-03-10T22:50:40,95,RR1.00:17-18:369:1873,2026-03-10T17:39:40,4340.2,100.0,-271.0,273.5,-271.0,4069.2,4068.15,100.0,True,
2026-03-10T22:50:40,96,RR1.00:17-18:369:1873,2026-03-10T17:39:40,4403.85,100.0,-271.0,273.5,-271.0,4132.85,4131.8,100.0,True,
2026-03-10T22:50:40,97,RR1.00:17-18:369:1873,2026-03-10T17:39:40,4403.85,100.0,-271.0,273.5,-271.0,4132.85,4131.8,100.0,True,
2026-03-10T22:50:40,98,RR1.00:17-18:369:1873,2026-03-10T17:39:40,4652.05,100.0,-271.0,273.5,-271.0,4381.05,4380.0,100.0,True,
2026-03-10T22:50:40,99,RR1.00:17-18:369:1873,2026-03-10T17:39:40,4512.3,100.0,-271.0,273.5,-271.0,4241.3,4240.25,100.0,True,
2026-03-10T22:50:40,100,RR1.00:17-18:369:1873,2026-03-10T17:39:40,4552.1,100.0,-271.0,273.5,-271.0,4281.1,4280.05,100.0,True,
2026-03-10T23:30:00,4,RR1.00:23-24:110:836,2026-03-10T23:14:40,4071.0,100.0,-41.5,11.0,-17.5,4029.5,4052.45,100.0,True,
2026-03-10T23:30:00,65,RR1.00:23-24:110:836,2026-03-10T23:14:40,4480.6,100.0,-41.5,11.0,-17.5,4439.1,4462.05,100.0,True,
2026-03-10T23:30:00,66,RR1.00:23-24:110:836,2026-03-10T23:14:40,4191.6,100.0,-41.5,11.0,-17.5,4150.1,4173.05,100.0,True,
2026-03-10T23:30:00,78,RR1.00:23-24:110:836,2026-03-10T23:14:40,4054.3,100.0,-41.5,11.0,-17.5,4012.8,4035.75,100.0,True,
2026-03-10T23:30:00,79,RR1.00:23-24:110:836,2026-03-10T23:14:40,4284.5,100.0,-41.5,11.0,-17.5,4243.0,4265.95,100.0,True,
2026-03-10T23:30:00,80,RR1.00:23-24:110:836,2026-03-10T23:14:40,4007.35,100.0,-41.5,11.0,-17.5,3965.85,3988.8,100.0,True,
2026-03-10T23:30:00,81,RR1.00:23-24:110:836,2026-03-10T23:14:40,4007.35,100.0,-41.5,11.0,-17.5,3965.85,3988.8,100.0,True,
2026-03-10T23:30:00,82,RR1.00:23-24:110:836,2026-03-10T23:14:40,4007.35,100.0,-41.5,11.0,-17.5,3965.85,3988.8,100.0,True,
2026-03-10T23:30:00,83,RR1.00:23-24:110:836,2026-03-10T23:14:40,4394.15,100.0,-41.5,11.0,-17.5,4352.65,4375.6,100.0,True,
2026-03-10T23:30:00,84,RR1.00:23-24:110:836,2026-03-10T23:14:40,4394.15,100.0,-41.5,11.0,-17.5,4352.65,4375.6,100.0,True,
2026-03-10T23:30:00,91,RR1.00:23-24:110:836,2026-03-10T23:14:40,4076.7,100.0,-41.5,11.0,-17.5,4035.2,4058.15,100.0,True,
2026-03-10T23:30:00,92,RR1.00:23-24:110:836,2026-03-10T23:14:40,4215.55,100.0,-41.5,11.0,-17.5,4174.05,4197.0,100.0,True,
2026-03-10T23:30:00,93,RR1.00:23-24:110:836,2026-03-10T23:14:40,4107.6,100.0,-41.5,11.0,-17.5,4066.1,4089.05,100.0,True,
2026-03-10T23:30:00,94,RR1.00:23-24:110:836,2026-03-10T23:14:40,4440.0,100.0,-41.5,11.0,-17.5,4398.5,4421.45,100.0,True,
2026-03-10T23:30:00,95,RR1.00:23-24:110:836,2026-03-10T23:14:40,4068.15,100.0,-41.5,11.0,-17.5,4026.65,4049.6,100.0,True,
2026-03-10T23:30:00,96,RR1.00:23-24:110:836,2026-03-10T23:14:40,4131.8,100.0,-41.5,11.0,-17.5,4090.3,4113.25,100.0,True,
2026-03-10T23:30:00,97,RR1.00:23-24:110:836,2026-03-10T23:14:40,4131.8,100.0,-41.5,11.0,-17.5,4090.3,4113.25,100.0,True,
2026-03-10T23:30:00,98,RR1.00:23-24:110:836,2026-03-10T23:14:40,4380.0,100.0,-41.5,11.0,-17.5,4338.5,4361.45,100.0,True,
2026-03-10T23:30:00,99,RR1.00:23-24:110:836,2026-03-10T23:14:40,4240.25,100.0,-41.5,11.0,-17.5,4198.75,4221.7,100.0,True,
2026-03-10T23:30:00,100,RR1.00:23-24:110:836,2026-03-10T23:14:40,4280.05,100.0,-41.5,11.0,-17.5,4238.55,4261.5,100.0,True,
2026-03-11T03:00:00,4,RR1.00:2-3:557:2100,2026-03-11T02:10:40,4052.45,100.0,-11.5,95.5,77.5,4040.95,4128.9,100.0,True,
2026-03-11T03:00:00,65,RR1.00:2-3:557:2100,2026-03-11T02:10:40,4462.05,100.0,-11.5,95.5,77.5,4450.55,4538.5,100.0,True,
2026-03-11T03:00:00,66,RR1.00:2-3:557:2100,2026-03-11T02:10:40,4173.05,100.0,-11.5,95.5,77.5,4161.55,4249.5,100.0,True,
2026-03-11T03:00:00,78,RR1.00:2-3:557:2100,2026-03-11T02:10:40,4035.75,100.0,-11.5,95.5,77.5,4024.25,4112.2,100.0,True,
2026-03-11T03:00:00,79,RR1.00:2-3:557:2100,2026-03-11T02:10:40,4265.95,100.0,-11.5,95.5,77.5,4254.45,4342.4,100.0,True,
2026-03-11T03:00:00,80,RR1.00:2-3:557:2100,2026-03-11T02:10:40,3988.8,100.0,-11.5,95.5,77.5,3977.3,4065.25,100.0,True,
2026-03-11T03:00:00,81,RR1.00:2-3:557:2100,2026-03-11T02:10:40,3988.8,100.0,-11.5,95.5,77.5,3977.3,4065.25,100.0,True,
2026-03-11T03:00:00,82,RR1.00:2-3:557:2100,2026-03-11T02:10:40,3988.8,100.0,-11.5,95.5,77.5,3977.3,4065.25,100.0,True,
2026-03-11T03:00:00,83,RR1.00:2-3:557:2100,2026-03-11T02:10:40,4375.6,100.0,-11.5,95.5,77.5,4364.1,4452.05,100.0,True,
2026-03-11T03:00:00,84,RR1.00:2-3:557:2100,2026-03-11T02:10:40,4375.6,100.0,-11.5,95.5,77.5,4364.1,4452.05,100.0,True,
2026-03-11T03:00:00,91,RR1.00:2-3:557:2100,2026-03-11T02:10:40,4058.15,100.0,-11.5,95.5,77.5,4046.65,4134.6,100.0,True,
2026-03-11T03:00:00,92,RR1.00:2-3:557:2100,2026-03-11T02:10:40,4197.0,100.0,-11.5,95.5,77.5,4185.5,4273.45,100.0,True,
2026-03-11T03:00:00,93,RR1.00:2-3:557:2100,2026-03-11T02:10:40,4089.05,100.0,-11.5,95.5,77.5,4077.55,4165.5,100.0,True,
2026-03-11T03:00:00,94,RR1.00:2-3:557:2100,2026-03-11T02:10:40,4421.45,100.0,-11.5,95.5,77.5,4409.95,4497.9,100.0,True,
2026-03-11T03:00:00,95,RR1.00:2-3:557:2100,2026-03-11T02:10:40,4049.6,100.0,-11.5,95.5,77.5,4038.1,4126.05,100.0,True,
2026-03-11T03:00:00,96,RR1.00:2-3:557:2100,2026-03-11T02:10:40,4113.25,100.0,-11.5,95.5,77.5,4101.75,4189.7,100.0,True,
2026-03-11T03:00:00,97,RR1.00:2-3:557:2100,2026-03-11T02:10:40,4113.25,100.0,-11.5,95.5,77.5,4101.75,4189.7,100.0,True,
2026-03-11T03:00:00,98,RR1.00:2-3:557:2100,2026-03-11T02:10:40,4361.45,100.0,-11.5,95.5,77.5,4349.95,4437.9,100.0,True,
2026-03-11T03:00:00,99,RR1.00:2-3:557:2100,2026-03-11T02:10:40,4221.7,100.0,-11.5,95.5,77.5,4210.2,4298.15,100.0,True,
2026-03-11T03:00:00,100,RR1.00:2-3:557:2100,2026-03-11T02:10:40,4261.5,100.0,-11.5,95.5,77.5,4250.0,4337.95,100.0,True,
2026-03-11T07:00:00,4,RR1.00:4-5:528:2054,2026-03-11T04:14:40,4128.9,100.0,-12.0,93.5,84.5,4116.9,4212.35,100.0,True,
2026-03-11T07:00:00,65,RR1.00:4-5:528:2054,2026-03-11T04:14:40,4538.5,100.0,-12.0,93.5,84.5,4526.5,4621.95,100.0,True,
2026-03-11T07:00:00,66,RR1.00:4-5:528:2054,2026-03-11T04:14:40,4249.5,100.0,-12.0,93.5,84.5,4237.5,4332.95,100.0,True,
2026-03-11T07:00:00,78,RR1.00:4-5:528:2054,2026-03-11T04:14:40,4112.2,100.0,-12.0,93.5,84.5,4100.2,4195.65,100.0,True,
2026-03-11T07:00:00,79,RR1.00:4-5:528:2054,2026-03-11T04:14:40,4342.4,100.0,-12.0,93.5,84.5,4330.4,4425.85,100.0,True,
2026-03-11T07:00:00,80,RR1.00:4-5:528:2054,2026-03-11T04:14:40,4065.25,100.0,-12.0,93.5,84.5,4053.25,4148.7,100.0,True,
2026-03-11T07:00:00,81,RR1.00:4-5:528:2054,2026-03-11T04:14:40,4065.25,100.0,-12.0,93.5,84.5,4053.25,4148.7,100.0,True,
2026-03-11T07:00:00,82,RR1.00:4-5:528:2054,2026-03-11T04:14:40,4065.25,100.0,-12.0,93.5,84.5,4053.25,4148.7,100.0,True,
2026-03-11T07:00:00,83,RR1.00:4-5:528:2054,2026-03-11T04:14:40,4452.05,100.0,-12.0,93.5,84.5,4440.05,4535.5,100.0,True,
2026-03-11T07:00:00,84,RR1.00:4-5:528:2054,2026-03-11T04:14:40,4452.05,100.0,-12.0,93.5,84.5,4440.05,4535.5,100.0,True,
2026-03-11T07:00:00,91,RR1.00:4-5:528:2054,2026-03-11T04:14:40,4134.6,100.0,-12.0,93.5,84.5,4122.6,4218.05,100.0,True,
2026-03-11T07:00:00,92,RR1.00:4-5:528:2054,2026-03-11T04:14:40,4273.45,100.0,-12.0,93.5,84.5,4261.45,4356.9,100.0,True,
2026-03-11T07:00:00,93,RR1.00:4-5:528:2054,2026-03-11T04:14:40,4165.5,100.0,-12.0,93.5,84.5,4153.5,4248.95,100.0,True,
2026-03-11T07:00:00,94,RR1.00:4-5:528:2054,2026-03-11T04:14:40,4497.9,100.0,-12.0,93.5,84.5,4485.9,4581.35,100.0,True,
2026-03-11T07:00:00,95,RR1.00:4-5:528:2054,2026-03-11T04:14:40,4126.05,100.0,-12.0,93.5,84.5,4114.05,4209.5,100.0,True,
2026-03-11T07:00:00,96,RR1.00:4-5:528:2054,2026-03-11T04:14:40,4189.7,100.0,-12.0,93.5,84.5,4177.7,4273.15,100.0,True,
2026-03-11T07:00:00,97,RR1.00:4-5:528:2054,2026-03-11T04:14:40,4189.7,100.0,-12.0,93.5,84.5,4177.7,4273.15,100.0,True,
2026-03-11T07:00:00,98,RR1.00:4-5:528:2054,2026-03-11T04:14:40,4437.9,100.0,-12.0,93.5,84.5,4425.9,4521.35,100.0,True,
2026-03-11T07:00:00,99,RR1.00:4-5:528:2054,2026-03-11T04:14:40,4298.15,100.0,-12.0,93.5,84.5,4286.15,4381.6,100.0,True,
2026-03-11T07:00:00,100,RR1.00:4-5:528:2054,2026-03-11T04:14:40,4337.95,100.0,-12.0,93.5,84.5,4325.95,4421.4,100.0,True,
2026-03-11T07:00:00,4,RR1.00:6-7:533:2043,2026-03-11T06:32:40,4212.35,100.0,1.5,47.0,38.0,4212.35,4212.35,100.0,True,
2026-03-11T07:00:00,65,RR1.00:6-7:533:2043,2026-03-11T06:32:40,4621.95,100.0,1.5,47.0,38.0,4621.95,4621.95,100.0,True,
2026-03-11T07:00:00,66,RR1.00:6-7:533:2043,2026-03-11T06:32:40,4332.95,100.0,1.5,47.0,38.0,4332.95,4332.95,100.0,True,
2026-03-11T07:00:00,78,RR1.00:6-7:533:2043,2026-03-11T06:32:40,4195.65,100.0,1.5,47.0,38.0,4195.65,4195.65,100.0,True,
2026-03-11T07:00:00,79,RR1.00:6-7:533:2043,2026-03-11T06:32:40,4425.85,100.0,1.5,47.0,38.0,4425.85,4425.85,100.0,True,
2026-03-11T07:00:00,80,RR1.00:6-7:533:2043,2026-03-11T06:32:40,4148.7,100.0,1.5,47.0,38.0,4148.7,4148.7,100.0,True,
2026-03-11T07:00:00,81,RR1.00:6-7:533:2043,2026-03-11T06:32:40,4148.7,100.0,1.5,47.0,38.0,4148.7,4148.7,100.0,True,
2026-03-11T07:00:00,82,RR1.00:6-7:533:2043,2026-03-11T06:32:40,4148.7,100.0,1.5,47.0,38.0,4148.7,4148.7,100.0,True,
2026-03-11T07:00:00,83,RR1.00:6-7:533:2043,2026-03-11T06:32:40,4535.5,100.0,1.5,47.0,38.0,4535.5,4535.5,100.0,True,
2026-03-11T07:00:00,84,RR1.00:6-7:533:2043,2026-03-11T06:32:40,4535.5,100.0,1.5,47.0,38.0,4535.5,4535.5,100.0,True,
2026-03-11T07:00:00,91,RR1.00:6-7:533:2043,2026-03-11T06:32:40,4218.05,100.0,1.5,47.0,38.0,4218.05,4218.05,100.0,True,
2026-03-11T07:00:00,92,RR1.00:6-7:533:2043,2026-03-11T06:32:40,4356.9,100.0,1.5,47.0,38.0,4356.9,4356.9,100.0,True,
2026-03-11T07:00:00,93,RR1.00:6-7:533:2043,2026-03-11T06:32:40,4248.95,100.0,1.5,47.0,38.0,4248.95,4248.95,100.0,True,
2026-03-11T07:00:00,94,RR1.00:6-7:533:2043,2026-03-11T06:32:40,4581.35,100.0,1.5,47.0,38.0,4581.35,4581.35,100.0,True,
2026-03-11T07:00:00,95,RR1.00:6-7:533:2043,2026-03-11T06:32:40,4209.5,100.0,1.5,47.0,38.0,4209.5,4209.5,100.0,True,
2026-03-11T07:00:00,96,RR1.00:6-7:533:2043,2026-03-11T06:32:40,4273.15,100.0,1.5,47.0,38.0,4273.15,4273.15,100.0,True,
2026-03-11T07:00:00,97,RR1.00:6-7:533:2043,2026-03-11T06:32:40,4273.15,100.0,1.5,47.0,38.0,4273.15,4273.15,100.0,True,
2026-03-11T07:00:00,98,RR1.00:6-7:533:2043,2026-03-11T06:32:40,4521.35,100.0,1.5,47.0,38.0,4521.35,4521.35,100.0,True,
2026-03-11T07:00:00,99,RR1.00:6-7:533:2043,2026-03-11T06:32:40,4381.6,100.0,1.5,47.0,38.0,4381.6,4381.6,100.0,True,
2026-03-11T07:00:00,100,RR1.00:6-7:533:2043,2026-03-11T06:32:40,4421.4,100.0,1.5,47.0,38.0,4421.4,4421.4,100.0,True,
2026-03-11T10:24:40,4,RR1.00:9-10:555:2052,2026-03-11T09:33:40,4212.35,100.0,-67.5,23.0,-67.5,4144.85,4143.8,100.0,True,
2026-03-11T10:24:40,65,RR1.00:9-10:555:2052,2026-03-11T09:33:40,4621.95,100.0,-67.5,23.0,-67.5,4554.45,4553.4,100.0,True,
2026-03-11T10:24:40,66,RR1.00:9-10:555:2052,2026-03-11T09:33:40,4332.95,100.0,-67.5,23.0,-67.5,4265.45,4264.4,100.0,True,
2026-03-11T10:24:40,78,RR1.00:9-10:555:2052,2026-03-11T09:33:40,4195.65,100.0,-67.5,23.0,-67.5,4128.15,4127.1,100.0,True,
2026-03-11T10:24:40,79,RR1.00:9-10:555:2052,2026-03-11T09:33:40,4425.85,100.0,-67.5,23.0,-67.5,4358.35,4357.3,100.0,True,
2026-03-11T10:24:40,80,RR1.00:9-10:555:2052,2026-03-11T09:33:40,4148.7,100.0,-67.5,23.0,-67.5,4081.2,4080.15,100.0,True,
2026-03-11T10:24:40,81,RR1.00:9-10:555:2052,2026-03-11T09:33:40,4148.7,100.0,-67.5,23.0,-67.5,4081.2,4080.15,100.0,True,
2026-03-11T10:24:40,82,RR1.00:9-10:555:2052,2026-03-11T09:33:40,4148.7,100.0,-67.5,23.0,-67.5,4081.2,4080.15,100.0,True,
2026-03-11T10:24:40,83,RR1.00:9-10:555:2052,2026-03-11T09:33:40,4535.5,100.0,-67.5,23.0,-67.5,4468.0,4466.95,100.0,True,
2026-03-11T10:24:40,84,RR1.00:9-10:555:2052,2026-03-11T09:33:40,4535.5,100.0,-67.5,23.0,-67.5,4468.0,4466.95,100.0,True,
2026-03-11T10:24:40,91,RR1.00:9-10:555:2052,2026-03-11T09:33:40,4218.05,100.0,-67.5,23.0,-67.5,4150.55,4149.5,100.0,True,
2026-03-11T10:24:40,92,RR1.00:9-10:555:2052,2026-03-11T09:33:40,4356.9,100.0,-67.5,23.0,-67.5,4289.4,4288.35,100.0,True,
2026-03-11T10:24:40,93,RR1.00:9-10:555:2052,2026-03-11T09:33:40,4248.95,100.0,-67.5,23.0,-67.5,4181.45,4180.4,100.0,True,
2026-03-11T10:24:40,94,RR1.00:9-10:555:2052,2026-03-11T09:33:40,4581.35,100.0,-67.5,23.0,-67.5,4513.85,4512.8,100.0,True,
2026-03-11T10:24:40,95,RR1.00:9-10:555:2052,2026-03-11T09:33:40,4209.5,100.0,-67.5,23.0,-67.5,4142.0,4140.95,100.0,True,
2026-03-11T10:24:40,96,RR1.00:9-10:555:2052,2026-03-11T09:33:40,4273.15,100.0,-67.5,23.0,-67.5,4205.65,4204.6,100.0,True,
2026-03-11T10:24:40,97,RR1.00:9-10:555:2052,2026-03-11T09:33:40,4273.15,100.0,-67.5,23.0,-67.5,4205.65,4204.6,100.0,True,
2026-03-11T10:24:40,98,RR1.00:9-10:555:2052,2026-03-11T09:33:40,4521.35,100.0,-67.5,23.0,-67.5,4453.85,4452.8,100.0,True,
2026-03-11T10:24:40,99,RR1.00:9-10:555:2052,2026-03-11T09:33:40,4381.6,100.0,-67.5,23.0,-67.5,4314.1,4313.05,100.0,True,
2026-03-11T10:24:40,100,RR1.00:9-10:555:2052,2026-03-11T09:33:40,4421.4,100.0,-67.5,23.0,-67.5,4353.9,4352.85,100.0,True,
2026-03-11T14:00:00,4,RR1.00:13-14:569:2105,2026-03-11T13:08:40,4143.8,100.0,-6.0,153.5,139.0,4137.8,4281.75,100.0,True,
2026-03-11T14:00:00,65,RR1.00:13-14:569:2105,2026-03-11T13:08:40,4553.4,100.0,-6.0,153.5,139.0,4547.4,4691.35,100.0,True,
2026-03-11T14:00:00,66,RR1.00:13-14:569:2105,2026-03-11T13:08:40,4264.4,100.0,-6.0,153.5,139.0,4258.4,4402.35,100.0,True,
2026-03-11T14:00:00,78,RR1.00:13-14:569:2105,2026-03-11T13:08:40,4127.1,100.0,-6.0,153.5,139.0,4121.1,4265.05,100.0,True,
2026-03-11T14:00:00,79,RR1.00:13-14:569:2105,2026-03-11T13:08:40,4357.3,100.0,-6.0,153.5,139.0,4351.3,4495.25,100.0,True,
2026-03-11T14:00:00,80,RR1.00:13-14:569:2105,2026-03-11T13:08:40,4080.15,100.0,-6.0,153.5,139.0,4074.15,4218.1,100.0,True,
2026-03-11T14:00:00,81,RR1.00:13-14:569:2105,2026-03-11T13:08:40,4080.15,100.0,-6.0,153.5,139.0,4074.15,4218.1,100.0,True,
2026-03-11T14:00:00,82,RR1.00:13-14:569:2105,2026-03-11T13:08:40,4080.15,100.0,-6.0,153.5,139.0,4074.15,4218.1,100.0,True,
2026-03-11T14:00:00,83,RR1.00:13-14:569:2105,2026-03-11T13:08:40,4466.95,100.0,-6.0,153.5,139.0,4460.95,4604.9,100.0,True,
2026-03-11T14:00:00,84,RR1.00:13-14:569:2105,2026-03-11T13:08:40,4466.95,100.0,-6.0,153.5,139.0,4460.95,4604.9,100.0,True,
2026-03-11T14:00:00,91,RR1.00:13-14:569:2105,2026-03-11T13:08:40,4149.5,100.0,-6.0,153.5,139.0,4143.5,4287.45,100.0,True,
2026-03-11T14:00:00,92,RR1.00:13-14:569:2105,2026-03-11T13:08:40,4288.35,100.0,-6.0,153.5,139.0,4282.35,4426.3,100.0,True,
2026-03-11T14:00:00,93,RR1.00:13-14:569:2105,2026-03-11T13:08:40,4180.4,100.0,-6.0,153.5,139.0,4174.4,4318.35,100.0,True,
2026-03-11T14:00:00,94,RR1.00:13-14:569:2105,2026-03-11T13:08:40,4512.8,100.0,-6.0,153.5,139.0,4506.8,4650.75,100.0,True,
2026-03-11T14:00:00,95,RR1.00:13-14:569:2105,2026-03-11T13:08:40,4140.95,100.0,-6.0,153.5,139.0,4134.95,4278.9,100.0,True,
2026-03-11T14:00:00,96,RR1.00:13-14:569:2105,2026-03-11T13:08:40,4204.6,100.0,-6.0,153.5,139.0,4198.6,4342.55,100.0,True,
2026-03-11T14:00:00,97,RR1.00:13-14:569:2105,2026-03-11T13:08:40,4204.6,100.0,-6.0,153.5,139.0,4198.6,4342.55,100.0,True,
2026-03-11T14:00:00,98,RR1.00:13-14:569:2105,2026-03-11T13:08:40,4452.8,100.0,-6.0,153.5,139.0,4446.8,4590.75,100.0,True,
2026-03-11T14:00:00,99,RR1.00:13-14:569:2105,2026-03-11T13:08:40,4313.05,100.0,-6.0,153.5,139.0,4307.05,4451.0,100.0,True,
2026-03-11T14:00:00,100,RR1.00:13-14:569:2105,2026-03-11T13:08:40,4352.85,100.0,-6.0,153.5,139.0,4346.85,4490.8,100.0,True,
2026-03-11T15:42:40,4,RR1.00:15-16:681:2230,2026-03-11T15:29:20,4281.75,100.0,-139.5,115.5,-139.5,4142.25,4141.2,100.0,True,
2026-03-11T15:42:40,65,RR1.00:15-16:681:2230,2026-03-11T15:29:20,4691.35,100.0,-139.5,115.5,-139.5,4551.85,4550.8,100.0,True,
2026-03-11T15:42:40,66,RR1.00:15-16:681:2230,2026-03-11T15:29:20,4402.35,100.0,-139.5,115.5,-139.5,4262.85,4261.8,100.0,True,
2026-03-11T15:42:40,78,RR1.00:15-16:681:2230,2026-03-11T15:29:20,4265.05,100.0,-139.5,115.5,-139.5,4125.55,4124.5,100.0,True,
2026-03-11T15:42:40,79,RR1.00:15-16:681:2230,2026-03-11T15:29:20,4495.25,100.0,-139.5,115.5,-139.5,4355.75,4354.7,100.0,True,
2026-03-11T15:42:40,80,RR1.00:15-16:681:2230,2026-03-11T15:29:20,4218.1,100.0,-139.5,115.5,-139.5,4078.6,4077.55,100.0,True,
2026-03-11T15:42:40,81,RR1.00:15-16:681:2230,2026-03-11T15:29:20,4218.1,100.0,-139.5,115.5,-139.5,4078.6,4077.55,100.0,True,
2026-03-11T15:42:40,82,RR1.00:15-16:681:2230,2026-03-11T15:29:20,4218.1,100.0,-139.5,115.5,-139.5,4078.6,4077.55,100.0,True,
2026-03-11T15:42:40,83,RR1.00:15-16:681:2230,2026-03-11T15:29:20,4604.9,100.0,-139.5,115.5,-139.5,4465.4,4464.35,100.0,True,
2026-03-11T15:42:40,84,RR1.00:15-16:681:2230,2026-03-11T15:29:20,4604.9,100.0,-139.5,115.5,-139.5,4465.4,4464.35,100.0,True,
2026-03-11T15:42:40,91,RR1.00:15-16:681:2230,2026-03-11T15:29:20,4287.45,100.0,-139.5,115.5,-139.5,4147.95,4146.9,100.0,True,
2026-03-11T15:42:40,92,RR1.00:15-16:681:2230,2026-03-11T15:29:20,4426.3,100.0,-139.5,115.5,-139.5,4286.8,4285.75,100.0,True,
2026-03-11T15:42:40,93,RR1.00:15-16:681:2230,2026-03-11T15:29:20,4318.35,100.0,-139.5,115.5,-139.5,4178.85,4177.8,100.0,True,
2026-03-11T15:42:40,94,RR1.00:15-16:681:2230,2026-03-11T15:29:20,4650.75,100.0,-139.5,115.5,-139.5,4511.25,4510.2,100.0,True,
2026-03-11T15:42:40,95,RR1.00:15-16:681:2230,2026-03-11T15:29:20,4278.9,100.0,-139.5,115.5,-139.5,4139.4,4138.35,100.0,True,
2026-03-11T15:42:40,96,RR1.00:15-16:681:2230,2026-03-11T15:29:20,4342.55,100.0,-139.5,115.5,-139.5,4203.05,4202.0,100.0,True,
2026-03-11T15:42:40,97,RR1.00:15-16:681:2230,2026-03-11T15:29:20,4342.55,100.0,-139.5,115.5,-139.5,4203.05,4202.0,100.0,True,
2026-03-11T15:42:40,98,RR1.00:15-16:681:2230,2026-03-11T15:29:20,4590.75,100.0,-139.5,115.5,-139.5,4451.25,4450.2,100.0,True,
2026-03-11T15:42:40,99,RR1.00:15-16:681:2230,2026-03-11T15:29:20,4451.0,100.0,-139.5,115.5,-139.5,4311.5,4310.45,100.0,True,
2026-03-11T15:42:40,100,RR1.00:15-16:681:2230,2026-03-11T15:29:20,4490.8,100.0,-139.5,115.5,-139.5,4351.3,4350.25,100.0,True,
2026-03-11T18:46:40,4,RR1.00:16-17:845:2413,2026-03-11T16:30:40,4141.2,100.0,-295.0,248.0,-295.0,3846.2,3845.15,100.0,True,
2026-03-11T18:46:40,65,RR1.00:16-17:845:2413,2026-03-11T16:30:40,4550.8,100.0,-295.0,248.0,-295.0,4255.8,4254.75,100.0,True,
2026-03-11T18:46:40,66,RR1.00:16-17:845:2413,2026-03-11T16:30:40,4261.8,100.0,-295.0,248.0,-295.0,3966.8,3965.75,100.0,True,
2026-03-11T18:46:40,78,RR1.00:16-17:845:2413,2026-03-11T16:30:40,4124.5,100.0,-295.0,248.0,-295.0,3829.5,3828.45,100.0,True,
2026-03-11T18:46:40,79,RR1.00:16-17:845:2413,2026-03-11T16:30:40,4354.7,100.0,-295.0,248.0,-295.0,4059.7,4058.65,100.0,True,
2026-03-11T18:46:40,80,RR1.00:16-17:845:2413,2026-03-11T16:30:40,4077.55,100.0,-295.0,248.0,-295.0,3782.55,3781.5,100.0,True,
2026-03-11T18:46:40,81,RR1.00:16-17:845:2413,2026-03-11T16:30:40,4077.55,100.0,-295.0,248.0,-295.0,3782.55,3781.5,100.0,True,
2026-03-11T18:46:40,82,RR1.00:16-17:845:2413,2026-03-11T16:30:40,4077.55,100.0,-295.0,248.0,-295.0,3782.55,3781.5,100.0,True,
2026-03-11T18:46:40,83,RR1.00:16-17:845:2413,2026-03-11T16:30:40,4464.35,100.0,-295.0,248.0,-295.0,4169.35,4168.3,100.0,True,
2026-03-11T18:46:40,84,RR1.00:16-17:845:2413,2026-03-11T16:30:40,4464.35,100.0,-295.0,248.0,-295.0,4169.35,4168.3,100.0,True,
2026-03-11T18:46:40,91,RR1.00:16-17:845:2413,2026-03-11T16:30:40,4146.9,100.0,-295.0,248.0,-295.0,3851.9,3850.85,100.0,True,
2026-03-11T18:46:40,92,RR1.00:16-17:845:2413,2026-03-11T16:30:40,4285.75,100.0,-295.0,248.0,-295.0,3990.75,3989.7,100.0,True,
2026-03-11T18:46:40,93,RR1.00:16-17:845:2413,2026-03-11T16:30:40,4177.8,100.0,-295.0,248.0,-295.0,3882.8,3881.75,100.0,True,
2026-03-11T18:46:40,94,RR1.00:16-17:845:2413,2026-03-11T16:30:40,4510.2,100.0,-295.0,248.0,-295.0,4215.2,4214.15,100.0,True,
2026-03-11T18:46:40,95,RR1.00:16-17:845:2413,2026-03-11T16:30:40,4138.35,100.0,-295.0,248.0,-295.0,3843.35,3842.3,100.0,True,
2026-03-11T18:46:40,96,RR1.00:16-17:845:2413,2026-03-11T16:30:40,4202.0,100.0,-295.0,248.0,-295.0,3907.0,3905.95,100.0,True,
2026-03-11T18:46:40,97,RR1.00:16-17:845:2413,2026-03-11T16:30:40,4202.0,100.0,-295.0,248.0,-295.0,3907.0,3905.95,100.0,True,
2026-03-11T18:46:40,98,RR1.00:16-17:845:2413,2026-03-11T16:30:40,4450.2,100.0,-295.0,248.0,-295.0,4155.2,4154.15,100.0,True,
2026-03-11T18:46:40,99,RR1.00:16-17:845:2413,2026-03-11T16:30:40,4310.45,100.0,-295.0,248.0,-295.0,4015.45,4014.4,100.0,True,
2026-03-11T18:46:40,100,RR1.00:16-17:845:2413,2026-03-11T16:30:40,4350.25,100.0,-295.0,248.0,-295.0,4055.25,4054.2,100.0,True,
2026-03-11T20:38:40,4,RR1.00:19-20:481:1955,2026-03-11T19:30:40,3845.15,100.0,-144.0,142.0,-144.0,3701.15,3700.1,100.0,True,
2026-03-11T20:38:40,65,RR1.00:19-20:481:1955,2026-03-11T19:30:40,4254.75,100.0,-144.0,142.0,-144.0,4110.75,4109.7,100.0,True,
2026-03-11T20:38:40,66,RR1.00:19-20:481:1955,2026-03-11T19:30:40,3965.75,100.0,-144.0,142.0,-144.0,3821.75,3820.7,100.0,True,
2026-03-11T20:38:40,78,RR1.00:19-20:481:1955,2026-03-11T19:30:40,3828.45,100.0,-144.0,142.0,-144.0,3684.45,3683.4,100.0,True,
2026-03-11T20:38:40,79,RR1.00:19-20:481:1955,2026-03-11T19:30:40,4058.65,100.0,-144.0,142.0,-144.0,3914.65,3913.6,100.0,True,
2026-03-11T20:38:40,80,RR1.00:19-20:481:1955,2026-03-11T19:30:40,3781.5,100.0,-144.0,142.0,-144.0,3637.5,3636.45,100.0,True,
2026-03-11T20:38:40,81,RR1.00:19-20:481:1955,2026-03-11T19:30:40,3781.5,100.0,-144.0,142.0,-144.0,3637.5,3636.45,100.0,True,
2026-03-11T20:38:40,82,RR1.00:19-20:481:1955,2026-03-11T19:30:40,3781.5,100.0,-144.0,142.0,-144.0,3637.5,3636.45,100.0,True,
2026-03-11T20:38:40,83,RR1.00:19-20:481:1955,2026-03-11T19:30:40,4168.3,100.0,-144.0,142.0,-144.0,4024.3,4023.25,100.0,True,
2026-03-11T20:38:40,84,RR1.00:19-20:481:1955,2026-03-11T19:30:40,4168.3,100.0,-144.0,142.0,-144.0,4024.3,4023.25,100.0,True,
2026-03-11T20:38:40,91,RR1.00:19-20:481:1955,2026-03-11T19:30:40,3850.85,100.0,-144.0,142.0,-144.0,3706.85,3705.8,100.0,True,
2026-03-11T20:38:40,92,RR1.00:19-20:481:1955,2026-03-11T19:30:40,3989.7,100.0,-144.0,142.0,-144.0,3845.7,3844.65,100.0,True,
2026-03-11T20:38:40,93,RR1.00:19-20:481:1955,2026-03-11T19:30:40,3881.75,100.0,-144.0,142.0,-144.0,3737.75,3736.7,100.0,True,
2026-03-11T20:38:40,94,RR1.00:19-20:481:1955,2026-03-11T19:30:40,4214.15,100.0,-144.0,142.0,-144.0,4070.15,4069.1,100.0,True,
2026-03-11T20:38:40,95,RR1.00:19-20:481:1955,2026-03-11T19:30:40,3842.3,100.0,-144.0,142.0,-144.0,3698.3,3697.25,100.0,True,
2026-03-11T20:38:40,96,RR1.00:19-20:481:1955,2026-03-11T19:30:40,3905.95,100.0,-144.0,142.0,-144.0,3761.95,3760.9,100.0,True,
2026-03-11T20:38:40,97,RR1.00:19-20:481:1955,2026-03-11T19:30:40,3905.95,100.0,-144.0,142.0,-144.0,3761.95,3760.9,100.0,True,
2026-03-11T20:38:40,98,RR1.00:19-20:481:1955,2026-03-11T19:30:40,4154.15,100.0,-144.0,142.0,-144.0,4010.15,4009.1,100.0,True,
2026-03-11T20:38:40,99,RR1.00:19-20:481:1955,2026-03-11T19:30:40,4014.4,100.0,-144.0,142.0,-144.0,3870.4,3869.35,100.0,True,
2026-03-11T20:38:40,100,RR1.00:19-20:481:1955,2026-03-11T19:30:40,4054.2,100.0,-144.0,142.0,-144.0,3910.2,3909.15,100.0,True,
2026-03-11T23:30:00,4,RR1.00:21-22:535:1985,2026-03-11T21:34:40,3700.1,100.0,-96.5,90.0,5.5,3603.6,3704.55,100.0,True,
2026-03-11T23:30:00,65,RR1.00:21-22:535:1985,2026-03-11T21:34:40,4109.7,100.0,-96.5,90.0,5.5,4013.2,4114.15,100.0,True,
2026-03-11T23:30:00,66,RR1.00:21-22:535:1985,2026-03-11T21:34:40,3820.7,100.0,-96.5,90.0,5.5,3724.2,3825.15,100.0,True,
2026-03-11T23:30:00,78,RR1.00:21-22:535:1985,2026-03-11T21:34:40,3683.4,100.0,-96.5,90.0,5.5,3586.9,3687.85,100.0,True,
2026-03-11T23:30:00,79,RR1.00:21-22:535:1985,2026-03-11T21:34:40,3913.6,100.0,-96.5,90.0,5.5,3817.1,3918.05,100.0,True,
2026-03-11T23:30:00,80,RR1.00:21-22:535:1985,2026-03-11T21:34:40,3636.45,100.0,-96.5,90.0,5.5,3539.95,3640.9,100.0,True,
2026-03-11T23:30:00,81,RR1.00:21-22:535:1985,2026-03-11T21:34:40,3636.45,100.0,-96.5,90.0,5.5,3539.95,3640.9,100.0,True,
2026-03-11T23:30:00,82,RR1.00:21-22:535:1985,2026-03-11T21:34:40,3636.45,100.0,-96.5,90.0,5.5,3539.95,3640.9,100.0,True,
2026-03-11T23:30:00,83,RR1.00:21-22:535:1985,2026-03-11T21:34:40,4023.25,100.0,-96.5,90.0,5.5,3926.75,4027.7,100.0,True,
2026-03-11T23:30:00,84,RR1.00:21-22:535:1985,2026-03-11T21:34:40,4023.25,100.0,-96.5,90.0,5.5,3926.75,4027.7,100.0,True,
2026-03-11T23:30:00,91,RR1.00:21-22:535:1985,2026-03-11T21:34:40,3705.8,100.0,-96.5,90.0,5.5,3609.3,3710.25,100.0,True,
2026-03-11T23:30:00,92,RR1.00:21-22:535:1985,2026-03-11T21:34:40,3844.65,100.0,-96.5,90.0,5.5,3748.15,3849.1,100.0,True,
2026-03-11T23:30:00,93,RR1.00:21-22:535:1985,2026-03-11T21:34:40,3736.7,100.0,-96.5,90.0,5.5,3640.2,3741.15,100.0,True,
2026-03-11T23:30:00,94,RR1.00:21-22:535:1985,2026-03-11T21:34:40,4069.1,100.0,-96.5,90.0,5.5,3972.6,4073.55,100.0,True,
2026-03-11T23:30:00,95,RR1.00:21-22:535:1985,2026-03-11T21:34:40,3697.25,100.0,-96.5,90.0,5.5,3600.75,3701.7,100.0,True,
2026-03-11T23:30:00,96,RR1.00:21-22:535:1985,2026-03-11T21:34:40,3760.9,100.0,-96.5,90.0,5.5,3664.4,3765.35,100.0,True,
2026-03-11T23:30:00,97,RR1.00:21-22:535:1985,2026-03-11T21:34:40,3760.9,100.0,-96.5,90.0,5.5,3664.4,3765.35,100.0,True,
2026-03-11T23:30:00,98,RR1.00:21-22:535:1985,2026-03-11T21:34:40,4009.1,100.0,-96.5,90.0,5.5,3912.6,4013.55,100.0,True,
2026-03-11T23:30:00,99,RR1.00:21-22:535:1985,2026-03-11T21:34:40,3869.35,100.0,-96.5,90.0,5.5,3772.85,3873.8,100.0,True,
2026-03-11T23:30:00,100,RR1.00:21-22:535:1985,2026-03-11T21:34:40,3909.15,100.0,-96.5,90.0,5.5,3812.65,3913.6,100.0,True,
2026-03-11T23:30:00,4,RR1.00:22-23:552:1996,2026-03-11T22:34:40,3704.55,100.0,-38.5,81.5,-3.0,3666.05,3704.55,100.0,True,
2026-03-11T23:30:00,65,RR1.00:22-23:552:1996,2026-03-11T22:34:40,4114.15,100.0,-38.5,81.5,-3.0,4075.65,4114.15,100.0,True,
2026-03-11T23:30:00,66,RR1.00:22-23:552:1996,2026-03-11T22:34:40,3825.15,100.0,-38.5,81.5,-3.0,3786.65,3825.15,100.0,True,
2026-03-11T23:30:00,78,RR1.00:22-23:552:1996,2026-03-11T22:34:40,3687.85,100.0,-38.5,81.5,-3.0,3649.35,3687.85,100.0,True,
2026-03-11T23:30:00,79,RR1.00:22-23:552:1996,2026-03-11T22:34:40,3918.05,100.0,-38.5,81.5,-3.0,3879.55,3918.05,100.0,True,
2026-03-11T23:30:00,80,RR1.00:22-23:552:1996,2026-03-11T22:34:40,3640.9,100.0,-38.5,81.5,-3.0,3602.4,3640.9,100.0,True,
2026-03-11T23:30:00,81,RR1.00:22-23:552:1996,2026-03-11T22:34:40,3640.9,100.0,-38.5,81.5,-3.0,3602.4,3640.9,100.0,True,
2026-03-11T23:30:00,82,RR1.00:22-23:552:1996,2026-03-11T22:34:40,3640.9,100.0,-38.5,81.5,-3.0,3602.4,3640.9,100.0,True,
2026-03-11T23:30:00,83,RR1.00:22-23:552:1996,2026-03-11T22:34:40,4027.7,100.0,-38.5,81.5,-3.0,3989.2,4027.7,100.0,True,
2026-03-11T23:30:00,84,RR1.00:22-23:552:1996,2026-03-11T22:34:40,4027.7,100.0,-38.5,81.5,-3.0,3989.2,4027.7,100.0,True,
2026-03-11T23:30:00,91,RR1.00:22-23:552:1996,2026-03-11T22:34:40,3710.25,100.0,-38.5,81.5,-3.0,3671.75,3710.25,100.0,True,
2026-03-11T23:30:00,92,RR1.00:22-23:552:1996,2026-03-11T22:34:40,3849.1,100.0,-38.5,81.5,-3.0,3810.6,3849.1,100.0,True,
2026-03-11T23:30:00,93,RR1.00:22-23:552:1996,2026-03-11T22:34:40,3741.15,100.0,-38.5,81.5,-3.0,3702.65,3741.15,100.0,True,
2026-03-11T23:30:00,94,RR1.00:22-23:552:1996,2026-03-11T22:34:40,4073.55,100.0,-38.5,81.5,-3.0,4035.05,4073.55,100.0,True,
2026-03-11T23:30:00,95,RR1.00:22-23:552:1996,2026-03-11T22:34:40,3701.7,100.0,-38.5,81.5,-3.0,3663.2,3701.7,100.0,True,
2026-03-11T23:30:00,96,RR1.00:22-23:552:1996,2026-03-11T22:34:40,3765.35,100.0,-38.5,81.5,-3.0,3726.85,3765.35,100.0,True,
2026-03-11T23:30:00,97,RR1.00:22-23:552:1996,2026-03-11T22:34:40,3765.35,100.0,-38.5,81.5,-3.0,3726.85,3765.35,100.0,True,
2026-03-11T23:30:00,98,RR1.00:22-23:552:1996,2026-03-11T22:34:40,4013.55,100.0,-38.5,81.5,-3.0,3975.05,4013.55,100.0,True,
2026-03-11T23:30:00,99,RR1.00:22-23:552:1996,2026-03-11T22:34:40,3873.8,100.0,-38.5,81.5,-3.0,3835.3,3873.8,100.0,True,
2026-03-11T23:30:00,100,RR1.00:22-23:552:1996,2026-03-11T22:34:40,3913.6,100.0,-38.5,81.5,-3.0,3875.1,3913.6,100.0,True,
2026-03-12T05:35:40,4,RR1.00:3-4:553:2068,2026-03-12T03:35:40,3704.55,100.0,-102.0,102.0,-102.0,3602.55,3601.5,100.0,True,
2026-03-12T05:35:40,65,RR1.00:3-4:553:2068,2026-03-12T03:35:40,4114.15,100.0,-102.0,102.0,-102.0,4012.15,4011.1,100.0,True,
2026-03-12T05:35:40,66,RR1.00:3-4:553:2068,2026-03-12T03:35:40,3825.15,100.0,-102.0,102.0,-102.0,3723.15,3722.1,100.0,True,
2026-03-12T05:35:40,78,RR1.00:3-4:553:2068,2026-03-12T03:35:40,3687.85,100.0,-102.0,102.0,-102.0,3585.85,3584.8,100.0,True,
2026-03-12T05:35:40,79,RR1.00:3-4:553:2068,2026-03-12T03:35:40,3918.05,100.0,-102.0,102.0,-102.0,3816.05,3815.0,100.0,True,
2026-03-12T05:35:40,80,RR1.00:3-4:553:2068,2026-03-12T03:35:40,3640.9,100.0,-102.0,102.0,-102.0,3538.9,3537.85,100.0,True,
2026-03-12T05:35:40,81,RR1.00:3-4:553:2068,2026-03-12T03:35:40,3640.9,100.0,-102.0,102.0,-102.0,3538.9,3537.85,100.0,True,
2026-03-12T05:35:40,82,RR1.00:3-4:553:2068,2026-03-12T03:35:40,3640.9,100.0,-102.0,102.0,-102.0,3538.9,3537.85,100.0,True,
2026-03-12T05:35:40,83,RR1.00:3-4:553:2068,2026-03-12T03:35:40,4027.7,100.0,-102.0,102.0,-102.0,3925.7,3924.65,100.0,True,
2026-03-12T05:35:40,84,RR1.00:3-4:553:2068,2026-03-12T03:35:40,4027.7,100.0,-102.0,102.0,-102.0,3925.7,3924.65,100.0,True,
2026-03-12T05:35:40,91,RR1.00:3-4:553:2068,2026-03-12T03:35:40,3710.25,100.0,-102.0,102.0,-102.0,3608.25,3607.2,100.0,True,
2026-03-12T05:35:40,92,RR1.00:3-4:553:2068,2026-03-12T03:35:40,3849.1,100.0,-102.0,102.0,-102.0,3747.1,3746.05,100.0,True,
2026-03-12T05:35:40,93,RR1.00:3-4:553:2068,2026-03-12T03:35:40,3741.15,100.0,-102.0,102.0,-102.0,3639.15,3638.1,100.0,True,
2026-03-12T05:35:40,94,RR1.00:3-4:553:2068,2026-03-12T03:35:40,4073.55,100.0,-102.0,102.0,-102.0,3971.55,3970.5,100.0,True,
2026-03-12T05:35:40,95,RR1.00:3-4:553:2068,2026-03-12T03:35:40,3701.7,100.0,-102.0,102.0,-102.0,3599.7,3598.65,100.0,True,
2026-03-12T05:35:40,96,RR1.00:3-4:553:2068,2026-03-12T03:35:40,3765.35,100.0,-102.0,102.0,-102.0,3663.35,3662.3,100.0,True,
2026-03-12T05:35:40,97,RR1.00:3-4:553:2068,2026-03-12T03:35:40,3765.35,100.0,-102.0,102.0,-102.0,3663.35,3662.3,100.0,True,
2026-03-12T05:35:40,98,RR1.00:3-4:553:2068,2026-03-12T03:35:40,4013.55,100.0,-102.0,102.0,-102.0,3911.55,3910.5,100.0,True,
2026-03-12T05:35:40,99,RR1.00:3-4:553:2068,2026-03-12T03:35:40,3873.8,100.0,-102.0,102.0,-102.0,3771.8,3770.75,100.0,True,
2026-03-12T05:35:40,100,RR1.00:3-4:553:2068,2026-03-12T03:35:40,3913.6,100.0,-102.0,102.0,-102.0,3811.6,3810.55,100.0,True,
2026-03-12T09:30:00,4,RR1.00:8-9:599:2132,2026-03-12T08:02:40,3601.5,100.0,-29.5,82.5,82.0,3572.0,3682.45,100.0,True,
2026-03-12T09:30:00,65,RR1.00:8-9:599:2132,2026-03-12T08:02:40,4011.1,100.0,-29.5,82.5,82.0,3981.6,4092.05,100.0,True,
2026-03-12T09:30:00,66,RR1.00:8-9:599:2132,2026-03-12T08:02:40,3722.1,100.0,-29.5,82.5,82.0,3692.6,3803.05,100.0,True,
2026-03-12T09:30:00,78,RR1.00:8-9:599:2132,2026-03-12T08:02:40,3584.8,100.0,-29.5,82.5,82.0,3555.3,3665.75,100.0,True,
2026-03-12T09:30:00,79,RR1.00:8-9:599:2132,2026-03-12T08:02:40,3815.0,100.0,-29.5,82.5,82.0,3785.5,3895.95,100.0,True,
2026-03-12T09:30:00,80,RR1.00:8-9:599:2132,2026-03-12T08:02:40,3537.85,100.0,-29.5,82.5,82.0,3508.35,3618.8,100.0,True,
2026-03-12T09:30:00,81,RR1.00:8-9:599:2132,2026-03-12T08:02:40,3537.85,100.0,-29.5,82.5,82.0,3508.35,3618.8,100.0,True,
2026-03-12T09:30:00,82,RR1.00:8-9:599:2132,2026-03-12T08:02:40,3537.85,100.0,-29.5,82.5,82.0,3508.35,3618.8,100.0,True,
2026-03-12T09:30:00,83,RR1.00:8-9:599:2132,2026-03-12T08:02:40,3924.65,100.0,-29.5,82.5,82.0,3895.15,4005.6,100.0,True,
2026-03-12T09:30:00,84,RR1.00:8-9:599:2132,2026-03-12T08:02:40,3924.65,100.0,-29.5,82.5,82.0,3895.15,4005.6,100.0,True,
2026-03-12T09:30:00,91,RR1.00:8-9:599:2132,2026-03-12T08:02:40,3607.2,100.0,-29.5,82.5,82.0,3577.7,3688.15,100.0,True,
2026-03-12T09:30:00,92,RR1.00:8-9:599:2132,2026-03-12T08:02:40,3746.05,100.0,-29.5,82.5,82.0,3716.55,3827.0,100.0,True,
2026-03-12T09:30:00,93,RR1.00:8-9:599:2132,2026-03-12T08:02:40,3638.1,100.0,-29.5,82.5,82.0,3608.6,3719.05,100.0,True,
2026-03-12T09:30:00,94,RR1.00:8-9:599:2132,2026-03-12T08:02:40,3970.5,100.0,-29.5,82.5,82.0,3941.0,4051.45,100.0,True,
2026-03-12T09:30:00,95,RR1.00:8-9:599:2132,2026-03-12T08:02:40,3598.65,100.0,-29.5,82.5,82.0,3569.15,3679.6,100.0,True,
2026-03-12T09:30:00,96,RR1.00:8-9:599:2132,2026-03-12T08:02:40,3662.3,100.0,-29.5,82.5,82.0,3632.8,3743.25,100.0,True,
2026-03-12T09:30:00,97,RR1.00:8-9:599:2132,2026-03-12T08:02:40,3662.3,100.0,-29.5,82.5,82.0,3632.8,3743.25,100.0,True,
2026-03-12T09:30:00,98,RR1.00:8-9:599:2132,2026-03-12T08:02:40,3910.5,100.0,-29.5,82.5,82.0,3881.0,3991.45,100.0,True,
2026-03-12T09:30:00,99,RR1.00:8-9:599:2132,2026-03-12T08:02:40,3770.75,100.0,-29.5,82.5,82.0,3741.25,3851.7,100.0,True,
2026-03-12T09:30:00,100,RR1.00:8-9:599:2132,2026-03-12T08:02:40,3810.55,100.0,-29.5,82.5,82.0,3781.05,3891.5,100.0,True,
2026-03-12T15:01:40,4,RR1.00:14-15:530:2009,2026-03-12T14:30:40,3682.45,100.0,-87.0,77.0,-87.0,3595.45,3682.45,100.0,True,
2026-03-12T15:01:40,65,RR1.00:14-15:530:2009,2026-03-12T14:30:40,4092.05,100.0,-87.0,77.0,-87.0,4005.05,4092.05,100.0,True,
2026-03-12T15:01:40,66,RR1.00:14-15:530:2009,2026-03-12T14:30:40,3803.05,100.0,-87.0,77.0,-87.0,3716.05,3803.05,100.0,True,
2026-03-12T15:01:40,78,RR1.00:14-15:530:2009,2026-03-12T14:30:40,3665.75,100.0,-87.0,77.0,-87.0,3578.75,3665.75,100.0,True,
2026-03-12T15:01:40,79,RR1.00:14-15:530:2009,2026-03-12T14:30:40,3895.95,100.0,-87.0,77.0,-87.0,3808.95,3895.95,100.0,True,
2026-03-12T15:01:40,80,RR1.00:14-15:530:2009,2026-03-12T14:30:40,3618.8,100.0,-87.0,77.0,-87.0,3531.8,3618.8,100.0,True,
2026-03-12T15:01:40,81,RR1.00:14-15:530:2009,2026-03-12T14:30:40,3618.8,100.0,-87.0,77.0,-87.0,3531.8,3618.8,100.0,True,
2026-03-12T15:01:40,82,RR1.00:14-15:530:2009,2026-03-12T14:30:40,3618.8,100.0,-87.0,77.0,-87.0,3531.8,3618.8,100.0,True,
2026-03-12T15:01:40,83,RR1.00:14-15:530:2009,2026-03-12T14:30:40,4005.6,100.0,-87.0,77.0,-87.0,3918.6,4005.6,100.0,True,
2026-03-12T15:01:40,84,RR1.00:14-15:530:2009,2026-03-12T14:30:40,4005.6,100.0,-87.0,77.0,-87.0,3918.6,4005.6,100.0,True,
2026-03-12T15:01:40,91,RR1.00:14-15:530:2009,2026-03-12T14:30:40,3688.15,100.0,-87.0,77.0,-87.0,3601.15,3688.15,100.0,True,
2026-03-12T15:01:40,92,RR1.00:14-15:530:2009,2026-03-12T14:30:40,3827.0,100.0,-87.0,77.0,-87.0,3740.0,3827.0,100.0,True,
2026-03-12T15:01:40,93,RR1.00:14-15:530:2009,2026-03-12T14:30:40,3719.05,100.0,-87.0,77.0,-87.0,3632.05,3719.05,100.0,True,
2026-03-12T15:01:40,94,RR1.00:14-15:530:2009,2026-03-12T14:30:40,4051.45,100.0,-87.0,77.0,-87.0,3964.45,4051.45,100.0,True,
2026-03-12T15:01:40,95,RR1.00:14-15:530:2009,2026-03-12T14:30:40,3679.6,100.0,-87.0,77.0,-87.0,3592.6,3679.6,100.0,True,
2026-03-12T15:01:40,96,RR1.00:14-15:530:2009,2026-03-12T14:30:40,3743.25,100.0,-87.0,77.0,-87.0,3656.25,3743.25,100.0,True,
2026-03-12T15:01:40,97,RR1.00:14-15:530:2009,2026-03-12T14:30:40,3743.25,100.0,-87.0,77.0,-87.0,3656.25,3743.25,100.0,True,
2026-03-12T15:01:40,98,RR1.00:14-15:530:2009,2026-03-12T14:30:40,3991.45,100.0,-87.0,77.0,-87.0,3904.45,3991.45,100.0,True,
2026-03-12T15:01:40,99,RR1.00:14-15:530:2009,2026-03-12T14:30:40,3851.7,100.0,-87.0,77.0,-87.0,3764.7,3851.7,100.0,True,
2026-03-12T15:01:40,100,RR1.00:14-15:530:2009,2026-03-12T14:30:40,3891.5,100.0,-87.0,77.0,-87.0,3804.5,3891.5,100.0,True,
2026-03-12T15:06:40,4,RR1.00:12-13:511:2020,2026-03-12T12:40:40,3682.45,100.0,-141.0,90.5,-141.0,3541.45,3540.4,100.0,True,
2026-03-12T15:06:40,65,RR1.00:12-13:511:2020,2026-03-12T12:40:40,4092.05,100.0,-141.0,90.5,-141.0,3951.05,3950.0,100.0,True,
2026-03-12T15:06:40,66,RR1.00:12-13:511:2020,2026-03-12T12:40:40,3803.05,100.0,-141.0,90.5,-141.0,3662.05,3661.0,100.0,True,
2026-03-12T15:06:40,78,RR1.00:12-13:511:2020,2026-03-12T12:40:40,3665.75,100.0,-141.0,90.5,-141.0,3524.75,3523.7,100.0,True,
2026-03-12T15:06:40,79,RR1.00:12-13:511:2020,2026-03-12T12:40:40,3895.95,100.0,-141.0,90.5,-141.0,3754.95,3753.9,100.0,True,
2026-03-12T15:06:40,80,RR1.00:12-13:511:2020,2026-03-12T12:40:40,3618.8,100.0,-141.0,90.5,-141.0,3477.8,3476.75,100.0,True,
2026-03-12T15:06:40,81,RR1.00:12-13:511:2020,2026-03-12T12:40:40,3618.8,100.0,-141.0,90.5,-141.0,3477.8,3476.75,100.0,True,
2026-03-12T15:06:40,82,RR1.00:12-13:511:2020,2026-03-12T12:40:40,3618.8,100.0,-141.0,90.5,-141.0,3477.8,3476.75,100.0,True,
2026-03-12T15:06:40,83,RR1.00:12-13:511:2020,2026-03-12T12:40:40,4005.6,100.0,-141.0,90.5,-141.0,3864.6,3863.55,100.0,True,
2026-03-12T15:06:40,84,RR1.00:12-13:511:2020,2026-03-12T12:40:40,4005.6,100.0,-141.0,90.5,-141.0,3864.6,3863.55,100.0,True,
2026-03-12T15:06:40,91,RR1.00:12-13:511:2020,2026-03-12T12:40:40,3688.15,100.0,-141.0,90.5,-141.0,3547.15,3546.1,100.0,True,
2026-03-12T15:06:40,92,RR1.00:12-13:511:2020,2026-03-12T12:40:40,3827.0,100.0,-141.0,90.5,-141.0,3686.0,3684.95,100.0,True,
2026-03-12T15:06:40,93,RR1.00:12-13:511:2020,2026-03-12T12:40:40,3719.05,100.0,-141.0,90.5,-141.0,3578.05,3577.0,100.0,True,
2026-03-12T15:06:40,94,RR1.00:12-13:511:2020,2026-03-12T12:40:40,4051.45,100.0,-141.0,90.5,-141.0,3910.45,3909.4,100.0,True,
2026-03-12T15:06:40,95,RR1.00:12-13:511:2020,2026-03-12T12:40:40,3679.6,100.0,-141.0,90.5,-141.0,3538.6,3537.55,100.0,True,
2026-03-12T15:06:40,96,RR1.00:12-13:511:2020,2026-03-12T12:40:40,3743.25,100.0,-141.0,90.5,-141.0,3602.25,3601.2,100.0,True,
2026-03-12T15:06:40,97,RR1.00:12-13:511:2020,2026-03-12T12:40:40,3743.25,100.0,-141.0,90.5,-141.0,3602.25,3601.2,100.0,True,
2026-03-12T15:06:40,98,RR1.00:12-13:511:2020,2026-03-12T12:40:40,3991.45,100.0,-141.0,90.5,-141.0,3850.45,3849.4,100.0,True,
2026-03-12T15:06:40,99,RR1.00:12-13:511:2020,2026-03-12T12:40:40,3851.7,100.0,-141.0,90.5,-141.0,3710.7,3709.65,100.0,True,
2026-03-12T15:06:40,100,RR1.00:12-13:511:2020,2026-03-12T12:40:40,3891.5,100.0,-141.0,90.5,-141.0,3750.5,3749.45,100.0,True,
2026-03-12T16:14:40,4,RR1.00:16-17:846:2415,2026-03-12T16:03:40,3540.4,100.0,-86.0,17.5,-86.0,3454.4,3453.35,100.0,True,
2026-03-12T16:14:40,65,RR1.00:16-17:846:2415,2026-03-12T16:03:40,3950.0,100.0,-86.0,17.5,-86.0,3864.0,3862.95,100.0,True,
2026-03-12T16:14:40,66,RR1.00:16-17:846:2415,2026-03-12T16:03:40,3661.0,100.0,-86.0,17.5,-86.0,3575.0,3573.95,100.0,True,
2026-03-12T16:14:40,78,RR1.00:16-17:846:2415,2026-03-12T16:03:40,3523.7,100.0,-86.0,17.5,-86.0,3437.7,3436.65,100.0,True,
2026-03-12T16:14:40,79,RR1.00:16-17:846:2415,2026-03-12T16:03:40,3753.9,100.0,-86.0,17.5,-86.0,3667.9,3666.85,100.0,True,
2026-03-12T16:14:40,80,RR1.00:16-17:846:2415,2026-03-12T16:03:40,3476.75,100.0,-86.0,17.5,-86.0,3390.75,3389.7,100.0,True,
2026-03-12T16:14:40,81,RR1.00:16-17:846:2415,2026-03-12T16:03:40,3476.75,100.0,-86.0,17.5,-86.0,3390.75,3389.7,100.0,True,
2026-03-12T16:14:40,82,RR1.00:16-17:846:2415,2026-03-12T16:03:40,3476.75,100.0,-86.0,17.5,-86.0,3390.75,3389.7,100.0,True,
2026-03-12T16:14:40,83,RR1.00:16-17:846:2415,2026-03-12T16:03:40,3863.55,100.0,-86.0,17.5,-86.0,3777.55,3776.5,100.0,True,
2026-03-12T16:14:40,84,RR1.00:16-17:846:2415,2026-03-12T16:03:40,3863.55,100.0,-86.0,17.5,-86.0,3777.55,3776.5,100.0,True,
2026-03-12T16:14:40,91,RR1.00:16-17:846:2415,2026-03-12T16:03:40,3546.1,100.0,-86.0,17.5,-86.0,3460.1,3459.05,100.0,True,
2026-03-12T16:14:40,92,RR1.00:16-17:846:2415,2026-03-12T16:03:40,3684.95,100.0,-86.0,17.5,-86.0,3598.95,3597.9,100.0,True,
2026-03-12T16:14:40,93,RR1.00:16-17:846:2415,2026-03-12T16:03:40,3577.0,100.0,-86.0,17.5,-86.0,3491.0,3489.95,100.0,True,
2026-03-12T16:14:40,94,RR1.00:16-17:846:2415,2026-03-12T16:03:40,3909.4,100.0,-86.0,17.5,-86.0,3823.4,3822.35,100.0,True,
2026-03-12T16:14:40,95,RR1.00:16-17:846:2415,2026-03-12T16:03:40,3537.55,100.0,-86.0,17.5,-86.0,3451.55,3450.5,100.0,True,
2026-03-12T16:14:40,96,RR1.00:16-17:846:2415,2026-03-12T16:03:40,3601.2,100.0,-86.0,17.5,-86.0,3515.2,3514.15,100.0,True,
2026-03-12T16:14:40,97,RR1.00:16-17:846:2415,2026-03-12T16:03:40,3601.2,100.0,-86.0,17.5,-86.0,3515.2,3514.15,100.0,True,
2026-03-12T16:14:40,98,RR1.00:16-17:846:2415,2026-03-12T16:03:40,3849.4,100.0,-86.0,17.5,-86.0,3763.4,3762.35,100.0,True,
2026-03-12T16:14:40,99,RR1.00:16-17:846:2415,2026-03-12T16:03:40,3709.65,100.0,-86.0,17.5,-86.0,3623.65,3622.6,100.0,True,
2026-03-12T16:14:40,100,RR1.00:16-17:846:2415,2026-03-12T16:03:40,3749.45,100.0,-86.0,17.5,-86.0,3663.45,3662.4,100.0,True,
2026-03-12T22:46:40,4,RR1.00:18-19:462:1968,2026-03-12T18:39:40,3453.35,100.0,-158.0,190.5,-158.0,3295.35,3294.3,100.0,True,
2026-03-12T22:46:40,65,RR1.00:18-19:462:1968,2026-03-12T18:39:40,3862.95,100.0,-158.0,190.5,-158.0,3704.95,3703.9,100.0,True,
2026-03-12T22:46:40,66,RR1.00:18-19:462:1968,2026-03-12T18:39:40,3573.95,100.0,-158.0,190.5,-158.0,3415.95,3414.9,100.0,True,
2026-03-12T22:46:40,78,RR1.00:18-19:462:1968,2026-03-12T18:39:40,3436.65,100.0,-158.0,190.5,-158.0,3278.65,3277.6,100.0,True,
2026-03-12T22:46:40,79,RR1.00:18-19:462:1968,2026-03-12T18:39:40,3666.85,100.0,-158.0,190.5,-158.0,3508.85,3507.8,100.0,True,
2026-03-12T22:46:40,80,RR1.00:18-19:462:1968,2026-03-12T18:39:40,3389.7,100.0,-158.0,190.5,-158.0,3231.7,3230.65,100.0,True,
2026-03-12T22:46:40,81,RR1.00:18-19:462:1968,2026-03-12T18:39:40,3389.7,100.0,-158.0,190.5,-158.0,3231.7,3230.65,100.0,True,
2026-03-12T22:46:40,82,RR1.00:18-19:462:1968,2026-03-12T18:39:40,3389.7,100.0,-158.0,190.5,-158.0,3231.7,3230.65,100.0,True,
2026-03-12T22:46:40,83,RR1.00:18-19:462:1968,2026-03-12T18:39:40,3776.5,100.0,-158.0,190.5,-158.0,3618.5,3617.45,100.0,True,
2026-03-12T22:46:40,84,RR1.00:18-19:462:1968,2026-03-12T18:39:40,3776.5,100.0,-158.0,190.5,-158.0,3618.5,3617.45,100.0,True,
2026-03-12T22:46:40,91,RR1.00:18-19:462:1968,2026-03-12T18:39:40,3459.05,100.0,-158.0,190.5,-158.0,3301.05,3300.0,100.0,True,
2026-03-12T22:46:40,92,RR1.00:18-19:462:1968,2026-03-12T18:39:40,3597.9,100.0,-158.0,190.5,-158.0,3439.9,3438.85,100.0,True,
2026-03-12T22:46:40,93,RR1.00:18-19:462:1968,2026-03-12T18:39:40,3489.95,100.0,-158.0,190.5,-158.0,3331.95,3330.9,100.0,True,
2026-03-12T22:46:40,94,RR1.00:18-19:462:1968,2026-03-12T18:39:40,3822.35,100.0,-158.0,190.5,-158.0,3664.35,3663.3,100.0,True,
2026-03-12T22:46:40,95,RR1.00:18-19:462:1968,2026-03-12T18:39:40,3450.5,100.0,-158.0,190.5,-158.0,3292.5,3291.45,100.0,True,
2026-03-12T22:46:40,96,RR1.00:18-19:462:1968,2026-03-12T18:39:40,3514.15,100.0,-158.0,190.5,-158.0,3356.15,3355.1,100.0,True,
2026-03-12T22:46:40,97,RR1.00:18-19:462:1968,2026-03-12T18:39:40,3514.15,100.0,-158.0,190.5,-158.0,3356.15,3355.1,100.0,True,
2026-03-12T22:46:40,98,RR1.00:18-19:462:1968,2026-03-12T18:39:40,3762.35,100.0,-158.0,190.5,-158.0,3604.35,3603.3,100.0,True,
2026-03-12T22:46:40,99,RR1.00:18-19:462:1968,2026-03-12T18:39:40,3622.6,100.0,-158.0,190.5,-158.0,3464.6,3463.55,100.0,True,
2026-03-12T22:46:40,100,RR1.00:18-19:462:1968,2026-03-12T18:39:40,3662.4,100.0,-158.0,190.5,-158.0,3504.4,3503.35,100.0,True,
2026-03-13T07:22:40,4,RR1.00:6-7:534:2048,2026-03-13T06:46:40,3294.3,100.0,-76.5,18.0,-76.5,3217.8,3294.3,100.0,True,
2026-03-13T07:22:40,65,RR1.00:6-7:534:2048,2026-03-13T06:46:40,3703.9,100.0,-76.5,18.0,-76.5,3627.4,3703.9,100.0,True,
2026-03-13T07:22:40,66,RR1.00:6-7:534:2048,2026-03-13T06:46:40,3414.9,100.0,-76.5,18.0,-76.5,3338.4,3414.9,100.0,True,
2026-03-13T07:22:40,78,RR1.00:6-7:534:2048,2026-03-13T06:46:40,3277.6,100.0,-76.5,18.0,-76.5,3201.1,3277.6,100.0,True,
2026-03-13T07:22:40,79,RR1.00:6-7:534:2048,2026-03-13T06:46:40,3507.8,100.0,-76.5,18.0,-76.5,3431.3,3507.8,100.0,True,
2026-03-13T07:22:40,80,RR1.00:6-7:534:2048,2026-03-13T06:46:40,3230.65,100.0,-76.5,18.0,-76.5,3154.15,3230.65,100.0,True,
2026-03-13T07:22:40,81,RR1.00:6-7:534:2048,2026-03-13T06:46:40,3230.65,100.0,-76.5,18.0,-76.5,3154.15,3230.65,100.0,True,
2026-03-13T07:22:40,82,RR1.00:6-7:534:2048,2026-03-13T06:46:40,3230.65,100.0,-76.5,18.0,-76.5,3154.15,3230.65,100.0,True,
2026-03-13T07:22:40,83,RR1.00:6-7:534:2048,2026-03-13T06:46:40,3617.45,100.0,-76.5,18.0,-76.5,3540.95,3617.45,100.0,True,
2026-03-13T07:22:40,84,RR1.00:6-7:534:2048,2026-03-13T06:46:40,3617.45,100.0,-76.5,18.0,-76.5,3540.95,3617.45,100.0,True,
2026-03-13T07:22:40,91,RR1.00:6-7:534:2048,2026-03-13T06:46:40,3300.0,100.0,-76.5,18.0,-76.5,3223.5,3300.0,100.0,True,
2026-03-13T07:22:40,92,RR1.00:6-7:534:2048,2026-03-13T06:46:40,3438.85,100.0,-76.5,18.0,-76.5,3362.35,3438.85,100.0,True,
2026-03-13T07:22:40,93,RR1.00:6-7:534:2048,2026-03-13T06:46:40,3330.9,100.0,-76.5,18.0,-76.5,3254.4,3330.9,100.0,True,
2026-03-13T07:22:40,94,RR1.00:6-7:534:2048,2026-03-13T06:46:40,3663.3,100.0,-76.5,18.0,-76.5,3586.8,3663.3,100.0,True,
2026-03-13T07:22:40,95,RR1.00:6-7:534:2048,2026-03-13T06:46:40,3291.45,100.0,-76.5,18.0,-76.5,3214.95,3291.45,100.0,True,
2026-03-13T07:22:40,96,RR1.00:6-7:534:2048,2026-03-13T06:46:40,3355.1,100.0,-76.5,18.0,-76.5,3278.6,3355.1,100.0,True,
2026-03-13T07:22:40,97,RR1.00:6-7:534:2048,2026-03-13T06:46:40,3355.1,100.0,-76.5,18.0,-76.5,3278.6,3355.1,100.0,True,
2026-03-13T07:22:40,98,RR1.00:6-7:534:2048,2026-03-13T06:46:40,3603.3,100.0,-76.5,18.0,-76.5,3526.8,3603.3,100.0,True,
2026-03-13T07:22:40,99,RR1.00:6-7:534:2048,2026-03-13T06:46:40,3463.55,100.0,-76.5,18.0,-76.5,3387.05,3463.55,100.0,True,
2026-03-13T07:22:40,100,RR1.00:6-7:534:2048,2026-03-13T06:46:40,3503.35,100.0,-76.5,18.0,-76.5,3426.85,3503.35,100.0,True,
2026-03-13T09:25:40,4,RR1.00:8-9:600:2134,2026-03-13T08:31:40,3294.3,100.0,-51.5,22.5,-51.5,3242.8,3294.3,100.0,True,
2026-03-13T09:25:40,65,RR1.00:8-9:600:2134,2026-03-13T08:31:40,3703.9,100.0,-51.5,22.5,-51.5,3652.4,3703.9,100.0,True,
2026-03-13T09:25:40,66,RR1.00:8-9:600:2134,2026-03-13T08:31:40,3414.9,100.0,-51.5,22.5,-51.5,3363.4,3414.9,100.0,True,
2026-03-13T09:25:40,78,RR1.00:8-9:600:2134,2026-03-13T08:31:40,3277.6,100.0,-51.5,22.5,-51.5,3226.1,3277.6,100.0,True,
2026-03-13T09:25:40,79,RR1.00:8-9:600:2134,2026-03-13T08:31:40,3507.8,100.0,-51.5,22.5,-51.5,3456.3,3507.8,100.0,True,
2026-03-13T09:25:40,80,RR1.00:8-9:600:2134,2026-03-13T08:31:40,3230.65,100.0,-51.5,22.5,-51.5,3179.15,3230.65,100.0,True,
2026-03-13T09:25:40,81,RR1.00:8-9:600:2134,2026-03-13T08:31:40,3230.65,100.0,-51.5,22.5,-51.5,3179.15,3230.65,100.0,True,
2026-03-13T09:25:40,82,RR1.00:8-9:600:2134,2026-03-13T08:31:40,3230.65,100.0,-51.5,22.5,-51.5,3179.15,3230.65,100.0,True,
2026-03-13T09:25:40,83,RR1.00:8-9:600:2134,2026-03-13T08:31:40,3617.45,100.0,-51.5,22.5,-51.5,3565.95,3617.45,100.0,True,
2026-03-13T09:25:40,84,RR1.00:8-9:600:2134,2026-03-13T08:31:40,3617.45,100.0,-51.5,22.5,-51.5,3565.95,3617.45,100.0,True,
2026-03-13T09:25:40,91,RR1.00:8-9:600:2134,2026-03-13T08:31:40,3300.0,100.0,-51.5,22.5,-51.5,3248.5,3300.0,100.0,True,
2026-03-13T09:25:40,92,RR1.00:8-9:600:2134,2026-03-13T08:31:40,3438.85,100.0,-51.5,22.5,-51.5,3387.35,3438.85,100.0,True,
2026-03-13T09:25:40,93,RR1.00:8-9:600:2134,2026-03-13T08:31:40,3330.9,100.0,-51.5,22.5,-51.5,3279.4,3330.9,100.0,True,
2026-03-13T09:25:40,94,RR1.00:8-9:600:2134,2026-03-13T08:31:40,3663.3,100.0,-51.5,22.5,-51.5,3611.8,3663.3,100.0,True,
2026-03-13T09:25:40,95,RR1.00:8-9:600:2134,2026-03-13T08:31:40,3291.45,100.0,-51.5,22.5,-51.5,3239.95,3291.45,100.0,True,
2026-03-13T09:25:40,96,RR1.00:8-9:600:2134,2026-03-13T08:31:40,3355.1,100.0,-51.5,22.5,-51.5,3303.6,3355.1,100.0,True,
2026-03-13T09:25:40,97,RR1.00:8-9:600:2134,2026-03-13T08:31:40,3355.1,100.0,-51.5,22.5,-51.5,3303.6,3355.1,100.0,True,
2026-03-13T09:25:40,98,RR1.00:8-9:600:2134,2026-03-13T08:31:40,3603.3,100.0,-51.5,22.5,-51.5,3551.8,3603.3,100.0,True,
2026-03-13T09:25:40,99,RR1.00:8-9:600:2134,2026-03-13T08:31:40,3463.55,100.0,-51.5,22.5,-51.5,3412.05,3463.55,100.0,True,
2026-03-13T09:25:40,100,RR1.00:8-9:600:2134,2026-03-13T08:31:40,3503.35,100.0,-51.5,22.5,-51.5,3451.85,3503.35,100.0,True,
2026-03-13T09:37:40,4,RR1.00:3-4:554:2070,2026-03-13T03:15:40,3294.3,100.0,-122.5,147.5,-122.5,3171.8,3170.75,100.0,True,
2026-03-13T09:37:40,65,RR1.00:3-4:554:2070,2026-03-13T03:15:40,3703.9,100.0,-122.5,147.5,-122.5,3581.4,3580.35,100.0,True,
2026-03-13T09:37:40,66,RR1.00:3-4:554:2070,2026-03-13T03:15:40,3414.9,100.0,-122.5,147.5,-122.5,3292.4,3291.35,100.0,True,
2026-03-13T09:37:40,78,RR1.00:3-4:554:2070,2026-03-13T03:15:40,3277.6,100.0,-122.5,147.5,-122.5,3155.1,3154.05,100.0,True,
2026-03-13T09:37:40,79,RR1.00:3-4:554:2070,2026-03-13T03:15:40,3507.8,100.0,-122.5,147.5,-122.5,3385.3,3384.25,100.0,True,
2026-03-13T09:37:40,80,RR1.00:3-4:554:2070,2026-03-13T03:15:40,3230.65,100.0,-122.5,147.5,-122.5,3108.15,3107.1,100.0,True,
2026-03-13T09:37:40,81,RR1.00:3-4:554:2070,2026-03-13T03:15:40,3230.65,100.0,-122.5,147.5,-122.5,3108.15,3107.1,100.0,True,
2026-03-13T09:37:40,82,RR1.00:3-4:554:2070,2026-03-13T03:15:40,3230.65,100.0,-122.5,147.5,-122.5,3108.15,3107.1,100.0,True,
2026-03-13T09:37:40,83,RR1.00:3-4:554:2070,2026-03-13T03:15:40,3617.45,100.0,-122.5,147.5,-122.5,3494.95,3493.9,100.0,True,
2026-03-13T09:37:40,84,RR1.00:3-4:554:2070,2026-03-13T03:15:40,3617.45,100.0,-122.5,147.5,-122.5,3494.95,3493.9,100.0,True,
2026-03-13T09:37:40,91,RR1.00:3-4:554:2070,2026-03-13T03:15:40,3300.0,100.0,-122.5,147.5,-122.5,3177.5,3176.45,100.0,True,
2026-03-13T09:37:40,92,RR1.00:3-4:554:2070,2026-03-13T03:15:40,3438.85,100.0,-122.5,147.5,-122.5,3316.35,3315.3,100.0,True,
2026-03-13T09:37:40,93,RR1.00:3-4:554:2070,2026-03-13T03:15:40,3330.9,100.0,-122.5,147.5,-122.5,3208.4,3207.35,100.0,True,
2026-03-13T09:37:40,94,RR1.00:3-4:554:2070,2026-03-13T03:15:40,3663.3,100.0,-122.5,147.5,-122.5,3540.8,3539.75,100.0,True,
2026-03-13T09:37:40,95,RR1.00:3-4:554:2070,2026-03-13T03:15:40,3291.45,100.0,-122.5,147.5,-122.5,3168.95,3167.9,100.0,True,
2026-03-13T09:37:40,96,RR1.00:3-4:554:2070,2026-03-13T03:15:40,3355.1,100.0,-122.5,147.5,-122.5,3232.6,3231.55,100.0,True,
2026-03-13T09:37:40,97,RR1.00:3-4:554:2070,2026-03-13T03:15:40,3355.1,100.0,-122.5,147.5,-122.5,3232.6,3231.55,100.0,True,
2026-03-13T09:37:40,98,RR1.00:3-4:554:2070,2026-03-13T03:15:40,3603.3,100.0,-122.5,147.5,-122.5,3480.8,3479.75,100.0,True,
2026-03-13T09:37:40,99,RR1.00:3-4:554:2070,2026-03-13T03:15:40,3463.55,100.0,-122.5,147.5,-122.5,3341.05,3340.0,100.0,True,
2026-03-13T09:37:40,100,RR1.00:3-4:554:2070,2026-03-13T03:15:40,3503.35,100.0,-122.5,147.5,-122.5,3380.85,3379.8,100.0,True,
2026-03-13T12:30:00,4,RR1.00:11-12:456:1963,2026-03-13T11:37:40,3170.75,100.0,-10.5,228.5,133.0,3160.25,3302.7,100.0,True,
2026-03-13T12:30:00,65,RR1.00:11-12:456:1963,2026-03-13T11:37:40,3580.35,100.0,-10.5,228.5,133.0,3569.85,3712.3,100.0,True,
2026-03-13T12:30:00,66,RR1.00:11-12:456:1963,2026-03-13T11:37:40,3291.35,100.0,-10.5,228.5,133.0,3280.85,3423.3,100.0,True,
2026-03-13T12:30:00,78,RR1.00:11-12:456:1963,2026-03-13T11:37:40,3154.05,100.0,-10.5,228.5,133.0,3143.55,3286.0,100.0,True,
2026-03-13T12:30:00,79,RR1.00:11-12:456:1963,2026-03-13T11:37:40,3384.25,100.0,-10.5,228.5,133.0,3373.75,3516.2,100.0,True,
2026-03-13T12:30:00,80,RR1.00:11-12:456:1963,2026-03-13T11:37:40,3107.1,100.0,-10.5,228.5,133.0,3096.6,3239.05,100.0,True,
2026-03-13T12:30:00,81,RR1.00:11-12:456:1963,2026-03-13T11:37:40,3107.1,100.0,-10.5,228.5,133.0,3096.6,3239.05,100.0,True,
2026-03-13T12:30:00,82,RR1.00:11-12:456:1963,2026-03-13T11:37:40,3107.1,100.0,-10.5,228.5,133.0,3096.6,3239.05,100.0,True,
2026-03-13T12:30:00,83,RR1.00:11-12:456:1963,2026-03-13T11:37:40,3493.9,100.0,-10.5,228.5,133.0,3483.4,3625.85,100.0,True,
2026-03-13T12:30:00,84,RR1.00:11-12:456:1963,2026-03-13T11:37:40,3493.9,100.0,-10.5,228.5,133.0,3483.4,3625.85,100.0,True,
2026-03-13T12:30:00,91,RR1.00:11-12:456:1963,2026-03-13T11:37:40,3176.45,100.0,-10.5,228.5,133.0,3165.95,3308.4,100.0,True,
2026-03-13T12:30:00,92,RR1.00:11-12:456:1963,2026-03-13T11:37:40,3315.3,100.0,-10.5,228.5,133.0,3304.8,3447.25,100.0,True,
2026-03-13T12:30:00,93,RR1.00:11-12:456:1963,2026-03-13T11:37:40,3207.35,100.0,-10.5,228.5,133.0,3196.85,3339.3,100.0,True,
2026-03-13T12:30:00,94,RR1.00:11-12:456:1963,2026-03-13T11:37:40,3539.75,100.0,-10.5,228.5,133.0,3529.25,3671.7,100.0,True,
2026-03-13T12:30:00,95,RR1.00:11-12:456:1963,2026-03-13T11:37:40,3167.9,100.0,-10.5,228.5,133.0,3157.4,3299.85,100.0,True,
2026-03-13T12:30:00,96,RR1.00:11-12:456:1963,2026-03-13T11:37:40,3231.55,100.0,-10.5,228.5,133.0,3221.05,3363.5,100.0,True,
2026-03-13T12:30:00,97,RR1.00:11-12:456:1963,2026-03-13T11:37:40,3231.55,100.0,-10.5,228.5,133.0,3221.05,3363.5,100.0,True,
2026-03-13T12:30:00,98,RR1.00:11-12:456:1963,2026-03-13T11:37:40,3479.75,100.0,-10.5,228.5,133.0,3469.25,3611.7,100.0,True,
2026-03-13T12:30:00,99,RR1.00:11-12:456:1963,2026-03-13T11:37:40,3340.0,100.0,-10.5,228.5,133.0,3329.5,3471.95,100.0,True,
2026-03-13T12:30:00,100,RR1.00:11-12:456:1963,2026-03-13T11:37:40,3379.8,100.0,-10.5,228.5,133.0,3369.3,3511.75,100.0,True,
2026-03-13T16:35:40,4,RR1.00:15-16:682:2234,2026-03-13T15:30:40,3302.7,100.0,-93.0,117.0,-93.0,3209.7,3208.65,100.0,True,
2026-03-13T16:35:40,65,RR1.00:15-16:682:2234,2026-03-13T15:30:40,3712.3,100.0,-93.0,117.0,-93.0,3619.3,3618.25,100.0,True,
2026-03-13T16:35:40,66,RR1.00:15-16:682:2234,2026-03-13T15:30:40,3423.3,100.0,-93.0,117.0,-93.0,3330.3,3329.25,100.0,True,
2026-03-13T16:35:40,78,RR1.00:15-16:682:2234,2026-03-13T15:30:40,3286.0,100.0,-93.0,117.0,-93.0,3193.0,3191.95,100.0,True,
2026-03-13T16:35:40,79,RR1.00:15-16:682:2234,2026-03-13T15:30:40,3516.2,100.0,-93.0,117.0,-93.0,3423.2,3422.15,100.0,True,
2026-03-13T16:35:40,80,RR1.00:15-16:682:2234,2026-03-13T15:30:40,3239.05,100.0,-93.0,117.0,-93.0,3146.05,3145.0,100.0,True,
2026-03-13T16:35:40,81,RR1.00:15-16:682:2234,2026-03-13T15:30:40,3239.05,100.0,-93.0,117.0,-93.0,3146.05,3145.0,100.0,True,
2026-03-13T16:35:40,82,RR1.00:15-16:682:2234,2026-03-13T15:30:40,3239.05,100.0,-93.0,117.0,-93.0,3146.05,3145.0,100.0,True,
2026-03-13T16:35:40,83,RR1.00:15-16:682:2234,2026-03-13T15:30:40,3625.85,100.0,-93.0,117.0,-93.0,3532.85,3531.8,100.0,True,
2026-03-13T16:35:40,84,RR1.00:15-16:682:2234,2026-03-13T15:30:40,3625.85,100.0,-93.0,117.0,-93.0,3532.85,3531.8,100.0,True,
2026-03-13T16:35:40,91,RR1.00:15-16:682:2234,2026-03-13T15:30:40,3308.4,100.0,-93.0,117.0,-93.0,3215.4,3214.35,100.0,True,
2026-03-13T16:35:40,92,RR1.00:15-16:682:2234,2026-03-13T15:30:40,3447.25,100.0,-93.0,117.0,-93.0,3354.25,3353.2,100.0,True,
2026-03-13T16:35:40,93,RR1.00:15-16:682:2234,2026-03-13T15:30:40,3339.3,100.0,-93.0,117.0,-93.0,3246.3,3245.25,100.0,True,
2026-03-13T16:35:40,94,RR1.00:15-16:682:2234,2026-03-13T15:30:40,3671.7,100.0,-93.0,117.0,-93.0,3578.7,3577.65,100.0,True,
2026-03-13T16:35:40,95,RR1.00:15-16:682:2234,2026-03-13T15:30:40,3299.85,100.0,-93.0,117.0,-93.0,3206.85,3205.8,100.0,True,
2026-03-13T16:35:40,96,RR1.00:15-16:682:2234,2026-03-13T15:30:40,3363.5,100.0,-93.0,117.0,-93.0,3270.5,3269.45,100.0,True,
2026-03-13T16:35:40,97,RR1.00:15-16:682:2234,2026-03-13T15:30:40,3363.5,100.0,-93.0,117.0,-93.0,3270.5,3269.45,100.0,True,
2026-03-13T16:35:40,98,RR1.00:15-16:682:2234,2026-03-13T15:30:40,3611.7,100.0,-93.0,117.0,-93.0,3518.7,3517.65,100.0,True,
2026-03-13T16:35:40,99,RR1.00:15-16:682:2234,2026-03-13T15:30:40,3471.95,100.0,-93.0,117.0,-93.0,3378.95,3377.9,100.0,True,
2026-03-13T16:35:40,100,RR1.00:15-16:682:2234,2026-03-13T15:30:40,3511.75,100.0,-93.0,117.0,-93.0,3418.75,3417.7,100.0,True,
2026-03-13T16:35:40,4,RR1.00:16-17:847:2418,2026-03-13T16:33:20,3208.65,100.0,-105.0,23.5,-105.0,3103.65,3208.65,100.0,True,
2026-03-13T16:35:40,65,RR1.00:16-17:847:2418,2026-03-13T16:33:20,3618.25,100.0,-105.0,23.5,-105.0,3513.25,3618.25,100.0,True,
2026-03-13T16:35:40,66,RR1.00:16-17:847:2418,2026-03-13T16:33:20,3329.25,100.0,-105.0,23.5,-105.0,3224.25,3329.25,100.0,True,
2026-03-13T16:35:40,78,RR1.00:16-17:847:2418,2026-03-13T16:33:20,3191.95,100.0,-105.0,23.5,-105.0,3086.95,3191.95,100.0,True,
2026-03-13T16:35:40,79,RR1.00:16-17:847:2418,2026-03-13T16:33:20,3422.15,100.0,-105.0,23.5,-105.0,3317.15,3422.15,100.0,True,
2026-03-13T16:35:40,80,RR1.00:16-17:847:2418,2026-03-13T16:33:20,3145.0,100.0,-105.0,23.5,-105.0,3040.0,3145.0,100.0,True,
2026-03-13T16:35:40,81,RR1.00:16-17:847:2418,2026-03-13T16:33:20,3145.0,100.0,-105.0,23.5,-105.0,3040.0,3145.0,100.0,True,
2026-03-13T16:35:40,82,RR1.00:16-17:847:2418,2026-03-13T16:33:20,3145.0,100.0,-105.0,23.5,-105.0,3040.0,3145.0,100.0,True,
2026-03-13T16:35:40,83,RR1.00:16-17:847:2418,2026-03-13T16:33:20,3531.8,100.0,-105.0,23.5,-105.0,3426.8,3531.8,100.0,True,
2026-03-13T16:35:40,84,RR1.00:16-17:847:2418,2026-03-13T16:33:20,3531.8,100.0,-105.0,23.5,-105.0,3426.8,3531.8,100.0,True,
2026-03-13T16:35:40,91,RR1.00:16-17:847:2418,2026-03-13T16:33:20,3214.35,100.0,-105.0,23.5,-105.0,3109.35,3214.35,100.0,True,
2026-03-13T16:35:40,92,RR1.00:16-17:847:2418,2026-03-13T16:33:20,3353.2,100.0,-105.0,23.5,-105.0,3248.2,3353.2,100.0,True,
2026-03-13T16:35:40,93,RR1.00:16-17:847:2418,2026-03-13T16:33:20,3245.25,100.0,-105.0,23.5,-105.0,3140.25,3245.25,100.0,True,
2026-03-13T16:35:40,94,RR1.00:16-17:847:2418,2026-03-13T16:33:20,3577.65,100.0,-105.0,23.5,-105.0,3472.65,3577.65,100.0,True,
2026-03-13T16:35:40,95,RR1.00:16-17:847:2418,2026-03-13T16:33:20,3205.8,100.0,-105.0,23.5,-105.0,3100.8,3205.8,100.0,True,
2026-03-13T16:35:40,96,RR1.00:16-17:847:2418,2026-03-13T16:33:20,3269.45,100.0,-105.0,23.5,-105.0,3164.45,3269.45,100.0,True,
2026-03-13T16:35:40,97,RR1.00:16-17:847:2418,2026-03-13T16:33:20,3269.45,100.0,-105.0,23.5,-105.0,3164.45,3269.45,100.0,True,
2026-03-13T16:35:40,98,RR1.00:16-17:847:2418,2026-03-13T16:33:20,3517.65,100.0,-105.0,23.5,-105.0,3412.65,3517.65,100.0,True,
2026-03-13T16:35:40,99,RR1.00:16-17:847:2418,2026-03-13T16:33:20,3377.9,100.0,-105.0,23.5,-105.0,3272.9,3377.9,100.0,True,
2026-03-13T16:35:40,100,RR1.00:16-17:847:2418,2026-03-13T16:33:20,3417.7,100.0,-105.0,23.5,-105.0,3312.7,3417.7,100.0,True,
2026-03-13T22:40:40,4,RR1.00:21-22:536:1988,2026-03-13T21:43:40,3208.65,100.0,-206.0,33.5,-206.0,3002.65,3001.6,100.0,True,
2026-03-13T22:40:40,65,RR1.00:21-22:536:1988,2026-03-13T21:43:40,3618.25,100.0,-206.0,33.5,-206.0,3412.25,3411.2,100.0,True,
2026-03-13T22:40:40,66,RR1.00:21-22:536:1988,2026-03-13T21:43:40,3329.25,100.0,-206.0,33.5,-206.0,3123.25,3122.2,100.0,True,
2026-03-13T22:40:40,78,RR1.00:21-22:536:1988,2026-03-13T21:43:40,3191.95,100.0,-206.0,33.5,-206.0,2985.95,2984.9,100.0,True,
2026-03-13T22:40:40,79,RR1.00:21-22:536:1988,2026-03-13T21:43:40,3422.15,100.0,-206.0,33.5,-206.0,3216.15,3215.1,100.0,True,
2026-03-13T22:40:40,80,RR1.00:21-22:536:1988,2026-03-13T21:43:40,3145.0,100.0,-206.0,33.5,-206.0,2939.0,2937.95,100.0,True,
2026-03-13T22:40:40,81,RR1.00:21-22:536:1988,2026-03-13T21:43:40,3145.0,100.0,-206.0,33.5,-206.0,2939.0,2937.95,100.0,True,
2026-03-13T22:40:40,82,RR1.00:21-22:536:1988,2026-03-13T21:43:40,3145.0,100.0,-206.0,33.5,-206.0,2939.0,2937.95,100.0,True,
2026-03-13T22:40:40,83,RR1.00:21-22:536:1988,2026-03-13T21:43:40,3531.8,100.0,-206.0,33.5,-206.0,3325.8,3324.75,100.0,True,
2026-03-13T22:40:40,84,RR1.00:21-22:536:1988,2026-03-13T21:43:40,3531.8,100.0,-206.0,33.5,-206.0,3325.8,3324.75,100.0,True,
2026-03-13T22:40:40,91,RR1.00:21-22:536:1988,2026-03-13T21:43:40,3214.35,100.0,-206.0,33.5,-206.0,3008.35,3007.3,100.0,True,
2026-03-13T22:40:40,92,RR1.00:21-22:536:1988,2026-03-13T21:43:40,3353.2,100.0,-206.0,33.5,-206.0,3147.2,3146.15,100.0,True,
2026-03-13T22:40:40,93,RR1.00:21-22:536:1988,2026-03-13T21:43:40,3245.25,100.0,-206.0,33.5,-206.0,3039.25,3038.2,100.0,True,
2026-03-13T22:40:40,94,RR1.00:21-22:536:1988,2026-03-13T21:43:40,3577.65,100.0,-206.0,33.5,-206.0,3371.65,3370.6,100.0,True,
2026-03-13T22:40:40,95,RR1.00:21-22:536:1988,2026-03-13T21:43:40,3205.8,100.0,-206.0,33.5,-206.0,2999.8,2998.75,100.0,True,
2026-03-13T22:40:40,96,RR1.00:21-22:536:1988,2026-03-13T21:43:40,3269.45,100.0,-206.0,33.5,-206.0,3063.45,3062.4,100.0,True,
2026-03-13T22:40:40,97,RR1.00:21-22:536:1988,2026-03-13T21:43:40,3269.45,100.0,-206.0,33.5,-206.0,3063.45,3062.4,100.0,True,
2026-03-13T22:40:40,98,RR1.00:21-22:536:1988,2026-03-13T21:43:40,3517.65,100.0,-206.0,33.5,-206.0,3311.65,3310.6,100.0,True,
2026-03-13T22:40:40,99,RR1.00:21-22:536:1988,2026-03-13T21:43:40,3377.9,100.0,-206.0,33.5,-206.0,3171.9,3170.85,100.0,True,
2026-03-13T22:40:40,100,RR1.00:21-22:536:1988,2026-03-13T21:43:40,3417.7,100.0,-206.0,33.5,-206.0,3211.7,3210.65,100.0,True,
2026-03-16T01:08:40,4,RR1.00:1-2:452:1836,2026-03-16T01:01:40,3001.6,100.0,-99.5,41.5,-99.5,2902.1,2901.05,100.0,True,
2026-03-16T01:08:40,65,RR1.00:1-2:452:1836,2026-03-16T01:01:40,3411.2,100.0,-99.5,41.5,-99.5,3311.7,3310.65,100.0,True,
2026-03-16T01:08:40,66,RR1.00:1-2:452:1836,2026-03-16T01:01:40,3122.2,100.0,-99.5,41.5,-99.5,3022.7,3021.65,100.0,True,
2026-03-16T01:08:40,78,RR1.00:1-2:452:1836,2026-03-16T01:01:40,2984.9,100.0,-99.5,41.5,-99.5,2885.4,2884.35,100.0,True,
2026-03-16T01:08:40,79,RR1.00:1-2:452:1836,2026-03-16T01:01:40,3215.1,100.0,-99.5,41.5,-99.5,3115.6,3114.55,100.0,True,
2026-03-16T01:08:40,80,RR1.00:1-2:452:1836,2026-03-16T01:01:40,2937.95,100.0,-99.5,41.5,-99.5,2838.45,2837.4,100.0,True,
2026-03-16T01:08:40,81,RR1.00:1-2:452:1836,2026-03-16T01:01:40,2937.95,100.0,-99.5,41.5,-99.5,2838.45,2837.4,100.0,True,
2026-03-16T01:08:40,82,RR1.00:1-2:452:1836,2026-03-16T01:01:40,2937.95,100.0,-99.5,41.5,-99.5,2838.45,2837.4,100.0,True,
2026-03-16T01:08:40,83,RR1.00:1-2:452:1836,2026-03-16T01:01:40,3324.75,100.0,-99.5,41.5,-99.5,3225.25,3224.2,100.0,True,
2026-03-16T01:08:40,84,RR1.00:1-2:452:1836,2026-03-16T01:01:40,3324.75,100.0,-99.5,41.5,-99.5,3225.25,3224.2,100.0,True,
2026-03-16T01:08:40,91,RR1.00:1-2:452:1836,2026-03-16T01:01:40,3007.3,100.0,-99.5,41.5,-99.5,2907.8,2906.75,100.0,True,
2026-03-16T01:08:40,92,RR1.00:1-2:452:1836,2026-03-16T01:01:40,3146.15,100.0,-99.5,41.5,-99.5,3046.65,3045.6,100.0,True,
2026-03-16T01:08:40,93,RR1.00:1-2:452:1836,2026-03-16T01:01:40,3038.2,100.0,-99.5,41.5,-99.5,2938.7,2937.65,100.0,True,
2026-03-16T01:08:40,94,RR1.00:1-2:452:1836,2026-03-16T01:01:40,3370.6,100.0,-99.5,41.5,-99.5,3271.1,3270.05,100.0,True,
2026-03-16T01:08:40,95,RR1.00:1-2:452:1836,2026-03-16T01:01:40,2998.75,100.0,-99.5,41.5,-99.5,2899.25,2898.2,100.0,True,
2026-03-16T01:08:40,96,RR1.00:1-2:452:1836,2026-03-16T01:01:40,3062.4,100.0,-99.5,41.5,-99.5,2962.9,2961.85,100.0,True,
2026-03-16T01:08:40,97,RR1.00:1-2:452:1836,2026-03-16T01:01:40,3062.4,100.0,-99.5,41.5,-99.5,2962.9,2961.85,100.0,True,
2026-03-16T01:08:40,98,RR1.00:1-2:452:1836,2026-03-16T01:01:40,3310.6,100.0,-99.5,41.5,-99.5,3211.1,3210.05,100.0,True,
2026-03-16T01:08:40,99,RR1.00:1-2:452:1836,2026-03-16T01:01:40,3170.85,100.0,-99.5,41.5,-99.5,3071.35,3070.3,100.0,True,
2026-03-16T01:08:40,100,RR1.00:1-2:452:1836,2026-03-16T01:01:40,3210.65,100.0,-99.5,41.5,-99.5,3111.15,3110.1,100.0,True,
2026-03-16T05:15:40,4,RR1.00:4-5:529:2056,2026-03-16T04:54:40,2901.05,100.0,-66.0,4.0,-66.0,2835.05,2834.0,100.0,True,
2026-03-16T05:15:40,65,RR1.00:4-5:529:2056,2026-03-16T04:54:40,3310.65,100.0,-66.0,4.0,-66.0,3244.65,3243.6,100.0,True,
2026-03-16T05:15:40,66,RR1.00:4-5:529:2056,2026-03-16T04:54:40,3021.65,100.0,-66.0,4.0,-66.0,2955.65,2954.6,100.0,True,
2026-03-16T05:15:40,78,RR1.00:4-5:529:2056,2026-03-16T04:54:40,2884.35,100.0,-66.0,4.0,-66.0,2818.35,2817.3,100.0,True,
2026-03-16T05:15:40,79,RR1.00:4-5:529:2056,2026-03-16T04:54:40,3114.55,100.0,-66.0,4.0,-66.0,3048.55,3047.5,100.0,True,
2026-03-16T05:15:40,80,RR1.00:4-5:529:2056,2026-03-16T04:54:40,2837.4,100.0,-66.0,4.0,-66.0,2771.4,2770.35,100.0,True,
2026-03-16T05:15:40,81,RR1.00:4-5:529:2056,2026-03-16T04:54:40,2837.4,100.0,-66.0,4.0,-66.0,2771.4,2770.35,100.0,True,
2026-03-16T05:15:40,82,RR1.00:4-5:529:2056,2026-03-16T04:54:40,2837.4,100.0,-66.0,4.0,-66.0,2771.4,2770.35,100.0,True,
2026-03-16T05:15:40,83,RR1.00:4-5:529:2056,2026-03-16T04:54:40,3224.2,100.0,-66.0,4.0,-66.0,3158.2,3157.15,100.0,True,
2026-03-16T05:15:40,84,RR1.00:4-5:529:2056,2026-03-16T04:54:40,3224.2,100.0,-66.0,4.0,-66.0,3158.2,3157.15,100.0,True,
2026-03-16T05:15:40,91,RR1.00:4-5:529:2056,2026-03-16T04:54:40,2906.75,100.0,-66.0,4.0,-66.0,2840.75,2839.7,100.0,True,
2026-03-16T05:15:40,92,RR1.00:4-5:529:2056,2026-03-16T04:54:40,3045.6,100.0,-66.0,4.0,-66.0,2979.6,2978.55,100.0,True,
2026-03-16T05:15:40,93,RR1.00:4-5:529:2056,2026-03-16T04:54:40,2937.65,100.0,-66.0,4.0,-66.0,2871.65,2870.6,100.0,True,
2026-03-16T05:15:40,94,RR1.00:4-5:529:2056,2026-03-16T04:54:40,3270.05,100.0,-66.0,4.0,-66.0,3204.05,3203.0,100.0,True,
2026-03-16T05:15:40,95,RR1.00:4-5:529:2056,2026-03-16T04:54:40,2898.2,100.0,-66.0,4.0,-66.0,2832.2,2831.15,100.0,True,
2026-03-16T05:15:40,96,RR1.00:4-5:529:2056,2026-03-16T04:54:40,2961.85,100.0,-66.0,4.0,-66.0,2895.85,2894.8,100.0,True,
2026-03-16T05:15:40,97,RR1.00:4-5:529:2056,2026-03-16T04:54:40,2961.85,100.0,-66.0,4.0,-66.0,2895.85,2894.8,100.0,True,
2026-03-16T05:15:40,98,RR1.00:4-5:529:2056,2026-03-16T04:54:40,3210.05,100.0,-66.0,4.0,-66.0,3144.05,3143.0,100.0,True,
2026-03-16T05:15:40,99,RR1.00:4-5:529:2056,2026-03-16T04:54:40,3070.3,100.0,-66.0,4.0,-66.0,3004.3,3003.25,100.0,True,
2026-03-16T05:15:40,100,RR1.00:4-5:529:2056,2026-03-16T04:54:40,3110.1,100.0,-66.0,4.0,-66.0,3044.1,3043.05,100.0,True,
2026-03-16T10:00:00,4,RR1.00:8-9:601:2136,2026-03-16T08:38:40,2834.0,100.0,-5.0,67.0,60.0,2829.0,2892.95,100.0,True,
2026-03-16T10:00:00,65,RR1.00:8-9:601:2136,2026-03-16T08:38:40,3243.6,100.0,-5.0,67.0,60.0,3238.6,3302.55,100.0,True,
2026-03-16T10:00:00,66,RR1.00:8-9:601:2136,2026-03-16T08:38:40,2954.6,100.0,-5.0,67.0,60.0,2949.6,3013.55,100.0,True,
2026-03-16T10:00:00,78,RR1.00:8-9:601:2136,2026-03-16T08:38:40,2817.3,100.0,-5.0,67.0,60.0,2812.3,2876.25,100.0,True,
2026-03-16T10:00:00,79,RR1.00:8-9:601:2136,2026-03-16T08:38:40,3047.5,100.0,-5.0,67.0,60.0,3042.5,3106.45,100.0,True,
2026-03-16T10:00:00,80,RR1.00:8-9:601:2136,2026-03-16T08:38:40,2770.35,100.0,-5.0,67.0,60.0,2765.35,2829.3,100.0,True,
2026-03-16T10:00:00,81,RR1.00:8-9:601:2136,2026-03-16T08:38:40,2770.35,100.0,-5.0,67.0,60.0,2765.35,2829.3,100.0,True,
2026-03-16T10:00:00,82,RR1.00:8-9:601:2136,2026-03-16T08:38:40,2770.35,100.0,-5.0,67.0,60.0,2765.35,2829.3,100.0,True,
2026-03-16T10:00:00,83,RR1.00:8-9:601:2136,2026-03-16T08:38:40,3157.15,100.0,-5.0,67.0,60.0,3152.15,3216.1,100.0,True,
2026-03-16T10:00:00,84,RR1.00:8-9:601:2136,2026-03-16T08:38:40,3157.15,100.0,-5.0,67.0,60.0,3152.15,3216.1,100.0,True,
2026-03-16T10:00:00,91,RR1.00:8-9:601:2136,2026-03-16T08:38:40,2839.7,100.0,-5.0,67.0,60.0,2834.7,2898.65,100.0,True,
2026-03-16T10:00:00,92,RR1.00:8-9:601:2136,2026-03-16T08:38:40,2978.55,100.0,-5.0,67.0,60.0,2973.55,3037.5,100.0,True,
2026-03-16T10:00:00,93,RR1.00:8-9:601:2136,2026-03-16T08:38:40,2870.6,100.0,-5.0,67.0,60.0,2865.6,2929.55,100.0,True,
2026-03-16T10:00:00,94,RR1.00:8-9:601:2136,2026-03-16T08:38:40,3203.0,100.0,-5.0,67.0,60.0,3198.0,3261.95,100.0,True,
2026-03-16T10:00:00,95,RR1.00:8-9:601:2136,2026-03-16T08:38:40,2831.15,100.0,-5.0,67.0,60.0,2826.15,2890.1,100.0,True,
2026-03-16T10:00:00,96,RR1.00:8-9:601:2136,2026-03-16T08:38:40,2894.8,100.0,-5.0,67.0,60.0,2889.8,2953.75,100.0,True,
2026-03-16T10:00:00,97,RR1.00:8-9:601:2136,2026-03-16T08:38:40,2894.8,100.0,-5.0,67.0,60.0,2889.8,2953.75,100.0,True,
2026-03-16T10:00:00,98,RR1.00:8-9:601:2136,2026-03-16T08:38:40,3143.0,100.0,-5.0,67.0,60.0,3138.0,3201.95,100.0,True,
2026-03-16T10:00:00,99,RR1.00:8-9:601:2136,2026-03-16T08:38:40,3003.25,100.0,-5.0,67.0,60.0,2998.25,3062.2,100.0,True,
2026-03-16T10:00:00,100,RR1.00:8-9:601:2136,2026-03-16T08:38:40,3043.05,100.0,-5.0,67.0,60.0,3038.05,3102.0,100.0,True,
2026-03-16T10:27:40,4,RR1.00:9-10:556:2055,2026-03-16T09:56:40,2892.95,100.0,-57.5,41.0,-57.5,2835.45,2892.95,100.0,True,
2026-03-16T10:27:40,65,RR1.00:9-10:556:2055,2026-03-16T09:56:40,3302.55,100.0,-57.5,41.0,-57.5,3245.05,3302.55,100.0,True,
2026-03-16T10:27:40,66,RR1.00:9-10:556:2055,2026-03-16T09:56:40,3013.55,100.0,-57.5,41.0,-57.5,2956.05,3013.55,100.0,True,
2026-03-16T10:27:40,78,RR1.00:9-10:556:2055,2026-03-16T09:56:40,2876.25,100.0,-57.5,41.0,-57.5,2818.75,2876.25,100.0,True,
2026-03-16T10:27:40,79,RR1.00:9-10:556:2055,2026-03-16T09:56:40,3106.45,100.0,-57.5,41.0,-57.5,3048.95,3106.45,100.0,True,
2026-03-16T10:27:40,80,RR1.00:9-10:556:2055,2026-03-16T09:56:40,2829.3,100.0,-57.5,41.0,-57.5,2771.8,2829.3,100.0,True,
2026-03-16T10:27:40,81,RR1.00:9-10:556:2055,2026-03-16T09:56:40,2829.3,100.0,-57.5,41.0,-57.5,2771.8,2829.3,100.0,True,
2026-03-16T10:27:40,82,RR1.00:9-10:556:2055,2026-03-16T09:56:40,2829.3,100.0,-57.5,41.0,-57.5,2771.8,2829.3,100.0,True,
2026-03-16T10:27:40,83,RR1.00:9-10:556:2055,2026-03-16T09:56:40,3216.1,100.0,-57.5,41.0,-57.5,3158.6,3216.1,100.0,True,
2026-03-16T10:27:40,84,RR1.00:9-10:556:2055,2026-03-16T09:56:40,3216.1,100.0,-57.5,41.0,-57.5,3158.6,3216.1,100.0,True,
2026-03-16T10:27:40,91,RR1.00:9-10:556:2055,2026-03-16T09:56:40,2898.65,100.0,-57.5,41.0,-57.5,2841.15,2898.65,100.0,True,
2026-03-16T10:27:40,92,RR1.00:9-10:556:2055,2026-03-16T09:56:40,3037.5,100.0,-57.5,41.0,-57.5,2980.0,3037.5,100.0,True,
2026-03-16T10:27:40,93,RR1.00:9-10:556:2055,2026-03-16T09:56:40,2929.55,100.0,-57.5,41.0,-57.5,2872.05,2929.55,100.0,True,
2026-03-16T10:27:40,94,RR1.00:9-10:556:2055,2026-03-16T09:56:40,3261.95,100.0,-57.5,41.0,-57.5,3204.45,3261.95,100.0,True,
2026-03-16T10:27:40,95,RR1.00:9-10:556:2055,2026-03-16T09:56:40,2890.1,100.0,-57.5,41.0,-57.5,2832.6,2890.1,100.0,True,
2026-03-16T10:27:40,96,RR1.00:9-10:556:2055,2026-03-16T09:56:40,2953.75,100.0,-57.5,41.0,-57.5,2896.25,2953.75,100.0,True,
2026-03-16T10:27:40,97,RR1.00:9-10:556:2055,2026-03-16T09:56:40,2953.75,100.0,-57.5,41.0,-57.5,2896.25,2953.75,100.0,True,
2026-03-16T10:27:40,98,RR1.00:9-10:556:2055,2026-03-16T09:56:40,3201.95,100.0,-57.5,41.0,-57.5,3144.45,3201.95,100.0,True,
2026-03-16T10:27:40,99,RR1.00:9-10:556:2055,2026-03-16T09:56:40,3062.2,100.0,-57.5,41.0,-57.5,3004.7,3062.2,100.0,True,
2026-03-16T10:27:40,100,RR1.00:9-10:556:2055,2026-03-16T09:56:40,3102.0,100.0,-57.5,41.0,-57.5,3044.5,3102.0,100.0,True,
2026-03-16T11:20:40,4,RR1.00:11-12:457:1965,2026-03-16T11:02:40,2892.95,100.0,-75.5,57.5,-75.5,2817.45,2816.4,100.0,True,
2026-03-16T11:20:40,65,RR1.00:11-12:457:1965,2026-03-16T11:02:40,3302.55,100.0,-75.5,57.5,-75.5,3227.05,3226.0,100.0,True,
2026-03-16T11:20:40,66,RR1.00:11-12:457:1965,2026-03-16T11:02:40,3013.55,100.0,-75.5,57.5,-75.5,2938.05,2937.0,100.0,True,
2026-03-16T11:20:40,78,RR1.00:11-12:457:1965,2026-03-16T11:02:40,2876.25,100.0,-75.5,57.5,-75.5,2800.75,2799.7,100.0,True,
2026-03-16T11:20:40,79,RR1.00:11-12:457:1965,2026-03-16T11:02:40,3106.45,100.0,-75.5,57.5,-75.5,3030.95,3029.9,100.0,True,
2026-03-16T11:20:40,80,RR1.00:11-12:457:1965,2026-03-16T11:02:40,2829.3,100.0,-75.5,57.5,-75.5,2753.8,2752.75,100.0,True,
2026-03-16T11:20:40,81,RR1.00:11-12:457:1965,2026-03-16T11:02:40,2829.3,100.0,-75.5,57.5,-75.5,2753.8,2752.75,100.0,True,
2026-03-16T11:20:40,82,RR1.00:11-12:457:1965,2026-03-16T11:02:40,2829.3,100.0,-75.5,57.5,-75.5,2753.8,2752.75,100.0,True,
2026-03-16T11:20:40,83,RR1.00:11-12:457:1965,2026-03-16T11:02:40,3216.1,100.0,-75.5,57.5,-75.5,3140.6,3139.55,100.0,True,
2026-03-16T11:20:40,84,RR1.00:11-12:457:1965,2026-03-16T11:02:40,3216.1,100.0,-75.5,57.5,-75.5,3140.6,3139.55,100.0,True,
2026-03-16T11:20:40,91,RR1.00:11-12:457:1965,2026-03-16T11:02:40,2898.65,100.0,-75.5,57.5,-75.5,2823.15,2822.1,100.0,True,
2026-03-16T11:20:40,92,RR1.00:11-12:457:1965,2026-03-16T11:02:40,3037.5,100.0,-75.5,57.5,-75.5,2962.0,2960.95,100.0,True,
2026-03-16T11:20:40,93,RR1.00:11-12:457:1965,2026-03-16T11:02:40,2929.55,100.0,-75.5,57.5,-75.5,2854.05,2853.0,100.0,True,
2026-03-16T11:20:40,94,RR1.00:11-12:457:1965,2026-03-16T11:02:40,3261.95,100.0,-75.5,57.5,-75.5,3186.45,3185.4,100.0,True,
2026-03-16T11:20:40,95,RR1.00:11-12:457:1965,2026-03-16T11:02:40,2890.1,100.0,-75.5,57.5,-75.5,2814.6,2813.55,100.0,True,
2026-03-16T11:20:40,96,RR1.00:11-12:457:1965,2026-03-16T11:02:40,2953.75,100.0,-75.5,57.5,-75.5,2878.25,2877.2,100.0,True,
2026-03-16T11:20:40,97,RR1.00:11-12:457:1965,2026-03-16T11:02:40,2953.75,100.0,-75.5,57.5,-75.5,2878.25,2877.2,100.0,True,
2026-03-16T11:20:40,98,RR1.00:11-12:457:1965,2026-03-16T11:02:40,3201.95,100.0,-75.5,57.5,-75.5,3126.45,3125.4,100.0,True,
2026-03-16T11:20:40,99,RR1.00:11-12:457:1965,2026-03-16T11:02:40,3062.2,100.0,-75.5,57.5,-75.5,2986.7,2985.65,100.0,True,
2026-03-16T11:20:40,100,RR1.00:11-12:457:1965,2026-03-16T11:02:40,3102.0,100.0,-75.5,57.5,-75.5,3026.5,3025.45,100.0,True,
2026-03-16T13:30:00,4,RR1.00:13-14:570:2108,2026-03-16T13:03:40,2816.4,100.0,-41.5,133.5,110.5,2774.9,2925.85,100.0,True,
2026-03-16T13:30:00,65,RR1.00:13-14:570:2108,2026-03-16T13:03:40,3226.0,100.0,-41.5,133.5,110.5,3184.5,3335.45,100.0,True,
2026-03-16T13:30:00,66,RR1.00:13-14:570:2108,2026-03-16T13:03:40,2937.0,100.0,-41.5,133.5,110.5,2895.5,3046.45,100.0,True,
2026-03-16T13:30:00,78,RR1.00:13-14:570:2108,2026-03-16T13:03:40,2799.7,100.0,-41.5,133.5,110.5,2758.2,2909.15,100.0,True,
2026-03-16T13:30:00,79,RR1.00:13-14:570:2108,2026-03-16T13:03:40,3029.9,100.0,-41.5,133.5,110.5,2988.4,3139.35,100.0,True,
2026-03-16T13:30:00,80,RR1.00:13-14:570:2108,2026-03-16T13:03:40,2752.75,100.0,-41.5,133.5,110.5,2711.25,2862.2,100.0,True,
2026-03-16T13:30:00,81,RR1.00:13-14:570:2108,2026-03-16T13:03:40,2752.75,100.0,-41.5,133.5,110.5,2711.25,2862.2,100.0,True,
2026-03-16T13:30:00,82,RR1.00:13-14:570:2108,2026-03-16T13:03:40,2752.75,100.0,-41.5,133.5,110.5,2711.25,2862.2,100.0,True,
2026-03-16T13:30:00,83,RR1.00:13-14:570:2108,2026-03-16T13:03:40,3139.55,100.0,-41.5,133.5,110.5,3098.05,3249.0,100.0,True,
2026-03-16T13:30:00,84,RR1.00:13-14:570:2108,2026-03-16T13:03:40,3139.55,100.0,-41.5,133.5,110.5,3098.05,3249.0,100.0,True,
2026-03-16T13:30:00,91,RR1.00:13-14:570:2108,2026-03-16T13:03:40,2822.1,100.0,-41.5,133.5,110.5,2780.6,2931.55,100.0,True,
2026-03-16T13:30:00,92,RR1.00:13-14:570:2108,2026-03-16T13:03:40,2960.95,100.0,-41.5,133.5,110.5,2919.45,3070.4,100.0,True,
2026-03-16T13:30:00,93,RR1.00:13-14:570:2108,2026-03-16T13:03:40,2853.0,100.0,-41.5,133.5,110.5,2811.5,2962.45,100.0,True,
2026-03-16T13:30:00,94,RR1.00:13-14:570:2108,2026-03-16T13:03:40,3185.4,100.0,-41.5,133.5,110.5,3143.9,3294.85,100.0,True,
2026-03-16T13:30:00,95,RR1.00:13-14:570:2108,2026-03-16T13:03:40,2813.55,100.0,-41.5,133.5,110.5,2772.05,2923.0,100.0,True,
2026-03-16T13:30:00,96,RR1.00:13-14:570:2108,2026-03-16T13:03:40,2877.2,100.0,-41.5,133.5,110.5,2835.7,2986.65,100.0,True,
2026-03-16T13:30:00,97,RR1.00:13-14:570:2108,2026-03-16T13:03:40,2877.2,100.0,-41.5,133.5,110.5,2835.7,2986.65,100.0,True,
2026-03-16T13:30:00,98,RR1.00:13-14:570:2108,2026-03-16T13:03:40,3125.4,100.0,-41.5,133.5,110.5,3083.9,3234.85,100.0,True,
2026-03-16T13:30:00,99,RR1.00:13-14:570:2108,2026-03-16T13:03:40,2985.65,100.0,-41.5,133.5,110.5,2944.15,3095.1,100.0,True,
2026-03-16T13:30:00,100,RR1.00:13-14:570:2108,2026-03-16T13:03:40,3025.45,100.0,-41.5,133.5,110.5,2983.95,3134.9,100.0,True,
2026-03-16T15:30:00,4,RR1.00:14-15:531:2011,2026-03-16T14:36:40,2925.85,100.0,-6.0,133.5,106.0,2919.85,3030.8,100.0,True,
2026-03-16T15:30:00,65,RR1.00:14-15:531:2011,2026-03-16T14:36:40,3335.45,100.0,-6.0,133.5,106.0,3329.45,3440.4,100.0,True,
2026-03-16T15:30:00,66,RR1.00:14-15:531:2011,2026-03-16T14:36:40,3046.45,100.0,-6.0,133.5,106.0,3040.45,3151.4,100.0,True,
2026-03-16T15:30:00,78,RR1.00:14-15:531:2011,2026-03-16T14:36:40,2909.15,100.0,-6.0,133.5,106.0,2903.15,3014.1,100.0,True,
2026-03-16T15:30:00,79,RR1.00:14-15:531:2011,2026-03-16T14:36:40,3139.35,100.0,-6.0,133.5,106.0,3133.35,3244.3,100.0,True,
2026-03-16T15:30:00,80,RR1.00:14-15:531:2011,2026-03-16T14:36:40,2862.2,100.0,-6.0,133.5,106.0,2856.2,2967.15,100.0,True,
2026-03-16T15:30:00,81,RR1.00:14-15:531:2011,2026-03-16T14:36:40,2862.2,100.0,-6.0,133.5,106.0,2856.2,2967.15,100.0,True,
2026-03-16T15:30:00,82,RR1.00:14-15:531:2011,2026-03-16T14:36:40,2862.2,100.0,-6.0,133.5,106.0,2856.2,2967.15,100.0,True,
2026-03-16T15:30:00,83,RR1.00:14-15:531:2011,2026-03-16T14:36:40,3249.0,100.0,-6.0,133.5,106.0,3243.0,3353.95,100.0,True,
2026-03-16T15:30:00,84,RR1.00:14-15:531:2011,2026-03-16T14:36:40,3249.0,100.0,-6.0,133.5,106.0,3243.0,3353.95,100.0,True,
2026-03-16T15:30:00,91,RR1.00:14-15:531:2011,2026-03-16T14:36:40,2931.55,100.0,-6.0,133.5,106.0,2925.55,3036.5,100.0,True,
2026-03-16T15:30:00,92,RR1.00:14-15:531:2011,2026-03-16T14:36:40,3070.4,100.0,-6.0,133.5,106.0,3064.4,3175.35,100.0,True,
2026-03-16T15:30:00,93,RR1.00:14-15:531:2011,2026-03-16T14:36:40,2962.45,100.0,-6.0,133.5,106.0,2956.45,3067.4,100.0,True,
2026-03-16T15:30:00,94,RR1.00:14-15:531:2011,2026-03-16T14:36:40,3294.85,100.0,-6.0,133.5,106.0,3288.85,3399.8,100.0,True,
2026-03-16T15:30:00,95,RR1.00:14-15:531:2011,2026-03-16T14:36:40,2923.0,100.0,-6.0,133.5,106.0,2917.0,3027.95,100.0,True,
2026-03-16T15:30:00,96,RR1.00:14-15:531:2011,2026-03-16T14:36:40,2986.65,100.0,-6.0,133.5,106.0,2980.65,3091.6,100.0,True,
2026-03-16T15:30:00,97,RR1.00:14-15:531:2011,2026-03-16T14:36:40,2986.65,100.0,-6.0,133.5,106.0,2980.65,3091.6,100.0,True,
2026-03-16T15:30:00,98,RR1.00:14-15:531:2011,2026-03-16T14:36:40,3234.85,100.0,-6.0,133.5,106.0,3228.85,3339.8,100.0,True,
2026-03-16T15:30:00,99,RR1.00:14-15:531:2011,2026-03-16T14:36:40,3095.1,100.0,-6.0,133.5,106.0,3089.1,3200.05,100.0,True,
2026-03-16T15:30:00,100,RR1.00:14-15:531:2011,2026-03-16T14:36:40,3134.9,100.0,-6.0,133.5,106.0,3128.9,3239.85,100.0,True,
2026-03-16T17:00:00,4,RR1.00:16-17:848:2421,2026-03-16T16:31:40,3030.8,100.0,-44.0,124.0,107.5,2986.8,3137.25,100.0,True,
2026-03-16T17:00:00,65,RR1.00:16-17:848:2421,2026-03-16T16:31:40,3440.4,100.0,-44.0,124.0,107.5,3396.4,3546.85,100.0,True,
2026-03-16T17:00:00,66,RR1.00:16-17:848:2421,2026-03-16T16:31:40,3151.4,100.0,-44.0,124.0,107.5,3107.4,3257.85,100.0,True,
2026-03-16T17:00:00,78,RR1.00:16-17:848:2421,2026-03-16T16:31:40,3014.1,100.0,-44.0,124.0,107.5,2970.1,3120.55,100.0,True,
2026-03-16T17:00:00,79,RR1.00:16-17:848:2421,2026-03-16T16:31:40,3244.3,100.0,-44.0,124.0,107.5,3200.3,3350.75,100.0,True,
2026-03-16T17:00:00,80,RR1.00:16-17:848:2421,2026-03-16T16:31:40,2967.15,100.0,-44.0,124.0,107.5,2923.15,3073.6,100.0,True,
2026-03-16T17:00:00,81,RR1.00:16-17:848:2421,2026-03-16T16:31:40,2967.15,100.0,-44.0,124.0,107.5,2923.15,3073.6,100.0,True,
2026-03-16T17:00:00,82,RR1.00:16-17:848:2421,2026-03-16T16:31:40,2967.15,100.0,-44.0,124.0,107.5,2923.15,3073.6,100.0,True,
2026-03-16T17:00:00,83,RR1.00:16-17:848:2421,2026-03-16T16:31:40,3353.95,100.0,-44.0,124.0,107.5,3309.95,3460.4,100.0,True,
2026-03-16T17:00:00,84,RR1.00:16-17:848:2421,2026-03-16T16:31:40,3353.95,100.0,-44.0,124.0,107.5,3309.95,3460.4,100.0,True,
2026-03-16T17:00:00,91,RR1.00:16-17:848:2421,2026-03-16T16:31:40,3036.5,100.0,-44.0,124.0,107.5,2992.5,3142.95,100.0,True,
2026-03-16T17:00:00,92,RR1.00:16-17:848:2421,2026-03-16T16:31:40,3175.35,100.0,-44.0,124.0,107.5,3131.35,3281.8,100.0,True,
2026-03-16T17:00:00,93,RR1.00:16-17:848:2421,2026-03-16T16:31:40,3067.4,100.0,-44.0,124.0,107.5,3023.4,3173.85,100.0,True,
2026-03-16T17:00:00,94,RR1.00:16-17:848:2421,2026-03-16T16:31:40,3399.8,100.0,-44.0,124.0,107.5,3355.8,3506.25,100.0,True,
2026-03-16T17:00:00,95,RR1.00:16-17:848:2421,2026-03-16T16:31:40,3027.95,100.0,-44.0,124.0,107.5,2983.95,3134.4,100.0,True,
2026-03-16T17:00:00,96,RR1.00:16-17:848:2421,2026-03-16T16:31:40,3091.6,100.0,-44.0,124.0,107.5,3047.6,3198.05,100.0,True,
2026-03-16T17:00:00,97,RR1.00:16-17:848:2421,2026-03-16T16:31:40,3091.6,100.0,-44.0,124.0,107.5,3047.6,3198.05,100.0,True,
2026-03-16T17:00:00,98,RR1.00:16-17:848:2421,2026-03-16T16:31:40,3339.8,100.0,-44.0,124.0,107.5,3295.8,3446.25,100.0,True,
2026-03-16T17:00:00,99,RR1.00:16-17:848:2421,2026-03-16T16:31:40,3200.05,100.0,-44.0,124.0,107.5,3156.05,3306.5,100.0,True,
2026-03-16T17:00:00,100,RR1.00:16-17:848:2421,2026-03-16T16:31:40,3239.85,100.0,-44.0,124.0,107.5,3195.85,3346.3,100.0,True,
2026-03-16T22:14:20,4,RR1.00:22-23:553:2000,2026-03-16T22:09:40,3137.25,100.0,-68.0,161.5,-68.0,3069.25,3137.25,100.0,True,
2026-03-16T22:14:20,65,RR1.00:22-23:553:2000,2026-03-16T22:09:40,3546.85,100.0,-68.0,161.5,-68.0,3478.85,3546.85,100.0,True,
2026-03-16T22:14:20,66,RR1.00:22-23:553:2000,2026-03-16T22:09:40,3257.85,100.0,-68.0,161.5,-68.0,3189.85,3257.85,100.0,True,
2026-03-16T22:14:20,78,RR1.00:22-23:553:2000,2026-03-16T22:09:40,3120.55,100.0,-68.0,161.5,-68.0,3052.55,3120.55,100.0,True,
2026-03-16T22:14:20,79,RR1.00:22-23:553:2000,2026-03-16T22:09:40,3350.75,100.0,-68.0,161.5,-68.0,3282.75,3350.75,100.0,True,
2026-03-16T22:14:20,80,RR1.00:22-23:553:2000,2026-03-16T22:09:40,3073.6,100.0,-68.0,161.5,-68.0,3005.6,3073.6,100.0,True,
2026-03-16T22:14:20,81,RR1.00:22-23:553:2000,2026-03-16T22:09:40,3073.6,100.0,-68.0,161.5,-68.0,3005.6,3073.6,100.0,True,
2026-03-16T22:14:20,82,RR1.00:22-23:553:2000,2026-03-16T22:09:40,3073.6,100.0,-68.0,161.5,-68.0,3005.6,3073.6,100.0,True,
2026-03-16T22:14:20,83,RR1.00:22-23:553:2000,2026-03-16T22:09:40,3460.4,100.0,-68.0,161.5,-68.0,3392.4,3460.4,100.0,True,
2026-03-16T22:14:20,84,RR1.00:22-23:553:2000,2026-03-16T22:09:40,3460.4,100.0,-68.0,161.5,-68.0,3392.4,3460.4,100.0,True,
2026-03-16T22:14:20,91,RR1.00:22-23:553:2000,2026-03-16T22:09:40,3142.95,100.0,-68.0,161.5,-68.0,3074.95,3142.95,100.0,True,
2026-03-16T22:14:20,92,RR1.00:22-23:553:2000,2026-03-16T22:09:40,3281.8,100.0,-68.0,161.5,-68.0,3213.8,3281.8,100.0,True,
2026-03-16T22:14:20,93,RR1.00:22-23:553:2000,2026-03-16T22:09:40,3173.85,100.0,-68.0,161.5,-68.0,3105.85,3173.85,100.0,True,
2026-03-16T22:14:20,94,RR1.00:22-23:553:2000,2026-03-16T22:09:40,3506.25,100.0,-68.0,161.5,-68.0,3438.25,3506.25,100.0,True,
2026-03-16T22:14:20,95,RR1.00:22-23:553:2000,2026-03-16T22:09:40,3134.4,100.0,-68.0,161.5,-68.0,3066.4,3134.4,100.0,True,
2026-03-16T22:14:20,96,RR1.00:22-23:553:2000,2026-03-16T22:09:40,3198.05,100.0,-68.0,161.5,-68.0,3130.05,3198.05,100.0,True,
2026-03-16T22:14:20,97,RR1.00:22-23:553:2000,2026-03-16T22:09:40,3198.05,100.0,-68.0,161.5,-68.0,3130.05,3198.05,100.0,True,
2026-03-16T22:14:20,98,RR1.00:22-23:553:2000,2026-03-16T22:09:40,3446.25,100.0,-68.0,161.5,-68.0,3378.25,3446.25,100.0,True,
2026-03-16T22:14:20,99,RR1.00:22-23:553:2000,2026-03-16T22:09:40,3306.5,100.0,-68.0,161.5,-68.0,3238.5,3306.5,100.0,True,
2026-03-16T22:14:20,100,RR1.00:22-23:553:2000,2026-03-16T22:09:40,3346.3,100.0,-68.0,161.5,-68.0,3278.3,3346.3,100.0,True,
2026-03-16T22:43:20,4,RR1.00:21-22:537:1990,2026-03-16T21:06:40,3137.25,100.0,-120.0,208.5,-120.0,3017.25,3137.25,100.0,True,
2026-03-16T22:43:20,65,RR1.00:21-22:537:1990,2026-03-16T21:06:40,3546.85,100.0,-120.0,208.5,-120.0,3426.85,3546.85,100.0,True,
2026-03-16T22:43:20,66,RR1.00:21-22:537:1990,2026-03-16T21:06:40,3257.85,100.0,-120.0,208.5,-120.0,3137.85,3257.85,100.0,True,
2026-03-16T22:43:20,78,RR1.00:21-22:537:1990,2026-03-16T21:06:40,3120.55,100.0,-120.0,208.5,-120.0,3000.55,3120.55,100.0,True,
2026-03-16T22:43:20,79,RR1.00:21-22:537:1990,2026-03-16T21:06:40,3350.75,100.0,-120.0,208.5,-120.0,3230.75,3350.75,100.0,True,
2026-03-16T22:43:20,80,RR1.00:21-22:537:1990,2026-03-16T21:06:40,3073.6,100.0,-120.0,208.5,-120.0,2953.6,3073.6,100.0,True,
2026-03-16T22:43:20,81,RR1.00:21-22:537:1990,2026-03-16T21:06:40,3073.6,100.0,-120.0,208.5,-120.0,2953.6,3073.6,100.0,True,
2026-03-16T22:43:20,82,RR1.00:21-22:537:1990,2026-03-16T21:06:40,3073.6,100.0,-120.0,208.5,-120.0,2953.6,3073.6,100.0,True,
2026-03-16T22:43:20,83,RR1.00:21-22:537:1990,2026-03-16T21:06:40,3460.4,100.0,-120.0,208.5,-120.0,3340.4,3460.4,100.0,True,
2026-03-16T22:43:20,84,RR1.00:21-22:537:1990,2026-03-16T21:06:40,3460.4,100.0,-120.0,208.5,-120.0,3340.4,3460.4,100.0,True,
2026-03-16T22:43:20,91,RR1.00:21-22:537:1990,2026-03-16T21:06:40,3142.95,100.0,-120.0,208.5,-120.0,3022.95,3142.95,100.0,True,
2026-03-16T22:43:20,92,RR1.00:21-22:537:1990,2026-03-16T21:06:40,3281.8,100.0,-120.0,208.5,-120.0,3161.8,3281.8,100.0,True,
2026-03-16T22:43:20,93,RR1.00:21-22:537:1990,2026-03-16T21:06:40,3173.85,100.0,-120.0,208.5,-120.0,3053.85,3173.85,100.0,True,
2026-03-16T22:43:20,94,RR1.00:21-22:537:1990,2026-03-16T21:06:40,3506.25,100.0,-120.0,208.5,-120.0,3386.25,3506.25,100.0,True,
2026-03-16T22:43:20,95,RR1.00:21-22:537:1990,2026-03-16T21:06:40,3134.4,100.0,-120.0,208.5,-120.0,3014.4,3134.4,100.0,True,
2026-03-16T22:43:20,96,RR1.00:21-22:537:1990,2026-03-16T21:06:40,3198.05,100.0,-120.0,208.5,-120.0,3078.05,3198.05,100.0,True,
2026-03-16T22:43:20,97,RR1.00:21-22:537:1990,2026-03-16T21:06:40,3198.05,100.0,-120.0,208.5,-120.0,3078.05,3198.05,100.0,True,
2026-03-16T22:43:20,98,RR1.00:21-22:537:1990,2026-03-16T21:06:40,3446.25,100.0,-120.0,208.5,-120.0,3326.25,3446.25,100.0,True,
2026-03-16T22:43:20,99,RR1.00:21-22:537:1990,2026-03-16T21:06:40,3306.5,100.0,-120.0,208.5,-120.0,3186.5,3306.5,100.0,True,
2026-03-16T22:43:20,100,RR1.00:21-22:537:1990,2026-03-16T21:06:40,3346.3,100.0,-120.0,208.5,-120.0,3226.3,3346.3,100.0,True,
2026-03-16T23:30:00,4,RR1.00:18-19:463:1972,2026-03-16T18:22:40,3137.25,100.0,-207.5,190.5,-139.5,2929.75,2996.7,100.0,True,
2026-03-16T23:30:00,65,RR1.00:18-19:463:1972,2026-03-16T18:22:40,3546.85,100.0,-207.5,190.5,-139.5,3339.35,3406.3,100.0,True,
2026-03-16T23:30:00,66,RR1.00:18-19:463:1972,2026-03-16T18:22:40,3257.85,100.0,-207.5,190.5,-139.5,3050.35,3117.3,100.0,True,
2026-03-16T23:30:00,78,RR1.00:18-19:463:1972,2026-03-16T18:22:40,3120.55,100.0,-207.5,190.5,-139.5,2913.05,2980.0,100.0,True,
2026-03-16T23:30:00,79,RR1.00:18-19:463:1972,2026-03-16T18:22:40,3350.75,100.0,-207.5,190.5,-139.5,3143.25,3210.2,100.0,True,
2026-03-16T23:30:00,80,RR1.00:18-19:463:1972,2026-03-16T18:22:40,3073.6,100.0,-207.5,190.5,-139.5,2866.1,2933.05,100.0,True,
2026-03-16T23:30:00,81,RR1.00:18-19:463:1972,2026-03-16T18:22:40,3073.6,100.0,-207.5,190.5,-139.5,2866.1,2933.05,100.0,True,
2026-03-16T23:30:00,82,RR1.00:18-19:463:1972,2026-03-16T18:22:40,3073.6,100.0,-207.5,190.5,-139.5,2866.1,2933.05,100.0,True,
2026-03-16T23:30:00,83,RR1.00:18-19:463:1972,2026-03-16T18:22:40,3460.4,100.0,-207.5,190.5,-139.5,3252.9,3319.85,100.0,True,
2026-03-16T23:30:00,84,RR1.00:18-19:463:1972,2026-03-16T18:22:40,3460.4,100.0,-207.5,190.5,-139.5,3252.9,3319.85,100.0,True,
2026-03-16T23:30:00,91,RR1.00:18-19:463:1972,2026-03-16T18:22:40,3142.95,100.0,-207.5,190.5,-139.5,2935.45,3002.4,100.0,True,
2026-03-16T23:30:00,92,RR1.00:18-19:463:1972,2026-03-16T18:22:40,3281.8,100.0,-207.5,190.5,-139.5,3074.3,3141.25,100.0,True,
2026-03-16T23:30:00,93,RR1.00:18-19:463:1972,2026-03-16T18:22:40,3173.85,100.0,-207.5,190.5,-139.5,2966.35,3033.3,100.0,True,
2026-03-16T23:30:00,94,RR1.00:18-19:463:1972,2026-03-16T18:22:40,3506.25,100.0,-207.5,190.5,-139.5,3298.75,3365.7,100.0,True,
2026-03-16T23:30:00,95,RR1.00:18-19:463:1972,2026-03-16T18:22:40,3134.4,100.0,-207.5,190.5,-139.5,2926.9,2993.85,100.0,True,
2026-03-16T23:30:00,96,RR1.00:18-19:463:1972,2026-03-16T18:22:40,3198.05,100.0,-207.5,190.5,-139.5,2990.55,3057.5,100.0,True,
2026-03-16T23:30:00,97,RR1.00:18-19:463:1972,2026-03-16T18:22:40,3198.05,100.0,-207.5,190.5,-139.5,2990.55,3057.5,100.0,True,
2026-03-16T23:30:00,98,RR1.00:18-19:463:1972,2026-03-16T18:22:40,3446.25,100.0,-207.5,190.5,-139.5,3238.75,3305.7,100.0,True,
2026-03-16T23:30:00,99,RR1.00:18-19:463:1972,2026-03-16T18:22:40,3306.5,100.0,-207.5,190.5,-139.5,3099.0,3165.95,100.0,True,
2026-03-16T23:30:00,100,RR1.00:18-19:463:1972,2026-03-16T18:22:40,3346.3,100.0,-207.5,190.5,-139.5,3138.8,3205.75,100.0,True,
2026-03-17T03:24:40,4,RR1.00:2-3:558:2106,2026-03-17T02:40:40,2996.7,100.0,-66.0,31.0,-66.0,2930.7,2929.65,100.0,True,
2026-03-17T03:24:40,65,RR1.00:2-3:558:2106,2026-03-17T02:40:40,3406.3,100.0,-66.0,31.0,-66.0,3340.3,3339.25,100.0,True,
2026-03-17T03:24:40,66,RR1.00:2-3:558:2106,2026-03-17T02:40:40,3117.3,100.0,-66.0,31.0,-66.0,3051.3,3050.25,100.0,True,
2026-03-17T03:24:40,78,RR1.00:2-3:558:2106,2026-03-17T02:40:40,2980.0,100.0,-66.0,31.0,-66.0,2914.0,2912.95,100.0,True,
2026-03-17T03:24:40,79,RR1.00:2-3:558:2106,2026-03-17T02:40:40,3210.2,100.0,-66.0,31.0,-66.0,3144.2,3143.15,100.0,True,
2026-03-17T03:24:40,80,RR1.00:2-3:558:2106,2026-03-17T02:40:40,2933.05,100.0,-66.0,31.0,-66.0,2867.05,2866.0,100.0,True,
2026-03-17T03:24:40,81,RR1.00:2-3:558:2106,2026-03-17T02:40:40,2933.05,100.0,-66.0,31.0,-66.0,2867.05,2866.0,100.0,True,
2026-03-17T03:24:40,82,RR1.00:2-3:558:2106,2026-03-17T02:40:40,2933.05,100.0,-66.0,31.0,-66.0,2867.05,2866.0,100.0,True,
2026-03-17T03:24:40,83,RR1.00:2-3:558:2106,2026-03-17T02:40:40,3319.85,100.0,-66.0,31.0,-66.0,3253.85,3252.8,100.0,True,
2026-03-17T03:24:40,84,RR1.00:2-3:558:2106,2026-03-17T02:40:40,3319.85,100.0,-66.0,31.0,-66.0,3253.85,3252.8,100.0,True,
2026-03-17T03:24:40,91,RR1.00:2-3:558:2106,2026-03-17T02:40:40,3002.4,100.0,-66.0,31.0,-66.0,2936.4,2935.35,100.0,True,
2026-03-17T03:24:40,92,RR1.00:2-3:558:2106,2026-03-17T02:40:40,3141.25,100.0,-66.0,31.0,-66.0,3075.25,3074.2,100.0,True,
2026-03-17T03:24:40,93,RR1.00:2-3:558:2106,2026-03-17T02:40:40,3033.3,100.0,-66.0,31.0,-66.0,2967.3,2966.25,100.0,True,
2026-03-17T03:24:40,94,RR1.00:2-3:558:2106,2026-03-17T02:40:40,3365.7,100.0,-66.0,31.0,-66.0,3299.7,3298.65,100.0,True,
2026-03-17T03:24:40,95,RR1.00:2-3:558:2106,2026-03-17T02:40:40,2993.85,100.0,-66.0,31.0,-66.0,2927.85,2926.8,100.0,True,
2026-03-17T03:24:40,96,RR1.00:2-3:558:2106,2026-03-17T02:40:40,3057.5,100.0,-66.0,31.0,-66.0,2991.5,2990.45,100.0,True,
2026-03-17T03:24:40,97,RR1.00:2-3:558:2106,2026-03-17T02:40:40,3057.5,100.0,-66.0,31.0,-66.0,2991.5,2990.45,100.0,True,
2026-03-17T03:24:40,98,RR1.00:2-3:558:2106,2026-03-17T02:40:40,3305.7,100.0,-66.0,31.0,-66.0,3239.7,3238.65,100.0,True,
2026-03-17T03:24:40,99,RR1.00:2-3:558:2106,2026-03-17T02:40:40,3165.95,100.0,-66.0,31.0,-66.0,3099.95,3098.9,100.0,True,
2026-03-17T03:24:40,100,RR1.00:2-3:558:2106,2026-03-17T02:40:40,3205.75,100.0,-66.0,31.0,-66.0,3139.75,3138.7,100.0,True,
2026-03-17T08:00:00,4,RR1.00:7-8:597:2158,2026-03-17T07:17:40,2929.65,100.0,-8.0,85.0,60.5,2921.65,2989.1,100.0,True,
2026-03-17T08:00:00,65,RR1.00:7-8:597:2158,2026-03-17T07:17:40,3339.25,100.0,-8.0,85.0,60.5,3331.25,3398.7,100.0,True,
2026-03-17T08:00:00,66,RR1.00:7-8:597:2158,2026-03-17T07:17:40,3050.25,100.0,-8.0,85.0,60.5,3042.25,3109.7,100.0,True,
2026-03-17T08:00:00,78,RR1.00:7-8:597:2158,2026-03-17T07:17:40,2912.95,100.0,-8.0,85.0,60.5,2904.95,2972.4,100.0,True,
2026-03-17T08:00:00,79,RR1.00:7-8:597:2158,2026-03-17T07:17:40,3143.15,100.0,-8.0,85.0,60.5,3135.15,3202.6,100.0,True,
2026-03-17T08:00:00,80,RR1.00:7-8:597:2158,2026-03-17T07:17:40,2866.0,100.0,-8.0,85.0,60.5,2858.0,2925.45,100.0,True,
2026-03-17T08:00:00,81,RR1.00:7-8:597:2158,2026-03-17T07:17:40,2866.0,100.0,-8.0,85.0,60.5,2858.0,2925.45,100.0,True,
2026-03-17T08:00:00,82,RR1.00:7-8:597:2158,2026-03-17T07:17:40,2866.0,100.0,-8.0,85.0,60.5,2858.0,2925.45,100.0,True,
2026-03-17T08:00:00,83,RR1.00:7-8:597:2158,2026-03-17T07:17:40,3252.8,100.0,-8.0,85.0,60.5,3244.8,3312.25,100.0,True,
2026-03-17T08:00:00,84,RR1.00:7-8:597:2158,2026-03-17T07:17:40,3252.8,100.0,-8.0,85.0,60.5,3244.8,3312.25,100.0,True,
2026-03-17T08:00:00,91,RR1.00:7-8:597:2158,2026-03-17T07:17:40,2935.35,100.0,-8.0,85.0,60.5,2927.35,2994.8,100.0,True,
2026-03-17T08:00:00,92,RR1.00:7-8:597:2158,2026-03-17T07:17:40,3074.2,100.0,-8.0,85.0,60.5,3066.2,3133.65,100.0,True,
2026-03-17T08:00:00,93,RR1.00:7-8:597:2158,2026-03-17T07:17:40,2966.25,100.0,-8.0,85.0,60.5,2958.25,3025.7,100.0,True,
2026-03-17T08:00:00,94,RR1.00:7-8:597:2158,2026-03-17T07:17:40,3298.65,100.0,-8.0,85.0,60.5,3290.65,3358.1,100.0,True,
2026-03-17T08:00:00,95,RR1.00:7-8:597:2158,2026-03-17T07:17:40,2926.8,100.0,-8.0,85.0,60.5,2918.8,2986.25,100.0,True,
2026-03-17T08:00:00,96,RR1.00:7-8:597:2158,2026-03-17T07:17:40,2990.45,100.0,-8.0,85.0,60.5,2982.45,3049.9,100.0,True,
2026-03-17T08:00:00,97,RR1.00:7-8:597:2158,2026-03-17T07:17:40,2990.45,100.0,-8.0,85.0,60.5,2982.45,3049.9,100.0,True,
2026-03-17T08:00:00,98,RR1.00:7-8:597:2158,2026-03-17T07:17:40,3238.65,100.0,-8.0,85.0,60.5,3230.65,3298.1,100.0,True,
2026-03-17T08:00:00,99,RR1.00:7-8:597:2158,2026-03-17T07:17:40,3098.9,100.0,-8.0,85.0,60.5,3090.9,3158.35,100.0,True,
2026-03-17T08:00:00,100,RR1.00:7-8:597:2158,2026-03-17T07:17:40,3138.7,100.0,-8.0,85.0,60.5,3130.7,3198.15,100.0,True,
2026-03-17T11:36:20,4,RR1.00:10-11:587:2129,2026-03-17T10:19:40,2989.1,100.0,-64.5,83.5,-64.5,2924.6,2923.55,100.0,True,
2026-03-17T11:36:20,65,RR1.00:10-11:587:2129,2026-03-17T10:19:40,3398.7,100.0,-64.5,83.5,-64.5,3334.2,3333.15,100.0,True,
2026-03-17T11:36:20,66,RR1.00:10-11:587:2129,2026-03-17T10:19:40,3109.7,100.0,-64.5,83.5,-64.5,3045.2,3044.15,100.0,True,
2026-03-17T11:36:20,78,RR1.00:10-11:587:2129,2026-03-17T10:19:40,2972.4,100.0,-64.5,83.5,-64.5,2907.9,2906.85,100.0,True,
2026-03-17T11:36:20,79,RR1.00:10-11:587:2129,2026-03-17T10:19:40,3202.6,100.0,-64.5,83.5,-64.5,3138.1,3137.05,100.0,True,
2026-03-17T11:36:20,80,RR1.00:10-11:587:2129,2026-03-17T10:19:40,2925.45,100.0,-64.5,83.5,-64.5,2860.95,2859.9,100.0,True,
2026-03-17T11:36:20,81,RR1.00:10-11:587:2129,2026-03-17T10:19:40,2925.45,100.0,-64.5,83.5,-64.5,2860.95,2859.9,100.0,True,
2026-03-17T11:36:20,82,RR1.00:10-11:587:2129,2026-03-17T10:19:40,2925.45,100.0,-64.5,83.5,-64.5,2860.95,2859.9,100.0,True,
2026-03-17T11:36:20,83,RR1.00:10-11:587:2129,2026-03-17T10:19:40,3312.25,100.0,-64.5,83.5,-64.5,3247.75,3246.7,100.0,True,
2026-03-17T11:36:20,84,RR1.00:10-11:587:2129,2026-03-17T10:19:40,3312.25,100.0,-64.5,83.5,-64.5,3247.75,3246.7,100.0,True,
2026-03-17T11:36:20,91,RR1.00:10-11:587:2129,2026-03-17T10:19:40,2994.8,100.0,-64.5,83.5,-64.5,2930.3,2929.25,100.0,True,
2026-03-17T11:36:20,92,RR1.00:10-11:587:2129,2026-03-17T10:19:40,3133.65,100.0,-64.5,83.5,-64.5,3069.15,3068.1,100.0,True,
2026-03-17T11:36:20,93,RR1.00:10-11:587:2129,2026-03-17T10:19:40,3025.7,100.0,-64.5,83.5,-64.5,2961.2,2960.15,100.0,True,
2026-03-17T11:36:20,94,RR1.00:10-11:587:2129,2026-03-17T10:19:40,3358.1,100.0,-64.5,83.5,-64.5,3293.6,3292.55,100.0,True,
2026-03-17T11:36:20,95,RR1.00:10-11:587:2129,2026-03-17T10:19:40,2986.25,100.0,-64.5,83.5,-64.5,2921.75,2920.7,100.0,True,
2026-03-17T11:36:20,96,RR1.00:10-11:587:2129,2026-03-17T10:19:40,3049.9,100.0,-64.5,83.5,-64.5,2985.4,2984.35,100.0,True,
2026-03-17T11:36:20,97,RR1.00:10-11:587:2129,2026-03-17T10:19:40,3049.9,100.0,-64.5,83.5,-64.5,2985.4,2984.35,100.0,True,
2026-03-17T11:36:20,98,RR1.00:10-11:587:2129,2026-03-17T10:19:40,3298.1,100.0,-64.5,83.5,-64.5,3233.6,3232.55,100.0,True,
2026-03-17T11:36:20,99,RR1.00:10-11:587:2129,2026-03-17T10:19:40,3158.35,100.0,-64.5,83.5,-64.5,3093.85,3092.8,100.0,True,
2026-03-17T11:36:20,100,RR1.00:10-11:587:2129,2026-03-17T10:19:40,3198.15,100.0,-64.5,83.5,-64.5,3133.65,3132.6,100.0,True,
2026-03-17T15:30:00,4,RR1.00:15-16:683:2236,2026-03-17T15:06:40,2923.55,100.0,-9.0,114.0,101.5,2914.55,3024.0,100.0,True,
2026-03-17T15:30:00,65,RR1.00:15-16:683:2236,2026-03-17T15:06:40,3333.15,100.0,-9.0,114.0,101.5,3324.15,3433.6,100.0,True,
2026-03-17T15:30:00,66,RR1.00:15-16:683:2236,2026-03-17T15:06:40,3044.15,100.0,-9.0,114.0,101.5,3035.15,3144.6,100.0,True,
2026-03-17T15:30:00,78,RR1.00:15-16:683:2236,2026-03-17T15:06:40,2906.85,100.0,-9.0,114.0,101.5,2897.85,3007.3,100.0,True,
2026-03-17T15:30:00,79,RR1.00:15-16:683:2236,2026-03-17T15:06:40,3137.05,100.0,-9.0,114.0,101.5,3128.05,3237.5,100.0,True,
2026-03-17T15:30:00,80,RR1.00:15-16:683:2236,2026-03-17T15:06:40,2859.9,100.0,-9.0,114.0,101.5,2850.9,2960.35,100.0,True,
2026-03-17T15:30:00,81,RR1.00:15-16:683:2236,2026-03-17T15:06:40,2859.9,100.0,-9.0,114.0,101.5,2850.9,2960.35,100.0,True,
2026-03-17T15:30:00,82,RR1.00:15-16:683:2236,2026-03-17T15:06:40,2859.9,100.0,-9.0,114.0,101.5,2850.9,2960.35,100.0,True,
2026-03-17T15:30:00,83,RR1.00:15-16:683:2236,2026-03-17T15:06:40,3246.7,100.0,-9.0,114.0,101.5,3237.7,3347.15,100.0,True,
2026-03-17T15:30:00,84,RR1.00:15-16:683:2236,2026-03-17T15:06:40,3246.7,100.0,-9.0,114.0,101.5,3237.7,3347.15,100.0,True,
2026-03-17T15:30:00,91,RR1.00:15-16:683:2236,2026-03-17T15:06:40,2929.25,100.0,-9.0,114.0,101.5,2920.25,3029.7,100.0,True,
2026-03-17T15:30:00,92,RR1.00:15-16:683:2236,2026-03-17T15:06:40,3068.1,100.0,-9.0,114.0,101.5,3059.1,3168.55,100.0,True,
2026-03-17T15:30:00,93,RR1.00:15-16:683:2236,2026-03-17T15:06:40,2960.15,100.0,-9.0,114.0,101.5,2951.15,3060.6,100.0,True,
2026-03-17T15:30:00,94,RR1.00:15-16:683:2236,2026-03-17T15:06:40,3292.55,100.0,-9.0,114.0,101.5,3283.55,3393.0,100.0,True,
2026-03-17T15:30:00,95,RR1.00:15-16:683:2236,2026-03-17T15:06:40,2920.7,100.0,-9.0,114.0,101.5,2911.7,3021.15,100.0,True,
2026-03-17T15:30:00,96,RR1.00:15-16:683:2236,2026-03-17T15:06:40,2984.35,100.0,-9.0,114.0,101.5,2975.35,3084.8,100.0,True,
2026-03-17T15:30:00,97,RR1.00:15-16:683:2236,2026-03-17T15:06:40,2984.35,100.0,-9.0,114.0,101.5,2975.35,3084.8,100.0,True,
2026-03-17T15:30:00,98,RR1.00:15-16:683:2236,2026-03-17T15:06:40,3232.55,100.0,-9.0,114.0,101.5,3223.55,3333.0,100.0,True,
2026-03-17T15:30:00,99,RR1.00:15-16:683:2236,2026-03-17T15:06:40,3092.8,100.0,-9.0,114.0,101.5,3083.8,3193.25,100.0,True,
2026-03-17T15:30:00,100,RR1.00:15-16:683:2236,2026-03-17T15:06:40,3132.6,100.0,-9.0,114.0,101.5,3123.6,3233.05,100.0,True,
2026-03-17T22:06:40,4,RR1.00:20-21:513:1906,2026-03-17T20:02:40,3024.0,100.0,-77.0,62.5,-77.0,2947.0,2945.95,100.0,True,
2026-03-17T22:06:40,65,RR1.00:20-21:513:1906,2026-03-17T20:02:40,3433.6,100.0,-77.0,62.5,-77.0,3356.6,3355.55,100.0,True,
2026-03-17T22:06:40,66,RR1.00:20-21:513:1906,2026-03-17T20:02:40,3144.6,100.0,-77.0,62.5,-77.0,3067.6,3066.55,100.0,True,
2026-03-17T22:06:40,78,RR1.00:20-21:513:1906,2026-03-17T20:02:40,3007.3,100.0,-77.0,62.5,-77.0,2930.3,2929.25,100.0,True,
2026-03-17T22:06:40,79,RR1.00:20-21:513:1906,2026-03-17T20:02:40,3237.5,100.0,-77.0,62.5,-77.0,3160.5,3159.45,100.0,True,
2026-03-17T22:06:40,80,RR1.00:20-21:513:1906,2026-03-17T20:02:40,2960.35,100.0,-77.0,62.5,-77.0,2883.35,2882.3,100.0,True,
2026-03-17T22:06:40,81,RR1.00:20-21:513:1906,2026-03-17T20:02:40,2960.35,100.0,-77.0,62.5,-77.0,2883.35,2882.3,100.0,True,
2026-03-17T22:06:40,82,RR1.00:20-21:513:1906,2026-03-17T20:02:40,2960.35,100.0,-77.0,62.5,-77.0,2883.35,2882.3,100.0,True,
2026-03-17T22:06:40,83,RR1.00:20-21:513:1906,2026-03-17T20:02:40,3347.15,100.0,-77.0,62.5,-77.0,3270.15,3269.1,100.0,True,
2026-03-17T22:06:40,84,RR1.00:20-21:513:1906,2026-03-17T20:02:40,3347.15,100.0,-77.0,62.5,-77.0,3270.15,3269.1,100.0,True,
2026-03-17T22:06:40,91,RR1.00:20-21:513:1906,2026-03-17T20:02:40,3029.7,100.0,-77.0,62.5,-77.0,2952.7,2951.65,100.0,True,
2026-03-17T22:06:40,92,RR1.00:20-21:513:1906,2026-03-17T20:02:40,3168.55,100.0,-77.0,62.5,-77.0,3091.55,3090.5,100.0,True,
2026-03-17T22:06:40,93,RR1.00:20-21:513:1906,2026-03-17T20:02:40,3060.6,100.0,-77.0,62.5,-77.0,2983.6,2982.55,100.0,True,
2026-03-17T22:06:40,94,RR1.00:20-21:513:1906,2026-03-17T20:02:40,3393.0,100.0,-77.0,62.5,-77.0,3316.0,3314.95,100.0,True,
2026-03-17T22:06:40,95,RR1.00:20-21:513:1906,2026-03-17T20:02:40,3021.15,100.0,-77.0,62.5,-77.0,2944.15,2943.1,100.0,True,
2026-03-17T22:06:40,96,RR1.00:20-21:513:1906,2026-03-17T20:02:40,3084.8,100.0,-77.0,62.5,-77.0,3007.8,3006.75,100.0,True,
2026-03-17T22:06:40,97,RR1.00:20-21:513:1906,2026-03-17T20:02:40,3084.8,100.0,-77.0,62.5,-77.0,3007.8,3006.75,100.0,True,
2026-03-17T22:06:40,98,RR1.00:20-21:513:1906,2026-03-17T20:02:40,3333.0,100.0,-77.0,62.5,-77.0,3256.0,3254.95,100.0,True,
2026-03-17T22:06:40,99,RR1.00:20-21:513:1906,2026-03-17T20:02:40,3193.25,100.0,-77.0,62.5,-77.0,3116.25,3115.2,100.0,True,
2026-03-17T22:06:40,100,RR1.00:20-21:513:1906,2026-03-17T20:02:40,3233.05,100.0,-77.0,62.5,-77.0,3156.05,3155.0,100.0,True,
2026-03-18T03:30:00,4,RR1.00:3-4:555:2073,2026-03-18T03:01:40,2945.95,100.0,-10.0,78.0,59.0,2935.95,3003.9,100.0,True,
2026-03-18T03:30:00,65,RR1.00:3-4:555:2073,2026-03-18T03:01:40,3355.55,100.0,-10.0,78.0,59.0,3345.55,3413.5,100.0,True,
2026-03-18T03:30:00,66,RR1.00:3-4:555:2073,2026-03-18T03:01:40,3066.55,100.0,-10.0,78.0,59.0,3056.55,3124.5,100.0,True,
2026-03-18T03:30:00,78,RR1.00:3-4:555:2073,2026-03-18T03:01:40,2929.25,100.0,-10.0,78.0,59.0,2919.25,2987.2,100.0,True,
2026-03-18T03:30:00,79,RR1.00:3-4:555:2073,2026-03-18T03:01:40,3159.45,100.0,-10.0,78.0,59.0,3149.45,3217.4,100.0,True,
2026-03-18T03:30:00,80,RR1.00:3-4:555:2073,2026-03-18T03:01:40,2882.3,100.0,-10.0,78.0,59.0,2872.3,2940.25,100.0,True,
2026-03-18T03:30:00,81,RR1.00:3-4:555:2073,2026-03-18T03:01:40,2882.3,100.0,-10.0,78.0,59.0,2872.3,2940.25,100.0,True,
2026-03-18T03:30:00,82,RR1.00:3-4:555:2073,2026-03-18T03:01:40,2882.3,100.0,-10.0,78.0,59.0,2872.3,2940.25,100.0,True,
2026-03-18T03:30:00,83,RR1.00:3-4:555:2073,2026-03-18T03:01:40,3269.1,100.0,-10.0,78.0,59.0,3259.1,3327.05,100.0,True,
2026-03-18T03:30:00,84,RR1.00:3-4:555:2073,2026-03-18T03:01:40,3269.1,100.0,-10.0,78.0,59.0,3259.1,3327.05,100.0,True,
2026-03-18T03:30:00,91,RR1.00:3-4:555:2073,2026-03-18T03:01:40,2951.65,100.0,-10.0,78.0,59.0,2941.65,3009.6,100.0,True,
2026-03-18T03:30:00,92,RR1.00:3-4:555:2073,2026-03-18T03:01:40,3090.5,100.0,-10.0,78.0,59.0,3080.5,3148.45,100.0,True,
2026-03-18T03:30:00,93,RR1.00:3-4:555:2073,2026-03-18T03:01:40,2982.55,100.0,-10.0,78.0,59.0,2972.55,3040.5,100.0,True,
2026-03-18T03:30:00,94,RR1.00:3-4:555:2073,2026-03-18T03:01:40,3314.95,100.0,-10.0,78.0,59.0,3304.95,3372.9,100.0,True,
2026-03-18T03:30:00,95,RR1.00:3-4:555:2073,2026-03-18T03:01:40,2943.1,100.0,-10.0,78.0,59.0,2933.1,3001.05,100.0,True,
2026-03-18T03:30:00,96,RR1.00:3-4:555:2073,2026-03-18T03:01:40,3006.75,100.0,-10.0,78.0,59.0,2996.75,3064.7,100.0,True,
2026-03-18T03:30:00,97,RR1.00:3-4:555:2073,2026-03-18T03:01:40,3006.75,100.0,-10.0,78.0,59.0,2996.75,3064.7,100.0,True,
2026-03-18T03:30:00,98,RR1.00:3-4:555:2073,2026-03-18T03:01:40,3254.95,100.0,-10.0,78.0,59.0,3244.95,3312.9,100.0,True,
2026-03-18T03:30:00,99,RR1.00:3-4:555:2073,2026-03-18T03:01:40,3115.2,100.0,-10.0,78.0,59.0,3105.2,3173.15,100.0,True,
2026-03-18T03:30:00,100,RR1.00:3-4:555:2073,2026-03-18T03:01:40,3155.0,100.0,-10.0,78.0,59.0,3145.0,3212.95,100.0,True,
2026-03-18T08:30:00,4,RR1.00:6-7:535:2051,2026-03-18T06:46:40,3003.9,100.0,-9.0,63.5,57.0,2994.9,3059.85,100.0,True,
2026-03-18T08:30:00,65,RR1.00:6-7:535:2051,2026-03-18T06:46:40,3413.5,100.0,-9.0,63.5,57.0,3404.5,3469.45,100.0,True,
2026-03-18T08:30:00,66,RR1.00:6-7:535:2051,2026-03-18T06:46:40,3124.5,100.0,-9.0,63.5,57.0,3115.5,3180.45,100.0,True,
2026-03-18T08:30:00,78,RR1.00:6-7:535:2051,2026-03-18T06:46:40,2987.2,100.0,-9.0,63.5,57.0,2978.2,3043.15,100.0,True,
2026-03-18T08:30:00,79,RR1.00:6-7:535:2051,2026-03-18T06:46:40,3217.4,100.0,-9.0,63.5,57.0,3208.4,3273.35,100.0,True,
2026-03-18T08:30:00,80,RR1.00:6-7:535:2051,2026-03-18T06:46:40,2940.25,100.0,-9.0,63.5,57.0,2931.25,2996.2,100.0,True,
2026-03-18T08:30:00,81,RR1.00:6-7:535:2051,2026-03-18T06:46:40,2940.25,100.0,-9.0,63.5,57.0,2931.25,2996.2,100.0,True,
2026-03-18T08:30:00,82,RR1.00:6-7:535:2051,2026-03-18T06:46:40,2940.25,100.0,-9.0,63.5,57.0,2931.25,2996.2,100.0,True,
2026-03-18T08:30:00,83,RR1.00:6-7:535:2051,2026-03-18T06:46:40,3327.05,100.0,-9.0,63.5,57.0,3318.05,3383.0,100.0,True,
2026-03-18T08:30:00,84,RR1.00:6-7:535:2051,2026-03-18T06:46:40,3327.05,100.0,-9.0,63.5,57.0,3318.05,3383.0,100.0,True,
2026-03-18T08:30:00,91,RR1.00:6-7:535:2051,2026-03-18T06:46:40,3009.6,100.0,-9.0,63.5,57.0,3000.6,3065.55,100.0,True,
2026-03-18T08:30:00,92,RR1.00:6-7:535:2051,2026-03-18T06:46:40,3148.45,100.0,-9.0,63.5,57.0,3139.45,3204.4,100.0,True,
2026-03-18T08:30:00,93,RR1.00:6-7:535:2051,2026-03-18T06:46:40,3040.5,100.0,-9.0,63.5,57.0,3031.5,3096.45,100.0,True,
2026-03-18T08:30:00,94,RR1.00:6-7:535:2051,2026-03-18T06:46:40,3372.9,100.0,-9.0,63.5,57.0,3363.9,3428.85,100.0,True,
2026-03-18T08:30:00,95,RR1.00:6-7:535:2051,2026-03-18T06:46:40,3001.05,100.0,-9.0,63.5,57.0,2992.05,3057.0,100.0,True,
2026-03-18T08:30:00,96,RR1.00:6-7:535:2051,2026-03-18T06:46:40,3064.7,100.0,-9.0,63.5,57.0,3055.7,3120.65,100.0,True,
2026-03-18T08:30:00,97,RR1.00:6-7:535:2051,2026-03-18T06:46:40,3064.7,100.0,-9.0,63.5,57.0,3055.7,3120.65,100.0,True,
2026-03-18T08:30:00,98,RR1.00:6-7:535:2051,2026-03-18T06:46:40,3312.9,100.0,-9.0,63.5,57.0,3303.9,3368.85,100.0,True,
2026-03-18T08:30:00,99,RR1.00:6-7:535:2051,2026-03-18T06:46:40,3173.15,100.0,-9.0,63.5,57.0,3164.15,3229.1,100.0,True,
2026-03-18T08:30:00,100,RR1.00:6-7:535:2051,2026-03-18T06:46:40,3212.95,100.0,-9.0,63.5,57.0,3203.95,3268.9,100.0,True,
2026-03-18T11:30:20,4,RR1.00:11-12:458:1969,2026-03-18T11:06:40,3059.85,100.0,-47.0,8.5,-47.0,3012.85,3011.8,100.0,True,
2026-03-18T11:30:20,65,RR1.00:11-12:458:1969,2026-03-18T11:06:40,3469.45,100.0,-47.0,8.5,-47.0,3422.45,3421.4,100.0,True,
2026-03-18T11:30:20,66,RR1.00:11-12:458:1969,2026-03-18T11:06:40,3180.45,100.0,-47.0,8.5,-47.0,3133.45,3132.4,100.0,True,
2026-03-18T11:30:20,78,RR1.00:11-12:458:1969,2026-03-18T11:06:40,3043.15,100.0,-47.0,8.5,-47.0,2996.15,2995.1,100.0,True,
2026-03-18T11:30:20,79,RR1.00:11-12:458:1969,2026-03-18T11:06:40,3273.35,100.0,-47.0,8.5,-47.0,3226.35,3225.3,100.0,True,
2026-03-18T11:30:20,80,RR1.00:11-12:458:1969,2026-03-18T11:06:40,2996.2,100.0,-47.0,8.5,-47.0,2949.2,2948.15,100.0,True,
2026-03-18T11:30:20,81,RR1.00:11-12:458:1969,2026-03-18T11:06:40,2996.2,100.0,-47.0,8.5,-47.0,2949.2,2948.15,100.0,True,
2026-03-18T11:30:20,82,RR1.00:11-12:458:1969,2026-03-18T11:06:40,2996.2,100.0,-47.0,8.5,-47.0,2949.2,2948.15,100.0,True,
2026-03-18T11:30:20,83,RR1.00:11-12:458:1969,2026-03-18T11:06:40,3383.0,100.0,-47.0,8.5,-47.0,3336.0,3334.95,100.0,True,
2026-03-18T11:30:20,84,RR1.00:11-12:458:1969,2026-03-18T11:06:40,3383.0,100.0,-47.0,8.5,-47.0,3336.0,3334.95,100.0,True,
2026-03-18T11:30:20,91,RR1.00:11-12:458:1969,2026-03-18T11:06:40,3065.55,100.0,-47.0,8.5,-47.0,3018.55,3017.5,100.0,True,
2026-03-18T11:30:20,92,RR1.00:11-12:458:1969,2026-03-18T11:06:40,3204.4,100.0,-47.0,8.5,-47.0,3157.4,3156.35,100.0,True,
2026-03-18T11:30:20,93,RR1.00:11-12:458:1969,2026-03-18T11:06:40,3096.45,100.0,-47.0,8.5,-47.0,3049.45,3048.4,100.0,True,
2026-03-18T11:30:20,94,RR1.00:11-12:458:1969,2026-03-18T11:06:40,3428.85,100.0,-47.0,8.5,-47.0,3381.85,3380.8,100.0,True,
2026-03-18T11:30:20,95,RR1.00:11-12:458:1969,2026-03-18T11:06:40,3057.0,100.0,-47.0,8.5,-47.0,3010.0,3008.95,100.0,True,
2026-03-18T11:30:20,96,RR1.00:11-12:458:1969,2026-03-18T11:06:40,3120.65,100.0,-47.0,8.5,-47.0,3073.65,3072.6,100.0,True,
2026-03-18T11:30:20,97,RR1.00:11-12:458:1969,2026-03-18T11:06:40,3120.65,100.0,-47.0,8.5,-47.0,3073.65,3072.6,100.0,True,
2026-03-18T11:30:20,98,RR1.00:11-12:458:1969,2026-03-18T11:06:40,3368.85,100.0,-47.0,8.5,-47.0,3321.85,3320.8,100.0,True,
2026-03-18T11:30:20,99,RR1.00:11-12:458:1969,2026-03-18T11:06:40,3229.1,100.0,-47.0,8.5,-47.0,3182.1,3181.05,100.0,True,
2026-03-18T11:30:20,100,RR1.00:11-12:458:1969,2026-03-18T11:06:40,3268.9,100.0,-47.0,8.5,-47.0,3221.9,3220.85,100.0,True,
2026-03-18T13:53:40,4,RR1.00:13-14:571:2111,2026-03-18T13:19:40,3011.8,100.0,-47.5,13.0,-47.5,2964.3,2963.25,100.0,True,
2026-03-18T13:53:40,65,RR1.00:13-14:571:2111,2026-03-18T13:19:40,3421.4,100.0,-47.5,13.0,-47.5,3373.9,3372.85,100.0,True,
2026-03-18T13:53:40,66,RR1.00:13-14:571:2111,2026-03-18T13:19:40,3132.4,100.0,-47.5,13.0,-47.5,3084.9,3083.85,100.0,True,
2026-03-18T13:53:40,78,RR1.00:13-14:571:2111,2026-03-18T13:19:40,2995.1,100.0,-47.5,13.0,-47.5,2947.6,2946.55,100.0,True,
2026-03-18T13:53:40,79,RR1.00:13-14:571:2111,2026-03-18T13:19:40,3225.3,100.0,-47.5,13.0,-47.5,3177.8,3176.75,100.0,True,
2026-03-18T13:53:40,80,RR1.00:13-14:571:2111,2026-03-18T13:19:40,2948.15,100.0,-47.5,13.0,-47.5,2900.65,2899.6,100.0,True,
2026-03-18T13:53:40,81,RR1.00:13-14:571:2111,2026-03-18T13:19:40,2948.15,100.0,-47.5,13.0,-47.5,2900.65,2899.6,100.0,True,
2026-03-18T13:53:40,82,RR1.00:13-14:571:2111,2026-03-18T13:19:40,2948.15,100.0,-47.5,13.0,-47.5,2900.65,2899.6,100.0,True,
2026-03-18T13:53:40,83,RR1.00:13-14:571:2111,2026-03-18T13:19:40,3334.95,100.0,-47.5,13.0,-47.5,3287.45,3286.4,100.0,True,
2026-03-18T13:53:40,84,RR1.00:13-14:571:2111,2026-03-18T13:19:40,3334.95,100.0,-47.5,13.0,-47.5,3287.45,3286.4,100.0,True,
2026-03-18T13:53:40,91,RR1.00:13-14:571:2111,2026-03-18T13:19:40,3017.5,100.0,-47.5,13.0,-47.5,2970.0,2968.95,100.0,True,
2026-03-18T13:53:40,92,RR1.00:13-14:571:2111,2026-03-18T13:19:40,3156.35,100.0,-47.5,13.0,-47.5,3108.85,3107.8,100.0,True,
2026-03-18T13:53:40,93,RR1.00:13-14:571:2111,2026-03-18T13:19:40,3048.4,100.0,-47.5,13.0,-47.5,3000.9,2999.85,100.0,True,
2026-03-18T13:53:40,94,RR1.00:13-14:571:2111,2026-03-18T13:19:40,3380.8,100.0,-47.5,13.0,-47.5,3333.3,3332.25,100.0,True,
2026-03-18T13:53:40,95,RR1.00:13-14:571:2111,2026-03-18T13:19:40,3008.95,100.0,-47.5,13.0,-47.5,2961.45,2960.4,100.0,True,
2026-03-18T13:53:40,96,RR1.00:13-14:571:2111,2026-03-18T13:19:40,3072.6,100.0,-47.5,13.0,-47.5,3025.1,3024.05,100.0,True,
2026-03-18T13:53:40,97,RR1.00:13-14:571:2111,2026-03-18T13:19:40,3072.6,100.0,-47.5,13.0,-47.5,3025.1,3024.05,100.0,True,
2026-03-18T13:53:40,98,RR1.00:13-14:571:2111,2026-03-18T13:19:40,3320.8,100.0,-47.5,13.0,-47.5,3273.3,3272.25,100.0,True,
2026-03-18T13:53:40,99,RR1.00:13-14:571:2111,2026-03-18T13:19:40,3181.05,100.0,-47.5,13.0,-47.5,3133.55,3132.5,100.0,True,
2026-03-18T13:53:40,100,RR1.00:13-14:571:2111,2026-03-18T13:19:40,3220.85,100.0,-47.5,13.0,-47.5,3173.35,3172.3,100.0,True,
2026-03-18T21:34:40,4,RR1.00:20-21:514:1909,2026-03-18T20:35:40,2963.25,100.0,-106.0,136.5,-106.0,2857.25,2856.2,100.0,True,
2026-03-18T21:34:40,65,RR1.00:20-21:514:1909,2026-03-18T20:35:40,3372.85,100.0,-106.0,136.5,-106.0,3266.85,3265.8,100.0,True,
2026-03-18T21:34:40,66,RR1.00:20-21:514:1909,2026-03-18T20:35:40,3083.85,100.0,-106.0,136.5,-106.0,2977.85,2976.8,100.0,True,
2026-03-18T21:34:40,78,RR1.00:20-21:514:1909,2026-03-18T20:35:40,2946.55,100.0,-106.0,136.5,-106.0,2840.55,2839.5,100.0,True,
2026-03-18T21:34:40,79,RR1.00:20-21:514:1909,2026-03-18T20:35:40,3176.75,100.0,-106.0,136.5,-106.0,3070.75,3069.7,100.0,True,
2026-03-18T21:34:40,80,RR1.00:20-21:514:1909,2026-03-18T20:35:40,2899.6,100.0,-106.0,136.5,-106.0,2793.6,2792.55,100.0,True,
2026-03-18T21:34:40,81,RR1.00:20-21:514:1909,2026-03-18T20:35:40,2899.6,100.0,-106.0,136.5,-106.0,2793.6,2792.55,100.0,True,
2026-03-18T21:34:40,82,RR1.00:20-21:514:1909,2026-03-18T20:35:40,2899.6,100.0,-106.0,136.5,-106.0,2793.6,2792.55,100.0,True,
2026-03-18T21:34:40,83,RR1.00:20-21:514:1909,2026-03-18T20:35:40,3286.4,100.0,-106.0,136.5,-106.0,3180.4,3179.35,100.0,True,
2026-03-18T21:34:40,84,RR1.00:20-21:514:1909,2026-03-18T20:35:40,3286.4,100.0,-106.0,136.5,-106.0,3180.4,3179.35,100.0,True,
2026-03-18T21:34:40,91,RR1.00:20-21:514:1909,2026-03-18T20:35:40,2968.95,100.0,-106.0,136.5,-106.0,2862.95,2861.9,100.0,True,
2026-03-18T21:34:40,92,RR1.00:20-21:514:1909,2026-03-18T20:35:40,3107.8,100.0,-106.0,136.5,-106.0,3001.8,3000.75,100.0,True,
2026-03-18T21:34:40,93,RR1.00:20-21:514:1909,2026-03-18T20:35:40,2999.85,100.0,-106.0,136.5,-106.0,2893.85,2892.8,100.0,True,
2026-03-18T21:34:40,94,RR1.00:20-21:514:1909,2026-03-18T20:35:40,3332.25,100.0,-106.0,136.5,-106.0,3226.25,3225.2,100.0,True,
2026-03-18T21:34:40,95,RR1.00:20-21:514:1909,2026-03-18T20:35:40,2960.4,100.0,-106.0,136.5,-106.0,2854.4,2853.35,100.0,True,
2026-03-18T21:34:40,96,RR1.00:20-21:514:1909,2026-03-18T20:35:40,3024.05,100.0,-106.0,136.5,-106.0,2918.05,2917.0,100.0,True,
2026-03-18T21:34:40,97,RR1.00:20-21:514:1909,2026-03-18T20:35:40,3024.05,100.0,-106.0,136.5,-106.0,2918.05,2917.0,100.0,True,
2026-03-18T21:34:40,98,RR1.00:20-21:514:1909,2026-03-18T20:35:40,3272.25,100.0,-106.0,136.5,-106.0,3166.25,3165.2,100.0,True,
2026-03-18T21:34:40,99,RR1.00:20-21:514:1909,2026-03-18T20:35:40,3132.5,100.0,-106.0,136.5,-106.0,3026.5,3025.45,100.0,True,
2026-03-18T21:34:40,100,RR1.00:20-21:514:1909,2026-03-18T20:35:40,3172.3,100.0,-106.0,136.5,-106.0,3066.3,3065.25,100.0,True,
2026-03-19T05:30:00,4,RR1.00:4-5:530:2059,2026-03-19T04:24:40,2856.2,100.0,-67.5,144.0,122.0,2788.7,2977.15,100.0,True,
2026-03-19T05:30:00,65,RR1.00:4-5:530:2059,2026-03-19T04:24:40,3265.8,100.0,-67.5,144.0,122.0,3198.3,3386.75,100.0,True,
2026-03-19T05:30:00,66,RR1.00:4-5:530:2059,2026-03-19T04:24:40,2976.8,100.0,-67.5,144.0,122.0,2909.3,3097.75,100.0,True,
2026-03-19T05:30:00,78,RR1.00:4-5:530:2059,2026-03-19T04:24:40,2839.5,100.0,-67.5,144.0,122.0,2772.0,2960.45,100.0,True,
2026-03-19T05:30:00,79,RR1.00:4-5:530:2059,2026-03-19T04:24:40,3069.7,100.0,-67.5,144.0,122.0,3002.2,3190.65,100.0,True,
2026-03-19T05:30:00,80,RR1.00:4-5:530:2059,2026-03-19T04:24:40,2792.55,100.0,-67.5,144.0,122.0,2725.05,2913.5,100.0,True,
2026-03-19T05:30:00,81,RR1.00:4-5:530:2059,2026-03-19T04:24:40,2792.55,100.0,-67.5,144.0,122.0,2725.05,2913.5,100.0,True,
2026-03-19T05:30:00,82,RR1.00:4-5:530:2059,2026-03-19T04:24:40,2792.55,100.0,-67.5,144.0,122.0,2725.05,2913.5,100.0,True,
2026-03-19T05:30:00,83,RR1.00:4-5:530:2059,2026-03-19T04:24:40,3179.35,100.0,-67.5,144.0,122.0,3111.85,3300.3,100.0,True,
2026-03-19T05:30:00,84,RR1.00:4-5:530:2059,2026-03-19T04:24:40,3179.35,100.0,-67.5,144.0,122.0,3111.85,3300.3,100.0,True,
2026-03-19T05:30:00,91,RR1.00:4-5:530:2059,2026-03-19T04:24:40,2861.9,100.0,-67.5,144.0,122.0,2794.4,2982.85,100.0,True,
2026-03-19T05:30:00,92,RR1.00:4-5:530:2059,2026-03-19T04:24:40,3000.75,100.0,-67.5,144.0,122.0,2933.25,3121.7,100.0,True,
2026-03-19T05:30:00,93,RR1.00:4-5:530:2059,2026-03-19T04:24:40,2892.8,100.0,-67.5,144.0,122.0,2825.3,3013.75,100.0,True,
2026-03-19T05:30:00,94,RR1.00:4-5:530:2059,2026-03-19T04:24:40,3225.2,100.0,-67.5,144.0,122.0,3157.7,3346.15,100.0,True,
2026-03-19T05:30:00,95,RR1.00:4-5:530:2059,2026-03-19T04:24:40,2853.35,100.0,-67.5,144.0,122.0,2785.85,2974.3,100.0,True,
2026-03-19T05:30:00,96,RR1.00:4-5:530:2059,2026-03-19T04:24:40,2917.0,100.0,-67.5,144.0,122.0,2849.5,3037.95,100.0,True,
2026-03-19T05:30:00,97,RR1.00:4-5:530:2059,2026-03-19T04:24:40,2917.0,100.0,-67.5,144.0,122.0,2849.5,3037.95,100.0,True,
2026-03-19T05:30:00,98,RR1.00:4-5:530:2059,2026-03-19T04:24:40,3165.2,100.0,-67.5,144.0,122.0,3097.7,3286.15,100.0,True,
2026-03-19T05:30:00,99,RR1.00:4-5:530:2059,2026-03-19T04:24:40,3025.45,100.0,-67.5,144.0,122.0,2957.95,3146.4,100.0,True,
2026-03-19T05:30:00,100,RR1.00:4-5:530:2059,2026-03-19T04:24:40,3065.25,100.0,-67.5,144.0,122.0,2997.75,3186.2,100.0,True,
2026-03-19T09:38:40,4,RR1.00:9-10:557:2058,2026-03-19T09:06:40,2977.15,100.0,-91.0,35.0,-91.0,2886.15,2885.1,100.0,True,
2026-03-19T09:38:40,65,RR1.00:9-10:557:2058,2026-03-19T09:06:40,3386.75,100.0,-91.0,35.0,-91.0,3295.75,3294.7,100.0,True,
2026-03-19T09:38:40,66,RR1.00:9-10:557:2058,2026-03-19T09:06:40,3097.75,100.0,-91.0,35.0,-91.0,3006.75,3005.7,100.0,True,
2026-03-19T09:38:40,78,RR1.00:9-10:557:2058,2026-03-19T09:06:40,2960.45,100.0,-91.0,35.0,-91.0,2869.45,2868.4,100.0,True,
2026-03-19T09:38:40,79,RR1.00:9-10:557:2058,2026-03-19T09:06:40,3190.65,100.0,-91.0,35.0,-91.0,3099.65,3098.6,100.0,True,
2026-03-19T09:38:40,80,RR1.00:9-10:557:2058,2026-03-19T09:06:40,2913.5,100.0,-91.0,35.0,-91.0,2822.5,2821.45,100.0,True,
2026-03-19T09:38:40,81,RR1.00:9-10:557:2058,2026-03-19T09:06:40,2913.5,100.0,-91.0,35.0,-91.0,2822.5,2821.45,100.0,True,
2026-03-19T09:38:40,82,RR1.00:9-10:557:2058,2026-03-19T09:06:40,2913.5,100.0,-91.0,35.0,-91.0,2822.5,2821.45,100.0,True,
2026-03-19T09:38:40,83,RR1.00:9-10:557:2058,2026-03-19T09:06:40,3300.3,100.0,-91.0,35.0,-91.0,3209.3,3208.25,100.0,True,
2026-03-19T09:38:40,84,RR1.00:9-10:557:2058,2026-03-19T09:06:40,3300.3,100.0,-91.0,35.0,-91.0,3209.3,3208.25,100.0,True,
2026-03-19T09:38:40,91,RR1.00:9-10:557:2058,2026-03-19T09:06:40,2982.85,100.0,-91.0,35.0,-91.0,2891.85,2890.8,100.0,True,
2026-03-19T09:38:40,92,RR1.00:9-10:557:2058,2026-03-19T09:06:40,3121.7,100.0,-91.0,35.0,-91.0,3030.7,3029.65,100.0,True,
2026-03-19T09:38:40,93,RR1.00:9-10:557:2058,2026-03-19T09:06:40,3013.75,100.0,-91.0,35.0,-91.0,2922.75,2921.7,100.0,True,
2026-03-19T09:38:40,94,RR1.00:9-10:557:2058,2026-03-19T09:06:40,3346.15,100.0,-91.0,35.0,-91.0,3255.15,3254.1,100.0,True,
2026-03-19T09:38:40,95,RR1.00:9-10:557:2058,2026-03-19T09:06:40,2974.3,100.0,-91.0,35.0,-91.0,2883.3,2882.25,100.0,True,
2026-03-19T09:38:40,96,RR1.00:9-10:557:2058,2026-03-19T09:06:40,3037.95,100.0,-91.0,35.0,-91.0,2946.95,2945.9,100.0,True,
2026-03-19T09:38:40,97,RR1.00:9-10:557:2058,2026-03-19T09:06:40,3037.95,100.0,-91.0,35.0,-91.0,2946.95,2945.9,100.0,True,
2026-03-19T09:38:40,98,RR1.00:9-10:557:2058,2026-03-19T09:06:40,3286.15,100.0,-91.0,35.0,-91.0,3195.15,3194.1,100.0,True,
2026-03-19T09:38:40,99,RR1.00:9-10:557:2058,2026-03-19T09:06:40,3146.4,100.0,-91.0,35.0,-91.0,3055.4,3054.35,100.0,True,
2026-03-19T09:38:40,100,RR1.00:9-10:557:2058,2026-03-19T09:06:40,3186.2,100.0,-91.0,35.0,-91.0,3095.2,3094.15,100.0,True,
2026-03-19T12:25:40,4,RR1.00:12-13:512:2024,2026-03-19T12:01:40,2885.1,100.0,-132.5,50.0,-132.5,2752.6,2751.55,100.0,True,
2026-03-19T12:25:40,65,RR1.00:12-13:512:2024,2026-03-19T12:01:40,3294.7,100.0,-132.5,50.0,-132.5,3162.2,3161.15,100.0,True,
2026-03-19T12:25:40,66,RR1.00:12-13:512:2024,2026-03-19T12:01:40,3005.7,100.0,-132.5,50.0,-132.5,2873.2,2872.15,100.0,True,
2026-03-19T12:25:40,78,RR1.00:12-13:512:2024,2026-03-19T12:01:40,2868.4,100.0,-132.5,50.0,-132.5,2735.9,2734.85,100.0,True,
2026-03-19T12:25:40,79,RR1.00:12-13:512:2024,2026-03-19T12:01:40,3098.6,100.0,-132.5,50.0,-132.5,2966.1,2965.05,100.0,True,
2026-03-19T12:25:40,80,RR1.00:12-13:512:2024,2026-03-19T12:01:40,2821.45,100.0,-132.5,50.0,-132.5,2688.95,2687.9,100.0,True,
2026-03-19T12:25:40,81,RR1.00:12-13:512:2024,2026-03-19T12:01:40,2821.45,100.0,-132.5,50.0,-132.5,2688.95,2687.9,100.0,True,
2026-03-19T12:25:40,82,RR1.00:12-13:512:2024,2026-03-19T12:01:40,2821.45,100.0,-132.5,50.0,-132.5,2688.95,2687.9,100.0,True,
2026-03-19T12:25:40,83,RR1.00:12-13:512:2024,2026-03-19T12:01:40,3208.25,100.0,-132.5,50.0,-132.5,3075.75,3074.7,100.0,True,
2026-03-19T12:25:40,84,RR1.00:12-13:512:2024,2026-03-19T12:01:40,3208.25,100.0,-132.5,50.0,-132.5,3075.75,3074.7,100.0,True,
2026-03-19T12:25:40,91,RR1.00:12-13:512:2024,2026-03-19T12:01:40,2890.8,100.0,-132.5,50.0,-132.5,2758.3,2757.25,100.0,True,
2026-03-19T12:25:40,92,RR1.00:12-13:512:2024,2026-03-19T12:01:40,3029.65,100.0,-132.5,50.0,-132.5,2897.15,2896.1,100.0,True,
2026-03-19T12:25:40,93,RR1.00:12-13:512:2024,2026-03-19T12:01:40,2921.7,100.0,-132.5,50.0,-132.5,2789.2,2788.15,100.0,True,
2026-03-19T12:25:40,94,RR1.00:12-13:512:2024,2026-03-19T12:01:40,3254.1,100.0,-132.5,50.0,-132.5,3121.6,3120.55,100.0,True,
2026-03-19T12:25:40,95,RR1.00:12-13:512:2024,2026-03-19T12:01:40,2882.25,100.0,-132.5,50.0,-132.5,2749.75,2748.7,100.0,True,
2026-03-19T12:25:40,96,RR1.00:12-13:512:2024,2026-03-19T12:01:40,2945.9,100.0,-132.5,50.0,-132.5,2813.4,2812.35,100.0,True,
2026-03-19T12:25:40,97,RR1.00:12-13:512:2024,2026-03-19T12:01:40,2945.9,100.0,-132.5,50.0,-132.5,2813.4,2812.35,100.0,True,
2026-03-19T12:25:40,98,RR1.00:12-13:512:2024,2026-03-19T12:01:40,3194.1,100.0,-132.5,50.0,-132.5,3061.6,3060.55,100.0,True,
2026-03-19T12:25:40,99,RR1.00:12-13:512:2024,2026-03-19T12:01:40,3054.35,100.0,-132.5,50.0,-132.5,2921.85,2920.8,100.0,True,
2026-03-19T12:25:40,100,RR1.00:12-13:512:2024,2026-03-19T12:01:40,3094.15,100.0,-132.5,50.0,-132.5,2961.65,2960.6,100.0,True,
2026-03-19T15:02:40,4,RR1.00:12-13:513:2026,2026-03-19T12:49:40,2751.55,100.0,-193.0,107.0,-193.0,2558.55,2557.5,100.0,True,
2026-03-19T15:02:40,65,RR1.00:12-13:513:2026,2026-03-19T12:49:40,3161.15,100.0,-193.0,107.0,-193.0,2968.15,2967.1,100.0,True,
2026-03-19T15:02:40,66,RR1.00:12-13:513:2026,2026-03-19T12:49:40,2872.15,100.0,-193.0,107.0,-193.0,2679.15,2678.1,100.0,True,
2026-03-19T15:02:40,78,RR1.00:12-13:513:2026,2026-03-19T12:49:40,2734.85,100.0,-193.0,107.0,-193.0,2541.85,2540.8,100.0,True,
2026-03-19T15:02:40,79,RR1.00:12-13:513:2026,2026-03-19T12:49:40,2965.05,100.0,-193.0,107.0,-193.0,2772.05,2771.0,100.0,True,
2026-03-19T15:02:40,80,RR1.00:12-13:513:2026,2026-03-19T12:49:40,2687.9,100.0,-193.0,107.0,-193.0,2494.9,2493.85,100.0,True,
2026-03-19T15:02:40,81,RR1.00:12-13:513:2026,2026-03-19T12:49:40,2687.9,100.0,-193.0,107.0,-193.0,2494.9,2493.85,100.0,True,
2026-03-19T15:02:40,82,RR1.00:12-13:513:2026,2026-03-19T12:49:40,2687.9,100.0,-193.0,107.0,-193.0,2494.9,2493.85,100.0,True,
2026-03-19T15:02:40,83,RR1.00:12-13:513:2026,2026-03-19T12:49:40,3074.7,100.0,-193.0,107.0,-193.0,2881.7,2880.65,100.0,True,
2026-03-19T15:02:40,84,RR1.00:12-13:513:2026,2026-03-19T12:49:40,3074.7,100.0,-193.0,107.0,-193.0,2881.7,2880.65,100.0,True,
2026-03-19T15:02:40,91,RR1.00:12-13:513:2026,2026-03-19T12:49:40,2757.25,100.0,-193.0,107.0,-193.0,2564.25,2563.2,100.0,True,
2026-03-19T15:02:40,92,RR1.00:12-13:513:2026,2026-03-19T12:49:40,2896.1,100.0,-193.0,107.0,-193.0,2703.1,2702.05,100.0,True,
2026-03-19T15:02:40,93,RR1.00:12-13:513:2026,2026-03-19T12:49:40,2788.15,100.0,-193.0,107.0,-193.0,2595.15,2594.1,100.0,True,
2026-03-19T15:02:40,94,RR1.00:12-13:513:2026,2026-03-19T12:49:40,3120.55,100.0,-193.0,107.0,-193.0,2927.55,2926.5,100.0,True,
2026-03-19T15:02:40,95,RR1.00:12-13:513:2026,2026-03-19T12:49:40,2748.7,100.0,-193.0,107.0,-193.0,2555.7,2554.65,100.0,True,
2026-03-19T15:02:40,96,RR1.00:12-13:513:2026,2026-03-19T12:49:40,2812.35,100.0,-193.0,107.0,-193.0,2619.35,2618.3,100.0,True,
2026-03-19T15:02:40,97,RR1.00:12-13:513:2026,2026-03-19T12:49:40,2812.35,100.0,-193.0,107.0,-193.0,2619.35,2618.3,100.0,True,
2026-03-19T15:02:40,98,RR1.00:12-13:513:2026,2026-03-19T12:49:40,3060.55,100.0,-193.0,107.0,-193.0,2867.55,2866.5,100.0,True,
2026-03-19T15:02:40,99,RR1.00:12-13:513:2026,2026-03-19T12:49:40,2920.8,100.0,-193.0,107.0,-193.0,2727.8,2726.75,100.0,True,
2026-03-19T15:02:40,100,RR1.00:12-13:513:2026,2026-03-19T12:49:40,2960.6,100.0,-193.0,107.0,-193.0,2767.6,2766.55,100.0,True,
2026-03-19T18:37:20,4,RR1.00:16-17:849:2425,2026-03-19T16:54:40,2557.5,100.0,-214.5,139.0,-214.5,2343.0,2341.95,100.0,True,
2026-03-19T18:37:20,65,RR1.00:16-17:849:2425,2026-03-19T16:54:40,2967.1,100.0,-214.5,139.0,-214.5,2752.6,2751.55,100.0,True,
2026-03-19T18:37:20,66,RR1.00:16-17:849:2425,2026-03-19T16:54:40,2678.1,100.0,-214.5,139.0,-214.5,2463.6,2462.55,100.0,True,
2026-03-19T18:37:20,78,RR1.00:16-17:849:2425,2026-03-19T16:54:40,2540.8,100.0,-214.5,139.0,-214.5,2326.3,2325.25,100.0,True,
2026-03-19T18:37:20,79,RR1.00:16-17:849:2425,2026-03-19T16:54:40,2771.0,100.0,-214.5,139.0,-214.5,2556.5,2555.45,100.0,True,
2026-03-19T18:37:20,80,RR1.00:16-17:849:2425,2026-03-19T16:54:40,2493.85,100.0,-214.5,139.0,-214.5,2279.35,2278.3,100.0,True,
2026-03-19T18:37:20,81,RR1.00:16-17:849:2425,2026-03-19T16:54:40,2493.85,100.0,-214.5,139.0,-214.5,2279.35,2278.3,100.0,True,
2026-03-19T18:37:20,82,RR1.00:16-17:849:2425,2026-03-19T16:54:40,2493.85,100.0,-214.5,139.0,-214.5,2279.35,2278.3,100.0,True,
2026-03-19T18:37:20,83,RR1.00:16-17:849:2425,2026-03-19T16:54:40,2880.65,100.0,-214.5,139.0,-214.5,2666.15,2665.1,100.0,True,
2026-03-19T18:37:20,84,RR1.00:16-17:849:2425,2026-03-19T16:54:40,2880.65,100.0,-214.5,139.0,-214.5,2666.15,2665.1,100.0,True,
2026-03-19T18:37:20,91,RR1.00:16-17:849:2425,2026-03-19T16:54:40,2563.2,100.0,-214.5,139.0,-214.5,2348.7,2347.65,100.0,True,
2026-03-19T18:37:20,92,RR1.00:16-17:849:2425,2026-03-19T16:54:40,2702.05,100.0,-214.5,139.0,-214.5,2487.55,2486.5,100.0,True,
2026-03-19T18:37:20,93,RR1.00:16-17:849:2425,2026-03-19T16:54:40,2594.1,100.0,-214.5,139.0,-214.5,2379.6,2378.55,100.0,True,
2026-03-19T18:37:20,94,RR1.00:16-17:849:2425,2026-03-19T16:54:40,2926.5,100.0,-214.5,139.0,-214.5,2712.0,2710.95,100.0,True,
2026-03-19T18:37:20,95,RR1.00:16-17:849:2425,2026-03-19T16:54:40,2554.65,100.0,-214.5,139.0,-214.5,2340.15,2339.1,100.0,True,
2026-03-19T18:37:20,96,RR1.00:16-17:849:2425,2026-03-19T16:54:40,2618.3,100.0,-214.5,139.0,-214.5,2403.8,2402.75,100.0,True,
2026-03-19T18:37:20,97,RR1.00:16-17:849:2425,2026-03-19T16:54:40,2618.3,100.0,-214.5,139.0,-214.5,2403.8,2402.75,100.0,True,
2026-03-19T18:37:20,98,RR1.00:16-17:849:2425,2026-03-19T16:54:40,2866.5,100.0,-214.5,139.0,-214.5,2652.0,2650.95,100.0,True,
2026-03-19T18:37:20,99,RR1.00:16-17:849:2425,2026-03-19T16:54:40,2726.75,100.0,-214.5,139.0,-214.5,2512.25,2511.2,100.0,True,
2026-03-19T18:37:20,100,RR1.00:16-17:849:2425,2026-03-19T16:54:40,2766.55,100.0,-214.5,139.0,-214.5,2552.05,2551.0,100.0,True,
2026-03-19T22:30:00,4,RR1.00:20-21:515:1912,2026-03-19T20:31:20,2341.95,100.0,-105.0,456.0,267.5,2236.95,2608.4,100.0,True,
2026-03-19T22:30:00,65,RR1.00:20-21:515:1912,2026-03-19T20:31:20,2751.55,100.0,-105.0,456.0,267.5,2646.55,3018.0,100.0,True,
2026-03-19T22:30:00,66,RR1.00:20-21:515:1912,2026-03-19T20:31:20,2462.55,100.0,-105.0,456.0,267.5,2357.55,2729.0,100.0,True,
2026-03-19T22:30:00,78,RR1.00:20-21:515:1912,2026-03-19T20:31:20,2325.25,100.0,-105.0,456.0,267.5,2220.25,2591.7,100.0,True,
2026-03-19T22:30:00,79,RR1.00:20-21:515:1912,2026-03-19T20:31:20,2555.45,100.0,-105.0,456.0,267.5,2450.45,2821.9,100.0,True,
2026-03-19T22:30:00,80,RR1.00:20-21:515:1912,2026-03-19T20:31:20,2278.3,100.0,-105.0,456.0,267.5,2173.3,2544.75,100.0,True,
2026-03-19T22:30:00,81,RR1.00:20-21:515:1912,2026-03-19T20:31:20,2278.3,100.0,-105.0,456.0,267.5,2173.3,2544.75,100.0,True,
2026-03-19T22:30:00,82,RR1.00:20-21:515:1912,2026-03-19T20:31:20,2278.3,100.0,-105.0,456.0,267.5,2173.3,2544.75,100.0,True,
2026-03-19T22:30:00,83,RR1.00:20-21:515:1912,2026-03-19T20:31:20,2665.1,100.0,-105.0,456.0,267.5,2560.1,2931.55,100.0,True,
2026-03-19T22:30:00,84,RR1.00:20-21:515:1912,2026-03-19T20:31:20,2665.1,100.0,-105.0,456.0,267.5,2560.1,2931.55,100.0,True,
2026-03-19T22:30:00,91,RR1.00:20-21:515:1912,2026-03-19T20:31:20,2347.65,100.0,-105.0,456.0,267.5,2242.65,2614.1,100.0,True,
2026-03-19T22:30:00,92,RR1.00:20-21:515:1912,2026-03-19T20:31:20,2486.5,100.0,-105.0,456.0,267.5,2381.5,2752.95,100.0,True,
2026-03-19T22:30:00,93,RR1.00:20-21:515:1912,2026-03-19T20:31:20,2378.55,100.0,-105.0,456.0,267.5,2273.55,2645.0,100.0,True,
2026-03-19T22:30:00,94,RR1.00:20-21:515:1912,2026-03-19T20:31:20,2710.95,100.0,-105.0,456.0,267.5,2605.95,2977.4,100.0,True,
2026-03-19T22:30:00,95,RR1.00:20-21:515:1912,2026-03-19T20:31:20,2339.1,100.0,-105.0,456.0,267.5,2234.1,2605.55,100.0,True,
2026-03-19T22:30:00,96,RR1.00:20-21:515:1912,2026-03-19T20:31:20,2402.75,100.0,-105.0,456.0,267.5,2297.75,2669.2,100.0,True,
2026-03-19T22:30:00,97,RR1.00:20-21:515:1912,2026-03-19T20:31:20,2402.75,100.0,-105.0,456.0,267.5,2297.75,2669.2,100.0,True,
2026-03-19T22:30:00,98,RR1.00:20-21:515:1912,2026-03-19T20:31:20,2650.95,100.0,-105.0,456.0,267.5,2545.95,2917.4,100.0,True,
2026-03-19T22:30:00,99,RR1.00:20-21:515:1912,2026-03-19T20:31:20,2511.2,100.0,-105.0,456.0,267.5,2406.2,2777.65,100.0,True,
2026-03-19T22:30:00,100,RR1.00:20-21:515:1912,2026-03-19T20:31:20,2551.0,100.0,-105.0,456.0,267.5,2446.0,2817.45,100.0,True,
2026-03-19T23:30:00,4,RR1.00:23-24:111:841,2026-03-19T23:07:40,2608.4,100.0,-49.0,36.5,15.0,2559.4,2622.35,100.0,True,
2026-03-19T23:30:00,65,RR1.00:23-24:111:841,2026-03-19T23:07:40,3018.0,100.0,-49.0,36.5,15.0,2969.0,3031.95,100.0,True,
2026-03-19T23:30:00,66,RR1.00:23-24:111:841,2026-03-19T23:07:40,2729.0,100.0,-49.0,36.5,15.0,2680.0,2742.95,100.0,True,
2026-03-19T23:30:00,78,RR1.00:23-24:111:841,2026-03-19T23:07:40,2591.7,100.0,-49.0,36.5,15.0,2542.7,2605.65,100.0,True,
2026-03-19T23:30:00,79,RR1.00:23-24:111:841,2026-03-19T23:07:40,2821.9,100.0,-49.0,36.5,15.0,2772.9,2835.85,100.0,True,
2026-03-19T23:30:00,80,RR1.00:23-24:111:841,2026-03-19T23:07:40,2544.75,100.0,-49.0,36.5,15.0,2495.75,2558.7,100.0,True,
2026-03-19T23:30:00,81,RR1.00:23-24:111:841,2026-03-19T23:07:40,2544.75,100.0,-49.0,36.5,15.0,2495.75,2558.7,100.0,True,
2026-03-19T23:30:00,82,RR1.00:23-24:111:841,2026-03-19T23:07:40,2544.75,100.0,-49.0,36.5,15.0,2495.75,2558.7,100.0,True,
2026-03-19T23:30:00,83,RR1.00:23-24:111:841,2026-03-19T23:07:40,2931.55,100.0,-49.0,36.5,15.0,2882.55,2945.5,100.0,True,
2026-03-19T23:30:00,84,RR1.00:23-24:111:841,2026-03-19T23:07:40,2931.55,100.0,-49.0,36.5,15.0,2882.55,2945.5,100.0,True,
2026-03-19T23:30:00,91,RR1.00:23-24:111:841,2026-03-19T23:07:40,2614.1,100.0,-49.0,36.5,15.0,2565.1,2628.05,100.0,True,
2026-03-19T23:30:00,92,RR1.00:23-24:111:841,2026-03-19T23:07:40,2752.95,100.0,-49.0,36.5,15.0,2703.95,2766.9,100.0,True,
2026-03-19T23:30:00,93,RR1.00:23-24:111:841,2026-03-19T23:07:40,2645.0,100.0,-49.0,36.5,15.0,2596.0,2658.95,100.0,True,
2026-03-19T23:30:00,94,RR1.00:23-24:111:841,2026-03-19T23:07:40,2977.4,100.0,-49.0,36.5,15.0,2928.4,2991.35,100.0,True,
2026-03-19T23:30:00,95,RR1.00:23-24:111:841,2026-03-19T23:07:40,2605.55,100.0,-49.0,36.5,15.0,2556.55,2619.5,100.0,True,
2026-03-19T23:30:00,96,RR1.00:23-24:111:841,2026-03-19T23:07:40,2669.2,100.0,-49.0,36.5,15.0,2620.2,2683.15,100.0,True,
2026-03-19T23:30:00,97,RR1.00:23-24:111:841,2026-03-19T23:07:40,2669.2,100.0,-49.0,36.5,15.0,2620.2,2683.15,100.0,True,
2026-03-19T23:30:00,98,RR1.00:23-24:111:841,2026-03-19T23:07:40,2917.4,100.0,-49.0,36.5,15.0,2868.4,2931.35,100.0,True,
2026-03-19T23:30:00,99,RR1.00:23-24:111:841,2026-03-19T23:07:40,2777.65,100.0,-49.0,36.5,15.0,2728.65,2791.6,100.0,True,
2026-03-19T23:30:00,100,RR1.00:23-24:111:841,2026-03-19T23:07:40,2817.45,100.0,-49.0,36.5,15.0,2768.45,2831.4,100.0,True,
2026-03-20T02:22:40,4,RR1.00:2-3:559:2108,2026-03-20T02:06:20,2622.35,100.0,-56.0,18.5,-56.0,2566.35,2565.3,100.0,True,
2026-03-20T02:22:40,65,RR1.00:2-3:559:2108,2026-03-20T02:06:20,3031.95,100.0,-56.0,18.5,-56.0,2975.95,2974.9,100.0,True,
2026-03-20T02:22:40,66,RR1.00:2-3:559:2108,2026-03-20T02:06:20,2742.95,100.0,-56.0,18.5,-56.0,2686.95,2685.9,100.0,True,
2026-03-20T02:22:40,78,RR1.00:2-3:559:2108,2026-03-20T02:06:20,2605.65,100.0,-56.0,18.5,-56.0,2549.65,2548.6,100.0,True,
2026-03-20T02:22:40,79,RR1.00:2-3:559:2108,2026-03-20T02:06:20,2835.85,100.0,-56.0,18.5,-56.0,2779.85,2778.8,100.0,True,
2026-03-20T02:22:40,80,RR1.00:2-3:559:2108,2026-03-20T02:06:20,2558.7,100.0,-56.0,18.5,-56.0,2502.7,2501.65,100.0,True,
2026-03-20T02:22:40,81,RR1.00:2-3:559:2108,2026-03-20T02:06:20,2558.7,100.0,-56.0,18.5,-56.0,2502.7,2501.65,100.0,True,
2026-03-20T02:22:40,82,RR1.00:2-3:559:2108,2026-03-20T02:06:20,2558.7,100.0,-56.0,18.5,-56.0,2502.7,2501.65,100.0,True,
2026-03-20T02:22:40,83,RR1.00:2-3:559:2108,2026-03-20T02:06:20,2945.5,100.0,-56.0,18.5,-56.0,2889.5,2888.45,100.0,True,
2026-03-20T02:22:40,84,RR1.00:2-3:559:2108,2026-03-20T02:06:20,2945.5,100.0,-56.0,18.5,-56.0,2889.5,2888.45,100.0,True,
2026-03-20T02:22:40,91,RR1.00:2-3:559:2108,2026-03-20T02:06:20,2628.05,100.0,-56.0,18.5,-56.0,2572.05,2571.0,100.0,True,
2026-03-20T02:22:40,92,RR1.00:2-3:559:2108,2026-03-20T02:06:20,2766.9,100.0,-56.0,18.5,-56.0,2710.9,2709.85,100.0,True,
2026-03-20T02:22:40,93,RR1.00:2-3:559:2108,2026-03-20T02:06:20,2658.95,100.0,-56.0,18.5,-56.0,2602.95,2601.9,100.0,True,
2026-03-20T02:22:40,94,RR1.00:2-3:559:2108,2026-03-20T02:06:20,2991.35,100.0,-56.0,18.5,-56.0,2935.35,2934.3,100.0,True,
2026-03-20T02:22:40,95,RR1.00:2-3:559:2108,2026-03-20T02:06:20,2619.5,100.0,-56.0,18.5,-56.0,2563.5,2562.45,100.0,True,
2026-03-20T02:22:40,96,RR1.00:2-3:559:2108,2026-03-20T02:06:20,2683.15,100.0,-56.0,18.5,-56.0,2627.15,2626.1,100.0,True,
2026-03-20T02:22:40,97,RR1.00:2-3:559:2108,2026-03-20T02:06:20,2683.15,100.0,-56.0,18.5,-56.0,2627.15,2626.1,100.0,True,
2026-03-20T02:22:40,98,RR1.00:2-3:559:2108,2026-03-20T02:06:20,2931.35,100.0,-56.0,18.5,-56.0,2875.35,2874.3,100.0,True,
2026-03-20T02:22:40,99,RR1.00:2-3:559:2108,2026-03-20T02:06:20,2791.6,100.0,-56.0,18.5,-56.0,2735.6,2734.55,100.0,True,
2026-03-20T02:22:40,100,RR1.00:2-3:559:2108,2026-03-20T02:06:20,2831.4,100.0,-56.0,18.5,-56.0,2775.4,2774.35,100.0,True,
2026-03-20T07:18:40,4,RR1.00:6-7:536:2055,2026-03-20T06:32:40,2565.3,100.0,-53.5,9.0,-53.5,2511.8,2510.75,100.0,True,
2026-03-20T07:18:40,65,RR1.00:6-7:536:2055,2026-03-20T06:32:40,2974.9,100.0,-53.5,9.0,-53.5,2921.4,2920.35,100.0,True,
2026-03-20T07:18:40,66,RR1.00:6-7:536:2055,2026-03-20T06:32:40,2685.9,100.0,-53.5,9.0,-53.5,2632.4,2631.35,100.0,True,
2026-03-20T07:18:40,78,RR1.00:6-7:536:2055,2026-03-20T06:32:40,2548.6,100.0,-53.5,9.0,-53.5,2495.1,2494.05,100.0,True,
2026-03-20T07:18:40,79,RR1.00:6-7:536:2055,2026-03-20T06:32:40,2778.8,100.0,-53.5,9.0,-53.5,2725.3,2724.25,100.0,True,
2026-03-20T07:18:40,80,RR1.00:6-7:536:2055,2026-03-20T06:32:40,2501.65,100.0,-53.5,9.0,-53.5,2448.15,2447.1,100.0,True,
2026-03-20T07:18:40,81,RR1.00:6-7:536:2055,2026-03-20T06:32:40,2501.65,100.0,-53.5,9.0,-53.5,2448.15,2447.1,100.0,True,
2026-03-20T07:18:40,82,RR1.00:6-7:536:2055,2026-03-20T06:32:40,2501.65,100.0,-53.5,9.0,-53.5,2448.15,2447.1,100.0,True,
2026-03-20T07:18:40,83,RR1.00:6-7:536:2055,2026-03-20T06:32:40,2888.45,100.0,-53.5,9.0,-53.5,2834.95,2833.9,100.0,True,
2026-03-20T07:18:40,84,RR1.00:6-7:536:2055,2026-03-20T06:32:40,2888.45,100.0,-53.5,9.0,-53.5,2834.95,2833.9,100.0,True,
2026-03-20T07:18:40,91,RR1.00:6-7:536:2055,2026-03-20T06:32:40,2571.0,100.0,-53.5,9.0,-53.5,2517.5,2516.45,100.0,True,
2026-03-20T07:18:40,92,RR1.00:6-7:536:2055,2026-03-20T06:32:40,2709.85,100.0,-53.5,9.0,-53.5,2656.35,2655.3,100.0,True,
2026-03-20T07:18:40,93,RR1.00:6-7:536:2055,2026-03-20T06:32:40,2601.9,100.0,-53.5,9.0,-53.5,2548.4,2547.35,100.0,True,
2026-03-20T07:18:40,94,RR1.00:6-7:536:2055,2026-03-20T06:32:40,2934.3,100.0,-53.5,9.0,-53.5,2880.8,2879.75,100.0,True,
2026-03-20T07:18:40,95,RR1.00:6-7:536:2055,2026-03-20T06:32:40,2562.45,100.0,-53.5,9.0,-53.5,2508.95,2507.9,100.0,True,
2026-03-20T07:18:40,96,RR1.00:6-7:536:2055,2026-03-20T06:32:40,2626.1,100.0,-53.5,9.0,-53.5,2572.6,2571.55,100.0,True,
2026-03-20T07:18:40,97,RR1.00:6-7:536:2055,2026-03-20T06:32:40,2626.1,100.0,-53.5,9.0,-53.5,2572.6,2571.55,100.0,True,
2026-03-20T07:18:40,98,RR1.00:6-7:536:2055,2026-03-20T06:32:40,2874.3,100.0,-53.5,9.0,-53.5,2820.8,2819.75,100.0,True,
2026-03-20T07:18:40,99,RR1.00:6-7:536:2055,2026-03-20T06:32:40,2734.55,100.0,-53.5,9.0,-53.5,2681.05,2680.0,100.0,True,
2026-03-20T07:18:40,100,RR1.00:6-7:536:2055,2026-03-20T06:32:40,2774.35,100.0,-53.5,9.0,-53.5,2720.85,2719.8,100.0,True,
2026-03-20T09:11:40,4,RR1.00:9-10:558:2060,2026-03-20T09:03:40,2510.75,100.0,-44.0,2.0,-44.0,2466.75,2465.7,100.0,True,
2026-03-20T09:11:40,65,RR1.00:9-10:558:2060,2026-03-20T09:03:40,2920.35,100.0,-44.0,2.0,-44.0,2876.35,2875.3,100.0,True,
2026-03-20T09:11:40,66,RR1.00:9-10:558:2060,2026-03-20T09:03:40,2631.35,100.0,-44.0,2.0,-44.0,2587.35,2586.3,100.0,True,
2026-03-20T09:11:40,78,RR1.00:9-10:558:2060,2026-03-20T09:03:40,2494.05,100.0,-44.0,2.0,-44.0,2450.05,2449.0,100.0,True,
2026-03-20T09:11:40,79,RR1.00:9-10:558:2060,2026-03-20T09:03:40,2724.25,100.0,-44.0,2.0,-44.0,2680.25,2679.2,100.0,True,
2026-03-20T09:11:40,80,RR1.00:9-10:558:2060,2026-03-20T09:03:40,2447.1,100.0,-44.0,2.0,-44.0,2403.1,2402.05,100.0,True,
2026-03-20T09:11:40,81,RR1.00:9-10:558:2060,2026-03-20T09:03:40,2447.1,100.0,-44.0,2.0,-44.0,2403.1,2402.05,100.0,True,
2026-03-20T09:11:40,82,RR1.00:9-10:558:2060,2026-03-20T09:03:40,2447.1,100.0,-44.0,2.0,-44.0,2403.1,2402.05,100.0,True,
2026-03-20T09:11:40,83,RR1.00:9-10:558:2060,2026-03-20T09:03:40,2833.9,100.0,-44.0,2.0,-44.0,2789.9,2788.85,100.0,True,
2026-03-20T09:11:40,84,RR1.00:9-10:558:2060,2026-03-20T09:03:40,2833.9,100.0,-44.0,2.0,-44.0,2789.9,2788.85,100.0,True,
2026-03-20T09:11:40,91,RR1.00:9-10:558:2060,2026-03-20T09:03:40,2516.45,100.0,-44.0,2.0,-44.0,2472.45,2471.4,100.0,True,
2026-03-20T09:11:40,92,RR1.00:9-10:558:2060,2026-03-20T09:03:40,2655.3,100.0,-44.0,2.0,-44.0,2611.3,2610.25,100.0,True,
2026-03-20T09:11:40,93,RR1.00:9-10:558:2060,2026-03-20T09:03:40,2547.35,100.0,-44.0,2.0,-44.0,2503.35,2502.3,100.0,True,
2026-03-20T09:11:40,94,RR1.00:9-10:558:2060,2026-03-20T09:03:40,2879.75,100.0,-44.0,2.0,-44.0,2835.75,2834.7,100.0,True,
2026-03-20T09:11:40,95,RR1.00:9-10:558:2060,2026-03-20T09:03:40,2507.9,100.0,-44.0,2.0,-44.0,2463.9,2462.85,100.0,True,
2026-03-20T09:11:40,96,RR1.00:9-10:558:2060,2026-03-20T09:03:40,2571.55,100.0,-44.0,2.0,-44.0,2527.55,2526.5,100.0,True,
2026-03-20T09:11:40,97,RR1.00:9-10:558:2060,2026-03-20T09:03:40,2571.55,100.0,-44.0,2.0,-44.0,2527.55,2526.5,100.0,True,
2026-03-20T09:11:40,98,RR1.00:9-10:558:2060,2026-03-20T09:03:40,2819.75,100.0,-44.0,2.0,-44.0,2775.75,2774.7,100.0,True,
2026-03-20T09:11:40,99,RR1.00:9-10:558:2060,2026-03-20T09:03:40,2680.0,100.0,-44.0,2.0,-44.0,2636.0,2634.95,100.0,True,
2026-03-20T09:11:40,100,RR1.00:9-10:558:2060,2026-03-20T09:03:40,2719.8,100.0,-44.0,2.0,-44.0,2675.8,2674.75,100.0,True,
2026-03-20T12:19:40,4,RR1.00:10-11:588:2134,2026-03-20T10:33:40,2465.7,100.0,-103.0,92.0,-103.0,2362.7,2361.65,100.0,True,
2026-03-20T12:19:40,65,RR1.00:10-11:588:2134,2026-03-20T10:33:40,2875.3,100.0,-103.0,92.0,-103.0,2772.3,2771.25,100.0,True,
2026-03-20T12:19:40,66,RR1.00:10-11:588:2134,2026-03-20T10:33:40,2586.3,100.0,-103.0,92.0,-103.0,2483.3,2482.25,100.0,True,
2026-03-20T12:19:40,78,RR1.00:10-11:588:2134,2026-03-20T10:33:40,2449.0,100.0,-103.0,92.0,-103.0,2346.0,2344.95,100.0,True,
2026-03-20T12:19:40,79,RR1.00:10-11:588:2134,2026-03-20T10:33:40,2679.2,100.0,-103.0,92.0,-103.0,2576.2,2575.15,100.0,True,
2026-03-20T12:19:40,80,RR1.00:10-11:588:2134,2026-03-20T10:33:40,2402.05,100.0,-103.0,92.0,-103.0,2299.05,2298.0,100.0,True,
2026-03-20T12:19:40,81,RR1.00:10-11:588:2134,2026-03-20T10:33:40,2402.05,100.0,-103.0,92.0,-103.0,2299.05,2298.0,100.0,True,
2026-03-20T12:19:40,82,RR1.00:10-11:588:2134,2026-03-20T10:33:40,2402.05,100.0,-103.0,92.0,-103.0,2299.05,2298.0,100.0,True,
2026-03-20T12:19:40,83,RR1.00:10-11:588:2134,2026-03-20T10:33:40,2788.85,100.0,-103.0,92.0,-103.0,2685.85,2684.8,100.0,True,
2026-03-20T12:19:40,84,RR1.00:10-11:588:2134,2026-03-20T10:33:40,2788.85,100.0,-103.0,92.0,-103.0,2685.85,2684.8,100.0,True,
2026-03-20T12:19:40,91,RR1.00:10-11:588:2134,2026-03-20T10:33:40,2471.4,100.0,-103.0,92.0,-103.0,2368.4,2367.35,100.0,True,
2026-03-20T12:19:40,92,RR1.00:10-11:588:2134,2026-03-20T10:33:40,2610.25,100.0,-103.0,92.0,-103.0,2507.25,2506.2,100.0,True,
2026-03-20T12:19:40,93,RR1.00:10-11:588:2134,2026-03-20T10:33:40,2502.3,100.0,-103.0,92.0,-103.0,2399.3,2398.25,100.0,True,
2026-03-20T12:19:40,94,RR1.00:10-11:588:2134,2026-03-20T10:33:40,2834.7,100.0,-103.0,92.0,-103.0,2731.7,2730.65,100.0,True,
2026-03-20T12:19:40,95,RR1.00:10-11:588:2134,2026-03-20T10:33:40,2462.85,100.0,-103.0,92.0,-103.0,2359.85,2358.8,100.0,True,
2026-03-20T12:19:40,96,RR1.00:10-11:588:2134,2026-03-20T10:33:40,2526.5,100.0,-103.0,92.0,-103.0,2423.5,2422.45,100.0,True,
2026-03-20T12:19:40,97,RR1.00:10-11:588:2134,2026-03-20T10:33:40,2526.5,100.0,-103.0,92.0,-103.0,2423.5,2422.45,100.0,True,
2026-03-20T12:19:40,98,RR1.00:10-11:588:2134,2026-03-20T10:33:40,2774.7,100.0,-103.0,92.0,-103.0,2671.7,2670.65,100.0,True,
2026-03-20T12:19:40,99,RR1.00:10-11:588:2134,2026-03-20T10:33:40,2634.95,100.0,-103.0,92.0,-103.0,2531.95,2530.9,100.0,True,
2026-03-20T12:19:40,100,RR1.00:10-11:588:2134,2026-03-20T10:33:40,2674.75,100.0,-103.0,92.0,-103.0,2571.75,2570.7,100.0,True,
2026-03-20T16:31:40,4,RR1.00:15-16:684:2240,2026-03-20T15:00:40,2361.65,100.0,-106.0,127.5,-106.0,2255.65,2254.6,100.0,True,
2026-03-20T16:31:40,65,RR1.00:15-16:684:2240,2026-03-20T15:00:40,2771.25,100.0,-106.0,127.5,-106.0,2665.25,2664.2,100.0,True,
2026-03-20T16:31:40,66,RR1.00:15-16:684:2240,2026-03-20T15:00:40,2482.25,100.0,-106.0,127.5,-106.0,2376.25,2375.2,100.0,True,
2026-03-20T16:31:40,78,RR1.00:15-16:684:2240,2026-03-20T15:00:40,2344.95,100.0,-106.0,127.5,-106.0,2238.95,2237.9,100.0,True,
2026-03-20T16:31:40,79,RR1.00:15-16:684:2240,2026-03-20T15:00:40,2575.15,100.0,-106.0,127.5,-106.0,2469.15,2468.1,100.0,True,
2026-03-20T16:31:40,80,RR1.00:15-16:684:2240,2026-03-20T15:00:40,2298.0,100.0,-106.0,127.5,-106.0,2192.0,2190.95,100.0,True,
2026-03-20T16:31:40,81,RR1.00:15-16:684:2240,2026-03-20T15:00:40,2298.0,100.0,-106.0,127.5,-106.0,2192.0,2190.95,100.0,True,
2026-03-20T16:31:40,82,RR1.00:15-16:684:2240,2026-03-20T15:00:40,2298.0,100.0,-106.0,127.5,-106.0,2192.0,2190.95,100.0,True,
2026-03-20T16:31:40,83,RR1.00:15-16:684:2240,2026-03-20T15:00:40,2684.8,100.0,-106.0,127.5,-106.0,2578.8,2577.75,100.0,True,
2026-03-20T16:31:40,84,RR1.00:15-16:684:2240,2026-03-20T15:00:40,2684.8,100.0,-106.0,127.5,-106.0,2578.8,2577.75,100.0,True,
2026-03-20T16:31:40,91,RR1.00:15-16:684:2240,2026-03-20T15:00:40,2367.35,100.0,-106.0,127.5,-106.0,2261.35,2260.3,100.0,True,
2026-03-20T16:31:40,92,RR1.00:15-16:684:2240,2026-03-20T15:00:40,2506.2,100.0,-106.0,127.5,-106.0,2400.2,2399.15,100.0,True,
2026-03-20T16:31:40,93,RR1.00:15-16:684:2240,2026-03-20T15:00:40,2398.25,100.0,-106.0,127.5,-106.0,2292.25,2291.2,100.0,True,
2026-03-20T16:31:40,94,RR1.00:15-16:684:2240,2026-03-20T15:00:40,2730.65,100.0,-106.0,127.5,-106.0,2624.65,2623.6,100.0,True,
2026-03-20T16:31:40,95,RR1.00:15-16:684:2240,2026-03-20T15:00:40,2358.8,100.0,-106.0,127.5,-106.0,2252.8,2251.75,100.0,True,
2026-03-20T16:31:40,96,RR1.00:15-16:684:2240,2026-03-20T15:00:40,2422.45,100.0,-106.0,127.5,-106.0,2316.45,2315.4,100.0,True,
2026-03-20T16:31:40,97,RR1.00:15-16:684:2240,2026-03-20T15:00:40,2422.45,100.0,-106.0,127.5,-106.0,2316.45,2315.4,100.0,True,
2026-03-20T16:31:40,98,RR1.00:15-16:684:2240,2026-03-20T15:00:40,2670.65,100.0,-106.0,127.5,-106.0,2564.65,2563.6,100.0,True,
2026-03-20T16:31:40,99,RR1.00:15-16:684:2240,2026-03-20T15:00:40,2530.9,100.0,-106.0,127.5,-106.0,2424.9,2423.85,100.0,True,
2026-03-20T16:31:40,100,RR1.00:15-16:684:2240,2026-03-20T15:00:40,2570.7,100.0,-106.0,127.5,-106.0,2464.7,2463.65,100.0,True,
2026-03-20T20:05:40,4,RR1.00:18-19:464:1976,2026-03-20T18:23:40,2254.6,100.0,-191.0,64.0,-191.0,2063.6,2062.55,100.0,True,
2026-03-20T20:05:40,65,RR1.00:18-19:464:1976,2026-03-20T18:23:40,2664.2,100.0,-191.0,64.0,-191.0,2473.2,2472.15,100.0,True,
2026-03-20T20:05:40,66,RR1.00:18-19:464:1976,2026-03-20T18:23:40,2375.2,100.0,-191.0,64.0,-191.0,2184.2,2183.15,100.0,True,
2026-03-20T20:05:40,78,RR1.00:18-19:464:1976,2026-03-20T18:23:40,2237.9,100.0,-191.0,64.0,-191.0,2046.9,2045.85,100.0,True,
2026-03-20T20:05:40,79,RR1.00:18-19:464:1976,2026-03-20T18:23:40,2468.1,100.0,-191.0,64.0,-191.0,2277.1,2276.05,100.0,True,
2026-03-20T20:05:40,80,RR1.00:18-19:464:1976,2026-03-20T18:23:40,2190.95,100.0,-191.0,64.0,-191.0,1999.95,1998.9,100.0,True,
2026-03-20T20:05:40,81,RR1.00:18-19:464:1976,2026-03-20T18:23:40,2190.95,100.0,-191.0,64.0,-191.0,1999.95,1998.9,100.0,True,
2026-03-20T20:05:40,82,RR1.00:18-19:464:1976,2026-03-20T18:23:40,2190.95,100.0,-191.0,64.0,-191.0,1999.95,1998.9,100.0,True,
2026-03-20T20:05:40,83,RR1.00:18-19:464:1976,2026-03-20T18:23:40,2577.75,100.0,-191.0,64.0,-191.0,2386.75,2385.7,100.0,True,
2026-03-20T20:05:40,84,RR1.00:18-19:464:1976,2026-03-20T18:23:40,2577.75,100.0,-191.0,64.0,-191.0,2386.75,2385.7,100.0,True,
2026-03-20T20:05:40,91,RR1.00:18-19:464:1976,2026-03-20T18:23:40,2260.3,100.0,-191.0,64.0,-191.0,2069.3,2068.25,100.0,True,
2026-03-20T20:05:40,92,RR1.00:18-19:464:1976,2026-03-20T18:23:40,2399.15,100.0,-191.0,64.0,-191.0,2208.15,2207.1,100.0,True,
2026-03-20T20:05:40,93,RR1.00:18-19:464:1976,2026-03-20T18:23:40,2291.2,100.0,-191.0,64.0,-191.0,2100.2,2099.15,100.0,True,
2026-03-20T20:05:40,94,RR1.00:18-19:464:1976,2026-03-20T18:23:40,2623.6,100.0,-191.0,64.0,-191.0,2432.6,2431.55,100.0,True,
2026-03-20T20:05:40,95,RR1.00:18-19:464:1976,2026-03-20T18:23:40,2251.75,100.0,-191.0,64.0,-191.0,2060.75,2059.7,100.0,True,
2026-03-20T20:05:40,96,RR1.00:18-19:464:1976,2026-03-20T18:23:40,2315.4,100.0,-191.0,64.0,-191.0,2124.4,2123.35,100.0,True,
2026-03-20T20:05:40,97,RR1.00:18-19:464:1976,2026-03-20T18:23:40,2315.4,100.0,-191.0,64.0,-191.0,2124.4,2123.35,100.0,True,
2026-03-20T20:05:40,98,RR1.00:18-19:464:1976,2026-03-20T18:23:40,2563.6,100.0,-191.0,64.0,-191.0,2372.6,2371.55,100.0,True,
2026-03-20T20:05:40,99,RR1.00:18-19:464:1976,2026-03-20T18:23:40,2423.85,100.0,-191.0,64.0,-191.0,2232.85,2231.8,100.0,True,
2026-03-20T20:05:40,100,RR1.00:18-19:464:1976,2026-03-20T18:23:40,2463.65,100.0,-191.0,64.0,-191.0,2272.65,2271.6,100.0,True,
2026-03-23T03:37:40,4,RR1.00:3-4:556:2077,2026-03-23T03:11:40,2062.55,100.0,-152.5,78.0,-152.5,1910.05,1909.0,100.0,True,
2026-03-23T03:37:40,65,RR1.00:3-4:556:2077,2026-03-23T03:11:40,2472.15,100.0,-152.5,78.0,-152.5,2319.65,2318.6,100.0,True,
2026-03-23T03:37:40,66,RR1.00:3-4:556:2077,2026-03-23T03:11:40,2183.15,100.0,-152.5,78.0,-152.5,2030.65,2029.6,100.0,True,
2026-03-23T03:37:40,78,RR1.00:3-4:556:2077,2026-03-23T03:11:40,2045.85,100.0,-152.5,78.0,-152.5,1893.35,1892.3,100.0,True,
2026-03-23T03:37:40,79,RR1.00:3-4:556:2077,2026-03-23T03:11:40,2276.05,100.0,-152.5,78.0,-152.5,2123.55,2122.5,100.0,True,
2026-03-23T03:37:40,80,RR1.00:3-4:556:2077,2026-03-23T03:11:40,1998.9,100.0,-152.5,78.0,-152.5,1846.4,1845.35,100.0,True,
2026-03-23T03:37:40,81,RR1.00:3-4:556:2077,2026-03-23T03:11:40,1998.9,100.0,-152.5,78.0,-152.5,1846.4,1845.35,100.0,True,
2026-03-23T03:37:40,82,RR1.00:3-4:556:2077,2026-03-23T03:11:40,1998.9,100.0,-152.5,78.0,-152.5,1846.4,1845.35,100.0,True,
2026-03-23T03:37:40,83,RR1.00:3-4:556:2077,2026-03-23T03:11:40,2385.7,100.0,-152.5,78.0,-152.5,2233.2,2232.15,100.0,True,
2026-03-23T03:37:40,84,RR1.00:3-4:556:2077,2026-03-23T03:11:40,2385.7,100.0,-152.5,78.0,-152.5,2233.2,2232.15,100.0,True,
2026-03-23T03:37:40,91,RR1.00:3-4:556:2077,2026-03-23T03:11:40,2068.25,100.0,-152.5,78.0,-152.5,1915.75,1914.7,100.0,True,
2026-03-23T03:37:40,92,RR1.00:3-4:556:2077,2026-03-23T03:11:40,2207.1,100.0,-152.5,78.0,-152.5,2054.6,2053.55,100.0,True,
2026-03-23T03:37:40,93,RR1.00:3-4:556:2077,2026-03-23T03:11:40,2099.15,100.0,-152.5,78.0,-152.5,1946.65,1945.6,100.0,True,
2026-03-23T03:37:40,94,RR1.00:3-4:556:2077,2026-03-23T03:11:40,2431.55,100.0,-152.5,78.0,-152.5,2279.05,2278.0,100.0,True,
2026-03-23T03:37:40,95,RR1.00:3-4:556:2077,2026-03-23T03:11:40,2059.7,100.0,-152.5,78.0,-152.5,1907.2,1906.15,100.0,True,
2026-03-23T03:37:40,96,RR1.00:3-4:556:2077,2026-03-23T03:11:40,2123.35,100.0,-152.5,78.0,-152.5,1970.85,1969.8,100.0,True,
2026-03-23T03:37:40,97,RR1.00:3-4:556:2077,2026-03-23T03:11:40,2123.35,100.0,-152.5,78.0,-152.5,1970.85,1969.8,100.0,True,
2026-03-23T03:37:40,98,RR1.00:3-4:556:2077,2026-03-23T03:11:40,2371.55,100.0,-152.5,78.0,-152.5,2219.05,2218.0,100.0,True,
2026-03-23T03:37:40,99,RR1.00:3-4:556:2077,2026-03-23T03:11:40,2231.8,100.0,-152.5,78.0,-152.5,2079.3,2078.25,100.0,True,
2026-03-23T03:37:40,100,RR1.00:3-4:556:2077,2026-03-23T03:11:40,2271.6,100.0,-152.5,78.0,-152.5,2119.1,2118.05,100.0,True,
2026-03-23T08:32:40,4,RR1.00:7-8:598:2163,2026-03-23T07:38:40,1909.0,100.0,-106.0,61.5,-106.0,1803.0,1909.0,100.0,True,
2026-03-23T08:32:40,65,RR1.00:7-8:598:2163,2026-03-23T07:38:40,2318.6,100.0,-106.0,61.5,-106.0,2212.6,2318.6,100.0,True,
2026-03-23T08:32:40,66,RR1.00:7-8:598:2163,2026-03-23T07:38:40,2029.6,100.0,-106.0,61.5,-106.0,1923.6,2029.6,100.0,True,
2026-03-23T08:32:40,78,RR1.00:7-8:598:2163,2026-03-23T07:38:40,1892.3,100.0,-106.0,61.5,-106.0,1786.3,1892.3,100.0,True,
2026-03-23T08:32:40,79,RR1.00:7-8:598:2163,2026-03-23T07:38:40,2122.5,100.0,-106.0,61.5,-106.0,2016.5,2122.5,100.0,True,
2026-03-23T08:32:40,80,RR1.00:7-8:598:2163,2026-03-23T07:38:40,1845.35,100.0,-106.0,61.5,-106.0,1739.35,1845.35,100.0,True,
2026-03-23T08:32:40,81,RR1.00:7-8:598:2163,2026-03-23T07:38:40,1845.35,100.0,-106.0,61.5,-106.0,1739.35,1845.35,100.0,True,
2026-03-23T08:32:40,82,RR1.00:7-8:598:2163,2026-03-23T07:38:40,1845.35,100.0,-106.0,61.5,-106.0,1739.35,1845.35,100.0,True,
2026-03-23T08:32:40,83,RR1.00:7-8:598:2163,2026-03-23T07:38:40,2232.15,100.0,-106.0,61.5,-106.0,2126.15,2232.15,100.0,True,
2026-03-23T08:32:40,84,RR1.00:7-8:598:2163,2026-03-23T07:38:40,2232.15,100.0,-106.0,61.5,-106.0,2126.15,2232.15,100.0,True,
2026-03-23T08:32:40,91,RR1.00:7-8:598:2163,2026-03-23T07:38:40,1914.7,100.0,-106.0,61.5,-106.0,1808.7,1914.7,100.0,True,
2026-03-23T08:32:40,92,RR1.00:7-8:598:2163,2026-03-23T07:38:40,2053.55,100.0,-106.0,61.5,-106.0,1947.55,2053.55,100.0,True,
2026-03-23T08:32:40,93,RR1.00:7-8:598:2163,2026-03-23T07:38:40,1945.6,100.0,-106.0,61.5,-106.0,1839.6,1945.6,100.0,True,
2026-03-23T08:32:40,94,RR1.00:7-8:598:2163,2026-03-23T07:38:40,2278.0,100.0,-106.0,61.5,-106.0,2172.0,2278.0,100.0,True,
2026-03-23T08:32:40,95,RR1.00:7-8:598:2163,2026-03-23T07:38:40,1906.15,100.0,-106.0,61.5,-106.0,1800.15,1906.15,100.0,True,
2026-03-23T08:32:40,96,RR1.00:7-8:598:2163,2026-03-23T07:38:40,1969.8,100.0,-106.0,61.5,-106.0,1863.8,1969.8,100.0,True,
2026-03-23T08:32:40,97,RR1.00:7-8:598:2163,2026-03-23T07:38:40,1969.8,100.0,-106.0,61.5,-106.0,1863.8,1969.8,100.0,True,
2026-03-23T08:32:40,98,RR1.00:7-8:598:2163,2026-03-23T07:38:40,2218.0,100.0,-106.0,61.5,-106.0,2112.0,2218.0,100.0,True,
2026-03-23T08:32:40,99,RR1.00:7-8:598:2163,2026-03-23T07:38:40,2078.25,100.0,-106.0,61.5,-106.0,1972.25,2078.25,100.0,True,
2026-03-23T08:32:40,100,RR1.00:7-8:598:2163,2026-03-23T07:38:40,2118.05,100.0,-106.0,61.5,-106.0,2012.05,2118.05,100.0,True,
2026-03-23T08:33:40,4,RR1.00:4-5:531:2061,2026-03-23T04:37:40,1909.0,100.0,-233.0,31.5,-233.0,1676.0,1674.95,100.0,True,
2026-03-23T08:33:40,65,RR1.00:4-5:531:2061,2026-03-23T04:37:40,2318.6,100.0,-233.0,31.5,-233.0,2085.6,2084.55,100.0,True,
2026-03-23T08:33:40,66,RR1.00:4-5:531:2061,2026-03-23T04:37:40,2029.6,100.0,-233.0,31.5,-233.0,1796.6,1795.55,100.0,True,
2026-03-23T08:33:40,78,RR1.00:4-5:531:2061,2026-03-23T04:37:40,1892.3,100.0,-233.0,31.5,-233.0,1659.3,1658.25,100.0,True,
2026-03-23T08:33:40,79,RR1.00:4-5:531:2061,2026-03-23T04:37:40,2122.5,100.0,-233.0,31.5,-233.0,1889.5,1888.45,100.0,True,
2026-03-23T08:33:40,80,RR1.00:4-5:531:2061,2026-03-23T04:37:40,1845.35,100.0,-233.0,31.5,-233.0,1612.35,1611.3,100.0,True,
2026-03-23T08:33:40,81,RR1.00:4-5:531:2061,2026-03-23T04:37:40,1845.35,100.0,-233.0,31.5,-233.0,1612.35,1611.3,100.0,True,
2026-03-23T08:33:40,82,RR1.00:4-5:531:2061,2026-03-23T04:37:40,1845.35,100.0,-233.0,31.5,-233.0,1612.35,1611.3,100.0,True,
2026-03-23T08:33:40,83,RR1.00:4-5:531:2061,2026-03-23T04:37:40,2232.15,100.0,-233.0,31.5,-233.0,1999.15,1998.1,100.0,True,
2026-03-23T08:33:40,84,RR1.00:4-5:531:2061,2026-03-23T04:37:40,2232.15,100.0,-233.0,31.5,-233.0,1999.15,1998.1,100.0,True,
2026-03-23T08:33:40,91,RR1.00:4-5:531:2061,2026-03-23T04:37:40,1914.7,100.0,-233.0,31.5,-233.0,1681.7,1680.65,100.0,True,
2026-03-23T08:33:40,92,RR1.00:4-5:531:2061,2026-03-23T04:37:40,2053.55,100.0,-233.0,31.5,-233.0,1820.55,1819.5,100.0,True,
2026-03-23T08:33:40,93,RR1.00:4-5:531:2061,2026-03-23T04:37:40,1945.6,100.0,-233.0,31.5,-233.0,1712.6,1711.55,100.0,True,
2026-03-23T08:33:40,94,RR1.00:4-5:531:2061,2026-03-23T04:37:40,2278.0,100.0,-233.0,31.5,-233.0,2045.0,2043.95,100.0,True,
2026-03-23T08:33:40,95,RR1.00:4-5:531:2061,2026-03-23T04:37:40,1906.15,100.0,-233.0,31.5,-233.0,1673.15,1672.1,100.0,True,
2026-03-23T08:33:40,96,RR1.00:4-5:531:2061,2026-03-23T04:37:40,1969.8,100.0,-233.0,31.5,-233.0,1736.8,1735.75,100.0,True,
2026-03-23T08:33:40,97,RR1.00:4-5:531:2061,2026-03-23T04:37:40,1969.8,100.0,-233.0,31.5,-233.0,1736.8,1735.75,100.0,True,
2026-03-23T08:33:40,98,RR1.00:4-5:531:2061,2026-03-23T04:37:40,2218.0,100.0,-233.0,31.5,-233.0,1985.0,1983.95,100.0,True,
2026-03-23T08:33:40,99,RR1.00:4-5:531:2061,2026-03-23T04:37:40,2078.25,100.0,-233.0,31.5,-233.0,1845.25,1844.2,100.0,True,
2026-03-23T08:33:40,100,RR1.00:4-5:531:2061,2026-03-23T04:37:40,2118.05,100.0,-233.0,31.5,-233.0,1885.05,1884.0,100.0,True,
2026-03-23T18:36:40,4,RR1.00:18-19:465:1978,2026-03-23T18:02:40,1674.95,100.0,-152.5,68.0,-152.5,1522.45,1521.4,100.0,True,
2026-03-23T18:36:40,65,RR1.00:18-19:465:1978,2026-03-23T18:02:40,2084.55,100.0,-152.5,68.0,-152.5,1932.05,1931.0,100.0,True,
2026-03-23T18:36:40,66,RR1.00:18-19:465:1978,2026-03-23T18:02:40,1795.55,100.0,-152.5,68.0,-152.5,1643.05,1642.0,100.0,True,
2026-03-23T18:36:40,78,RR1.00:18-19:465:1978,2026-03-23T18:02:40,1658.25,100.0,-152.5,68.0,-152.5,1505.75,1504.7,100.0,True,
2026-03-23T18:36:40,79,RR1.00:18-19:465:1978,2026-03-23T18:02:40,1888.45,100.0,-152.5,68.0,-152.5,1735.95,1734.9,100.0,True,
2026-03-23T18:36:40,80,RR1.00:18-19:465:1978,2026-03-23T18:02:40,1611.3,100.0,-152.5,68.0,-152.5,1458.8,1457.75,100.0,True,
2026-03-23T18:36:40,81,RR1.00:18-19:465:1978,2026-03-23T18:02:40,1611.3,100.0,-152.5,68.0,-152.5,1458.8,1457.75,100.0,True,
2026-03-23T18:36:40,82,RR1.00:18-19:465:1978,2026-03-23T18:02:40,1611.3,100.0,-152.5,68.0,-152.5,1458.8,1457.75,100.0,True,
2026-03-23T18:36:40,83,RR1.00:18-19:465:1978,2026-03-23T18:02:40,1998.1,100.0,-152.5,68.0,-152.5,1845.6,1844.55,100.0,True,
2026-03-23T18:36:40,84,RR1.00:18-19:465:1978,2026-03-23T18:02:40,1998.1,100.0,-152.5,68.0,-152.5,1845.6,1844.55,100.0,True,
2026-03-23T18:36:40,91,RR1.00:18-19:465:1978,2026-03-23T18:02:40,1680.65,100.0,-152.5,68.0,-152.5,1528.15,1527.1,100.0,True,
2026-03-23T18:36:40,92,RR1.00:18-19:465:1978,2026-03-23T18:02:40,1819.5,100.0,-152.5,68.0,-152.5,1667.0,1665.95,100.0,True,
2026-03-23T18:36:40,93,RR1.00:18-19:465:1978,2026-03-23T18:02:40,1711.55,100.0,-152.5,68.0,-152.5,1559.05,1558.0,100.0,True,
2026-03-23T18:36:40,94,RR1.00:18-19:465:1978,2026-03-23T18:02:40,2043.95,100.0,-152.5,68.0,-152.5,1891.45,1890.4,100.0,True,
2026-03-23T18:36:40,95,RR1.00:18-19:465:1978,2026-03-23T18:02:40,1672.1,100.0,-152.5,68.0,-152.5,1519.6,1518.55,100.0,True,
2026-03-23T18:36:40,96,RR1.00:18-19:465:1978,2026-03-23T18:02:40,1735.75,100.0,-152.5,68.0,-152.5,1583.25,1582.2,100.0,True,
2026-03-23T18:36:40,97,RR1.00:18-19:465:1978,2026-03-23T18:02:40,1735.75,100.0,-152.5,68.0,-152.5,1583.25,1582.2,100.0,True,
2026-03-23T18:36:40,98,RR1.00:18-19:465:1978,2026-03-23T18:02:40,1983.95,100.0,-152.5,68.0,-152.5,1831.45,1830.4,100.0,True,
2026-03-23T18:36:40,99,RR1.00:18-19:465:1978,2026-03-23T18:02:40,1844.2,100.0,-152.5,68.0,-152.5,1691.7,1690.65,100.0,True,
2026-03-23T18:36:40,100,RR1.00:18-19:465:1978,2026-03-23T18:02:40,1884.0,100.0,-152.5,68.0,-152.5,1731.5,1730.45,100.0,True,
2026-03-23T22:00:00,4,RR1.00:20-21:516:1916,2026-03-23T20:33:40,1521.4,100.0,-9.0,287.5,242.5,1512.4,1762.85,100.0,True,
2026-03-23T22:00:00,65,RR1.00:20-21:516:1916,2026-03-23T20:33:40,1931.0,100.0,-9.0,287.5,242.5,1922.0,2172.45,100.0,True,
2026-03-23T22:00:00,66,RR1.00:20-21:516:1916,2026-03-23T20:33:40,1642.0,100.0,-9.0,287.5,242.5,1633.0,1883.45,100.0,True,
2026-03-23T22:00:00,78,RR1.00:20-21:516:1916,2026-03-23T20:33:40,1504.7,100.0,-9.0,287.5,242.5,1495.7,1746.15,100.0,True,
2026-03-23T22:00:00,79,RR1.00:20-21:516:1916,2026-03-23T20:33:40,1734.9,100.0,-9.0,287.5,242.5,1725.9,1976.35,100.0,True,
2026-03-23T22:00:00,80,RR1.00:20-21:516:1916,2026-03-23T20:33:40,1457.75,100.0,-9.0,287.5,242.5,1448.75,1699.2,100.0,True,
2026-03-23T22:00:00,81,RR1.00:20-21:516:1916,2026-03-23T20:33:40,1457.75,100.0,-9.0,287.5,242.5,1448.75,1699.2,100.0,True,
2026-03-23T22:00:00,82,RR1.00:20-21:516:1916,2026-03-23T20:33:40,1457.75,100.0,-9.0,287.5,242.5,1448.75,1699.2,100.0,True,
2026-03-23T22:00:00,83,RR1.00:20-21:516:1916,2026-03-23T20:33:40,1844.55,100.0,-9.0,287.5,242.5,1835.55,2086.0,100.0,True,
2026-03-23T22:00:00,84,RR1.00:20-21:516:1916,2026-03-23T20:33:40,1844.55,100.0,-9.0,287.5,242.5,1835.55,2086.0,100.0,True,
2026-03-23T22:00:00,91,RR1.00:20-21:516:1916,2026-03-23T20:33:40,1527.1,100.0,-9.0,287.5,242.5,1518.1,1768.55,100.0,True,
2026-03-23T22:00:00,92,RR1.00:20-21:516:1916,2026-03-23T20:33:40,1665.95,100.0,-9.0,287.5,242.5,1656.95,1907.4,100.0,True,
2026-03-23T22:00:00,93,RR1.00:20-21:516:1916,2026-03-23T20:33:40,1558.0,100.0,-9.0,287.5,242.5,1549.0,1799.45,100.0,True,
2026-03-23T22:00:00,94,RR1.00:20-21:516:1916,2026-03-23T20:33:40,1890.4,100.0,-9.0,287.5,242.5,1881.4,2131.85,100.0,True,
2026-03-23T22:00:00,95,RR1.00:20-21:516:1916,2026-03-23T20:33:40,1518.55,100.0,-9.0,287.5,242.5,1509.55,1760.0,100.0,True,
2026-03-23T22:00:00,96,RR1.00:20-21:516:1916,2026-03-23T20:33:40,1582.2,100.0,-9.0,287.5,242.5,1573.2,1823.65,100.0,True,
2026-03-23T22:00:00,97,RR1.00:20-21:516:1916,2026-03-23T20:33:40,1582.2,100.0,-9.0,287.5,242.5,1573.2,1823.65,100.0,True,
2026-03-23T22:00:00,98,RR1.00:20-21:516:1916,2026-03-23T20:33:40,1830.4,100.0,-9.0,287.5,242.5,1821.4,2071.85,100.0,True,
2026-03-23T22:00:00,99,RR1.00:20-21:516:1916,2026-03-23T20:33:40,1690.65,100.0,-9.0,287.5,242.5,1681.65,1932.1,100.0,True,
2026-03-23T22:00:00,100,RR1.00:20-21:516:1916,2026-03-23T20:33:40,1730.45,100.0,-9.0,287.5,242.5,1721.45,1971.9,100.0,True,
2026-03-23T22:57:40,4,RR1.00:21-22:538:1996,2026-03-23T21:33:40,1762.85,100.0,-145.0,96.0,-145.0,1617.85,1762.85,100.0,True,
2026-03-23T22:57:40,65,RR1.00:21-22:538:1996,2026-03-23T21:33:40,2172.45,100.0,-145.0,96.0,-145.0,2027.45,2172.45,100.0,True,
2026-03-23T22:57:40,66,RR1.00:21-22:538:1996,2026-03-23T21:33:40,1883.45,100.0,-145.0,96.0,-145.0,1738.45,1883.45,100.0,True,
2026-03-23T22:57:40,78,RR1.00:21-22:538:1996,2026-03-23T21:33:40,1746.15,100.0,-145.0,96.0,-145.0,1601.15,1746.15,100.0,True,
2026-03-23T22:57:40,79,RR1.00:21-22:538:1996,2026-03-23T21:33:40,1976.35,100.0,-145.0,96.0,-145.0,1831.35,1976.35,100.0,True,
2026-03-23T22:57:40,80,RR1.00:21-22:538:1996,2026-03-23T21:33:40,1699.2,100.0,-145.0,96.0,-145.0,1554.2,1699.2,100.0,True,
2026-03-23T22:57:40,81,RR1.00:21-22:538:1996,2026-03-23T21:33:40,1699.2,100.0,-145.0,96.0,-145.0,1554.2,1699.2,100.0,True,
2026-03-23T22:57:40,82,RR1.00:21-22:538:1996,2026-03-23T21:33:40,1699.2,100.0,-145.0,96.0,-145.0,1554.2,1699.2,100.0,True,
2026-03-23T22:57:40,83,RR1.00:21-22:538:1996,2026-03-23T21:33:40,2086.0,100.0,-145.0,96.0,-145.0,1941.0,2086.0,100.0,True,
2026-03-23T22:57:40,84,RR1.00:21-22:538:1996,2026-03-23T21:33:40,2086.0,100.0,-145.0,96.0,-145.0,1941.0,2086.0,100.0,True,
2026-03-23T22:57:40,91,RR1.00:21-22:538:1996,2026-03-23T21:33:40,1768.55,100.0,-145.0,96.0,-145.0,1623.55,1768.55,100.0,True,
2026-03-23T22:57:40,92,RR1.00:21-22:538:1996,2026-03-23T21:33:40,1907.4,100.0,-145.0,96.0,-145.0,1762.4,1907.4,100.0,True,
2026-03-23T22:57:40,93,RR1.00:21-22:538:1996,2026-03-23T21:33:40,1799.45,100.0,-145.0,96.0,-145.0,1654.45,1799.45,100.0,True,
2026-03-23T22:57:40,94,RR1.00:21-22:538:1996,2026-03-23T21:33:40,2131.85,100.0,-145.0,96.0,-145.0,1986.85,2131.85,100.0,True,
2026-03-23T22:57:40,95,RR1.00:21-22:538:1996,2026-03-23T21:33:40,1760.0,100.0,-145.0,96.0,-145.0,1615.0,1760.0,100.0,True,
2026-03-23T22:57:40,96,RR1.00:21-22:538:1996,2026-03-23T21:33:40,1823.65,100.0,-145.0,96.0,-145.0,1678.65,1823.65,100.0,True,
2026-03-23T22:57:40,97,RR1.00:21-22:538:1996,2026-03-23T21:33:40,1823.65,100.0,-145.0,96.0,-145.0,1678.65,1823.65,100.0,True,
2026-03-23T22:57:40,98,RR1.00:21-22:538:1996,2026-03-23T21:33:40,2071.85,100.0,-145.0,96.0,-145.0,1926.85,2071.85,100.0,True,
2026-03-23T22:57:40,99,RR1.00:21-22:538:1996,2026-03-23T21:33:40,1932.1,100.0,-145.0,96.0,-145.0,1787.1,1932.1,100.0,True,
2026-03-23T22:57:40,100,RR1.00:21-22:538:1996,2026-03-23T21:33:40,1971.9,100.0,-145.0,96.0,-145.0,1826.9,1971.9,100.0,True,
2026-03-24T02:00:00,4,RR1.00:1-2:453:1841,2026-03-24T01:25:40,1762.85,100.0,-41.5,111.5,96.0,1721.35,1857.8,100.0,True,
2026-03-24T02:00:00,65,RR1.00:1-2:453:1841,2026-03-24T01:25:40,2172.45,100.0,-41.5,111.5,96.0,2130.95,2267.4,100.0,True,
2026-03-24T02:00:00,66,RR1.00:1-2:453:1841,2026-03-24T01:25:40,1883.45,100.0,-41.5,111.5,96.0,1841.95,1978.4,100.0,True,
2026-03-24T02:00:00,78,RR1.00:1-2:453:1841,2026-03-24T01:25:40,1746.15,100.0,-41.5,111.5,96.0,1704.65,1841.1,100.0,True,
2026-03-24T02:00:00,79,RR1.00:1-2:453:1841,2026-03-24T01:25:40,1976.35,100.0,-41.5,111.5,96.0,1934.85,2071.3,100.0,True,
2026-03-24T02:00:00,80,RR1.00:1-2:453:1841,2026-03-24T01:25:40,1699.2,100.0,-41.5,111.5,96.0,1657.7,1794.15,100.0,True,
2026-03-24T02:00:00,81,RR1.00:1-2:453:1841,2026-03-24T01:25:40,1699.2,100.0,-41.5,111.5,96.0,1657.7,1794.15,100.0,True,
2026-03-24T02:00:00,82,RR1.00:1-2:453:1841,2026-03-24T01:25:40,1699.2,100.0,-41.5,111.5,96.0,1657.7,1794.15,100.0,True,
2026-03-24T02:00:00,83,RR1.00:1-2:453:1841,2026-03-24T01:25:40,2086.0,100.0,-41.5,111.5,96.0,2044.5,2180.95,100.0,True,
2026-03-24T02:00:00,84,RR1.00:1-2:453:1841,2026-03-24T01:25:40,2086.0,100.0,-41.5,111.5,96.0,2044.5,2180.95,100.0,True,
2026-03-24T02:00:00,91,RR1.00:1-2:453:1841,2026-03-24T01:25:40,1768.55,100.0,-41.5,111.5,96.0,1727.05,1863.5,100.0,True,
2026-03-24T02:00:00,92,RR1.00:1-2:453:1841,2026-03-24T01:25:40,1907.4,100.0,-41.5,111.5,96.0,1865.9,2002.35,100.0,True,
2026-03-24T02:00:00,93,RR1.00:1-2:453:1841,2026-03-24T01:25:40,1799.45,100.0,-41.5,111.5,96.0,1757.95,1894.4,100.0,True,
2026-03-24T02:00:00,94,RR1.00:1-2:453:1841,2026-03-24T01:25:40,2131.85,100.0,-41.5,111.5,96.0,2090.35,2226.8,100.0,True,
2026-03-24T02:00:00,95,RR1.00:1-2:453:1841,2026-03-24T01:25:40,1760.0,100.0,-41.5,111.5,96.0,1718.5,1854.95,100.0,True,
2026-03-24T02:00:00,96,RR1.00:1-2:453:1841,2026-03-24T01:25:40,1823.65,100.0,-41.5,111.5,96.0,1782.15,1918.6,100.0,True,
2026-03-24T02:00:00,97,RR1.00:1-2:453:1841,2026-03-24T01:25:40,1823.65,100.0,-41.5,111.5,96.0,1782.15,1918.6,100.0,True,
2026-03-24T02:00:00,98,RR1.00:1-2:453:1841,2026-03-24T01:25:40,2071.85,100.0,-41.5,111.5,96.0,2030.35,2166.8,100.0,True,
2026-03-24T02:00:00,99,RR1.00:1-2:453:1841,2026-03-24T01:25:40,1932.1,100.0,-41.5,111.5,96.0,1890.6,2027.05,100.0,True,
2026-03-24T02:00:00,100,RR1.00:1-2:453:1841,2026-03-24T01:25:40,1971.9,100.0,-41.5,111.5,96.0,1930.4,2066.85,100.0,True,
2026-03-24T08:22:40,4,RR1.00:8-9:602:2142,2026-03-24T08:18:40,1857.8,100.0,-64.0,66.0,-64.0,1793.8,1792.75,100.0,True,
2026-03-24T08:22:40,65,RR1.00:8-9:602:2142,2026-03-24T08:18:40,2267.4,100.0,-64.0,66.0,-64.0,2203.4,2202.35,100.0,True,
2026-03-24T08:22:40,66,RR1.00:8-9:602:2142,2026-03-24T08:18:40,1978.4,100.0,-64.0,66.0,-64.0,1914.4,1913.35,100.0,True,
2026-03-24T08:22:40,78,RR1.00:8-9:602:2142,2026-03-24T08:18:40,1841.1,100.0,-64.0,66.0,-64.0,1777.1,1776.05,100.0,True,
2026-03-24T08:22:40,79,RR1.00:8-9:602:2142,2026-03-24T08:18:40,2071.3,100.0,-64.0,66.0,-64.0,2007.3,2006.25,100.0,True,
2026-03-24T08:22:40,80,RR1.00:8-9:602:2142,2026-03-24T08:18:40,1794.15,100.0,-64.0,66.0,-64.0,1730.15,1729.1,100.0,True,
2026-03-24T08:22:40,81,RR1.00:8-9:602:2142,2026-03-24T08:18:40,1794.15,100.0,-64.0,66.0,-64.0,1730.15,1729.1,100.0,True,
2026-03-24T08:22:40,82,RR1.00:8-9:602:2142,2026-03-24T08:18:40,1794.15,100.0,-64.0,66.0,-64.0,1730.15,1729.1,100.0,True,
2026-03-24T08:22:40,83,RR1.00:8-9:602:2142,2026-03-24T08:18:40,2180.95,100.0,-64.0,66.0,-64.0,2116.95,2115.9,100.0,True,
2026-03-24T08:22:40,84,RR1.00:8-9:602:2142,2026-03-24T08:18:40,2180.95,100.0,-64.0,66.0,-64.0,2116.95,2115.9,100.0,True,
2026-03-24T08:22:40,91,RR1.00:8-9:602:2142,2026-03-24T08:18:40,1863.5,100.0,-64.0,66.0,-64.0,1799.5,1798.45,100.0,True,
2026-03-24T08:22:40,92,RR1.00:8-9:602:2142,2026-03-24T08:18:40,2002.35,100.0,-64.0,66.0,-64.0,1938.35,1937.3,100.0,True,
2026-03-24T08:22:40,93,RR1.00:8-9:602:2142,2026-03-24T08:18:40,1894.4,100.0,-64.0,66.0,-64.0,1830.4,1829.35,100.0,True,
2026-03-24T08:22:40,94,RR1.00:8-9:602:2142,2026-03-24T08:18:40,2226.8,100.0,-64.0,66.0,-64.0,2162.8,2161.75,100.0,True,
2026-03-24T08:22:40,95,RR1.00:8-9:602:2142,2026-03-24T08:18:40,1854.95,100.0,-64.0,66.0,-64.0,1790.95,1789.9,100.0,True,
2026-03-24T08:22:40,96,RR1.00:8-9:602:2142,2026-03-24T08:18:40,1918.6,100.0,-64.0,66.0,-64.0,1854.6,1853.55,100.0,True,
2026-03-24T08:22:40,97,RR1.00:8-9:602:2142,2026-03-24T08:18:40,1918.6,100.0,-64.0,66.0,-64.0,1854.6,1853.55,100.0,True,
2026-03-24T08:22:40,98,RR1.00:8-9:602:2142,2026-03-24T08:18:40,2166.8,100.0,-64.0,66.0,-64.0,2102.8,2101.75,100.0,True,
2026-03-24T08:22:40,99,RR1.00:8-9:602:2142,2026-03-24T08:18:40,2027.05,100.0,-64.0,66.0,-64.0,1963.05,1962.0,100.0,True,
2026-03-24T08:22:40,100,RR1.00:8-9:602:2142,2026-03-24T08:18:40,2066.85,100.0,-64.0,66.0,-64.0,2002.85,2001.8,100.0,True,
2026-03-24T14:53:40,4,RR1.00:12-13:514:2031,2026-03-24T12:55:40,1792.75,100.0,-191.0,68.5,-191.0,1601.75,1600.7,100.0,True,
2026-03-24T14:53:40,65,RR1.00:12-13:514:2031,2026-03-24T12:55:40,2202.35,100.0,-191.0,68.5,-191.0,2011.35,2010.3,100.0,True,
2026-03-24T14:53:40,66,RR1.00:12-13:514:2031,2026-03-24T12:55:40,1913.35,100.0,-191.0,68.5,-191.0,1722.35,1721.3,100.0,True,
2026-03-24T14:53:40,78,RR1.00:12-13:514:2031,2026-03-24T12:55:40,1776.05,100.0,-191.0,68.5,-191.0,1585.05,1584.0,100.0,True,
2026-03-24T14:53:40,79,RR1.00:12-13:514:2031,2026-03-24T12:55:40,2006.25,100.0,-191.0,68.5,-191.0,1815.25,1814.2,100.0,True,
2026-03-24T14:53:40,80,RR1.00:12-13:514:2031,2026-03-24T12:55:40,1729.1,100.0,-191.0,68.5,-191.0,1538.1,1537.05,100.0,True,
2026-03-24T14:53:40,81,RR1.00:12-13:514:2031,2026-03-24T12:55:40,1729.1,100.0,-191.0,68.5,-191.0,1538.1,1537.05,100.0,True,
2026-03-24T14:53:40,82,RR1.00:12-13:514:2031,2026-03-24T12:55:40,1729.1,100.0,-191.0,68.5,-191.0,1538.1,1537.05,100.0,True,
2026-03-24T14:53:40,83,RR1.00:12-13:514:2031,2026-03-24T12:55:40,2115.9,100.0,-191.0,68.5,-191.0,1924.9,1923.85,100.0,True,
2026-03-24T14:53:40,84,RR1.00:12-13:514:2031,2026-03-24T12:55:40,2115.9,100.0,-191.0,68.5,-191.0,1924.9,1923.85,100.0,True,
2026-03-24T14:53:40,91,RR1.00:12-13:514:2031,2026-03-24T12:55:40,1798.45,100.0,-191.0,68.5,-191.0,1607.45,1606.4,100.0,True,
2026-03-24T14:53:40,92,RR1.00:12-13:514:2031,2026-03-24T12:55:40,1937.3,100.0,-191.0,68.5,-191.0,1746.3,1745.25,100.0,True,
2026-03-24T14:53:40,93,RR1.00:12-13:514:2031,2026-03-24T12:55:40,1829.35,100.0,-191.0,68.5,-191.0,1638.35,1637.3,100.0,True,
2026-03-24T14:53:40,94,RR1.00:12-13:514:2031,2026-03-24T12:55:40,2161.75,100.0,-191.0,68.5,-191.0,1970.75,1969.7,100.0,True,
2026-03-24T14:53:40,95,RR1.00:12-13:514:2031,2026-03-24T12:55:40,1789.9,100.0,-191.0,68.5,-191.0,1598.9,1597.85,100.0,True,
2026-03-24T14:53:40,96,RR1.00:12-13:514:2031,2026-03-24T12:55:40,1853.55,100.0,-191.0,68.5,-191.0,1662.55,1661.5,100.0,True,
2026-03-24T14:53:40,97,RR1.00:12-13:514:2031,2026-03-24T12:55:40,1853.55,100.0,-191.0,68.5,-191.0,1662.55,1661.5,100.0,True,
2026-03-24T14:53:40,98,RR1.00:12-13:514:2031,2026-03-24T12:55:40,2101.75,100.0,-191.0,68.5,-191.0,1910.75,1909.7,100.0,True,
2026-03-24T14:53:40,99,RR1.00:12-13:514:2031,2026-03-24T12:55:40,1962.0,100.0,-191.0,68.5,-191.0,1771.0,1769.95,100.0,True,
2026-03-24T14:53:40,100,RR1.00:12-13:514:2031,2026-03-24T12:55:40,2001.8,100.0,-191.0,68.5,-191.0,1810.8,1809.75,100.0,True,
2026-03-24T16:39:40,4,RR1.00:16-17:850:2430,2026-03-24T16:31:40,1600.7,100.0,-180.0,44.0,-180.0,1420.7,1419.65,100.0,True,
2026-03-24T16:39:40,65,RR1.00:16-17:850:2430,2026-03-24T16:31:40,2010.3,100.0,-180.0,44.0,-180.0,1830.3,1829.25,100.0,True,
2026-03-24T16:39:40,66,RR1.00:16-17:850:2430,2026-03-24T16:31:40,1721.3,100.0,-180.0,44.0,-180.0,1541.3,1540.25,100.0,True,
2026-03-24T16:39:40,78,RR1.00:16-17:850:2430,2026-03-24T16:31:40,1584.0,100.0,-180.0,44.0,-180.0,1404.0,1402.95,100.0,True,
2026-03-24T16:39:40,79,RR1.00:16-17:850:2430,2026-03-24T16:31:40,1814.2,100.0,-180.0,44.0,-180.0,1634.2,1633.15,100.0,True,
2026-03-24T16:39:40,80,RR1.00:16-17:850:2430,2026-03-24T16:31:40,1537.05,100.0,-180.0,44.0,-180.0,1357.05,1356.0,100.0,True,
2026-03-24T16:39:40,81,RR1.00:16-17:850:2430,2026-03-24T16:31:40,1537.05,100.0,-180.0,44.0,-180.0,1357.05,1356.0,100.0,True,
2026-03-24T16:39:40,82,RR1.00:16-17:850:2430,2026-03-24T16:31:40,1537.05,100.0,-180.0,44.0,-180.0,1357.05,1356.0,100.0,True,
2026-03-24T16:39:40,83,RR1.00:16-17:850:2430,2026-03-24T16:31:40,1923.85,100.0,-180.0,44.0,-180.0,1743.85,1742.8,100.0,True,
2026-03-24T16:39:40,84,RR1.00:16-17:850:2430,2026-03-24T16:31:40,1923.85,100.0,-180.0,44.0,-180.0,1743.85,1742.8,100.0,True,
2026-03-24T16:39:40,91,RR1.00:16-17:850:2430,2026-03-24T16:31:40,1606.4,100.0,-180.0,44.0,-180.0,1426.4,1425.35,100.0,True,
2026-03-24T16:39:40,92,RR1.00:16-17:850:2430,2026-03-24T16:31:40,1745.25,100.0,-180.0,44.0,-180.0,1565.25,1564.2,100.0,True,
2026-03-24T16:39:40,93,RR1.00:16-17:850:2430,2026-03-24T16:31:40,1637.3,100.0,-180.0,44.0,-180.0,1457.3,1456.25,100.0,True,
2026-03-24T16:39:40,94,RR1.00:16-17:850:2430,2026-03-24T16:31:40,1969.7,100.0,-180.0,44.0,-180.0,1789.7,1788.65,100.0,True,
2026-03-24T16:39:40,95,RR1.00:16-17:850:2430,2026-03-24T16:31:40,1597.85,100.0,-180.0,44.0,-180.0,1417.85,1416.8,100.0,True,
2026-03-24T16:39:40,96,RR1.00:16-17:850:2430,2026-03-24T16:31:40,1661.5,100.0,-180.0,44.0,-180.0,1481.5,1480.45,100.0,True,
2026-03-24T16:39:40,97,RR1.00:16-17:850:2430,2026-03-24T16:31:40,1661.5,100.0,-180.0,44.0,-180.0,1481.5,1480.45,100.0,True,
2026-03-24T16:39:40,98,RR1.00:16-17:850:2430,2026-03-24T16:31:40,1909.7,100.0,-180.0,44.0,-180.0,1729.7,1728.65,100.0,True,
2026-03-24T16:39:40,99,RR1.00:16-17:850:2430,2026-03-24T16:31:40,1769.95,100.0,-180.0,44.0,-180.0,1589.95,1588.9,100.0,True,
2026-03-24T16:39:40,100,RR1.00:16-17:850:2430,2026-03-24T16:31:40,1809.75,100.0,-180.0,44.0,-180.0,1629.75,1628.7,100.0,True,
2026-03-24T20:10:40,4,RR1.00:17-18:370:1886,2026-03-24T17:51:40,1419.65,100.0,-212.0,206.0,-212.0,1207.65,1206.6,100.0,True,
2026-03-24T20:10:40,65,RR1.00:17-18:370:1886,2026-03-24T17:51:40,1829.25,100.0,-212.0,206.0,-212.0,1617.25,1616.2,100.0,True,
2026-03-24T20:10:40,66,RR1.00:17-18:370:1886,2026-03-24T17:51:40,1540.25,100.0,-212.0,206.0,-212.0,1328.25,1327.2,100.0,True,
2026-03-24T20:10:40,78,RR1.00:17-18:370:1886,2026-03-24T17:51:40,1402.95,100.0,-212.0,206.0,-212.0,1190.95,1189.9,100.0,True,
2026-03-24T20:10:40,79,RR1.00:17-18:370:1886,2026-03-24T17:51:40,1633.15,100.0,-212.0,206.0,-212.0,1421.15,1420.1,100.0,True,
2026-03-24T20:10:40,80,RR1.00:17-18:370:1886,2026-03-24T17:51:40,1356.0,100.0,-212.0,206.0,-212.0,1144.0,1142.95,100.0,True,
2026-03-24T20:10:40,81,RR1.00:17-18:370:1886,2026-03-24T17:51:40,1356.0,100.0,-212.0,206.0,-212.0,1144.0,1142.95,100.0,True,
2026-03-24T20:10:40,82,RR1.00:17-18:370:1886,2026-03-24T17:51:40,1356.0,100.0,-212.0,206.0,-212.0,1144.0,1142.95,100.0,True,
2026-03-24T20:10:40,83,RR1.00:17-18:370:1886,2026-03-24T17:51:40,1742.8,100.0,-212.0,206.0,-212.0,1530.8,1529.75,100.0,True,
2026-03-24T20:10:40,84,RR1.00:17-18:370:1886,2026-03-24T17:51:40,1742.8,100.0,-212.0,206.0,-212.0,1530.8,1529.75,100.0,True,
2026-03-24T20:10:40,91,RR1.00:17-18:370:1886,2026-03-24T17:51:40,1425.35,100.0,-212.0,206.0,-212.0,1213.35,1212.3,100.0,True,
2026-03-24T20:10:40,92,RR1.00:17-18:370:1886,2026-03-24T17:51:40,1564.2,100.0,-212.0,206.0,-212.0,1352.2,1351.15,100.0,True,
2026-03-24T20:10:40,93,RR1.00:17-18:370:1886,2026-03-24T17:51:40,1456.25,100.0,-212.0,206.0,-212.0,1244.25,1243.2,100.0,True,
2026-03-24T20:10:40,94,RR1.00:17-18:370:1886,2026-03-24T17:51:40,1788.65,100.0,-212.0,206.0,-212.0,1576.65,1575.6,100.0,True,
2026-03-24T20:10:40,95,RR1.00:17-18:370:1886,2026-03-24T17:51:40,1416.8,100.0,-212.0,206.0,-212.0,1204.8,1203.75,100.0,True,
2026-03-24T20:10:40,96,RR1.00:17-18:370:1886,2026-03-24T17:51:40,1480.45,100.0,-212.0,206.0,-212.0,1268.45,1267.4,100.0,True,
2026-03-24T20:10:40,97,RR1.00:17-18:370:1886,2026-03-24T17:51:40,1480.45,100.0,-212.0,206.0,-212.0,1268.45,1267.4,100.0,True,
2026-03-24T20:10:40,98,RR1.00:17-18:370:1886,2026-03-24T17:51:40,1728.65,100.0,-212.0,206.0,-212.0,1516.65,1515.6,100.0,True,
2026-03-24T20:10:40,99,RR1.00:17-18:370:1886,2026-03-24T17:51:40,1588.9,100.0,-212.0,206.0,-212.0,1376.9,1375.85,100.0,True,
2026-03-24T20:10:40,100,RR1.00:17-18:370:1886,2026-03-24T17:51:40,1628.7,100.0,-212.0,206.0,-212.0,1416.7,1415.65,100.0,True,
2026-03-24T23:30:00,4,RR1.00:23-24:112:844,2026-03-24T23:20:40,1206.6,100.0,133.0,533.5,282.0,1206.6,1487.55,100.0,True,
2026-03-24T23:30:00,65,RR1.00:23-24:112:844,2026-03-24T23:20:40,1616.2,100.0,133.0,533.5,282.0,1616.2,1897.15,100.0,True,
2026-03-24T23:30:00,66,RR1.00:23-24:112:844,2026-03-24T23:20:40,1327.2,100.0,133.0,533.5,282.0,1327.2,1608.15,100.0,True,
2026-03-24T23:30:00,78,RR1.00:23-24:112:844,2026-03-24T23:20:40,1189.9,100.0,133.0,533.5,282.0,1189.9,1470.85,100.0,True,
2026-03-24T23:30:00,79,RR1.00:23-24:112:844,2026-03-24T23:20:40,1420.1,100.0,133.0,533.5,282.0,1420.1,1701.05,100.0,True,
2026-03-24T23:30:00,80,RR1.00:23-24:112:844,2026-03-24T23:20:40,1142.95,100.0,133.0,533.5,282.0,1142.95,1423.9,100.0,True,
2026-03-24T23:30:00,81,RR1.00:23-24:112:844,2026-03-24T23:20:40,1142.95,100.0,133.0,533.5,282.0,1142.95,1423.9,100.0,True,
2026-03-24T23:30:00,82,RR1.00:23-24:112:844,2026-03-24T23:20:40,1142.95,100.0,133.0,533.5,282.0,1142.95,1423.9,100.0,True,
2026-03-24T23:30:00,83,RR1.00:23-24:112:844,2026-03-24T23:20:40,1529.75,100.0,133.0,533.5,282.0,1529.75,1810.7,100.0,True,
2026-03-24T23:30:00,84,RR1.00:23-24:112:844,2026-03-24T23:20:40,1529.75,100.0,133.0,533.5,282.0,1529.75,1810.7,100.0,True,
2026-03-24T23:30:00,91,RR1.00:23-24:112:844,2026-03-24T23:20:40,1212.3,100.0,133.0,533.5,282.0,1212.3,1493.25,100.0,True,
2026-03-24T23:30:00,92,RR1.00:23-24:112:844,2026-03-24T23:20:40,1351.15,100.0,133.0,533.5,282.0,1351.15,1632.1,100.0,True,
2026-03-24T23:30:00,93,RR1.00:23-24:112:844,2026-03-24T23:20:40,1243.2,100.0,133.0,533.5,282.0,1243.2,1524.15,100.0,True,
2026-03-24T23:30:00,94,RR1.00:23-24:112:844,2026-03-24T23:20:40,1575.6,100.0,133.0,533.5,282.0,1575.6,1856.55,100.0,True,
2026-03-24T23:30:00,95,RR1.00:23-24:112:844,2026-03-24T23:20:40,1203.75,100.0,133.0,533.5,282.0,1203.75,1484.7,100.0,True,
2026-03-24T23:30:00,96,RR1.00:23-24:112:844,2026-03-24T23:20:40,1267.4,100.0,133.0,533.5,282.0,1267.4,1548.35,100.0,True,
2026-03-24T23:30:00,97,RR1.00:23-24:112:844,2026-03-24T23:20:40,1267.4,100.0,133.0,533.5,282.0,1267.4,1548.35,100.0,True,
2026-03-24T23:30:00,98,RR1.00:23-24:112:844,2026-03-24T23:20:40,1515.6,100.0,133.0,533.5,282.0,1515.6,1796.55,100.0,True,
2026-03-24T23:30:00,99,RR1.00:23-24:112:844,2026-03-24T23:20:40,1375.85,100.0,133.0,533.5,282.0,1375.85,1656.8,100.0,True,
2026-03-24T23:30:00,100,RR1.00:23-24:112:844,2026-03-24T23:20:40,1415.65,100.0,133.0,533.5,282.0,1415.65,1696.6,100.0,True,
2026-03-25T03:30:40,4,RR1.00:3-4:557:2081,2026-03-25T03:11:40,1487.55,100.0,-62.5,30.5,-62.5,1425.05,1424.0,100.0,True,
2026-03-25T03:30:40,65,RR1.00:3-4:557:2081,2026-03-25T03:11:40,1897.15,100.0,-62.5,30.5,-62.5,1834.65,1833.6,100.0,True,
2026-03-25T03:30:40,66,RR1.00:3-4:557:2081,2026-03-25T03:11:40,1608.15,100.0,-62.5,30.5,-62.5,1545.65,1544.6,100.0,True,
2026-03-25T03:30:40,78,RR1.00:3-4:557:2081,2026-03-25T03:11:40,1470.85,100.0,-62.5,30.5,-62.5,1408.35,1407.3,100.0,True,
2026-03-25T03:30:40,79,RR1.00:3-4:557:2081,2026-03-25T03:11:40,1701.05,100.0,-62.5,30.5,-62.5,1638.55,1637.5,100.0,True,
2026-03-25T03:30:40,80,RR1.00:3-4:557:2081,2026-03-25T03:11:40,1423.9,100.0,-62.5,30.5,-62.5,1361.4,1360.35,100.0,True,
2026-03-25T03:30:40,81,RR1.00:3-4:557:2081,2026-03-25T03:11:40,1423.9,100.0,-62.5,30.5,-62.5,1361.4,1360.35,100.0,True,
2026-03-25T03:30:40,82,RR1.00:3-4:557:2081,2026-03-25T03:11:40,1423.9,100.0,-62.5,30.5,-62.5,1361.4,1360.35,100.0,True,
2026-03-25T03:30:40,83,RR1.00:3-4:557:2081,2026-03-25T03:11:40,1810.7,100.0,-62.5,30.5,-62.5,1748.2,1747.15,100.0,True,
2026-03-25T03:30:40,84,RR1.00:3-4:557:2081,2026-03-25T03:11:40,1810.7,100.0,-62.5,30.5,-62.5,1748.2,1747.15,100.0,True,
2026-03-25T03:30:40,91,RR1.00:3-4:557:2081,2026-03-25T03:11:40,1493.25,100.0,-62.5,30.5,-62.5,1430.75,1429.7,100.0,True,
2026-03-25T03:30:40,92,RR1.00:3-4:557:2081,2026-03-25T03:11:40,1632.1,100.0,-62.5,30.5,-62.5,1569.6,1568.55,100.0,True,
2026-03-25T03:30:40,93,RR1.00:3-4:557:2081,2026-03-25T03:11:40,1524.15,100.0,-62.5,30.5,-62.5,1461.65,1460.6,100.0,True,
2026-03-25T03:30:40,94,RR1.00:3-4:557:2081,2026-03-25T03:11:40,1856.55,100.0,-62.5,30.5,-62.5,1794.05,1793.0,100.0,True,
2026-03-25T03:30:40,95,RR1.00:3-4:557:2081,2026-03-25T03:11:40,1484.7,100.0,-62.5,30.5,-62.5,1422.2,1421.15,100.0,True,
2026-03-25T03:30:40,96,RR1.00:3-4:557:2081,2026-03-25T03:11:40,1548.35,100.0,-62.5,30.5,-62.5,1485.85,1484.8,100.0,True,
2026-03-25T03:30:40,97,RR1.00:3-4:557:2081,2026-03-25T03:11:40,1548.35,100.0,-62.5,30.5,-62.5,1485.85,1484.8,100.0,True,
2026-03-25T03:30:40,98,RR1.00:3-4:557:2081,2026-03-25T03:11:40,1796.55,100.0,-62.5,30.5,-62.5,1734.05,1733.0,100.0,True,
2026-03-25T03:30:40,99,RR1.00:3-4:557:2081,2026-03-25T03:11:40,1656.8,100.0,-62.5,30.5,-62.5,1594.3,1593.25,100.0,True,
2026-03-25T03:30:40,100,RR1.00:3-4:557:2081,2026-03-25T03:11:40,1696.6,100.0,-62.5,30.5,-62.5,1634.1,1633.05,100.0,True,
2026-03-25T09:30:40,4,RR1.00:6-7:537:2060,2026-03-25T06:51:40,1424.0,100.0,-90.0,101.5,-90.0,1334.0,1332.95,100.0,True,
2026-03-25T09:30:40,65,RR1.00:6-7:537:2060,2026-03-25T06:51:40,1833.6,100.0,-90.0,101.5,-90.0,1743.6,1742.55,100.0,True,
2026-03-25T09:30:40,66,RR1.00:6-7:537:2060,2026-03-25T06:51:40,1544.6,100.0,-90.0,101.5,-90.0,1454.6,1453.55,100.0,True,
2026-03-25T09:30:40,78,RR1.00:6-7:537:2060,2026-03-25T06:51:40,1407.3,100.0,-90.0,101.5,-90.0,1317.3,1316.25,100.0,True,
2026-03-25T09:30:40,79,RR1.00:6-7:537:2060,2026-03-25T06:51:40,1637.5,100.0,-90.0,101.5,-90.0,1547.5,1546.45,100.0,True,
2026-03-25T09:30:40,80,RR1.00:6-7:537:2060,2026-03-25T06:51:40,1360.35,100.0,-90.0,101.5,-90.0,1270.35,1269.3,100.0,True,
2026-03-25T09:30:40,81,RR1.00:6-7:537:2060,2026-03-25T06:51:40,1360.35,100.0,-90.0,101.5,-90.0,1270.35,1269.3,100.0,True,
2026-03-25T09:30:40,82,RR1.00:6-7:537:2060,2026-03-25T06:51:40,1360.35,100.0,-90.0,101.5,-90.0,1270.35,1269.3,100.0,True,
2026-03-25T09:30:40,83,RR1.00:6-7:537:2060,2026-03-25T06:51:40,1747.15,100.0,-90.0,101.5,-90.0,1657.15,1656.1,100.0,True,
2026-03-25T09:30:40,84,RR1.00:6-7:537:2060,2026-03-25T06:51:40,1747.15,100.0,-90.0,101.5,-90.0,1657.15,1656.1,100.0,True,
2026-03-25T09:30:40,91,RR1.00:6-7:537:2060,2026-03-25T06:51:40,1429.7,100.0,-90.0,101.5,-90.0,1339.7,1338.65,100.0,True,
2026-03-25T09:30:40,92,RR1.00:6-7:537:2060,2026-03-25T06:51:40,1568.55,100.0,-90.0,101.5,-90.0,1478.55,1477.5,100.0,True,
2026-03-25T09:30:40,93,RR1.00:6-7:537:2060,2026-03-25T06:51:40,1460.6,100.0,-90.0,101.5,-90.0,1370.6,1369.55,100.0,True,
2026-03-25T09:30:40,94,RR1.00:6-7:537:2060,2026-03-25T06:51:40,1793.0,100.0,-90.0,101.5,-90.0,1703.0,1701.95,100.0,True,
2026-03-25T09:30:40,95,RR1.00:6-7:537:2060,2026-03-25T06:51:40,1421.15,100.0,-90.0,101.5,-90.0,1331.15,1330.1,100.0,True,
2026-03-25T09:30:40,96,RR1.00:6-7:537:2060,2026-03-25T06:51:40,1484.8,100.0,-90.0,101.5,-90.0,1394.8,1393.75,100.0,True,
2026-03-25T09:30:40,97,RR1.00:6-7:537:2060,2026-03-25T06:51:40,1484.8,100.0,-90.0,101.5,-90.0,1394.8,1393.75,100.0,True,
2026-03-25T09:30:40,98,RR1.00:6-7:537:2060,2026-03-25T06:51:40,1733.0,100.0,-90.0,101.5,-90.0,1643.0,1641.95,100.0,True,
2026-03-25T09:30:40,99,RR1.00:6-7:537:2060,2026-03-25T06:51:40,1593.25,100.0,-90.0,101.5,-90.0,1503.25,1502.2,100.0,True,
2026-03-25T09:30:40,100,RR1.00:6-7:537:2060,2026-03-25T06:51:40,1633.05,100.0,-90.0,101.5,-90.0,1543.05,1542.0,100.0,True,
2026-03-25T11:30:00,4,RR1.00:9-10:559:2066,2026-03-25T09:51:40,1332.95,100.0,-65.0,302.0,241.5,1267.95,1573.4,100.0,True,
2026-03-25T11:30:00,65,RR1.00:9-10:559:2066,2026-03-25T09:51:40,1742.55,100.0,-65.0,302.0,241.5,1677.55,1983.0,100.0,True,
2026-03-25T11:30:00,66,RR1.00:9-10:559:2066,2026-03-25T09:51:40,1453.55,100.0,-65.0,302.0,241.5,1388.55,1694.0,100.0,True,
2026-03-25T11:30:00,78,RR1.00:9-10:559:2066,2026-03-25T09:51:40,1316.25,100.0,-65.0,302.0,241.5,1251.25,1556.7,100.0,True,
2026-03-25T11:30:00,79,RR1.00:9-10:559:2066,2026-03-25T09:51:40,1546.45,100.0,-65.0,302.0,241.5,1481.45,1786.9,100.0,True,
2026-03-25T11:30:00,80,RR1.00:9-10:559:2066,2026-03-25T09:51:40,1269.3,100.0,-65.0,302.0,241.5,1204.3,1509.75,100.0,True,
2026-03-25T11:30:00,81,RR1.00:9-10:559:2066,2026-03-25T09:51:40,1269.3,100.0,-65.0,302.0,241.5,1204.3,1509.75,100.0,True,
2026-03-25T11:30:00,82,RR1.00:9-10:559:2066,2026-03-25T09:51:40,1269.3,100.0,-65.0,302.0,241.5,1204.3,1509.75,100.0,True,
2026-03-25T11:30:00,83,RR1.00:9-10:559:2066,2026-03-25T09:51:40,1656.1,100.0,-65.0,302.0,241.5,1591.1,1896.55,100.0,True,
2026-03-25T11:30:00,84,RR1.00:9-10:559:2066,2026-03-25T09:51:40,1656.1,100.0,-65.0,302.0,241.5,1591.1,1896.55,100.0,True,
2026-03-25T11:30:00,91,RR1.00:9-10:559:2066,2026-03-25T09:51:40,1338.65,100.0,-65.0,302.0,241.5,1273.65,1579.1,100.0,True,
2026-03-25T11:30:00,92,RR1.00:9-10:559:2066,2026-03-25T09:51:40,1477.5,100.0,-65.0,302.0,241.5,1412.5,1717.95,100.0,True,
2026-03-25T11:30:00,93,RR1.00:9-10:559:2066,2026-03-25T09:51:40,1369.55,100.0,-65.0,302.0,241.5,1304.55,1610.0,100.0,True,
2026-03-25T11:30:00,94,RR1.00:9-10:559:2066,2026-03-25T09:51:40,1701.95,100.0,-65.0,302.0,241.5,1636.95,1942.4,100.0,True,
2026-03-25T11:30:00,95,RR1.00:9-10:559:2066,2026-03-25T09:51:40,1330.1,100.0,-65.0,302.0,241.5,1265.1,1570.55,100.0,True,
2026-03-25T11:30:00,96,RR1.00:9-10:559:2066,2026-03-25T09:51:40,1393.75,100.0,-65.0,302.0,241.5,1328.75,1634.2,100.0,True,
2026-03-25T11:30:00,97,RR1.00:9-10:559:2066,2026-03-25T09:51:40,1393.75,100.0,-65.0,302.0,241.5,1328.75,1634.2,100.0,True,
2026-03-25T11:30:00,98,RR1.00:9-10:559:2066,2026-03-25T09:51:40,1641.95,100.0,-65.0,302.0,241.5,1576.95,1882.4,100.0,True,
2026-03-25T11:30:00,99,RR1.00:9-10:559:2066,2026-03-25T09:51:40,1502.2,100.0,-65.0,302.0,241.5,1437.2,1742.65,100.0,True,
2026-03-25T11:30:00,100,RR1.00:9-10:559:2066,2026-03-25T09:51:40,1542.0,100.0,-65.0,302.0,241.5,1477.0,1782.45,100.0,True,
2026-03-25T11:30:00,4,RR1.00:10-11:589:2138,2026-03-25T10:40:40,1573.4,100.0,-23.5,265.0,204.5,1549.9,1573.4,100.0,True,
2026-03-25T11:30:00,65,RR1.00:10-11:589:2138,2026-03-25T10:40:40,1983.0,100.0,-23.5,265.0,204.5,1959.5,1983.0,100.0,True,
2026-03-25T11:30:00,66,RR1.00:10-11:589:2138,2026-03-25T10:40:40,1694.0,100.0,-23.5,265.0,204.5,1670.5,1694.0,100.0,True,
2026-03-25T11:30:00,78,RR1.00:10-11:589:2138,2026-03-25T10:40:40,1556.7,100.0,-23.5,265.0,204.5,1533.2,1556.7,100.0,True,
2026-03-25T11:30:00,79,RR1.00:10-11:589:2138,2026-03-25T10:40:40,1786.9,100.0,-23.5,265.0,204.5,1763.4,1786.9,100.0,True,
2026-03-25T11:30:00,80,RR1.00:10-11:589:2138,2026-03-25T10:40:40,1509.75,100.0,-23.5,265.0,204.5,1486.25,1509.75,100.0,True,
2026-03-25T11:30:00,81,RR1.00:10-11:589:2138,2026-03-25T10:40:40,1509.75,100.0,-23.5,265.0,204.5,1486.25,1509.75,100.0,True,
2026-03-25T11:30:00,82,RR1.00:10-11:589:2138,2026-03-25T10:40:40,1509.75,100.0,-23.5,265.0,204.5,1486.25,1509.75,100.0,True,
2026-03-25T11:30:00,83,RR1.00:10-11:589:2138,2026-03-25T10:40:40,1896.55,100.0,-23.5,265.0,204.5,1873.05,1896.55,100.0,True,
2026-03-25T11:30:00,84,RR1.00:10-11:589:2138,2026-03-25T10:40:40,1896.55,100.0,-23.5,265.0,204.5,1873.05,1896.55,100.0,True,
2026-03-25T11:30:00,91,RR1.00:10-11:589:2138,2026-03-25T10:40:40,1579.1,100.0,-23.5,265.0,204.5,1555.6,1579.1,100.0,True,
2026-03-25T11:30:00,92,RR1.00:10-11:589:2138,2026-03-25T10:40:40,1717.95,100.0,-23.5,265.0,204.5,1694.45,1717.95,100.0,True,
2026-03-25T11:30:00,93,RR1.00:10-11:589:2138,2026-03-25T10:40:40,1610.0,100.0,-23.5,265.0,204.5,1586.5,1610.0,100.0,True,
2026-03-25T11:30:00,94,RR1.00:10-11:589:2138,2026-03-25T10:40:40,1942.4,100.0,-23.5,265.0,204.5,1918.9,1942.4,100.0,True,
2026-03-25T11:30:00,95,RR1.00:10-11:589:2138,2026-03-25T10:40:40,1570.55,100.0,-23.5,265.0,204.5,1547.05,1570.55,100.0,True,
2026-03-25T11:30:00,96,RR1.00:10-11:589:2138,2026-03-25T10:40:40,1634.2,100.0,-23.5,265.0,204.5,1610.7,1634.2,100.0,True,
2026-03-25T11:30:00,97,RR1.00:10-11:589:2138,2026-03-25T10:40:40,1634.2,100.0,-23.5,265.0,204.5,1610.7,1634.2,100.0,True,
2026-03-25T11:30:00,98,RR1.00:10-11:589:2138,2026-03-25T10:40:40,1882.4,100.0,-23.5,265.0,204.5,1858.9,1882.4,100.0,True,
2026-03-25T11:30:00,99,RR1.00:10-11:589:2138,2026-03-25T10:40:40,1742.65,100.0,-23.5,265.0,204.5,1719.15,1742.65,100.0,True,
2026-03-25T11:30:00,100,RR1.00:10-11:589:2138,2026-03-25T10:40:40,1782.45,100.0,-23.5,265.0,204.5,1758.95,1782.45,100.0,True,
2026-03-25T16:49:40,4,RR1.00:16-17:851:2432,2026-03-25T16:36:40,1573.4,100.0,-131.0,80.5,-131.0,1442.4,1441.35,100.0,True,
2026-03-25T16:49:40,65,RR1.00:16-17:851:2432,2026-03-25T16:36:40,1983.0,100.0,-131.0,80.5,-131.0,1852.0,1850.95,100.0,True,
2026-03-25T16:49:40,66,RR1.00:16-17:851:2432,2026-03-25T16:36:40,1694.0,100.0,-131.0,80.5,-131.0,1563.0,1561.95,100.0,True,
2026-03-25T16:49:40,78,RR1.00:16-17:851:2432,2026-03-25T16:36:40,1556.7,100.0,-131.0,80.5,-131.0,1425.7,1424.65,100.0,True,
2026-03-25T16:49:40,79,RR1.00:16-17:851:2432,2026-03-25T16:36:40,1786.9,100.0,-131.0,80.5,-131.0,1655.9,1654.85,100.0,True,
2026-03-25T16:49:40,80,RR1.00:16-17:851:2432,2026-03-25T16:36:40,1509.75,100.0,-131.0,80.5,-131.0,1378.75,1377.7,100.0,True,
2026-03-25T16:49:40,81,RR1.00:16-17:851:2432,2026-03-25T16:36:40,1509.75,100.0,-131.0,80.5,-131.0,1378.75,1377.7,100.0,True,
2026-03-25T16:49:40,82,RR1.00:16-17:851:2432,2026-03-25T16:36:40,1509.75,100.0,-131.0,80.5,-131.0,1378.75,1377.7,100.0,True,
2026-03-25T16:49:40,83,RR1.00:16-17:851:2432,2026-03-25T16:36:40,1896.55,100.0,-131.0,80.5,-131.0,1765.55,1764.5,100.0,True,
2026-03-25T16:49:40,84,RR1.00:16-17:851:2432,2026-03-25T16:36:40,1896.55,100.0,-131.0,80.5,-131.0,1765.55,1764.5,100.0,True,
2026-03-25T16:49:40,91,RR1.00:16-17:851:2432,2026-03-25T16:36:40,1579.1,100.0,-131.0,80.5,-131.0,1448.1,1447.05,100.0,True,
2026-03-25T16:49:40,92,RR1.00:16-17:851:2432,2026-03-25T16:36:40,1717.95,100.0,-131.0,80.5,-131.0,1586.95,1585.9,100.0,True,
2026-03-25T16:49:40,93,RR1.00:16-17:851:2432,2026-03-25T16:36:40,1610.0,100.0,-131.0,80.5,-131.0,1479.0,1477.95,100.0,True,
2026-03-25T16:49:40,94,RR1.00:16-17:851:2432,2026-03-25T16:36:40,1942.4,100.0,-131.0,80.5,-131.0,1811.4,1810.35,100.0,True,
2026-03-25T16:49:40,95,RR1.00:16-17:851:2432,2026-03-25T16:36:40,1570.55,100.0,-131.0,80.5,-131.0,1439.55,1438.5,100.0,True,
2026-03-25T16:49:40,96,RR1.00:16-17:851:2432,2026-03-25T16:36:40,1634.2,100.0,-131.0,80.5,-131.0,1503.2,1502.15,100.0,True,
2026-03-25T16:49:40,97,RR1.00:16-17:851:2432,2026-03-25T16:36:40,1634.2,100.0,-131.0,80.5,-131.0,1503.2,1502.15,100.0,True,
2026-03-25T16:49:40,98,RR1.00:16-17:851:2432,2026-03-25T16:36:40,1882.4,100.0,-131.0,80.5,-131.0,1751.4,1750.35,100.0,True,
2026-03-25T16:49:40,99,RR1.00:16-17:851:2432,2026-03-25T16:36:40,1742.65,100.0,-131.0,80.5,-131.0,1611.65,1610.6,100.0,True,
2026-03-25T16:49:40,100,RR1.00:16-17:851:2432,2026-03-25T16:36:40,1782.45,100.0,-131.0,80.5,-131.0,1651.45,1650.4,100.0,True,
2026-03-25T21:55:40,4,RR1.00:19-20:482:1968,2026-03-25T19:33:40,1441.35,100.0,-204.5,97.5,-204.5,1236.85,1235.8,100.0,True,
2026-03-25T21:55:40,65,RR1.00:19-20:482:1968,2026-03-25T19:33:40,1850.95,100.0,-204.5,97.5,-204.5,1646.45,1645.4,100.0,True,
2026-03-25T21:55:40,66,RR1.00:19-20:482:1968,2026-03-25T19:33:40,1561.95,100.0,-204.5,97.5,-204.5,1357.45,1356.4,100.0,True,
2026-03-25T21:55:40,78,RR1.00:19-20:482:1968,2026-03-25T19:33:40,1424.65,100.0,-204.5,97.5,-204.5,1220.15,1219.1,100.0,True,
2026-03-25T21:55:40,79,RR1.00:19-20:482:1968,2026-03-25T19:33:40,1654.85,100.0,-204.5,97.5,-204.5,1450.35,1449.3,100.0,True,
2026-03-25T21:55:40,80,RR1.00:19-20:482:1968,2026-03-25T19:33:40,1377.7,100.0,-204.5,97.5,-204.5,1173.2,1172.15,100.0,True,
2026-03-25T21:55:40,81,RR1.00:19-20:482:1968,2026-03-25T19:33:40,1377.7,100.0,-204.5,97.5,-204.5,1173.2,1172.15,100.0,True,
2026-03-25T21:55:40,82,RR1.00:19-20:482:1968,2026-03-25T19:33:40,1377.7,100.0,-204.5,97.5,-204.5,1173.2,1172.15,100.0,True,
2026-03-25T21:55:40,83,RR1.00:19-20:482:1968,2026-03-25T19:33:40,1764.5,100.0,-204.5,97.5,-204.5,1560.0,1558.95,100.0,True,
2026-03-25T21:55:40,84,RR1.00:19-20:482:1968,2026-03-25T19:33:40,1764.5,100.0,-204.5,97.5,-204.5,1560.0,1558.95,100.0,True,
2026-03-25T21:55:40,91,RR1.00:19-20:482:1968,2026-03-25T19:33:40,1447.05,100.0,-204.5,97.5,-204.5,1242.55,1241.5,100.0,True,
2026-03-25T21:55:40,92,RR1.00:19-20:482:1968,2026-03-25T19:33:40,1585.9,100.0,-204.5,97.5,-204.5,1381.4,1380.35,100.0,True,
2026-03-25T21:55:40,93,RR1.00:19-20:482:1968,2026-03-25T19:33:40,1477.95,100.0,-204.5,97.5,-204.5,1273.45,1272.4,100.0,True,
2026-03-25T21:55:40,94,RR1.00:19-20:482:1968,2026-03-25T19:33:40,1810.35,100.0,-204.5,97.5,-204.5,1605.85,1604.8,100.0,True,
2026-03-25T21:55:40,95,RR1.00:19-20:482:1968,2026-03-25T19:33:40,1438.5,100.0,-204.5,97.5,-204.5,1234.0,1232.95,100.0,True,
2026-03-25T21:55:40,96,RR1.00:19-20:482:1968,2026-03-25T19:33:40,1502.15,100.0,-204.5,97.5,-204.5,1297.65,1296.6,100.0,True,
2026-03-25T21:55:40,97,RR1.00:19-20:482:1968,2026-03-25T19:33:40,1502.15,100.0,-204.5,97.5,-204.5,1297.65,1296.6,100.0,True,
2026-03-25T21:55:40,98,RR1.00:19-20:482:1968,2026-03-25T19:33:40,1750.35,100.0,-204.5,97.5,-204.5,1545.85,1544.8,100.0,True,
2026-03-25T21:55:40,99,RR1.00:19-20:482:1968,2026-03-25T19:33:40,1610.6,100.0,-204.5,97.5,-204.5,1406.1,1405.05,100.0,True,
2026-03-25T21:55:40,100,RR1.00:19-20:482:1968,2026-03-25T19:33:40,1650.4,100.0,-204.5,97.5,-204.5,1445.9,1444.85,100.0,True,
2026-03-26T03:30:00,4,RR1.00:2-3:560:2115,2026-03-26T02:56:40,1235.8,100.0,-28.0,158.5,121.5,1207.8,1356.25,100.0,True,
2026-03-26T03:30:00,65,RR1.00:2-3:560:2115,2026-03-26T02:56:40,1645.4,100.0,-28.0,158.5,121.5,1617.4,1765.85,100.0,True,
2026-03-26T03:30:00,66,RR1.00:2-3:560:2115,2026-03-26T02:56:40,1356.4,100.0,-28.0,158.5,121.5,1328.4,1476.85,100.0,True,
2026-03-26T03:30:00,78,RR1.00:2-3:560:2115,2026-03-26T02:56:40,1219.1,100.0,-28.0,158.5,121.5,1191.1,1339.55,100.0,True,
2026-03-26T03:30:00,79,RR1.00:2-3:560:2115,2026-03-26T02:56:40,1449.3,100.0,-28.0,158.5,121.5,1421.3,1569.75,100.0,True,
2026-03-26T03:30:00,80,RR1.00:2-3:560:2115,2026-03-26T02:56:40,1172.15,100.0,-28.0,158.5,121.5,1144.15,1292.6,100.0,True,
2026-03-26T03:30:00,81,RR1.00:2-3:560:2115,2026-03-26T02:56:40,1172.15,100.0,-28.0,158.5,121.5,1144.15,1292.6,100.0,True,
2026-03-26T03:30:00,82,RR1.00:2-3:560:2115,2026-03-26T02:56:40,1172.15,100.0,-28.0,158.5,121.5,1144.15,1292.6,100.0,True,
2026-03-26T03:30:00,83,RR1.00:2-3:560:2115,2026-03-26T02:56:40,1558.95,100.0,-28.0,158.5,121.5,1530.95,1679.4,100.0,True,
2026-03-26T03:30:00,84,RR1.00:2-3:560:2115,2026-03-26T02:56:40,1558.95,100.0,-28.0,158.5,121.5,1530.95,1679.4,100.0,True,
2026-03-26T03:30:00,91,RR1.00:2-3:560:2115,2026-03-26T02:56:40,1241.5,100.0,-28.0,158.5,121.5,1213.5,1361.95,100.0,True,
2026-03-26T03:30:00,92,RR1.00:2-3:560:2115,2026-03-26T02:56:40,1380.35,100.0,-28.0,158.5,121.5,1352.35,1500.8,100.0,True,
2026-03-26T03:30:00,93,RR1.00:2-3:560:2115,2026-03-26T02:56:40,1272.4,100.0,-28.0,158.5,121.5,1244.4,1392.85,100.0,True,
2026-03-26T03:30:00,94,RR1.00:2-3:560:2115,2026-03-26T02:56:40,1604.8,100.0,-28.0,158.5,121.5,1576.8,1725.25,100.0,True,
2026-03-26T03:30:00,95,RR1.00:2-3:560:2115,2026-03-26T02:56:40,1232.95,100.0,-28.0,158.5,121.5,1204.95,1353.4,100.0,True,
2026-03-26T03:30:00,96,RR1.00:2-3:560:2115,2026-03-26T02:56:40,1296.6,100.0,-28.0,158.5,121.5,1268.6,1417.05,100.0,True,
2026-03-26T03:30:00,97,RR1.00:2-3:560:2115,2026-03-26T02:56:40,1296.6,100.0,-28.0,158.5,121.5,1268.6,1417.05,100.0,True,
2026-03-26T03:30:00,98,RR1.00:2-3:560:2115,2026-03-26T02:56:40,1544.8,100.0,-28.0,158.5,121.5,1516.8,1665.25,100.0,True,
2026-03-26T03:30:00,99,RR1.00:2-3:560:2115,2026-03-26T02:56:40,1405.05,100.0,-28.0,158.5,121.5,1377.05,1525.5,100.0,True,
2026-03-26T03:30:00,100,RR1.00:2-3:560:2115,2026-03-26T02:56:40,1444.85,100.0,-28.0,158.5,121.5,1416.85,1565.3,100.0,True,
2026-03-26T09:01:40,4,RR1.00:6-7:538:2062,2026-03-26T06:22:40,1356.25,100.0,-172.5,184.0,-172.5,1183.75,1182.7,100.0,True,
2026-03-26T09:01:40,65,RR1.00:6-7:538:2062,2026-03-26T06:22:40,1765.85,100.0,-172.5,184.0,-172.5,1593.35,1592.3,100.0,True,
2026-03-26T09:01:40,66,RR1.00:6-7:538:2062,2026-03-26T06:22:40,1476.85,100.0,-172.5,184.0,-172.5,1304.35,1303.3,100.0,True,
2026-03-26T09:01:40,78,RR1.00:6-7:538:2062,2026-03-26T06:22:40,1339.55,100.0,-172.5,184.0,-172.5,1167.05,1166.0,100.0,True,
2026-03-26T09:01:40,79,RR1.00:6-7:538:2062,2026-03-26T06:22:40,1569.75,100.0,-172.5,184.0,-172.5,1397.25,1396.2,100.0,True,
2026-03-26T09:01:40,80,RR1.00:6-7:538:2062,2026-03-26T06:22:40,1292.6,100.0,-172.5,184.0,-172.5,1120.1,1119.05,100.0,True,
2026-03-26T09:01:40,81,RR1.00:6-7:538:2062,2026-03-26T06:22:40,1292.6,100.0,-172.5,184.0,-172.5,1120.1,1119.05,100.0,True,
2026-03-26T09:01:40,82,RR1.00:6-7:538:2062,2026-03-26T06:22:40,1292.6,100.0,-172.5,184.0,-172.5,1120.1,1119.05,100.0,True,
2026-03-26T09:01:40,83,RR1.00:6-7:538:2062,2026-03-26T06:22:40,1679.4,100.0,-172.5,184.0,-172.5,1506.9,1505.85,100.0,True,
2026-03-26T09:01:40,84,RR1.00:6-7:538:2062,2026-03-26T06:22:40,1679.4,100.0,-172.5,184.0,-172.5,1506.9,1505.85,100.0,True,
2026-03-26T09:01:40,91,RR1.00:6-7:538:2062,2026-03-26T06:22:40,1361.95,100.0,-172.5,184.0,-172.5,1189.45,1188.4,100.0,True,
2026-03-26T09:01:40,92,RR1.00:6-7:538:2062,2026-03-26T06:22:40,1500.8,100.0,-172.5,184.0,-172.5,1328.3,1327.25,100.0,True,
2026-03-26T09:01:40,93,RR1.00:6-7:538:2062,2026-03-26T06:22:40,1392.85,100.0,-172.5,184.0,-172.5,1220.35,1219.3,100.0,True,
2026-03-26T09:01:40,94,RR1.00:6-7:538:2062,2026-03-26T06:22:40,1725.25,100.0,-172.5,184.0,-172.5,1552.75,1551.7,100.0,True,
2026-03-26T09:01:40,95,RR1.00:6-7:538:2062,2026-03-26T06:22:40,1353.4,100.0,-172.5,184.0,-172.5,1180.9,1179.85,100.0,True,
2026-03-26T09:01:40,96,RR1.00:6-7:538:2062,2026-03-26T06:22:40,1417.05,100.0,-172.5,184.0,-172.5,1244.55,1243.5,100.0,True,
2026-03-26T09:01:40,97,RR1.00:6-7:538:2062,2026-03-26T06:22:40,1417.05,100.0,-172.5,184.0,-172.5,1244.55,1243.5,100.0,True,
2026-03-26T09:01:40,98,RR1.00:6-7:538:2062,2026-03-26T06:22:40,1665.25,100.0,-172.5,184.0,-172.5,1492.75,1491.7,100.0,True,
2026-03-26T09:01:40,99,RR1.00:6-7:538:2062,2026-03-26T06:22:40,1525.5,100.0,-172.5,184.0,-172.5,1353.0,1351.95,100.0,True,
2026-03-26T09:01:40,100,RR1.00:6-7:538:2062,2026-03-26T06:22:40,1565.3,100.0,-172.5,184.0,-172.5,1392.8,1391.75,100.0,True,
2026-03-26T10:06:40,4,RR1.00:9-10:560:2068,2026-03-26T09:55:40,1182.7,100.0,-88.0,7.0,-88.0,1094.7,1093.65,100.0,True,
2026-03-26T10:06:40,65,RR1.00:9-10:560:2068,2026-03-26T09:55:40,1592.3,100.0,-88.0,7.0,-88.0,1504.3,1503.25,100.0,True,
2026-03-26T10:06:40,66,RR1.00:9-10:560:2068,2026-03-26T09:55:40,1303.3,100.0,-88.0,7.0,-88.0,1215.3,1214.25,100.0,True,
2026-03-26T10:06:40,78,RR1.00:9-10:560:2068,2026-03-26T09:55:40,1166.0,100.0,-88.0,7.0,-88.0,1078.0,1076.95,100.0,True,
2026-03-26T10:06:40,79,RR1.00:9-10:560:2068,2026-03-26T09:55:40,1396.2,100.0,-88.0,7.0,-88.0,1308.2,1307.15,100.0,True,
2026-03-26T10:06:40,80,RR1.00:9-10:560:2068,2026-03-26T09:55:40,1119.05,100.0,-88.0,7.0,-88.0,1031.05,1030.0,100.0,True,
2026-03-26T10:06:40,81,RR1.00:9-10:560:2068,2026-03-26T09:55:40,1119.05,100.0,-88.0,7.0,-88.0,1031.05,1030.0,100.0,True,
2026-03-26T10:06:40,82,RR1.00:9-10:560:2068,2026-03-26T09:55:40,1119.05,100.0,-88.0,7.0,-88.0,1031.05,1030.0,100.0,True,
2026-03-26T10:06:40,83,RR1.00:9-10:560:2068,2026-03-26T09:55:40,1505.85,100.0,-88.0,7.0,-88.0,1417.85,1416.8,100.0,True,
2026-03-26T10:06:40,84,RR1.00:9-10:560:2068,2026-03-26T09:55:40,1505.85,100.0,-88.0,7.0,-88.0,1417.85,1416.8,100.0,True,
2026-03-26T10:06:40,91,RR1.00:9-10:560:2068,2026-03-26T09:55:40,1188.4,100.0,-88.0,7.0,-88.0,1100.4,1099.35,100.0,True,
2026-03-26T10:06:40,92,RR1.00:9-10:560:2068,2026-03-26T09:55:40,1327.25,100.0,-88.0,7.0,-88.0,1239.25,1238.2,100.0,True,
2026-03-26T10:06:40,93,RR1.00:9-10:560:2068,2026-03-26T09:55:40,1219.3,100.0,-88.0,7.0,-88.0,1131.3,1130.25,100.0,True,
2026-03-26T10:06:40,94,RR1.00:9-10:560:2068,2026-03-26T09:55:40,1551.7,100.0,-88.0,7.0,-88.0,1463.7,1462.65,100.0,True,
2026-03-26T10:06:40,95,RR1.00:9-10:560:2068,2026-03-26T09:55:40,1179.85,100.0,-88.0,7.0,-88.0,1091.85,1090.8,100.0,True,
2026-03-26T10:06:40,96,RR1.00:9-10:560:2068,2026-03-26T09:55:40,1243.5,100.0,-88.0,7.0,-88.0,1155.5,1154.45,100.0,True,
2026-03-26T10:06:40,97,RR1.00:9-10:560:2068,2026-03-26T09:55:40,1243.5,100.0,-88.0,7.0,-88.0,1155.5,1154.45,100.0,True,
2026-03-26T10:06:40,98,RR1.00:9-10:560:2068,2026-03-26T09:55:40,1491.7,100.0,-88.0,7.0,-88.0,1403.7,1402.65,100.0,True,
2026-03-26T10:06:40,99,RR1.00:9-10:560:2068,2026-03-26T09:55:40,1351.95,100.0,-88.0,7.0,-88.0,1263.95,1262.9,100.0,True,
2026-03-26T10:06:40,100,RR1.00:9-10:560:2068,2026-03-26T09:55:40,1391.75,100.0,-88.0,7.0,-88.0,1303.75,1302.7,100.0,True,
2026-03-26T16:39:40,4,RR1.00:16-17:852:2434,2026-03-26T16:00:40,1093.65,100.0,-122.0,51.5,-122.0,971.65,970.6,100.0,True,
2026-03-26T16:39:40,65,RR1.00:16-17:852:2434,2026-03-26T16:00:40,1503.25,100.0,-122.0,51.5,-122.0,1381.25,1380.2,100.0,True,
2026-03-26T16:39:40,66,RR1.00:16-17:852:2434,2026-03-26T16:00:40,1214.25,100.0,-122.0,51.5,-122.0,1092.25,1091.2,100.0,True,
2026-03-26T16:39:40,78,RR1.00:16-17:852:2434,2026-03-26T16:00:40,1076.95,100.0,-122.0,51.5,-122.0,954.95,953.9,100.0,True,
2026-03-26T16:39:40,79,RR1.00:16-17:852:2434,2026-03-26T16:00:40,1307.15,100.0,-122.0,51.5,-122.0,1185.15,1184.1,100.0,True,
2026-03-26T16:39:40,80,RR1.00:16-17:852:2434,2026-03-26T16:00:40,1030.0,100.0,-122.0,51.5,-122.0,908.0,906.95,100.0,True,
2026-03-26T16:39:40,81,RR1.00:16-17:852:2434,2026-03-26T16:00:40,1030.0,100.0,-122.0,51.5,-122.0,908.0,906.95,100.0,True,
2026-03-26T16:39:40,82,RR1.00:16-17:852:2434,2026-03-26T16:00:40,1030.0,100.0,-122.0,51.5,-122.0,908.0,906.95,100.0,True,
2026-03-26T16:39:40,83,RR1.00:16-17:852:2434,2026-03-26T16:00:40,1416.8,100.0,-122.0,51.5,-122.0,1294.8,1293.75,100.0,True,
2026-03-26T16:39:40,84,RR1.00:16-17:852:2434,2026-03-26T16:00:40,1416.8,100.0,-122.0,51.5,-122.0,1294.8,1293.75,100.0,True,
2026-03-26T16:39:40,91,RR1.00:16-17:852:2434,2026-03-26T16:00:40,1099.35,100.0,-122.0,51.5,-122.0,977.35,976.3,100.0,True,
2026-03-26T16:39:40,92,RR1.00:16-17:852:2434,2026-03-26T16:00:40,1238.2,100.0,-122.0,51.5,-122.0,1116.2,1115.15,100.0,True,
2026-03-26T16:39:40,93,RR1.00:16-17:852:2434,2026-03-26T16:00:40,1130.25,100.0,-122.0,51.5,-122.0,1008.25,1007.2,100.0,True,
2026-03-26T16:39:40,94,RR1.00:16-17:852:2434,2026-03-26T16:00:40,1462.65,100.0,-122.0,51.5,-122.0,1340.65,1339.6,100.0,True,
2026-03-26T16:39:40,95,RR1.00:16-17:852:2434,2026-03-26T16:00:40,1090.8,100.0,-122.0,51.5,-122.0,968.8,967.75,100.0,True,
2026-03-26T16:39:40,96,RR1.00:16-17:852:2434,2026-03-26T16:00:40,1154.45,100.0,-122.0,51.5,-122.0,1032.45,1031.4,100.0,True,
2026-03-26T16:39:40,97,RR1.00:16-17:852:2434,2026-03-26T16:00:40,1154.45,100.0,-122.0,51.5,-122.0,1032.45,1031.4,100.0,True,
2026-03-26T16:39:40,98,RR1.00:16-17:852:2434,2026-03-26T16:00:40,1402.65,100.0,-122.0,51.5,-122.0,1280.65,1279.6,100.0,True,
2026-03-26T16:39:40,99,RR1.00:16-17:852:2434,2026-03-26T16:00:40,1262.9,100.0,-122.0,51.5,-122.0,1140.9,1139.85,100.0,True,
2026-03-26T16:39:40,100,RR1.00:16-17:852:2434,2026-03-26T16:00:40,1302.7,100.0,-122.0,51.5,-122.0,1180.7,1179.65,100.0,True,
2026-03-26T20:14:40,4,RR1.00:20-21:517:1920,2026-03-26T20:00:40,970.6,100.0,-96.5,5.0,-96.5,874.1,873.05,100.0,True,
2026-03-26T20:14:40,65,RR1.00:20-21:517:1920,2026-03-26T20:00:40,1380.2,100.0,-96.5,5.0,-96.5,1283.7,1282.65,100.0,True,
2026-03-26T20:14:40,66,RR1.00:20-21:517:1920,2026-03-26T20:00:40,1091.2,100.0,-96.5,5.0,-96.5,994.7,993.65,100.0,True,
2026-03-26T20:14:40,78,RR1.00:20-21:517:1920,2026-03-26T20:00:40,953.9,100.0,-96.5,5.0,-96.5,857.4,856.35,100.0,True,
2026-03-26T20:14:40,79,RR1.00:20-21:517:1920,2026-03-26T20:00:40,1184.1,100.0,-96.5,5.0,-96.5,1087.6,1086.55,100.0,True,
2026-03-26T20:14:40,80,RR1.00:20-21:517:1920,2026-03-26T20:00:40,906.95,100.0,-96.5,5.0,-96.5,810.45,809.4,100.0,True,
2026-03-26T20:14:40,81,RR1.00:20-21:517:1920,2026-03-26T20:00:40,906.95,100.0,-96.5,5.0,-96.5,810.45,809.4,100.0,True,
2026-03-26T20:14:40,82,RR1.00:20-21:517:1920,2026-03-26T20:00:40,906.95,100.0,-96.5,5.0,-96.5,810.45,809.4,100.0,True,
2026-03-26T20:14:40,83,RR1.00:20-21:517:1920,2026-03-26T20:00:40,1293.75,100.0,-96.5,5.0,-96.5,1197.25,1196.2,100.0,True,
2026-03-26T20:14:40,84,RR1.00:20-21:517:1920,2026-03-26T20:00:40,1293.75,100.0,-96.5,5.0,-96.5,1197.25,1196.2,100.0,True,
2026-03-26T20:14:40,91,RR1.00:20-21:517:1920,2026-03-26T20:00:40,976.3,100.0,-96.5,5.0,-96.5,879.8,878.75,100.0,True,
2026-03-26T20:14:40,92,RR1.00:20-21:517:1920,2026-03-26T20:00:40,1115.15,100.0,-96.5,5.0,-96.5,1018.65,1017.6,100.0,True,
2026-03-26T20:14:40,93,RR1.00:20-21:517:1920,2026-03-26T20:00:40,1007.2,100.0,-96.5,5.0,-96.5,910.7,909.65,100.0,True,
2026-03-26T20:14:40,94,RR1.00:20-21:517:1920,2026-03-26T20:00:40,1339.6,100.0,-96.5,5.0,-96.5,1243.1,1242.05,100.0,True,
2026-03-26T20:14:40,95,RR1.00:20-21:517:1920,2026-03-26T20:00:40,967.75,100.0,-96.5,5.0,-96.5,871.25,870.2,100.0,True,
2026-03-26T20:14:40,96,RR1.00:20-21:517:1920,2026-03-26T20:00:40,1031.4,100.0,-96.5,5.0,-96.5,934.9,933.85,100.0,True,
2026-03-26T20:14:40,97,RR1.00:20-21:517:1920,2026-03-26T20:00:40,1031.4,100.0,-96.5,5.0,-96.5,934.9,933.85,100.0,True,
2026-03-26T20:14:40,98,RR1.00:20-21:517:1920,2026-03-26T20:00:40,1279.6,100.0,-96.5,5.0,-96.5,1183.1,1182.05,100.0,True,
2026-03-26T20:14:40,99,RR1.00:20-21:517:1920,2026-03-26T20:00:40,1139.85,100.0,-96.5,5.0,-96.5,1043.35,1042.3,100.0,True,
2026-03-26T20:14:40,100,RR1.00:20-21:517:1920,2026-03-26T20:00:40,1179.65,100.0,-96.5,5.0,-96.5,1083.15,1082.1,100.0,True,
2026-03-26T23:30:00,4,RR1.00:23-24:113:846,2026-03-26T23:11:40,873.05,100.0,-58.5,357.0,38.5,814.55,910.5,100.0,True,
2026-03-26T23:30:00,65,RR1.00:23-24:113:846,2026-03-26T23:11:40,1282.65,100.0,-58.5,357.0,38.5,1224.15,1320.1,100.0,True,
2026-03-26T23:30:00,66,RR1.00:23-24:113:846,2026-03-26T23:11:40,993.65,100.0,-58.5,357.0,38.5,935.15,1031.1,100.0,True,
2026-03-26T23:30:00,78,RR1.00:23-24:113:846,2026-03-26T23:11:40,856.35,100.0,-58.5,357.0,38.5,797.85,893.8,100.0,True,
2026-03-26T23:30:00,79,RR1.00:23-24:113:846,2026-03-26T23:11:40,1086.55,100.0,-58.5,357.0,38.5,1028.05,1124.0,100.0,True,
2026-03-26T23:30:00,80,RR1.00:23-24:113:846,2026-03-26T23:11:40,809.4,100.0,-58.5,357.0,38.5,750.9,846.85,100.0,True,
2026-03-26T23:30:00,81,RR1.00:23-24:113:846,2026-03-26T23:11:40,809.4,100.0,-58.5,357.0,38.5,750.9,846.85,100.0,True,
2026-03-26T23:30:00,82,RR1.00:23-24:113:846,2026-03-26T23:11:40,809.4,100.0,-58.5,357.0,38.5,750.9,846.85,100.0,True,
2026-03-26T23:30:00,83,RR1.00:23-24:113:846,2026-03-26T23:11:40,1196.2,100.0,-58.5,357.0,38.5,1137.7,1233.65,100.0,True,
2026-03-26T23:30:00,84,RR1.00:23-24:113:846,2026-03-26T23:11:40,1196.2,100.0,-58.5,357.0,38.5,1137.7,1233.65,100.0,True,
2026-03-26T23:30:00,91,RR1.00:23-24:113:846,2026-03-26T23:11:40,878.75,100.0,-58.5,357.0,38.5,820.25,916.2,100.0,True,
2026-03-26T23:30:00,92,RR1.00:23-24:113:846,2026-03-26T23:11:40,1017.6,100.0,-58.5,357.0,38.5,959.1,1055.05,100.0,True,
2026-03-26T23:30:00,93,RR1.00:23-24:113:846,2026-03-26T23:11:40,909.65,100.0,-58.5,357.0,38.5,851.15,947.1,100.0,True,
2026-03-26T23:30:00,94,RR1.00:23-24:113:846,2026-03-26T23:11:40,1242.05,100.0,-58.5,357.0,38.5,1183.55,1279.5,100.0,True,
2026-03-26T23:30:00,95,RR1.00:23-24:113:846,2026-03-26T23:11:40,870.2,100.0,-58.5,357.0,38.5,811.7,907.65,100.0,True,
2026-03-26T23:30:00,96,RR1.00:23-24:113:846,2026-03-26T23:11:40,933.85,100.0,-58.5,357.0,38.5,875.35,971.3,100.0,True,
2026-03-26T23:30:00,97,RR1.00:23-24:113:846,2026-03-26T23:11:40,933.85,100.0,-58.5,357.0,38.5,875.35,971.3,100.0,True,
2026-03-26T23:30:00,98,RR1.00:23-24:113:846,2026-03-26T23:11:40,1182.05,100.0,-58.5,357.0,38.5,1123.55,1219.5,100.0,True,
2026-03-26T23:30:00,99,RR1.00:23-24:113:846,2026-03-26T23:11:40,1042.3,100.0,-58.5,357.0,38.5,983.8,1079.75,100.0,True,
2026-03-26T23:30:00,100,RR1.00:23-24:113:846,2026-03-26T23:11:40,1082.1,100.0,-58.5,357.0,38.5,1023.6,1119.55,100.0,True,
2026-03-27T03:22:40,4,RR1.00:2-3:561:2117,2026-03-27T02:37:40,910.5,100.0,-77.0,60.5,-77.0,833.5,832.45,100.0,True,
2026-03-27T03:22:40,65,RR1.00:2-3:561:2117,2026-03-27T02:37:40,1320.1,100.0,-77.0,60.5,-77.0,1243.1,1242.05,100.0,True,
2026-03-27T03:22:40,66,RR1.00:2-3:561:2117,2026-03-27T02:37:40,1031.1,100.0,-77.0,60.5,-77.0,954.1,953.05,100.0,True,
2026-03-27T03:22:40,78,RR1.00:2-3:561:2117,2026-03-27T02:37:40,893.8,100.0,-77.0,60.5,-77.0,816.8,815.75,100.0,True,
2026-03-27T03:22:40,79,RR1.00:2-3:561:2117,2026-03-27T02:37:40,1124.0,100.0,-77.0,60.5,-77.0,1047.0,1045.95,100.0,True,
2026-03-27T03:22:40,80,RR1.00:2-3:561:2117,2026-03-27T02:37:40,846.85,100.0,-77.0,60.5,-77.0,769.85,768.8,100.0,True,
2026-03-27T03:22:40,81,RR1.00:2-3:561:2117,2026-03-27T02:37:40,846.85,100.0,-77.0,60.5,-77.0,769.85,768.8,100.0,True,
2026-03-27T03:22:40,82,RR1.00:2-3:561:2117,2026-03-27T02:37:40,846.85,100.0,-77.0,60.5,-77.0,769.85,768.8,100.0,True,
2026-03-27T03:22:40,83,RR1.00:2-3:561:2117,2026-03-27T02:37:40,1233.65,100.0,-77.0,60.5,-77.0,1156.65,1155.6,100.0,True,
2026-03-27T03:22:40,84,RR1.00:2-3:561:2117,2026-03-27T02:37:40,1233.65,100.0,-77.0,60.5,-77.0,1156.65,1155.6,100.0,True,
2026-03-27T03:22:40,91,RR1.00:2-3:561:2117,2026-03-27T02:37:40,916.2,100.0,-77.0,60.5,-77.0,839.2,838.15,100.0,True,
2026-03-27T03:22:40,92,RR1.00:2-3:561:2117,2026-03-27T02:37:40,1055.05,100.0,-77.0,60.5,-77.0,978.05,977.0,100.0,True,
2026-03-27T03:22:40,93,RR1.00:2-3:561:2117,2026-03-27T02:37:40,947.1,100.0,-77.0,60.5,-77.0,870.1,869.05,100.0,True,
2026-03-27T03:22:40,94,RR1.00:2-3:561:2117,2026-03-27T02:37:40,1279.5,100.0,-77.0,60.5,-77.0,1202.5,1201.45,100.0,True,
2026-03-27T03:22:40,95,RR1.00:2-3:561:2117,2026-03-27T02:37:40,907.65,100.0,-77.0,60.5,-77.0,830.65,829.6,100.0,True,
2026-03-27T03:22:40,96,RR1.00:2-3:561:2117,2026-03-27T02:37:40,971.3,100.0,-77.0,60.5,-77.0,894.3,893.25,100.0,True,
2026-03-27T03:22:40,97,RR1.00:2-3:561:2117,2026-03-27T02:37:40,971.3,100.0,-77.0,60.5,-77.0,894.3,893.25,100.0,True,
2026-03-27T03:22:40,98,RR1.00:2-3:561:2117,2026-03-27T02:37:40,1219.5,100.0,-77.0,60.5,-77.0,1142.5,1141.45,100.0,True,
2026-03-27T03:22:40,99,RR1.00:2-3:561:2117,2026-03-27T02:37:40,1079.75,100.0,-77.0,60.5,-77.0,1002.75,1001.7,100.0,True,
2026-03-27T03:22:40,100,RR1.00:2-3:561:2117,2026-03-27T02:37:40,1119.55,100.0,-77.0,60.5,-77.0,1042.55,1041.5,100.0,True,
2026-03-27T07:00:00,4,RR1.00:4-5:532:2068,2026-03-27T04:11:40,832.45,100.0,-24.0,97.5,92.0,808.45,923.4,100.0,True,
2026-03-27T07:00:00,65,RR1.00:4-5:532:2068,2026-03-27T04:11:40,1242.05,100.0,-24.0,97.5,92.0,1218.05,1333.0,100.0,True,
2026-03-27T07:00:00,66,RR1.00:4-5:532:2068,2026-03-27T04:11:40,953.05,100.0,-24.0,97.5,92.0,929.05,1044.0,100.0,True,
2026-03-27T07:00:00,78,RR1.00:4-5:532:2068,2026-03-27T04:11:40,815.75,100.0,-24.0,97.5,92.0,791.75,906.7,100.0,True,
2026-03-27T07:00:00,79,RR1.00:4-5:532:2068,2026-03-27T04:11:40,1045.95,100.0,-24.0,97.5,92.0,1021.95,1136.9,100.0,True,
2026-03-27T07:00:00,80,RR1.00:4-5:532:2068,2026-03-27T04:11:40,768.8,100.0,-24.0,97.5,92.0,744.8,859.75,100.0,True,
2026-03-27T07:00:00,81,RR1.00:4-5:532:2068,2026-03-27T04:11:40,768.8,100.0,-24.0,97.5,92.0,744.8,859.75,100.0,True,
2026-03-27T07:00:00,82,RR1.00:4-5:532:2068,2026-03-27T04:11:40,768.8,100.0,-24.0,97.5,92.0,744.8,859.75,100.0,True,
2026-03-27T07:00:00,83,RR1.00:4-5:532:2068,2026-03-27T04:11:40,1155.6,100.0,-24.0,97.5,92.0,1131.6,1246.55,100.0,True,
2026-03-27T07:00:00,84,RR1.00:4-5:532:2068,2026-03-27T04:11:40,1155.6,100.0,-24.0,97.5,92.0,1131.6,1246.55,100.0,True,
2026-03-27T07:00:00,91,RR1.00:4-5:532:2068,2026-03-27T04:11:40,838.15,100.0,-24.0,97.5,92.0,814.15,929.1,100.0,True,
2026-03-27T07:00:00,92,RR1.00:4-5:532:2068,2026-03-27T04:11:40,977.0,100.0,-24.0,97.5,92.0,953.0,1067.95,100.0,True,
2026-03-27T07:00:00,93,RR1.00:4-5:532:2068,2026-03-27T04:11:40,869.05,100.0,-24.0,97.5,92.0,845.05,960.0,100.0,True,
2026-03-27T07:00:00,94,RR1.00:4-5:532:2068,2026-03-27T04:11:40,1201.45,100.0,-24.0,97.5,92.0,1177.45,1292.4,100.0,True,
2026-03-27T07:00:00,95,RR1.00:4-5:532:2068,2026-03-27T04:11:40,829.6,100.0,-24.0,97.5,92.0,805.6,920.55,100.0,True,
2026-03-27T07:00:00,96,RR1.00:4-5:532:2068,2026-03-27T04:11:40,893.25,100.0,-24.0,97.5,92.0,869.25,984.2,100.0,True,
2026-03-27T07:00:00,97,RR1.00:4-5:532:2068,2026-03-27T04:11:40,893.25,100.0,-24.0,97.5,92.0,869.25,984.2,100.0,True,
2026-03-27T07:00:00,98,RR1.00:4-5:532:2068,2026-03-27T04:11:40,1141.45,100.0,-24.0,97.5,92.0,1117.45,1232.4,100.0,True,
2026-03-27T07:00:00,99,RR1.00:4-5:532:2068,2026-03-27T04:11:40,1001.7,100.0,-24.0,97.5,92.0,977.7,1092.65,100.0,True,
2026-03-27T07:00:00,100,RR1.00:4-5:532:2068,2026-03-27T04:11:40,1041.5,100.0,-24.0,97.5,92.0,1017.5,1132.45,100.0,True,
2026-03-27T08:00:00,4,RR1.00:6-7:539:2065,2026-03-27T06:35:40,923.4,100.0,-2.5,105.0,97.0,920.9,923.4,100.0,True,
2026-03-27T08:00:00,65,RR1.00:6-7:539:2065,2026-03-27T06:35:40,1333.0,100.0,-2.5,105.0,97.0,1330.5,1333.0,100.0,True,
2026-03-27T08:00:00,66,RR1.00:6-7:539:2065,2026-03-27T06:35:40,1044.0,100.0,-2.5,105.0,97.0,1041.5,1044.0,100.0,True,
2026-03-27T08:00:00,78,RR1.00:6-7:539:2065,2026-03-27T06:35:40,906.7,100.0,-2.5,105.0,97.0,904.2,906.7,100.0,True,
2026-03-27T08:00:00,79,RR1.00:6-7:539:2065,2026-03-27T06:35:40,1136.9,100.0,-2.5,105.0,97.0,1134.4,1136.9,100.0,True,
2026-03-27T08:00:00,80,RR1.00:6-7:539:2065,2026-03-27T06:35:40,859.75,100.0,-2.5,105.0,97.0,857.25,859.75,100.0,True,
2026-03-27T08:00:00,81,RR1.00:6-7:539:2065,2026-03-27T06:35:40,859.75,100.0,-2.5,105.0,97.0,857.25,859.75,100.0,True,
2026-03-27T08:00:00,82,RR1.00:6-7:539:2065,2026-03-27T06:35:40,859.75,100.0,-2.5,105.0,97.0,857.25,859.75,100.0,True,
2026-03-27T08:00:00,83,RR1.00:6-7:539:2065,2026-03-27T06:35:40,1246.55,100.0,-2.5,105.0,97.0,1244.05,1246.55,100.0,True,
2026-03-27T08:00:00,84,RR1.00:6-7:539:2065,2026-03-27T06:35:40,1246.55,100.0,-2.5,105.0,97.0,1244.05,1246.55,100.0,True,
2026-03-27T08:00:00,91,RR1.00:6-7:539:2065,2026-03-27T06:35:40,929.1,100.0,-2.5,105.0,97.0,926.6,929.1,100.0,True,
2026-03-27T08:00:00,92,RR1.00:6-7:539:2065,2026-03-27T06:35:40,1067.95,100.0,-2.5,105.0,97.0,1065.45,1067.95,100.0,True,
2026-03-27T08:00:00,93,RR1.00:6-7:539:2065,2026-03-27T06:35:40,960.0,100.0,-2.5,105.0,97.0,957.5,960.0,100.0,True,
2026-03-27T08:00:00,94,RR1.00:6-7:539:2065,2026-03-27T06:35:40,1292.4,100.0,-2.5,105.0,97.0,1289.9,1292.4,100.0,True,
2026-03-27T08:00:00,95,RR1.00:6-7:539:2065,2026-03-27T06:35:40,920.55,100.0,-2.5,105.0,97.0,918.05,920.55,100.0,True,
2026-03-27T08:00:00,96,RR1.00:6-7:539:2065,2026-03-27T06:35:40,984.2,100.0,-2.5,105.0,97.0,981.7,984.2,100.0,True,
2026-03-27T08:00:00,97,RR1.00:6-7:539:2065,2026-03-27T06:35:40,984.2,100.0,-2.5,105.0,97.0,981.7,984.2,100.0,True,
2026-03-27T08:00:00,98,RR1.00:6-7:539:2065,2026-03-27T06:35:40,1232.4,100.0,-2.5,105.0,97.0,1229.9,1232.4,100.0,True,
2026-03-27T08:00:00,99,RR1.00:6-7:539:2065,2026-03-27T06:35:40,1092.65,100.0,-2.5,105.0,97.0,1090.15,1092.65,100.0,True,
2026-03-27T08:00:00,100,RR1.00:6-7:539:2065,2026-03-27T06:35:40,1132.45,100.0,-2.5,105.0,97.0,1129.95,1132.45,100.0,True,
2026-03-27T08:30:00,4,RR1.00:7-8:599:2167,2026-03-27T07:34:40,923.4,100.0,-11.0,145.0,76.0,912.4,998.35,100.0,True,
2026-03-27T08:30:00,65,RR1.00:7-8:599:2167,2026-03-27T07:34:40,1333.0,100.0,-11.0,145.0,76.0,1322.0,1407.95,100.0,True,
2026-03-27T08:30:00,66,RR1.00:7-8:599:2167,2026-03-27T07:34:40,1044.0,100.0,-11.0,145.0,76.0,1033.0,1118.95,100.0,True,
2026-03-27T08:30:00,78,RR1.00:7-8:599:2167,2026-03-27T07:34:40,906.7,100.0,-11.0,145.0,76.0,895.7,981.65,100.0,True,
2026-03-27T08:30:00,79,RR1.00:7-8:599:2167,2026-03-27T07:34:40,1136.9,100.0,-11.0,145.0,76.0,1125.9,1211.85,100.0,True,
2026-03-27T08:30:00,80,RR1.00:7-8:599:2167,2026-03-27T07:34:40,859.75,100.0,-11.0,145.0,76.0,848.75,934.7,100.0,True,
2026-03-27T08:30:00,81,RR1.00:7-8:599:2167,2026-03-27T07:34:40,859.75,100.0,-11.0,145.0,76.0,848.75,934.7,100.0,True,
2026-03-27T08:30:00,82,RR1.00:7-8:599:2167,2026-03-27T07:34:40,859.75,100.0,-11.0,145.0,76.0,848.75,934.7,100.0,True,
2026-03-27T08:30:00,83,RR1.00:7-8:599:2167,2026-03-27T07:34:40,1246.55,100.0,-11.0,145.0,76.0,1235.55,1321.5,100.0,True,
2026-03-27T08:30:00,84,RR1.00:7-8:599:2167,2026-03-27T07:34:40,1246.55,100.0,-11.0,145.0,76.0,1235.55,1321.5,100.0,True,
2026-03-27T08:30:00,91,RR1.00:7-8:599:2167,2026-03-27T07:34:40,929.1,100.0,-11.0,145.0,76.0,918.1,1004.05,100.0,True,
2026-03-27T08:30:00,92,RR1.00:7-8:599:2167,2026-03-27T07:34:40,1067.95,100.0,-11.0,145.0,76.0,1056.95,1142.9,100.0,True,
2026-03-27T08:30:00,93,RR1.00:7-8:599:2167,2026-03-27T07:34:40,960.0,100.0,-11.0,145.0,76.0,949.0,1034.95,100.0,True,
2026-03-27T08:30:00,94,RR1.00:7-8:599:2167,2026-03-27T07:34:40,1292.4,100.0,-11.0,145.0,76.0,1281.4,1367.35,100.0,True,
2026-03-27T08:30:00,95,RR1.00:7-8:599:2167,2026-03-27T07:34:40,920.55,100.0,-11.0,145.0,76.0,909.55,995.5,100.0,True,
2026-03-27T08:30:00,96,RR1.00:7-8:599:2167,2026-03-27T07:34:40,984.2,100.0,-11.0,145.0,76.0,973.2,1059.15,100.0,True,
2026-03-27T08:30:00,97,RR1.00:7-8:599:2167,2026-03-27T07:34:40,984.2,100.0,-11.0,145.0,76.0,973.2,1059.15,100.0,True,
2026-03-27T08:30:00,98,RR1.00:7-8:599:2167,2026-03-27T07:34:40,1232.4,100.0,-11.0,145.0,76.0,1221.4,1307.35,100.0,True,
2026-03-27T08:30:00,99,RR1.00:7-8:599:2167,2026-03-27T07:34:40,1092.65,100.0,-11.0,145.0,76.0,1081.65,1167.6,100.0,True,
2026-03-27T08:30:00,100,RR1.00:7-8:599:2167,2026-03-27T07:34:40,1132.45,100.0,-11.0,145.0,76.0,1121.45,1207.4,100.0,True,
2026-03-27T09:32:40,4,RR1.00:9-10:561:2070,2026-03-27T09:16:40,998.35,100.0,-45.5,16.5,-45.5,952.85,951.8,100.0,True,
2026-03-27T09:32:40,65,RR1.00:9-10:561:2070,2026-03-27T09:16:40,1407.95,100.0,-45.5,16.5,-45.5,1362.45,1361.4,100.0,True,
2026-03-27T09:32:40,66,RR1.00:9-10:561:2070,2026-03-27T09:16:40,1118.95,100.0,-45.5,16.5,-45.5,1073.45,1072.4,100.0,True,
2026-03-27T09:32:40,78,RR1.00:9-10:561:2070,2026-03-27T09:16:40,981.65,100.0,-45.5,16.5,-45.5,936.15,935.1,100.0,True,
2026-03-27T09:32:40,79,RR1.00:9-10:561:2070,2026-03-27T09:16:40,1211.85,100.0,-45.5,16.5,-45.5,1166.35,1165.3,100.0,True,
2026-03-27T09:32:40,80,RR1.00:9-10:561:2070,2026-03-27T09:16:40,934.7,100.0,-45.5,16.5,-45.5,889.2,888.15,100.0,True,
2026-03-27T09:32:40,81,RR1.00:9-10:561:2070,2026-03-27T09:16:40,934.7,100.0,-45.5,16.5,-45.5,889.2,888.15,100.0,True,
2026-03-27T09:32:40,82,RR1.00:9-10:561:2070,2026-03-27T09:16:40,934.7,100.0,-45.5,16.5,-45.5,889.2,888.15,100.0,True,
2026-03-27T09:32:40,83,RR1.00:9-10:561:2070,2026-03-27T09:16:40,1321.5,100.0,-45.5,16.5,-45.5,1276.0,1274.95,100.0,True,
2026-03-27T09:32:40,84,RR1.00:9-10:561:2070,2026-03-27T09:16:40,1321.5,100.0,-45.5,16.5,-45.5,1276.0,1274.95,100.0,True,
2026-03-27T09:32:40,91,RR1.00:9-10:561:2070,2026-03-27T09:16:40,1004.05,100.0,-45.5,16.5,-45.5,958.55,957.5,100.0,True,
2026-03-27T09:32:40,92,RR1.00:9-10:561:2070,2026-03-27T09:16:40,1142.9,100.0,-45.5,16.5,-45.5,1097.4,1096.35,100.0,True,
2026-03-27T09:32:40,93,RR1.00:9-10:561:2070,2026-03-27T09:16:40,1034.95,100.0,-45.5,16.5,-45.5,989.45,988.4,100.0,True,
2026-03-27T09:32:40,94,RR1.00:9-10:561:2070,2026-03-27T09:16:40,1367.35,100.0,-45.5,16.5,-45.5,1321.85,1320.8,100.0,True,
2026-03-27T09:32:40,95,RR1.00:9-10:561:2070,2026-03-27T09:16:40,995.5,100.0,-45.5,16.5,-45.5,950.0,948.95,100.0,True,
2026-03-27T09:32:40,96,RR1.00:9-10:561:2070,2026-03-27T09:16:40,1059.15,100.0,-45.5,16.5,-45.5,1013.65,1012.6,100.0,True,
2026-03-27T09:32:40,97,RR1.00:9-10:561:2070,2026-03-27T09:16:40,1059.15,100.0,-45.5,16.5,-45.5,1013.65,1012.6,100.0,True,
2026-03-27T09:32:40,98,RR1.00:9-10:561:2070,2026-03-27T09:16:40,1307.35,100.0,-45.5,16.5,-45.5,1261.85,1260.8,100.0,True,
2026-03-27T09:32:40,99,RR1.00:9-10:561:2070,2026-03-27T09:16:40,1167.6,100.0,-45.5,16.5,-45.5,1122.1,1121.05,100.0,True,
2026-03-27T09:32:40,100,RR1.00:9-10:561:2070,2026-03-27T09:16:40,1207.4,100.0,-45.5,16.5,-45.5,1161.9,1160.85,100.0,True,
2026-03-27T16:32:40,4,RR1.00:16-17:853:2436,2026-03-27T16:25:40,951.8,100.0,-116.0,19.0,-116.0,835.8,834.75,100.0,True,
2026-03-27T16:32:40,65,RR1.00:16-17:853:2436,2026-03-27T16:25:40,1361.4,100.0,-116.0,19.0,-116.0,1245.4,1244.35,100.0,True,
2026-03-27T16:32:40,66,RR1.00:16-17:853:2436,2026-03-27T16:25:40,1072.4,100.0,-116.0,19.0,-116.0,956.4,955.35,100.0,True,
2026-03-27T16:32:40,78,RR1.00:16-17:853:2436,2026-03-27T16:25:40,935.1,100.0,-116.0,19.0,-116.0,819.1,818.05,100.0,True,
2026-03-27T16:32:40,79,RR1.00:16-17:853:2436,2026-03-27T16:25:40,1165.3,100.0,-116.0,19.0,-116.0,1049.3,1048.25,100.0,True,
2026-03-27T16:32:40,80,RR1.00:16-17:853:2436,2026-03-27T16:25:40,888.15,100.0,-116.0,19.0,-116.0,772.15,771.1,100.0,True,
2026-03-27T16:32:40,81,RR1.00:16-17:853:2436,2026-03-27T16:25:40,888.15,100.0,-116.0,19.0,-116.0,772.15,771.1,100.0,True,
2026-03-27T16:32:40,82,RR1.00:16-17:853:2436,2026-03-27T16:25:40,888.15,100.0,-116.0,19.0,-116.0,772.15,771.1,100.0,True,
2026-03-27T16:32:40,83,RR1.00:16-17:853:2436,2026-03-27T16:25:40,1274.95,100.0,-116.0,19.0,-116.0,1158.95,1157.9,100.0,True,
2026-03-27T16:32:40,84,RR1.00:16-17:853:2436,2026-03-27T16:25:40,1274.95,100.0,-116.0,19.0,-116.0,1158.95,1157.9,100.0,True,
2026-03-27T16:32:40,91,RR1.00:16-17:853:2436,2026-03-27T16:25:40,957.5,100.0,-116.0,19.0,-116.0,841.5,840.45,100.0,True,
2026-03-27T16:32:40,92,RR1.00:16-17:853:2436,2026-03-27T16:25:40,1096.35,100.0,-116.0,19.0,-116.0,980.35,979.3,100.0,True,
2026-03-27T16:32:40,93,RR1.00:16-17:853:2436,2026-03-27T16:25:40,988.4,100.0,-116.0,19.0,-116.0,872.4,871.35,100.0,True,
2026-03-27T16:32:40,94,RR1.00:16-17:853:2436,2026-03-27T16:25:40,1320.8,100.0,-116.0,19.0,-116.0,1204.8,1203.75,100.0,True,
2026-03-27T16:32:40,95,RR1.00:16-17:853:2436,2026-03-27T16:25:40,948.95,100.0,-116.0,19.0,-116.0,832.95,831.9,100.0,True,
2026-03-27T16:32:40,96,RR1.00:16-17:853:2436,2026-03-27T16:25:40,1012.6,100.0,-116.0,19.0,-116.0,896.6,895.55,100.0,True,
2026-03-27T16:32:40,97,RR1.00:16-17:853:2436,2026-03-27T16:25:40,1012.6,100.0,-116.0,19.0,-116.0,896.6,895.55,100.0,True,
2026-03-27T16:32:40,98,RR1.00:16-17:853:2436,2026-03-27T16:25:40,1260.8,100.0,-116.0,19.0,-116.0,1144.8,1143.75,100.0,True,
2026-03-27T16:32:40,99,RR1.00:16-17:853:2436,2026-03-27T16:25:40,1121.05,100.0,-116.0,19.0,-116.0,1005.05,1004.0,100.0,True,
2026-03-27T16:32:40,100,RR1.00:16-17:853:2436,2026-03-27T16:25:40,1160.85,100.0,-116.0,19.0,-116.0,1044.85,1043.8,100.0,True,
2026-03-27T20:17:40,4,RR1.00:20-21:518:1923,2026-03-27T20:07:20,834.75,100.0,-141.0,27.5,-141.0,693.75,692.7,100.0,True,
2026-03-27T20:17:40,65,RR1.00:20-21:518:1923,2026-03-27T20:07:20,1244.35,100.0,-141.0,27.5,-141.0,1103.35,1102.3,100.0,True,
2026-03-27T20:17:40,66,RR1.00:20-21:518:1923,2026-03-27T20:07:20,955.35,100.0,-141.0,27.5,-141.0,814.35,813.3,100.0,True,
2026-03-27T20:17:40,78,RR1.00:20-21:518:1923,2026-03-27T20:07:20,818.05,100.0,-141.0,27.5,-141.0,677.05,676.0,100.0,True,
2026-03-27T20:17:40,79,RR1.00:20-21:518:1923,2026-03-27T20:07:20,1048.25,100.0,-141.0,27.5,-141.0,907.25,906.2,100.0,True,
2026-03-27T20:17:40,80,RR1.00:20-21:518:1923,2026-03-27T20:07:20,771.1,100.0,-141.0,27.5,-141.0,630.1,629.05,100.0,True,
2026-03-27T20:17:40,81,RR1.00:20-21:518:1923,2026-03-27T20:07:20,771.1,100.0,-141.0,27.5,-141.0,630.1,629.05,100.0,True,
2026-03-27T20:17:40,82,RR1.00:20-21:518:1923,2026-03-27T20:07:20,771.1,100.0,-141.0,27.5,-141.0,630.1,629.05,100.0,True,
2026-03-27T20:17:40,83,RR1.00:20-21:518:1923,2026-03-27T20:07:20,1157.9,100.0,-141.0,27.5,-141.0,1016.9,1015.85,100.0,True,
2026-03-27T20:17:40,84,RR1.00:20-21:518:1923,2026-03-27T20:07:20,1157.9,100.0,-141.0,27.5,-141.0,1016.9,1015.85,100.0,True,
2026-03-27T20:17:40,91,RR1.00:20-21:518:1923,2026-03-27T20:07:20,840.45,100.0,-141.0,27.5,-141.0,699.45,698.4,100.0,True,
2026-03-27T20:17:40,92,RR1.00:20-21:518:1923,2026-03-27T20:07:20,979.3,100.0,-141.0,27.5,-141.0,838.3,837.25,100.0,True,
2026-03-27T20:17:40,93,RR1.00:20-21:518:1923,2026-03-27T20:07:20,871.35,100.0,-141.0,27.5,-141.0,730.35,729.3,100.0,True,
2026-03-27T20:17:40,94,RR1.00:20-21:518:1923,2026-03-27T20:07:20,1203.75,100.0,-141.0,27.5,-141.0,1062.75,1061.7,100.0,True,
2026-03-27T20:17:40,95,RR1.00:20-21:518:1923,2026-03-27T20:07:20,831.9,100.0,-141.0,27.5,-141.0,690.9,689.85,100.0,True,
2026-03-27T20:17:40,96,RR1.00:20-21:518:1923,2026-03-27T20:07:20,895.55,100.0,-141.0,27.5,-141.0,754.55,753.5,100.0,True,
2026-03-27T20:17:40,97,RR1.00:20-21:518:1923,2026-03-27T20:07:20,895.55,100.0,-141.0,27.5,-141.0,754.55,753.5,100.0,True,
2026-03-27T20:17:40,98,RR1.00:20-21:518:1923,2026-03-27T20:07:20,1143.75,100.0,-141.0,27.5,-141.0,1002.75,1001.7,100.0,True,
2026-03-27T20:17:40,99,RR1.00:20-21:518:1923,2026-03-27T20:07:20,1004.0,100.0,-141.0,27.5,-141.0,863.0,861.95,100.0,True,
2026-03-27T20:17:40,100,RR1.00:20-21:518:1923,2026-03-27T20:07:20,1043.8,100.0,-141.0,27.5,-141.0,902.8,901.75,100.0,True,
2026-03-30T06:00:00,4,RR1.00:3-4:558:2084,2026-03-30T03:17:40,692.7,100.0,-81.5,211.0,165.5,611.2,857.15,100.0,True,
2026-03-30T06:00:00,65,RR1.00:3-4:558:2084,2026-03-30T03:17:40,1102.3,100.0,-81.5,211.0,165.5,1020.8,1266.75,100.0,True,
2026-03-30T06:00:00,66,RR1.00:3-4:558:2084,2026-03-30T03:17:40,813.3,100.0,-81.5,211.0,165.5,731.8,977.75,100.0,True,
2026-03-30T06:00:00,78,RR1.00:3-4:558:2084,2026-03-30T03:17:40,676.0,100.0,-81.5,211.0,165.5,594.5,840.45,100.0,True,
2026-03-30T06:00:00,79,RR1.00:3-4:558:2084,2026-03-30T03:17:40,906.2,100.0,-81.5,211.0,165.5,824.7,1070.65,100.0,True,
2026-03-30T06:00:00,80,RR1.00:3-4:558:2084,2026-03-30T03:17:40,629.05,100.0,-81.5,211.0,165.5,547.55,793.5,100.0,True,
2026-03-30T06:00:00,81,RR1.00:3-4:558:2084,2026-03-30T03:17:40,629.05,100.0,-81.5,211.0,165.5,547.55,793.5,100.0,True,
2026-03-30T06:00:00,82,RR1.00:3-4:558:2084,2026-03-30T03:17:40,629.05,100.0,-81.5,211.0,165.5,547.55,793.5,100.0,True,
2026-03-30T06:00:00,83,RR1.00:3-4:558:2084,2026-03-30T03:17:40,1015.85,100.0,-81.5,211.0,165.5,934.35,1180.3,100.0,True,
2026-03-30T06:00:00,84,RR1.00:3-4:558:2084,2026-03-30T03:17:40,1015.85,100.0,-81.5,211.0,165.5,934.35,1180.3,100.0,True,
2026-03-30T06:00:00,91,RR1.00:3-4:558:2084,2026-03-30T03:17:40,698.4,100.0,-81.5,211.0,165.5,616.9,862.85,100.0,True,
2026-03-30T06:00:00,92,RR1.00:3-4:558:2084,2026-03-30T03:17:40,837.25,100.0,-81.5,211.0,165.5,755.75,1001.7,100.0,True,
2026-03-30T06:00:00,93,RR1.00:3-4:558:2084,2026-03-30T03:17:40,729.3,100.0,-81.5,211.0,165.5,647.8,893.75,100.0,True,
2026-03-30T06:00:00,94,RR1.00:3-4:558:2084,2026-03-30T03:17:40,1061.7,100.0,-81.5,211.0,165.5,980.2,1226.15,100.0,True,
2026-03-30T06:00:00,95,RR1.00:3-4:558:2084,2026-03-30T03:17:40,689.85,100.0,-81.5,211.0,165.5,608.35,854.3,100.0,True,
2026-03-30T06:00:00,96,RR1.00:3-4:558:2084,2026-03-30T03:17:40,753.5,100.0,-81.5,211.0,165.5,672.0,917.95,100.0,True,
2026-03-30T06:00:00,97,RR1.00:3-4:558:2084,2026-03-30T03:17:40,753.5,100.0,-81.5,211.0,165.5,672.0,917.95,100.0,True,
2026-03-30T06:00:00,98,RR1.00:3-4:558:2084,2026-03-30T03:17:40,1001.7,100.0,-81.5,211.0,165.5,920.2,1166.15,100.0,True,
2026-03-30T06:00:00,99,RR1.00:3-4:558:2084,2026-03-30T03:17:40,861.95,100.0,-81.5,211.0,165.5,780.45,1026.4,100.0,True,
2026-03-30T06:00:00,100,RR1.00:3-4:558:2084,2026-03-30T03:17:40,901.75,100.0,-81.5,211.0,165.5,820.25,1066.2,100.0,True,
2026-03-30T06:30:00,4,RR1.00:5-6:431:1927,2026-03-30T05:42:40,857.15,100.0,-4.0,147.5,121.5,853.15,857.15,100.0,True,
2026-03-30T06:30:00,65,RR1.00:5-6:431:1927,2026-03-30T05:42:40,1266.75,100.0,-4.0,147.5,121.5,1262.75,1266.75,100.0,True,
2026-03-30T06:30:00,66,RR1.00:5-6:431:1927,2026-03-30T05:42:40,977.75,100.0,-4.0,147.5,121.5,973.75,977.75,100.0,True,
2026-03-30T06:30:00,78,RR1.00:5-6:431:1927,2026-03-30T05:42:40,840.45,100.0,-4.0,147.5,121.5,836.45,840.45,100.0,True,
2026-03-30T06:30:00,79,RR1.00:5-6:431:1927,2026-03-30T05:42:40,1070.65,100.0,-4.0,147.5,121.5,1066.65,1070.65,100.0,True,
2026-03-30T06:30:00,80,RR1.00:5-6:431:1927,2026-03-30T05:42:40,793.5,100.0,-4.0,147.5,121.5,789.5,793.5,100.0,True,
2026-03-30T06:30:00,81,RR1.00:5-6:431:1927,2026-03-30T05:42:40,793.5,100.0,-4.0,147.5,121.5,789.5,793.5,100.0,True,
2026-03-30T06:30:00,82,RR1.00:5-6:431:1927,2026-03-30T05:42:40,793.5,100.0,-4.0,147.5,121.5,789.5,793.5,100.0,True,
2026-03-30T06:30:00,83,RR1.00:5-6:431:1927,2026-03-30T05:42:40,1180.3,100.0,-4.0,147.5,121.5,1176.3,1180.3,100.0,True,
2026-03-30T06:30:00,84,RR1.00:5-6:431:1927,2026-03-30T05:42:40,1180.3,100.0,-4.0,147.5,121.5,1176.3,1180.3,100.0,True,
2026-03-30T06:30:00,91,RR1.00:5-6:431:1927,2026-03-30T05:42:40,862.85,100.0,-4.0,147.5,121.5,858.85,862.85,100.0,True,
2026-03-30T06:30:00,92,RR1.00:5-6:431:1927,2026-03-30T05:42:40,1001.7,100.0,-4.0,147.5,121.5,997.7,1001.7,100.0,True,
2026-03-30T06:30:00,93,RR1.00:5-6:431:1927,2026-03-30T05:42:40,893.75,100.0,-4.0,147.5,121.5,889.75,893.75,100.0,True,
2026-03-30T06:30:00,94,RR1.00:5-6:431:1927,2026-03-30T05:42:40,1226.15,100.0,-4.0,147.5,121.5,1222.15,1226.15,100.0,True,
2026-03-30T06:30:00,95,RR1.00:5-6:431:1927,2026-03-30T05:42:40,854.3,100.0,-4.0,147.5,121.5,850.3,854.3,100.0,True,
2026-03-30T06:30:00,96,RR1.00:5-6:431:1927,2026-03-30T05:42:40,917.95,100.0,-4.0,147.5,121.5,913.95,917.95,100.0,True,
2026-03-30T06:30:00,97,RR1.00:5-6:431:1927,2026-03-30T05:42:40,917.95,100.0,-4.0,147.5,121.5,913.95,917.95,100.0,True,
2026-03-30T06:30:00,98,RR1.00:5-6:431:1927,2026-03-30T05:42:40,1166.15,100.0,-4.0,147.5,121.5,1162.15,1166.15,100.0,True,
2026-03-30T06:30:00,99,RR1.00:5-6:431:1927,2026-03-30T05:42:40,1026.4,100.0,-4.0,147.5,121.5,1022.4,1026.4,100.0,True,
2026-03-30T06:30:00,100,RR1.00:5-6:431:1927,2026-03-30T05:42:40,1066.2,100.0,-4.0,147.5,121.5,1062.2,1066.2,100.0,True,
2026-03-30T11:30:00,4,RR1.00:8-9:603:2148,2026-03-30T08:10:40,857.15,100.0,-79.5,145.0,128.5,777.65,984.6,100.0,True,
2026-03-30T11:30:00,65,RR1.00:8-9:603:2148,2026-03-30T08:10:40,1266.75,100.0,-79.5,145.0,128.5,1187.25,1394.2,100.0,True,
2026-03-30T11:30:00,66,RR1.00:8-9:603:2148,2026-03-30T08:10:40,977.75,100.0,-79.5,145.0,128.5,898.25,1105.2,100.0,True,
2026-03-30T11:30:00,78,RR1.00:8-9:603:2148,2026-03-30T08:10:40,840.45,100.0,-79.5,145.0,128.5,760.95,967.9,100.0,True,
2026-03-30T11:30:00,79,RR1.00:8-9:603:2148,2026-03-30T08:10:40,1070.65,100.0,-79.5,145.0,128.5,991.15,1198.1,100.0,True,
2026-03-30T11:30:00,80,RR1.00:8-9:603:2148,2026-03-30T08:10:40,793.5,100.0,-79.5,145.0,128.5,714.0,920.95,100.0,True,
2026-03-30T11:30:00,81,RR1.00:8-9:603:2148,2026-03-30T08:10:40,793.5,100.0,-79.5,145.0,128.5,714.0,920.95,100.0,True,
2026-03-30T11:30:00,82,RR1.00:8-9:603:2148,2026-03-30T08:10:40,793.5,100.0,-79.5,145.0,128.5,714.0,920.95,100.0,True,
2026-03-30T11:30:00,83,RR1.00:8-9:603:2148,2026-03-30T08:10:40,1180.3,100.0,-79.5,145.0,128.5,1100.8,1307.75,100.0,True,
2026-03-30T11:30:00,84,RR1.00:8-9:603:2148,2026-03-30T08:10:40,1180.3,100.0,-79.5,145.0,128.5,1100.8,1307.75,100.0,True,
2026-03-30T11:30:00,91,RR1.00:8-9:603:2148,2026-03-30T08:10:40,862.85,100.0,-79.5,145.0,128.5,783.35,990.3,100.0,True,
2026-03-30T11:30:00,92,RR1.00:8-9:603:2148,2026-03-30T08:10:40,1001.7,100.0,-79.5,145.0,128.5,922.2,1129.15,100.0,True,
2026-03-30T11:30:00,93,RR1.00:8-9:603:2148,2026-03-30T08:10:40,893.75,100.0,-79.5,145.0,128.5,814.25,1021.2,100.0,True,
2026-03-30T11:30:00,94,RR1.00:8-9:603:2148,2026-03-30T08:10:40,1226.15,100.0,-79.5,145.0,128.5,1146.65,1353.6,100.0,True,
2026-03-30T11:30:00,95,RR1.00:8-9:603:2148,2026-03-30T08:10:40,854.3,100.0,-79.5,145.0,128.5,774.8,981.75,100.0,True,
2026-03-30T11:30:00,96,RR1.00:8-9:603:2148,2026-03-30T08:10:40,917.95,100.0,-79.5,145.0,128.5,838.45,1045.4,100.0,True,
2026-03-30T11:30:00,97,RR1.00:8-9:603:2148,2026-03-30T08:10:40,917.95,100.0,-79.5,145.0,128.5,838.45,1045.4,100.0,True,
2026-03-30T11:30:00,98,RR1.00:8-9:603:2148,2026-03-30T08:10:40,1166.15,100.0,-79.5,145.0,128.5,1086.65,1293.6,100.0,True,
2026-03-30T11:30:00,99,RR1.00:8-9:603:2148,2026-03-30T08:10:40,1026.4,100.0,-79.5,145.0,128.5,946.9,1153.85,100.0,True,
2026-03-30T11:30:00,100,RR1.00:8-9:603:2148,2026-03-30T08:10:40,1066.2,100.0,-79.5,145.0,128.5,986.7,1193.65,100.0,True,
2026-03-30T14:30:00,4,RR1.00:10-11:590:2143,2026-03-30T10:51:40,984.6,100.0,-62.5,350.0,165.5,922.1,984.6,100.0,True,
2026-03-30T14:30:00,65,RR1.00:10-11:590:2143,2026-03-30T10:51:40,1394.2,100.0,-62.5,350.0,165.5,1331.7,1394.2,100.0,True,
2026-03-30T14:30:00,66,RR1.00:10-11:590:2143,2026-03-30T10:51:40,1105.2,100.0,-62.5,350.0,165.5,1042.7,1105.2,100.0,True,
2026-03-30T14:30:00,78,RR1.00:10-11:590:2143,2026-03-30T10:51:40,967.9,100.0,-62.5,350.0,165.5,905.4,967.9,100.0,True,
2026-03-30T14:30:00,79,RR1.00:10-11:590:2143,2026-03-30T10:51:40,1198.1,100.0,-62.5,350.0,165.5,1135.6,1198.1,100.0,True,
2026-03-30T14:30:00,80,RR1.00:10-11:590:2143,2026-03-30T10:51:40,920.95,100.0,-62.5,350.0,165.5,858.45,920.95,100.0,True,
2026-03-30T14:30:00,81,RR1.00:10-11:590:2143,2026-03-30T10:51:40,920.95,100.0,-62.5,350.0,165.5,858.45,920.95,100.0,True,
2026-03-30T14:30:00,82,RR1.00:10-11:590:2143,2026-03-30T10:51:40,920.95,100.0,-62.5,350.0,165.5,858.45,920.95,100.0,True,
2026-03-30T14:30:00,83,RR1.00:10-11:590:2143,2026-03-30T10:51:40,1307.75,100.0,-62.5,350.0,165.5,1245.25,1307.75,100.0,True,
2026-03-30T14:30:00,84,RR1.00:10-11:590:2143,2026-03-30T10:51:40,1307.75,100.0,-62.5,350.0,165.5,1245.25,1307.75,100.0,True,
2026-03-30T14:30:00,91,RR1.00:10-11:590:2143,2026-03-30T10:51:40,990.3,100.0,-62.5,350.0,165.5,927.8,990.3,100.0,True,
2026-03-30T14:30:00,92,RR1.00:10-11:590:2143,2026-03-30T10:51:40,1129.15,100.0,-62.5,350.0,165.5,1066.65,1129.15,100.0,True,
2026-03-30T14:30:00,93,RR1.00:10-11:590:2143,2026-03-30T10:51:40,1021.2,100.0,-62.5,350.0,165.5,958.7,1021.2,100.0,True,
2026-03-30T14:30:00,94,RR1.00:10-11:590:2143,2026-03-30T10:51:40,1353.6,100.0,-62.5,350.0,165.5,1291.1,1353.6,100.0,True,
2026-03-30T14:30:00,95,RR1.00:10-11:590:2143,2026-03-30T10:51:40,981.75,100.0,-62.5,350.0,165.5,919.25,981.75,100.0,True,
2026-03-30T14:30:00,96,RR1.00:10-11:590:2143,2026-03-30T10:51:40,1045.4,100.0,-62.5,350.0,165.5,982.9,1045.4,100.0,True,
2026-03-30T14:30:00,97,RR1.00:10-11:590:2143,2026-03-30T10:51:40,1045.4,100.0,-62.5,350.0,165.5,982.9,1045.4,100.0,True,
2026-03-30T14:30:00,98,RR1.00:10-11:590:2143,2026-03-30T10:51:40,1293.6,100.0,-62.5,350.0,165.5,1231.1,1293.6,100.0,True,
2026-03-30T14:30:00,99,RR1.00:10-11:590:2143,2026-03-30T10:51:40,1153.85,100.0,-62.5,350.0,165.5,1091.35,1153.85,100.0,True,
2026-03-30T14:30:00,100,RR1.00:10-11:590:2143,2026-03-30T10:51:40,1193.65,100.0,-62.5,350.0,165.5,1131.15,1193.65,100.0,True,
2026-03-30T16:35:40,4,RR1.00:15-16:685:2248,2026-03-30T15:26:40,984.6,100.0,-115.5,64.5,-115.5,869.1,868.05,100.0,True,
2026-03-30T16:35:40,65,RR1.00:15-16:685:2248,2026-03-30T15:26:40,1394.2,100.0,-115.5,64.5,-115.5,1278.7,1277.65,100.0,True,
2026-03-30T16:35:40,66,RR1.00:15-16:685:2248,2026-03-30T15:26:40,1105.2,100.0,-115.5,64.5,-115.5,989.7,988.65,100.0,True,
2026-03-30T16:35:40,78,RR1.00:15-16:685:2248,2026-03-30T15:26:40,967.9,100.0,-115.5,64.5,-115.5,852.4,851.35,100.0,True,
2026-03-30T16:35:40,79,RR1.00:15-16:685:2248,2026-03-30T15:26:40,1198.1,100.0,-115.5,64.5,-115.5,1082.6,1081.55,100.0,True,
2026-03-30T16:35:40,80,RR1.00:15-16:685:2248,2026-03-30T15:26:40,920.95,100.0,-115.5,64.5,-115.5,805.45,804.4,100.0,True,
2026-03-30T16:35:40,81,RR1.00:15-16:685:2248,2026-03-30T15:26:40,920.95,100.0,-115.5,64.5,-115.5,805.45,804.4,100.0,True,
2026-03-30T16:35:40,82,RR1.00:15-16:685:2248,2026-03-30T15:26:40,920.95,100.0,-115.5,64.5,-115.5,805.45,804.4,100.0,True,
2026-03-30T16:35:40,83,RR1.00:15-16:685:2248,2026-03-30T15:26:40,1307.75,100.0,-115.5,64.5,-115.5,1192.25,1191.2,100.0,True,
2026-03-30T16:35:40,84,RR1.00:15-16:685:2248,2026-03-30T15:26:40,1307.75,100.0,-115.5,64.5,-115.5,1192.25,1191.2,100.0,True,
2026-03-30T16:35:40,91,RR1.00:15-16:685:2248,2026-03-30T15:26:40,990.3,100.0,-115.5,64.5,-115.5,874.8,873.75,100.0,True,
2026-03-30T16:35:40,92,RR1.00:15-16:685:2248,2026-03-30T15:26:40,1129.15,100.0,-115.5,64.5,-115.5,1013.65,1012.6,100.0,True,
2026-03-30T16:35:40,93,RR1.00:15-16:685:2248,2026-03-30T15:26:40,1021.2,100.0,-115.5,64.5,-115.5,905.7,904.65,100.0,True,
2026-03-30T16:35:40,94,RR1.00:15-16:685:2248,2026-03-30T15:26:40,1353.6,100.0,-115.5,64.5,-115.5,1238.1,1237.05,100.0,True,
2026-03-30T16:35:40,95,RR1.00:15-16:685:2248,2026-03-30T15:26:40,981.75,100.0,-115.5,64.5,-115.5,866.25,865.2,100.0,True,
2026-03-30T16:35:40,96,RR1.00:15-16:685:2248,2026-03-30T15:26:40,1045.4,100.0,-115.5,64.5,-115.5,929.9,928.85,100.0,True,
2026-03-30T16:35:40,97,RR1.00:15-16:685:2248,2026-03-30T15:26:40,1045.4,100.0,-115.5,64.5,-115.5,929.9,928.85,100.0,True,
2026-03-30T16:35:40,98,RR1.00:15-16:685:2248,2026-03-30T15:26:40,1293.6,100.0,-115.5,64.5,-115.5,1178.1,1177.05,100.0,True,
2026-03-30T16:35:40,99,RR1.00:15-16:685:2248,2026-03-30T15:26:40,1153.85,100.0,-115.5,64.5,-115.5,1038.35,1037.3,100.0,True,
2026-03-30T16:35:40,100,RR1.00:15-16:685:2248,2026-03-30T15:26:40,1193.65,100.0,-115.5,64.5,-115.5,1078.15,1077.1,100.0,True,
2026-03-30T23:30:00,4,RR1.00:22-23:554:2015,2026-03-30T22:54:40,868.05,100.0,-78.0,69.0,-61.0,790.05,806.0,100.0,True,
2026-03-30T23:30:00,65,RR1.00:22-23:554:2015,2026-03-30T22:54:40,1277.65,100.0,-78.0,69.0,-61.0,1199.65,1215.6,100.0,True,
2026-03-30T23:30:00,66,RR1.00:22-23:554:2015,2026-03-30T22:54:40,988.65,100.0,-78.0,69.0,-61.0,910.65,926.6,100.0,True,
2026-03-30T23:30:00,78,RR1.00:22-23:554:2015,2026-03-30T22:54:40,851.35,100.0,-78.0,69.0,-61.0,773.35,789.3,100.0,True,
2026-03-30T23:30:00,79,RR1.00:22-23:554:2015,2026-03-30T22:54:40,1081.55,100.0,-78.0,69.0,-61.0,1003.55,1019.5,100.0,True,
2026-03-30T23:30:00,80,RR1.00:22-23:554:2015,2026-03-30T22:54:40,804.4,100.0,-78.0,69.0,-61.0,726.4,742.35,100.0,True,
2026-03-30T23:30:00,81,RR1.00:22-23:554:2015,2026-03-30T22:54:40,804.4,100.0,-78.0,69.0,-61.0,726.4,742.35,100.0,True,
2026-03-30T23:30:00,82,RR1.00:22-23:554:2015,2026-03-30T22:54:40,804.4,100.0,-78.0,69.0,-61.0,726.4,742.35,100.0,True,
2026-03-30T23:30:00,83,RR1.00:22-23:554:2015,2026-03-30T22:54:40,1191.2,100.0,-78.0,69.0,-61.0,1113.2,1129.15,100.0,True,
2026-03-30T23:30:00,84,RR1.00:22-23:554:2015,2026-03-30T22:54:40,1191.2,100.0,-78.0,69.0,-61.0,1113.2,1129.15,100.0,True,
2026-03-30T23:30:00,91,RR1.00:22-23:554:2015,2026-03-30T22:54:40,873.75,100.0,-78.0,69.0,-61.0,795.75,811.7,100.0,True,
2026-03-30T23:30:00,92,RR1.00:22-23:554:2015,2026-03-30T22:54:40,1012.6,100.0,-78.0,69.0,-61.0,934.6,950.55,100.0,True,
2026-03-30T23:30:00,93,RR1.00:22-23:554:2015,2026-03-30T22:54:40,904.65,100.0,-78.0,69.0,-61.0,826.65,842.6,100.0,True,
2026-03-30T23:30:00,94,RR1.00:22-23:554:2015,2026-03-30T22:54:40,1237.05,100.0,-78.0,69.0,-61.0,1159.05,1175.0,100.0,True,
2026-03-30T23:30:00,95,RR1.00:22-23:554:2015,2026-03-30T22:54:40,865.2,100.0,-78.0,69.0,-61.0,787.2,803.15,100.0,True,
2026-03-30T23:30:00,96,RR1.00:22-23:554:2015,2026-03-30T22:54:40,928.85,100.0,-78.0,69.0,-61.0,850.85,866.8,100.0,True,
2026-03-30T23:30:00,97,RR1.00:22-23:554:2015,2026-03-30T22:54:40,928.85,100.0,-78.0,69.0,-61.0,850.85,866.8,100.0,True,
2026-03-30T23:30:00,98,RR1.00:22-23:554:2015,2026-03-30T22:54:40,1177.05,100.0,-78.0,69.0,-61.0,1099.05,1115.0,100.0,True,
2026-03-30T23:30:00,99,RR1.00:22-23:554:2015,2026-03-30T22:54:40,1037.3,100.0,-78.0,69.0,-61.0,959.3,975.25,100.0,True,
2026-03-30T23:30:00,100,RR1.00:22-23:554:2015,2026-03-30T22:54:40,1077.1,100.0,-78.0,69.0,-61.0,999.1,1015.05,100.0,True,
2026-03-31T03:12:40,4,RR1.00:3-4:559:2086,2026-03-31T03:00:40,806.0,100.0,-75.5,47.0,-75.5,730.5,729.45,100.0,True,
2026-03-31T03:12:40,65,RR1.00:3-4:559:2086,2026-03-31T03:00:40,1215.6,100.0,-75.5,47.0,-75.5,1140.1,1139.05,100.0,True,
2026-03-31T03:12:40,66,RR1.00:3-4:559:2086,2026-03-31T03:00:40,926.6,100.0,-75.5,47.0,-75.5,851.1,850.05,100.0,True,
2026-03-31T03:12:40,78,RR1.00:3-4:559:2086,2026-03-31T03:00:40,789.3,100.0,-75.5,47.0,-75.5,713.8,712.75,100.0,True,
2026-03-31T03:12:40,79,RR1.00:3-4:559:2086,2026-03-31T03:00:40,1019.5,100.0,-75.5,47.0,-75.5,944.0,942.95,100.0,True,
2026-03-31T03:12:40,80,RR1.00:3-4:559:2086,2026-03-31T03:00:40,742.35,100.0,-75.5,47.0,-75.5,666.85,665.8,100.0,True,
2026-03-31T03:12:40,81,RR1.00:3-4:559:2086,2026-03-31T03:00:40,742.35,100.0,-75.5,47.0,-75.5,666.85,665.8,100.0,True,
2026-03-31T03:12:40,82,RR1.00:3-4:559:2086,2026-03-31T03:00:40,742.35,100.0,-75.5,47.0,-75.5,666.85,665.8,100.0,True,
2026-03-31T03:12:40,83,RR1.00:3-4:559:2086,2026-03-31T03:00:40,1129.15,100.0,-75.5,47.0,-75.5,1053.65,1052.6,100.0,True,
2026-03-31T03:12:40,84,RR1.00:3-4:559:2086,2026-03-31T03:00:40,1129.15,100.0,-75.5,47.0,-75.5,1053.65,1052.6,100.0,True,
2026-03-31T03:12:40,91,RR1.00:3-4:559:2086,2026-03-31T03:00:40,811.7,100.0,-75.5,47.0,-75.5,736.2,735.15,100.0,True,
2026-03-31T03:12:40,92,RR1.00:3-4:559:2086,2026-03-31T03:00:40,950.55,100.0,-75.5,47.0,-75.5,875.05,874.0,100.0,True,
2026-03-31T03:12:40,93,RR1.00:3-4:559:2086,2026-03-31T03:00:40,842.6,100.0,-75.5,47.0,-75.5,767.1,766.05,100.0,True,
2026-03-31T03:12:40,94,RR1.00:3-4:559:2086,2026-03-31T03:00:40,1175.0,100.0,-75.5,47.0,-75.5,1099.5,1098.45,100.0,True,
2026-03-31T03:12:40,95,RR1.00:3-4:559:2086,2026-03-31T03:00:40,803.15,100.0,-75.5,47.0,-75.5,727.65,726.6,100.0,True,
2026-03-31T03:12:40,96,RR1.00:3-4:559:2086,2026-03-31T03:00:40,866.8,100.0,-75.5,47.0,-75.5,791.3,790.25,100.0,True,
2026-03-31T03:12:40,97,RR1.00:3-4:559:2086,2026-03-31T03:00:40,866.8,100.0,-75.5,47.0,-75.5,791.3,790.25,100.0,True,
2026-03-31T03:12:40,98,RR1.00:3-4:559:2086,2026-03-31T03:00:40,1115.0,100.0,-75.5,47.0,-75.5,1039.5,1038.45,100.0,True,
2026-03-31T03:12:40,99,RR1.00:3-4:559:2086,2026-03-31T03:00:40,975.25,100.0,-75.5,47.0,-75.5,899.75,898.7,100.0,True,
2026-03-31T03:12:40,100,RR1.00:3-4:559:2086,2026-03-31T03:00:40,1015.05,100.0,-75.5,47.0,-75.5,939.55,938.5,100.0,True,
2026-03-31T04:30:00,4,RR1.00:3-4:560:2088,2026-03-31T03:38:40,729.45,100.0,-66.0,487.0,462.5,663.45,1190.9,100.0,True,
2026-03-31T04:30:00,65,RR1.00:3-4:560:2088,2026-03-31T03:38:40,1139.05,100.0,-66.0,487.0,462.5,1073.05,1600.5,100.0,True,
2026-03-31T04:30:00,66,RR1.00:3-4:560:2088,2026-03-31T03:38:40,850.05,100.0,-66.0,487.0,462.5,784.05,1311.5,100.0,True,
2026-03-31T04:30:00,78,RR1.00:3-4:560:2088,2026-03-31T03:38:40,712.75,100.0,-66.0,487.0,462.5,646.75,1174.2,100.0,True,
2026-03-31T04:30:00,79,RR1.00:3-4:560:2088,2026-03-31T03:38:40,942.95,100.0,-66.0,487.0,462.5,876.95,1404.4,100.0,True,
2026-03-31T04:30:00,80,RR1.00:3-4:560:2088,2026-03-31T03:38:40,665.8,100.0,-66.0,487.0,462.5,599.8,1127.25,100.0,True,
2026-03-31T04:30:00,81,RR1.00:3-4:560:2088,2026-03-31T03:38:40,665.8,100.0,-66.0,487.0,462.5,599.8,1127.25,100.0,True,
2026-03-31T04:30:00,82,RR1.00:3-4:560:2088,2026-03-31T03:38:40,665.8,100.0,-66.0,487.0,462.5,599.8,1127.25,100.0,True,
2026-03-31T04:30:00,83,RR1.00:3-4:560:2088,2026-03-31T03:38:40,1052.6,100.0,-66.0,487.0,462.5,986.6,1514.05,100.0,True,
2026-03-31T04:30:00,84,RR1.00:3-4:560:2088,2026-03-31T03:38:40,1052.6,100.0,-66.0,487.0,462.5,986.6,1514.05,100.0,True,
2026-03-31T04:30:00,91,RR1.00:3-4:560:2088,2026-03-31T03:38:40,735.15,100.0,-66.0,487.0,462.5,669.15,1196.6,100.0,True,
2026-03-31T04:30:00,92,RR1.00:3-4:560:2088,2026-03-31T03:38:40,874.0,100.0,-66.0,487.0,462.5,808.0,1335.45,100.0,True,
2026-03-31T04:30:00,93,RR1.00:3-4:560:2088,2026-03-31T03:38:40,766.05,100.0,-66.0,487.0,462.5,700.05,1227.5,100.0,True,
2026-03-31T04:30:00,94,RR1.00:3-4:560:2088,2026-03-31T03:38:40,1098.45,100.0,-66.0,487.0,462.5,1032.45,1559.9,100.0,True,
2026-03-31T04:30:00,95,RR1.00:3-4:560:2088,2026-03-31T03:38:40,726.6,100.0,-66.0,487.0,462.5,660.6,1188.05,100.0,True,
2026-03-31T04:30:00,96,RR1.00:3-4:560:2088,2026-03-31T03:38:40,790.25,100.0,-66.0,487.0,462.5,724.25,1251.7,100.0,True,
2026-03-31T04:30:00,97,RR1.00:3-4:560:2088,2026-03-31T03:38:40,790.25,100.0,-66.0,487.0,462.5,724.25,1251.7,100.0,True,
2026-03-31T04:30:00,98,RR1.00:3-4:560:2088,2026-03-31T03:38:40,1038.45,100.0,-66.0,487.0,462.5,972.45,1499.9,100.0,True,
2026-03-31T04:30:00,99,RR1.00:3-4:560:2088,2026-03-31T03:38:40,898.7,100.0,-66.0,487.0,462.5,832.7,1360.15,100.0,True,
2026-03-31T04:30:00,100,RR1.00:3-4:560:2088,2026-03-31T03:38:40,938.5,100.0,-66.0,487.0,462.5,872.5,1399.95,100.0,True,
2026-03-31T09:07:40,4,RR1.00:8-9:604:2150,2026-03-31T08:47:40,1190.9,100.0,-86.5,37.0,-86.5,1104.4,1103.35,100.0,True,
2026-03-31T09:07:40,65,RR1.00:8-9:604:2150,2026-03-31T08:47:40,1600.5,100.0,-86.5,37.0,-86.5,1514.0,1512.95,100.0,True,
2026-03-31T09:07:40,66,RR1.00:8-9:604:2150,2026-03-31T08:47:40,1311.5,100.0,-86.5,37.0,-86.5,1225.0,1223.95,100.0,True,
2026-03-31T09:07:40,78,RR1.00:8-9:604:2150,2026-03-31T08:47:40,1174.2,100.0,-86.5,37.0,-86.5,1087.7,1086.65,100.0,True,
2026-03-31T09:07:40,79,RR1.00:8-9:604:2150,2026-03-31T08:47:40,1404.4,100.0,-86.5,37.0,-86.5,1317.9,1316.85,100.0,True,
2026-03-31T09:07:40,80,RR1.00:8-9:604:2150,2026-03-31T08:47:40,1127.25,100.0,-86.5,37.0,-86.5,1040.75,1039.7,100.0,True,
2026-03-31T09:07:40,81,RR1.00:8-9:604:2150,2026-03-31T08:47:40,1127.25,100.0,-86.5,37.0,-86.5,1040.75,1039.7,100.0,True,
2026-03-31T09:07:40,82,RR1.00:8-9:604:2150,2026-03-31T08:47:40,1127.25,100.0,-86.5,37.0,-86.5,1040.75,1039.7,100.0,True,
2026-03-31T09:07:40,83,RR1.00:8-9:604:2150,2026-03-31T08:47:40,1514.05,100.0,-86.5,37.0,-86.5,1427.55,1426.5,100.0,True,
2026-03-31T09:07:40,84,RR1.00:8-9:604:2150,2026-03-31T08:47:40,1514.05,100.0,-86.5,37.0,-86.5,1427.55,1426.5,100.0,True,
2026-03-31T09:07:40,91,RR1.00:8-9:604:2150,2026-03-31T08:47:40,1196.6,100.0,-86.5,37.0,-86.5,1110.1,1109.05,100.0,True,
2026-03-31T09:07:40,92,RR1.00:8-9:604:2150,2026-03-31T08:47:40,1335.45,100.0,-86.5,37.0,-86.5,1248.95,1247.9,100.0,True,
2026-03-31T09:07:40,93,RR1.00:8-9:604:2150,2026-03-31T08:47:40,1227.5,100.0,-86.5,37.0,-86.5,1141.0,1139.95,100.0,True,
2026-03-31T09:07:40,94,RR1.00:8-9:604:2150,2026-03-31T08:47:40,1559.9,100.0,-86.5,37.0,-86.5,1473.4,1472.35,100.0,True,
2026-03-31T09:07:40,95,RR1.00:8-9:604:2150,2026-03-31T08:47:40,1188.05,100.0,-86.5,37.0,-86.5,1101.55,1100.5,100.0,True,
2026-03-31T09:07:40,96,RR1.00:8-9:604:2150,2026-03-31T08:47:40,1251.7,100.0,-86.5,37.0,-86.5,1165.2,1164.15,100.0,True,
2026-03-31T09:07:40,97,RR1.00:8-9:604:2150,2026-03-31T08:47:40,1251.7,100.0,-86.5,37.0,-86.5,1165.2,1164.15,100.0,True,
2026-03-31T09:07:40,98,RR1.00:8-9:604:2150,2026-03-31T08:47:40,1499.9,100.0,-86.5,37.0,-86.5,1413.4,1412.35,100.0,True,
2026-03-31T09:07:40,99,RR1.00:8-9:604:2150,2026-03-31T08:47:40,1360.15,100.0,-86.5,37.0,-86.5,1273.65,1272.6,100.0,True,
2026-03-31T09:07:40,100,RR1.00:8-9:604:2150,2026-03-31T08:47:40,1399.95,100.0,-86.5,37.0,-86.5,1313.45,1312.4,100.0,True,
2026-03-31T13:34:40,4,RR1.00:12-13:515:2037,2026-03-31T12:04:40,1103.35,100.0,-92.0,24.5,-92.0,1011.35,1103.35,100.0,True,
2026-03-31T13:34:40,65,RR1.00:12-13:515:2037,2026-03-31T12:04:40,1512.95,100.0,-92.0,24.5,-92.0,1420.95,1512.95,100.0,True,
2026-03-31T13:34:40,66,RR1.00:12-13:515:2037,2026-03-31T12:04:40,1223.95,100.0,-92.0,24.5,-92.0,1131.95,1223.95,100.0,True,
2026-03-31T13:34:40,78,RR1.00:12-13:515:2037,2026-03-31T12:04:40,1086.65,100.0,-92.0,24.5,-92.0,994.65,1086.65,100.0,True,
2026-03-31T13:34:40,79,RR1.00:12-13:515:2037,2026-03-31T12:04:40,1316.85,100.0,-92.0,24.5,-92.0,1224.85,1316.85,100.0,True,
2026-03-31T13:34:40,80,RR1.00:12-13:515:2037,2026-03-31T12:04:40,1039.7,100.0,-92.0,24.5,-92.0,947.7,1039.7,100.0,True,
2026-03-31T13:34:40,81,RR1.00:12-13:515:2037,2026-03-31T12:04:40,1039.7,100.0,-92.0,24.5,-92.0,947.7,1039.7,100.0,True,
2026-03-31T13:34:40,82,RR1.00:12-13:515:2037,2026-03-31T12:04:40,1039.7,100.0,-92.0,24.5,-92.0,947.7,1039.7,100.0,True,
2026-03-31T13:34:40,83,RR1.00:12-13:515:2037,2026-03-31T12:04:40,1426.5,100.0,-92.0,24.5,-92.0,1334.5,1426.5,100.0,True,
2026-03-31T13:34:40,84,RR1.00:12-13:515:2037,2026-03-31T12:04:40,1426.5,100.0,-92.0,24.5,-92.0,1334.5,1426.5,100.0,True,
2026-03-31T13:34:40,91,RR1.00:12-13:515:2037,2026-03-31T12:04:40,1109.05,100.0,-92.0,24.5,-92.0,1017.05,1109.05,100.0,True,
2026-03-31T13:34:40,92,RR1.00:12-13:515:2037,2026-03-31T12:04:40,1247.9,100.0,-92.0,24.5,-92.0,1155.9,1247.9,100.0,True,
2026-03-31T13:34:40,93,RR1.00:12-13:515:2037,2026-03-31T12:04:40,1139.95,100.0,-92.0,24.5,-92.0,1047.95,1139.95,100.0,True,
2026-03-31T13:34:40,94,RR1.00:12-13:515:2037,2026-03-31T12:04:40,1472.35,100.0,-92.0,24.5,-92.0,1380.35,1472.35,100.0,True,
2026-03-31T13:34:40,95,RR1.00:12-13:515:2037,2026-03-31T12:04:40,1100.5,100.0,-92.0,24.5,-92.0,1008.5,1100.5,100.0,True,
2026-03-31T13:34:40,96,RR1.00:12-13:515:2037,2026-03-31T12:04:40,1164.15,100.0,-92.0,24.5,-92.0,1072.15,1164.15,100.0,True,
2026-03-31T13:34:40,97,RR1.00:12-13:515:2037,2026-03-31T12:04:40,1164.15,100.0,-92.0,24.5,-92.0,1072.15,1164.15,100.0,True,
2026-03-31T13:34:40,98,RR1.00:12-13:515:2037,2026-03-31T12:04:40,1412.35,100.0,-92.0,24.5,-92.0,1320.35,1412.35,100.0,True,
2026-03-31T13:34:40,99,RR1.00:12-13:515:2037,2026-03-31T12:04:40,1272.6,100.0,-92.0,24.5,-92.0,1180.6,1272.6,100.0,True,
2026-03-31T13:34:40,100,RR1.00:12-13:515:2037,2026-03-31T12:04:40,1312.4,100.0,-92.0,24.5,-92.0,1220.4,1312.4,100.0,True,
2026-03-31T13:43:40,4,RR1.00:10-11:591:2145,2026-03-31T10:38:40,1103.35,100.0,-144.0,162.5,-144.0,959.35,958.3,100.0,True,
2026-03-31T13:43:40,65,RR1.00:10-11:591:2145,2026-03-31T10:38:40,1512.95,100.0,-144.0,162.5,-144.0,1368.95,1367.9,100.0,True,
2026-03-31T13:43:40,66,RR1.00:10-11:591:2145,2026-03-31T10:38:40,1223.95,100.0,-144.0,162.5,-144.0,1079.95,1078.9,100.0,True,
2026-03-31T13:43:40,78,RR1.00:10-11:591:2145,2026-03-31T10:38:40,1086.65,100.0,-144.0,162.5,-144.0,942.65,941.6,100.0,True,
2026-03-31T13:43:40,79,RR1.00:10-11:591:2145,2026-03-31T10:38:40,1316.85,100.0,-144.0,162.5,-144.0,1172.85,1171.8,100.0,True,
2026-03-31T13:43:40,80,RR1.00:10-11:591:2145,2026-03-31T10:38:40,1039.7,100.0,-144.0,162.5,-144.0,895.7,894.65,100.0,True,
2026-03-31T13:43:40,81,RR1.00:10-11:591:2145,2026-03-31T10:38:40,1039.7,100.0,-144.0,162.5,-144.0,895.7,894.65,100.0,True,
2026-03-31T13:43:40,82,RR1.00:10-11:591:2145,2026-03-31T10:38:40,1039.7,100.0,-144.0,162.5,-144.0,895.7,894.65,100.0,True,
2026-03-31T13:43:40,83,RR1.00:10-11:591:2145,2026-03-31T10:38:40,1426.5,100.0,-144.0,162.5,-144.0,1282.5,1281.45,100.0,True,
2026-03-31T13:43:40,84,RR1.00:10-11:591:2145,2026-03-31T10:38:40,1426.5,100.0,-144.0,162.5,-144.0,1282.5,1281.45,100.0,True,
2026-03-31T13:43:40,91,RR1.00:10-11:591:2145,2026-03-31T10:38:40,1109.05,100.0,-144.0,162.5,-144.0,965.05,964.0,100.0,True,
2026-03-31T13:43:40,92,RR1.00:10-11:591:2145,2026-03-31T10:38:40,1247.9,100.0,-144.0,162.5,-144.0,1103.9,1102.85,100.0,True,
2026-03-31T13:43:40,93,RR1.00:10-11:591:2145,2026-03-31T10:38:40,1139.95,100.0,-144.0,162.5,-144.0,995.95,994.9,100.0,True,
2026-03-31T13:43:40,94,RR1.00:10-11:591:2145,2026-03-31T10:38:40,1472.35,100.0,-144.0,162.5,-144.0,1328.35,1327.3,100.0,True,
2026-03-31T13:43:40,95,RR1.00:10-11:591:2145,2026-03-31T10:38:40,1100.5,100.0,-144.0,162.5,-144.0,956.5,955.45,100.0,True,
2026-03-31T13:43:40,96,RR1.00:10-11:591:2145,2026-03-31T10:38:40,1164.15,100.0,-144.0,162.5,-144.0,1020.15,1019.1,100.0,True,
2026-03-31T13:43:40,97,RR1.00:10-11:591:2145,2026-03-31T10:38:40,1164.15,100.0,-144.0,162.5,-144.0,1020.15,1019.1,100.0,True,
2026-03-31T13:43:40,98,RR1.00:10-11:591:2145,2026-03-31T10:38:40,1412.35,100.0,-144.0,162.5,-144.0,1268.35,1267.3,100.0,True,
2026-03-31T13:43:40,99,RR1.00:10-11:591:2145,2026-03-31T10:38:40,1272.6,100.0,-144.0,162.5,-144.0,1128.6,1127.55,100.0,True,
2026-03-31T13:43:40,100,RR1.00:10-11:591:2145,2026-03-31T10:38:40,1312.4,100.0,-144.0,162.5,-144.0,1168.4,1167.35,100.0,True,
2026-03-31T17:00:00,4,RR1.00:14-15:532:2021,2026-03-31T14:11:40,958.3,100.0,-42.5,512.5,512.0,915.8,1469.25,100.0,True,
2026-03-31T17:00:00,65,RR1.00:14-15:532:2021,2026-03-31T14:11:40,1367.9,100.0,-42.5,512.5,512.0,1325.4,1878.85,100.0,True,
2026-03-31T17:00:00,66,RR1.00:14-15:532:2021,2026-03-31T14:11:40,1078.9,100.0,-42.5,512.5,512.0,1036.4,1589.85,100.0,True,
2026-03-31T17:00:00,78,RR1.00:14-15:532:2021,2026-03-31T14:11:40,941.6,100.0,-42.5,512.5,512.0,899.1,1452.55,100.0,True,
2026-03-31T17:00:00,79,RR1.00:14-15:532:2021,2026-03-31T14:11:40,1171.8,100.0,-42.5,512.5,512.0,1129.3,1682.75,100.0,True,
2026-03-31T17:00:00,80,RR1.00:14-15:532:2021,2026-03-31T14:11:40,894.65,100.0,-42.5,512.5,512.0,852.15,1405.6,100.0,True,
2026-03-31T17:00:00,81,RR1.00:14-15:532:2021,2026-03-31T14:11:40,894.65,100.0,-42.5,512.5,512.0,852.15,1405.6,100.0,True,
2026-03-31T17:00:00,82,RR1.00:14-15:532:2021,2026-03-31T14:11:40,894.65,100.0,-42.5,512.5,512.0,852.15,1405.6,100.0,True,
2026-03-31T17:00:00,83,RR1.00:14-15:532:2021,2026-03-31T14:11:40,1281.45,100.0,-42.5,512.5,512.0,1238.95,1792.4,100.0,True,
2026-03-31T17:00:00,84,RR1.00:14-15:532:2021,2026-03-31T14:11:40,1281.45,100.0,-42.5,512.5,512.0,1238.95,1792.4,100.0,True,
2026-03-31T17:00:00,91,RR1.00:14-15:532:2021,2026-03-31T14:11:40,964.0,100.0,-42.5,512.5,512.0,921.5,1474.95,100.0,True,
2026-03-31T17:00:00,92,RR1.00:14-15:532:2021,2026-03-31T14:11:40,1102.85,100.0,-42.5,512.5,512.0,1060.35,1613.8,100.0,True,
2026-03-31T17:00:00,93,RR1.00:14-15:532:2021,2026-03-31T14:11:40,994.9,100.0,-42.5,512.5,512.0,952.4,1505.85,100.0,True,
2026-03-31T17:00:00,94,RR1.00:14-15:532:2021,2026-03-31T14:11:40,1327.3,100.0,-42.5,512.5,512.0,1284.8,1838.25,100.0,True,
2026-03-31T17:00:00,95,RR1.00:14-15:532:2021,2026-03-31T14:11:40,955.45,100.0,-42.5,512.5,512.0,912.95,1466.4,100.0,True,
2026-03-31T17:00:00,96,RR1.00:14-15:532:2021,2026-03-31T14:11:40,1019.1,100.0,-42.5,512.5,512.0,976.6,1530.05,100.0,True,
2026-03-31T17:00:00,97,RR1.00:14-15:532:2021,2026-03-31T14:11:40,1019.1,100.0,-42.5,512.5,512.0,976.6,1530.05,100.0,True,
2026-03-31T17:00:00,98,RR1.00:14-15:532:2021,2026-03-31T14:11:40,1267.3,100.0,-42.5,512.5,512.0,1224.8,1778.25,100.0,True,
2026-03-31T17:00:00,99,RR1.00:14-15:532:2021,2026-03-31T14:11:40,1127.55,100.0,-42.5,512.5,512.0,1085.05,1638.5,100.0,True,
2026-03-31T17:00:00,100,RR1.00:14-15:532:2021,2026-03-31T14:11:40,1167.35,100.0,-42.5,512.5,512.0,1124.85,1678.3,100.0,True,
2026-03-31T17:00:00,4,RR1.00:16-17:854:2438,2026-03-31T16:31:40,1469.25,100.0,-109.0,282.5,282.0,1360.25,1469.25,100.0,True,
2026-03-31T17:00:00,65,RR1.00:16-17:854:2438,2026-03-31T16:31:40,1878.85,100.0,-109.0,282.5,282.0,1769.85,1878.85,100.0,True,
2026-03-31T17:00:00,66,RR1.00:16-17:854:2438,2026-03-31T16:31:40,1589.85,100.0,-109.0,282.5,282.0,1480.85,1589.85,100.0,True,
2026-03-31T17:00:00,78,RR1.00:16-17:854:2438,2026-03-31T16:31:40,1452.55,100.0,-109.0,282.5,282.0,1343.55,1452.55,100.0,True,
2026-03-31T17:00:00,79,RR1.00:16-17:854:2438,2026-03-31T16:31:40,1682.75,100.0,-109.0,282.5,282.0,1573.75,1682.75,100.0,True,
2026-03-31T17:00:00,80,RR1.00:16-17:854:2438,2026-03-31T16:31:40,1405.6,100.0,-109.0,282.5,282.0,1296.6,1405.6,100.0,True,
2026-03-31T17:00:00,81,RR1.00:16-17:854:2438,2026-03-31T16:31:40,1405.6,100.0,-109.0,282.5,282.0,1296.6,1405.6,100.0,True,
2026-03-31T17:00:00,82,RR1.00:16-17:854:2438,2026-03-31T16:31:40,1405.6,100.0,-109.0,282.5,282.0,1296.6,1405.6,100.0,True,
2026-03-31T17:00:00,83,RR1.00:16-17:854:2438,2026-03-31T16:31:40,1792.4,100.0,-109.0,282.5,282.0,1683.4,1792.4,100.0,True,
2026-03-31T17:00:00,84,RR1.00:16-17:854:2438,2026-03-31T16:31:40,1792.4,100.0,-109.0,282.5,282.0,1683.4,1792.4,100.0,True,
2026-03-31T17:00:00,91,RR1.00:16-17:854:2438,2026-03-31T16:31:40,1474.95,100.0,-109.0,282.5,282.0,1365.95,1474.95,100.0,True,
2026-03-31T17:00:00,92,RR1.00:16-17:854:2438,2026-03-31T16:31:40,1613.8,100.0,-109.0,282.5,282.0,1504.8,1613.8,100.0,True,
2026-03-31T17:00:00,93,RR1.00:16-17:854:2438,2026-03-31T16:31:40,1505.85,100.0,-109.0,282.5,282.0,1396.85,1505.85,100.0,True,
2026-03-31T17:00:00,94,RR1.00:16-17:854:2438,2026-03-31T16:31:40,1838.25,100.0,-109.0,282.5,282.0,1729.25,1838.25,100.0,True,
2026-03-31T17:00:00,95,RR1.00:16-17:854:2438,2026-03-31T16:31:40,1466.4,100.0,-109.0,282.5,282.0,1357.4,1466.4,100.0,True,
2026-03-31T17:00:00,96,RR1.00:16-17:854:2438,2026-03-31T16:31:40,1530.05,100.0,-109.0,282.5,282.0,1421.05,1530.05,100.0,True,
2026-03-31T17:00:00,97,RR1.00:16-17:854:2438,2026-03-31T16:31:40,1530.05,100.0,-109.0,282.5,282.0,1421.05,1530.05,100.0,True,
2026-03-31T17:00:00,98,RR1.00:16-17:854:2438,2026-03-31T16:31:40,1778.25,100.0,-109.0,282.5,282.0,1669.25,1778.25,100.0,True,
2026-03-31T17:00:00,99,RR1.00:16-17:854:2438,2026-03-31T16:31:40,1638.5,100.0,-109.0,282.5,282.0,1529.5,1638.5,100.0,True,
2026-03-31T17:00:00,100,RR1.00:16-17:854:2438,2026-03-31T16:31:40,1678.3,100.0,-109.0,282.5,282.0,1569.3,1678.3,100.0,True,
2026-03-31T17:43:40,4,RR1.00:17-18:371:1893,2026-03-31T17:33:40,1469.25,100.0,-171.5,15.0,-171.5,1297.75,1296.7,100.0,True,
2026-03-31T17:43:40,65,RR1.00:17-18:371:1893,2026-03-31T17:33:40,1878.85,100.0,-171.5,15.0,-171.5,1707.35,1706.3,100.0,True,
2026-03-31T17:43:40,66,RR1.00:17-18:371:1893,2026-03-31T17:33:40,1589.85,100.0,-171.5,15.0,-171.5,1418.35,1417.3,100.0,True,
2026-03-31T17:43:40,78,RR1.00:17-18:371:1893,2026-03-31T17:33:40,1452.55,100.0,-171.5,15.0,-171.5,1281.05,1280.0,100.0,True,
2026-03-31T17:43:40,79,RR1.00:17-18:371:1893,2026-03-31T17:33:40,1682.75,100.0,-171.5,15.0,-171.5,1511.25,1510.2,100.0,True,
2026-03-31T17:43:40,80,RR1.00:17-18:371:1893,2026-03-31T17:33:40,1405.6,100.0,-171.5,15.0,-171.5,1234.1,1233.05,100.0,True,
2026-03-31T17:43:40,81,RR1.00:17-18:371:1893,2026-03-31T17:33:40,1405.6,100.0,-171.5,15.0,-171.5,1234.1,1233.05,100.0,True,
2026-03-31T17:43:40,82,RR1.00:17-18:371:1893,2026-03-31T17:33:40,1405.6,100.0,-171.5,15.0,-171.5,1234.1,1233.05,100.0,True,
2026-03-31T17:43:40,83,RR1.00:17-18:371:1893,2026-03-31T17:33:40,1792.4,100.0,-171.5,15.0,-171.5,1620.9,1619.85,100.0,True,
2026-03-31T17:43:40,84,RR1.00:17-18:371:1893,2026-03-31T17:33:40,1792.4,100.0,-171.5,15.0,-171.5,1620.9,1619.85,100.0,True,
2026-03-31T17:43:40,91,RR1.00:17-18:371:1893,2026-03-31T17:33:40,1474.95,100.0,-171.5,15.0,-171.5,1303.45,1302.4,100.0,True,
2026-03-31T17:43:40,92,RR1.00:17-18:371:1893,2026-03-31T17:33:40,1613.8,100.0,-171.5,15.0,-171.5,1442.3,1441.25,100.0,True,
2026-03-31T17:43:40,93,RR1.00:17-18:371:1893,2026-03-31T17:33:40,1505.85,100.0,-171.5,15.0,-171.5,1334.35,1333.3,100.0,True,
2026-03-31T17:43:40,94,RR1.00:17-18:371:1893,2026-03-31T17:33:40,1838.25,100.0,-171.5,15.0,-171.5,1666.75,1665.7,100.0,True,
2026-03-31T17:43:40,95,RR1.00:17-18:371:1893,2026-03-31T17:33:40,1466.4,100.0,-171.5,15.0,-171.5,1294.9,1293.85,100.0,True,
2026-03-31T17:43:40,96,RR1.00:17-18:371:1893,2026-03-31T17:33:40,1530.05,100.0,-171.5,15.0,-171.5,1358.55,1357.5,100.0,True,
2026-03-31T17:43:40,97,RR1.00:17-18:371:1893,2026-03-31T17:33:40,1530.05,100.0,-171.5,15.0,-171.5,1358.55,1357.5,100.0,True,
2026-03-31T17:43:40,98,RR1.00:17-18:371:1893,2026-03-31T17:33:40,1778.25,100.0,-171.5,15.0,-171.5,1606.75,1605.7,100.0,True,
2026-03-31T17:43:40,99,RR1.00:17-18:371:1893,2026-03-31T17:33:40,1638.5,100.0,-171.5,15.0,-171.5,1467.0,1465.95,100.0,True,
2026-03-31T17:43:40,100,RR1.00:17-18:371:1893,2026-03-31T17:33:40,1678.3,100.0,-171.5,15.0,-171.5,1506.8,1505.75,100.0,True,
2026-03-31T20:00:00,4,RR1.00:19-20:483:1974,2026-03-31T19:07:40,1296.7,100.0,-79.5,678.0,508.0,1217.2,1803.65,100.0,True,
2026-03-31T20:00:00,65,RR1.00:19-20:483:1974,2026-03-31T19:07:40,1706.3,100.0,-79.5,678.0,508.0,1626.8,2213.25,100.0,True,
2026-03-31T20:00:00,66,RR1.00:19-20:483:1974,2026-03-31T19:07:40,1417.3,100.0,-79.5,678.0,508.0,1337.8,1924.25,100.0,True,
2026-03-31T20:00:00,78,RR1.00:19-20:483:1974,2026-03-31T19:07:40,1280.0,100.0,-79.5,678.0,508.0,1200.5,1786.95,100.0,True,
2026-03-31T20:00:00,79,RR1.00:19-20:483:1974,2026-03-31T19:07:40,1510.2,100.0,-79.5,678.0,508.0,1430.7,2017.15,100.0,True,
2026-03-31T20:00:00,80,RR1.00:19-20:483:1974,2026-03-31T19:07:40,1233.05,100.0,-79.5,678.0,508.0,1153.55,1740.0,100.0,True,
2026-03-31T20:00:00,81,RR1.00:19-20:483:1974,2026-03-31T19:07:40,1233.05,100.0,-79.5,678.0,508.0,1153.55,1740.0,100.0,True,
2026-03-31T20:00:00,82,RR1.00:19-20:483:1974,2026-03-31T19:07:40,1233.05,100.0,-79.5,678.0,508.0,1153.55,1740.0,100.0,True,
2026-03-31T20:00:00,83,RR1.00:19-20:483:1974,2026-03-31T19:07:40,1619.85,100.0,-79.5,678.0,508.0,1540.35,2126.8,100.0,True,
2026-03-31T20:00:00,84,RR1.00:19-20:483:1974,2026-03-31T19:07:40,1619.85,100.0,-79.5,678.0,508.0,1540.35,2126.8,100.0,True,
2026-03-31T20:00:00,91,RR1.00:19-20:483:1974,2026-03-31T19:07:40,1302.4,100.0,-79.5,678.0,508.0,1222.9,1809.35,100.0,True,
2026-03-31T20:00:00,92,RR1.00:19-20:483:1974,2026-03-31T19:07:40,1441.25,100.0,-79.5,678.0,508.0,1361.75,1948.2,100.0,True,
2026-03-31T20:00:00,93,RR1.00:19-20:483:1974,2026-03-31T19:07:40,1333.3,100.0,-79.5,678.0,508.0,1253.8,1840.25,100.0,True,
2026-03-31T20:00:00,94,RR1.00:19-20:483:1974,2026-03-31T19:07:40,1665.7,100.0,-79.5,678.0,508.0,1586.2,2172.65,100.0,True,
2026-03-31T20:00:00,95,RR1.00:19-20:483:1974,2026-03-31T19:07:40,1293.85,100.0,-79.5,678.0,508.0,1214.35,1800.8,100.0,True,
2026-03-31T20:00:00,96,RR1.00:19-20:483:1974,2026-03-31T19:07:40,1357.5,100.0,-79.5,678.0,508.0,1278.0,1864.45,100.0,True,
2026-03-31T20:00:00,97,RR1.00:19-20:483:1974,2026-03-31T19:07:40,1357.5,100.0,-79.5,678.0,508.0,1278.0,1864.45,100.0,True,
2026-03-31T20:00:00,98,RR1.00:19-20:483:1974,2026-03-31T19:07:40,1605.7,100.0,-79.5,678.0,508.0,1526.2,2112.65,100.0,True,
2026-03-31T20:00:00,99,RR1.00:19-20:483:1974,2026-03-31T19:07:40,1465.95,100.0,-79.5,678.0,508.0,1386.45,1972.9,100.0,True,
2026-03-31T20:00:00,100,RR1.00:19-20:483:1974,2026-03-31T19:07:40,1505.75,100.0,-79.5,678.0,508.0,1426.25,2012.7,100.0,True,
