months,budget,gap,left,right,left_episodes,right_episodes,shared,left_only,right_only,jaccard,reciprocal,shared_ids,left_only_ids,right_only_ids
1,1500,5,RR:0.50,GG:0.50,8,16,5,3,11,0.2631578947368421,True,1m_b1500_g5_e14;1m_b1500_g5_e20;1m_b1500_g5_e22;1m_b1500_g5_e23;1m_b1500_g5_e25,1m_b1500_g5_e06;1m_b1500_g5_e19;1m_b1500_g5_e28,1m_b1500_g5_e04;1m_b1500_g5_e05;1m_b1500_g5_e10;1m_b1500_g5_e11;1m_b1500_g5_e12;1m_b1500_g5_e13;1m_b1500_g5_e18;1m_b1500_g5_e21;1m_b1500_g5_e24;1m_b1500_g5_e26;1m_b1500_g5_e27
1,1500,5,RR:0.50,GG:0.75,8,15,4,4,11,0.21052631578947367,True,1m_b1500_g5_e20;1m_b1500_g5_e22;1m_b1500_g5_e23;1m_b1500_g5_e25,1m_b1500_g5_e06;1m_b1500_g5_e14;1m_b1500_g5_e19;1m_b1500_g5_e28,1m_b1500_g5_e02;1m_b1500_g5_e04;1m_b1500_g5_e10;1m_b1500_g5_e11;1m_b1500_g5_e12;1m_b1500_g5_e13;1m_b1500_g5_e18;1m_b1500_g5_e21;1m_b1500_g5_e24;1m_b1500_g5_e26;1m_b1500_g5_e27
1,1500,5,RR:0.50,GG:1.00,8,15,5,3,10,0.2777777777777778,True,1m_b1500_g5_e14;1m_b1500_g5_e20;1m_b1500_g5_e22;1m_b1500_g5_e23;1m_b1500_g5_e25,1m_b1500_g5_e06;1m_b1500_g5_e19;1m_b1500_g5_e28,1m_b1500_g5_e04;1m_b1500_g5_e07;1m_b1500_g5_e10;1m_b1500_g5_e11;1m_b1500_g5_e12;1m_b1500_g5_e13;1m_b1500_g5_e18;1m_b1500_g5_e24;1m_b1500_g5_e26;1m_b1500_g5_e27
1,1500,5,RR:0.50,GG:1.25,8,15,5,3,10,0.2777777777777778,True,1m_b1500_g5_e14;1m_b1500_g5_e20;1m_b1500_g5_e22;1m_b1500_g5_e23;1m_b1500_g5_e25,1m_b1500_g5_e06;1m_b1500_g5_e19;1m_b1500_g5_e28,1m_b1500_g5_e04;1m_b1500_g5_e10;1m_b1500_g5_e11;1m_b1500_g5_e12;1m_b1500_g5_e13;1m_b1500_g5_e15;1m_b1500_g5_e18;1m_b1500_g5_e24;1m_b1500_g5_e26;1m_b1500_g5_e27
1,1500,5,RR:0.50,GG:1.50,8,15,5,3,10,0.2777777777777778,True,1m_b1500_g5_e14;1m_b1500_g5_e20;1m_b1500_g5_e22;1m_b1500_g5_e23;1m_b1500_g5_e25,1m_b1500_g5_e06;1m_b1500_g5_e19;1m_b1500_g5_e28,1m_b1500_g5_e04;1m_b1500_g5_e10;1m_b1500_g5_e11;1m_b1500_g5_e12;1m_b1500_g5_e13;1m_b1500_g5_e17;1m_b1500_g5_e18;1m_b1500_g5_e24;1m_b1500_g5_e26;1m_b1500_g5_e27
1,1500,5,RR:0.50,GG:1.75,8,16,5,3,11,0.2631578947368421,True,1m_b1500_g5_e14;1m_b1500_g5_e20;1m_b1500_g5_e22;1m_b1500_g5_e23;1m_b1500_g5_e25,1m_b1500_g5_e06;1m_b1500_g5_e19;1m_b1500_g5_e28,1m_b1500_g5_e02;1m_b1500_g5_e04;1m_b1500_g5_e07;1m_b1500_g5_e10;1m_b1500_g5_e11;1m_b1500_g5_e12;1m_b1500_g5_e13;1m_b1500_g5_e15;1m_b1500_g5_e18;1m_b1500_g5_e26;1m_b1500_g5_e27
1,1500,5,RR:0.50,GG:2.00,8,15,5,3,10,0.2777777777777778,True,1m_b1500_g5_e14;1m_b1500_g5_e20;1m_b1500_g5_e22;1m_b1500_g5_e23;1m_b1500_g5_e25,1m_b1500_g5_e06;1m_b1500_g5_e19;1m_b1500_g5_e28,1m_b1500_g5_e04;1m_b1500_g5_e07;1m_b1500_g5_e10;1m_b1500_g5_e11;1m_b1500_g5_e12;1m_b1500_g5_e13;1m_b1500_g5_e15;1m_b1500_g5_e18;1m_b1500_g5_e26;1m_b1500_g5_e27
1,1500,5,RR:0.50,GG:2.25,8,16,5,3,11,0.2631578947368421,True,1m_b1500_g5_e14;1m_b1500_g5_e20;1m_b1500_g5_e22;1m_b1500_g5_e23;1m_b1500_g5_e25,1m_b1500_g5_e06;1m_b1500_g5_e19;1m_b1500_g5_e28,1m_b1500_g5_e02;1m_b1500_g5_e04;1m_b1500_g5_e10;1m_b1500_g5_e11;1m_b1500_g5_e12;1m_b1500_g5_e13;1m_b1500_g5_e15;1m_b1500_g5_e17;1m_b1500_g5_e18;1m_b1500_g5_e26;1m_b1500_g5_e27
1,1500,5,RR:0.50,GG:2.50,8,17,5,3,12,0.25,True,1m_b1500_g5_e14;1m_b1500_g5_e20;1m_b1500_g5_e22;1m_b1500_g5_e23;1m_b1500_g5_e25,1m_b1500_g5_e06;1m_b1500_g5_e19;1m_b1500_g5_e28,1m_b1500_g5_e02;1m_b1500_g5_e04;1m_b1500_g5_e07;1m_b1500_g5_e10;1m_b1500_g5_e11;1m_b1500_g5_e12;1m_b1500_g5_e13;1m_b1500_g5_e15;1m_b1500_g5_e18;1m_b1500_g5_e24;1m_b1500_g5_e26;1m_b1500_g5_e27
1,1500,5,RR:0.50,GG:2.75,8,17,5,3,12,0.25,True,1m_b1500_g5_e14;1m_b1500_g5_e20;1m_b1500_g5_e22;1m_b1500_g5_e23;1m_b1500_g5_e25,1m_b1500_g5_e06;1m_b1500_g5_e19;1m_b1500_g5_e28,1m_b1500_g5_e02;1m_b1500_g5_e04;1m_b1500_g5_e07;1m_b1500_g5_e10;1m_b1500_g5_e11;1m_b1500_g5_e12;1m_b1500_g5_e13;1m_b1500_g5_e15;1m_b1500_g5_e18;1m_b1500_g5_e24;1m_b1500_g5_e26;1m_b1500_g5_e27
1,1500,5,RR:0.50,GG:3.00,8,18,5,3,13,0.23809523809523808,True,1m_b1500_g5_e14;1m_b1500_g5_e20;1m_b1500_g5_e22;1m_b1500_g5_e23;1m_b1500_g5_e25,1m_b1500_g5_e06;1m_b1500_g5_e19;1m_b1500_g5_e28,1m_b1500_g5_e01;1m_b1500_g5_e02;1m_b1500_g5_e04;1m_b1500_g5_e07;1m_b1500_g5_e10;1m_b1500_g5_e11;1m_b1500_g5_e12;1m_b1500_g5_e13;1m_b1500_g5_e15;1m_b1500_g5_e18;1m_b1500_g5_e24;1m_b1500_g5_e26;1m_b1500_g5_e27
1,1500,5,RR:0.50,GG:3.25,8,17,5,3,12,0.25,True,1m_b1500_g5_e14;1m_b1500_g5_e20;1m_b1500_g5_e22;1m_b1500_g5_e23;1m_b1500_g5_e25,1m_b1500_g5_e06;1m_b1500_g5_e19;1m_b1500_g5_e28,1m_b1500_g5_e02;1m_b1500_g5_e04;1m_b1500_g5_e07;1m_b1500_g5_e10;1m_b1500_g5_e11;1m_b1500_g5_e12;1m_b1500_g5_e13;1m_b1500_g5_e15;1m_b1500_g5_e18;1m_b1500_g5_e24;1m_b1500_g5_e26;1m_b1500_g5_e27
1,1500,5,RR:0.50,GG:3.50,8,16,4,4,12,0.2,True,1m_b1500_g5_e20;1m_b1500_g5_e22;1m_b1500_g5_e23;1m_b1500_g5_e25,1m_b1500_g5_e06;1m_b1500_g5_e14;1m_b1500_g5_e19;1m_b1500_g5_e28,1m_b1500_g5_e02;1m_b1500_g5_e04;1m_b1500_g5_e07;1m_b1500_g5_e10;1m_b1500_g5_e11;1m_b1500_g5_e12;1m_b1500_g5_e13;1m_b1500_g5_e15;1m_b1500_g5_e18;1m_b1500_g5_e24;1m_b1500_g5_e26;1m_b1500_g5_e27
1,1500,5,RR:0.75,GG:0.50,9,16,7,2,9,0.3888888888888889,True,1m_b1500_g5_e13;1m_b1500_g5_e14;1m_b1500_g5_e20;1m_b1500_g5_e22;1m_b1500_g5_e23;1m_b1500_g5_e25;1m_b1500_g5_e26,1m_b1500_g5_e02;1m_b1500_g5_e28,1m_b1500_g5_e04;1m_b1500_g5_e05;1m_b1500_g5_e10;1m_b1500_g5_e11;1m_b1500_g5_e12;1m_b1500_g5_e18;1m_b1500_g5_e21;1m_b1500_g5_e24;1m_b1500_g5_e27
1,1500,5,RR:0.75,GG:0.75,9,15,7,2,8,0.4117647058823529,True,1m_b1500_g5_e02;1m_b1500_g5_e13;1m_b1500_g5_e20;1m_b1500_g5_e22;1m_b1500_g5_e23;1m_b1500_g5_e25;1m_b1500_g5_e26,1m_b1500_g5_e14;1m_b1500_g5_e28,1m_b1500_g5_e04;1m_b1500_g5_e10;1m_b1500_g5_e11;1m_b1500_g5_e12;1m_b1500_g5_e18;1m_b1500_g5_e21;1m_b1500_g5_e24;1m_b1500_g5_e27
1,1500,5,RR:0.75,GG:1.00,9,15,7,2,8,0.4117647058823529,True,1m_b1500_g5_e13;1m_b1500_g5_e14;1m_b1500_g5_e20;1m_b1500_g5_e22;1m_b1500_g5_e23;1m_b1500_g5_e25;1m_b1500_g5_e26,1m_b1500_g5_e02;1m_b1500_g5_e28,1m_b1500_g5_e04;1m_b1500_g5_e07;1m_b1500_g5_e10;1m_b1500_g5_e11;1m_b1500_g5_e12;1m_b1500_g5_e18;1m_b1500_g5_e24;1m_b1500_g5_e27
1,1500,5,RR:0.75,GG:1.25,9,15,7,2,8,0.4117647058823529,True,1m_b1500_g5_e13;1m_b1500_g5_e14;1m_b1500_g5_e20;1m_b1500_g5_e22;1m_b1500_g5_e23;1m_b1500_g5_e25;1m_b1500_g5_e26,1m_b1500_g5_e02;1m_b1500_g5_e28,1m_b1500_g5_e04;1m_b1500_g5_e10;1m_b1500_g5_e11;1m_b1500_g5_e12;1m_b1500_g5_e15;1m_b1500_g5_e18;1m_b1500_g5_e24;1m_b1500_g5_e27
1,1500,5,RR:0.75,GG:1.50,9,15,7,2,8,0.4117647058823529,True,1m_b1500_g5_e13;1m_b1500_g5_e14;1m_b1500_g5_e20;1m_b1500_g5_e22;1m_b1500_g5_e23;1m_b1500_g5_e25;1m_b1500_g5_e26,1m_b1500_g5_e02;1m_b1500_g5_e28,1m_b1500_g5_e04;1m_b1500_g5_e10;1m_b1500_g5_e11;1m_b1500_g5_e12;1m_b1500_g5_e17;1m_b1500_g5_e18;1m_b1500_g5_e24;1m_b1500_g5_e27
1,1500,5,RR:0.75,GG:1.75,9,16,8,1,8,0.47058823529411764,True,1m_b1500_g5_e02;1m_b1500_g5_e13;1m_b1500_g5_e14;1m_b1500_g5_e20;1m_b1500_g5_e22;1m_b1500_g5_e23;1m_b1500_g5_e25;1m_b1500_g5_e26,1m_b1500_g5_e28,1m_b1500_g5_e04;1m_b1500_g5_e07;1m_b1500_g5_e10;1m_b1500_g5_e11;1m_b1500_g5_e12;1m_b1500_g5_e15;1m_b1500_g5_e18;1m_b1500_g5_e27
1,1500,5,RR:0.75,GG:2.00,9,15,7,2,8,0.4117647058823529,True,1m_b1500_g5_e13;1m_b1500_g5_e14;1m_b1500_g5_e20;1m_b1500_g5_e22;1m_b1500_g5_e23;1m_b1500_g5_e25;1m_b1500_g5_e26,1m_b1500_g5_e02;1m_b1500_g5_e28,1m_b1500_g5_e04;1m_b1500_g5_e07;1m_b1500_g5_e10;1m_b1500_g5_e11;1m_b1500_g5_e12;1m_b1500_g5_e15;1m_b1500_g5_e18;1m_b1500_g5_e27
1,1500,5,RR:0.75,GG:2.25,9,16,8,1,8,0.47058823529411764,True,1m_b1500_g5_e02;1m_b1500_g5_e13;1m_b1500_g5_e14;1m_b1500_g5_e20;1m_b1500_g5_e22;1m_b1500_g5_e23;1m_b1500_g5_e25;1m_b1500_g5_e26,1m_b1500_g5_e28,1m_b1500_g5_e04;1m_b1500_g5_e10;1m_b1500_g5_e11;1m_b1500_g5_e12;1m_b1500_g5_e15;1m_b1500_g5_e17;1m_b1500_g5_e18;1m_b1500_g5_e27
1,1500,5,RR:0.75,GG:2.50,9,17,8,1,9,0.4444444444444444,True,1m_b1500_g5_e02;1m_b1500_g5_e13;1m_b1500_g5_e14;1m_b1500_g5_e20;1m_b1500_g5_e22;1m_b1500_g5_e23;1m_b1500_g5_e25;1m_b1500_g5_e26,1m_b1500_g5_e28,1m_b1500_g5_e04;1m_b1500_g5_e07;1m_b1500_g5_e10;1m_b1500_g5_e11;1m_b1500_g5_e12;1m_b1500_g5_e15;1m_b1500_g5_e18;1m_b1500_g5_e24;1m_b1500_g5_e27
1,1500,5,RR:0.75,GG:2.75,9,17,8,1,9,0.4444444444444444,True,1m_b1500_g5_e02;1m_b1500_g5_e13;1m_b1500_g5_e14;1m_b1500_g5_e20;1m_b1500_g5_e22;1m_b1500_g5_e23;1m_b1500_g5_e25;1m_b1500_g5_e26,1m_b1500_g5_e28,1m_b1500_g5_e04;1m_b1500_g5_e07;1m_b1500_g5_e10;1m_b1500_g5_e11;1m_b1500_g5_e12;1m_b1500_g5_e15;1m_b1500_g5_e18;1m_b1500_g5_e24;1m_b1500_g5_e27
1,1500,5,RR:0.75,GG:3.00,9,18,8,1,10,0.42105263157894735,True,1m_b1500_g5_e02;1m_b1500_g5_e13;1m_b1500_g5_e14;1m_b1500_g5_e20;1m_b1500_g5_e22;1m_b1500_g5_e23;1m_b1500_g5_e25;1m_b1500_g5_e26,1m_b1500_g5_e28,1m_b1500_g5_e01;1m_b1500_g5_e04;1m_b1500_g5_e07;1m_b1500_g5_e10;1m_b1500_g5_e11;1m_b1500_g5_e12;1m_b1500_g5_e15;1m_b1500_g5_e18;1m_b1500_g5_e24;1m_b1500_g5_e27
1,1500,5,RR:0.75,GG:3.25,9,17,8,1,9,0.4444444444444444,True,1m_b1500_g5_e02;1m_b1500_g5_e13;1m_b1500_g5_e14;1m_b1500_g5_e20;1m_b1500_g5_e22;1m_b1500_g5_e23;1m_b1500_g5_e25;1m_b1500_g5_e26,1m_b1500_g5_e28,1m_b1500_g5_e04;1m_b1500_g5_e07;1m_b1500_g5_e10;1m_b1500_g5_e11;1m_b1500_g5_e12;1m_b1500_g5_e15;1m_b1500_g5_e18;1m_b1500_g5_e24;1m_b1500_g5_e27
1,1500,5,RR:0.75,GG:3.50,9,16,7,2,9,0.3888888888888889,True,1m_b1500_g5_e02;1m_b1500_g5_e13;1m_b1500_g5_e20;1m_b1500_g5_e22;1m_b1500_g5_e23;1m_b1500_g5_e25;1m_b1500_g5_e26,1m_b1500_g5_e14;1m_b1500_g5_e28,1m_b1500_g5_e04;1m_b1500_g5_e07;1m_b1500_g5_e10;1m_b1500_g5_e11;1m_b1500_g5_e12;1m_b1500_g5_e15;1m_b1500_g5_e18;1m_b1500_g5_e24;1m_b1500_g5_e27
1,1500,5,RR:1.00,GG:0.50,8,16,6,2,10,0.3333333333333333,True,1m_b1500_g5_e13;1m_b1500_g5_e14;1m_b1500_g5_e22;1m_b1500_g5_e23;1m_b1500_g5_e25;1m_b1500_g5_e26,1m_b1500_g5_e02;1m_b1500_g5_e19,1m_b1500_g5_e04;1m_b1500_g5_e05;1m_b1500_g5_e10;1m_b1500_g5_e11;1m_b1500_g5_e12;1m_b1500_g5_e18;1m_b1500_g5_e20;1m_b1500_g5_e21;1m_b1500_g5_e24;1m_b1500_g5_e27
1,1500,5,RR:1.00,GG:0.75,8,15,6,2,9,0.35294117647058826,True,1m_b1500_g5_e02;1m_b1500_g5_e13;1m_b1500_g5_e22;1m_b1500_g5_e23;1m_b1500_g5_e25;1m_b1500_g5_e26,1m_b1500_g5_e14;1m_b1500_g5_e19,1m_b1500_g5_e04;1m_b1500_g5_e10;1m_b1500_g5_e11;1m_b1500_g5_e12;1m_b1500_g5_e18;1m_b1500_g5_e20;1m_b1500_g5_e21;1m_b1500_g5_e24;1m_b1500_g5_e27
1,1500,5,RR:1.00,GG:1.00,8,15,6,2,9,0.35294117647058826,True,1m_b1500_g5_e13;1m_b1500_g5_e14;1m_b1500_g5_e22;1m_b1500_g5_e23;1m_b1500_g5_e25;1m_b1500_g5_e26,1m_b1500_g5_e02;1m_b1500_g5_e19,1m_b1500_g5_e04;1m_b1500_g5_e07;1m_b1500_g5_e10;1m_b1500_g5_e11;1m_b1500_g5_e12;1m_b1500_g5_e18;1m_b1500_g5_e20;1m_b1500_g5_e24;1m_b1500_g5_e27
1,1500,5,RR:1.00,GG:1.25,8,15,6,2,9,0.35294117647058826,True,1m_b1500_g5_e13;1m_b1500_g5_e14;1m_b1500_g5_e22;1m_b1500_g5_e23;1m_b1500_g5_e25;1m_b1500_g5_e26,1m_b1500_g5_e02;1m_b1500_g5_e19,1m_b1500_g5_e04;1m_b1500_g5_e10;1m_b1500_g5_e11;1m_b1500_g5_e12;1m_b1500_g5_e15;1m_b1500_g5_e18;1m_b1500_g5_e20;1m_b1500_g5_e24;1m_b1500_g5_e27
1,1500,5,RR:1.00,GG:1.50,8,15,6,2,9,0.35294117647058826,True,1m_b1500_g5_e13;1m_b1500_g5_e14;1m_b1500_g5_e22;1m_b1500_g5_e23;1m_b1500_g5_e25;1m_b1500_g5_e26,1m_b1500_g5_e02;1m_b1500_g5_e19,1m_b1500_g5_e04;1m_b1500_g5_e10;1m_b1500_g5_e11;1m_b1500_g5_e12;1m_b1500_g5_e17;1m_b1500_g5_e18;1m_b1500_g5_e20;1m_b1500_g5_e24;1m_b1500_g5_e27
1,1500,5,RR:1.00,GG:1.75,8,16,7,1,9,0.4117647058823529,True,1m_b1500_g5_e02;1m_b1500_g5_e13;1m_b1500_g5_e14;1m_b1500_g5_e22;1m_b1500_g5_e23;1m_b1500_g5_e25;1m_b1500_g5_e26,1m_b1500_g5_e19,1m_b1500_g5_e04;1m_b1500_g5_e07;1m_b1500_g5_e10;1m_b1500_g5_e11;1m_b1500_g5_e12;1m_b1500_g5_e15;1m_b1500_g5_e18;1m_b1500_g5_e20;1m_b1500_g5_e27
1,1500,5,RR:1.00,GG:2.00,8,15,6,2,9,0.35294117647058826,True,1m_b1500_g5_e13;1m_b1500_g5_e14;1m_b1500_g5_e22;1m_b1500_g5_e23;1m_b1500_g5_e25;1m_b1500_g5_e26,1m_b1500_g5_e02;1m_b1500_g5_e19,1m_b1500_g5_e04;1m_b1500_g5_e07;1m_b1500_g5_e10;1m_b1500_g5_e11;1m_b1500_g5_e12;1m_b1500_g5_e15;1m_b1500_g5_e18;1m_b1500_g5_e20;1m_b1500_g5_e27
1,1500,5,RR:1.00,GG:2.25,8,16,7,1,9,0.4117647058823529,True,1m_b1500_g5_e02;1m_b1500_g5_e13;1m_b1500_g5_e14;1m_b1500_g5_e22;1m_b1500_g5_e23;1m_b1500_g5_e25;1m_b1500_g5_e26,1m_b1500_g5_e19,1m_b1500_g5_e04;1m_b1500_g5_e10;1m_b1500_g5_e11;1m_b1500_g5_e12;1m_b1500_g5_e15;1m_b1500_g5_e17;1m_b1500_g5_e18;1m_b1500_g5_e20;1m_b1500_g5_e27
1,1500,5,RR:1.00,GG:2.50,8,17,7,1,10,0.3888888888888889,True,1m_b1500_g5_e02;1m_b1500_g5_e13;1m_b1500_g5_e14;1m_b1500_g5_e22;1m_b1500_g5_e23;1m_b1500_g5_e25;1m_b1500_g5_e26,1m_b1500_g5_e19,1m_b1500_g5_e04;1m_b1500_g5_e07;1m_b1500_g5_e10;1m_b1500_g5_e11;1m_b1500_g5_e12;1m_b1500_g5_e15;1m_b1500_g5_e18;1m_b1500_g5_e20;1m_b1500_g5_e24;1m_b1500_g5_e27
1,1500,5,RR:1.00,GG:2.75,8,17,7,1,10,0.3888888888888889,True,1m_b1500_g5_e02;1m_b1500_g5_e13;1m_b1500_g5_e14;1m_b1500_g5_e22;1m_b1500_g5_e23;1m_b1500_g5_e25;1m_b1500_g5_e26,1m_b1500_g5_e19,1m_b1500_g5_e04;1m_b1500_g5_e07;1m_b1500_g5_e10;1m_b1500_g5_e11;1m_b1500_g5_e12;1m_b1500_g5_e15;1m_b1500_g5_e18;1m_b1500_g5_e20;1m_b1500_g5_e24;1m_b1500_g5_e27
1,1500,5,RR:1.00,GG:3.00,8,18,7,1,11,0.3684210526315789,True,1m_b1500_g5_e02;1m_b1500_g5_e13;1m_b1500_g5_e14;1m_b1500_g5_e22;1m_b1500_g5_e23;1m_b1500_g5_e25;1m_b1500_g5_e26,1m_b1500_g5_e19,1m_b1500_g5_e01;1m_b1500_g5_e04;1m_b1500_g5_e07;1m_b1500_g5_e10;1m_b1500_g5_e11;1m_b1500_g5_e12;1m_b1500_g5_e15;1m_b1500_g5_e18;1m_b1500_g5_e20;1m_b1500_g5_e24;1m_b1500_g5_e27
1,1500,5,RR:1.00,GG:3.25,8,17,7,1,10,0.3888888888888889,True,1m_b1500_g5_e02;1m_b1500_g5_e13;1m_b1500_g5_e14;1m_b1500_g5_e22;1m_b1500_g5_e23;1m_b1500_g5_e25;1m_b1500_g5_e26,1m_b1500_g5_e19,1m_b1500_g5_e04;1m_b1500_g5_e07;1m_b1500_g5_e10;1m_b1500_g5_e11;1m_b1500_g5_e12;1m_b1500_g5_e15;1m_b1500_g5_e18;1m_b1500_g5_e20;1m_b1500_g5_e24;1m_b1500_g5_e27
1,1500,5,RR:1.00,GG:3.50,8,16,6,2,10,0.3333333333333333,True,1m_b1500_g5_e02;1m_b1500_g5_e13;1m_b1500_g5_e22;1m_b1500_g5_e23;1m_b1500_g5_e25;1m_b1500_g5_e26,1m_b1500_g5_e14;1m_b1500_g5_e19,1m_b1500_g5_e04;1m_b1500_g5_e07;1m_b1500_g5_e10;1m_b1500_g5_e11;1m_b1500_g5_e12;1m_b1500_g5_e15;1m_b1500_g5_e18;1m_b1500_g5_e20;1m_b1500_g5_e24;1m_b1500_g5_e27
1,1500,5,RR:1.25,GG:0.50,10,16,7,3,9,0.3684210526315789,True,1m_b1500_g5_e11;1m_b1500_g5_e13;1m_b1500_g5_e14;1m_b1500_g5_e22;1m_b1500_g5_e23;1m_b1500_g5_e25;1m_b1500_g5_e26,1m_b1500_g5_e02;1m_b1500_g5_e19;1m_b1500_g5_e28,1m_b1500_g5_e04;1m_b1500_g5_e05;1m_b1500_g5_e10;1m_b1500_g5_e12;1m_b1500_g5_e18;1m_b1500_g5_e20;1m_b1500_g5_e21;1m_b1500_g5_e24;1m_b1500_g5_e27
1,1500,5,RR:1.25,GG:0.75,10,15,7,3,8,0.3888888888888889,True,1m_b1500_g5_e02;1m_b1500_g5_e11;1m_b1500_g5_e13;1m_b1500_g5_e22;1m_b1500_g5_e23;1m_b1500_g5_e25;1m_b1500_g5_e26,1m_b1500_g5_e14;1m_b1500_g5_e19;1m_b1500_g5_e28,1m_b1500_g5_e04;1m_b1500_g5_e10;1m_b1500_g5_e12;1m_b1500_g5_e18;1m_b1500_g5_e20;1m_b1500_g5_e21;1m_b1500_g5_e24;1m_b1500_g5_e27
1,1500,5,RR:1.25,GG:1.00,10,15,7,3,8,0.3888888888888889,True,1m_b1500_g5_e11;1m_b1500_g5_e13;1m_b1500_g5_e14;1m_b1500_g5_e22;1m_b1500_g5_e23;1m_b1500_g5_e25;1m_b1500_g5_e26,1m_b1500_g5_e02;1m_b1500_g5_e19;1m_b1500_g5_e28,1m_b1500_g5_e04;1m_b1500_g5_e07;1m_b1500_g5_e10;1m_b1500_g5_e12;1m_b1500_g5_e18;1m_b1500_g5_e20;1m_b1500_g5_e24;1m_b1500_g5_e27
1,1500,5,RR:1.25,GG:1.25,10,15,7,3,8,0.3888888888888889,True,1m_b1500_g5_e11;1m_b1500_g5_e13;1m_b1500_g5_e14;1m_b1500_g5_e22;1m_b1500_g5_e23;1m_b1500_g5_e25;1m_b1500_g5_e26,1m_b1500_g5_e02;1m_b1500_g5_e19;1m_b1500_g5_e28,1m_b1500_g5_e04;1m_b1500_g5_e10;1m_b1500_g5_e12;1m_b1500_g5_e15;1m_b1500_g5_e18;1m_b1500_g5_e20;1m_b1500_g5_e24;1m_b1500_g5_e27
1,1500,5,RR:1.25,GG:1.50,10,15,7,3,8,0.3888888888888889,True,1m_b1500_g5_e11;1m_b1500_g5_e13;1m_b1500_g5_e14;1m_b1500_g5_e22;1m_b1500_g5_e23;1m_b1500_g5_e25;1m_b1500_g5_e26,1m_b1500_g5_e02;1m_b1500_g5_e19;1m_b1500_g5_e28,1m_b1500_g5_e04;1m_b1500_g5_e10;1m_b1500_g5_e12;1m_b1500_g5_e17;1m_b1500_g5_e18;1m_b1500_g5_e20;1m_b1500_g5_e24;1m_b1500_g5_e27
1,1500,5,RR:1.25,GG:1.75,10,16,8,2,8,0.4444444444444444,True,1m_b1500_g5_e02;1m_b1500_g5_e11;1m_b1500_g5_e13;1m_b1500_g5_e14;1m_b1500_g5_e22;1m_b1500_g5_e23;1m_b1500_g5_e25;1m_b1500_g5_e26,1m_b1500_g5_e19;1m_b1500_g5_e28,1m_b1500_g5_e04;1m_b1500_g5_e07;1m_b1500_g5_e10;1m_b1500_g5_e12;1m_b1500_g5_e15;1m_b1500_g5_e18;1m_b1500_g5_e20;1m_b1500_g5_e27
1,1500,5,RR:1.25,GG:2.00,10,15,7,3,8,0.3888888888888889,True,1m_b1500_g5_e11;1m_b1500_g5_e13;1m_b1500_g5_e14;1m_b1500_g5_e22;1m_b1500_g5_e23;1m_b1500_g5_e25;1m_b1500_g5_e26,1m_b1500_g5_e02;1m_b1500_g5_e19;1m_b1500_g5_e28,1m_b1500_g5_e04;1m_b1500_g5_e07;1m_b1500_g5_e10;1m_b1500_g5_e12;1m_b1500_g5_e15;1m_b1500_g5_e18;1m_b1500_g5_e20;1m_b1500_g5_e27
1,1500,5,RR:1.25,GG:2.25,10,16,8,2,8,0.4444444444444444,True,1m_b1500_g5_e02;1m_b1500_g5_e11;1m_b1500_g5_e13;1m_b1500_g5_e14;1m_b1500_g5_e22;1m_b1500_g5_e23;1m_b1500_g5_e25;1m_b1500_g5_e26,1m_b1500_g5_e19;1m_b1500_g5_e28,1m_b1500_g5_e04;1m_b1500_g5_e10;1m_b1500_g5_e12;1m_b1500_g5_e15;1m_b1500_g5_e17;1m_b1500_g5_e18;1m_b1500_g5_e20;1m_b1500_g5_e27
1,1500,5,RR:1.25,GG:2.50,10,17,8,2,9,0.42105263157894735,True,1m_b1500_g5_e02;1m_b1500_g5_e11;1m_b1500_g5_e13;1m_b1500_g5_e14;1m_b1500_g5_e22;1m_b1500_g5_e23;1m_b1500_g5_e25;1m_b1500_g5_e26,1m_b1500_g5_e19;1m_b1500_g5_e28,1m_b1500_g5_e04;1m_b1500_g5_e07;1m_b1500_g5_e10;1m_b1500_g5_e12;1m_b1500_g5_e15;1m_b1500_g5_e18;1m_b1500_g5_e20;1m_b1500_g5_e24;1m_b1500_g5_e27
1,1500,5,RR:1.25,GG:2.75,10,17,8,2,9,0.42105263157894735,True,1m_b1500_g5_e02;1m_b1500_g5_e11;1m_b1500_g5_e13;1m_b1500_g5_e14;1m_b1500_g5_e22;1m_b1500_g5_e23;1m_b1500_g5_e25;1m_b1500_g5_e26,1m_b1500_g5_e19;1m_b1500_g5_e28,1m_b1500_g5_e04;1m_b1500_g5_e07;1m_b1500_g5_e10;1m_b1500_g5_e12;1m_b1500_g5_e15;1m_b1500_g5_e18;1m_b1500_g5_e20;1m_b1500_g5_e24;1m_b1500_g5_e27
1,1500,5,RR:1.25,GG:3.00,10,18,8,2,10,0.4,True,1m_b1500_g5_e02;1m_b1500_g5_e11;1m_b1500_g5_e13;1m_b1500_g5_e14;1m_b1500_g5_e22;1m_b1500_g5_e23;1m_b1500_g5_e25;1m_b1500_g5_e26,1m_b1500_g5_e19;1m_b1500_g5_e28,1m_b1500_g5_e01;1m_b1500_g5_e04;1m_b1500_g5_e07;1m_b1500_g5_e10;1m_b1500_g5_e12;1m_b1500_g5_e15;1m_b1500_g5_e18;1m_b1500_g5_e20;1m_b1500_g5_e24;1m_b1500_g5_e27
1,1500,5,RR:1.25,GG:3.25,10,17,8,2,9,0.42105263157894735,True,1m_b1500_g5_e02;1m_b1500_g5_e11;1m_b1500_g5_e13;1m_b1500_g5_e14;1m_b1500_g5_e22;1m_b1500_g5_e23;1m_b1500_g5_e25;1m_b1500_g5_e26,1m_b1500_g5_e19;1m_b1500_g5_e28,1m_b1500_g5_e04;1m_b1500_g5_e07;1m_b1500_g5_e10;1m_b1500_g5_e12;1m_b1500_g5_e15;1m_b1500_g5_e18;1m_b1500_g5_e20;1m_b1500_g5_e24;1m_b1500_g5_e27
1,1500,5,RR:1.25,GG:3.50,10,16,7,3,9,0.3684210526315789,True,1m_b1500_g5_e02;1m_b1500_g5_e11;1m_b1500_g5_e13;1m_b1500_g5_e22;1m_b1500_g5_e23;1m_b1500_g5_e25;1m_b1500_g5_e26,1m_b1500_g5_e14;1m_b1500_g5_e19;1m_b1500_g5_e28,1m_b1500_g5_e04;1m_b1500_g5_e07;1m_b1500_g5_e10;1m_b1500_g5_e12;1m_b1500_g5_e15;1m_b1500_g5_e18;1m_b1500_g5_e20;1m_b1500_g5_e24;1m_b1500_g5_e27
1,1500,5,RR:1.50,GG:0.50,13,16,9,4,7,0.45,True,1m_b1500_g5_e11;1m_b1500_g5_e13;1m_b1500_g5_e14;1m_b1500_g5_e20;1m_b1500_g5_e22;1m_b1500_g5_e23;1m_b1500_g5_e25;1m_b1500_g5_e26;1m_b1500_g5_e27,1m_b1500_g5_e02;1m_b1500_g5_e08;1m_b1500_g5_e16;1m_b1500_g5_e19,1m_b1500_g5_e04;1m_b1500_g5_e05;1m_b1500_g5_e10;1m_b1500_g5_e12;1m_b1500_g5_e18;1m_b1500_g5_e21;1m_b1500_g5_e24
1,1500,5,RR:1.50,GG:0.75,13,15,9,4,6,0.47368421052631576,True,1m_b1500_g5_e02;1m_b1500_g5_e11;1m_b1500_g5_e13;1m_b1500_g5_e20;1m_b1500_g5_e22;1m_b1500_g5_e23;1m_b1500_g5_e25;1m_b1500_g5_e26;1m_b1500_g5_e27,1m_b1500_g5_e08;1m_b1500_g5_e14;1m_b1500_g5_e16;1m_b1500_g5_e19,1m_b1500_g5_e04;1m_b1500_g5_e10;1m_b1500_g5_e12;1m_b1500_g5_e18;1m_b1500_g5_e21;1m_b1500_g5_e24
1,1500,5,RR:1.50,GG:1.00,13,15,9,4,6,0.47368421052631576,True,1m_b1500_g5_e11;1m_b1500_g5_e13;1m_b1500_g5_e14;1m_b1500_g5_e20;1m_b1500_g5_e22;1m_b1500_g5_e23;1m_b1500_g5_e25;1m_b1500_g5_e26;1m_b1500_g5_e27,1m_b1500_g5_e02;1m_b1500_g5_e08;1m_b1500_g5_e16;1m_b1500_g5_e19,1m_b1500_g5_e04;1m_b1500_g5_e07;1m_b1500_g5_e10;1m_b1500_g5_e12;1m_b1500_g5_e18;1m_b1500_g5_e24
1,1500,5,RR:1.50,GG:1.25,13,15,9,4,6,0.47368421052631576,True,1m_b1500_g5_e11;1m_b1500_g5_e13;1m_b1500_g5_e14;1m_b1500_g5_e20;1m_b1500_g5_e22;1m_b1500_g5_e23;1m_b1500_g5_e25;1m_b1500_g5_e26;1m_b1500_g5_e27,1m_b1500_g5_e02;1m_b1500_g5_e08;1m_b1500_g5_e16;1m_b1500_g5_e19,1m_b1500_g5_e04;1m_b1500_g5_e10;1m_b1500_g5_e12;1m_b1500_g5_e15;1m_b1500_g5_e18;1m_b1500_g5_e24
1,1500,5,RR:1.50,GG:1.50,13,15,9,4,6,0.47368421052631576,True,1m_b1500_g5_e11;1m_b1500_g5_e13;1m_b1500_g5_e14;1m_b1500_g5_e20;1m_b1500_g5_e22;1m_b1500_g5_e23;1m_b1500_g5_e25;1m_b1500_g5_e26;1m_b1500_g5_e27,1m_b1500_g5_e02;1m_b1500_g5_e08;1m_b1500_g5_e16;1m_b1500_g5_e19,1m_b1500_g5_e04;1m_b1500_g5_e10;1m_b1500_g5_e12;1m_b1500_g5_e17;1m_b1500_g5_e18;1m_b1500_g5_e24
1,1500,5,RR:1.50,GG:1.75,13,16,10,3,6,0.5263157894736842,True,1m_b1500_g5_e02;1m_b1500_g5_e11;1m_b1500_g5_e13;1m_b1500_g5_e14;1m_b1500_g5_e20;1m_b1500_g5_e22;1m_b1500_g5_e23;1m_b1500_g5_e25;1m_b1500_g5_e26;1m_b1500_g5_e27,1m_b1500_g5_e08;1m_b1500_g5_e16;1m_b1500_g5_e19,1m_b1500_g5_e04;1m_b1500_g5_e07;1m_b1500_g5_e10;1m_b1500_g5_e12;1m_b1500_g5_e15;1m_b1500_g5_e18
1,1500,5,RR:1.50,GG:2.00,13,15,9,4,6,0.47368421052631576,True,1m_b1500_g5_e11;1m_b1500_g5_e13;1m_b1500_g5_e14;1m_b1500_g5_e20;1m_b1500_g5_e22;1m_b1500_g5_e23;1m_b1500_g5_e25;1m_b1500_g5_e26;1m_b1500_g5_e27,1m_b1500_g5_e02;1m_b1500_g5_e08;1m_b1500_g5_e16;1m_b1500_g5_e19,1m_b1500_g5_e04;1m_b1500_g5_e07;1m_b1500_g5_e10;1m_b1500_g5_e12;1m_b1500_g5_e15;1m_b1500_g5_e18
1,1500,5,RR:1.50,GG:2.25,13,16,10,3,6,0.5263157894736842,True,1m_b1500_g5_e02;1m_b1500_g5_e11;1m_b1500_g5_e13;1m_b1500_g5_e14;1m_b1500_g5_e20;1m_b1500_g5_e22;1m_b1500_g5_e23;1m_b1500_g5_e25;1m_b1500_g5_e26;1m_b1500_g5_e27,1m_b1500_g5_e08;1m_b1500_g5_e16;1m_b1500_g5_e19,1m_b1500_g5_e04;1m_b1500_g5_e10;1m_b1500_g5_e12;1m_b1500_g5_e15;1m_b1500_g5_e17;1m_b1500_g5_e18
1,1500,5,RR:1.50,GG:2.50,13,17,10,3,7,0.5,True,1m_b1500_g5_e02;1m_b1500_g5_e11;1m_b1500_g5_e13;1m_b1500_g5_e14;1m_b1500_g5_e20;1m_b1500_g5_e22;1m_b1500_g5_e23;1m_b1500_g5_e25;1m_b1500_g5_e26;1m_b1500_g5_e27,1m_b1500_g5_e08;1m_b1500_g5_e16;1m_b1500_g5_e19,1m_b1500_g5_e04;1m_b1500_g5_e07;1m_b1500_g5_e10;1m_b1500_g5_e12;1m_b1500_g5_e15;1m_b1500_g5_e18;1m_b1500_g5_e24
1,1500,5,RR:1.50,GG:2.75,13,17,10,3,7,0.5,True,1m_b1500_g5_e02;1m_b1500_g5_e11;1m_b1500_g5_e13;1m_b1500_g5_e14;1m_b1500_g5_e20;1m_b1500_g5_e22;1m_b1500_g5_e23;1m_b1500_g5_e25;1m_b1500_g5_e26;1m_b1500_g5_e27,1m_b1500_g5_e08;1m_b1500_g5_e16;1m_b1500_g5_e19,1m_b1500_g5_e04;1m_b1500_g5_e07;1m_b1500_g5_e10;1m_b1500_g5_e12;1m_b1500_g5_e15;1m_b1500_g5_e18;1m_b1500_g5_e24
1,1500,5,RR:1.50,GG:3.00,13,18,10,3,8,0.47619047619047616,True,1m_b1500_g5_e02;1m_b1500_g5_e11;1m_b1500_g5_e13;1m_b1500_g5_e14;1m_b1500_g5_e20;1m_b1500_g5_e22;1m_b1500_g5_e23;1m_b1500_g5_e25;1m_b1500_g5_e26;1m_b1500_g5_e27,1m_b1500_g5_e08;1m_b1500_g5_e16;1m_b1500_g5_e19,1m_b1500_g5_e01;1m_b1500_g5_e04;1m_b1500_g5_e07;1m_b1500_g5_e10;1m_b1500_g5_e12;1m_b1500_g5_e15;1m_b1500_g5_e18;1m_b1500_g5_e24
1,1500,5,RR:1.50,GG:3.25,13,17,10,3,7,0.5,True,1m_b1500_g5_e02;1m_b1500_g5_e11;1m_b1500_g5_e13;1m_b1500_g5_e14;1m_b1500_g5_e20;1m_b1500_g5_e22;1m_b1500_g5_e23;1m_b1500_g5_e25;1m_b1500_g5_e26;1m_b1500_g5_e27,1m_b1500_g5_e08;1m_b1500_g5_e16;1m_b1500_g5_e19,1m_b1500_g5_e04;1m_b1500_g5_e07;1m_b1500_g5_e10;1m_b1500_g5_e12;1m_b1500_g5_e15;1m_b1500_g5_e18;1m_b1500_g5_e24
1,1500,5,RR:1.50,GG:3.50,13,16,9,4,7,0.45,True,1m_b1500_g5_e02;1m_b1500_g5_e11;1m_b1500_g5_e13;1m_b1500_g5_e20;1m_b1500_g5_e22;1m_b1500_g5_e23;1m_b1500_g5_e25;1m_b1500_g5_e26;1m_b1500_g5_e27,1m_b1500_g5_e08;1m_b1500_g5_e14;1m_b1500_g5_e16;1m_b1500_g5_e19,1m_b1500_g5_e04;1m_b1500_g5_e07;1m_b1500_g5_e10;1m_b1500_g5_e12;1m_b1500_g5_e15;1m_b1500_g5_e18;1m_b1500_g5_e24
1,1500,5,RR:1.75,GG:0.50,13,16,10,3,6,0.5263157894736842,True,1m_b1500_g5_e11;1m_b1500_g5_e13;1m_b1500_g5_e14;1m_b1500_g5_e20;1m_b1500_g5_e22;1m_b1500_g5_e23;1m_b1500_g5_e24;1m_b1500_g5_e25;1m_b1500_g5_e26;1m_b1500_g5_e27,1m_b1500_g5_e03;1m_b1500_g5_e16;1m_b1500_g5_e19,1m_b1500_g5_e04;1m_b1500_g5_e05;1m_b1500_g5_e10;1m_b1500_g5_e12;1m_b1500_g5_e18;1m_b1500_g5_e21
1,1500,5,RR:1.75,GG:0.75,13,15,9,4,6,0.47368421052631576,True,1m_b1500_g5_e11;1m_b1500_g5_e13;1m_b1500_g5_e20;1m_b1500_g5_e22;1m_b1500_g5_e23;1m_b1500_g5_e24;1m_b1500_g5_e25;1m_b1500_g5_e26;1m_b1500_g5_e27,1m_b1500_g5_e03;1m_b1500_g5_e14;1m_b1500_g5_e16;1m_b1500_g5_e19,1m_b1500_g5_e02;1m_b1500_g5_e04;1m_b1500_g5_e10;1m_b1500_g5_e12;1m_b1500_g5_e18;1m_b1500_g5_e21
1,1500,5,RR:1.75,GG:1.00,13,15,10,3,5,0.5555555555555556,True,1m_b1500_g5_e11;1m_b1500_g5_e13;1m_b1500_g5_e14;1m_b1500_g5_e20;1m_b1500_g5_e22;1m_b1500_g5_e23;1m_b1500_g5_e24;1m_b1500_g5_e25;1m_b1500_g5_e26;1m_b1500_g5_e27,1m_b1500_g5_e03;1m_b1500_g5_e16;1m_b1500_g5_e19,1m_b1500_g5_e04;1m_b1500_g5_e07;1m_b1500_g5_e10;1m_b1500_g5_e12;1m_b1500_g5_e18
1,1500,5,RR:1.75,GG:1.25,13,15,10,3,5,0.5555555555555556,True,1m_b1500_g5_e11;1m_b1500_g5_e13;1m_b1500_g5_e14;1m_b1500_g5_e20;1m_b1500_g5_e22;1m_b1500_g5_e23;1m_b1500_g5_e24;1m_b1500_g5_e25;1m_b1500_g5_e26;1m_b1500_g5_e27,1m_b1500_g5_e03;1m_b1500_g5_e16;1m_b1500_g5_e19,1m_b1500_g5_e04;1m_b1500_g5_e10;1m_b1500_g5_e12;1m_b1500_g5_e15;1m_b1500_g5_e18
1,1500,5,RR:1.75,GG:1.50,13,15,10,3,5,0.5555555555555556,True,1m_b1500_g5_e11;1m_b1500_g5_e13;1m_b1500_g5_e14;1m_b1500_g5_e20;1m_b1500_g5_e22;1m_b1500_g5_e23;1m_b1500_g5_e24;1m_b1500_g5_e25;1m_b1500_g5_e26;1m_b1500_g5_e27,1m_b1500_g5_e03;1m_b1500_g5_e16;1m_b1500_g5_e19,1m_b1500_g5_e04;1m_b1500_g5_e10;1m_b1500_g5_e12;1m_b1500_g5_e17;1m_b1500_g5_e18
1,1500,5,RR:1.75,GG:1.75,13,16,9,4,7,0.45,True,1m_b1500_g5_e11;1m_b1500_g5_e13;1m_b1500_g5_e14;1m_b1500_g5_e20;1m_b1500_g5_e22;1m_b1500_g5_e23;1m_b1500_g5_e25;1m_b1500_g5_e26;1m_b1500_g5_e27,1m_b1500_g5_e03;1m_b1500_g5_e16;1m_b1500_g5_e19;1m_b1500_g5_e24,1m_b1500_g5_e02;1m_b1500_g5_e04;1m_b1500_g5_e07;1m_b1500_g5_e10;1m_b1500_g5_e12;1m_b1500_g5_e15;1m_b1500_g5_e18
1,1500,5,RR:1.75,GG:2.00,13,15,9,4,6,0.47368421052631576,True,1m_b1500_g5_e11;1m_b1500_g5_e13;1m_b1500_g5_e14;1m_b1500_g5_e20;1m_b1500_g5_e22;1m_b1500_g5_e23;1m_b1500_g5_e25;1m_b1500_g5_e26;1m_b1500_g5_e27,1m_b1500_g5_e03;1m_b1500_g5_e16;1m_b1500_g5_e19;1m_b1500_g5_e24,1m_b1500_g5_e04;1m_b1500_g5_e07;1m_b1500_g5_e10;1m_b1500_g5_e12;1m_b1500_g5_e15;1m_b1500_g5_e18
1,1500,5,RR:1.75,GG:2.25,13,16,9,4,7,0.45,True,1m_b1500_g5_e11;1m_b1500_g5_e13;1m_b1500_g5_e14;1m_b1500_g5_e20;1m_b1500_g5_e22;1m_b1500_g5_e23;1m_b1500_g5_e25;1m_b1500_g5_e26;1m_b1500_g5_e27,1m_b1500_g5_e03;1m_b1500_g5_e16;1m_b1500_g5_e19;1m_b1500_g5_e24,1m_b1500_g5_e02;1m_b1500_g5_e04;1m_b1500_g5_e10;1m_b1500_g5_e12;1m_b1500_g5_e15;1m_b1500_g5_e17;1m_b1500_g5_e18
1,1500,5,RR:1.75,GG:2.50,13,17,10,3,7,0.5,True,1m_b1500_g5_e11;1m_b1500_g5_e13;1m_b1500_g5_e14;1m_b1500_g5_e20;1m_b1500_g5_e22;1m_b1500_g5_e23;1m_b1500_g5_e24;1m_b1500_g5_e25;1m_b1500_g5_e26;1m_b1500_g5_e27,1m_b1500_g5_e03;1m_b1500_g5_e16;1m_b1500_g5_e19,1m_b1500_g5_e02;1m_b1500_g5_e04;1m_b1500_g5_e07;1m_b1500_g5_e10;1m_b1500_g5_e12;1m_b1500_g5_e15;1m_b1500_g5_e18
1,1500,5,RR:1.75,GG:2.75,13,17,10,3,7,0.5,True,1m_b1500_g5_e11;1m_b1500_g5_e13;1m_b1500_g5_e14;1m_b1500_g5_e20;1m_b1500_g5_e22;1m_b1500_g5_e23;1m_b1500_g5_e24;1m_b1500_g5_e25;1m_b1500_g5_e26;1m_b1500_g5_e27,1m_b1500_g5_e03;1m_b1500_g5_e16;1m_b1500_g5_e19,1m_b1500_g5_e02;1m_b1500_g5_e04;1m_b1500_g5_e07;1m_b1500_g5_e10;1m_b1500_g5_e12;1m_b1500_g5_e15;1m_b1500_g5_e18
1,1500,5,RR:1.75,GG:3.00,13,18,10,3,8,0.47619047619047616,True,1m_b1500_g5_e11;1m_b1500_g5_e13;1m_b1500_g5_e14;1m_b1500_g5_e20;1m_b1500_g5_e22;1m_b1500_g5_e23;1m_b1500_g5_e24;1m_b1500_g5_e25;1m_b1500_g5_e26;1m_b1500_g5_e27,1m_b1500_g5_e03;1m_b1500_g5_e16;1m_b1500_g5_e19,1m_b1500_g5_e01;1m_b1500_g5_e02;1m_b1500_g5_e04;1m_b1500_g5_e07;1m_b1500_g5_e10;1m_b1500_g5_e12;1m_b1500_g5_e15;1m_b1500_g5_e18
1,1500,5,RR:1.75,GG:3.25,13,17,10,3,7,0.5,True,1m_b1500_g5_e11;1m_b1500_g5_e13;1m_b1500_g5_e14;1m_b1500_g5_e20;1m_b1500_g5_e22;1m_b1500_g5_e23;1m_b1500_g5_e24;1m_b1500_g5_e25;1m_b1500_g5_e26;1m_b1500_g5_e27,1m_b1500_g5_e03;1m_b1500_g5_e16;1m_b1500_g5_e19,1m_b1500_g5_e02;1m_b1500_g5_e04;1m_b1500_g5_e07;1m_b1500_g5_e10;1m_b1500_g5_e12;1m_b1500_g5_e15;1m_b1500_g5_e18
1,1500,5,RR:1.75,GG:3.50,13,16,9,4,7,0.45,True,1m_b1500_g5_e11;1m_b1500_g5_e13;1m_b1500_g5_e20;1m_b1500_g5_e22;1m_b1500_g5_e23;1m_b1500_g5_e24;1m_b1500_g5_e25;1m_b1500_g5_e26;1m_b1500_g5_e27,1m_b1500_g5_e03;1m_b1500_g5_e14;1m_b1500_g5_e16;1m_b1500_g5_e19,1m_b1500_g5_e02;1m_b1500_g5_e04;1m_b1500_g5_e07;1m_b1500_g5_e10;1m_b1500_g5_e12;1m_b1500_g5_e15;1m_b1500_g5_e18
1,1500,5,RR:2.00,GG:0.50,12,16,9,3,7,0.47368421052631576,True,1m_b1500_g5_e11;1m_b1500_g5_e13;1m_b1500_g5_e14;1m_b1500_g5_e20;1m_b1500_g5_e22;1m_b1500_g5_e23;1m_b1500_g5_e25;1m_b1500_g5_e26;1m_b1500_g5_e27,1m_b1500_g5_e03;1m_b1500_g5_e16;1m_b1500_g5_e19,1m_b1500_g5_e04;1m_b1500_g5_e05;1m_b1500_g5_e10;1m_b1500_g5_e12;1m_b1500_g5_e18;1m_b1500_g5_e21;1m_b1500_g5_e24
1,1500,5,RR:2.00,GG:0.75,12,15,8,4,7,0.42105263157894735,True,1m_b1500_g5_e11;1m_b1500_g5_e13;1m_b1500_g5_e20;1m_b1500_g5_e22;1m_b1500_g5_e23;1m_b1500_g5_e25;1m_b1500_g5_e26;1m_b1500_g5_e27,1m_b1500_g5_e03;1m_b1500_g5_e14;1m_b1500_g5_e16;1m_b1500_g5_e19,1m_b1500_g5_e02;1m_b1500_g5_e04;1m_b1500_g5_e10;1m_b1500_g5_e12;1m_b1500_g5_e18;1m_b1500_g5_e21;1m_b1500_g5_e24
1,1500,5,RR:2.00,GG:1.00,12,15,9,3,6,0.5,True,1m_b1500_g5_e11;1m_b1500_g5_e13;1m_b1500_g5_e14;1m_b1500_g5_e20;1m_b1500_g5_e22;1m_b1500_g5_e23;1m_b1500_g5_e25;1m_b1500_g5_e26;1m_b1500_g5_e27,1m_b1500_g5_e03;1m_b1500_g5_e16;1m_b1500_g5_e19,1m_b1500_g5_e04;1m_b1500_g5_e07;1m_b1500_g5_e10;1m_b1500_g5_e12;1m_b1500_g5_e18;1m_b1500_g5_e24
1,1500,5,RR:2.00,GG:1.25,12,15,9,3,6,0.5,True,1m_b1500_g5_e11;1m_b1500_g5_e13;1m_b1500_g5_e14;1m_b1500_g5_e20;1m_b1500_g5_e22;1m_b1500_g5_e23;1m_b1500_g5_e25;1m_b1500_g5_e26;1m_b1500_g5_e27,1m_b1500_g5_e03;1m_b1500_g5_e16;1m_b1500_g5_e19,1m_b1500_g5_e04;1m_b1500_g5_e10;1m_b1500_g5_e12;1m_b1500_g5_e15;1m_b1500_g5_e18;1m_b1500_g5_e24
1,1500,5,RR:2.00,GG:1.50,12,15,9,3,6,0.5,True,1m_b1500_g5_e11;1m_b1500_g5_e13;1m_b1500_g5_e14;1m_b1500_g5_e20;1m_b1500_g5_e22;1m_b1500_g5_e23;1m_b1500_g5_e25;1m_b1500_g5_e26;1m_b1500_g5_e27,1m_b1500_g5_e03;1m_b1500_g5_e16;1m_b1500_g5_e19,1m_b1500_g5_e04;1m_b1500_g5_e10;1m_b1500_g5_e12;1m_b1500_g5_e17;1m_b1500_g5_e18;1m_b1500_g5_e24
1,1500,5,RR:2.00,GG:1.75,12,16,9,3,7,0.47368421052631576,True,1m_b1500_g5_e11;1m_b1500_g5_e13;1m_b1500_g5_e14;1m_b1500_g5_e20;1m_b1500_g5_e22;1m_b1500_g5_e23;1m_b1500_g5_e25;1m_b1500_g5_e26;1m_b1500_g5_e27,1m_b1500_g5_e03;1m_b1500_g5_e16;1m_b1500_g5_e19,1m_b1500_g5_e02;1m_b1500_g5_e04;1m_b1500_g5_e07;1m_b1500_g5_e10;1m_b1500_g5_e12;1m_b1500_g5_e15;1m_b1500_g5_e18
1,1500,5,RR:2.00,GG:2.00,12,15,9,3,6,0.5,True,1m_b1500_g5_e11;1m_b1500_g5_e13;1m_b1500_g5_e14;1m_b1500_g5_e20;1m_b1500_g5_e22;1m_b1500_g5_e23;1m_b1500_g5_e25;1m_b1500_g5_e26;1m_b1500_g5_e27,1m_b1500_g5_e03;1m_b1500_g5_e16;1m_b1500_g5_e19,1m_b1500_g5_e04;1m_b1500_g5_e07;1m_b1500_g5_e10;1m_b1500_g5_e12;1m_b1500_g5_e15;1m_b1500_g5_e18
1,1500,5,RR:2.00,GG:2.25,12,16,9,3,7,0.47368421052631576,True,1m_b1500_g5_e11;1m_b1500_g5_e13;1m_b1500_g5_e14;1m_b1500_g5_e20;1m_b1500_g5_e22;1m_b1500_g5_e23;1m_b1500_g5_e25;1m_b1500_g5_e26;1m_b1500_g5_e27,1m_b1500_g5_e03;1m_b1500_g5_e16;1m_b1500_g5_e19,1m_b1500_g5_e02;1m_b1500_g5_e04;1m_b1500_g5_e10;1m_b1500_g5_e12;1m_b1500_g5_e15;1m_b1500_g5_e17;1m_b1500_g5_e18
1,1500,5,RR:2.00,GG:2.50,12,17,9,3,8,0.45,True,1m_b1500_g5_e11;1m_b1500_g5_e13;1m_b1500_g5_e14;1m_b1500_g5_e20;1m_b1500_g5_e22;1m_b1500_g5_e23;1m_b1500_g5_e25;1m_b1500_g5_e26;1m_b1500_g5_e27,1m_b1500_g5_e03;1m_b1500_g5_e16;1m_b1500_g5_e19,1m_b1500_g5_e02;1m_b1500_g5_e04;1m_b1500_g5_e07;1m_b1500_g5_e10;1m_b1500_g5_e12;1m_b1500_g5_e15;1m_b1500_g5_e18;1m_b1500_g5_e24
1,1500,5,RR:2.00,GG:2.75,12,17,9,3,8,0.45,True,1m_b1500_g5_e11;1m_b1500_g5_e13;1m_b1500_g5_e14;1m_b1500_g5_e20;1m_b1500_g5_e22;1m_b1500_g5_e23;1m_b1500_g5_e25;1m_b1500_g5_e26;1m_b1500_g5_e27,1m_b1500_g5_e03;1m_b1500_g5_e16;1m_b1500_g5_e19,1m_b1500_g5_e02;1m_b1500_g5_e04;1m_b1500_g5_e07;1m_b1500_g5_e10;1m_b1500_g5_e12;1m_b1500_g5_e15;1m_b1500_g5_e18;1m_b1500_g5_e24
1,1500,5,RR:2.00,GG:3.00,12,18,9,3,9,0.42857142857142855,True,1m_b1500_g5_e11;1m_b1500_g5_e13;1m_b1500_g5_e14;1m_b1500_g5_e20;1m_b1500_g5_e22;1m_b1500_g5_e23;1m_b1500_g5_e25;1m_b1500_g5_e26;1m_b1500_g5_e27,1m_b1500_g5_e03;1m_b1500_g5_e16;1m_b1500_g5_e19,1m_b1500_g5_e01;1m_b1500_g5_e02;1m_b1500_g5_e04;1m_b1500_g5_e07;1m_b1500_g5_e10;1m_b1500_g5_e12;1m_b1500_g5_e15;1m_b1500_g5_e18;1m_b1500_g5_e24
1,1500,5,RR:2.00,GG:3.25,12,17,9,3,8,0.45,True,1m_b1500_g5_e11;1m_b1500_g5_e13;1m_b1500_g5_e14;1m_b1500_g5_e20;1m_b1500_g5_e22;1m_b1500_g5_e23;1m_b1500_g5_e25;1m_b1500_g5_e26;1m_b1500_g5_e27,1m_b1500_g5_e03;1m_b1500_g5_e16;1m_b1500_g5_e19,1m_b1500_g5_e02;1m_b1500_g5_e04;1m_b1500_g5_e07;1m_b1500_g5_e10;1m_b1500_g5_e12;1m_b1500_g5_e15;1m_b1500_g5_e18;1m_b1500_g5_e24
1,1500,5,RR:2.00,GG:3.50,12,16,8,4,8,0.4,True,1m_b1500_g5_e11;1m_b1500_g5_e13;1m_b1500_g5_e20;1m_b1500_g5_e22;1m_b1500_g5_e23;1m_b1500_g5_e25;1m_b1500_g5_e26;1m_b1500_g5_e27,1m_b1500_g5_e03;1m_b1500_g5_e14;1m_b1500_g5_e16;1m_b1500_g5_e19,1m_b1500_g5_e02;1m_b1500_g5_e04;1m_b1500_g5_e07;1m_b1500_g5_e10;1m_b1500_g5_e12;1m_b1500_g5_e15;1m_b1500_g5_e18;1m_b1500_g5_e24
1,1500,5,RR:2.25,GG:0.50,11,16,9,2,7,0.5,True,1m_b1500_g5_e11;1m_b1500_g5_e13;1m_b1500_g5_e14;1m_b1500_g5_e20;1m_b1500_g5_e22;1m_b1500_g5_e23;1m_b1500_g5_e25;1m_b1500_g5_e26;1m_b1500_g5_e27,1m_b1500_g5_e03;1m_b1500_g5_e16,1m_b1500_g5_e04;1m_b1500_g5_e05;1m_b1500_g5_e10;1m_b1500_g5_e12;1m_b1500_g5_e18;1m_b1500_g5_e21;1m_b1500_g5_e24
1,1500,5,RR:2.25,GG:0.75,11,15,8,3,7,0.4444444444444444,True,1m_b1500_g5_e11;1m_b1500_g5_e13;1m_b1500_g5_e20;1m_b1500_g5_e22;1m_b1500_g5_e23;1m_b1500_g5_e25;1m_b1500_g5_e26;1m_b1500_g5_e27,1m_b1500_g5_e03;1m_b1500_g5_e14;1m_b1500_g5_e16,1m_b1500_g5_e02;1m_b1500_g5_e04;1m_b1500_g5_e10;1m_b1500_g5_e12;1m_b1500_g5_e18;1m_b1500_g5_e21;1m_b1500_g5_e24
1,1500,5,RR:2.25,GG:1.00,11,15,9,2,6,0.5294117647058824,True,1m_b1500_g5_e11;1m_b1500_g5_e13;1m_b1500_g5_e14;1m_b1500_g5_e20;1m_b1500_g5_e22;1m_b1500_g5_e23;1m_b1500_g5_e25;1m_b1500_g5_e26;1m_b1500_g5_e27,1m_b1500_g5_e03;1m_b1500_g5_e16,1m_b1500_g5_e04;1m_b1500_g5_e07;1m_b1500_g5_e10;1m_b1500_g5_e12;1m_b1500_g5_e18;1m_b1500_g5_e24
1,1500,5,RR:2.25,GG:1.25,11,15,9,2,6,0.5294117647058824,True,1m_b1500_g5_e11;1m_b1500_g5_e13;1m_b1500_g5_e14;1m_b1500_g5_e20;1m_b1500_g5_e22;1m_b1500_g5_e23;1m_b1500_g5_e25;1m_b1500_g5_e26;1m_b1500_g5_e27,1m_b1500_g5_e03;1m_b1500_g5_e16,1m_b1500_g5_e04;1m_b1500_g5_e10;1m_b1500_g5_e12;1m_b1500_g5_e15;1m_b1500_g5_e18;1m_b1500_g5_e24
1,1500,5,RR:2.25,GG:1.50,11,15,9,2,6,0.5294117647058824,True,1m_b1500_g5_e11;1m_b1500_g5_e13;1m_b1500_g5_e14;1m_b1500_g5_e20;1m_b1500_g5_e22;1m_b1500_g5_e23;1m_b1500_g5_e25;1m_b1500_g5_e26;1m_b1500_g5_e27,1m_b1500_g5_e03;1m_b1500_g5_e16,1m_b1500_g5_e04;1m_b1500_g5_e10;1m_b1500_g5_e12;1m_b1500_g5_e17;1m_b1500_g5_e18;1m_b1500_g5_e24
1,1500,5,RR:2.25,GG:1.75,11,16,9,2,7,0.5,True,1m_b1500_g5_e11;1m_b1500_g5_e13;1m_b1500_g5_e14;1m_b1500_g5_e20;1m_b1500_g5_e22;1m_b1500_g5_e23;1m_b1500_g5_e25;1m_b1500_g5_e26;1m_b1500_g5_e27,1m_b1500_g5_e03;1m_b1500_g5_e16,1m_b1500_g5_e02;1m_b1500_g5_e04;1m_b1500_g5_e07;1m_b1500_g5_e10;1m_b1500_g5_e12;1m_b1500_g5_e15;1m_b1500_g5_e18
1,1500,5,RR:2.25,GG:2.00,11,15,9,2,6,0.5294117647058824,True,1m_b1500_g5_e11;1m_b1500_g5_e13;1m_b1500_g5_e14;1m_b1500_g5_e20;1m_b1500_g5_e22;1m_b1500_g5_e23;1m_b1500_g5_e25;1m_b1500_g5_e26;1m_b1500_g5_e27,1m_b1500_g5_e03;1m_b1500_g5_e16,1m_b1500_g5_e04;1m_b1500_g5_e07;1m_b1500_g5_e10;1m_b1500_g5_e12;1m_b1500_g5_e15;1m_b1500_g5_e18
1,1500,5,RR:2.25,GG:2.25,11,16,9,2,7,0.5,True,1m_b1500_g5_e11;1m_b1500_g5_e13;1m_b1500_g5_e14;1m_b1500_g5_e20;1m_b1500_g5_e22;1m_b1500_g5_e23;1m_b1500_g5_e25;1m_b1500_g5_e26;1m_b1500_g5_e27,1m_b1500_g5_e03;1m_b1500_g5_e16,1m_b1500_g5_e02;1m_b1500_g5_e04;1m_b1500_g5_e10;1m_b1500_g5_e12;1m_b1500_g5_e15;1m_b1500_g5_e17;1m_b1500_g5_e18
1,1500,5,RR:2.25,GG:2.50,11,17,9,2,8,0.47368421052631576,True,1m_b1500_g5_e11;1m_b1500_g5_e13;1m_b1500_g5_e14;1m_b1500_g5_e20;1m_b1500_g5_e22;1m_b1500_g5_e23;1m_b1500_g5_e25;1m_b1500_g5_e26;1m_b1500_g5_e27,1m_b1500_g5_e03;1m_b1500_g5_e16,1m_b1500_g5_e02;1m_b1500_g5_e04;1m_b1500_g5_e07;1m_b1500_g5_e10;1m_b1500_g5_e12;1m_b1500_g5_e15;1m_b1500_g5_e18;1m_b1500_g5_e24
1,1500,5,RR:2.25,GG:2.75,11,17,9,2,8,0.47368421052631576,True,1m_b1500_g5_e11;1m_b1500_g5_e13;1m_b1500_g5_e14;1m_b1500_g5_e20;1m_b1500_g5_e22;1m_b1500_g5_e23;1m_b1500_g5_e25;1m_b1500_g5_e26;1m_b1500_g5_e27,1m_b1500_g5_e03;1m_b1500_g5_e16,1m_b1500_g5_e02;1m_b1500_g5_e04;1m_b1500_g5_e07;1m_b1500_g5_e10;1m_b1500_g5_e12;1m_b1500_g5_e15;1m_b1500_g5_e18;1m_b1500_g5_e24
1,1500,5,RR:2.25,GG:3.00,11,18,9,2,9,0.45,True,1m_b1500_g5_e11;1m_b1500_g5_e13;1m_b1500_g5_e14;1m_b1500_g5_e20;1m_b1500_g5_e22;1m_b1500_g5_e23;1m_b1500_g5_e25;1m_b1500_g5_e26;1m_b1500_g5_e27,1m_b1500_g5_e03;1m_b1500_g5_e16,1m_b1500_g5_e01;1m_b1500_g5_e02;1m_b1500_g5_e04;1m_b1500_g5_e07;1m_b1500_g5_e10;1m_b1500_g5_e12;1m_b1500_g5_e15;1m_b1500_g5_e18;1m_b1500_g5_e24
1,1500,5,RR:2.25,GG:3.25,11,17,9,2,8,0.47368421052631576,True,1m_b1500_g5_e11;1m_b1500_g5_e13;1m_b1500_g5_e14;1m_b1500_g5_e20;1m_b1500_g5_e22;1m_b1500_g5_e23;1m_b1500_g5_e25;1m_b1500_g5_e26;1m_b1500_g5_e27,1m_b1500_g5_e03;1m_b1500_g5_e16,1m_b1500_g5_e02;1m_b1500_g5_e04;1m_b1500_g5_e07;1m_b1500_g5_e10;1m_b1500_g5_e12;1m_b1500_g5_e15;1m_b1500_g5_e18;1m_b1500_g5_e24
1,1500,5,RR:2.25,GG:3.50,11,16,8,3,8,0.42105263157894735,True,1m_b1500_g5_e11;1m_b1500_g5_e13;1m_b1500_g5_e20;1m_b1500_g5_e22;1m_b1500_g5_e23;1m_b1500_g5_e25;1m_b1500_g5_e26;1m_b1500_g5_e27,1m_b1500_g5_e03;1m_b1500_g5_e14;1m_b1500_g5_e16,1m_b1500_g5_e02;1m_b1500_g5_e04;1m_b1500_g5_e07;1m_b1500_g5_e10;1m_b1500_g5_e12;1m_b1500_g5_e15;1m_b1500_g5_e18;1m_b1500_g5_e24
1,1500,5,RR:2.50,GG:0.50,12,16,10,2,6,0.5555555555555556,True,1m_b1500_g5_e11;1m_b1500_g5_e13;1m_b1500_g5_e14;1m_b1500_g5_e20;1m_b1500_g5_e22;1m_b1500_g5_e23;1m_b1500_g5_e24;1m_b1500_g5_e25;1m_b1500_g5_e26;1m_b1500_g5_e27,1m_b1500_g5_e09;1m_b1500_g5_e16,1m_b1500_g5_e04;1m_b1500_g5_e05;1m_b1500_g5_e10;1m_b1500_g5_e12;1m_b1500_g5_e18;1m_b1500_g5_e21
1,1500,5,RR:2.50,GG:0.75,12,15,9,3,6,0.5,True,1m_b1500_g5_e11;1m_b1500_g5_e13;1m_b1500_g5_e20;1m_b1500_g5_e22;1m_b1500_g5_e23;1m_b1500_g5_e24;1m_b1500_g5_e25;1m_b1500_g5_e26;1m_b1500_g5_e27,1m_b1500_g5_e09;1m_b1500_g5_e14;1m_b1500_g5_e16,1m_b1500_g5_e02;1m_b1500_g5_e04;1m_b1500_g5_e10;1m_b1500_g5_e12;1m_b1500_g5_e18;1m_b1500_g5_e21
1,1500,5,RR:2.50,GG:1.00,12,15,10,2,5,0.5882352941176471,True,1m_b1500_g5_e11;1m_b1500_g5_e13;1m_b1500_g5_e14;1m_b1500_g5_e20;1m_b1500_g5_e22;1m_b1500_g5_e23;1m_b1500_g5_e24;1m_b1500_g5_e25;1m_b1500_g5_e26;1m_b1500_g5_e27,1m_b1500_g5_e09;1m_b1500_g5_e16,1m_b1500_g5_e04;1m_b1500_g5_e07;1m_b1500_g5_e10;1m_b1500_g5_e12;1m_b1500_g5_e18
1,1500,5,RR:2.50,GG:1.25,12,15,10,2,5,0.5882352941176471,True,1m_b1500_g5_e11;1m_b1500_g5_e13;1m_b1500_g5_e14;1m_b1500_g5_e20;1m_b1500_g5_e22;1m_b1500_g5_e23;1m_b1500_g5_e24;1m_b1500_g5_e25;1m_b1500_g5_e26;1m_b1500_g5_e27,1m_b1500_g5_e09;1m_b1500_g5_e16,1m_b1500_g5_e04;1m_b1500_g5_e10;1m_b1500_g5_e12;1m_b1500_g5_e15;1m_b1500_g5_e18
1,1500,5,RR:2.50,GG:1.50,12,15,10,2,5,0.5882352941176471,True,1m_b1500_g5_e11;1m_b1500_g5_e13;1m_b1500_g5_e14;1m_b1500_g5_e20;1m_b1500_g5_e22;1m_b1500_g5_e23;1m_b1500_g5_e24;1m_b1500_g5_e25;1m_b1500_g5_e26;1m_b1500_g5_e27,1m_b1500_g5_e09;1m_b1500_g5_e16,1m_b1500_g5_e04;1m_b1500_g5_e10;1m_b1500_g5_e12;1m_b1500_g5_e17;1m_b1500_g5_e18
1,1500,5,RR:2.50,GG:1.75,12,16,9,3,7,0.47368421052631576,True,1m_b1500_g5_e11;1m_b1500_g5_e13;1m_b1500_g5_e14;1m_b1500_g5_e20;1m_b1500_g5_e22;1m_b1500_g5_e23;1m_b1500_g5_e25;1m_b1500_g5_e26;1m_b1500_g5_e27,1m_b1500_g5_e09;1m_b1500_g5_e16;1m_b1500_g5_e24,1m_b1500_g5_e02;1m_b1500_g5_e04;1m_b1500_g5_e07;1m_b1500_g5_e10;1m_b1500_g5_e12;1m_b1500_g5_e15;1m_b1500_g5_e18
1,1500,5,RR:2.50,GG:2.00,12,15,9,3,6,0.5,True,1m_b1500_g5_e11;1m_b1500_g5_e13;1m_b1500_g5_e14;1m_b1500_g5_e20;1m_b1500_g5_e22;1m_b1500_g5_e23;1m_b1500_g5_e25;1m_b1500_g5_e26;1m_b1500_g5_e27,1m_b1500_g5_e09;1m_b1500_g5_e16;1m_b1500_g5_e24,1m_b1500_g5_e04;1m_b1500_g5_e07;1m_b1500_g5_e10;1m_b1500_g5_e12;1m_b1500_g5_e15;1m_b1500_g5_e18
1,1500,5,RR:2.50,GG:2.25,12,16,9,3,7,0.47368421052631576,True,1m_b1500_g5_e11;1m_b1500_g5_e13;1m_b1500_g5_e14;1m_b1500_g5_e20;1m_b1500_g5_e22;1m_b1500_g5_e23;1m_b1500_g5_e25;1m_b1500_g5_e26;1m_b1500_g5_e27,1m_b1500_g5_e09;1m_b1500_g5_e16;1m_b1500_g5_e24,1m_b1500_g5_e02;1m_b1500_g5_e04;1m_b1500_g5_e10;1m_b1500_g5_e12;1m_b1500_g5_e15;1m_b1500_g5_e17;1m_b1500_g5_e18
1,1500,5,RR:2.50,GG:2.50,12,17,10,2,7,0.5263157894736842,True,1m_b1500_g5_e11;1m_b1500_g5_e13;1m_b1500_g5_e14;1m_b1500_g5_e20;1m_b1500_g5_e22;1m_b1500_g5_e23;1m_b1500_g5_e24;1m_b1500_g5_e25;1m_b1500_g5_e26;1m_b1500_g5_e27,1m_b1500_g5_e09;1m_b1500_g5_e16,1m_b1500_g5_e02;1m_b1500_g5_e04;1m_b1500_g5_e07;1m_b1500_g5_e10;1m_b1500_g5_e12;1m_b1500_g5_e15;1m_b1500_g5_e18
1,1500,5,RR:2.50,GG:2.75,12,17,10,2,7,0.5263157894736842,True,1m_b1500_g5_e11;1m_b1500_g5_e13;1m_b1500_g5_e14;1m_b1500_g5_e20;1m_b1500_g5_e22;1m_b1500_g5_e23;1m_b1500_g5_e24;1m_b1500_g5_e25;1m_b1500_g5_e26;1m_b1500_g5_e27,1m_b1500_g5_e09;1m_b1500_g5_e16,1m_b1500_g5_e02;1m_b1500_g5_e04;1m_b1500_g5_e07;1m_b1500_g5_e10;1m_b1500_g5_e12;1m_b1500_g5_e15;1m_b1500_g5_e18
1,1500,5,RR:2.50,GG:3.00,12,18,10,2,8,0.5,True,1m_b1500_g5_e11;1m_b1500_g5_e13;1m_b1500_g5_e14;1m_b1500_g5_e20;1m_b1500_g5_e22;1m_b1500_g5_e23;1m_b1500_g5_e24;1m_b1500_g5_e25;1m_b1500_g5_e26;1m_b1500_g5_e27,1m_b1500_g5_e09;1m_b1500_g5_e16,1m_b1500_g5_e01;1m_b1500_g5_e02;1m_b1500_g5_e04;1m_b1500_g5_e07;1m_b1500_g5_e10;1m_b1500_g5_e12;1m_b1500_g5_e15;1m_b1500_g5_e18
1,1500,5,RR:2.50,GG:3.25,12,17,10,2,7,0.5263157894736842,True,1m_b1500_g5_e11;1m_b1500_g5_e13;1m_b1500_g5_e14;1m_b1500_g5_e20;1m_b1500_g5_e22;1m_b1500_g5_e23;1m_b1500_g5_e24;1m_b1500_g5_e25;1m_b1500_g5_e26;1m_b1500_g5_e27,1m_b1500_g5_e09;1m_b1500_g5_e16,1m_b1500_g5_e02;1m_b1500_g5_e04;1m_b1500_g5_e07;1m_b1500_g5_e10;1m_b1500_g5_e12;1m_b1500_g5_e15;1m_b1500_g5_e18
1,1500,5,RR:2.50,GG:3.50,12,16,9,3,7,0.47368421052631576,True,1m_b1500_g5_e11;1m_b1500_g5_e13;1m_b1500_g5_e20;1m_b1500_g5_e22;1m_b1500_g5_e23;1m_b1500_g5_e24;1m_b1500_g5_e25;1m_b1500_g5_e26;1m_b1500_g5_e27,1m_b1500_g5_e09;1m_b1500_g5_e14;1m_b1500_g5_e16,1m_b1500_g5_e02;1m_b1500_g5_e04;1m_b1500_g5_e07;1m_b1500_g5_e10;1m_b1500_g5_e12;1m_b1500_g5_e15;1m_b1500_g5_e18
1,1500,5,RR:2.75,GG:0.50,14,16,10,4,6,0.5,True,1m_b1500_g5_e11;1m_b1500_g5_e13;1m_b1500_g5_e14;1m_b1500_g5_e20;1m_b1500_g5_e22;1m_b1500_g5_e23;1m_b1500_g5_e24;1m_b1500_g5_e25;1m_b1500_g5_e26;1m_b1500_g5_e27,1m_b1500_g5_e07;1m_b1500_g5_e09;1m_b1500_g5_e16;1m_b1500_g5_e19,1m_b1500_g5_e04;1m_b1500_g5_e05;1m_b1500_g5_e10;1m_b1500_g5_e12;1m_b1500_g5_e18;1m_b1500_g5_e21
1,1500,5,RR:2.75,GG:0.75,14,15,9,5,6,0.45,True,1m_b1500_g5_e11;1m_b1500_g5_e13;1m_b1500_g5_e20;1m_b1500_g5_e22;1m_b1500_g5_e23;1m_b1500_g5_e24;1m_b1500_g5_e25;1m_b1500_g5_e26;1m_b1500_g5_e27,1m_b1500_g5_e07;1m_b1500_g5_e09;1m_b1500_g5_e14;1m_b1500_g5_e16;1m_b1500_g5_e19,1m_b1500_g5_e02;1m_b1500_g5_e04;1m_b1500_g5_e10;1m_b1500_g5_e12;1m_b1500_g5_e18;1m_b1500_g5_e21
1,1500,5,RR:2.75,GG:1.00,14,15,11,3,4,0.6111111111111112,True,1m_b1500_g5_e07;1m_b1500_g5_e11;1m_b1500_g5_e13;1m_b1500_g5_e14;1m_b1500_g5_e20;1m_b1500_g5_e22;1m_b1500_g5_e23;1m_b1500_g5_e24;1m_b1500_g5_e25;1m_b1500_g5_e26;1m_b1500_g5_e27,1m_b1500_g5_e09;1m_b1500_g5_e16;1m_b1500_g5_e19,1m_b1500_g5_e04;1m_b1500_g5_e10;1m_b1500_g5_e12;1m_b1500_g5_e18
1,1500,5,RR:2.75,GG:1.25,14,15,10,4,5,0.5263157894736842,True,1m_b1500_g5_e11;1m_b1500_g5_e13;1m_b1500_g5_e14;1m_b1500_g5_e20;1m_b1500_g5_e22;1m_b1500_g5_e23;1m_b1500_g5_e24;1m_b1500_g5_e25;1m_b1500_g5_e26;1m_b1500_g5_e27,1m_b1500_g5_e07;1m_b1500_g5_e09;1m_b1500_g5_e16;1m_b1500_g5_e19,1m_b1500_g5_e04;1m_b1500_g5_e10;1m_b1500_g5_e12;1m_b1500_g5_e15;1m_b1500_g5_e18
1,1500,5,RR:2.75,GG:1.50,14,15,10,4,5,0.5263157894736842,True,1m_b1500_g5_e11;1m_b1500_g5_e13;1m_b1500_g5_e14;1m_b1500_g5_e20;1m_b1500_g5_e22;1m_b1500_g5_e23;1m_b1500_g5_e24;1m_b1500_g5_e25;1m_b1500_g5_e26;1m_b1500_g5_e27,1m_b1500_g5_e07;1m_b1500_g5_e09;1m_b1500_g5_e16;1m_b1500_g5_e19,1m_b1500_g5_e04;1m_b1500_g5_e10;1m_b1500_g5_e12;1m_b1500_g5_e17;1m_b1500_g5_e18
1,1500,5,RR:2.75,GG:1.75,14,16,10,4,6,0.5,True,1m_b1500_g5_e07;1m_b1500_g5_e11;1m_b1500_g5_e13;1m_b1500_g5_e14;1m_b1500_g5_e20;1m_b1500_g5_e22;1m_b1500_g5_e23;1m_b1500_g5_e25;1m_b1500_g5_e26;1m_b1500_g5_e27,1m_b1500_g5_e09;1m_b1500_g5_e16;1m_b1500_g5_e19;1m_b1500_g5_e24,1m_b1500_g5_e02;1m_b1500_g5_e04;1m_b1500_g5_e10;1m_b1500_g5_e12;1m_b1500_g5_e15;1m_b1500_g5_e18
1,1500,5,RR:2.75,GG:2.00,14,15,10,4,5,0.5263157894736842,True,1m_b1500_g5_e07;1m_b1500_g5_e11;1m_b1500_g5_e13;1m_b1500_g5_e14;1m_b1500_g5_e20;1m_b1500_g5_e22;1m_b1500_g5_e23;1m_b1500_g5_e25;1m_b1500_g5_e26;1m_b1500_g5_e27,1m_b1500_g5_e09;1m_b1500_g5_e16;1m_b1500_g5_e19;1m_b1500_g5_e24,1m_b1500_g5_e04;1m_b1500_g5_e10;1m_b1500_g5_e12;1m_b1500_g5_e15;1m_b1500_g5_e18
1,1500,5,RR:2.75,GG:2.25,14,16,9,5,7,0.42857142857142855,True,1m_b1500_g5_e11;1m_b1500_g5_e13;1m_b1500_g5_e14;1m_b1500_g5_e20;1m_b1500_g5_e22;1m_b1500_g5_e23;1m_b1500_g5_e25;1m_b1500_g5_e26;1m_b1500_g5_e27,1m_b1500_g5_e07;1m_b1500_g5_e09;1m_b1500_g5_e16;1m_b1500_g5_e19;1m_b1500_g5_e24,1m_b1500_g5_e02;1m_b1500_g5_e04;1m_b1500_g5_e10;1m_b1500_g5_e12;1m_b1500_g5_e15;1m_b1500_g5_e17;1m_b1500_g5_e18
1,1500,5,RR:2.75,GG:2.50,14,17,11,3,6,0.55,True,1m_b1500_g5_e07;1m_b1500_g5_e11;1m_b1500_g5_e13;1m_b1500_g5_e14;1m_b1500_g5_e20;1m_b1500_g5_e22;1m_b1500_g5_e23;1m_b1500_g5_e24;1m_b1500_g5_e25;1m_b1500_g5_e26;1m_b1500_g5_e27,1m_b1500_g5_e09;1m_b1500_g5_e16;1m_b1500_g5_e19,1m_b1500_g5_e02;1m_b1500_g5_e04;1m_b1500_g5_e10;1m_b1500_g5_e12;1m_b1500_g5_e15;1m_b1500_g5_e18
1,1500,5,RR:2.75,GG:2.75,14,17,11,3,6,0.55,True,1m_b1500_g5_e07;1m_b1500_g5_e11;1m_b1500_g5_e13;1m_b1500_g5_e14;1m_b1500_g5_e20;1m_b1500_g5_e22;1m_b1500_g5_e23;1m_b1500_g5_e24;1m_b1500_g5_e25;1m_b1500_g5_e26;1m_b1500_g5_e27,1m_b1500_g5_e09;1m_b1500_g5_e16;1m_b1500_g5_e19,1m_b1500_g5_e02;1m_b1500_g5_e04;1m_b1500_g5_e10;1m_b1500_g5_e12;1m_b1500_g5_e15;1m_b1500_g5_e18
1,1500,5,RR:2.75,GG:3.00,14,18,11,3,7,0.5238095238095238,True,1m_b1500_g5_e07;1m_b1500_g5_e11;1m_b1500_g5_e13;1m_b1500_g5_e14;1m_b1500_g5_e20;1m_b1500_g5_e22;1m_b1500_g5_e23;1m_b1500_g5_e24;1m_b1500_g5_e25;1m_b1500_g5_e26;1m_b1500_g5_e27,1m_b1500_g5_e09;1m_b1500_g5_e16;1m_b1500_g5_e19,1m_b1500_g5_e01;1m_b1500_g5_e02;1m_b1500_g5_e04;1m_b1500_g5_e10;1m_b1500_g5_e12;1m_b1500_g5_e15;1m_b1500_g5_e18
1,1500,5,RR:2.75,GG:3.25,14,17,11,3,6,0.55,True,1m_b1500_g5_e07;1m_b1500_g5_e11;1m_b1500_g5_e13;1m_b1500_g5_e14;1m_b1500_g5_e20;1m_b1500_g5_e22;1m_b1500_g5_e23;1m_b1500_g5_e24;1m_b1500_g5_e25;1m_b1500_g5_e26;1m_b1500_g5_e27,1m_b1500_g5_e09;1m_b1500_g5_e16;1m_b1500_g5_e19,1m_b1500_g5_e02;1m_b1500_g5_e04;1m_b1500_g5_e10;1m_b1500_g5_e12;1m_b1500_g5_e15;1m_b1500_g5_e18
1,1500,5,RR:2.75,GG:3.50,14,16,10,4,6,0.5,True,1m_b1500_g5_e07;1m_b1500_g5_e11;1m_b1500_g5_e13;1m_b1500_g5_e20;1m_b1500_g5_e22;1m_b1500_g5_e23;1m_b1500_g5_e24;1m_b1500_g5_e25;1m_b1500_g5_e26;1m_b1500_g5_e27,1m_b1500_g5_e09;1m_b1500_g5_e14;1m_b1500_g5_e16;1m_b1500_g5_e19,1m_b1500_g5_e02;1m_b1500_g5_e04;1m_b1500_g5_e10;1m_b1500_g5_e12;1m_b1500_g5_e15;1m_b1500_g5_e18
1,1500,5,RR:3.00,GG:0.50,13,16,10,3,6,0.5263157894736842,True,1m_b1500_g5_e11;1m_b1500_g5_e13;1m_b1500_g5_e14;1m_b1500_g5_e20;1m_b1500_g5_e22;1m_b1500_g5_e23;1m_b1500_g5_e24;1m_b1500_g5_e25;1m_b1500_g5_e26;1m_b1500_g5_e27,1m_b1500_g5_e07;1m_b1500_g5_e16;1m_b1500_g5_e19,1m_b1500_g5_e04;1m_b1500_g5_e05;1m_b1500_g5_e10;1m_b1500_g5_e12;1m_b1500_g5_e18;1m_b1500_g5_e21
1,1500,5,RR:3.00,GG:0.75,13,15,9,4,6,0.47368421052631576,True,1m_b1500_g5_e11;1m_b1500_g5_e13;1m_b1500_g5_e20;1m_b1500_g5_e22;1m_b1500_g5_e23;1m_b1500_g5_e24;1m_b1500_g5_e25;1m_b1500_g5_e26;1m_b1500_g5_e27,1m_b1500_g5_e07;1m_b1500_g5_e14;1m_b1500_g5_e16;1m_b1500_g5_e19,1m_b1500_g5_e02;1m_b1500_g5_e04;1m_b1500_g5_e10;1m_b1500_g5_e12;1m_b1500_g5_e18;1m_b1500_g5_e21
1,1500,5,RR:3.00,GG:1.00,13,15,11,2,4,0.6470588235294118,True,1m_b1500_g5_e07;1m_b1500_g5_e11;1m_b1500_g5_e13;1m_b1500_g5_e14;1m_b1500_g5_e20;1m_b1500_g5_e22;1m_b1500_g5_e23;1m_b1500_g5_e24;1m_b1500_g5_e25;1m_b1500_g5_e26;1m_b1500_g5_e27,1m_b1500_g5_e16;1m_b1500_g5_e19,1m_b1500_g5_e04;1m_b1500_g5_e10;1m_b1500_g5_e12;1m_b1500_g5_e18
1,1500,5,RR:3.00,GG:1.25,13,15,10,3,5,0.5555555555555556,True,1m_b1500_g5_e11;1m_b1500_g5_e13;1m_b1500_g5_e14;1m_b1500_g5_e20;1m_b1500_g5_e22;1m_b1500_g5_e23;1m_b1500_g5_e24;1m_b1500_g5_e25;1m_b1500_g5_e26;1m_b1500_g5_e27,1m_b1500_g5_e07;1m_b1500_g5_e16;1m_b1500_g5_e19,1m_b1500_g5_e04;1m_b1500_g5_e10;1m_b1500_g5_e12;1m_b1500_g5_e15;1m_b1500_g5_e18
1,1500,5,RR:3.00,GG:1.50,13,15,10,3,5,0.5555555555555556,True,1m_b1500_g5_e11;1m_b1500_g5_e13;1m_b1500_g5_e14;1m_b1500_g5_e20;1m_b1500_g5_e22;1m_b1500_g5_e23;1m_b1500_g5_e24;1m_b1500_g5_e25;1m_b1500_g5_e26;1m_b1500_g5_e27,1m_b1500_g5_e07;1m_b1500_g5_e16;1m_b1500_g5_e19,1m_b1500_g5_e04;1m_b1500_g5_e10;1m_b1500_g5_e12;1m_b1500_g5_e17;1m_b1500_g5_e18
1,1500,5,RR:3.00,GG:1.75,13,16,10,3,6,0.5263157894736842,True,1m_b1500_g5_e07;1m_b1500_g5_e11;1m_b1500_g5_e13;1m_b1500_g5_e14;1m_b1500_g5_e20;1m_b1500_g5_e22;1m_b1500_g5_e23;1m_b1500_g5_e25;1m_b1500_g5_e26;1m_b1500_g5_e27,1m_b1500_g5_e16;1m_b1500_g5_e19;1m_b1500_g5_e24,1m_b1500_g5_e02;1m_b1500_g5_e04;1m_b1500_g5_e10;1m_b1500_g5_e12;1m_b1500_g5_e15;1m_b1500_g5_e18
1,1500,5,RR:3.00,GG:2.00,13,15,10,3,5,0.5555555555555556,True,1m_b1500_g5_e07;1m_b1500_g5_e11;1m_b1500_g5_e13;1m_b1500_g5_e14;1m_b1500_g5_e20;1m_b1500_g5_e22;1m_b1500_g5_e23;1m_b1500_g5_e25;1m_b1500_g5_e26;1m_b1500_g5_e27,1m_b1500_g5_e16;1m_b1500_g5_e19;1m_b1500_g5_e24,1m_b1500_g5_e04;1m_b1500_g5_e10;1m_b1500_g5_e12;1m_b1500_g5_e15;1m_b1500_g5_e18
1,1500,5,RR:3.00,GG:2.25,13,16,9,4,7,0.45,True,1m_b1500_g5_e11;1m_b1500_g5_e13;1m_b1500_g5_e14;1m_b1500_g5_e20;1m_b1500_g5_e22;1m_b1500_g5_e23;1m_b1500_g5_e25;1m_b1500_g5_e26;1m_b1500_g5_e27,1m_b1500_g5_e07;1m_b1500_g5_e16;1m_b1500_g5_e19;1m_b1500_g5_e24,1m_b1500_g5_e02;1m_b1500_g5_e04;1m_b1500_g5_e10;1m_b1500_g5_e12;1m_b1500_g5_e15;1m_b1500_g5_e17;1m_b1500_g5_e18
1,1500,5,RR:3.00,GG:2.50,13,17,11,2,6,0.5789473684210527,True,1m_b1500_g5_e07;1m_b1500_g5_e11;1m_b1500_g5_e13;1m_b1500_g5_e14;1m_b1500_g5_e20;1m_b1500_g5_e22;1m_b1500_g5_e23;1m_b1500_g5_e24;1m_b1500_g5_e25;1m_b1500_g5_e26;1m_b1500_g5_e27,1m_b1500_g5_e16;1m_b1500_g5_e19,1m_b1500_g5_e02;1m_b1500_g5_e04;1m_b1500_g5_e10;1m_b1500_g5_e12;1m_b1500_g5_e15;1m_b1500_g5_e18
1,1500,5,RR:3.00,GG:2.75,13,17,11,2,6,0.5789473684210527,True,1m_b1500_g5_e07;1m_b1500_g5_e11;1m_b1500_g5_e13;1m_b1500_g5_e14;1m_b1500_g5_e20;1m_b1500_g5_e22;1m_b1500_g5_e23;1m_b1500_g5_e24;1m_b1500_g5_e25;1m_b1500_g5_e26;1m_b1500_g5_e27,1m_b1500_g5_e16;1m_b1500_g5_e19,1m_b1500_g5_e02;1m_b1500_g5_e04;1m_b1500_g5_e10;1m_b1500_g5_e12;1m_b1500_g5_e15;1m_b1500_g5_e18
1,1500,5,RR:3.00,GG:3.00,13,18,11,2,7,0.55,True,1m_b1500_g5_e07;1m_b1500_g5_e11;1m_b1500_g5_e13;1m_b1500_g5_e14;1m_b1500_g5_e20;1m_b1500_g5_e22;1m_b1500_g5_e23;1m_b1500_g5_e24;1m_b1500_g5_e25;1m_b1500_g5_e26;1m_b1500_g5_e27,1m_b1500_g5_e16;1m_b1500_g5_e19,1m_b1500_g5_e01;1m_b1500_g5_e02;1m_b1500_g5_e04;1m_b1500_g5_e10;1m_b1500_g5_e12;1m_b1500_g5_e15;1m_b1500_g5_e18
1,1500,5,RR:3.00,GG:3.25,13,17,11,2,6,0.5789473684210527,True,1m_b1500_g5_e07;1m_b1500_g5_e11;1m_b1500_g5_e13;1m_b1500_g5_e14;1m_b1500_g5_e20;1m_b1500_g5_e22;1m_b1500_g5_e23;1m_b1500_g5_e24;1m_b1500_g5_e25;1m_b1500_g5_e26;1m_b1500_g5_e27,1m_b1500_g5_e16;1m_b1500_g5_e19,1m_b1500_g5_e02;1m_b1500_g5_e04;1m_b1500_g5_e10;1m_b1500_g5_e12;1m_b1500_g5_e15;1m_b1500_g5_e18
1,1500,5,RR:3.00,GG:3.50,13,16,10,3,6,0.5263157894736842,True,1m_b1500_g5_e07;1m_b1500_g5_e11;1m_b1500_g5_e13;1m_b1500_g5_e20;1m_b1500_g5_e22;1m_b1500_g5_e23;1m_b1500_g5_e24;1m_b1500_g5_e25;1m_b1500_g5_e26;1m_b1500_g5_e27,1m_b1500_g5_e14;1m_b1500_g5_e16;1m_b1500_g5_e19,1m_b1500_g5_e02;1m_b1500_g5_e04;1m_b1500_g5_e10;1m_b1500_g5_e12;1m_b1500_g5_e15;1m_b1500_g5_e18
1,1500,5,RR:3.25,GG:0.50,11,16,9,2,7,0.5,True,1m_b1500_g5_e11;1m_b1500_g5_e13;1m_b1500_g5_e14;1m_b1500_g5_e20;1m_b1500_g5_e22;1m_b1500_g5_e23;1m_b1500_g5_e25;1m_b1500_g5_e26;1m_b1500_g5_e27,1m_b1500_g5_e09;1m_b1500_g5_e19,1m_b1500_g5_e04;1m_b1500_g5_e05;1m_b1500_g5_e10;1m_b1500_g5_e12;1m_b1500_g5_e18;1m_b1500_g5_e21;1m_b1500_g5_e24
1,1500,5,RR:3.25,GG:0.75,11,15,8,3,7,0.4444444444444444,True,1m_b1500_g5_e11;1m_b1500_g5_e13;1m_b1500_g5_e20;1m_b1500_g5_e22;1m_b1500_g5_e23;1m_b1500_g5_e25;1m_b1500_g5_e26;1m_b1500_g5_e27,1m_b1500_g5_e09;1m_b1500_g5_e14;1m_b1500_g5_e19,1m_b1500_g5_e02;1m_b1500_g5_e04;1m_b1500_g5_e10;1m_b1500_g5_e12;1m_b1500_g5_e18;1m_b1500_g5_e21;1m_b1500_g5_e24
1,1500,5,RR:3.25,GG:1.00,11,15,9,2,6,0.5294117647058824,True,1m_b1500_g5_e11;1m_b1500_g5_e13;1m_b1500_g5_e14;1m_b1500_g5_e20;1m_b1500_g5_e22;1m_b1500_g5_e23;1m_b1500_g5_e25;1m_b1500_g5_e26;1m_b1500_g5_e27,1m_b1500_g5_e09;1m_b1500_g5_e19,1m_b1500_g5_e04;1m_b1500_g5_e07;1m_b1500_g5_e10;1m_b1500_g5_e12;1m_b1500_g5_e18;1m_b1500_g5_e24
1,1500,5,RR:3.25,GG:1.25,11,15,9,2,6,0.5294117647058824,True,1m_b1500_g5_e11;1m_b1500_g5_e13;1m_b1500_g5_e14;1m_b1500_g5_e20;1m_b1500_g5_e22;1m_b1500_g5_e23;1m_b1500_g5_e25;1m_b1500_g5_e26;1m_b1500_g5_e27,1m_b1500_g5_e09;1m_b1500_g5_e19,1m_b1500_g5_e04;1m_b1500_g5_e10;1m_b1500_g5_e12;1m_b1500_g5_e15;1m_b1500_g5_e18;1m_b1500_g5_e24
1,1500,5,RR:3.25,GG:1.50,11,15,9,2,6,0.5294117647058824,True,1m_b1500_g5_e11;1m_b1500_g5_e13;1m_b1500_g5_e14;1m_b1500_g5_e20;1m_b1500_g5_e22;1m_b1500_g5_e23;1m_b1500_g5_e25;1m_b1500_g5_e26;1m_b1500_g5_e27,1m_b1500_g5_e09;1m_b1500_g5_e19,1m_b1500_g5_e04;1m_b1500_g5_e10;1m_b1500_g5_e12;1m_b1500_g5_e17;1m_b1500_g5_e18;1m_b1500_g5_e24
1,1500,5,RR:3.25,GG:1.75,11,16,9,2,7,0.5,True,1m_b1500_g5_e11;1m_b1500_g5_e13;1m_b1500_g5_e14;1m_b1500_g5_e20;1m_b1500_g5_e22;1m_b1500_g5_e23;1m_b1500_g5_e25;1m_b1500_g5_e26;1m_b1500_g5_e27,1m_b1500_g5_e09;1m_b1500_g5_e19,1m_b1500_g5_e02;1m_b1500_g5_e04;1m_b1500_g5_e07;1m_b1500_g5_e10;1m_b1500_g5_e12;1m_b1500_g5_e15;1m_b1500_g5_e18
1,1500,5,RR:3.25,GG:2.00,11,15,9,2,6,0.5294117647058824,True,1m_b1500_g5_e11;1m_b1500_g5_e13;1m_b1500_g5_e14;1m_b1500_g5_e20;1m_b1500_g5_e22;1m_b1500_g5_e23;1m_b1500_g5_e25;1m_b1500_g5_e26;1m_b1500_g5_e27,1m_b1500_g5_e09;1m_b1500_g5_e19,1m_b1500_g5_e04;1m_b1500_g5_e07;1m_b1500_g5_e10;1m_b1500_g5_e12;1m_b1500_g5_e15;1m_b1500_g5_e18
1,1500,5,RR:3.25,GG:2.25,11,16,9,2,7,0.5,True,1m_b1500_g5_e11;1m_b1500_g5_e13;1m_b1500_g5_e14;1m_b1500_g5_e20;1m_b1500_g5_e22;1m_b1500_g5_e23;1m_b1500_g5_e25;1m_b1500_g5_e26;1m_b1500_g5_e27,1m_b1500_g5_e09;1m_b1500_g5_e19,1m_b1500_g5_e02;1m_b1500_g5_e04;1m_b1500_g5_e10;1m_b1500_g5_e12;1m_b1500_g5_e15;1m_b1500_g5_e17;1m_b1500_g5_e18
1,1500,5,RR:3.25,GG:2.50,11,17,9,2,8,0.47368421052631576,True,1m_b1500_g5_e11;1m_b1500_g5_e13;1m_b1500_g5_e14;1m_b1500_g5_e20;1m_b1500_g5_e22;1m_b1500_g5_e23;1m_b1500_g5_e25;1m_b1500_g5_e26;1m_b1500_g5_e27,1m_b1500_g5_e09;1m_b1500_g5_e19,1m_b1500_g5_e02;1m_b1500_g5_e04;1m_b1500_g5_e07;1m_b1500_g5_e10;1m_b1500_g5_e12;1m_b1500_g5_e15;1m_b1500_g5_e18;1m_b1500_g5_e24
1,1500,5,RR:3.25,GG:2.75,11,17,9,2,8,0.47368421052631576,True,1m_b1500_g5_e11;1m_b1500_g5_e13;1m_b1500_g5_e14;1m_b1500_g5_e20;1m_b1500_g5_e22;1m_b1500_g5_e23;1m_b1500_g5_e25;1m_b1500_g5_e26;1m_b1500_g5_e27,1m_b1500_g5_e09;1m_b1500_g5_e19,1m_b1500_g5_e02;1m_b1500_g5_e04;1m_b1500_g5_e07;1m_b1500_g5_e10;1m_b1500_g5_e12;1m_b1500_g5_e15;1m_b1500_g5_e18;1m_b1500_g5_e24
1,1500,5,RR:3.25,GG:3.00,11,18,9,2,9,0.45,True,1m_b1500_g5_e11;1m_b1500_g5_e13;1m_b1500_g5_e14;1m_b1500_g5_e20;1m_b1500_g5_e22;1m_b1500_g5_e23;1m_b1500_g5_e25;1m_b1500_g5_e26;1m_b1500_g5_e27,1m_b1500_g5_e09;1m_b1500_g5_e19,1m_b1500_g5_e01;1m_b1500_g5_e02;1m_b1500_g5_e04;1m_b1500_g5_e07;1m_b1500_g5_e10;1m_b1500_g5_e12;1m_b1500_g5_e15;1m_b1500_g5_e18;1m_b1500_g5_e24
1,1500,5,RR:3.25,GG:3.25,11,17,9,2,8,0.47368421052631576,True,1m_b1500_g5_e11;1m_b1500_g5_e13;1m_b1500_g5_e14;1m_b1500_g5_e20;1m_b1500_g5_e22;1m_b1500_g5_e23;1m_b1500_g5_e25;1m_b1500_g5_e26;1m_b1500_g5_e27,1m_b1500_g5_e09;1m_b1500_g5_e19,1m_b1500_g5_e02;1m_b1500_g5_e04;1m_b1500_g5_e07;1m_b1500_g5_e10;1m_b1500_g5_e12;1m_b1500_g5_e15;1m_b1500_g5_e18;1m_b1500_g5_e24
1,1500,5,RR:3.25,GG:3.50,11,16,8,3,8,0.42105263157894735,True,1m_b1500_g5_e11;1m_b1500_g5_e13;1m_b1500_g5_e20;1m_b1500_g5_e22;1m_b1500_g5_e23;1m_b1500_g5_e25;1m_b1500_g5_e26;1m_b1500_g5_e27,1m_b1500_g5_e09;1m_b1500_g5_e14;1m_b1500_g5_e19,1m_b1500_g5_e02;1m_b1500_g5_e04;1m_b1500_g5_e07;1m_b1500_g5_e10;1m_b1500_g5_e12;1m_b1500_g5_e15;1m_b1500_g5_e18;1m_b1500_g5_e24
1,1500,5,RR:3.50,GG:0.50,13,16,10,3,6,0.5263157894736842,True,1m_b1500_g5_e11;1m_b1500_g5_e13;1m_b1500_g5_e14;1m_b1500_g5_e20;1m_b1500_g5_e22;1m_b1500_g5_e23;1m_b1500_g5_e24;1m_b1500_g5_e25;1m_b1500_g5_e26;1m_b1500_g5_e27,1m_b1500_g5_e08;1m_b1500_g5_e09;1m_b1500_g5_e19,1m_b1500_g5_e04;1m_b1500_g5_e05;1m_b1500_g5_e10;1m_b1500_g5_e12;1m_b1500_g5_e18;1m_b1500_g5_e21
1,1500,5,RR:3.50,GG:0.75,13,15,9,4,6,0.47368421052631576,True,1m_b1500_g5_e11;1m_b1500_g5_e13;1m_b1500_g5_e20;1m_b1500_g5_e22;1m_b1500_g5_e23;1m_b1500_g5_e24;1m_b1500_g5_e25;1m_b1500_g5_e26;1m_b1500_g5_e27,1m_b1500_g5_e08;1m_b1500_g5_e09;1m_b1500_g5_e14;1m_b1500_g5_e19,1m_b1500_g5_e02;1m_b1500_g5_e04;1m_b1500_g5_e10;1m_b1500_g5_e12;1m_b1500_g5_e18;1m_b1500_g5_e21
1,1500,5,RR:3.50,GG:1.00,13,15,10,3,5,0.5555555555555556,True,1m_b1500_g5_e11;1m_b1500_g5_e13;1m_b1500_g5_e14;1m_b1500_g5_e20;1m_b1500_g5_e22;1m_b1500_g5_e23;1m_b1500_g5_e24;1m_b1500_g5_e25;1m_b1500_g5_e26;1m_b1500_g5_e27,1m_b1500_g5_e08;1m_b1500_g5_e09;1m_b1500_g5_e19,1m_b1500_g5_e04;1m_b1500_g5_e07;1m_b1500_g5_e10;1m_b1500_g5_e12;1m_b1500_g5_e18
1,1500,5,RR:3.50,GG:1.25,13,15,10,3,5,0.5555555555555556,True,1m_b1500_g5_e11;1m_b1500_g5_e13;1m_b1500_g5_e14;1m_b1500_g5_e20;1m_b1500_g5_e22;1m_b1500_g5_e23;1m_b1500_g5_e24;1m_b1500_g5_e25;1m_b1500_g5_e26;1m_b1500_g5_e27,1m_b1500_g5_e08;1m_b1500_g5_e09;1m_b1500_g5_e19,1m_b1500_g5_e04;1m_b1500_g5_e10;1m_b1500_g5_e12;1m_b1500_g5_e15;1m_b1500_g5_e18
1,1500,5,RR:3.50,GG:1.50,13,15,10,3,5,0.5555555555555556,True,1m_b1500_g5_e11;1m_b1500_g5_e13;1m_b1500_g5_e14;1m_b1500_g5_e20;1m_b1500_g5_e22;1m_b1500_g5_e23;1m_b1500_g5_e24;1m_b1500_g5_e25;1m_b1500_g5_e26;1m_b1500_g5_e27,1m_b1500_g5_e08;1m_b1500_g5_e09;1m_b1500_g5_e19,1m_b1500_g5_e04;1m_b1500_g5_e10;1m_b1500_g5_e12;1m_b1500_g5_e17;1m_b1500_g5_e18
1,1500,5,RR:3.50,GG:1.75,13,16,9,4,7,0.45,True,1m_b1500_g5_e11;1m_b1500_g5_e13;1m_b1500_g5_e14;1m_b1500_g5_e20;1m_b1500_g5_e22;1m_b1500_g5_e23;1m_b1500_g5_e25;1m_b1500_g5_e26;1m_b1500_g5_e27,1m_b1500_g5_e08;1m_b1500_g5_e09;1m_b1500_g5_e19;1m_b1500_g5_e24,1m_b1500_g5_e02;1m_b1500_g5_e04;1m_b1500_g5_e07;1m_b1500_g5_e10;1m_b1500_g5_e12;1m_b1500_g5_e15;1m_b1500_g5_e18
1,1500,5,RR:3.50,GG:2.00,13,15,9,4,6,0.47368421052631576,True,1m_b1500_g5_e11;1m_b1500_g5_e13;1m_b1500_g5_e14;1m_b1500_g5_e20;1m_b1500_g5_e22;1m_b1500_g5_e23;1m_b1500_g5_e25;1m_b1500_g5_e26;1m_b1500_g5_e27,1m_b1500_g5_e08;1m_b1500_g5_e09;1m_b1500_g5_e19;1m_b1500_g5_e24,1m_b1500_g5_e04;1m_b1500_g5_e07;1m_b1500_g5_e10;1m_b1500_g5_e12;1m_b1500_g5_e15;1m_b1500_g5_e18
1,1500,5,RR:3.50,GG:2.25,13,16,9,4,7,0.45,True,1m_b1500_g5_e11;1m_b1500_g5_e13;1m_b1500_g5_e14;1m_b1500_g5_e20;1m_b1500_g5_e22;1m_b1500_g5_e23;1m_b1500_g5_e25;1m_b1500_g5_e26;1m_b1500_g5_e27,1m_b1500_g5_e08;1m_b1500_g5_e09;1m_b1500_g5_e19;1m_b1500_g5_e24,1m_b1500_g5_e02;1m_b1500_g5_e04;1m_b1500_g5_e10;1m_b1500_g5_e12;1m_b1500_g5_e15;1m_b1500_g5_e17;1m_b1500_g5_e18
1,1500,5,RR:3.50,GG:2.50,13,17,10,3,7,0.5,True,1m_b1500_g5_e11;1m_b1500_g5_e13;1m_b1500_g5_e14;1m_b1500_g5_e20;1m_b1500_g5_e22;1m_b1500_g5_e23;1m_b1500_g5_e24;1m_b1500_g5_e25;1m_b1500_g5_e26;1m_b1500_g5_e27,1m_b1500_g5_e08;1m_b1500_g5_e09;1m_b1500_g5_e19,1m_b1500_g5_e02;1m_b1500_g5_e04;1m_b1500_g5_e07;1m_b1500_g5_e10;1m_b1500_g5_e12;1m_b1500_g5_e15;1m_b1500_g5_e18
1,1500,5,RR:3.50,GG:2.75,13,17,10,3,7,0.5,True,1m_b1500_g5_e11;1m_b1500_g5_e13;1m_b1500_g5_e14;1m_b1500_g5_e20;1m_b1500_g5_e22;1m_b1500_g5_e23;1m_b1500_g5_e24;1m_b1500_g5_e25;1m_b1500_g5_e26;1m_b1500_g5_e27,1m_b1500_g5_e08;1m_b1500_g5_e09;1m_b1500_g5_e19,1m_b1500_g5_e02;1m_b1500_g5_e04;1m_b1500_g5_e07;1m_b1500_g5_e10;1m_b1500_g5_e12;1m_b1500_g5_e15;1m_b1500_g5_e18
1,1500,5,RR:3.50,GG:3.00,13,18,10,3,8,0.47619047619047616,True,1m_b1500_g5_e11;1m_b1500_g5_e13;1m_b1500_g5_e14;1m_b1500_g5_e20;1m_b1500_g5_e22;1m_b1500_g5_e23;1m_b1500_g5_e24;1m_b1500_g5_e25;1m_b1500_g5_e26;1m_b1500_g5_e27,1m_b1500_g5_e08;1m_b1500_g5_e09;1m_b1500_g5_e19,1m_b1500_g5_e01;1m_b1500_g5_e02;1m_b1500_g5_e04;1m_b1500_g5_e07;1m_b1500_g5_e10;1m_b1500_g5_e12;1m_b1500_g5_e15;1m_b1500_g5_e18
1,1500,5,RR:3.50,GG:3.25,13,17,10,3,7,0.5,True,1m_b1500_g5_e11;1m_b1500_g5_e13;1m_b1500_g5_e14;1m_b1500_g5_e20;1m_b1500_g5_e22;1m_b1500_g5_e23;1m_b1500_g5_e24;1m_b1500_g5_e25;1m_b1500_g5_e26;1m_b1500_g5_e27,1m_b1500_g5_e08;1m_b1500_g5_e09;1m_b1500_g5_e19,1m_b1500_g5_e02;1m_b1500_g5_e04;1m_b1500_g5_e07;1m_b1500_g5_e10;1m_b1500_g5_e12;1m_b1500_g5_e15;1m_b1500_g5_e18
1,1500,5,RR:3.50,GG:3.50,13,16,9,4,7,0.45,True,1m_b1500_g5_e11;1m_b1500_g5_e13;1m_b1500_g5_e20;1m_b1500_g5_e22;1m_b1500_g5_e23;1m_b1500_g5_e24;1m_b1500_g5_e25;1m_b1500_g5_e26;1m_b1500_g5_e27,1m_b1500_g5_e08;1m_b1500_g5_e09;1m_b1500_g5_e14;1m_b1500_g5_e19,1m_b1500_g5_e02;1m_b1500_g5_e04;1m_b1500_g5_e07;1m_b1500_g5_e10;1m_b1500_g5_e12;1m_b1500_g5_e15;1m_b1500_g5_e18
1,1500,5,RR:0.50,RR:2.50,8,12,5,3,7,0.3333333333333333,True,1m_b1500_g5_e14;1m_b1500_g5_e20;1m_b1500_g5_e22;1m_b1500_g5_e23;1m_b1500_g5_e25,1m_b1500_g5_e06;1m_b1500_g5_e19;1m_b1500_g5_e28,1m_b1500_g5_e09;1m_b1500_g5_e11;1m_b1500_g5_e13;1m_b1500_g5_e16;1m_b1500_g5_e24;1m_b1500_g5_e26;1m_b1500_g5_e27
1,1500,20,RR:0.50,GG:0.50,7,9,5,2,4,0.45454545454545453,True,1m_b1500_g20_e07;1m_b1500_g20_e13;1m_b1500_g20_e14;1m_b1500_g20_e16;1m_b1500_g20_e17,1m_b1500_g20_e05;1m_b1500_g20_e12,1m_b1500_g20_e03;1m_b1500_g20_e04;1m_b1500_g20_e11;1m_b1500_g20_e15
1,1500,20,RR:0.50,GG:0.75,7,9,5,2,4,0.45454545454545453,True,1m_b1500_g20_e07;1m_b1500_g20_e13;1m_b1500_g20_e14;1m_b1500_g20_e16;1m_b1500_g20_e17,1m_b1500_g20_e05;1m_b1500_g20_e12,1m_b1500_g20_e01;1m_b1500_g20_e03;1m_b1500_g20_e11;1m_b1500_g20_e15
1,1500,20,RR:0.50,GG:1.00,7,9,5,2,4,0.45454545454545453,True,1m_b1500_g20_e07;1m_b1500_g20_e13;1m_b1500_g20_e14;1m_b1500_g20_e16;1m_b1500_g20_e17,1m_b1500_g20_e05;1m_b1500_g20_e12,1m_b1500_g20_e03;1m_b1500_g20_e06;1m_b1500_g20_e11;1m_b1500_g20_e15
1,1500,20,RR:0.50,GG:1.25,7,9,5,2,4,0.45454545454545453,True,1m_b1500_g20_e07;1m_b1500_g20_e13;1m_b1500_g20_e14;1m_b1500_g20_e16;1m_b1500_g20_e17,1m_b1500_g20_e05;1m_b1500_g20_e12,1m_b1500_g20_e03;1m_b1500_g20_e08;1m_b1500_g20_e11;1m_b1500_g20_e15
1,1500,20,RR:0.50,GG:1.50,7,9,5,2,4,0.45454545454545453,True,1m_b1500_g20_e07;1m_b1500_g20_e13;1m_b1500_g20_e14;1m_b1500_g20_e16;1m_b1500_g20_e17,1m_b1500_g20_e05;1m_b1500_g20_e12,1m_b1500_g20_e03;1m_b1500_g20_e10;1m_b1500_g20_e11;1m_b1500_g20_e15
1,1500,20,RR:0.50,GG:1.75,7,10,5,2,5,0.4166666666666667,True,1m_b1500_g20_e07;1m_b1500_g20_e13;1m_b1500_g20_e14;1m_b1500_g20_e16;1m_b1500_g20_e17,1m_b1500_g20_e05;1m_b1500_g20_e12,1m_b1500_g20_e01;1m_b1500_g20_e03;1m_b1500_g20_e06;1m_b1500_g20_e08;1m_b1500_g20_e11
1,1500,20,RR:0.50,GG:2.00,7,9,5,2,4,0.45454545454545453,True,1m_b1500_g20_e07;1m_b1500_g20_e13;1m_b1500_g20_e14;1m_b1500_g20_e16;1m_b1500_g20_e17,1m_b1500_g20_e05;1m_b1500_g20_e12,1m_b1500_g20_e03;1m_b1500_g20_e06;1m_b1500_g20_e08;1m_b1500_g20_e11
1,1500,20,RR:0.50,GG:2.25,7,10,5,2,5,0.4166666666666667,True,1m_b1500_g20_e07;1m_b1500_g20_e13;1m_b1500_g20_e14;1m_b1500_g20_e16;1m_b1500_g20_e17,1m_b1500_g20_e05;1m_b1500_g20_e12,1m_b1500_g20_e01;1m_b1500_g20_e03;1m_b1500_g20_e08;1m_b1500_g20_e10;1m_b1500_g20_e11
1,1500,20,RR:0.50,GG:2.50,7,11,5,2,6,0.38461538461538464,True,1m_b1500_g20_e07;1m_b1500_g20_e13;1m_b1500_g20_e14;1m_b1500_g20_e16;1m_b1500_g20_e17,1m_b1500_g20_e05;1m_b1500_g20_e12,1m_b1500_g20_e01;1m_b1500_g20_e03;1m_b1500_g20_e06;1m_b1500_g20_e08;1m_b1500_g20_e11;1m_b1500_g20_e15
1,1500,20,RR:0.50,GG:2.75,7,11,5,2,6,0.38461538461538464,True,1m_b1500_g20_e07;1m_b1500_g20_e13;1m_b1500_g20_e14;1m_b1500_g20_e16;1m_b1500_g20_e17,1m_b1500_g20_e05;1m_b1500_g20_e12,1m_b1500_g20_e01;1m_b1500_g20_e03;1m_b1500_g20_e06;1m_b1500_g20_e08;1m_b1500_g20_e11;1m_b1500_g20_e15
1,1500,20,RR:0.50,GG:3.00,7,11,5,2,6,0.38461538461538464,True,1m_b1500_g20_e07;1m_b1500_g20_e13;1m_b1500_g20_e14;1m_b1500_g20_e16;1m_b1500_g20_e17,1m_b1500_g20_e05;1m_b1500_g20_e12,1m_b1500_g20_e01;1m_b1500_g20_e03;1m_b1500_g20_e06;1m_b1500_g20_e08;1m_b1500_g20_e11;1m_b1500_g20_e15
1,1500,20,RR:0.50,GG:3.25,7,11,5,2,6,0.38461538461538464,True,1m_b1500_g20_e07;1m_b1500_g20_e13;1m_b1500_g20_e14;1m_b1500_g20_e16;1m_b1500_g20_e17,1m_b1500_g20_e05;1m_b1500_g20_e12,1m_b1500_g20_e01;1m_b1500_g20_e03;1m_b1500_g20_e06;1m_b1500_g20_e08;1m_b1500_g20_e11;1m_b1500_g20_e15
1,1500,20,RR:0.50,GG:3.50,7,11,5,2,6,0.38461538461538464,True,1m_b1500_g20_e07;1m_b1500_g20_e13;1m_b1500_g20_e14;1m_b1500_g20_e16;1m_b1500_g20_e17,1m_b1500_g20_e05;1m_b1500_g20_e12,1m_b1500_g20_e01;1m_b1500_g20_e03;1m_b1500_g20_e06;1m_b1500_g20_e08;1m_b1500_g20_e11;1m_b1500_g20_e15
1,1500,20,RR:0.75,GG:0.50,6,9,5,1,4,0.5,True,1m_b1500_g20_e07;1m_b1500_g20_e13;1m_b1500_g20_e14;1m_b1500_g20_e16;1m_b1500_g20_e17,1m_b1500_g20_e01,1m_b1500_g20_e03;1m_b1500_g20_e04;1m_b1500_g20_e11;1m_b1500_g20_e15
1,1500,20,RR:0.75,GG:0.75,6,9,6,0,3,0.6666666666666666,False,1m_b1500_g20_e01;1m_b1500_g20_e07;1m_b1500_g20_e13;1m_b1500_g20_e14;1m_b1500_g20_e16;1m_b1500_g20_e17,,1m_b1500_g20_e03;1m_b1500_g20_e11;1m_b1500_g20_e15
1,1500,20,RR:0.75,GG:1.00,6,9,5,1,4,0.5,True,1m_b1500_g20_e07;1m_b1500_g20_e13;1m_b1500_g20_e14;1m_b1500_g20_e16;1m_b1500_g20_e17,1m_b1500_g20_e01,1m_b1500_g20_e03;1m_b1500_g20_e06;1m_b1500_g20_e11;1m_b1500_g20_e15
1,1500,20,RR:0.75,GG:1.25,6,9,5,1,4,0.5,True,1m_b1500_g20_e07;1m_b1500_g20_e13;1m_b1500_g20_e14;1m_b1500_g20_e16;1m_b1500_g20_e17,1m_b1500_g20_e01,1m_b1500_g20_e03;1m_b1500_g20_e08;1m_b1500_g20_e11;1m_b1500_g20_e15
1,1500,20,RR:0.75,GG:1.50,6,9,5,1,4,0.5,True,1m_b1500_g20_e07;1m_b1500_g20_e13;1m_b1500_g20_e14;1m_b1500_g20_e16;1m_b1500_g20_e17,1m_b1500_g20_e01,1m_b1500_g20_e03;1m_b1500_g20_e10;1m_b1500_g20_e11;1m_b1500_g20_e15
1,1500,20,RR:0.75,GG:1.75,6,10,6,0,4,0.6,False,1m_b1500_g20_e01;1m_b1500_g20_e07;1m_b1500_g20_e13;1m_b1500_g20_e14;1m_b1500_g20_e16;1m_b1500_g20_e17,,1m_b1500_g20_e03;1m_b1500_g20_e06;1m_b1500_g20_e08;1m_b1500_g20_e11
1,1500,20,RR:0.75,GG:2.00,6,9,5,1,4,0.5,True,1m_b1500_g20_e07;1m_b1500_g20_e13;1m_b1500_g20_e14;1m_b1500_g20_e16;1m_b1500_g20_e17,1m_b1500_g20_e01,1m_b1500_g20_e03;1m_b1500_g20_e06;1m_b1500_g20_e08;1m_b1500_g20_e11
1,1500,20,RR:0.75,GG:2.25,6,10,6,0,4,0.6,False,1m_b1500_g20_e01;1m_b1500_g20_e07;1m_b1500_g20_e13;1m_b1500_g20_e14;1m_b1500_g20_e16;1m_b1500_g20_e17,,1m_b1500_g20_e03;1m_b1500_g20_e08;1m_b1500_g20_e10;1m_b1500_g20_e11
1,1500,20,RR:0.75,GG:2.50,6,11,6,0,5,0.5454545454545454,False,1m_b1500_g20_e01;1m_b1500_g20_e07;1m_b1500_g20_e13;1m_b1500_g20_e14;1m_b1500_g20_e16;1m_b1500_g20_e17,,1m_b1500_g20_e03;1m_b1500_g20_e06;1m_b1500_g20_e08;1m_b1500_g20_e11;1m_b1500_g20_e15
1,1500,20,RR:0.75,GG:2.75,6,11,6,0,5,0.5454545454545454,False,1m_b1500_g20_e01;1m_b1500_g20_e07;1m_b1500_g20_e13;1m_b1500_g20_e14;1m_b1500_g20_e16;1m_b1500_g20_e17,,1m_b1500_g20_e03;1m_b1500_g20_e06;1m_b1500_g20_e08;1m_b1500_g20_e11;1m_b1500_g20_e15
1,1500,20,RR:0.75,GG:3.00,6,11,6,0,5,0.5454545454545454,False,1m_b1500_g20_e01;1m_b1500_g20_e07;1m_b1500_g20_e13;1m_b1500_g20_e14;1m_b1500_g20_e16;1m_b1500_g20_e17,,1m_b1500_g20_e03;1m_b1500_g20_e06;1m_b1500_g20_e08;1m_b1500_g20_e11;1m_b1500_g20_e15
1,1500,20,RR:0.75,GG:3.25,6,11,6,0,5,0.5454545454545454,False,1m_b1500_g20_e01;1m_b1500_g20_e07;1m_b1500_g20_e13;1m_b1500_g20_e14;1m_b1500_g20_e16;1m_b1500_g20_e17,,1m_b1500_g20_e03;1m_b1500_g20_e06;1m_b1500_g20_e08;1m_b1500_g20_e11;1m_b1500_g20_e15
1,1500,20,RR:0.75,GG:3.50,6,11,6,0,5,0.5454545454545454,False,1m_b1500_g20_e01;1m_b1500_g20_e07;1m_b1500_g20_e13;1m_b1500_g20_e14;1m_b1500_g20_e16;1m_b1500_g20_e17,,1m_b1500_g20_e03;1m_b1500_g20_e06;1m_b1500_g20_e08;1m_b1500_g20_e11;1m_b1500_g20_e15
1,1500,20,RR:1.00,GG:0.50,5,9,3,2,6,0.2727272727272727,True,1m_b1500_g20_e07;1m_b1500_g20_e14;1m_b1500_g20_e16,1m_b1500_g20_e01;1m_b1500_g20_e12,1m_b1500_g20_e03;1m_b1500_g20_e04;1m_b1500_g20_e11;1m_b1500_g20_e13;1m_b1500_g20_e15;1m_b1500_g20_e17
1,1500,20,RR:1.00,GG:0.75,5,9,4,1,5,0.4,True,1m_b1500_g20_e01;1m_b1500_g20_e07;1m_b1500_g20_e14;1m_b1500_g20_e16,1m_b1500_g20_e12,1m_b1500_g20_e03;1m_b1500_g20_e11;1m_b1500_g20_e13;1m_b1500_g20_e15;1m_b1500_g20_e17
1,1500,20,RR:1.00,GG:1.00,5,9,3,2,6,0.2727272727272727,True,1m_b1500_g20_e07;1m_b1500_g20_e14;1m_b1500_g20_e16,1m_b1500_g20_e01;1m_b1500_g20_e12,1m_b1500_g20_e03;1m_b1500_g20_e06;1m_b1500_g20_e11;1m_b1500_g20_e13;1m_b1500_g20_e15;1m_b1500_g20_e17
1,1500,20,RR:1.00,GG:1.25,5,9,3,2,6,0.2727272727272727,True,1m_b1500_g20_e07;1m_b1500_g20_e14;1m_b1500_g20_e16,1m_b1500_g20_e01;1m_b1500_g20_e12,1m_b1500_g20_e03;1m_b1500_g20_e08;1m_b1500_g20_e11;1m_b1500_g20_e13;1m_b1500_g20_e15;1m_b1500_g20_e17
1,1500,20,RR:1.00,GG:1.50,5,9,3,2,6,0.2727272727272727,True,1m_b1500_g20_e07;1m_b1500_g20_e14;1m_b1500_g20_e16,1m_b1500_g20_e01;1m_b1500_g20_e12,1m_b1500_g20_e03;1m_b1500_g20_e10;1m_b1500_g20_e11;1m_b1500_g20_e13;1m_b1500_g20_e15;1m_b1500_g20_e17
1,1500,20,RR:1.00,GG:1.75,5,10,4,1,6,0.36363636363636365,True,1m_b1500_g20_e01;1m_b1500_g20_e07;1m_b1500_g20_e14;1m_b1500_g20_e16,1m_b1500_g20_e12,1m_b1500_g20_e03;1m_b1500_g20_e06;1m_b1500_g20_e08;1m_b1500_g20_e11;1m_b1500_g20_e13;1m_b1500_g20_e17
1,1500,20,RR:1.00,GG:2.00,5,9,3,2,6,0.2727272727272727,True,1m_b1500_g20_e07;1m_b1500_g20_e14;1m_b1500_g20_e16,1m_b1500_g20_e01;1m_b1500_g20_e12,1m_b1500_g20_e03;1m_b1500_g20_e06;1m_b1500_g20_e08;1m_b1500_g20_e11;1m_b1500_g20_e13;1m_b1500_g20_e17
1,1500,20,RR:1.00,GG:2.25,5,10,4,1,6,0.36363636363636365,True,1m_b1500_g20_e01;1m_b1500_g20_e07;1m_b1500_g20_e14;1m_b1500_g20_e16,1m_b1500_g20_e12,1m_b1500_g20_e03;1m_b1500_g20_e08;1m_b1500_g20_e10;1m_b1500_g20_e11;1m_b1500_g20_e13;1m_b1500_g20_e17
1,1500,20,RR:1.00,GG:2.50,5,11,4,1,7,0.3333333333333333,True,1m_b1500_g20_e01;1m_b1500_g20_e07;1m_b1500_g20_e14;1m_b1500_g20_e16,1m_b1500_g20_e12,1m_b1500_g20_e03;1m_b1500_g20_e06;1m_b1500_g20_e08;1m_b1500_g20_e11;1m_b1500_g20_e13;1m_b1500_g20_e15;1m_b1500_g20_e17
1,1500,20,RR:1.00,GG:2.75,5,11,4,1,7,0.3333333333333333,True,1m_b1500_g20_e01;1m_b1500_g20_e07;1m_b1500_g20_e14;1m_b1500_g20_e16,1m_b1500_g20_e12,1m_b1500_g20_e03;1m_b1500_g20_e06;1m_b1500_g20_e08;1m_b1500_g20_e11;1m_b1500_g20_e13;1m_b1500_g20_e15;1m_b1500_g20_e17
1,1500,20,RR:1.00,GG:3.00,5,11,4,1,7,0.3333333333333333,True,1m_b1500_g20_e01;1m_b1500_g20_e07;1m_b1500_g20_e14;1m_b1500_g20_e16,1m_b1500_g20_e12,1m_b1500_g20_e03;1m_b1500_g20_e06;1m_b1500_g20_e08;1m_b1500_g20_e11;1m_b1500_g20_e13;1m_b1500_g20_e15;1m_b1500_g20_e17
1,1500,20,RR:1.00,GG:3.25,5,11,4,1,7,0.3333333333333333,True,1m_b1500_g20_e01;1m_b1500_g20_e07;1m_b1500_g20_e14;1m_b1500_g20_e16,1m_b1500_g20_e12,1m_b1500_g20_e03;1m_b1500_g20_e06;1m_b1500_g20_e08;1m_b1500_g20_e11;1m_b1500_g20_e13;1m_b1500_g20_e15;1m_b1500_g20_e17
1,1500,20,RR:1.00,GG:3.50,5,11,4,1,7,0.3333333333333333,True,1m_b1500_g20_e01;1m_b1500_g20_e07;1m_b1500_g20_e14;1m_b1500_g20_e16,1m_b1500_g20_e12,1m_b1500_g20_e03;1m_b1500_g20_e06;1m_b1500_g20_e08;1m_b1500_g20_e11;1m_b1500_g20_e13;1m_b1500_g20_e15;1m_b1500_g20_e17
1,1500,20,RR:1.25,GG:0.50,6,9,4,2,5,0.36363636363636365,True,1m_b1500_g20_e07;1m_b1500_g20_e14;1m_b1500_g20_e16;1m_b1500_g20_e17,1m_b1500_g20_e01;1m_b1500_g20_e12,1m_b1500_g20_e03;1m_b1500_g20_e04;1m_b1500_g20_e11;1m_b1500_g20_e13;1m_b1500_g20_e15
1,1500,20,RR:1.25,GG:0.75,6,9,5,1,4,0.5,True,1m_b1500_g20_e01;1m_b1500_g20_e07;1m_b1500_g20_e14;1m_b1500_g20_e16;1m_b1500_g20_e17,1m_b1500_g20_e12,1m_b1500_g20_e03;1m_b1500_g20_e11;1m_b1500_g20_e13;1m_b1500_g20_e15
1,1500,20,RR:1.25,GG:1.00,6,9,4,2,5,0.36363636363636365,True,1m_b1500_g20_e07;1m_b1500_g20_e14;1m_b1500_g20_e16;1m_b1500_g20_e17,1m_b1500_g20_e01;1m_b1500_g20_e12,1m_b1500_g20_e03;1m_b1500_g20_e06;1m_b1500_g20_e11;1m_b1500_g20_e13;1m_b1500_g20_e15
1,1500,20,RR:1.25,GG:1.25,6,9,4,2,5,0.36363636363636365,True,1m_b1500_g20_e07;1m_b1500_g20_e14;1m_b1500_g20_e16;1m_b1500_g20_e17,1m_b1500_g20_e01;1m_b1500_g20_e12,1m_b1500_g20_e03;1m_b1500_g20_e08;1m_b1500_g20_e11;1m_b1500_g20_e13;1m_b1500_g20_e15
1,1500,20,RR:1.25,GG:1.50,6,9,4,2,5,0.36363636363636365,True,1m_b1500_g20_e07;1m_b1500_g20_e14;1m_b1500_g20_e16;1m_b1500_g20_e17,1m_b1500_g20_e01;1m_b1500_g20_e12,1m_b1500_g20_e03;1m_b1500_g20_e10;1m_b1500_g20_e11;1m_b1500_g20_e13;1m_b1500_g20_e15
1,1500,20,RR:1.25,GG:1.75,6,10,5,1,5,0.45454545454545453,True,1m_b1500_g20_e01;1m_b1500_g20_e07;1m_b1500_g20_e14;1m_b1500_g20_e16;1m_b1500_g20_e17,1m_b1500_g20_e12,1m_b1500_g20_e03;1m_b1500_g20_e06;1m_b1500_g20_e08;1m_b1500_g20_e11;1m_b1500_g20_e13
1,1500,20,RR:1.25,GG:2.00,6,9,4,2,5,0.36363636363636365,True,1m_b1500_g20_e07;1m_b1500_g20_e14;1m_b1500_g20_e16;1m_b1500_g20_e17,1m_b1500_g20_e01;1m_b1500_g20_e12,1m_b1500_g20_e03;1m_b1500_g20_e06;1m_b1500_g20_e08;1m_b1500_g20_e11;1m_b1500_g20_e13
1,1500,20,RR:1.25,GG:2.25,6,10,5,1,5,0.45454545454545453,True,1m_b1500_g20_e01;1m_b1500_g20_e07;1m_b1500_g20_e14;1m_b1500_g20_e16;1m_b1500_g20_e17,1m_b1500_g20_e12,1m_b1500_g20_e03;1m_b1500_g20_e08;1m_b1500_g20_e10;1m_b1500_g20_e11;1m_b1500_g20_e13
1,1500,20,RR:1.25,GG:2.50,6,11,5,1,6,0.4166666666666667,True,1m_b1500_g20_e01;1m_b1500_g20_e07;1m_b1500_g20_e14;1m_b1500_g20_e16;1m_b1500_g20_e17,1m_b1500_g20_e12,1m_b1500_g20_e03;1m_b1500_g20_e06;1m_b1500_g20_e08;1m_b1500_g20_e11;1m_b1500_g20_e13;1m_b1500_g20_e15
1,1500,20,RR:1.25,GG:2.75,6,11,5,1,6,0.4166666666666667,True,1m_b1500_g20_e01;1m_b1500_g20_e07;1m_b1500_g20_e14;1m_b1500_g20_e16;1m_b1500_g20_e17,1m_b1500_g20_e12,1m_b1500_g20_e03;1m_b1500_g20_e06;1m_b1500_g20_e08;1m_b1500_g20_e11;1m_b1500_g20_e13;1m_b1500_g20_e15
1,1500,20,RR:1.25,GG:3.00,6,11,5,1,6,0.4166666666666667,True,1m_b1500_g20_e01;1m_b1500_g20_e07;1m_b1500_g20_e14;1m_b1500_g20_e16;1m_b1500_g20_e17,1m_b1500_g20_e12,1m_b1500_g20_e03;1m_b1500_g20_e06;1m_b1500_g20_e08;1m_b1500_g20_e11;1m_b1500_g20_e13;1m_b1500_g20_e15
1,1500,20,RR:1.25,GG:3.25,6,11,5,1,6,0.4166666666666667,True,1m_b1500_g20_e01;1m_b1500_g20_e07;1m_b1500_g20_e14;1m_b1500_g20_e16;1m_b1500_g20_e17,1m_b1500_g20_e12,1m_b1500_g20_e03;1m_b1500_g20_e06;1m_b1500_g20_e08;1m_b1500_g20_e11;1m_b1500_g20_e13;1m_b1500_g20_e15
1,1500,20,RR:1.25,GG:3.50,6,11,5,1,6,0.4166666666666667,True,1m_b1500_g20_e01;1m_b1500_g20_e07;1m_b1500_g20_e14;1m_b1500_g20_e16;1m_b1500_g20_e17,1m_b1500_g20_e12,1m_b1500_g20_e03;1m_b1500_g20_e06;1m_b1500_g20_e08;1m_b1500_g20_e11;1m_b1500_g20_e13;1m_b1500_g20_e15
1,1500,20,RR:1.50,GG:0.50,8,9,5,3,4,0.4166666666666667,True,1m_b1500_g20_e07;1m_b1500_g20_e13;1m_b1500_g20_e14;1m_b1500_g20_e16;1m_b1500_g20_e17,1m_b1500_g20_e01;1m_b1500_g20_e09;1m_b1500_g20_e12,1m_b1500_g20_e03;1m_b1500_g20_e04;1m_b1500_g20_e11;1m_b1500_g20_e15
1,1500,20,RR:1.50,GG:0.75,8,9,6,2,3,0.5454545454545454,True,1m_b1500_g20_e01;1m_b1500_g20_e07;1m_b1500_g20_e13;1m_b1500_g20_e14;1m_b1500_g20_e16;1m_b1500_g20_e17,1m_b1500_g20_e09;1m_b1500_g20_e12,1m_b1500_g20_e03;1m_b1500_g20_e11;1m_b1500_g20_e15
1,1500,20,RR:1.50,GG:1.00,8,9,5,3,4,0.4166666666666667,True,1m_b1500_g20_e07;1m_b1500_g20_e13;1m_b1500_g20_e14;1m_b1500_g20_e16;1m_b1500_g20_e17,1m_b1500_g20_e01;1m_b1500_g20_e09;1m_b1500_g20_e12,1m_b1500_g20_e03;1m_b1500_g20_e06;1m_b1500_g20_e11;1m_b1500_g20_e15
1,1500,20,RR:1.50,GG:1.25,8,9,5,3,4,0.4166666666666667,True,1m_b1500_g20_e07;1m_b1500_g20_e13;1m_b1500_g20_e14;1m_b1500_g20_e16;1m_b1500_g20_e17,1m_b1500_g20_e01;1m_b1500_g20_e09;1m_b1500_g20_e12,1m_b1500_g20_e03;1m_b1500_g20_e08;1m_b1500_g20_e11;1m_b1500_g20_e15
1,1500,20,RR:1.50,GG:1.50,8,9,5,3,4,0.4166666666666667,True,1m_b1500_g20_e07;1m_b1500_g20_e13;1m_b1500_g20_e14;1m_b1500_g20_e16;1m_b1500_g20_e17,1m_b1500_g20_e01;1m_b1500_g20_e09;1m_b1500_g20_e12,1m_b1500_g20_e03;1m_b1500_g20_e10;1m_b1500_g20_e11;1m_b1500_g20_e15
1,1500,20,RR:1.50,GG:1.75,8,10,6,2,4,0.5,True,1m_b1500_g20_e01;1m_b1500_g20_e07;1m_b1500_g20_e13;1m_b1500_g20_e14;1m_b1500_g20_e16;1m_b1500_g20_e17,1m_b1500_g20_e09;1m_b1500_g20_e12,1m_b1500_g20_e03;1m_b1500_g20_e06;1m_b1500_g20_e08;1m_b1500_g20_e11
1,1500,20,RR:1.50,GG:2.00,8,9,5,3,4,0.4166666666666667,True,1m_b1500_g20_e07;1m_b1500_g20_e13;1m_b1500_g20_e14;1m_b1500_g20_e16;1m_b1500_g20_e17,1m_b1500_g20_e01;1m_b1500_g20_e09;1m_b1500_g20_e12,1m_b1500_g20_e03;1m_b1500_g20_e06;1m_b1500_g20_e08;1m_b1500_g20_e11
1,1500,20,RR:1.50,GG:2.25,8,10,6,2,4,0.5,True,1m_b1500_g20_e01;1m_b1500_g20_e07;1m_b1500_g20_e13;1m_b1500_g20_e14;1m_b1500_g20_e16;1m_b1500_g20_e17,1m_b1500_g20_e09;1m_b1500_g20_e12,1m_b1500_g20_e03;1m_b1500_g20_e08;1m_b1500_g20_e10;1m_b1500_g20_e11
1,1500,20,RR:1.50,GG:2.50,8,11,6,2,5,0.46153846153846156,True,1m_b1500_g20_e01;1m_b1500_g20_e07;1m_b1500_g20_e13;1m_b1500_g20_e14;1m_b1500_g20_e16;1m_b1500_g20_e17,1m_b1500_g20_e09;1m_b1500_g20_e12,1m_b1500_g20_e03;1m_b1500_g20_e06;1m_b1500_g20_e08;1m_b1500_g20_e11;1m_b1500_g20_e15
1,1500,20,RR:1.50,GG:2.75,8,11,6,2,5,0.46153846153846156,True,1m_b1500_g20_e01;1m_b1500_g20_e07;1m_b1500_g20_e13;1m_b1500_g20_e14;1m_b1500_g20_e16;1m_b1500_g20_e17,1m_b1500_g20_e09;1m_b1500_g20_e12,1m_b1500_g20_e03;1m_b1500_g20_e06;1m_b1500_g20_e08;1m_b1500_g20_e11;1m_b1500_g20_e15
1,1500,20,RR:1.50,GG:3.00,8,11,6,2,5,0.46153846153846156,True,1m_b1500_g20_e01;1m_b1500_g20_e07;1m_b1500_g20_e13;1m_b1500_g20_e14;1m_b1500_g20_e16;1m_b1500_g20_e17,1m_b1500_g20_e09;1m_b1500_g20_e12,1m_b1500_g20_e03;1m_b1500_g20_e06;1m_b1500_g20_e08;1m_b1500_g20_e11;1m_b1500_g20_e15
1,1500,20,RR:1.50,GG:3.25,8,11,6,2,5,0.46153846153846156,True,1m_b1500_g20_e01;1m_b1500_g20_e07;1m_b1500_g20_e13;1m_b1500_g20_e14;1m_b1500_g20_e16;1m_b1500_g20_e17,1m_b1500_g20_e09;1m_b1500_g20_e12,1m_b1500_g20_e03;1m_b1500_g20_e06;1m_b1500_g20_e08;1m_b1500_g20_e11;1m_b1500_g20_e15
1,1500,20,RR:1.50,GG:3.50,8,11,6,2,5,0.46153846153846156,True,1m_b1500_g20_e01;1m_b1500_g20_e07;1m_b1500_g20_e13;1m_b1500_g20_e14;1m_b1500_g20_e16;1m_b1500_g20_e17,1m_b1500_g20_e09;1m_b1500_g20_e12,1m_b1500_g20_e03;1m_b1500_g20_e06;1m_b1500_g20_e08;1m_b1500_g20_e11;1m_b1500_g20_e15
1,1500,20,RR:1.75,GG:0.50,9,9,6,3,3,0.5,True,1m_b1500_g20_e07;1m_b1500_g20_e13;1m_b1500_g20_e14;1m_b1500_g20_e15;1m_b1500_g20_e16;1m_b1500_g20_e17,1m_b1500_g20_e02;1m_b1500_g20_e09;1m_b1500_g20_e12,1m_b1500_g20_e03;1m_b1500_g20_e04;1m_b1500_g20_e11
1,1500,20,RR:1.75,GG:0.75,9,9,6,3,3,0.5,True,1m_b1500_g20_e07;1m_b1500_g20_e13;1m_b1500_g20_e14;1m_b1500_g20_e15;1m_b1500_g20_e16;1m_b1500_g20_e17,1m_b1500_g20_e02;1m_b1500_g20_e09;1m_b1500_g20_e12,1m_b1500_g20_e01;1m_b1500_g20_e03;1m_b1500_g20_e11
1,1500,20,RR:1.75,GG:1.00,9,9,6,3,3,0.5,True,1m_b1500_g20_e07;1m_b1500_g20_e13;1m_b1500_g20_e14;1m_b1500_g20_e15;1m_b1500_g20_e16;1m_b1500_g20_e17,1m_b1500_g20_e02;1m_b1500_g20_e09;1m_b1500_g20_e12,1m_b1500_g20_e03;1m_b1500_g20_e06;1m_b1500_g20_e11
1,1500,20,RR:1.75,GG:1.25,9,9,6,3,3,0.5,True,1m_b1500_g20_e07;1m_b1500_g20_e13;1m_b1500_g20_e14;1m_b1500_g20_e15;1m_b1500_g20_e16;1m_b1500_g20_e17,1m_b1500_g20_e02;1m_b1500_g20_e09;1m_b1500_g20_e12,1m_b1500_g20_e03;1m_b1500_g20_e08;1m_b1500_g20_e11
1,1500,20,RR:1.75,GG:1.50,9,9,6,3,3,0.5,True,1m_b1500_g20_e07;1m_b1500_g20_e13;1m_b1500_g20_e14;1m_b1500_g20_e15;1m_b1500_g20_e16;1m_b1500_g20_e17,1m_b1500_g20_e02;1m_b1500_g20_e09;1m_b1500_g20_e12,1m_b1500_g20_e03;1m_b1500_g20_e10;1m_b1500_g20_e11
1,1500,20,RR:1.75,GG:1.75,9,10,5,4,5,0.35714285714285715,True,1m_b1500_g20_e07;1m_b1500_g20_e13;1m_b1500_g20_e14;1m_b1500_g20_e16;1m_b1500_g20_e17,1m_b1500_g20_e02;1m_b1500_g20_e09;1m_b1500_g20_e12;1m_b1500_g20_e15,1m_b1500_g20_e01;1m_b1500_g20_e03;1m_b1500_g20_e06;1m_b1500_g20_e08;1m_b1500_g20_e11
1,1500,20,RR:1.75,GG:2.00,9,9,5,4,4,0.38461538461538464,True,1m_b1500_g20_e07;1m_b1500_g20_e13;1m_b1500_g20_e14;1m_b1500_g20_e16;1m_b1500_g20_e17,1m_b1500_g20_e02;1m_b1500_g20_e09;1m_b1500_g20_e12;1m_b1500_g20_e15,1m_b1500_g20_e03;1m_b1500_g20_e06;1m_b1500_g20_e08;1m_b1500_g20_e11
1,1500,20,RR:1.75,GG:2.25,9,10,5,4,5,0.35714285714285715,True,1m_b1500_g20_e07;1m_b1500_g20_e13;1m_b1500_g20_e14;1m_b1500_g20_e16;1m_b1500_g20_e17,1m_b1500_g20_e02;1m_b1500_g20_e09;1m_b1500_g20_e12;1m_b1500_g20_e15,1m_b1500_g20_e01;1m_b1500_g20_e03;1m_b1500_g20_e08;1m_b1500_g20_e10;1m_b1500_g20_e11
1,1500,20,RR:1.75,GG:2.50,9,11,6,3,5,0.42857142857142855,True,1m_b1500_g20_e07;1m_b1500_g20_e13;1m_b1500_g20_e14;1m_b1500_g20_e15;1m_b1500_g20_e16;1m_b1500_g20_e17,1m_b1500_g20_e02;1m_b1500_g20_e09;1m_b1500_g20_e12,1m_b1500_g20_e01;1m_b1500_g20_e03;1m_b1500_g20_e06;1m_b1500_g20_e08;1m_b1500_g20_e11
1,1500,20,RR:1.75,GG:2.75,9,11,6,3,5,0.42857142857142855,True,1m_b1500_g20_e07;1m_b1500_g20_e13;1m_b1500_g20_e14;1m_b1500_g20_e15;1m_b1500_g20_e16;1m_b1500_g20_e17,1m_b1500_g20_e02;1m_b1500_g20_e09;1m_b1500_g20_e12,1m_b1500_g20_e01;1m_b1500_g20_e03;1m_b1500_g20_e06;1m_b1500_g20_e08;1m_b1500_g20_e11
1,1500,20,RR:1.75,GG:3.00,9,11,6,3,5,0.42857142857142855,True,1m_b1500_g20_e07;1m_b1500_g20_e13;1m_b1500_g20_e14;1m_b1500_g20_e15;1m_b1500_g20_e16;1m_b1500_g20_e17,1m_b1500_g20_e02;1m_b1500_g20_e09;1m_b1500_g20_e12,1m_b1500_g20_e01;1m_b1500_g20_e03;1m_b1500_g20_e06;1m_b1500_g20_e08;1m_b1500_g20_e11
1,1500,20,RR:1.75,GG:3.25,9,11,6,3,5,0.42857142857142855,True,1m_b1500_g20_e07;1m_b1500_g20_e13;1m_b1500_g20_e14;1m_b1500_g20_e15;1m_b1500_g20_e16;1m_b1500_g20_e17,1m_b1500_g20_e02;1m_b1500_g20_e09;1m_b1500_g20_e12,1m_b1500_g20_e01;1m_b1500_g20_e03;1m_b1500_g20_e06;1m_b1500_g20_e08;1m_b1500_g20_e11
1,1500,20,RR:1.75,GG:3.50,9,11,6,3,5,0.42857142857142855,True,1m_b1500_g20_e07;1m_b1500_g20_e13;1m_b1500_g20_e14;1m_b1500_g20_e15;1m_b1500_g20_e16;1m_b1500_g20_e17,1m_b1500_g20_e02;1m_b1500_g20_e09;1m_b1500_g20_e12,1m_b1500_g20_e01;1m_b1500_g20_e03;1m_b1500_g20_e06;1m_b1500_g20_e08;1m_b1500_g20_e11
1,1500,20,RR:2.00,GG:0.50,8,9,5,3,4,0.4166666666666667,True,1m_b1500_g20_e07;1m_b1500_g20_e13;1m_b1500_g20_e14;1m_b1500_g20_e16;1m_b1500_g20_e17,1m_b1500_g20_e02;1m_b1500_g20_e09;1m_b1500_g20_e12,1m_b1500_g20_e03;1m_b1500_g20_e04;1m_b1500_g20_e11;1m_b1500_g20_e15
1,1500,20,RR:2.00,GG:0.75,8,9,5,3,4,0.4166666666666667,True,1m_b1500_g20_e07;1m_b1500_g20_e13;1m_b1500_g20_e14;1m_b1500_g20_e16;1m_b1500_g20_e17,1m_b1500_g20_e02;1m_b1500_g20_e09;1m_b1500_g20_e12,1m_b1500_g20_e01;1m_b1500_g20_e03;1m_b1500_g20_e11;1m_b1500_g20_e15
1,1500,20,RR:2.00,GG:1.00,8,9,5,3,4,0.4166666666666667,True,1m_b1500_g20_e07;1m_b1500_g20_e13;1m_b1500_g20_e14;1m_b1500_g20_e16;1m_b1500_g20_e17,1m_b1500_g20_e02;1m_b1500_g20_e09;1m_b1500_g20_e12,1m_b1500_g20_e03;1m_b1500_g20_e06;1m_b1500_g20_e11;1m_b1500_g20_e15
1,1500,20,RR:2.00,GG:1.25,8,9,5,3,4,0.4166666666666667,True,1m_b1500_g20_e07;1m_b1500_g20_e13;1m_b1500_g20_e14;1m_b1500_g20_e16;1m_b1500_g20_e17,1m_b1500_g20_e02;1m_b1500_g20_e09;1m_b1500_g20_e12,1m_b1500_g20_e03;1m_b1500_g20_e08;1m_b1500_g20_e11;1m_b1500_g20_e15
1,1500,20,RR:2.00,GG:1.50,8,9,5,3,4,0.4166666666666667,True,1m_b1500_g20_e07;1m_b1500_g20_e13;1m_b1500_g20_e14;1m_b1500_g20_e16;1m_b1500_g20_e17,1m_b1500_g20_e02;1m_b1500_g20_e09;1m_b1500_g20_e12,1m_b1500_g20_e03;1m_b1500_g20_e10;1m_b1500_g20_e11;1m_b1500_g20_e15
1,1500,20,RR:2.00,GG:1.75,8,10,5,3,5,0.38461538461538464,True,1m_b1500_g20_e07;1m_b1500_g20_e13;1m_b1500_g20_e14;1m_b1500_g20_e16;1m_b1500_g20_e17,1m_b1500_g20_e02;1m_b1500_g20_e09;1m_b1500_g20_e12,1m_b1500_g20_e01;1m_b1500_g20_e03;1m_b1500_g20_e06;1m_b1500_g20_e08;1m_b1500_g20_e11
1,1500,20,RR:2.00,GG:2.00,8,9,5,3,4,0.4166666666666667,True,1m_b1500_g20_e07;1m_b1500_g20_e13;1m_b1500_g20_e14;1m_b1500_g20_e16;1m_b1500_g20_e17,1m_b1500_g20_e02;1m_b1500_g20_e09;1m_b1500_g20_e12,1m_b1500_g20_e03;1m_b1500_g20_e06;1m_b1500_g20_e08;1m_b1500_g20_e11
1,1500,20,RR:2.00,GG:2.25,8,10,5,3,5,0.38461538461538464,True,1m_b1500_g20_e07;1m_b1500_g20_e13;1m_b1500_g20_e14;1m_b1500_g20_e16;1m_b1500_g20_e17,1m_b1500_g20_e02;1m_b1500_g20_e09;1m_b1500_g20_e12,1m_b1500_g20_e01;1m_b1500_g20_e03;1m_b1500_g20_e08;1m_b1500_g20_e10;1m_b1500_g20_e11
1,1500,20,RR:2.00,GG:2.50,8,11,5,3,6,0.35714285714285715,True,1m_b1500_g20_e07;1m_b1500_g20_e13;1m_b1500_g20_e14;1m_b1500_g20_e16;1m_b1500_g20_e17,1m_b1500_g20_e02;1m_b1500_g20_e09;1m_b1500_g20_e12,1m_b1500_g20_e01;1m_b1500_g20_e03;1m_b1500_g20_e06;1m_b1500_g20_e08;1m_b1500_g20_e11;1m_b1500_g20_e15
1,1500,20,RR:2.00,GG:2.75,8,11,5,3,6,0.35714285714285715,True,1m_b1500_g20_e07;1m_b1500_g20_e13;1m_b1500_g20_e14;1m_b1500_g20_e16;1m_b1500_g20_e17,1m_b1500_g20_e02;1m_b1500_g20_e09;1m_b1500_g20_e12,1m_b1500_g20_e01;1m_b1500_g20_e03;1m_b1500_g20_e06;1m_b1500_g20_e08;1m_b1500_g20_e11;1m_b1500_g20_e15
1,1500,20,RR:2.00,GG:3.00,8,11,5,3,6,0.35714285714285715,True,1m_b1500_g20_e07;1m_b1500_g20_e13;1m_b1500_g20_e14;1m_b1500_g20_e16;1m_b1500_g20_e17,1m_b1500_g20_e02;1m_b1500_g20_e09;1m_b1500_g20_e12,1m_b1500_g20_e01;1m_b1500_g20_e03;1m_b1500_g20_e06;1m_b1500_g20_e08;1m_b1500_g20_e11;1m_b1500_g20_e15
1,1500,20,RR:2.00,GG:3.25,8,11,5,3,6,0.35714285714285715,True,1m_b1500_g20_e07;1m_b1500_g20_e13;1m_b1500_g20_e14;1m_b1500_g20_e16;1m_b1500_g20_e17,1m_b1500_g20_e02;1m_b1500_g20_e09;1m_b1500_g20_e12,1m_b1500_g20_e01;1m_b1500_g20_e03;1m_b1500_g20_e06;1m_b1500_g20_e08;1m_b1500_g20_e11;1m_b1500_g20_e15
1,1500,20,RR:2.00,GG:3.50,8,11,5,3,6,0.35714285714285715,True,1m_b1500_g20_e07;1m_b1500_g20_e13;1m_b1500_g20_e14;1m_b1500_g20_e16;1m_b1500_g20_e17,1m_b1500_g20_e02;1m_b1500_g20_e09;1m_b1500_g20_e12,1m_b1500_g20_e01;1m_b1500_g20_e03;1m_b1500_g20_e06;1m_b1500_g20_e08;1m_b1500_g20_e11;1m_b1500_g20_e15
1,1500,20,RR:2.25,GG:0.50,7,9,5,2,4,0.45454545454545453,True,1m_b1500_g20_e07;1m_b1500_g20_e13;1m_b1500_g20_e14;1m_b1500_g20_e16;1m_b1500_g20_e17,1m_b1500_g20_e02;1m_b1500_g20_e09,1m_b1500_g20_e03;1m_b1500_g20_e04;1m_b1500_g20_e11;1m_b1500_g20_e15
1,1500,20,RR:2.25,GG:0.75,7,9,5,2,4,0.45454545454545453,True,1m_b1500_g20_e07;1m_b1500_g20_e13;1m_b1500_g20_e14;1m_b1500_g20_e16;1m_b1500_g20_e17,1m_b1500_g20_e02;1m_b1500_g20_e09,1m_b1500_g20_e01;1m_b1500_g20_e03;1m_b1500_g20_e11;1m_b1500_g20_e15
1,1500,20,RR:2.25,GG:1.00,7,9,5,2,4,0.45454545454545453,True,1m_b1500_g20_e07;1m_b1500_g20_e13;1m_b1500_g20_e14;1m_b1500_g20_e16;1m_b1500_g20_e17,1m_b1500_g20_e02;1m_b1500_g20_e09,1m_b1500_g20_e03;1m_b1500_g20_e06;1m_b1500_g20_e11;1m_b1500_g20_e15
1,1500,20,RR:2.25,GG:1.25,7,9,5,2,4,0.45454545454545453,True,1m_b1500_g20_e07;1m_b1500_g20_e13;1m_b1500_g20_e14;1m_b1500_g20_e16;1m_b1500_g20_e17,1m_b1500_g20_e02;1m_b1500_g20_e09,1m_b1500_g20_e03;1m_b1500_g20_e08;1m_b1500_g20_e11;1m_b1500_g20_e15
1,1500,20,RR:2.25,GG:1.50,7,9,5,2,4,0.45454545454545453,True,1m_b1500_g20_e07;1m_b1500_g20_e13;1m_b1500_g20_e14;1m_b1500_g20_e16;1m_b1500_g20_e17,1m_b1500_g20_e02;1m_b1500_g20_e09,1m_b1500_g20_e03;1m_b1500_g20_e10;1m_b1500_g20_e11;1m_b1500_g20_e15
1,1500,20,RR:2.25,GG:1.75,7,10,5,2,5,0.4166666666666667,True,1m_b1500_g20_e07;1m_b1500_g20_e13;1m_b1500_g20_e14;1m_b1500_g20_e16;1m_b1500_g20_e17,1m_b1500_g20_e02;1m_b1500_g20_e09,1m_b1500_g20_e01;1m_b1500_g20_e03;1m_b1500_g20_e06;1m_b1500_g20_e08;1m_b1500_g20_e11
1,1500,20,RR:2.25,GG:2.00,7,9,5,2,4,0.45454545454545453,True,1m_b1500_g20_e07;1m_b1500_g20_e13;1m_b1500_g20_e14;1m_b1500_g20_e16;1m_b1500_g20_e17,1m_b1500_g20_e02;1m_b1500_g20_e09,1m_b1500_g20_e03;1m_b1500_g20_e06;1m_b1500_g20_e08;1m_b1500_g20_e11
1,1500,20,RR:2.25,GG:2.25,7,10,5,2,5,0.4166666666666667,True,1m_b1500_g20_e07;1m_b1500_g20_e13;1m_b1500_g20_e14;1m_b1500_g20_e16;1m_b1500_g20_e17,1m_b1500_g20_e02;1m_b1500_g20_e09,1m_b1500_g20_e01;1m_b1500_g20_e03;1m_b1500_g20_e08;1m_b1500_g20_e10;1m_b1500_g20_e11
1,1500,20,RR:2.25,GG:2.50,7,11,5,2,6,0.38461538461538464,True,1m_b1500_g20_e07;1m_b1500_g20_e13;1m_b1500_g20_e14;1m_b1500_g20_e16;1m_b1500_g20_e17,1m_b1500_g20_e02;1m_b1500_g20_e09,1m_b1500_g20_e01;1m_b1500_g20_e03;1m_b1500_g20_e06;1m_b1500_g20_e08;1m_b1500_g20_e11;1m_b1500_g20_e15
1,1500,20,RR:2.25,GG:2.75,7,11,5,2,6,0.38461538461538464,True,1m_b1500_g20_e07;1m_b1500_g20_e13;1m_b1500_g20_e14;1m_b1500_g20_e16;1m_b1500_g20_e17,1m_b1500_g20_e02;1m_b1500_g20_e09,1m_b1500_g20_e01;1m_b1500_g20_e03;1m_b1500_g20_e06;1m_b1500_g20_e08;1m_b1500_g20_e11;1m_b1500_g20_e15
1,1500,20,RR:2.25,GG:3.00,7,11,5,2,6,0.38461538461538464,True,1m_b1500_g20_e07;1m_b1500_g20_e13;1m_b1500_g20_e14;1m_b1500_g20_e16;1m_b1500_g20_e17,1m_b1500_g20_e02;1m_b1500_g20_e09,1m_b1500_g20_e01;1m_b1500_g20_e03;1m_b1500_g20_e06;1m_b1500_g20_e08;1m_b1500_g20_e11;1m_b1500_g20_e15
1,1500,20,RR:2.25,GG:3.25,7,11,5,2,6,0.38461538461538464,True,1m_b1500_g20_e07;1m_b1500_g20_e13;1m_b1500_g20_e14;1m_b1500_g20_e16;1m_b1500_g20_e17,1m_b1500_g20_e02;1m_b1500_g20_e09,1m_b1500_g20_e01;1m_b1500_g20_e03;1m_b1500_g20_e06;1m_b1500_g20_e08;1m_b1500_g20_e11;1m_b1500_g20_e15
1,1500,20,RR:2.25,GG:3.50,7,11,5,2,6,0.38461538461538464,True,1m_b1500_g20_e07;1m_b1500_g20_e13;1m_b1500_g20_e14;1m_b1500_g20_e16;1m_b1500_g20_e17,1m_b1500_g20_e02;1m_b1500_g20_e09,1m_b1500_g20_e01;1m_b1500_g20_e03;1m_b1500_g20_e06;1m_b1500_g20_e08;1m_b1500_g20_e11;1m_b1500_g20_e15
1,1500,20,RR:2.50,GG:0.50,7,9,6,1,3,0.6,True,1m_b1500_g20_e07;1m_b1500_g20_e13;1m_b1500_g20_e14;1m_b1500_g20_e15;1m_b1500_g20_e16;1m_b1500_g20_e17,1m_b1500_g20_e09,1m_b1500_g20_e03;1m_b1500_g20_e04;1m_b1500_g20_e11
1,1500,20,RR:2.50,GG:0.75,7,9,6,1,3,0.6,True,1m_b1500_g20_e07;1m_b1500_g20_e13;1m_b1500_g20_e14;1m_b1500_g20_e15;1m_b1500_g20_e16;1m_b1500_g20_e17,1m_b1500_g20_e09,1m_b1500_g20_e01;1m_b1500_g20_e03;1m_b1500_g20_e11
1,1500,20,RR:2.50,GG:1.00,7,9,6,1,3,0.6,True,1m_b1500_g20_e07;1m_b1500_g20_e13;1m_b1500_g20_e14;1m_b1500_g20_e15;1m_b1500_g20_e16;1m_b1500_g20_e17,1m_b1500_g20_e09,1m_b1500_g20_e03;1m_b1500_g20_e06;1m_b1500_g20_e11
1,1500,20,RR:2.50,GG:1.25,7,9,6,1,3,0.6,True,1m_b1500_g20_e07;1m_b1500_g20_e13;1m_b1500_g20_e14;1m_b1500_g20_e15;1m_b1500_g20_e16;1m_b1500_g20_e17,1m_b1500_g20_e09,1m_b1500_g20_e03;1m_b1500_g20_e08;1m_b1500_g20_e11
1,1500,20,RR:2.50,GG:1.50,7,9,6,1,3,0.6,True,1m_b1500_g20_e07;1m_b1500_g20_e13;1m_b1500_g20_e14;1m_b1500_g20_e15;1m_b1500_g20_e16;1m_b1500_g20_e17,1m_b1500_g20_e09,1m_b1500_g20_e03;1m_b1500_g20_e10;1m_b1500_g20_e11
1,1500,20,RR:2.50,GG:1.75,7,10,5,2,5,0.4166666666666667,True,1m_b1500_g20_e07;1m_b1500_g20_e13;1m_b1500_g20_e14;1m_b1500_g20_e16;1m_b1500_g20_e17,1m_b1500_g20_e09;1m_b1500_g20_e15,1m_b1500_g20_e01;1m_b1500_g20_e03;1m_b1500_g20_e06;1m_b1500_g20_e08;1m_b1500_g20_e11
1,1500,20,RR:2.50,GG:2.00,7,9,5,2,4,0.45454545454545453,True,1m_b1500_g20_e07;1m_b1500_g20_e13;1m_b1500_g20_e14;1m_b1500_g20_e16;1m_b1500_g20_e17,1m_b1500_g20_e09;1m_b1500_g20_e15,1m_b1500_g20_e03;1m_b1500_g20_e06;1m_b1500_g20_e08;1m_b1500_g20_e11
1,1500,20,RR:2.50,GG:2.25,7,10,5,2,5,0.4166666666666667,True,1m_b1500_g20_e07;1m_b1500_g20_e13;1m_b1500_g20_e14;1m_b1500_g20_e16;1m_b1500_g20_e17,1m_b1500_g20_e09;1m_b1500_g20_e15,1m_b1500_g20_e01;1m_b1500_g20_e03;1m_b1500_g20_e08;1m_b1500_g20_e10;1m_b1500_g20_e11
1,1500,20,RR:2.50,GG:2.50,7,11,6,1,5,0.5,True,1m_b1500_g20_e07;1m_b1500_g20_e13;1m_b1500_g20_e14;1m_b1500_g20_e15;1m_b1500_g20_e16;1m_b1500_g20_e17,1m_b1500_g20_e09,1m_b1500_g20_e01;1m_b1500_g20_e03;1m_b1500_g20_e06;1m_b1500_g20_e08;1m_b1500_g20_e11
1,1500,20,RR:2.50,GG:2.75,7,11,6,1,5,0.5,True,1m_b1500_g20_e07;1m_b1500_g20_e13;1m_b1500_g20_e14;1m_b1500_g20_e15;1m_b1500_g20_e16;1m_b1500_g20_e17,1m_b1500_g20_e09,1m_b1500_g20_e01;1m_b1500_g20_e03;1m_b1500_g20_e06;1m_b1500_g20_e08;1m_b1500_g20_e11
1,1500,20,RR:2.50,GG:3.00,7,11,6,1,5,0.5,True,1m_b1500_g20_e07;1m_b1500_g20_e13;1m_b1500_g20_e14;1m_b1500_g20_e15;1m_b1500_g20_e16;1m_b1500_g20_e17,1m_b1500_g20_e09,1m_b1500_g20_e01;1m_b1500_g20_e03;1m_b1500_g20_e06;1m_b1500_g20_e08;1m_b1500_g20_e11
1,1500,20,RR:2.50,GG:3.25,7,11,6,1,5,0.5,True,1m_b1500_g20_e07;1m_b1500_g20_e13;1m_b1500_g20_e14;1m_b1500_g20_e15;1m_b1500_g20_e16;1m_b1500_g20_e17,1m_b1500_g20_e09,1m_b1500_g20_e01;1m_b1500_g20_e03;1m_b1500_g20_e06;1m_b1500_g20_e08;1m_b1500_g20_e11
1,1500,20,RR:2.50,GG:3.50,7,11,6,1,5,0.5,True,1m_b1500_g20_e07;1m_b1500_g20_e13;1m_b1500_g20_e14;1m_b1500_g20_e15;1m_b1500_g20_e16;1m_b1500_g20_e17,1m_b1500_g20_e09,1m_b1500_g20_e01;1m_b1500_g20_e03;1m_b1500_g20_e06;1m_b1500_g20_e08;1m_b1500_g20_e11
1,1500,20,RR:2.75,GG:0.50,9,9,6,3,3,0.5,True,1m_b1500_g20_e07;1m_b1500_g20_e13;1m_b1500_g20_e14;1m_b1500_g20_e15;1m_b1500_g20_e16;1m_b1500_g20_e17,1m_b1500_g20_e06;1m_b1500_g20_e09;1m_b1500_g20_e12,1m_b1500_g20_e03;1m_b1500_g20_e04;1m_b1500_g20_e11
1,1500,20,RR:2.75,GG:0.75,9,9,6,3,3,0.5,True,1m_b1500_g20_e07;1m_b1500_g20_e13;1m_b1500_g20_e14;1m_b1500_g20_e15;1m_b1500_g20_e16;1m_b1500_g20_e17,1m_b1500_g20_e06;1m_b1500_g20_e09;1m_b1500_g20_e12,1m_b1500_g20_e01;1m_b1500_g20_e03;1m_b1500_g20_e11
1,1500,20,RR:2.75,GG:1.00,9,9,7,2,2,0.6363636363636364,True,1m_b1500_g20_e06;1m_b1500_g20_e07;1m_b1500_g20_e13;1m_b1500_g20_e14;1m_b1500_g20_e15;1m_b1500_g20_e16;1m_b1500_g20_e17,1m_b1500_g20_e09;1m_b1500_g20_e12,1m_b1500_g20_e03;1m_b1500_g20_e11
1,1500,20,RR:2.75,GG:1.25,9,9,6,3,3,0.5,True,1m_b1500_g20_e07;1m_b1500_g20_e13;1m_b1500_g20_e14;1m_b1500_g20_e15;1m_b1500_g20_e16;1m_b1500_g20_e17,1m_b1500_g20_e06;1m_b1500_g20_e09;1m_b1500_g20_e12,1m_b1500_g20_e03;1m_b1500_g20_e08;1m_b1500_g20_e11
1,1500,20,RR:2.75,GG:1.50,9,9,6,3,3,0.5,True,1m_b1500_g20_e07;1m_b1500_g20_e13;1m_b1500_g20_e14;1m_b1500_g20_e15;1m_b1500_g20_e16;1m_b1500_g20_e17,1m_b1500_g20_e06;1m_b1500_g20_e09;1m_b1500_g20_e12,1m_b1500_g20_e03;1m_b1500_g20_e10;1m_b1500_g20_e11
1,1500,20,RR:2.75,GG:1.75,9,10,6,3,4,0.46153846153846156,True,1m_b1500_g20_e06;1m_b1500_g20_e07;1m_b1500_g20_e13;1m_b1500_g20_e14;1m_b1500_g20_e16;1m_b1500_g20_e17,1m_b1500_g20_e09;1m_b1500_g20_e12;1m_b1500_g20_e15,1m_b1500_g20_e01;1m_b1500_g20_e03;1m_b1500_g20_e08;1m_b1500_g20_e11
1,1500,20,RR:2.75,GG:2.00,9,9,6,3,3,0.5,True,1m_b1500_g20_e06;1m_b1500_g20_e07;1m_b1500_g20_e13;1m_b1500_g20_e14;1m_b1500_g20_e16;1m_b1500_g20_e17,1m_b1500_g20_e09;1m_b1500_g20_e12;1m_b1500_g20_e15,1m_b1500_g20_e03;1m_b1500_g20_e08;1m_b1500_g20_e11
1,1500,20,RR:2.75,GG:2.25,9,10,5,4,5,0.35714285714285715,True,1m_b1500_g20_e07;1m_b1500_g20_e13;1m_b1500_g20_e14;1m_b1500_g20_e16;1m_b1500_g20_e17,1m_b1500_g20_e06;1m_b1500_g20_e09;1m_b1500_g20_e12;1m_b1500_g20_e15,1m_b1500_g20_e01;1m_b1500_g20_e03;1m_b1500_g20_e08;1m_b1500_g20_e10;1m_b1500_g20_e11
1,1500,20,RR:2.75,GG:2.50,9,11,7,2,4,0.5384615384615384,True,1m_b1500_g20_e06;1m_b1500_g20_e07;1m_b1500_g20_e13;1m_b1500_g20_e14;1m_b1500_g20_e15;1m_b1500_g20_e16;1m_b1500_g20_e17,1m_b1500_g20_e09;1m_b1500_g20_e12,1m_b1500_g20_e01;1m_b1500_g20_e03;1m_b1500_g20_e08;1m_b1500_g20_e11
1,1500,20,RR:2.75,GG:2.75,9,11,7,2,4,0.5384615384615384,True,1m_b1500_g20_e06;1m_b1500_g20_e07;1m_b1500_g20_e13;1m_b1500_g20_e14;1m_b1500_g20_e15;1m_b1500_g20_e16;1m_b1500_g20_e17,1m_b1500_g20_e09;1m_b1500_g20_e12,1m_b1500_g20_e01;1m_b1500_g20_e03;1m_b1500_g20_e08;1m_b1500_g20_e11
1,1500,20,RR:2.75,GG:3.00,9,11,7,2,4,0.5384615384615384,True,1m_b1500_g20_e06;1m_b1500_g20_e07;1m_b1500_g20_e13;1m_b1500_g20_e14;1m_b1500_g20_e15;1m_b1500_g20_e16;1m_b1500_g20_e17,1m_b1500_g20_e09;1m_b1500_g20_e12,1m_b1500_g20_e01;1m_b1500_g20_e03;1m_b1500_g20_e08;1m_b1500_g20_e11
1,1500,20,RR:2.75,GG:3.25,9,11,7,2,4,0.5384615384615384,True,1m_b1500_g20_e06;1m_b1500_g20_e07;1m_b1500_g20_e13;1m_b1500_g20_e14;1m_b1500_g20_e15;1m_b1500_g20_e16;1m_b1500_g20_e17,1m_b1500_g20_e09;1m_b1500_g20_e12,1m_b1500_g20_e01;1m_b1500_g20_e03;1m_b1500_g20_e08;1m_b1500_g20_e11
1,1500,20,RR:2.75,GG:3.50,9,11,7,2,4,0.5384615384615384,True,1m_b1500_g20_e06;1m_b1500_g20_e07;1m_b1500_g20_e13;1m_b1500_g20_e14;1m_b1500_g20_e15;1m_b1500_g20_e16;1m_b1500_g20_e17,1m_b1500_g20_e09;1m_b1500_g20_e12,1m_b1500_g20_e01;1m_b1500_g20_e03;1m_b1500_g20_e08;1m_b1500_g20_e11
1,1500,20,RR:3.00,GG:0.50,9,9,6,3,3,0.5,True,1m_b1500_g20_e07;1m_b1500_g20_e13;1m_b1500_g20_e14;1m_b1500_g20_e15;1m_b1500_g20_e16;1m_b1500_g20_e17,1m_b1500_g20_e06;1m_b1500_g20_e09;1m_b1500_g20_e12,1m_b1500_g20_e03;1m_b1500_g20_e04;1m_b1500_g20_e11
1,1500,20,RR:3.00,GG:0.75,9,9,6,3,3,0.5,True,1m_b1500_g20_e07;1m_b1500_g20_e13;1m_b1500_g20_e14;1m_b1500_g20_e15;1m_b1500_g20_e16;1m_b1500_g20_e17,1m_b1500_g20_e06;1m_b1500_g20_e09;1m_b1500_g20_e12,1m_b1500_g20_e01;1m_b1500_g20_e03;1m_b1500_g20_e11
1,1500,20,RR:3.00,GG:1.00,9,9,7,2,2,0.6363636363636364,True,1m_b1500_g20_e06;1m_b1500_g20_e07;1m_b1500_g20_e13;1m_b1500_g20_e14;1m_b1500_g20_e15;1m_b1500_g20_e16;1m_b1500_g20_e17,1m_b1500_g20_e09;1m_b1500_g20_e12,1m_b1500_g20_e03;1m_b1500_g20_e11
1,1500,20,RR:3.00,GG:1.25,9,9,6,3,3,0.5,True,1m_b1500_g20_e07;1m_b1500_g20_e13;1m_b1500_g20_e14;1m_b1500_g20_e15;1m_b1500_g20_e16;1m_b1500_g20_e17,1m_b1500_g20_e06;1m_b1500_g20_e09;1m_b1500_g20_e12,1m_b1500_g20_e03;1m_b1500_g20_e08;1m_b1500_g20_e11
1,1500,20,RR:3.00,GG:1.50,9,9,6,3,3,0.5,True,1m_b1500_g20_e07;1m_b1500_g20_e13;1m_b1500_g20_e14;1m_b1500_g20_e15;1m_b1500_g20_e16;1m_b1500_g20_e17,1m_b1500_g20_e06;1m_b1500_g20_e09;1m_b1500_g20_e12,1m_b1500_g20_e03;1m_b1500_g20_e10;1m_b1500_g20_e11
1,1500,20,RR:3.00,GG:1.75,9,10,6,3,4,0.46153846153846156,True,1m_b1500_g20_e06;1m_b1500_g20_e07;1m_b1500_g20_e13;1m_b1500_g20_e14;1m_b1500_g20_e16;1m_b1500_g20_e17,1m_b1500_g20_e09;1m_b1500_g20_e12;1m_b1500_g20_e15,1m_b1500_g20_e01;1m_b1500_g20_e03;1m_b1500_g20_e08;1m_b1500_g20_e11
1,1500,20,RR:3.00,GG:2.00,9,9,6,3,3,0.5,True,1m_b1500_g20_e06;1m_b1500_g20_e07;1m_b1500_g20_e13;1m_b1500_g20_e14;1m_b1500_g20_e16;1m_b1500_g20_e17,1m_b1500_g20_e09;1m_b1500_g20_e12;1m_b1500_g20_e15,1m_b1500_g20_e03;1m_b1500_g20_e08;1m_b1500_g20_e11
1,1500,20,RR:3.00,GG:2.25,9,10,5,4,5,0.35714285714285715,True,1m_b1500_g20_e07;1m_b1500_g20_e13;1m_b1500_g20_e14;1m_b1500_g20_e16;1m_b1500_g20_e17,1m_b1500_g20_e06;1m_b1500_g20_e09;1m_b1500_g20_e12;1m_b1500_g20_e15,1m_b1500_g20_e01;1m_b1500_g20_e03;1m_b1500_g20_e08;1m_b1500_g20_e10;1m_b1500_g20_e11
1,1500,20,RR:3.00,GG:2.50,9,11,7,2,4,0.5384615384615384,True,1m_b1500_g20_e06;1m_b1500_g20_e07;1m_b1500_g20_e13;1m_b1500_g20_e14;1m_b1500_g20_e15;1m_b1500_g20_e16;1m_b1500_g20_e17,1m_b1500_g20_e09;1m_b1500_g20_e12,1m_b1500_g20_e01;1m_b1500_g20_e03;1m_b1500_g20_e08;1m_b1500_g20_e11
1,1500,20,RR:3.00,GG:2.75,9,11,7,2,4,0.5384615384615384,True,1m_b1500_g20_e06;1m_b1500_g20_e07;1m_b1500_g20_e13;1m_b1500_g20_e14;1m_b1500_g20_e15;1m_b1500_g20_e16;1m_b1500_g20_e17,1m_b1500_g20_e09;1m_b1500_g20_e12,1m_b1500_g20_e01;1m_b1500_g20_e03;1m_b1500_g20_e08;1m_b1500_g20_e11
1,1500,20,RR:3.00,GG:3.00,9,11,7,2,4,0.5384615384615384,True,1m_b1500_g20_e06;1m_b1500_g20_e07;1m_b1500_g20_e13;1m_b1500_g20_e14;1m_b1500_g20_e15;1m_b1500_g20_e16;1m_b1500_g20_e17,1m_b1500_g20_e09;1m_b1500_g20_e12,1m_b1500_g20_e01;1m_b1500_g20_e03;1m_b1500_g20_e08;1m_b1500_g20_e11
1,1500,20,RR:3.00,GG:3.25,9,11,7,2,4,0.5384615384615384,True,1m_b1500_g20_e06;1m_b1500_g20_e07;1m_b1500_g20_e13;1m_b1500_g20_e14;1m_b1500_g20_e15;1m_b1500_g20_e16;1m_b1500_g20_e17,1m_b1500_g20_e09;1m_b1500_g20_e12,1m_b1500_g20_e01;1m_b1500_g20_e03;1m_b1500_g20_e08;1m_b1500_g20_e11
1,1500,20,RR:3.00,GG:3.50,9,11,7,2,4,0.5384615384615384,True,1m_b1500_g20_e06;1m_b1500_g20_e07;1m_b1500_g20_e13;1m_b1500_g20_e14;1m_b1500_g20_e15;1m_b1500_g20_e16;1m_b1500_g20_e17,1m_b1500_g20_e09;1m_b1500_g20_e12,1m_b1500_g20_e01;1m_b1500_g20_e03;1m_b1500_g20_e08;1m_b1500_g20_e11
1,1500,20,RR:3.25,GG:0.50,6,9,5,1,4,0.5,True,1m_b1500_g20_e07;1m_b1500_g20_e13;1m_b1500_g20_e14;1m_b1500_g20_e16;1m_b1500_g20_e17,1m_b1500_g20_e12,1m_b1500_g20_e03;1m_b1500_g20_e04;1m_b1500_g20_e11;1m_b1500_g20_e15
1,1500,20,RR:3.25,GG:0.75,6,9,5,1,4,0.5,True,1m_b1500_g20_e07;1m_b1500_g20_e13;1m_b1500_g20_e14;1m_b1500_g20_e16;1m_b1500_g20_e17,1m_b1500_g20_e12,1m_b1500_g20_e01;1m_b1500_g20_e03;1m_b1500_g20_e11;1m_b1500_g20_e15
1,1500,20,RR:3.25,GG:1.00,6,9,5,1,4,0.5,True,1m_b1500_g20_e07;1m_b1500_g20_e13;1m_b1500_g20_e14;1m_b1500_g20_e16;1m_b1500_g20_e17,1m_b1500_g20_e12,1m_b1500_g20_e03;1m_b1500_g20_e06;1m_b1500_g20_e11;1m_b1500_g20_e15
1,1500,20,RR:3.25,GG:1.25,6,9,5,1,4,0.5,True,1m_b1500_g20_e07;1m_b1500_g20_e13;1m_b1500_g20_e14;1m_b1500_g20_e16;1m_b1500_g20_e17,1m_b1500_g20_e12,1m_b1500_g20_e03;1m_b1500_g20_e08;1m_b1500_g20_e11;1m_b1500_g20_e15
1,1500,20,RR:3.25,GG:1.50,6,9,5,1,4,0.5,True,1m_b1500_g20_e07;1m_b1500_g20_e13;1m_b1500_g20_e14;1m_b1500_g20_e16;1m_b1500_g20_e17,1m_b1500_g20_e12,1m_b1500_g20_e03;1m_b1500_g20_e10;1m_b1500_g20_e11;1m_b1500_g20_e15
1,1500,20,RR:3.25,GG:1.75,6,10,5,1,5,0.45454545454545453,True,1m_b1500_g20_e07;1m_b1500_g20_e13;1m_b1500_g20_e14;1m_b1500_g20_e16;1m_b1500_g20_e17,1m_b1500_g20_e12,1m_b1500_g20_e01;1m_b1500_g20_e03;1m_b1500_g20_e06;1m_b1500_g20_e08;1m_b1500_g20_e11
1,1500,20,RR:3.25,GG:2.00,6,9,5,1,4,0.5,True,1m_b1500_g20_e07;1m_b1500_g20_e13;1m_b1500_g20_e14;1m_b1500_g20_e16;1m_b1500_g20_e17,1m_b1500_g20_e12,1m_b1500_g20_e03;1m_b1500_g20_e06;1m_b1500_g20_e08;1m_b1500_g20_e11
1,1500,20,RR:3.25,GG:2.25,6,10,5,1,5,0.45454545454545453,True,1m_b1500_g20_e07;1m_b1500_g20_e13;1m_b1500_g20_e14;1m_b1500_g20_e16;1m_b1500_g20_e17,1m_b1500_g20_e12,1m_b1500_g20_e01;1m_b1500_g20_e03;1m_b1500_g20_e08;1m_b1500_g20_e10;1m_b1500_g20_e11
1,1500,20,RR:3.25,GG:2.50,6,11,5,1,6,0.4166666666666667,True,1m_b1500_g20_e07;1m_b1500_g20_e13;1m_b1500_g20_e14;1m_b1500_g20_e16;1m_b1500_g20_e17,1m_b1500_g20_e12,1m_b1500_g20_e01;1m_b1500_g20_e03;1m_b1500_g20_e06;1m_b1500_g20_e08;1m_b1500_g20_e11;1m_b1500_g20_e15
1,1500,20,RR:3.25,GG:2.75,6,11,5,1,6,0.4166666666666667,True,1m_b1500_g20_e07;1m_b1500_g20_e13;1m_b1500_g20_e14;1m_b1500_g20_e16;1m_b1500_g20_e17,1m_b1500_g20_e12,1m_b1500_g20_e01;1m_b1500_g20_e03;1m_b1500_g20_e06;1m_b1500_g20_e08;1m_b1500_g20_e11;1m_b1500_g20_e15
1,1500,20,RR:3.25,GG:3.00,6,11,5,1,6,0.4166666666666667,True,1m_b1500_g20_e07;1m_b1500_g20_e13;1m_b1500_g20_e14;1m_b1500_g20_e16;1m_b1500_g20_e17,1m_b1500_g20_e12,1m_b1500_g20_e01;1m_b1500_g20_e03;1m_b1500_g20_e06;1m_b1500_g20_e08;1m_b1500_g20_e11;1m_b1500_g20_e15
1,1500,20,RR:3.25,GG:3.25,6,11,5,1,6,0.4166666666666667,True,1m_b1500_g20_e07;1m_b1500_g20_e13;1m_b1500_g20_e14;1m_b1500_g20_e16;1m_b1500_g20_e17,1m_b1500_g20_e12,1m_b1500_g20_e01;1m_b1500_g20_e03;1m_b1500_g20_e06;1m_b1500_g20_e08;1m_b1500_g20_e11;1m_b1500_g20_e15
1,1500,20,RR:3.25,GG:3.50,6,11,5,1,6,0.4166666666666667,True,1m_b1500_g20_e07;1m_b1500_g20_e13;1m_b1500_g20_e14;1m_b1500_g20_e16;1m_b1500_g20_e17,1m_b1500_g20_e12,1m_b1500_g20_e01;1m_b1500_g20_e03;1m_b1500_g20_e06;1m_b1500_g20_e08;1m_b1500_g20_e11;1m_b1500_g20_e15
1,1500,20,RR:3.50,GG:0.50,7,9,6,1,3,0.6,True,1m_b1500_g20_e07;1m_b1500_g20_e13;1m_b1500_g20_e14;1m_b1500_g20_e15;1m_b1500_g20_e16;1m_b1500_g20_e17,1m_b1500_g20_e12,1m_b1500_g20_e03;1m_b1500_g20_e04;1m_b1500_g20_e11
1,1500,20,RR:3.50,GG:0.75,7,9,6,1,3,0.6,True,1m_b1500_g20_e07;1m_b1500_g20_e13;1m_b1500_g20_e14;1m_b1500_g20_e15;1m_b1500_g20_e16;1m_b1500_g20_e17,1m_b1500_g20_e12,1m_b1500_g20_e01;1m_b1500_g20_e03;1m_b1500_g20_e11
1,1500,20,RR:3.50,GG:1.00,7,9,6,1,3,0.6,True,1m_b1500_g20_e07;1m_b1500_g20_e13;1m_b1500_g20_e14;1m_b1500_g20_e15;1m_b1500_g20_e16;1m_b1500_g20_e17,1m_b1500_g20_e12,1m_b1500_g20_e03;1m_b1500_g20_e06;1m_b1500_g20_e11
1,1500,20,RR:3.50,GG:1.25,7,9,6,1,3,0.6,True,1m_b1500_g20_e07;1m_b1500_g20_e13;1m_b1500_g20_e14;1m_b1500_g20_e15;1m_b1500_g20_e16;1m_b1500_g20_e17,1m_b1500_g20_e12,1m_b1500_g20_e03;1m_b1500_g20_e08;1m_b1500_g20_e11
1,1500,20,RR:3.50,GG:1.50,7,9,6,1,3,0.6,True,1m_b1500_g20_e07;1m_b1500_g20_e13;1m_b1500_g20_e14;1m_b1500_g20_e15;1m_b1500_g20_e16;1m_b1500_g20_e17,1m_b1500_g20_e12,1m_b1500_g20_e03;1m_b1500_g20_e10;1m_b1500_g20_e11
1,1500,20,RR:3.50,GG:1.75,7,10,5,2,5,0.4166666666666667,True,1m_b1500_g20_e07;1m_b1500_g20_e13;1m_b1500_g20_e14;1m_b1500_g20_e16;1m_b1500_g20_e17,1m_b1500_g20_e12;1m_b1500_g20_e15,1m_b1500_g20_e01;1m_b1500_g20_e03;1m_b1500_g20_e06;1m_b1500_g20_e08;1m_b1500_g20_e11
1,1500,20,RR:3.50,GG:2.00,7,9,5,2,4,0.45454545454545453,True,1m_b1500_g20_e07;1m_b1500_g20_e13;1m_b1500_g20_e14;1m_b1500_g20_e16;1m_b1500_g20_e17,1m_b1500_g20_e12;1m_b1500_g20_e15,1m_b1500_g20_e03;1m_b1500_g20_e06;1m_b1500_g20_e08;1m_b1500_g20_e11
1,1500,20,RR:3.50,GG:2.25,7,10,5,2,5,0.4166666666666667,True,1m_b1500_g20_e07;1m_b1500_g20_e13;1m_b1500_g20_e14;1m_b1500_g20_e16;1m_b1500_g20_e17,1m_b1500_g20_e12;1m_b1500_g20_e15,1m_b1500_g20_e01;1m_b1500_g20_e03;1m_b1500_g20_e08;1m_b1500_g20_e10;1m_b1500_g20_e11
1,1500,20,RR:3.50,GG:2.50,7,11,6,1,5,0.5,True,1m_b1500_g20_e07;1m_b1500_g20_e13;1m_b1500_g20_e14;1m_b1500_g20_e15;1m_b1500_g20_e16;1m_b1500_g20_e17,1m_b1500_g20_e12,1m_b1500_g20_e01;1m_b1500_g20_e03;1m_b1500_g20_e06;1m_b1500_g20_e08;1m_b1500_g20_e11
1,1500,20,RR:3.50,GG:2.75,7,11,6,1,5,0.5,True,1m_b1500_g20_e07;1m_b1500_g20_e13;1m_b1500_g20_e14;1m_b1500_g20_e15;1m_b1500_g20_e16;1m_b1500_g20_e17,1m_b1500_g20_e12,1m_b1500_g20_e01;1m_b1500_g20_e03;1m_b1500_g20_e06;1m_b1500_g20_e08;1m_b1500_g20_e11
1,1500,20,RR:3.50,GG:3.00,7,11,6,1,5,0.5,True,1m_b1500_g20_e07;1m_b1500_g20_e13;1m_b1500_g20_e14;1m_b1500_g20_e15;1m_b1500_g20_e16;1m_b1500_g20_e17,1m_b1500_g20_e12,1m_b1500_g20_e01;1m_b1500_g20_e03;1m_b1500_g20_e06;1m_b1500_g20_e08;1m_b1500_g20_e11
1,1500,20,RR:3.50,GG:3.25,7,11,6,1,5,0.5,True,1m_b1500_g20_e07;1m_b1500_g20_e13;1m_b1500_g20_e14;1m_b1500_g20_e15;1m_b1500_g20_e16;1m_b1500_g20_e17,1m_b1500_g20_e12,1m_b1500_g20_e01;1m_b1500_g20_e03;1m_b1500_g20_e06;1m_b1500_g20_e08;1m_b1500_g20_e11
1,1500,20,RR:3.50,GG:3.50,7,11,6,1,5,0.5,True,1m_b1500_g20_e07;1m_b1500_g20_e13;1m_b1500_g20_e14;1m_b1500_g20_e15;1m_b1500_g20_e16;1m_b1500_g20_e17,1m_b1500_g20_e12,1m_b1500_g20_e01;1m_b1500_g20_e03;1m_b1500_g20_e06;1m_b1500_g20_e08;1m_b1500_g20_e11
1,1500,20,RR:0.50,RR:2.50,7,7,5,2,2,0.5555555555555556,True,1m_b1500_g20_e07;1m_b1500_g20_e13;1m_b1500_g20_e14;1m_b1500_g20_e16;1m_b1500_g20_e17,1m_b1500_g20_e05;1m_b1500_g20_e12,1m_b1500_g20_e09;1m_b1500_g20_e15
1,1500,40,RR:0.50,GG:0.50,7,9,6,1,3,0.6,True,1m_b1500_g40_e04;1m_b1500_g40_e06;1m_b1500_g40_e10;1m_b1500_g40_e11;1m_b1500_g40_e13;1m_b1500_g40_e14,1m_b1500_g40_e09,1m_b1500_g40_e03;1m_b1500_g40_e08;1m_b1500_g40_e12
1,1500,40,RR:0.50,GG:0.75,7,9,5,2,4,0.45454545454545453,True,1m_b1500_g40_e06;1m_b1500_g40_e10;1m_b1500_g40_e11;1m_b1500_g40_e13;1m_b1500_g40_e14,1m_b1500_g40_e04;1m_b1500_g40_e09,1m_b1500_g40_e01;1m_b1500_g40_e03;1m_b1500_g40_e08;1m_b1500_g40_e12
1,1500,40,RR:0.50,GG:1.00,7,9,5,2,4,0.45454545454545453,True,1m_b1500_g40_e06;1m_b1500_g40_e10;1m_b1500_g40_e11;1m_b1500_g40_e13;1m_b1500_g40_e14,1m_b1500_g40_e04;1m_b1500_g40_e09,1m_b1500_g40_e03;1m_b1500_g40_e05;1m_b1500_g40_e08;1m_b1500_g40_e12
1,1500,40,RR:0.50,GG:1.25,7,9,5,2,4,0.45454545454545453,True,1m_b1500_g40_e06;1m_b1500_g40_e10;1m_b1500_g40_e11;1m_b1500_g40_e13;1m_b1500_g40_e14,1m_b1500_g40_e04;1m_b1500_g40_e09,1m_b1500_g40_e03;1m_b1500_g40_e07;1m_b1500_g40_e08;1m_b1500_g40_e12
1,1500,40,RR:0.50,GG:1.50,7,9,5,2,4,0.45454545454545453,True,1m_b1500_g40_e06;1m_b1500_g40_e10;1m_b1500_g40_e11;1m_b1500_g40_e13;1m_b1500_g40_e14,1m_b1500_g40_e04;1m_b1500_g40_e09,1m_b1500_g40_e03;1m_b1500_g40_e07;1m_b1500_g40_e08;1m_b1500_g40_e12
1,1500,40,RR:0.50,GG:1.75,7,10,5,2,5,0.4166666666666667,True,1m_b1500_g40_e06;1m_b1500_g40_e10;1m_b1500_g40_e11;1m_b1500_g40_e13;1m_b1500_g40_e14,1m_b1500_g40_e04;1m_b1500_g40_e09,1m_b1500_g40_e01;1m_b1500_g40_e03;1m_b1500_g40_e05;1m_b1500_g40_e07;1m_b1500_g40_e08
1,1500,40,RR:0.50,GG:2.00,7,9,5,2,4,0.45454545454545453,True,1m_b1500_g40_e06;1m_b1500_g40_e10;1m_b1500_g40_e11;1m_b1500_g40_e13;1m_b1500_g40_e14,1m_b1500_g40_e04;1m_b1500_g40_e09,1m_b1500_g40_e03;1m_b1500_g40_e05;1m_b1500_g40_e07;1m_b1500_g40_e08
1,1500,40,RR:0.50,GG:2.25,7,9,5,2,4,0.45454545454545453,True,1m_b1500_g40_e06;1m_b1500_g40_e10;1m_b1500_g40_e11;1m_b1500_g40_e13;1m_b1500_g40_e14,1m_b1500_g40_e04;1m_b1500_g40_e09,1m_b1500_g40_e01;1m_b1500_g40_e03;1m_b1500_g40_e07;1m_b1500_g40_e08
1,1500,40,RR:0.50,GG:2.50,7,11,5,2,6,0.38461538461538464,True,1m_b1500_g40_e06;1m_b1500_g40_e10;1m_b1500_g40_e11;1m_b1500_g40_e13;1m_b1500_g40_e14,1m_b1500_g40_e04;1m_b1500_g40_e09,1m_b1500_g40_e01;1m_b1500_g40_e03;1m_b1500_g40_e05;1m_b1500_g40_e07;1m_b1500_g40_e08;1m_b1500_g40_e12
1,1500,40,RR:0.50,GG:2.75,7,11,5,2,6,0.38461538461538464,True,1m_b1500_g40_e06;1m_b1500_g40_e10;1m_b1500_g40_e11;1m_b1500_g40_e13;1m_b1500_g40_e14,1m_b1500_g40_e04;1m_b1500_g40_e09,1m_b1500_g40_e01;1m_b1500_g40_e03;1m_b1500_g40_e05;1m_b1500_g40_e07;1m_b1500_g40_e08;1m_b1500_g40_e12
1,1500,40,RR:0.50,GG:3.00,7,11,5,2,6,0.38461538461538464,True,1m_b1500_g40_e06;1m_b1500_g40_e10;1m_b1500_g40_e11;1m_b1500_g40_e13;1m_b1500_g40_e14,1m_b1500_g40_e04;1m_b1500_g40_e09,1m_b1500_g40_e01;1m_b1500_g40_e03;1m_b1500_g40_e05;1m_b1500_g40_e07;1m_b1500_g40_e08;1m_b1500_g40_e12
1,1500,40,RR:0.50,GG:3.25,7,11,5,2,6,0.38461538461538464,True,1m_b1500_g40_e06;1m_b1500_g40_e10;1m_b1500_g40_e11;1m_b1500_g40_e13;1m_b1500_g40_e14,1m_b1500_g40_e04;1m_b1500_g40_e09,1m_b1500_g40_e01;1m_b1500_g40_e03;1m_b1500_g40_e05;1m_b1500_g40_e07;1m_b1500_g40_e08;1m_b1500_g40_e12
1,1500,40,RR:0.50,GG:3.50,7,11,5,2,6,0.38461538461538464,True,1m_b1500_g40_e06;1m_b1500_g40_e10;1m_b1500_g40_e11;1m_b1500_g40_e13;1m_b1500_g40_e14,1m_b1500_g40_e04;1m_b1500_g40_e09,1m_b1500_g40_e01;1m_b1500_g40_e03;1m_b1500_g40_e05;1m_b1500_g40_e07;1m_b1500_g40_e08;1m_b1500_g40_e12
1,1500,40,RR:0.75,GG:0.50,6,9,5,1,4,0.5,True,1m_b1500_g40_e06;1m_b1500_g40_e10;1m_b1500_g40_e11;1m_b1500_g40_e13;1m_b1500_g40_e14,1m_b1500_g40_e01,1m_b1500_g40_e03;1m_b1500_g40_e04;1m_b1500_g40_e08;1m_b1500_g40_e12
1,1500,40,RR:0.75,GG:0.75,6,9,6,0,3,0.6666666666666666,False,1m_b1500_g40_e01;1m_b1500_g40_e06;1m_b1500_g40_e10;1m_b1500_g40_e11;1m_b1500_g40_e13;1m_b1500_g40_e14,,1m_b1500_g40_e03;1m_b1500_g40_e08;1m_b1500_g40_e12
1,1500,40,RR:0.75,GG:1.00,6,9,5,1,4,0.5,True,1m_b1500_g40_e06;1m_b1500_g40_e10;1m_b1500_g40_e11;1m_b1500_g40_e13;1m_b1500_g40_e14,1m_b1500_g40_e01,1m_b1500_g40_e03;1m_b1500_g40_e05;1m_b1500_g40_e08;1m_b1500_g40_e12
1,1500,40,RR:0.75,GG:1.25,6,9,5,1,4,0.5,True,1m_b1500_g40_e06;1m_b1500_g40_e10;1m_b1500_g40_e11;1m_b1500_g40_e13;1m_b1500_g40_e14,1m_b1500_g40_e01,1m_b1500_g40_e03;1m_b1500_g40_e07;1m_b1500_g40_e08;1m_b1500_g40_e12
1,1500,40,RR:0.75,GG:1.50,6,9,5,1,4,0.5,True,1m_b1500_g40_e06;1m_b1500_g40_e10;1m_b1500_g40_e11;1m_b1500_g40_e13;1m_b1500_g40_e14,1m_b1500_g40_e01,1m_b1500_g40_e03;1m_b1500_g40_e07;1m_b1500_g40_e08;1m_b1500_g40_e12
1,1500,40,RR:0.75,GG:1.75,6,10,6,0,4,0.6,False,1m_b1500_g40_e01;1m_b1500_g40_e06;1m_b1500_g40_e10;1m_b1500_g40_e11;1m_b1500_g40_e13;1m_b1500_g40_e14,,1m_b1500_g40_e03;1m_b1500_g40_e05;1m_b1500_g40_e07;1m_b1500_g40_e08
1,1500,40,RR:0.75,GG:2.00,6,9,5,1,4,0.5,True,1m_b1500_g40_e06;1m_b1500_g40_e10;1m_b1500_g40_e11;1m_b1500_g40_e13;1m_b1500_g40_e14,1m_b1500_g40_e01,1m_b1500_g40_e03;1m_b1500_g40_e05;1m_b1500_g40_e07;1m_b1500_g40_e08
1,1500,40,RR:0.75,GG:2.25,6,9,6,0,3,0.6666666666666666,False,1m_b1500_g40_e01;1m_b1500_g40_e06;1m_b1500_g40_e10;1m_b1500_g40_e11;1m_b1500_g40_e13;1m_b1500_g40_e14,,1m_b1500_g40_e03;1m_b1500_g40_e07;1m_b1500_g40_e08
1,1500,40,RR:0.75,GG:2.50,6,11,6,0,5,0.5454545454545454,False,1m_b1500_g40_e01;1m_b1500_g40_e06;1m_b1500_g40_e10;1m_b1500_g40_e11;1m_b1500_g40_e13;1m_b1500_g40_e14,,1m_b1500_g40_e03;1m_b1500_g40_e05;1m_b1500_g40_e07;1m_b1500_g40_e08;1m_b1500_g40_e12
1,1500,40,RR:0.75,GG:2.75,6,11,6,0,5,0.5454545454545454,False,1m_b1500_g40_e01;1m_b1500_g40_e06;1m_b1500_g40_e10;1m_b1500_g40_e11;1m_b1500_g40_e13;1m_b1500_g40_e14,,1m_b1500_g40_e03;1m_b1500_g40_e05;1m_b1500_g40_e07;1m_b1500_g40_e08;1m_b1500_g40_e12
1,1500,40,RR:0.75,GG:3.00,6,11,6,0,5,0.5454545454545454,False,1m_b1500_g40_e01;1m_b1500_g40_e06;1m_b1500_g40_e10;1m_b1500_g40_e11;1m_b1500_g40_e13;1m_b1500_g40_e14,,1m_b1500_g40_e03;1m_b1500_g40_e05;1m_b1500_g40_e07;1m_b1500_g40_e08;1m_b1500_g40_e12
1,1500,40,RR:0.75,GG:3.25,6,11,6,0,5,0.5454545454545454,False,1m_b1500_g40_e01;1m_b1500_g40_e06;1m_b1500_g40_e10;1m_b1500_g40_e11;1m_b1500_g40_e13;1m_b1500_g40_e14,,1m_b1500_g40_e03;1m_b1500_g40_e05;1m_b1500_g40_e07;1m_b1500_g40_e08;1m_b1500_g40_e12
1,1500,40,RR:0.75,GG:3.50,6,11,6,0,5,0.5454545454545454,False,1m_b1500_g40_e01;1m_b1500_g40_e06;1m_b1500_g40_e10;1m_b1500_g40_e11;1m_b1500_g40_e13;1m_b1500_g40_e14,,1m_b1500_g40_e03;1m_b1500_g40_e05;1m_b1500_g40_e07;1m_b1500_g40_e08;1m_b1500_g40_e12
1,1500,40,RR:1.00,GG:0.50,5,9,3,2,6,0.2727272727272727,True,1m_b1500_g40_e06;1m_b1500_g40_e11;1m_b1500_g40_e13,1m_b1500_g40_e01;1m_b1500_g40_e09,1m_b1500_g40_e03;1m_b1500_g40_e04;1m_b1500_g40_e08;1m_b1500_g40_e10;1m_b1500_g40_e12;1m_b1500_g40_e14
1,1500,40,RR:1.00,GG:0.75,5,9,4,1,5,0.4,True,1m_b1500_g40_e01;1m_b1500_g40_e06;1m_b1500_g40_e11;1m_b1500_g40_e13,1m_b1500_g40_e09,1m_b1500_g40_e03;1m_b1500_g40_e08;1m_b1500_g40_e10;1m_b1500_g40_e12;1m_b1500_g40_e14
1,1500,40,RR:1.00,GG:1.00,5,9,3,2,6,0.2727272727272727,True,1m_b1500_g40_e06;1m_b1500_g40_e11;1m_b1500_g40_e13,1m_b1500_g40_e01;1m_b1500_g40_e09,1m_b1500_g40_e03;1m_b1500_g40_e05;1m_b1500_g40_e08;1m_b1500_g40_e10;1m_b1500_g40_e12;1m_b1500_g40_e14
1,1500,40,RR:1.00,GG:1.25,5,9,3,2,6,0.2727272727272727,True,1m_b1500_g40_e06;1m_b1500_g40_e11;1m_b1500_g40_e13,1m_b1500_g40_e01;1m_b1500_g40_e09,1m_b1500_g40_e03;1m_b1500_g40_e07;1m_b1500_g40_e08;1m_b1500_g40_e10;1m_b1500_g40_e12;1m_b1500_g40_e14
1,1500,40,RR:1.00,GG:1.50,5,9,3,2,6,0.2727272727272727,True,1m_b1500_g40_e06;1m_b1500_g40_e11;1m_b1500_g40_e13,1m_b1500_g40_e01;1m_b1500_g40_e09,1m_b1500_g40_e03;1m_b1500_g40_e07;1m_b1500_g40_e08;1m_b1500_g40_e10;1m_b1500_g40_e12;1m_b1500_g40_e14
1,1500,40,RR:1.00,GG:1.75,5,10,4,1,6,0.36363636363636365,True,1m_b1500_g40_e01;1m_b1500_g40_e06;1m_b1500_g40_e11;1m_b1500_g40_e13,1m_b1500_g40_e09,1m_b1500_g40_e03;1m_b1500_g40_e05;1m_b1500_g40_e07;1m_b1500_g40_e08;1m_b1500_g40_e10;1m_b1500_g40_e14
1,1500,40,RR:1.00,GG:2.00,5,9,3,2,6,0.2727272727272727,True,1m_b1500_g40_e06;1m_b1500_g40_e11;1m_b1500_g40_e13,1m_b1500_g40_e01;1m_b1500_g40_e09,1m_b1500_g40_e03;1m_b1500_g40_e05;1m_b1500_g40_e07;1m_b1500_g40_e08;1m_b1500_g40_e10;1m_b1500_g40_e14
1,1500,40,RR:1.00,GG:2.25,5,9,4,1,5,0.4,True,1m_b1500_g40_e01;1m_b1500_g40_e06;1m_b1500_g40_e11;1m_b1500_g40_e13,1m_b1500_g40_e09,1m_b1500_g40_e03;1m_b1500_g40_e07;1m_b1500_g40_e08;1m_b1500_g40_e10;1m_b1500_g40_e14
1,1500,40,RR:1.00,GG:2.50,5,11,4,1,7,0.3333333333333333,True,1m_b1500_g40_e01;1m_b1500_g40_e06;1m_b1500_g40_e11;1m_b1500_g40_e13,1m_b1500_g40_e09,1m_b1500_g40_e03;1m_b1500_g40_e05;1m_b1500_g40_e07;1m_b1500_g40_e08;1m_b1500_g40_e10;1m_b1500_g40_e12;1m_b1500_g40_e14
1,1500,40,RR:1.00,GG:2.75,5,11,4,1,7,0.3333333333333333,True,1m_b1500_g40_e01;1m_b1500_g40_e06;1m_b1500_g40_e11;1m_b1500_g40_e13,1m_b1500_g40_e09,1m_b1500_g40_e03;1m_b1500_g40_e05;1m_b1500_g40_e07;1m_b1500_g40_e08;1m_b1500_g40_e10;1m_b1500_g40_e12;1m_b1500_g40_e14
1,1500,40,RR:1.00,GG:3.00,5,11,4,1,7,0.3333333333333333,True,1m_b1500_g40_e01;1m_b1500_g40_e06;1m_b1500_g40_e11;1m_b1500_g40_e13,1m_b1500_g40_e09,1m_b1500_g40_e03;1m_b1500_g40_e05;1m_b1500_g40_e07;1m_b1500_g40_e08;1m_b1500_g40_e10;1m_b1500_g40_e12;1m_b1500_g40_e14
1,1500,40,RR:1.00,GG:3.25,5,11,4,1,7,0.3333333333333333,True,1m_b1500_g40_e01;1m_b1500_g40_e06;1m_b1500_g40_e11;1m_b1500_g40_e13,1m_b1500_g40_e09,1m_b1500_g40_e03;1m_b1500_g40_e05;1m_b1500_g40_e07;1m_b1500_g40_e08;1m_b1500_g40_e10;1m_b1500_g40_e12;1m_b1500_g40_e14
1,1500,40,RR:1.00,GG:3.50,5,11,4,1,7,0.3333333333333333,True,1m_b1500_g40_e01;1m_b1500_g40_e06;1m_b1500_g40_e11;1m_b1500_g40_e13,1m_b1500_g40_e09,1m_b1500_g40_e03;1m_b1500_g40_e05;1m_b1500_g40_e07;1m_b1500_g40_e08;1m_b1500_g40_e10;1m_b1500_g40_e12;1m_b1500_g40_e14
1,1500,40,RR:1.25,GG:0.50,6,9,4,2,5,0.36363636363636365,True,1m_b1500_g40_e06;1m_b1500_g40_e11;1m_b1500_g40_e13;1m_b1500_g40_e14,1m_b1500_g40_e01;1m_b1500_g40_e09,1m_b1500_g40_e03;1m_b1500_g40_e04;1m_b1500_g40_e08;1m_b1500_g40_e10;1m_b1500_g40_e12
1,1500,40,RR:1.25,GG:0.75,6,9,5,1,4,0.5,True,1m_b1500_g40_e01;1m_b1500_g40_e06;1m_b1500_g40_e11;1m_b1500_g40_e13;1m_b1500_g40_e14,1m_b1500_g40_e09,1m_b1500_g40_e03;1m_b1500_g40_e08;1m_b1500_g40_e10;1m_b1500_g40_e12
1,1500,40,RR:1.25,GG:1.00,6,9,4,2,5,0.36363636363636365,True,1m_b1500_g40_e06;1m_b1500_g40_e11;1m_b1500_g40_e13;1m_b1500_g40_e14,1m_b1500_g40_e01;1m_b1500_g40_e09,1m_b1500_g40_e03;1m_b1500_g40_e05;1m_b1500_g40_e08;1m_b1500_g40_e10;1m_b1500_g40_e12
1,1500,40,RR:1.25,GG:1.25,6,9,4,2,5,0.36363636363636365,True,1m_b1500_g40_e06;1m_b1500_g40_e11;1m_b1500_g40_e13;1m_b1500_g40_e14,1m_b1500_g40_e01;1m_b1500_g40_e09,1m_b1500_g40_e03;1m_b1500_g40_e07;1m_b1500_g40_e08;1m_b1500_g40_e10;1m_b1500_g40_e12
1,1500,40,RR:1.25,GG:1.50,6,9,4,2,5,0.36363636363636365,True,1m_b1500_g40_e06;1m_b1500_g40_e11;1m_b1500_g40_e13;1m_b1500_g40_e14,1m_b1500_g40_e01;1m_b1500_g40_e09,1m_b1500_g40_e03;1m_b1500_g40_e07;1m_b1500_g40_e08;1m_b1500_g40_e10;1m_b1500_g40_e12
1,1500,40,RR:1.25,GG:1.75,6,10,5,1,5,0.45454545454545453,True,1m_b1500_g40_e01;1m_b1500_g40_e06;1m_b1500_g40_e11;1m_b1500_g40_e13;1m_b1500_g40_e14,1m_b1500_g40_e09,1m_b1500_g40_e03;1m_b1500_g40_e05;1m_b1500_g40_e07;1m_b1500_g40_e08;1m_b1500_g40_e10
1,1500,40,RR:1.25,GG:2.00,6,9,4,2,5,0.36363636363636365,True,1m_b1500_g40_e06;1m_b1500_g40_e11;1m_b1500_g40_e13;1m_b1500_g40_e14,1m_b1500_g40_e01;1m_b1500_g40_e09,1m_b1500_g40_e03;1m_b1500_g40_e05;1m_b1500_g40_e07;1m_b1500_g40_e08;1m_b1500_g40_e10
1,1500,40,RR:1.25,GG:2.25,6,9,5,1,4,0.5,True,1m_b1500_g40_e01;1m_b1500_g40_e06;1m_b1500_g40_e11;1m_b1500_g40_e13;1m_b1500_g40_e14,1m_b1500_g40_e09,1m_b1500_g40_e03;1m_b1500_g40_e07;1m_b1500_g40_e08;1m_b1500_g40_e10
1,1500,40,RR:1.25,GG:2.50,6,11,5,1,6,0.4166666666666667,True,1m_b1500_g40_e01;1m_b1500_g40_e06;1m_b1500_g40_e11;1m_b1500_g40_e13;1m_b1500_g40_e14,1m_b1500_g40_e09,1m_b1500_g40_e03;1m_b1500_g40_e05;1m_b1500_g40_e07;1m_b1500_g40_e08;1m_b1500_g40_e10;1m_b1500_g40_e12
1,1500,40,RR:1.25,GG:2.75,6,11,5,1,6,0.4166666666666667,True,1m_b1500_g40_e01;1m_b1500_g40_e06;1m_b1500_g40_e11;1m_b1500_g40_e13;1m_b1500_g40_e14,1m_b1500_g40_e09,1m_b1500_g40_e03;1m_b1500_g40_e05;1m_b1500_g40_e07;1m_b1500_g40_e08;1m_b1500_g40_e10;1m_b1500_g40_e12
1,1500,40,RR:1.25,GG:3.00,6,11,5,1,6,0.4166666666666667,True,1m_b1500_g40_e01;1m_b1500_g40_e06;1m_b1500_g40_e11;1m_b1500_g40_e13;1m_b1500_g40_e14,1m_b1500_g40_e09,1m_b1500_g40_e03;1m_b1500_g40_e05;1m_b1500_g40_e07;1m_b1500_g40_e08;1m_b1500_g40_e10;1m_b1500_g40_e12
1,1500,40,RR:1.25,GG:3.25,6,11,5,1,6,0.4166666666666667,True,1m_b1500_g40_e01;1m_b1500_g40_e06;1m_b1500_g40_e11;1m_b1500_g40_e13;1m_b1500_g40_e14,1m_b1500_g40_e09,1m_b1500_g40_e03;1m_b1500_g40_e05;1m_b1500_g40_e07;1m_b1500_g40_e08;1m_b1500_g40_e10;1m_b1500_g40_e12
1,1500,40,RR:1.25,GG:3.50,6,11,5,1,6,0.4166666666666667,True,1m_b1500_g40_e01;1m_b1500_g40_e06;1m_b1500_g40_e11;1m_b1500_g40_e13;1m_b1500_g40_e14,1m_b1500_g40_e09,1m_b1500_g40_e03;1m_b1500_g40_e05;1m_b1500_g40_e07;1m_b1500_g40_e08;1m_b1500_g40_e10;1m_b1500_g40_e12
1,1500,40,RR:1.50,GG:0.50,8,9,5,3,4,0.4166666666666667,True,1m_b1500_g40_e06;1m_b1500_g40_e10;1m_b1500_g40_e11;1m_b1500_g40_e13;1m_b1500_g40_e14,1m_b1500_g40_e01;1m_b1500_g40_e07;1m_b1500_g40_e09,1m_b1500_g40_e03;1m_b1500_g40_e04;1m_b1500_g40_e08;1m_b1500_g40_e12
1,1500,40,RR:1.50,GG:0.75,8,9,6,2,3,0.5454545454545454,True,1m_b1500_g40_e01;1m_b1500_g40_e06;1m_b1500_g40_e10;1m_b1500_g40_e11;1m_b1500_g40_e13;1m_b1500_g40_e14,1m_b1500_g40_e07;1m_b1500_g40_e09,1m_b1500_g40_e03;1m_b1500_g40_e08;1m_b1500_g40_e12
1,1500,40,RR:1.50,GG:1.00,8,9,5,3,4,0.4166666666666667,True,1m_b1500_g40_e06;1m_b1500_g40_e10;1m_b1500_g40_e11;1m_b1500_g40_e13;1m_b1500_g40_e14,1m_b1500_g40_e01;1m_b1500_g40_e07;1m_b1500_g40_e09,1m_b1500_g40_e03;1m_b1500_g40_e05;1m_b1500_g40_e08;1m_b1500_g40_e12
1,1500,40,RR:1.50,GG:1.25,8,9,6,2,3,0.5454545454545454,True,1m_b1500_g40_e06;1m_b1500_g40_e07;1m_b1500_g40_e10;1m_b1500_g40_e11;1m_b1500_g40_e13;1m_b1500_g40_e14,1m_b1500_g40_e01;1m_b1500_g40_e09,1m_b1500_g40_e03;1m_b1500_g40_e08;1m_b1500_g40_e12
1,1500,40,RR:1.50,GG:1.50,8,9,6,2,3,0.5454545454545454,True,1m_b1500_g40_e06;1m_b1500_g40_e07;1m_b1500_g40_e10;1m_b1500_g40_e11;1m_b1500_g40_e13;1m_b1500_g40_e14,1m_b1500_g40_e01;1m_b1500_g40_e09,1m_b1500_g40_e03;1m_b1500_g40_e08;1m_b1500_g40_e12
1,1500,40,RR:1.50,GG:1.75,8,10,7,1,3,0.6363636363636364,True,1m_b1500_g40_e01;1m_b1500_g40_e06;1m_b1500_g40_e07;1m_b1500_g40_e10;1m_b1500_g40_e11;1m_b1500_g40_e13;1m_b1500_g40_e14,1m_b1500_g40_e09,1m_b1500_g40_e03;1m_b1500_g40_e05;1m_b1500_g40_e08
1,1500,40,RR:1.50,GG:2.00,8,9,6,2,3,0.5454545454545454,True,1m_b1500_g40_e06;1m_b1500_g40_e07;1m_b1500_g40_e10;1m_b1500_g40_e11;1m_b1500_g40_e13;1m_b1500_g40_e14,1m_b1500_g40_e01;1m_b1500_g40_e09,1m_b1500_g40_e03;1m_b1500_g40_e05;1m_b1500_g40_e08
1,1500,40,RR:1.50,GG:2.25,8,9,7,1,2,0.7,True,1m_b1500_g40_e01;1m_b1500_g40_e06;1m_b1500_g40_e07;1m_b1500_g40_e10;1m_b1500_g40_e11;1m_b1500_g40_e13;1m_b1500_g40_e14,1m_b1500_g40_e09,1m_b1500_g40_e03;1m_b1500_g40_e08
1,1500,40,RR:1.50,GG:2.50,8,11,7,1,4,0.5833333333333334,True,1m_b1500_g40_e01;1m_b1500_g40_e06;1m_b1500_g40_e07;1m_b1500_g40_e10;1m_b1500_g40_e11;1m_b1500_g40_e13;1m_b1500_g40_e14,1m_b1500_g40_e09,1m_b1500_g40_e03;1m_b1500_g40_e05;1m_b1500_g40_e08;1m_b1500_g40_e12
1,1500,40,RR:1.50,GG:2.75,8,11,7,1,4,0.5833333333333334,True,1m_b1500_g40_e01;1m_b1500_g40_e06;1m_b1500_g40_e07;1m_b1500_g40_e10;1m_b1500_g40_e11;1m_b1500_g40_e13;1m_b1500_g40_e14,1m_b1500_g40_e09,1m_b1500_g40_e03;1m_b1500_g40_e05;1m_b1500_g40_e08;1m_b1500_g40_e12
1,1500,40,RR:1.50,GG:3.00,8,11,7,1,4,0.5833333333333334,True,1m_b1500_g40_e01;1m_b1500_g40_e06;1m_b1500_g40_e07;1m_b1500_g40_e10;1m_b1500_g40_e11;1m_b1500_g40_e13;1m_b1500_g40_e14,1m_b1500_g40_e09,1m_b1500_g40_e03;1m_b1500_g40_e05;1m_b1500_g40_e08;1m_b1500_g40_e12
1,1500,40,RR:1.50,GG:3.25,8,11,7,1,4,0.5833333333333334,True,1m_b1500_g40_e01;1m_b1500_g40_e06;1m_b1500_g40_e07;1m_b1500_g40_e10;1m_b1500_g40_e11;1m_b1500_g40_e13;1m_b1500_g40_e14,1m_b1500_g40_e09,1m_b1500_g40_e03;1m_b1500_g40_e05;1m_b1500_g40_e08;1m_b1500_g40_e12
1,1500,40,RR:1.50,GG:3.50,8,11,7,1,4,0.5833333333333334,True,1m_b1500_g40_e01;1m_b1500_g40_e06;1m_b1500_g40_e07;1m_b1500_g40_e10;1m_b1500_g40_e11;1m_b1500_g40_e13;1m_b1500_g40_e14,1m_b1500_g40_e09,1m_b1500_g40_e03;1m_b1500_g40_e05;1m_b1500_g40_e08;1m_b1500_g40_e12
1,1500,40,RR:1.75,GG:0.50,9,9,6,3,3,0.5,True,1m_b1500_g40_e06;1m_b1500_g40_e10;1m_b1500_g40_e11;1m_b1500_g40_e12;1m_b1500_g40_e13;1m_b1500_g40_e14,1m_b1500_g40_e02;1m_b1500_g40_e07;1m_b1500_g40_e09,1m_b1500_g40_e03;1m_b1500_g40_e04;1m_b1500_g40_e08
1,1500,40,RR:1.75,GG:0.75,9,9,6,3,3,0.5,True,1m_b1500_g40_e06;1m_b1500_g40_e10;1m_b1500_g40_e11;1m_b1500_g40_e12;1m_b1500_g40_e13;1m_b1500_g40_e14,1m_b1500_g40_e02;1m_b1500_g40_e07;1m_b1500_g40_e09,1m_b1500_g40_e01;1m_b1500_g40_e03;1m_b1500_g40_e08
1,1500,40,RR:1.75,GG:1.00,9,9,6,3,3,0.5,True,1m_b1500_g40_e06;1m_b1500_g40_e10;1m_b1500_g40_e11;1m_b1500_g40_e12;1m_b1500_g40_e13;1m_b1500_g40_e14,1m_b1500_g40_e02;1m_b1500_g40_e07;1m_b1500_g40_e09,1m_b1500_g40_e03;1m_b1500_g40_e05;1m_b1500_g40_e08
1,1500,40,RR:1.75,GG:1.25,9,9,7,2,2,0.6363636363636364,True,1m_b1500_g40_e06;1m_b1500_g40_e07;1m_b1500_g40_e10;1m_b1500_g40_e11;1m_b1500_g40_e12;1m_b1500_g40_e13;1m_b1500_g40_e14,1m_b1500_g40_e02;1m_b1500_g40_e09,1m_b1500_g40_e03;1m_b1500_g40_e08
1,1500,40,RR:1.75,GG:1.50,9,9,7,2,2,0.6363636363636364,True,1m_b1500_g40_e06;1m_b1500_g40_e07;1m_b1500_g40_e10;1m_b1500_g40_e11;1m_b1500_g40_e12;1m_b1500_g40_e13;1m_b1500_g40_e14,1m_b1500_g40_e02;1m_b1500_g40_e09,1m_b1500_g40_e03;1m_b1500_g40_e08
1,1500,40,RR:1.75,GG:1.75,9,10,6,3,4,0.46153846153846156,True,1m_b1500_g40_e06;1m_b1500_g40_e07;1m_b1500_g40_e10;1m_b1500_g40_e11;1m_b1500_g40_e13;1m_b1500_g40_e14,1m_b1500_g40_e02;1m_b1500_g40_e09;1m_b1500_g40_e12,1m_b1500_g40_e01;1m_b1500_g40_e03;1m_b1500_g40_e05;1m_b1500_g40_e08
1,1500,40,RR:1.75,GG:2.00,9,9,6,3,3,0.5,True,1m_b1500_g40_e06;1m_b1500_g40_e07;1m_b1500_g40_e10;1m_b1500_g40_e11;1m_b1500_g40_e13;1m_b1500_g40_e14,1m_b1500_g40_e02;1m_b1500_g40_e09;1m_b1500_g40_e12,1m_b1500_g40_e03;1m_b1500_g40_e05;1m_b1500_g40_e08
1,1500,40,RR:1.75,GG:2.25,9,9,6,3,3,0.5,True,1m_b1500_g40_e06;1m_b1500_g40_e07;1m_b1500_g40_e10;1m_b1500_g40_e11;1m_b1500_g40_e13;1m_b1500_g40_e14,1m_b1500_g40_e02;1m_b1500_g40_e09;1m_b1500_g40_e12,1m_b1500_g40_e01;1m_b1500_g40_e03;1m_b1500_g40_e08
1,1500,40,RR:1.75,GG:2.50,9,11,7,2,4,0.5384615384615384,True,1m_b1500_g40_e06;1m_b1500_g40_e07;1m_b1500_g40_e10;1m_b1500_g40_e11;1m_b1500_g40_e12;1m_b1500_g40_e13;1m_b1500_g40_e14,1m_b1500_g40_e02;1m_b1500_g40_e09,1m_b1500_g40_e01;1m_b1500_g40_e03;1m_b1500_g40_e05;1m_b1500_g40_e08
1,1500,40,RR:1.75,GG:2.75,9,11,7,2,4,0.5384615384615384,True,1m_b1500_g40_e06;1m_b1500_g40_e07;1m_b1500_g40_e10;1m_b1500_g40_e11;1m_b1500_g40_e12;1m_b1500_g40_e13;1m_b1500_g40_e14,1m_b1500_g40_e02;1m_b1500_g40_e09,1m_b1500_g40_e01;1m_b1500_g40_e03;1m_b1500_g40_e05;1m_b1500_g40_e08
1,1500,40,RR:1.75,GG:3.00,9,11,7,2,4,0.5384615384615384,True,1m_b1500_g40_e06;1m_b1500_g40_e07;1m_b1500_g40_e10;1m_b1500_g40_e11;1m_b1500_g40_e12;1m_b1500_g40_e13;1m_b1500_g40_e14,1m_b1500_g40_e02;1m_b1500_g40_e09,1m_b1500_g40_e01;1m_b1500_g40_e03;1m_b1500_g40_e05;1m_b1500_g40_e08
1,1500,40,RR:1.75,GG:3.25,9,11,7,2,4,0.5384615384615384,True,1m_b1500_g40_e06;1m_b1500_g40_e07;1m_b1500_g40_e10;1m_b1500_g40_e11;1m_b1500_g40_e12;1m_b1500_g40_e13;1m_b1500_g40_e14,1m_b1500_g40_e02;1m_b1500_g40_e09,1m_b1500_g40_e01;1m_b1500_g40_e03;1m_b1500_g40_e05;1m_b1500_g40_e08
1,1500,40,RR:1.75,GG:3.50,9,11,7,2,4,0.5384615384615384,True,1m_b1500_g40_e06;1m_b1500_g40_e07;1m_b1500_g40_e10;1m_b1500_g40_e11;1m_b1500_g40_e12;1m_b1500_g40_e13;1m_b1500_g40_e14,1m_b1500_g40_e02;1m_b1500_g40_e09,1m_b1500_g40_e01;1m_b1500_g40_e03;1m_b1500_g40_e05;1m_b1500_g40_e08
1,1500,40,RR:2.00,GG:0.50,8,9,5,3,4,0.4166666666666667,True,1m_b1500_g40_e06;1m_b1500_g40_e10;1m_b1500_g40_e11;1m_b1500_g40_e13;1m_b1500_g40_e14,1m_b1500_g40_e02;1m_b1500_g40_e07;1m_b1500_g40_e09,1m_b1500_g40_e03;1m_b1500_g40_e04;1m_b1500_g40_e08;1m_b1500_g40_e12
1,1500,40,RR:2.00,GG:0.75,8,9,5,3,4,0.4166666666666667,True,1m_b1500_g40_e06;1m_b1500_g40_e10;1m_b1500_g40_e11;1m_b1500_g40_e13;1m_b1500_g40_e14,1m_b1500_g40_e02;1m_b1500_g40_e07;1m_b1500_g40_e09,1m_b1500_g40_e01;1m_b1500_g40_e03;1m_b1500_g40_e08;1m_b1500_g40_e12
1,1500,40,RR:2.00,GG:1.00,8,9,5,3,4,0.4166666666666667,True,1m_b1500_g40_e06;1m_b1500_g40_e10;1m_b1500_g40_e11;1m_b1500_g40_e13;1m_b1500_g40_e14,1m_b1500_g40_e02;1m_b1500_g40_e07;1m_b1500_g40_e09,1m_b1500_g40_e03;1m_b1500_g40_e05;1m_b1500_g40_e08;1m_b1500_g40_e12
1,1500,40,RR:2.00,GG:1.25,8,9,6,2,3,0.5454545454545454,True,1m_b1500_g40_e06;1m_b1500_g40_e07;1m_b1500_g40_e10;1m_b1500_g40_e11;1m_b1500_g40_e13;1m_b1500_g40_e14,1m_b1500_g40_e02;1m_b1500_g40_e09,1m_b1500_g40_e03;1m_b1500_g40_e08;1m_b1500_g40_e12
1,1500,40,RR:2.00,GG:1.50,8,9,6,2,3,0.5454545454545454,True,1m_b1500_g40_e06;1m_b1500_g40_e07;1m_b1500_g40_e10;1m_b1500_g40_e11;1m_b1500_g40_e13;1m_b1500_g40_e14,1m_b1500_g40_e02;1m_b1500_g40_e09,1m_b1500_g40_e03;1m_b1500_g40_e08;1m_b1500_g40_e12
1,1500,40,RR:2.00,GG:1.75,8,10,6,2,4,0.5,True,1m_b1500_g40_e06;1m_b1500_g40_e07;1m_b1500_g40_e10;1m_b1500_g40_e11;1m_b1500_g40_e13;1m_b1500_g40_e14,1m_b1500_g40_e02;1m_b1500_g40_e09,1m_b1500_g40_e01;1m_b1500_g40_e03;1m_b1500_g40_e05;1m_b1500_g40_e08
1,1500,40,RR:2.00,GG:2.00,8,9,6,2,3,0.5454545454545454,True,1m_b1500_g40_e06;1m_b1500_g40_e07;1m_b1500_g40_e10;1m_b1500_g40_e11;1m_b1500_g40_e13;1m_b1500_g40_e14,1m_b1500_g40_e02;1m_b1500_g40_e09,1m_b1500_g40_e03;1m_b1500_g40_e05;1m_b1500_g40_e08
1,1500,40,RR:2.00,GG:2.25,8,9,6,2,3,0.5454545454545454,True,1m_b1500_g40_e06;1m_b1500_g40_e07;1m_b1500_g40_e10;1m_b1500_g40_e11;1m_b1500_g40_e13;1m_b1500_g40_e14,1m_b1500_g40_e02;1m_b1500_g40_e09,1m_b1500_g40_e01;1m_b1500_g40_e03;1m_b1500_g40_e08
1,1500,40,RR:2.00,GG:2.50,8,11,6,2,5,0.46153846153846156,True,1m_b1500_g40_e06;1m_b1500_g40_e07;1m_b1500_g40_e10;1m_b1500_g40_e11;1m_b1500_g40_e13;1m_b1500_g40_e14,1m_b1500_g40_e02;1m_b1500_g40_e09,1m_b1500_g40_e01;1m_b1500_g40_e03;1m_b1500_g40_e05;1m_b1500_g40_e08;1m_b1500_g40_e12
1,1500,40,RR:2.00,GG:2.75,8,11,6,2,5,0.46153846153846156,True,1m_b1500_g40_e06;1m_b1500_g40_e07;1m_b1500_g40_e10;1m_b1500_g40_e11;1m_b1500_g40_e13;1m_b1500_g40_e14,1m_b1500_g40_e02;1m_b1500_g40_e09,1m_b1500_g40_e01;1m_b1500_g40_e03;1m_b1500_g40_e05;1m_b1500_g40_e08;1m_b1500_g40_e12
1,1500,40,RR:2.00,GG:3.00,8,11,6,2,5,0.46153846153846156,True,1m_b1500_g40_e06;1m_b1500_g40_e07;1m_b1500_g40_e10;1m_b1500_g40_e11;1m_b1500_g40_e13;1m_b1500_g40_e14,1m_b1500_g40_e02;1m_b1500_g40_e09,1m_b1500_g40_e01;1m_b1500_g40_e03;1m_b1500_g40_e05;1m_b1500_g40_e08;1m_b1500_g40_e12
1,1500,40,RR:2.00,GG:3.25,8,11,6,2,5,0.46153846153846156,True,1m_b1500_g40_e06;1m_b1500_g40_e07;1m_b1500_g40_e10;1m_b1500_g40_e11;1m_b1500_g40_e13;1m_b1500_g40_e14,1m_b1500_g40_e02;1m_b1500_g40_e09,1m_b1500_g40_e01;1m_b1500_g40_e03;1m_b1500_g40_e05;1m_b1500_g40_e08;1m_b1500_g40_e12
1,1500,40,RR:2.00,GG:3.50,8,11,6,2,5,0.46153846153846156,True,1m_b1500_g40_e06;1m_b1500_g40_e07;1m_b1500_g40_e10;1m_b1500_g40_e11;1m_b1500_g40_e13;1m_b1500_g40_e14,1m_b1500_g40_e02;1m_b1500_g40_e09,1m_b1500_g40_e01;1m_b1500_g40_e03;1m_b1500_g40_e05;1m_b1500_g40_e08;1m_b1500_g40_e12
1,1500,40,RR:2.25,GG:0.50,7,9,5,2,4,0.45454545454545453,True,1m_b1500_g40_e06;1m_b1500_g40_e10;1m_b1500_g40_e11;1m_b1500_g40_e13;1m_b1500_g40_e14,1m_b1500_g40_e02;1m_b1500_g40_e07,1m_b1500_g40_e03;1m_b1500_g40_e04;1m_b1500_g40_e08;1m_b1500_g40_e12
1,1500,40,RR:2.25,GG:0.75,7,9,5,2,4,0.45454545454545453,True,1m_b1500_g40_e06;1m_b1500_g40_e10;1m_b1500_g40_e11;1m_b1500_g40_e13;1m_b1500_g40_e14,1m_b1500_g40_e02;1m_b1500_g40_e07,1m_b1500_g40_e01;1m_b1500_g40_e03;1m_b1500_g40_e08;1m_b1500_g40_e12
1,1500,40,RR:2.25,GG:1.00,7,9,5,2,4,0.45454545454545453,True,1m_b1500_g40_e06;1m_b1500_g40_e10;1m_b1500_g40_e11;1m_b1500_g40_e13;1m_b1500_g40_e14,1m_b1500_g40_e02;1m_b1500_g40_e07,1m_b1500_g40_e03;1m_b1500_g40_e05;1m_b1500_g40_e08;1m_b1500_g40_e12
1,1500,40,RR:2.25,GG:1.25,7,9,6,1,3,0.6,True,1m_b1500_g40_e06;1m_b1500_g40_e07;1m_b1500_g40_e10;1m_b1500_g40_e11;1m_b1500_g40_e13;1m_b1500_g40_e14,1m_b1500_g40_e02,1m_b1500_g40_e03;1m_b1500_g40_e08;1m_b1500_g40_e12
1,1500,40,RR:2.25,GG:1.50,7,9,6,1,3,0.6,True,1m_b1500_g40_e06;1m_b1500_g40_e07;1m_b1500_g40_e10;1m_b1500_g40_e11;1m_b1500_g40_e13;1m_b1500_g40_e14,1m_b1500_g40_e02,1m_b1500_g40_e03;1m_b1500_g40_e08;1m_b1500_g40_e12
1,1500,40,RR:2.25,GG:1.75,7,10,6,1,4,0.5454545454545454,True,1m_b1500_g40_e06;1m_b1500_g40_e07;1m_b1500_g40_e10;1m_b1500_g40_e11;1m_b1500_g40_e13;1m_b1500_g40_e14,1m_b1500_g40_e02,1m_b1500_g40_e01;1m_b1500_g40_e03;1m_b1500_g40_e05;1m_b1500_g40_e08
1,1500,40,RR:2.25,GG:2.00,7,9,6,1,3,0.6,True,1m_b1500_g40_e06;1m_b1500_g40_e07;1m_b1500_g40_e10;1m_b1500_g40_e11;1m_b1500_g40_e13;1m_b1500_g40_e14,1m_b1500_g40_e02,1m_b1500_g40_e03;1m_b1500_g40_e05;1m_b1500_g40_e08
1,1500,40,RR:2.25,GG:2.25,7,9,6,1,3,0.6,True,1m_b1500_g40_e06;1m_b1500_g40_e07;1m_b1500_g40_e10;1m_b1500_g40_e11;1m_b1500_g40_e13;1m_b1500_g40_e14,1m_b1500_g40_e02,1m_b1500_g40_e01;1m_b1500_g40_e03;1m_b1500_g40_e08
1,1500,40,RR:2.25,GG:2.50,7,11,6,1,5,0.5,True,1m_b1500_g40_e06;1m_b1500_g40_e07;1m_b1500_g40_e10;1m_b1500_g40_e11;1m_b1500_g40_e13;1m_b1500_g40_e14,1m_b1500_g40_e02,1m_b1500_g40_e01;1m_b1500_g40_e03;1m_b1500_g40_e05;1m_b1500_g40_e08;1m_b1500_g40_e12
1,1500,40,RR:2.25,GG:2.75,7,11,6,1,5,0.5,True,1m_b1500_g40_e06;1m_b1500_g40_e07;1m_b1500_g40_e10;1m_b1500_g40_e11;1m_b1500_g40_e13;1m_b1500_g40_e14,1m_b1500_g40_e02,1m_b1500_g40_e01;1m_b1500_g40_e03;1m_b1500_g40_e05;1m_b1500_g40_e08;1m_b1500_g40_e12
1,1500,40,RR:2.25,GG:3.00,7,11,6,1,5,0.5,True,1m_b1500_g40_e06;1m_b1500_g40_e07;1m_b1500_g40_e10;1m_b1500_g40_e11;1m_b1500_g40_e13;1m_b1500_g40_e14,1m_b1500_g40_e02,1m_b1500_g40_e01;1m_b1500_g40_e03;1m_b1500_g40_e05;1m_b1500_g40_e08;1m_b1500_g40_e12
1,1500,40,RR:2.25,GG:3.25,7,11,6,1,5,0.5,True,1m_b1500_g40_e06;1m_b1500_g40_e07;1m_b1500_g40_e10;1m_b1500_g40_e11;1m_b1500_g40_e13;1m_b1500_g40_e14,1m_b1500_g40_e02,1m_b1500_g40_e01;1m_b1500_g40_e03;1m_b1500_g40_e05;1m_b1500_g40_e08;1m_b1500_g40_e12
1,1500,40,RR:2.25,GG:3.50,7,11,6,1,5,0.5,True,1m_b1500_g40_e06;1m_b1500_g40_e07;1m_b1500_g40_e10;1m_b1500_g40_e11;1m_b1500_g40_e13;1m_b1500_g40_e14,1m_b1500_g40_e02,1m_b1500_g40_e01;1m_b1500_g40_e03;1m_b1500_g40_e05;1m_b1500_g40_e08;1m_b1500_g40_e12
1,1500,40,RR:2.50,GG:0.50,7,9,6,1,3,0.6,True,1m_b1500_g40_e06;1m_b1500_g40_e10;1m_b1500_g40_e11;1m_b1500_g40_e12;1m_b1500_g40_e13;1m_b1500_g40_e14,1m_b1500_g40_e07,1m_b1500_g40_e03;1m_b1500_g40_e04;1m_b1500_g40_e08
1,1500,40,RR:2.50,GG:0.75,7,9,6,1,3,0.6,True,1m_b1500_g40_e06;1m_b1500_g40_e10;1m_b1500_g40_e11;1m_b1500_g40_e12;1m_b1500_g40_e13;1m_b1500_g40_e14,1m_b1500_g40_e07,1m_b1500_g40_e01;1m_b1500_g40_e03;1m_b1500_g40_e08
1,1500,40,RR:2.50,GG:1.00,7,9,6,1,3,0.6,True,1m_b1500_g40_e06;1m_b1500_g40_e10;1m_b1500_g40_e11;1m_b1500_g40_e12;1m_b1500_g40_e13;1m_b1500_g40_e14,1m_b1500_g40_e07,1m_b1500_g40_e03;1m_b1500_g40_e05;1m_b1500_g40_e08
1,1500,40,RR:2.50,GG:1.25,7,9,7,0,2,0.7777777777777778,False,1m_b1500_g40_e06;1m_b1500_g40_e07;1m_b1500_g40_e10;1m_b1500_g40_e11;1m_b1500_g40_e12;1m_b1500_g40_e13;1m_b1500_g40_e14,,1m_b1500_g40_e03;1m_b1500_g40_e08
1,1500,40,RR:2.50,GG:1.50,7,9,7,0,2,0.7777777777777778,False,1m_b1500_g40_e06;1m_b1500_g40_e07;1m_b1500_g40_e10;1m_b1500_g40_e11;1m_b1500_g40_e12;1m_b1500_g40_e13;1m_b1500_g40_e14,,1m_b1500_g40_e03;1m_b1500_g40_e08
1,1500,40,RR:2.50,GG:1.75,7,10,6,1,4,0.5454545454545454,True,1m_b1500_g40_e06;1m_b1500_g40_e07;1m_b1500_g40_e10;1m_b1500_g40_e11;1m_b1500_g40_e13;1m_b1500_g40_e14,1m_b1500_g40_e12,1m_b1500_g40_e01;1m_b1500_g40_e03;1m_b1500_g40_e05;1m_b1500_g40_e08
1,1500,40,RR:2.50,GG:2.00,7,9,6,1,3,0.6,True,1m_b1500_g40_e06;1m_b1500_g40_e07;1m_b1500_g40_e10;1m_b1500_g40_e11;1m_b1500_g40_e13;1m_b1500_g40_e14,1m_b1500_g40_e12,1m_b1500_g40_e03;1m_b1500_g40_e05;1m_b1500_g40_e08
1,1500,40,RR:2.50,GG:2.25,7,9,6,1,3,0.6,True,1m_b1500_g40_e06;1m_b1500_g40_e07;1m_b1500_g40_e10;1m_b1500_g40_e11;1m_b1500_g40_e13;1m_b1500_g40_e14,1m_b1500_g40_e12,1m_b1500_g40_e01;1m_b1500_g40_e03;1m_b1500_g40_e08
1,1500,40,RR:2.50,GG:2.50,7,11,7,0,4,0.6363636363636364,False,1m_b1500_g40_e06;1m_b1500_g40_e07;1m_b1500_g40_e10;1m_b1500_g40_e11;1m_b1500_g40_e12;1m_b1500_g40_e13;1m_b1500_g40_e14,,1m_b1500_g40_e01;1m_b1500_g40_e03;1m_b1500_g40_e05;1m_b1500_g40_e08
1,1500,40,RR:2.50,GG:2.75,7,11,7,0,4,0.6363636363636364,False,1m_b1500_g40_e06;1m_b1500_g40_e07;1m_b1500_g40_e10;1m_b1500_g40_e11;1m_b1500_g40_e12;1m_b1500_g40_e13;1m_b1500_g40_e14,,1m_b1500_g40_e01;1m_b1500_g40_e03;1m_b1500_g40_e05;1m_b1500_g40_e08
1,1500,40,RR:2.50,GG:3.00,7,11,7,0,4,0.6363636363636364,False,1m_b1500_g40_e06;1m_b1500_g40_e07;1m_b1500_g40_e10;1m_b1500_g40_e11;1m_b1500_g40_e12;1m_b1500_g40_e13;1m_b1500_g40_e14,,1m_b1500_g40_e01;1m_b1500_g40_e03;1m_b1500_g40_e05;1m_b1500_g40_e08
1,1500,40,RR:2.50,GG:3.25,7,11,7,0,4,0.6363636363636364,False,1m_b1500_g40_e06;1m_b1500_g40_e07;1m_b1500_g40_e10;1m_b1500_g40_e11;1m_b1500_g40_e12;1m_b1500_g40_e13;1m_b1500_g40_e14,,1m_b1500_g40_e01;1m_b1500_g40_e03;1m_b1500_g40_e05;1m_b1500_g40_e08
1,1500,40,RR:2.50,GG:3.50,7,11,7,0,4,0.6363636363636364,False,1m_b1500_g40_e06;1m_b1500_g40_e07;1m_b1500_g40_e10;1m_b1500_g40_e11;1m_b1500_g40_e12;1m_b1500_g40_e13;1m_b1500_g40_e14,,1m_b1500_g40_e01;1m_b1500_g40_e03;1m_b1500_g40_e05;1m_b1500_g40_e08
1,1500,40,RR:2.75,GG:0.50,9,9,6,3,3,0.5,True,1m_b1500_g40_e06;1m_b1500_g40_e10;1m_b1500_g40_e11;1m_b1500_g40_e12;1m_b1500_g40_e13;1m_b1500_g40_e14,1m_b1500_g40_e05;1m_b1500_g40_e07;1m_b1500_g40_e09,1m_b1500_g40_e03;1m_b1500_g40_e04;1m_b1500_g40_e08
1,1500,40,RR:2.75,GG:0.75,9,9,6,3,3,0.5,True,1m_b1500_g40_e06;1m_b1500_g40_e10;1m_b1500_g40_e11;1m_b1500_g40_e12;1m_b1500_g40_e13;1m_b1500_g40_e14,1m_b1500_g40_e05;1m_b1500_g40_e07;1m_b1500_g40_e09,1m_b1500_g40_e01;1m_b1500_g40_e03;1m_b1500_g40_e08
1,1500,40,RR:2.75,GG:1.00,9,9,7,2,2,0.6363636363636364,True,1m_b1500_g40_e05;1m_b1500_g40_e06;1m_b1500_g40_e10;1m_b1500_g40_e11;1m_b1500_g40_e12;1m_b1500_g40_e13;1m_b1500_g40_e14,1m_b1500_g40_e07;1m_b1500_g40_e09,1m_b1500_g40_e03;1m_b1500_g40_e08
1,1500,40,RR:2.75,GG:1.25,9,9,7,2,2,0.6363636363636364,True,1m_b1500_g40_e06;1m_b1500_g40_e07;1m_b1500_g40_e10;1m_b1500_g40_e11;1m_b1500_g40_e12;1m_b1500_g40_e13;1m_b1500_g40_e14,1m_b1500_g40_e05;1m_b1500_g40_e09,1m_b1500_g40_e03;1m_b1500_g40_e08
1,1500,40,RR:2.75,GG:1.50,9,9,7,2,2,0.6363636363636364,True,1m_b1500_g40_e06;1m_b1500_g40_e07;1m_b1500_g40_e10;1m_b1500_g40_e11;1m_b1500_g40_e12;1m_b1500_g40_e13;1m_b1500_g40_e14,1m_b1500_g40_e05;1m_b1500_g40_e09,1m_b1500_g40_e03;1m_b1500_g40_e08
1,1500,40,RR:2.75,GG:1.75,9,10,7,2,3,0.5833333333333334,True,1m_b1500_g40_e05;1m_b1500_g40_e06;1m_b1500_g40_e07;1m_b1500_g40_e10;1m_b1500_g40_e11;1m_b1500_g40_e13;1m_b1500_g40_e14,1m_b1500_g40_e09;1m_b1500_g40_e12,1m_b1500_g40_e01;1m_b1500_g40_e03;1m_b1500_g40_e08
1,1500,40,RR:2.75,GG:2.00,9,9,7,2,2,0.6363636363636364,True,1m_b1500_g40_e05;1m_b1500_g40_e06;1m_b1500_g40_e07;1m_b1500_g40_e10;1m_b1500_g40_e11;1m_b1500_g40_e13;1m_b1500_g40_e14,1m_b1500_g40_e09;1m_b1500_g40_e12,1m_b1500_g40_e03;1m_b1500_g40_e08
1,1500,40,RR:2.75,GG:2.25,9,9,6,3,3,0.5,True,1m_b1500_g40_e06;1m_b1500_g40_e07;1m_b1500_g40_e10;1m_b1500_g40_e11;1m_b1500_g40_e13;1m_b1500_g40_e14,1m_b1500_g40_e05;1m_b1500_g40_e09;1m_b1500_g40_e12,1m_b1500_g40_e01;1m_b1500_g40_e03;1m_b1500_g40_e08
1,1500,40,RR:2.75,GG:2.50,9,11,8,1,3,0.6666666666666666,True,1m_b1500_g40_e05;1m_b1500_g40_e06;1m_b1500_g40_e07;1m_b1500_g40_e10;1m_b1500_g40_e11;1m_b1500_g40_e12;1m_b1500_g40_e13;1m_b1500_g40_e14,1m_b1500_g40_e09,1m_b1500_g40_e01;1m_b1500_g40_e03;1m_b1500_g40_e08
1,1500,40,RR:2.75,GG:2.75,9,11,8,1,3,0.6666666666666666,True,1m_b1500_g40_e05;1m_b1500_g40_e06;1m_b1500_g40_e07;1m_b1500_g40_e10;1m_b1500_g40_e11;1m_b1500_g40_e12;1m_b1500_g40_e13;1m_b1500_g40_e14,1m_b1500_g40_e09,1m_b1500_g40_e01;1m_b1500_g40_e03;1m_b1500_g40_e08
1,1500,40,RR:2.75,GG:3.00,9,11,8,1,3,0.6666666666666666,True,1m_b1500_g40_e05;1m_b1500_g40_e06;1m_b1500_g40_e07;1m_b1500_g40_e10;1m_b1500_g40_e11;1m_b1500_g40_e12;1m_b1500_g40_e13;1m_b1500_g40_e14,1m_b1500_g40_e09,1m_b1500_g40_e01;1m_b1500_g40_e03;1m_b1500_g40_e08
1,1500,40,RR:2.75,GG:3.25,9,11,8,1,3,0.6666666666666666,True,1m_b1500_g40_e05;1m_b1500_g40_e06;1m_b1500_g40_e07;1m_b1500_g40_e10;1m_b1500_g40_e11;1m_b1500_g40_e12;1m_b1500_g40_e13;1m_b1500_g40_e14,1m_b1500_g40_e09,1m_b1500_g40_e01;1m_b1500_g40_e03;1m_b1500_g40_e08
1,1500,40,RR:2.75,GG:3.50,9,11,8,1,3,0.6666666666666666,True,1m_b1500_g40_e05;1m_b1500_g40_e06;1m_b1500_g40_e07;1m_b1500_g40_e10;1m_b1500_g40_e11;1m_b1500_g40_e12;1m_b1500_g40_e13;1m_b1500_g40_e14,1m_b1500_g40_e09,1m_b1500_g40_e01;1m_b1500_g40_e03;1m_b1500_g40_e08
1,1500,40,RR:3.00,GG:0.50,9,9,6,3,3,0.5,True,1m_b1500_g40_e06;1m_b1500_g40_e10;1m_b1500_g40_e11;1m_b1500_g40_e12;1m_b1500_g40_e13;1m_b1500_g40_e14,1m_b1500_g40_e05;1m_b1500_g40_e07;1m_b1500_g40_e09,1m_b1500_g40_e03;1m_b1500_g40_e04;1m_b1500_g40_e08
1,1500,40,RR:3.00,GG:0.75,9,9,6,3,3,0.5,True,1m_b1500_g40_e06;1m_b1500_g40_e10;1m_b1500_g40_e11;1m_b1500_g40_e12;1m_b1500_g40_e13;1m_b1500_g40_e14,1m_b1500_g40_e05;1m_b1500_g40_e07;1m_b1500_g40_e09,1m_b1500_g40_e01;1m_b1500_g40_e03;1m_b1500_g40_e08
1,1500,40,RR:3.00,GG:1.00,9,9,7,2,2,0.6363636363636364,True,1m_b1500_g40_e05;1m_b1500_g40_e06;1m_b1500_g40_e10;1m_b1500_g40_e11;1m_b1500_g40_e12;1m_b1500_g40_e13;1m_b1500_g40_e14,1m_b1500_g40_e07;1m_b1500_g40_e09,1m_b1500_g40_e03;1m_b1500_g40_e08
1,1500,40,RR:3.00,GG:1.25,9,9,7,2,2,0.6363636363636364,True,1m_b1500_g40_e06;1m_b1500_g40_e07;1m_b1500_g40_e10;1m_b1500_g40_e11;1m_b1500_g40_e12;1m_b1500_g40_e13;1m_b1500_g40_e14,1m_b1500_g40_e05;1m_b1500_g40_e09,1m_b1500_g40_e03;1m_b1500_g40_e08
1,1500,40,RR:3.00,GG:1.50,9,9,7,2,2,0.6363636363636364,True,1m_b1500_g40_e06;1m_b1500_g40_e07;1m_b1500_g40_e10;1m_b1500_g40_e11;1m_b1500_g40_e12;1m_b1500_g40_e13;1m_b1500_g40_e14,1m_b1500_g40_e05;1m_b1500_g40_e09,1m_b1500_g40_e03;1m_b1500_g40_e08
1,1500,40,RR:3.00,GG:1.75,9,10,7,2,3,0.5833333333333334,True,1m_b1500_g40_e05;1m_b1500_g40_e06;1m_b1500_g40_e07;1m_b1500_g40_e10;1m_b1500_g40_e11;1m_b1500_g40_e13;1m_b1500_g40_e14,1m_b1500_g40_e09;1m_b1500_g40_e12,1m_b1500_g40_e01;1m_b1500_g40_e03;1m_b1500_g40_e08
1,1500,40,RR:3.00,GG:2.00,9,9,7,2,2,0.6363636363636364,True,1m_b1500_g40_e05;1m_b1500_g40_e06;1m_b1500_g40_e07;1m_b1500_g40_e10;1m_b1500_g40_e11;1m_b1500_g40_e13;1m_b1500_g40_e14,1m_b1500_g40_e09;1m_b1500_g40_e12,1m_b1500_g40_e03;1m_b1500_g40_e08
1,1500,40,RR:3.00,GG:2.25,9,9,6,3,3,0.5,True,1m_b1500_g40_e06;1m_b1500_g40_e07;1m_b1500_g40_e10;1m_b1500_g40_e11;1m_b1500_g40_e13;1m_b1500_g40_e14,1m_b1500_g40_e05;1m_b1500_g40_e09;1m_b1500_g40_e12,1m_b1500_g40_e01;1m_b1500_g40_e03;1m_b1500_g40_e08
1,1500,40,RR:3.00,GG:2.50,9,11,8,1,3,0.6666666666666666,True,1m_b1500_g40_e05;1m_b1500_g40_e06;1m_b1500_g40_e07;1m_b1500_g40_e10;1m_b1500_g40_e11;1m_b1500_g40_e12;1m_b1500_g40_e13;1m_b1500_g40_e14,1m_b1500_g40_e09,1m_b1500_g40_e01;1m_b1500_g40_e03;1m_b1500_g40_e08
1,1500,40,RR:3.00,GG:2.75,9,11,8,1,3,0.6666666666666666,True,1m_b1500_g40_e05;1m_b1500_g40_e06;1m_b1500_g40_e07;1m_b1500_g40_e10;1m_b1500_g40_e11;1m_b1500_g40_e12;1m_b1500_g40_e13;1m_b1500_g40_e14,1m_b1500_g40_e09,1m_b1500_g40_e01;1m_b1500_g40_e03;1m_b1500_g40_e08
1,1500,40,RR:3.00,GG:3.00,9,11,8,1,3,0.6666666666666666,True,1m_b1500_g40_e05;1m_b1500_g40_e06;1m_b1500_g40_e07;1m_b1500_g40_e10;1m_b1500_g40_e11;1m_b1500_g40_e12;1m_b1500_g40_e13;1m_b1500_g40_e14,1m_b1500_g40_e09,1m_b1500_g40_e01;1m_b1500_g40_e03;1m_b1500_g40_e08
1,1500,40,RR:3.00,GG:3.25,9,11,8,1,3,0.6666666666666666,True,1m_b1500_g40_e05;1m_b1500_g40_e06;1m_b1500_g40_e07;1m_b1500_g40_e10;1m_b1500_g40_e11;1m_b1500_g40_e12;1m_b1500_g40_e13;1m_b1500_g40_e14,1m_b1500_g40_e09,1m_b1500_g40_e01;1m_b1500_g40_e03;1m_b1500_g40_e08
1,1500,40,RR:3.00,GG:3.50,9,11,8,1,3,0.6666666666666666,True,1m_b1500_g40_e05;1m_b1500_g40_e06;1m_b1500_g40_e07;1m_b1500_g40_e10;1m_b1500_g40_e11;1m_b1500_g40_e12;1m_b1500_g40_e13;1m_b1500_g40_e14,1m_b1500_g40_e09,1m_b1500_g40_e01;1m_b1500_g40_e03;1m_b1500_g40_e08
1,1500,40,RR:3.25,GG:0.50,6,9,5,1,4,0.5,True,1m_b1500_g40_e06;1m_b1500_g40_e10;1m_b1500_g40_e11;1m_b1500_g40_e13;1m_b1500_g40_e14,1m_b1500_g40_e09,1m_b1500_g40_e03;1m_b1500_g40_e04;1m_b1500_g40_e08;1m_b1500_g40_e12
1,1500,40,RR:3.25,GG:0.75,6,9,5,1,4,0.5,True,1m_b1500_g40_e06;1m_b1500_g40_e10;1m_b1500_g40_e11;1m_b1500_g40_e13;1m_b1500_g40_e14,1m_b1500_g40_e09,1m_b1500_g40_e01;1m_b1500_g40_e03;1m_b1500_g40_e08;1m_b1500_g40_e12
1,1500,40,RR:3.25,GG:1.00,6,9,5,1,4,0.5,True,1m_b1500_g40_e06;1m_b1500_g40_e10;1m_b1500_g40_e11;1m_b1500_g40_e13;1m_b1500_g40_e14,1m_b1500_g40_e09,1m_b1500_g40_e03;1m_b1500_g40_e05;1m_b1500_g40_e08;1m_b1500_g40_e12
1,1500,40,RR:3.25,GG:1.25,6,9,5,1,4,0.5,True,1m_b1500_g40_e06;1m_b1500_g40_e10;1m_b1500_g40_e11;1m_b1500_g40_e13;1m_b1500_g40_e14,1m_b1500_g40_e09,1m_b1500_g40_e03;1m_b1500_g40_e07;1m_b1500_g40_e08;1m_b1500_g40_e12
1,1500,40,RR:3.25,GG:1.50,6,9,5,1,4,0.5,True,1m_b1500_g40_e06;1m_b1500_g40_e10;1m_b1500_g40_e11;1m_b1500_g40_e13;1m_b1500_g40_e14,1m_b1500_g40_e09,1m_b1500_g40_e03;1m_b1500_g40_e07;1m_b1500_g40_e08;1m_b1500_g40_e12
1,1500,40,RR:3.25,GG:1.75,6,10,5,1,5,0.45454545454545453,True,1m_b1500_g40_e06;1m_b1500_g40_e10;1m_b1500_g40_e11;1m_b1500_g40_e13;1m_b1500_g40_e14,1m_b1500_g40_e09,1m_b1500_g40_e01;1m_b1500_g40_e03;1m_b1500_g40_e05;1m_b1500_g40_e07;1m_b1500_g40_e08
1,1500,40,RR:3.25,GG:2.00,6,9,5,1,4,0.5,True,1m_b1500_g40_e06;1m_b1500_g40_e10;1m_b1500_g40_e11;1m_b1500_g40_e13;1m_b1500_g40_e14,1m_b1500_g40_e09,1m_b1500_g40_e03;1m_b1500_g40_e05;1m_b1500_g40_e07;1m_b1500_g40_e08
1,1500,40,RR:3.25,GG:2.25,6,9,5,1,4,0.5,True,1m_b1500_g40_e06;1m_b1500_g40_e10;1m_b1500_g40_e11;1m_b1500_g40_e13;1m_b1500_g40_e14,1m_b1500_g40_e09,1m_b1500_g40_e01;1m_b1500_g40_e03;1m_b1500_g40_e07;1m_b1500_g40_e08
1,1500,40,RR:3.25,GG:2.50,6,11,5,1,6,0.4166666666666667,True,1m_b1500_g40_e06;1m_b1500_g40_e10;1m_b1500_g40_e11;1m_b1500_g40_e13;1m_b1500_g40_e14,1m_b1500_g40_e09,1m_b1500_g40_e01;1m_b1500_g40_e03;1m_b1500_g40_e05;1m_b1500_g40_e07;1m_b1500_g40_e08;1m_b1500_g40_e12
1,1500,40,RR:3.25,GG:2.75,6,11,5,1,6,0.4166666666666667,True,1m_b1500_g40_e06;1m_b1500_g40_e10;1m_b1500_g40_e11;1m_b1500_g40_e13;1m_b1500_g40_e14,1m_b1500_g40_e09,1m_b1500_g40_e01;1m_b1500_g40_e03;1m_b1500_g40_e05;1m_b1500_g40_e07;1m_b1500_g40_e08;1m_b1500_g40_e12
1,1500,40,RR:3.25,GG:3.00,6,11,5,1,6,0.4166666666666667,True,1m_b1500_g40_e06;1m_b1500_g40_e10;1m_b1500_g40_e11;1m_b1500_g40_e13;1m_b1500_g40_e14,1m_b1500_g40_e09,1m_b1500_g40_e01;1m_b1500_g40_e03;1m_b1500_g40_e05;1m_b1500_g40_e07;1m_b1500_g40_e08;1m_b1500_g40_e12
1,1500,40,RR:3.25,GG:3.25,6,11,5,1,6,0.4166666666666667,True,1m_b1500_g40_e06;1m_b1500_g40_e10;1m_b1500_g40_e11;1m_b1500_g40_e13;1m_b1500_g40_e14,1m_b1500_g40_e09,1m_b1500_g40_e01;1m_b1500_g40_e03;1m_b1500_g40_e05;1m_b1500_g40_e07;1m_b1500_g40_e08;1m_b1500_g40_e12
1,1500,40,RR:3.25,GG:3.50,6,11,5,1,6,0.4166666666666667,True,1m_b1500_g40_e06;1m_b1500_g40_e10;1m_b1500_g40_e11;1m_b1500_g40_e13;1m_b1500_g40_e14,1m_b1500_g40_e09,1m_b1500_g40_e01;1m_b1500_g40_e03;1m_b1500_g40_e05;1m_b1500_g40_e07;1m_b1500_g40_e08;1m_b1500_g40_e12
1,1500,40,RR:3.50,GG:0.50,7,9,6,1,3,0.6,True,1m_b1500_g40_e06;1m_b1500_g40_e10;1m_b1500_g40_e11;1m_b1500_g40_e12;1m_b1500_g40_e13;1m_b1500_g40_e14,1m_b1500_g40_e09,1m_b1500_g40_e03;1m_b1500_g40_e04;1m_b1500_g40_e08
1,1500,40,RR:3.50,GG:0.75,7,9,6,1,3,0.6,True,1m_b1500_g40_e06;1m_b1500_g40_e10;1m_b1500_g40_e11;1m_b1500_g40_e12;1m_b1500_g40_e13;1m_b1500_g40_e14,1m_b1500_g40_e09,1m_b1500_g40_e01;1m_b1500_g40_e03;1m_b1500_g40_e08
1,1500,40,RR:3.50,GG:1.00,7,9,6,1,3,0.6,True,1m_b1500_g40_e06;1m_b1500_g40_e10;1m_b1500_g40_e11;1m_b1500_g40_e12;1m_b1500_g40_e13;1m_b1500_g40_e14,1m_b1500_g40_e09,1m_b1500_g40_e03;1m_b1500_g40_e05;1m_b1500_g40_e08
1,1500,40,RR:3.50,GG:1.25,7,9,6,1,3,0.6,True,1m_b1500_g40_e06;1m_b1500_g40_e10;1m_b1500_g40_e11;1m_b1500_g40_e12;1m_b1500_g40_e13;1m_b1500_g40_e14,1m_b1500_g40_e09,1m_b1500_g40_e03;1m_b1500_g40_e07;1m_b1500_g40_e08
1,1500,40,RR:3.50,GG:1.50,7,9,6,1,3,0.6,True,1m_b1500_g40_e06;1m_b1500_g40_e10;1m_b1500_g40_e11;1m_b1500_g40_e12;1m_b1500_g40_e13;1m_b1500_g40_e14,1m_b1500_g40_e09,1m_b1500_g40_e03;1m_b1500_g40_e07;1m_b1500_g40_e08
1,1500,40,RR:3.50,GG:1.75,7,10,5,2,5,0.4166666666666667,True,1m_b1500_g40_e06;1m_b1500_g40_e10;1m_b1500_g40_e11;1m_b1500_g40_e13;1m_b1500_g40_e14,1m_b1500_g40_e09;1m_b1500_g40_e12,1m_b1500_g40_e01;1m_b1500_g40_e03;1m_b1500_g40_e05;1m_b1500_g40_e07;1m_b1500_g40_e08
1,1500,40,RR:3.50,GG:2.00,7,9,5,2,4,0.45454545454545453,True,1m_b1500_g40_e06;1m_b1500_g40_e10;1m_b1500_g40_e11;1m_b1500_g40_e13;1m_b1500_g40_e14,1m_b1500_g40_e09;1m_b1500_g40_e12,1m_b1500_g40_e03;1m_b1500_g40_e05;1m_b1500_g40_e07;1m_b1500_g40_e08
1,1500,40,RR:3.50,GG:2.25,7,9,5,2,4,0.45454545454545453,True,1m_b1500_g40_e06;1m_b1500_g40_e10;1m_b1500_g40_e11;1m_b1500_g40_e13;1m_b1500_g40_e14,1m_b1500_g40_e09;1m_b1500_g40_e12,1m_b1500_g40_e01;1m_b1500_g40_e03;1m_b1500_g40_e07;1m_b1500_g40_e08
1,1500,40,RR:3.50,GG:2.50,7,11,6,1,5,0.5,True,1m_b1500_g40_e06;1m_b1500_g40_e10;1m_b1500_g40_e11;1m_b1500_g40_e12;1m_b1500_g40_e13;1m_b1500_g40_e14,1m_b1500_g40_e09,1m_b1500_g40_e01;1m_b1500_g40_e03;1m_b1500_g40_e05;1m_b1500_g40_e07;1m_b1500_g40_e08
1,1500,40,RR:3.50,GG:2.75,7,11,6,1,5,0.5,True,1m_b1500_g40_e06;1m_b1500_g40_e10;1m_b1500_g40_e11;1m_b1500_g40_e12;1m_b1500_g40_e13;1m_b1500_g40_e14,1m_b1500_g40_e09,1m_b1500_g40_e01;1m_b1500_g40_e03;1m_b1500_g40_e05;1m_b1500_g40_e07;1m_b1500_g40_e08
1,1500,40,RR:3.50,GG:3.00,7,11,6,1,5,0.5,True,1m_b1500_g40_e06;1m_b1500_g40_e10;1m_b1500_g40_e11;1m_b1500_g40_e12;1m_b1500_g40_e13;1m_b1500_g40_e14,1m_b1500_g40_e09,1m_b1500_g40_e01;1m_b1500_g40_e03;1m_b1500_g40_e05;1m_b1500_g40_e07;1m_b1500_g40_e08
1,1500,40,RR:3.50,GG:3.25,7,11,6,1,5,0.5,True,1m_b1500_g40_e06;1m_b1500_g40_e10;1m_b1500_g40_e11;1m_b1500_g40_e12;1m_b1500_g40_e13;1m_b1500_g40_e14,1m_b1500_g40_e09,1m_b1500_g40_e01;1m_b1500_g40_e03;1m_b1500_g40_e05;1m_b1500_g40_e07;1m_b1500_g40_e08
1,1500,40,RR:3.50,GG:3.50,7,11,6,1,5,0.5,True,1m_b1500_g40_e06;1m_b1500_g40_e10;1m_b1500_g40_e11;1m_b1500_g40_e12;1m_b1500_g40_e13;1m_b1500_g40_e14,1m_b1500_g40_e09,1m_b1500_g40_e01;1m_b1500_g40_e03;1m_b1500_g40_e05;1m_b1500_g40_e07;1m_b1500_g40_e08
1,1500,40,RR:0.50,RR:2.50,7,7,5,2,2,0.5555555555555556,True,1m_b1500_g40_e06;1m_b1500_g40_e10;1m_b1500_g40_e11;1m_b1500_g40_e13;1m_b1500_g40_e14,1m_b1500_g40_e04;1m_b1500_g40_e09,1m_b1500_g40_e07;1m_b1500_g40_e12
1,6800,5,RR:0.50,GG:0.50,0,0,0,0,0,,False,,,
1,6800,5,RR:0.50,GG:0.75,0,0,0,0,0,,False,,,
1,6800,5,RR:0.50,GG:1.00,0,0,0,0,0,,False,,,
1,6800,5,RR:0.50,GG:1.25,0,0,0,0,0,,False,,,
1,6800,5,RR:0.50,GG:1.50,0,0,0,0,0,,False,,,
1,6800,5,RR:0.50,GG:1.75,0,0,0,0,0,,False,,,
1,6800,5,RR:0.50,GG:2.00,0,0,0,0,0,,False,,,
1,6800,5,RR:0.50,GG:2.25,0,0,0,0,0,,False,,,
1,6800,5,RR:0.50,GG:2.50,0,0,0,0,0,,False,,,
1,6800,5,RR:0.50,GG:2.75,0,0,0,0,0,,False,,,
1,6800,5,RR:0.50,GG:3.00,0,0,0,0,0,,False,,,
1,6800,5,RR:0.50,GG:3.25,0,0,0,0,0,,False,,,
1,6800,5,RR:0.50,GG:3.50,0,0,0,0,0,,False,,,
1,6800,5,RR:0.75,GG:0.50,0,0,0,0,0,,False,,,
1,6800,5,RR:0.75,GG:0.75,0,0,0,0,0,,False,,,
1,6800,5,RR:0.75,GG:1.00,0,0,0,0,0,,False,,,
1,6800,5,RR:0.75,GG:1.25,0,0,0,0,0,,False,,,
1,6800,5,RR:0.75,GG:1.50,0,0,0,0,0,,False,,,
1,6800,5,RR:0.75,GG:1.75,0,0,0,0,0,,False,,,
1,6800,5,RR:0.75,GG:2.00,0,0,0,0,0,,False,,,
1,6800,5,RR:0.75,GG:2.25,0,0,0,0,0,,False,,,
1,6800,5,RR:0.75,GG:2.50,0,0,0,0,0,,False,,,
1,6800,5,RR:0.75,GG:2.75,0,0,0,0,0,,False,,,
1,6800,5,RR:0.75,GG:3.00,0,0,0,0,0,,False,,,
1,6800,5,RR:0.75,GG:3.25,0,0,0,0,0,,False,,,
1,6800,5,RR:0.75,GG:3.50,0,0,0,0,0,,False,,,
1,6800,5,RR:1.00,GG:0.50,0,0,0,0,0,,False,,,
1,6800,5,RR:1.00,GG:0.75,0,0,0,0,0,,False,,,
1,6800,5,RR:1.00,GG:1.00,0,0,0,0,0,,False,,,
1,6800,5,RR:1.00,GG:1.25,0,0,0,0,0,,False,,,
1,6800,5,RR:1.00,GG:1.50,0,0,0,0,0,,False,,,
1,6800,5,RR:1.00,GG:1.75,0,0,0,0,0,,False,,,
1,6800,5,RR:1.00,GG:2.00,0,0,0,0,0,,False,,,
1,6800,5,RR:1.00,GG:2.25,0,0,0,0,0,,False,,,
1,6800,5,RR:1.00,GG:2.50,0,0,0,0,0,,False,,,
1,6800,5,RR:1.00,GG:2.75,0,0,0,0,0,,False,,,
1,6800,5,RR:1.00,GG:3.00,0,0,0,0,0,,False,,,
1,6800,5,RR:1.00,GG:3.25,0,0,0,0,0,,False,,,
1,6800,5,RR:1.00,GG:3.50,0,0,0,0,0,,False,,,
1,6800,5,RR:1.25,GG:0.50,0,0,0,0,0,,False,,,
1,6800,5,RR:1.25,GG:0.75,0,0,0,0,0,,False,,,
1,6800,5,RR:1.25,GG:1.00,0,0,0,0,0,,False,,,
1,6800,5,RR:1.25,GG:1.25,0,0,0,0,0,,False,,,
1,6800,5,RR:1.25,GG:1.50,0,0,0,0,0,,False,,,
1,6800,5,RR:1.25,GG:1.75,0,0,0,0,0,,False,,,
1,6800,5,RR:1.25,GG:2.00,0,0,0,0,0,,False,,,
1,6800,5,RR:1.25,GG:2.25,0,0,0,0,0,,False,,,
1,6800,5,RR:1.25,GG:2.50,0,0,0,0,0,,False,,,
1,6800,5,RR:1.25,GG:2.75,0,0,0,0,0,,False,,,
1,6800,5,RR:1.25,GG:3.00,0,0,0,0,0,,False,,,
1,6800,5,RR:1.25,GG:3.25,0,0,0,0,0,,False,,,
1,6800,5,RR:1.25,GG:3.50,0,0,0,0,0,,False,,,
1,6800,5,RR:1.50,GG:0.50,0,0,0,0,0,,False,,,
1,6800,5,RR:1.50,GG:0.75,0,0,0,0,0,,False,,,
1,6800,5,RR:1.50,GG:1.00,0,0,0,0,0,,False,,,
1,6800,5,RR:1.50,GG:1.25,0,0,0,0,0,,False,,,
1,6800,5,RR:1.50,GG:1.50,0,0,0,0,0,,False,,,
1,6800,5,RR:1.50,GG:1.75,0,0,0,0,0,,False,,,
1,6800,5,RR:1.50,GG:2.00,0,0,0,0,0,,False,,,
1,6800,5,RR:1.50,GG:2.25,0,0,0,0,0,,False,,,
1,6800,5,RR:1.50,GG:2.50,0,0,0,0,0,,False,,,
1,6800,5,RR:1.50,GG:2.75,0,0,0,0,0,,False,,,
1,6800,5,RR:1.50,GG:3.00,0,0,0,0,0,,False,,,
1,6800,5,RR:1.50,GG:3.25,0,0,0,0,0,,False,,,
1,6800,5,RR:1.50,GG:3.50,0,0,0,0,0,,False,,,
1,6800,5,RR:1.75,GG:0.50,0,0,0,0,0,,False,,,
1,6800,5,RR:1.75,GG:0.75,0,0,0,0,0,,False,,,
1,6800,5,RR:1.75,GG:1.00,0,0,0,0,0,,False,,,
1,6800,5,RR:1.75,GG:1.25,0,0,0,0,0,,False,,,
1,6800,5,RR:1.75,GG:1.50,0,0,0,0,0,,False,,,
1,6800,5,RR:1.75,GG:1.75,0,0,0,0,0,,False,,,
1,6800,5,RR:1.75,GG:2.00,0,0,0,0,0,,False,,,
1,6800,5,RR:1.75,GG:2.25,0,0,0,0,0,,False,,,
1,6800,5,RR:1.75,GG:2.50,0,0,0,0,0,,False,,,
1,6800,5,RR:1.75,GG:2.75,0,0,0,0,0,,False,,,
1,6800,5,RR:1.75,GG:3.00,0,0,0,0,0,,False,,,
1,6800,5,RR:1.75,GG:3.25,0,0,0,0,0,,False,,,
1,6800,5,RR:1.75,GG:3.50,0,0,0,0,0,,False,,,
1,6800,5,RR:2.00,GG:0.50,0,0,0,0,0,,False,,,
1,6800,5,RR:2.00,GG:0.75,0,0,0,0,0,,False,,,
1,6800,5,RR:2.00,GG:1.00,0,0,0,0,0,,False,,,
1,6800,5,RR:2.00,GG:1.25,0,0,0,0,0,,False,,,
1,6800,5,RR:2.00,GG:1.50,0,0,0,0,0,,False,,,
1,6800,5,RR:2.00,GG:1.75,0,0,0,0,0,,False,,,
1,6800,5,RR:2.00,GG:2.00,0,0,0,0,0,,False,,,
1,6800,5,RR:2.00,GG:2.25,0,0,0,0,0,,False,,,
1,6800,5,RR:2.00,GG:2.50,0,0,0,0,0,,False,,,
1,6800,5,RR:2.00,GG:2.75,0,0,0,0,0,,False,,,
1,6800,5,RR:2.00,GG:3.00,0,0,0,0,0,,False,,,
1,6800,5,RR:2.00,GG:3.25,0,0,0,0,0,,False,,,
1,6800,5,RR:2.00,GG:3.50,0,0,0,0,0,,False,,,
1,6800,5,RR:2.25,GG:0.50,0,0,0,0,0,,False,,,
1,6800,5,RR:2.25,GG:0.75,0,0,0,0,0,,False,,,
1,6800,5,RR:2.25,GG:1.00,0,0,0,0,0,,False,,,
1,6800,5,RR:2.25,GG:1.25,0,0,0,0,0,,False,,,
1,6800,5,RR:2.25,GG:1.50,0,0,0,0,0,,False,,,
1,6800,5,RR:2.25,GG:1.75,0,0,0,0,0,,False,,,
1,6800,5,RR:2.25,GG:2.00,0,0,0,0,0,,False,,,
1,6800,5,RR:2.25,GG:2.25,0,0,0,0,0,,False,,,
1,6800,5,RR:2.25,GG:2.50,0,0,0,0,0,,False,,,
1,6800,5,RR:2.25,GG:2.75,0,0,0,0,0,,False,,,
1,6800,5,RR:2.25,GG:3.00,0,0,0,0,0,,False,,,
1,6800,5,RR:2.25,GG:3.25,0,0,0,0,0,,False,,,
1,6800,5,RR:2.25,GG:3.50,0,0,0,0,0,,False,,,
1,6800,5,RR:2.50,GG:0.50,0,0,0,0,0,,False,,,
1,6800,5,RR:2.50,GG:0.75,0,0,0,0,0,,False,,,
1,6800,5,RR:2.50,GG:1.00,0,0,0,0,0,,False,,,
1,6800,5,RR:2.50,GG:1.25,0,0,0,0,0,,False,,,
1,6800,5,RR:2.50,GG:1.50,0,0,0,0,0,,False,,,
1,6800,5,RR:2.50,GG:1.75,0,0,0,0,0,,False,,,
1,6800,5,RR:2.50,GG:2.00,0,0,0,0,0,,False,,,
1,6800,5,RR:2.50,GG:2.25,0,0,0,0,0,,False,,,
1,6800,5,RR:2.50,GG:2.50,0,0,0,0,0,,False,,,
1,6800,5,RR:2.50,GG:2.75,0,0,0,0,0,,False,,,
1,6800,5,RR:2.50,GG:3.00,0,0,0,0,0,,False,,,
1,6800,5,RR:2.50,GG:3.25,0,0,0,0,0,,False,,,
1,6800,5,RR:2.50,GG:3.50,0,0,0,0,0,,False,,,
1,6800,5,RR:2.75,GG:0.50,0,0,0,0,0,,False,,,
1,6800,5,RR:2.75,GG:0.75,0,0,0,0,0,,False,,,
1,6800,5,RR:2.75,GG:1.00,0,0,0,0,0,,False,,,
1,6800,5,RR:2.75,GG:1.25,0,0,0,0,0,,False,,,
1,6800,5,RR:2.75,GG:1.50,0,0,0,0,0,,False,,,
1,6800,5,RR:2.75,GG:1.75,0,0,0,0,0,,False,,,
1,6800,5,RR:2.75,GG:2.00,0,0,0,0,0,,False,,,
1,6800,5,RR:2.75,GG:2.25,0,0,0,0,0,,False,,,
1,6800,5,RR:2.75,GG:2.50,0,0,0,0,0,,False,,,
1,6800,5,RR:2.75,GG:2.75,0,0,0,0,0,,False,,,
1,6800,5,RR:2.75,GG:3.00,0,0,0,0,0,,False,,,
1,6800,5,RR:2.75,GG:3.25,0,0,0,0,0,,False,,,
1,6800,5,RR:2.75,GG:3.50,0,0,0,0,0,,False,,,
1,6800,5,RR:3.00,GG:0.50,0,0,0,0,0,,False,,,
1,6800,5,RR:3.00,GG:0.75,0,0,0,0,0,,False,,,
1,6800,5,RR:3.00,GG:1.00,0,0,0,0,0,,False,,,
1,6800,5,RR:3.00,GG:1.25,0,0,0,0,0,,False,,,
1,6800,5,RR:3.00,GG:1.50,0,0,0,0,0,,False,,,
1,6800,5,RR:3.00,GG:1.75,0,0,0,0,0,,False,,,
1,6800,5,RR:3.00,GG:2.00,0,0,0,0,0,,False,,,
1,6800,5,RR:3.00,GG:2.25,0,0,0,0,0,,False,,,
1,6800,5,RR:3.00,GG:2.50,0,0,0,0,0,,False,,,
1,6800,5,RR:3.00,GG:2.75,0,0,0,0,0,,False,,,
1,6800,5,RR:3.00,GG:3.00,0,0,0,0,0,,False,,,
1,6800,5,RR:3.00,GG:3.25,0,0,0,0,0,,False,,,
1,6800,5,RR:3.00,GG:3.50,0,0,0,0,0,,False,,,
1,6800,5,RR:3.25,GG:0.50,0,0,0,0,0,,False,,,
1,6800,5,RR:3.25,GG:0.75,0,0,0,0,0,,False,,,
1,6800,5,RR:3.25,GG:1.00,0,0,0,0,0,,False,,,
1,6800,5,RR:3.25,GG:1.25,0,0,0,0,0,,False,,,
1,6800,5,RR:3.25,GG:1.50,0,0,0,0,0,,False,,,
1,6800,5,RR:3.25,GG:1.75,0,0,0,0,0,,False,,,
1,6800,5,RR:3.25,GG:2.00,0,0,0,0,0,,False,,,
1,6800,5,RR:3.25,GG:2.25,0,0,0,0,0,,False,,,
1,6800,5,RR:3.25,GG:2.50,0,0,0,0,0,,False,,,
1,6800,5,RR:3.25,GG:2.75,0,0,0,0,0,,False,,,
1,6800,5,RR:3.25,GG:3.00,0,0,0,0,0,,False,,,
1,6800,5,RR:3.25,GG:3.25,0,0,0,0,0,,False,,,
1,6800,5,RR:3.25,GG:3.50,0,0,0,0,0,,False,,,
1,6800,5,RR:3.50,GG:0.50,0,0,0,0,0,,False,,,
1,6800,5,RR:3.50,GG:0.75,0,0,0,0,0,,False,,,
1,6800,5,RR:3.50,GG:1.00,0,0,0,0,0,,False,,,
1,6800,5,RR:3.50,GG:1.25,0,0,0,0,0,,False,,,
1,6800,5,RR:3.50,GG:1.50,0,0,0,0,0,,False,,,
1,6800,5,RR:3.50,GG:1.75,0,0,0,0,0,,False,,,
1,6800,5,RR:3.50,GG:2.00,0,0,0,0,0,,False,,,
1,6800,5,RR:3.50,GG:2.25,0,0,0,0,0,,False,,,
1,6800,5,RR:3.50,GG:2.50,0,0,0,0,0,,False,,,
1,6800,5,RR:3.50,GG:2.75,0,0,0,0,0,,False,,,
1,6800,5,RR:3.50,GG:3.00,0,0,0,0,0,,False,,,
1,6800,5,RR:3.50,GG:3.25,0,0,0,0,0,,False,,,
1,6800,5,RR:3.50,GG:3.50,0,0,0,0,0,,False,,,
1,6800,5,RR:0.50,RR:2.50,0,0,0,0,0,,False,,,
1,6800,20,RR:0.50,GG:0.50,0,0,0,0,0,,False,,,
1,6800,20,RR:0.50,GG:0.75,0,0,0,0,0,,False,,,
1,6800,20,RR:0.50,GG:1.00,0,0,0,0,0,,False,,,
1,6800,20,RR:0.50,GG:1.25,0,0,0,0,0,,False,,,
1,6800,20,RR:0.50,GG:1.50,0,0,0,0,0,,False,,,
1,6800,20,RR:0.50,GG:1.75,0,0,0,0,0,,False,,,
1,6800,20,RR:0.50,GG:2.00,0,0,0,0,0,,False,,,
1,6800,20,RR:0.50,GG:2.25,0,0,0,0,0,,False,,,
1,6800,20,RR:0.50,GG:2.50,0,0,0,0,0,,False,,,
1,6800,20,RR:0.50,GG:2.75,0,0,0,0,0,,False,,,
1,6800,20,RR:0.50,GG:3.00,0,0,0,0,0,,False,,,
1,6800,20,RR:0.50,GG:3.25,0,0,0,0,0,,False,,,
1,6800,20,RR:0.50,GG:3.50,0,0,0,0,0,,False,,,
1,6800,20,RR:0.75,GG:0.50,0,0,0,0,0,,False,,,
1,6800,20,RR:0.75,GG:0.75,0,0,0,0,0,,False,,,
1,6800,20,RR:0.75,GG:1.00,0,0,0,0,0,,False,,,
1,6800,20,RR:0.75,GG:1.25,0,0,0,0,0,,False,,,
1,6800,20,RR:0.75,GG:1.50,0,0,0,0,0,,False,,,
1,6800,20,RR:0.75,GG:1.75,0,0,0,0,0,,False,,,
1,6800,20,RR:0.75,GG:2.00,0,0,0,0,0,,False,,,
1,6800,20,RR:0.75,GG:2.25,0,0,0,0,0,,False,,,
1,6800,20,RR:0.75,GG:2.50,0,0,0,0,0,,False,,,
1,6800,20,RR:0.75,GG:2.75,0,0,0,0,0,,False,,,
1,6800,20,RR:0.75,GG:3.00,0,0,0,0,0,,False,,,
1,6800,20,RR:0.75,GG:3.25,0,0,0,0,0,,False,,,
1,6800,20,RR:0.75,GG:3.50,0,0,0,0,0,,False,,,
1,6800,20,RR:1.00,GG:0.50,0,0,0,0,0,,False,,,
1,6800,20,RR:1.00,GG:0.75,0,0,0,0,0,,False,,,
1,6800,20,RR:1.00,GG:1.00,0,0,0,0,0,,False,,,
1,6800,20,RR:1.00,GG:1.25,0,0,0,0,0,,False,,,
1,6800,20,RR:1.00,GG:1.50,0,0,0,0,0,,False,,,
1,6800,20,RR:1.00,GG:1.75,0,0,0,0,0,,False,,,
1,6800,20,RR:1.00,GG:2.00,0,0,0,0,0,,False,,,
1,6800,20,RR:1.00,GG:2.25,0,0,0,0,0,,False,,,
1,6800,20,RR:1.00,GG:2.50,0,0,0,0,0,,False,,,
1,6800,20,RR:1.00,GG:2.75,0,0,0,0,0,,False,,,
1,6800,20,RR:1.00,GG:3.00,0,0,0,0,0,,False,,,
1,6800,20,RR:1.00,GG:3.25,0,0,0,0,0,,False,,,
1,6800,20,RR:1.00,GG:3.50,0,0,0,0,0,,False,,,
1,6800,20,RR:1.25,GG:0.50,0,0,0,0,0,,False,,,
1,6800,20,RR:1.25,GG:0.75,0,0,0,0,0,,False,,,
1,6800,20,RR:1.25,GG:1.00,0,0,0,0,0,,False,,,
1,6800,20,RR:1.25,GG:1.25,0,0,0,0,0,,False,,,
1,6800,20,RR:1.25,GG:1.50,0,0,0,0,0,,False,,,
1,6800,20,RR:1.25,GG:1.75,0,0,0,0,0,,False,,,
1,6800,20,RR:1.25,GG:2.00,0,0,0,0,0,,False,,,
1,6800,20,RR:1.25,GG:2.25,0,0,0,0,0,,False,,,
1,6800,20,RR:1.25,GG:2.50,0,0,0,0,0,,False,,,
1,6800,20,RR:1.25,GG:2.75,0,0,0,0,0,,False,,,
1,6800,20,RR:1.25,GG:3.00,0,0,0,0,0,,False,,,
1,6800,20,RR:1.25,GG:3.25,0,0,0,0,0,,False,,,
1,6800,20,RR:1.25,GG:3.50,0,0,0,0,0,,False,,,
1,6800,20,RR:1.50,GG:0.50,0,0,0,0,0,,False,,,
1,6800,20,RR:1.50,GG:0.75,0,0,0,0,0,,False,,,
1,6800,20,RR:1.50,GG:1.00,0,0,0,0,0,,False,,,
1,6800,20,RR:1.50,GG:1.25,0,0,0,0,0,,False,,,
1,6800,20,RR:1.50,GG:1.50,0,0,0,0,0,,False,,,
1,6800,20,RR:1.50,GG:1.75,0,0,0,0,0,,False,,,
1,6800,20,RR:1.50,GG:2.00,0,0,0,0,0,,False,,,
1,6800,20,RR:1.50,GG:2.25,0,0,0,0,0,,False,,,
1,6800,20,RR:1.50,GG:2.50,0,0,0,0,0,,False,,,
1,6800,20,RR:1.50,GG:2.75,0,0,0,0,0,,False,,,
1,6800,20,RR:1.50,GG:3.00,0,0,0,0,0,,False,,,
1,6800,20,RR:1.50,GG:3.25,0,0,0,0,0,,False,,,
1,6800,20,RR:1.50,GG:3.50,0,0,0,0,0,,False,,,
1,6800,20,RR:1.75,GG:0.50,0,0,0,0,0,,False,,,
1,6800,20,RR:1.75,GG:0.75,0,0,0,0,0,,False,,,
1,6800,20,RR:1.75,GG:1.00,0,0,0,0,0,,False,,,
1,6800,20,RR:1.75,GG:1.25,0,0,0,0,0,,False,,,
1,6800,20,RR:1.75,GG:1.50,0,0,0,0,0,,False,,,
1,6800,20,RR:1.75,GG:1.75,0,0,0,0,0,,False,,,
1,6800,20,RR:1.75,GG:2.00,0,0,0,0,0,,False,,,
1,6800,20,RR:1.75,GG:2.25,0,0,0,0,0,,False,,,
1,6800,20,RR:1.75,GG:2.50,0,0,0,0,0,,False,,,
1,6800,20,RR:1.75,GG:2.75,0,0,0,0,0,,False,,,
1,6800,20,RR:1.75,GG:3.00,0,0,0,0,0,,False,,,
1,6800,20,RR:1.75,GG:3.25,0,0,0,0,0,,False,,,
1,6800,20,RR:1.75,GG:3.50,0,0,0,0,0,,False,,,
1,6800,20,RR:2.00,GG:0.50,0,0,0,0,0,,False,,,
1,6800,20,RR:2.00,GG:0.75,0,0,0,0,0,,False,,,
1,6800,20,RR:2.00,GG:1.00,0,0,0,0,0,,False,,,
1,6800,20,RR:2.00,GG:1.25,0,0,0,0,0,,False,,,
1,6800,20,RR:2.00,GG:1.50,0,0,0,0,0,,False,,,
1,6800,20,RR:2.00,GG:1.75,0,0,0,0,0,,False,,,
1,6800,20,RR:2.00,GG:2.00,0,0,0,0,0,,False,,,
1,6800,20,RR:2.00,GG:2.25,0,0,0,0,0,,False,,,
1,6800,20,RR:2.00,GG:2.50,0,0,0,0,0,,False,,,
1,6800,20,RR:2.00,GG:2.75,0,0,0,0,0,,False,,,
1,6800,20,RR:2.00,GG:3.00,0,0,0,0,0,,False,,,
1,6800,20,RR:2.00,GG:3.25,0,0,0,0,0,,False,,,
1,6800,20,RR:2.00,GG:3.50,0,0,0,0,0,,False,,,
1,6800,20,RR:2.25,GG:0.50,0,0,0,0,0,,False,,,
1,6800,20,RR:2.25,GG:0.75,0,0,0,0,0,,False,,,
1,6800,20,RR:2.25,GG:1.00,0,0,0,0,0,,False,,,
1,6800,20,RR:2.25,GG:1.25,0,0,0,0,0,,False,,,
1,6800,20,RR:2.25,GG:1.50,0,0,0,0,0,,False,,,
1,6800,20,RR:2.25,GG:1.75,0,0,0,0,0,,False,,,
1,6800,20,RR:2.25,GG:2.00,0,0,0,0,0,,False,,,
1,6800,20,RR:2.25,GG:2.25,0,0,0,0,0,,False,,,
1,6800,20,RR:2.25,GG:2.50,0,0,0,0,0,,False,,,
1,6800,20,RR:2.25,GG:2.75,0,0,0,0,0,,False,,,
1,6800,20,RR:2.25,GG:3.00,0,0,0,0,0,,False,,,
1,6800,20,RR:2.25,GG:3.25,0,0,0,0,0,,False,,,
1,6800,20,RR:2.25,GG:3.50,0,0,0,0,0,,False,,,
1,6800,20,RR:2.50,GG:0.50,0,0,0,0,0,,False,,,
1,6800,20,RR:2.50,GG:0.75,0,0,0,0,0,,False,,,
1,6800,20,RR:2.50,GG:1.00,0,0,0,0,0,,False,,,
1,6800,20,RR:2.50,GG:1.25,0,0,0,0,0,,False,,,
1,6800,20,RR:2.50,GG:1.50,0,0,0,0,0,,False,,,
1,6800,20,RR:2.50,GG:1.75,0,0,0,0,0,,False,,,
1,6800,20,RR:2.50,GG:2.00,0,0,0,0,0,,False,,,
1,6800,20,RR:2.50,GG:2.25,0,0,0,0,0,,False,,,
1,6800,20,RR:2.50,GG:2.50,0,0,0,0,0,,False,,,
1,6800,20,RR:2.50,GG:2.75,0,0,0,0,0,,False,,,
1,6800,20,RR:2.50,GG:3.00,0,0,0,0,0,,False,,,
1,6800,20,RR:2.50,GG:3.25,0,0,0,0,0,,False,,,
1,6800,20,RR:2.50,GG:3.50,0,0,0,0,0,,False,,,
1,6800,20,RR:2.75,GG:0.50,0,0,0,0,0,,False,,,
1,6800,20,RR:2.75,GG:0.75,0,0,0,0,0,,False,,,
1,6800,20,RR:2.75,GG:1.00,0,0,0,0,0,,False,,,
1,6800,20,RR:2.75,GG:1.25,0,0,0,0,0,,False,,,
1,6800,20,RR:2.75,GG:1.50,0,0,0,0,0,,False,,,
1,6800,20,RR:2.75,GG:1.75,0,0,0,0,0,,False,,,
1,6800,20,RR:2.75,GG:2.00,0,0,0,0,0,,False,,,
1,6800,20,RR:2.75,GG:2.25,0,0,0,0,0,,False,,,
1,6800,20,RR:2.75,GG:2.50,0,0,0,0,0,,False,,,
1,6800,20,RR:2.75,GG:2.75,0,0,0,0,0,,False,,,
1,6800,20,RR:2.75,GG:3.00,0,0,0,0,0,,False,,,
1,6800,20,RR:2.75,GG:3.25,0,0,0,0,0,,False,,,
1,6800,20,RR:2.75,GG:3.50,0,0,0,0,0,,False,,,
1,6800,20,RR:3.00,GG:0.50,0,0,0,0,0,,False,,,
1,6800,20,RR:3.00,GG:0.75,0,0,0,0,0,,False,,,
1,6800,20,RR:3.00,GG:1.00,0,0,0,0,0,,False,,,
1,6800,20,RR:3.00,GG:1.25,0,0,0,0,0,,False,,,
1,6800,20,RR:3.00,GG:1.50,0,0,0,0,0,,False,,,
1,6800,20,RR:3.00,GG:1.75,0,0,0,0,0,,False,,,
1,6800,20,RR:3.00,GG:2.00,0,0,0,0,0,,False,,,
1,6800,20,RR:3.00,GG:2.25,0,0,0,0,0,,False,,,
1,6800,20,RR:3.00,GG:2.50,0,0,0,0,0,,False,,,
1,6800,20,RR:3.00,GG:2.75,0,0,0,0,0,,False,,,
1,6800,20,RR:3.00,GG:3.00,0,0,0,0,0,,False,,,
1,6800,20,RR:3.00,GG:3.25,0,0,0,0,0,,False,,,
1,6800,20,RR:3.00,GG:3.50,0,0,0,0,0,,False,,,
1,6800,20,RR:3.25,GG:0.50,0,0,0,0,0,,False,,,
1,6800,20,RR:3.25,GG:0.75,0,0,0,0,0,,False,,,
1,6800,20,RR:3.25,GG:1.00,0,0,0,0,0,,False,,,
1,6800,20,RR:3.25,GG:1.25,0,0,0,0,0,,False,,,
1,6800,20,RR:3.25,GG:1.50,0,0,0,0,0,,False,,,
1,6800,20,RR:3.25,GG:1.75,0,0,0,0,0,,False,,,
1,6800,20,RR:3.25,GG:2.00,0,0,0,0,0,,False,,,
1,6800,20,RR:3.25,GG:2.25,0,0,0,0,0,,False,,,
1,6800,20,RR:3.25,GG:2.50,0,0,0,0,0,,False,,,
1,6800,20,RR:3.25,GG:2.75,0,0,0,0,0,,False,,,
1,6800,20,RR:3.25,GG:3.00,0,0,0,0,0,,False,,,
1,6800,20,RR:3.25,GG:3.25,0,0,0,0,0,,False,,,
1,6800,20,RR:3.25,GG:3.50,0,0,0,0,0,,False,,,
1,6800,20,RR:3.50,GG:0.50,0,0,0,0,0,,False,,,
1,6800,20,RR:3.50,GG:0.75,0,0,0,0,0,,False,,,
1,6800,20,RR:3.50,GG:1.00,0,0,0,0,0,,False,,,
1,6800,20,RR:3.50,GG:1.25,0,0,0,0,0,,False,,,
1,6800,20,RR:3.50,GG:1.50,0,0,0,0,0,,False,,,
1,6800,20,RR:3.50,GG:1.75,0,0,0,0,0,,False,,,
1,6800,20,RR:3.50,GG:2.00,0,0,0,0,0,,False,,,
1,6800,20,RR:3.50,GG:2.25,0,0,0,0,0,,False,,,
1,6800,20,RR:3.50,GG:2.50,0,0,0,0,0,,False,,,
1,6800,20,RR:3.50,GG:2.75,0,0,0,0,0,,False,,,
1,6800,20,RR:3.50,GG:3.00,0,0,0,0,0,,False,,,
1,6800,20,RR:3.50,GG:3.25,0,0,0,0,0,,False,,,
1,6800,20,RR:3.50,GG:3.50,0,0,0,0,0,,False,,,
1,6800,20,RR:0.50,RR:2.50,0,0,0,0,0,,False,,,
1,6800,40,RR:0.50,GG:0.50,0,0,0,0,0,,False,,,
1,6800,40,RR:0.50,GG:0.75,0,0,0,0,0,,False,,,
1,6800,40,RR:0.50,GG:1.00,0,0,0,0,0,,False,,,
1,6800,40,RR:0.50,GG:1.25,0,0,0,0,0,,False,,,
1,6800,40,RR:0.50,GG:1.50,0,0,0,0,0,,False,,,
1,6800,40,RR:0.50,GG:1.75,0,0,0,0,0,,False,,,
1,6800,40,RR:0.50,GG:2.00,0,0,0,0,0,,False,,,
1,6800,40,RR:0.50,GG:2.25,0,0,0,0,0,,False,,,
1,6800,40,RR:0.50,GG:2.50,0,0,0,0,0,,False,,,
1,6800,40,RR:0.50,GG:2.75,0,0,0,0,0,,False,,,
1,6800,40,RR:0.50,GG:3.00,0,0,0,0,0,,False,,,
1,6800,40,RR:0.50,GG:3.25,0,0,0,0,0,,False,,,
1,6800,40,RR:0.50,GG:3.50,0,0,0,0,0,,False,,,
1,6800,40,RR:0.75,GG:0.50,0,0,0,0,0,,False,,,
1,6800,40,RR:0.75,GG:0.75,0,0,0,0,0,,False,,,
1,6800,40,RR:0.75,GG:1.00,0,0,0,0,0,,False,,,
1,6800,40,RR:0.75,GG:1.25,0,0,0,0,0,,False,,,
1,6800,40,RR:0.75,GG:1.50,0,0,0,0,0,,False,,,
1,6800,40,RR:0.75,GG:1.75,0,0,0,0,0,,False,,,
1,6800,40,RR:0.75,GG:2.00,0,0,0,0,0,,False,,,
1,6800,40,RR:0.75,GG:2.25,0,0,0,0,0,,False,,,
1,6800,40,RR:0.75,GG:2.50,0,0,0,0,0,,False,,,
1,6800,40,RR:0.75,GG:2.75,0,0,0,0,0,,False,,,
1,6800,40,RR:0.75,GG:3.00,0,0,0,0,0,,False,,,
1,6800,40,RR:0.75,GG:3.25,0,0,0,0,0,,False,,,
1,6800,40,RR:0.75,GG:3.50,0,0,0,0,0,,False,,,
1,6800,40,RR:1.00,GG:0.50,0,0,0,0,0,,False,,,
1,6800,40,RR:1.00,GG:0.75,0,0,0,0,0,,False,,,
1,6800,40,RR:1.00,GG:1.00,0,0,0,0,0,,False,,,
1,6800,40,RR:1.00,GG:1.25,0,0,0,0,0,,False,,,
1,6800,40,RR:1.00,GG:1.50,0,0,0,0,0,,False,,,
1,6800,40,RR:1.00,GG:1.75,0,0,0,0,0,,False,,,
1,6800,40,RR:1.00,GG:2.00,0,0,0,0,0,,False,,,
1,6800,40,RR:1.00,GG:2.25,0,0,0,0,0,,False,,,
1,6800,40,RR:1.00,GG:2.50,0,0,0,0,0,,False,,,
1,6800,40,RR:1.00,GG:2.75,0,0,0,0,0,,False,,,
1,6800,40,RR:1.00,GG:3.00,0,0,0,0,0,,False,,,
1,6800,40,RR:1.00,GG:3.25,0,0,0,0,0,,False,,,
1,6800,40,RR:1.00,GG:3.50,0,0,0,0,0,,False,,,
1,6800,40,RR:1.25,GG:0.50,0,0,0,0,0,,False,,,
1,6800,40,RR:1.25,GG:0.75,0,0,0,0,0,,False,,,
1,6800,40,RR:1.25,GG:1.00,0,0,0,0,0,,False,,,
1,6800,40,RR:1.25,GG:1.25,0,0,0,0,0,,False,,,
1,6800,40,RR:1.25,GG:1.50,0,0,0,0,0,,False,,,
1,6800,40,RR:1.25,GG:1.75,0,0,0,0,0,,False,,,
1,6800,40,RR:1.25,GG:2.00,0,0,0,0,0,,False,,,
1,6800,40,RR:1.25,GG:2.25,0,0,0,0,0,,False,,,
1,6800,40,RR:1.25,GG:2.50,0,0,0,0,0,,False,,,
1,6800,40,RR:1.25,GG:2.75,0,0,0,0,0,,False,,,
1,6800,40,RR:1.25,GG:3.00,0,0,0,0,0,,False,,,
1,6800,40,RR:1.25,GG:3.25,0,0,0,0,0,,False,,,
1,6800,40,RR:1.25,GG:3.50,0,0,0,0,0,,False,,,
1,6800,40,RR:1.50,GG:0.50,0,0,0,0,0,,False,,,
1,6800,40,RR:1.50,GG:0.75,0,0,0,0,0,,False,,,
1,6800,40,RR:1.50,GG:1.00,0,0,0,0,0,,False,,,
1,6800,40,RR:1.50,GG:1.25,0,0,0,0,0,,False,,,
1,6800,40,RR:1.50,GG:1.50,0,0,0,0,0,,False,,,
1,6800,40,RR:1.50,GG:1.75,0,0,0,0,0,,False,,,
1,6800,40,RR:1.50,GG:2.00,0,0,0,0,0,,False,,,
1,6800,40,RR:1.50,GG:2.25,0,0,0,0,0,,False,,,
1,6800,40,RR:1.50,GG:2.50,0,0,0,0,0,,False,,,
1,6800,40,RR:1.50,GG:2.75,0,0,0,0,0,,False,,,
1,6800,40,RR:1.50,GG:3.00,0,0,0,0,0,,False,,,
1,6800,40,RR:1.50,GG:3.25,0,0,0,0,0,,False,,,
1,6800,40,RR:1.50,GG:3.50,0,0,0,0,0,,False,,,
1,6800,40,RR:1.75,GG:0.50,0,0,0,0,0,,False,,,
1,6800,40,RR:1.75,GG:0.75,0,0,0,0,0,,False,,,
1,6800,40,RR:1.75,GG:1.00,0,0,0,0,0,,False,,,
1,6800,40,RR:1.75,GG:1.25,0,0,0,0,0,,False,,,
1,6800,40,RR:1.75,GG:1.50,0,0,0,0,0,,False,,,
1,6800,40,RR:1.75,GG:1.75,0,0,0,0,0,,False,,,
1,6800,40,RR:1.75,GG:2.00,0,0,0,0,0,,False,,,
1,6800,40,RR:1.75,GG:2.25,0,0,0,0,0,,False,,,
1,6800,40,RR:1.75,GG:2.50,0,0,0,0,0,,False,,,
1,6800,40,RR:1.75,GG:2.75,0,0,0,0,0,,False,,,
1,6800,40,RR:1.75,GG:3.00,0,0,0,0,0,,False,,,
1,6800,40,RR:1.75,GG:3.25,0,0,0,0,0,,False,,,
1,6800,40,RR:1.75,GG:3.50,0,0,0,0,0,,False,,,
1,6800,40,RR:2.00,GG:0.50,0,0,0,0,0,,False,,,
1,6800,40,RR:2.00,GG:0.75,0,0,0,0,0,,False,,,
1,6800,40,RR:2.00,GG:1.00,0,0,0,0,0,,False,,,
1,6800,40,RR:2.00,GG:1.25,0,0,0,0,0,,False,,,
1,6800,40,RR:2.00,GG:1.50,0,0,0,0,0,,False,,,
1,6800,40,RR:2.00,GG:1.75,0,0,0,0,0,,False,,,
1,6800,40,RR:2.00,GG:2.00,0,0,0,0,0,,False,,,
1,6800,40,RR:2.00,GG:2.25,0,0,0,0,0,,False,,,
1,6800,40,RR:2.00,GG:2.50,0,0,0,0,0,,False,,,
1,6800,40,RR:2.00,GG:2.75,0,0,0,0,0,,False,,,
1,6800,40,RR:2.00,GG:3.00,0,0,0,0,0,,False,,,
1,6800,40,RR:2.00,GG:3.25,0,0,0,0,0,,False,,,
1,6800,40,RR:2.00,GG:3.50,0,0,0,0,0,,False,,,
1,6800,40,RR:2.25,GG:0.50,0,0,0,0,0,,False,,,
1,6800,40,RR:2.25,GG:0.75,0,0,0,0,0,,False,,,
1,6800,40,RR:2.25,GG:1.00,0,0,0,0,0,,False,,,
1,6800,40,RR:2.25,GG:1.25,0,0,0,0,0,,False,,,
1,6800,40,RR:2.25,GG:1.50,0,0,0,0,0,,False,,,
1,6800,40,RR:2.25,GG:1.75,0,0,0,0,0,,False,,,
1,6800,40,RR:2.25,GG:2.00,0,0,0,0,0,,False,,,
1,6800,40,RR:2.25,GG:2.25,0,0,0,0,0,,False,,,
1,6800,40,RR:2.25,GG:2.50,0,0,0,0,0,,False,,,
1,6800,40,RR:2.25,GG:2.75,0,0,0,0,0,,False,,,
1,6800,40,RR:2.25,GG:3.00,0,0,0,0,0,,False,,,
1,6800,40,RR:2.25,GG:3.25,0,0,0,0,0,,False,,,
1,6800,40,RR:2.25,GG:3.50,0,0,0,0,0,,False,,,
1,6800,40,RR:2.50,GG:0.50,0,0,0,0,0,,False,,,
1,6800,40,RR:2.50,GG:0.75,0,0,0,0,0,,False,,,
1,6800,40,RR:2.50,GG:1.00,0,0,0,0,0,,False,,,
1,6800,40,RR:2.50,GG:1.25,0,0,0,0,0,,False,,,
1,6800,40,RR:2.50,GG:1.50,0,0,0,0,0,,False,,,
1,6800,40,RR:2.50,GG:1.75,0,0,0,0,0,,False,,,
1,6800,40,RR:2.50,GG:2.00,0,0,0,0,0,,False,,,
1,6800,40,RR:2.50,GG:2.25,0,0,0,0,0,,False,,,
1,6800,40,RR:2.50,GG:2.50,0,0,0,0,0,,False,,,
1,6800,40,RR:2.50,GG:2.75,0,0,0,0,0,,False,,,
1,6800,40,RR:2.50,GG:3.00,0,0,0,0,0,,False,,,
1,6800,40,RR:2.50,GG:3.25,0,0,0,0,0,,False,,,
1,6800,40,RR:2.50,GG:3.50,0,0,0,0,0,,False,,,
1,6800,40,RR:2.75,GG:0.50,0,0,0,0,0,,False,,,
1,6800,40,RR:2.75,GG:0.75,0,0,0,0,0,,False,,,
1,6800,40,RR:2.75,GG:1.00,0,0,0,0,0,,False,,,
1,6800,40,RR:2.75,GG:1.25,0,0,0,0,0,,False,,,
1,6800,40,RR:2.75,GG:1.50,0,0,0,0,0,,False,,,
1,6800,40,RR:2.75,GG:1.75,0,0,0,0,0,,False,,,
1,6800,40,RR:2.75,GG:2.00,0,0,0,0,0,,False,,,
1,6800,40,RR:2.75,GG:2.25,0,0,0,0,0,,False,,,
1,6800,40,RR:2.75,GG:2.50,0,0,0,0,0,,False,,,
1,6800,40,RR:2.75,GG:2.75,0,0,0,0,0,,False,,,
1,6800,40,RR:2.75,GG:3.00,0,0,0,0,0,,False,,,
1,6800,40,RR:2.75,GG:3.25,0,0,0,0,0,,False,,,
1,6800,40,RR:2.75,GG:3.50,0,0,0,0,0,,False,,,
1,6800,40,RR:3.00,GG:0.50,0,0,0,0,0,,False,,,
1,6800,40,RR:3.00,GG:0.75,0,0,0,0,0,,False,,,
1,6800,40,RR:3.00,GG:1.00,0,0,0,0,0,,False,,,
1,6800,40,RR:3.00,GG:1.25,0,0,0,0,0,,False,,,
1,6800,40,RR:3.00,GG:1.50,0,0,0,0,0,,False,,,
1,6800,40,RR:3.00,GG:1.75,0,0,0,0,0,,False,,,
1,6800,40,RR:3.00,GG:2.00,0,0,0,0,0,,False,,,
1,6800,40,RR:3.00,GG:2.25,0,0,0,0,0,,False,,,
1,6800,40,RR:3.00,GG:2.50,0,0,0,0,0,,False,,,
1,6800,40,RR:3.00,GG:2.75,0,0,0,0,0,,False,,,
1,6800,40,RR:3.00,GG:3.00,0,0,0,0,0,,False,,,
1,6800,40,RR:3.00,GG:3.25,0,0,0,0,0,,False,,,
1,6800,40,RR:3.00,GG:3.50,0,0,0,0,0,,False,,,
1,6800,40,RR:3.25,GG:0.50,0,0,0,0,0,,False,,,
1,6800,40,RR:3.25,GG:0.75,0,0,0,0,0,,False,,,
1,6800,40,RR:3.25,GG:1.00,0,0,0,0,0,,False,,,
1,6800,40,RR:3.25,GG:1.25,0,0,0,0,0,,False,,,
1,6800,40,RR:3.25,GG:1.50,0,0,0,0,0,,False,,,
1,6800,40,RR:3.25,GG:1.75,0,0,0,0,0,,False,,,
1,6800,40,RR:3.25,GG:2.00,0,0,0,0,0,,False,,,
1,6800,40,RR:3.25,GG:2.25,0,0,0,0,0,,False,,,
1,6800,40,RR:3.25,GG:2.50,0,0,0,0,0,,False,,,
1,6800,40,RR:3.25,GG:2.75,0,0,0,0,0,,False,,,
1,6800,40,RR:3.25,GG:3.00,0,0,0,0,0,,False,,,
1,6800,40,RR:3.25,GG:3.25,0,0,0,0,0,,False,,,
1,6800,40,RR:3.25,GG:3.50,0,0,0,0,0,,False,,,
1,6800,40,RR:3.50,GG:0.50,0,0,0,0,0,,False,,,
1,6800,40,RR:3.50,GG:0.75,0,0,0,0,0,,False,,,
1,6800,40,RR:3.50,GG:1.00,0,0,0,0,0,,False,,,
1,6800,40,RR:3.50,GG:1.25,0,0,0,0,0,,False,,,
1,6800,40,RR:3.50,GG:1.50,0,0,0,0,0,,False,,,
1,6800,40,RR:3.50,GG:1.75,0,0,0,0,0,,False,,,
1,6800,40,RR:3.50,GG:2.00,0,0,0,0,0,,False,,,
1,6800,40,RR:3.50,GG:2.25,0,0,0,0,0,,False,,,
1,6800,40,RR:3.50,GG:2.50,0,0,0,0,0,,False,,,
1,6800,40,RR:3.50,GG:2.75,0,0,0,0,0,,False,,,
1,6800,40,RR:3.50,GG:3.00,0,0,0,0,0,,False,,,
1,6800,40,RR:3.50,GG:3.25,0,0,0,0,0,,False,,,
1,6800,40,RR:3.50,GG:3.50,0,0,0,0,0,,False,,,
1,6800,40,RR:0.50,RR:2.50,0,0,0,0,0,,False,,,
3,1500,5,RR:0.50,GG:0.50,5,9,2,3,7,0.16666666666666666,True,3m_b1500_g5_e15;3m_b1500_g5_e17,3m_b1500_g5_e03;3m_b1500_g5_e09;3m_b1500_g5_e13,3m_b1500_g5_e02;3m_b1500_g5_e06;3m_b1500_g5_e07;3m_b1500_g5_e12;3m_b1500_g5_e16;3m_b1500_g5_e19;3m_b1500_g5_e20
3,1500,5,RR:0.50,GG:0.75,5,9,2,3,7,0.16666666666666666,True,3m_b1500_g5_e15;3m_b1500_g5_e17,3m_b1500_g5_e03;3m_b1500_g5_e09;3m_b1500_g5_e13,3m_b1500_g5_e01;3m_b1500_g5_e06;3m_b1500_g5_e07;3m_b1500_g5_e12;3m_b1500_g5_e16;3m_b1500_g5_e18;3m_b1500_g5_e20
3,1500,5,RR:0.50,GG:1.00,5,6,2,3,4,0.2222222222222222,True,3m_b1500_g5_e15;3m_b1500_g5_e17,3m_b1500_g5_e03;3m_b1500_g5_e09;3m_b1500_g5_e13,3m_b1500_g5_e01;3m_b1500_g5_e06;3m_b1500_g5_e07;3m_b1500_g5_e20
3,1500,5,RR:0.50,GG:1.25,5,5,2,3,3,0.25,True,3m_b1500_g5_e15;3m_b1500_g5_e17,3m_b1500_g5_e03;3m_b1500_g5_e09;3m_b1500_g5_e13,3m_b1500_g5_e06;3m_b1500_g5_e07;3m_b1500_g5_e20
3,1500,5,RR:0.50,GG:1.50,5,5,2,3,3,0.25,True,3m_b1500_g5_e15;3m_b1500_g5_e17,3m_b1500_g5_e03;3m_b1500_g5_e09;3m_b1500_g5_e13,3m_b1500_g5_e06;3m_b1500_g5_e07;3m_b1500_g5_e20
3,1500,5,RR:0.50,GG:1.75,5,7,2,3,5,0.2,True,3m_b1500_g5_e15;3m_b1500_g5_e17,3m_b1500_g5_e03;3m_b1500_g5_e09;3m_b1500_g5_e13,3m_b1500_g5_e01;3m_b1500_g5_e06;3m_b1500_g5_e07;3m_b1500_g5_e12;3m_b1500_g5_e20
3,1500,5,RR:0.50,GG:2.00,5,8,2,3,6,0.18181818181818182,True,3m_b1500_g5_e15;3m_b1500_g5_e17,3m_b1500_g5_e03;3m_b1500_g5_e09;3m_b1500_g5_e13,3m_b1500_g5_e01;3m_b1500_g5_e02;3m_b1500_g5_e06;3m_b1500_g5_e07;3m_b1500_g5_e12;3m_b1500_g5_e20
3,1500,5,RR:0.50,GG:2.25,5,8,2,3,6,0.18181818181818182,True,3m_b1500_g5_e15;3m_b1500_g5_e17,3m_b1500_g5_e03;3m_b1500_g5_e09;3m_b1500_g5_e13,3m_b1500_g5_e01;3m_b1500_g5_e02;3m_b1500_g5_e06;3m_b1500_g5_e07;3m_b1500_g5_e12;3m_b1500_g5_e20
3,1500,5,RR:0.50,GG:2.50,5,9,2,3,7,0.16666666666666666,True,3m_b1500_g5_e15;3m_b1500_g5_e17,3m_b1500_g5_e03;3m_b1500_g5_e09;3m_b1500_g5_e13,3m_b1500_g5_e01;3m_b1500_g5_e02;3m_b1500_g5_e06;3m_b1500_g5_e07;3m_b1500_g5_e12;3m_b1500_g5_e16;3m_b1500_g5_e20
3,1500,5,RR:0.50,GG:2.75,5,9,2,3,7,0.16666666666666666,True,3m_b1500_g5_e15;3m_b1500_g5_e17,3m_b1500_g5_e03;3m_b1500_g5_e09;3m_b1500_g5_e13,3m_b1500_g5_e01;3m_b1500_g5_e02;3m_b1500_g5_e06;3m_b1500_g5_e07;3m_b1500_g5_e12;3m_b1500_g5_e16;3m_b1500_g5_e20
3,1500,5,RR:0.50,GG:3.00,5,8,2,3,6,0.18181818181818182,True,3m_b1500_g5_e15;3m_b1500_g5_e17,3m_b1500_g5_e03;3m_b1500_g5_e09;3m_b1500_g5_e13,3m_b1500_g5_e01;3m_b1500_g5_e02;3m_b1500_g5_e06;3m_b1500_g5_e07;3m_b1500_g5_e16;3m_b1500_g5_e20
3,1500,5,RR:0.50,GG:3.25,5,7,2,3,5,0.2,True,3m_b1500_g5_e15;3m_b1500_g5_e17,3m_b1500_g5_e03;3m_b1500_g5_e09;3m_b1500_g5_e13,3m_b1500_g5_e01;3m_b1500_g5_e06;3m_b1500_g5_e07;3m_b1500_g5_e16;3m_b1500_g5_e20
3,1500,5,RR:0.50,GG:3.50,5,7,2,3,5,0.2,True,3m_b1500_g5_e15;3m_b1500_g5_e17,3m_b1500_g5_e03;3m_b1500_g5_e09;3m_b1500_g5_e13,3m_b1500_g5_e01;3m_b1500_g5_e06;3m_b1500_g5_e07;3m_b1500_g5_e16;3m_b1500_g5_e20
3,1500,5,RR:0.75,GG:0.50,6,9,3,3,6,0.25,True,3m_b1500_g5_e02;3m_b1500_g5_e15;3m_b1500_g5_e17,3m_b1500_g5_e04;3m_b1500_g5_e08;3m_b1500_g5_e21,3m_b1500_g5_e06;3m_b1500_g5_e07;3m_b1500_g5_e12;3m_b1500_g5_e16;3m_b1500_g5_e19;3m_b1500_g5_e20
3,1500,5,RR:0.75,GG:0.75,6,9,2,4,7,0.15384615384615385,True,3m_b1500_g5_e15;3m_b1500_g5_e17,3m_b1500_g5_e02;3m_b1500_g5_e04;3m_b1500_g5_e08;3m_b1500_g5_e21,3m_b1500_g5_e01;3m_b1500_g5_e06;3m_b1500_g5_e07;3m_b1500_g5_e12;3m_b1500_g5_e16;3m_b1500_g5_e18;3m_b1500_g5_e20
3,1500,5,RR:0.75,GG:1.00,6,6,2,4,4,0.2,True,3m_b1500_g5_e15;3m_b1500_g5_e17,3m_b1500_g5_e02;3m_b1500_g5_e04;3m_b1500_g5_e08;3m_b1500_g5_e21,3m_b1500_g5_e01;3m_b1500_g5_e06;3m_b1500_g5_e07;3m_b1500_g5_e20
3,1500,5,RR:0.75,GG:1.25,6,5,2,4,3,0.2222222222222222,True,3m_b1500_g5_e15;3m_b1500_g5_e17,3m_b1500_g5_e02;3m_b1500_g5_e04;3m_b1500_g5_e08;3m_b1500_g5_e21,3m_b1500_g5_e06;3m_b1500_g5_e07;3m_b1500_g5_e20
3,1500,5,RR:0.75,GG:1.50,6,5,2,4,3,0.2222222222222222,True,3m_b1500_g5_e15;3m_b1500_g5_e17,3m_b1500_g5_e02;3m_b1500_g5_e04;3m_b1500_g5_e08;3m_b1500_g5_e21,3m_b1500_g5_e06;3m_b1500_g5_e07;3m_b1500_g5_e20
3,1500,5,RR:0.75,GG:1.75,6,7,2,4,5,0.18181818181818182,True,3m_b1500_g5_e15;3m_b1500_g5_e17,3m_b1500_g5_e02;3m_b1500_g5_e04;3m_b1500_g5_e08;3m_b1500_g5_e21,3m_b1500_g5_e01;3m_b1500_g5_e06;3m_b1500_g5_e07;3m_b1500_g5_e12;3m_b1500_g5_e20
3,1500,5,RR:0.75,GG:2.00,6,8,3,3,5,0.2727272727272727,True,3m_b1500_g5_e02;3m_b1500_g5_e15;3m_b1500_g5_e17,3m_b1500_g5_e04;3m_b1500_g5_e08;3m_b1500_g5_e21,3m_b1500_g5_e01;3m_b1500_g5_e06;3m_b1500_g5_e07;3m_b1500_g5_e12;3m_b1500_g5_e20
3,1500,5,RR:0.75,GG:2.25,6,8,3,3,5,0.2727272727272727,True,3m_b1500_g5_e02;3m_b1500_g5_e15;3m_b1500_g5_e17,3m_b1500_g5_e04;3m_b1500_g5_e08;3m_b1500_g5_e21,3m_b1500_g5_e01;3m_b1500_g5_e06;3m_b1500_g5_e07;3m_b1500_g5_e12;3m_b1500_g5_e20
3,1500,5,RR:0.75,GG:2.50,6,9,3,3,6,0.25,True,3m_b1500_g5_e02;3m_b1500_g5_e15;3m_b1500_g5_e17,3m_b1500_g5_e04;3m_b1500_g5_e08;3m_b1500_g5_e21,3m_b1500_g5_e01;3m_b1500_g5_e06;3m_b1500_g5_e07;3m_b1500_g5_e12;3m_b1500_g5_e16;3m_b1500_g5_e20
3,1500,5,RR:0.75,GG:2.75,6,9,3,3,6,0.25,True,3m_b1500_g5_e02;3m_b1500_g5_e15;3m_b1500_g5_e17,3m_b1500_g5_e04;3m_b1500_g5_e08;3m_b1500_g5_e21,3m_b1500_g5_e01;3m_b1500_g5_e06;3m_b1500_g5_e07;3m_b1500_g5_e12;3m_b1500_g5_e16;3m_b1500_g5_e20
3,1500,5,RR:0.75,GG:3.00,6,8,3,3,5,0.2727272727272727,True,3m_b1500_g5_e02;3m_b1500_g5_e15;3m_b1500_g5_e17,3m_b1500_g5_e04;3m_b1500_g5_e08;3m_b1500_g5_e21,3m_b1500_g5_e01;3m_b1500_g5_e06;3m_b1500_g5_e07;3m_b1500_g5_e16;3m_b1500_g5_e20
3,1500,5,RR:0.75,GG:3.25,6,7,2,4,5,0.18181818181818182,True,3m_b1500_g5_e15;3m_b1500_g5_e17,3m_b1500_g5_e02;3m_b1500_g5_e04;3m_b1500_g5_e08;3m_b1500_g5_e21,3m_b1500_g5_e01;3m_b1500_g5_e06;3m_b1500_g5_e07;3m_b1500_g5_e16;3m_b1500_g5_e20
3,1500,5,RR:0.75,GG:3.50,6,7,2,4,5,0.18181818181818182,True,3m_b1500_g5_e15;3m_b1500_g5_e17,3m_b1500_g5_e02;3m_b1500_g5_e04;3m_b1500_g5_e08;3m_b1500_g5_e21,3m_b1500_g5_e01;3m_b1500_g5_e06;3m_b1500_g5_e07;3m_b1500_g5_e16;3m_b1500_g5_e20
3,1500,5,RR:1.00,GG:0.50,7,9,2,5,7,0.14285714285714285,True,3m_b1500_g5_e02;3m_b1500_g5_e17,3m_b1500_g5_e01;3m_b1500_g5_e04;3m_b1500_g5_e08;3m_b1500_g5_e13;3m_b1500_g5_e21,3m_b1500_g5_e06;3m_b1500_g5_e07;3m_b1500_g5_e12;3m_b1500_g5_e15;3m_b1500_g5_e16;3m_b1500_g5_e19;3m_b1500_g5_e20
3,1500,5,RR:1.00,GG:0.75,7,9,2,5,7,0.14285714285714285,True,3m_b1500_g5_e01;3m_b1500_g5_e17,3m_b1500_g5_e02;3m_b1500_g5_e04;3m_b1500_g5_e08;3m_b1500_g5_e13;3m_b1500_g5_e21,3m_b1500_g5_e06;3m_b1500_g5_e07;3m_b1500_g5_e12;3m_b1500_g5_e15;3m_b1500_g5_e16;3m_b1500_g5_e18;3m_b1500_g5_e20
3,1500,5,RR:1.00,GG:1.00,7,6,2,5,4,0.18181818181818182,True,3m_b1500_g5_e01;3m_b1500_g5_e17,3m_b1500_g5_e02;3m_b1500_g5_e04;3m_b1500_g5_e08;3m_b1500_g5_e13;3m_b1500_g5_e21,3m_b1500_g5_e06;3m_b1500_g5_e07;3m_b1500_g5_e15;3m_b1500_g5_e20
3,1500,5,RR:1.00,GG:1.25,7,5,1,6,4,0.09090909090909091,True,3m_b1500_g5_e17,3m_b1500_g5_e01;3m_b1500_g5_e02;3m_b1500_g5_e04;3m_b1500_g5_e08;3m_b1500_g5_e13;3m_b1500_g5_e21,3m_b1500_g5_e06;3m_b1500_g5_e07;3m_b1500_g5_e15;3m_b1500_g5_e20
3,1500,5,RR:1.00,GG:1.50,7,5,1,6,4,0.09090909090909091,True,3m_b1500_g5_e17,3m_b1500_g5_e01;3m_b1500_g5_e02;3m_b1500_g5_e04;3m_b1500_g5_e08;3m_b1500_g5_e13;3m_b1500_g5_e21,3m_b1500_g5_e06;3m_b1500_g5_e07;3m_b1500_g5_e15;3m_b1500_g5_e20
3,1500,5,RR:1.00,GG:1.75,7,7,2,5,5,0.16666666666666666,True,3m_b1500_g5_e01;3m_b1500_g5_e17,3m_b1500_g5_e02;3m_b1500_g5_e04;3m_b1500_g5_e08;3m_b1500_g5_e13;3m_b1500_g5_e21,3m_b1500_g5_e06;3m_b1500_g5_e07;3m_b1500_g5_e12;3m_b1500_g5_e15;3m_b1500_g5_e20
3,1500,5,RR:1.00,GG:2.00,7,8,3,4,5,0.25,True,3m_b1500_g5_e01;3m_b1500_g5_e02;3m_b1500_g5_e17,3m_b1500_g5_e04;3m_b1500_g5_e08;3m_b1500_g5_e13;3m_b1500_g5_e21,3m_b1500_g5_e06;3m_b1500_g5_e07;3m_b1500_g5_e12;3m_b1500_g5_e15;3m_b1500_g5_e20
3,1500,5,RR:1.00,GG:2.25,7,8,3,4,5,0.25,True,3m_b1500_g5_e01;3m_b1500_g5_e02;3m_b1500_g5_e17,3m_b1500_g5_e04;3m_b1500_g5_e08;3m_b1500_g5_e13;3m_b1500_g5_e21,3m_b1500_g5_e06;3m_b1500_g5_e07;3m_b1500_g5_e12;3m_b1500_g5_e15;3m_b1500_g5_e20
3,1500,5,RR:1.00,GG:2.50,7,9,3,4,6,0.23076923076923078,True,3m_b1500_g5_e01;3m_b1500_g5_e02;3m_b1500_g5_e17,3m_b1500_g5_e04;3m_b1500_g5_e08;3m_b1500_g5_e13;3m_b1500_g5_e21,3m_b1500_g5_e06;3m_b1500_g5_e07;3m_b1500_g5_e12;3m_b1500_g5_e15;3m_b1500_g5_e16;3m_b1500_g5_e20
3,1500,5,RR:1.00,GG:2.75,7,9,3,4,6,0.23076923076923078,True,3m_b1500_g5_e01;3m_b1500_g5_e02;3m_b1500_g5_e17,3m_b1500_g5_e04;3m_b1500_g5_e08;3m_b1500_g5_e13;3m_b1500_g5_e21,3m_b1500_g5_e06;3m_b1500_g5_e07;3m_b1500_g5_e12;3m_b1500_g5_e15;3m_b1500_g5_e16;3m_b1500_g5_e20
3,1500,5,RR:1.00,GG:3.00,7,8,3,4,5,0.25,True,3m_b1500_g5_e01;3m_b1500_g5_e02;3m_b1500_g5_e17,3m_b1500_g5_e04;3m_b1500_g5_e08;3m_b1500_g5_e13;3m_b1500_g5_e21,3m_b1500_g5_e06;3m_b1500_g5_e07;3m_b1500_g5_e15;3m_b1500_g5_e16;3m_b1500_g5_e20
3,1500,5,RR:1.00,GG:3.25,7,7,2,5,5,0.16666666666666666,True,3m_b1500_g5_e01;3m_b1500_g5_e17,3m_b1500_g5_e02;3m_b1500_g5_e04;3m_b1500_g5_e08;3m_b1500_g5_e13;3m_b1500_g5_e21,3m_b1500_g5_e06;3m_b1500_g5_e07;3m_b1500_g5_e15;3m_b1500_g5_e16;3m_b1500_g5_e20
3,1500,5,RR:1.00,GG:3.50,7,7,2,5,5,0.16666666666666666,True,3m_b1500_g5_e01;3m_b1500_g5_e17,3m_b1500_g5_e02;3m_b1500_g5_e04;3m_b1500_g5_e08;3m_b1500_g5_e13;3m_b1500_g5_e21,3m_b1500_g5_e06;3m_b1500_g5_e07;3m_b1500_g5_e15;3m_b1500_g5_e16;3m_b1500_g5_e20
3,1500,5,RR:1.25,GG:0.50,7,9,3,4,6,0.23076923076923078,True,3m_b1500_g5_e02;3m_b1500_g5_e15;3m_b1500_g5_e17,3m_b1500_g5_e01;3m_b1500_g5_e08;3m_b1500_g5_e13;3m_b1500_g5_e21,3m_b1500_g5_e06;3m_b1500_g5_e07;3m_b1500_g5_e12;3m_b1500_g5_e16;3m_b1500_g5_e19;3m_b1500_g5_e20
3,1500,5,RR:1.25,GG:0.75,7,9,3,4,6,0.23076923076923078,True,3m_b1500_g5_e01;3m_b1500_g5_e15;3m_b1500_g5_e17,3m_b1500_g5_e02;3m_b1500_g5_e08;3m_b1500_g5_e13;3m_b1500_g5_e21,3m_b1500_g5_e06;3m_b1500_g5_e07;3m_b1500_g5_e12;3m_b1500_g5_e16;3m_b1500_g5_e18;3m_b1500_g5_e20
3,1500,5,RR:1.25,GG:1.00,7,6,3,4,3,0.3,True,3m_b1500_g5_e01;3m_b1500_g5_e15;3m_b1500_g5_e17,3m_b1500_g5_e02;3m_b1500_g5_e08;3m_b1500_g5_e13;3m_b1500_g5_e21,3m_b1500_g5_e06;3m_b1500_g5_e07;3m_b1500_g5_e20
3,1500,5,RR:1.25,GG:1.25,7,5,2,5,3,0.2,True,3m_b1500_g5_e15;3m_b1500_g5_e17,3m_b1500_g5_e01;3m_b1500_g5_e02;3m_b1500_g5_e08;3m_b1500_g5_e13;3m_b1500_g5_e21,3m_b1500_g5_e06;3m_b1500_g5_e07;3m_b1500_g5_e20
3,1500,5,RR:1.25,GG:1.50,7,5,2,5,3,0.2,True,3m_b1500_g5_e15;3m_b1500_g5_e17,3m_b1500_g5_e01;3m_b1500_g5_e02;3m_b1500_g5_e08;3m_b1500_g5_e13;3m_b1500_g5_e21,3m_b1500_g5_e06;3m_b1500_g5_e07;3m_b1500_g5_e20
3,1500,5,RR:1.25,GG:1.75,7,7,3,4,4,0.2727272727272727,True,3m_b1500_g5_e01;3m_b1500_g5_e15;3m_b1500_g5_e17,3m_b1500_g5_e02;3m_b1500_g5_e08;3m_b1500_g5_e13;3m_b1500_g5_e21,3m_b1500_g5_e06;3m_b1500_g5_e07;3m_b1500_g5_e12;3m_b1500_g5_e20
3,1500,5,RR:1.25,GG:2.00,7,8,4,3,4,0.36363636363636365,True,3m_b1500_g5_e01;3m_b1500_g5_e02;3m_b1500_g5_e15;3m_b1500_g5_e17,3m_b1500_g5_e08;3m_b1500_g5_e13;3m_b1500_g5_e21,3m_b1500_g5_e06;3m_b1500_g5_e07;3m_b1500_g5_e12;3m_b1500_g5_e20
3,1500,5,RR:1.25,GG:2.25,7,8,4,3,4,0.36363636363636365,True,3m_b1500_g5_e01;3m_b1500_g5_e02;3m_b1500_g5_e15;3m_b1500_g5_e17,3m_b1500_g5_e08;3m_b1500_g5_e13;3m_b1500_g5_e21,3m_b1500_g5_e06;3m_b1500_g5_e07;3m_b1500_g5_e12;3m_b1500_g5_e20
3,1500,5,RR:1.25,GG:2.50,7,9,4,3,5,0.3333333333333333,True,3m_b1500_g5_e01;3m_b1500_g5_e02;3m_b1500_g5_e15;3m_b1500_g5_e17,3m_b1500_g5_e08;3m_b1500_g5_e13;3m_b1500_g5_e21,3m_b1500_g5_e06;3m_b1500_g5_e07;3m_b1500_g5_e12;3m_b1500_g5_e16;3m_b1500_g5_e20
3,1500,5,RR:1.25,GG:2.75,7,9,4,3,5,0.3333333333333333,True,3m_b1500_g5_e01;3m_b1500_g5_e02;3m_b1500_g5_e15;3m_b1500_g5_e17,3m_b1500_g5_e08;3m_b1500_g5_e13;3m_b1500_g5_e21,3m_b1500_g5_e06;3m_b1500_g5_e07;3m_b1500_g5_e12;3m_b1500_g5_e16;3m_b1500_g5_e20
3,1500,5,RR:1.25,GG:3.00,7,8,4,3,4,0.36363636363636365,True,3m_b1500_g5_e01;3m_b1500_g5_e02;3m_b1500_g5_e15;3m_b1500_g5_e17,3m_b1500_g5_e08;3m_b1500_g5_e13;3m_b1500_g5_e21,3m_b1500_g5_e06;3m_b1500_g5_e07;3m_b1500_g5_e16;3m_b1500_g5_e20
3,1500,5,RR:1.25,GG:3.25,7,7,3,4,4,0.2727272727272727,True,3m_b1500_g5_e01;3m_b1500_g5_e15;3m_b1500_g5_e17,3m_b1500_g5_e02;3m_b1500_g5_e08;3m_b1500_g5_e13;3m_b1500_g5_e21,3m_b1500_g5_e06;3m_b1500_g5_e07;3m_b1500_g5_e16;3m_b1500_g5_e20
3,1500,5,RR:1.25,GG:3.50,7,7,3,4,4,0.2727272727272727,True,3m_b1500_g5_e01;3m_b1500_g5_e15;3m_b1500_g5_e17,3m_b1500_g5_e02;3m_b1500_g5_e08;3m_b1500_g5_e13;3m_b1500_g5_e21,3m_b1500_g5_e06;3m_b1500_g5_e07;3m_b1500_g5_e16;3m_b1500_g5_e20
3,1500,5,RR:1.50,GG:0.50,6,9,2,4,7,0.15384615384615385,True,3m_b1500_g5_e15;3m_b1500_g5_e17,3m_b1500_g5_e01;3m_b1500_g5_e08;3m_b1500_g5_e13;3m_b1500_g5_e21,3m_b1500_g5_e02;3m_b1500_g5_e06;3m_b1500_g5_e07;3m_b1500_g5_e12;3m_b1500_g5_e16;3m_b1500_g5_e19;3m_b1500_g5_e20
3,1500,5,RR:1.50,GG:0.75,6,9,3,3,6,0.25,True,3m_b1500_g5_e01;3m_b1500_g5_e15;3m_b1500_g5_e17,3m_b1500_g5_e08;3m_b1500_g5_e13;3m_b1500_g5_e21,3m_b1500_g5_e06;3m_b1500_g5_e07;3m_b1500_g5_e12;3m_b1500_g5_e16;3m_b1500_g5_e18;3m_b1500_g5_e20
3,1500,5,RR:1.50,GG:1.00,6,6,3,3,3,0.3333333333333333,True,3m_b1500_g5_e01;3m_b1500_g5_e15;3m_b1500_g5_e17,3m_b1500_g5_e08;3m_b1500_g5_e13;3m_b1500_g5_e21,3m_b1500_g5_e06;3m_b1500_g5_e07;3m_b1500_g5_e20
3,1500,5,RR:1.50,GG:1.25,6,5,2,4,3,0.2222222222222222,True,3m_b1500_g5_e15;3m_b1500_g5_e17,3m_b1500_g5_e01;3m_b1500_g5_e08;3m_b1500_g5_e13;3m_b1500_g5_e21,3m_b1500_g5_e06;3m_b1500_g5_e07;3m_b1500_g5_e20
3,1500,5,RR:1.50,GG:1.50,6,5,2,4,3,0.2222222222222222,True,3m_b1500_g5_e15;3m_b1500_g5_e17,3m_b1500_g5_e01;3m_b1500_g5_e08;3m_b1500_g5_e13;3m_b1500_g5_e21,3m_b1500_g5_e06;3m_b1500_g5_e07;3m_b1500_g5_e20
3,1500,5,RR:1.50,GG:1.75,6,7,3,3,4,0.3,True,3m_b1500_g5_e01;3m_b1500_g5_e15;3m_b1500_g5_e17,3m_b1500_g5_e08;3m_b1500_g5_e13;3m_b1500_g5_e21,3m_b1500_g5_e06;3m_b1500_g5_e07;3m_b1500_g5_e12;3m_b1500_g5_e20
3,1500,5,RR:1.50,GG:2.00,6,8,3,3,5,0.2727272727272727,True,3m_b1500_g5_e01;3m_b1500_g5_e15;3m_b1500_g5_e17,3m_b1500_g5_e08;3m_b1500_g5_e13;3m_b1500_g5_e21,3m_b1500_g5_e02;3m_b1500_g5_e06;3m_b1500_g5_e07;3m_b1500_g5_e12;3m_b1500_g5_e20
3,1500,5,RR:1.50,GG:2.25,6,8,3,3,5,0.2727272727272727,True,3m_b1500_g5_e01;3m_b1500_g5_e15;3m_b1500_g5_e17,3m_b1500_g5_e08;3m_b1500_g5_e13;3m_b1500_g5_e21,3m_b1500_g5_e02;3m_b1500_g5_e06;3m_b1500_g5_e07;3m_b1500_g5_e12;3m_b1500_g5_e20
3,1500,5,RR:1.50,GG:2.50,6,9,3,3,6,0.25,True,3m_b1500_g5_e01;3m_b1500_g5_e15;3m_b1500_g5_e17,3m_b1500_g5_e08;3m_b1500_g5_e13;3m_b1500_g5_e21,3m_b1500_g5_e02;3m_b1500_g5_e06;3m_b1500_g5_e07;3m_b1500_g5_e12;3m_b1500_g5_e16;3m_b1500_g5_e20
3,1500,5,RR:1.50,GG:2.75,6,9,3,3,6,0.25,True,3m_b1500_g5_e01;3m_b1500_g5_e15;3m_b1500_g5_e17,3m_b1500_g5_e08;3m_b1500_g5_e13;3m_b1500_g5_e21,3m_b1500_g5_e02;3m_b1500_g5_e06;3m_b1500_g5_e07;3m_b1500_g5_e12;3m_b1500_g5_e16;3m_b1500_g5_e20
3,1500,5,RR:1.50,GG:3.00,6,8,3,3,5,0.2727272727272727,True,3m_b1500_g5_e01;3m_b1500_g5_e15;3m_b1500_g5_e17,3m_b1500_g5_e08;3m_b1500_g5_e13;3m_b1500_g5_e21,3m_b1500_g5_e02;3m_b1500_g5_e06;3m_b1500_g5_e07;3m_b1500_g5_e16;3m_b1500_g5_e20
3,1500,5,RR:1.50,GG:3.25,6,7,3,3,4,0.3,True,3m_b1500_g5_e01;3m_b1500_g5_e15;3m_b1500_g5_e17,3m_b1500_g5_e08;3m_b1500_g5_e13;3m_b1500_g5_e21,3m_b1500_g5_e06;3m_b1500_g5_e07;3m_b1500_g5_e16;3m_b1500_g5_e20
3,1500,5,RR:1.50,GG:3.50,6,7,3,3,4,0.3,True,3m_b1500_g5_e01;3m_b1500_g5_e15;3m_b1500_g5_e17,3m_b1500_g5_e08;3m_b1500_g5_e13;3m_b1500_g5_e21,3m_b1500_g5_e06;3m_b1500_g5_e07;3m_b1500_g5_e16;3m_b1500_g5_e20
3,1500,5,RR:1.75,GG:0.50,5,9,2,3,7,0.16666666666666666,True,3m_b1500_g5_e15;3m_b1500_g5_e17,3m_b1500_g5_e08;3m_b1500_g5_e13;3m_b1500_g5_e21,3m_b1500_g5_e02;3m_b1500_g5_e06;3m_b1500_g5_e07;3m_b1500_g5_e12;3m_b1500_g5_e16;3m_b1500_g5_e19;3m_b1500_g5_e20
3,1500,5,RR:1.75,GG:0.75,5,9,2,3,7,0.16666666666666666,True,3m_b1500_g5_e15;3m_b1500_g5_e17,3m_b1500_g5_e08;3m_b1500_g5_e13;3m_b1500_g5_e21,3m_b1500_g5_e01;3m_b1500_g5_e06;3m_b1500_g5_e07;3m_b1500_g5_e12;3m_b1500_g5_e16;3m_b1500_g5_e18;3m_b1500_g5_e20
3,1500,5,RR:1.75,GG:1.00,5,6,2,3,4,0.2222222222222222,True,3m_b1500_g5_e15;3m_b1500_g5_e17,3m_b1500_g5_e08;3m_b1500_g5_e13;3m_b1500_g5_e21,3m_b1500_g5_e01;3m_b1500_g5_e06;3m_b1500_g5_e07;3m_b1500_g5_e20
3,1500,5,RR:1.75,GG:1.25,5,5,2,3,3,0.25,True,3m_b1500_g5_e15;3m_b1500_g5_e17,3m_b1500_g5_e08;3m_b1500_g5_e13;3m_b1500_g5_e21,3m_b1500_g5_e06;3m_b1500_g5_e07;3m_b1500_g5_e20
3,1500,5,RR:1.75,GG:1.50,5,5,2,3,3,0.25,True,3m_b1500_g5_e15;3m_b1500_g5_e17,3m_b1500_g5_e08;3m_b1500_g5_e13;3m_b1500_g5_e21,3m_b1500_g5_e06;3m_b1500_g5_e07;3m_b1500_g5_e20
3,1500,5,RR:1.75,GG:1.75,5,7,2,3,5,0.2,True,3m_b1500_g5_e15;3m_b1500_g5_e17,3m_b1500_g5_e08;3m_b1500_g5_e13;3m_b1500_g5_e21,3m_b1500_g5_e01;3m_b1500_g5_e06;3m_b1500_g5_e07;3m_b1500_g5_e12;3m_b1500_g5_e20
3,1500,5,RR:1.75,GG:2.00,5,8,2,3,6,0.18181818181818182,True,3m_b1500_g5_e15;3m_b1500_g5_e17,3m_b1500_g5_e08;3m_b1500_g5_e13;3m_b1500_g5_e21,3m_b1500_g5_e01;3m_b1500_g5_e02;3m_b1500_g5_e06;3m_b1500_g5_e07;3m_b1500_g5_e12;3m_b1500_g5_e20
3,1500,5,RR:1.75,GG:2.25,5,8,2,3,6,0.18181818181818182,True,3m_b1500_g5_e15;3m_b1500_g5_e17,3m_b1500_g5_e08;3m_b1500_g5_e13;3m_b1500_g5_e21,3m_b1500_g5_e01;3m_b1500_g5_e02;3m_b1500_g5_e06;3m_b1500_g5_e07;3m_b1500_g5_e12;3m_b1500_g5_e20
3,1500,5,RR:1.75,GG:2.50,5,9,2,3,7,0.16666666666666666,True,3m_b1500_g5_e15;3m_b1500_g5_e17,3m_b1500_g5_e08;3m_b1500_g5_e13;3m_b1500_g5_e21,3m_b1500_g5_e01;3m_b1500_g5_e02;3m_b1500_g5_e06;3m_b1500_g5_e07;3m_b1500_g5_e12;3m_b1500_g5_e16;3m_b1500_g5_e20
3,1500,5,RR:1.75,GG:2.75,5,9,2,3,7,0.16666666666666666,True,3m_b1500_g5_e15;3m_b1500_g5_e17,3m_b1500_g5_e08;3m_b1500_g5_e13;3m_b1500_g5_e21,3m_b1500_g5_e01;3m_b1500_g5_e02;3m_b1500_g5_e06;3m_b1500_g5_e07;3m_b1500_g5_e12;3m_b1500_g5_e16;3m_b1500_g5_e20
3,1500,5,RR:1.75,GG:3.00,5,8,2,3,6,0.18181818181818182,True,3m_b1500_g5_e15;3m_b1500_g5_e17,3m_b1500_g5_e08;3m_b1500_g5_e13;3m_b1500_g5_e21,3m_b1500_g5_e01;3m_b1500_g5_e02;3m_b1500_g5_e06;3m_b1500_g5_e07;3m_b1500_g5_e16;3m_b1500_g5_e20
3,1500,5,RR:1.75,GG:3.25,5,7,2,3,5,0.2,True,3m_b1500_g5_e15;3m_b1500_g5_e17,3m_b1500_g5_e08;3m_b1500_g5_e13;3m_b1500_g5_e21,3m_b1500_g5_e01;3m_b1500_g5_e06;3m_b1500_g5_e07;3m_b1500_g5_e16;3m_b1500_g5_e20
3,1500,5,RR:1.75,GG:3.50,5,7,2,3,5,0.2,True,3m_b1500_g5_e15;3m_b1500_g5_e17,3m_b1500_g5_e08;3m_b1500_g5_e13;3m_b1500_g5_e21,3m_b1500_g5_e01;3m_b1500_g5_e06;3m_b1500_g5_e07;3m_b1500_g5_e16;3m_b1500_g5_e20
3,1500,5,RR:2.00,GG:0.50,6,9,2,4,7,0.15384615384615385,True,3m_b1500_g5_e15;3m_b1500_g5_e17,3m_b1500_g5_e08;3m_b1500_g5_e10;3m_b1500_g5_e13;3m_b1500_g5_e21,3m_b1500_g5_e02;3m_b1500_g5_e06;3m_b1500_g5_e07;3m_b1500_g5_e12;3m_b1500_g5_e16;3m_b1500_g5_e19;3m_b1500_g5_e20
3,1500,5,RR:2.00,GG:0.75,6,9,2,4,7,0.15384615384615385,True,3m_b1500_g5_e15;3m_b1500_g5_e17,3m_b1500_g5_e08;3m_b1500_g5_e10;3m_b1500_g5_e13;3m_b1500_g5_e21,3m_b1500_g5_e01;3m_b1500_g5_e06;3m_b1500_g5_e07;3m_b1500_g5_e12;3m_b1500_g5_e16;3m_b1500_g5_e18;3m_b1500_g5_e20
3,1500,5,RR:2.00,GG:1.00,6,6,2,4,4,0.2,True,3m_b1500_g5_e15;3m_b1500_g5_e17,3m_b1500_g5_e08;3m_b1500_g5_e10;3m_b1500_g5_e13;3m_b1500_g5_e21,3m_b1500_g5_e01;3m_b1500_g5_e06;3m_b1500_g5_e07;3m_b1500_g5_e20
3,1500,5,RR:2.00,GG:1.25,6,5,2,4,3,0.2222222222222222,True,3m_b1500_g5_e15;3m_b1500_g5_e17,3m_b1500_g5_e08;3m_b1500_g5_e10;3m_b1500_g5_e13;3m_b1500_g5_e21,3m_b1500_g5_e06;3m_b1500_g5_e07;3m_b1500_g5_e20
3,1500,5,RR:2.00,GG:1.50,6,5,2,4,3,0.2222222222222222,True,3m_b1500_g5_e15;3m_b1500_g5_e17,3m_b1500_g5_e08;3m_b1500_g5_e10;3m_b1500_g5_e13;3m_b1500_g5_e21,3m_b1500_g5_e06;3m_b1500_g5_e07;3m_b1500_g5_e20
3,1500,5,RR:2.00,GG:1.75,6,7,2,4,5,0.18181818181818182,True,3m_b1500_g5_e15;3m_b1500_g5_e17,3m_b1500_g5_e08;3m_b1500_g5_e10;3m_b1500_g5_e13;3m_b1500_g5_e21,3m_b1500_g5_e01;3m_b1500_g5_e06;3m_b1500_g5_e07;3m_b1500_g5_e12;3m_b1500_g5_e20
3,1500,5,RR:2.00,GG:2.00,6,8,2,4,6,0.16666666666666666,True,3m_b1500_g5_e15;3m_b1500_g5_e17,3m_b1500_g5_e08;3m_b1500_g5_e10;3m_b1500_g5_e13;3m_b1500_g5_e21,3m_b1500_g5_e01;3m_b1500_g5_e02;3m_b1500_g5_e06;3m_b1500_g5_e07;3m_b1500_g5_e12;3m_b1500_g5_e20
3,1500,5,RR:2.00,GG:2.25,6,8,2,4,6,0.16666666666666666,True,3m_b1500_g5_e15;3m_b1500_g5_e17,3m_b1500_g5_e08;3m_b1500_g5_e10;3m_b1500_g5_e13;3m_b1500_g5_e21,3m_b1500_g5_e01;3m_b1500_g5_e02;3m_b1500_g5_e06;3m_b1500_g5_e07;3m_b1500_g5_e12;3m_b1500_g5_e20
3,1500,5,RR:2.00,GG:2.50,6,9,2,4,7,0.15384615384615385,True,3m_b1500_g5_e15;3m_b1500_g5_e17,3m_b1500_g5_e08;3m_b1500_g5_e10;3m_b1500_g5_e13;3m_b1500_g5_e21,3m_b1500_g5_e01;3m_b1500_g5_e02;3m_b1500_g5_e06;3m_b1500_g5_e07;3m_b1500_g5_e12;3m_b1500_g5_e16;3m_b1500_g5_e20
3,1500,5,RR:2.00,GG:2.75,6,9,2,4,7,0.15384615384615385,True,3m_b1500_g5_e15;3m_b1500_g5_e17,3m_b1500_g5_e08;3m_b1500_g5_e10;3m_b1500_g5_e13;3m_b1500_g5_e21,3m_b1500_g5_e01;3m_b1500_g5_e02;3m_b1500_g5_e06;3m_b1500_g5_e07;3m_b1500_g5_e12;3m_b1500_g5_e16;3m_b1500_g5_e20
3,1500,5,RR:2.00,GG:3.00,6,8,2,4,6,0.16666666666666666,True,3m_b1500_g5_e15;3m_b1500_g5_e17,3m_b1500_g5_e08;3m_b1500_g5_e10;3m_b1500_g5_e13;3m_b1500_g5_e21,3m_b1500_g5_e01;3m_b1500_g5_e02;3m_b1500_g5_e06;3m_b1500_g5_e07;3m_b1500_g5_e16;3m_b1500_g5_e20
3,1500,5,RR:2.00,GG:3.25,6,7,2,4,5,0.18181818181818182,True,3m_b1500_g5_e15;3m_b1500_g5_e17,3m_b1500_g5_e08;3m_b1500_g5_e10;3m_b1500_g5_e13;3m_b1500_g5_e21,3m_b1500_g5_e01;3m_b1500_g5_e06;3m_b1500_g5_e07;3m_b1500_g5_e16;3m_b1500_g5_e20
3,1500,5,RR:2.00,GG:3.50,6,7,2,4,5,0.18181818181818182,True,3m_b1500_g5_e15;3m_b1500_g5_e17,3m_b1500_g5_e08;3m_b1500_g5_e10;3m_b1500_g5_e13;3m_b1500_g5_e21,3m_b1500_g5_e01;3m_b1500_g5_e06;3m_b1500_g5_e07;3m_b1500_g5_e16;3m_b1500_g5_e20
3,1500,5,RR:2.25,GG:0.50,5,9,2,3,7,0.16666666666666666,True,3m_b1500_g5_e15;3m_b1500_g5_e17,3m_b1500_g5_e08;3m_b1500_g5_e11;3m_b1500_g5_e21,3m_b1500_g5_e02;3m_b1500_g5_e06;3m_b1500_g5_e07;3m_b1500_g5_e12;3m_b1500_g5_e16;3m_b1500_g5_e19;3m_b1500_g5_e20
3,1500,5,RR:2.25,GG:0.75,5,9,2,3,7,0.16666666666666666,True,3m_b1500_g5_e15;3m_b1500_g5_e17,3m_b1500_g5_e08;3m_b1500_g5_e11;3m_b1500_g5_e21,3m_b1500_g5_e01;3m_b1500_g5_e06;3m_b1500_g5_e07;3m_b1500_g5_e12;3m_b1500_g5_e16;3m_b1500_g5_e18;3m_b1500_g5_e20
3,1500,5,RR:2.25,GG:1.00,5,6,2,3,4,0.2222222222222222,True,3m_b1500_g5_e15;3m_b1500_g5_e17,3m_b1500_g5_e08;3m_b1500_g5_e11;3m_b1500_g5_e21,3m_b1500_g5_e01;3m_b1500_g5_e06;3m_b1500_g5_e07;3m_b1500_g5_e20
3,1500,5,RR:2.25,GG:1.25,5,5,2,3,3,0.25,True,3m_b1500_g5_e15;3m_b1500_g5_e17,3m_b1500_g5_e08;3m_b1500_g5_e11;3m_b1500_g5_e21,3m_b1500_g5_e06;3m_b1500_g5_e07;3m_b1500_g5_e20
3,1500,5,RR:2.25,GG:1.50,5,5,2,3,3,0.25,True,3m_b1500_g5_e15;3m_b1500_g5_e17,3m_b1500_g5_e08;3m_b1500_g5_e11;3m_b1500_g5_e21,3m_b1500_g5_e06;3m_b1500_g5_e07;3m_b1500_g5_e20
3,1500,5,RR:2.25,GG:1.75,5,7,2,3,5,0.2,True,3m_b1500_g5_e15;3m_b1500_g5_e17,3m_b1500_g5_e08;3m_b1500_g5_e11;3m_b1500_g5_e21,3m_b1500_g5_e01;3m_b1500_g5_e06;3m_b1500_g5_e07;3m_b1500_g5_e12;3m_b1500_g5_e20
3,1500,5,RR:2.25,GG:2.00,5,8,2,3,6,0.18181818181818182,True,3m_b1500_g5_e15;3m_b1500_g5_e17,3m_b1500_g5_e08;3m_b1500_g5_e11;3m_b1500_g5_e21,3m_b1500_g5_e01;3m_b1500_g5_e02;3m_b1500_g5_e06;3m_b1500_g5_e07;3m_b1500_g5_e12;3m_b1500_g5_e20
3,1500,5,RR:2.25,GG:2.25,5,8,2,3,6,0.18181818181818182,True,3m_b1500_g5_e15;3m_b1500_g5_e17,3m_b1500_g5_e08;3m_b1500_g5_e11;3m_b1500_g5_e21,3m_b1500_g5_e01;3m_b1500_g5_e02;3m_b1500_g5_e06;3m_b1500_g5_e07;3m_b1500_g5_e12;3m_b1500_g5_e20
3,1500,5,RR:2.25,GG:2.50,5,9,2,3,7,0.16666666666666666,True,3m_b1500_g5_e15;3m_b1500_g5_e17,3m_b1500_g5_e08;3m_b1500_g5_e11;3m_b1500_g5_e21,3m_b1500_g5_e01;3m_b1500_g5_e02;3m_b1500_g5_e06;3m_b1500_g5_e07;3m_b1500_g5_e12;3m_b1500_g5_e16;3m_b1500_g5_e20
3,1500,5,RR:2.25,GG:2.75,5,9,2,3,7,0.16666666666666666,True,3m_b1500_g5_e15;3m_b1500_g5_e17,3m_b1500_g5_e08;3m_b1500_g5_e11;3m_b1500_g5_e21,3m_b1500_g5_e01;3m_b1500_g5_e02;3m_b1500_g5_e06;3m_b1500_g5_e07;3m_b1500_g5_e12;3m_b1500_g5_e16;3m_b1500_g5_e20
3,1500,5,RR:2.25,GG:3.00,5,8,2,3,6,0.18181818181818182,True,3m_b1500_g5_e15;3m_b1500_g5_e17,3m_b1500_g5_e08;3m_b1500_g5_e11;3m_b1500_g5_e21,3m_b1500_g5_e01;3m_b1500_g5_e02;3m_b1500_g5_e06;3m_b1500_g5_e07;3m_b1500_g5_e16;3m_b1500_g5_e20
3,1500,5,RR:2.25,GG:3.25,5,7,2,3,5,0.2,True,3m_b1500_g5_e15;3m_b1500_g5_e17,3m_b1500_g5_e08;3m_b1500_g5_e11;3m_b1500_g5_e21,3m_b1500_g5_e01;3m_b1500_g5_e06;3m_b1500_g5_e07;3m_b1500_g5_e16;3m_b1500_g5_e20
3,1500,5,RR:2.25,GG:3.50,5,7,2,3,5,0.2,True,3m_b1500_g5_e15;3m_b1500_g5_e17,3m_b1500_g5_e08;3m_b1500_g5_e11;3m_b1500_g5_e21,3m_b1500_g5_e01;3m_b1500_g5_e06;3m_b1500_g5_e07;3m_b1500_g5_e16;3m_b1500_g5_e20
3,1500,5,RR:2.50,GG:0.50,6,9,2,4,7,0.15384615384615385,True,3m_b1500_g5_e15;3m_b1500_g5_e17,3m_b1500_g5_e01;3m_b1500_g5_e05;3m_b1500_g5_e08;3m_b1500_g5_e21,3m_b1500_g5_e02;3m_b1500_g5_e06;3m_b1500_g5_e07;3m_b1500_g5_e12;3m_b1500_g5_e16;3m_b1500_g5_e19;3m_b1500_g5_e20
3,1500,5,RR:2.50,GG:0.75,6,9,3,3,6,0.25,True,3m_b1500_g5_e01;3m_b1500_g5_e15;3m_b1500_g5_e17,3m_b1500_g5_e05;3m_b1500_g5_e08;3m_b1500_g5_e21,3m_b1500_g5_e06;3m_b1500_g5_e07;3m_b1500_g5_e12;3m_b1500_g5_e16;3m_b1500_g5_e18;3m_b1500_g5_e20
3,1500,5,RR:2.50,GG:1.00,6,6,3,3,3,0.3333333333333333,True,3m_b1500_g5_e01;3m_b1500_g5_e15;3m_b1500_g5_e17,3m_b1500_g5_e05;3m_b1500_g5_e08;3m_b1500_g5_e21,3m_b1500_g5_e06;3m_b1500_g5_e07;3m_b1500_g5_e20
3,1500,5,RR:2.50,GG:1.25,6,5,2,4,3,0.2222222222222222,True,3m_b1500_g5_e15;3m_b1500_g5_e17,3m_b1500_g5_e01;3m_b1500_g5_e05;3m_b1500_g5_e08;3m_b1500_g5_e21,3m_b1500_g5_e06;3m_b1500_g5_e07;3m_b1500_g5_e20
3,1500,5,RR:2.50,GG:1.50,6,5,2,4,3,0.2222222222222222,True,3m_b1500_g5_e15;3m_b1500_g5_e17,3m_b1500_g5_e01;3m_b1500_g5_e05;3m_b1500_g5_e08;3m_b1500_g5_e21,3m_b1500_g5_e06;3m_b1500_g5_e07;3m_b1500_g5_e20
3,1500,5,RR:2.50,GG:1.75,6,7,3,3,4,0.3,True,3m_b1500_g5_e01;3m_b1500_g5_e15;3m_b1500_g5_e17,3m_b1500_g5_e05;3m_b1500_g5_e08;3m_b1500_g5_e21,3m_b1500_g5_e06;3m_b1500_g5_e07;3m_b1500_g5_e12;3m_b1500_g5_e20
3,1500,5,RR:2.50,GG:2.00,6,8,3,3,5,0.2727272727272727,True,3m_b1500_g5_e01;3m_b1500_g5_e15;3m_b1500_g5_e17,3m_b1500_g5_e05;3m_b1500_g5_e08;3m_b1500_g5_e21,3m_b1500_g5_e02;3m_b1500_g5_e06;3m_b1500_g5_e07;3m_b1500_g5_e12;3m_b1500_g5_e20
3,1500,5,RR:2.50,GG:2.25,6,8,3,3,5,0.2727272727272727,True,3m_b1500_g5_e01;3m_b1500_g5_e15;3m_b1500_g5_e17,3m_b1500_g5_e05;3m_b1500_g5_e08;3m_b1500_g5_e21,3m_b1500_g5_e02;3m_b1500_g5_e06;3m_b1500_g5_e07;3m_b1500_g5_e12;3m_b1500_g5_e20
3,1500,5,RR:2.50,GG:2.50,6,9,3,3,6,0.25,True,3m_b1500_g5_e01;3m_b1500_g5_e15;3m_b1500_g5_e17,3m_b1500_g5_e05;3m_b1500_g5_e08;3m_b1500_g5_e21,3m_b1500_g5_e02;3m_b1500_g5_e06;3m_b1500_g5_e07;3m_b1500_g5_e12;3m_b1500_g5_e16;3m_b1500_g5_e20
3,1500,5,RR:2.50,GG:2.75,6,9,3,3,6,0.25,True,3m_b1500_g5_e01;3m_b1500_g5_e15;3m_b1500_g5_e17,3m_b1500_g5_e05;3m_b1500_g5_e08;3m_b1500_g5_e21,3m_b1500_g5_e02;3m_b1500_g5_e06;3m_b1500_g5_e07;3m_b1500_g5_e12;3m_b1500_g5_e16;3m_b1500_g5_e20
3,1500,5,RR:2.50,GG:3.00,6,8,3,3,5,0.2727272727272727,True,3m_b1500_g5_e01;3m_b1500_g5_e15;3m_b1500_g5_e17,3m_b1500_g5_e05;3m_b1500_g5_e08;3m_b1500_g5_e21,3m_b1500_g5_e02;3m_b1500_g5_e06;3m_b1500_g5_e07;3m_b1500_g5_e16;3m_b1500_g5_e20
3,1500,5,RR:2.50,GG:3.25,6,7,3,3,4,0.3,True,3m_b1500_g5_e01;3m_b1500_g5_e15;3m_b1500_g5_e17,3m_b1500_g5_e05;3m_b1500_g5_e08;3m_b1500_g5_e21,3m_b1500_g5_e06;3m_b1500_g5_e07;3m_b1500_g5_e16;3m_b1500_g5_e20
3,1500,5,RR:2.50,GG:3.50,6,7,3,3,4,0.3,True,3m_b1500_g5_e01;3m_b1500_g5_e15;3m_b1500_g5_e17,3m_b1500_g5_e05;3m_b1500_g5_e08;3m_b1500_g5_e21,3m_b1500_g5_e06;3m_b1500_g5_e07;3m_b1500_g5_e16;3m_b1500_g5_e20
3,1500,5,RR:2.75,GG:0.50,8,9,2,6,7,0.13333333333333333,True,3m_b1500_g5_e15;3m_b1500_g5_e17,3m_b1500_g5_e01;3m_b1500_g5_e05;3m_b1500_g5_e08;3m_b1500_g5_e13;3m_b1500_g5_e14;3m_b1500_g5_e21,3m_b1500_g5_e02;3m_b1500_g5_e06;3m_b1500_g5_e07;3m_b1500_g5_e12;3m_b1500_g5_e16;3m_b1500_g5_e19;3m_b1500_g5_e20
3,1500,5,RR:2.75,GG:0.75,8,9,3,5,6,0.21428571428571427,True,3m_b1500_g5_e01;3m_b1500_g5_e15;3m_b1500_g5_e17,3m_b1500_g5_e05;3m_b1500_g5_e08;3m_b1500_g5_e13;3m_b1500_g5_e14;3m_b1500_g5_e21,3m_b1500_g5_e06;3m_b1500_g5_e07;3m_b1500_g5_e12;3m_b1500_g5_e16;3m_b1500_g5_e18;3m_b1500_g5_e20
3,1500,5,RR:2.75,GG:1.00,8,6,3,5,3,0.2727272727272727,True,3m_b1500_g5_e01;3m_b1500_g5_e15;3m_b1500_g5_e17,3m_b1500_g5_e05;3m_b1500_g5_e08;3m_b1500_g5_e13;3m_b1500_g5_e14;3m_b1500_g5_e21,3m_b1500_g5_e06;3m_b1500_g5_e07;3m_b1500_g5_e20
3,1500,5,RR:2.75,GG:1.25,8,5,2,6,3,0.18181818181818182,True,3m_b1500_g5_e15;3m_b1500_g5_e17,3m_b1500_g5_e01;3m_b1500_g5_e05;3m_b1500_g5_e08;3m_b1500_g5_e13;3m_b1500_g5_e14;3m_b1500_g5_e21,3m_b1500_g5_e06;3m_b1500_g5_e07;3m_b1500_g5_e20
3,1500,5,RR:2.75,GG:1.50,8,5,2,6,3,0.18181818181818182,True,3m_b1500_g5_e15;3m_b1500_g5_e17,3m_b1500_g5_e01;3m_b1500_g5_e05;3m_b1500_g5_e08;3m_b1500_g5_e13;3m_b1500_g5_e14;3m_b1500_g5_e21,3m_b1500_g5_e06;3m_b1500_g5_e07;3m_b1500_g5_e20
3,1500,5,RR:2.75,GG:1.75,8,7,3,5,4,0.25,True,3m_b1500_g5_e01;3m_b1500_g5_e15;3m_b1500_g5_e17,3m_b1500_g5_e05;3m_b1500_g5_e08;3m_b1500_g5_e13;3m_b1500_g5_e14;3m_b1500_g5_e21,3m_b1500_g5_e06;3m_b1500_g5_e07;3m_b1500_g5_e12;3m_b1500_g5_e20
3,1500,5,RR:2.75,GG:2.00,8,8,3,5,5,0.23076923076923078,True,3m_b1500_g5_e01;3m_b1500_g5_e15;3m_b1500_g5_e17,3m_b1500_g5_e05;3m_b1500_g5_e08;3m_b1500_g5_e13;3m_b1500_g5_e14;3m_b1500_g5_e21,3m_b1500_g5_e02;3m_b1500_g5_e06;3m_b1500_g5_e07;3m_b1500_g5_e12;3m_b1500_g5_e20
3,1500,5,RR:2.75,GG:2.25,8,8,3,5,5,0.23076923076923078,True,3m_b1500_g5_e01;3m_b1500_g5_e15;3m_b1500_g5_e17,3m_b1500_g5_e05;3m_b1500_g5_e08;3m_b1500_g5_e13;3m_b1500_g5_e14;3m_b1500_g5_e21,3m_b1500_g5_e02;3m_b1500_g5_e06;3m_b1500_g5_e07;3m_b1500_g5_e12;3m_b1500_g5_e20
3,1500,5,RR:2.75,GG:2.50,8,9,3,5,6,0.21428571428571427,True,3m_b1500_g5_e01;3m_b1500_g5_e15;3m_b1500_g5_e17,3m_b1500_g5_e05;3m_b1500_g5_e08;3m_b1500_g5_e13;3m_b1500_g5_e14;3m_b1500_g5_e21,3m_b1500_g5_e02;3m_b1500_g5_e06;3m_b1500_g5_e07;3m_b1500_g5_e12;3m_b1500_g5_e16;3m_b1500_g5_e20
3,1500,5,RR:2.75,GG:2.75,8,9,3,5,6,0.21428571428571427,True,3m_b1500_g5_e01;3m_b1500_g5_e15;3m_b1500_g5_e17,3m_b1500_g5_e05;3m_b1500_g5_e08;3m_b1500_g5_e13;3m_b1500_g5_e14;3m_b1500_g5_e21,3m_b1500_g5_e02;3m_b1500_g5_e06;3m_b1500_g5_e07;3m_b1500_g5_e12;3m_b1500_g5_e16;3m_b1500_g5_e20
3,1500,5,RR:2.75,GG:3.00,8,8,3,5,5,0.23076923076923078,True,3m_b1500_g5_e01;3m_b1500_g5_e15;3m_b1500_g5_e17,3m_b1500_g5_e05;3m_b1500_g5_e08;3m_b1500_g5_e13;3m_b1500_g5_e14;3m_b1500_g5_e21,3m_b1500_g5_e02;3m_b1500_g5_e06;3m_b1500_g5_e07;3m_b1500_g5_e16;3m_b1500_g5_e20
3,1500,5,RR:2.75,GG:3.25,8,7,3,5,4,0.25,True,3m_b1500_g5_e01;3m_b1500_g5_e15;3m_b1500_g5_e17,3m_b1500_g5_e05;3m_b1500_g5_e08;3m_b1500_g5_e13;3m_b1500_g5_e14;3m_b1500_g5_e21,3m_b1500_g5_e06;3m_b1500_g5_e07;3m_b1500_g5_e16;3m_b1500_g5_e20
3,1500,5,RR:2.75,GG:3.50,8,7,3,5,4,0.25,True,3m_b1500_g5_e01;3m_b1500_g5_e15;3m_b1500_g5_e17,3m_b1500_g5_e05;3m_b1500_g5_e08;3m_b1500_g5_e13;3m_b1500_g5_e14;3m_b1500_g5_e21,3m_b1500_g5_e06;3m_b1500_g5_e07;3m_b1500_g5_e16;3m_b1500_g5_e20
3,1500,5,RR:3.00,GG:0.50,7,9,2,5,7,0.14285714285714285,True,3m_b1500_g5_e15;3m_b1500_g5_e17,3m_b1500_g5_e01;3m_b1500_g5_e08;3m_b1500_g5_e13;3m_b1500_g5_e14;3m_b1500_g5_e21,3m_b1500_g5_e02;3m_b1500_g5_e06;3m_b1500_g5_e07;3m_b1500_g5_e12;3m_b1500_g5_e16;3m_b1500_g5_e19;3m_b1500_g5_e20
3,1500,5,RR:3.00,GG:0.75,7,9,3,4,6,0.23076923076923078,True,3m_b1500_g5_e01;3m_b1500_g5_e15;3m_b1500_g5_e17,3m_b1500_g5_e08;3m_b1500_g5_e13;3m_b1500_g5_e14;3m_b1500_g5_e21,3m_b1500_g5_e06;3m_b1500_g5_e07;3m_b1500_g5_e12;3m_b1500_g5_e16;3m_b1500_g5_e18;3m_b1500_g5_e20
3,1500,5,RR:3.00,GG:1.00,7,6,3,4,3,0.3,True,3m_b1500_g5_e01;3m_b1500_g5_e15;3m_b1500_g5_e17,3m_b1500_g5_e08;3m_b1500_g5_e13;3m_b1500_g5_e14;3m_b1500_g5_e21,3m_b1500_g5_e06;3m_b1500_g5_e07;3m_b1500_g5_e20
3,1500,5,RR:3.00,GG:1.25,7,5,2,5,3,0.2,True,3m_b1500_g5_e15;3m_b1500_g5_e17,3m_b1500_g5_e01;3m_b1500_g5_e08;3m_b1500_g5_e13;3m_b1500_g5_e14;3m_b1500_g5_e21,3m_b1500_g5_e06;3m_b1500_g5_e07;3m_b1500_g5_e20
3,1500,5,RR:3.00,GG:1.50,7,5,2,5,3,0.2,True,3m_b1500_g5_e15;3m_b1500_g5_e17,3m_b1500_g5_e01;3m_b1500_g5_e08;3m_b1500_g5_e13;3m_b1500_g5_e14;3m_b1500_g5_e21,3m_b1500_g5_e06;3m_b1500_g5_e07;3m_b1500_g5_e20
3,1500,5,RR:3.00,GG:1.75,7,7,3,4,4,0.2727272727272727,True,3m_b1500_g5_e01;3m_b1500_g5_e15;3m_b1500_g5_e17,3m_b1500_g5_e08;3m_b1500_g5_e13;3m_b1500_g5_e14;3m_b1500_g5_e21,3m_b1500_g5_e06;3m_b1500_g5_e07;3m_b1500_g5_e12;3m_b1500_g5_e20
3,1500,5,RR:3.00,GG:2.00,7,8,3,4,5,0.25,True,3m_b1500_g5_e01;3m_b1500_g5_e15;3m_b1500_g5_e17,3m_b1500_g5_e08;3m_b1500_g5_e13;3m_b1500_g5_e14;3m_b1500_g5_e21,3m_b1500_g5_e02;3m_b1500_g5_e06;3m_b1500_g5_e07;3m_b1500_g5_e12;3m_b1500_g5_e20
3,1500,5,RR:3.00,GG:2.25,7,8,3,4,5,0.25,True,3m_b1500_g5_e01;3m_b1500_g5_e15;3m_b1500_g5_e17,3m_b1500_g5_e08;3m_b1500_g5_e13;3m_b1500_g5_e14;3m_b1500_g5_e21,3m_b1500_g5_e02;3m_b1500_g5_e06;3m_b1500_g5_e07;3m_b1500_g5_e12;3m_b1500_g5_e20
3,1500,5,RR:3.00,GG:2.50,7,9,3,4,6,0.23076923076923078,True,3m_b1500_g5_e01;3m_b1500_g5_e15;3m_b1500_g5_e17,3m_b1500_g5_e08;3m_b1500_g5_e13;3m_b1500_g5_e14;3m_b1500_g5_e21,3m_b1500_g5_e02;3m_b1500_g5_e06;3m_b1500_g5_e07;3m_b1500_g5_e12;3m_b1500_g5_e16;3m_b1500_g5_e20
3,1500,5,RR:3.00,GG:2.75,7,9,3,4,6,0.23076923076923078,True,3m_b1500_g5_e01;3m_b1500_g5_e15;3m_b1500_g5_e17,3m_b1500_g5_e08;3m_b1500_g5_e13;3m_b1500_g5_e14;3m_b1500_g5_e21,3m_b1500_g5_e02;3m_b1500_g5_e06;3m_b1500_g5_e07;3m_b1500_g5_e12;3m_b1500_g5_e16;3m_b1500_g5_e20
3,1500,5,RR:3.00,GG:3.00,7,8,3,4,5,0.25,True,3m_b1500_g5_e01;3m_b1500_g5_e15;3m_b1500_g5_e17,3m_b1500_g5_e08;3m_b1500_g5_e13;3m_b1500_g5_e14;3m_b1500_g5_e21,3m_b1500_g5_e02;3m_b1500_g5_e06;3m_b1500_g5_e07;3m_b1500_g5_e16;3m_b1500_g5_e20
3,1500,5,RR:3.00,GG:3.25,7,7,3,4,4,0.2727272727272727,True,3m_b1500_g5_e01;3m_b1500_g5_e15;3m_b1500_g5_e17,3m_b1500_g5_e08;3m_b1500_g5_e13;3m_b1500_g5_e14;3m_b1500_g5_e21,3m_b1500_g5_e06;3m_b1500_g5_e07;3m_b1500_g5_e16;3m_b1500_g5_e20
3,1500,5,RR:3.00,GG:3.50,7,7,3,4,4,0.2727272727272727,True,3m_b1500_g5_e01;3m_b1500_g5_e15;3m_b1500_g5_e17,3m_b1500_g5_e08;3m_b1500_g5_e13;3m_b1500_g5_e14;3m_b1500_g5_e21,3m_b1500_g5_e06;3m_b1500_g5_e07;3m_b1500_g5_e16;3m_b1500_g5_e20
3,1500,5,RR:3.25,GG:0.50,7,9,2,5,7,0.14285714285714285,True,3m_b1500_g5_e15;3m_b1500_g5_e17,3m_b1500_g5_e01;3m_b1500_g5_e05;3m_b1500_g5_e08;3m_b1500_g5_e13;3m_b1500_g5_e21,3m_b1500_g5_e02;3m_b1500_g5_e06;3m_b1500_g5_e07;3m_b1500_g5_e12;3m_b1500_g5_e16;3m_b1500_g5_e19;3m_b1500_g5_e20
3,1500,5,RR:3.25,GG:0.75,7,9,3,4,6,0.23076923076923078,True,3m_b1500_g5_e01;3m_b1500_g5_e15;3m_b1500_g5_e17,3m_b1500_g5_e05;3m_b1500_g5_e08;3m_b1500_g5_e13;3m_b1500_g5_e21,3m_b1500_g5_e06;3m_b1500_g5_e07;3m_b1500_g5_e12;3m_b1500_g5_e16;3m_b1500_g5_e18;3m_b1500_g5_e20
3,1500,5,RR:3.25,GG:1.00,7,6,3,4,3,0.3,True,3m_b1500_g5_e01;3m_b1500_g5_e15;3m_b1500_g5_e17,3m_b1500_g5_e05;3m_b1500_g5_e08;3m_b1500_g5_e13;3m_b1500_g5_e21,3m_b1500_g5_e06;3m_b1500_g5_e07;3m_b1500_g5_e20
3,1500,5,RR:3.25,GG:1.25,7,5,2,5,3,0.2,True,3m_b1500_g5_e15;3m_b1500_g5_e17,3m_b1500_g5_e01;3m_b1500_g5_e05;3m_b1500_g5_e08;3m_b1500_g5_e13;3m_b1500_g5_e21,3m_b1500_g5_e06;3m_b1500_g5_e07;3m_b1500_g5_e20
3,1500,5,RR:3.25,GG:1.50,7,5,2,5,3,0.2,True,3m_b1500_g5_e15;3m_b1500_g5_e17,3m_b1500_g5_e01;3m_b1500_g5_e05;3m_b1500_g5_e08;3m_b1500_g5_e13;3m_b1500_g5_e21,3m_b1500_g5_e06;3m_b1500_g5_e07;3m_b1500_g5_e20
3,1500,5,RR:3.25,GG:1.75,7,7,3,4,4,0.2727272727272727,True,3m_b1500_g5_e01;3m_b1500_g5_e15;3m_b1500_g5_e17,3m_b1500_g5_e05;3m_b1500_g5_e08;3m_b1500_g5_e13;3m_b1500_g5_e21,3m_b1500_g5_e06;3m_b1500_g5_e07;3m_b1500_g5_e12;3m_b1500_g5_e20
3,1500,5,RR:3.25,GG:2.00,7,8,3,4,5,0.25,True,3m_b1500_g5_e01;3m_b1500_g5_e15;3m_b1500_g5_e17,3m_b1500_g5_e05;3m_b1500_g5_e08;3m_b1500_g5_e13;3m_b1500_g5_e21,3m_b1500_g5_e02;3m_b1500_g5_e06;3m_b1500_g5_e07;3m_b1500_g5_e12;3m_b1500_g5_e20
3,1500,5,RR:3.25,GG:2.25,7,8,3,4,5,0.25,True,3m_b1500_g5_e01;3m_b1500_g5_e15;3m_b1500_g5_e17,3m_b1500_g5_e05;3m_b1500_g5_e08;3m_b1500_g5_e13;3m_b1500_g5_e21,3m_b1500_g5_e02;3m_b1500_g5_e06;3m_b1500_g5_e07;3m_b1500_g5_e12;3m_b1500_g5_e20
3,1500,5,RR:3.25,GG:2.50,7,9,3,4,6,0.23076923076923078,True,3m_b1500_g5_e01;3m_b1500_g5_e15;3m_b1500_g5_e17,3m_b1500_g5_e05;3m_b1500_g5_e08;3m_b1500_g5_e13;3m_b1500_g5_e21,3m_b1500_g5_e02;3m_b1500_g5_e06;3m_b1500_g5_e07;3m_b1500_g5_e12;3m_b1500_g5_e16;3m_b1500_g5_e20
3,1500,5,RR:3.25,GG:2.75,7,9,3,4,6,0.23076923076923078,True,3m_b1500_g5_e01;3m_b1500_g5_e15;3m_b1500_g5_e17,3m_b1500_g5_e05;3m_b1500_g5_e08;3m_b1500_g5_e13;3m_b1500_g5_e21,3m_b1500_g5_e02;3m_b1500_g5_e06;3m_b1500_g5_e07;3m_b1500_g5_e12;3m_b1500_g5_e16;3m_b1500_g5_e20
3,1500,5,RR:3.25,GG:3.00,7,8,3,4,5,0.25,True,3m_b1500_g5_e01;3m_b1500_g5_e15;3m_b1500_g5_e17,3m_b1500_g5_e05;3m_b1500_g5_e08;3m_b1500_g5_e13;3m_b1500_g5_e21,3m_b1500_g5_e02;3m_b1500_g5_e06;3m_b1500_g5_e07;3m_b1500_g5_e16;3m_b1500_g5_e20
3,1500,5,RR:3.25,GG:3.25,7,7,3,4,4,0.2727272727272727,True,3m_b1500_g5_e01;3m_b1500_g5_e15;3m_b1500_g5_e17,3m_b1500_g5_e05;3m_b1500_g5_e08;3m_b1500_g5_e13;3m_b1500_g5_e21,3m_b1500_g5_e06;3m_b1500_g5_e07;3m_b1500_g5_e16;3m_b1500_g5_e20
3,1500,5,RR:3.25,GG:3.50,7,7,3,4,4,0.2727272727272727,True,3m_b1500_g5_e01;3m_b1500_g5_e15;3m_b1500_g5_e17,3m_b1500_g5_e05;3m_b1500_g5_e08;3m_b1500_g5_e13;3m_b1500_g5_e21,3m_b1500_g5_e06;3m_b1500_g5_e07;3m_b1500_g5_e16;3m_b1500_g5_e20
3,1500,5,RR:3.50,GG:0.50,7,9,2,5,7,0.14285714285714285,True,3m_b1500_g5_e15;3m_b1500_g5_e17,3m_b1500_g5_e01;3m_b1500_g5_e05;3m_b1500_g5_e08;3m_b1500_g5_e13;3m_b1500_g5_e21,3m_b1500_g5_e02;3m_b1500_g5_e06;3m_b1500_g5_e07;3m_b1500_g5_e12;3m_b1500_g5_e16;3m_b1500_g5_e19;3m_b1500_g5_e20
3,1500,5,RR:3.50,GG:0.75,7,9,3,4,6,0.23076923076923078,True,3m_b1500_g5_e01;3m_b1500_g5_e15;3m_b1500_g5_e17,3m_b1500_g5_e05;3m_b1500_g5_e08;3m_b1500_g5_e13;3m_b1500_g5_e21,3m_b1500_g5_e06;3m_b1500_g5_e07;3m_b1500_g5_e12;3m_b1500_g5_e16;3m_b1500_g5_e18;3m_b1500_g5_e20
3,1500,5,RR:3.50,GG:1.00,7,6,3,4,3,0.3,True,3m_b1500_g5_e01;3m_b1500_g5_e15;3m_b1500_g5_e17,3m_b1500_g5_e05;3m_b1500_g5_e08;3m_b1500_g5_e13;3m_b1500_g5_e21,3m_b1500_g5_e06;3m_b1500_g5_e07;3m_b1500_g5_e20
3,1500,5,RR:3.50,GG:1.25,7,5,2,5,3,0.2,True,3m_b1500_g5_e15;3m_b1500_g5_e17,3m_b1500_g5_e01;3m_b1500_g5_e05;3m_b1500_g5_e08;3m_b1500_g5_e13;3m_b1500_g5_e21,3m_b1500_g5_e06;3m_b1500_g5_e07;3m_b1500_g5_e20
3,1500,5,RR:3.50,GG:1.50,7,5,2,5,3,0.2,True,3m_b1500_g5_e15;3m_b1500_g5_e17,3m_b1500_g5_e01;3m_b1500_g5_e05;3m_b1500_g5_e08;3m_b1500_g5_e13;3m_b1500_g5_e21,3m_b1500_g5_e06;3m_b1500_g5_e07;3m_b1500_g5_e20
3,1500,5,RR:3.50,GG:1.75,7,7,3,4,4,0.2727272727272727,True,3m_b1500_g5_e01;3m_b1500_g5_e15;3m_b1500_g5_e17,3m_b1500_g5_e05;3m_b1500_g5_e08;3m_b1500_g5_e13;3m_b1500_g5_e21,3m_b1500_g5_e06;3m_b1500_g5_e07;3m_b1500_g5_e12;3m_b1500_g5_e20
3,1500,5,RR:3.50,GG:2.00,7,8,3,4,5,0.25,True,3m_b1500_g5_e01;3m_b1500_g5_e15;3m_b1500_g5_e17,3m_b1500_g5_e05;3m_b1500_g5_e08;3m_b1500_g5_e13;3m_b1500_g5_e21,3m_b1500_g5_e02;3m_b1500_g5_e06;3m_b1500_g5_e07;3m_b1500_g5_e12;3m_b1500_g5_e20
3,1500,5,RR:3.50,GG:2.25,7,8,3,4,5,0.25,True,3m_b1500_g5_e01;3m_b1500_g5_e15;3m_b1500_g5_e17,3m_b1500_g5_e05;3m_b1500_g5_e08;3m_b1500_g5_e13;3m_b1500_g5_e21,3m_b1500_g5_e02;3m_b1500_g5_e06;3m_b1500_g5_e07;3m_b1500_g5_e12;3m_b1500_g5_e20
3,1500,5,RR:3.50,GG:2.50,7,9,3,4,6,0.23076923076923078,True,3m_b1500_g5_e01;3m_b1500_g5_e15;3m_b1500_g5_e17,3m_b1500_g5_e05;3m_b1500_g5_e08;3m_b1500_g5_e13;3m_b1500_g5_e21,3m_b1500_g5_e02;3m_b1500_g5_e06;3m_b1500_g5_e07;3m_b1500_g5_e12;3m_b1500_g5_e16;3m_b1500_g5_e20
3,1500,5,RR:3.50,GG:2.75,7,9,3,4,6,0.23076923076923078,True,3m_b1500_g5_e01;3m_b1500_g5_e15;3m_b1500_g5_e17,3m_b1500_g5_e05;3m_b1500_g5_e08;3m_b1500_g5_e13;3m_b1500_g5_e21,3m_b1500_g5_e02;3m_b1500_g5_e06;3m_b1500_g5_e07;3m_b1500_g5_e12;3m_b1500_g5_e16;3m_b1500_g5_e20
3,1500,5,RR:3.50,GG:3.00,7,8,3,4,5,0.25,True,3m_b1500_g5_e01;3m_b1500_g5_e15;3m_b1500_g5_e17,3m_b1500_g5_e05;3m_b1500_g5_e08;3m_b1500_g5_e13;3m_b1500_g5_e21,3m_b1500_g5_e02;3m_b1500_g5_e06;3m_b1500_g5_e07;3m_b1500_g5_e16;3m_b1500_g5_e20
3,1500,5,RR:3.50,GG:3.25,7,7,3,4,4,0.2727272727272727,True,3m_b1500_g5_e01;3m_b1500_g5_e15;3m_b1500_g5_e17,3m_b1500_g5_e05;3m_b1500_g5_e08;3m_b1500_g5_e13;3m_b1500_g5_e21,3m_b1500_g5_e06;3m_b1500_g5_e07;3m_b1500_g5_e16;3m_b1500_g5_e20
3,1500,5,RR:3.50,GG:3.50,7,7,3,4,4,0.2727272727272727,True,3m_b1500_g5_e01;3m_b1500_g5_e15;3m_b1500_g5_e17,3m_b1500_g5_e05;3m_b1500_g5_e08;3m_b1500_g5_e13;3m_b1500_g5_e21,3m_b1500_g5_e06;3m_b1500_g5_e07;3m_b1500_g5_e16;3m_b1500_g5_e20
3,1500,5,RR:0.50,RR:2.50,5,6,2,3,4,0.2222222222222222,True,3m_b1500_g5_e15;3m_b1500_g5_e17,3m_b1500_g5_e03;3m_b1500_g5_e09;3m_b1500_g5_e13,3m_b1500_g5_e01;3m_b1500_g5_e05;3m_b1500_g5_e08;3m_b1500_g5_e21
3,1500,20,RR:0.50,GG:0.50,5,8,2,3,6,0.18181818181818182,True,3m_b1500_g20_e12;3m_b1500_g20_e13,3m_b1500_g20_e03;3m_b1500_g20_e06;3m_b1500_g20_e10,3m_b1500_g20_e02;3m_b1500_g20_e04;3m_b1500_g20_e05;3m_b1500_g20_e09;3m_b1500_g20_e15;3m_b1500_g20_e16
3,1500,20,RR:0.50,GG:0.75,5,8,2,3,6,0.18181818181818182,True,3m_b1500_g20_e12;3m_b1500_g20_e13,3m_b1500_g20_e03;3m_b1500_g20_e06;3m_b1500_g20_e10,3m_b1500_g20_e01;3m_b1500_g20_e04;3m_b1500_g20_e05;3m_b1500_g20_e09;3m_b1500_g20_e14;3m_b1500_g20_e16
3,1500,20,RR:0.50,GG:1.00,5,6,2,3,4,0.2222222222222222,True,3m_b1500_g20_e12;3m_b1500_g20_e13,3m_b1500_g20_e03;3m_b1500_g20_e06;3m_b1500_g20_e10,3m_b1500_g20_e01;3m_b1500_g20_e04;3m_b1500_g20_e05;3m_b1500_g20_e16
3,1500,20,RR:0.50,GG:1.25,5,5,2,3,3,0.25,True,3m_b1500_g20_e12;3m_b1500_g20_e13,3m_b1500_g20_e03;3m_b1500_g20_e06;3m_b1500_g20_e10,3m_b1500_g20_e04;3m_b1500_g20_e05;3m_b1500_g20_e16
3,1500,20,RR:0.50,GG:1.50,5,5,2,3,3,0.25,True,3m_b1500_g20_e12;3m_b1500_g20_e13,3m_b1500_g20_e03;3m_b1500_g20_e06;3m_b1500_g20_e10,3m_b1500_g20_e04;3m_b1500_g20_e05;3m_b1500_g20_e16
3,1500,20,RR:0.50,GG:1.75,5,7,2,3,5,0.2,True,3m_b1500_g20_e12;3m_b1500_g20_e13,3m_b1500_g20_e03;3m_b1500_g20_e06;3m_b1500_g20_e10,3m_b1500_g20_e01;3m_b1500_g20_e04;3m_b1500_g20_e05;3m_b1500_g20_e09;3m_b1500_g20_e16
3,1500,20,RR:0.50,GG:2.00,5,8,2,3,6,0.18181818181818182,True,3m_b1500_g20_e12;3m_b1500_g20_e13,3m_b1500_g20_e03;3m_b1500_g20_e06;3m_b1500_g20_e10,3m_b1500_g20_e01;3m_b1500_g20_e02;3m_b1500_g20_e04;3m_b1500_g20_e05;3m_b1500_g20_e09;3m_b1500_g20_e16
3,1500,20,RR:0.50,GG:2.25,5,8,2,3,6,0.18181818181818182,True,3m_b1500_g20_e12;3m_b1500_g20_e13,3m_b1500_g20_e03;3m_b1500_g20_e06;3m_b1500_g20_e10,3m_b1500_g20_e01;3m_b1500_g20_e02;3m_b1500_g20_e04;3m_b1500_g20_e05;3m_b1500_g20_e09;3m_b1500_g20_e16
3,1500,20,RR:0.50,GG:2.50,5,8,2,3,6,0.18181818181818182,True,3m_b1500_g20_e12;3m_b1500_g20_e13,3m_b1500_g20_e03;3m_b1500_g20_e06;3m_b1500_g20_e10,3m_b1500_g20_e01;3m_b1500_g20_e02;3m_b1500_g20_e04;3m_b1500_g20_e05;3m_b1500_g20_e09;3m_b1500_g20_e16
3,1500,20,RR:0.50,GG:2.75,5,8,2,3,6,0.18181818181818182,True,3m_b1500_g20_e12;3m_b1500_g20_e13,3m_b1500_g20_e03;3m_b1500_g20_e06;3m_b1500_g20_e10,3m_b1500_g20_e01;3m_b1500_g20_e02;3m_b1500_g20_e04;3m_b1500_g20_e05;3m_b1500_g20_e09;3m_b1500_g20_e16
3,1500,20,RR:0.50,GG:3.00,5,7,2,3,5,0.2,True,3m_b1500_g20_e12;3m_b1500_g20_e13,3m_b1500_g20_e03;3m_b1500_g20_e06;3m_b1500_g20_e10,3m_b1500_g20_e01;3m_b1500_g20_e02;3m_b1500_g20_e04;3m_b1500_g20_e05;3m_b1500_g20_e16
3,1500,20,RR:0.50,GG:3.25,5,6,2,3,4,0.2222222222222222,True,3m_b1500_g20_e12;3m_b1500_g20_e13,3m_b1500_g20_e03;3m_b1500_g20_e06;3m_b1500_g20_e10,3m_b1500_g20_e01;3m_b1500_g20_e04;3m_b1500_g20_e05;3m_b1500_g20_e16
3,1500,20,RR:0.50,GG:3.50,5,6,2,3,4,0.2222222222222222,True,3m_b1500_g20_e12;3m_b1500_g20_e13,3m_b1500_g20_e03;3m_b1500_g20_e06;3m_b1500_g20_e10,3m_b1500_g20_e01;3m_b1500_g20_e04;3m_b1500_g20_e05;3m_b1500_g20_e16
3,1500,20,RR:0.75,GG:0.50,6,8,5,1,3,0.5555555555555556,True,3m_b1500_g20_e02;3m_b1500_g20_e05;3m_b1500_g20_e12;3m_b1500_g20_e13;3m_b1500_g20_e16,3m_b1500_g20_e03,3m_b1500_g20_e04;3m_b1500_g20_e09;3m_b1500_g20_e15
3,1500,20,RR:0.75,GG:0.75,6,8,4,2,4,0.4,True,3m_b1500_g20_e05;3m_b1500_g20_e12;3m_b1500_g20_e13;3m_b1500_g20_e16,3m_b1500_g20_e02;3m_b1500_g20_e03,3m_b1500_g20_e01;3m_b1500_g20_e04;3m_b1500_g20_e09;3m_b1500_g20_e14
3,1500,20,RR:0.75,GG:1.00,6,6,4,2,2,0.5,True,3m_b1500_g20_e05;3m_b1500_g20_e12;3m_b1500_g20_e13;3m_b1500_g20_e16,3m_b1500_g20_e02;3m_b1500_g20_e03,3m_b1500_g20_e01;3m_b1500_g20_e04
3,1500,20,RR:0.75,GG:1.25,6,5,4,2,1,0.5714285714285714,True,3m_b1500_g20_e05;3m_b1500_g20_e12;3m_b1500_g20_e13;3m_b1500_g20_e16,3m_b1500_g20_e02;3m_b1500_g20_e03,3m_b1500_g20_e04
3,1500,20,RR:0.75,GG:1.50,6,5,4,2,1,0.5714285714285714,True,3m_b1500_g20_e05;3m_b1500_g20_e12;3m_b1500_g20_e13;3m_b1500_g20_e16,3m_b1500_g20_e02;3m_b1500_g20_e03,3m_b1500_g20_e04
3,1500,20,RR:0.75,GG:1.75,6,7,4,2,3,0.4444444444444444,True,3m_b1500_g20_e05;3m_b1500_g20_e12;3m_b1500_g20_e13;3m_b1500_g20_e16,3m_b1500_g20_e02;3m_b1500_g20_e03,3m_b1500_g20_e01;3m_b1500_g20_e04;3m_b1500_g20_e09
3,1500,20,RR:0.75,GG:2.00,6,8,5,1,3,0.5555555555555556,True,3m_b1500_g20_e02;3m_b1500_g20_e05;3m_b1500_g20_e12;3m_b1500_g20_e13;3m_b1500_g20_e16,3m_b1500_g20_e03,3m_b1500_g20_e01;3m_b1500_g20_e04;3m_b1500_g20_e09
3,1500,20,RR:0.75,GG:2.25,6,8,5,1,3,0.5555555555555556,True,3m_b1500_g20_e02;3m_b1500_g20_e05;3m_b1500_g20_e12;3m_b1500_g20_e13;3m_b1500_g20_e16,3m_b1500_g20_e03,3m_b1500_g20_e01;3m_b1500_g20_e04;3m_b1500_g20_e09
3,1500,20,RR:0.75,GG:2.50,6,8,5,1,3,0.5555555555555556,True,3m_b1500_g20_e02;3m_b1500_g20_e05;3m_b1500_g20_e12;3m_b1500_g20_e13;3m_b1500_g20_e16,3m_b1500_g20_e03,3m_b1500_g20_e01;3m_b1500_g20_e04;3m_b1500_g20_e09
3,1500,20,RR:0.75,GG:2.75,6,8,5,1,3,0.5555555555555556,True,3m_b1500_g20_e02;3m_b1500_g20_e05;3m_b1500_g20_e12;3m_b1500_g20_e13;3m_b1500_g20_e16,3m_b1500_g20_e03,3m_b1500_g20_e01;3m_b1500_g20_e04;3m_b1500_g20_e09
3,1500,20,RR:0.75,GG:3.00,6,7,5,1,2,0.625,True,3m_b1500_g20_e02;3m_b1500_g20_e05;3m_b1500_g20_e12;3m_b1500_g20_e13;3m_b1500_g20_e16,3m_b1500_g20_e03,3m_b1500_g20_e01;3m_b1500_g20_e04
3,1500,20,RR:0.75,GG:3.25,6,6,4,2,2,0.5,True,3m_b1500_g20_e05;3m_b1500_g20_e12;3m_b1500_g20_e13;3m_b1500_g20_e16,3m_b1500_g20_e02;3m_b1500_g20_e03,3m_b1500_g20_e01;3m_b1500_g20_e04
3,1500,20,RR:0.75,GG:3.50,6,6,4,2,2,0.5,True,3m_b1500_g20_e05;3m_b1500_g20_e12;3m_b1500_g20_e13;3m_b1500_g20_e16,3m_b1500_g20_e02;3m_b1500_g20_e03,3m_b1500_g20_e01;3m_b1500_g20_e04
3,1500,20,RR:1.00,GG:0.50,7,8,4,3,4,0.36363636363636365,True,3m_b1500_g20_e02;3m_b1500_g20_e05;3m_b1500_g20_e13;3m_b1500_g20_e16,3m_b1500_g20_e01;3m_b1500_g20_e03;3m_b1500_g20_e10,3m_b1500_g20_e04;3m_b1500_g20_e09;3m_b1500_g20_e12;3m_b1500_g20_e15
3,1500,20,RR:1.00,GG:0.75,7,8,4,3,4,0.36363636363636365,True,3m_b1500_g20_e01;3m_b1500_g20_e05;3m_b1500_g20_e13;3m_b1500_g20_e16,3m_b1500_g20_e02;3m_b1500_g20_e03;3m_b1500_g20_e10,3m_b1500_g20_e04;3m_b1500_g20_e09;3m_b1500_g20_e12;3m_b1500_g20_e14
3,1500,20,RR:1.00,GG:1.00,7,6,4,3,2,0.4444444444444444,True,3m_b1500_g20_e01;3m_b1500_g20_e05;3m_b1500_g20_e13;3m_b1500_g20_e16,3m_b1500_g20_e02;3m_b1500_g20_e03;3m_b1500_g20_e10,3m_b1500_g20_e04;3m_b1500_g20_e12
3,1500,20,RR:1.00,GG:1.25,7,5,3,4,2,0.3333333333333333,True,3m_b1500_g20_e05;3m_b1500_g20_e13;3m_b1500_g20_e16,3m_b1500_g20_e01;3m_b1500_g20_e02;3m_b1500_g20_e03;3m_b1500_g20_e10,3m_b1500_g20_e04;3m_b1500_g20_e12
3,1500,20,RR:1.00,GG:1.50,7,5,3,4,2,0.3333333333333333,True,3m_b1500_g20_e05;3m_b1500_g20_e13;3m_b1500_g20_e16,3m_b1500_g20_e01;3m_b1500_g20_e02;3m_b1500_g20_e03;3m_b1500_g20_e10,3m_b1500_g20_e04;3m_b1500_g20_e12
3,1500,20,RR:1.00,GG:1.75,7,7,4,3,3,0.4,True,3m_b1500_g20_e01;3m_b1500_g20_e05;3m_b1500_g20_e13;3m_b1500_g20_e16,3m_b1500_g20_e02;3m_b1500_g20_e03;3m_b1500_g20_e10,3m_b1500_g20_e04;3m_b1500_g20_e09;3m_b1500_g20_e12
3,1500,20,RR:1.00,GG:2.00,7,8,5,2,3,0.5,True,3m_b1500_g20_e01;3m_b1500_g20_e02;3m_b1500_g20_e05;3m_b1500_g20_e13;3m_b1500_g20_e16,3m_b1500_g20_e03;3m_b1500_g20_e10,3m_b1500_g20_e04;3m_b1500_g20_e09;3m_b1500_g20_e12
3,1500,20,RR:1.00,GG:2.25,7,8,5,2,3,0.5,True,3m_b1500_g20_e01;3m_b1500_g20_e02;3m_b1500_g20_e05;3m_b1500_g20_e13;3m_b1500_g20_e16,3m_b1500_g20_e03;3m_b1500_g20_e10,3m_b1500_g20_e04;3m_b1500_g20_e09;3m_b1500_g20_e12
3,1500,20,RR:1.00,GG:2.50,7,8,5,2,3,0.5,True,3m_b1500_g20_e01;3m_b1500_g20_e02;3m_b1500_g20_e05;3m_b1500_g20_e13;3m_b1500_g20_e16,3m_b1500_g20_e03;3m_b1500_g20_e10,3m_b1500_g20_e04;3m_b1500_g20_e09;3m_b1500_g20_e12
3,1500,20,RR:1.00,GG:2.75,7,8,5,2,3,0.5,True,3m_b1500_g20_e01;3m_b1500_g20_e02;3m_b1500_g20_e05;3m_b1500_g20_e13;3m_b1500_g20_e16,3m_b1500_g20_e03;3m_b1500_g20_e10,3m_b1500_g20_e04;3m_b1500_g20_e09;3m_b1500_g20_e12
3,1500,20,RR:1.00,GG:3.00,7,7,5,2,2,0.5555555555555556,True,3m_b1500_g20_e01;3m_b1500_g20_e02;3m_b1500_g20_e05;3m_b1500_g20_e13;3m_b1500_g20_e16,3m_b1500_g20_e03;3m_b1500_g20_e10,3m_b1500_g20_e04;3m_b1500_g20_e12
3,1500,20,RR:1.00,GG:3.25,7,6,4,3,2,0.4444444444444444,True,3m_b1500_g20_e01;3m_b1500_g20_e05;3m_b1500_g20_e13;3m_b1500_g20_e16,3m_b1500_g20_e02;3m_b1500_g20_e03;3m_b1500_g20_e10,3m_b1500_g20_e04;3m_b1500_g20_e12
3,1500,20,RR:1.00,GG:3.50,7,6,4,3,2,0.4444444444444444,True,3m_b1500_g20_e01;3m_b1500_g20_e05;3m_b1500_g20_e13;3m_b1500_g20_e16,3m_b1500_g20_e02;3m_b1500_g20_e03;3m_b1500_g20_e10,3m_b1500_g20_e04;3m_b1500_g20_e12
3,1500,20,RR:1.25,GG:0.50,7,8,5,2,3,0.5,True,3m_b1500_g20_e02;3m_b1500_g20_e05;3m_b1500_g20_e12;3m_b1500_g20_e13;3m_b1500_g20_e16,3m_b1500_g20_e01;3m_b1500_g20_e10,3m_b1500_g20_e04;3m_b1500_g20_e09;3m_b1500_g20_e15
3,1500,20,RR:1.25,GG:0.75,7,8,5,2,3,0.5,True,3m_b1500_g20_e01;3m_b1500_g20_e05;3m_b1500_g20_e12;3m_b1500_g20_e13;3m_b1500_g20_e16,3m_b1500_g20_e02;3m_b1500_g20_e10,3m_b1500_g20_e04;3m_b1500_g20_e09;3m_b1500_g20_e14
3,1500,20,RR:1.25,GG:1.00,7,6,5,2,1,0.625,True,3m_b1500_g20_e01;3m_b1500_g20_e05;3m_b1500_g20_e12;3m_b1500_g20_e13;3m_b1500_g20_e16,3m_b1500_g20_e02;3m_b1500_g20_e10,3m_b1500_g20_e04
3,1500,20,RR:1.25,GG:1.25,7,5,4,3,1,0.5,True,3m_b1500_g20_e05;3m_b1500_g20_e12;3m_b1500_g20_e13;3m_b1500_g20_e16,3m_b1500_g20_e01;3m_b1500_g20_e02;3m_b1500_g20_e10,3m_b1500_g20_e04
3,1500,20,RR:1.25,GG:1.50,7,5,4,3,1,0.5,True,3m_b1500_g20_e05;3m_b1500_g20_e12;3m_b1500_g20_e13;3m_b1500_g20_e16,3m_b1500_g20_e01;3m_b1500_g20_e02;3m_b1500_g20_e10,3m_b1500_g20_e04
3,1500,20,RR:1.25,GG:1.75,7,7,5,2,2,0.5555555555555556,True,3m_b1500_g20_e01;3m_b1500_g20_e05;3m_b1500_g20_e12;3m_b1500_g20_e13;3m_b1500_g20_e16,3m_b1500_g20_e02;3m_b1500_g20_e10,3m_b1500_g20_e04;3m_b1500_g20_e09
3,1500,20,RR:1.25,GG:2.00,7,8,6,1,2,0.6666666666666666,True,3m_b1500_g20_e01;3m_b1500_g20_e02;3m_b1500_g20_e05;3m_b1500_g20_e12;3m_b1500_g20_e13;3m_b1500_g20_e16,3m_b1500_g20_e10,3m_b1500_g20_e04;3m_b1500_g20_e09
3,1500,20,RR:1.25,GG:2.25,7,8,6,1,2,0.6666666666666666,True,3m_b1500_g20_e01;3m_b1500_g20_e02;3m_b1500_g20_e05;3m_b1500_g20_e12;3m_b1500_g20_e13;3m_b1500_g20_e16,3m_b1500_g20_e10,3m_b1500_g20_e04;3m_b1500_g20_e09
3,1500,20,RR:1.25,GG:2.50,7,8,6,1,2,0.6666666666666666,True,3m_b1500_g20_e01;3m_b1500_g20_e02;3m_b1500_g20_e05;3m_b1500_g20_e12;3m_b1500_g20_e13;3m_b1500_g20_e16,3m_b1500_g20_e10,3m_b1500_g20_e04;3m_b1500_g20_e09
3,1500,20,RR:1.25,GG:2.75,7,8,6,1,2,0.6666666666666666,True,3m_b1500_g20_e01;3m_b1500_g20_e02;3m_b1500_g20_e05;3m_b1500_g20_e12;3m_b1500_g20_e13;3m_b1500_g20_e16,3m_b1500_g20_e10,3m_b1500_g20_e04;3m_b1500_g20_e09
3,1500,20,RR:1.25,GG:3.00,7,7,6,1,1,0.75,True,3m_b1500_g20_e01;3m_b1500_g20_e02;3m_b1500_g20_e05;3m_b1500_g20_e12;3m_b1500_g20_e13;3m_b1500_g20_e16,3m_b1500_g20_e10,3m_b1500_g20_e04
3,1500,20,RR:1.25,GG:3.25,7,6,5,2,1,0.625,True,3m_b1500_g20_e01;3m_b1500_g20_e05;3m_b1500_g20_e12;3m_b1500_g20_e13;3m_b1500_g20_e16,3m_b1500_g20_e02;3m_b1500_g20_e10,3m_b1500_g20_e04
3,1500,20,RR:1.25,GG:3.50,7,6,5,2,1,0.625,True,3m_b1500_g20_e01;3m_b1500_g20_e05;3m_b1500_g20_e12;3m_b1500_g20_e13;3m_b1500_g20_e16,3m_b1500_g20_e02;3m_b1500_g20_e10,3m_b1500_g20_e04
3,1500,20,RR:1.50,GG:0.50,6,8,4,2,4,0.4,True,3m_b1500_g20_e05;3m_b1500_g20_e12;3m_b1500_g20_e13;3m_b1500_g20_e16,3m_b1500_g20_e01;3m_b1500_g20_e10,3m_b1500_g20_e02;3m_b1500_g20_e04;3m_b1500_g20_e09;3m_b1500_g20_e15
3,1500,20,RR:1.50,GG:0.75,6,8,5,1,3,0.5555555555555556,True,3m_b1500_g20_e01;3m_b1500_g20_e05;3m_b1500_g20_e12;3m_b1500_g20_e13;3m_b1500_g20_e16,3m_b1500_g20_e10,3m_b1500_g20_e04;3m_b1500_g20_e09;3m_b1500_g20_e14
3,1500,20,RR:1.50,GG:1.00,6,6,5,1,1,0.7142857142857143,True,3m_b1500_g20_e01;3m_b1500_g20_e05;3m_b1500_g20_e12;3m_b1500_g20_e13;3m_b1500_g20_e16,3m_b1500_g20_e10,3m_b1500_g20_e04
3,1500,20,RR:1.50,GG:1.25,6,5,4,2,1,0.5714285714285714,True,3m_b1500_g20_e05;3m_b1500_g20_e12;3m_b1500_g20_e13;3m_b1500_g20_e16,3m_b1500_g20_e01;3m_b1500_g20_e10,3m_b1500_g20_e04
3,1500,20,RR:1.50,GG:1.50,6,5,4,2,1,0.5714285714285714,True,3m_b1500_g20_e05;3m_b1500_g20_e12;3m_b1500_g20_e13;3m_b1500_g20_e16,3m_b1500_g20_e01;3m_b1500_g20_e10,3m_b1500_g20_e04
3,1500,20,RR:1.50,GG:1.75,6,7,5,1,2,0.625,True,3m_b1500_g20_e01;3m_b1500_g20_e05;3m_b1500_g20_e12;3m_b1500_g20_e13;3m_b1500_g20_e16,3m_b1500_g20_e10,3m_b1500_g20_e04;3m_b1500_g20_e09
3,1500,20,RR:1.50,GG:2.00,6,8,5,1,3,0.5555555555555556,True,3m_b1500_g20_e01;3m_b1500_g20_e05;3m_b1500_g20_e12;3m_b1500_g20_e13;3m_b1500_g20_e16,3m_b1500_g20_e10,3m_b1500_g20_e02;3m_b1500_g20_e04;3m_b1500_g20_e09
3,1500,20,RR:1.50,GG:2.25,6,8,5,1,3,0.5555555555555556,True,3m_b1500_g20_e01;3m_b1500_g20_e05;3m_b1500_g20_e12;3m_b1500_g20_e13;3m_b1500_g20_e16,3m_b1500_g20_e10,3m_b1500_g20_e02;3m_b1500_g20_e04;3m_b1500_g20_e09
3,1500,20,RR:1.50,GG:2.50,6,8,5,1,3,0.5555555555555556,True,3m_b1500_g20_e01;3m_b1500_g20_e05;3m_b1500_g20_e12;3m_b1500_g20_e13;3m_b1500_g20_e16,3m_b1500_g20_e10,3m_b1500_g20_e02;3m_b1500_g20_e04;3m_b1500_g20_e09
3,1500,20,RR:1.50,GG:2.75,6,8,5,1,3,0.5555555555555556,True,3m_b1500_g20_e01;3m_b1500_g20_e05;3m_b1500_g20_e12;3m_b1500_g20_e13;3m_b1500_g20_e16,3m_b1500_g20_e10,3m_b1500_g20_e02;3m_b1500_g20_e04;3m_b1500_g20_e09
3,1500,20,RR:1.50,GG:3.00,6,7,5,1,2,0.625,True,3m_b1500_g20_e01;3m_b1500_g20_e05;3m_b1500_g20_e12;3m_b1500_g20_e13;3m_b1500_g20_e16,3m_b1500_g20_e10,3m_b1500_g20_e02;3m_b1500_g20_e04
3,1500,20,RR:1.50,GG:3.25,6,6,5,1,1,0.7142857142857143,True,3m_b1500_g20_e01;3m_b1500_g20_e05;3m_b1500_g20_e12;3m_b1500_g20_e13;3m_b1500_g20_e16,3m_b1500_g20_e10,3m_b1500_g20_e04
3,1500,20,RR:1.50,GG:3.50,6,6,5,1,1,0.7142857142857143,True,3m_b1500_g20_e01;3m_b1500_g20_e05;3m_b1500_g20_e12;3m_b1500_g20_e13;3m_b1500_g20_e16,3m_b1500_g20_e10,3m_b1500_g20_e04
3,1500,20,RR:1.75,GG:0.50,5,8,4,1,4,0.4444444444444444,True,3m_b1500_g20_e05;3m_b1500_g20_e12;3m_b1500_g20_e13;3m_b1500_g20_e16,3m_b1500_g20_e10,3m_b1500_g20_e02;3m_b1500_g20_e04;3m_b1500_g20_e09;3m_b1500_g20_e15
3,1500,20,RR:1.75,GG:0.75,5,8,4,1,4,0.4444444444444444,True,3m_b1500_g20_e05;3m_b1500_g20_e12;3m_b1500_g20_e13;3m_b1500_g20_e16,3m_b1500_g20_e10,3m_b1500_g20_e01;3m_b1500_g20_e04;3m_b1500_g20_e09;3m_b1500_g20_e14
3,1500,20,RR:1.75,GG:1.00,5,6,4,1,2,0.5714285714285714,True,3m_b1500_g20_e05;3m_b1500_g20_e12;3m_b1500_g20_e13;3m_b1500_g20_e16,3m_b1500_g20_e10,3m_b1500_g20_e01;3m_b1500_g20_e04
3,1500,20,RR:1.75,GG:1.25,5,5,4,1,1,0.6666666666666666,True,3m_b1500_g20_e05;3m_b1500_g20_e12;3m_b1500_g20_e13;3m_b1500_g20_e16,3m_b1500_g20_e10,3m_b1500_g20_e04
3,1500,20,RR:1.75,GG:1.50,5,5,4,1,1,0.6666666666666666,True,3m_b1500_g20_e05;3m_b1500_g20_e12;3m_b1500_g20_e13;3m_b1500_g20_e16,3m_b1500_g20_e10,3m_b1500_g20_e04
3,1500,20,RR:1.75,GG:1.75,5,7,4,1,3,0.5,True,3m_b1500_g20_e05;3m_b1500_g20_e12;3m_b1500_g20_e13;3m_b1500_g20_e16,3m_b1500_g20_e10,3m_b1500_g20_e01;3m_b1500_g20_e04;3m_b1500_g20_e09
3,1500,20,RR:1.75,GG:2.00,5,8,4,1,4,0.4444444444444444,True,3m_b1500_g20_e05;3m_b1500_g20_e12;3m_b1500_g20_e13;3m_b1500_g20_e16,3m_b1500_g20_e10,3m_b1500_g20_e01;3m_b1500_g20_e02;3m_b1500_g20_e04;3m_b1500_g20_e09
3,1500,20,RR:1.75,GG:2.25,5,8,4,1,4,0.4444444444444444,True,3m_b1500_g20_e05;3m_b1500_g20_e12;3m_b1500_g20_e13;3m_b1500_g20_e16,3m_b1500_g20_e10,3m_b1500_g20_e01;3m_b1500_g20_e02;3m_b1500_g20_e04;3m_b1500_g20_e09
3,1500,20,RR:1.75,GG:2.50,5,8,4,1,4,0.4444444444444444,True,3m_b1500_g20_e05;3m_b1500_g20_e12;3m_b1500_g20_e13;3m_b1500_g20_e16,3m_b1500_g20_e10,3m_b1500_g20_e01;3m_b1500_g20_e02;3m_b1500_g20_e04;3m_b1500_g20_e09
3,1500,20,RR:1.75,GG:2.75,5,8,4,1,4,0.4444444444444444,True,3m_b1500_g20_e05;3m_b1500_g20_e12;3m_b1500_g20_e13;3m_b1500_g20_e16,3m_b1500_g20_e10,3m_b1500_g20_e01;3m_b1500_g20_e02;3m_b1500_g20_e04;3m_b1500_g20_e09
3,1500,20,RR:1.75,GG:3.00,5,7,4,1,3,0.5,True,3m_b1500_g20_e05;3m_b1500_g20_e12;3m_b1500_g20_e13;3m_b1500_g20_e16,3m_b1500_g20_e10,3m_b1500_g20_e01;3m_b1500_g20_e02;3m_b1500_g20_e04
3,1500,20,RR:1.75,GG:3.25,5,6,4,1,2,0.5714285714285714,True,3m_b1500_g20_e05;3m_b1500_g20_e12;3m_b1500_g20_e13;3m_b1500_g20_e16,3m_b1500_g20_e10,3m_b1500_g20_e01;3m_b1500_g20_e04
3,1500,20,RR:1.75,GG:3.50,5,6,4,1,2,0.5714285714285714,True,3m_b1500_g20_e05;3m_b1500_g20_e12;3m_b1500_g20_e13;3m_b1500_g20_e16,3m_b1500_g20_e10,3m_b1500_g20_e01;3m_b1500_g20_e04
3,1500,20,RR:2.00,GG:0.50,6,8,4,2,4,0.4,True,3m_b1500_g20_e05;3m_b1500_g20_e12;3m_b1500_g20_e13;3m_b1500_g20_e16,3m_b1500_g20_e07;3m_b1500_g20_e10,3m_b1500_g20_e02;3m_b1500_g20_e04;3m_b1500_g20_e09;3m_b1500_g20_e15
3,1500,20,RR:2.00,GG:0.75,6,8,4,2,4,0.4,True,3m_b1500_g20_e05;3m_b1500_g20_e12;3m_b1500_g20_e13;3m_b1500_g20_e16,3m_b1500_g20_e07;3m_b1500_g20_e10,3m_b1500_g20_e01;3m_b1500_g20_e04;3m_b1500_g20_e09;3m_b1500_g20_e14
3,1500,20,RR:2.00,GG:1.00,6,6,4,2,2,0.5,True,3m_b1500_g20_e05;3m_b1500_g20_e12;3m_b1500_g20_e13;3m_b1500_g20_e16,3m_b1500_g20_e07;3m_b1500_g20_e10,3m_b1500_g20_e01;3m_b1500_g20_e04
3,1500,20,RR:2.00,GG:1.25,6,5,4,2,1,0.5714285714285714,True,3m_b1500_g20_e05;3m_b1500_g20_e12;3m_b1500_g20_e13;3m_b1500_g20_e16,3m_b1500_g20_e07;3m_b1500_g20_e10,3m_b1500_g20_e04
3,1500,20,RR:2.00,GG:1.50,6,5,4,2,1,0.5714285714285714,True,3m_b1500_g20_e05;3m_b1500_g20_e12;3m_b1500_g20_e13;3m_b1500_g20_e16,3m_b1500_g20_e07;3m_b1500_g20_e10,3m_b1500_g20_e04
3,1500,20,RR:2.00,GG:1.75,6,7,4,2,3,0.4444444444444444,True,3m_b1500_g20_e05;3m_b1500_g20_e12;3m_b1500_g20_e13;3m_b1500_g20_e16,3m_b1500_g20_e07;3m_b1500_g20_e10,3m_b1500_g20_e01;3m_b1500_g20_e04;3m_b1500_g20_e09
3,1500,20,RR:2.00,GG:2.00,6,8,4,2,4,0.4,True,3m_b1500_g20_e05;3m_b1500_g20_e12;3m_b1500_g20_e13;3m_b1500_g20_e16,3m_b1500_g20_e07;3m_b1500_g20_e10,3m_b1500_g20_e01;3m_b1500_g20_e02;3m_b1500_g20_e04;3m_b1500_g20_e09
3,1500,20,RR:2.00,GG:2.25,6,8,4,2,4,0.4,True,3m_b1500_g20_e05;3m_b1500_g20_e12;3m_b1500_g20_e13;3m_b1500_g20_e16,3m_b1500_g20_e07;3m_b1500_g20_e10,3m_b1500_g20_e01;3m_b1500_g20_e02;3m_b1500_g20_e04;3m_b1500_g20_e09
3,1500,20,RR:2.00,GG:2.50,6,8,4,2,4,0.4,True,3m_b1500_g20_e05;3m_b1500_g20_e12;3m_b1500_g20_e13;3m_b1500_g20_e16,3m_b1500_g20_e07;3m_b1500_g20_e10,3m_b1500_g20_e01;3m_b1500_g20_e02;3m_b1500_g20_e04;3m_b1500_g20_e09
3,1500,20,RR:2.00,GG:2.75,6,8,4,2,4,0.4,True,3m_b1500_g20_e05;3m_b1500_g20_e12;3m_b1500_g20_e13;3m_b1500_g20_e16,3m_b1500_g20_e07;3m_b1500_g20_e10,3m_b1500_g20_e01;3m_b1500_g20_e02;3m_b1500_g20_e04;3m_b1500_g20_e09
3,1500,20,RR:2.00,GG:3.00,6,7,4,2,3,0.4444444444444444,True,3m_b1500_g20_e05;3m_b1500_g20_e12;3m_b1500_g20_e13;3m_b1500_g20_e16,3m_b1500_g20_e07;3m_b1500_g20_e10,3m_b1500_g20_e01;3m_b1500_g20_e02;3m_b1500_g20_e04
3,1500,20,RR:2.00,GG:3.25,6,6,4,2,2,0.5,True,3m_b1500_g20_e05;3m_b1500_g20_e12;3m_b1500_g20_e13;3m_b1500_g20_e16,3m_b1500_g20_e07;3m_b1500_g20_e10,3m_b1500_g20_e01;3m_b1500_g20_e04
3,1500,20,RR:2.00,GG:3.50,6,6,4,2,2,0.5,True,3m_b1500_g20_e05;3m_b1500_g20_e12;3m_b1500_g20_e13;3m_b1500_g20_e16,3m_b1500_g20_e07;3m_b1500_g20_e10,3m_b1500_g20_e01;3m_b1500_g20_e04
3,1500,20,RR:2.25,GG:0.50,5,8,4,1,4,0.4444444444444444,True,3m_b1500_g20_e05;3m_b1500_g20_e12;3m_b1500_g20_e13;3m_b1500_g20_e16,3m_b1500_g20_e08,3m_b1500_g20_e02;3m_b1500_g20_e04;3m_b1500_g20_e09;3m_b1500_g20_e15
3,1500,20,RR:2.25,GG:0.75,5,8,4,1,4,0.4444444444444444,True,3m_b1500_g20_e05;3m_b1500_g20_e12;3m_b1500_g20_e13;3m_b1500_g20_e16,3m_b1500_g20_e08,3m_b1500_g20_e01;3m_b1500_g20_e04;3m_b1500_g20_e09;3m_b1500_g20_e14
3,1500,20,RR:2.25,GG:1.00,5,6,4,1,2,0.5714285714285714,True,3m_b1500_g20_e05;3m_b1500_g20_e12;3m_b1500_g20_e13;3m_b1500_g20_e16,3m_b1500_g20_e08,3m_b1500_g20_e01;3m_b1500_g20_e04
3,1500,20,RR:2.25,GG:1.25,5,5,4,1,1,0.6666666666666666,True,3m_b1500_g20_e05;3m_b1500_g20_e12;3m_b1500_g20_e13;3m_b1500_g20_e16,3m_b1500_g20_e08,3m_b1500_g20_e04
3,1500,20,RR:2.25,GG:1.50,5,5,4,1,1,0.6666666666666666,True,3m_b1500_g20_e05;3m_b1500_g20_e12;3m_b1500_g20_e13;3m_b1500_g20_e16,3m_b1500_g20_e08,3m_b1500_g20_e04
3,1500,20,RR:2.25,GG:1.75,5,7,4,1,3,0.5,True,3m_b1500_g20_e05;3m_b1500_g20_e12;3m_b1500_g20_e13;3m_b1500_g20_e16,3m_b1500_g20_e08,3m_b1500_g20_e01;3m_b1500_g20_e04;3m_b1500_g20_e09
3,1500,20,RR:2.25,GG:2.00,5,8,4,1,4,0.4444444444444444,True,3m_b1500_g20_e05;3m_b1500_g20_e12;3m_b1500_g20_e13;3m_b1500_g20_e16,3m_b1500_g20_e08,3m_b1500_g20_e01;3m_b1500_g20_e02;3m_b1500_g20_e04;3m_b1500_g20_e09
3,1500,20,RR:2.25,GG:2.25,5,8,4,1,4,0.4444444444444444,True,3m_b1500_g20_e05;3m_b1500_g20_e12;3m_b1500_g20_e13;3m_b1500_g20_e16,3m_b1500_g20_e08,3m_b1500_g20_e01;3m_b1500_g20_e02;3m_b1500_g20_e04;3m_b1500_g20_e09
3,1500,20,RR:2.25,GG:2.50,5,8,4,1,4,0.4444444444444444,True,3m_b1500_g20_e05;3m_b1500_g20_e12;3m_b1500_g20_e13;3m_b1500_g20_e16,3m_b1500_g20_e08,3m_b1500_g20_e01;3m_b1500_g20_e02;3m_b1500_g20_e04;3m_b1500_g20_e09
3,1500,20,RR:2.25,GG:2.75,5,8,4,1,4,0.4444444444444444,True,3m_b1500_g20_e05;3m_b1500_g20_e12;3m_b1500_g20_e13;3m_b1500_g20_e16,3m_b1500_g20_e08,3m_b1500_g20_e01;3m_b1500_g20_e02;3m_b1500_g20_e04;3m_b1500_g20_e09
3,1500,20,RR:2.25,GG:3.00,5,7,4,1,3,0.5,True,3m_b1500_g20_e05;3m_b1500_g20_e12;3m_b1500_g20_e13;3m_b1500_g20_e16,3m_b1500_g20_e08,3m_b1500_g20_e01;3m_b1500_g20_e02;3m_b1500_g20_e04
3,1500,20,RR:2.25,GG:3.25,5,6,4,1,2,0.5714285714285714,True,3m_b1500_g20_e05;3m_b1500_g20_e12;3m_b1500_g20_e13;3m_b1500_g20_e16,3m_b1500_g20_e08,3m_b1500_g20_e01;3m_b1500_g20_e04
3,1500,20,RR:2.25,GG:3.50,5,6,4,1,2,0.5714285714285714,True,3m_b1500_g20_e05;3m_b1500_g20_e12;3m_b1500_g20_e13;3m_b1500_g20_e16,3m_b1500_g20_e08,3m_b1500_g20_e01;3m_b1500_g20_e04
3,1500,20,RR:2.50,GG:0.50,6,8,5,1,3,0.5555555555555556,True,3m_b1500_g20_e04;3m_b1500_g20_e05;3m_b1500_g20_e12;3m_b1500_g20_e13;3m_b1500_g20_e16,3m_b1500_g20_e01,3m_b1500_g20_e02;3m_b1500_g20_e09;3m_b1500_g20_e15
3,1500,20,RR:2.50,GG:0.75,6,8,6,0,2,0.75,False,3m_b1500_g20_e01;3m_b1500_g20_e04;3m_b1500_g20_e05;3m_b1500_g20_e12;3m_b1500_g20_e13;3m_b1500_g20_e16,,3m_b1500_g20_e09;3m_b1500_g20_e14
3,1500,20,RR:2.50,GG:1.00,6,6,6,0,0,1.0,False,3m_b1500_g20_e01;3m_b1500_g20_e04;3m_b1500_g20_e05;3m_b1500_g20_e12;3m_b1500_g20_e13;3m_b1500_g20_e16,,
3,1500,20,RR:2.50,GG:1.25,6,5,5,1,0,0.8333333333333334,False,3m_b1500_g20_e04;3m_b1500_g20_e05;3m_b1500_g20_e12;3m_b1500_g20_e13;3m_b1500_g20_e16,3m_b1500_g20_e01,
3,1500,20,RR:2.50,GG:1.50,6,5,5,1,0,0.8333333333333334,False,3m_b1500_g20_e04;3m_b1500_g20_e05;3m_b1500_g20_e12;3m_b1500_g20_e13;3m_b1500_g20_e16,3m_b1500_g20_e01,
3,1500,20,RR:2.50,GG:1.75,6,7,6,0,1,0.8571428571428571,False,3m_b1500_g20_e01;3m_b1500_g20_e04;3m_b1500_g20_e05;3m_b1500_g20_e12;3m_b1500_g20_e13;3m_b1500_g20_e16,,3m_b1500_g20_e09
3,1500,20,RR:2.50,GG:2.00,6,8,6,0,2,0.75,False,3m_b1500_g20_e01;3m_b1500_g20_e04;3m_b1500_g20_e05;3m_b1500_g20_e12;3m_b1500_g20_e13;3m_b1500_g20_e16,,3m_b1500_g20_e02;3m_b1500_g20_e09
3,1500,20,RR:2.50,GG:2.25,6,8,6,0,2,0.75,False,3m_b1500_g20_e01;3m_b1500_g20_e04;3m_b1500_g20_e05;3m_b1500_g20_e12;3m_b1500_g20_e13;3m_b1500_g20_e16,,3m_b1500_g20_e02;3m_b1500_g20_e09
3,1500,20,RR:2.50,GG:2.50,6,8,6,0,2,0.75,False,3m_b1500_g20_e01;3m_b1500_g20_e04;3m_b1500_g20_e05;3m_b1500_g20_e12;3m_b1500_g20_e13;3m_b1500_g20_e16,,3m_b1500_g20_e02;3m_b1500_g20_e09
3,1500,20,RR:2.50,GG:2.75,6,8,6,0,2,0.75,False,3m_b1500_g20_e01;3m_b1500_g20_e04;3m_b1500_g20_e05;3m_b1500_g20_e12;3m_b1500_g20_e13;3m_b1500_g20_e16,,3m_b1500_g20_e02;3m_b1500_g20_e09
3,1500,20,RR:2.50,GG:3.00,6,7,6,0,1,0.8571428571428571,False,3m_b1500_g20_e01;3m_b1500_g20_e04;3m_b1500_g20_e05;3m_b1500_g20_e12;3m_b1500_g20_e13;3m_b1500_g20_e16,,3m_b1500_g20_e02
3,1500,20,RR:2.50,GG:3.25,6,6,6,0,0,1.0,False,3m_b1500_g20_e01;3m_b1500_g20_e04;3m_b1500_g20_e05;3m_b1500_g20_e12;3m_b1500_g20_e13;3m_b1500_g20_e16,,
3,1500,20,RR:2.50,GG:3.50,6,6,6,0,0,1.0,False,3m_b1500_g20_e01;3m_b1500_g20_e04;3m_b1500_g20_e05;3m_b1500_g20_e12;3m_b1500_g20_e13;3m_b1500_g20_e16,,
3,1500,20,RR:2.75,GG:0.50,8,8,5,3,3,0.45454545454545453,True,3m_b1500_g20_e04;3m_b1500_g20_e05;3m_b1500_g20_e12;3m_b1500_g20_e13;3m_b1500_g20_e16,3m_b1500_g20_e01;3m_b1500_g20_e10;3m_b1500_g20_e11,3m_b1500_g20_e02;3m_b1500_g20_e09;3m_b1500_g20_e15
3,1500,20,RR:2.75,GG:0.75,8,8,6,2,2,0.6,True,3m_b1500_g20_e01;3m_b1500_g20_e04;3m_b1500_g20_e05;3m_b1500_g20_e12;3m_b1500_g20_e13;3m_b1500_g20_e16,3m_b1500_g20_e10;3m_b1500_g20_e11,3m_b1500_g20_e09;3m_b1500_g20_e14
3,1500,20,RR:2.75,GG:1.00,8,6,6,2,0,0.75,False,3m_b1500_g20_e01;3m_b1500_g20_e04;3m_b1500_g20_e05;3m_b1500_g20_e12;3m_b1500_g20_e13;3m_b1500_g20_e16,3m_b1500_g20_e10;3m_b1500_g20_e11,
3,1500,20,RR:2.75,GG:1.25,8,5,5,3,0,0.625,False,3m_b1500_g20_e04;3m_b1500_g20_e05;3m_b1500_g20_e12;3m_b1500_g20_e13;3m_b1500_g20_e16,3m_b1500_g20_e01;3m_b1500_g20_e10;3m_b1500_g20_e11,
3,1500,20,RR:2.75,GG:1.50,8,5,5,3,0,0.625,False,3m_b1500_g20_e04;3m_b1500_g20_e05;3m_b1500_g20_e12;3m_b1500_g20_e13;3m_b1500_g20_e16,3m_b1500_g20_e01;3m_b1500_g20_e10;3m_b1500_g20_e11,
3,1500,20,RR:2.75,GG:1.75,8,7,6,2,1,0.6666666666666666,True,3m_b1500_g20_e01;3m_b1500_g20_e04;3m_b1500_g20_e05;3m_b1500_g20_e12;3m_b1500_g20_e13;3m_b1500_g20_e16,3m_b1500_g20_e10;3m_b1500_g20_e11,3m_b1500_g20_e09
3,1500,20,RR:2.75,GG:2.00,8,8,6,2,2,0.6,True,3m_b1500_g20_e01;3m_b1500_g20_e04;3m_b1500_g20_e05;3m_b1500_g20_e12;3m_b1500_g20_e13;3m_b1500_g20_e16,3m_b1500_g20_e10;3m_b1500_g20_e11,3m_b1500_g20_e02;3m_b1500_g20_e09
3,1500,20,RR:2.75,GG:2.25,8,8,6,2,2,0.6,True,3m_b1500_g20_e01;3m_b1500_g20_e04;3m_b1500_g20_e05;3m_b1500_g20_e12;3m_b1500_g20_e13;3m_b1500_g20_e16,3m_b1500_g20_e10;3m_b1500_g20_e11,3m_b1500_g20_e02;3m_b1500_g20_e09
3,1500,20,RR:2.75,GG:2.50,8,8,6,2,2,0.6,True,3m_b1500_g20_e01;3m_b1500_g20_e04;3m_b1500_g20_e05;3m_b1500_g20_e12;3m_b1500_g20_e13;3m_b1500_g20_e16,3m_b1500_g20_e10;3m_b1500_g20_e11,3m_b1500_g20_e02;3m_b1500_g20_e09
3,1500,20,RR:2.75,GG:2.75,8,8,6,2,2,0.6,True,3m_b1500_g20_e01;3m_b1500_g20_e04;3m_b1500_g20_e05;3m_b1500_g20_e12;3m_b1500_g20_e13;3m_b1500_g20_e16,3m_b1500_g20_e10;3m_b1500_g20_e11,3m_b1500_g20_e02;3m_b1500_g20_e09
3,1500,20,RR:2.75,GG:3.00,8,7,6,2,1,0.6666666666666666,True,3m_b1500_g20_e01;3m_b1500_g20_e04;3m_b1500_g20_e05;3m_b1500_g20_e12;3m_b1500_g20_e13;3m_b1500_g20_e16,3m_b1500_g20_e10;3m_b1500_g20_e11,3m_b1500_g20_e02
3,1500,20,RR:2.75,GG:3.25,8,6,6,2,0,0.75,False,3m_b1500_g20_e01;3m_b1500_g20_e04;3m_b1500_g20_e05;3m_b1500_g20_e12;3m_b1500_g20_e13;3m_b1500_g20_e16,3m_b1500_g20_e10;3m_b1500_g20_e11,
3,1500,20,RR:2.75,GG:3.50,8,6,6,2,0,0.75,False,3m_b1500_g20_e01;3m_b1500_g20_e04;3m_b1500_g20_e05;3m_b1500_g20_e12;3m_b1500_g20_e13;3m_b1500_g20_e16,3m_b1500_g20_e10;3m_b1500_g20_e11,
3,1500,20,RR:3.00,GG:0.50,7,8,4,3,4,0.36363636363636365,True,3m_b1500_g20_e05;3m_b1500_g20_e12;3m_b1500_g20_e13;3m_b1500_g20_e16,3m_b1500_g20_e01;3m_b1500_g20_e10;3m_b1500_g20_e11,3m_b1500_g20_e02;3m_b1500_g20_e04;3m_b1500_g20_e09;3m_b1500_g20_e15
3,1500,20,RR:3.00,GG:0.75,7,8,5,2,3,0.5,True,3m_b1500_g20_e01;3m_b1500_g20_e05;3m_b1500_g20_e12;3m_b1500_g20_e13;3m_b1500_g20_e16,3m_b1500_g20_e10;3m_b1500_g20_e11,3m_b1500_g20_e04;3m_b1500_g20_e09;3m_b1500_g20_e14
3,1500,20,RR:3.00,GG:1.00,7,6,5,2,1,0.625,True,3m_b1500_g20_e01;3m_b1500_g20_e05;3m_b1500_g20_e12;3m_b1500_g20_e13;3m_b1500_g20_e16,3m_b1500_g20_e10;3m_b1500_g20_e11,3m_b1500_g20_e04
3,1500,20,RR:3.00,GG:1.25,7,5,4,3,1,0.5,True,3m_b1500_g20_e05;3m_b1500_g20_e12;3m_b1500_g20_e13;3m_b1500_g20_e16,3m_b1500_g20_e01;3m_b1500_g20_e10;3m_b1500_g20_e11,3m_b1500_g20_e04
3,1500,20,RR:3.00,GG:1.50,7,5,4,3,1,0.5,True,3m_b1500_g20_e05;3m_b1500_g20_e12;3m_b1500_g20_e13;3m_b1500_g20_e16,3m_b1500_g20_e01;3m_b1500_g20_e10;3m_b1500_g20_e11,3m_b1500_g20_e04
3,1500,20,RR:3.00,GG:1.75,7,7,5,2,2,0.5555555555555556,True,3m_b1500_g20_e01;3m_b1500_g20_e05;3m_b1500_g20_e12;3m_b1500_g20_e13;3m_b1500_g20_e16,3m_b1500_g20_e10;3m_b1500_g20_e11,3m_b1500_g20_e04;3m_b1500_g20_e09
3,1500,20,RR:3.00,GG:2.00,7,8,5,2,3,0.5,True,3m_b1500_g20_e01;3m_b1500_g20_e05;3m_b1500_g20_e12;3m_b1500_g20_e13;3m_b1500_g20_e16,3m_b1500_g20_e10;3m_b1500_g20_e11,3m_b1500_g20_e02;3m_b1500_g20_e04;3m_b1500_g20_e09
3,1500,20,RR:3.00,GG:2.25,7,8,5,2,3,0.5,True,3m_b1500_g20_e01;3m_b1500_g20_e05;3m_b1500_g20_e12;3m_b1500_g20_e13;3m_b1500_g20_e16,3m_b1500_g20_e10;3m_b1500_g20_e11,3m_b1500_g20_e02;3m_b1500_g20_e04;3m_b1500_g20_e09
3,1500,20,RR:3.00,GG:2.50,7,8,5,2,3,0.5,True,3m_b1500_g20_e01;3m_b1500_g20_e05;3m_b1500_g20_e12;3m_b1500_g20_e13;3m_b1500_g20_e16,3m_b1500_g20_e10;3m_b1500_g20_e11,3m_b1500_g20_e02;3m_b1500_g20_e04;3m_b1500_g20_e09
3,1500,20,RR:3.00,GG:2.75,7,8,5,2,3,0.5,True,3m_b1500_g20_e01;3m_b1500_g20_e05;3m_b1500_g20_e12;3m_b1500_g20_e13;3m_b1500_g20_e16,3m_b1500_g20_e10;3m_b1500_g20_e11,3m_b1500_g20_e02;3m_b1500_g20_e04;3m_b1500_g20_e09
3,1500,20,RR:3.00,GG:3.00,7,7,5,2,2,0.5555555555555556,True,3m_b1500_g20_e01;3m_b1500_g20_e05;3m_b1500_g20_e12;3m_b1500_g20_e13;3m_b1500_g20_e16,3m_b1500_g20_e10;3m_b1500_g20_e11,3m_b1500_g20_e02;3m_b1500_g20_e04
3,1500,20,RR:3.00,GG:3.25,7,6,5,2,1,0.625,True,3m_b1500_g20_e01;3m_b1500_g20_e05;3m_b1500_g20_e12;3m_b1500_g20_e13;3m_b1500_g20_e16,3m_b1500_g20_e10;3m_b1500_g20_e11,3m_b1500_g20_e04
3,1500,20,RR:3.00,GG:3.50,7,6,5,2,1,0.625,True,3m_b1500_g20_e01;3m_b1500_g20_e05;3m_b1500_g20_e12;3m_b1500_g20_e13;3m_b1500_g20_e16,3m_b1500_g20_e10;3m_b1500_g20_e11,3m_b1500_g20_e04
3,1500,20,RR:3.25,GG:0.50,7,8,5,2,3,0.5,True,3m_b1500_g20_e04;3m_b1500_g20_e05;3m_b1500_g20_e12;3m_b1500_g20_e13;3m_b1500_g20_e16,3m_b1500_g20_e01;3m_b1500_g20_e10,3m_b1500_g20_e02;3m_b1500_g20_e09;3m_b1500_g20_e15
3,1500,20,RR:3.25,GG:0.75,7,8,6,1,2,0.6666666666666666,True,3m_b1500_g20_e01;3m_b1500_g20_e04;3m_b1500_g20_e05;3m_b1500_g20_e12;3m_b1500_g20_e13;3m_b1500_g20_e16,3m_b1500_g20_e10,3m_b1500_g20_e09;3m_b1500_g20_e14
3,1500,20,RR:3.25,GG:1.00,7,6,6,1,0,0.8571428571428571,False,3m_b1500_g20_e01;3m_b1500_g20_e04;3m_b1500_g20_e05;3m_b1500_g20_e12;3m_b1500_g20_e13;3m_b1500_g20_e16,3m_b1500_g20_e10,
3,1500,20,RR:3.25,GG:1.25,7,5,5,2,0,0.7142857142857143,False,3m_b1500_g20_e04;3m_b1500_g20_e05;3m_b1500_g20_e12;3m_b1500_g20_e13;3m_b1500_g20_e16,3m_b1500_g20_e01;3m_b1500_g20_e10,
3,1500,20,RR:3.25,GG:1.50,7,5,5,2,0,0.7142857142857143,False,3m_b1500_g20_e04;3m_b1500_g20_e05;3m_b1500_g20_e12;3m_b1500_g20_e13;3m_b1500_g20_e16,3m_b1500_g20_e01;3m_b1500_g20_e10,
3,1500,20,RR:3.25,GG:1.75,7,7,6,1,1,0.75,True,3m_b1500_g20_e01;3m_b1500_g20_e04;3m_b1500_g20_e05;3m_b1500_g20_e12;3m_b1500_g20_e13;3m_b1500_g20_e16,3m_b1500_g20_e10,3m_b1500_g20_e09
3,1500,20,RR:3.25,GG:2.00,7,8,6,1,2,0.6666666666666666,True,3m_b1500_g20_e01;3m_b1500_g20_e04;3m_b1500_g20_e05;3m_b1500_g20_e12;3m_b1500_g20_e13;3m_b1500_g20_e16,3m_b1500_g20_e10,3m_b1500_g20_e02;3m_b1500_g20_e09
3,1500,20,RR:3.25,GG:2.25,7,8,6,1,2,0.6666666666666666,True,3m_b1500_g20_e01;3m_b1500_g20_e04;3m_b1500_g20_e05;3m_b1500_g20_e12;3m_b1500_g20_e13;3m_b1500_g20_e16,3m_b1500_g20_e10,3m_b1500_g20_e02;3m_b1500_g20_e09
3,1500,20,RR:3.25,GG:2.50,7,8,6,1,2,0.6666666666666666,True,3m_b1500_g20_e01;3m_b1500_g20_e04;3m_b1500_g20_e05;3m_b1500_g20_e12;3m_b1500_g20_e13;3m_b1500_g20_e16,3m_b1500_g20_e10,3m_b1500_g20_e02;3m_b1500_g20_e09
3,1500,20,RR:3.25,GG:2.75,7,8,6,1,2,0.6666666666666666,True,3m_b1500_g20_e01;3m_b1500_g20_e04;3m_b1500_g20_e05;3m_b1500_g20_e12;3m_b1500_g20_e13;3m_b1500_g20_e16,3m_b1500_g20_e10,3m_b1500_g20_e02;3m_b1500_g20_e09
3,1500,20,RR:3.25,GG:3.00,7,7,6,1,1,0.75,True,3m_b1500_g20_e01;3m_b1500_g20_e04;3m_b1500_g20_e05;3m_b1500_g20_e12;3m_b1500_g20_e13;3m_b1500_g20_e16,3m_b1500_g20_e10,3m_b1500_g20_e02
3,1500,20,RR:3.25,GG:3.25,7,6,6,1,0,0.8571428571428571,False,3m_b1500_g20_e01;3m_b1500_g20_e04;3m_b1500_g20_e05;3m_b1500_g20_e12;3m_b1500_g20_e13;3m_b1500_g20_e16,3m_b1500_g20_e10,
3,1500,20,RR:3.25,GG:3.50,7,6,6,1,0,0.8571428571428571,False,3m_b1500_g20_e01;3m_b1500_g20_e04;3m_b1500_g20_e05;3m_b1500_g20_e12;3m_b1500_g20_e13;3m_b1500_g20_e16,3m_b1500_g20_e10,
3,1500,20,RR:3.50,GG:0.50,7,8,5,2,3,0.5,True,3m_b1500_g20_e04;3m_b1500_g20_e05;3m_b1500_g20_e12;3m_b1500_g20_e13;3m_b1500_g20_e16,3m_b1500_g20_e01;3m_b1500_g20_e10,3m_b1500_g20_e02;3m_b1500_g20_e09;3m_b1500_g20_e15
3,1500,20,RR:3.50,GG:0.75,7,8,6,1,2,0.6666666666666666,True,3m_b1500_g20_e01;3m_b1500_g20_e04;3m_b1500_g20_e05;3m_b1500_g20_e12;3m_b1500_g20_e13;3m_b1500_g20_e16,3m_b1500_g20_e10,3m_b1500_g20_e09;3m_b1500_g20_e14
3,1500,20,RR:3.50,GG:1.00,7,6,6,1,0,0.8571428571428571,False,3m_b1500_g20_e01;3m_b1500_g20_e04;3m_b1500_g20_e05;3m_b1500_g20_e12;3m_b1500_g20_e13;3m_b1500_g20_e16,3m_b1500_g20_e10,
3,1500,20,RR:3.50,GG:1.25,7,5,5,2,0,0.7142857142857143,False,3m_b1500_g20_e04;3m_b1500_g20_e05;3m_b1500_g20_e12;3m_b1500_g20_e13;3m_b1500_g20_e16,3m_b1500_g20_e01;3m_b1500_g20_e10,
3,1500,20,RR:3.50,GG:1.50,7,5,5,2,0,0.7142857142857143,False,3m_b1500_g20_e04;3m_b1500_g20_e05;3m_b1500_g20_e12;3m_b1500_g20_e13;3m_b1500_g20_e16,3m_b1500_g20_e01;3m_b1500_g20_e10,
3,1500,20,RR:3.50,GG:1.75,7,7,6,1,1,0.75,True,3m_b1500_g20_e01;3m_b1500_g20_e04;3m_b1500_g20_e05;3m_b1500_g20_e12;3m_b1500_g20_e13;3m_b1500_g20_e16,3m_b1500_g20_e10,3m_b1500_g20_e09
3,1500,20,RR:3.50,GG:2.00,7,8,6,1,2,0.6666666666666666,True,3m_b1500_g20_e01;3m_b1500_g20_e04;3m_b1500_g20_e05;3m_b1500_g20_e12;3m_b1500_g20_e13;3m_b1500_g20_e16,3m_b1500_g20_e10,3m_b1500_g20_e02;3m_b1500_g20_e09
3,1500,20,RR:3.50,GG:2.25,7,8,6,1,2,0.6666666666666666,True,3m_b1500_g20_e01;3m_b1500_g20_e04;3m_b1500_g20_e05;3m_b1500_g20_e12;3m_b1500_g20_e13;3m_b1500_g20_e16,3m_b1500_g20_e10,3m_b1500_g20_e02;3m_b1500_g20_e09
3,1500,20,RR:3.50,GG:2.50,7,8,6,1,2,0.6666666666666666,True,3m_b1500_g20_e01;3m_b1500_g20_e04;3m_b1500_g20_e05;3m_b1500_g20_e12;3m_b1500_g20_e13;3m_b1500_g20_e16,3m_b1500_g20_e10,3m_b1500_g20_e02;3m_b1500_g20_e09
3,1500,20,RR:3.50,GG:2.75,7,8,6,1,2,0.6666666666666666,True,3m_b1500_g20_e01;3m_b1500_g20_e04;3m_b1500_g20_e05;3m_b1500_g20_e12;3m_b1500_g20_e13;3m_b1500_g20_e16,3m_b1500_g20_e10,3m_b1500_g20_e02;3m_b1500_g20_e09
3,1500,20,RR:3.50,GG:3.00,7,7,6,1,1,0.75,True,3m_b1500_g20_e01;3m_b1500_g20_e04;3m_b1500_g20_e05;3m_b1500_g20_e12;3m_b1500_g20_e13;3m_b1500_g20_e16,3m_b1500_g20_e10,3m_b1500_g20_e02
3,1500,20,RR:3.50,GG:3.25,7,6,6,1,0,0.8571428571428571,False,3m_b1500_g20_e01;3m_b1500_g20_e04;3m_b1500_g20_e05;3m_b1500_g20_e12;3m_b1500_g20_e13;3m_b1500_g20_e16,3m_b1500_g20_e10,
3,1500,20,RR:3.50,GG:3.50,7,6,6,1,0,0.8571428571428571,False,3m_b1500_g20_e01;3m_b1500_g20_e04;3m_b1500_g20_e05;3m_b1500_g20_e12;3m_b1500_g20_e13;3m_b1500_g20_e16,3m_b1500_g20_e10,
3,1500,20,RR:0.50,RR:2.50,5,6,2,3,4,0.2222222222222222,True,3m_b1500_g20_e12;3m_b1500_g20_e13,3m_b1500_g20_e03;3m_b1500_g20_e06;3m_b1500_g20_e10,3m_b1500_g20_e01;3m_b1500_g20_e04;3m_b1500_g20_e05;3m_b1500_g20_e16
3,1500,40,RR:0.50,GG:0.50,5,8,3,2,5,0.3,True,3m_b1500_g40_e05;3m_b1500_g40_e10;3m_b1500_g40_e11,3m_b1500_g40_e03;3m_b1500_g40_e08,3m_b1500_g40_e02;3m_b1500_g40_e04;3m_b1500_g40_e07;3m_b1500_g40_e13;3m_b1500_g40_e14
3,1500,40,RR:0.50,GG:0.75,5,8,3,2,5,0.3,True,3m_b1500_g40_e05;3m_b1500_g40_e10;3m_b1500_g40_e11,3m_b1500_g40_e03;3m_b1500_g40_e08,3m_b1500_g40_e01;3m_b1500_g40_e04;3m_b1500_g40_e07;3m_b1500_g40_e12;3m_b1500_g40_e14
3,1500,40,RR:0.50,GG:1.00,5,6,3,2,3,0.375,True,3m_b1500_g40_e05;3m_b1500_g40_e10;3m_b1500_g40_e11,3m_b1500_g40_e03;3m_b1500_g40_e08,3m_b1500_g40_e01;3m_b1500_g40_e04;3m_b1500_g40_e14
3,1500,40,RR:0.50,GG:1.25,5,5,3,2,2,0.42857142857142855,True,3m_b1500_g40_e05;3m_b1500_g40_e10;3m_b1500_g40_e11,3m_b1500_g40_e03;3m_b1500_g40_e08,3m_b1500_g40_e04;3m_b1500_g40_e14
3,1500,40,RR:0.50,GG:1.50,5,5,3,2,2,0.42857142857142855,True,3m_b1500_g40_e05;3m_b1500_g40_e10;3m_b1500_g40_e11,3m_b1500_g40_e03;3m_b1500_g40_e08,3m_b1500_g40_e04;3m_b1500_g40_e14
3,1500,40,RR:0.50,GG:1.75,5,7,3,2,4,0.3333333333333333,True,3m_b1500_g40_e05;3m_b1500_g40_e10;3m_b1500_g40_e11,3m_b1500_g40_e03;3m_b1500_g40_e08,3m_b1500_g40_e01;3m_b1500_g40_e04;3m_b1500_g40_e07;3m_b1500_g40_e14
3,1500,40,RR:0.50,GG:2.00,5,8,3,2,5,0.3,True,3m_b1500_g40_e05;3m_b1500_g40_e10;3m_b1500_g40_e11,3m_b1500_g40_e03;3m_b1500_g40_e08,3m_b1500_g40_e01;3m_b1500_g40_e02;3m_b1500_g40_e04;3m_b1500_g40_e07;3m_b1500_g40_e14
3,1500,40,RR:0.50,GG:2.25,5,8,3,2,5,0.3,True,3m_b1500_g40_e05;3m_b1500_g40_e10;3m_b1500_g40_e11,3m_b1500_g40_e03;3m_b1500_g40_e08,3m_b1500_g40_e01;3m_b1500_g40_e02;3m_b1500_g40_e04;3m_b1500_g40_e07;3m_b1500_g40_e14
3,1500,40,RR:0.50,GG:2.50,5,8,3,2,5,0.3,True,3m_b1500_g40_e05;3m_b1500_g40_e10;3m_b1500_g40_e11,3m_b1500_g40_e03;3m_b1500_g40_e08,3m_b1500_g40_e01;3m_b1500_g40_e02;3m_b1500_g40_e04;3m_b1500_g40_e07;3m_b1500_g40_e14
3,1500,40,RR:0.50,GG:2.75,5,8,3,2,5,0.3,True,3m_b1500_g40_e05;3m_b1500_g40_e10;3m_b1500_g40_e11,3m_b1500_g40_e03;3m_b1500_g40_e08,3m_b1500_g40_e01;3m_b1500_g40_e02;3m_b1500_g40_e04;3m_b1500_g40_e07;3m_b1500_g40_e14
3,1500,40,RR:0.50,GG:3.00,5,7,3,2,4,0.3333333333333333,True,3m_b1500_g40_e05;3m_b1500_g40_e10;3m_b1500_g40_e11,3m_b1500_g40_e03;3m_b1500_g40_e08,3m_b1500_g40_e01;3m_b1500_g40_e02;3m_b1500_g40_e04;3m_b1500_g40_e14
3,1500,40,RR:0.50,GG:3.25,5,6,3,2,3,0.375,True,3m_b1500_g40_e05;3m_b1500_g40_e10;3m_b1500_g40_e11,3m_b1500_g40_e03;3m_b1500_g40_e08,3m_b1500_g40_e01;3m_b1500_g40_e04;3m_b1500_g40_e14
3,1500,40,RR:0.50,GG:3.50,5,6,3,2,3,0.375,True,3m_b1500_g40_e05;3m_b1500_g40_e10;3m_b1500_g40_e11,3m_b1500_g40_e03;3m_b1500_g40_e08,3m_b1500_g40_e01;3m_b1500_g40_e04;3m_b1500_g40_e14
3,1500,40,RR:0.75,GG:0.50,6,8,5,1,3,0.5555555555555556,True,3m_b1500_g40_e02;3m_b1500_g40_e05;3m_b1500_g40_e10;3m_b1500_g40_e11;3m_b1500_g40_e14,3m_b1500_g40_e03,3m_b1500_g40_e04;3m_b1500_g40_e07;3m_b1500_g40_e13
3,1500,40,RR:0.75,GG:0.75,6,8,4,2,4,0.4,True,3m_b1500_g40_e05;3m_b1500_g40_e10;3m_b1500_g40_e11;3m_b1500_g40_e14,3m_b1500_g40_e02;3m_b1500_g40_e03,3m_b1500_g40_e01;3m_b1500_g40_e04;3m_b1500_g40_e07;3m_b1500_g40_e12
3,1500,40,RR:0.75,GG:1.00,6,6,4,2,2,0.5,True,3m_b1500_g40_e05;3m_b1500_g40_e10;3m_b1500_g40_e11;3m_b1500_g40_e14,3m_b1500_g40_e02;3m_b1500_g40_e03,3m_b1500_g40_e01;3m_b1500_g40_e04
3,1500,40,RR:0.75,GG:1.25,6,5,4,2,1,0.5714285714285714,True,3m_b1500_g40_e05;3m_b1500_g40_e10;3m_b1500_g40_e11;3m_b1500_g40_e14,3m_b1500_g40_e02;3m_b1500_g40_e03,3m_b1500_g40_e04
3,1500,40,RR:0.75,GG:1.50,6,5,4,2,1,0.5714285714285714,True,3m_b1500_g40_e05;3m_b1500_g40_e10;3m_b1500_g40_e11;3m_b1500_g40_e14,3m_b1500_g40_e02;3m_b1500_g40_e03,3m_b1500_g40_e04
3,1500,40,RR:0.75,GG:1.75,6,7,4,2,3,0.4444444444444444,True,3m_b1500_g40_e05;3m_b1500_g40_e10;3m_b1500_g40_e11;3m_b1500_g40_e14,3m_b1500_g40_e02;3m_b1500_g40_e03,3m_b1500_g40_e01;3m_b1500_g40_e04;3m_b1500_g40_e07
3,1500,40,RR:0.75,GG:2.00,6,8,5,1,3,0.5555555555555556,True,3m_b1500_g40_e02;3m_b1500_g40_e05;3m_b1500_g40_e10;3m_b1500_g40_e11;3m_b1500_g40_e14,3m_b1500_g40_e03,3m_b1500_g40_e01;3m_b1500_g40_e04;3m_b1500_g40_e07
3,1500,40,RR:0.75,GG:2.25,6,8,5,1,3,0.5555555555555556,True,3m_b1500_g40_e02;3m_b1500_g40_e05;3m_b1500_g40_e10;3m_b1500_g40_e11;3m_b1500_g40_e14,3m_b1500_g40_e03,3m_b1500_g40_e01;3m_b1500_g40_e04;3m_b1500_g40_e07
3,1500,40,RR:0.75,GG:2.50,6,8,5,1,3,0.5555555555555556,True,3m_b1500_g40_e02;3m_b1500_g40_e05;3m_b1500_g40_e10;3m_b1500_g40_e11;3m_b1500_g40_e14,3m_b1500_g40_e03,3m_b1500_g40_e01;3m_b1500_g40_e04;3m_b1500_g40_e07
3,1500,40,RR:0.75,GG:2.75,6,8,5,1,3,0.5555555555555556,True,3m_b1500_g40_e02;3m_b1500_g40_e05;3m_b1500_g40_e10;3m_b1500_g40_e11;3m_b1500_g40_e14,3m_b1500_g40_e03,3m_b1500_g40_e01;3m_b1500_g40_e04;3m_b1500_g40_e07
3,1500,40,RR:0.75,GG:3.00,6,7,5,1,2,0.625,True,3m_b1500_g40_e02;3m_b1500_g40_e05;3m_b1500_g40_e10;3m_b1500_g40_e11;3m_b1500_g40_e14,3m_b1500_g40_e03,3m_b1500_g40_e01;3m_b1500_g40_e04
3,1500,40,RR:0.75,GG:3.25,6,6,4,2,2,0.5,True,3m_b1500_g40_e05;3m_b1500_g40_e10;3m_b1500_g40_e11;3m_b1500_g40_e14,3m_b1500_g40_e02;3m_b1500_g40_e03,3m_b1500_g40_e01;3m_b1500_g40_e04
3,1500,40,RR:0.75,GG:3.50,6,6,4,2,2,0.5,True,3m_b1500_g40_e05;3m_b1500_g40_e10;3m_b1500_g40_e11;3m_b1500_g40_e14,3m_b1500_g40_e02;3m_b1500_g40_e03,3m_b1500_g40_e01;3m_b1500_g40_e04
3,1500,40,RR:1.00,GG:0.50,7,8,4,3,4,0.36363636363636365,True,3m_b1500_g40_e02;3m_b1500_g40_e05;3m_b1500_g40_e11;3m_b1500_g40_e14,3m_b1500_g40_e01;3m_b1500_g40_e03;3m_b1500_g40_e08,3m_b1500_g40_e04;3m_b1500_g40_e07;3m_b1500_g40_e10;3m_b1500_g40_e13
3,1500,40,RR:1.00,GG:0.75,7,8,4,3,4,0.36363636363636365,True,3m_b1500_g40_e01;3m_b1500_g40_e05;3m_b1500_g40_e11;3m_b1500_g40_e14,3m_b1500_g40_e02;3m_b1500_g40_e03;3m_b1500_g40_e08,3m_b1500_g40_e04;3m_b1500_g40_e07;3m_b1500_g40_e10;3m_b1500_g40_e12
3,1500,40,RR:1.00,GG:1.00,7,6,4,3,2,0.4444444444444444,True,3m_b1500_g40_e01;3m_b1500_g40_e05;3m_b1500_g40_e11;3m_b1500_g40_e14,3m_b1500_g40_e02;3m_b1500_g40_e03;3m_b1500_g40_e08,3m_b1500_g40_e04;3m_b1500_g40_e10
3,1500,40,RR:1.00,GG:1.25,7,5,3,4,2,0.3333333333333333,True,3m_b1500_g40_e05;3m_b1500_g40_e11;3m_b1500_g40_e14,3m_b1500_g40_e01;3m_b1500_g40_e02;3m_b1500_g40_e03;3m_b1500_g40_e08,3m_b1500_g40_e04;3m_b1500_g40_e10
3,1500,40,RR:1.00,GG:1.50,7,5,3,4,2,0.3333333333333333,True,3m_b1500_g40_e05;3m_b1500_g40_e11;3m_b1500_g40_e14,3m_b1500_g40_e01;3m_b1500_g40_e02;3m_b1500_g40_e03;3m_b1500_g40_e08,3m_b1500_g40_e04;3m_b1500_g40_e10
3,1500,40,RR:1.00,GG:1.75,7,7,4,3,3,0.4,True,3m_b1500_g40_e01;3m_b1500_g40_e05;3m_b1500_g40_e11;3m_b1500_g40_e14,3m_b1500_g40_e02;3m_b1500_g40_e03;3m_b1500_g40_e08,3m_b1500_g40_e04;3m_b1500_g40_e07;3m_b1500_g40_e10
3,1500,40,RR:1.00,GG:2.00,7,8,5,2,3,0.5,True,3m_b1500_g40_e01;3m_b1500_g40_e02;3m_b1500_g40_e05;3m_b1500_g40_e11;3m_b1500_g40_e14,3m_b1500_g40_e03;3m_b1500_g40_e08,3m_b1500_g40_e04;3m_b1500_g40_e07;3m_b1500_g40_e10
3,1500,40,RR:1.00,GG:2.25,7,8,5,2,3,0.5,True,3m_b1500_g40_e01;3m_b1500_g40_e02;3m_b1500_g40_e05;3m_b1500_g40_e11;3m_b1500_g40_e14,3m_b1500_g40_e03;3m_b1500_g40_e08,3m_b1500_g40_e04;3m_b1500_g40_e07;3m_b1500_g40_e10
3,1500,40,RR:1.00,GG:2.50,7,8,5,2,3,0.5,True,3m_b1500_g40_e01;3m_b1500_g40_e02;3m_b1500_g40_e05;3m_b1500_g40_e11;3m_b1500_g40_e14,3m_b1500_g40_e03;3m_b1500_g40_e08,3m_b1500_g40_e04;3m_b1500_g40_e07;3m_b1500_g40_e10
3,1500,40,RR:1.00,GG:2.75,7,8,5,2,3,0.5,True,3m_b1500_g40_e01;3m_b1500_g40_e02;3m_b1500_g40_e05;3m_b1500_g40_e11;3m_b1500_g40_e14,3m_b1500_g40_e03;3m_b1500_g40_e08,3m_b1500_g40_e04;3m_b1500_g40_e07;3m_b1500_g40_e10
3,1500,40,RR:1.00,GG:3.00,7,7,5,2,2,0.5555555555555556,True,3m_b1500_g40_e01;3m_b1500_g40_e02;3m_b1500_g40_e05;3m_b1500_g40_e11;3m_b1500_g40_e14,3m_b1500_g40_e03;3m_b1500_g40_e08,3m_b1500_g40_e04;3m_b1500_g40_e10
3,1500,40,RR:1.00,GG:3.25,7,6,4,3,2,0.4444444444444444,True,3m_b1500_g40_e01;3m_b1500_g40_e05;3m_b1500_g40_e11;3m_b1500_g40_e14,3m_b1500_g40_e02;3m_b1500_g40_e03;3m_b1500_g40_e08,3m_b1500_g40_e04;3m_b1500_g40_e10
3,1500,40,RR:1.00,GG:3.50,7,6,4,3,2,0.4444444444444444,True,3m_b1500_g40_e01;3m_b1500_g40_e05;3m_b1500_g40_e11;3m_b1500_g40_e14,3m_b1500_g40_e02;3m_b1500_g40_e03;3m_b1500_g40_e08,3m_b1500_g40_e04;3m_b1500_g40_e10
3,1500,40,RR:1.25,GG:0.50,7,8,5,2,3,0.5,True,3m_b1500_g40_e02;3m_b1500_g40_e05;3m_b1500_g40_e10;3m_b1500_g40_e11;3m_b1500_g40_e14,3m_b1500_g40_e01;3m_b1500_g40_e08,3m_b1500_g40_e04;3m_b1500_g40_e07;3m_b1500_g40_e13
3,1500,40,RR:1.25,GG:0.75,7,8,5,2,3,0.5,True,3m_b1500_g40_e01;3m_b1500_g40_e05;3m_b1500_g40_e10;3m_b1500_g40_e11;3m_b1500_g40_e14,3m_b1500_g40_e02;3m_b1500_g40_e08,3m_b1500_g40_e04;3m_b1500_g40_e07;3m_b1500_g40_e12
3,1500,40,RR:1.25,GG:1.00,7,6,5,2,1,0.625,True,3m_b1500_g40_e01;3m_b1500_g40_e05;3m_b1500_g40_e10;3m_b1500_g40_e11;3m_b1500_g40_e14,3m_b1500_g40_e02;3m_b1500_g40_e08,3m_b1500_g40_e04
3,1500,40,RR:1.25,GG:1.25,7,5,4,3,1,0.5,True,3m_b1500_g40_e05;3m_b1500_g40_e10;3m_b1500_g40_e11;3m_b1500_g40_e14,3m_b1500_g40_e01;3m_b1500_g40_e02;3m_b1500_g40_e08,3m_b1500_g40_e04
3,1500,40,RR:1.25,GG:1.50,7,5,4,3,1,0.5,True,3m_b1500_g40_e05;3m_b1500_g40_e10;3m_b1500_g40_e11;3m_b1500_g40_e14,3m_b1500_g40_e01;3m_b1500_g40_e02;3m_b1500_g40_e08,3m_b1500_g40_e04
3,1500,40,RR:1.25,GG:1.75,7,7,5,2,2,0.5555555555555556,True,3m_b1500_g40_e01;3m_b1500_g40_e05;3m_b1500_g40_e10;3m_b1500_g40_e11;3m_b1500_g40_e14,3m_b1500_g40_e02;3m_b1500_g40_e08,3m_b1500_g40_e04;3m_b1500_g40_e07
3,1500,40,RR:1.25,GG:2.00,7,8,6,1,2,0.6666666666666666,True,3m_b1500_g40_e01;3m_b1500_g40_e02;3m_b1500_g40_e05;3m_b1500_g40_e10;3m_b1500_g40_e11;3m_b1500_g40_e14,3m_b1500_g40_e08,3m_b1500_g40_e04;3m_b1500_g40_e07
3,1500,40,RR:1.25,GG:2.25,7,8,6,1,2,0.6666666666666666,True,3m_b1500_g40_e01;3m_b1500_g40_e02;3m_b1500_g40_e05;3m_b1500_g40_e10;3m_b1500_g40_e11;3m_b1500_g40_e14,3m_b1500_g40_e08,3m_b1500_g40_e04;3m_b1500_g40_e07
3,1500,40,RR:1.25,GG:2.50,7,8,6,1,2,0.6666666666666666,True,3m_b1500_g40_e01;3m_b1500_g40_e02;3m_b1500_g40_e05;3m_b1500_g40_e10;3m_b1500_g40_e11;3m_b1500_g40_e14,3m_b1500_g40_e08,3m_b1500_g40_e04;3m_b1500_g40_e07
3,1500,40,RR:1.25,GG:2.75,7,8,6,1,2,0.6666666666666666,True,3m_b1500_g40_e01;3m_b1500_g40_e02;3m_b1500_g40_e05;3m_b1500_g40_e10;3m_b1500_g40_e11;3m_b1500_g40_e14,3m_b1500_g40_e08,3m_b1500_g40_e04;3m_b1500_g40_e07
3,1500,40,RR:1.25,GG:3.00,7,7,6,1,1,0.75,True,3m_b1500_g40_e01;3m_b1500_g40_e02;3m_b1500_g40_e05;3m_b1500_g40_e10;3m_b1500_g40_e11;3m_b1500_g40_e14,3m_b1500_g40_e08,3m_b1500_g40_e04
3,1500,40,RR:1.25,GG:3.25,7,6,5,2,1,0.625,True,3m_b1500_g40_e01;3m_b1500_g40_e05;3m_b1500_g40_e10;3m_b1500_g40_e11;3m_b1500_g40_e14,3m_b1500_g40_e02;3m_b1500_g40_e08,3m_b1500_g40_e04
3,1500,40,RR:1.25,GG:3.50,7,6,5,2,1,0.625,True,3m_b1500_g40_e01;3m_b1500_g40_e05;3m_b1500_g40_e10;3m_b1500_g40_e11;3m_b1500_g40_e14,3m_b1500_g40_e02;3m_b1500_g40_e08,3m_b1500_g40_e04
3,1500,40,RR:1.50,GG:0.50,6,8,4,2,4,0.4,True,3m_b1500_g40_e05;3m_b1500_g40_e10;3m_b1500_g40_e11;3m_b1500_g40_e14,3m_b1500_g40_e01;3m_b1500_g40_e08,3m_b1500_g40_e02;3m_b1500_g40_e04;3m_b1500_g40_e07;3m_b1500_g40_e13
3,1500,40,RR:1.50,GG:0.75,6,8,5,1,3,0.5555555555555556,True,3m_b1500_g40_e01;3m_b1500_g40_e05;3m_b1500_g40_e10;3m_b1500_g40_e11;3m_b1500_g40_e14,3m_b1500_g40_e08,3m_b1500_g40_e04;3m_b1500_g40_e07;3m_b1500_g40_e12
3,1500,40,RR:1.50,GG:1.00,6,6,5,1,1,0.7142857142857143,True,3m_b1500_g40_e01;3m_b1500_g40_e05;3m_b1500_g40_e10;3m_b1500_g40_e11;3m_b1500_g40_e14,3m_b1500_g40_e08,3m_b1500_g40_e04
3,1500,40,RR:1.50,GG:1.25,6,5,4,2,1,0.5714285714285714,True,3m_b1500_g40_e05;3m_b1500_g40_e10;3m_b1500_g40_e11;3m_b1500_g40_e14,3m_b1500_g40_e01;3m_b1500_g40_e08,3m_b1500_g40_e04
3,1500,40,RR:1.50,GG:1.50,6,5,4,2,1,0.5714285714285714,True,3m_b1500_g40_e05;3m_b1500_g40_e10;3m_b1500_g40_e11;3m_b1500_g40_e14,3m_b1500_g40_e01;3m_b1500_g40_e08,3m_b1500_g40_e04
3,1500,40,RR:1.50,GG:1.75,6,7,5,1,2,0.625,True,3m_b1500_g40_e01;3m_b1500_g40_e05;3m_b1500_g40_e10;3m_b1500_g40_e11;3m_b1500_g40_e14,3m_b1500_g40_e08,3m_b1500_g40_e04;3m_b1500_g40_e07
3,1500,40,RR:1.50,GG:2.00,6,8,5,1,3,0.5555555555555556,True,3m_b1500_g40_e01;3m_b1500_g40_e05;3m_b1500_g40_e10;3m_b1500_g40_e11;3m_b1500_g40_e14,3m_b1500_g40_e08,3m_b1500_g40_e02;3m_b1500_g40_e04;3m_b1500_g40_e07
3,1500,40,RR:1.50,GG:2.25,6,8,5,1,3,0.5555555555555556,True,3m_b1500_g40_e01;3m_b1500_g40_e05;3m_b1500_g40_e10;3m_b1500_g40_e11;3m_b1500_g40_e14,3m_b1500_g40_e08,3m_b1500_g40_e02;3m_b1500_g40_e04;3m_b1500_g40_e07
3,1500,40,RR:1.50,GG:2.50,6,8,5,1,3,0.5555555555555556,True,3m_b1500_g40_e01;3m_b1500_g40_e05;3m_b1500_g40_e10;3m_b1500_g40_e11;3m_b1500_g40_e14,3m_b1500_g40_e08,3m_b1500_g40_e02;3m_b1500_g40_e04;3m_b1500_g40_e07
3,1500,40,RR:1.50,GG:2.75,6,8,5,1,3,0.5555555555555556,True,3m_b1500_g40_e01;3m_b1500_g40_e05;3m_b1500_g40_e10;3m_b1500_g40_e11;3m_b1500_g40_e14,3m_b1500_g40_e08,3m_b1500_g40_e02;3m_b1500_g40_e04;3m_b1500_g40_e07
3,1500,40,RR:1.50,GG:3.00,6,7,5,1,2,0.625,True,3m_b1500_g40_e01;3m_b1500_g40_e05;3m_b1500_g40_e10;3m_b1500_g40_e11;3m_b1500_g40_e14,3m_b1500_g40_e08,3m_b1500_g40_e02;3m_b1500_g40_e04
3,1500,40,RR:1.50,GG:3.25,6,6,5,1,1,0.7142857142857143,True,3m_b1500_g40_e01;3m_b1500_g40_e05;3m_b1500_g40_e10;3m_b1500_g40_e11;3m_b1500_g40_e14,3m_b1500_g40_e08,3m_b1500_g40_e04
3,1500,40,RR:1.50,GG:3.50,6,6,5,1,1,0.7142857142857143,True,3m_b1500_g40_e01;3m_b1500_g40_e05;3m_b1500_g40_e10;3m_b1500_g40_e11;3m_b1500_g40_e14,3m_b1500_g40_e08,3m_b1500_g40_e04
3,1500,40,RR:1.75,GG:0.50,5,8,4,1,4,0.4444444444444444,True,3m_b1500_g40_e05;3m_b1500_g40_e10;3m_b1500_g40_e11;3m_b1500_g40_e14,3m_b1500_g40_e08,3m_b1500_g40_e02;3m_b1500_g40_e04;3m_b1500_g40_e07;3m_b1500_g40_e13
3,1500,40,RR:1.75,GG:0.75,5,8,4,1,4,0.4444444444444444,True,3m_b1500_g40_e05;3m_b1500_g40_e10;3m_b1500_g40_e11;3m_b1500_g40_e14,3m_b1500_g40_e08,3m_b1500_g40_e01;3m_b1500_g40_e04;3m_b1500_g40_e07;3m_b1500_g40_e12
3,1500,40,RR:1.75,GG:1.00,5,6,4,1,2,0.5714285714285714,True,3m_b1500_g40_e05;3m_b1500_g40_e10;3m_b1500_g40_e11;3m_b1500_g40_e14,3m_b1500_g40_e08,3m_b1500_g40_e01;3m_b1500_g40_e04
3,1500,40,RR:1.75,GG:1.25,5,5,4,1,1,0.6666666666666666,True,3m_b1500_g40_e05;3m_b1500_g40_e10;3m_b1500_g40_e11;3m_b1500_g40_e14,3m_b1500_g40_e08,3m_b1500_g40_e04
3,1500,40,RR:1.75,GG:1.50,5,5,4,1,1,0.6666666666666666,True,3m_b1500_g40_e05;3m_b1500_g40_e10;3m_b1500_g40_e11;3m_b1500_g40_e14,3m_b1500_g40_e08,3m_b1500_g40_e04
3,1500,40,RR:1.75,GG:1.75,5,7,4,1,3,0.5,True,3m_b1500_g40_e05;3m_b1500_g40_e10;3m_b1500_g40_e11;3m_b1500_g40_e14,3m_b1500_g40_e08,3m_b1500_g40_e01;3m_b1500_g40_e04;3m_b1500_g40_e07
3,1500,40,RR:1.75,GG:2.00,5,8,4,1,4,0.4444444444444444,True,3m_b1500_g40_e05;3m_b1500_g40_e10;3m_b1500_g40_e11;3m_b1500_g40_e14,3m_b1500_g40_e08,3m_b1500_g40_e01;3m_b1500_g40_e02;3m_b1500_g40_e04;3m_b1500_g40_e07
3,1500,40,RR:1.75,GG:2.25,5,8,4,1,4,0.4444444444444444,True,3m_b1500_g40_e05;3m_b1500_g40_e10;3m_b1500_g40_e11;3m_b1500_g40_e14,3m_b1500_g40_e08,3m_b1500_g40_e01;3m_b1500_g40_e02;3m_b1500_g40_e04;3m_b1500_g40_e07
3,1500,40,RR:1.75,GG:2.50,5,8,4,1,4,0.4444444444444444,True,3m_b1500_g40_e05;3m_b1500_g40_e10;3m_b1500_g40_e11;3m_b1500_g40_e14,3m_b1500_g40_e08,3m_b1500_g40_e01;3m_b1500_g40_e02;3m_b1500_g40_e04;3m_b1500_g40_e07
3,1500,40,RR:1.75,GG:2.75,5,8,4,1,4,0.4444444444444444,True,3m_b1500_g40_e05;3m_b1500_g40_e10;3m_b1500_g40_e11;3m_b1500_g40_e14,3m_b1500_g40_e08,3m_b1500_g40_e01;3m_b1500_g40_e02;3m_b1500_g40_e04;3m_b1500_g40_e07
3,1500,40,RR:1.75,GG:3.00,5,7,4,1,3,0.5,True,3m_b1500_g40_e05;3m_b1500_g40_e10;3m_b1500_g40_e11;3m_b1500_g40_e14,3m_b1500_g40_e08,3m_b1500_g40_e01;3m_b1500_g40_e02;3m_b1500_g40_e04
3,1500,40,RR:1.75,GG:3.25,5,6,4,1,2,0.5714285714285714,True,3m_b1500_g40_e05;3m_b1500_g40_e10;3m_b1500_g40_e11;3m_b1500_g40_e14,3m_b1500_g40_e08,3m_b1500_g40_e01;3m_b1500_g40_e04
3,1500,40,RR:1.75,GG:3.50,5,6,4,1,2,0.5714285714285714,True,3m_b1500_g40_e05;3m_b1500_g40_e10;3m_b1500_g40_e11;3m_b1500_g40_e14,3m_b1500_g40_e08,3m_b1500_g40_e01;3m_b1500_g40_e04
3,1500,40,RR:2.00,GG:0.50,6,8,4,2,4,0.4,True,3m_b1500_g40_e05;3m_b1500_g40_e10;3m_b1500_g40_e11;3m_b1500_g40_e14,3m_b1500_g40_e06;3m_b1500_g40_e08,3m_b1500_g40_e02;3m_b1500_g40_e04;3m_b1500_g40_e07;3m_b1500_g40_e13
3,1500,40,RR:2.00,GG:0.75,6,8,4,2,4,0.4,True,3m_b1500_g40_e05;3m_b1500_g40_e10;3m_b1500_g40_e11;3m_b1500_g40_e14,3m_b1500_g40_e06;3m_b1500_g40_e08,3m_b1500_g40_e01;3m_b1500_g40_e04;3m_b1500_g40_e07;3m_b1500_g40_e12
3,1500,40,RR:2.00,GG:1.00,6,6,4,2,2,0.5,True,3m_b1500_g40_e05;3m_b1500_g40_e10;3m_b1500_g40_e11;3m_b1500_g40_e14,3m_b1500_g40_e06;3m_b1500_g40_e08,3m_b1500_g40_e01;3m_b1500_g40_e04
3,1500,40,RR:2.00,GG:1.25,6,5,4,2,1,0.5714285714285714,True,3m_b1500_g40_e05;3m_b1500_g40_e10;3m_b1500_g40_e11;3m_b1500_g40_e14,3m_b1500_g40_e06;3m_b1500_g40_e08,3m_b1500_g40_e04
3,1500,40,RR:2.00,GG:1.50,6,5,4,2,1,0.5714285714285714,True,3m_b1500_g40_e05;3m_b1500_g40_e10;3m_b1500_g40_e11;3m_b1500_g40_e14,3m_b1500_g40_e06;3m_b1500_g40_e08,3m_b1500_g40_e04
3,1500,40,RR:2.00,GG:1.75,6,7,4,2,3,0.4444444444444444,True,3m_b1500_g40_e05;3m_b1500_g40_e10;3m_b1500_g40_e11;3m_b1500_g40_e14,3m_b1500_g40_e06;3m_b1500_g40_e08,3m_b1500_g40_e01;3m_b1500_g40_e04;3m_b1500_g40_e07
3,1500,40,RR:2.00,GG:2.00,6,8,4,2,4,0.4,True,3m_b1500_g40_e05;3m_b1500_g40_e10;3m_b1500_g40_e11;3m_b1500_g40_e14,3m_b1500_g40_e06;3m_b1500_g40_e08,3m_b1500_g40_e01;3m_b1500_g40_e02;3m_b1500_g40_e04;3m_b1500_g40_e07
3,1500,40,RR:2.00,GG:2.25,6,8,4,2,4,0.4,True,3m_b1500_g40_e05;3m_b1500_g40_e10;3m_b1500_g40_e11;3m_b1500_g40_e14,3m_b1500_g40_e06;3m_b1500_g40_e08,3m_b1500_g40_e01;3m_b1500_g40_e02;3m_b1500_g40_e04;3m_b1500_g40_e07
3,1500,40,RR:2.00,GG:2.50,6,8,4,2,4,0.4,True,3m_b1500_g40_e05;3m_b1500_g40_e10;3m_b1500_g40_e11;3m_b1500_g40_e14,3m_b1500_g40_e06;3m_b1500_g40_e08,3m_b1500_g40_e01;3m_b1500_g40_e02;3m_b1500_g40_e04;3m_b1500_g40_e07
3,1500,40,RR:2.00,GG:2.75,6,8,4,2,4,0.4,True,3m_b1500_g40_e05;3m_b1500_g40_e10;3m_b1500_g40_e11;3m_b1500_g40_e14,3m_b1500_g40_e06;3m_b1500_g40_e08,3m_b1500_g40_e01;3m_b1500_g40_e02;3m_b1500_g40_e04;3m_b1500_g40_e07
3,1500,40,RR:2.00,GG:3.00,6,7,4,2,3,0.4444444444444444,True,3m_b1500_g40_e05;3m_b1500_g40_e10;3m_b1500_g40_e11;3m_b1500_g40_e14,3m_b1500_g40_e06;3m_b1500_g40_e08,3m_b1500_g40_e01;3m_b1500_g40_e02;3m_b1500_g40_e04
3,1500,40,RR:2.00,GG:3.25,6,6,4,2,2,0.5,True,3m_b1500_g40_e05;3m_b1500_g40_e10;3m_b1500_g40_e11;3m_b1500_g40_e14,3m_b1500_g40_e06;3m_b1500_g40_e08,3m_b1500_g40_e01;3m_b1500_g40_e04
3,1500,40,RR:2.00,GG:3.50,6,6,4,2,2,0.5,True,3m_b1500_g40_e05;3m_b1500_g40_e10;3m_b1500_g40_e11;3m_b1500_g40_e14,3m_b1500_g40_e06;3m_b1500_g40_e08,3m_b1500_g40_e01;3m_b1500_g40_e04
3,1500,40,RR:2.25,GG:0.50,5,8,4,1,4,0.4444444444444444,True,3m_b1500_g40_e05;3m_b1500_g40_e10;3m_b1500_g40_e11;3m_b1500_g40_e14,3m_b1500_g40_e06,3m_b1500_g40_e02;3m_b1500_g40_e04;3m_b1500_g40_e07;3m_b1500_g40_e13
3,1500,40,RR:2.25,GG:0.75,5,8,4,1,4,0.4444444444444444,True,3m_b1500_g40_e05;3m_b1500_g40_e10;3m_b1500_g40_e11;3m_b1500_g40_e14,3m_b1500_g40_e06,3m_b1500_g40_e01;3m_b1500_g40_e04;3m_b1500_g40_e07;3m_b1500_g40_e12
3,1500,40,RR:2.25,GG:1.00,5,6,4,1,2,0.5714285714285714,True,3m_b1500_g40_e05;3m_b1500_g40_e10;3m_b1500_g40_e11;3m_b1500_g40_e14,3m_b1500_g40_e06,3m_b1500_g40_e01;3m_b1500_g40_e04
3,1500,40,RR:2.25,GG:1.25,5,5,4,1,1,0.6666666666666666,True,3m_b1500_g40_e05;3m_b1500_g40_e10;3m_b1500_g40_e11;3m_b1500_g40_e14,3m_b1500_g40_e06,3m_b1500_g40_e04
3,1500,40,RR:2.25,GG:1.50,5,5,4,1,1,0.6666666666666666,True,3m_b1500_g40_e05;3m_b1500_g40_e10;3m_b1500_g40_e11;3m_b1500_g40_e14,3m_b1500_g40_e06,3m_b1500_g40_e04
3,1500,40,RR:2.25,GG:1.75,5,7,4,1,3,0.5,True,3m_b1500_g40_e05;3m_b1500_g40_e10;3m_b1500_g40_e11;3m_b1500_g40_e14,3m_b1500_g40_e06,3m_b1500_g40_e01;3m_b1500_g40_e04;3m_b1500_g40_e07
3,1500,40,RR:2.25,GG:2.00,5,8,4,1,4,0.4444444444444444,True,3m_b1500_g40_e05;3m_b1500_g40_e10;3m_b1500_g40_e11;3m_b1500_g40_e14,3m_b1500_g40_e06,3m_b1500_g40_e01;3m_b1500_g40_e02;3m_b1500_g40_e04;3m_b1500_g40_e07
3,1500,40,RR:2.25,GG:2.25,5,8,4,1,4,0.4444444444444444,True,3m_b1500_g40_e05;3m_b1500_g40_e10;3m_b1500_g40_e11;3m_b1500_g40_e14,3m_b1500_g40_e06,3m_b1500_g40_e01;3m_b1500_g40_e02;3m_b1500_g40_e04;3m_b1500_g40_e07
3,1500,40,RR:2.25,GG:2.50,5,8,4,1,4,0.4444444444444444,True,3m_b1500_g40_e05;3m_b1500_g40_e10;3m_b1500_g40_e11;3m_b1500_g40_e14,3m_b1500_g40_e06,3m_b1500_g40_e01;3m_b1500_g40_e02;3m_b1500_g40_e04;3m_b1500_g40_e07
3,1500,40,RR:2.25,GG:2.75,5,8,4,1,4,0.4444444444444444,True,3m_b1500_g40_e05;3m_b1500_g40_e10;3m_b1500_g40_e11;3m_b1500_g40_e14,3m_b1500_g40_e06,3m_b1500_g40_e01;3m_b1500_g40_e02;3m_b1500_g40_e04;3m_b1500_g40_e07
3,1500,40,RR:2.25,GG:3.00,5,7,4,1,3,0.5,True,3m_b1500_g40_e05;3m_b1500_g40_e10;3m_b1500_g40_e11;3m_b1500_g40_e14,3m_b1500_g40_e06,3m_b1500_g40_e01;3m_b1500_g40_e02;3m_b1500_g40_e04
3,1500,40,RR:2.25,GG:3.25,5,6,4,1,2,0.5714285714285714,True,3m_b1500_g40_e05;3m_b1500_g40_e10;3m_b1500_g40_e11;3m_b1500_g40_e14,3m_b1500_g40_e06,3m_b1500_g40_e01;3m_b1500_g40_e04
3,1500,40,RR:2.25,GG:3.50,5,6,4,1,2,0.5714285714285714,True,3m_b1500_g40_e05;3m_b1500_g40_e10;3m_b1500_g40_e11;3m_b1500_g40_e14,3m_b1500_g40_e06,3m_b1500_g40_e01;3m_b1500_g40_e04
3,1500,40,RR:2.50,GG:0.50,6,8,5,1,3,0.5555555555555556,True,3m_b1500_g40_e04;3m_b1500_g40_e05;3m_b1500_g40_e10;3m_b1500_g40_e11;3m_b1500_g40_e14,3m_b1500_g40_e01,3m_b1500_g40_e02;3m_b1500_g40_e07;3m_b1500_g40_e13
3,1500,40,RR:2.50,GG:0.75,6,8,6,0,2,0.75,False,3m_b1500_g40_e01;3m_b1500_g40_e04;3m_b1500_g40_e05;3m_b1500_g40_e10;3m_b1500_g40_e11;3m_b1500_g40_e14,,3m_b1500_g40_e07;3m_b1500_g40_e12
3,1500,40,RR:2.50,GG:1.00,6,6,6,0,0,1.0,False,3m_b1500_g40_e01;3m_b1500_g40_e04;3m_b1500_g40_e05;3m_b1500_g40_e10;3m_b1500_g40_e11;3m_b1500_g40_e14,,
3,1500,40,RR:2.50,GG:1.25,6,5,5,1,0,0.8333333333333334,False,3m_b1500_g40_e04;3m_b1500_g40_e05;3m_b1500_g40_e10;3m_b1500_g40_e11;3m_b1500_g40_e14,3m_b1500_g40_e01,
3,1500,40,RR:2.50,GG:1.50,6,5,5,1,0,0.8333333333333334,False,3m_b1500_g40_e04;3m_b1500_g40_e05;3m_b1500_g40_e10;3m_b1500_g40_e11;3m_b1500_g40_e14,3m_b1500_g40_e01,
3,1500,40,RR:2.50,GG:1.75,6,7,6,0,1,0.8571428571428571,False,3m_b1500_g40_e01;3m_b1500_g40_e04;3m_b1500_g40_e05;3m_b1500_g40_e10;3m_b1500_g40_e11;3m_b1500_g40_e14,,3m_b1500_g40_e07
3,1500,40,RR:2.50,GG:2.00,6,8,6,0,2,0.75,False,3m_b1500_g40_e01;3m_b1500_g40_e04;3m_b1500_g40_e05;3m_b1500_g40_e10;3m_b1500_g40_e11;3m_b1500_g40_e14,,3m_b1500_g40_e02;3m_b1500_g40_e07
3,1500,40,RR:2.50,GG:2.25,6,8,6,0,2,0.75,False,3m_b1500_g40_e01;3m_b1500_g40_e04;3m_b1500_g40_e05;3m_b1500_g40_e10;3m_b1500_g40_e11;3m_b1500_g40_e14,,3m_b1500_g40_e02;3m_b1500_g40_e07
3,1500,40,RR:2.50,GG:2.50,6,8,6,0,2,0.75,False,3m_b1500_g40_e01;3m_b1500_g40_e04;3m_b1500_g40_e05;3m_b1500_g40_e10;3m_b1500_g40_e11;3m_b1500_g40_e14,,3m_b1500_g40_e02;3m_b1500_g40_e07
3,1500,40,RR:2.50,GG:2.75,6,8,6,0,2,0.75,False,3m_b1500_g40_e01;3m_b1500_g40_e04;3m_b1500_g40_e05;3m_b1500_g40_e10;3m_b1500_g40_e11;3m_b1500_g40_e14,,3m_b1500_g40_e02;3m_b1500_g40_e07
3,1500,40,RR:2.50,GG:3.00,6,7,6,0,1,0.8571428571428571,False,3m_b1500_g40_e01;3m_b1500_g40_e04;3m_b1500_g40_e05;3m_b1500_g40_e10;3m_b1500_g40_e11;3m_b1500_g40_e14,,3m_b1500_g40_e02
3,1500,40,RR:2.50,GG:3.25,6,6,6,0,0,1.0,False,3m_b1500_g40_e01;3m_b1500_g40_e04;3m_b1500_g40_e05;3m_b1500_g40_e10;3m_b1500_g40_e11;3m_b1500_g40_e14,,
3,1500,40,RR:2.50,GG:3.50,6,6,6,0,0,1.0,False,3m_b1500_g40_e01;3m_b1500_g40_e04;3m_b1500_g40_e05;3m_b1500_g40_e10;3m_b1500_g40_e11;3m_b1500_g40_e14,,
3,1500,40,RR:2.75,GG:0.50,8,8,5,3,3,0.45454545454545453,True,3m_b1500_g40_e04;3m_b1500_g40_e05;3m_b1500_g40_e10;3m_b1500_g40_e11;3m_b1500_g40_e14,3m_b1500_g40_e01;3m_b1500_g40_e08;3m_b1500_g40_e09,3m_b1500_g40_e02;3m_b1500_g40_e07;3m_b1500_g40_e13
3,1500,40,RR:2.75,GG:0.75,8,8,6,2,2,0.6,True,3m_b1500_g40_e01;3m_b1500_g40_e04;3m_b1500_g40_e05;3m_b1500_g40_e10;3m_b1500_g40_e11;3m_b1500_g40_e14,3m_b1500_g40_e08;3m_b1500_g40_e09,3m_b1500_g40_e07;3m_b1500_g40_e12
3,1500,40,RR:2.75,GG:1.00,8,6,6,2,0,0.75,False,3m_b1500_g40_e01;3m_b1500_g40_e04;3m_b1500_g40_e05;3m_b1500_g40_e10;3m_b1500_g40_e11;3m_b1500_g40_e14,3m_b1500_g40_e08;3m_b1500_g40_e09,
3,1500,40,RR:2.75,GG:1.25,8,5,5,3,0,0.625,False,3m_b1500_g40_e04;3m_b1500_g40_e05;3m_b1500_g40_e10;3m_b1500_g40_e11;3m_b1500_g40_e14,3m_b1500_g40_e01;3m_b1500_g40_e08;3m_b1500_g40_e09,
3,1500,40,RR:2.75,GG:1.50,8,5,5,3,0,0.625,False,3m_b1500_g40_e04;3m_b1500_g40_e05;3m_b1500_g40_e10;3m_b1500_g40_e11;3m_b1500_g40_e14,3m_b1500_g40_e01;3m_b1500_g40_e08;3m_b1500_g40_e09,
3,1500,40,RR:2.75,GG:1.75,8,7,6,2,1,0.6666666666666666,True,3m_b1500_g40_e01;3m_b1500_g40_e04;3m_b1500_g40_e05;3m_b1500_g40_e10;3m_b1500_g40_e11;3m_b1500_g40_e14,3m_b1500_g40_e08;3m_b1500_g40_e09,3m_b1500_g40_e07
3,1500,40,RR:2.75,GG:2.00,8,8,6,2,2,0.6,True,3m_b1500_g40_e01;3m_b1500_g40_e04;3m_b1500_g40_e05;3m_b1500_g40_e10;3m_b1500_g40_e11;3m_b1500_g40_e14,3m_b1500_g40_e08;3m_b1500_g40_e09,3m_b1500_g40_e02;3m_b1500_g40_e07
3,1500,40,RR:2.75,GG:2.25,8,8,6,2,2,0.6,True,3m_b1500_g40_e01;3m_b1500_g40_e04;3m_b1500_g40_e05;3m_b1500_g40_e10;3m_b1500_g40_e11;3m_b1500_g40_e14,3m_b1500_g40_e08;3m_b1500_g40_e09,3m_b1500_g40_e02;3m_b1500_g40_e07
3,1500,40,RR:2.75,GG:2.50,8,8,6,2,2,0.6,True,3m_b1500_g40_e01;3m_b1500_g40_e04;3m_b1500_g40_e05;3m_b1500_g40_e10;3m_b1500_g40_e11;3m_b1500_g40_e14,3m_b1500_g40_e08;3m_b1500_g40_e09,3m_b1500_g40_e02;3m_b1500_g40_e07
3,1500,40,RR:2.75,GG:2.75,8,8,6,2,2,0.6,True,3m_b1500_g40_e01;3m_b1500_g40_e04;3m_b1500_g40_e05;3m_b1500_g40_e10;3m_b1500_g40_e11;3m_b1500_g40_e14,3m_b1500_g40_e08;3m_b1500_g40_e09,3m_b1500_g40_e02;3m_b1500_g40_e07
3,1500,40,RR:2.75,GG:3.00,8,7,6,2,1,0.6666666666666666,True,3m_b1500_g40_e01;3m_b1500_g40_e04;3m_b1500_g40_e05;3m_b1500_g40_e10;3m_b1500_g40_e11;3m_b1500_g40_e14,3m_b1500_g40_e08;3m_b1500_g40_e09,3m_b1500_g40_e02
3,1500,40,RR:2.75,GG:3.25,8,6,6,2,0,0.75,False,3m_b1500_g40_e01;3m_b1500_g40_e04;3m_b1500_g40_e05;3m_b1500_g40_e10;3m_b1500_g40_e11;3m_b1500_g40_e14,3m_b1500_g40_e08;3m_b1500_g40_e09,
3,1500,40,RR:2.75,GG:3.50,8,6,6,2,0,0.75,False,3m_b1500_g40_e01;3m_b1500_g40_e04;3m_b1500_g40_e05;3m_b1500_g40_e10;3m_b1500_g40_e11;3m_b1500_g40_e14,3m_b1500_g40_e08;3m_b1500_g40_e09,
3,1500,40,RR:3.00,GG:0.50,7,8,4,3,4,0.36363636363636365,True,3m_b1500_g40_e05;3m_b1500_g40_e10;3m_b1500_g40_e11;3m_b1500_g40_e14,3m_b1500_g40_e01;3m_b1500_g40_e08;3m_b1500_g40_e09,3m_b1500_g40_e02;3m_b1500_g40_e04;3m_b1500_g40_e07;3m_b1500_g40_e13
3,1500,40,RR:3.00,GG:0.75,7,8,5,2,3,0.5,True,3m_b1500_g40_e01;3m_b1500_g40_e05;3m_b1500_g40_e10;3m_b1500_g40_e11;3m_b1500_g40_e14,3m_b1500_g40_e08;3m_b1500_g40_e09,3m_b1500_g40_e04;3m_b1500_g40_e07;3m_b1500_g40_e12
3,1500,40,RR:3.00,GG:1.00,7,6,5,2,1,0.625,True,3m_b1500_g40_e01;3m_b1500_g40_e05;3m_b1500_g40_e10;3m_b1500_g40_e11;3m_b1500_g40_e14,3m_b1500_g40_e08;3m_b1500_g40_e09,3m_b1500_g40_e04
3,1500,40,RR:3.00,GG:1.25,7,5,4,3,1,0.5,True,3m_b1500_g40_e05;3m_b1500_g40_e10;3m_b1500_g40_e11;3m_b1500_g40_e14,3m_b1500_g40_e01;3m_b1500_g40_e08;3m_b1500_g40_e09,3m_b1500_g40_e04
3,1500,40,RR:3.00,GG:1.50,7,5,4,3,1,0.5,True,3m_b1500_g40_e05;3m_b1500_g40_e10;3m_b1500_g40_e11;3m_b1500_g40_e14,3m_b1500_g40_e01;3m_b1500_g40_e08;3m_b1500_g40_e09,3m_b1500_g40_e04
3,1500,40,RR:3.00,GG:1.75,7,7,5,2,2,0.5555555555555556,True,3m_b1500_g40_e01;3m_b1500_g40_e05;3m_b1500_g40_e10;3m_b1500_g40_e11;3m_b1500_g40_e14,3m_b1500_g40_e08;3m_b1500_g40_e09,3m_b1500_g40_e04;3m_b1500_g40_e07
3,1500,40,RR:3.00,GG:2.00,7,8,5,2,3,0.5,True,3m_b1500_g40_e01;3m_b1500_g40_e05;3m_b1500_g40_e10;3m_b1500_g40_e11;3m_b1500_g40_e14,3m_b1500_g40_e08;3m_b1500_g40_e09,3m_b1500_g40_e02;3m_b1500_g40_e04;3m_b1500_g40_e07
3,1500,40,RR:3.00,GG:2.25,7,8,5,2,3,0.5,True,3m_b1500_g40_e01;3m_b1500_g40_e05;3m_b1500_g40_e10;3m_b1500_g40_e11;3m_b1500_g40_e14,3m_b1500_g40_e08;3m_b1500_g40_e09,3m_b1500_g40_e02;3m_b1500_g40_e04;3m_b1500_g40_e07
3,1500,40,RR:3.00,GG:2.50,7,8,5,2,3,0.5,True,3m_b1500_g40_e01;3m_b1500_g40_e05;3m_b1500_g40_e10;3m_b1500_g40_e11;3m_b1500_g40_e14,3m_b1500_g40_e08;3m_b1500_g40_e09,3m_b1500_g40_e02;3m_b1500_g40_e04;3m_b1500_g40_e07
3,1500,40,RR:3.00,GG:2.75,7,8,5,2,3,0.5,True,3m_b1500_g40_e01;3m_b1500_g40_e05;3m_b1500_g40_e10;3m_b1500_g40_e11;3m_b1500_g40_e14,3m_b1500_g40_e08;3m_b1500_g40_e09,3m_b1500_g40_e02;3m_b1500_g40_e04;3m_b1500_g40_e07
3,1500,40,RR:3.00,GG:3.00,7,7,5,2,2,0.5555555555555556,True,3m_b1500_g40_e01;3m_b1500_g40_e05;3m_b1500_g40_e10;3m_b1500_g40_e11;3m_b1500_g40_e14,3m_b1500_g40_e08;3m_b1500_g40_e09,3m_b1500_g40_e02;3m_b1500_g40_e04
3,1500,40,RR:3.00,GG:3.25,7,6,5,2,1,0.625,True,3m_b1500_g40_e01;3m_b1500_g40_e05;3m_b1500_g40_e10;3m_b1500_g40_e11;3m_b1500_g40_e14,3m_b1500_g40_e08;3m_b1500_g40_e09,3m_b1500_g40_e04
3,1500,40,RR:3.00,GG:3.50,7,6,5,2,1,0.625,True,3m_b1500_g40_e01;3m_b1500_g40_e05;3m_b1500_g40_e10;3m_b1500_g40_e11;3m_b1500_g40_e14,3m_b1500_g40_e08;3m_b1500_g40_e09,3m_b1500_g40_e04
3,1500,40,RR:3.25,GG:0.50,7,8,5,2,3,0.5,True,3m_b1500_g40_e04;3m_b1500_g40_e05;3m_b1500_g40_e10;3m_b1500_g40_e11;3m_b1500_g40_e14,3m_b1500_g40_e01;3m_b1500_g40_e08,3m_b1500_g40_e02;3m_b1500_g40_e07;3m_b1500_g40_e13
3,1500,40,RR:3.25,GG:0.75,7,8,6,1,2,0.6666666666666666,True,3m_b1500_g40_e01;3m_b1500_g40_e04;3m_b1500_g40_e05;3m_b1500_g40_e10;3m_b1500_g40_e11;3m_b1500_g40_e14,3m_b1500_g40_e08,3m_b1500_g40_e07;3m_b1500_g40_e12
3,1500,40,RR:3.25,GG:1.00,7,6,6,1,0,0.8571428571428571,False,3m_b1500_g40_e01;3m_b1500_g40_e04;3m_b1500_g40_e05;3m_b1500_g40_e10;3m_b1500_g40_e11;3m_b1500_g40_e14,3m_b1500_g40_e08,
3,1500,40,RR:3.25,GG:1.25,7,5,5,2,0,0.7142857142857143,False,3m_b1500_g40_e04;3m_b1500_g40_e05;3m_b1500_g40_e10;3m_b1500_g40_e11;3m_b1500_g40_e14,3m_b1500_g40_e01;3m_b1500_g40_e08,
3,1500,40,RR:3.25,GG:1.50,7,5,5,2,0,0.7142857142857143,False,3m_b1500_g40_e04;3m_b1500_g40_e05;3m_b1500_g40_e10;3m_b1500_g40_e11;3m_b1500_g40_e14,3m_b1500_g40_e01;3m_b1500_g40_e08,
3,1500,40,RR:3.25,GG:1.75,7,7,6,1,1,0.75,True,3m_b1500_g40_e01;3m_b1500_g40_e04;3m_b1500_g40_e05;3m_b1500_g40_e10;3m_b1500_g40_e11;3m_b1500_g40_e14,3m_b1500_g40_e08,3m_b1500_g40_e07
3,1500,40,RR:3.25,GG:2.00,7,8,6,1,2,0.6666666666666666,True,3m_b1500_g40_e01;3m_b1500_g40_e04;3m_b1500_g40_e05;3m_b1500_g40_e10;3m_b1500_g40_e11;3m_b1500_g40_e14,3m_b1500_g40_e08,3m_b1500_g40_e02;3m_b1500_g40_e07
3,1500,40,RR:3.25,GG:2.25,7,8,6,1,2,0.6666666666666666,True,3m_b1500_g40_e01;3m_b1500_g40_e04;3m_b1500_g40_e05;3m_b1500_g40_e10;3m_b1500_g40_e11;3m_b1500_g40_e14,3m_b1500_g40_e08,3m_b1500_g40_e02;3m_b1500_g40_e07
3,1500,40,RR:3.25,GG:2.50,7,8,6,1,2,0.6666666666666666,True,3m_b1500_g40_e01;3m_b1500_g40_e04;3m_b1500_g40_e05;3m_b1500_g40_e10;3m_b1500_g40_e11;3m_b1500_g40_e14,3m_b1500_g40_e08,3m_b1500_g40_e02;3m_b1500_g40_e07
3,1500,40,RR:3.25,GG:2.75,7,8,6,1,2,0.6666666666666666,True,3m_b1500_g40_e01;3m_b1500_g40_e04;3m_b1500_g40_e05;3m_b1500_g40_e10;3m_b1500_g40_e11;3m_b1500_g40_e14,3m_b1500_g40_e08,3m_b1500_g40_e02;3m_b1500_g40_e07
3,1500,40,RR:3.25,GG:3.00,7,7,6,1,1,0.75,True,3m_b1500_g40_e01;3m_b1500_g40_e04;3m_b1500_g40_e05;3m_b1500_g40_e10;3m_b1500_g40_e11;3m_b1500_g40_e14,3m_b1500_g40_e08,3m_b1500_g40_e02
3,1500,40,RR:3.25,GG:3.25,7,6,6,1,0,0.8571428571428571,False,3m_b1500_g40_e01;3m_b1500_g40_e04;3m_b1500_g40_e05;3m_b1500_g40_e10;3m_b1500_g40_e11;3m_b1500_g40_e14,3m_b1500_g40_e08,
3,1500,40,RR:3.25,GG:3.50,7,6,6,1,0,0.8571428571428571,False,3m_b1500_g40_e01;3m_b1500_g40_e04;3m_b1500_g40_e05;3m_b1500_g40_e10;3m_b1500_g40_e11;3m_b1500_g40_e14,3m_b1500_g40_e08,
3,1500,40,RR:3.50,GG:0.50,7,8,5,2,3,0.5,True,3m_b1500_g40_e04;3m_b1500_g40_e05;3m_b1500_g40_e10;3m_b1500_g40_e11;3m_b1500_g40_e14,3m_b1500_g40_e01;3m_b1500_g40_e08,3m_b1500_g40_e02;3m_b1500_g40_e07;3m_b1500_g40_e13
3,1500,40,RR:3.50,GG:0.75,7,8,6,1,2,0.6666666666666666,True,3m_b1500_g40_e01;3m_b1500_g40_e04;3m_b1500_g40_e05;3m_b1500_g40_e10;3m_b1500_g40_e11;3m_b1500_g40_e14,3m_b1500_g40_e08,3m_b1500_g40_e07;3m_b1500_g40_e12
3,1500,40,RR:3.50,GG:1.00,7,6,6,1,0,0.8571428571428571,False,3m_b1500_g40_e01;3m_b1500_g40_e04;3m_b1500_g40_e05;3m_b1500_g40_e10;3m_b1500_g40_e11;3m_b1500_g40_e14,3m_b1500_g40_e08,
3,1500,40,RR:3.50,GG:1.25,7,5,5,2,0,0.7142857142857143,False,3m_b1500_g40_e04;3m_b1500_g40_e05;3m_b1500_g40_e10;3m_b1500_g40_e11;3m_b1500_g40_e14,3m_b1500_g40_e01;3m_b1500_g40_e08,
3,1500,40,RR:3.50,GG:1.50,7,5,5,2,0,0.7142857142857143,False,3m_b1500_g40_e04;3m_b1500_g40_e05;3m_b1500_g40_e10;3m_b1500_g40_e11;3m_b1500_g40_e14,3m_b1500_g40_e01;3m_b1500_g40_e08,
3,1500,40,RR:3.50,GG:1.75,7,7,6,1,1,0.75,True,3m_b1500_g40_e01;3m_b1500_g40_e04;3m_b1500_g40_e05;3m_b1500_g40_e10;3m_b1500_g40_e11;3m_b1500_g40_e14,3m_b1500_g40_e08,3m_b1500_g40_e07
3,1500,40,RR:3.50,GG:2.00,7,8,6,1,2,0.6666666666666666,True,3m_b1500_g40_e01;3m_b1500_g40_e04;3m_b1500_g40_e05;3m_b1500_g40_e10;3m_b1500_g40_e11;3m_b1500_g40_e14,3m_b1500_g40_e08,3m_b1500_g40_e02;3m_b1500_g40_e07
3,1500,40,RR:3.50,GG:2.25,7,8,6,1,2,0.6666666666666666,True,3m_b1500_g40_e01;3m_b1500_g40_e04;3m_b1500_g40_e05;3m_b1500_g40_e10;3m_b1500_g40_e11;3m_b1500_g40_e14,3m_b1500_g40_e08,3m_b1500_g40_e02;3m_b1500_g40_e07
3,1500,40,RR:3.50,GG:2.50,7,8,6,1,2,0.6666666666666666,True,3m_b1500_g40_e01;3m_b1500_g40_e04;3m_b1500_g40_e05;3m_b1500_g40_e10;3m_b1500_g40_e11;3m_b1500_g40_e14,3m_b1500_g40_e08,3m_b1500_g40_e02;3m_b1500_g40_e07
3,1500,40,RR:3.50,GG:2.75,7,8,6,1,2,0.6666666666666666,True,3m_b1500_g40_e01;3m_b1500_g40_e04;3m_b1500_g40_e05;3m_b1500_g40_e10;3m_b1500_g40_e11;3m_b1500_g40_e14,3m_b1500_g40_e08,3m_b1500_g40_e02;3m_b1500_g40_e07
3,1500,40,RR:3.50,GG:3.00,7,7,6,1,1,0.75,True,3m_b1500_g40_e01;3m_b1500_g40_e04;3m_b1500_g40_e05;3m_b1500_g40_e10;3m_b1500_g40_e11;3m_b1500_g40_e14,3m_b1500_g40_e08,3m_b1500_g40_e02
3,1500,40,RR:3.50,GG:3.25,7,6,6,1,0,0.8571428571428571,False,3m_b1500_g40_e01;3m_b1500_g40_e04;3m_b1500_g40_e05;3m_b1500_g40_e10;3m_b1500_g40_e11;3m_b1500_g40_e14,3m_b1500_g40_e08,
3,1500,40,RR:3.50,GG:3.50,7,6,6,1,0,0.8571428571428571,False,3m_b1500_g40_e01;3m_b1500_g40_e04;3m_b1500_g40_e05;3m_b1500_g40_e10;3m_b1500_g40_e11;3m_b1500_g40_e14,3m_b1500_g40_e08,
3,1500,40,RR:0.50,RR:2.50,5,6,3,2,3,0.375,True,3m_b1500_g40_e05;3m_b1500_g40_e10;3m_b1500_g40_e11,3m_b1500_g40_e03;3m_b1500_g40_e08,3m_b1500_g40_e01;3m_b1500_g40_e04;3m_b1500_g40_e14
3,6800,5,RR:0.50,GG:0.50,0,0,0,0,0,,False,,,
3,6800,5,RR:0.50,GG:0.75,0,0,0,0,0,,False,,,
3,6800,5,RR:0.50,GG:1.00,0,0,0,0,0,,False,,,
3,6800,5,RR:0.50,GG:1.25,0,0,0,0,0,,False,,,
3,6800,5,RR:0.50,GG:1.50,0,0,0,0,0,,False,,,
3,6800,5,RR:0.50,GG:1.75,0,0,0,0,0,,False,,,
3,6800,5,RR:0.50,GG:2.00,0,0,0,0,0,,False,,,
3,6800,5,RR:0.50,GG:2.25,0,0,0,0,0,,False,,,
3,6800,5,RR:0.50,GG:2.50,0,0,0,0,0,,False,,,
3,6800,5,RR:0.50,GG:2.75,0,0,0,0,0,,False,,,
3,6800,5,RR:0.50,GG:3.00,0,0,0,0,0,,False,,,
3,6800,5,RR:0.50,GG:3.25,0,0,0,0,0,,False,,,
3,6800,5,RR:0.50,GG:3.50,0,0,0,0,0,,False,,,
3,6800,5,RR:0.75,GG:0.50,0,0,0,0,0,,False,,,
3,6800,5,RR:0.75,GG:0.75,0,0,0,0,0,,False,,,
3,6800,5,RR:0.75,GG:1.00,0,0,0,0,0,,False,,,
3,6800,5,RR:0.75,GG:1.25,0,0,0,0,0,,False,,,
3,6800,5,RR:0.75,GG:1.50,0,0,0,0,0,,False,,,
3,6800,5,RR:0.75,GG:1.75,0,0,0,0,0,,False,,,
3,6800,5,RR:0.75,GG:2.00,0,0,0,0,0,,False,,,
3,6800,5,RR:0.75,GG:2.25,0,0,0,0,0,,False,,,
3,6800,5,RR:0.75,GG:2.50,0,0,0,0,0,,False,,,
3,6800,5,RR:0.75,GG:2.75,0,0,0,0,0,,False,,,
3,6800,5,RR:0.75,GG:3.00,0,0,0,0,0,,False,,,
3,6800,5,RR:0.75,GG:3.25,0,0,0,0,0,,False,,,
3,6800,5,RR:0.75,GG:3.50,0,0,0,0,0,,False,,,
3,6800,5,RR:1.00,GG:0.50,0,0,0,0,0,,False,,,
3,6800,5,RR:1.00,GG:0.75,0,0,0,0,0,,False,,,
3,6800,5,RR:1.00,GG:1.00,0,0,0,0,0,,False,,,
3,6800,5,RR:1.00,GG:1.25,0,0,0,0,0,,False,,,
3,6800,5,RR:1.00,GG:1.50,0,0,0,0,0,,False,,,
3,6800,5,RR:1.00,GG:1.75,0,0,0,0,0,,False,,,
3,6800,5,RR:1.00,GG:2.00,0,0,0,0,0,,False,,,
3,6800,5,RR:1.00,GG:2.25,0,0,0,0,0,,False,,,
3,6800,5,RR:1.00,GG:2.50,0,0,0,0,0,,False,,,
3,6800,5,RR:1.00,GG:2.75,0,0,0,0,0,,False,,,
3,6800,5,RR:1.00,GG:3.00,0,0,0,0,0,,False,,,
3,6800,5,RR:1.00,GG:3.25,0,0,0,0,0,,False,,,
3,6800,5,RR:1.00,GG:3.50,0,0,0,0,0,,False,,,
3,6800,5,RR:1.25,GG:0.50,0,0,0,0,0,,False,,,
3,6800,5,RR:1.25,GG:0.75,0,0,0,0,0,,False,,,
3,6800,5,RR:1.25,GG:1.00,0,0,0,0,0,,False,,,
3,6800,5,RR:1.25,GG:1.25,0,0,0,0,0,,False,,,
3,6800,5,RR:1.25,GG:1.50,0,0,0,0,0,,False,,,
3,6800,5,RR:1.25,GG:1.75,0,0,0,0,0,,False,,,
3,6800,5,RR:1.25,GG:2.00,0,0,0,0,0,,False,,,
3,6800,5,RR:1.25,GG:2.25,0,0,0,0,0,,False,,,
3,6800,5,RR:1.25,GG:2.50,0,0,0,0,0,,False,,,
3,6800,5,RR:1.25,GG:2.75,0,0,0,0,0,,False,,,
3,6800,5,RR:1.25,GG:3.00,0,0,0,0,0,,False,,,
3,6800,5,RR:1.25,GG:3.25,0,0,0,0,0,,False,,,
3,6800,5,RR:1.25,GG:3.50,0,0,0,0,0,,False,,,
3,6800,5,RR:1.50,GG:0.50,0,0,0,0,0,,False,,,
3,6800,5,RR:1.50,GG:0.75,0,0,0,0,0,,False,,,
3,6800,5,RR:1.50,GG:1.00,0,0,0,0,0,,False,,,
3,6800,5,RR:1.50,GG:1.25,0,0,0,0,0,,False,,,
3,6800,5,RR:1.50,GG:1.50,0,0,0,0,0,,False,,,
3,6800,5,RR:1.50,GG:1.75,0,0,0,0,0,,False,,,
3,6800,5,RR:1.50,GG:2.00,0,0,0,0,0,,False,,,
3,6800,5,RR:1.50,GG:2.25,0,0,0,0,0,,False,,,
3,6800,5,RR:1.50,GG:2.50,0,0,0,0,0,,False,,,
3,6800,5,RR:1.50,GG:2.75,0,0,0,0,0,,False,,,
3,6800,5,RR:1.50,GG:3.00,0,0,0,0,0,,False,,,
3,6800,5,RR:1.50,GG:3.25,0,0,0,0,0,,False,,,
3,6800,5,RR:1.50,GG:3.50,0,0,0,0,0,,False,,,
3,6800,5,RR:1.75,GG:0.50,0,0,0,0,0,,False,,,
3,6800,5,RR:1.75,GG:0.75,0,0,0,0,0,,False,,,
3,6800,5,RR:1.75,GG:1.00,0,0,0,0,0,,False,,,
3,6800,5,RR:1.75,GG:1.25,0,0,0,0,0,,False,,,
3,6800,5,RR:1.75,GG:1.50,0,0,0,0,0,,False,,,
3,6800,5,RR:1.75,GG:1.75,0,0,0,0,0,,False,,,
3,6800,5,RR:1.75,GG:2.00,0,0,0,0,0,,False,,,
3,6800,5,RR:1.75,GG:2.25,0,0,0,0,0,,False,,,
3,6800,5,RR:1.75,GG:2.50,0,0,0,0,0,,False,,,
3,6800,5,RR:1.75,GG:2.75,0,0,0,0,0,,False,,,
3,6800,5,RR:1.75,GG:3.00,0,0,0,0,0,,False,,,
3,6800,5,RR:1.75,GG:3.25,0,0,0,0,0,,False,,,
3,6800,5,RR:1.75,GG:3.50,0,0,0,0,0,,False,,,
3,6800,5,RR:2.00,GG:0.50,0,0,0,0,0,,False,,,
3,6800,5,RR:2.00,GG:0.75,0,0,0,0,0,,False,,,
3,6800,5,RR:2.00,GG:1.00,0,0,0,0,0,,False,,,
3,6800,5,RR:2.00,GG:1.25,0,0,0,0,0,,False,,,
3,6800,5,RR:2.00,GG:1.50,0,0,0,0,0,,False,,,
3,6800,5,RR:2.00,GG:1.75,0,0,0,0,0,,False,,,
3,6800,5,RR:2.00,GG:2.00,0,0,0,0,0,,False,,,
3,6800,5,RR:2.00,GG:2.25,0,0,0,0,0,,False,,,
3,6800,5,RR:2.00,GG:2.50,0,0,0,0,0,,False,,,
3,6800,5,RR:2.00,GG:2.75,0,0,0,0,0,,False,,,
3,6800,5,RR:2.00,GG:3.00,0,0,0,0,0,,False,,,
3,6800,5,RR:2.00,GG:3.25,0,0,0,0,0,,False,,,
3,6800,5,RR:2.00,GG:3.50,0,0,0,0,0,,False,,,
3,6800,5,RR:2.25,GG:0.50,0,0,0,0,0,,False,,,
3,6800,5,RR:2.25,GG:0.75,0,0,0,0,0,,False,,,
3,6800,5,RR:2.25,GG:1.00,0,0,0,0,0,,False,,,
3,6800,5,RR:2.25,GG:1.25,0,0,0,0,0,,False,,,
3,6800,5,RR:2.25,GG:1.50,0,0,0,0,0,,False,,,
3,6800,5,RR:2.25,GG:1.75,0,0,0,0,0,,False,,,
3,6800,5,RR:2.25,GG:2.00,0,0,0,0,0,,False,,,
3,6800,5,RR:2.25,GG:2.25,0,0,0,0,0,,False,,,
3,6800,5,RR:2.25,GG:2.50,0,0,0,0,0,,False,,,
3,6800,5,RR:2.25,GG:2.75,0,0,0,0,0,,False,,,
3,6800,5,RR:2.25,GG:3.00,0,0,0,0,0,,False,,,
3,6800,5,RR:2.25,GG:3.25,0,0,0,0,0,,False,,,
3,6800,5,RR:2.25,GG:3.50,0,0,0,0,0,,False,,,
3,6800,5,RR:2.50,GG:0.50,0,0,0,0,0,,False,,,
3,6800,5,RR:2.50,GG:0.75,0,0,0,0,0,,False,,,
3,6800,5,RR:2.50,GG:1.00,0,0,0,0,0,,False,,,
3,6800,5,RR:2.50,GG:1.25,0,0,0,0,0,,False,,,
3,6800,5,RR:2.50,GG:1.50,0,0,0,0,0,,False,,,
3,6800,5,RR:2.50,GG:1.75,0,0,0,0,0,,False,,,
3,6800,5,RR:2.50,GG:2.00,0,0,0,0,0,,False,,,
3,6800,5,RR:2.50,GG:2.25,0,0,0,0,0,,False,,,
3,6800,5,RR:2.50,GG:2.50,0,0,0,0,0,,False,,,
3,6800,5,RR:2.50,GG:2.75,0,0,0,0,0,,False,,,
3,6800,5,RR:2.50,GG:3.00,0,0,0,0,0,,False,,,
3,6800,5,RR:2.50,GG:3.25,0,0,0,0,0,,False,,,
3,6800,5,RR:2.50,GG:3.50,0,0,0,0,0,,False,,,
3,6800,5,RR:2.75,GG:0.50,0,0,0,0,0,,False,,,
3,6800,5,RR:2.75,GG:0.75,0,0,0,0,0,,False,,,
3,6800,5,RR:2.75,GG:1.00,0,0,0,0,0,,False,,,
3,6800,5,RR:2.75,GG:1.25,0,0,0,0,0,,False,,,
3,6800,5,RR:2.75,GG:1.50,0,0,0,0,0,,False,,,
3,6800,5,RR:2.75,GG:1.75,0,0,0,0,0,,False,,,
3,6800,5,RR:2.75,GG:2.00,0,0,0,0,0,,False,,,
3,6800,5,RR:2.75,GG:2.25,0,0,0,0,0,,False,,,
3,6800,5,RR:2.75,GG:2.50,0,0,0,0,0,,False,,,
3,6800,5,RR:2.75,GG:2.75,0,0,0,0,0,,False,,,
3,6800,5,RR:2.75,GG:3.00,0,0,0,0,0,,False,,,
3,6800,5,RR:2.75,GG:3.25,0,0,0,0,0,,False,,,
3,6800,5,RR:2.75,GG:3.50,0,0,0,0,0,,False,,,
3,6800,5,RR:3.00,GG:0.50,0,0,0,0,0,,False,,,
3,6800,5,RR:3.00,GG:0.75,0,0,0,0,0,,False,,,
3,6800,5,RR:3.00,GG:1.00,0,0,0,0,0,,False,,,
3,6800,5,RR:3.00,GG:1.25,0,0,0,0,0,,False,,,
3,6800,5,RR:3.00,GG:1.50,0,0,0,0,0,,False,,,
3,6800,5,RR:3.00,GG:1.75,0,0,0,0,0,,False,,,
3,6800,5,RR:3.00,GG:2.00,0,0,0,0,0,,False,,,
3,6800,5,RR:3.00,GG:2.25,0,0,0,0,0,,False,,,
3,6800,5,RR:3.00,GG:2.50,0,0,0,0,0,,False,,,
3,6800,5,RR:3.00,GG:2.75,0,0,0,0,0,,False,,,
3,6800,5,RR:3.00,GG:3.00,0,0,0,0,0,,False,,,
3,6800,5,RR:3.00,GG:3.25,0,0,0,0,0,,False,,,
3,6800,5,RR:3.00,GG:3.50,0,0,0,0,0,,False,,,
3,6800,5,RR:3.25,GG:0.50,0,0,0,0,0,,False,,,
3,6800,5,RR:3.25,GG:0.75,0,0,0,0,0,,False,,,
3,6800,5,RR:3.25,GG:1.00,0,0,0,0,0,,False,,,
3,6800,5,RR:3.25,GG:1.25,0,0,0,0,0,,False,,,
3,6800,5,RR:3.25,GG:1.50,0,0,0,0,0,,False,,,
3,6800,5,RR:3.25,GG:1.75,0,0,0,0,0,,False,,,
3,6800,5,RR:3.25,GG:2.00,0,0,0,0,0,,False,,,
3,6800,5,RR:3.25,GG:2.25,0,0,0,0,0,,False,,,
3,6800,5,RR:3.25,GG:2.50,0,0,0,0,0,,False,,,
3,6800,5,RR:3.25,GG:2.75,0,0,0,0,0,,False,,,
3,6800,5,RR:3.25,GG:3.00,0,0,0,0,0,,False,,,
3,6800,5,RR:3.25,GG:3.25,0,0,0,0,0,,False,,,
3,6800,5,RR:3.25,GG:3.50,0,0,0,0,0,,False,,,
3,6800,5,RR:3.50,GG:0.50,0,0,0,0,0,,False,,,
3,6800,5,RR:3.50,GG:0.75,0,0,0,0,0,,False,,,
3,6800,5,RR:3.50,GG:1.00,0,0,0,0,0,,False,,,
3,6800,5,RR:3.50,GG:1.25,0,0,0,0,0,,False,,,
3,6800,5,RR:3.50,GG:1.50,0,0,0,0,0,,False,,,
3,6800,5,RR:3.50,GG:1.75,0,0,0,0,0,,False,,,
3,6800,5,RR:3.50,GG:2.00,0,0,0,0,0,,False,,,
3,6800,5,RR:3.50,GG:2.25,0,0,0,0,0,,False,,,
3,6800,5,RR:3.50,GG:2.50,0,0,0,0,0,,False,,,
3,6800,5,RR:3.50,GG:2.75,0,0,0,0,0,,False,,,
3,6800,5,RR:3.50,GG:3.00,0,0,0,0,0,,False,,,
3,6800,5,RR:3.50,GG:3.25,0,0,0,0,0,,False,,,
3,6800,5,RR:3.50,GG:3.50,0,0,0,0,0,,False,,,
3,6800,5,RR:0.50,RR:2.50,0,0,0,0,0,,False,,,
3,6800,20,RR:0.50,GG:0.50,0,0,0,0,0,,False,,,
3,6800,20,RR:0.50,GG:0.75,0,0,0,0,0,,False,,,
3,6800,20,RR:0.50,GG:1.00,0,0,0,0,0,,False,,,
3,6800,20,RR:0.50,GG:1.25,0,0,0,0,0,,False,,,
3,6800,20,RR:0.50,GG:1.50,0,0,0,0,0,,False,,,
3,6800,20,RR:0.50,GG:1.75,0,0,0,0,0,,False,,,
3,6800,20,RR:0.50,GG:2.00,0,0,0,0,0,,False,,,
3,6800,20,RR:0.50,GG:2.25,0,0,0,0,0,,False,,,
3,6800,20,RR:0.50,GG:2.50,0,0,0,0,0,,False,,,
3,6800,20,RR:0.50,GG:2.75,0,0,0,0,0,,False,,,
3,6800,20,RR:0.50,GG:3.00,0,0,0,0,0,,False,,,
3,6800,20,RR:0.50,GG:3.25,0,0,0,0,0,,False,,,
3,6800,20,RR:0.50,GG:3.50,0,0,0,0,0,,False,,,
3,6800,20,RR:0.75,GG:0.50,0,0,0,0,0,,False,,,
3,6800,20,RR:0.75,GG:0.75,0,0,0,0,0,,False,,,
3,6800,20,RR:0.75,GG:1.00,0,0,0,0,0,,False,,,
3,6800,20,RR:0.75,GG:1.25,0,0,0,0,0,,False,,,
3,6800,20,RR:0.75,GG:1.50,0,0,0,0,0,,False,,,
3,6800,20,RR:0.75,GG:1.75,0,0,0,0,0,,False,,,
3,6800,20,RR:0.75,GG:2.00,0,0,0,0,0,,False,,,
3,6800,20,RR:0.75,GG:2.25,0,0,0,0,0,,False,,,
3,6800,20,RR:0.75,GG:2.50,0,0,0,0,0,,False,,,
3,6800,20,RR:0.75,GG:2.75,0,0,0,0,0,,False,,,
3,6800,20,RR:0.75,GG:3.00,0,0,0,0,0,,False,,,
3,6800,20,RR:0.75,GG:3.25,0,0,0,0,0,,False,,,
3,6800,20,RR:0.75,GG:3.50,0,0,0,0,0,,False,,,
3,6800,20,RR:1.00,GG:0.50,0,0,0,0,0,,False,,,
3,6800,20,RR:1.00,GG:0.75,0,0,0,0,0,,False,,,
3,6800,20,RR:1.00,GG:1.00,0,0,0,0,0,,False,,,
3,6800,20,RR:1.00,GG:1.25,0,0,0,0,0,,False,,,
3,6800,20,RR:1.00,GG:1.50,0,0,0,0,0,,False,,,
3,6800,20,RR:1.00,GG:1.75,0,0,0,0,0,,False,,,
3,6800,20,RR:1.00,GG:2.00,0,0,0,0,0,,False,,,
3,6800,20,RR:1.00,GG:2.25,0,0,0,0,0,,False,,,
3,6800,20,RR:1.00,GG:2.50,0,0,0,0,0,,False,,,
3,6800,20,RR:1.00,GG:2.75,0,0,0,0,0,,False,,,
3,6800,20,RR:1.00,GG:3.00,0,0,0,0,0,,False,,,
3,6800,20,RR:1.00,GG:3.25,0,0,0,0,0,,False,,,
3,6800,20,RR:1.00,GG:3.50,0,0,0,0,0,,False,,,
3,6800,20,RR:1.25,GG:0.50,0,0,0,0,0,,False,,,
3,6800,20,RR:1.25,GG:0.75,0,0,0,0,0,,False,,,
3,6800,20,RR:1.25,GG:1.00,0,0,0,0,0,,False,,,
3,6800,20,RR:1.25,GG:1.25,0,0,0,0,0,,False,,,
3,6800,20,RR:1.25,GG:1.50,0,0,0,0,0,,False,,,
3,6800,20,RR:1.25,GG:1.75,0,0,0,0,0,,False,,,
3,6800,20,RR:1.25,GG:2.00,0,0,0,0,0,,False,,,
3,6800,20,RR:1.25,GG:2.25,0,0,0,0,0,,False,,,
3,6800,20,RR:1.25,GG:2.50,0,0,0,0,0,,False,,,
3,6800,20,RR:1.25,GG:2.75,0,0,0,0,0,,False,,,
3,6800,20,RR:1.25,GG:3.00,0,0,0,0,0,,False,,,
3,6800,20,RR:1.25,GG:3.25,0,0,0,0,0,,False,,,
3,6800,20,RR:1.25,GG:3.50,0,0,0,0,0,,False,,,
3,6800,20,RR:1.50,GG:0.50,0,0,0,0,0,,False,,,
3,6800,20,RR:1.50,GG:0.75,0,0,0,0,0,,False,,,
3,6800,20,RR:1.50,GG:1.00,0,0,0,0,0,,False,,,
3,6800,20,RR:1.50,GG:1.25,0,0,0,0,0,,False,,,
3,6800,20,RR:1.50,GG:1.50,0,0,0,0,0,,False,,,
3,6800,20,RR:1.50,GG:1.75,0,0,0,0,0,,False,,,
3,6800,20,RR:1.50,GG:2.00,0,0,0,0,0,,False,,,
3,6800,20,RR:1.50,GG:2.25,0,0,0,0,0,,False,,,
3,6800,20,RR:1.50,GG:2.50,0,0,0,0,0,,False,,,
3,6800,20,RR:1.50,GG:2.75,0,0,0,0,0,,False,,,
3,6800,20,RR:1.50,GG:3.00,0,0,0,0,0,,False,,,
3,6800,20,RR:1.50,GG:3.25,0,0,0,0,0,,False,,,
3,6800,20,RR:1.50,GG:3.50,0,0,0,0,0,,False,,,
3,6800,20,RR:1.75,GG:0.50,0,0,0,0,0,,False,,,
3,6800,20,RR:1.75,GG:0.75,0,0,0,0,0,,False,,,
3,6800,20,RR:1.75,GG:1.00,0,0,0,0,0,,False,,,
3,6800,20,RR:1.75,GG:1.25,0,0,0,0,0,,False,,,
3,6800,20,RR:1.75,GG:1.50,0,0,0,0,0,,False,,,
3,6800,20,RR:1.75,GG:1.75,0,0,0,0,0,,False,,,
3,6800,20,RR:1.75,GG:2.00,0,0,0,0,0,,False,,,
3,6800,20,RR:1.75,GG:2.25,0,0,0,0,0,,False,,,
3,6800,20,RR:1.75,GG:2.50,0,0,0,0,0,,False,,,
3,6800,20,RR:1.75,GG:2.75,0,0,0,0,0,,False,,,
3,6800,20,RR:1.75,GG:3.00,0,0,0,0,0,,False,,,
3,6800,20,RR:1.75,GG:3.25,0,0,0,0,0,,False,,,
3,6800,20,RR:1.75,GG:3.50,0,0,0,0,0,,False,,,
3,6800,20,RR:2.00,GG:0.50,0,0,0,0,0,,False,,,
3,6800,20,RR:2.00,GG:0.75,0,0,0,0,0,,False,,,
3,6800,20,RR:2.00,GG:1.00,0,0,0,0,0,,False,,,
3,6800,20,RR:2.00,GG:1.25,0,0,0,0,0,,False,,,
3,6800,20,RR:2.00,GG:1.50,0,0,0,0,0,,False,,,
3,6800,20,RR:2.00,GG:1.75,0,0,0,0,0,,False,,,
3,6800,20,RR:2.00,GG:2.00,0,0,0,0,0,,False,,,
3,6800,20,RR:2.00,GG:2.25,0,0,0,0,0,,False,,,
3,6800,20,RR:2.00,GG:2.50,0,0,0,0,0,,False,,,
3,6800,20,RR:2.00,GG:2.75,0,0,0,0,0,,False,,,
3,6800,20,RR:2.00,GG:3.00,0,0,0,0,0,,False,,,
3,6800,20,RR:2.00,GG:3.25,0,0,0,0,0,,False,,,
3,6800,20,RR:2.00,GG:3.50,0,0,0,0,0,,False,,,
3,6800,20,RR:2.25,GG:0.50,0,0,0,0,0,,False,,,
3,6800,20,RR:2.25,GG:0.75,0,0,0,0,0,,False,,,
3,6800,20,RR:2.25,GG:1.00,0,0,0,0,0,,False,,,
3,6800,20,RR:2.25,GG:1.25,0,0,0,0,0,,False,,,
3,6800,20,RR:2.25,GG:1.50,0,0,0,0,0,,False,,,
3,6800,20,RR:2.25,GG:1.75,0,0,0,0,0,,False,,,
3,6800,20,RR:2.25,GG:2.00,0,0,0,0,0,,False,,,
3,6800,20,RR:2.25,GG:2.25,0,0,0,0,0,,False,,,
3,6800,20,RR:2.25,GG:2.50,0,0,0,0,0,,False,,,
3,6800,20,RR:2.25,GG:2.75,0,0,0,0,0,,False,,,
3,6800,20,RR:2.25,GG:3.00,0,0,0,0,0,,False,,,
3,6800,20,RR:2.25,GG:3.25,0,0,0,0,0,,False,,,
3,6800,20,RR:2.25,GG:3.50,0,0,0,0,0,,False,,,
3,6800,20,RR:2.50,GG:0.50,0,0,0,0,0,,False,,,
3,6800,20,RR:2.50,GG:0.75,0,0,0,0,0,,False,,,
3,6800,20,RR:2.50,GG:1.00,0,0,0,0,0,,False,,,
3,6800,20,RR:2.50,GG:1.25,0,0,0,0,0,,False,,,
3,6800,20,RR:2.50,GG:1.50,0,0,0,0,0,,False,,,
3,6800,20,RR:2.50,GG:1.75,0,0,0,0,0,,False,,,
3,6800,20,RR:2.50,GG:2.00,0,0,0,0,0,,False,,,
3,6800,20,RR:2.50,GG:2.25,0,0,0,0,0,,False,,,
3,6800,20,RR:2.50,GG:2.50,0,0,0,0,0,,False,,,
3,6800,20,RR:2.50,GG:2.75,0,0,0,0,0,,False,,,
3,6800,20,RR:2.50,GG:3.00,0,0,0,0,0,,False,,,
3,6800,20,RR:2.50,GG:3.25,0,0,0,0,0,,False,,,
3,6800,20,RR:2.50,GG:3.50,0,0,0,0,0,,False,,,
3,6800,20,RR:2.75,GG:0.50,0,0,0,0,0,,False,,,
3,6800,20,RR:2.75,GG:0.75,0,0,0,0,0,,False,,,
3,6800,20,RR:2.75,GG:1.00,0,0,0,0,0,,False,,,
3,6800,20,RR:2.75,GG:1.25,0,0,0,0,0,,False,,,
3,6800,20,RR:2.75,GG:1.50,0,0,0,0,0,,False,,,
3,6800,20,RR:2.75,GG:1.75,0,0,0,0,0,,False,,,
3,6800,20,RR:2.75,GG:2.00,0,0,0,0,0,,False,,,
3,6800,20,RR:2.75,GG:2.25,0,0,0,0,0,,False,,,
3,6800,20,RR:2.75,GG:2.50,0,0,0,0,0,,False,,,
3,6800,20,RR:2.75,GG:2.75,0,0,0,0,0,,False,,,
3,6800,20,RR:2.75,GG:3.00,0,0,0,0,0,,False,,,
3,6800,20,RR:2.75,GG:3.25,0,0,0,0,0,,False,,,
3,6800,20,RR:2.75,GG:3.50,0,0,0,0,0,,False,,,
3,6800,20,RR:3.00,GG:0.50,0,0,0,0,0,,False,,,
3,6800,20,RR:3.00,GG:0.75,0,0,0,0,0,,False,,,
3,6800,20,RR:3.00,GG:1.00,0,0,0,0,0,,False,,,
3,6800,20,RR:3.00,GG:1.25,0,0,0,0,0,,False,,,
3,6800,20,RR:3.00,GG:1.50,0,0,0,0,0,,False,,,
3,6800,20,RR:3.00,GG:1.75,0,0,0,0,0,,False,,,
3,6800,20,RR:3.00,GG:2.00,0,0,0,0,0,,False,,,
3,6800,20,RR:3.00,GG:2.25,0,0,0,0,0,,False,,,
3,6800,20,RR:3.00,GG:2.50,0,0,0,0,0,,False,,,
3,6800,20,RR:3.00,GG:2.75,0,0,0,0,0,,False,,,
3,6800,20,RR:3.00,GG:3.00,0,0,0,0,0,,False,,,
3,6800,20,RR:3.00,GG:3.25,0,0,0,0,0,,False,,,
3,6800,20,RR:3.00,GG:3.50,0,0,0,0,0,,False,,,
3,6800,20,RR:3.25,GG:0.50,0,0,0,0,0,,False,,,
3,6800,20,RR:3.25,GG:0.75,0,0,0,0,0,,False,,,
3,6800,20,RR:3.25,GG:1.00,0,0,0,0,0,,False,,,
3,6800,20,RR:3.25,GG:1.25,0,0,0,0,0,,False,,,
3,6800,20,RR:3.25,GG:1.50,0,0,0,0,0,,False,,,
3,6800,20,RR:3.25,GG:1.75,0,0,0,0,0,,False,,,
3,6800,20,RR:3.25,GG:2.00,0,0,0,0,0,,False,,,
3,6800,20,RR:3.25,GG:2.25,0,0,0,0,0,,False,,,
3,6800,20,RR:3.25,GG:2.50,0,0,0,0,0,,False,,,
3,6800,20,RR:3.25,GG:2.75,0,0,0,0,0,,False,,,
3,6800,20,RR:3.25,GG:3.00,0,0,0,0,0,,False,,,
3,6800,20,RR:3.25,GG:3.25,0,0,0,0,0,,False,,,
3,6800,20,RR:3.25,GG:3.50,0,0,0,0,0,,False,,,
3,6800,20,RR:3.50,GG:0.50,0,0,0,0,0,,False,,,
3,6800,20,RR:3.50,GG:0.75,0,0,0,0,0,,False,,,
3,6800,20,RR:3.50,GG:1.00,0,0,0,0,0,,False,,,
3,6800,20,RR:3.50,GG:1.25,0,0,0,0,0,,False,,,
3,6800,20,RR:3.50,GG:1.50,0,0,0,0,0,,False,,,
3,6800,20,RR:3.50,GG:1.75,0,0,0,0,0,,False,,,
3,6800,20,RR:3.50,GG:2.00,0,0,0,0,0,,False,,,
3,6800,20,RR:3.50,GG:2.25,0,0,0,0,0,,False,,,
3,6800,20,RR:3.50,GG:2.50,0,0,0,0,0,,False,,,
3,6800,20,RR:3.50,GG:2.75,0,0,0,0,0,,False,,,
3,6800,20,RR:3.50,GG:3.00,0,0,0,0,0,,False,,,
3,6800,20,RR:3.50,GG:3.25,0,0,0,0,0,,False,,,
3,6800,20,RR:3.50,GG:3.50,0,0,0,0,0,,False,,,
3,6800,20,RR:0.50,RR:2.50,0,0,0,0,0,,False,,,
3,6800,40,RR:0.50,GG:0.50,0,0,0,0,0,,False,,,
3,6800,40,RR:0.50,GG:0.75,0,0,0,0,0,,False,,,
3,6800,40,RR:0.50,GG:1.00,0,0,0,0,0,,False,,,
3,6800,40,RR:0.50,GG:1.25,0,0,0,0,0,,False,,,
3,6800,40,RR:0.50,GG:1.50,0,0,0,0,0,,False,,,
3,6800,40,RR:0.50,GG:1.75,0,0,0,0,0,,False,,,
3,6800,40,RR:0.50,GG:2.00,0,0,0,0,0,,False,,,
3,6800,40,RR:0.50,GG:2.25,0,0,0,0,0,,False,,,
3,6800,40,RR:0.50,GG:2.50,0,0,0,0,0,,False,,,
3,6800,40,RR:0.50,GG:2.75,0,0,0,0,0,,False,,,
3,6800,40,RR:0.50,GG:3.00,0,0,0,0,0,,False,,,
3,6800,40,RR:0.50,GG:3.25,0,0,0,0,0,,False,,,
3,6800,40,RR:0.50,GG:3.50,0,0,0,0,0,,False,,,
3,6800,40,RR:0.75,GG:0.50,0,0,0,0,0,,False,,,
3,6800,40,RR:0.75,GG:0.75,0,0,0,0,0,,False,,,
3,6800,40,RR:0.75,GG:1.00,0,0,0,0,0,,False,,,
3,6800,40,RR:0.75,GG:1.25,0,0,0,0,0,,False,,,
3,6800,40,RR:0.75,GG:1.50,0,0,0,0,0,,False,,,
3,6800,40,RR:0.75,GG:1.75,0,0,0,0,0,,False,,,
3,6800,40,RR:0.75,GG:2.00,0,0,0,0,0,,False,,,
3,6800,40,RR:0.75,GG:2.25,0,0,0,0,0,,False,,,
3,6800,40,RR:0.75,GG:2.50,0,0,0,0,0,,False,,,
3,6800,40,RR:0.75,GG:2.75,0,0,0,0,0,,False,,,
3,6800,40,RR:0.75,GG:3.00,0,0,0,0,0,,False,,,
3,6800,40,RR:0.75,GG:3.25,0,0,0,0,0,,False,,,
3,6800,40,RR:0.75,GG:3.50,0,0,0,0,0,,False,,,
3,6800,40,RR:1.00,GG:0.50,0,0,0,0,0,,False,,,
3,6800,40,RR:1.00,GG:0.75,0,0,0,0,0,,False,,,
3,6800,40,RR:1.00,GG:1.00,0,0,0,0,0,,False,,,
3,6800,40,RR:1.00,GG:1.25,0,0,0,0,0,,False,,,
3,6800,40,RR:1.00,GG:1.50,0,0,0,0,0,,False,,,
3,6800,40,RR:1.00,GG:1.75,0,0,0,0,0,,False,,,
3,6800,40,RR:1.00,GG:2.00,0,0,0,0,0,,False,,,
3,6800,40,RR:1.00,GG:2.25,0,0,0,0,0,,False,,,
3,6800,40,RR:1.00,GG:2.50,0,0,0,0,0,,False,,,
3,6800,40,RR:1.00,GG:2.75,0,0,0,0,0,,False,,,
3,6800,40,RR:1.00,GG:3.00,0,0,0,0,0,,False,,,
3,6800,40,RR:1.00,GG:3.25,0,0,0,0,0,,False,,,
3,6800,40,RR:1.00,GG:3.50,0,0,0,0,0,,False,,,
3,6800,40,RR:1.25,GG:0.50,0,0,0,0,0,,False,,,
3,6800,40,RR:1.25,GG:0.75,0,0,0,0,0,,False,,,
3,6800,40,RR:1.25,GG:1.00,0,0,0,0,0,,False,,,
3,6800,40,RR:1.25,GG:1.25,0,0,0,0,0,,False,,,
3,6800,40,RR:1.25,GG:1.50,0,0,0,0,0,,False,,,
3,6800,40,RR:1.25,GG:1.75,0,0,0,0,0,,False,,,
3,6800,40,RR:1.25,GG:2.00,0,0,0,0,0,,False,,,
3,6800,40,RR:1.25,GG:2.25,0,0,0,0,0,,False,,,
3,6800,40,RR:1.25,GG:2.50,0,0,0,0,0,,False,,,
3,6800,40,RR:1.25,GG:2.75,0,0,0,0,0,,False,,,
3,6800,40,RR:1.25,GG:3.00,0,0,0,0,0,,False,,,
3,6800,40,RR:1.25,GG:3.25,0,0,0,0,0,,False,,,
3,6800,40,RR:1.25,GG:3.50,0,0,0,0,0,,False,,,
3,6800,40,RR:1.50,GG:0.50,0,0,0,0,0,,False,,,
3,6800,40,RR:1.50,GG:0.75,0,0,0,0,0,,False,,,
3,6800,40,RR:1.50,GG:1.00,0,0,0,0,0,,False,,,
3,6800,40,RR:1.50,GG:1.25,0,0,0,0,0,,False,,,
3,6800,40,RR:1.50,GG:1.50,0,0,0,0,0,,False,,,
3,6800,40,RR:1.50,GG:1.75,0,0,0,0,0,,False,,,
3,6800,40,RR:1.50,GG:2.00,0,0,0,0,0,,False,,,
3,6800,40,RR:1.50,GG:2.25,0,0,0,0,0,,False,,,
3,6800,40,RR:1.50,GG:2.50,0,0,0,0,0,,False,,,
3,6800,40,RR:1.50,GG:2.75,0,0,0,0,0,,False,,,
3,6800,40,RR:1.50,GG:3.00,0,0,0,0,0,,False,,,
3,6800,40,RR:1.50,GG:3.25,0,0,0,0,0,,False,,,
3,6800,40,RR:1.50,GG:3.50,0,0,0,0,0,,False,,,
3,6800,40,RR:1.75,GG:0.50,0,0,0,0,0,,False,,,
3,6800,40,RR:1.75,GG:0.75,0,0,0,0,0,,False,,,
3,6800,40,RR:1.75,GG:1.00,0,0,0,0,0,,False,,,
3,6800,40,RR:1.75,GG:1.25,0,0,0,0,0,,False,,,
3,6800,40,RR:1.75,GG:1.50,0,0,0,0,0,,False,,,
3,6800,40,RR:1.75,GG:1.75,0,0,0,0,0,,False,,,
3,6800,40,RR:1.75,GG:2.00,0,0,0,0,0,,False,,,
3,6800,40,RR:1.75,GG:2.25,0,0,0,0,0,,False,,,
3,6800,40,RR:1.75,GG:2.50,0,0,0,0,0,,False,,,
3,6800,40,RR:1.75,GG:2.75,0,0,0,0,0,,False,,,
3,6800,40,RR:1.75,GG:3.00,0,0,0,0,0,,False,,,
3,6800,40,RR:1.75,GG:3.25,0,0,0,0,0,,False,,,
3,6800,40,RR:1.75,GG:3.50,0,0,0,0,0,,False,,,
3,6800,40,RR:2.00,GG:0.50,0,0,0,0,0,,False,,,
3,6800,40,RR:2.00,GG:0.75,0,0,0,0,0,,False,,,
3,6800,40,RR:2.00,GG:1.00,0,0,0,0,0,,False,,,
3,6800,40,RR:2.00,GG:1.25,0,0,0,0,0,,False,,,
3,6800,40,RR:2.00,GG:1.50,0,0,0,0,0,,False,,,
3,6800,40,RR:2.00,GG:1.75,0,0,0,0,0,,False,,,
3,6800,40,RR:2.00,GG:2.00,0,0,0,0,0,,False,,,
3,6800,40,RR:2.00,GG:2.25,0,0,0,0,0,,False,,,
3,6800,40,RR:2.00,GG:2.50,0,0,0,0,0,,False,,,
3,6800,40,RR:2.00,GG:2.75,0,0,0,0,0,,False,,,
3,6800,40,RR:2.00,GG:3.00,0,0,0,0,0,,False,,,
3,6800,40,RR:2.00,GG:3.25,0,0,0,0,0,,False,,,
3,6800,40,RR:2.00,GG:3.50,0,0,0,0,0,,False,,,
3,6800,40,RR:2.25,GG:0.50,0,0,0,0,0,,False,,,
3,6800,40,RR:2.25,GG:0.75,0,0,0,0,0,,False,,,
3,6800,40,RR:2.25,GG:1.00,0,0,0,0,0,,False,,,
3,6800,40,RR:2.25,GG:1.25,0,0,0,0,0,,False,,,
3,6800,40,RR:2.25,GG:1.50,0,0,0,0,0,,False,,,
3,6800,40,RR:2.25,GG:1.75,0,0,0,0,0,,False,,,
3,6800,40,RR:2.25,GG:2.00,0,0,0,0,0,,False,,,
3,6800,40,RR:2.25,GG:2.25,0,0,0,0,0,,False,,,
3,6800,40,RR:2.25,GG:2.50,0,0,0,0,0,,False,,,
3,6800,40,RR:2.25,GG:2.75,0,0,0,0,0,,False,,,
3,6800,40,RR:2.25,GG:3.00,0,0,0,0,0,,False,,,
3,6800,40,RR:2.25,GG:3.25,0,0,0,0,0,,False,,,
3,6800,40,RR:2.25,GG:3.50,0,0,0,0,0,,False,,,
3,6800,40,RR:2.50,GG:0.50,0,0,0,0,0,,False,,,
3,6800,40,RR:2.50,GG:0.75,0,0,0,0,0,,False,,,
3,6800,40,RR:2.50,GG:1.00,0,0,0,0,0,,False,,,
3,6800,40,RR:2.50,GG:1.25,0,0,0,0,0,,False,,,
3,6800,40,RR:2.50,GG:1.50,0,0,0,0,0,,False,,,
3,6800,40,RR:2.50,GG:1.75,0,0,0,0,0,,False,,,
3,6800,40,RR:2.50,GG:2.00,0,0,0,0,0,,False,,,
3,6800,40,RR:2.50,GG:2.25,0,0,0,0,0,,False,,,
3,6800,40,RR:2.50,GG:2.50,0,0,0,0,0,,False,,,
3,6800,40,RR:2.50,GG:2.75,0,0,0,0,0,,False,,,
3,6800,40,RR:2.50,GG:3.00,0,0,0,0,0,,False,,,
3,6800,40,RR:2.50,GG:3.25,0,0,0,0,0,,False,,,
3,6800,40,RR:2.50,GG:3.50,0,0,0,0,0,,False,,,
3,6800,40,RR:2.75,GG:0.50,0,0,0,0,0,,False,,,
3,6800,40,RR:2.75,GG:0.75,0,0,0,0,0,,False,,,
3,6800,40,RR:2.75,GG:1.00,0,0,0,0,0,,False,,,
3,6800,40,RR:2.75,GG:1.25,0,0,0,0,0,,False,,,
3,6800,40,RR:2.75,GG:1.50,0,0,0,0,0,,False,,,
3,6800,40,RR:2.75,GG:1.75,0,0,0,0,0,,False,,,
3,6800,40,RR:2.75,GG:2.00,0,0,0,0,0,,False,,,
3,6800,40,RR:2.75,GG:2.25,0,0,0,0,0,,False,,,
3,6800,40,RR:2.75,GG:2.50,0,0,0,0,0,,False,,,
3,6800,40,RR:2.75,GG:2.75,0,0,0,0,0,,False,,,
3,6800,40,RR:2.75,GG:3.00,0,0,0,0,0,,False,,,
3,6800,40,RR:2.75,GG:3.25,0,0,0,0,0,,False,,,
3,6800,40,RR:2.75,GG:3.50,0,0,0,0,0,,False,,,
3,6800,40,RR:3.00,GG:0.50,0,0,0,0,0,,False,,,
3,6800,40,RR:3.00,GG:0.75,0,0,0,0,0,,False,,,
3,6800,40,RR:3.00,GG:1.00,0,0,0,0,0,,False,,,
3,6800,40,RR:3.00,GG:1.25,0,0,0,0,0,,False,,,
3,6800,40,RR:3.00,GG:1.50,0,0,0,0,0,,False,,,
3,6800,40,RR:3.00,GG:1.75,0,0,0,0,0,,False,,,
3,6800,40,RR:3.00,GG:2.00,0,0,0,0,0,,False,,,
3,6800,40,RR:3.00,GG:2.25,0,0,0,0,0,,False,,,
3,6800,40,RR:3.00,GG:2.50,0,0,0,0,0,,False,,,
3,6800,40,RR:3.00,GG:2.75,0,0,0,0,0,,False,,,
3,6800,40,RR:3.00,GG:3.00,0,0,0,0,0,,False,,,
3,6800,40,RR:3.00,GG:3.25,0,0,0,0,0,,False,,,
3,6800,40,RR:3.00,GG:3.50,0,0,0,0,0,,False,,,
3,6800,40,RR:3.25,GG:0.50,0,0,0,0,0,,False,,,
3,6800,40,RR:3.25,GG:0.75,0,0,0,0,0,,False,,,
3,6800,40,RR:3.25,GG:1.00,0,0,0,0,0,,False,,,
3,6800,40,RR:3.25,GG:1.25,0,0,0,0,0,,False,,,
3,6800,40,RR:3.25,GG:1.50,0,0,0,0,0,,False,,,
3,6800,40,RR:3.25,GG:1.75,0,0,0,0,0,,False,,,
3,6800,40,RR:3.25,GG:2.00,0,0,0,0,0,,False,,,
3,6800,40,RR:3.25,GG:2.25,0,0,0,0,0,,False,,,
3,6800,40,RR:3.25,GG:2.50,0,0,0,0,0,,False,,,
3,6800,40,RR:3.25,GG:2.75,0,0,0,0,0,,False,,,
3,6800,40,RR:3.25,GG:3.00,0,0,0,0,0,,False,,,
3,6800,40,RR:3.25,GG:3.25,0,0,0,0,0,,False,,,
3,6800,40,RR:3.25,GG:3.50,0,0,0,0,0,,False,,,
3,6800,40,RR:3.50,GG:0.50,0,0,0,0,0,,False,,,
3,6800,40,RR:3.50,GG:0.75,0,0,0,0,0,,False,,,
3,6800,40,RR:3.50,GG:1.00,0,0,0,0,0,,False,,,
3,6800,40,RR:3.50,GG:1.25,0,0,0,0,0,,False,,,
3,6800,40,RR:3.50,GG:1.50,0,0,0,0,0,,False,,,
3,6800,40,RR:3.50,GG:1.75,0,0,0,0,0,,False,,,
3,6800,40,RR:3.50,GG:2.00,0,0,0,0,0,,False,,,
3,6800,40,RR:3.50,GG:2.25,0,0,0,0,0,,False,,,
3,6800,40,RR:3.50,GG:2.50,0,0,0,0,0,,False,,,
3,6800,40,RR:3.50,GG:2.75,0,0,0,0,0,,False,,,
3,6800,40,RR:3.50,GG:3.00,0,0,0,0,0,,False,,,
3,6800,40,RR:3.50,GG:3.25,0,0,0,0,0,,False,,,
3,6800,40,RR:3.50,GG:3.50,0,0,0,0,0,,False,,,
3,6800,40,RR:0.50,RR:2.50,0,0,0,0,0,,False,,,
6,1500,5,RR:0.50,GG:0.50,3,7,1,2,6,0.1111111111111111,True,6m_b1500_g5_e10,6m_b1500_g5_e03;6m_b1500_g5_e08,6m_b1500_g5_e02;6m_b1500_g5_e05;6m_b1500_g5_e07;6m_b1500_g5_e11;6m_b1500_g5_e14;6m_b1500_g5_e15
6,1500,5,RR:0.50,GG:0.75,3,7,1,2,6,0.1111111111111111,True,6m_b1500_g5_e10,6m_b1500_g5_e03;6m_b1500_g5_e08,6m_b1500_g5_e01;6m_b1500_g5_e05;6m_b1500_g5_e07;6m_b1500_g5_e11;6m_b1500_g5_e13;6m_b1500_g5_e15
6,1500,5,RR:0.50,GG:1.00,3,5,1,2,4,0.14285714285714285,True,6m_b1500_g5_e10,6m_b1500_g5_e03;6m_b1500_g5_e08,6m_b1500_g5_e01;6m_b1500_g5_e05;6m_b1500_g5_e12;6m_b1500_g5_e15
6,1500,5,RR:0.50,GG:1.25,3,4,1,2,3,0.16666666666666666,True,6m_b1500_g5_e10,6m_b1500_g5_e03;6m_b1500_g5_e08,6m_b1500_g5_e05;6m_b1500_g5_e12;6m_b1500_g5_e15
6,1500,5,RR:0.50,GG:1.50,3,4,1,2,3,0.16666666666666666,True,6m_b1500_g5_e10,6m_b1500_g5_e03;6m_b1500_g5_e08,6m_b1500_g5_e05;6m_b1500_g5_e12;6m_b1500_g5_e15
6,1500,5,RR:0.50,GG:1.75,3,6,1,2,5,0.125,True,6m_b1500_g5_e10,6m_b1500_g5_e03;6m_b1500_g5_e08,6m_b1500_g5_e01;6m_b1500_g5_e05;6m_b1500_g5_e07;6m_b1500_g5_e12;6m_b1500_g5_e15
6,1500,5,RR:0.50,GG:2.00,3,7,1,2,6,0.1111111111111111,True,6m_b1500_g5_e10,6m_b1500_g5_e03;6m_b1500_g5_e08,6m_b1500_g5_e01;6m_b1500_g5_e02;6m_b1500_g5_e05;6m_b1500_g5_e07;6m_b1500_g5_e12;6m_b1500_g5_e15
6,1500,5,RR:0.50,GG:2.25,3,7,1,2,6,0.1111111111111111,True,6m_b1500_g5_e10,6m_b1500_g5_e03;6m_b1500_g5_e08,6m_b1500_g5_e01;6m_b1500_g5_e02;6m_b1500_g5_e05;6m_b1500_g5_e07;6m_b1500_g5_e12;6m_b1500_g5_e15
6,1500,5,RR:0.50,GG:2.50,3,7,1,2,6,0.1111111111111111,True,6m_b1500_g5_e10,6m_b1500_g5_e03;6m_b1500_g5_e08,6m_b1500_g5_e01;6m_b1500_g5_e02;6m_b1500_g5_e05;6m_b1500_g5_e07;6m_b1500_g5_e11;6m_b1500_g5_e15
6,1500,5,RR:0.50,GG:2.75,3,7,1,2,6,0.1111111111111111,True,6m_b1500_g5_e10,6m_b1500_g5_e03;6m_b1500_g5_e08,6m_b1500_g5_e01;6m_b1500_g5_e02;6m_b1500_g5_e05;6m_b1500_g5_e07;6m_b1500_g5_e11;6m_b1500_g5_e15
6,1500,5,RR:0.50,GG:3.00,3,6,1,2,5,0.125,True,6m_b1500_g5_e10,6m_b1500_g5_e03;6m_b1500_g5_e08,6m_b1500_g5_e01;6m_b1500_g5_e02;6m_b1500_g5_e05;6m_b1500_g5_e11;6m_b1500_g5_e15
6,1500,5,RR:0.50,GG:3.25,3,6,2,1,4,0.2857142857142857,True,6m_b1500_g5_e08;6m_b1500_g5_e10,6m_b1500_g5_e03,6m_b1500_g5_e01;6m_b1500_g5_e05;6m_b1500_g5_e11;6m_b1500_g5_e15
6,1500,5,RR:0.50,GG:3.50,3,6,2,1,4,0.2857142857142857,True,6m_b1500_g5_e08;6m_b1500_g5_e10,6m_b1500_g5_e03,6m_b1500_g5_e01;6m_b1500_g5_e05;6m_b1500_g5_e11;6m_b1500_g5_e15
6,1500,5,RR:0.75,GG:0.50,4,7,2,2,5,0.2222222222222222,True,6m_b1500_g5_e02;6m_b1500_g5_e10,6m_b1500_g5_e08;6m_b1500_g5_e16,6m_b1500_g5_e05;6m_b1500_g5_e07;6m_b1500_g5_e11;6m_b1500_g5_e14;6m_b1500_g5_e15
6,1500,5,RR:0.75,GG:0.75,4,7,1,3,6,0.1,True,6m_b1500_g5_e10,6m_b1500_g5_e02;6m_b1500_g5_e08;6m_b1500_g5_e16,6m_b1500_g5_e01;6m_b1500_g5_e05;6m_b1500_g5_e07;6m_b1500_g5_e11;6m_b1500_g5_e13;6m_b1500_g5_e15
6,1500,5,RR:0.75,GG:1.00,4,5,1,3,4,0.125,True,6m_b1500_g5_e10,6m_b1500_g5_e02;6m_b1500_g5_e08;6m_b1500_g5_e16,6m_b1500_g5_e01;6m_b1500_g5_e05;6m_b1500_g5_e12;6m_b1500_g5_e15
6,1500,5,RR:0.75,GG:1.25,4,4,1,3,3,0.14285714285714285,True,6m_b1500_g5_e10,6m_b1500_g5_e02;6m_b1500_g5_e08;6m_b1500_g5_e16,6m_b1500_g5_e05;6m_b1500_g5_e12;6m_b1500_g5_e15
6,1500,5,RR:0.75,GG:1.50,4,4,1,3,3,0.14285714285714285,True,6m_b1500_g5_e10,6m_b1500_g5_e02;6m_b1500_g5_e08;6m_b1500_g5_e16,6m_b1500_g5_e05;6m_b1500_g5_e12;6m_b1500_g5_e15
6,1500,5,RR:0.75,GG:1.75,4,6,1,3,5,0.1111111111111111,True,6m_b1500_g5_e10,6m_b1500_g5_e02;6m_b1500_g5_e08;6m_b1500_g5_e16,6m_b1500_g5_e01;6m_b1500_g5_e05;6m_b1500_g5_e07;6m_b1500_g5_e12;6m_b1500_g5_e15
6,1500,5,RR:0.75,GG:2.00,4,7,2,2,5,0.2222222222222222,True,6m_b1500_g5_e02;6m_b1500_g5_e10,6m_b1500_g5_e08;6m_b1500_g5_e16,6m_b1500_g5_e01;6m_b1500_g5_e05;6m_b1500_g5_e07;6m_b1500_g5_e12;6m_b1500_g5_e15
6,1500,5,RR:0.75,GG:2.25,4,7,2,2,5,0.2222222222222222,True,6m_b1500_g5_e02;6m_b1500_g5_e10,6m_b1500_g5_e08;6m_b1500_g5_e16,6m_b1500_g5_e01;6m_b1500_g5_e05;6m_b1500_g5_e07;6m_b1500_g5_e12;6m_b1500_g5_e15
6,1500,5,RR:0.75,GG:2.50,4,7,2,2,5,0.2222222222222222,True,6m_b1500_g5_e02;6m_b1500_g5_e10,6m_b1500_g5_e08;6m_b1500_g5_e16,6m_b1500_g5_e01;6m_b1500_g5_e05;6m_b1500_g5_e07;6m_b1500_g5_e11;6m_b1500_g5_e15
6,1500,5,RR:0.75,GG:2.75,4,7,2,2,5,0.2222222222222222,True,6m_b1500_g5_e02;6m_b1500_g5_e10,6m_b1500_g5_e08;6m_b1500_g5_e16,6m_b1500_g5_e01;6m_b1500_g5_e05;6m_b1500_g5_e07;6m_b1500_g5_e11;6m_b1500_g5_e15
6,1500,5,RR:0.75,GG:3.00,4,6,2,2,4,0.25,True,6m_b1500_g5_e02;6m_b1500_g5_e10,6m_b1500_g5_e08;6m_b1500_g5_e16,6m_b1500_g5_e01;6m_b1500_g5_e05;6m_b1500_g5_e11;6m_b1500_g5_e15
6,1500,5,RR:0.75,GG:3.25,4,6,2,2,4,0.25,True,6m_b1500_g5_e08;6m_b1500_g5_e10,6m_b1500_g5_e02;6m_b1500_g5_e16,6m_b1500_g5_e01;6m_b1500_g5_e05;6m_b1500_g5_e11;6m_b1500_g5_e15
6,1500,5,RR:0.75,GG:3.50,4,6,2,2,4,0.25,True,6m_b1500_g5_e08;6m_b1500_g5_e10,6m_b1500_g5_e02;6m_b1500_g5_e16,6m_b1500_g5_e01;6m_b1500_g5_e05;6m_b1500_g5_e11;6m_b1500_g5_e15
6,1500,5,RR:1.00,GG:0.50,3,7,1,2,6,0.1111111111111111,True,6m_b1500_g5_e02,6m_b1500_g5_e01;6m_b1500_g5_e16,6m_b1500_g5_e05;6m_b1500_g5_e07;6m_b1500_g5_e10;6m_b1500_g5_e11;6m_b1500_g5_e14;6m_b1500_g5_e15
6,1500,5,RR:1.00,GG:0.75,3,7,1,2,6,0.1111111111111111,True,6m_b1500_g5_e01,6m_b1500_g5_e02;6m_b1500_g5_e16,6m_b1500_g5_e05;6m_b1500_g5_e07;6m_b1500_g5_e10;6m_b1500_g5_e11;6m_b1500_g5_e13;6m_b1500_g5_e15
6,1500,5,RR:1.00,GG:1.00,3,5,1,2,4,0.14285714285714285,True,6m_b1500_g5_e01,6m_b1500_g5_e02;6m_b1500_g5_e16,6m_b1500_g5_e05;6m_b1500_g5_e10;6m_b1500_g5_e12;6m_b1500_g5_e15
6,1500,5,RR:1.00,GG:1.25,3,4,0,3,4,0.0,True,,6m_b1500_g5_e01;6m_b1500_g5_e02;6m_b1500_g5_e16,6m_b1500_g5_e05;6m_b1500_g5_e10;6m_b1500_g5_e12;6m_b1500_g5_e15
6,1500,5,RR:1.00,GG:1.50,3,4,0,3,4,0.0,True,,6m_b1500_g5_e01;6m_b1500_g5_e02;6m_b1500_g5_e16,6m_b1500_g5_e05;6m_b1500_g5_e10;6m_b1500_g5_e12;6m_b1500_g5_e15
6,1500,5,RR:1.00,GG:1.75,3,6,1,2,5,0.125,True,6m_b1500_g5_e01,6m_b1500_g5_e02;6m_b1500_g5_e16,6m_b1500_g5_e05;6m_b1500_g5_e07;6m_b1500_g5_e10;6m_b1500_g5_e12;6m_b1500_g5_e15
6,1500,5,RR:1.00,GG:2.00,3,7,2,1,5,0.25,True,6m_b1500_g5_e01;6m_b1500_g5_e02,6m_b1500_g5_e16,6m_b1500_g5_e05;6m_b1500_g5_e07;6m_b1500_g5_e10;6m_b1500_g5_e12;6m_b1500_g5_e15
6,1500,5,RR:1.00,GG:2.25,3,7,2,1,5,0.25,True,6m_b1500_g5_e01;6m_b1500_g5_e02,6m_b1500_g5_e16,6m_b1500_g5_e05;6m_b1500_g5_e07;6m_b1500_g5_e10;6m_b1500_g5_e12;6m_b1500_g5_e15
6,1500,5,RR:1.00,GG:2.50,3,7,2,1,5,0.25,True,6m_b1500_g5_e01;6m_b1500_g5_e02,6m_b1500_g5_e16,6m_b1500_g5_e05;6m_b1500_g5_e07;6m_b1500_g5_e10;6m_b1500_g5_e11;6m_b1500_g5_e15
6,1500,5,RR:1.00,GG:2.75,3,7,2,1,5,0.25,True,6m_b1500_g5_e01;6m_b1500_g5_e02,6m_b1500_g5_e16,6m_b1500_g5_e05;6m_b1500_g5_e07;6m_b1500_g5_e10;6m_b1500_g5_e11;6m_b1500_g5_e15
6,1500,5,RR:1.00,GG:3.00,3,6,2,1,4,0.2857142857142857,True,6m_b1500_g5_e01;6m_b1500_g5_e02,6m_b1500_g5_e16,6m_b1500_g5_e05;6m_b1500_g5_e10;6m_b1500_g5_e11;6m_b1500_g5_e15
6,1500,5,RR:1.00,GG:3.25,3,6,1,2,5,0.125,True,6m_b1500_g5_e01,6m_b1500_g5_e02;6m_b1500_g5_e16,6m_b1500_g5_e05;6m_b1500_g5_e08;6m_b1500_g5_e10;6m_b1500_g5_e11;6m_b1500_g5_e15
6,1500,5,RR:1.00,GG:3.50,3,6,1,2,5,0.125,True,6m_b1500_g5_e01,6m_b1500_g5_e02;6m_b1500_g5_e16,6m_b1500_g5_e05;6m_b1500_g5_e08;6m_b1500_g5_e10;6m_b1500_g5_e11;6m_b1500_g5_e15
6,1500,5,RR:1.25,GG:0.50,5,7,2,3,5,0.2,True,6m_b1500_g5_e02;6m_b1500_g5_e10,6m_b1500_g5_e01;6m_b1500_g5_e06;6m_b1500_g5_e16,6m_b1500_g5_e05;6m_b1500_g5_e07;6m_b1500_g5_e11;6m_b1500_g5_e14;6m_b1500_g5_e15
6,1500,5,RR:1.25,GG:0.75,5,7,2,3,5,0.2,True,6m_b1500_g5_e01;6m_b1500_g5_e10,6m_b1500_g5_e02;6m_b1500_g5_e06;6m_b1500_g5_e16,6m_b1500_g5_e05;6m_b1500_g5_e07;6m_b1500_g5_e11;6m_b1500_g5_e13;6m_b1500_g5_e15
6,1500,5,RR:1.25,GG:1.00,5,5,2,3,3,0.25,True,6m_b1500_g5_e01;6m_b1500_g5_e10,6m_b1500_g5_e02;6m_b1500_g5_e06;6m_b1500_g5_e16,6m_b1500_g5_e05;6m_b1500_g5_e12;6m_b1500_g5_e15
6,1500,5,RR:1.25,GG:1.25,5,4,1,4,3,0.125,True,6m_b1500_g5_e10,6m_b1500_g5_e01;6m_b1500_g5_e02;6m_b1500_g5_e06;6m_b1500_g5_e16,6m_b1500_g5_e05;6m_b1500_g5_e12;6m_b1500_g5_e15
6,1500,5,RR:1.25,GG:1.50,5,4,1,4,3,0.125,True,6m_b1500_g5_e10,6m_b1500_g5_e01;6m_b1500_g5_e02;6m_b1500_g5_e06;6m_b1500_g5_e16,6m_b1500_g5_e05;6m_b1500_g5_e12;6m_b1500_g5_e15
6,1500,5,RR:1.25,GG:1.75,5,6,2,3,4,0.2222222222222222,True,6m_b1500_g5_e01;6m_b1500_g5_e10,6m_b1500_g5_e02;6m_b1500_g5_e06;6m_b1500_g5_e16,6m_b1500_g5_e05;6m_b1500_g5_e07;6m_b1500_g5_e12;6m_b1500_g5_e15
6,1500,5,RR:1.25,GG:2.00,5,7,3,2,4,0.3333333333333333,True,6m_b1500_g5_e01;6m_b1500_g5_e02;6m_b1500_g5_e10,6m_b1500_g5_e06;6m_b1500_g5_e16,6m_b1500_g5_e05;6m_b1500_g5_e07;6m_b1500_g5_e12;6m_b1500_g5_e15
6,1500,5,RR:1.25,GG:2.25,5,7,3,2,4,0.3333333333333333,True,6m_b1500_g5_e01;6m_b1500_g5_e02;6m_b1500_g5_e10,6m_b1500_g5_e06;6m_b1500_g5_e16,6m_b1500_g5_e05;6m_b1500_g5_e07;6m_b1500_g5_e12;6m_b1500_g5_e15
6,1500,5,RR:1.25,GG:2.50,5,7,3,2,4,0.3333333333333333,True,6m_b1500_g5_e01;6m_b1500_g5_e02;6m_b1500_g5_e10,6m_b1500_g5_e06;6m_b1500_g5_e16,6m_b1500_g5_e05;6m_b1500_g5_e07;6m_b1500_g5_e11;6m_b1500_g5_e15
6,1500,5,RR:1.25,GG:2.75,5,7,3,2,4,0.3333333333333333,True,6m_b1500_g5_e01;6m_b1500_g5_e02;6m_b1500_g5_e10,6m_b1500_g5_e06;6m_b1500_g5_e16,6m_b1500_g5_e05;6m_b1500_g5_e07;6m_b1500_g5_e11;6m_b1500_g5_e15
6,1500,5,RR:1.25,GG:3.00,5,6,3,2,3,0.375,True,6m_b1500_g5_e01;6m_b1500_g5_e02;6m_b1500_g5_e10,6m_b1500_g5_e06;6m_b1500_g5_e16,6m_b1500_g5_e05;6m_b1500_g5_e11;6m_b1500_g5_e15
6,1500,5,RR:1.25,GG:3.25,5,6,2,3,4,0.2222222222222222,True,6m_b1500_g5_e01;6m_b1500_g5_e10,6m_b1500_g5_e02;6m_b1500_g5_e06;6m_b1500_g5_e16,6m_b1500_g5_e05;6m_b1500_g5_e08;6m_b1500_g5_e11;6m_b1500_g5_e15
6,1500,5,RR:1.25,GG:3.50,5,6,2,3,4,0.2222222222222222,True,6m_b1500_g5_e01;6m_b1500_g5_e10,6m_b1500_g5_e02;6m_b1500_g5_e06;6m_b1500_g5_e16,6m_b1500_g5_e05;6m_b1500_g5_e08;6m_b1500_g5_e11;6m_b1500_g5_e15
6,1500,5,RR:1.50,GG:0.50,4,7,1,3,6,0.1,True,6m_b1500_g5_e10,6m_b1500_g5_e01;6m_b1500_g5_e09;6m_b1500_g5_e16,6m_b1500_g5_e02;6m_b1500_g5_e05;6m_b1500_g5_e07;6m_b1500_g5_e11;6m_b1500_g5_e14;6m_b1500_g5_e15
6,1500,5,RR:1.50,GG:0.75,4,7,2,2,5,0.2222222222222222,True,6m_b1500_g5_e01;6m_b1500_g5_e10,6m_b1500_g5_e09;6m_b1500_g5_e16,6m_b1500_g5_e05;6m_b1500_g5_e07;6m_b1500_g5_e11;6m_b1500_g5_e13;6m_b1500_g5_e15
6,1500,5,RR:1.50,GG:1.00,4,5,2,2,3,0.2857142857142857,True,6m_b1500_g5_e01;6m_b1500_g5_e10,6m_b1500_g5_e09;6m_b1500_g5_e16,6m_b1500_g5_e05;6m_b1500_g5_e12;6m_b1500_g5_e15
6,1500,5,RR:1.50,GG:1.25,4,4,1,3,3,0.14285714285714285,True,6m_b1500_g5_e10,6m_b1500_g5_e01;6m_b1500_g5_e09;6m_b1500_g5_e16,6m_b1500_g5_e05;6m_b1500_g5_e12;6m_b1500_g5_e15
6,1500,5,RR:1.50,GG:1.50,4,4,1,3,3,0.14285714285714285,True,6m_b1500_g5_e10,6m_b1500_g5_e01;6m_b1500_g5_e09;6m_b1500_g5_e16,6m_b1500_g5_e05;6m_b1500_g5_e12;6m_b1500_g5_e15
6,1500,5,RR:1.50,GG:1.75,4,6,2,2,4,0.25,True,6m_b1500_g5_e01;6m_b1500_g5_e10,6m_b1500_g5_e09;6m_b1500_g5_e16,6m_b1500_g5_e05;6m_b1500_g5_e07;6m_b1500_g5_e12;6m_b1500_g5_e15
6,1500,5,RR:1.50,GG:2.00,4,7,2,2,5,0.2222222222222222,True,6m_b1500_g5_e01;6m_b1500_g5_e10,6m_b1500_g5_e09;6m_b1500_g5_e16,6m_b1500_g5_e02;6m_b1500_g5_e05;6m_b1500_g5_e07;6m_b1500_g5_e12;6m_b1500_g5_e15
6,1500,5,RR:1.50,GG:2.25,4,7,2,2,5,0.2222222222222222,True,6m_b1500_g5_e01;6m_b1500_g5_e10,6m_b1500_g5_e09;6m_b1500_g5_e16,6m_b1500_g5_e02;6m_b1500_g5_e05;6m_b1500_g5_e07;6m_b1500_g5_e12;6m_b1500_g5_e15
6,1500,5,RR:1.50,GG:2.50,4,7,2,2,5,0.2222222222222222,True,6m_b1500_g5_e01;6m_b1500_g5_e10,6m_b1500_g5_e09;6m_b1500_g5_e16,6m_b1500_g5_e02;6m_b1500_g5_e05;6m_b1500_g5_e07;6m_b1500_g5_e11;6m_b1500_g5_e15
6,1500,5,RR:1.50,GG:2.75,4,7,2,2,5,0.2222222222222222,True,6m_b1500_g5_e01;6m_b1500_g5_e10,6m_b1500_g5_e09;6m_b1500_g5_e16,6m_b1500_g5_e02;6m_b1500_g5_e05;6m_b1500_g5_e07;6m_b1500_g5_e11;6m_b1500_g5_e15
6,1500,5,RR:1.50,GG:3.00,4,6,2,2,4,0.25,True,6m_b1500_g5_e01;6m_b1500_g5_e10,6m_b1500_g5_e09;6m_b1500_g5_e16,6m_b1500_g5_e02;6m_b1500_g5_e05;6m_b1500_g5_e11;6m_b1500_g5_e15
6,1500,5,RR:1.50,GG:3.25,4,6,2,2,4,0.25,True,6m_b1500_g5_e01;6m_b1500_g5_e10,6m_b1500_g5_e09;6m_b1500_g5_e16,6m_b1500_g5_e05;6m_b1500_g5_e08;6m_b1500_g5_e11;6m_b1500_g5_e15
6,1500,5,RR:1.50,GG:3.50,4,6,2,2,4,0.25,True,6m_b1500_g5_e01;6m_b1500_g5_e10,6m_b1500_g5_e09;6m_b1500_g5_e16,6m_b1500_g5_e05;6m_b1500_g5_e08;6m_b1500_g5_e11;6m_b1500_g5_e15
6,1500,5,RR:1.75,GG:0.50,2,7,1,1,6,0.125,True,6m_b1500_g5_e10,6m_b1500_g5_e16,6m_b1500_g5_e02;6m_b1500_g5_e05;6m_b1500_g5_e07;6m_b1500_g5_e11;6m_b1500_g5_e14;6m_b1500_g5_e15
6,1500,5,RR:1.75,GG:0.75,2,7,1,1,6,0.125,True,6m_b1500_g5_e10,6m_b1500_g5_e16,6m_b1500_g5_e01;6m_b1500_g5_e05;6m_b1500_g5_e07;6m_b1500_g5_e11;6m_b1500_g5_e13;6m_b1500_g5_e15
6,1500,5,RR:1.75,GG:1.00,2,5,1,1,4,0.16666666666666666,True,6m_b1500_g5_e10,6m_b1500_g5_e16,6m_b1500_g5_e01;6m_b1500_g5_e05;6m_b1500_g5_e12;6m_b1500_g5_e15
6,1500,5,RR:1.75,GG:1.25,2,4,1,1,3,0.2,True,6m_b1500_g5_e10,6m_b1500_g5_e16,6m_b1500_g5_e05;6m_b1500_g5_e12;6m_b1500_g5_e15
6,1500,5,RR:1.75,GG:1.50,2,4,1,1,3,0.2,True,6m_b1500_g5_e10,6m_b1500_g5_e16,6m_b1500_g5_e05;6m_b1500_g5_e12;6m_b1500_g5_e15
6,1500,5,RR:1.75,GG:1.75,2,6,1,1,5,0.14285714285714285,True,6m_b1500_g5_e10,6m_b1500_g5_e16,6m_b1500_g5_e01;6m_b1500_g5_e05;6m_b1500_g5_e07;6m_b1500_g5_e12;6m_b1500_g5_e15
6,1500,5,RR:1.75,GG:2.00,2,7,1,1,6,0.125,True,6m_b1500_g5_e10,6m_b1500_g5_e16,6m_b1500_g5_e01;6m_b1500_g5_e02;6m_b1500_g5_e05;6m_b1500_g5_e07;6m_b1500_g5_e12;6m_b1500_g5_e15
6,1500,5,RR:1.75,GG:2.25,2,7,1,1,6,0.125,True,6m_b1500_g5_e10,6m_b1500_g5_e16,6m_b1500_g5_e01;6m_b1500_g5_e02;6m_b1500_g5_e05;6m_b1500_g5_e07;6m_b1500_g5_e12;6m_b1500_g5_e15
6,1500,5,RR:1.75,GG:2.50,2,7,1,1,6,0.125,True,6m_b1500_g5_e10,6m_b1500_g5_e16,6m_b1500_g5_e01;6m_b1500_g5_e02;6m_b1500_g5_e05;6m_b1500_g5_e07;6m_b1500_g5_e11;6m_b1500_g5_e15
6,1500,5,RR:1.75,GG:2.75,2,7,1,1,6,0.125,True,6m_b1500_g5_e10,6m_b1500_g5_e16,6m_b1500_g5_e01;6m_b1500_g5_e02;6m_b1500_g5_e05;6m_b1500_g5_e07;6m_b1500_g5_e11;6m_b1500_g5_e15
6,1500,5,RR:1.75,GG:3.00,2,6,1,1,5,0.14285714285714285,True,6m_b1500_g5_e10,6m_b1500_g5_e16,6m_b1500_g5_e01;6m_b1500_g5_e02;6m_b1500_g5_e05;6m_b1500_g5_e11;6m_b1500_g5_e15
6,1500,5,RR:1.75,GG:3.25,2,6,1,1,5,0.14285714285714285,True,6m_b1500_g5_e10,6m_b1500_g5_e16,6m_b1500_g5_e01;6m_b1500_g5_e05;6m_b1500_g5_e08;6m_b1500_g5_e11;6m_b1500_g5_e15
6,1500,5,RR:1.75,GG:3.50,2,6,1,1,5,0.14285714285714285,True,6m_b1500_g5_e10,6m_b1500_g5_e16,6m_b1500_g5_e01;6m_b1500_g5_e05;6m_b1500_g5_e08;6m_b1500_g5_e11;6m_b1500_g5_e15
6,1500,5,RR:2.00,GG:0.50,2,7,1,1,6,0.125,True,6m_b1500_g5_e10,6m_b1500_g5_e16,6m_b1500_g5_e02;6m_b1500_g5_e05;6m_b1500_g5_e07;6m_b1500_g5_e11;6m_b1500_g5_e14;6m_b1500_g5_e15
6,1500,5,RR:2.00,GG:0.75,2,7,1,1,6,0.125,True,6m_b1500_g5_e10,6m_b1500_g5_e16,6m_b1500_g5_e01;6m_b1500_g5_e05;6m_b1500_g5_e07;6m_b1500_g5_e11;6m_b1500_g5_e13;6m_b1500_g5_e15
6,1500,5,RR:2.00,GG:1.00,2,5,1,1,4,0.16666666666666666,True,6m_b1500_g5_e10,6m_b1500_g5_e16,6m_b1500_g5_e01;6m_b1500_g5_e05;6m_b1500_g5_e12;6m_b1500_g5_e15
6,1500,5,RR:2.00,GG:1.25,2,4,1,1,3,0.2,True,6m_b1500_g5_e10,6m_b1500_g5_e16,6m_b1500_g5_e05;6m_b1500_g5_e12;6m_b1500_g5_e15
6,1500,5,RR:2.00,GG:1.50,2,4,1,1,3,0.2,True,6m_b1500_g5_e10,6m_b1500_g5_e16,6m_b1500_g5_e05;6m_b1500_g5_e12;6m_b1500_g5_e15
6,1500,5,RR:2.00,GG:1.75,2,6,1,1,5,0.14285714285714285,True,6m_b1500_g5_e10,6m_b1500_g5_e16,6m_b1500_g5_e01;6m_b1500_g5_e05;6m_b1500_g5_e07;6m_b1500_g5_e12;6m_b1500_g5_e15
6,1500,5,RR:2.00,GG:2.00,2,7,1,1,6,0.125,True,6m_b1500_g5_e10,6m_b1500_g5_e16,6m_b1500_g5_e01;6m_b1500_g5_e02;6m_b1500_g5_e05;6m_b1500_g5_e07;6m_b1500_g5_e12;6m_b1500_g5_e15
6,1500,5,RR:2.00,GG:2.25,2,7,1,1,6,0.125,True,6m_b1500_g5_e10,6m_b1500_g5_e16,6m_b1500_g5_e01;6m_b1500_g5_e02;6m_b1500_g5_e05;6m_b1500_g5_e07;6m_b1500_g5_e12;6m_b1500_g5_e15
6,1500,5,RR:2.00,GG:2.50,2,7,1,1,6,0.125,True,6m_b1500_g5_e10,6m_b1500_g5_e16,6m_b1500_g5_e01;6m_b1500_g5_e02;6m_b1500_g5_e05;6m_b1500_g5_e07;6m_b1500_g5_e11;6m_b1500_g5_e15
6,1500,5,RR:2.00,GG:2.75,2,7,1,1,6,0.125,True,6m_b1500_g5_e10,6m_b1500_g5_e16,6m_b1500_g5_e01;6m_b1500_g5_e02;6m_b1500_g5_e05;6m_b1500_g5_e07;6m_b1500_g5_e11;6m_b1500_g5_e15
6,1500,5,RR:2.00,GG:3.00,2,6,1,1,5,0.14285714285714285,True,6m_b1500_g5_e10,6m_b1500_g5_e16,6m_b1500_g5_e01;6m_b1500_g5_e02;6m_b1500_g5_e05;6m_b1500_g5_e11;6m_b1500_g5_e15
6,1500,5,RR:2.00,GG:3.25,2,6,1,1,5,0.14285714285714285,True,6m_b1500_g5_e10,6m_b1500_g5_e16,6m_b1500_g5_e01;6m_b1500_g5_e05;6m_b1500_g5_e08;6m_b1500_g5_e11;6m_b1500_g5_e15
6,1500,5,RR:2.00,GG:3.50,2,6,1,1,5,0.14285714285714285,True,6m_b1500_g5_e10,6m_b1500_g5_e16,6m_b1500_g5_e01;6m_b1500_g5_e05;6m_b1500_g5_e08;6m_b1500_g5_e11;6m_b1500_g5_e15
6,1500,5,RR:2.25,GG:0.50,3,7,1,2,6,0.1111111111111111,True,6m_b1500_g5_e10,6m_b1500_g5_e06;6m_b1500_g5_e16,6m_b1500_g5_e02;6m_b1500_g5_e05;6m_b1500_g5_e07;6m_b1500_g5_e11;6m_b1500_g5_e14;6m_b1500_g5_e15
6,1500,5,RR:2.25,GG:0.75,3,7,1,2,6,0.1111111111111111,True,6m_b1500_g5_e10,6m_b1500_g5_e06;6m_b1500_g5_e16,6m_b1500_g5_e01;6m_b1500_g5_e05;6m_b1500_g5_e07;6m_b1500_g5_e11;6m_b1500_g5_e13;6m_b1500_g5_e15
6,1500,5,RR:2.25,GG:1.00,3,5,1,2,4,0.14285714285714285,True,6m_b1500_g5_e10,6m_b1500_g5_e06;6m_b1500_g5_e16,6m_b1500_g5_e01;6m_b1500_g5_e05;6m_b1500_g5_e12;6m_b1500_g5_e15
6,1500,5,RR:2.25,GG:1.25,3,4,1,2,3,0.16666666666666666,True,6m_b1500_g5_e10,6m_b1500_g5_e06;6m_b1500_g5_e16,6m_b1500_g5_e05;6m_b1500_g5_e12;6m_b1500_g5_e15
6,1500,5,RR:2.25,GG:1.50,3,4,1,2,3,0.16666666666666666,True,6m_b1500_g5_e10,6m_b1500_g5_e06;6m_b1500_g5_e16,6m_b1500_g5_e05;6m_b1500_g5_e12;6m_b1500_g5_e15
6,1500,5,RR:2.25,GG:1.75,3,6,1,2,5,0.125,True,6m_b1500_g5_e10,6m_b1500_g5_e06;6m_b1500_g5_e16,6m_b1500_g5_e01;6m_b1500_g5_e05;6m_b1500_g5_e07;6m_b1500_g5_e12;6m_b1500_g5_e15
6,1500,5,RR:2.25,GG:2.00,3,7,1,2,6,0.1111111111111111,True,6m_b1500_g5_e10,6m_b1500_g5_e06;6m_b1500_g5_e16,6m_b1500_g5_e01;6m_b1500_g5_e02;6m_b1500_g5_e05;6m_b1500_g5_e07;6m_b1500_g5_e12;6m_b1500_g5_e15
6,1500,5,RR:2.25,GG:2.25,3,7,1,2,6,0.1111111111111111,True,6m_b1500_g5_e10,6m_b1500_g5_e06;6m_b1500_g5_e16,6m_b1500_g5_e01;6m_b1500_g5_e02;6m_b1500_g5_e05;6m_b1500_g5_e07;6m_b1500_g5_e12;6m_b1500_g5_e15
6,1500,5,RR:2.25,GG:2.50,3,7,1,2,6,0.1111111111111111,True,6m_b1500_g5_e10,6m_b1500_g5_e06;6m_b1500_g5_e16,6m_b1500_g5_e01;6m_b1500_g5_e02;6m_b1500_g5_e05;6m_b1500_g5_e07;6m_b1500_g5_e11;6m_b1500_g5_e15
6,1500,5,RR:2.25,GG:2.75,3,7,1,2,6,0.1111111111111111,True,6m_b1500_g5_e10,6m_b1500_g5_e06;6m_b1500_g5_e16,6m_b1500_g5_e01;6m_b1500_g5_e02;6m_b1500_g5_e05;6m_b1500_g5_e07;6m_b1500_g5_e11;6m_b1500_g5_e15
6,1500,5,RR:2.25,GG:3.00,3,6,1,2,5,0.125,True,6m_b1500_g5_e10,6m_b1500_g5_e06;6m_b1500_g5_e16,6m_b1500_g5_e01;6m_b1500_g5_e02;6m_b1500_g5_e05;6m_b1500_g5_e11;6m_b1500_g5_e15
6,1500,5,RR:2.25,GG:3.25,3,6,1,2,5,0.125,True,6m_b1500_g5_e10,6m_b1500_g5_e06;6m_b1500_g5_e16,6m_b1500_g5_e01;6m_b1500_g5_e05;6m_b1500_g5_e08;6m_b1500_g5_e11;6m_b1500_g5_e15
6,1500,5,RR:2.25,GG:3.50,3,6,1,2,5,0.125,True,6m_b1500_g5_e10,6m_b1500_g5_e06;6m_b1500_g5_e16,6m_b1500_g5_e01;6m_b1500_g5_e05;6m_b1500_g5_e08;6m_b1500_g5_e11;6m_b1500_g5_e15
6,1500,5,RR:2.50,GG:0.50,4,7,1,3,6,0.1,True,6m_b1500_g5_e10,6m_b1500_g5_e01;6m_b1500_g5_e04;6m_b1500_g5_e16,6m_b1500_g5_e02;6m_b1500_g5_e05;6m_b1500_g5_e07;6m_b1500_g5_e11;6m_b1500_g5_e14;6m_b1500_g5_e15
6,1500,5,RR:2.50,GG:0.75,4,7,2,2,5,0.2222222222222222,True,6m_b1500_g5_e01;6m_b1500_g5_e10,6m_b1500_g5_e04;6m_b1500_g5_e16,6m_b1500_g5_e05;6m_b1500_g5_e07;6m_b1500_g5_e11;6m_b1500_g5_e13;6m_b1500_g5_e15
6,1500,5,RR:2.50,GG:1.00,4,5,2,2,3,0.2857142857142857,True,6m_b1500_g5_e01;6m_b1500_g5_e10,6m_b1500_g5_e04;6m_b1500_g5_e16,6m_b1500_g5_e05;6m_b1500_g5_e12;6m_b1500_g5_e15
6,1500,5,RR:2.50,GG:1.25,4,4,1,3,3,0.14285714285714285,True,6m_b1500_g5_e10,6m_b1500_g5_e01;6m_b1500_g5_e04;6m_b1500_g5_e16,6m_b1500_g5_e05;6m_b1500_g5_e12;6m_b1500_g5_e15
6,1500,5,RR:2.50,GG:1.50,4,4,1,3,3,0.14285714285714285,True,6m_b1500_g5_e10,6m_b1500_g5_e01;6m_b1500_g5_e04;6m_b1500_g5_e16,6m_b1500_g5_e05;6m_b1500_g5_e12;6m_b1500_g5_e15
6,1500,5,RR:2.50,GG:1.75,4,6,2,2,4,0.25,True,6m_b1500_g5_e01;6m_b1500_g5_e10,6m_b1500_g5_e04;6m_b1500_g5_e16,6m_b1500_g5_e05;6m_b1500_g5_e07;6m_b1500_g5_e12;6m_b1500_g5_e15
6,1500,5,RR:2.50,GG:2.00,4,7,2,2,5,0.2222222222222222,True,6m_b1500_g5_e01;6m_b1500_g5_e10,6m_b1500_g5_e04;6m_b1500_g5_e16,6m_b1500_g5_e02;6m_b1500_g5_e05;6m_b1500_g5_e07;6m_b1500_g5_e12;6m_b1500_g5_e15
6,1500,5,RR:2.50,GG:2.25,4,7,2,2,5,0.2222222222222222,True,6m_b1500_g5_e01;6m_b1500_g5_e10,6m_b1500_g5_e04;6m_b1500_g5_e16,6m_b1500_g5_e02;6m_b1500_g5_e05;6m_b1500_g5_e07;6m_b1500_g5_e12;6m_b1500_g5_e15
6,1500,5,RR:2.50,GG:2.50,4,7,2,2,5,0.2222222222222222,True,6m_b1500_g5_e01;6m_b1500_g5_e10,6m_b1500_g5_e04;6m_b1500_g5_e16,6m_b1500_g5_e02;6m_b1500_g5_e05;6m_b1500_g5_e07;6m_b1500_g5_e11;6m_b1500_g5_e15
6,1500,5,RR:2.50,GG:2.75,4,7,2,2,5,0.2222222222222222,True,6m_b1500_g5_e01;6m_b1500_g5_e10,6m_b1500_g5_e04;6m_b1500_g5_e16,6m_b1500_g5_e02;6m_b1500_g5_e05;6m_b1500_g5_e07;6m_b1500_g5_e11;6m_b1500_g5_e15
6,1500,5,RR:2.50,GG:3.00,4,6,2,2,4,0.25,True,6m_b1500_g5_e01;6m_b1500_g5_e10,6m_b1500_g5_e04;6m_b1500_g5_e16,6m_b1500_g5_e02;6m_b1500_g5_e05;6m_b1500_g5_e11;6m_b1500_g5_e15
6,1500,5,RR:2.50,GG:3.25,4,6,2,2,4,0.25,True,6m_b1500_g5_e01;6m_b1500_g5_e10,6m_b1500_g5_e04;6m_b1500_g5_e16,6m_b1500_g5_e05;6m_b1500_g5_e08;6m_b1500_g5_e11;6m_b1500_g5_e15
6,1500,5,RR:2.50,GG:3.50,4,6,2,2,4,0.25,True,6m_b1500_g5_e01;6m_b1500_g5_e10,6m_b1500_g5_e04;6m_b1500_g5_e16,6m_b1500_g5_e05;6m_b1500_g5_e08;6m_b1500_g5_e11;6m_b1500_g5_e15
6,1500,5,RR:2.75,GG:0.50,4,7,1,3,6,0.1,True,6m_b1500_g5_e10,6m_b1500_g5_e01;6m_b1500_g5_e04;6m_b1500_g5_e16,6m_b1500_g5_e02;6m_b1500_g5_e05;6m_b1500_g5_e07;6m_b1500_g5_e11;6m_b1500_g5_e14;6m_b1500_g5_e15
6,1500,5,RR:2.75,GG:0.75,4,7,2,2,5,0.2222222222222222,True,6m_b1500_g5_e01;6m_b1500_g5_e10,6m_b1500_g5_e04;6m_b1500_g5_e16,6m_b1500_g5_e05;6m_b1500_g5_e07;6m_b1500_g5_e11;6m_b1500_g5_e13;6m_b1500_g5_e15
6,1500,5,RR:2.75,GG:1.00,4,5,2,2,3,0.2857142857142857,True,6m_b1500_g5_e01;6m_b1500_g5_e10,6m_b1500_g5_e04;6m_b1500_g5_e16,6m_b1500_g5_e05;6m_b1500_g5_e12;6m_b1500_g5_e15
6,1500,5,RR:2.75,GG:1.25,4,4,1,3,3,0.14285714285714285,True,6m_b1500_g5_e10,6m_b1500_g5_e01;6m_b1500_g5_e04;6m_b1500_g5_e16,6m_b1500_g5_e05;6m_b1500_g5_e12;6m_b1500_g5_e15
6,1500,5,RR:2.75,GG:1.50,4,4,1,3,3,0.14285714285714285,True,6m_b1500_g5_e10,6m_b1500_g5_e01;6m_b1500_g5_e04;6m_b1500_g5_e16,6m_b1500_g5_e05;6m_b1500_g5_e12;6m_b1500_g5_e15
6,1500,5,RR:2.75,GG:1.75,4,6,2,2,4,0.25,True,6m_b1500_g5_e01;6m_b1500_g5_e10,6m_b1500_g5_e04;6m_b1500_g5_e16,6m_b1500_g5_e05;6m_b1500_g5_e07;6m_b1500_g5_e12;6m_b1500_g5_e15
6,1500,5,RR:2.75,GG:2.00,4,7,2,2,5,0.2222222222222222,True,6m_b1500_g5_e01;6m_b1500_g5_e10,6m_b1500_g5_e04;6m_b1500_g5_e16,6m_b1500_g5_e02;6m_b1500_g5_e05;6m_b1500_g5_e07;6m_b1500_g5_e12;6m_b1500_g5_e15
6,1500,5,RR:2.75,GG:2.25,4,7,2,2,5,0.2222222222222222,True,6m_b1500_g5_e01;6m_b1500_g5_e10,6m_b1500_g5_e04;6m_b1500_g5_e16,6m_b1500_g5_e02;6m_b1500_g5_e05;6m_b1500_g5_e07;6m_b1500_g5_e12;6m_b1500_g5_e15
6,1500,5,RR:2.75,GG:2.50,4,7,2,2,5,0.2222222222222222,True,6m_b1500_g5_e01;6m_b1500_g5_e10,6m_b1500_g5_e04;6m_b1500_g5_e16,6m_b1500_g5_e02;6m_b1500_g5_e05;6m_b1500_g5_e07;6m_b1500_g5_e11;6m_b1500_g5_e15
6,1500,5,RR:2.75,GG:2.75,4,7,2,2,5,0.2222222222222222,True,6m_b1500_g5_e01;6m_b1500_g5_e10,6m_b1500_g5_e04;6m_b1500_g5_e16,6m_b1500_g5_e02;6m_b1500_g5_e05;6m_b1500_g5_e07;6m_b1500_g5_e11;6m_b1500_g5_e15
6,1500,5,RR:2.75,GG:3.00,4,6,2,2,4,0.25,True,6m_b1500_g5_e01;6m_b1500_g5_e10,6m_b1500_g5_e04;6m_b1500_g5_e16,6m_b1500_g5_e02;6m_b1500_g5_e05;6m_b1500_g5_e11;6m_b1500_g5_e15
6,1500,5,RR:2.75,GG:3.25,4,6,2,2,4,0.25,True,6m_b1500_g5_e01;6m_b1500_g5_e10,6m_b1500_g5_e04;6m_b1500_g5_e16,6m_b1500_g5_e05;6m_b1500_g5_e08;6m_b1500_g5_e11;6m_b1500_g5_e15
6,1500,5,RR:2.75,GG:3.50,4,6,2,2,4,0.25,True,6m_b1500_g5_e01;6m_b1500_g5_e10,6m_b1500_g5_e04;6m_b1500_g5_e16,6m_b1500_g5_e05;6m_b1500_g5_e08;6m_b1500_g5_e11;6m_b1500_g5_e15
6,1500,5,RR:3.00,GG:0.50,3,7,1,2,6,0.1111111111111111,True,6m_b1500_g5_e10,6m_b1500_g5_e01;6m_b1500_g5_e16,6m_b1500_g5_e02;6m_b1500_g5_e05;6m_b1500_g5_e07;6m_b1500_g5_e11;6m_b1500_g5_e14;6m_b1500_g5_e15
6,1500,5,RR:3.00,GG:0.75,3,7,2,1,5,0.25,True,6m_b1500_g5_e01;6m_b1500_g5_e10,6m_b1500_g5_e16,6m_b1500_g5_e05;6m_b1500_g5_e07;6m_b1500_g5_e11;6m_b1500_g5_e13;6m_b1500_g5_e15
6,1500,5,RR:3.00,GG:1.00,3,5,2,1,3,0.3333333333333333,True,6m_b1500_g5_e01;6m_b1500_g5_e10,6m_b1500_g5_e16,6m_b1500_g5_e05;6m_b1500_g5_e12;6m_b1500_g5_e15
6,1500,5,RR:3.00,GG:1.25,3,4,1,2,3,0.16666666666666666,True,6m_b1500_g5_e10,6m_b1500_g5_e01;6m_b1500_g5_e16,6m_b1500_g5_e05;6m_b1500_g5_e12;6m_b1500_g5_e15
6,1500,5,RR:3.00,GG:1.50,3,4,1,2,3,0.16666666666666666,True,6m_b1500_g5_e10,6m_b1500_g5_e01;6m_b1500_g5_e16,6m_b1500_g5_e05;6m_b1500_g5_e12;6m_b1500_g5_e15
6,1500,5,RR:3.00,GG:1.75,3,6,2,1,4,0.2857142857142857,True,6m_b1500_g5_e01;6m_b1500_g5_e10,6m_b1500_g5_e16,6m_b1500_g5_e05;6m_b1500_g5_e07;6m_b1500_g5_e12;6m_b1500_g5_e15
6,1500,5,RR:3.00,GG:2.00,3,7,2,1,5,0.25,True,6m_b1500_g5_e01;6m_b1500_g5_e10,6m_b1500_g5_e16,6m_b1500_g5_e02;6m_b1500_g5_e05;6m_b1500_g5_e07;6m_b1500_g5_e12;6m_b1500_g5_e15
6,1500,5,RR:3.00,GG:2.25,3,7,2,1,5,0.25,True,6m_b1500_g5_e01;6m_b1500_g5_e10,6m_b1500_g5_e16,6m_b1500_g5_e02;6m_b1500_g5_e05;6m_b1500_g5_e07;6m_b1500_g5_e12;6m_b1500_g5_e15
6,1500,5,RR:3.00,GG:2.50,3,7,2,1,5,0.25,True,6m_b1500_g5_e01;6m_b1500_g5_e10,6m_b1500_g5_e16,6m_b1500_g5_e02;6m_b1500_g5_e05;6m_b1500_g5_e07;6m_b1500_g5_e11;6m_b1500_g5_e15
6,1500,5,RR:3.00,GG:2.75,3,7,2,1,5,0.25,True,6m_b1500_g5_e01;6m_b1500_g5_e10,6m_b1500_g5_e16,6m_b1500_g5_e02;6m_b1500_g5_e05;6m_b1500_g5_e07;6m_b1500_g5_e11;6m_b1500_g5_e15
6,1500,5,RR:3.00,GG:3.00,3,6,2,1,4,0.2857142857142857,True,6m_b1500_g5_e01;6m_b1500_g5_e10,6m_b1500_g5_e16,6m_b1500_g5_e02;6m_b1500_g5_e05;6m_b1500_g5_e11;6m_b1500_g5_e15
6,1500,5,RR:3.00,GG:3.25,3,6,2,1,4,0.2857142857142857,True,6m_b1500_g5_e01;6m_b1500_g5_e10,6m_b1500_g5_e16,6m_b1500_g5_e05;6m_b1500_g5_e08;6m_b1500_g5_e11;6m_b1500_g5_e15
6,1500,5,RR:3.00,GG:3.50,3,6,2,1,4,0.2857142857142857,True,6m_b1500_g5_e01;6m_b1500_g5_e10,6m_b1500_g5_e16,6m_b1500_g5_e05;6m_b1500_g5_e08;6m_b1500_g5_e11;6m_b1500_g5_e15
6,1500,5,RR:3.25,GG:0.50,5,7,1,4,6,0.09090909090909091,True,6m_b1500_g5_e10,6m_b1500_g5_e01;6m_b1500_g5_e04;6m_b1500_g5_e12;6m_b1500_g5_e16,6m_b1500_g5_e02;6m_b1500_g5_e05;6m_b1500_g5_e07;6m_b1500_g5_e11;6m_b1500_g5_e14;6m_b1500_g5_e15
6,1500,5,RR:3.25,GG:0.75,5,7,2,3,5,0.2,True,6m_b1500_g5_e01;6m_b1500_g5_e10,6m_b1500_g5_e04;6m_b1500_g5_e12;6m_b1500_g5_e16,6m_b1500_g5_e05;6m_b1500_g5_e07;6m_b1500_g5_e11;6m_b1500_g5_e13;6m_b1500_g5_e15
6,1500,5,RR:3.25,GG:1.00,5,5,3,2,2,0.42857142857142855,True,6m_b1500_g5_e01;6m_b1500_g5_e10;6m_b1500_g5_e12,6m_b1500_g5_e04;6m_b1500_g5_e16,6m_b1500_g5_e05;6m_b1500_g5_e15
6,1500,5,RR:3.25,GG:1.25,5,4,2,3,2,0.2857142857142857,True,6m_b1500_g5_e10;6m_b1500_g5_e12,6m_b1500_g5_e01;6m_b1500_g5_e04;6m_b1500_g5_e16,6m_b1500_g5_e05;6m_b1500_g5_e15
6,1500,5,RR:3.25,GG:1.50,5,4,2,3,2,0.2857142857142857,True,6m_b1500_g5_e10;6m_b1500_g5_e12,6m_b1500_g5_e01;6m_b1500_g5_e04;6m_b1500_g5_e16,6m_b1500_g5_e05;6m_b1500_g5_e15
6,1500,5,RR:3.25,GG:1.75,5,6,3,2,3,0.375,True,6m_b1500_g5_e01;6m_b1500_g5_e10;6m_b1500_g5_e12,6m_b1500_g5_e04;6m_b1500_g5_e16,6m_b1500_g5_e05;6m_b1500_g5_e07;6m_b1500_g5_e15
6,1500,5,RR:3.25,GG:2.00,5,7,3,2,4,0.3333333333333333,True,6m_b1500_g5_e01;6m_b1500_g5_e10;6m_b1500_g5_e12,6m_b1500_g5_e04;6m_b1500_g5_e16,6m_b1500_g5_e02;6m_b1500_g5_e05;6m_b1500_g5_e07;6m_b1500_g5_e15
6,1500,5,RR:3.25,GG:2.25,5,7,3,2,4,0.3333333333333333,True,6m_b1500_g5_e01;6m_b1500_g5_e10;6m_b1500_g5_e12,6m_b1500_g5_e04;6m_b1500_g5_e16,6m_b1500_g5_e02;6m_b1500_g5_e05;6m_b1500_g5_e07;6m_b1500_g5_e15
6,1500,5,RR:3.25,GG:2.50,5,7,2,3,5,0.2,True,6m_b1500_g5_e01;6m_b1500_g5_e10,6m_b1500_g5_e04;6m_b1500_g5_e12;6m_b1500_g5_e16,6m_b1500_g5_e02;6m_b1500_g5_e05;6m_b1500_g5_e07;6m_b1500_g5_e11;6m_b1500_g5_e15
6,1500,5,RR:3.25,GG:2.75,5,7,2,3,5,0.2,True,6m_b1500_g5_e01;6m_b1500_g5_e10,6m_b1500_g5_e04;6m_b1500_g5_e12;6m_b1500_g5_e16,6m_b1500_g5_e02;6m_b1500_g5_e05;6m_b1500_g5_e07;6m_b1500_g5_e11;6m_b1500_g5_e15
6,1500,5,RR:3.25,GG:3.00,5,6,2,3,4,0.2222222222222222,True,6m_b1500_g5_e01;6m_b1500_g5_e10,6m_b1500_g5_e04;6m_b1500_g5_e12;6m_b1500_g5_e16,6m_b1500_g5_e02;6m_b1500_g5_e05;6m_b1500_g5_e11;6m_b1500_g5_e15
6,1500,5,RR:3.25,GG:3.25,5,6,2,3,4,0.2222222222222222,True,6m_b1500_g5_e01;6m_b1500_g5_e10,6m_b1500_g5_e04;6m_b1500_g5_e12;6m_b1500_g5_e16,6m_b1500_g5_e05;6m_b1500_g5_e08;6m_b1500_g5_e11;6m_b1500_g5_e15
6,1500,5,RR:3.25,GG:3.50,5,6,2,3,4,0.2222222222222222,True,6m_b1500_g5_e01;6m_b1500_g5_e10,6m_b1500_g5_e04;6m_b1500_g5_e12;6m_b1500_g5_e16,6m_b1500_g5_e05;6m_b1500_g5_e08;6m_b1500_g5_e11;6m_b1500_g5_e15
6,1500,5,RR:3.50,GG:0.50,6,7,1,5,6,0.08333333333333333,True,6m_b1500_g5_e10,6m_b1500_g5_e01;6m_b1500_g5_e04;6m_b1500_g5_e08;6m_b1500_g5_e12;6m_b1500_g5_e16,6m_b1500_g5_e02;6m_b1500_g5_e05;6m_b1500_g5_e07;6m_b1500_g5_e11;6m_b1500_g5_e14;6m_b1500_g5_e15
6,1500,5,RR:3.50,GG:0.75,6,7,2,4,5,0.18181818181818182,True,6m_b1500_g5_e01;6m_b1500_g5_e10,6m_b1500_g5_e04;6m_b1500_g5_e08;6m_b1500_g5_e12;6m_b1500_g5_e16,6m_b1500_g5_e05;6m_b1500_g5_e07;6m_b1500_g5_e11;6m_b1500_g5_e13;6m_b1500_g5_e15
6,1500,5,RR:3.50,GG:1.00,6,5,3,3,2,0.375,True,6m_b1500_g5_e01;6m_b1500_g5_e10;6m_b1500_g5_e12,6m_b1500_g5_e04;6m_b1500_g5_e08;6m_b1500_g5_e16,6m_b1500_g5_e05;6m_b1500_g5_e15
6,1500,5,RR:3.50,GG:1.25,6,4,2,4,2,0.25,True,6m_b1500_g5_e10;6m_b1500_g5_e12,6m_b1500_g5_e01;6m_b1500_g5_e04;6m_b1500_g5_e08;6m_b1500_g5_e16,6m_b1500_g5_e05;6m_b1500_g5_e15
6,1500,5,RR:3.50,GG:1.50,6,4,2,4,2,0.25,True,6m_b1500_g5_e10;6m_b1500_g5_e12,6m_b1500_g5_e01;6m_b1500_g5_e04;6m_b1500_g5_e08;6m_b1500_g5_e16,6m_b1500_g5_e05;6m_b1500_g5_e15
6,1500,5,RR:3.50,GG:1.75,6,6,3,3,3,0.3333333333333333,True,6m_b1500_g5_e01;6m_b1500_g5_e10;6m_b1500_g5_e12,6m_b1500_g5_e04;6m_b1500_g5_e08;6m_b1500_g5_e16,6m_b1500_g5_e05;6m_b1500_g5_e07;6m_b1500_g5_e15
6,1500,5,RR:3.50,GG:2.00,6,7,3,3,4,0.3,True,6m_b1500_g5_e01;6m_b1500_g5_e10;6m_b1500_g5_e12,6m_b1500_g5_e04;6m_b1500_g5_e08;6m_b1500_g5_e16,6m_b1500_g5_e02;6m_b1500_g5_e05;6m_b1500_g5_e07;6m_b1500_g5_e15
6,1500,5,RR:3.50,GG:2.25,6,7,3,3,4,0.3,True,6m_b1500_g5_e01;6m_b1500_g5_e10;6m_b1500_g5_e12,6m_b1500_g5_e04;6m_b1500_g5_e08;6m_b1500_g5_e16,6m_b1500_g5_e02;6m_b1500_g5_e05;6m_b1500_g5_e07;6m_b1500_g5_e15
6,1500,5,RR:3.50,GG:2.50,6,7,2,4,5,0.18181818181818182,True,6m_b1500_g5_e01;6m_b1500_g5_e10,6m_b1500_g5_e04;6m_b1500_g5_e08;6m_b1500_g5_e12;6m_b1500_g5_e16,6m_b1500_g5_e02;6m_b1500_g5_e05;6m_b1500_g5_e07;6m_b1500_g5_e11;6m_b1500_g5_e15
6,1500,5,RR:3.50,GG:2.75,6,7,2,4,5,0.18181818181818182,True,6m_b1500_g5_e01;6m_b1500_g5_e10,6m_b1500_g5_e04;6m_b1500_g5_e08;6m_b1500_g5_e12;6m_b1500_g5_e16,6m_b1500_g5_e02;6m_b1500_g5_e05;6m_b1500_g5_e07;6m_b1500_g5_e11;6m_b1500_g5_e15
6,1500,5,RR:3.50,GG:3.00,6,6,2,4,4,0.2,True,6m_b1500_g5_e01;6m_b1500_g5_e10,6m_b1500_g5_e04;6m_b1500_g5_e08;6m_b1500_g5_e12;6m_b1500_g5_e16,6m_b1500_g5_e02;6m_b1500_g5_e05;6m_b1500_g5_e11;6m_b1500_g5_e15
6,1500,5,RR:3.50,GG:3.25,6,6,3,3,3,0.3333333333333333,True,6m_b1500_g5_e01;6m_b1500_g5_e08;6m_b1500_g5_e10,6m_b1500_g5_e04;6m_b1500_g5_e12;6m_b1500_g5_e16,6m_b1500_g5_e05;6m_b1500_g5_e11;6m_b1500_g5_e15
6,1500,5,RR:3.50,GG:3.50,6,6,3,3,3,0.3333333333333333,True,6m_b1500_g5_e01;6m_b1500_g5_e08;6m_b1500_g5_e10,6m_b1500_g5_e04;6m_b1500_g5_e12;6m_b1500_g5_e16,6m_b1500_g5_e05;6m_b1500_g5_e11;6m_b1500_g5_e15
6,1500,5,RR:0.50,RR:2.50,3,4,1,2,3,0.16666666666666666,True,6m_b1500_g5_e10,6m_b1500_g5_e03;6m_b1500_g5_e08,6m_b1500_g5_e01;6m_b1500_g5_e04;6m_b1500_g5_e16
6,1500,20,RR:0.50,GG:0.50,3,7,1,2,6,0.1111111111111111,True,6m_b1500_g20_e09,6m_b1500_g20_e03;6m_b1500_g20_e07,6m_b1500_g20_e02;6m_b1500_g20_e04;6m_b1500_g20_e06;6m_b1500_g20_e10;6m_b1500_g20_e12;6m_b1500_g20_e13
6,1500,20,RR:0.50,GG:0.75,3,7,1,2,6,0.1111111111111111,True,6m_b1500_g20_e09,6m_b1500_g20_e03;6m_b1500_g20_e07,6m_b1500_g20_e01;6m_b1500_g20_e04;6m_b1500_g20_e06;6m_b1500_g20_e10;6m_b1500_g20_e11;6m_b1500_g20_e13
6,1500,20,RR:0.50,GG:1.00,3,5,1,2,4,0.14285714285714285,True,6m_b1500_g20_e09,6m_b1500_g20_e03;6m_b1500_g20_e07,6m_b1500_g20_e01;6m_b1500_g20_e04;6m_b1500_g20_e10;6m_b1500_g20_e13
6,1500,20,RR:0.50,GG:1.25,3,4,1,2,3,0.16666666666666666,True,6m_b1500_g20_e09,6m_b1500_g20_e03;6m_b1500_g20_e07,6m_b1500_g20_e04;6m_b1500_g20_e10;6m_b1500_g20_e13
6,1500,20,RR:0.50,GG:1.50,3,4,1,2,3,0.16666666666666666,True,6m_b1500_g20_e09,6m_b1500_g20_e03;6m_b1500_g20_e07,6m_b1500_g20_e04;6m_b1500_g20_e10;6m_b1500_g20_e13
6,1500,20,RR:0.50,GG:1.75,3,6,1,2,5,0.125,True,6m_b1500_g20_e09,6m_b1500_g20_e03;6m_b1500_g20_e07,6m_b1500_g20_e01;6m_b1500_g20_e04;6m_b1500_g20_e06;6m_b1500_g20_e10;6m_b1500_g20_e13
6,1500,20,RR:0.50,GG:2.00,3,7,1,2,6,0.1111111111111111,True,6m_b1500_g20_e09,6m_b1500_g20_e03;6m_b1500_g20_e07,6m_b1500_g20_e01;6m_b1500_g20_e02;6m_b1500_g20_e04;6m_b1500_g20_e06;6m_b1500_g20_e10;6m_b1500_g20_e13
6,1500,20,RR:0.50,GG:2.25,3,7,1,2,6,0.1111111111111111,True,6m_b1500_g20_e09,6m_b1500_g20_e03;6m_b1500_g20_e07,6m_b1500_g20_e01;6m_b1500_g20_e02;6m_b1500_g20_e04;6m_b1500_g20_e06;6m_b1500_g20_e10;6m_b1500_g20_e13
6,1500,20,RR:0.50,GG:2.50,3,7,1,2,6,0.1111111111111111,True,6m_b1500_g20_e09,6m_b1500_g20_e03;6m_b1500_g20_e07,6m_b1500_g20_e01;6m_b1500_g20_e02;6m_b1500_g20_e04;6m_b1500_g20_e06;6m_b1500_g20_e10;6m_b1500_g20_e13
6,1500,20,RR:0.50,GG:2.75,3,7,1,2,6,0.1111111111111111,True,6m_b1500_g20_e09,6m_b1500_g20_e03;6m_b1500_g20_e07,6m_b1500_g20_e01;6m_b1500_g20_e02;6m_b1500_g20_e04;6m_b1500_g20_e06;6m_b1500_g20_e10;6m_b1500_g20_e13
6,1500,20,RR:0.50,GG:3.00,3,6,1,2,5,0.125,True,6m_b1500_g20_e09,6m_b1500_g20_e03;6m_b1500_g20_e07,6m_b1500_g20_e01;6m_b1500_g20_e02;6m_b1500_g20_e04;6m_b1500_g20_e10;6m_b1500_g20_e13
6,1500,20,RR:0.50,GG:3.25,3,6,2,1,4,0.2857142857142857,True,6m_b1500_g20_e07;6m_b1500_g20_e09,6m_b1500_g20_e03,6m_b1500_g20_e01;6m_b1500_g20_e04;6m_b1500_g20_e10;6m_b1500_g20_e13
6,1500,20,RR:0.50,GG:3.50,3,6,2,1,4,0.2857142857142857,True,6m_b1500_g20_e07;6m_b1500_g20_e09,6m_b1500_g20_e03,6m_b1500_g20_e01;6m_b1500_g20_e04;6m_b1500_g20_e10;6m_b1500_g20_e13
6,1500,20,RR:0.75,GG:0.50,4,7,3,1,4,0.375,True,6m_b1500_g20_e02;6m_b1500_g20_e09;6m_b1500_g20_e13,6m_b1500_g20_e07,6m_b1500_g20_e04;6m_b1500_g20_e06;6m_b1500_g20_e10;6m_b1500_g20_e12
6,1500,20,RR:0.75,GG:0.75,4,7,2,2,5,0.2222222222222222,True,6m_b1500_g20_e09;6m_b1500_g20_e13,6m_b1500_g20_e02;6m_b1500_g20_e07,6m_b1500_g20_e01;6m_b1500_g20_e04;6m_b1500_g20_e06;6m_b1500_g20_e10;6m_b1500_g20_e11
6,1500,20,RR:0.75,GG:1.00,4,5,2,2,3,0.2857142857142857,True,6m_b1500_g20_e09;6m_b1500_g20_e13,6m_b1500_g20_e02;6m_b1500_g20_e07,6m_b1500_g20_e01;6m_b1500_g20_e04;6m_b1500_g20_e10
6,1500,20,RR:0.75,GG:1.25,4,4,2,2,2,0.3333333333333333,True,6m_b1500_g20_e09;6m_b1500_g20_e13,6m_b1500_g20_e02;6m_b1500_g20_e07,6m_b1500_g20_e04;6m_b1500_g20_e10
6,1500,20,RR:0.75,GG:1.50,4,4,2,2,2,0.3333333333333333,True,6m_b1500_g20_e09;6m_b1500_g20_e13,6m_b1500_g20_e02;6m_b1500_g20_e07,6m_b1500_g20_e04;6m_b1500_g20_e10
6,1500,20,RR:0.75,GG:1.75,4,6,2,2,4,0.25,True,6m_b1500_g20_e09;6m_b1500_g20_e13,6m_b1500_g20_e02;6m_b1500_g20_e07,6m_b1500_g20_e01;6m_b1500_g20_e04;6m_b1500_g20_e06;6m_b1500_g20_e10
6,1500,20,RR:0.75,GG:2.00,4,7,3,1,4,0.375,True,6m_b1500_g20_e02;6m_b1500_g20_e09;6m_b1500_g20_e13,6m_b1500_g20_e07,6m_b1500_g20_e01;6m_b1500_g20_e04;6m_b1500_g20_e06;6m_b1500_g20_e10
6,1500,20,RR:0.75,GG:2.25,4,7,3,1,4,0.375,True,6m_b1500_g20_e02;6m_b1500_g20_e09;6m_b1500_g20_e13,6m_b1500_g20_e07,6m_b1500_g20_e01;6m_b1500_g20_e04;6m_b1500_g20_e06;6m_b1500_g20_e10
6,1500,20,RR:0.75,GG:2.50,4,7,3,1,4,0.375,True,6m_b1500_g20_e02;6m_b1500_g20_e09;6m_b1500_g20_e13,6m_b1500_g20_e07,6m_b1500_g20_e01;6m_b1500_g20_e04;6m_b1500_g20_e06;6m_b1500_g20_e10
6,1500,20,RR:0.75,GG:2.75,4,7,3,1,4,0.375,True,6m_b1500_g20_e02;6m_b1500_g20_e09;6m_b1500_g20_e13,6m_b1500_g20_e07,6m_b1500_g20_e01;6m_b1500_g20_e04;6m_b1500_g20_e06;6m_b1500_g20_e10
6,1500,20,RR:0.75,GG:3.00,4,6,3,1,3,0.42857142857142855,True,6m_b1500_g20_e02;6m_b1500_g20_e09;6m_b1500_g20_e13,6m_b1500_g20_e07,6m_b1500_g20_e01;6m_b1500_g20_e04;6m_b1500_g20_e10
6,1500,20,RR:0.75,GG:3.25,4,6,3,1,3,0.42857142857142855,True,6m_b1500_g20_e07;6m_b1500_g20_e09;6m_b1500_g20_e13,6m_b1500_g20_e02,6m_b1500_g20_e01;6m_b1500_g20_e04;6m_b1500_g20_e10
6,1500,20,RR:0.75,GG:3.50,4,6,3,1,3,0.42857142857142855,True,6m_b1500_g20_e07;6m_b1500_g20_e09;6m_b1500_g20_e13,6m_b1500_g20_e02,6m_b1500_g20_e01;6m_b1500_g20_e04;6m_b1500_g20_e10
6,1500,20,RR:1.00,GG:0.50,3,7,2,1,5,0.25,True,6m_b1500_g20_e02;6m_b1500_g20_e13,6m_b1500_g20_e01,6m_b1500_g20_e04;6m_b1500_g20_e06;6m_b1500_g20_e09;6m_b1500_g20_e10;6m_b1500_g20_e12
6,1500,20,RR:1.00,GG:0.75,3,7,2,1,5,0.25,True,6m_b1500_g20_e01;6m_b1500_g20_e13,6m_b1500_g20_e02,6m_b1500_g20_e04;6m_b1500_g20_e06;6m_b1500_g20_e09;6m_b1500_g20_e10;6m_b1500_g20_e11
6,1500,20,RR:1.00,GG:1.00,3,5,2,1,3,0.3333333333333333,True,6m_b1500_g20_e01;6m_b1500_g20_e13,6m_b1500_g20_e02,6m_b1500_g20_e04;6m_b1500_g20_e09;6m_b1500_g20_e10
6,1500,20,RR:1.00,GG:1.25,3,4,1,2,3,0.16666666666666666,True,6m_b1500_g20_e13,6m_b1500_g20_e01;6m_b1500_g20_e02,6m_b1500_g20_e04;6m_b1500_g20_e09;6m_b1500_g20_e10
6,1500,20,RR:1.00,GG:1.50,3,4,1,2,3,0.16666666666666666,True,6m_b1500_g20_e13,6m_b1500_g20_e01;6m_b1500_g20_e02,6m_b1500_g20_e04;6m_b1500_g20_e09;6m_b1500_g20_e10
6,1500,20,RR:1.00,GG:1.75,3,6,2,1,4,0.2857142857142857,True,6m_b1500_g20_e01;6m_b1500_g20_e13,6m_b1500_g20_e02,6m_b1500_g20_e04;6m_b1500_g20_e06;6m_b1500_g20_e09;6m_b1500_g20_e10
6,1500,20,RR:1.00,GG:2.00,3,7,3,0,4,0.42857142857142855,False,6m_b1500_g20_e01;6m_b1500_g20_e02;6m_b1500_g20_e13,,6m_b1500_g20_e04;6m_b1500_g20_e06;6m_b1500_g20_e09;6m_b1500_g20_e10
6,1500,20,RR:1.00,GG:2.25,3,7,3,0,4,0.42857142857142855,False,6m_b1500_g20_e01;6m_b1500_g20_e02;6m_b1500_g20_e13,,6m_b1500_g20_e04;6m_b1500_g20_e06;6m_b1500_g20_e09;6m_b1500_g20_e10
6,1500,20,RR:1.00,GG:2.50,3,7,3,0,4,0.42857142857142855,False,6m_b1500_g20_e01;6m_b1500_g20_e02;6m_b1500_g20_e13,,6m_b1500_g20_e04;6m_b1500_g20_e06;6m_b1500_g20_e09;6m_b1500_g20_e10
6,1500,20,RR:1.00,GG:2.75,3,7,3,0,4,0.42857142857142855,False,6m_b1500_g20_e01;6m_b1500_g20_e02;6m_b1500_g20_e13,,6m_b1500_g20_e04;6m_b1500_g20_e06;6m_b1500_g20_e09;6m_b1500_g20_e10
6,1500,20,RR:1.00,GG:3.00,3,6,3,0,3,0.5,False,6m_b1500_g20_e01;6m_b1500_g20_e02;6m_b1500_g20_e13,,6m_b1500_g20_e04;6m_b1500_g20_e09;6m_b1500_g20_e10
6,1500,20,RR:1.00,GG:3.25,3,6,2,1,4,0.2857142857142857,True,6m_b1500_g20_e01;6m_b1500_g20_e13,6m_b1500_g20_e02,6m_b1500_g20_e04;6m_b1500_g20_e07;6m_b1500_g20_e09;6m_b1500_g20_e10
6,1500,20,RR:1.00,GG:3.50,3,6,2,1,4,0.2857142857142857,True,6m_b1500_g20_e01;6m_b1500_g20_e13,6m_b1500_g20_e02,6m_b1500_g20_e04;6m_b1500_g20_e07;6m_b1500_g20_e09;6m_b1500_g20_e10
6,1500,20,RR:1.25,GG:0.50,5,7,3,2,4,0.3333333333333333,True,6m_b1500_g20_e02;6m_b1500_g20_e09;6m_b1500_g20_e13,6m_b1500_g20_e01;6m_b1500_g20_e05,6m_b1500_g20_e04;6m_b1500_g20_e06;6m_b1500_g20_e10;6m_b1500_g20_e12
6,1500,20,RR:1.25,GG:0.75,5,7,3,2,4,0.3333333333333333,True,6m_b1500_g20_e01;6m_b1500_g20_e09;6m_b1500_g20_e13,6m_b1500_g20_e02;6m_b1500_g20_e05,6m_b1500_g20_e04;6m_b1500_g20_e06;6m_b1500_g20_e10;6m_b1500_g20_e11
6,1500,20,RR:1.25,GG:1.00,5,5,3,2,2,0.42857142857142855,True,6m_b1500_g20_e01;6m_b1500_g20_e09;6m_b1500_g20_e13,6m_b1500_g20_e02;6m_b1500_g20_e05,6m_b1500_g20_e04;6m_b1500_g20_e10
6,1500,20,RR:1.25,GG:1.25,5,4,2,3,2,0.2857142857142857,True,6m_b1500_g20_e09;6m_b1500_g20_e13,6m_b1500_g20_e01;6m_b1500_g20_e02;6m_b1500_g20_e05,6m_b1500_g20_e04;6m_b1500_g20_e10
6,1500,20,RR:1.25,GG:1.50,5,4,2,3,2,0.2857142857142857,True,6m_b1500_g20_e09;6m_b1500_g20_e13,6m_b1500_g20_e01;6m_b1500_g20_e02;6m_b1500_g20_e05,6m_b1500_g20_e04;6m_b1500_g20_e10
6,1500,20,RR:1.25,GG:1.75,5,6,3,2,3,0.375,True,6m_b1500_g20_e01;6m_b1500_g20_e09;6m_b1500_g20_e13,6m_b1500_g20_e02;6m_b1500_g20_e05,6m_b1500_g20_e04;6m_b1500_g20_e06;6m_b1500_g20_e10
6,1500,20,RR:1.25,GG:2.00,5,7,4,1,3,0.5,True,6m_b1500_g20_e01;6m_b1500_g20_e02;6m_b1500_g20_e09;6m_b1500_g20_e13,6m_b1500_g20_e05,6m_b1500_g20_e04;6m_b1500_g20_e06;6m_b1500_g20_e10
6,1500,20,RR:1.25,GG:2.25,5,7,4,1,3,0.5,True,6m_b1500_g20_e01;6m_b1500_g20_e02;6m_b1500_g20_e09;6m_b1500_g20_e13,6m_b1500_g20_e05,6m_b1500_g20_e04;6m_b1500_g20_e06;6m_b1500_g20_e10
6,1500,20,RR:1.25,GG:2.50,5,7,4,1,3,0.5,True,6m_b1500_g20_e01;6m_b1500_g20_e02;6m_b1500_g20_e09;6m_b1500_g20_e13,6m_b1500_g20_e05,6m_b1500_g20_e04;6m_b1500_g20_e06;6m_b1500_g20_e10
6,1500,20,RR:1.25,GG:2.75,5,7,4,1,3,0.5,True,6m_b1500_g20_e01;6m_b1500_g20_e02;6m_b1500_g20_e09;6m_b1500_g20_e13,6m_b1500_g20_e05,6m_b1500_g20_e04;6m_b1500_g20_e06;6m_b1500_g20_e10
6,1500,20,RR:1.25,GG:3.00,5,6,4,1,2,0.5714285714285714,True,6m_b1500_g20_e01;6m_b1500_g20_e02;6m_b1500_g20_e09;6m_b1500_g20_e13,6m_b1500_g20_e05,6m_b1500_g20_e04;6m_b1500_g20_e10
6,1500,20,RR:1.25,GG:3.25,5,6,3,2,3,0.375,True,6m_b1500_g20_e01;6m_b1500_g20_e09;6m_b1500_g20_e13,6m_b1500_g20_e02;6m_b1500_g20_e05,6m_b1500_g20_e04;6m_b1500_g20_e07;6m_b1500_g20_e10
6,1500,20,RR:1.25,GG:3.50,5,6,3,2,3,0.375,True,6m_b1500_g20_e01;6m_b1500_g20_e09;6m_b1500_g20_e13,6m_b1500_g20_e02;6m_b1500_g20_e05,6m_b1500_g20_e04;6m_b1500_g20_e07;6m_b1500_g20_e10
6,1500,20,RR:1.50,GG:0.50,4,7,2,2,5,0.2222222222222222,True,6m_b1500_g20_e09;6m_b1500_g20_e13,6m_b1500_g20_e01;6m_b1500_g20_e08,6m_b1500_g20_e02;6m_b1500_g20_e04;6m_b1500_g20_e06;6m_b1500_g20_e10;6m_b1500_g20_e12
6,1500,20,RR:1.50,GG:0.75,4,7,3,1,4,0.375,True,6m_b1500_g20_e01;6m_b1500_g20_e09;6m_b1500_g20_e13,6m_b1500_g20_e08,6m_b1500_g20_e04;6m_b1500_g20_e06;6m_b1500_g20_e10;6m_b1500_g20_e11
6,1500,20,RR:1.50,GG:1.00,4,5,3,1,2,0.5,True,6m_b1500_g20_e01;6m_b1500_g20_e09;6m_b1500_g20_e13,6m_b1500_g20_e08,6m_b1500_g20_e04;6m_b1500_g20_e10
6,1500,20,RR:1.50,GG:1.25,4,4,2,2,2,0.3333333333333333,True,6m_b1500_g20_e09;6m_b1500_g20_e13,6m_b1500_g20_e01;6m_b1500_g20_e08,6m_b1500_g20_e04;6m_b1500_g20_e10
6,1500,20,RR:1.50,GG:1.50,4,4,2,2,2,0.3333333333333333,True,6m_b1500_g20_e09;6m_b1500_g20_e13,6m_b1500_g20_e01;6m_b1500_g20_e08,6m_b1500_g20_e04;6m_b1500_g20_e10
6,1500,20,RR:1.50,GG:1.75,4,6,3,1,3,0.42857142857142855,True,6m_b1500_g20_e01;6m_b1500_g20_e09;6m_b1500_g20_e13,6m_b1500_g20_e08,6m_b1500_g20_e04;6m_b1500_g20_e06;6m_b1500_g20_e10
6,1500,20,RR:1.50,GG:2.00,4,7,3,1,4,0.375,True,6m_b1500_g20_e01;6m_b1500_g20_e09;6m_b1500_g20_e13,6m_b1500_g20_e08,6m_b1500_g20_e02;6m_b1500_g20_e04;6m_b1500_g20_e06;6m_b1500_g20_e10
6,1500,20,RR:1.50,GG:2.25,4,7,3,1,4,0.375,True,6m_b1500_g20_e01;6m_b1500_g20_e09;6m_b1500_g20_e13,6m_b1500_g20_e08,6m_b1500_g20_e02;6m_b1500_g20_e04;6m_b1500_g20_e06;6m_b1500_g20_e10
6,1500,20,RR:1.50,GG:2.50,4,7,3,1,4,0.375,True,6m_b1500_g20_e01;6m_b1500_g20_e09;6m_b1500_g20_e13,6m_b1500_g20_e08,6m_b1500_g20_e02;6m_b1500_g20_e04;6m_b1500_g20_e06;6m_b1500_g20_e10
6,1500,20,RR:1.50,GG:2.75,4,7,3,1,4,0.375,True,6m_b1500_g20_e01;6m_b1500_g20_e09;6m_b1500_g20_e13,6m_b1500_g20_e08,6m_b1500_g20_e02;6m_b1500_g20_e04;6m_b1500_g20_e06;6m_b1500_g20_e10
6,1500,20,RR:1.50,GG:3.00,4,6,3,1,3,0.42857142857142855,True,6m_b1500_g20_e01;6m_b1500_g20_e09;6m_b1500_g20_e13,6m_b1500_g20_e08,6m_b1500_g20_e02;6m_b1500_g20_e04;6m_b1500_g20_e10
6,1500,20,RR:1.50,GG:3.25,4,6,3,1,3,0.42857142857142855,True,6m_b1500_g20_e01;6m_b1500_g20_e09;6m_b1500_g20_e13,6m_b1500_g20_e08,6m_b1500_g20_e04;6m_b1500_g20_e07;6m_b1500_g20_e10
6,1500,20,RR:1.50,GG:3.50,4,6,3,1,3,0.42857142857142855,True,6m_b1500_g20_e01;6m_b1500_g20_e09;6m_b1500_g20_e13,6m_b1500_g20_e08,6m_b1500_g20_e04;6m_b1500_g20_e07;6m_b1500_g20_e10
6,1500,20,RR:1.75,GG:0.50,2,7,2,0,5,0.2857142857142857,False,6m_b1500_g20_e09;6m_b1500_g20_e13,,6m_b1500_g20_e02;6m_b1500_g20_e04;6m_b1500_g20_e06;6m_b1500_g20_e10;6m_b1500_g20_e12
6,1500,20,RR:1.75,GG:0.75,2,7,2,0,5,0.2857142857142857,False,6m_b1500_g20_e09;6m_b1500_g20_e13,,6m_b1500_g20_e01;6m_b1500_g20_e04;6m_b1500_g20_e06;6m_b1500_g20_e10;6m_b1500_g20_e11
6,1500,20,RR:1.75,GG:1.00,2,5,2,0,3,0.4,False,6m_b1500_g20_e09;6m_b1500_g20_e13,,6m_b1500_g20_e01;6m_b1500_g20_e04;6m_b1500_g20_e10
6,1500,20,RR:1.75,GG:1.25,2,4,2,0,2,0.5,False,6m_b1500_g20_e09;6m_b1500_g20_e13,,6m_b1500_g20_e04;6m_b1500_g20_e10
6,1500,20,RR:1.75,GG:1.50,2,4,2,0,2,0.5,False,6m_b1500_g20_e09;6m_b1500_g20_e13,,6m_b1500_g20_e04;6m_b1500_g20_e10
6,1500,20,RR:1.75,GG:1.75,2,6,2,0,4,0.3333333333333333,False,6m_b1500_g20_e09;6m_b1500_g20_e13,,6m_b1500_g20_e01;6m_b1500_g20_e04;6m_b1500_g20_e06;6m_b1500_g20_e10
6,1500,20,RR:1.75,GG:2.00,2,7,2,0,5,0.2857142857142857,False,6m_b1500_g20_e09;6m_b1500_g20_e13,,6m_b1500_g20_e01;6m_b1500_g20_e02;6m_b1500_g20_e04;6m_b1500_g20_e06;6m_b1500_g20_e10
6,1500,20,RR:1.75,GG:2.25,2,7,2,0,5,0.2857142857142857,False,6m_b1500_g20_e09;6m_b1500_g20_e13,,6m_b1500_g20_e01;6m_b1500_g20_e02;6m_b1500_g20_e04;6m_b1500_g20_e06;6m_b1500_g20_e10
6,1500,20,RR:1.75,GG:2.50,2,7,2,0,5,0.2857142857142857,False,6m_b1500_g20_e09;6m_b1500_g20_e13,,6m_b1500_g20_e01;6m_b1500_g20_e02;6m_b1500_g20_e04;6m_b1500_g20_e06;6m_b1500_g20_e10
6,1500,20,RR:1.75,GG:2.75,2,7,2,0,5,0.2857142857142857,False,6m_b1500_g20_e09;6m_b1500_g20_e13,,6m_b1500_g20_e01;6m_b1500_g20_e02;6m_b1500_g20_e04;6m_b1500_g20_e06;6m_b1500_g20_e10
6,1500,20,RR:1.75,GG:3.00,2,6,2,0,4,0.3333333333333333,False,6m_b1500_g20_e09;6m_b1500_g20_e13,,6m_b1500_g20_e01;6m_b1500_g20_e02;6m_b1500_g20_e04;6m_b1500_g20_e10
6,1500,20,RR:1.75,GG:3.25,2,6,2,0,4,0.3333333333333333,False,6m_b1500_g20_e09;6m_b1500_g20_e13,,6m_b1500_g20_e01;6m_b1500_g20_e04;6m_b1500_g20_e07;6m_b1500_g20_e10
6,1500,20,RR:1.75,GG:3.50,2,6,2,0,4,0.3333333333333333,False,6m_b1500_g20_e09;6m_b1500_g20_e13,,6m_b1500_g20_e01;6m_b1500_g20_e04;6m_b1500_g20_e07;6m_b1500_g20_e10
6,1500,20,RR:2.00,GG:0.50,2,7,2,0,5,0.2857142857142857,False,6m_b1500_g20_e09;6m_b1500_g20_e13,,6m_b1500_g20_e02;6m_b1500_g20_e04;6m_b1500_g20_e06;6m_b1500_g20_e10;6m_b1500_g20_e12
6,1500,20,RR:2.00,GG:0.75,2,7,2,0,5,0.2857142857142857,False,6m_b1500_g20_e09;6m_b1500_g20_e13,,6m_b1500_g20_e01;6m_b1500_g20_e04;6m_b1500_g20_e06;6m_b1500_g20_e10;6m_b1500_g20_e11
6,1500,20,RR:2.00,GG:1.00,2,5,2,0,3,0.4,False,6m_b1500_g20_e09;6m_b1500_g20_e13,,6m_b1500_g20_e01;6m_b1500_g20_e04;6m_b1500_g20_e10
6,1500,20,RR:2.00,GG:1.25,2,4,2,0,2,0.5,False,6m_b1500_g20_e09;6m_b1500_g20_e13,,6m_b1500_g20_e04;6m_b1500_g20_e10
6,1500,20,RR:2.00,GG:1.50,2,4,2,0,2,0.5,False,6m_b1500_g20_e09;6m_b1500_g20_e13,,6m_b1500_g20_e04;6m_b1500_g20_e10
6,1500,20,RR:2.00,GG:1.75,2,6,2,0,4,0.3333333333333333,False,6m_b1500_g20_e09;6m_b1500_g20_e13,,6m_b1500_g20_e01;6m_b1500_g20_e04;6m_b1500_g20_e06;6m_b1500_g20_e10
6,1500,20,RR:2.00,GG:2.00,2,7,2,0,5,0.2857142857142857,False,6m_b1500_g20_e09;6m_b1500_g20_e13,,6m_b1500_g20_e01;6m_b1500_g20_e02;6m_b1500_g20_e04;6m_b1500_g20_e06;6m_b1500_g20_e10
6,1500,20,RR:2.00,GG:2.25,2,7,2,0,5,0.2857142857142857,False,6m_b1500_g20_e09;6m_b1500_g20_e13,,6m_b1500_g20_e01;6m_b1500_g20_e02;6m_b1500_g20_e04;6m_b1500_g20_e06;6m_b1500_g20_e10
6,1500,20,RR:2.00,GG:2.50,2,7,2,0,5,0.2857142857142857,False,6m_b1500_g20_e09;6m_b1500_g20_e13,,6m_b1500_g20_e01;6m_b1500_g20_e02;6m_b1500_g20_e04;6m_b1500_g20_e06;6m_b1500_g20_e10
6,1500,20,RR:2.00,GG:2.75,2,7,2,0,5,0.2857142857142857,False,6m_b1500_g20_e09;6m_b1500_g20_e13,,6m_b1500_g20_e01;6m_b1500_g20_e02;6m_b1500_g20_e04;6m_b1500_g20_e06;6m_b1500_g20_e10
6,1500,20,RR:2.00,GG:3.00,2,6,2,0,4,0.3333333333333333,False,6m_b1500_g20_e09;6m_b1500_g20_e13,,6m_b1500_g20_e01;6m_b1500_g20_e02;6m_b1500_g20_e04;6m_b1500_g20_e10
6,1500,20,RR:2.00,GG:3.25,2,6,2,0,4,0.3333333333333333,False,6m_b1500_g20_e09;6m_b1500_g20_e13,,6m_b1500_g20_e01;6m_b1500_g20_e04;6m_b1500_g20_e07;6m_b1500_g20_e10
6,1500,20,RR:2.00,GG:3.50,2,6,2,0,4,0.3333333333333333,False,6m_b1500_g20_e09;6m_b1500_g20_e13,,6m_b1500_g20_e01;6m_b1500_g20_e04;6m_b1500_g20_e07;6m_b1500_g20_e10
6,1500,20,RR:2.25,GG:0.50,3,7,2,1,5,0.25,True,6m_b1500_g20_e09;6m_b1500_g20_e13,6m_b1500_g20_e05,6m_b1500_g20_e02;6m_b1500_g20_e04;6m_b1500_g20_e06;6m_b1500_g20_e10;6m_b1500_g20_e12
6,1500,20,RR:2.25,GG:0.75,3,7,2,1,5,0.25,True,6m_b1500_g20_e09;6m_b1500_g20_e13,6m_b1500_g20_e05,6m_b1500_g20_e01;6m_b1500_g20_e04;6m_b1500_g20_e06;6m_b1500_g20_e10;6m_b1500_g20_e11
6,1500,20,RR:2.25,GG:1.00,3,5,2,1,3,0.3333333333333333,True,6m_b1500_g20_e09;6m_b1500_g20_e13,6m_b1500_g20_e05,6m_b1500_g20_e01;6m_b1500_g20_e04;6m_b1500_g20_e10
6,1500,20,RR:2.25,GG:1.25,3,4,2,1,2,0.4,True,6m_b1500_g20_e09;6m_b1500_g20_e13,6m_b1500_g20_e05,6m_b1500_g20_e04;6m_b1500_g20_e10
6,1500,20,RR:2.25,GG:1.50,3,4,2,1,2,0.4,True,6m_b1500_g20_e09;6m_b1500_g20_e13,6m_b1500_g20_e05,6m_b1500_g20_e04;6m_b1500_g20_e10
6,1500,20,RR:2.25,GG:1.75,3,6,2,1,4,0.2857142857142857,True,6m_b1500_g20_e09;6m_b1500_g20_e13,6m_b1500_g20_e05,6m_b1500_g20_e01;6m_b1500_g20_e04;6m_b1500_g20_e06;6m_b1500_g20_e10
6,1500,20,RR:2.25,GG:2.00,3,7,2,1,5,0.25,True,6m_b1500_g20_e09;6m_b1500_g20_e13,6m_b1500_g20_e05,6m_b1500_g20_e01;6m_b1500_g20_e02;6m_b1500_g20_e04;6m_b1500_g20_e06;6m_b1500_g20_e10
6,1500,20,RR:2.25,GG:2.25,3,7,2,1,5,0.25,True,6m_b1500_g20_e09;6m_b1500_g20_e13,6m_b1500_g20_e05,6m_b1500_g20_e01;6m_b1500_g20_e02;6m_b1500_g20_e04;6m_b1500_g20_e06;6m_b1500_g20_e10
6,1500,20,RR:2.25,GG:2.50,3,7,2,1,5,0.25,True,6m_b1500_g20_e09;6m_b1500_g20_e13,6m_b1500_g20_e05,6m_b1500_g20_e01;6m_b1500_g20_e02;6m_b1500_g20_e04;6m_b1500_g20_e06;6m_b1500_g20_e10
6,1500,20,RR:2.25,GG:2.75,3,7,2,1,5,0.25,True,6m_b1500_g20_e09;6m_b1500_g20_e13,6m_b1500_g20_e05,6m_b1500_g20_e01;6m_b1500_g20_e02;6m_b1500_g20_e04;6m_b1500_g20_e06;6m_b1500_g20_e10
6,1500,20,RR:2.25,GG:3.00,3,6,2,1,4,0.2857142857142857,True,6m_b1500_g20_e09;6m_b1500_g20_e13,6m_b1500_g20_e05,6m_b1500_g20_e01;6m_b1500_g20_e02;6m_b1500_g20_e04;6m_b1500_g20_e10
6,1500,20,RR:2.25,GG:3.25,3,6,2,1,4,0.2857142857142857,True,6m_b1500_g20_e09;6m_b1500_g20_e13,6m_b1500_g20_e05,6m_b1500_g20_e01;6m_b1500_g20_e04;6m_b1500_g20_e07;6m_b1500_g20_e10
6,1500,20,RR:2.25,GG:3.50,3,6,2,1,4,0.2857142857142857,True,6m_b1500_g20_e09;6m_b1500_g20_e13,6m_b1500_g20_e05,6m_b1500_g20_e01;6m_b1500_g20_e04;6m_b1500_g20_e07;6m_b1500_g20_e10
6,1500,20,RR:2.50,GG:0.50,4,7,3,1,4,0.375,True,6m_b1500_g20_e04;6m_b1500_g20_e09;6m_b1500_g20_e13,6m_b1500_g20_e01,6m_b1500_g20_e02;6m_b1500_g20_e06;6m_b1500_g20_e10;6m_b1500_g20_e12
6,1500,20,RR:2.50,GG:0.75,4,7,4,0,3,0.5714285714285714,False,6m_b1500_g20_e01;6m_b1500_g20_e04;6m_b1500_g20_e09;6m_b1500_g20_e13,,6m_b1500_g20_e06;6m_b1500_g20_e10;6m_b1500_g20_e11
6,1500,20,RR:2.50,GG:1.00,4,5,4,0,1,0.8,False,6m_b1500_g20_e01;6m_b1500_g20_e04;6m_b1500_g20_e09;6m_b1500_g20_e13,,6m_b1500_g20_e10
6,1500,20,RR:2.50,GG:1.25,4,4,3,1,1,0.6,True,6m_b1500_g20_e04;6m_b1500_g20_e09;6m_b1500_g20_e13,6m_b1500_g20_e01,6m_b1500_g20_e10
6,1500,20,RR:2.50,GG:1.50,4,4,3,1,1,0.6,True,6m_b1500_g20_e04;6m_b1500_g20_e09;6m_b1500_g20_e13,6m_b1500_g20_e01,6m_b1500_g20_e10
6,1500,20,RR:2.50,GG:1.75,4,6,4,0,2,0.6666666666666666,False,6m_b1500_g20_e01;6m_b1500_g20_e04;6m_b1500_g20_e09;6m_b1500_g20_e13,,6m_b1500_g20_e06;6m_b1500_g20_e10
6,1500,20,RR:2.50,GG:2.00,4,7,4,0,3,0.5714285714285714,False,6m_b1500_g20_e01;6m_b1500_g20_e04;6m_b1500_g20_e09;6m_b1500_g20_e13,,6m_b1500_g20_e02;6m_b1500_g20_e06;6m_b1500_g20_e10
6,1500,20,RR:2.50,GG:2.25,4,7,4,0,3,0.5714285714285714,False,6m_b1500_g20_e01;6m_b1500_g20_e04;6m_b1500_g20_e09;6m_b1500_g20_e13,,6m_b1500_g20_e02;6m_b1500_g20_e06;6m_b1500_g20_e10
6,1500,20,RR:2.50,GG:2.50,4,7,4,0,3,0.5714285714285714,False,6m_b1500_g20_e01;6m_b1500_g20_e04;6m_b1500_g20_e09;6m_b1500_g20_e13,,6m_b1500_g20_e02;6m_b1500_g20_e06;6m_b1500_g20_e10
6,1500,20,RR:2.50,GG:2.75,4,7,4,0,3,0.5714285714285714,False,6m_b1500_g20_e01;6m_b1500_g20_e04;6m_b1500_g20_e09;6m_b1500_g20_e13,,6m_b1500_g20_e02;6m_b1500_g20_e06;6m_b1500_g20_e10
6,1500,20,RR:2.50,GG:3.00,4,6,4,0,2,0.6666666666666666,False,6m_b1500_g20_e01;6m_b1500_g20_e04;6m_b1500_g20_e09;6m_b1500_g20_e13,,6m_b1500_g20_e02;6m_b1500_g20_e10
6,1500,20,RR:2.50,GG:3.25,4,6,4,0,2,0.6666666666666666,False,6m_b1500_g20_e01;6m_b1500_g20_e04;6m_b1500_g20_e09;6m_b1500_g20_e13,,6m_b1500_g20_e07;6m_b1500_g20_e10
6,1500,20,RR:2.50,GG:3.50,4,6,4,0,2,0.6666666666666666,False,6m_b1500_g20_e01;6m_b1500_g20_e04;6m_b1500_g20_e09;6m_b1500_g20_e13,,6m_b1500_g20_e07;6m_b1500_g20_e10
6,1500,20,RR:2.75,GG:0.50,4,7,3,1,4,0.375,True,6m_b1500_g20_e04;6m_b1500_g20_e09;6m_b1500_g20_e13,6m_b1500_g20_e01,6m_b1500_g20_e02;6m_b1500_g20_e06;6m_b1500_g20_e10;6m_b1500_g20_e12
6,1500,20,RR:2.75,GG:0.75,4,7,4,0,3,0.5714285714285714,False,6m_b1500_g20_e01;6m_b1500_g20_e04;6m_b1500_g20_e09;6m_b1500_g20_e13,,6m_b1500_g20_e06;6m_b1500_g20_e10;6m_b1500_g20_e11
6,1500,20,RR:2.75,GG:1.00,4,5,4,0,1,0.8,False,6m_b1500_g20_e01;6m_b1500_g20_e04;6m_b1500_g20_e09;6m_b1500_g20_e13,,6m_b1500_g20_e10
6,1500,20,RR:2.75,GG:1.25,4,4,3,1,1,0.6,True,6m_b1500_g20_e04;6m_b1500_g20_e09;6m_b1500_g20_e13,6m_b1500_g20_e01,6m_b1500_g20_e10
6,1500,20,RR:2.75,GG:1.50,4,4,3,1,1,0.6,True,6m_b1500_g20_e04;6m_b1500_g20_e09;6m_b1500_g20_e13,6m_b1500_g20_e01,6m_b1500_g20_e10
6,1500,20,RR:2.75,GG:1.75,4,6,4,0,2,0.6666666666666666,False,6m_b1500_g20_e01;6m_b1500_g20_e04;6m_b1500_g20_e09;6m_b1500_g20_e13,,6m_b1500_g20_e06;6m_b1500_g20_e10
6,1500,20,RR:2.75,GG:2.00,4,7,4,0,3,0.5714285714285714,False,6m_b1500_g20_e01;6m_b1500_g20_e04;6m_b1500_g20_e09;6m_b1500_g20_e13,,6m_b1500_g20_e02;6m_b1500_g20_e06;6m_b1500_g20_e10
6,1500,20,RR:2.75,GG:2.25,4,7,4,0,3,0.5714285714285714,False,6m_b1500_g20_e01;6m_b1500_g20_e04;6m_b1500_g20_e09;6m_b1500_g20_e13,,6m_b1500_g20_e02;6m_b1500_g20_e06;6m_b1500_g20_e10
6,1500,20,RR:2.75,GG:2.50,4,7,4,0,3,0.5714285714285714,False,6m_b1500_g20_e01;6m_b1500_g20_e04;6m_b1500_g20_e09;6m_b1500_g20_e13,,6m_b1500_g20_e02;6m_b1500_g20_e06;6m_b1500_g20_e10
6,1500,20,RR:2.75,GG:2.75,4,7,4,0,3,0.5714285714285714,False,6m_b1500_g20_e01;6m_b1500_g20_e04;6m_b1500_g20_e09;6m_b1500_g20_e13,,6m_b1500_g20_e02;6m_b1500_g20_e06;6m_b1500_g20_e10
6,1500,20,RR:2.75,GG:3.00,4,6,4,0,2,0.6666666666666666,False,6m_b1500_g20_e01;6m_b1500_g20_e04;6m_b1500_g20_e09;6m_b1500_g20_e13,,6m_b1500_g20_e02;6m_b1500_g20_e10
6,1500,20,RR:2.75,GG:3.25,4,6,4,0,2,0.6666666666666666,False,6m_b1500_g20_e01;6m_b1500_g20_e04;6m_b1500_g20_e09;6m_b1500_g20_e13,,6m_b1500_g20_e07;6m_b1500_g20_e10
6,1500,20,RR:2.75,GG:3.50,4,6,4,0,2,0.6666666666666666,False,6m_b1500_g20_e01;6m_b1500_g20_e04;6m_b1500_g20_e09;6m_b1500_g20_e13,,6m_b1500_g20_e07;6m_b1500_g20_e10
6,1500,20,RR:3.00,GG:0.50,3,7,2,1,5,0.25,True,6m_b1500_g20_e09;6m_b1500_g20_e13,6m_b1500_g20_e01,6m_b1500_g20_e02;6m_b1500_g20_e04;6m_b1500_g20_e06;6m_b1500_g20_e10;6m_b1500_g20_e12
6,1500,20,RR:3.00,GG:0.75,3,7,3,0,4,0.42857142857142855,False,6m_b1500_g20_e01;6m_b1500_g20_e09;6m_b1500_g20_e13,,6m_b1500_g20_e04;6m_b1500_g20_e06;6m_b1500_g20_e10;6m_b1500_g20_e11
6,1500,20,RR:3.00,GG:1.00,3,5,3,0,2,0.6,False,6m_b1500_g20_e01;6m_b1500_g20_e09;6m_b1500_g20_e13,,6m_b1500_g20_e04;6m_b1500_g20_e10
6,1500,20,RR:3.00,GG:1.25,3,4,2,1,2,0.4,True,6m_b1500_g20_e09;6m_b1500_g20_e13,6m_b1500_g20_e01,6m_b1500_g20_e04;6m_b1500_g20_e10
6,1500,20,RR:3.00,GG:1.50,3,4,2,1,2,0.4,True,6m_b1500_g20_e09;6m_b1500_g20_e13,6m_b1500_g20_e01,6m_b1500_g20_e04;6m_b1500_g20_e10
6,1500,20,RR:3.00,GG:1.75,3,6,3,0,3,0.5,False,6m_b1500_g20_e01;6m_b1500_g20_e09;6m_b1500_g20_e13,,6m_b1500_g20_e04;6m_b1500_g20_e06;6m_b1500_g20_e10
6,1500,20,RR:3.00,GG:2.00,3,7,3,0,4,0.42857142857142855,False,6m_b1500_g20_e01;6m_b1500_g20_e09;6m_b1500_g20_e13,,6m_b1500_g20_e02;6m_b1500_g20_e04;6m_b1500_g20_e06;6m_b1500_g20_e10
6,1500,20,RR:3.00,GG:2.25,3,7,3,0,4,0.42857142857142855,False,6m_b1500_g20_e01;6m_b1500_g20_e09;6m_b1500_g20_e13,,6m_b1500_g20_e02;6m_b1500_g20_e04;6m_b1500_g20_e06;6m_b1500_g20_e10
6,1500,20,RR:3.00,GG:2.50,3,7,3,0,4,0.42857142857142855,False,6m_b1500_g20_e01;6m_b1500_g20_e09;6m_b1500_g20_e13,,6m_b1500_g20_e02;6m_b1500_g20_e04;6m_b1500_g20_e06;6m_b1500_g20_e10
6,1500,20,RR:3.00,GG:2.75,3,7,3,0,4,0.42857142857142855,False,6m_b1500_g20_e01;6m_b1500_g20_e09;6m_b1500_g20_e13,,6m_b1500_g20_e02;6m_b1500_g20_e04;6m_b1500_g20_e06;6m_b1500_g20_e10
6,1500,20,RR:3.00,GG:3.00,3,6,3,0,3,0.5,False,6m_b1500_g20_e01;6m_b1500_g20_e09;6m_b1500_g20_e13,,6m_b1500_g20_e02;6m_b1500_g20_e04;6m_b1500_g20_e10
6,1500,20,RR:3.00,GG:3.25,3,6,3,0,3,0.5,False,6m_b1500_g20_e01;6m_b1500_g20_e09;6m_b1500_g20_e13,,6m_b1500_g20_e04;6m_b1500_g20_e07;6m_b1500_g20_e10
6,1500,20,RR:3.00,GG:3.50,3,6,3,0,3,0.5,False,6m_b1500_g20_e01;6m_b1500_g20_e09;6m_b1500_g20_e13,,6m_b1500_g20_e04;6m_b1500_g20_e07;6m_b1500_g20_e10
6,1500,20,RR:3.25,GG:0.50,5,7,4,1,3,0.5,True,6m_b1500_g20_e04;6m_b1500_g20_e09;6m_b1500_g20_e10;6m_b1500_g20_e13,6m_b1500_g20_e01,6m_b1500_g20_e02;6m_b1500_g20_e06;6m_b1500_g20_e12
6,1500,20,RR:3.25,GG:0.75,5,7,5,0,2,0.7142857142857143,False,6m_b1500_g20_e01;6m_b1500_g20_e04;6m_b1500_g20_e09;6m_b1500_g20_e10;6m_b1500_g20_e13,,6m_b1500_g20_e06;6m_b1500_g20_e11
6,1500,20,RR:3.25,GG:1.00,5,5,5,0,0,1.0,False,6m_b1500_g20_e01;6m_b1500_g20_e04;6m_b1500_g20_e09;6m_b1500_g20_e10;6m_b1500_g20_e13,,
6,1500,20,RR:3.25,GG:1.25,5,4,4,1,0,0.8,False,6m_b1500_g20_e04;6m_b1500_g20_e09;6m_b1500_g20_e10;6m_b1500_g20_e13,6m_b1500_g20_e01,
6,1500,20,RR:3.25,GG:1.50,5,4,4,1,0,0.8,False,6m_b1500_g20_e04;6m_b1500_g20_e09;6m_b1500_g20_e10;6m_b1500_g20_e13,6m_b1500_g20_e01,
6,1500,20,RR:3.25,GG:1.75,5,6,5,0,1,0.8333333333333334,False,6m_b1500_g20_e01;6m_b1500_g20_e04;6m_b1500_g20_e09;6m_b1500_g20_e10;6m_b1500_g20_e13,,6m_b1500_g20_e06
6,1500,20,RR:3.25,GG:2.00,5,7,5,0,2,0.7142857142857143,False,6m_b1500_g20_e01;6m_b1500_g20_e04;6m_b1500_g20_e09;6m_b1500_g20_e10;6m_b1500_g20_e13,,6m_b1500_g20_e02;6m_b1500_g20_e06
6,1500,20,RR:3.25,GG:2.25,5,7,5,0,2,0.7142857142857143,False,6m_b1500_g20_e01;6m_b1500_g20_e04;6m_b1500_g20_e09;6m_b1500_g20_e10;6m_b1500_g20_e13,,6m_b1500_g20_e02;6m_b1500_g20_e06
6,1500,20,RR:3.25,GG:2.50,5,7,5,0,2,0.7142857142857143,False,6m_b1500_g20_e01;6m_b1500_g20_e04;6m_b1500_g20_e09;6m_b1500_g20_e10;6m_b1500_g20_e13,,6m_b1500_g20_e02;6m_b1500_g20_e06
6,1500,20,RR:3.25,GG:2.75,5,7,5,0,2,0.7142857142857143,False,6m_b1500_g20_e01;6m_b1500_g20_e04;6m_b1500_g20_e09;6m_b1500_g20_e10;6m_b1500_g20_e13,,6m_b1500_g20_e02;6m_b1500_g20_e06
6,1500,20,RR:3.25,GG:3.00,5,6,5,0,1,0.8333333333333334,False,6m_b1500_g20_e01;6m_b1500_g20_e04;6m_b1500_g20_e09;6m_b1500_g20_e10;6m_b1500_g20_e13,,6m_b1500_g20_e02
6,1500,20,RR:3.25,GG:3.25,5,6,5,0,1,0.8333333333333334,False,6m_b1500_g20_e01;6m_b1500_g20_e04;6m_b1500_g20_e09;6m_b1500_g20_e10;6m_b1500_g20_e13,,6m_b1500_g20_e07
6,1500,20,RR:3.25,GG:3.50,5,6,5,0,1,0.8333333333333334,False,6m_b1500_g20_e01;6m_b1500_g20_e04;6m_b1500_g20_e09;6m_b1500_g20_e10;6m_b1500_g20_e13,,6m_b1500_g20_e07
6,1500,20,RR:3.50,GG:0.50,6,7,4,2,3,0.4444444444444444,True,6m_b1500_g20_e04;6m_b1500_g20_e09;6m_b1500_g20_e10;6m_b1500_g20_e13,6m_b1500_g20_e01;6m_b1500_g20_e07,6m_b1500_g20_e02;6m_b1500_g20_e06;6m_b1500_g20_e12
6,1500,20,RR:3.50,GG:0.75,6,7,5,1,2,0.625,True,6m_b1500_g20_e01;6m_b1500_g20_e04;6m_b1500_g20_e09;6m_b1500_g20_e10;6m_b1500_g20_e13,6m_b1500_g20_e07,6m_b1500_g20_e06;6m_b1500_g20_e11
6,1500,20,RR:3.50,GG:1.00,6,5,5,1,0,0.8333333333333334,False,6m_b1500_g20_e01;6m_b1500_g20_e04;6m_b1500_g20_e09;6m_b1500_g20_e10;6m_b1500_g20_e13,6m_b1500_g20_e07,
6,1500,20,RR:3.50,GG:1.25,6,4,4,2,0,0.6666666666666666,False,6m_b1500_g20_e04;6m_b1500_g20_e09;6m_b1500_g20_e10;6m_b1500_g20_e13,6m_b1500_g20_e01;6m_b1500_g20_e07,
6,1500,20,RR:3.50,GG:1.50,6,4,4,2,0,0.6666666666666666,False,6m_b1500_g20_e04;6m_b1500_g20_e09;6m_b1500_g20_e10;6m_b1500_g20_e13,6m_b1500_g20_e01;6m_b1500_g20_e07,
6,1500,20,RR:3.50,GG:1.75,6,6,5,1,1,0.7142857142857143,True,6m_b1500_g20_e01;6m_b1500_g20_e04;6m_b1500_g20_e09;6m_b1500_g20_e10;6m_b1500_g20_e13,6m_b1500_g20_e07,6m_b1500_g20_e06
6,1500,20,RR:3.50,GG:2.00,6,7,5,1,2,0.625,True,6m_b1500_g20_e01;6m_b1500_g20_e04;6m_b1500_g20_e09;6m_b1500_g20_e10;6m_b1500_g20_e13,6m_b1500_g20_e07,6m_b1500_g20_e02;6m_b1500_g20_e06
6,1500,20,RR:3.50,GG:2.25,6,7,5,1,2,0.625,True,6m_b1500_g20_e01;6m_b1500_g20_e04;6m_b1500_g20_e09;6m_b1500_g20_e10;6m_b1500_g20_e13,6m_b1500_g20_e07,6m_b1500_g20_e02;6m_b1500_g20_e06
6,1500,20,RR:3.50,GG:2.50,6,7,5,1,2,0.625,True,6m_b1500_g20_e01;6m_b1500_g20_e04;6m_b1500_g20_e09;6m_b1500_g20_e10;6m_b1500_g20_e13,6m_b1500_g20_e07,6m_b1500_g20_e02;6m_b1500_g20_e06
6,1500,20,RR:3.50,GG:2.75,6,7,5,1,2,0.625,True,6m_b1500_g20_e01;6m_b1500_g20_e04;6m_b1500_g20_e09;6m_b1500_g20_e10;6m_b1500_g20_e13,6m_b1500_g20_e07,6m_b1500_g20_e02;6m_b1500_g20_e06
6,1500,20,RR:3.50,GG:3.00,6,6,5,1,1,0.7142857142857143,True,6m_b1500_g20_e01;6m_b1500_g20_e04;6m_b1500_g20_e09;6m_b1500_g20_e10;6m_b1500_g20_e13,6m_b1500_g20_e07,6m_b1500_g20_e02
6,1500,20,RR:3.50,GG:3.25,6,6,6,0,0,1.0,False,6m_b1500_g20_e01;6m_b1500_g20_e04;6m_b1500_g20_e07;6m_b1500_g20_e09;6m_b1500_g20_e10;6m_b1500_g20_e13,,
6,1500,20,RR:3.50,GG:3.50,6,6,6,0,0,1.0,False,6m_b1500_g20_e01;6m_b1500_g20_e04;6m_b1500_g20_e07;6m_b1500_g20_e09;6m_b1500_g20_e10;6m_b1500_g20_e13,,
6,1500,20,RR:0.50,RR:2.50,3,4,1,2,3,0.16666666666666666,True,6m_b1500_g20_e09,6m_b1500_g20_e03;6m_b1500_g20_e07,6m_b1500_g20_e01;6m_b1500_g20_e04;6m_b1500_g20_e13
6,1500,40,RR:0.50,GG:0.50,3,7,1,2,6,0.1111111111111111,True,6m_b1500_g40_e08,6m_b1500_g40_e03;6m_b1500_g40_e07,6m_b1500_g40_e02;6m_b1500_g40_e04;6m_b1500_g40_e06;6m_b1500_g40_e09;6m_b1500_g40_e11;6m_b1500_g40_e12
6,1500,40,RR:0.50,GG:0.75,3,7,1,2,6,0.1111111111111111,True,6m_b1500_g40_e08,6m_b1500_g40_e03;6m_b1500_g40_e07,6m_b1500_g40_e01;6m_b1500_g40_e04;6m_b1500_g40_e06;6m_b1500_g40_e09;6m_b1500_g40_e10;6m_b1500_g40_e12
6,1500,40,RR:0.50,GG:1.00,3,5,1,2,4,0.14285714285714285,True,6m_b1500_g40_e08,6m_b1500_g40_e03;6m_b1500_g40_e07,6m_b1500_g40_e01;6m_b1500_g40_e04;6m_b1500_g40_e09;6m_b1500_g40_e12
6,1500,40,RR:0.50,GG:1.25,3,4,1,2,3,0.16666666666666666,True,6m_b1500_g40_e08,6m_b1500_g40_e03;6m_b1500_g40_e07,6m_b1500_g40_e04;6m_b1500_g40_e09;6m_b1500_g40_e12
6,1500,40,RR:0.50,GG:1.50,3,4,1,2,3,0.16666666666666666,True,6m_b1500_g40_e08,6m_b1500_g40_e03;6m_b1500_g40_e07,6m_b1500_g40_e04;6m_b1500_g40_e09;6m_b1500_g40_e12
6,1500,40,RR:0.50,GG:1.75,3,6,1,2,5,0.125,True,6m_b1500_g40_e08,6m_b1500_g40_e03;6m_b1500_g40_e07,6m_b1500_g40_e01;6m_b1500_g40_e04;6m_b1500_g40_e06;6m_b1500_g40_e09;6m_b1500_g40_e12
6,1500,40,RR:0.50,GG:2.00,3,7,1,2,6,0.1111111111111111,True,6m_b1500_g40_e08,6m_b1500_g40_e03;6m_b1500_g40_e07,6m_b1500_g40_e01;6m_b1500_g40_e02;6m_b1500_g40_e04;6m_b1500_g40_e06;6m_b1500_g40_e09;6m_b1500_g40_e12
6,1500,40,RR:0.50,GG:2.25,3,7,1,2,6,0.1111111111111111,True,6m_b1500_g40_e08,6m_b1500_g40_e03;6m_b1500_g40_e07,6m_b1500_g40_e01;6m_b1500_g40_e02;6m_b1500_g40_e04;6m_b1500_g40_e06;6m_b1500_g40_e09;6m_b1500_g40_e12
6,1500,40,RR:0.50,GG:2.50,3,7,1,2,6,0.1111111111111111,True,6m_b1500_g40_e08,6m_b1500_g40_e03;6m_b1500_g40_e07,6m_b1500_g40_e01;6m_b1500_g40_e02;6m_b1500_g40_e04;6m_b1500_g40_e06;6m_b1500_g40_e09;6m_b1500_g40_e12
6,1500,40,RR:0.50,GG:2.75,3,7,1,2,6,0.1111111111111111,True,6m_b1500_g40_e08,6m_b1500_g40_e03;6m_b1500_g40_e07,6m_b1500_g40_e01;6m_b1500_g40_e02;6m_b1500_g40_e04;6m_b1500_g40_e06;6m_b1500_g40_e09;6m_b1500_g40_e12
6,1500,40,RR:0.50,GG:3.00,3,6,1,2,5,0.125,True,6m_b1500_g40_e08,6m_b1500_g40_e03;6m_b1500_g40_e07,6m_b1500_g40_e01;6m_b1500_g40_e02;6m_b1500_g40_e04;6m_b1500_g40_e09;6m_b1500_g40_e12
6,1500,40,RR:0.50,GG:3.25,3,6,2,1,4,0.2857142857142857,True,6m_b1500_g40_e07;6m_b1500_g40_e08,6m_b1500_g40_e03,6m_b1500_g40_e01;6m_b1500_g40_e04;6m_b1500_g40_e09;6m_b1500_g40_e12
6,1500,40,RR:0.50,GG:3.50,3,6,2,1,4,0.2857142857142857,True,6m_b1500_g40_e07;6m_b1500_g40_e08,6m_b1500_g40_e03,6m_b1500_g40_e01;6m_b1500_g40_e04;6m_b1500_g40_e09;6m_b1500_g40_e12
6,1500,40,RR:0.75,GG:0.50,4,7,3,1,4,0.375,True,6m_b1500_g40_e02;6m_b1500_g40_e08;6m_b1500_g40_e12,6m_b1500_g40_e07,6m_b1500_g40_e04;6m_b1500_g40_e06;6m_b1500_g40_e09;6m_b1500_g40_e11
6,1500,40,RR:0.75,GG:0.75,4,7,2,2,5,0.2222222222222222,True,6m_b1500_g40_e08;6m_b1500_g40_e12,6m_b1500_g40_e02;6m_b1500_g40_e07,6m_b1500_g40_e01;6m_b1500_g40_e04;6m_b1500_g40_e06;6m_b1500_g40_e09;6m_b1500_g40_e10
6,1500,40,RR:0.75,GG:1.00,4,5,2,2,3,0.2857142857142857,True,6m_b1500_g40_e08;6m_b1500_g40_e12,6m_b1500_g40_e02;6m_b1500_g40_e07,6m_b1500_g40_e01;6m_b1500_g40_e04;6m_b1500_g40_e09
6,1500,40,RR:0.75,GG:1.25,4,4,2,2,2,0.3333333333333333,True,6m_b1500_g40_e08;6m_b1500_g40_e12,6m_b1500_g40_e02;6m_b1500_g40_e07,6m_b1500_g40_e04;6m_b1500_g40_e09
6,1500,40,RR:0.75,GG:1.50,4,4,2,2,2,0.3333333333333333,True,6m_b1500_g40_e08;6m_b1500_g40_e12,6m_b1500_g40_e02;6m_b1500_g40_e07,6m_b1500_g40_e04;6m_b1500_g40_e09
6,1500,40,RR:0.75,GG:1.75,4,6,2,2,4,0.25,True,6m_b1500_g40_e08;6m_b1500_g40_e12,6m_b1500_g40_e02;6m_b1500_g40_e07,6m_b1500_g40_e01;6m_b1500_g40_e04;6m_b1500_g40_e06;6m_b1500_g40_e09
6,1500,40,RR:0.75,GG:2.00,4,7,3,1,4,0.375,True,6m_b1500_g40_e02;6m_b1500_g40_e08;6m_b1500_g40_e12,6m_b1500_g40_e07,6m_b1500_g40_e01;6m_b1500_g40_e04;6m_b1500_g40_e06;6m_b1500_g40_e09
6,1500,40,RR:0.75,GG:2.25,4,7,3,1,4,0.375,True,6m_b1500_g40_e02;6m_b1500_g40_e08;6m_b1500_g40_e12,6m_b1500_g40_e07,6m_b1500_g40_e01;6m_b1500_g40_e04;6m_b1500_g40_e06;6m_b1500_g40_e09
6,1500,40,RR:0.75,GG:2.50,4,7,3,1,4,0.375,True,6m_b1500_g40_e02;6m_b1500_g40_e08;6m_b1500_g40_e12,6m_b1500_g40_e07,6m_b1500_g40_e01;6m_b1500_g40_e04;6m_b1500_g40_e06;6m_b1500_g40_e09
6,1500,40,RR:0.75,GG:2.75,4,7,3,1,4,0.375,True,6m_b1500_g40_e02;6m_b1500_g40_e08;6m_b1500_g40_e12,6m_b1500_g40_e07,6m_b1500_g40_e01;6m_b1500_g40_e04;6m_b1500_g40_e06;6m_b1500_g40_e09
6,1500,40,RR:0.75,GG:3.00,4,6,3,1,3,0.42857142857142855,True,6m_b1500_g40_e02;6m_b1500_g40_e08;6m_b1500_g40_e12,6m_b1500_g40_e07,6m_b1500_g40_e01;6m_b1500_g40_e04;6m_b1500_g40_e09
6,1500,40,RR:0.75,GG:3.25,4,6,3,1,3,0.42857142857142855,True,6m_b1500_g40_e07;6m_b1500_g40_e08;6m_b1500_g40_e12,6m_b1500_g40_e02,6m_b1500_g40_e01;6m_b1500_g40_e04;6m_b1500_g40_e09
6,1500,40,RR:0.75,GG:3.50,4,6,3,1,3,0.42857142857142855,True,6m_b1500_g40_e07;6m_b1500_g40_e08;6m_b1500_g40_e12,6m_b1500_g40_e02,6m_b1500_g40_e01;6m_b1500_g40_e04;6m_b1500_g40_e09
6,1500,40,RR:1.00,GG:0.50,3,7,2,1,5,0.25,True,6m_b1500_g40_e02;6m_b1500_g40_e12,6m_b1500_g40_e01,6m_b1500_g40_e04;6m_b1500_g40_e06;6m_b1500_g40_e08;6m_b1500_g40_e09;6m_b1500_g40_e11
6,1500,40,RR:1.00,GG:0.75,3,7,2,1,5,0.25,True,6m_b1500_g40_e01;6m_b1500_g40_e12,6m_b1500_g40_e02,6m_b1500_g40_e04;6m_b1500_g40_e06;6m_b1500_g40_e08;6m_b1500_g40_e09;6m_b1500_g40_e10
6,1500,40,RR:1.00,GG:1.00,3,5,2,1,3,0.3333333333333333,True,6m_b1500_g40_e01;6m_b1500_g40_e12,6m_b1500_g40_e02,6m_b1500_g40_e04;6m_b1500_g40_e08;6m_b1500_g40_e09
6,1500,40,RR:1.00,GG:1.25,3,4,1,2,3,0.16666666666666666,True,6m_b1500_g40_e12,6m_b1500_g40_e01;6m_b1500_g40_e02,6m_b1500_g40_e04;6m_b1500_g40_e08;6m_b1500_g40_e09
6,1500,40,RR:1.00,GG:1.50,3,4,1,2,3,0.16666666666666666,True,6m_b1500_g40_e12,6m_b1500_g40_e01;6m_b1500_g40_e02,6m_b1500_g40_e04;6m_b1500_g40_e08;6m_b1500_g40_e09
6,1500,40,RR:1.00,GG:1.75,3,6,2,1,4,0.2857142857142857,True,6m_b1500_g40_e01;6m_b1500_g40_e12,6m_b1500_g40_e02,6m_b1500_g40_e04;6m_b1500_g40_e06;6m_b1500_g40_e08;6m_b1500_g40_e09
6,1500,40,RR:1.00,GG:2.00,3,7,3,0,4,0.42857142857142855,False,6m_b1500_g40_e01;6m_b1500_g40_e02;6m_b1500_g40_e12,,6m_b1500_g40_e04;6m_b1500_g40_e06;6m_b1500_g40_e08;6m_b1500_g40_e09
6,1500,40,RR:1.00,GG:2.25,3,7,3,0,4,0.42857142857142855,False,6m_b1500_g40_e01;6m_b1500_g40_e02;6m_b1500_g40_e12,,6m_b1500_g40_e04;6m_b1500_g40_e06;6m_b1500_g40_e08;6m_b1500_g40_e09
6,1500,40,RR:1.00,GG:2.50,3,7,3,0,4,0.42857142857142855,False,6m_b1500_g40_e01;6m_b1500_g40_e02;6m_b1500_g40_e12,,6m_b1500_g40_e04;6m_b1500_g40_e06;6m_b1500_g40_e08;6m_b1500_g40_e09
6,1500,40,RR:1.00,GG:2.75,3,7,3,0,4,0.42857142857142855,False,6m_b1500_g40_e01;6m_b1500_g40_e02;6m_b1500_g40_e12,,6m_b1500_g40_e04;6m_b1500_g40_e06;6m_b1500_g40_e08;6m_b1500_g40_e09
6,1500,40,RR:1.00,GG:3.00,3,6,3,0,3,0.5,False,6m_b1500_g40_e01;6m_b1500_g40_e02;6m_b1500_g40_e12,,6m_b1500_g40_e04;6m_b1500_g40_e08;6m_b1500_g40_e09
6,1500,40,RR:1.00,GG:3.25,3,6,2,1,4,0.2857142857142857,True,6m_b1500_g40_e01;6m_b1500_g40_e12,6m_b1500_g40_e02,6m_b1500_g40_e04;6m_b1500_g40_e07;6m_b1500_g40_e08;6m_b1500_g40_e09
6,1500,40,RR:1.00,GG:3.50,3,6,2,1,4,0.2857142857142857,True,6m_b1500_g40_e01;6m_b1500_g40_e12,6m_b1500_g40_e02,6m_b1500_g40_e04;6m_b1500_g40_e07;6m_b1500_g40_e08;6m_b1500_g40_e09
6,1500,40,RR:1.25,GG:0.50,5,7,3,2,4,0.3333333333333333,True,6m_b1500_g40_e02;6m_b1500_g40_e08;6m_b1500_g40_e12,6m_b1500_g40_e01;6m_b1500_g40_e05,6m_b1500_g40_e04;6m_b1500_g40_e06;6m_b1500_g40_e09;6m_b1500_g40_e11
6,1500,40,RR:1.25,GG:0.75,5,7,3,2,4,0.3333333333333333,True,6m_b1500_g40_e01;6m_b1500_g40_e08;6m_b1500_g40_e12,6m_b1500_g40_e02;6m_b1500_g40_e05,6m_b1500_g40_e04;6m_b1500_g40_e06;6m_b1500_g40_e09;6m_b1500_g40_e10
6,1500,40,RR:1.25,GG:1.00,5,5,3,2,2,0.42857142857142855,True,6m_b1500_g40_e01;6m_b1500_g40_e08;6m_b1500_g40_e12,6m_b1500_g40_e02;6m_b1500_g40_e05,6m_b1500_g40_e04;6m_b1500_g40_e09
6,1500,40,RR:1.25,GG:1.25,5,4,2,3,2,0.2857142857142857,True,6m_b1500_g40_e08;6m_b1500_g40_e12,6m_b1500_g40_e01;6m_b1500_g40_e02;6m_b1500_g40_e05,6m_b1500_g40_e04;6m_b1500_g40_e09
6,1500,40,RR:1.25,GG:1.50,5,4,2,3,2,0.2857142857142857,True,6m_b1500_g40_e08;6m_b1500_g40_e12,6m_b1500_g40_e01;6m_b1500_g40_e02;6m_b1500_g40_e05,6m_b1500_g40_e04;6m_b1500_g40_e09
6,1500,40,RR:1.25,GG:1.75,5,6,3,2,3,0.375,True,6m_b1500_g40_e01;6m_b1500_g40_e08;6m_b1500_g40_e12,6m_b1500_g40_e02;6m_b1500_g40_e05,6m_b1500_g40_e04;6m_b1500_g40_e06;6m_b1500_g40_e09
6,1500,40,RR:1.25,GG:2.00,5,7,4,1,3,0.5,True,6m_b1500_g40_e01;6m_b1500_g40_e02;6m_b1500_g40_e08;6m_b1500_g40_e12,6m_b1500_g40_e05,6m_b1500_g40_e04;6m_b1500_g40_e06;6m_b1500_g40_e09
6,1500,40,RR:1.25,GG:2.25,5,7,4,1,3,0.5,True,6m_b1500_g40_e01;6m_b1500_g40_e02;6m_b1500_g40_e08;6m_b1500_g40_e12,6m_b1500_g40_e05,6m_b1500_g40_e04;6m_b1500_g40_e06;6m_b1500_g40_e09
6,1500,40,RR:1.25,GG:2.50,5,7,4,1,3,0.5,True,6m_b1500_g40_e01;6m_b1500_g40_e02;6m_b1500_g40_e08;6m_b1500_g40_e12,6m_b1500_g40_e05,6m_b1500_g40_e04;6m_b1500_g40_e06;6m_b1500_g40_e09
6,1500,40,RR:1.25,GG:2.75,5,7,4,1,3,0.5,True,6m_b1500_g40_e01;6m_b1500_g40_e02;6m_b1500_g40_e08;6m_b1500_g40_e12,6m_b1500_g40_e05,6m_b1500_g40_e04;6m_b1500_g40_e06;6m_b1500_g40_e09
6,1500,40,RR:1.25,GG:3.00,5,6,4,1,2,0.5714285714285714,True,6m_b1500_g40_e01;6m_b1500_g40_e02;6m_b1500_g40_e08;6m_b1500_g40_e12,6m_b1500_g40_e05,6m_b1500_g40_e04;6m_b1500_g40_e09
6,1500,40,RR:1.25,GG:3.25,5,6,3,2,3,0.375,True,6m_b1500_g40_e01;6m_b1500_g40_e08;6m_b1500_g40_e12,6m_b1500_g40_e02;6m_b1500_g40_e05,6m_b1500_g40_e04;6m_b1500_g40_e07;6m_b1500_g40_e09
6,1500,40,RR:1.25,GG:3.50,5,6,3,2,3,0.375,True,6m_b1500_g40_e01;6m_b1500_g40_e08;6m_b1500_g40_e12,6m_b1500_g40_e02;6m_b1500_g40_e05,6m_b1500_g40_e04;6m_b1500_g40_e07;6m_b1500_g40_e09
6,1500,40,RR:1.50,GG:0.50,4,7,2,2,5,0.2222222222222222,True,6m_b1500_g40_e08;6m_b1500_g40_e12,6m_b1500_g40_e01;6m_b1500_g40_e07,6m_b1500_g40_e02;6m_b1500_g40_e04;6m_b1500_g40_e06;6m_b1500_g40_e09;6m_b1500_g40_e11
6,1500,40,RR:1.50,GG:0.75,4,7,3,1,4,0.375,True,6m_b1500_g40_e01;6m_b1500_g40_e08;6m_b1500_g40_e12,6m_b1500_g40_e07,6m_b1500_g40_e04;6m_b1500_g40_e06;6m_b1500_g40_e09;6m_b1500_g40_e10
6,1500,40,RR:1.50,GG:1.00,4,5,3,1,2,0.5,True,6m_b1500_g40_e01;6m_b1500_g40_e08;6m_b1500_g40_e12,6m_b1500_g40_e07,6m_b1500_g40_e04;6m_b1500_g40_e09
6,1500,40,RR:1.50,GG:1.25,4,4,2,2,2,0.3333333333333333,True,6m_b1500_g40_e08;6m_b1500_g40_e12,6m_b1500_g40_e01;6m_b1500_g40_e07,6m_b1500_g40_e04;6m_b1500_g40_e09
6,1500,40,RR:1.50,GG:1.50,4,4,2,2,2,0.3333333333333333,True,6m_b1500_g40_e08;6m_b1500_g40_e12,6m_b1500_g40_e01;6m_b1500_g40_e07,6m_b1500_g40_e04;6m_b1500_g40_e09
6,1500,40,RR:1.50,GG:1.75,4,6,3,1,3,0.42857142857142855,True,6m_b1500_g40_e01;6m_b1500_g40_e08;6m_b1500_g40_e12,6m_b1500_g40_e07,6m_b1500_g40_e04;6m_b1500_g40_e06;6m_b1500_g40_e09
6,1500,40,RR:1.50,GG:2.00,4,7,3,1,4,0.375,True,6m_b1500_g40_e01;6m_b1500_g40_e08;6m_b1500_g40_e12,6m_b1500_g40_e07,6m_b1500_g40_e02;6m_b1500_g40_e04;6m_b1500_g40_e06;6m_b1500_g40_e09
6,1500,40,RR:1.50,GG:2.25,4,7,3,1,4,0.375,True,6m_b1500_g40_e01;6m_b1500_g40_e08;6m_b1500_g40_e12,6m_b1500_g40_e07,6m_b1500_g40_e02;6m_b1500_g40_e04;6m_b1500_g40_e06;6m_b1500_g40_e09
6,1500,40,RR:1.50,GG:2.50,4,7,3,1,4,0.375,True,6m_b1500_g40_e01;6m_b1500_g40_e08;6m_b1500_g40_e12,6m_b1500_g40_e07,6m_b1500_g40_e02;6m_b1500_g40_e04;6m_b1500_g40_e06;6m_b1500_g40_e09
6,1500,40,RR:1.50,GG:2.75,4,7,3,1,4,0.375,True,6m_b1500_g40_e01;6m_b1500_g40_e08;6m_b1500_g40_e12,6m_b1500_g40_e07,6m_b1500_g40_e02;6m_b1500_g40_e04;6m_b1500_g40_e06;6m_b1500_g40_e09
6,1500,40,RR:1.50,GG:3.00,4,6,3,1,3,0.42857142857142855,True,6m_b1500_g40_e01;6m_b1500_g40_e08;6m_b1500_g40_e12,6m_b1500_g40_e07,6m_b1500_g40_e02;6m_b1500_g40_e04;6m_b1500_g40_e09
6,1500,40,RR:1.50,GG:3.25,4,6,4,0,2,0.6666666666666666,False,6m_b1500_g40_e01;6m_b1500_g40_e07;6m_b1500_g40_e08;6m_b1500_g40_e12,,6m_b1500_g40_e04;6m_b1500_g40_e09
6,1500,40,RR:1.50,GG:3.50,4,6,4,0,2,0.6666666666666666,False,6m_b1500_g40_e01;6m_b1500_g40_e07;6m_b1500_g40_e08;6m_b1500_g40_e12,,6m_b1500_g40_e04;6m_b1500_g40_e09
6,1500,40,RR:1.75,GG:0.50,2,7,2,0,5,0.2857142857142857,False,6m_b1500_g40_e08;6m_b1500_g40_e12,,6m_b1500_g40_e02;6m_b1500_g40_e04;6m_b1500_g40_e06;6m_b1500_g40_e09;6m_b1500_g40_e11
6,1500,40,RR:1.75,GG:0.75,2,7,2,0,5,0.2857142857142857,False,6m_b1500_g40_e08;6m_b1500_g40_e12,,6m_b1500_g40_e01;6m_b1500_g40_e04;6m_b1500_g40_e06;6m_b1500_g40_e09;6m_b1500_g40_e10
6,1500,40,RR:1.75,GG:1.00,2,5,2,0,3,0.4,False,6m_b1500_g40_e08;6m_b1500_g40_e12,,6m_b1500_g40_e01;6m_b1500_g40_e04;6m_b1500_g40_e09
6,1500,40,RR:1.75,GG:1.25,2,4,2,0,2,0.5,False,6m_b1500_g40_e08;6m_b1500_g40_e12,,6m_b1500_g40_e04;6m_b1500_g40_e09
6,1500,40,RR:1.75,GG:1.50,2,4,2,0,2,0.5,False,6m_b1500_g40_e08;6m_b1500_g40_e12,,6m_b1500_g40_e04;6m_b1500_g40_e09
6,1500,40,RR:1.75,GG:1.75,2,6,2,0,4,0.3333333333333333,False,6m_b1500_g40_e08;6m_b1500_g40_e12,,6m_b1500_g40_e01;6m_b1500_g40_e04;6m_b1500_g40_e06;6m_b1500_g40_e09
6,1500,40,RR:1.75,GG:2.00,2,7,2,0,5,0.2857142857142857,False,6m_b1500_g40_e08;6m_b1500_g40_e12,,6m_b1500_g40_e01;6m_b1500_g40_e02;6m_b1500_g40_e04;6m_b1500_g40_e06;6m_b1500_g40_e09
6,1500,40,RR:1.75,GG:2.25,2,7,2,0,5,0.2857142857142857,False,6m_b1500_g40_e08;6m_b1500_g40_e12,,6m_b1500_g40_e01;6m_b1500_g40_e02;6m_b1500_g40_e04;6m_b1500_g40_e06;6m_b1500_g40_e09
6,1500,40,RR:1.75,GG:2.50,2,7,2,0,5,0.2857142857142857,False,6m_b1500_g40_e08;6m_b1500_g40_e12,,6m_b1500_g40_e01;6m_b1500_g40_e02;6m_b1500_g40_e04;6m_b1500_g40_e06;6m_b1500_g40_e09
6,1500,40,RR:1.75,GG:2.75,2,7,2,0,5,0.2857142857142857,False,6m_b1500_g40_e08;6m_b1500_g40_e12,,6m_b1500_g40_e01;6m_b1500_g40_e02;6m_b1500_g40_e04;6m_b1500_g40_e06;6m_b1500_g40_e09
6,1500,40,RR:1.75,GG:3.00,2,6,2,0,4,0.3333333333333333,False,6m_b1500_g40_e08;6m_b1500_g40_e12,,6m_b1500_g40_e01;6m_b1500_g40_e02;6m_b1500_g40_e04;6m_b1500_g40_e09
6,1500,40,RR:1.75,GG:3.25,2,6,2,0,4,0.3333333333333333,False,6m_b1500_g40_e08;6m_b1500_g40_e12,,6m_b1500_g40_e01;6m_b1500_g40_e04;6m_b1500_g40_e07;6m_b1500_g40_e09
6,1500,40,RR:1.75,GG:3.50,2,6,2,0,4,0.3333333333333333,False,6m_b1500_g40_e08;6m_b1500_g40_e12,,6m_b1500_g40_e01;6m_b1500_g40_e04;6m_b1500_g40_e07;6m_b1500_g40_e09
6,1500,40,RR:2.00,GG:0.50,2,7,2,0,5,0.2857142857142857,False,6m_b1500_g40_e08;6m_b1500_g40_e12,,6m_b1500_g40_e02;6m_b1500_g40_e04;6m_b1500_g40_e06;6m_b1500_g40_e09;6m_b1500_g40_e11
6,1500,40,RR:2.00,GG:0.75,2,7,2,0,5,0.2857142857142857,False,6m_b1500_g40_e08;6m_b1500_g40_e12,,6m_b1500_g40_e01;6m_b1500_g40_e04;6m_b1500_g40_e06;6m_b1500_g40_e09;6m_b1500_g40_e10
6,1500,40,RR:2.00,GG:1.00,2,5,2,0,3,0.4,False,6m_b1500_g40_e08;6m_b1500_g40_e12,,6m_b1500_g40_e01;6m_b1500_g40_e04;6m_b1500_g40_e09
6,1500,40,RR:2.00,GG:1.25,2,4,2,0,2,0.5,False,6m_b1500_g40_e08;6m_b1500_g40_e12,,6m_b1500_g40_e04;6m_b1500_g40_e09
6,1500,40,RR:2.00,GG:1.50,2,4,2,0,2,0.5,False,6m_b1500_g40_e08;6m_b1500_g40_e12,,6m_b1500_g40_e04;6m_b1500_g40_e09
6,1500,40,RR:2.00,GG:1.75,2,6,2,0,4,0.3333333333333333,False,6m_b1500_g40_e08;6m_b1500_g40_e12,,6m_b1500_g40_e01;6m_b1500_g40_e04;6m_b1500_g40_e06;6m_b1500_g40_e09
6,1500,40,RR:2.00,GG:2.00,2,7,2,0,5,0.2857142857142857,False,6m_b1500_g40_e08;6m_b1500_g40_e12,,6m_b1500_g40_e01;6m_b1500_g40_e02;6m_b1500_g40_e04;6m_b1500_g40_e06;6m_b1500_g40_e09
6,1500,40,RR:2.00,GG:2.25,2,7,2,0,5,0.2857142857142857,False,6m_b1500_g40_e08;6m_b1500_g40_e12,,6m_b1500_g40_e01;6m_b1500_g40_e02;6m_b1500_g40_e04;6m_b1500_g40_e06;6m_b1500_g40_e09
6,1500,40,RR:2.00,GG:2.50,2,7,2,0,5,0.2857142857142857,False,6m_b1500_g40_e08;6m_b1500_g40_e12,,6m_b1500_g40_e01;6m_b1500_g40_e02;6m_b1500_g40_e04;6m_b1500_g40_e06;6m_b1500_g40_e09
6,1500,40,RR:2.00,GG:2.75,2,7,2,0,5,0.2857142857142857,False,6m_b1500_g40_e08;6m_b1500_g40_e12,,6m_b1500_g40_e01;6m_b1500_g40_e02;6m_b1500_g40_e04;6m_b1500_g40_e06;6m_b1500_g40_e09
6,1500,40,RR:2.00,GG:3.00,2,6,2,0,4,0.3333333333333333,False,6m_b1500_g40_e08;6m_b1500_g40_e12,,6m_b1500_g40_e01;6m_b1500_g40_e02;6m_b1500_g40_e04;6m_b1500_g40_e09
6,1500,40,RR:2.00,GG:3.25,2,6,2,0,4,0.3333333333333333,False,6m_b1500_g40_e08;6m_b1500_g40_e12,,6m_b1500_g40_e01;6m_b1500_g40_e04;6m_b1500_g40_e07;6m_b1500_g40_e09
6,1500,40,RR:2.00,GG:3.50,2,6,2,0,4,0.3333333333333333,False,6m_b1500_g40_e08;6m_b1500_g40_e12,,6m_b1500_g40_e01;6m_b1500_g40_e04;6m_b1500_g40_e07;6m_b1500_g40_e09
6,1500,40,RR:2.25,GG:0.50,3,7,2,1,5,0.25,True,6m_b1500_g40_e08;6m_b1500_g40_e12,6m_b1500_g40_e05,6m_b1500_g40_e02;6m_b1500_g40_e04;6m_b1500_g40_e06;6m_b1500_g40_e09;6m_b1500_g40_e11
6,1500,40,RR:2.25,GG:0.75,3,7,2,1,5,0.25,True,6m_b1500_g40_e08;6m_b1500_g40_e12,6m_b1500_g40_e05,6m_b1500_g40_e01;6m_b1500_g40_e04;6m_b1500_g40_e06;6m_b1500_g40_e09;6m_b1500_g40_e10
6,1500,40,RR:2.25,GG:1.00,3,5,2,1,3,0.3333333333333333,True,6m_b1500_g40_e08;6m_b1500_g40_e12,6m_b1500_g40_e05,6m_b1500_g40_e01;6m_b1500_g40_e04;6m_b1500_g40_e09
6,1500,40,RR:2.25,GG:1.25,3,4,2,1,2,0.4,True,6m_b1500_g40_e08;6m_b1500_g40_e12,6m_b1500_g40_e05,6m_b1500_g40_e04;6m_b1500_g40_e09
6,1500,40,RR:2.25,GG:1.50,3,4,2,1,2,0.4,True,6m_b1500_g40_e08;6m_b1500_g40_e12,6m_b1500_g40_e05,6m_b1500_g40_e04;6m_b1500_g40_e09
6,1500,40,RR:2.25,GG:1.75,3,6,2,1,4,0.2857142857142857,True,6m_b1500_g40_e08;6m_b1500_g40_e12,6m_b1500_g40_e05,6m_b1500_g40_e01;6m_b1500_g40_e04;6m_b1500_g40_e06;6m_b1500_g40_e09
6,1500,40,RR:2.25,GG:2.00,3,7,2,1,5,0.25,True,6m_b1500_g40_e08;6m_b1500_g40_e12,6m_b1500_g40_e05,6m_b1500_g40_e01;6m_b1500_g40_e02;6m_b1500_g40_e04;6m_b1500_g40_e06;6m_b1500_g40_e09
6,1500,40,RR:2.25,GG:2.25,3,7,2,1,5,0.25,True,6m_b1500_g40_e08;6m_b1500_g40_e12,6m_b1500_g40_e05,6m_b1500_g40_e01;6m_b1500_g40_e02;6m_b1500_g40_e04;6m_b1500_g40_e06;6m_b1500_g40_e09
6,1500,40,RR:2.25,GG:2.50,3,7,2,1,5,0.25,True,6m_b1500_g40_e08;6m_b1500_g40_e12,6m_b1500_g40_e05,6m_b1500_g40_e01;6m_b1500_g40_e02;6m_b1500_g40_e04;6m_b1500_g40_e06;6m_b1500_g40_e09
6,1500,40,RR:2.25,GG:2.75,3,7,2,1,5,0.25,True,6m_b1500_g40_e08;6m_b1500_g40_e12,6m_b1500_g40_e05,6m_b1500_g40_e01;6m_b1500_g40_e02;6m_b1500_g40_e04;6m_b1500_g40_e06;6m_b1500_g40_e09
6,1500,40,RR:2.25,GG:3.00,3,6,2,1,4,0.2857142857142857,True,6m_b1500_g40_e08;6m_b1500_g40_e12,6m_b1500_g40_e05,6m_b1500_g40_e01;6m_b1500_g40_e02;6m_b1500_g40_e04;6m_b1500_g40_e09
6,1500,40,RR:2.25,GG:3.25,3,6,2,1,4,0.2857142857142857,True,6m_b1500_g40_e08;6m_b1500_g40_e12,6m_b1500_g40_e05,6m_b1500_g40_e01;6m_b1500_g40_e04;6m_b1500_g40_e07;6m_b1500_g40_e09
6,1500,40,RR:2.25,GG:3.50,3,6,2,1,4,0.2857142857142857,True,6m_b1500_g40_e08;6m_b1500_g40_e12,6m_b1500_g40_e05,6m_b1500_g40_e01;6m_b1500_g40_e04;6m_b1500_g40_e07;6m_b1500_g40_e09
6,1500,40,RR:2.50,GG:0.50,4,7,3,1,4,0.375,True,6m_b1500_g40_e04;6m_b1500_g40_e08;6m_b1500_g40_e12,6m_b1500_g40_e01,6m_b1500_g40_e02;6m_b1500_g40_e06;6m_b1500_g40_e09;6m_b1500_g40_e11
6,1500,40,RR:2.50,GG:0.75,4,7,4,0,3,0.5714285714285714,False,6m_b1500_g40_e01;6m_b1500_g40_e04;6m_b1500_g40_e08;6m_b1500_g40_e12,,6m_b1500_g40_e06;6m_b1500_g40_e09;6m_b1500_g40_e10
6,1500,40,RR:2.50,GG:1.00,4,5,4,0,1,0.8,False,6m_b1500_g40_e01;6m_b1500_g40_e04;6m_b1500_g40_e08;6m_b1500_g40_e12,,6m_b1500_g40_e09
6,1500,40,RR:2.50,GG:1.25,4,4,3,1,1,0.6,True,6m_b1500_g40_e04;6m_b1500_g40_e08;6m_b1500_g40_e12,6m_b1500_g40_e01,6m_b1500_g40_e09
6,1500,40,RR:2.50,GG:1.50,4,4,3,1,1,0.6,True,6m_b1500_g40_e04;6m_b1500_g40_e08;6m_b1500_g40_e12,6m_b1500_g40_e01,6m_b1500_g40_e09
6,1500,40,RR:2.50,GG:1.75,4,6,4,0,2,0.6666666666666666,False,6m_b1500_g40_e01;6m_b1500_g40_e04;6m_b1500_g40_e08;6m_b1500_g40_e12,,6m_b1500_g40_e06;6m_b1500_g40_e09
6,1500,40,RR:2.50,GG:2.00,4,7,4,0,3,0.5714285714285714,False,6m_b1500_g40_e01;6m_b1500_g40_e04;6m_b1500_g40_e08;6m_b1500_g40_e12,,6m_b1500_g40_e02;6m_b1500_g40_e06;6m_b1500_g40_e09
6,1500,40,RR:2.50,GG:2.25,4,7,4,0,3,0.5714285714285714,False,6m_b1500_g40_e01;6m_b1500_g40_e04;6m_b1500_g40_e08;6m_b1500_g40_e12,,6m_b1500_g40_e02;6m_b1500_g40_e06;6m_b1500_g40_e09
6,1500,40,RR:2.50,GG:2.50,4,7,4,0,3,0.5714285714285714,False,6m_b1500_g40_e01;6m_b1500_g40_e04;6m_b1500_g40_e08;6m_b1500_g40_e12,,6m_b1500_g40_e02;6m_b1500_g40_e06;6m_b1500_g40_e09
6,1500,40,RR:2.50,GG:2.75,4,7,4,0,3,0.5714285714285714,False,6m_b1500_g40_e01;6m_b1500_g40_e04;6m_b1500_g40_e08;6m_b1500_g40_e12,,6m_b1500_g40_e02;6m_b1500_g40_e06;6m_b1500_g40_e09
6,1500,40,RR:2.50,GG:3.00,4,6,4,0,2,0.6666666666666666,False,6m_b1500_g40_e01;6m_b1500_g40_e04;6m_b1500_g40_e08;6m_b1500_g40_e12,,6m_b1500_g40_e02;6m_b1500_g40_e09
6,1500,40,RR:2.50,GG:3.25,4,6,4,0,2,0.6666666666666666,False,6m_b1500_g40_e01;6m_b1500_g40_e04;6m_b1500_g40_e08;6m_b1500_g40_e12,,6m_b1500_g40_e07;6m_b1500_g40_e09
6,1500,40,RR:2.50,GG:3.50,4,6,4,0,2,0.6666666666666666,False,6m_b1500_g40_e01;6m_b1500_g40_e04;6m_b1500_g40_e08;6m_b1500_g40_e12,,6m_b1500_g40_e07;6m_b1500_g40_e09
6,1500,40,RR:2.75,GG:0.50,4,7,3,1,4,0.375,True,6m_b1500_g40_e04;6m_b1500_g40_e08;6m_b1500_g40_e12,6m_b1500_g40_e01,6m_b1500_g40_e02;6m_b1500_g40_e06;6m_b1500_g40_e09;6m_b1500_g40_e11
6,1500,40,RR:2.75,GG:0.75,4,7,4,0,3,0.5714285714285714,False,6m_b1500_g40_e01;6m_b1500_g40_e04;6m_b1500_g40_e08;6m_b1500_g40_e12,,6m_b1500_g40_e06;6m_b1500_g40_e09;6m_b1500_g40_e10
6,1500,40,RR:2.75,GG:1.00,4,5,4,0,1,0.8,False,6m_b1500_g40_e01;6m_b1500_g40_e04;6m_b1500_g40_e08;6m_b1500_g40_e12,,6m_b1500_g40_e09
6,1500,40,RR:2.75,GG:1.25,4,4,3,1,1,0.6,True,6m_b1500_g40_e04;6m_b1500_g40_e08;6m_b1500_g40_e12,6m_b1500_g40_e01,6m_b1500_g40_e09
6,1500,40,RR:2.75,GG:1.50,4,4,3,1,1,0.6,True,6m_b1500_g40_e04;6m_b1500_g40_e08;6m_b1500_g40_e12,6m_b1500_g40_e01,6m_b1500_g40_e09
6,1500,40,RR:2.75,GG:1.75,4,6,4,0,2,0.6666666666666666,False,6m_b1500_g40_e01;6m_b1500_g40_e04;6m_b1500_g40_e08;6m_b1500_g40_e12,,6m_b1500_g40_e06;6m_b1500_g40_e09
6,1500,40,RR:2.75,GG:2.00,4,7,4,0,3,0.5714285714285714,False,6m_b1500_g40_e01;6m_b1500_g40_e04;6m_b1500_g40_e08;6m_b1500_g40_e12,,6m_b1500_g40_e02;6m_b1500_g40_e06;6m_b1500_g40_e09
6,1500,40,RR:2.75,GG:2.25,4,7,4,0,3,0.5714285714285714,False,6m_b1500_g40_e01;6m_b1500_g40_e04;6m_b1500_g40_e08;6m_b1500_g40_e12,,6m_b1500_g40_e02;6m_b1500_g40_e06;6m_b1500_g40_e09
6,1500,40,RR:2.75,GG:2.50,4,7,4,0,3,0.5714285714285714,False,6m_b1500_g40_e01;6m_b1500_g40_e04;6m_b1500_g40_e08;6m_b1500_g40_e12,,6m_b1500_g40_e02;6m_b1500_g40_e06;6m_b1500_g40_e09
6,1500,40,RR:2.75,GG:2.75,4,7,4,0,3,0.5714285714285714,False,6m_b1500_g40_e01;6m_b1500_g40_e04;6m_b1500_g40_e08;6m_b1500_g40_e12,,6m_b1500_g40_e02;6m_b1500_g40_e06;6m_b1500_g40_e09
6,1500,40,RR:2.75,GG:3.00,4,6,4,0,2,0.6666666666666666,False,6m_b1500_g40_e01;6m_b1500_g40_e04;6m_b1500_g40_e08;6m_b1500_g40_e12,,6m_b1500_g40_e02;6m_b1500_g40_e09
6,1500,40,RR:2.75,GG:3.25,4,6,4,0,2,0.6666666666666666,False,6m_b1500_g40_e01;6m_b1500_g40_e04;6m_b1500_g40_e08;6m_b1500_g40_e12,,6m_b1500_g40_e07;6m_b1500_g40_e09
6,1500,40,RR:2.75,GG:3.50,4,6,4,0,2,0.6666666666666666,False,6m_b1500_g40_e01;6m_b1500_g40_e04;6m_b1500_g40_e08;6m_b1500_g40_e12,,6m_b1500_g40_e07;6m_b1500_g40_e09
6,1500,40,RR:3.00,GG:0.50,3,7,2,1,5,0.25,True,6m_b1500_g40_e08;6m_b1500_g40_e12,6m_b1500_g40_e01,6m_b1500_g40_e02;6m_b1500_g40_e04;6m_b1500_g40_e06;6m_b1500_g40_e09;6m_b1500_g40_e11
6,1500,40,RR:3.00,GG:0.75,3,7,3,0,4,0.42857142857142855,False,6m_b1500_g40_e01;6m_b1500_g40_e08;6m_b1500_g40_e12,,6m_b1500_g40_e04;6m_b1500_g40_e06;6m_b1500_g40_e09;6m_b1500_g40_e10
6,1500,40,RR:3.00,GG:1.00,3,5,3,0,2,0.6,False,6m_b1500_g40_e01;6m_b1500_g40_e08;6m_b1500_g40_e12,,6m_b1500_g40_e04;6m_b1500_g40_e09
6,1500,40,RR:3.00,GG:1.25,3,4,2,1,2,0.4,True,6m_b1500_g40_e08;6m_b1500_g40_e12,6m_b1500_g40_e01,6m_b1500_g40_e04;6m_b1500_g40_e09
6,1500,40,RR:3.00,GG:1.50,3,4,2,1,2,0.4,True,6m_b1500_g40_e08;6m_b1500_g40_e12,6m_b1500_g40_e01,6m_b1500_g40_e04;6m_b1500_g40_e09
6,1500,40,RR:3.00,GG:1.75,3,6,3,0,3,0.5,False,6m_b1500_g40_e01;6m_b1500_g40_e08;6m_b1500_g40_e12,,6m_b1500_g40_e04;6m_b1500_g40_e06;6m_b1500_g40_e09
6,1500,40,RR:3.00,GG:2.00,3,7,3,0,4,0.42857142857142855,False,6m_b1500_g40_e01;6m_b1500_g40_e08;6m_b1500_g40_e12,,6m_b1500_g40_e02;6m_b1500_g40_e04;6m_b1500_g40_e06;6m_b1500_g40_e09
6,1500,40,RR:3.00,GG:2.25,3,7,3,0,4,0.42857142857142855,False,6m_b1500_g40_e01;6m_b1500_g40_e08;6m_b1500_g40_e12,,6m_b1500_g40_e02;6m_b1500_g40_e04;6m_b1500_g40_e06;6m_b1500_g40_e09
6,1500,40,RR:3.00,GG:2.50,3,7,3,0,4,0.42857142857142855,False,6m_b1500_g40_e01;6m_b1500_g40_e08;6m_b1500_g40_e12,,6m_b1500_g40_e02;6m_b1500_g40_e04;6m_b1500_g40_e06;6m_b1500_g40_e09
6,1500,40,RR:3.00,GG:2.75,3,7,3,0,4,0.42857142857142855,False,6m_b1500_g40_e01;6m_b1500_g40_e08;6m_b1500_g40_e12,,6m_b1500_g40_e02;6m_b1500_g40_e04;6m_b1500_g40_e06;6m_b1500_g40_e09
6,1500,40,RR:3.00,GG:3.00,3,6,3,0,3,0.5,False,6m_b1500_g40_e01;6m_b1500_g40_e08;6m_b1500_g40_e12,,6m_b1500_g40_e02;6m_b1500_g40_e04;6m_b1500_g40_e09
6,1500,40,RR:3.00,GG:3.25,3,6,3,0,3,0.5,False,6m_b1500_g40_e01;6m_b1500_g40_e08;6m_b1500_g40_e12,,6m_b1500_g40_e04;6m_b1500_g40_e07;6m_b1500_g40_e09
6,1500,40,RR:3.00,GG:3.50,3,6,3,0,3,0.5,False,6m_b1500_g40_e01;6m_b1500_g40_e08;6m_b1500_g40_e12,,6m_b1500_g40_e04;6m_b1500_g40_e07;6m_b1500_g40_e09
6,1500,40,RR:3.25,GG:0.50,5,7,4,1,3,0.5,True,6m_b1500_g40_e04;6m_b1500_g40_e08;6m_b1500_g40_e09;6m_b1500_g40_e12,6m_b1500_g40_e01,6m_b1500_g40_e02;6m_b1500_g40_e06;6m_b1500_g40_e11
6,1500,40,RR:3.25,GG:0.75,5,7,5,0,2,0.7142857142857143,False,6m_b1500_g40_e01;6m_b1500_g40_e04;6m_b1500_g40_e08;6m_b1500_g40_e09;6m_b1500_g40_e12,,6m_b1500_g40_e06;6m_b1500_g40_e10
6,1500,40,RR:3.25,GG:1.00,5,5,5,0,0,1.0,False,6m_b1500_g40_e01;6m_b1500_g40_e04;6m_b1500_g40_e08;6m_b1500_g40_e09;6m_b1500_g40_e12,,
6,1500,40,RR:3.25,GG:1.25,5,4,4,1,0,0.8,False,6m_b1500_g40_e04;6m_b1500_g40_e08;6m_b1500_g40_e09;6m_b1500_g40_e12,6m_b1500_g40_e01,
6,1500,40,RR:3.25,GG:1.50,5,4,4,1,0,0.8,False,6m_b1500_g40_e04;6m_b1500_g40_e08;6m_b1500_g40_e09;6m_b1500_g40_e12,6m_b1500_g40_e01,
6,1500,40,RR:3.25,GG:1.75,5,6,5,0,1,0.8333333333333334,False,6m_b1500_g40_e01;6m_b1500_g40_e04;6m_b1500_g40_e08;6m_b1500_g40_e09;6m_b1500_g40_e12,,6m_b1500_g40_e06
6,1500,40,RR:3.25,GG:2.00,5,7,5,0,2,0.7142857142857143,False,6m_b1500_g40_e01;6m_b1500_g40_e04;6m_b1500_g40_e08;6m_b1500_g40_e09;6m_b1500_g40_e12,,6m_b1500_g40_e02;6m_b1500_g40_e06
6,1500,40,RR:3.25,GG:2.25,5,7,5,0,2,0.7142857142857143,False,6m_b1500_g40_e01;6m_b1500_g40_e04;6m_b1500_g40_e08;6m_b1500_g40_e09;6m_b1500_g40_e12,,6m_b1500_g40_e02;6m_b1500_g40_e06
6,1500,40,RR:3.25,GG:2.50,5,7,5,0,2,0.7142857142857143,False,6m_b1500_g40_e01;6m_b1500_g40_e04;6m_b1500_g40_e08;6m_b1500_g40_e09;6m_b1500_g40_e12,,6m_b1500_g40_e02;6m_b1500_g40_e06
6,1500,40,RR:3.25,GG:2.75,5,7,5,0,2,0.7142857142857143,False,6m_b1500_g40_e01;6m_b1500_g40_e04;6m_b1500_g40_e08;6m_b1500_g40_e09;6m_b1500_g40_e12,,6m_b1500_g40_e02;6m_b1500_g40_e06
6,1500,40,RR:3.25,GG:3.00,5,6,5,0,1,0.8333333333333334,False,6m_b1500_g40_e01;6m_b1500_g40_e04;6m_b1500_g40_e08;6m_b1500_g40_e09;6m_b1500_g40_e12,,6m_b1500_g40_e02
6,1500,40,RR:3.25,GG:3.25,5,6,5,0,1,0.8333333333333334,False,6m_b1500_g40_e01;6m_b1500_g40_e04;6m_b1500_g40_e08;6m_b1500_g40_e09;6m_b1500_g40_e12,,6m_b1500_g40_e07
6,1500,40,RR:3.25,GG:3.50,5,6,5,0,1,0.8333333333333334,False,6m_b1500_g40_e01;6m_b1500_g40_e04;6m_b1500_g40_e08;6m_b1500_g40_e09;6m_b1500_g40_e12,,6m_b1500_g40_e07
6,1500,40,RR:3.50,GG:0.50,6,7,4,2,3,0.4444444444444444,True,6m_b1500_g40_e04;6m_b1500_g40_e08;6m_b1500_g40_e09;6m_b1500_g40_e12,6m_b1500_g40_e01;6m_b1500_g40_e07,6m_b1500_g40_e02;6m_b1500_g40_e06;6m_b1500_g40_e11
6,1500,40,RR:3.50,GG:0.75,6,7,5,1,2,0.625,True,6m_b1500_g40_e01;6m_b1500_g40_e04;6m_b1500_g40_e08;6m_b1500_g40_e09;6m_b1500_g40_e12,6m_b1500_g40_e07,6m_b1500_g40_e06;6m_b1500_g40_e10
6,1500,40,RR:3.50,GG:1.00,6,5,5,1,0,0.8333333333333334,False,6m_b1500_g40_e01;6m_b1500_g40_e04;6m_b1500_g40_e08;6m_b1500_g40_e09;6m_b1500_g40_e12,6m_b1500_g40_e07,
6,1500,40,RR:3.50,GG:1.25,6,4,4,2,0,0.6666666666666666,False,6m_b1500_g40_e04;6m_b1500_g40_e08;6m_b1500_g40_e09;6m_b1500_g40_e12,6m_b1500_g40_e01;6m_b1500_g40_e07,
6,1500,40,RR:3.50,GG:1.50,6,4,4,2,0,0.6666666666666666,False,6m_b1500_g40_e04;6m_b1500_g40_e08;6m_b1500_g40_e09;6m_b1500_g40_e12,6m_b1500_g40_e01;6m_b1500_g40_e07,
6,1500,40,RR:3.50,GG:1.75,6,6,5,1,1,0.7142857142857143,True,6m_b1500_g40_e01;6m_b1500_g40_e04;6m_b1500_g40_e08;6m_b1500_g40_e09;6m_b1500_g40_e12,6m_b1500_g40_e07,6m_b1500_g40_e06
6,1500,40,RR:3.50,GG:2.00,6,7,5,1,2,0.625,True,6m_b1500_g40_e01;6m_b1500_g40_e04;6m_b1500_g40_e08;6m_b1500_g40_e09;6m_b1500_g40_e12,6m_b1500_g40_e07,6m_b1500_g40_e02;6m_b1500_g40_e06
6,1500,40,RR:3.50,GG:2.25,6,7,5,1,2,0.625,True,6m_b1500_g40_e01;6m_b1500_g40_e04;6m_b1500_g40_e08;6m_b1500_g40_e09;6m_b1500_g40_e12,6m_b1500_g40_e07,6m_b1500_g40_e02;6m_b1500_g40_e06
6,1500,40,RR:3.50,GG:2.50,6,7,5,1,2,0.625,True,6m_b1500_g40_e01;6m_b1500_g40_e04;6m_b1500_g40_e08;6m_b1500_g40_e09;6m_b1500_g40_e12,6m_b1500_g40_e07,6m_b1500_g40_e02;6m_b1500_g40_e06
6,1500,40,RR:3.50,GG:2.75,6,7,5,1,2,0.625,True,6m_b1500_g40_e01;6m_b1500_g40_e04;6m_b1500_g40_e08;6m_b1500_g40_e09;6m_b1500_g40_e12,6m_b1500_g40_e07,6m_b1500_g40_e02;6m_b1500_g40_e06
6,1500,40,RR:3.50,GG:3.00,6,6,5,1,1,0.7142857142857143,True,6m_b1500_g40_e01;6m_b1500_g40_e04;6m_b1500_g40_e08;6m_b1500_g40_e09;6m_b1500_g40_e12,6m_b1500_g40_e07,6m_b1500_g40_e02
6,1500,40,RR:3.50,GG:3.25,6,6,6,0,0,1.0,False,6m_b1500_g40_e01;6m_b1500_g40_e04;6m_b1500_g40_e07;6m_b1500_g40_e08;6m_b1500_g40_e09;6m_b1500_g40_e12,,
6,1500,40,RR:3.50,GG:3.50,6,6,6,0,0,1.0,False,6m_b1500_g40_e01;6m_b1500_g40_e04;6m_b1500_g40_e07;6m_b1500_g40_e08;6m_b1500_g40_e09;6m_b1500_g40_e12,,
6,1500,40,RR:0.50,RR:2.50,3,4,1,2,3,0.16666666666666666,True,6m_b1500_g40_e08,6m_b1500_g40_e03;6m_b1500_g40_e07,6m_b1500_g40_e01;6m_b1500_g40_e04;6m_b1500_g40_e12
6,6800,5,RR:0.50,GG:0.50,0,0,0,0,0,,False,,,
6,6800,5,RR:0.50,GG:0.75,0,0,0,0,0,,False,,,
6,6800,5,RR:0.50,GG:1.00,0,0,0,0,0,,False,,,
6,6800,5,RR:0.50,GG:1.25,0,0,0,0,0,,False,,,
6,6800,5,RR:0.50,GG:1.50,0,0,0,0,0,,False,,,
6,6800,5,RR:0.50,GG:1.75,0,0,0,0,0,,False,,,
6,6800,5,RR:0.50,GG:2.00,0,0,0,0,0,,False,,,
6,6800,5,RR:0.50,GG:2.25,0,0,0,0,0,,False,,,
6,6800,5,RR:0.50,GG:2.50,0,0,0,0,0,,False,,,
6,6800,5,RR:0.50,GG:2.75,0,0,0,0,0,,False,,,
6,6800,5,RR:0.50,GG:3.00,0,0,0,0,0,,False,,,
6,6800,5,RR:0.50,GG:3.25,0,0,0,0,0,,False,,,
6,6800,5,RR:0.50,GG:3.50,0,0,0,0,0,,False,,,
6,6800,5,RR:0.75,GG:0.50,0,0,0,0,0,,False,,,
6,6800,5,RR:0.75,GG:0.75,0,0,0,0,0,,False,,,
6,6800,5,RR:0.75,GG:1.00,0,0,0,0,0,,False,,,
6,6800,5,RR:0.75,GG:1.25,0,0,0,0,0,,False,,,
6,6800,5,RR:0.75,GG:1.50,0,0,0,0,0,,False,,,
6,6800,5,RR:0.75,GG:1.75,0,0,0,0,0,,False,,,
6,6800,5,RR:0.75,GG:2.00,0,0,0,0,0,,False,,,
6,6800,5,RR:0.75,GG:2.25,0,0,0,0,0,,False,,,
6,6800,5,RR:0.75,GG:2.50,0,0,0,0,0,,False,,,
6,6800,5,RR:0.75,GG:2.75,0,0,0,0,0,,False,,,
6,6800,5,RR:0.75,GG:3.00,0,0,0,0,0,,False,,,
6,6800,5,RR:0.75,GG:3.25,0,0,0,0,0,,False,,,
6,6800,5,RR:0.75,GG:3.50,0,0,0,0,0,,False,,,
6,6800,5,RR:1.00,GG:0.50,0,0,0,0,0,,False,,,
6,6800,5,RR:1.00,GG:0.75,0,0,0,0,0,,False,,,
6,6800,5,RR:1.00,GG:1.00,0,0,0,0,0,,False,,,
6,6800,5,RR:1.00,GG:1.25,0,0,0,0,0,,False,,,
6,6800,5,RR:1.00,GG:1.50,0,0,0,0,0,,False,,,
6,6800,5,RR:1.00,GG:1.75,0,0,0,0,0,,False,,,
6,6800,5,RR:1.00,GG:2.00,0,0,0,0,0,,False,,,
6,6800,5,RR:1.00,GG:2.25,0,0,0,0,0,,False,,,
6,6800,5,RR:1.00,GG:2.50,0,0,0,0,0,,False,,,
6,6800,5,RR:1.00,GG:2.75,0,0,0,0,0,,False,,,
6,6800,5,RR:1.00,GG:3.00,0,0,0,0,0,,False,,,
6,6800,5,RR:1.00,GG:3.25,0,0,0,0,0,,False,,,
6,6800,5,RR:1.00,GG:3.50,0,0,0,0,0,,False,,,
6,6800,5,RR:1.25,GG:0.50,0,0,0,0,0,,False,,,
6,6800,5,RR:1.25,GG:0.75,0,0,0,0,0,,False,,,
6,6800,5,RR:1.25,GG:1.00,0,0,0,0,0,,False,,,
6,6800,5,RR:1.25,GG:1.25,0,0,0,0,0,,False,,,
6,6800,5,RR:1.25,GG:1.50,0,0,0,0,0,,False,,,
6,6800,5,RR:1.25,GG:1.75,0,0,0,0,0,,False,,,
6,6800,5,RR:1.25,GG:2.00,0,0,0,0,0,,False,,,
6,6800,5,RR:1.25,GG:2.25,0,0,0,0,0,,False,,,
6,6800,5,RR:1.25,GG:2.50,0,0,0,0,0,,False,,,
6,6800,5,RR:1.25,GG:2.75,0,0,0,0,0,,False,,,
6,6800,5,RR:1.25,GG:3.00,0,0,0,0,0,,False,,,
6,6800,5,RR:1.25,GG:3.25,0,0,0,0,0,,False,,,
6,6800,5,RR:1.25,GG:3.50,0,0,0,0,0,,False,,,
6,6800,5,RR:1.50,GG:0.50,0,0,0,0,0,,False,,,
6,6800,5,RR:1.50,GG:0.75,0,0,0,0,0,,False,,,
6,6800,5,RR:1.50,GG:1.00,0,0,0,0,0,,False,,,
6,6800,5,RR:1.50,GG:1.25,0,0,0,0,0,,False,,,
6,6800,5,RR:1.50,GG:1.50,0,0,0,0,0,,False,,,
6,6800,5,RR:1.50,GG:1.75,0,0,0,0,0,,False,,,
6,6800,5,RR:1.50,GG:2.00,0,0,0,0,0,,False,,,
6,6800,5,RR:1.50,GG:2.25,0,0,0,0,0,,False,,,
6,6800,5,RR:1.50,GG:2.50,0,0,0,0,0,,False,,,
6,6800,5,RR:1.50,GG:2.75,0,0,0,0,0,,False,,,
6,6800,5,RR:1.50,GG:3.00,0,0,0,0,0,,False,,,
6,6800,5,RR:1.50,GG:3.25,0,0,0,0,0,,False,,,
6,6800,5,RR:1.50,GG:3.50,0,0,0,0,0,,False,,,
6,6800,5,RR:1.75,GG:0.50,0,0,0,0,0,,False,,,
6,6800,5,RR:1.75,GG:0.75,0,0,0,0,0,,False,,,
6,6800,5,RR:1.75,GG:1.00,0,0,0,0,0,,False,,,
6,6800,5,RR:1.75,GG:1.25,0,0,0,0,0,,False,,,
6,6800,5,RR:1.75,GG:1.50,0,0,0,0,0,,False,,,
6,6800,5,RR:1.75,GG:1.75,0,0,0,0,0,,False,,,
6,6800,5,RR:1.75,GG:2.00,0,0,0,0,0,,False,,,
6,6800,5,RR:1.75,GG:2.25,0,0,0,0,0,,False,,,
6,6800,5,RR:1.75,GG:2.50,0,0,0,0,0,,False,,,
6,6800,5,RR:1.75,GG:2.75,0,0,0,0,0,,False,,,
6,6800,5,RR:1.75,GG:3.00,0,0,0,0,0,,False,,,
6,6800,5,RR:1.75,GG:3.25,0,0,0,0,0,,False,,,
6,6800,5,RR:1.75,GG:3.50,0,0,0,0,0,,False,,,
6,6800,5,RR:2.00,GG:0.50,0,0,0,0,0,,False,,,
6,6800,5,RR:2.00,GG:0.75,0,0,0,0,0,,False,,,
6,6800,5,RR:2.00,GG:1.00,0,0,0,0,0,,False,,,
6,6800,5,RR:2.00,GG:1.25,0,0,0,0,0,,False,,,
6,6800,5,RR:2.00,GG:1.50,0,0,0,0,0,,False,,,
6,6800,5,RR:2.00,GG:1.75,0,0,0,0,0,,False,,,
6,6800,5,RR:2.00,GG:2.00,0,0,0,0,0,,False,,,
6,6800,5,RR:2.00,GG:2.25,0,0,0,0,0,,False,,,
6,6800,5,RR:2.00,GG:2.50,0,0,0,0,0,,False,,,
6,6800,5,RR:2.00,GG:2.75,0,0,0,0,0,,False,,,
6,6800,5,RR:2.00,GG:3.00,0,0,0,0,0,,False,,,
6,6800,5,RR:2.00,GG:3.25,0,0,0,0,0,,False,,,
6,6800,5,RR:2.00,GG:3.50,0,0,0,0,0,,False,,,
6,6800,5,RR:2.25,GG:0.50,0,0,0,0,0,,False,,,
6,6800,5,RR:2.25,GG:0.75,0,0,0,0,0,,False,,,
6,6800,5,RR:2.25,GG:1.00,0,0,0,0,0,,False,,,
6,6800,5,RR:2.25,GG:1.25,0,0,0,0,0,,False,,,
6,6800,5,RR:2.25,GG:1.50,0,0,0,0,0,,False,,,
6,6800,5,RR:2.25,GG:1.75,0,0,0,0,0,,False,,,
6,6800,5,RR:2.25,GG:2.00,0,0,0,0,0,,False,,,
6,6800,5,RR:2.25,GG:2.25,0,0,0,0,0,,False,,,
6,6800,5,RR:2.25,GG:2.50,0,0,0,0,0,,False,,,
6,6800,5,RR:2.25,GG:2.75,0,0,0,0,0,,False,,,
6,6800,5,RR:2.25,GG:3.00,0,0,0,0,0,,False,,,
6,6800,5,RR:2.25,GG:3.25,0,0,0,0,0,,False,,,
6,6800,5,RR:2.25,GG:3.50,0,0,0,0,0,,False,,,
6,6800,5,RR:2.50,GG:0.50,0,0,0,0,0,,False,,,
6,6800,5,RR:2.50,GG:0.75,0,0,0,0,0,,False,,,
6,6800,5,RR:2.50,GG:1.00,0,0,0,0,0,,False,,,
6,6800,5,RR:2.50,GG:1.25,0,0,0,0,0,,False,,,
6,6800,5,RR:2.50,GG:1.50,0,0,0,0,0,,False,,,
6,6800,5,RR:2.50,GG:1.75,0,0,0,0,0,,False,,,
6,6800,5,RR:2.50,GG:2.00,0,0,0,0,0,,False,,,
6,6800,5,RR:2.50,GG:2.25,0,0,0,0,0,,False,,,
6,6800,5,RR:2.50,GG:2.50,0,0,0,0,0,,False,,,
6,6800,5,RR:2.50,GG:2.75,0,0,0,0,0,,False,,,
6,6800,5,RR:2.50,GG:3.00,0,0,0,0,0,,False,,,
6,6800,5,RR:2.50,GG:3.25,0,0,0,0,0,,False,,,
6,6800,5,RR:2.50,GG:3.50,0,0,0,0,0,,False,,,
6,6800,5,RR:2.75,GG:0.50,0,0,0,0,0,,False,,,
6,6800,5,RR:2.75,GG:0.75,0,0,0,0,0,,False,,,
6,6800,5,RR:2.75,GG:1.00,0,0,0,0,0,,False,,,
6,6800,5,RR:2.75,GG:1.25,0,0,0,0,0,,False,,,
6,6800,5,RR:2.75,GG:1.50,0,0,0,0,0,,False,,,
6,6800,5,RR:2.75,GG:1.75,0,0,0,0,0,,False,,,
6,6800,5,RR:2.75,GG:2.00,0,0,0,0,0,,False,,,
6,6800,5,RR:2.75,GG:2.25,0,0,0,0,0,,False,,,
6,6800,5,RR:2.75,GG:2.50,0,0,0,0,0,,False,,,
6,6800,5,RR:2.75,GG:2.75,0,0,0,0,0,,False,,,
6,6800,5,RR:2.75,GG:3.00,0,0,0,0,0,,False,,,
6,6800,5,RR:2.75,GG:3.25,0,0,0,0,0,,False,,,
6,6800,5,RR:2.75,GG:3.50,0,0,0,0,0,,False,,,
6,6800,5,RR:3.00,GG:0.50,0,0,0,0,0,,False,,,
6,6800,5,RR:3.00,GG:0.75,0,0,0,0,0,,False,,,
6,6800,5,RR:3.00,GG:1.00,0,0,0,0,0,,False,,,
6,6800,5,RR:3.00,GG:1.25,0,0,0,0,0,,False,,,
6,6800,5,RR:3.00,GG:1.50,0,0,0,0,0,,False,,,
6,6800,5,RR:3.00,GG:1.75,0,0,0,0,0,,False,,,
6,6800,5,RR:3.00,GG:2.00,0,0,0,0,0,,False,,,
6,6800,5,RR:3.00,GG:2.25,0,0,0,0,0,,False,,,
6,6800,5,RR:3.00,GG:2.50,0,0,0,0,0,,False,,,
6,6800,5,RR:3.00,GG:2.75,0,0,0,0,0,,False,,,
6,6800,5,RR:3.00,GG:3.00,0,0,0,0,0,,False,,,
6,6800,5,RR:3.00,GG:3.25,0,0,0,0,0,,False,,,
6,6800,5,RR:3.00,GG:3.50,0,0,0,0,0,,False,,,
6,6800,5,RR:3.25,GG:0.50,0,0,0,0,0,,False,,,
6,6800,5,RR:3.25,GG:0.75,0,0,0,0,0,,False,,,
6,6800,5,RR:3.25,GG:1.00,0,0,0,0,0,,False,,,
6,6800,5,RR:3.25,GG:1.25,0,0,0,0,0,,False,,,
6,6800,5,RR:3.25,GG:1.50,0,0,0,0,0,,False,,,
6,6800,5,RR:3.25,GG:1.75,0,0,0,0,0,,False,,,
6,6800,5,RR:3.25,GG:2.00,0,0,0,0,0,,False,,,
6,6800,5,RR:3.25,GG:2.25,0,0,0,0,0,,False,,,
6,6800,5,RR:3.25,GG:2.50,0,0,0,0,0,,False,,,
6,6800,5,RR:3.25,GG:2.75,0,0,0,0,0,,False,,,
6,6800,5,RR:3.25,GG:3.00,0,0,0,0,0,,False,,,
6,6800,5,RR:3.25,GG:3.25,0,0,0,0,0,,False,,,
6,6800,5,RR:3.25,GG:3.50,0,0,0,0,0,,False,,,
6,6800,5,RR:3.50,GG:0.50,0,0,0,0,0,,False,,,
6,6800,5,RR:3.50,GG:0.75,0,0,0,0,0,,False,,,
6,6800,5,RR:3.50,GG:1.00,0,0,0,0,0,,False,,,
6,6800,5,RR:3.50,GG:1.25,0,0,0,0,0,,False,,,
6,6800,5,RR:3.50,GG:1.50,0,0,0,0,0,,False,,,
6,6800,5,RR:3.50,GG:1.75,0,0,0,0,0,,False,,,
6,6800,5,RR:3.50,GG:2.00,0,0,0,0,0,,False,,,
6,6800,5,RR:3.50,GG:2.25,0,0,0,0,0,,False,,,
6,6800,5,RR:3.50,GG:2.50,0,0,0,0,0,,False,,,
6,6800,5,RR:3.50,GG:2.75,0,0,0,0,0,,False,,,
6,6800,5,RR:3.50,GG:3.00,0,0,0,0,0,,False,,,
6,6800,5,RR:3.50,GG:3.25,0,0,0,0,0,,False,,,
6,6800,5,RR:3.50,GG:3.50,0,0,0,0,0,,False,,,
6,6800,5,RR:0.50,RR:2.50,0,0,0,0,0,,False,,,
6,6800,20,RR:0.50,GG:0.50,0,0,0,0,0,,False,,,
6,6800,20,RR:0.50,GG:0.75,0,0,0,0,0,,False,,,
6,6800,20,RR:0.50,GG:1.00,0,0,0,0,0,,False,,,
6,6800,20,RR:0.50,GG:1.25,0,0,0,0,0,,False,,,
6,6800,20,RR:0.50,GG:1.50,0,0,0,0,0,,False,,,
6,6800,20,RR:0.50,GG:1.75,0,0,0,0,0,,False,,,
6,6800,20,RR:0.50,GG:2.00,0,0,0,0,0,,False,,,
6,6800,20,RR:0.50,GG:2.25,0,0,0,0,0,,False,,,
6,6800,20,RR:0.50,GG:2.50,0,0,0,0,0,,False,,,
6,6800,20,RR:0.50,GG:2.75,0,0,0,0,0,,False,,,
6,6800,20,RR:0.50,GG:3.00,0,0,0,0,0,,False,,,
6,6800,20,RR:0.50,GG:3.25,0,0,0,0,0,,False,,,
6,6800,20,RR:0.50,GG:3.50,0,0,0,0,0,,False,,,
6,6800,20,RR:0.75,GG:0.50,0,0,0,0,0,,False,,,
6,6800,20,RR:0.75,GG:0.75,0,0,0,0,0,,False,,,
6,6800,20,RR:0.75,GG:1.00,0,0,0,0,0,,False,,,
6,6800,20,RR:0.75,GG:1.25,0,0,0,0,0,,False,,,
6,6800,20,RR:0.75,GG:1.50,0,0,0,0,0,,False,,,
6,6800,20,RR:0.75,GG:1.75,0,0,0,0,0,,False,,,
6,6800,20,RR:0.75,GG:2.00,0,0,0,0,0,,False,,,
6,6800,20,RR:0.75,GG:2.25,0,0,0,0,0,,False,,,
6,6800,20,RR:0.75,GG:2.50,0,0,0,0,0,,False,,,
6,6800,20,RR:0.75,GG:2.75,0,0,0,0,0,,False,,,
6,6800,20,RR:0.75,GG:3.00,0,0,0,0,0,,False,,,
6,6800,20,RR:0.75,GG:3.25,0,0,0,0,0,,False,,,
6,6800,20,RR:0.75,GG:3.50,0,0,0,0,0,,False,,,
6,6800,20,RR:1.00,GG:0.50,0,0,0,0,0,,False,,,
6,6800,20,RR:1.00,GG:0.75,0,0,0,0,0,,False,,,
6,6800,20,RR:1.00,GG:1.00,0,0,0,0,0,,False,,,
6,6800,20,RR:1.00,GG:1.25,0,0,0,0,0,,False,,,
6,6800,20,RR:1.00,GG:1.50,0,0,0,0,0,,False,,,
6,6800,20,RR:1.00,GG:1.75,0,0,0,0,0,,False,,,
6,6800,20,RR:1.00,GG:2.00,0,0,0,0,0,,False,,,
6,6800,20,RR:1.00,GG:2.25,0,0,0,0,0,,False,,,
6,6800,20,RR:1.00,GG:2.50,0,0,0,0,0,,False,,,
6,6800,20,RR:1.00,GG:2.75,0,0,0,0,0,,False,,,
6,6800,20,RR:1.00,GG:3.00,0,0,0,0,0,,False,,,
6,6800,20,RR:1.00,GG:3.25,0,0,0,0,0,,False,,,
6,6800,20,RR:1.00,GG:3.50,0,0,0,0,0,,False,,,
6,6800,20,RR:1.25,GG:0.50,0,0,0,0,0,,False,,,
6,6800,20,RR:1.25,GG:0.75,0,0,0,0,0,,False,,,
6,6800,20,RR:1.25,GG:1.00,0,0,0,0,0,,False,,,
6,6800,20,RR:1.25,GG:1.25,0,0,0,0,0,,False,,,
6,6800,20,RR:1.25,GG:1.50,0,0,0,0,0,,False,,,
6,6800,20,RR:1.25,GG:1.75,0,0,0,0,0,,False,,,
6,6800,20,RR:1.25,GG:2.00,0,0,0,0,0,,False,,,
6,6800,20,RR:1.25,GG:2.25,0,0,0,0,0,,False,,,
6,6800,20,RR:1.25,GG:2.50,0,0,0,0,0,,False,,,
6,6800,20,RR:1.25,GG:2.75,0,0,0,0,0,,False,,,
6,6800,20,RR:1.25,GG:3.00,0,0,0,0,0,,False,,,
6,6800,20,RR:1.25,GG:3.25,0,0,0,0,0,,False,,,
6,6800,20,RR:1.25,GG:3.50,0,0,0,0,0,,False,,,
6,6800,20,RR:1.50,GG:0.50,0,0,0,0,0,,False,,,
6,6800,20,RR:1.50,GG:0.75,0,0,0,0,0,,False,,,
6,6800,20,RR:1.50,GG:1.00,0,0,0,0,0,,False,,,
6,6800,20,RR:1.50,GG:1.25,0,0,0,0,0,,False,,,
6,6800,20,RR:1.50,GG:1.50,0,0,0,0,0,,False,,,
6,6800,20,RR:1.50,GG:1.75,0,0,0,0,0,,False,,,
6,6800,20,RR:1.50,GG:2.00,0,0,0,0,0,,False,,,
6,6800,20,RR:1.50,GG:2.25,0,0,0,0,0,,False,,,
6,6800,20,RR:1.50,GG:2.50,0,0,0,0,0,,False,,,
6,6800,20,RR:1.50,GG:2.75,0,0,0,0,0,,False,,,
6,6800,20,RR:1.50,GG:3.00,0,0,0,0,0,,False,,,
6,6800,20,RR:1.50,GG:3.25,0,0,0,0,0,,False,,,
6,6800,20,RR:1.50,GG:3.50,0,0,0,0,0,,False,,,
6,6800,20,RR:1.75,GG:0.50,0,0,0,0,0,,False,,,
6,6800,20,RR:1.75,GG:0.75,0,0,0,0,0,,False,,,
6,6800,20,RR:1.75,GG:1.00,0,0,0,0,0,,False,,,
6,6800,20,RR:1.75,GG:1.25,0,0,0,0,0,,False,,,
6,6800,20,RR:1.75,GG:1.50,0,0,0,0,0,,False,,,
6,6800,20,RR:1.75,GG:1.75,0,0,0,0,0,,False,,,
6,6800,20,RR:1.75,GG:2.00,0,0,0,0,0,,False,,,
6,6800,20,RR:1.75,GG:2.25,0,0,0,0,0,,False,,,
6,6800,20,RR:1.75,GG:2.50,0,0,0,0,0,,False,,,
6,6800,20,RR:1.75,GG:2.75,0,0,0,0,0,,False,,,
6,6800,20,RR:1.75,GG:3.00,0,0,0,0,0,,False,,,
6,6800,20,RR:1.75,GG:3.25,0,0,0,0,0,,False,,,
6,6800,20,RR:1.75,GG:3.50,0,0,0,0,0,,False,,,
6,6800,20,RR:2.00,GG:0.50,0,0,0,0,0,,False,,,
6,6800,20,RR:2.00,GG:0.75,0,0,0,0,0,,False,,,
6,6800,20,RR:2.00,GG:1.00,0,0,0,0,0,,False,,,
6,6800,20,RR:2.00,GG:1.25,0,0,0,0,0,,False,,,
6,6800,20,RR:2.00,GG:1.50,0,0,0,0,0,,False,,,
6,6800,20,RR:2.00,GG:1.75,0,0,0,0,0,,False,,,
6,6800,20,RR:2.00,GG:2.00,0,0,0,0,0,,False,,,
6,6800,20,RR:2.00,GG:2.25,0,0,0,0,0,,False,,,
6,6800,20,RR:2.00,GG:2.50,0,0,0,0,0,,False,,,
6,6800,20,RR:2.00,GG:2.75,0,0,0,0,0,,False,,,
6,6800,20,RR:2.00,GG:3.00,0,0,0,0,0,,False,,,
6,6800,20,RR:2.00,GG:3.25,0,0,0,0,0,,False,,,
6,6800,20,RR:2.00,GG:3.50,0,0,0,0,0,,False,,,
6,6800,20,RR:2.25,GG:0.50,0,0,0,0,0,,False,,,
6,6800,20,RR:2.25,GG:0.75,0,0,0,0,0,,False,,,
6,6800,20,RR:2.25,GG:1.00,0,0,0,0,0,,False,,,
6,6800,20,RR:2.25,GG:1.25,0,0,0,0,0,,False,,,
6,6800,20,RR:2.25,GG:1.50,0,0,0,0,0,,False,,,
6,6800,20,RR:2.25,GG:1.75,0,0,0,0,0,,False,,,
6,6800,20,RR:2.25,GG:2.00,0,0,0,0,0,,False,,,
6,6800,20,RR:2.25,GG:2.25,0,0,0,0,0,,False,,,
6,6800,20,RR:2.25,GG:2.50,0,0,0,0,0,,False,,,
6,6800,20,RR:2.25,GG:2.75,0,0,0,0,0,,False,,,
6,6800,20,RR:2.25,GG:3.00,0,0,0,0,0,,False,,,
6,6800,20,RR:2.25,GG:3.25,0,0,0,0,0,,False,,,
6,6800,20,RR:2.25,GG:3.50,0,0,0,0,0,,False,,,
6,6800,20,RR:2.50,GG:0.50,0,0,0,0,0,,False,,,
6,6800,20,RR:2.50,GG:0.75,0,0,0,0,0,,False,,,
6,6800,20,RR:2.50,GG:1.00,0,0,0,0,0,,False,,,
6,6800,20,RR:2.50,GG:1.25,0,0,0,0,0,,False,,,
6,6800,20,RR:2.50,GG:1.50,0,0,0,0,0,,False,,,
6,6800,20,RR:2.50,GG:1.75,0,0,0,0,0,,False,,,
6,6800,20,RR:2.50,GG:2.00,0,0,0,0,0,,False,,,
6,6800,20,RR:2.50,GG:2.25,0,0,0,0,0,,False,,,
6,6800,20,RR:2.50,GG:2.50,0,0,0,0,0,,False,,,
6,6800,20,RR:2.50,GG:2.75,0,0,0,0,0,,False,,,
6,6800,20,RR:2.50,GG:3.00,0,0,0,0,0,,False,,,
6,6800,20,RR:2.50,GG:3.25,0,0,0,0,0,,False,,,
6,6800,20,RR:2.50,GG:3.50,0,0,0,0,0,,False,,,
6,6800,20,RR:2.75,GG:0.50,0,0,0,0,0,,False,,,
6,6800,20,RR:2.75,GG:0.75,0,0,0,0,0,,False,,,
6,6800,20,RR:2.75,GG:1.00,0,0,0,0,0,,False,,,
6,6800,20,RR:2.75,GG:1.25,0,0,0,0,0,,False,,,
6,6800,20,RR:2.75,GG:1.50,0,0,0,0,0,,False,,,
6,6800,20,RR:2.75,GG:1.75,0,0,0,0,0,,False,,,
6,6800,20,RR:2.75,GG:2.00,0,0,0,0,0,,False,,,
6,6800,20,RR:2.75,GG:2.25,0,0,0,0,0,,False,,,
6,6800,20,RR:2.75,GG:2.50,0,0,0,0,0,,False,,,
6,6800,20,RR:2.75,GG:2.75,0,0,0,0,0,,False,,,
6,6800,20,RR:2.75,GG:3.00,0,0,0,0,0,,False,,,
6,6800,20,RR:2.75,GG:3.25,0,0,0,0,0,,False,,,
6,6800,20,RR:2.75,GG:3.50,0,0,0,0,0,,False,,,
6,6800,20,RR:3.00,GG:0.50,0,0,0,0,0,,False,,,
6,6800,20,RR:3.00,GG:0.75,0,0,0,0,0,,False,,,
6,6800,20,RR:3.00,GG:1.00,0,0,0,0,0,,False,,,
6,6800,20,RR:3.00,GG:1.25,0,0,0,0,0,,False,,,
6,6800,20,RR:3.00,GG:1.50,0,0,0,0,0,,False,,,
6,6800,20,RR:3.00,GG:1.75,0,0,0,0,0,,False,,,
6,6800,20,RR:3.00,GG:2.00,0,0,0,0,0,,False,,,
6,6800,20,RR:3.00,GG:2.25,0,0,0,0,0,,False,,,
6,6800,20,RR:3.00,GG:2.50,0,0,0,0,0,,False,,,
6,6800,20,RR:3.00,GG:2.75,0,0,0,0,0,,False,,,
6,6800,20,RR:3.00,GG:3.00,0,0,0,0,0,,False,,,
6,6800,20,RR:3.00,GG:3.25,0,0,0,0,0,,False,,,
6,6800,20,RR:3.00,GG:3.50,0,0,0,0,0,,False,,,
6,6800,20,RR:3.25,GG:0.50,0,0,0,0,0,,False,,,
6,6800,20,RR:3.25,GG:0.75,0,0,0,0,0,,False,,,
6,6800,20,RR:3.25,GG:1.00,0,0,0,0,0,,False,,,
6,6800,20,RR:3.25,GG:1.25,0,0,0,0,0,,False,,,
6,6800,20,RR:3.25,GG:1.50,0,0,0,0,0,,False,,,
6,6800,20,RR:3.25,GG:1.75,0,0,0,0,0,,False,,,
6,6800,20,RR:3.25,GG:2.00,0,0,0,0,0,,False,,,
6,6800,20,RR:3.25,GG:2.25,0,0,0,0,0,,False,,,
6,6800,20,RR:3.25,GG:2.50,0,0,0,0,0,,False,,,
6,6800,20,RR:3.25,GG:2.75,0,0,0,0,0,,False,,,
6,6800,20,RR:3.25,GG:3.00,0,0,0,0,0,,False,,,
6,6800,20,RR:3.25,GG:3.25,0,0,0,0,0,,False,,,
6,6800,20,RR:3.25,GG:3.50,0,0,0,0,0,,False,,,
6,6800,20,RR:3.50,GG:0.50,0,0,0,0,0,,False,,,
6,6800,20,RR:3.50,GG:0.75,0,0,0,0,0,,False,,,
6,6800,20,RR:3.50,GG:1.00,0,0,0,0,0,,False,,,
6,6800,20,RR:3.50,GG:1.25,0,0,0,0,0,,False,,,
6,6800,20,RR:3.50,GG:1.50,0,0,0,0,0,,False,,,
6,6800,20,RR:3.50,GG:1.75,0,0,0,0,0,,False,,,
6,6800,20,RR:3.50,GG:2.00,0,0,0,0,0,,False,,,
6,6800,20,RR:3.50,GG:2.25,0,0,0,0,0,,False,,,
6,6800,20,RR:3.50,GG:2.50,0,0,0,0,0,,False,,,
6,6800,20,RR:3.50,GG:2.75,0,0,0,0,0,,False,,,
6,6800,20,RR:3.50,GG:3.00,0,0,0,0,0,,False,,,
6,6800,20,RR:3.50,GG:3.25,0,0,0,0,0,,False,,,
6,6800,20,RR:3.50,GG:3.50,0,0,0,0,0,,False,,,
6,6800,20,RR:0.50,RR:2.50,0,0,0,0,0,,False,,,
6,6800,40,RR:0.50,GG:0.50,0,0,0,0,0,,False,,,
6,6800,40,RR:0.50,GG:0.75,0,0,0,0,0,,False,,,
6,6800,40,RR:0.50,GG:1.00,0,0,0,0,0,,False,,,
6,6800,40,RR:0.50,GG:1.25,0,0,0,0,0,,False,,,
6,6800,40,RR:0.50,GG:1.50,0,0,0,0,0,,False,,,
6,6800,40,RR:0.50,GG:1.75,0,0,0,0,0,,False,,,
6,6800,40,RR:0.50,GG:2.00,0,0,0,0,0,,False,,,
6,6800,40,RR:0.50,GG:2.25,0,0,0,0,0,,False,,,
6,6800,40,RR:0.50,GG:2.50,0,0,0,0,0,,False,,,
6,6800,40,RR:0.50,GG:2.75,0,0,0,0,0,,False,,,
6,6800,40,RR:0.50,GG:3.00,0,0,0,0,0,,False,,,
6,6800,40,RR:0.50,GG:3.25,0,0,0,0,0,,False,,,
6,6800,40,RR:0.50,GG:3.50,0,0,0,0,0,,False,,,
6,6800,40,RR:0.75,GG:0.50,0,0,0,0,0,,False,,,
6,6800,40,RR:0.75,GG:0.75,0,0,0,0,0,,False,,,
6,6800,40,RR:0.75,GG:1.00,0,0,0,0,0,,False,,,
6,6800,40,RR:0.75,GG:1.25,0,0,0,0,0,,False,,,
6,6800,40,RR:0.75,GG:1.50,0,0,0,0,0,,False,,,
6,6800,40,RR:0.75,GG:1.75,0,0,0,0,0,,False,,,
6,6800,40,RR:0.75,GG:2.00,0,0,0,0,0,,False,,,
6,6800,40,RR:0.75,GG:2.25,0,0,0,0,0,,False,,,
6,6800,40,RR:0.75,GG:2.50,0,0,0,0,0,,False,,,
6,6800,40,RR:0.75,GG:2.75,0,0,0,0,0,,False,,,
6,6800,40,RR:0.75,GG:3.00,0,0,0,0,0,,False,,,
6,6800,40,RR:0.75,GG:3.25,0,0,0,0,0,,False,,,
6,6800,40,RR:0.75,GG:3.50,0,0,0,0,0,,False,,,
6,6800,40,RR:1.00,GG:0.50,0,0,0,0,0,,False,,,
6,6800,40,RR:1.00,GG:0.75,0,0,0,0,0,,False,,,
6,6800,40,RR:1.00,GG:1.00,0,0,0,0,0,,False,,,
6,6800,40,RR:1.00,GG:1.25,0,0,0,0,0,,False,,,
6,6800,40,RR:1.00,GG:1.50,0,0,0,0,0,,False,,,
6,6800,40,RR:1.00,GG:1.75,0,0,0,0,0,,False,,,
6,6800,40,RR:1.00,GG:2.00,0,0,0,0,0,,False,,,
6,6800,40,RR:1.00,GG:2.25,0,0,0,0,0,,False,,,
6,6800,40,RR:1.00,GG:2.50,0,0,0,0,0,,False,,,
6,6800,40,RR:1.00,GG:2.75,0,0,0,0,0,,False,,,
6,6800,40,RR:1.00,GG:3.00,0,0,0,0,0,,False,,,
6,6800,40,RR:1.00,GG:3.25,0,0,0,0,0,,False,,,
6,6800,40,RR:1.00,GG:3.50,0,0,0,0,0,,False,,,
6,6800,40,RR:1.25,GG:0.50,0,0,0,0,0,,False,,,
6,6800,40,RR:1.25,GG:0.75,0,0,0,0,0,,False,,,
6,6800,40,RR:1.25,GG:1.00,0,0,0,0,0,,False,,,
6,6800,40,RR:1.25,GG:1.25,0,0,0,0,0,,False,,,
6,6800,40,RR:1.25,GG:1.50,0,0,0,0,0,,False,,,
6,6800,40,RR:1.25,GG:1.75,0,0,0,0,0,,False,,,
6,6800,40,RR:1.25,GG:2.00,0,0,0,0,0,,False,,,
6,6800,40,RR:1.25,GG:2.25,0,0,0,0,0,,False,,,
6,6800,40,RR:1.25,GG:2.50,0,0,0,0,0,,False,,,
6,6800,40,RR:1.25,GG:2.75,0,0,0,0,0,,False,,,
6,6800,40,RR:1.25,GG:3.00,0,0,0,0,0,,False,,,
6,6800,40,RR:1.25,GG:3.25,0,0,0,0,0,,False,,,
6,6800,40,RR:1.25,GG:3.50,0,0,0,0,0,,False,,,
6,6800,40,RR:1.50,GG:0.50,0,0,0,0,0,,False,,,
6,6800,40,RR:1.50,GG:0.75,0,0,0,0,0,,False,,,
6,6800,40,RR:1.50,GG:1.00,0,0,0,0,0,,False,,,
6,6800,40,RR:1.50,GG:1.25,0,0,0,0,0,,False,,,
6,6800,40,RR:1.50,GG:1.50,0,0,0,0,0,,False,,,
6,6800,40,RR:1.50,GG:1.75,0,0,0,0,0,,False,,,
6,6800,40,RR:1.50,GG:2.00,0,0,0,0,0,,False,,,
6,6800,40,RR:1.50,GG:2.25,0,0,0,0,0,,False,,,
6,6800,40,RR:1.50,GG:2.50,0,0,0,0,0,,False,,,
6,6800,40,RR:1.50,GG:2.75,0,0,0,0,0,,False,,,
6,6800,40,RR:1.50,GG:3.00,0,0,0,0,0,,False,,,
6,6800,40,RR:1.50,GG:3.25,0,0,0,0,0,,False,,,
6,6800,40,RR:1.50,GG:3.50,0,0,0,0,0,,False,,,
6,6800,40,RR:1.75,GG:0.50,0,0,0,0,0,,False,,,
6,6800,40,RR:1.75,GG:0.75,0,0,0,0,0,,False,,,
6,6800,40,RR:1.75,GG:1.00,0,0,0,0,0,,False,,,
6,6800,40,RR:1.75,GG:1.25,0,0,0,0,0,,False,,,
6,6800,40,RR:1.75,GG:1.50,0,0,0,0,0,,False,,,
6,6800,40,RR:1.75,GG:1.75,0,0,0,0,0,,False,,,
6,6800,40,RR:1.75,GG:2.00,0,0,0,0,0,,False,,,
6,6800,40,RR:1.75,GG:2.25,0,0,0,0,0,,False,,,
6,6800,40,RR:1.75,GG:2.50,0,0,0,0,0,,False,,,
6,6800,40,RR:1.75,GG:2.75,0,0,0,0,0,,False,,,
6,6800,40,RR:1.75,GG:3.00,0,0,0,0,0,,False,,,
6,6800,40,RR:1.75,GG:3.25,0,0,0,0,0,,False,,,
6,6800,40,RR:1.75,GG:3.50,0,0,0,0,0,,False,,,
6,6800,40,RR:2.00,GG:0.50,0,0,0,0,0,,False,,,
6,6800,40,RR:2.00,GG:0.75,0,0,0,0,0,,False,,,
6,6800,40,RR:2.00,GG:1.00,0,0,0,0,0,,False,,,
6,6800,40,RR:2.00,GG:1.25,0,0,0,0,0,,False,,,
6,6800,40,RR:2.00,GG:1.50,0,0,0,0,0,,False,,,
6,6800,40,RR:2.00,GG:1.75,0,0,0,0,0,,False,,,
6,6800,40,RR:2.00,GG:2.00,0,0,0,0,0,,False,,,
6,6800,40,RR:2.00,GG:2.25,0,0,0,0,0,,False,,,
6,6800,40,RR:2.00,GG:2.50,0,0,0,0,0,,False,,,
6,6800,40,RR:2.00,GG:2.75,0,0,0,0,0,,False,,,
6,6800,40,RR:2.00,GG:3.00,0,0,0,0,0,,False,,,
6,6800,40,RR:2.00,GG:3.25,0,0,0,0,0,,False,,,
6,6800,40,RR:2.00,GG:3.50,0,0,0,0,0,,False,,,
6,6800,40,RR:2.25,GG:0.50,0,0,0,0,0,,False,,,
6,6800,40,RR:2.25,GG:0.75,0,0,0,0,0,,False,,,
6,6800,40,RR:2.25,GG:1.00,0,0,0,0,0,,False,,,
6,6800,40,RR:2.25,GG:1.25,0,0,0,0,0,,False,,,
6,6800,40,RR:2.25,GG:1.50,0,0,0,0,0,,False,,,
6,6800,40,RR:2.25,GG:1.75,0,0,0,0,0,,False,,,
6,6800,40,RR:2.25,GG:2.00,0,0,0,0,0,,False,,,
6,6800,40,RR:2.25,GG:2.25,0,0,0,0,0,,False,,,
6,6800,40,RR:2.25,GG:2.50,0,0,0,0,0,,False,,,
6,6800,40,RR:2.25,GG:2.75,0,0,0,0,0,,False,,,
6,6800,40,RR:2.25,GG:3.00,0,0,0,0,0,,False,,,
6,6800,40,RR:2.25,GG:3.25,0,0,0,0,0,,False,,,
6,6800,40,RR:2.25,GG:3.50,0,0,0,0,0,,False,,,
6,6800,40,RR:2.50,GG:0.50,0,0,0,0,0,,False,,,
6,6800,40,RR:2.50,GG:0.75,0,0,0,0,0,,False,,,
6,6800,40,RR:2.50,GG:1.00,0,0,0,0,0,,False,,,
6,6800,40,RR:2.50,GG:1.25,0,0,0,0,0,,False,,,
6,6800,40,RR:2.50,GG:1.50,0,0,0,0,0,,False,,,
6,6800,40,RR:2.50,GG:1.75,0,0,0,0,0,,False,,,
6,6800,40,RR:2.50,GG:2.00,0,0,0,0,0,,False,,,
6,6800,40,RR:2.50,GG:2.25,0,0,0,0,0,,False,,,
6,6800,40,RR:2.50,GG:2.50,0,0,0,0,0,,False,,,
6,6800,40,RR:2.50,GG:2.75,0,0,0,0,0,,False,,,
6,6800,40,RR:2.50,GG:3.00,0,0,0,0,0,,False,,,
6,6800,40,RR:2.50,GG:3.25,0,0,0,0,0,,False,,,
6,6800,40,RR:2.50,GG:3.50,0,0,0,0,0,,False,,,
6,6800,40,RR:2.75,GG:0.50,0,0,0,0,0,,False,,,
6,6800,40,RR:2.75,GG:0.75,0,0,0,0,0,,False,,,
6,6800,40,RR:2.75,GG:1.00,0,0,0,0,0,,False,,,
6,6800,40,RR:2.75,GG:1.25,0,0,0,0,0,,False,,,
6,6800,40,RR:2.75,GG:1.50,0,0,0,0,0,,False,,,
6,6800,40,RR:2.75,GG:1.75,0,0,0,0,0,,False,,,
6,6800,40,RR:2.75,GG:2.00,0,0,0,0,0,,False,,,
6,6800,40,RR:2.75,GG:2.25,0,0,0,0,0,,False,,,
6,6800,40,RR:2.75,GG:2.50,0,0,0,0,0,,False,,,
6,6800,40,RR:2.75,GG:2.75,0,0,0,0,0,,False,,,
6,6800,40,RR:2.75,GG:3.00,0,0,0,0,0,,False,,,
6,6800,40,RR:2.75,GG:3.25,0,0,0,0,0,,False,,,
6,6800,40,RR:2.75,GG:3.50,0,0,0,0,0,,False,,,
6,6800,40,RR:3.00,GG:0.50,0,0,0,0,0,,False,,,
6,6800,40,RR:3.00,GG:0.75,0,0,0,0,0,,False,,,
6,6800,40,RR:3.00,GG:1.00,0,0,0,0,0,,False,,,
6,6800,40,RR:3.00,GG:1.25,0,0,0,0,0,,False,,,
6,6800,40,RR:3.00,GG:1.50,0,0,0,0,0,,False,,,
6,6800,40,RR:3.00,GG:1.75,0,0,0,0,0,,False,,,
6,6800,40,RR:3.00,GG:2.00,0,0,0,0,0,,False,,,
6,6800,40,RR:3.00,GG:2.25,0,0,0,0,0,,False,,,
6,6800,40,RR:3.00,GG:2.50,0,0,0,0,0,,False,,,
6,6800,40,RR:3.00,GG:2.75,0,0,0,0,0,,False,,,
6,6800,40,RR:3.00,GG:3.00,0,0,0,0,0,,False,,,
6,6800,40,RR:3.00,GG:3.25,0,0,0,0,0,,False,,,
6,6800,40,RR:3.00,GG:3.50,0,0,0,0,0,,False,,,
6,6800,40,RR:3.25,GG:0.50,0,0,0,0,0,,False,,,
6,6800,40,RR:3.25,GG:0.75,0,0,0,0,0,,False,,,
6,6800,40,RR:3.25,GG:1.00,0,0,0,0,0,,False,,,
6,6800,40,RR:3.25,GG:1.25,0,0,0,0,0,,False,,,
6,6800,40,RR:3.25,GG:1.50,0,0,0,0,0,,False,,,
6,6800,40,RR:3.25,GG:1.75,0,0,0,0,0,,False,,,
6,6800,40,RR:3.25,GG:2.00,0,0,0,0,0,,False,,,
6,6800,40,RR:3.25,GG:2.25,0,0,0,0,0,,False,,,
6,6800,40,RR:3.25,GG:2.50,0,0,0,0,0,,False,,,
6,6800,40,RR:3.25,GG:2.75,0,0,0,0,0,,False,,,
6,6800,40,RR:3.25,GG:3.00,0,0,0,0,0,,False,,,
6,6800,40,RR:3.25,GG:3.25,0,0,0,0,0,,False,,,
6,6800,40,RR:3.25,GG:3.50,0,0,0,0,0,,False,,,
6,6800,40,RR:3.50,GG:0.50,0,0,0,0,0,,False,,,
6,6800,40,RR:3.50,GG:0.75,0,0,0,0,0,,False,,,
6,6800,40,RR:3.50,GG:1.00,0,0,0,0,0,,False,,,
6,6800,40,RR:3.50,GG:1.25,0,0,0,0,0,,False,,,
6,6800,40,RR:3.50,GG:1.50,0,0,0,0,0,,False,,,
6,6800,40,RR:3.50,GG:1.75,0,0,0,0,0,,False,,,
6,6800,40,RR:3.50,GG:2.00,0,0,0,0,0,,False,,,
6,6800,40,RR:3.50,GG:2.25,0,0,0,0,0,,False,,,
6,6800,40,RR:3.50,GG:2.50,0,0,0,0,0,,False,,,
6,6800,40,RR:3.50,GG:2.75,0,0,0,0,0,,False,,,
6,6800,40,RR:3.50,GG:3.00,0,0,0,0,0,,False,,,
6,6800,40,RR:3.50,GG:3.25,0,0,0,0,0,,False,,,
6,6800,40,RR:3.50,GG:3.50,0,0,0,0,0,,False,,,
6,6800,40,RR:0.50,RR:2.50,0,0,0,0,0,,False,,,
