at,account_id,cohort_month,requested_usd,allowed_usd,balance_usd,blocked_by,blockers
2020-02-03 00:00:00,1,2020-01,132.35,0.0,25232.35,minimum_balance,minimum_balance|consistency
2020-02-10 00:00:00,1,2020-01,318.8,0.0,25418.8,minimum_balance,minimum_balance|consistency
2020-02-17 00:00:00,1,2020-01,182.8,0.0,25282.8,minimum_balance,minimum_balance|consistency
2020-02-24 00:00:00,1,2020-01,263.45,0.0,25363.45,minimum_balance,minimum_balance|consistency
2020-03-09 00:00:00,1,2020-01,478.4,0.0,25578.4,minimum_balance,minimum_balance|consistency
2020-03-09 00:00:00,2,2020-02,246.05,0.0,25346.05,minimum_balance,minimum_balance|consistency
2020-04-06 00:00:00,7,2020-03,405.15,0.0,25505.15,minimum_balance,minimum_balance|consistency
2020-04-13 00:00:00,7,2020-03,559.9,0.0,25659.9,minimum_balance,minimum_balance|consistency
2020-04-20 00:00:00,7,2020-03,475.25,0.0,25575.25,minimum_balance,minimum_balance|consistency
2020-04-27 00:00:00,7,2020-03,668.75,0.0,25768.75,minimum_balance,minimum_balance|consistency
2020-05-04 00:00:00,7,2020-03,663.75,0.0,25763.75,minimum_balance,minimum_balance|consistency
2020-05-04 00:00:00,8,2020-04,176.7,0.0,25276.7,minimum_balance,minimum_balance|consistency
2020-05-11 00:00:00,7,2020-03,1255.65,0.0,26355.65,minimum_balance,minimum_balance|consistency
2020-05-11 00:00:00,8,2020-04,768.6,0.0,25868.6,minimum_balance,minimum_balance|consistency
2020-05-18 00:00:00,7,2020-03,1150.95,0.0,26250.95,minimum_balance,minimum_balance|consistency
2020-05-18 00:00:00,8,2020-04,663.9,0.0,25763.9,minimum_balance,minimum_balance|consistency
2020-05-25 00:00:00,7,2020-03,1640.85,0.0,26740.85,consistency,consistency
2020-05-25 00:00:00,8,2020-04,1153.8,0.0,26253.8,minimum_balance,minimum_balance
2020-06-01 00:00:00,7,2020-03,1490.15,0.0,26590.15,minimum_balance,minimum_balance|consistency
2020-06-01 00:00:00,8,2020-04,1003.1,0.0,26103.1,minimum_balance,minimum_balance
2020-06-01 00:00:00,9,2020-05,741.65,0.0,25841.65,minimum_balance,minimum_balance
2020-06-08 00:00:00,7,2020-03,1542.4,0.0,26642.4,consistency,consistency
2020-06-08 00:00:00,8,2020-04,1055.35,0.0,26155.35,minimum_balance,minimum_balance
2020-06-08 00:00:00,9,2020-05,793.9,0.0,25893.9,minimum_balance,minimum_balance
2020-06-15 00:00:00,7,2020-03,1211.95,0.0,26311.95,minimum_balance,minimum_balance|consistency
2020-06-15 00:00:00,8,2020-04,724.9,0.0,25824.9,minimum_balance,minimum_balance|consistency
2020-06-15 00:00:00,9,2020-05,463.45,0.0,25563.45,minimum_balance,minimum_balance|consistency
2020-06-22 00:00:00,7,2020-03,855.6,0.0,25955.6,minimum_balance,minimum_balance|consistency
2020-06-22 00:00:00,8,2020-04,368.55,0.0,25468.55,minimum_balance,minimum_balance|consistency
2020-06-22 00:00:00,9,2020-05,107.1,0.0,25207.1,minimum_balance,minimum_balance|consistency
2020-06-29 00:00:00,7,2020-03,742.15,0.0,25842.15,minimum_balance,minimum_balance|consistency
2020-06-29 00:00:00,8,2020-04,255.1,0.0,25355.1,minimum_balance,minimum_balance|consistency
2020-07-06 00:00:00,7,2020-03,1151.45,0.0,26251.45,minimum_balance,minimum_balance|consistency
2020-07-06 00:00:00,8,2020-04,664.4,0.0,25764.4,minimum_balance,minimum_balance|consistency
2020-07-06 00:00:00,9,2020-05,402.95,0.0,25502.95,minimum_balance,minimum_balance|consistency
2020-07-13 00:00:00,7,2020-03,1274.65,0.0,26374.65,minimum_balance,minimum_balance|consistency
2020-07-13 00:00:00,8,2020-04,787.6,0.0,25887.6,minimum_balance,minimum_balance|consistency
2020-07-13 00:00:00,9,2020-05,526.15,0.0,25626.15,minimum_balance,minimum_balance|consistency
2020-07-20 00:00:00,7,2020-03,808.2,0.0,25908.2,minimum_balance,minimum_balance|consistency
2020-07-20 00:00:00,8,2020-04,321.15,0.0,25421.15,minimum_balance,minimum_balance|consistency
2020-07-20 00:00:00,9,2020-05,59.7,0.0,25159.7,minimum_balance,minimum_balance|consistency
2020-07-27 00:00:00,7,2020-03,771.9,0.0,25871.9,minimum_balance,minimum_balance|consistency
2020-07-27 00:00:00,8,2020-04,284.85,0.0,25384.85,minimum_balance,minimum_balance|consistency
2020-07-27 00:00:00,9,2020-05,23.4,0.0,25123.4,minimum_balance,minimum_balance|consistency
2020-08-03 00:00:00,7,2020-03,1445.7,0.0,26545.7,minimum_balance,minimum_balance|consistency
2020-08-03 00:00:00,8,2020-04,958.65,0.0,26058.65,minimum_balance,minimum_balance|consistency
2020-08-03 00:00:00,9,2020-05,697.2,0.0,25797.2,minimum_balance,minimum_balance|consistency
2020-08-03 00:00:00,11,2020-07,307.0,0.0,25407.0,minimum_balance,minimum_balance|consistency
2020-08-10 00:00:00,7,2020-03,1947.4,0.0,27047.4,consistency,consistency
2020-08-10 00:00:00,8,2020-04,1460.35,0.0,26560.35,minimum_balance,minimum_balance
2020-08-10 00:00:00,9,2020-05,1198.9,0.0,26298.9,minimum_balance,minimum_balance
2020-08-10 00:00:00,10,2020-06,357.25,0.0,25457.25,minimum_balance,minimum_balance|consistency
2020-08-10 00:00:00,11,2020-07,808.7,0.0,25908.7,minimum_balance,minimum_balance|consistency
2020-08-17 00:00:00,7,2020-03,1924.35,0.0,27024.35,consistency,consistency
2020-08-17 00:00:00,8,2020-04,1437.3,0.0,26537.3,minimum_balance,minimum_balance
2020-08-17 00:00:00,9,2020-05,1175.85,0.0,26275.85,minimum_balance,minimum_balance
2020-08-17 00:00:00,10,2020-06,334.2,0.0,25434.2,minimum_balance,minimum_balance|consistency
2020-08-17 00:00:00,11,2020-07,785.65,0.0,25885.65,minimum_balance,minimum_balance|consistency
2020-08-24 00:00:00,10,2020-06,883.7,0.0,25983.7,minimum_balance,minimum_balance|consistency
2020-08-24 00:00:00,11,2020-07,1335.15,0.0,26435.15,minimum_balance,minimum_balance
2020-08-31 00:00:00,7,2020-03,849.0,0.0,25949.0,minimum_balance,minimum_balance|trading_days|profitable_days
2020-08-31 00:00:00,8,2020-04,849.0,0.0,25949.0,minimum_balance,minimum_balance|trading_days|profitable_days
2020-08-31 00:00:00,9,2020-05,849.0,0.0,25949.0,minimum_balance,minimum_balance|trading_days|profitable_days
2020-08-31 00:00:00,10,2020-06,732.7,0.0,25832.7,minimum_balance,minimum_balance|consistency
2020-08-31 00:00:00,11,2020-07,1184.15,0.0,26284.15,minimum_balance,minimum_balance
2020-09-07 00:00:00,7,2020-03,1226.05,0.0,26326.05,minimum_balance,minimum_balance|profitable_days
2020-09-07 00:00:00,8,2020-04,1226.05,0.0,26326.05,minimum_balance,minimum_balance|profitable_days
2020-09-07 00:00:00,9,2020-05,1226.05,0.0,26326.05,minimum_balance,minimum_balance|profitable_days
2020-09-07 00:00:00,10,2020-06,1109.75,0.0,26209.75,minimum_balance,minimum_balance|consistency
2020-09-07 00:00:00,12,2020-08,1154.2,0.0,26254.2,minimum_balance,minimum_balance
2020-09-14 00:00:00,7,2020-03,1006.7,0.0,26106.7,minimum_balance,minimum_balance|consistency
2020-09-14 00:00:00,8,2020-04,1006.7,0.0,26106.7,minimum_balance,minimum_balance|consistency
2020-09-14 00:00:00,9,2020-05,1006.7,0.0,26106.7,minimum_balance,minimum_balance|consistency
2020-09-14 00:00:00,10,2020-06,890.4,0.0,25990.4,minimum_balance,minimum_balance|consistency
2020-09-14 00:00:00,11,2020-07,780.65,0.0,25880.65,minimum_balance,minimum_balance|trading_days|profitable_days|consistency
2020-09-14 00:00:00,12,2020-08,934.85,0.0,26034.85,minimum_balance,minimum_balance|consistency
2020-09-21 00:00:00,7,2020-03,861.35,0.0,25961.35,minimum_balance,minimum_balance|consistency
2020-09-21 00:00:00,8,2020-04,861.35,0.0,25961.35,minimum_balance,minimum_balance|consistency
2020-09-21 00:00:00,9,2020-05,861.35,0.0,25961.35,minimum_balance,minimum_balance|consistency
2020-09-21 00:00:00,10,2020-06,745.05,0.0,25845.05,minimum_balance,minimum_balance|consistency
2020-09-21 00:00:00,11,2020-07,635.3,0.0,25735.3,minimum_balance,minimum_balance|profitable_days|consistency
2020-09-21 00:00:00,12,2020-08,789.5,0.0,25889.5,minimum_balance,minimum_balance|consistency
2020-09-28 00:00:00,7,2020-03,570.05,0.0,25670.05,minimum_balance,minimum_balance|consistency
2020-09-28 00:00:00,8,2020-04,570.05,0.0,25670.05,minimum_balance,minimum_balance|consistency
2020-09-28 00:00:00,9,2020-05,570.05,0.0,25670.05,minimum_balance,minimum_balance|consistency
2020-09-28 00:00:00,10,2020-06,453.75,0.0,25553.75,minimum_balance,minimum_balance|consistency
2020-09-28 00:00:00,11,2020-07,344.0,0.0,25444.0,minimum_balance,minimum_balance|consistency
2020-09-28 00:00:00,12,2020-08,498.2,0.0,25598.2,minimum_balance,minimum_balance|consistency
2020-10-05 00:00:00,7,2020-03,153.7,0.0,25253.7,minimum_balance,minimum_balance|consistency
2020-10-05 00:00:00,8,2020-04,153.7,0.0,25253.7,minimum_balance,minimum_balance|consistency
2020-10-05 00:00:00,9,2020-05,153.7,0.0,25253.7,minimum_balance,minimum_balance|consistency
2020-10-05 00:00:00,10,2020-06,37.4,0.0,25137.4,minimum_balance,minimum_balance|consistency
2020-10-05 00:00:00,12,2020-08,81.85,0.0,25181.85,minimum_balance,minimum_balance|consistency
2020-11-02 00:00:00,14,2020-10,33.25,0.0,25133.25,minimum_balance,minimum_balance|consistency
2020-11-02 00:00:00,15,2020-10,674.3,0.0,25774.3,minimum_balance,minimum_balance|consistency
2020-11-02 00:00:00,16,2020-10,889.25,0.0,25989.25,minimum_balance,minimum_balance|consistency
2020-11-02 00:00:00,17,2020-10,889.25,0.0,25989.25,minimum_balance,minimum_balance|consistency
2020-11-02 00:00:00,18,2020-10,889.25,0.0,25989.25,minimum_balance,minimum_balance|consistency
2020-11-02 00:00:00,19,2020-10,889.25,0.0,25989.25,minimum_balance,minimum_balance|consistency
2020-11-02 00:00:00,20,2020-10,889.25,0.0,25989.25,minimum_balance,minimum_balance|consistency
2020-11-02 00:00:00,21,2020-10,889.25,0.0,25989.25,minimum_balance,minimum_balance|consistency
2020-11-09 00:00:00,14,2020-10,751.7,0.0,25851.7,minimum_balance,minimum_balance|consistency
2020-11-09 00:00:00,15,2020-10,1392.75,0.0,26492.75,minimum_balance,minimum_balance|consistency
2020-11-16 00:00:00,14,2020-10,974.95,0.0,26074.95,minimum_balance,minimum_balance|consistency
2020-11-16 00:00:00,16,2020-10,1223.25,0.0,26323.25,minimum_balance,minimum_balance|trading_days|profitable_days
2020-11-16 00:00:00,17,2020-10,1223.25,0.0,26323.25,minimum_balance,minimum_balance|trading_days|profitable_days
2020-11-16 00:00:00,18,2020-10,1223.25,0.0,26323.25,minimum_balance,minimum_balance|trading_days|profitable_days
2020-11-16 00:00:00,19,2020-10,1223.25,0.0,26323.25,minimum_balance,minimum_balance|trading_days|profitable_days
2020-11-16 00:00:00,20,2020-10,1223.25,0.0,26323.25,minimum_balance,minimum_balance|trading_days|profitable_days
2020-11-16 00:00:00,21,2020-10,1223.25,0.0,26323.25,minimum_balance,minimum_balance|trading_days|profitable_days
2020-11-23 00:00:00,14,2020-10,717.0,0.0,25817.0,minimum_balance,minimum_balance|consistency
2020-11-23 00:00:00,15,2020-10,742.05,0.0,25842.05,minimum_balance,minimum_balance|trading_days|profitable_days
2020-11-23 00:00:00,16,2020-10,965.3,0.0,26065.3,minimum_balance,minimum_balance|consistency
2020-11-23 00:00:00,17,2020-10,965.3,0.0,26065.3,minimum_balance,minimum_balance|consistency
2020-11-23 00:00:00,18,2020-10,965.3,0.0,26065.3,minimum_balance,minimum_balance|consistency
2020-11-23 00:00:00,19,2020-10,965.3,0.0,26065.3,minimum_balance,minimum_balance|consistency
2020-11-23 00:00:00,20,2020-10,965.3,0.0,26065.3,minimum_balance,minimum_balance|consistency
2020-11-23 00:00:00,21,2020-10,965.3,0.0,26065.3,minimum_balance,minimum_balance|consistency
2020-11-30 00:00:00,14,2020-10,635.3,0.0,25735.3,minimum_balance,minimum_balance|consistency
2020-11-30 00:00:00,15,2020-10,660.35,0.0,25760.35,minimum_balance,minimum_balance|profitable_days
2020-11-30 00:00:00,16,2020-10,883.6,0.0,25983.6,minimum_balance,minimum_balance|consistency
2020-11-30 00:00:00,17,2020-10,883.6,0.0,25983.6,minimum_balance,minimum_balance|consistency
2020-11-30 00:00:00,18,2020-10,883.6,0.0,25983.6,minimum_balance,minimum_balance|consistency
2020-11-30 00:00:00,19,2020-10,883.6,0.0,25983.6,minimum_balance,minimum_balance|consistency
2020-11-30 00:00:00,20,2020-10,883.6,0.0,25983.6,minimum_balance,minimum_balance|consistency
2020-11-30 00:00:00,21,2020-10,883.6,0.0,25983.6,minimum_balance,minimum_balance|consistency
2020-12-07 00:00:00,14,2020-10,665.75,0.0,25765.75,minimum_balance,minimum_balance|consistency
2020-12-07 00:00:00,15,2020-10,690.8,0.0,25790.8,minimum_balance,minimum_balance
2020-12-07 00:00:00,16,2020-10,914.05,0.0,26014.05,minimum_balance,minimum_balance|consistency
2020-12-07 00:00:00,17,2020-10,914.05,0.0,26014.05,minimum_balance,minimum_balance|consistency
2020-12-07 00:00:00,18,2020-10,914.05,0.0,26014.05,minimum_balance,minimum_balance|consistency
2020-12-07 00:00:00,19,2020-10,914.05,0.0,26014.05,minimum_balance,minimum_balance|consistency
2020-12-07 00:00:00,20,2020-10,914.05,0.0,26014.05,minimum_balance,minimum_balance|consistency
2020-12-07 00:00:00,21,2020-10,914.05,0.0,26014.05,minimum_balance,minimum_balance|consistency
2020-12-07 00:00:00,22,2020-11,532.5,0.0,25632.5,minimum_balance,minimum_balance|consistency
2020-12-14 00:00:00,14,2020-10,668.25,0.0,25768.25,minimum_balance,minimum_balance|consistency
2020-12-14 00:00:00,15,2020-10,693.3,0.0,25793.3,minimum_balance,minimum_balance
2020-12-14 00:00:00,16,2020-10,916.55,0.0,26016.55,minimum_balance,minimum_balance|consistency
2020-12-14 00:00:00,17,2020-10,916.55,0.0,26016.55,minimum_balance,minimum_balance|consistency
2020-12-14 00:00:00,18,2020-10,916.55,0.0,26016.55,minimum_balance,minimum_balance|consistency
2020-12-14 00:00:00,19,2020-10,916.55,0.0,26016.55,minimum_balance,minimum_balance|consistency
2020-12-14 00:00:00,20,2020-10,916.55,0.0,26016.55,minimum_balance,minimum_balance|consistency
2020-12-14 00:00:00,21,2020-10,916.55,0.0,26016.55,minimum_balance,minimum_balance|consistency
2020-12-14 00:00:00,22,2020-11,535.0,0.0,25635.0,minimum_balance,minimum_balance|consistency
2020-12-21 00:00:00,14,2020-10,881.85,0.0,25981.85,minimum_balance,minimum_balance|consistency
2020-12-21 00:00:00,15,2020-10,906.9,0.0,26006.9,minimum_balance,minimum_balance
2020-12-21 00:00:00,16,2020-10,1130.15,0.0,26230.15,minimum_balance,minimum_balance
2020-12-21 00:00:00,17,2020-10,1130.15,0.0,26230.15,minimum_balance,minimum_balance
2020-12-21 00:00:00,18,2020-10,1130.15,0.0,26230.15,minimum_balance,minimum_balance
2020-12-21 00:00:00,19,2020-10,1130.15,0.0,26230.15,minimum_balance,minimum_balance
2020-12-21 00:00:00,20,2020-10,1130.15,0.0,26230.15,minimum_balance,minimum_balance
2020-12-21 00:00:00,21,2020-10,1130.15,0.0,26230.15,minimum_balance,minimum_balance
2020-12-21 00:00:00,22,2020-11,748.6,0.0,25848.6,minimum_balance,minimum_balance|consistency
2020-12-28 00:00:00,14,2020-10,851.85,0.0,25951.85,minimum_balance,minimum_balance|consistency
2020-12-28 00:00:00,15,2020-10,876.9,0.0,25976.9,minimum_balance,minimum_balance
2020-12-28 00:00:00,16,2020-10,1100.15,0.0,26200.15,minimum_balance,minimum_balance|consistency
2020-12-28 00:00:00,17,2020-10,1100.15,0.0,26200.15,minimum_balance,minimum_balance|consistency
2020-12-28 00:00:00,18,2020-10,1100.15,0.0,26200.15,minimum_balance,minimum_balance|consistency
2020-12-28 00:00:00,19,2020-10,1100.15,0.0,26200.15,minimum_balance,minimum_balance|consistency
2020-12-28 00:00:00,20,2020-10,1100.15,0.0,26200.15,minimum_balance,minimum_balance|consistency
2020-12-28 00:00:00,21,2020-10,1100.15,0.0,26200.15,minimum_balance,minimum_balance|consistency
2020-12-28 00:00:00,22,2020-11,718.6,0.0,25818.6,minimum_balance,minimum_balance|consistency
2021-01-04 00:00:00,14,2020-10,745.15,0.0,25845.15,minimum_balance,minimum_balance|consistency
2021-01-04 00:00:00,15,2020-10,770.2,0.0,25870.2,minimum_balance,minimum_balance
2021-01-04 00:00:00,16,2020-10,993.45,0.0,26093.45,minimum_balance,minimum_balance|consistency
2021-01-04 00:00:00,17,2020-10,993.45,0.0,26093.45,minimum_balance,minimum_balance|consistency
2021-01-04 00:00:00,18,2020-10,993.45,0.0,26093.45,minimum_balance,minimum_balance|consistency
2021-01-04 00:00:00,19,2020-10,993.45,0.0,26093.45,minimum_balance,minimum_balance|consistency
2021-01-04 00:00:00,20,2020-10,993.45,0.0,26093.45,minimum_balance,minimum_balance|consistency
2021-01-04 00:00:00,21,2020-10,993.45,0.0,26093.45,minimum_balance,minimum_balance|consistency
2021-01-04 00:00:00,22,2020-11,611.9,0.0,25711.9,minimum_balance,minimum_balance|consistency
2021-01-11 00:00:00,22,2020-11,1467.0,0.0,26567.0,minimum_balance,minimum_balance|consistency
2021-01-11 00:00:00,23,2020-12,739.25,0.0,25839.25,minimum_balance,minimum_balance|consistency
2021-01-18 00:00:00,14,2020-10,364.2,0.0,25464.2,minimum_balance,minimum_balance|trading_days|profitable_days
2021-01-18 00:00:00,15,2020-10,364.2,0.0,25464.2,minimum_balance,minimum_balance|trading_days|profitable_days
2021-01-18 00:00:00,16,2020-10,364.2,0.0,25464.2,minimum_balance,minimum_balance|trading_days|profitable_days
2021-01-18 00:00:00,17,2020-10,364.2,0.0,25464.2,minimum_balance,minimum_balance|trading_days|profitable_days
2021-01-18 00:00:00,18,2020-10,364.2,0.0,25464.2,minimum_balance,minimum_balance|trading_days|profitable_days
2021-01-18 00:00:00,19,2020-10,364.2,0.0,25464.2,minimum_balance,minimum_balance|trading_days|profitable_days
2021-01-18 00:00:00,20,2020-10,364.2,0.0,25464.2,minimum_balance,minimum_balance|trading_days|profitable_days
2021-01-18 00:00:00,21,2020-10,364.2,0.0,25464.2,minimum_balance,minimum_balance|trading_days|profitable_days
2021-01-18 00:00:00,22,2020-11,831.2,0.0,25931.2,minimum_balance,minimum_balance|consistency
2021-01-18 00:00:00,23,2020-12,103.45,0.0,25203.45,minimum_balance,minimum_balance|consistency
2021-01-25 00:00:00,14,2020-10,444.65,0.0,25544.65,minimum_balance,minimum_balance|profitable_days
2021-01-25 00:00:00,15,2020-10,444.65,0.0,25544.65,minimum_balance,minimum_balance|profitable_days
2021-01-25 00:00:00,16,2020-10,444.65,0.0,25544.65,minimum_balance,minimum_balance|profitable_days
2021-01-25 00:00:00,17,2020-10,444.65,0.0,25544.65,minimum_balance,minimum_balance|profitable_days
2021-01-25 00:00:00,18,2020-10,444.65,0.0,25544.65,minimum_balance,minimum_balance|profitable_days
2021-01-25 00:00:00,19,2020-10,444.65,0.0,25544.65,minimum_balance,minimum_balance|profitable_days
2021-01-25 00:00:00,20,2020-10,444.65,0.0,25544.65,minimum_balance,minimum_balance|profitable_days
2021-01-25 00:00:00,21,2020-10,444.65,0.0,25544.65,minimum_balance,minimum_balance|profitable_days
2021-01-25 00:00:00,22,2020-11,911.65,0.0,26011.65,minimum_balance,minimum_balance|consistency
2021-01-25 00:00:00,23,2020-12,183.9,0.0,25283.9,minimum_balance,minimum_balance|consistency
2021-02-01 00:00:00,22,2020-11,203.95,0.0,25303.95,minimum_balance,minimum_balance|consistency
2021-02-08 00:00:00,22,2020-11,520.35,0.0,25620.35,minimum_balance,minimum_balance|consistency
2021-02-08 00:00:00,25,2021-01,216.4,0.0,25316.4,minimum_balance,minimum_balance|trading_days|profitable_days|consistency
2021-02-08 00:00:00,26,2021-01,216.4,0.0,25316.4,minimum_balance,minimum_balance|trading_days|profitable_days|consistency
2021-02-08 00:00:00,27,2021-01,216.4,0.0,25316.4,minimum_balance,minimum_balance|trading_days|profitable_days|consistency
2021-02-08 00:00:00,28,2021-01,216.4,0.0,25316.4,minimum_balance,minimum_balance|trading_days|profitable_days|consistency
2021-02-08 00:00:00,29,2021-01,216.4,0.0,25316.4,minimum_balance,minimum_balance|trading_days|profitable_days|consistency
2021-02-08 00:00:00,30,2021-01,216.4,0.0,25316.4,minimum_balance,minimum_balance|trading_days|profitable_days|consistency
2021-02-08 00:00:00,31,2021-01,216.4,0.0,25316.4,minimum_balance,minimum_balance|trading_days|profitable_days|consistency
2021-02-08 00:00:00,32,2021-01,216.4,0.0,25316.4,minimum_balance,minimum_balance|trading_days|profitable_days|consistency
2021-02-15 00:00:00,22,2020-11,543.45,0.0,25643.45,minimum_balance,minimum_balance|consistency
2021-02-15 00:00:00,25,2021-01,239.5,0.0,25339.5,minimum_balance,minimum_balance|profitable_days|consistency
2021-02-15 00:00:00,26,2021-01,239.5,0.0,25339.5,minimum_balance,minimum_balance|profitable_days|consistency
2021-02-15 00:00:00,27,2021-01,239.5,0.0,25339.5,minimum_balance,minimum_balance|profitable_days|consistency
2021-02-15 00:00:00,28,2021-01,239.5,0.0,25339.5,minimum_balance,minimum_balance|profitable_days|consistency
2021-02-15 00:00:00,29,2021-01,239.5,0.0,25339.5,minimum_balance,minimum_balance|profitable_days|consistency
2021-02-15 00:00:00,30,2021-01,239.5,0.0,25339.5,minimum_balance,minimum_balance|profitable_days|consistency
2021-02-15 00:00:00,31,2021-01,239.5,0.0,25339.5,minimum_balance,minimum_balance|profitable_days|consistency
2021-02-15 00:00:00,32,2021-01,239.5,0.0,25339.5,minimum_balance,minimum_balance|profitable_days|consistency
2021-02-22 00:00:00,22,2020-11,194.05,0.0,25294.05,minimum_balance,minimum_balance|consistency
2021-04-05 00:00:00,37,2021-03,331.95,0.0,25431.95,minimum_balance,minimum_balance|consistency
2021-04-05 00:00:00,38,2021-03,764.95,0.0,25864.95,minimum_balance,minimum_balance|consistency
2021-04-05 00:00:00,39,2021-03,764.95,0.0,25864.95,minimum_balance,minimum_balance|consistency
2021-04-05 00:00:00,40,2021-03,764.95,0.0,25864.95,minimum_balance,minimum_balance|consistency
2021-04-05 00:00:00,41,2021-03,764.95,0.0,25864.95,minimum_balance,minimum_balance|consistency
2021-04-05 00:00:00,42,2021-03,764.95,0.0,25864.95,minimum_balance,minimum_balance|consistency
2021-04-05 00:00:00,43,2021-03,764.95,0.0,25864.95,minimum_balance,minimum_balance|consistency
2021-04-05 00:00:00,44,2021-03,764.95,0.0,25864.95,minimum_balance,minimum_balance|consistency
2021-04-05 00:00:00,45,2021-03,764.95,0.0,25864.95,minimum_balance,minimum_balance|consistency
2021-04-05 00:00:00,46,2021-03,764.95,0.0,25864.95,minimum_balance,minimum_balance|consistency
2021-04-05 00:00:00,47,2021-03,828.2,0.0,25928.2,minimum_balance,minimum_balance|consistency
2021-04-05 00:00:00,48,2021-03,828.2,0.0,25928.2,minimum_balance,minimum_balance|consistency
2021-04-05 00:00:00,49,2021-03,828.2,0.0,25928.2,minimum_balance,minimum_balance|consistency
2021-04-12 00:00:00,37,2021-03,387.65,0.0,25487.65,minimum_balance,minimum_balance|consistency
2021-04-12 00:00:00,38,2021-03,820.65,0.0,25920.65,minimum_balance,minimum_balance|consistency
2021-04-12 00:00:00,39,2021-03,820.65,0.0,25920.65,minimum_balance,minimum_balance|consistency
2021-04-12 00:00:00,40,2021-03,820.65,0.0,25920.65,minimum_balance,minimum_balance|consistency
2021-04-12 00:00:00,41,2021-03,820.65,0.0,25920.65,minimum_balance,minimum_balance|consistency
2021-04-12 00:00:00,42,2021-03,820.65,0.0,25920.65,minimum_balance,minimum_balance|consistency
2021-04-12 00:00:00,43,2021-03,820.65,0.0,25920.65,minimum_balance,minimum_balance|consistency
2021-04-12 00:00:00,44,2021-03,820.65,0.0,25920.65,minimum_balance,minimum_balance|consistency
2021-04-12 00:00:00,45,2021-03,820.65,0.0,25920.65,minimum_balance,minimum_balance|consistency
2021-04-12 00:00:00,46,2021-03,820.65,0.0,25920.65,minimum_balance,minimum_balance|consistency
2021-04-12 00:00:00,47,2021-03,883.9,0.0,25983.9,minimum_balance,minimum_balance|consistency
2021-04-12 00:00:00,48,2021-03,883.9,0.0,25983.9,minimum_balance,minimum_balance|consistency
2021-04-12 00:00:00,49,2021-03,883.9,0.0,25983.9,minimum_balance,minimum_balance|consistency
2021-04-19 00:00:00,37,2021-03,849.3,0.0,25949.3,minimum_balance,minimum_balance|consistency
2021-04-19 00:00:00,38,2021-03,1282.3,0.0,26382.3,minimum_balance,minimum_balance|consistency
2021-04-19 00:00:00,39,2021-03,1282.3,0.0,26382.3,minimum_balance,minimum_balance|consistency
2021-04-19 00:00:00,40,2021-03,1282.3,0.0,26382.3,minimum_balance,minimum_balance|consistency
2021-04-19 00:00:00,41,2021-03,1282.3,0.0,26382.3,minimum_balance,minimum_balance|consistency
2021-04-19 00:00:00,42,2021-03,1282.3,0.0,26382.3,minimum_balance,minimum_balance|consistency
2021-04-19 00:00:00,43,2021-03,1282.3,0.0,26382.3,minimum_balance,minimum_balance|consistency
2021-04-19 00:00:00,44,2021-03,1282.3,0.0,26382.3,minimum_balance,minimum_balance|consistency
2021-04-19 00:00:00,45,2021-03,1282.3,0.0,26382.3,minimum_balance,minimum_balance|consistency
2021-04-19 00:00:00,46,2021-03,1282.3,0.0,26382.3,minimum_balance,minimum_balance|consistency
2021-04-19 00:00:00,47,2021-03,1345.55,0.0,26445.55,minimum_balance,minimum_balance|consistency
2021-04-19 00:00:00,48,2021-03,1345.55,0.0,26445.55,minimum_balance,minimum_balance|consistency
2021-04-19 00:00:00,49,2021-03,1345.55,0.0,26445.55,minimum_balance,minimum_balance|consistency
2021-04-26 00:00:00,37,2021-03,449.45,0.0,25549.45,minimum_balance,minimum_balance|consistency
2021-04-26 00:00:00,38,2021-03,882.45,0.0,25982.45,minimum_balance,minimum_balance|consistency
2021-04-26 00:00:00,39,2021-03,882.45,0.0,25982.45,minimum_balance,minimum_balance|consistency
2021-04-26 00:00:00,40,2021-03,882.45,0.0,25982.45,minimum_balance,minimum_balance|consistency
2021-04-26 00:00:00,41,2021-03,882.45,0.0,25982.45,minimum_balance,minimum_balance|consistency
2021-04-26 00:00:00,42,2021-03,882.45,0.0,25982.45,minimum_balance,minimum_balance|consistency
2021-04-26 00:00:00,43,2021-03,882.45,0.0,25982.45,minimum_balance,minimum_balance|consistency
2021-04-26 00:00:00,44,2021-03,882.45,0.0,25982.45,minimum_balance,minimum_balance|consistency
2021-04-26 00:00:00,45,2021-03,882.45,0.0,25982.45,minimum_balance,minimum_balance|consistency
2021-04-26 00:00:00,46,2021-03,882.45,0.0,25982.45,minimum_balance,minimum_balance|consistency
2021-04-26 00:00:00,47,2021-03,945.7,0.0,26045.7,minimum_balance,minimum_balance|consistency
2021-04-26 00:00:00,48,2021-03,945.7,0.0,26045.7,minimum_balance,minimum_balance|consistency
2021-04-26 00:00:00,49,2021-03,945.7,0.0,26045.7,minimum_balance,minimum_balance|consistency
2021-05-03 00:00:00,37,2021-03,357.8,0.0,25457.8,minimum_balance,minimum_balance|consistency
2021-05-03 00:00:00,38,2021-03,790.8,0.0,25890.8,minimum_balance,minimum_balance|consistency
2021-05-03 00:00:00,39,2021-03,790.8,0.0,25890.8,minimum_balance,minimum_balance|consistency
2021-05-03 00:00:00,40,2021-03,790.8,0.0,25890.8,minimum_balance,minimum_balance|consistency
2021-05-03 00:00:00,41,2021-03,790.8,0.0,25890.8,minimum_balance,minimum_balance|consistency
2021-05-03 00:00:00,42,2021-03,790.8,0.0,25890.8,minimum_balance,minimum_balance|consistency
2021-05-03 00:00:00,43,2021-03,790.8,0.0,25890.8,minimum_balance,minimum_balance|consistency
2021-05-03 00:00:00,44,2021-03,790.8,0.0,25890.8,minimum_balance,minimum_balance|consistency
2021-05-03 00:00:00,45,2021-03,790.8,0.0,25890.8,minimum_balance,minimum_balance|consistency
2021-05-03 00:00:00,46,2021-03,790.8,0.0,25890.8,minimum_balance,minimum_balance|consistency
2021-05-03 00:00:00,47,2021-03,854.05,0.0,25954.05,minimum_balance,minimum_balance|consistency
2021-05-03 00:00:00,48,2021-03,854.05,0.0,25954.05,minimum_balance,minimum_balance|consistency
2021-05-03 00:00:00,49,2021-03,854.05,0.0,25954.05,minimum_balance,minimum_balance|consistency
2021-05-10 00:00:00,37,2021-03,179.0,0.0,25279.0,minimum_balance,minimum_balance|consistency
2021-05-10 00:00:00,38,2021-03,612.0,0.0,25712.0,minimum_balance,minimum_balance|consistency
2021-05-10 00:00:00,39,2021-03,612.0,0.0,25712.0,minimum_balance,minimum_balance|consistency
2021-05-10 00:00:00,40,2021-03,612.0,0.0,25712.0,minimum_balance,minimum_balance|consistency
2021-05-10 00:00:00,41,2021-03,612.0,0.0,25712.0,minimum_balance,minimum_balance|consistency
2021-05-10 00:00:00,42,2021-03,612.0,0.0,25712.0,minimum_balance,minimum_balance|consistency
2021-05-10 00:00:00,43,2021-03,612.0,0.0,25712.0,minimum_balance,minimum_balance|consistency
2021-05-10 00:00:00,44,2021-03,612.0,0.0,25712.0,minimum_balance,minimum_balance|consistency
2021-05-10 00:00:00,45,2021-03,612.0,0.0,25712.0,minimum_balance,minimum_balance|consistency
2021-05-10 00:00:00,46,2021-03,612.0,0.0,25712.0,minimum_balance,minimum_balance|consistency
2021-05-10 00:00:00,47,2021-03,675.25,0.0,25775.25,minimum_balance,minimum_balance|consistency
2021-05-10 00:00:00,48,2021-03,675.25,0.0,25775.25,minimum_balance,minimum_balance|consistency
2021-05-10 00:00:00,49,2021-03,675.25,0.0,25775.25,minimum_balance,minimum_balance|consistency
2021-05-17 00:00:00,38,2021-03,258.45,0.0,25358.45,minimum_balance,minimum_balance|consistency
2021-05-17 00:00:00,39,2021-03,258.45,0.0,25358.45,minimum_balance,minimum_balance|consistency
2021-05-17 00:00:00,40,2021-03,258.45,0.0,25358.45,minimum_balance,minimum_balance|consistency
2021-05-17 00:00:00,41,2021-03,258.45,0.0,25358.45,minimum_balance,minimum_balance|consistency
2021-05-17 00:00:00,42,2021-03,258.45,0.0,25358.45,minimum_balance,minimum_balance|consistency
2021-05-17 00:00:00,43,2021-03,258.45,0.0,25358.45,minimum_balance,minimum_balance|consistency
2021-05-17 00:00:00,44,2021-03,258.45,0.0,25358.45,minimum_balance,minimum_balance|consistency
2021-05-17 00:00:00,45,2021-03,258.45,0.0,25358.45,minimum_balance,minimum_balance|consistency
2021-05-17 00:00:00,46,2021-03,258.45,0.0,25358.45,minimum_balance,minimum_balance|consistency
2021-05-17 00:00:00,47,2021-03,321.7,0.0,25421.7,minimum_balance,minimum_balance|consistency
2021-05-17 00:00:00,48,2021-03,321.7,0.0,25421.7,minimum_balance,minimum_balance|consistency
2021-05-17 00:00:00,49,2021-03,321.7,0.0,25421.7,minimum_balance,minimum_balance|consistency
2021-07-12 00:00:00,66,2021-06,44.7,0.0,25144.7,minimum_balance,minimum_balance|consistency
2021-07-12 00:00:00,67,2021-06,187.9,0.0,25287.9,minimum_balance,minimum_balance|consistency
2021-07-26 00:00:00,66,2021-06,132.05,0.0,25232.05,minimum_balance,minimum_balance|consistency
2021-07-26 00:00:00,67,2021-06,275.25,0.0,25375.25,minimum_balance,minimum_balance|consistency
2021-08-02 00:00:00,67,2021-06,39.1,0.0,25139.1,minimum_balance,minimum_balance|consistency
2021-08-02 00:00:00,68,2021-07,290.95,0.0,25390.95,minimum_balance,minimum_balance|consistency
2021-08-09 00:00:00,68,2021-07,160.35,0.0,25260.35,minimum_balance,minimum_balance|consistency
2021-08-16 00:00:00,67,2021-06,129.6,0.0,25229.6,minimum_balance,minimum_balance|consistency
2021-08-16 00:00:00,68,2021-07,381.45,0.0,25481.45,minimum_balance,minimum_balance|consistency
2021-08-23 00:00:00,68,2021-07,223.15,0.0,25323.15,minimum_balance,minimum_balance|consistency
2021-08-30 00:00:00,67,2021-06,20.6,0.0,25120.6,minimum_balance,minimum_balance|consistency
2021-08-30 00:00:00,68,2021-07,272.45,0.0,25372.45,minimum_balance,minimum_balance|consistency
2021-09-06 00:00:00,66,2021-06,251.85,0.0,25351.85,minimum_balance,minimum_balance|consistency
2021-09-06 00:00:00,67,2021-06,395.05,0.0,25495.05,minimum_balance,minimum_balance|consistency
2021-09-06 00:00:00,68,2021-07,646.9,0.0,25746.9,minimum_balance,minimum_balance|consistency
2021-09-06 00:00:00,69,2021-08,255.95,0.0,25355.95,minimum_balance,minimum_balance|consistency
2021-09-13 00:00:00,52,2021-05,98.45,0.0,25198.45,minimum_balance,minimum_balance|consistency
2021-09-13 00:00:00,53,2021-05,98.45,0.0,25198.45,minimum_balance,minimum_balance|consistency
2021-09-13 00:00:00,54,2021-05,98.45,0.0,25198.45,minimum_balance,minimum_balance|consistency
2021-09-13 00:00:00,55,2021-05,98.45,0.0,25198.45,minimum_balance,minimum_balance|consistency
2021-09-13 00:00:00,56,2021-05,98.45,0.0,25198.45,minimum_balance,minimum_balance|consistency
2021-09-13 00:00:00,57,2021-05,98.45,0.0,25198.45,minimum_balance,minimum_balance|consistency
2021-09-13 00:00:00,58,2021-05,98.45,0.0,25198.45,minimum_balance,minimum_balance|consistency
2021-09-13 00:00:00,59,2021-05,98.45,0.0,25198.45,minimum_balance,minimum_balance|consistency
2021-09-13 00:00:00,60,2021-05,98.45,0.0,25198.45,minimum_balance,minimum_balance|consistency
2021-09-13 00:00:00,61,2021-05,98.45,0.0,25198.45,minimum_balance,minimum_balance|consistency
2021-09-13 00:00:00,62,2021-05,98.45,0.0,25198.45,minimum_balance,minimum_balance|consistency
2021-09-13 00:00:00,63,2021-05,98.45,0.0,25198.45,minimum_balance,minimum_balance|consistency
2021-09-13 00:00:00,64,2021-05,98.45,0.0,25198.45,minimum_balance,minimum_balance|consistency
2021-09-13 00:00:00,65,2021-05,98.45,0.0,25198.45,minimum_balance,minimum_balance|consistency
2021-09-13 00:00:00,66,2021-06,501.7,0.0,25601.7,minimum_balance,minimum_balance|consistency
2021-09-13 00:00:00,67,2021-06,644.9,0.0,25744.9,minimum_balance,minimum_balance|consistency
2021-09-13 00:00:00,68,2021-07,896.75,0.0,25996.75,minimum_balance,minimum_balance
2021-09-13 00:00:00,69,2021-08,505.8,0.0,25605.8,minimum_balance,minimum_balance|consistency
2021-09-20 00:00:00,66,2021-06,306.25,0.0,25406.25,minimum_balance,minimum_balance|consistency
2021-09-20 00:00:00,67,2021-06,449.45,0.0,25549.45,minimum_balance,minimum_balance|consistency
2021-09-20 00:00:00,68,2021-07,701.3,0.0,25801.3,minimum_balance,minimum_balance|consistency
2021-09-20 00:00:00,69,2021-08,310.35,0.0,25410.35,minimum_balance,minimum_balance|consistency
2021-09-27 00:00:00,52,2021-05,167.3,0.0,25267.3,minimum_balance,minimum_balance|consistency
2021-09-27 00:00:00,53,2021-05,167.3,0.0,25267.3,minimum_balance,minimum_balance|consistency
2021-09-27 00:00:00,54,2021-05,167.3,0.0,25267.3,minimum_balance,minimum_balance|consistency
2021-09-27 00:00:00,55,2021-05,167.3,0.0,25267.3,minimum_balance,minimum_balance|consistency
2021-09-27 00:00:00,56,2021-05,167.3,0.0,25267.3,minimum_balance,minimum_balance|consistency
2021-09-27 00:00:00,57,2021-05,167.3,0.0,25267.3,minimum_balance,minimum_balance|consistency
2021-09-27 00:00:00,58,2021-05,167.3,0.0,25267.3,minimum_balance,minimum_balance|consistency
2021-09-27 00:00:00,59,2021-05,167.3,0.0,25267.3,minimum_balance,minimum_balance|consistency
2021-09-27 00:00:00,60,2021-05,167.3,0.0,25267.3,minimum_balance,minimum_balance|consistency
2021-09-27 00:00:00,61,2021-05,167.3,0.0,25267.3,minimum_balance,minimum_balance|consistency
2021-09-27 00:00:00,62,2021-05,167.3,0.0,25267.3,minimum_balance,minimum_balance|consistency
2021-09-27 00:00:00,63,2021-05,167.3,0.0,25267.3,minimum_balance,minimum_balance|consistency
2021-09-27 00:00:00,64,2021-05,167.3,0.0,25267.3,minimum_balance,minimum_balance|consistency
2021-09-27 00:00:00,65,2021-05,167.3,0.0,25267.3,minimum_balance,minimum_balance|consistency
2021-09-27 00:00:00,66,2021-06,570.55,0.0,25670.55,minimum_balance,minimum_balance|consistency
2021-09-27 00:00:00,67,2021-06,713.75,0.0,25813.75,minimum_balance,minimum_balance|consistency
2021-09-27 00:00:00,68,2021-07,965.6,0.0,26065.6,minimum_balance,minimum_balance
2021-09-27 00:00:00,69,2021-08,574.65,0.0,25674.65,minimum_balance,minimum_balance|consistency
2021-10-04 00:00:00,66,2021-06,26.65,0.0,25126.65,minimum_balance,minimum_balance|consistency
2021-10-04 00:00:00,67,2021-06,169.85,0.0,25269.85,minimum_balance,minimum_balance|consistency
2021-10-04 00:00:00,68,2021-07,421.7,0.0,25521.7,minimum_balance,minimum_balance|consistency
2021-10-04 00:00:00,69,2021-08,30.75,0.0,25130.75,minimum_balance,minimum_balance|consistency
2021-10-11 00:00:00,66,2021-06,387.9,0.0,25487.9,minimum_balance,minimum_balance|consistency
2021-10-11 00:00:00,67,2021-06,531.1,0.0,25631.1,minimum_balance,minimum_balance|consistency
2021-10-11 00:00:00,68,2021-07,782.95,0.0,25882.95,minimum_balance,minimum_balance|consistency
2021-10-11 00:00:00,69,2021-08,392.0,0.0,25492.0,minimum_balance,minimum_balance|consistency
2021-10-11 00:00:00,70,2021-09,189.4,0.0,25289.4,minimum_balance,minimum_balance|consistency
2021-10-18 00:00:00,52,2021-05,657.4,0.0,25757.4,minimum_balance,minimum_balance|consistency
2021-10-18 00:00:00,53,2021-05,657.4,0.0,25757.4,minimum_balance,minimum_balance|consistency
2021-10-18 00:00:00,54,2021-05,657.4,0.0,25757.4,minimum_balance,minimum_balance|consistency
2021-10-18 00:00:00,55,2021-05,657.4,0.0,25757.4,minimum_balance,minimum_balance|consistency
2021-10-18 00:00:00,56,2021-05,657.4,0.0,25757.4,minimum_balance,minimum_balance|consistency
2021-10-18 00:00:00,57,2021-05,657.4,0.0,25757.4,minimum_balance,minimum_balance|consistency
2021-10-18 00:00:00,58,2021-05,657.4,0.0,25757.4,minimum_balance,minimum_balance|consistency
2021-10-18 00:00:00,59,2021-05,657.4,0.0,25757.4,minimum_balance,minimum_balance|consistency
2021-10-18 00:00:00,60,2021-05,657.4,0.0,25757.4,minimum_balance,minimum_balance|consistency
2021-10-18 00:00:00,61,2021-05,657.4,0.0,25757.4,minimum_balance,minimum_balance|consistency
2021-10-18 00:00:00,62,2021-05,657.4,0.0,25757.4,minimum_balance,minimum_balance|consistency
2021-10-18 00:00:00,63,2021-05,657.4,0.0,25757.4,minimum_balance,minimum_balance|consistency
2021-10-18 00:00:00,64,2021-05,657.4,0.0,25757.4,minimum_balance,minimum_balance|consistency
2021-10-18 00:00:00,65,2021-05,657.4,0.0,25757.4,minimum_balance,minimum_balance|consistency
2021-10-18 00:00:00,66,2021-06,1060.65,0.0,26160.65,minimum_balance,minimum_balance
2021-10-18 00:00:00,67,2021-06,1203.85,0.0,26303.85,minimum_balance,minimum_balance
2021-10-18 00:00:00,68,2021-07,1455.7,0.0,26555.7,minimum_balance,minimum_balance
2021-10-18 00:00:00,69,2021-08,1064.75,0.0,26164.75,minimum_balance,minimum_balance
2021-10-18 00:00:00,70,2021-09,862.15,0.0,25962.15,minimum_balance,minimum_balance
2021-10-25 00:00:00,52,2021-05,788.85,0.0,25888.85,minimum_balance,minimum_balance|consistency
2021-10-25 00:00:00,53,2021-05,788.85,0.0,25888.85,minimum_balance,minimum_balance|consistency
2021-10-25 00:00:00,54,2021-05,788.85,0.0,25888.85,minimum_balance,minimum_balance|consistency
2021-10-25 00:00:00,55,2021-05,788.85,0.0,25888.85,minimum_balance,minimum_balance|consistency
2021-10-25 00:00:00,56,2021-05,788.85,0.0,25888.85,minimum_balance,minimum_balance|consistency
2021-10-25 00:00:00,57,2021-05,788.85,0.0,25888.85,minimum_balance,minimum_balance|consistency
2021-10-25 00:00:00,58,2021-05,788.85,0.0,25888.85,minimum_balance,minimum_balance|consistency
2021-10-25 00:00:00,59,2021-05,788.85,0.0,25888.85,minimum_balance,minimum_balance|consistency
2021-10-25 00:00:00,60,2021-05,788.85,0.0,25888.85,minimum_balance,minimum_balance|consistency
2021-10-25 00:00:00,61,2021-05,788.85,0.0,25888.85,minimum_balance,minimum_balance|consistency
2021-10-25 00:00:00,62,2021-05,788.85,0.0,25888.85,minimum_balance,minimum_balance|consistency
2021-10-25 00:00:00,63,2021-05,788.85,0.0,25888.85,minimum_balance,minimum_balance|consistency
2021-10-25 00:00:00,64,2021-05,788.85,0.0,25888.85,minimum_balance,minimum_balance|consistency
2021-10-25 00:00:00,65,2021-05,788.85,0.0,25888.85,minimum_balance,minimum_balance|consistency
2021-10-25 00:00:00,66,2021-06,1192.1,0.0,26292.1,minimum_balance,minimum_balance
2021-10-25 00:00:00,67,2021-06,1335.3,0.0,26435.3,minimum_balance,minimum_balance
2021-10-25 00:00:00,69,2021-08,1196.2,0.0,26296.2,minimum_balance,minimum_balance
2021-10-25 00:00:00,70,2021-09,993.6,0.0,26093.6,minimum_balance,minimum_balance
2021-11-01 00:00:00,52,2021-05,1143.0,0.0,26243.0,minimum_balance,minimum_balance
2021-11-01 00:00:00,53,2021-05,1143.0,0.0,26243.0,minimum_balance,minimum_balance
2021-11-01 00:00:00,54,2021-05,1143.0,0.0,26243.0,minimum_balance,minimum_balance
2021-11-01 00:00:00,55,2021-05,1143.0,0.0,26243.0,minimum_balance,minimum_balance
2021-11-01 00:00:00,56,2021-05,1143.0,0.0,26243.0,minimum_balance,minimum_balance
2021-11-01 00:00:00,57,2021-05,1143.0,0.0,26243.0,minimum_balance,minimum_balance
2021-11-01 00:00:00,58,2021-05,1143.0,0.0,26243.0,minimum_balance,minimum_balance
2021-11-01 00:00:00,59,2021-05,1143.0,0.0,26243.0,minimum_balance,minimum_balance
2021-11-01 00:00:00,60,2021-05,1143.0,0.0,26243.0,minimum_balance,minimum_balance
2021-11-01 00:00:00,61,2021-05,1143.0,0.0,26243.0,minimum_balance,minimum_balance
2021-11-01 00:00:00,62,2021-05,1143.0,0.0,26243.0,minimum_balance,minimum_balance
2021-11-01 00:00:00,63,2021-05,1143.0,0.0,26243.0,minimum_balance,minimum_balance
2021-11-01 00:00:00,64,2021-05,1143.0,0.0,26243.0,minimum_balance,minimum_balance
2021-11-01 00:00:00,65,2021-05,1143.0,0.0,26243.0,minimum_balance,minimum_balance
2021-11-01 00:00:00,68,2021-07,1354.15,0.0,26454.15,minimum_balance,minimum_balance|trading_days|profitable_days
2021-11-01 00:00:00,70,2021-09,1347.75,0.0,26447.75,minimum_balance,minimum_balance
2021-11-08 00:00:00,66,2021-06,1628.95,0.0,26728.95,trading_days,trading_days|profitable_days
2021-11-08 00:00:00,67,2021-06,1628.95,0.0,26728.95,trading_days,trading_days|profitable_days
2021-11-08 00:00:00,69,2021-08,1628.95,0.0,26728.95,trading_days,trading_days|profitable_days
2021-11-08 00:00:00,71,2021-10,1628.95,0.0,26728.95,trading_days,trading_days|profitable_days
2021-11-15 00:00:00,52,2021-05,583.4,0.0,25683.4,minimum_balance,minimum_balance|trading_days|profitable_days
2021-11-15 00:00:00,53,2021-05,583.4,0.0,25683.4,minimum_balance,minimum_balance|trading_days|profitable_days
2021-11-15 00:00:00,54,2021-05,583.4,0.0,25683.4,minimum_balance,minimum_balance|trading_days|profitable_days
2021-11-15 00:00:00,55,2021-05,583.4,0.0,25683.4,minimum_balance,minimum_balance|trading_days|profitable_days
2021-11-15 00:00:00,56,2021-05,583.4,0.0,25683.4,minimum_balance,minimum_balance|trading_days|profitable_days
2021-11-15 00:00:00,57,2021-05,583.4,0.0,25683.4,minimum_balance,minimum_balance|trading_days|profitable_days
2021-11-15 00:00:00,58,2021-05,583.4,0.0,25683.4,minimum_balance,minimum_balance|trading_days|profitable_days
2021-11-15 00:00:00,59,2021-05,583.4,0.0,25683.4,minimum_balance,minimum_balance|trading_days|profitable_days
2021-11-15 00:00:00,60,2021-05,583.4,0.0,25683.4,minimum_balance,minimum_balance|trading_days|profitable_days
2021-11-15 00:00:00,61,2021-05,583.4,0.0,25683.4,minimum_balance,minimum_balance|trading_days|profitable_days
2021-11-15 00:00:00,62,2021-05,583.4,0.0,25683.4,minimum_balance,minimum_balance|trading_days|profitable_days
2021-11-15 00:00:00,63,2021-05,583.4,0.0,25683.4,minimum_balance,minimum_balance|trading_days|profitable_days
2021-11-15 00:00:00,64,2021-05,583.4,0.0,25683.4,minimum_balance,minimum_balance|trading_days|profitable_days
2021-11-15 00:00:00,65,2021-05,583.4,0.0,25683.4,minimum_balance,minimum_balance|trading_days|profitable_days
2021-11-15 00:00:00,66,2021-06,1212.35,0.0,26312.35,minimum_balance,minimum_balance
2021-11-15 00:00:00,67,2021-06,1212.35,0.0,26312.35,minimum_balance,minimum_balance
2021-11-15 00:00:00,68,2021-07,583.4,0.0,25683.4,minimum_balance,minimum_balance|trading_days|profitable_days
2021-11-15 00:00:00,69,2021-08,1212.35,0.0,26312.35,minimum_balance,minimum_balance
2021-11-15 00:00:00,70,2021-09,583.4,0.0,25683.4,minimum_balance,minimum_balance|trading_days|profitable_days
2021-11-15 00:00:00,71,2021-10,1212.35,0.0,26312.35,minimum_balance,minimum_balance
2021-11-22 00:00:00,52,2021-05,698.4,0.0,25798.4,minimum_balance,minimum_balance|profitable_days
2021-11-22 00:00:00,53,2021-05,698.4,0.0,25798.4,minimum_balance,minimum_balance|profitable_days
2021-11-22 00:00:00,54,2021-05,698.4,0.0,25798.4,minimum_balance,minimum_balance|profitable_days
2021-11-22 00:00:00,55,2021-05,698.4,0.0,25798.4,minimum_balance,minimum_balance|profitable_days
2021-11-22 00:00:00,56,2021-05,698.4,0.0,25798.4,minimum_balance,minimum_balance|profitable_days
2021-11-22 00:00:00,57,2021-05,698.4,0.0,25798.4,minimum_balance,minimum_balance|profitable_days
2021-11-22 00:00:00,58,2021-05,698.4,0.0,25798.4,minimum_balance,minimum_balance|profitable_days
2021-11-22 00:00:00,59,2021-05,698.4,0.0,25798.4,minimum_balance,minimum_balance|profitable_days
2021-11-22 00:00:00,60,2021-05,698.4,0.0,25798.4,minimum_balance,minimum_balance|profitable_days
2021-11-22 00:00:00,61,2021-05,698.4,0.0,25798.4,minimum_balance,minimum_balance|profitable_days
2021-11-22 00:00:00,62,2021-05,698.4,0.0,25798.4,minimum_balance,minimum_balance|profitable_days
2021-11-22 00:00:00,63,2021-05,698.4,0.0,25798.4,minimum_balance,minimum_balance|profitable_days
2021-11-22 00:00:00,64,2021-05,698.4,0.0,25798.4,minimum_balance,minimum_balance|profitable_days
2021-11-22 00:00:00,65,2021-05,698.4,0.0,25798.4,minimum_balance,minimum_balance|profitable_days
2021-11-22 00:00:00,66,2021-06,1327.35,0.0,26427.35,minimum_balance,minimum_balance
2021-11-22 00:00:00,67,2021-06,1327.35,0.0,26427.35,minimum_balance,minimum_balance
2021-11-22 00:00:00,68,2021-07,698.4,0.0,25798.4,minimum_balance,minimum_balance|profitable_days
2021-11-22 00:00:00,69,2021-08,1327.35,0.0,26427.35,minimum_balance,minimum_balance
2021-11-22 00:00:00,70,2021-09,698.4,0.0,25798.4,minimum_balance,minimum_balance|profitable_days
2021-11-22 00:00:00,71,2021-10,1327.35,0.0,26427.35,minimum_balance,minimum_balance
2021-11-29 00:00:00,52,2021-05,414.9,0.0,25514.9,minimum_balance,minimum_balance
2021-11-29 00:00:00,53,2021-05,414.9,0.0,25514.9,minimum_balance,minimum_balance
2021-11-29 00:00:00,54,2021-05,414.9,0.0,25514.9,minimum_balance,minimum_balance
2021-11-29 00:00:00,55,2021-05,414.9,0.0,25514.9,minimum_balance,minimum_balance
2021-11-29 00:00:00,56,2021-05,414.9,0.0,25514.9,minimum_balance,minimum_balance
2021-11-29 00:00:00,57,2021-05,414.9,0.0,25514.9,minimum_balance,minimum_balance
2021-11-29 00:00:00,58,2021-05,414.9,0.0,25514.9,minimum_balance,minimum_balance
2021-11-29 00:00:00,59,2021-05,414.9,0.0,25514.9,minimum_balance,minimum_balance
2021-11-29 00:00:00,60,2021-05,414.9,0.0,25514.9,minimum_balance,minimum_balance
2021-11-29 00:00:00,61,2021-05,414.9,0.0,25514.9,minimum_balance,minimum_balance
2021-11-29 00:00:00,62,2021-05,414.9,0.0,25514.9,minimum_balance,minimum_balance
2021-11-29 00:00:00,63,2021-05,414.9,0.0,25514.9,minimum_balance,minimum_balance
2021-11-29 00:00:00,64,2021-05,414.9,0.0,25514.9,minimum_balance,minimum_balance
2021-11-29 00:00:00,65,2021-05,414.9,0.0,25514.9,minimum_balance,minimum_balance
2021-11-29 00:00:00,66,2021-06,1043.85,0.0,26143.85,minimum_balance,minimum_balance
2021-11-29 00:00:00,67,2021-06,1043.85,0.0,26143.85,minimum_balance,minimum_balance
2021-11-29 00:00:00,68,2021-07,414.9,0.0,25514.9,minimum_balance,minimum_balance
2021-11-29 00:00:00,69,2021-08,1043.85,0.0,26143.85,minimum_balance,minimum_balance
2021-11-29 00:00:00,70,2021-09,414.9,0.0,25514.9,minimum_balance,minimum_balance
2021-11-29 00:00:00,71,2021-10,1043.85,0.0,26143.85,minimum_balance,minimum_balance
2021-12-06 00:00:00,66,2021-06,415.45,0.0,25515.45,minimum_balance,minimum_balance|consistency
2021-12-06 00:00:00,67,2021-06,415.45,0.0,25515.45,minimum_balance,minimum_balance|consistency
2021-12-06 00:00:00,69,2021-08,415.45,0.0,25515.45,minimum_balance,minimum_balance|consistency
2021-12-06 00:00:00,71,2021-10,415.45,0.0,25515.45,minimum_balance,minimum_balance|consistency
2021-12-13 00:00:00,66,2021-06,931.0,0.0,26031.0,minimum_balance,minimum_balance|consistency
2021-12-13 00:00:00,67,2021-06,931.0,0.0,26031.0,minimum_balance,minimum_balance|consistency
2021-12-13 00:00:00,69,2021-08,931.0,0.0,26031.0,minimum_balance,minimum_balance|consistency
2021-12-13 00:00:00,71,2021-10,931.0,0.0,26031.0,minimum_balance,minimum_balance|consistency
2022-01-03 00:00:00,88,2021-12,140.2,0.0,25240.2,minimum_balance,minimum_balance|profitable_days|consistency
2022-01-03 00:00:00,89,2021-12,140.2,0.0,25240.2,minimum_balance,minimum_balance|profitable_days|consistency
2022-01-03 00:00:00,90,2021-12,140.2,0.0,25240.2,minimum_balance,minimum_balance|profitable_days|consistency
2022-01-03 00:00:00,91,2021-12,140.2,0.0,25240.2,minimum_balance,minimum_balance|profitable_days|consistency
2022-02-07 00:00:00,92,2022-01,1430.95,0.0,26530.95,minimum_balance,minimum_balance|consistency
2022-02-07 00:00:00,93,2022-01,1430.95,0.0,26530.95,minimum_balance,minimum_balance|consistency
2022-02-07 00:00:00,94,2022-01,1430.95,0.0,26530.95,minimum_balance,minimum_balance|consistency
2022-02-07 00:00:00,95,2022-01,1430.95,0.0,26530.95,minimum_balance,minimum_balance|consistency
2022-02-07 00:00:00,96,2022-01,1430.95,0.0,26530.95,minimum_balance,minimum_balance|consistency
2022-02-07 00:00:00,97,2022-01,1430.95,0.0,26530.95,minimum_balance,minimum_balance|consistency
2022-02-07 00:00:00,98,2022-01,1430.95,0.0,26530.95,minimum_balance,minimum_balance|consistency
2022-02-07 00:00:00,99,2022-01,1430.95,0.0,26530.95,minimum_balance,minimum_balance|consistency
2022-02-07 00:00:00,100,2022-01,1430.95,0.0,26530.95,minimum_balance,minimum_balance|consistency
2022-02-07 00:00:00,101,2022-01,1430.95,0.0,26530.95,minimum_balance,minimum_balance|consistency
2022-02-07 00:00:00,102,2022-01,1430.95,0.0,26530.95,minimum_balance,minimum_balance|consistency
2022-02-07 00:00:00,103,2022-01,1430.95,0.0,26530.95,minimum_balance,minimum_balance|consistency
2022-02-07 00:00:00,104,2022-01,1430.95,0.0,26530.95,minimum_balance,minimum_balance|consistency
2022-02-07 00:00:00,105,2022-01,1430.95,0.0,26530.95,minimum_balance,minimum_balance|consistency
2022-02-07 00:00:00,106,2022-01,1430.95,0.0,26530.95,minimum_balance,minimum_balance|consistency
2022-02-07 00:00:00,107,2022-01,1430.95,0.0,26530.95,minimum_balance,minimum_balance|consistency
2022-02-07 00:00:00,108,2022-01,1187.75,0.0,26287.75,minimum_balance,minimum_balance|consistency
2022-02-07 00:00:00,109,2022-01,1187.75,0.0,26287.75,minimum_balance,minimum_balance|consistency
2022-02-07 00:00:00,110,2022-01,1187.75,0.0,26287.75,minimum_balance,minimum_balance|consistency
2022-02-07 00:00:00,111,2022-01,1187.75,0.0,26287.75,minimum_balance,minimum_balance|consistency
2022-02-14 00:00:00,92,2022-01,1766.7,0.0,26866.7,consistency,consistency
2022-02-14 00:00:00,93,2022-01,1766.7,0.0,26866.7,consistency,consistency
2022-02-14 00:00:00,94,2022-01,1766.7,0.0,26866.7,consistency,consistency
2022-02-14 00:00:00,95,2022-01,1766.7,0.0,26866.7,consistency,consistency
2022-02-14 00:00:00,96,2022-01,1766.7,0.0,26866.7,consistency,consistency
2022-02-14 00:00:00,97,2022-01,1766.7,0.0,26866.7,consistency,consistency
2022-02-14 00:00:00,98,2022-01,1766.7,0.0,26866.7,consistency,consistency
2022-02-14 00:00:00,99,2022-01,1766.7,0.0,26866.7,consistency,consistency
2022-02-14 00:00:00,100,2022-01,1766.7,0.0,26866.7,consistency,consistency
2022-02-14 00:00:00,101,2022-01,1766.7,0.0,26866.7,consistency,consistency
2022-02-14 00:00:00,102,2022-01,1766.7,0.0,26866.7,consistency,consistency
2022-02-14 00:00:00,103,2022-01,1766.7,0.0,26866.7,consistency,consistency
2022-02-14 00:00:00,104,2022-01,1766.7,0.0,26866.7,consistency,consistency
2022-02-14 00:00:00,105,2022-01,1766.7,0.0,26866.7,consistency,consistency
2022-02-14 00:00:00,106,2022-01,1766.7,0.0,26866.7,consistency,consistency
2022-02-14 00:00:00,107,2022-01,1766.7,0.0,26866.7,consistency,consistency
2022-02-14 00:00:00,108,2022-01,1523.5,0.0,26623.5,consistency,consistency
2022-02-14 00:00:00,109,2022-01,1523.5,0.0,26623.5,consistency,consistency
2022-02-14 00:00:00,110,2022-01,1523.5,0.0,26623.5,consistency,consistency
2022-02-14 00:00:00,111,2022-01,1523.5,0.0,26623.5,consistency,consistency
2022-02-21 00:00:00,92,2022-01,2217.9,0.0,27317.9,consistency,consistency
2022-02-21 00:00:00,93,2022-01,2217.9,0.0,27317.9,consistency,consistency
2022-02-21 00:00:00,94,2022-01,2217.9,0.0,27317.9,consistency,consistency
2022-02-21 00:00:00,95,2022-01,2217.9,0.0,27317.9,consistency,consistency
2022-02-21 00:00:00,96,2022-01,2217.9,0.0,27317.9,consistency,consistency
2022-02-21 00:00:00,97,2022-01,2217.9,0.0,27317.9,consistency,consistency
2022-02-21 00:00:00,98,2022-01,2217.9,0.0,27317.9,consistency,consistency
2022-02-21 00:00:00,99,2022-01,2217.9,0.0,27317.9,consistency,consistency
2022-02-21 00:00:00,100,2022-01,2217.9,0.0,27317.9,consistency,consistency
2022-02-21 00:00:00,101,2022-01,2217.9,0.0,27317.9,consistency,consistency
2022-02-21 00:00:00,102,2022-01,2217.9,0.0,27317.9,consistency,consistency
2022-02-21 00:00:00,103,2022-01,2217.9,0.0,27317.9,consistency,consistency
2022-02-21 00:00:00,104,2022-01,2217.9,0.0,27317.9,consistency,consistency
2022-02-21 00:00:00,105,2022-01,2217.9,0.0,27317.9,consistency,consistency
2022-02-21 00:00:00,106,2022-01,2217.9,0.0,27317.9,consistency,consistency
2022-02-21 00:00:00,107,2022-01,2217.9,0.0,27317.9,consistency,consistency
2022-02-21 00:00:00,108,2022-01,1974.7,0.0,27074.7,consistency,consistency
2022-02-21 00:00:00,109,2022-01,1974.7,0.0,27074.7,consistency,consistency
2022-02-21 00:00:00,110,2022-01,1974.7,0.0,27074.7,consistency,consistency
2022-02-21 00:00:00,111,2022-01,1974.7,0.0,27074.7,consistency,consistency
2022-03-07 00:00:00,92,2022-01,1184.25,0.0,26284.25,minimum_balance,minimum_balance|trading_days|profitable_days
2022-03-07 00:00:00,93,2022-01,1184.25,0.0,26284.25,minimum_balance,minimum_balance|trading_days|profitable_days
2022-03-07 00:00:00,94,2022-01,1184.25,0.0,26284.25,minimum_balance,minimum_balance|trading_days|profitable_days
2022-03-07 00:00:00,95,2022-01,1184.25,0.0,26284.25,minimum_balance,minimum_balance|trading_days|profitable_days
2022-03-07 00:00:00,96,2022-01,1184.25,0.0,26284.25,minimum_balance,minimum_balance|trading_days|profitable_days
2022-03-07 00:00:00,97,2022-01,1184.25,0.0,26284.25,minimum_balance,minimum_balance|trading_days|profitable_days
2022-03-07 00:00:00,98,2022-01,1184.25,0.0,26284.25,minimum_balance,minimum_balance|trading_days|profitable_days
2022-03-07 00:00:00,99,2022-01,1184.25,0.0,26284.25,minimum_balance,minimum_balance|trading_days|profitable_days
2022-03-07 00:00:00,100,2022-01,1184.25,0.0,26284.25,minimum_balance,minimum_balance|trading_days|profitable_days
2022-03-07 00:00:00,101,2022-01,1184.25,0.0,26284.25,minimum_balance,minimum_balance|trading_days|profitable_days
2022-03-07 00:00:00,102,2022-01,1184.25,0.0,26284.25,minimum_balance,minimum_balance|trading_days|profitable_days
2022-03-07 00:00:00,103,2022-01,1184.25,0.0,26284.25,minimum_balance,minimum_balance|trading_days|profitable_days
2022-03-07 00:00:00,104,2022-01,1184.25,0.0,26284.25,minimum_balance,minimum_balance|trading_days|profitable_days
2022-03-07 00:00:00,105,2022-01,1184.25,0.0,26284.25,minimum_balance,minimum_balance|trading_days|profitable_days
2022-03-07 00:00:00,106,2022-01,1184.25,0.0,26284.25,minimum_balance,minimum_balance|trading_days|profitable_days
2022-03-07 00:00:00,107,2022-01,1184.25,0.0,26284.25,minimum_balance,minimum_balance|trading_days|profitable_days
2022-03-07 00:00:00,108,2022-01,941.05,0.0,26041.05,minimum_balance,minimum_balance|trading_days|profitable_days
2022-03-07 00:00:00,109,2022-01,941.05,0.0,26041.05,minimum_balance,minimum_balance|trading_days|profitable_days
2022-03-07 00:00:00,110,2022-01,941.05,0.0,26041.05,minimum_balance,minimum_balance|trading_days|profitable_days
2022-03-07 00:00:00,111,2022-01,941.05,0.0,26041.05,minimum_balance,minimum_balance|trading_days|profitable_days
2022-03-14 00:00:00,92,2022-01,1200.55,0.0,26300.55,minimum_balance,minimum_balance|profitable_days|consistency
2022-03-14 00:00:00,93,2022-01,1200.55,0.0,26300.55,minimum_balance,minimum_balance|profitable_days|consistency
2022-03-14 00:00:00,94,2022-01,1200.55,0.0,26300.55,minimum_balance,minimum_balance|profitable_days|consistency
2022-03-14 00:00:00,95,2022-01,1200.55,0.0,26300.55,minimum_balance,minimum_balance|profitable_days|consistency
2022-03-14 00:00:00,96,2022-01,1200.55,0.0,26300.55,minimum_balance,minimum_balance|profitable_days|consistency
2022-03-14 00:00:00,97,2022-01,1200.55,0.0,26300.55,minimum_balance,minimum_balance|profitable_days|consistency
2022-03-14 00:00:00,98,2022-01,1200.55,0.0,26300.55,minimum_balance,minimum_balance|profitable_days|consistency
2022-03-14 00:00:00,99,2022-01,1200.55,0.0,26300.55,minimum_balance,minimum_balance|profitable_days|consistency
2022-03-14 00:00:00,100,2022-01,1200.55,0.0,26300.55,minimum_balance,minimum_balance|profitable_days|consistency
2022-03-14 00:00:00,101,2022-01,1200.55,0.0,26300.55,minimum_balance,minimum_balance|profitable_days|consistency
2022-03-14 00:00:00,102,2022-01,1200.55,0.0,26300.55,minimum_balance,minimum_balance|profitable_days|consistency
2022-03-14 00:00:00,103,2022-01,1200.55,0.0,26300.55,minimum_balance,minimum_balance|profitable_days|consistency
2022-03-14 00:00:00,104,2022-01,1200.55,0.0,26300.55,minimum_balance,minimum_balance|profitable_days|consistency
2022-03-14 00:00:00,105,2022-01,1200.55,0.0,26300.55,minimum_balance,minimum_balance|profitable_days|consistency
2022-03-14 00:00:00,106,2022-01,1200.55,0.0,26300.55,minimum_balance,minimum_balance|profitable_days|consistency
2022-03-14 00:00:00,107,2022-01,1200.55,0.0,26300.55,minimum_balance,minimum_balance|profitable_days|consistency
2022-03-14 00:00:00,108,2022-01,957.35,0.0,26057.35,minimum_balance,minimum_balance|profitable_days|consistency
2022-03-14 00:00:00,109,2022-01,957.35,0.0,26057.35,minimum_balance,minimum_balance|profitable_days|consistency
2022-03-14 00:00:00,110,2022-01,957.35,0.0,26057.35,minimum_balance,minimum_balance|profitable_days|consistency
2022-03-14 00:00:00,111,2022-01,957.35,0.0,26057.35,minimum_balance,minimum_balance|profitable_days|consistency
2022-03-21 00:00:00,92,2022-01,1336.1,0.0,26436.1,minimum_balance,minimum_balance|consistency
2022-03-21 00:00:00,93,2022-01,1336.1,0.0,26436.1,minimum_balance,minimum_balance|consistency
2022-03-21 00:00:00,94,2022-01,1336.1,0.0,26436.1,minimum_balance,minimum_balance|consistency
2022-03-21 00:00:00,95,2022-01,1336.1,0.0,26436.1,minimum_balance,minimum_balance|consistency
2022-03-21 00:00:00,96,2022-01,1336.1,0.0,26436.1,minimum_balance,minimum_balance|consistency
2022-03-21 00:00:00,97,2022-01,1336.1,0.0,26436.1,minimum_balance,minimum_balance|consistency
2022-03-21 00:00:00,98,2022-01,1336.1,0.0,26436.1,minimum_balance,minimum_balance|consistency
2022-03-21 00:00:00,99,2022-01,1336.1,0.0,26436.1,minimum_balance,minimum_balance|consistency
2022-03-21 00:00:00,100,2022-01,1336.1,0.0,26436.1,minimum_balance,minimum_balance|consistency
2022-03-21 00:00:00,101,2022-01,1336.1,0.0,26436.1,minimum_balance,minimum_balance|consistency
2022-03-21 00:00:00,102,2022-01,1336.1,0.0,26436.1,minimum_balance,minimum_balance|consistency
2022-03-21 00:00:00,103,2022-01,1336.1,0.0,26436.1,minimum_balance,minimum_balance|consistency
2022-03-21 00:00:00,104,2022-01,1336.1,0.0,26436.1,minimum_balance,minimum_balance|consistency
2022-03-21 00:00:00,105,2022-01,1336.1,0.0,26436.1,minimum_balance,minimum_balance|consistency
2022-03-21 00:00:00,106,2022-01,1336.1,0.0,26436.1,minimum_balance,minimum_balance|consistency
2022-03-21 00:00:00,107,2022-01,1336.1,0.0,26436.1,minimum_balance,minimum_balance|consistency
2022-03-21 00:00:00,108,2022-01,1092.9,0.0,26192.9,minimum_balance,minimum_balance|consistency
2022-03-21 00:00:00,109,2022-01,1092.9,0.0,26192.9,minimum_balance,minimum_balance|consistency
2022-03-21 00:00:00,110,2022-01,1092.9,0.0,26192.9,minimum_balance,minimum_balance|consistency
2022-03-21 00:00:00,111,2022-01,1092.9,0.0,26192.9,minimum_balance,minimum_balance|consistency
2022-03-28 00:00:00,92,2022-01,1239.8,0.0,26339.8,minimum_balance,minimum_balance|consistency
2022-03-28 00:00:00,93,2022-01,1239.8,0.0,26339.8,minimum_balance,minimum_balance|consistency
2022-03-28 00:00:00,94,2022-01,1239.8,0.0,26339.8,minimum_balance,minimum_balance|consistency
2022-03-28 00:00:00,95,2022-01,1239.8,0.0,26339.8,minimum_balance,minimum_balance|consistency
2022-03-28 00:00:00,96,2022-01,1239.8,0.0,26339.8,minimum_balance,minimum_balance|consistency
2022-03-28 00:00:00,97,2022-01,1239.8,0.0,26339.8,minimum_balance,minimum_balance|consistency
2022-03-28 00:00:00,98,2022-01,1239.8,0.0,26339.8,minimum_balance,minimum_balance|consistency
2022-03-28 00:00:00,99,2022-01,1239.8,0.0,26339.8,minimum_balance,minimum_balance|consistency
2022-03-28 00:00:00,100,2022-01,1239.8,0.0,26339.8,minimum_balance,minimum_balance|consistency
2022-03-28 00:00:00,101,2022-01,1239.8,0.0,26339.8,minimum_balance,minimum_balance|consistency
2022-03-28 00:00:00,102,2022-01,1239.8,0.0,26339.8,minimum_balance,minimum_balance|consistency
2022-03-28 00:00:00,103,2022-01,1239.8,0.0,26339.8,minimum_balance,minimum_balance|consistency
2022-03-28 00:00:00,104,2022-01,1239.8,0.0,26339.8,minimum_balance,minimum_balance|consistency
2022-03-28 00:00:00,105,2022-01,1239.8,0.0,26339.8,minimum_balance,minimum_balance|consistency
2022-03-28 00:00:00,106,2022-01,1239.8,0.0,26339.8,minimum_balance,minimum_balance|consistency
2022-03-28 00:00:00,107,2022-01,1239.8,0.0,26339.8,minimum_balance,minimum_balance|consistency
2022-03-28 00:00:00,108,2022-01,996.6,0.0,26096.6,minimum_balance,minimum_balance|consistency
2022-03-28 00:00:00,109,2022-01,996.6,0.0,26096.6,minimum_balance,minimum_balance|consistency
2022-03-28 00:00:00,110,2022-01,996.6,0.0,26096.6,minimum_balance,minimum_balance|consistency
2022-03-28 00:00:00,111,2022-01,996.6,0.0,26096.6,minimum_balance,minimum_balance|consistency
2022-04-04 00:00:00,92,2022-01,1459.2,0.0,26559.2,minimum_balance,minimum_balance|consistency
2022-04-04 00:00:00,93,2022-01,1459.2,0.0,26559.2,minimum_balance,minimum_balance|consistency
2022-04-04 00:00:00,94,2022-01,1459.2,0.0,26559.2,minimum_balance,minimum_balance|consistency
2022-04-04 00:00:00,95,2022-01,1459.2,0.0,26559.2,minimum_balance,minimum_balance|consistency
2022-04-04 00:00:00,96,2022-01,1459.2,0.0,26559.2,minimum_balance,minimum_balance|consistency
2022-04-04 00:00:00,97,2022-01,1459.2,0.0,26559.2,minimum_balance,minimum_balance|consistency
2022-04-04 00:00:00,98,2022-01,1459.2,0.0,26559.2,minimum_balance,minimum_balance|consistency
2022-04-04 00:00:00,99,2022-01,1459.2,0.0,26559.2,minimum_balance,minimum_balance|consistency
2022-04-04 00:00:00,100,2022-01,1459.2,0.0,26559.2,minimum_balance,minimum_balance|consistency
2022-04-04 00:00:00,101,2022-01,1459.2,0.0,26559.2,minimum_balance,minimum_balance|consistency
2022-04-04 00:00:00,102,2022-01,1459.2,0.0,26559.2,minimum_balance,minimum_balance|consistency
2022-04-04 00:00:00,103,2022-01,1459.2,0.0,26559.2,minimum_balance,minimum_balance|consistency
2022-04-04 00:00:00,104,2022-01,1459.2,0.0,26559.2,minimum_balance,minimum_balance|consistency
2022-04-04 00:00:00,105,2022-01,1459.2,0.0,26559.2,minimum_balance,minimum_balance|consistency
2022-04-04 00:00:00,106,2022-01,1459.2,0.0,26559.2,minimum_balance,minimum_balance|consistency
2022-04-04 00:00:00,107,2022-01,1459.2,0.0,26559.2,minimum_balance,minimum_balance|consistency
2022-04-04 00:00:00,108,2022-01,1216.0,0.0,26316.0,minimum_balance,minimum_balance|consistency
2022-04-04 00:00:00,109,2022-01,1216.0,0.0,26316.0,minimum_balance,minimum_balance|consistency
2022-04-04 00:00:00,110,2022-01,1216.0,0.0,26316.0,minimum_balance,minimum_balance|consistency
2022-04-04 00:00:00,111,2022-01,1216.0,0.0,26316.0,minimum_balance,minimum_balance|consistency
2022-04-11 00:00:00,108,2022-01,1599.75,0.0,26699.75,consistency,consistency
2022-04-11 00:00:00,109,2022-01,1599.75,0.0,26699.75,consistency,consistency
2022-04-11 00:00:00,110,2022-01,1599.75,0.0,26699.75,consistency,consistency
2022-04-11 00:00:00,111,2022-01,1599.75,0.0,26699.75,consistency,consistency
2022-04-18 00:00:00,92,2022-01,1187.25,0.0,26287.25,minimum_balance,minimum_balance|trading_days|profitable_days
2022-04-18 00:00:00,93,2022-01,1187.25,0.0,26287.25,minimum_balance,minimum_balance|trading_days|profitable_days
2022-04-18 00:00:00,94,2022-01,1187.25,0.0,26287.25,minimum_balance,minimum_balance|trading_days|profitable_days
2022-04-18 00:00:00,95,2022-01,1187.25,0.0,26287.25,minimum_balance,minimum_balance|trading_days|profitable_days
2022-04-18 00:00:00,96,2022-01,1187.25,0.0,26287.25,minimum_balance,minimum_balance|trading_days|profitable_days
2022-04-18 00:00:00,97,2022-01,1187.25,0.0,26287.25,minimum_balance,minimum_balance|trading_days|profitable_days
2022-04-18 00:00:00,98,2022-01,1187.25,0.0,26287.25,minimum_balance,minimum_balance|trading_days|profitable_days
2022-04-18 00:00:00,99,2022-01,1187.25,0.0,26287.25,minimum_balance,minimum_balance|trading_days|profitable_days
2022-04-18 00:00:00,100,2022-01,1187.25,0.0,26287.25,minimum_balance,minimum_balance|trading_days|profitable_days
2022-04-18 00:00:00,101,2022-01,1187.25,0.0,26287.25,minimum_balance,minimum_balance|trading_days|profitable_days
2022-04-18 00:00:00,102,2022-01,1187.25,0.0,26287.25,minimum_balance,minimum_balance|trading_days|profitable_days
2022-04-18 00:00:00,103,2022-01,1187.25,0.0,26287.25,minimum_balance,minimum_balance|trading_days|profitable_days
2022-04-18 00:00:00,104,2022-01,1187.25,0.0,26287.25,minimum_balance,minimum_balance|trading_days|profitable_days
2022-04-18 00:00:00,105,2022-01,1187.25,0.0,26287.25,minimum_balance,minimum_balance|trading_days|profitable_days
2022-04-18 00:00:00,106,2022-01,1187.25,0.0,26287.25,minimum_balance,minimum_balance|trading_days|profitable_days
2022-04-18 00:00:00,107,2022-01,1187.25,0.0,26287.25,minimum_balance,minimum_balance|trading_days|profitable_days
2022-04-25 00:00:00,108,2022-01,1394.85,0.0,26494.85,minimum_balance,minimum_balance|trading_days|profitable_days
2022-04-25 00:00:00,109,2022-01,1394.85,0.0,26494.85,minimum_balance,minimum_balance|trading_days|profitable_days
2022-04-25 00:00:00,110,2022-01,1394.85,0.0,26494.85,minimum_balance,minimum_balance|trading_days|profitable_days
2022-04-25 00:00:00,111,2022-01,1394.85,0.0,26494.85,minimum_balance,minimum_balance|trading_days|profitable_days
2022-05-02 00:00:00,92,2022-01,211.5,0.0,25311.5,minimum_balance,minimum_balance|trading_days|profitable_days|consistency
2022-05-02 00:00:00,93,2022-01,211.5,0.0,25311.5,minimum_balance,minimum_balance|trading_days|profitable_days|consistency
2022-05-02 00:00:00,94,2022-01,211.5,0.0,25311.5,minimum_balance,minimum_balance|trading_days|profitable_days|consistency
2022-05-02 00:00:00,95,2022-01,211.5,0.0,25311.5,minimum_balance,minimum_balance|trading_days|profitable_days|consistency
2022-05-02 00:00:00,96,2022-01,211.5,0.0,25311.5,minimum_balance,minimum_balance|trading_days|profitable_days|consistency
2022-05-02 00:00:00,97,2022-01,211.5,0.0,25311.5,minimum_balance,minimum_balance|trading_days|profitable_days|consistency
2022-05-02 00:00:00,98,2022-01,211.5,0.0,25311.5,minimum_balance,minimum_balance|trading_days|profitable_days|consistency
2022-05-02 00:00:00,99,2022-01,211.5,0.0,25311.5,minimum_balance,minimum_balance|trading_days|profitable_days|consistency
2022-05-02 00:00:00,100,2022-01,211.5,0.0,25311.5,minimum_balance,minimum_balance|trading_days|profitable_days|consistency
2022-05-02 00:00:00,101,2022-01,211.5,0.0,25311.5,minimum_balance,minimum_balance|trading_days|profitable_days|consistency
2022-05-02 00:00:00,102,2022-01,211.5,0.0,25311.5,minimum_balance,minimum_balance|trading_days|profitable_days|consistency
2022-05-02 00:00:00,103,2022-01,211.5,0.0,25311.5,minimum_balance,minimum_balance|trading_days|profitable_days|consistency
2022-05-02 00:00:00,104,2022-01,211.5,0.0,25311.5,minimum_balance,minimum_balance|trading_days|profitable_days|consistency
2022-05-02 00:00:00,105,2022-01,211.5,0.0,25311.5,minimum_balance,minimum_balance|trading_days|profitable_days|consistency
2022-05-02 00:00:00,106,2022-01,211.5,0.0,25311.5,minimum_balance,minimum_balance|trading_days|profitable_days|consistency
2022-05-02 00:00:00,107,2022-01,211.5,0.0,25311.5,minimum_balance,minimum_balance|trading_days|profitable_days|consistency
2022-05-02 00:00:00,108,2022-01,606.35,0.0,25706.35,minimum_balance,minimum_balance|consistency
2022-05-02 00:00:00,109,2022-01,606.35,0.0,25706.35,minimum_balance,minimum_balance|consistency
2022-05-02 00:00:00,110,2022-01,606.35,0.0,25706.35,minimum_balance,minimum_balance|consistency
2022-05-02 00:00:00,111,2022-01,606.35,0.0,25706.35,minimum_balance,minimum_balance|consistency
2022-06-06 00:00:00,152,2022-05,807.2,0.0,25907.2,minimum_balance,minimum_balance|consistency
2022-06-06 00:00:00,153,2022-05,807.2,0.0,25907.2,minimum_balance,minimum_balance|consistency
2022-06-06 00:00:00,154,2022-05,807.2,0.0,25907.2,minimum_balance,minimum_balance|consistency
2022-06-06 00:00:00,155,2022-05,807.2,0.0,25907.2,minimum_balance,minimum_balance|consistency
2022-06-06 00:00:00,156,2022-05,807.2,0.0,25907.2,minimum_balance,minimum_balance|consistency
2022-06-06 00:00:00,157,2022-05,807.2,0.0,25907.2,minimum_balance,minimum_balance|consistency
2022-06-06 00:00:00,158,2022-05,807.2,0.0,25907.2,minimum_balance,minimum_balance|consistency
2022-06-06 00:00:00,159,2022-05,807.2,0.0,25907.2,minimum_balance,minimum_balance|consistency
2022-06-06 00:00:00,160,2022-05,807.2,0.0,25907.2,minimum_balance,minimum_balance|consistency
2022-06-06 00:00:00,161,2022-05,807.2,0.0,25907.2,minimum_balance,minimum_balance|consistency
2022-06-06 00:00:00,162,2022-05,807.2,0.0,25907.2,minimum_balance,minimum_balance|consistency
2022-06-06 00:00:00,163,2022-05,807.2,0.0,25907.2,minimum_balance,minimum_balance|consistency
2022-06-06 00:00:00,164,2022-05,807.2,0.0,25907.2,minimum_balance,minimum_balance|consistency
2022-06-06 00:00:00,165,2022-05,807.2,0.0,25907.2,minimum_balance,minimum_balance|consistency
2022-06-06 00:00:00,166,2022-05,807.2,0.0,25907.2,minimum_balance,minimum_balance|consistency
2022-06-06 00:00:00,167,2022-05,807.2,0.0,25907.2,minimum_balance,minimum_balance|consistency
2022-06-06 00:00:00,168,2022-05,807.2,0.0,25907.2,minimum_balance,minimum_balance|consistency
2022-06-06 00:00:00,169,2022-05,807.2,0.0,25907.2,minimum_balance,minimum_balance|consistency
2022-06-06 00:00:00,170,2022-05,807.2,0.0,25907.2,minimum_balance,minimum_balance|consistency
2022-06-06 00:00:00,171,2022-05,807.2,0.0,25907.2,minimum_balance,minimum_balance|consistency
2022-07-18 00:00:00,172,2022-06,2.5,0.0,25102.5,minimum_balance,minimum_balance|consistency
2022-07-18 00:00:00,173,2022-06,2.5,0.0,25102.5,minimum_balance,minimum_balance|consistency
2022-07-18 00:00:00,174,2022-06,2.5,0.0,25102.5,minimum_balance,minimum_balance|consistency
2022-07-18 00:00:00,175,2022-06,2.5,0.0,25102.5,minimum_balance,minimum_balance|consistency
2022-07-18 00:00:00,176,2022-06,2.5,0.0,25102.5,minimum_balance,minimum_balance|consistency
2022-07-18 00:00:00,177,2022-06,2.5,0.0,25102.5,minimum_balance,minimum_balance|consistency
2022-07-18 00:00:00,178,2022-06,2.5,0.0,25102.5,minimum_balance,minimum_balance|consistency
2022-07-18 00:00:00,179,2022-06,2.5,0.0,25102.5,minimum_balance,minimum_balance|consistency
2022-07-18 00:00:00,180,2022-06,2.5,0.0,25102.5,minimum_balance,minimum_balance|consistency
2022-07-18 00:00:00,181,2022-06,2.5,0.0,25102.5,minimum_balance,minimum_balance|consistency
2022-07-18 00:00:00,182,2022-06,2.5,0.0,25102.5,minimum_balance,minimum_balance|consistency
2022-07-18 00:00:00,183,2022-06,2.5,0.0,25102.5,minimum_balance,minimum_balance|consistency
2022-07-18 00:00:00,184,2022-06,2.5,0.0,25102.5,minimum_balance,minimum_balance|consistency
2022-07-18 00:00:00,185,2022-06,2.5,0.0,25102.5,minimum_balance,minimum_balance|consistency
2022-07-18 00:00:00,186,2022-06,2.5,0.0,25102.5,minimum_balance,minimum_balance|consistency
2022-07-18 00:00:00,187,2022-06,2.5,0.0,25102.5,minimum_balance,minimum_balance|consistency
2022-07-18 00:00:00,188,2022-06,2.5,0.0,25102.5,minimum_balance,minimum_balance|consistency
2022-07-18 00:00:00,189,2022-06,2.5,0.0,25102.5,minimum_balance,minimum_balance|consistency
2022-07-18 00:00:00,190,2022-06,2.5,0.0,25102.5,minimum_balance,minimum_balance|consistency
2022-07-18 00:00:00,191,2022-06,2.5,0.0,25102.5,minimum_balance,minimum_balance|consistency
2022-07-25 00:00:00,172,2022-06,346.95,0.0,25446.95,minimum_balance,minimum_balance|consistency
2022-07-25 00:00:00,173,2022-06,346.95,0.0,25446.95,minimum_balance,minimum_balance|consistency
2022-07-25 00:00:00,174,2022-06,346.95,0.0,25446.95,minimum_balance,minimum_balance|consistency
2022-07-25 00:00:00,175,2022-06,346.95,0.0,25446.95,minimum_balance,minimum_balance|consistency
2022-07-25 00:00:00,176,2022-06,346.95,0.0,25446.95,minimum_balance,minimum_balance|consistency
2022-07-25 00:00:00,177,2022-06,346.95,0.0,25446.95,minimum_balance,minimum_balance|consistency
2022-07-25 00:00:00,178,2022-06,346.95,0.0,25446.95,minimum_balance,minimum_balance|consistency
2022-07-25 00:00:00,179,2022-06,346.95,0.0,25446.95,minimum_balance,minimum_balance|consistency
2022-07-25 00:00:00,180,2022-06,346.95,0.0,25446.95,minimum_balance,minimum_balance|consistency
2022-07-25 00:00:00,181,2022-06,346.95,0.0,25446.95,minimum_balance,minimum_balance|consistency
2022-07-25 00:00:00,182,2022-06,346.95,0.0,25446.95,minimum_balance,minimum_balance|consistency
2022-07-25 00:00:00,183,2022-06,346.95,0.0,25446.95,minimum_balance,minimum_balance|consistency
2022-07-25 00:00:00,184,2022-06,346.95,0.0,25446.95,minimum_balance,minimum_balance|consistency
2022-07-25 00:00:00,185,2022-06,346.95,0.0,25446.95,minimum_balance,minimum_balance|consistency
2022-07-25 00:00:00,186,2022-06,346.95,0.0,25446.95,minimum_balance,minimum_balance|consistency
2022-07-25 00:00:00,187,2022-06,346.95,0.0,25446.95,minimum_balance,minimum_balance|consistency
2022-07-25 00:00:00,188,2022-06,346.95,0.0,25446.95,minimum_balance,minimum_balance|consistency
2022-07-25 00:00:00,189,2022-06,346.95,0.0,25446.95,minimum_balance,minimum_balance|consistency
2022-07-25 00:00:00,190,2022-06,346.95,0.0,25446.95,minimum_balance,minimum_balance|consistency
2022-07-25 00:00:00,191,2022-06,346.95,0.0,25446.95,minimum_balance,minimum_balance|consistency
2022-08-01 00:00:00,172,2022-06,989.35,0.0,26089.35,minimum_balance,minimum_balance|consistency
2022-08-01 00:00:00,173,2022-06,989.35,0.0,26089.35,minimum_balance,minimum_balance|consistency
2022-08-01 00:00:00,174,2022-06,989.35,0.0,26089.35,minimum_balance,minimum_balance|consistency
2022-08-01 00:00:00,175,2022-06,989.35,0.0,26089.35,minimum_balance,minimum_balance|consistency
2022-08-01 00:00:00,176,2022-06,989.35,0.0,26089.35,minimum_balance,minimum_balance|consistency
2022-08-01 00:00:00,177,2022-06,989.35,0.0,26089.35,minimum_balance,minimum_balance|consistency
2022-08-01 00:00:00,178,2022-06,989.35,0.0,26089.35,minimum_balance,minimum_balance|consistency
2022-08-01 00:00:00,179,2022-06,989.35,0.0,26089.35,minimum_balance,minimum_balance|consistency
2022-08-01 00:00:00,180,2022-06,989.35,0.0,26089.35,minimum_balance,minimum_balance|consistency
2022-08-01 00:00:00,181,2022-06,989.35,0.0,26089.35,minimum_balance,minimum_balance|consistency
2022-08-01 00:00:00,182,2022-06,989.35,0.0,26089.35,minimum_balance,minimum_balance|consistency
2022-08-01 00:00:00,183,2022-06,989.35,0.0,26089.35,minimum_balance,minimum_balance|consistency
2022-08-01 00:00:00,184,2022-06,989.35,0.0,26089.35,minimum_balance,minimum_balance|consistency
2022-08-01 00:00:00,185,2022-06,989.35,0.0,26089.35,minimum_balance,minimum_balance|consistency
2022-08-01 00:00:00,186,2022-06,989.35,0.0,26089.35,minimum_balance,minimum_balance|consistency
2022-08-01 00:00:00,187,2022-06,989.35,0.0,26089.35,minimum_balance,minimum_balance|consistency
2022-08-01 00:00:00,188,2022-06,989.35,0.0,26089.35,minimum_balance,minimum_balance|consistency
2022-08-01 00:00:00,189,2022-06,989.35,0.0,26089.35,minimum_balance,minimum_balance|consistency
2022-08-01 00:00:00,190,2022-06,989.35,0.0,26089.35,minimum_balance,minimum_balance|consistency
2022-08-01 00:00:00,191,2022-06,989.35,0.0,26089.35,minimum_balance,minimum_balance|consistency
2022-08-15 00:00:00,172,2022-06,1110.15,0.0,26210.15,minimum_balance,minimum_balance|trading_days|profitable_days
2022-08-15 00:00:00,173,2022-06,1110.15,0.0,26210.15,minimum_balance,minimum_balance|trading_days|profitable_days
2022-08-15 00:00:00,174,2022-06,1110.15,0.0,26210.15,minimum_balance,minimum_balance|trading_days|profitable_days
2022-08-15 00:00:00,175,2022-06,1110.15,0.0,26210.15,minimum_balance,minimum_balance|trading_days|profitable_days
2022-08-15 00:00:00,176,2022-06,1110.15,0.0,26210.15,minimum_balance,minimum_balance|trading_days|profitable_days
2022-08-15 00:00:00,177,2022-06,1110.15,0.0,26210.15,minimum_balance,minimum_balance|trading_days|profitable_days
2022-08-15 00:00:00,178,2022-06,1110.15,0.0,26210.15,minimum_balance,minimum_balance|trading_days|profitable_days
2022-08-15 00:00:00,179,2022-06,1110.15,0.0,26210.15,minimum_balance,minimum_balance|trading_days|profitable_days
2022-08-15 00:00:00,180,2022-06,1110.15,0.0,26210.15,minimum_balance,minimum_balance|trading_days|profitable_days
2022-08-15 00:00:00,181,2022-06,1110.15,0.0,26210.15,minimum_balance,minimum_balance|trading_days|profitable_days
2022-08-15 00:00:00,182,2022-06,1110.15,0.0,26210.15,minimum_balance,minimum_balance|trading_days|profitable_days
2022-08-15 00:00:00,183,2022-06,1110.15,0.0,26210.15,minimum_balance,minimum_balance|trading_days|profitable_days
2022-08-15 00:00:00,184,2022-06,1110.15,0.0,26210.15,minimum_balance,minimum_balance|trading_days|profitable_days
2022-08-15 00:00:00,185,2022-06,1110.15,0.0,26210.15,minimum_balance,minimum_balance|trading_days|profitable_days
2022-08-15 00:00:00,186,2022-06,1110.15,0.0,26210.15,minimum_balance,minimum_balance|trading_days|profitable_days
2022-08-15 00:00:00,187,2022-06,1110.15,0.0,26210.15,minimum_balance,minimum_balance|trading_days|profitable_days
2022-08-15 00:00:00,188,2022-06,1110.15,0.0,26210.15,minimum_balance,minimum_balance|trading_days|profitable_days
2022-08-15 00:00:00,189,2022-06,1110.15,0.0,26210.15,minimum_balance,minimum_balance|trading_days|profitable_days
2022-08-15 00:00:00,190,2022-06,1110.15,0.0,26210.15,minimum_balance,minimum_balance|trading_days|profitable_days
2022-08-15 00:00:00,191,2022-06,1110.15,0.0,26210.15,minimum_balance,minimum_balance|trading_days|profitable_days
2022-08-29 00:00:00,172,2022-06,836.6,0.0,25936.6,minimum_balance,minimum_balance|trading_days|profitable_days|consistency
2022-08-29 00:00:00,173,2022-06,836.6,0.0,25936.6,minimum_balance,minimum_balance|trading_days|profitable_days|consistency
2022-08-29 00:00:00,174,2022-06,836.6,0.0,25936.6,minimum_balance,minimum_balance|trading_days|profitable_days|consistency
2022-08-29 00:00:00,175,2022-06,836.6,0.0,25936.6,minimum_balance,minimum_balance|trading_days|profitable_days|consistency
2022-08-29 00:00:00,176,2022-06,836.6,0.0,25936.6,minimum_balance,minimum_balance|trading_days|profitable_days|consistency
2022-08-29 00:00:00,177,2022-06,836.6,0.0,25936.6,minimum_balance,minimum_balance|trading_days|profitable_days|consistency
2022-08-29 00:00:00,178,2022-06,836.6,0.0,25936.6,minimum_balance,minimum_balance|trading_days|profitable_days|consistency
2022-08-29 00:00:00,179,2022-06,836.6,0.0,25936.6,minimum_balance,minimum_balance|trading_days|profitable_days|consistency
2022-08-29 00:00:00,180,2022-06,836.6,0.0,25936.6,minimum_balance,minimum_balance|trading_days|profitable_days|consistency
2022-08-29 00:00:00,181,2022-06,836.6,0.0,25936.6,minimum_balance,minimum_balance|trading_days|profitable_days|consistency
2022-08-29 00:00:00,182,2022-06,836.6,0.0,25936.6,minimum_balance,minimum_balance|trading_days|profitable_days|consistency
2022-08-29 00:00:00,183,2022-06,836.6,0.0,25936.6,minimum_balance,minimum_balance|trading_days|profitable_days|consistency
2022-08-29 00:00:00,184,2022-06,836.6,0.0,25936.6,minimum_balance,minimum_balance|trading_days|profitable_days|consistency
2022-08-29 00:00:00,185,2022-06,836.6,0.0,25936.6,minimum_balance,minimum_balance|trading_days|profitable_days|consistency
2022-08-29 00:00:00,186,2022-06,836.6,0.0,25936.6,minimum_balance,minimum_balance|trading_days|profitable_days|consistency
2022-08-29 00:00:00,187,2022-06,836.6,0.0,25936.6,minimum_balance,minimum_balance|trading_days|profitable_days|consistency
2022-08-29 00:00:00,188,2022-06,836.6,0.0,25936.6,minimum_balance,minimum_balance|trading_days|profitable_days|consistency
2022-08-29 00:00:00,189,2022-06,836.6,0.0,25936.6,minimum_balance,minimum_balance|trading_days|profitable_days|consistency
2022-08-29 00:00:00,190,2022-06,836.6,0.0,25936.6,minimum_balance,minimum_balance|trading_days|profitable_days|consistency
2022-08-29 00:00:00,191,2022-06,836.6,0.0,25936.6,minimum_balance,minimum_balance|trading_days|profitable_days|consistency
2022-09-05 00:00:00,172,2022-06,200.2,0.0,25300.2,minimum_balance,minimum_balance|profitable_days|consistency
2022-09-05 00:00:00,173,2022-06,200.2,0.0,25300.2,minimum_balance,minimum_balance|profitable_days|consistency
2022-09-05 00:00:00,174,2022-06,200.2,0.0,25300.2,minimum_balance,minimum_balance|profitable_days|consistency
2022-09-05 00:00:00,175,2022-06,200.2,0.0,25300.2,minimum_balance,minimum_balance|profitable_days|consistency
2022-09-05 00:00:00,176,2022-06,200.2,0.0,25300.2,minimum_balance,minimum_balance|profitable_days|consistency
2022-09-05 00:00:00,177,2022-06,200.2,0.0,25300.2,minimum_balance,minimum_balance|profitable_days|consistency
2022-09-05 00:00:00,178,2022-06,200.2,0.0,25300.2,minimum_balance,minimum_balance|profitable_days|consistency
2022-09-05 00:00:00,179,2022-06,200.2,0.0,25300.2,minimum_balance,minimum_balance|profitable_days|consistency
2022-09-05 00:00:00,180,2022-06,200.2,0.0,25300.2,minimum_balance,minimum_balance|profitable_days|consistency
2022-09-05 00:00:00,181,2022-06,200.2,0.0,25300.2,minimum_balance,minimum_balance|profitable_days|consistency
2022-09-05 00:00:00,182,2022-06,200.2,0.0,25300.2,minimum_balance,minimum_balance|profitable_days|consistency
2022-09-05 00:00:00,183,2022-06,200.2,0.0,25300.2,minimum_balance,minimum_balance|profitable_days|consistency
2022-09-05 00:00:00,184,2022-06,200.2,0.0,25300.2,minimum_balance,minimum_balance|profitable_days|consistency
2022-09-05 00:00:00,185,2022-06,200.2,0.0,25300.2,minimum_balance,minimum_balance|profitable_days|consistency
2022-09-05 00:00:00,186,2022-06,200.2,0.0,25300.2,minimum_balance,minimum_balance|profitable_days|consistency
2022-09-05 00:00:00,187,2022-06,200.2,0.0,25300.2,minimum_balance,minimum_balance|profitable_days|consistency
2022-09-05 00:00:00,188,2022-06,200.2,0.0,25300.2,minimum_balance,minimum_balance|profitable_days|consistency
2022-09-05 00:00:00,189,2022-06,200.2,0.0,25300.2,minimum_balance,minimum_balance|profitable_days|consistency
2022-09-05 00:00:00,190,2022-06,200.2,0.0,25300.2,minimum_balance,minimum_balance|profitable_days|consistency
2022-09-05 00:00:00,191,2022-06,200.2,0.0,25300.2,minimum_balance,minimum_balance|profitable_days|consistency
2022-09-12 00:00:00,172,2022-06,676.9,0.0,25776.9,minimum_balance,minimum_balance|consistency
2022-09-12 00:00:00,173,2022-06,676.9,0.0,25776.9,minimum_balance,minimum_balance|consistency
2022-09-12 00:00:00,174,2022-06,676.9,0.0,25776.9,minimum_balance,minimum_balance|consistency
2022-09-12 00:00:00,175,2022-06,676.9,0.0,25776.9,minimum_balance,minimum_balance|consistency
2022-09-12 00:00:00,176,2022-06,676.9,0.0,25776.9,minimum_balance,minimum_balance|consistency
2022-09-12 00:00:00,177,2022-06,676.9,0.0,25776.9,minimum_balance,minimum_balance|consistency
2022-09-12 00:00:00,178,2022-06,676.9,0.0,25776.9,minimum_balance,minimum_balance|consistency
2022-09-12 00:00:00,179,2022-06,676.9,0.0,25776.9,minimum_balance,minimum_balance|consistency
2022-09-12 00:00:00,180,2022-06,676.9,0.0,25776.9,minimum_balance,minimum_balance|consistency
2022-09-12 00:00:00,181,2022-06,676.9,0.0,25776.9,minimum_balance,minimum_balance|consistency
2022-09-12 00:00:00,182,2022-06,676.9,0.0,25776.9,minimum_balance,minimum_balance|consistency
2022-09-12 00:00:00,183,2022-06,676.9,0.0,25776.9,minimum_balance,minimum_balance|consistency
2022-09-12 00:00:00,184,2022-06,676.9,0.0,25776.9,minimum_balance,minimum_balance|consistency
2022-09-12 00:00:00,185,2022-06,676.9,0.0,25776.9,minimum_balance,minimum_balance|consistency
2022-09-12 00:00:00,186,2022-06,676.9,0.0,25776.9,minimum_balance,minimum_balance|consistency
2022-09-12 00:00:00,187,2022-06,676.9,0.0,25776.9,minimum_balance,minimum_balance|consistency
2022-09-12 00:00:00,188,2022-06,676.9,0.0,25776.9,minimum_balance,minimum_balance|consistency
2022-09-12 00:00:00,189,2022-06,676.9,0.0,25776.9,minimum_balance,minimum_balance|consistency
2022-09-12 00:00:00,190,2022-06,676.9,0.0,25776.9,minimum_balance,minimum_balance|consistency
2022-09-12 00:00:00,191,2022-06,676.9,0.0,25776.9,minimum_balance,minimum_balance|consistency
2022-09-19 00:00:00,172,2022-06,786.1,0.0,25886.1,minimum_balance,minimum_balance|consistency
2022-09-19 00:00:00,173,2022-06,786.1,0.0,25886.1,minimum_balance,minimum_balance|consistency
2022-09-19 00:00:00,174,2022-06,786.1,0.0,25886.1,minimum_balance,minimum_balance|consistency
2022-09-19 00:00:00,175,2022-06,786.1,0.0,25886.1,minimum_balance,minimum_balance|consistency
2022-09-19 00:00:00,176,2022-06,786.1,0.0,25886.1,minimum_balance,minimum_balance|consistency
2022-09-19 00:00:00,177,2022-06,786.1,0.0,25886.1,minimum_balance,minimum_balance|consistency
2022-09-19 00:00:00,178,2022-06,786.1,0.0,25886.1,minimum_balance,minimum_balance|consistency
2022-09-19 00:00:00,179,2022-06,786.1,0.0,25886.1,minimum_balance,minimum_balance|consistency
2022-09-19 00:00:00,180,2022-06,786.1,0.0,25886.1,minimum_balance,minimum_balance|consistency
2022-09-19 00:00:00,181,2022-06,786.1,0.0,25886.1,minimum_balance,minimum_balance|consistency
2022-09-19 00:00:00,182,2022-06,786.1,0.0,25886.1,minimum_balance,minimum_balance|consistency
2022-09-19 00:00:00,183,2022-06,786.1,0.0,25886.1,minimum_balance,minimum_balance|consistency
2022-09-19 00:00:00,184,2022-06,786.1,0.0,25886.1,minimum_balance,minimum_balance|consistency
2022-09-19 00:00:00,185,2022-06,786.1,0.0,25886.1,minimum_balance,minimum_balance|consistency
2022-09-19 00:00:00,186,2022-06,786.1,0.0,25886.1,minimum_balance,minimum_balance|consistency
2022-09-19 00:00:00,187,2022-06,786.1,0.0,25886.1,minimum_balance,minimum_balance|consistency
2022-09-19 00:00:00,188,2022-06,786.1,0.0,25886.1,minimum_balance,minimum_balance|consistency
2022-09-19 00:00:00,189,2022-06,786.1,0.0,25886.1,minimum_balance,minimum_balance|consistency
2022-09-19 00:00:00,190,2022-06,786.1,0.0,25886.1,minimum_balance,minimum_balance|consistency
2022-09-19 00:00:00,191,2022-06,786.1,0.0,25886.1,minimum_balance,minimum_balance|consistency
2022-09-26 00:00:00,172,2022-06,517.75,0.0,25617.75,minimum_balance,minimum_balance|consistency
2022-09-26 00:00:00,173,2022-06,517.75,0.0,25617.75,minimum_balance,minimum_balance|consistency
2022-09-26 00:00:00,174,2022-06,517.75,0.0,25617.75,minimum_balance,minimum_balance|consistency
2022-09-26 00:00:00,175,2022-06,517.75,0.0,25617.75,minimum_balance,minimum_balance|consistency
2022-09-26 00:00:00,176,2022-06,517.75,0.0,25617.75,minimum_balance,minimum_balance|consistency
2022-09-26 00:00:00,177,2022-06,517.75,0.0,25617.75,minimum_balance,minimum_balance|consistency
2022-09-26 00:00:00,178,2022-06,517.75,0.0,25617.75,minimum_balance,minimum_balance|consistency
2022-09-26 00:00:00,179,2022-06,517.75,0.0,25617.75,minimum_balance,minimum_balance|consistency
2022-09-26 00:00:00,180,2022-06,517.75,0.0,25617.75,minimum_balance,minimum_balance|consistency
2022-09-26 00:00:00,181,2022-06,517.75,0.0,25617.75,minimum_balance,minimum_balance|consistency
2022-09-26 00:00:00,182,2022-06,517.75,0.0,25617.75,minimum_balance,minimum_balance|consistency
2022-09-26 00:00:00,183,2022-06,517.75,0.0,25617.75,minimum_balance,minimum_balance|consistency
2022-09-26 00:00:00,184,2022-06,517.75,0.0,25617.75,minimum_balance,minimum_balance|consistency
2022-09-26 00:00:00,185,2022-06,517.75,0.0,25617.75,minimum_balance,minimum_balance|consistency
2022-09-26 00:00:00,186,2022-06,517.75,0.0,25617.75,minimum_balance,minimum_balance|consistency
2022-09-26 00:00:00,187,2022-06,517.75,0.0,25617.75,minimum_balance,minimum_balance|consistency
2022-09-26 00:00:00,188,2022-06,517.75,0.0,25617.75,minimum_balance,minimum_balance|consistency
2022-09-26 00:00:00,189,2022-06,517.75,0.0,25617.75,minimum_balance,minimum_balance|consistency
2022-09-26 00:00:00,190,2022-06,517.75,0.0,25617.75,minimum_balance,minimum_balance|consistency
2022-09-26 00:00:00,191,2022-06,517.75,0.0,25617.75,minimum_balance,minimum_balance|consistency
2022-10-03 00:00:00,172,2022-06,1156.1,0.0,26256.1,minimum_balance,minimum_balance|consistency
2022-10-03 00:00:00,173,2022-06,1156.1,0.0,26256.1,minimum_balance,minimum_balance|consistency
2022-10-03 00:00:00,174,2022-06,1156.1,0.0,26256.1,minimum_balance,minimum_balance|consistency
2022-10-03 00:00:00,175,2022-06,1156.1,0.0,26256.1,minimum_balance,minimum_balance|consistency
2022-10-03 00:00:00,176,2022-06,1156.1,0.0,26256.1,minimum_balance,minimum_balance|consistency
2022-10-03 00:00:00,177,2022-06,1156.1,0.0,26256.1,minimum_balance,minimum_balance|consistency
2022-10-03 00:00:00,178,2022-06,1156.1,0.0,26256.1,minimum_balance,minimum_balance|consistency
2022-10-03 00:00:00,179,2022-06,1156.1,0.0,26256.1,minimum_balance,minimum_balance|consistency
2022-10-03 00:00:00,180,2022-06,1156.1,0.0,26256.1,minimum_balance,minimum_balance|consistency
2022-10-03 00:00:00,181,2022-06,1156.1,0.0,26256.1,minimum_balance,minimum_balance|consistency
2022-10-03 00:00:00,182,2022-06,1156.1,0.0,26256.1,minimum_balance,minimum_balance|consistency
2022-10-03 00:00:00,183,2022-06,1156.1,0.0,26256.1,minimum_balance,minimum_balance|consistency
2022-10-03 00:00:00,184,2022-06,1156.1,0.0,26256.1,minimum_balance,minimum_balance|consistency
2022-10-03 00:00:00,185,2022-06,1156.1,0.0,26256.1,minimum_balance,minimum_balance|consistency
2022-10-03 00:00:00,186,2022-06,1156.1,0.0,26256.1,minimum_balance,minimum_balance|consistency
2022-10-03 00:00:00,187,2022-06,1156.1,0.0,26256.1,minimum_balance,minimum_balance|consistency
2022-10-03 00:00:00,188,2022-06,1156.1,0.0,26256.1,minimum_balance,minimum_balance|consistency
2022-10-03 00:00:00,189,2022-06,1156.1,0.0,26256.1,minimum_balance,minimum_balance|consistency
2022-10-03 00:00:00,190,2022-06,1156.1,0.0,26256.1,minimum_balance,minimum_balance|consistency
2022-10-03 00:00:00,191,2022-06,1156.1,0.0,26256.1,minimum_balance,minimum_balance|consistency
2022-10-10 00:00:00,172,2022-06,1341.75,0.0,26441.75,minimum_balance,minimum_balance|consistency
2022-10-10 00:00:00,173,2022-06,1341.75,0.0,26441.75,minimum_balance,minimum_balance|consistency
2022-10-10 00:00:00,174,2022-06,1341.75,0.0,26441.75,minimum_balance,minimum_balance|consistency
2022-10-10 00:00:00,175,2022-06,1341.75,0.0,26441.75,minimum_balance,minimum_balance|consistency
2022-10-10 00:00:00,176,2022-06,1341.75,0.0,26441.75,minimum_balance,minimum_balance|consistency
2022-10-10 00:00:00,177,2022-06,1341.75,0.0,26441.75,minimum_balance,minimum_balance|consistency
2022-10-10 00:00:00,178,2022-06,1341.75,0.0,26441.75,minimum_balance,minimum_balance|consistency
2022-10-10 00:00:00,179,2022-06,1341.75,0.0,26441.75,minimum_balance,minimum_balance|consistency
2022-10-10 00:00:00,180,2022-06,1341.75,0.0,26441.75,minimum_balance,minimum_balance|consistency
2022-10-10 00:00:00,181,2022-06,1341.75,0.0,26441.75,minimum_balance,minimum_balance|consistency
2022-10-10 00:00:00,182,2022-06,1341.75,0.0,26441.75,minimum_balance,minimum_balance|consistency
2022-10-10 00:00:00,183,2022-06,1341.75,0.0,26441.75,minimum_balance,minimum_balance|consistency
2022-10-10 00:00:00,184,2022-06,1341.75,0.0,26441.75,minimum_balance,minimum_balance|consistency
2022-10-10 00:00:00,185,2022-06,1341.75,0.0,26441.75,minimum_balance,minimum_balance|consistency
2022-10-10 00:00:00,186,2022-06,1341.75,0.0,26441.75,minimum_balance,minimum_balance|consistency
2022-10-10 00:00:00,187,2022-06,1341.75,0.0,26441.75,minimum_balance,minimum_balance|consistency
2022-10-10 00:00:00,188,2022-06,1341.75,0.0,26441.75,minimum_balance,minimum_balance|consistency
2022-10-10 00:00:00,189,2022-06,1341.75,0.0,26441.75,minimum_balance,minimum_balance|consistency
2022-10-10 00:00:00,190,2022-06,1341.75,0.0,26441.75,minimum_balance,minimum_balance|consistency
2022-10-10 00:00:00,191,2022-06,1341.75,0.0,26441.75,minimum_balance,minimum_balance|consistency
2022-10-17 00:00:00,172,2022-06,1305.7,0.0,26405.7,minimum_balance,minimum_balance|consistency
2022-10-17 00:00:00,173,2022-06,1305.7,0.0,26405.7,minimum_balance,minimum_balance|consistency
2022-10-17 00:00:00,174,2022-06,1305.7,0.0,26405.7,minimum_balance,minimum_balance|consistency
2022-10-17 00:00:00,175,2022-06,1305.7,0.0,26405.7,minimum_balance,minimum_balance|consistency
2022-10-17 00:00:00,176,2022-06,1305.7,0.0,26405.7,minimum_balance,minimum_balance|consistency
2022-10-17 00:00:00,177,2022-06,1305.7,0.0,26405.7,minimum_balance,minimum_balance|consistency
2022-10-17 00:00:00,178,2022-06,1305.7,0.0,26405.7,minimum_balance,minimum_balance|consistency
2022-10-17 00:00:00,179,2022-06,1305.7,0.0,26405.7,minimum_balance,minimum_balance|consistency
2022-10-17 00:00:00,180,2022-06,1305.7,0.0,26405.7,minimum_balance,minimum_balance|consistency
2022-10-17 00:00:00,181,2022-06,1305.7,0.0,26405.7,minimum_balance,minimum_balance|consistency
2022-10-17 00:00:00,182,2022-06,1305.7,0.0,26405.7,minimum_balance,minimum_balance|consistency
2022-10-17 00:00:00,183,2022-06,1305.7,0.0,26405.7,minimum_balance,minimum_balance|consistency
2022-10-17 00:00:00,184,2022-06,1305.7,0.0,26405.7,minimum_balance,minimum_balance|consistency
2022-10-17 00:00:00,185,2022-06,1305.7,0.0,26405.7,minimum_balance,minimum_balance|consistency
2022-10-17 00:00:00,186,2022-06,1305.7,0.0,26405.7,minimum_balance,minimum_balance|consistency
2022-10-17 00:00:00,187,2022-06,1305.7,0.0,26405.7,minimum_balance,minimum_balance|consistency
2022-10-17 00:00:00,188,2022-06,1305.7,0.0,26405.7,minimum_balance,minimum_balance|consistency
2022-10-17 00:00:00,189,2022-06,1305.7,0.0,26405.7,minimum_balance,minimum_balance|consistency
2022-10-17 00:00:00,190,2022-06,1305.7,0.0,26405.7,minimum_balance,minimum_balance|consistency
2022-10-17 00:00:00,191,2022-06,1305.7,0.0,26405.7,minimum_balance,minimum_balance|consistency
2022-10-31 00:00:00,172,2022-06,545.15,0.0,25645.15,minimum_balance,minimum_balance|trading_days|profitable_days|consistency
2022-10-31 00:00:00,173,2022-06,545.15,0.0,25645.15,minimum_balance,minimum_balance|trading_days|profitable_days|consistency
2022-10-31 00:00:00,174,2022-06,545.15,0.0,25645.15,minimum_balance,minimum_balance|trading_days|profitable_days|consistency
2022-10-31 00:00:00,175,2022-06,545.15,0.0,25645.15,minimum_balance,minimum_balance|trading_days|profitable_days|consistency
2022-10-31 00:00:00,176,2022-06,545.15,0.0,25645.15,minimum_balance,minimum_balance|trading_days|profitable_days|consistency
2022-10-31 00:00:00,177,2022-06,545.15,0.0,25645.15,minimum_balance,minimum_balance|trading_days|profitable_days|consistency
2022-10-31 00:00:00,178,2022-06,545.15,0.0,25645.15,minimum_balance,minimum_balance|trading_days|profitable_days|consistency
2022-10-31 00:00:00,179,2022-06,545.15,0.0,25645.15,minimum_balance,minimum_balance|trading_days|profitable_days|consistency
2022-10-31 00:00:00,180,2022-06,545.15,0.0,25645.15,minimum_balance,minimum_balance|trading_days|profitable_days|consistency
2022-10-31 00:00:00,181,2022-06,545.15,0.0,25645.15,minimum_balance,minimum_balance|trading_days|profitable_days|consistency
2022-10-31 00:00:00,182,2022-06,545.15,0.0,25645.15,minimum_balance,minimum_balance|trading_days|profitable_days|consistency
2022-10-31 00:00:00,183,2022-06,545.15,0.0,25645.15,minimum_balance,minimum_balance|trading_days|profitable_days|consistency
2022-10-31 00:00:00,184,2022-06,545.15,0.0,25645.15,minimum_balance,minimum_balance|trading_days|profitable_days|consistency
2022-10-31 00:00:00,185,2022-06,545.15,0.0,25645.15,minimum_balance,minimum_balance|trading_days|profitable_days|consistency
2022-10-31 00:00:00,186,2022-06,545.15,0.0,25645.15,minimum_balance,minimum_balance|trading_days|profitable_days|consistency
2022-10-31 00:00:00,187,2022-06,545.15,0.0,25645.15,minimum_balance,minimum_balance|trading_days|profitable_days|consistency
2022-10-31 00:00:00,188,2022-06,545.15,0.0,25645.15,minimum_balance,minimum_balance|trading_days|profitable_days|consistency
2022-10-31 00:00:00,189,2022-06,545.15,0.0,25645.15,minimum_balance,minimum_balance|trading_days|profitable_days|consistency
2022-10-31 00:00:00,190,2022-06,545.15,0.0,25645.15,minimum_balance,minimum_balance|trading_days|profitable_days|consistency
2022-10-31 00:00:00,191,2022-06,545.15,0.0,25645.15,minimum_balance,minimum_balance|trading_days|profitable_days|consistency
2022-12-05 00:00:00,192,2022-11,896.45,0.0,25996.45,minimum_balance,minimum_balance|consistency
2022-12-05 00:00:00,193,2022-11,896.45,0.0,25996.45,minimum_balance,minimum_balance|consistency
2022-12-05 00:00:00,194,2022-11,896.45,0.0,25996.45,minimum_balance,minimum_balance|consistency
2022-12-05 00:00:00,195,2022-11,896.45,0.0,25996.45,minimum_balance,minimum_balance|consistency
2022-12-05 00:00:00,196,2022-11,896.45,0.0,25996.45,minimum_balance,minimum_balance|consistency
2022-12-05 00:00:00,197,2022-11,896.45,0.0,25996.45,minimum_balance,minimum_balance|consistency
2022-12-05 00:00:00,198,2022-11,896.45,0.0,25996.45,minimum_balance,minimum_balance|consistency
2022-12-05 00:00:00,199,2022-11,896.45,0.0,25996.45,minimum_balance,minimum_balance|consistency
2022-12-05 00:00:00,200,2022-11,896.45,0.0,25996.45,minimum_balance,minimum_balance|consistency
2022-12-05 00:00:00,201,2022-11,896.45,0.0,25996.45,minimum_balance,minimum_balance|consistency
2022-12-05 00:00:00,202,2022-11,896.45,0.0,25996.45,minimum_balance,minimum_balance|consistency
2022-12-05 00:00:00,203,2022-11,896.45,0.0,25996.45,minimum_balance,minimum_balance|consistency
2022-12-05 00:00:00,204,2022-11,896.45,0.0,25996.45,minimum_balance,minimum_balance|consistency
2022-12-05 00:00:00,205,2022-11,896.45,0.0,25996.45,minimum_balance,minimum_balance|consistency
2022-12-05 00:00:00,206,2022-11,896.45,0.0,25996.45,minimum_balance,minimum_balance|consistency
2022-12-05 00:00:00,207,2022-11,896.45,0.0,25996.45,minimum_balance,minimum_balance|consistency
2022-12-05 00:00:00,208,2022-11,896.45,0.0,25996.45,minimum_balance,minimum_balance|consistency
2022-12-05 00:00:00,209,2022-11,896.45,0.0,25996.45,minimum_balance,minimum_balance|consistency
2022-12-05 00:00:00,210,2022-11,896.45,0.0,25996.45,minimum_balance,minimum_balance|consistency
2022-12-05 00:00:00,211,2022-11,896.45,0.0,25996.45,minimum_balance,minimum_balance|consistency
2022-12-12 00:00:00,192,2022-11,614.2,0.0,25714.2,minimum_balance,minimum_balance|consistency
2022-12-12 00:00:00,193,2022-11,614.2,0.0,25714.2,minimum_balance,minimum_balance|consistency
2022-12-12 00:00:00,194,2022-11,614.2,0.0,25714.2,minimum_balance,minimum_balance|consistency
2022-12-12 00:00:00,195,2022-11,614.2,0.0,25714.2,minimum_balance,minimum_balance|consistency
2022-12-12 00:00:00,196,2022-11,614.2,0.0,25714.2,minimum_balance,minimum_balance|consistency
2022-12-12 00:00:00,197,2022-11,614.2,0.0,25714.2,minimum_balance,minimum_balance|consistency
2022-12-12 00:00:00,198,2022-11,614.2,0.0,25714.2,minimum_balance,minimum_balance|consistency
2022-12-12 00:00:00,199,2022-11,614.2,0.0,25714.2,minimum_balance,minimum_balance|consistency
2022-12-12 00:00:00,200,2022-11,614.2,0.0,25714.2,minimum_balance,minimum_balance|consistency
2022-12-12 00:00:00,201,2022-11,614.2,0.0,25714.2,minimum_balance,minimum_balance|consistency
2022-12-12 00:00:00,202,2022-11,614.2,0.0,25714.2,minimum_balance,minimum_balance|consistency
2022-12-12 00:00:00,203,2022-11,614.2,0.0,25714.2,minimum_balance,minimum_balance|consistency
2022-12-12 00:00:00,204,2022-11,614.2,0.0,25714.2,minimum_balance,minimum_balance|consistency
2022-12-12 00:00:00,205,2022-11,614.2,0.0,25714.2,minimum_balance,minimum_balance|consistency
2022-12-12 00:00:00,206,2022-11,614.2,0.0,25714.2,minimum_balance,minimum_balance|consistency
2022-12-12 00:00:00,207,2022-11,614.2,0.0,25714.2,minimum_balance,minimum_balance|consistency
2022-12-12 00:00:00,208,2022-11,614.2,0.0,25714.2,minimum_balance,minimum_balance|consistency
2022-12-12 00:00:00,209,2022-11,614.2,0.0,25714.2,minimum_balance,minimum_balance|consistency
2022-12-12 00:00:00,210,2022-11,614.2,0.0,25714.2,minimum_balance,minimum_balance|consistency
2022-12-12 00:00:00,211,2022-11,614.2,0.0,25714.2,minimum_balance,minimum_balance|consistency
2022-12-19 00:00:00,192,2022-11,375.2,0.0,25475.2,minimum_balance,minimum_balance|consistency
2022-12-19 00:00:00,193,2022-11,375.2,0.0,25475.2,minimum_balance,minimum_balance|consistency
2022-12-19 00:00:00,194,2022-11,375.2,0.0,25475.2,minimum_balance,minimum_balance|consistency
2022-12-19 00:00:00,195,2022-11,375.2,0.0,25475.2,minimum_balance,minimum_balance|consistency
2022-12-19 00:00:00,196,2022-11,375.2,0.0,25475.2,minimum_balance,minimum_balance|consistency
2022-12-19 00:00:00,197,2022-11,375.2,0.0,25475.2,minimum_balance,minimum_balance|consistency
2022-12-19 00:00:00,198,2022-11,375.2,0.0,25475.2,minimum_balance,minimum_balance|consistency
2022-12-19 00:00:00,199,2022-11,375.2,0.0,25475.2,minimum_balance,minimum_balance|consistency
2022-12-19 00:00:00,200,2022-11,375.2,0.0,25475.2,minimum_balance,minimum_balance|consistency
2022-12-19 00:00:00,201,2022-11,375.2,0.0,25475.2,minimum_balance,minimum_balance|consistency
2022-12-19 00:00:00,202,2022-11,375.2,0.0,25475.2,minimum_balance,minimum_balance|consistency
2022-12-19 00:00:00,203,2022-11,375.2,0.0,25475.2,minimum_balance,minimum_balance|consistency
2022-12-19 00:00:00,204,2022-11,375.2,0.0,25475.2,minimum_balance,minimum_balance|consistency
2022-12-19 00:00:00,205,2022-11,375.2,0.0,25475.2,minimum_balance,minimum_balance|consistency
2022-12-19 00:00:00,206,2022-11,375.2,0.0,25475.2,minimum_balance,minimum_balance|consistency
2022-12-19 00:00:00,207,2022-11,375.2,0.0,25475.2,minimum_balance,minimum_balance|consistency
2022-12-19 00:00:00,208,2022-11,375.2,0.0,25475.2,minimum_balance,minimum_balance|consistency
2022-12-19 00:00:00,209,2022-11,375.2,0.0,25475.2,minimum_balance,minimum_balance|consistency
2022-12-19 00:00:00,210,2022-11,375.2,0.0,25475.2,minimum_balance,minimum_balance|consistency
2022-12-19 00:00:00,211,2022-11,375.2,0.0,25475.2,minimum_balance,minimum_balance|consistency
2023-02-06 00:00:00,212,2023-01,1256.95,0.0,26356.95,minimum_balance,minimum_balance|consistency
2023-02-06 00:00:00,213,2023-01,1256.95,0.0,26356.95,minimum_balance,minimum_balance|consistency
2023-02-06 00:00:00,214,2023-01,1256.95,0.0,26356.95,minimum_balance,minimum_balance|consistency
2023-02-06 00:00:00,215,2023-01,1256.95,0.0,26356.95,minimum_balance,minimum_balance|consistency
2023-02-06 00:00:00,216,2023-01,1256.95,0.0,26356.95,minimum_balance,minimum_balance|consistency
2023-02-06 00:00:00,217,2023-01,1256.95,0.0,26356.95,minimum_balance,minimum_balance|consistency
2023-02-06 00:00:00,218,2023-01,1256.95,0.0,26356.95,minimum_balance,minimum_balance|consistency
2023-02-06 00:00:00,219,2023-01,1256.95,0.0,26356.95,minimum_balance,minimum_balance|consistency
2023-02-06 00:00:00,220,2023-01,1256.95,0.0,26356.95,minimum_balance,minimum_balance|consistency
2023-02-06 00:00:00,221,2023-01,1256.95,0.0,26356.95,minimum_balance,minimum_balance|consistency
2023-02-06 00:00:00,222,2023-01,1256.95,0.0,26356.95,minimum_balance,minimum_balance|consistency
2023-02-06 00:00:00,223,2023-01,1256.95,0.0,26356.95,minimum_balance,minimum_balance|consistency
2023-02-06 00:00:00,224,2023-01,1256.95,0.0,26356.95,minimum_balance,minimum_balance|consistency
2023-02-06 00:00:00,225,2023-01,1256.95,0.0,26356.95,minimum_balance,minimum_balance|consistency
2023-02-06 00:00:00,226,2023-01,1256.95,0.0,26356.95,minimum_balance,minimum_balance|consistency
2023-02-06 00:00:00,227,2023-01,1256.95,0.0,26356.95,minimum_balance,minimum_balance|consistency
2023-02-06 00:00:00,228,2023-01,1256.95,0.0,26356.95,minimum_balance,minimum_balance|consistency
2023-02-06 00:00:00,229,2023-01,1256.95,0.0,26356.95,minimum_balance,minimum_balance|consistency
2023-02-06 00:00:00,230,2023-01,1256.95,0.0,26356.95,minimum_balance,minimum_balance|consistency
2023-02-06 00:00:00,231,2023-01,1256.95,0.0,26356.95,minimum_balance,minimum_balance|consistency
2023-02-13 00:00:00,212,2023-01,1567.05,0.0,26667.05,consistency,consistency
2023-02-13 00:00:00,213,2023-01,1567.05,0.0,26667.05,consistency,consistency
2023-02-13 00:00:00,214,2023-01,1567.05,0.0,26667.05,consistency,consistency
2023-02-13 00:00:00,215,2023-01,1567.05,0.0,26667.05,consistency,consistency
2023-02-13 00:00:00,216,2023-01,1567.05,0.0,26667.05,consistency,consistency
2023-02-13 00:00:00,217,2023-01,1567.05,0.0,26667.05,consistency,consistency
2023-02-13 00:00:00,218,2023-01,1567.05,0.0,26667.05,consistency,consistency
2023-02-13 00:00:00,219,2023-01,1567.05,0.0,26667.05,consistency,consistency
2023-02-13 00:00:00,220,2023-01,1567.05,0.0,26667.05,consistency,consistency
2023-02-13 00:00:00,221,2023-01,1567.05,0.0,26667.05,consistency,consistency
2023-02-13 00:00:00,222,2023-01,1567.05,0.0,26667.05,consistency,consistency
2023-02-13 00:00:00,223,2023-01,1567.05,0.0,26667.05,consistency,consistency
2023-02-13 00:00:00,224,2023-01,1567.05,0.0,26667.05,consistency,consistency
2023-02-13 00:00:00,225,2023-01,1567.05,0.0,26667.05,consistency,consistency
2023-02-13 00:00:00,226,2023-01,1567.05,0.0,26667.05,consistency,consistency
2023-02-13 00:00:00,227,2023-01,1567.05,0.0,26667.05,consistency,consistency
2023-02-13 00:00:00,228,2023-01,1567.05,0.0,26667.05,consistency,consistency
2023-02-13 00:00:00,229,2023-01,1567.05,0.0,26667.05,consistency,consistency
2023-02-13 00:00:00,230,2023-01,1567.05,0.0,26667.05,consistency,consistency
2023-02-13 00:00:00,231,2023-01,1567.05,0.0,26667.05,consistency,consistency
2023-02-20 00:00:00,212,2023-01,1609.35,0.0,26709.35,consistency,consistency
2023-02-20 00:00:00,213,2023-01,1609.35,0.0,26709.35,consistency,consistency
2023-02-20 00:00:00,214,2023-01,1609.35,0.0,26709.35,consistency,consistency
2023-02-20 00:00:00,215,2023-01,1609.35,0.0,26709.35,consistency,consistency
2023-02-20 00:00:00,216,2023-01,1609.35,0.0,26709.35,consistency,consistency
2023-02-20 00:00:00,217,2023-01,1609.35,0.0,26709.35,consistency,consistency
2023-02-20 00:00:00,218,2023-01,1609.35,0.0,26709.35,consistency,consistency
2023-02-20 00:00:00,219,2023-01,1609.35,0.0,26709.35,consistency,consistency
2023-02-20 00:00:00,220,2023-01,1609.35,0.0,26709.35,consistency,consistency
2023-02-20 00:00:00,221,2023-01,1609.35,0.0,26709.35,consistency,consistency
2023-02-20 00:00:00,222,2023-01,1609.35,0.0,26709.35,consistency,consistency
2023-02-20 00:00:00,223,2023-01,1609.35,0.0,26709.35,consistency,consistency
2023-02-20 00:00:00,224,2023-01,1609.35,0.0,26709.35,consistency,consistency
2023-02-20 00:00:00,225,2023-01,1609.35,0.0,26709.35,consistency,consistency
2023-02-20 00:00:00,226,2023-01,1609.35,0.0,26709.35,consistency,consistency
2023-02-20 00:00:00,227,2023-01,1609.35,0.0,26709.35,consistency,consistency
2023-02-20 00:00:00,228,2023-01,1609.35,0.0,26709.35,consistency,consistency
2023-02-20 00:00:00,229,2023-01,1609.35,0.0,26709.35,consistency,consistency
2023-02-20 00:00:00,230,2023-01,1609.35,0.0,26709.35,consistency,consistency
2023-02-20 00:00:00,231,2023-01,1609.35,0.0,26709.35,consistency,consistency
2023-02-27 00:00:00,212,2023-01,1203.65,0.0,26303.65,minimum_balance,minimum_balance|consistency
2023-02-27 00:00:00,213,2023-01,1203.65,0.0,26303.65,minimum_balance,minimum_balance|consistency
2023-02-27 00:00:00,214,2023-01,1203.65,0.0,26303.65,minimum_balance,minimum_balance|consistency
2023-02-27 00:00:00,215,2023-01,1203.65,0.0,26303.65,minimum_balance,minimum_balance|consistency
2023-02-27 00:00:00,216,2023-01,1203.65,0.0,26303.65,minimum_balance,minimum_balance|consistency
2023-02-27 00:00:00,217,2023-01,1203.65,0.0,26303.65,minimum_balance,minimum_balance|consistency
2023-02-27 00:00:00,218,2023-01,1203.65,0.0,26303.65,minimum_balance,minimum_balance|consistency
2023-02-27 00:00:00,219,2023-01,1203.65,0.0,26303.65,minimum_balance,minimum_balance|consistency
2023-02-27 00:00:00,220,2023-01,1203.65,0.0,26303.65,minimum_balance,minimum_balance|consistency
2023-02-27 00:00:00,221,2023-01,1203.65,0.0,26303.65,minimum_balance,minimum_balance|consistency
2023-02-27 00:00:00,222,2023-01,1203.65,0.0,26303.65,minimum_balance,minimum_balance|consistency
2023-02-27 00:00:00,223,2023-01,1203.65,0.0,26303.65,minimum_balance,minimum_balance|consistency
2023-02-27 00:00:00,224,2023-01,1203.65,0.0,26303.65,minimum_balance,minimum_balance|consistency
2023-02-27 00:00:00,225,2023-01,1203.65,0.0,26303.65,minimum_balance,minimum_balance|consistency
2023-02-27 00:00:00,226,2023-01,1203.65,0.0,26303.65,minimum_balance,minimum_balance|consistency
2023-02-27 00:00:00,227,2023-01,1203.65,0.0,26303.65,minimum_balance,minimum_balance|consistency
2023-02-27 00:00:00,228,2023-01,1203.65,0.0,26303.65,minimum_balance,minimum_balance|consistency
2023-02-27 00:00:00,229,2023-01,1203.65,0.0,26303.65,minimum_balance,minimum_balance|consistency
2023-02-27 00:00:00,230,2023-01,1203.65,0.0,26303.65,minimum_balance,minimum_balance|consistency
2023-02-27 00:00:00,231,2023-01,1203.65,0.0,26303.65,minimum_balance,minimum_balance|consistency
2023-03-06 00:00:00,212,2023-01,1440.7,0.0,26540.7,minimum_balance,minimum_balance|consistency
2023-03-06 00:00:00,213,2023-01,1440.7,0.0,26540.7,minimum_balance,minimum_balance|consistency
2023-03-06 00:00:00,214,2023-01,1440.7,0.0,26540.7,minimum_balance,minimum_balance|consistency
2023-03-06 00:00:00,215,2023-01,1440.7,0.0,26540.7,minimum_balance,minimum_balance|consistency
2023-03-06 00:00:00,216,2023-01,1440.7,0.0,26540.7,minimum_balance,minimum_balance|consistency
2023-03-06 00:00:00,217,2023-01,1440.7,0.0,26540.7,minimum_balance,minimum_balance|consistency
2023-03-06 00:00:00,218,2023-01,1440.7,0.0,26540.7,minimum_balance,minimum_balance|consistency
2023-03-06 00:00:00,219,2023-01,1440.7,0.0,26540.7,minimum_balance,minimum_balance|consistency
2023-03-06 00:00:00,220,2023-01,1440.7,0.0,26540.7,minimum_balance,minimum_balance|consistency
2023-03-06 00:00:00,221,2023-01,1440.7,0.0,26540.7,minimum_balance,minimum_balance|consistency
2023-03-06 00:00:00,222,2023-01,1440.7,0.0,26540.7,minimum_balance,minimum_balance|consistency
2023-03-06 00:00:00,223,2023-01,1440.7,0.0,26540.7,minimum_balance,minimum_balance|consistency
2023-03-06 00:00:00,224,2023-01,1440.7,0.0,26540.7,minimum_balance,minimum_balance|consistency
2023-03-06 00:00:00,225,2023-01,1440.7,0.0,26540.7,minimum_balance,minimum_balance|consistency
2023-03-06 00:00:00,226,2023-01,1440.7,0.0,26540.7,minimum_balance,minimum_balance|consistency
2023-03-06 00:00:00,227,2023-01,1440.7,0.0,26540.7,minimum_balance,minimum_balance|consistency
2023-03-06 00:00:00,228,2023-01,1440.7,0.0,26540.7,minimum_balance,minimum_balance|consistency
2023-03-06 00:00:00,229,2023-01,1440.7,0.0,26540.7,minimum_balance,minimum_balance|consistency
2023-03-06 00:00:00,230,2023-01,1440.7,0.0,26540.7,minimum_balance,minimum_balance|consistency
2023-03-06 00:00:00,231,2023-01,1440.7,0.0,26540.7,minimum_balance,minimum_balance|consistency
2023-03-13 00:00:00,212,2023-01,1389.1,0.0,26489.1,minimum_balance,minimum_balance|consistency
2023-03-13 00:00:00,213,2023-01,1389.1,0.0,26489.1,minimum_balance,minimum_balance|consistency
2023-03-13 00:00:00,214,2023-01,1389.1,0.0,26489.1,minimum_balance,minimum_balance|consistency
2023-03-13 00:00:00,215,2023-01,1389.1,0.0,26489.1,minimum_balance,minimum_balance|consistency
2023-03-13 00:00:00,216,2023-01,1389.1,0.0,26489.1,minimum_balance,minimum_balance|consistency
2023-03-13 00:00:00,217,2023-01,1389.1,0.0,26489.1,minimum_balance,minimum_balance|consistency
2023-03-13 00:00:00,218,2023-01,1389.1,0.0,26489.1,minimum_balance,minimum_balance|consistency
2023-03-13 00:00:00,219,2023-01,1389.1,0.0,26489.1,minimum_balance,minimum_balance|consistency
2023-03-13 00:00:00,220,2023-01,1389.1,0.0,26489.1,minimum_balance,minimum_balance|consistency
2023-03-13 00:00:00,221,2023-01,1389.1,0.0,26489.1,minimum_balance,minimum_balance|consistency
2023-03-13 00:00:00,222,2023-01,1389.1,0.0,26489.1,minimum_balance,minimum_balance|consistency
2023-03-13 00:00:00,223,2023-01,1389.1,0.0,26489.1,minimum_balance,minimum_balance|consistency
2023-03-13 00:00:00,224,2023-01,1389.1,0.0,26489.1,minimum_balance,minimum_balance|consistency
2023-03-13 00:00:00,225,2023-01,1389.1,0.0,26489.1,minimum_balance,minimum_balance|consistency
2023-03-13 00:00:00,226,2023-01,1389.1,0.0,26489.1,minimum_balance,minimum_balance|consistency
2023-03-13 00:00:00,227,2023-01,1389.1,0.0,26489.1,minimum_balance,minimum_balance|consistency
2023-03-13 00:00:00,228,2023-01,1389.1,0.0,26489.1,minimum_balance,minimum_balance|consistency
2023-03-13 00:00:00,229,2023-01,1389.1,0.0,26489.1,minimum_balance,minimum_balance|consistency
2023-03-13 00:00:00,230,2023-01,1389.1,0.0,26489.1,minimum_balance,minimum_balance|consistency
2023-03-13 00:00:00,231,2023-01,1389.1,0.0,26489.1,minimum_balance,minimum_balance|consistency
2023-03-20 00:00:00,212,2023-01,1697.45,0.0,26797.45,consistency,consistency
2023-03-20 00:00:00,213,2023-01,1697.45,0.0,26797.45,consistency,consistency
2023-03-20 00:00:00,214,2023-01,1697.45,0.0,26797.45,consistency,consistency
2023-03-20 00:00:00,215,2023-01,1697.45,0.0,26797.45,consistency,consistency
2023-03-20 00:00:00,216,2023-01,1697.45,0.0,26797.45,consistency,consistency
2023-03-20 00:00:00,217,2023-01,1697.45,0.0,26797.45,consistency,consistency
2023-03-20 00:00:00,218,2023-01,1697.45,0.0,26797.45,consistency,consistency
2023-03-20 00:00:00,219,2023-01,1697.45,0.0,26797.45,consistency,consistency
2023-03-20 00:00:00,220,2023-01,1697.45,0.0,26797.45,consistency,consistency
2023-03-20 00:00:00,221,2023-01,1697.45,0.0,26797.45,consistency,consistency
2023-03-20 00:00:00,222,2023-01,1697.45,0.0,26797.45,consistency,consistency
2023-03-20 00:00:00,223,2023-01,1697.45,0.0,26797.45,consistency,consistency
2023-03-20 00:00:00,224,2023-01,1697.45,0.0,26797.45,consistency,consistency
2023-03-20 00:00:00,225,2023-01,1697.45,0.0,26797.45,consistency,consistency
2023-03-20 00:00:00,226,2023-01,1697.45,0.0,26797.45,consistency,consistency
2023-03-20 00:00:00,227,2023-01,1697.45,0.0,26797.45,consistency,consistency
2023-03-20 00:00:00,228,2023-01,1697.45,0.0,26797.45,consistency,consistency
2023-03-20 00:00:00,229,2023-01,1697.45,0.0,26797.45,consistency,consistency
2023-03-20 00:00:00,230,2023-01,1697.45,0.0,26797.45,consistency,consistency
2023-03-20 00:00:00,231,2023-01,1697.45,0.0,26797.45,consistency,consistency
2023-03-27 00:00:00,212,2023-01,2074.8,0.0,27174.8,consistency,consistency
2023-03-27 00:00:00,213,2023-01,2074.8,0.0,27174.8,consistency,consistency
2023-03-27 00:00:00,214,2023-01,2074.8,0.0,27174.8,consistency,consistency
2023-03-27 00:00:00,215,2023-01,2074.8,0.0,27174.8,consistency,consistency
2023-03-27 00:00:00,216,2023-01,2074.8,0.0,27174.8,consistency,consistency
2023-03-27 00:00:00,217,2023-01,2074.8,0.0,27174.8,consistency,consistency
2023-03-27 00:00:00,218,2023-01,2074.8,0.0,27174.8,consistency,consistency
2023-03-27 00:00:00,219,2023-01,2074.8,0.0,27174.8,consistency,consistency
2023-03-27 00:00:00,220,2023-01,2074.8,0.0,27174.8,consistency,consistency
2023-03-27 00:00:00,221,2023-01,2074.8,0.0,27174.8,consistency,consistency
2023-03-27 00:00:00,222,2023-01,2074.8,0.0,27174.8,consistency,consistency
2023-03-27 00:00:00,223,2023-01,2074.8,0.0,27174.8,consistency,consistency
2023-03-27 00:00:00,224,2023-01,2074.8,0.0,27174.8,consistency,consistency
2023-03-27 00:00:00,225,2023-01,2074.8,0.0,27174.8,consistency,consistency
2023-03-27 00:00:00,226,2023-01,2074.8,0.0,27174.8,consistency,consistency
2023-03-27 00:00:00,227,2023-01,2074.8,0.0,27174.8,consistency,consistency
2023-03-27 00:00:00,228,2023-01,2074.8,0.0,27174.8,consistency,consistency
2023-03-27 00:00:00,229,2023-01,2074.8,0.0,27174.8,consistency,consistency
2023-03-27 00:00:00,230,2023-01,2074.8,0.0,27174.8,consistency,consistency
2023-03-27 00:00:00,231,2023-01,2074.8,0.0,27174.8,consistency,consistency
2023-04-10 00:00:00,212,2023-01,1016.1,0.0,26116.1,minimum_balance,minimum_balance|trading_days|profitable_days
2023-04-10 00:00:00,213,2023-01,1016.1,0.0,26116.1,minimum_balance,minimum_balance|trading_days|profitable_days
2023-04-10 00:00:00,214,2023-01,1016.1,0.0,26116.1,minimum_balance,minimum_balance|trading_days|profitable_days
2023-04-10 00:00:00,215,2023-01,1016.1,0.0,26116.1,minimum_balance,minimum_balance|trading_days|profitable_days
2023-04-10 00:00:00,216,2023-01,1016.1,0.0,26116.1,minimum_balance,minimum_balance|trading_days|profitable_days
2023-04-10 00:00:00,217,2023-01,1016.1,0.0,26116.1,minimum_balance,minimum_balance|trading_days|profitable_days
2023-04-10 00:00:00,218,2023-01,1016.1,0.0,26116.1,minimum_balance,minimum_balance|trading_days|profitable_days
2023-04-10 00:00:00,219,2023-01,1016.1,0.0,26116.1,minimum_balance,minimum_balance|trading_days|profitable_days
2023-04-10 00:00:00,220,2023-01,1016.1,0.0,26116.1,minimum_balance,minimum_balance|trading_days|profitable_days
2023-04-10 00:00:00,221,2023-01,1016.1,0.0,26116.1,minimum_balance,minimum_balance|trading_days|profitable_days
2023-04-10 00:00:00,222,2023-01,1016.1,0.0,26116.1,minimum_balance,minimum_balance|trading_days|profitable_days
2023-04-10 00:00:00,223,2023-01,1016.1,0.0,26116.1,minimum_balance,minimum_balance|trading_days|profitable_days
2023-04-10 00:00:00,224,2023-01,1016.1,0.0,26116.1,minimum_balance,minimum_balance|trading_days|profitable_days
2023-04-10 00:00:00,225,2023-01,1016.1,0.0,26116.1,minimum_balance,minimum_balance|trading_days|profitable_days
2023-04-10 00:00:00,226,2023-01,1016.1,0.0,26116.1,minimum_balance,minimum_balance|trading_days|profitable_days
2023-04-10 00:00:00,227,2023-01,1016.1,0.0,26116.1,minimum_balance,minimum_balance|trading_days|profitable_days
2023-04-10 00:00:00,228,2023-01,1016.1,0.0,26116.1,minimum_balance,minimum_balance|trading_days|profitable_days
2023-04-10 00:00:00,229,2023-01,1016.1,0.0,26116.1,minimum_balance,minimum_balance|trading_days|profitable_days
2023-04-10 00:00:00,230,2023-01,1016.1,0.0,26116.1,minimum_balance,minimum_balance|trading_days|profitable_days
2023-04-10 00:00:00,231,2023-01,1016.1,0.0,26116.1,minimum_balance,minimum_balance|trading_days|profitable_days
2023-04-17 00:00:00,212,2023-01,1449.55,0.0,26549.55,minimum_balance,minimum_balance
2023-04-17 00:00:00,213,2023-01,1449.55,0.0,26549.55,minimum_balance,minimum_balance
2023-04-17 00:00:00,214,2023-01,1449.55,0.0,26549.55,minimum_balance,minimum_balance
2023-04-17 00:00:00,215,2023-01,1449.55,0.0,26549.55,minimum_balance,minimum_balance
2023-04-17 00:00:00,216,2023-01,1449.55,0.0,26549.55,minimum_balance,minimum_balance
2023-04-17 00:00:00,217,2023-01,1449.55,0.0,26549.55,minimum_balance,minimum_balance
2023-04-17 00:00:00,218,2023-01,1449.55,0.0,26549.55,minimum_balance,minimum_balance
2023-04-17 00:00:00,219,2023-01,1449.55,0.0,26549.55,minimum_balance,minimum_balance
2023-04-17 00:00:00,220,2023-01,1449.55,0.0,26549.55,minimum_balance,minimum_balance
2023-04-17 00:00:00,221,2023-01,1449.55,0.0,26549.55,minimum_balance,minimum_balance
2023-04-17 00:00:00,222,2023-01,1449.55,0.0,26549.55,minimum_balance,minimum_balance
2023-04-17 00:00:00,223,2023-01,1449.55,0.0,26549.55,minimum_balance,minimum_balance
2023-04-17 00:00:00,224,2023-01,1449.55,0.0,26549.55,minimum_balance,minimum_balance
2023-04-17 00:00:00,225,2023-01,1449.55,0.0,26549.55,minimum_balance,minimum_balance
2023-04-17 00:00:00,226,2023-01,1449.55,0.0,26549.55,minimum_balance,minimum_balance
2023-04-17 00:00:00,227,2023-01,1449.55,0.0,26549.55,minimum_balance,minimum_balance
2023-04-17 00:00:00,228,2023-01,1449.55,0.0,26549.55,minimum_balance,minimum_balance
2023-04-17 00:00:00,229,2023-01,1449.55,0.0,26549.55,minimum_balance,minimum_balance
2023-04-17 00:00:00,230,2023-01,1449.55,0.0,26549.55,minimum_balance,minimum_balance
2023-04-17 00:00:00,231,2023-01,1449.55,0.0,26549.55,minimum_balance,minimum_balance
2023-04-24 00:00:00,212,2023-01,1146.1,0.0,26246.1,minimum_balance,minimum_balance
2023-04-24 00:00:00,213,2023-01,1146.1,0.0,26246.1,minimum_balance,minimum_balance
2023-04-24 00:00:00,214,2023-01,1146.1,0.0,26246.1,minimum_balance,minimum_balance
2023-04-24 00:00:00,215,2023-01,1146.1,0.0,26246.1,minimum_balance,minimum_balance
2023-04-24 00:00:00,216,2023-01,1146.1,0.0,26246.1,minimum_balance,minimum_balance
2023-04-24 00:00:00,217,2023-01,1146.1,0.0,26246.1,minimum_balance,minimum_balance
2023-04-24 00:00:00,218,2023-01,1146.1,0.0,26246.1,minimum_balance,minimum_balance
2023-04-24 00:00:00,219,2023-01,1146.1,0.0,26246.1,minimum_balance,minimum_balance
2023-04-24 00:00:00,220,2023-01,1146.1,0.0,26246.1,minimum_balance,minimum_balance
2023-04-24 00:00:00,221,2023-01,1146.1,0.0,26246.1,minimum_balance,minimum_balance
2023-04-24 00:00:00,222,2023-01,1146.1,0.0,26246.1,minimum_balance,minimum_balance
2023-04-24 00:00:00,223,2023-01,1146.1,0.0,26246.1,minimum_balance,minimum_balance
2023-04-24 00:00:00,224,2023-01,1146.1,0.0,26246.1,minimum_balance,minimum_balance
2023-04-24 00:00:00,225,2023-01,1146.1,0.0,26246.1,minimum_balance,minimum_balance
2023-04-24 00:00:00,226,2023-01,1146.1,0.0,26246.1,minimum_balance,minimum_balance
2023-04-24 00:00:00,227,2023-01,1146.1,0.0,26246.1,minimum_balance,minimum_balance
2023-04-24 00:00:00,228,2023-01,1146.1,0.0,26246.1,minimum_balance,minimum_balance
2023-04-24 00:00:00,229,2023-01,1146.1,0.0,26246.1,minimum_balance,minimum_balance
2023-04-24 00:00:00,230,2023-01,1146.1,0.0,26246.1,minimum_balance,minimum_balance
2023-04-24 00:00:00,231,2023-01,1146.1,0.0,26246.1,minimum_balance,minimum_balance
2023-05-08 00:00:00,212,2023-01,719.75,0.0,25819.75,minimum_balance,minimum_balance|trading_days|profitable_days
2023-05-08 00:00:00,213,2023-01,719.75,0.0,25819.75,minimum_balance,minimum_balance|trading_days|profitable_days
2023-05-08 00:00:00,214,2023-01,719.75,0.0,25819.75,minimum_balance,minimum_balance|trading_days|profitable_days
2023-05-08 00:00:00,215,2023-01,719.75,0.0,25819.75,minimum_balance,minimum_balance|trading_days|profitable_days
2023-05-08 00:00:00,216,2023-01,719.75,0.0,25819.75,minimum_balance,minimum_balance|trading_days|profitable_days
2023-05-08 00:00:00,217,2023-01,719.75,0.0,25819.75,minimum_balance,minimum_balance|trading_days|profitable_days
2023-05-08 00:00:00,218,2023-01,719.75,0.0,25819.75,minimum_balance,minimum_balance|trading_days|profitable_days
2023-05-08 00:00:00,219,2023-01,719.75,0.0,25819.75,minimum_balance,minimum_balance|trading_days|profitable_days
2023-05-08 00:00:00,220,2023-01,719.75,0.0,25819.75,minimum_balance,minimum_balance|trading_days|profitable_days
2023-05-08 00:00:00,221,2023-01,719.75,0.0,25819.75,minimum_balance,minimum_balance|trading_days|profitable_days
2023-05-08 00:00:00,222,2023-01,719.75,0.0,25819.75,minimum_balance,minimum_balance|trading_days|profitable_days
2023-05-08 00:00:00,223,2023-01,719.75,0.0,25819.75,minimum_balance,minimum_balance|trading_days|profitable_days
2023-05-08 00:00:00,224,2023-01,719.75,0.0,25819.75,minimum_balance,minimum_balance|trading_days|profitable_days
2023-05-08 00:00:00,225,2023-01,719.75,0.0,25819.75,minimum_balance,minimum_balance|trading_days|profitable_days
2023-05-08 00:00:00,226,2023-01,719.75,0.0,25819.75,minimum_balance,minimum_balance|trading_days|profitable_days
2023-05-08 00:00:00,227,2023-01,719.75,0.0,25819.75,minimum_balance,minimum_balance|trading_days|profitable_days
2023-05-08 00:00:00,228,2023-01,719.75,0.0,25819.75,minimum_balance,minimum_balance|trading_days|profitable_days
2023-05-08 00:00:00,229,2023-01,719.75,0.0,25819.75,minimum_balance,minimum_balance|trading_days|profitable_days
2023-05-08 00:00:00,230,2023-01,719.75,0.0,25819.75,minimum_balance,minimum_balance|trading_days|profitable_days
2023-05-08 00:00:00,231,2023-01,719.75,0.0,25819.75,minimum_balance,minimum_balance|trading_days|profitable_days
2023-05-15 00:00:00,212,2023-01,191.25,0.0,25291.25,minimum_balance,minimum_balance|profitable_days|consistency
2023-05-15 00:00:00,213,2023-01,191.25,0.0,25291.25,minimum_balance,minimum_balance|profitable_days|consistency
2023-05-15 00:00:00,214,2023-01,191.25,0.0,25291.25,minimum_balance,minimum_balance|profitable_days|consistency
2023-05-15 00:00:00,215,2023-01,191.25,0.0,25291.25,minimum_balance,minimum_balance|profitable_days|consistency
2023-05-15 00:00:00,216,2023-01,191.25,0.0,25291.25,minimum_balance,minimum_balance|profitable_days|consistency
2023-05-15 00:00:00,217,2023-01,191.25,0.0,25291.25,minimum_balance,minimum_balance|profitable_days|consistency
2023-05-15 00:00:00,218,2023-01,191.25,0.0,25291.25,minimum_balance,minimum_balance|profitable_days|consistency
2023-05-15 00:00:00,219,2023-01,191.25,0.0,25291.25,minimum_balance,minimum_balance|profitable_days|consistency
2023-05-15 00:00:00,220,2023-01,191.25,0.0,25291.25,minimum_balance,minimum_balance|profitable_days|consistency
2023-05-15 00:00:00,221,2023-01,191.25,0.0,25291.25,minimum_balance,minimum_balance|profitable_days|consistency
2023-05-15 00:00:00,222,2023-01,191.25,0.0,25291.25,minimum_balance,minimum_balance|profitable_days|consistency
2023-05-15 00:00:00,223,2023-01,191.25,0.0,25291.25,minimum_balance,minimum_balance|profitable_days|consistency
2023-05-15 00:00:00,224,2023-01,191.25,0.0,25291.25,minimum_balance,minimum_balance|profitable_days|consistency
2023-05-15 00:00:00,225,2023-01,191.25,0.0,25291.25,minimum_balance,minimum_balance|profitable_days|consistency
2023-05-15 00:00:00,226,2023-01,191.25,0.0,25291.25,minimum_balance,minimum_balance|profitable_days|consistency
2023-05-15 00:00:00,227,2023-01,191.25,0.0,25291.25,minimum_balance,minimum_balance|profitable_days|consistency
2023-05-15 00:00:00,228,2023-01,191.25,0.0,25291.25,minimum_balance,minimum_balance|profitable_days|consistency
2023-05-15 00:00:00,229,2023-01,191.25,0.0,25291.25,minimum_balance,minimum_balance|profitable_days|consistency
2023-05-15 00:00:00,230,2023-01,191.25,0.0,25291.25,minimum_balance,minimum_balance|profitable_days|consistency
2023-05-15 00:00:00,231,2023-01,191.25,0.0,25291.25,minimum_balance,minimum_balance|profitable_days|consistency
2023-05-22 00:00:00,212,2023-01,296.6,0.0,25396.6,minimum_balance,minimum_balance|profitable_days|consistency
2023-05-22 00:00:00,213,2023-01,296.6,0.0,25396.6,minimum_balance,minimum_balance|profitable_days|consistency
2023-05-22 00:00:00,214,2023-01,296.6,0.0,25396.6,minimum_balance,minimum_balance|profitable_days|consistency
2023-05-22 00:00:00,215,2023-01,296.6,0.0,25396.6,minimum_balance,minimum_balance|profitable_days|consistency
2023-05-22 00:00:00,216,2023-01,296.6,0.0,25396.6,minimum_balance,minimum_balance|profitable_days|consistency
2023-05-22 00:00:00,217,2023-01,296.6,0.0,25396.6,minimum_balance,minimum_balance|profitable_days|consistency
2023-05-22 00:00:00,218,2023-01,296.6,0.0,25396.6,minimum_balance,minimum_balance|profitable_days|consistency
2023-05-22 00:00:00,219,2023-01,296.6,0.0,25396.6,minimum_balance,minimum_balance|profitable_days|consistency
2023-05-22 00:00:00,220,2023-01,296.6,0.0,25396.6,minimum_balance,minimum_balance|profitable_days|consistency
2023-05-22 00:00:00,221,2023-01,296.6,0.0,25396.6,minimum_balance,minimum_balance|profitable_days|consistency
2023-05-22 00:00:00,222,2023-01,296.6,0.0,25396.6,minimum_balance,minimum_balance|profitable_days|consistency
2023-05-22 00:00:00,223,2023-01,296.6,0.0,25396.6,minimum_balance,minimum_balance|profitable_days|consistency
2023-05-22 00:00:00,224,2023-01,296.6,0.0,25396.6,minimum_balance,minimum_balance|profitable_days|consistency
2023-05-22 00:00:00,225,2023-01,296.6,0.0,25396.6,minimum_balance,minimum_balance|profitable_days|consistency
2023-05-22 00:00:00,226,2023-01,296.6,0.0,25396.6,minimum_balance,minimum_balance|profitable_days|consistency
2023-05-22 00:00:00,227,2023-01,296.6,0.0,25396.6,minimum_balance,minimum_balance|profitable_days|consistency
2023-05-22 00:00:00,228,2023-01,296.6,0.0,25396.6,minimum_balance,minimum_balance|profitable_days|consistency
2023-05-22 00:00:00,229,2023-01,296.6,0.0,25396.6,minimum_balance,minimum_balance|profitable_days|consistency
2023-05-22 00:00:00,230,2023-01,296.6,0.0,25396.6,minimum_balance,minimum_balance|profitable_days|consistency
2023-05-22 00:00:00,231,2023-01,296.6,0.0,25396.6,minimum_balance,minimum_balance|profitable_days|consistency
2023-05-29 00:00:00,212,2023-01,1111.45,0.0,26211.45,minimum_balance,minimum_balance|consistency
2023-05-29 00:00:00,213,2023-01,1111.45,0.0,26211.45,minimum_balance,minimum_balance|consistency
2023-05-29 00:00:00,214,2023-01,1111.45,0.0,26211.45,minimum_balance,minimum_balance|consistency
2023-05-29 00:00:00,215,2023-01,1111.45,0.0,26211.45,minimum_balance,minimum_balance|consistency
2023-05-29 00:00:00,216,2023-01,1111.45,0.0,26211.45,minimum_balance,minimum_balance|consistency
2023-05-29 00:00:00,217,2023-01,1111.45,0.0,26211.45,minimum_balance,minimum_balance|consistency
2023-05-29 00:00:00,218,2023-01,1111.45,0.0,26211.45,minimum_balance,minimum_balance|consistency
2023-05-29 00:00:00,219,2023-01,1111.45,0.0,26211.45,minimum_balance,minimum_balance|consistency
2023-05-29 00:00:00,220,2023-01,1111.45,0.0,26211.45,minimum_balance,minimum_balance|consistency
2023-05-29 00:00:00,221,2023-01,1111.45,0.0,26211.45,minimum_balance,minimum_balance|consistency
2023-05-29 00:00:00,222,2023-01,1111.45,0.0,26211.45,minimum_balance,minimum_balance|consistency
2023-05-29 00:00:00,223,2023-01,1111.45,0.0,26211.45,minimum_balance,minimum_balance|consistency
2023-05-29 00:00:00,224,2023-01,1111.45,0.0,26211.45,minimum_balance,minimum_balance|consistency
2023-05-29 00:00:00,225,2023-01,1111.45,0.0,26211.45,minimum_balance,minimum_balance|consistency
2023-05-29 00:00:00,226,2023-01,1111.45,0.0,26211.45,minimum_balance,minimum_balance|consistency
2023-05-29 00:00:00,227,2023-01,1111.45,0.0,26211.45,minimum_balance,minimum_balance|consistency
2023-05-29 00:00:00,228,2023-01,1111.45,0.0,26211.45,minimum_balance,minimum_balance|consistency
2023-05-29 00:00:00,229,2023-01,1111.45,0.0,26211.45,minimum_balance,minimum_balance|consistency
2023-05-29 00:00:00,230,2023-01,1111.45,0.0,26211.45,minimum_balance,minimum_balance|consistency
2023-05-29 00:00:00,231,2023-01,1111.45,0.0,26211.45,minimum_balance,minimum_balance|consistency
2023-06-05 00:00:00,212,2023-01,904.95,0.0,26004.95,minimum_balance,minimum_balance|consistency
2023-06-05 00:00:00,213,2023-01,904.95,0.0,26004.95,minimum_balance,minimum_balance|consistency
2023-06-05 00:00:00,214,2023-01,904.95,0.0,26004.95,minimum_balance,minimum_balance|consistency
2023-06-05 00:00:00,215,2023-01,904.95,0.0,26004.95,minimum_balance,minimum_balance|consistency
2023-06-05 00:00:00,216,2023-01,904.95,0.0,26004.95,minimum_balance,minimum_balance|consistency
2023-06-05 00:00:00,217,2023-01,904.95,0.0,26004.95,minimum_balance,minimum_balance|consistency
2023-06-05 00:00:00,218,2023-01,904.95,0.0,26004.95,minimum_balance,minimum_balance|consistency
2023-06-05 00:00:00,219,2023-01,904.95,0.0,26004.95,minimum_balance,minimum_balance|consistency
2023-06-05 00:00:00,220,2023-01,904.95,0.0,26004.95,minimum_balance,minimum_balance|consistency
2023-06-05 00:00:00,221,2023-01,904.95,0.0,26004.95,minimum_balance,minimum_balance|consistency
2023-06-05 00:00:00,222,2023-01,904.95,0.0,26004.95,minimum_balance,minimum_balance|consistency
2023-06-05 00:00:00,223,2023-01,904.95,0.0,26004.95,minimum_balance,minimum_balance|consistency
2023-06-05 00:00:00,224,2023-01,904.95,0.0,26004.95,minimum_balance,minimum_balance|consistency
2023-06-05 00:00:00,225,2023-01,904.95,0.0,26004.95,minimum_balance,minimum_balance|consistency
2023-06-05 00:00:00,226,2023-01,904.95,0.0,26004.95,minimum_balance,minimum_balance|consistency
2023-06-05 00:00:00,227,2023-01,904.95,0.0,26004.95,minimum_balance,minimum_balance|consistency
2023-06-05 00:00:00,228,2023-01,904.95,0.0,26004.95,minimum_balance,minimum_balance|consistency
2023-06-05 00:00:00,229,2023-01,904.95,0.0,26004.95,minimum_balance,minimum_balance|consistency
2023-06-05 00:00:00,230,2023-01,904.95,0.0,26004.95,minimum_balance,minimum_balance|consistency
2023-06-05 00:00:00,231,2023-01,904.95,0.0,26004.95,minimum_balance,minimum_balance|consistency
2023-06-12 00:00:00,212,2023-01,1123.7,0.0,26223.7,minimum_balance,minimum_balance|consistency
2023-06-12 00:00:00,213,2023-01,1123.7,0.0,26223.7,minimum_balance,minimum_balance|consistency
2023-06-12 00:00:00,214,2023-01,1123.7,0.0,26223.7,minimum_balance,minimum_balance|consistency
2023-06-12 00:00:00,215,2023-01,1123.7,0.0,26223.7,minimum_balance,minimum_balance|consistency
2023-06-12 00:00:00,216,2023-01,1123.7,0.0,26223.7,minimum_balance,minimum_balance|consistency
2023-06-12 00:00:00,217,2023-01,1123.7,0.0,26223.7,minimum_balance,minimum_balance|consistency
2023-06-12 00:00:00,218,2023-01,1123.7,0.0,26223.7,minimum_balance,minimum_balance|consistency
2023-06-12 00:00:00,219,2023-01,1123.7,0.0,26223.7,minimum_balance,minimum_balance|consistency
2023-06-12 00:00:00,220,2023-01,1123.7,0.0,26223.7,minimum_balance,minimum_balance|consistency
2023-06-12 00:00:00,221,2023-01,1123.7,0.0,26223.7,minimum_balance,minimum_balance|consistency
2023-06-12 00:00:00,222,2023-01,1123.7,0.0,26223.7,minimum_balance,minimum_balance|consistency
2023-06-12 00:00:00,223,2023-01,1123.7,0.0,26223.7,minimum_balance,minimum_balance|consistency
2023-06-12 00:00:00,224,2023-01,1123.7,0.0,26223.7,minimum_balance,minimum_balance|consistency
2023-06-12 00:00:00,225,2023-01,1123.7,0.0,26223.7,minimum_balance,minimum_balance|consistency
2023-06-12 00:00:00,226,2023-01,1123.7,0.0,26223.7,minimum_balance,minimum_balance|consistency
2023-06-12 00:00:00,227,2023-01,1123.7,0.0,26223.7,minimum_balance,minimum_balance|consistency
2023-06-12 00:00:00,228,2023-01,1123.7,0.0,26223.7,minimum_balance,minimum_balance|consistency
2023-06-12 00:00:00,229,2023-01,1123.7,0.0,26223.7,minimum_balance,minimum_balance|consistency
2023-06-12 00:00:00,230,2023-01,1123.7,0.0,26223.7,minimum_balance,minimum_balance|consistency
2023-06-12 00:00:00,231,2023-01,1123.7,0.0,26223.7,minimum_balance,minimum_balance|consistency
2023-06-19 00:00:00,212,2023-01,1271.2,0.0,26371.2,minimum_balance,minimum_balance|consistency
2023-06-19 00:00:00,213,2023-01,1271.2,0.0,26371.2,minimum_balance,minimum_balance|consistency
2023-06-19 00:00:00,214,2023-01,1271.2,0.0,26371.2,minimum_balance,minimum_balance|consistency
2023-06-19 00:00:00,215,2023-01,1271.2,0.0,26371.2,minimum_balance,minimum_balance|consistency
2023-06-19 00:00:00,216,2023-01,1271.2,0.0,26371.2,minimum_balance,minimum_balance|consistency
2023-06-19 00:00:00,217,2023-01,1271.2,0.0,26371.2,minimum_balance,minimum_balance|consistency
2023-06-19 00:00:00,218,2023-01,1271.2,0.0,26371.2,minimum_balance,minimum_balance|consistency
2023-06-19 00:00:00,219,2023-01,1271.2,0.0,26371.2,minimum_balance,minimum_balance|consistency
2023-06-19 00:00:00,220,2023-01,1271.2,0.0,26371.2,minimum_balance,minimum_balance|consistency
2023-06-19 00:00:00,221,2023-01,1271.2,0.0,26371.2,minimum_balance,minimum_balance|consistency
2023-06-19 00:00:00,222,2023-01,1271.2,0.0,26371.2,minimum_balance,minimum_balance|consistency
2023-06-19 00:00:00,223,2023-01,1271.2,0.0,26371.2,minimum_balance,minimum_balance|consistency
2023-06-19 00:00:00,224,2023-01,1271.2,0.0,26371.2,minimum_balance,minimum_balance|consistency
2023-06-19 00:00:00,225,2023-01,1271.2,0.0,26371.2,minimum_balance,minimum_balance|consistency
2023-06-19 00:00:00,226,2023-01,1271.2,0.0,26371.2,minimum_balance,minimum_balance|consistency
2023-06-19 00:00:00,227,2023-01,1271.2,0.0,26371.2,minimum_balance,minimum_balance|consistency
2023-06-19 00:00:00,228,2023-01,1271.2,0.0,26371.2,minimum_balance,minimum_balance|consistency
2023-06-19 00:00:00,229,2023-01,1271.2,0.0,26371.2,minimum_balance,minimum_balance|consistency
2023-06-19 00:00:00,230,2023-01,1271.2,0.0,26371.2,minimum_balance,minimum_balance|consistency
2023-06-19 00:00:00,231,2023-01,1271.2,0.0,26371.2,minimum_balance,minimum_balance|consistency
2023-06-26 00:00:00,212,2023-01,1390.45,0.0,26490.45,minimum_balance,minimum_balance
2023-06-26 00:00:00,213,2023-01,1390.45,0.0,26490.45,minimum_balance,minimum_balance
2023-06-26 00:00:00,214,2023-01,1390.45,0.0,26490.45,minimum_balance,minimum_balance
2023-06-26 00:00:00,215,2023-01,1390.45,0.0,26490.45,minimum_balance,minimum_balance
2023-06-26 00:00:00,216,2023-01,1390.45,0.0,26490.45,minimum_balance,minimum_balance
2023-06-26 00:00:00,217,2023-01,1390.45,0.0,26490.45,minimum_balance,minimum_balance
2023-06-26 00:00:00,218,2023-01,1390.45,0.0,26490.45,minimum_balance,minimum_balance
2023-06-26 00:00:00,219,2023-01,1390.45,0.0,26490.45,minimum_balance,minimum_balance
2023-06-26 00:00:00,220,2023-01,1390.45,0.0,26490.45,minimum_balance,minimum_balance
2023-06-26 00:00:00,221,2023-01,1390.45,0.0,26490.45,minimum_balance,minimum_balance
2023-06-26 00:00:00,222,2023-01,1390.45,0.0,26490.45,minimum_balance,minimum_balance
2023-06-26 00:00:00,223,2023-01,1390.45,0.0,26490.45,minimum_balance,minimum_balance
2023-06-26 00:00:00,224,2023-01,1390.45,0.0,26490.45,minimum_balance,minimum_balance
2023-06-26 00:00:00,225,2023-01,1390.45,0.0,26490.45,minimum_balance,minimum_balance
2023-06-26 00:00:00,226,2023-01,1390.45,0.0,26490.45,minimum_balance,minimum_balance
2023-06-26 00:00:00,227,2023-01,1390.45,0.0,26490.45,minimum_balance,minimum_balance
2023-06-26 00:00:00,228,2023-01,1390.45,0.0,26490.45,minimum_balance,minimum_balance
2023-06-26 00:00:00,229,2023-01,1390.45,0.0,26490.45,minimum_balance,minimum_balance
2023-06-26 00:00:00,230,2023-01,1390.45,0.0,26490.45,minimum_balance,minimum_balance
2023-06-26 00:00:00,231,2023-01,1390.45,0.0,26490.45,minimum_balance,minimum_balance
2023-07-03 00:00:00,212,2023-01,1250.05,0.0,26350.05,minimum_balance,minimum_balance|consistency
2023-07-03 00:00:00,213,2023-01,1250.05,0.0,26350.05,minimum_balance,minimum_balance|consistency
2023-07-03 00:00:00,214,2023-01,1250.05,0.0,26350.05,minimum_balance,minimum_balance|consistency
2023-07-03 00:00:00,215,2023-01,1250.05,0.0,26350.05,minimum_balance,minimum_balance|consistency
2023-07-03 00:00:00,216,2023-01,1250.05,0.0,26350.05,minimum_balance,minimum_balance|consistency
2023-07-03 00:00:00,217,2023-01,1250.05,0.0,26350.05,minimum_balance,minimum_balance|consistency
2023-07-03 00:00:00,218,2023-01,1250.05,0.0,26350.05,minimum_balance,minimum_balance|consistency
2023-07-03 00:00:00,219,2023-01,1250.05,0.0,26350.05,minimum_balance,minimum_balance|consistency
2023-07-03 00:00:00,220,2023-01,1250.05,0.0,26350.05,minimum_balance,minimum_balance|consistency
2023-07-03 00:00:00,221,2023-01,1250.05,0.0,26350.05,minimum_balance,minimum_balance|consistency
2023-07-03 00:00:00,222,2023-01,1250.05,0.0,26350.05,minimum_balance,minimum_balance|consistency
2023-07-03 00:00:00,223,2023-01,1250.05,0.0,26350.05,minimum_balance,minimum_balance|consistency
2023-07-03 00:00:00,224,2023-01,1250.05,0.0,26350.05,minimum_balance,minimum_balance|consistency
2023-07-03 00:00:00,225,2023-01,1250.05,0.0,26350.05,minimum_balance,minimum_balance|consistency
2023-07-03 00:00:00,226,2023-01,1250.05,0.0,26350.05,minimum_balance,minimum_balance|consistency
2023-07-03 00:00:00,227,2023-01,1250.05,0.0,26350.05,minimum_balance,minimum_balance|consistency
2023-07-03 00:00:00,228,2023-01,1250.05,0.0,26350.05,minimum_balance,minimum_balance|consistency
2023-07-03 00:00:00,229,2023-01,1250.05,0.0,26350.05,minimum_balance,minimum_balance|consistency
2023-07-03 00:00:00,230,2023-01,1250.05,0.0,26350.05,minimum_balance,minimum_balance|consistency
2023-07-03 00:00:00,231,2023-01,1250.05,0.0,26350.05,minimum_balance,minimum_balance|consistency
2023-07-10 00:00:00,212,2023-01,968.75,0.0,26068.75,minimum_balance,minimum_balance|consistency
2023-07-10 00:00:00,213,2023-01,968.75,0.0,26068.75,minimum_balance,minimum_balance|consistency
2023-07-10 00:00:00,214,2023-01,968.75,0.0,26068.75,minimum_balance,minimum_balance|consistency
2023-07-10 00:00:00,215,2023-01,968.75,0.0,26068.75,minimum_balance,minimum_balance|consistency
2023-07-10 00:00:00,216,2023-01,968.75,0.0,26068.75,minimum_balance,minimum_balance|consistency
2023-07-10 00:00:00,217,2023-01,968.75,0.0,26068.75,minimum_balance,minimum_balance|consistency
2023-07-10 00:00:00,218,2023-01,968.75,0.0,26068.75,minimum_balance,minimum_balance|consistency
2023-07-10 00:00:00,219,2023-01,968.75,0.0,26068.75,minimum_balance,minimum_balance|consistency
2023-07-10 00:00:00,220,2023-01,968.75,0.0,26068.75,minimum_balance,minimum_balance|consistency
2023-07-10 00:00:00,221,2023-01,968.75,0.0,26068.75,minimum_balance,minimum_balance|consistency
2023-07-10 00:00:00,222,2023-01,968.75,0.0,26068.75,minimum_balance,minimum_balance|consistency
2023-07-10 00:00:00,223,2023-01,968.75,0.0,26068.75,minimum_balance,minimum_balance|consistency
2023-07-10 00:00:00,224,2023-01,968.75,0.0,26068.75,minimum_balance,minimum_balance|consistency
2023-07-10 00:00:00,225,2023-01,968.75,0.0,26068.75,minimum_balance,minimum_balance|consistency
2023-07-10 00:00:00,226,2023-01,968.75,0.0,26068.75,minimum_balance,minimum_balance|consistency
2023-07-10 00:00:00,227,2023-01,968.75,0.0,26068.75,minimum_balance,minimum_balance|consistency
2023-07-10 00:00:00,228,2023-01,968.75,0.0,26068.75,minimum_balance,minimum_balance|consistency
2023-07-10 00:00:00,229,2023-01,968.75,0.0,26068.75,minimum_balance,minimum_balance|consistency
2023-07-10 00:00:00,230,2023-01,968.75,0.0,26068.75,minimum_balance,minimum_balance|consistency
2023-07-10 00:00:00,231,2023-01,968.75,0.0,26068.75,minimum_balance,minimum_balance|consistency
2023-07-17 00:00:00,212,2023-01,1328.6,0.0,26428.6,minimum_balance,minimum_balance|consistency
2023-07-17 00:00:00,213,2023-01,1328.6,0.0,26428.6,minimum_balance,minimum_balance|consistency
2023-07-17 00:00:00,214,2023-01,1328.6,0.0,26428.6,minimum_balance,minimum_balance|consistency
2023-07-17 00:00:00,215,2023-01,1328.6,0.0,26428.6,minimum_balance,minimum_balance|consistency
2023-07-17 00:00:00,216,2023-01,1328.6,0.0,26428.6,minimum_balance,minimum_balance|consistency
2023-07-17 00:00:00,217,2023-01,1328.6,0.0,26428.6,minimum_balance,minimum_balance|consistency
2023-07-17 00:00:00,218,2023-01,1328.6,0.0,26428.6,minimum_balance,minimum_balance|consistency
2023-07-17 00:00:00,219,2023-01,1328.6,0.0,26428.6,minimum_balance,minimum_balance|consistency
2023-07-17 00:00:00,220,2023-01,1328.6,0.0,26428.6,minimum_balance,minimum_balance|consistency
2023-07-17 00:00:00,221,2023-01,1328.6,0.0,26428.6,minimum_balance,minimum_balance|consistency
2023-07-17 00:00:00,222,2023-01,1328.6,0.0,26428.6,minimum_balance,minimum_balance|consistency
2023-07-17 00:00:00,223,2023-01,1328.6,0.0,26428.6,minimum_balance,minimum_balance|consistency
2023-07-17 00:00:00,224,2023-01,1328.6,0.0,26428.6,minimum_balance,minimum_balance|consistency
2023-07-17 00:00:00,225,2023-01,1328.6,0.0,26428.6,minimum_balance,minimum_balance|consistency
2023-07-17 00:00:00,226,2023-01,1328.6,0.0,26428.6,minimum_balance,minimum_balance|consistency
2023-07-17 00:00:00,227,2023-01,1328.6,0.0,26428.6,minimum_balance,minimum_balance|consistency
2023-07-17 00:00:00,228,2023-01,1328.6,0.0,26428.6,minimum_balance,minimum_balance|consistency
2023-07-17 00:00:00,229,2023-01,1328.6,0.0,26428.6,minimum_balance,minimum_balance|consistency
2023-07-17 00:00:00,230,2023-01,1328.6,0.0,26428.6,minimum_balance,minimum_balance|consistency
2023-07-17 00:00:00,231,2023-01,1328.6,0.0,26428.6,minimum_balance,minimum_balance|consistency
2023-07-31 00:00:00,212,2023-01,937.95,0.0,26037.95,minimum_balance,minimum_balance|trading_days|profitable_days
2023-07-31 00:00:00,213,2023-01,937.95,0.0,26037.95,minimum_balance,minimum_balance|trading_days|profitable_days
2023-07-31 00:00:00,214,2023-01,937.95,0.0,26037.95,minimum_balance,minimum_balance|trading_days|profitable_days
2023-07-31 00:00:00,215,2023-01,937.95,0.0,26037.95,minimum_balance,minimum_balance|trading_days|profitable_days
2023-07-31 00:00:00,216,2023-01,937.95,0.0,26037.95,minimum_balance,minimum_balance|trading_days|profitable_days
2023-07-31 00:00:00,217,2023-01,937.95,0.0,26037.95,minimum_balance,minimum_balance|trading_days|profitable_days
2023-07-31 00:00:00,218,2023-01,937.95,0.0,26037.95,minimum_balance,minimum_balance|trading_days|profitable_days
2023-07-31 00:00:00,219,2023-01,937.95,0.0,26037.95,minimum_balance,minimum_balance|trading_days|profitable_days
2023-07-31 00:00:00,220,2023-01,937.95,0.0,26037.95,minimum_balance,minimum_balance|trading_days|profitable_days
2023-07-31 00:00:00,221,2023-01,937.95,0.0,26037.95,minimum_balance,minimum_balance|trading_days|profitable_days
2023-07-31 00:00:00,222,2023-01,937.95,0.0,26037.95,minimum_balance,minimum_balance|trading_days|profitable_days
2023-07-31 00:00:00,223,2023-01,937.95,0.0,26037.95,minimum_balance,minimum_balance|trading_days|profitable_days
2023-07-31 00:00:00,224,2023-01,937.95,0.0,26037.95,minimum_balance,minimum_balance|trading_days|profitable_days
2023-07-31 00:00:00,225,2023-01,937.95,0.0,26037.95,minimum_balance,minimum_balance|trading_days|profitable_days
2023-07-31 00:00:00,226,2023-01,937.95,0.0,26037.95,minimum_balance,minimum_balance|trading_days|profitable_days
2023-07-31 00:00:00,227,2023-01,937.95,0.0,26037.95,minimum_balance,minimum_balance|trading_days|profitable_days
2023-07-31 00:00:00,228,2023-01,937.95,0.0,26037.95,minimum_balance,minimum_balance|trading_days|profitable_days
2023-07-31 00:00:00,229,2023-01,937.95,0.0,26037.95,minimum_balance,minimum_balance|trading_days|profitable_days
2023-07-31 00:00:00,230,2023-01,937.95,0.0,26037.95,minimum_balance,minimum_balance|trading_days|profitable_days
2023-07-31 00:00:00,231,2023-01,937.95,0.0,26037.95,minimum_balance,minimum_balance|trading_days|profitable_days
2023-08-07 00:00:00,212,2023-01,614.75,0.0,25714.75,minimum_balance,minimum_balance|profitable_days|consistency
2023-08-07 00:00:00,213,2023-01,614.75,0.0,25714.75,minimum_balance,minimum_balance|profitable_days|consistency
2023-08-07 00:00:00,214,2023-01,614.75,0.0,25714.75,minimum_balance,minimum_balance|profitable_days|consistency
2023-08-07 00:00:00,215,2023-01,614.75,0.0,25714.75,minimum_balance,minimum_balance|profitable_days|consistency
2023-08-07 00:00:00,216,2023-01,614.75,0.0,25714.75,minimum_balance,minimum_balance|profitable_days|consistency
2023-08-07 00:00:00,217,2023-01,614.75,0.0,25714.75,minimum_balance,minimum_balance|profitable_days|consistency
2023-08-07 00:00:00,218,2023-01,614.75,0.0,25714.75,minimum_balance,minimum_balance|profitable_days|consistency
2023-08-07 00:00:00,219,2023-01,614.75,0.0,25714.75,minimum_balance,minimum_balance|profitable_days|consistency
2023-08-07 00:00:00,220,2023-01,614.75,0.0,25714.75,minimum_balance,minimum_balance|profitable_days|consistency
2023-08-07 00:00:00,221,2023-01,614.75,0.0,25714.75,minimum_balance,minimum_balance|profitable_days|consistency
2023-08-07 00:00:00,222,2023-01,614.75,0.0,25714.75,minimum_balance,minimum_balance|profitable_days|consistency
2023-08-07 00:00:00,223,2023-01,614.75,0.0,25714.75,minimum_balance,minimum_balance|profitable_days|consistency
2023-08-07 00:00:00,224,2023-01,614.75,0.0,25714.75,minimum_balance,minimum_balance|profitable_days|consistency
2023-08-07 00:00:00,225,2023-01,614.75,0.0,25714.75,minimum_balance,minimum_balance|profitable_days|consistency
2023-08-07 00:00:00,226,2023-01,614.75,0.0,25714.75,minimum_balance,minimum_balance|profitable_days|consistency
2023-08-07 00:00:00,227,2023-01,614.75,0.0,25714.75,minimum_balance,minimum_balance|profitable_days|consistency
2023-08-07 00:00:00,228,2023-01,614.75,0.0,25714.75,minimum_balance,minimum_balance|profitable_days|consistency
2023-08-07 00:00:00,229,2023-01,614.75,0.0,25714.75,minimum_balance,minimum_balance|profitable_days|consistency
2023-08-07 00:00:00,230,2023-01,614.75,0.0,25714.75,minimum_balance,minimum_balance|profitable_days|consistency
2023-08-07 00:00:00,231,2023-01,614.75,0.0,25714.75,minimum_balance,minimum_balance|profitable_days|consistency
2023-08-14 00:00:00,212,2023-01,581.0,0.0,25681.0,minimum_balance,minimum_balance|consistency
2023-08-14 00:00:00,213,2023-01,581.0,0.0,25681.0,minimum_balance,minimum_balance|consistency
2023-08-14 00:00:00,214,2023-01,581.0,0.0,25681.0,minimum_balance,minimum_balance|consistency
2023-08-14 00:00:00,215,2023-01,581.0,0.0,25681.0,minimum_balance,minimum_balance|consistency
2023-08-14 00:00:00,216,2023-01,581.0,0.0,25681.0,minimum_balance,minimum_balance|consistency
2023-08-14 00:00:00,217,2023-01,581.0,0.0,25681.0,minimum_balance,minimum_balance|consistency
2023-08-14 00:00:00,218,2023-01,581.0,0.0,25681.0,minimum_balance,minimum_balance|consistency
2023-08-14 00:00:00,219,2023-01,581.0,0.0,25681.0,minimum_balance,minimum_balance|consistency
2023-08-14 00:00:00,220,2023-01,581.0,0.0,25681.0,minimum_balance,minimum_balance|consistency
2023-08-14 00:00:00,221,2023-01,581.0,0.0,25681.0,minimum_balance,minimum_balance|consistency
2023-08-14 00:00:00,222,2023-01,581.0,0.0,25681.0,minimum_balance,minimum_balance|consistency
2023-08-14 00:00:00,223,2023-01,581.0,0.0,25681.0,minimum_balance,minimum_balance|consistency
2023-08-14 00:00:00,224,2023-01,581.0,0.0,25681.0,minimum_balance,minimum_balance|consistency
2023-08-14 00:00:00,225,2023-01,581.0,0.0,25681.0,minimum_balance,minimum_balance|consistency
2023-08-14 00:00:00,226,2023-01,581.0,0.0,25681.0,minimum_balance,minimum_balance|consistency
2023-08-14 00:00:00,227,2023-01,581.0,0.0,25681.0,minimum_balance,minimum_balance|consistency
2023-08-14 00:00:00,228,2023-01,581.0,0.0,25681.0,minimum_balance,minimum_balance|consistency
2023-08-14 00:00:00,229,2023-01,581.0,0.0,25681.0,minimum_balance,minimum_balance|consistency
2023-08-14 00:00:00,230,2023-01,581.0,0.0,25681.0,minimum_balance,minimum_balance|consistency
2023-08-14 00:00:00,231,2023-01,581.0,0.0,25681.0,minimum_balance,minimum_balance|consistency
2023-08-21 00:00:00,212,2023-01,417.7,0.0,25517.7,minimum_balance,minimum_balance|consistency
2023-08-21 00:00:00,213,2023-01,417.7,0.0,25517.7,minimum_balance,minimum_balance|consistency
2023-08-21 00:00:00,214,2023-01,417.7,0.0,25517.7,minimum_balance,minimum_balance|consistency
2023-08-21 00:00:00,215,2023-01,417.7,0.0,25517.7,minimum_balance,minimum_balance|consistency
2023-08-21 00:00:00,216,2023-01,417.7,0.0,25517.7,minimum_balance,minimum_balance|consistency
2023-08-21 00:00:00,217,2023-01,417.7,0.0,25517.7,minimum_balance,minimum_balance|consistency
2023-08-21 00:00:00,218,2023-01,417.7,0.0,25517.7,minimum_balance,minimum_balance|consistency
2023-08-21 00:00:00,219,2023-01,417.7,0.0,25517.7,minimum_balance,minimum_balance|consistency
2023-08-21 00:00:00,220,2023-01,417.7,0.0,25517.7,minimum_balance,minimum_balance|consistency
2023-08-21 00:00:00,221,2023-01,417.7,0.0,25517.7,minimum_balance,minimum_balance|consistency
2023-08-21 00:00:00,222,2023-01,417.7,0.0,25517.7,minimum_balance,minimum_balance|consistency
2023-08-21 00:00:00,223,2023-01,417.7,0.0,25517.7,minimum_balance,minimum_balance|consistency
2023-08-21 00:00:00,224,2023-01,417.7,0.0,25517.7,minimum_balance,minimum_balance|consistency
2023-08-21 00:00:00,225,2023-01,417.7,0.0,25517.7,minimum_balance,minimum_balance|consistency
2023-08-21 00:00:00,226,2023-01,417.7,0.0,25517.7,minimum_balance,minimum_balance|consistency
2023-08-21 00:00:00,227,2023-01,417.7,0.0,25517.7,minimum_balance,minimum_balance|consistency
2023-08-21 00:00:00,228,2023-01,417.7,0.0,25517.7,minimum_balance,minimum_balance|consistency
2023-08-21 00:00:00,229,2023-01,417.7,0.0,25517.7,minimum_balance,minimum_balance|consistency
2023-08-21 00:00:00,230,2023-01,417.7,0.0,25517.7,minimum_balance,minimum_balance|consistency
2023-08-21 00:00:00,231,2023-01,417.7,0.0,25517.7,minimum_balance,minimum_balance|consistency
2023-08-28 00:00:00,212,2023-01,1202.2,0.0,26302.2,minimum_balance,minimum_balance|consistency
2023-08-28 00:00:00,213,2023-01,1202.2,0.0,26302.2,minimum_balance,minimum_balance|consistency
2023-08-28 00:00:00,214,2023-01,1202.2,0.0,26302.2,minimum_balance,minimum_balance|consistency
2023-08-28 00:00:00,215,2023-01,1202.2,0.0,26302.2,minimum_balance,minimum_balance|consistency
2023-08-28 00:00:00,216,2023-01,1202.2,0.0,26302.2,minimum_balance,minimum_balance|consistency
2023-08-28 00:00:00,217,2023-01,1202.2,0.0,26302.2,minimum_balance,minimum_balance|consistency
2023-08-28 00:00:00,218,2023-01,1202.2,0.0,26302.2,minimum_balance,minimum_balance|consistency
2023-08-28 00:00:00,219,2023-01,1202.2,0.0,26302.2,minimum_balance,minimum_balance|consistency
2023-08-28 00:00:00,220,2023-01,1202.2,0.0,26302.2,minimum_balance,minimum_balance|consistency
2023-08-28 00:00:00,221,2023-01,1202.2,0.0,26302.2,minimum_balance,minimum_balance|consistency
2023-08-28 00:00:00,222,2023-01,1202.2,0.0,26302.2,minimum_balance,minimum_balance|consistency
2023-08-28 00:00:00,223,2023-01,1202.2,0.0,26302.2,minimum_balance,minimum_balance|consistency
2023-08-28 00:00:00,224,2023-01,1202.2,0.0,26302.2,minimum_balance,minimum_balance|consistency
2023-08-28 00:00:00,225,2023-01,1202.2,0.0,26302.2,minimum_balance,minimum_balance|consistency
2023-08-28 00:00:00,226,2023-01,1202.2,0.0,26302.2,minimum_balance,minimum_balance|consistency
2023-08-28 00:00:00,227,2023-01,1202.2,0.0,26302.2,minimum_balance,minimum_balance|consistency
2023-08-28 00:00:00,228,2023-01,1202.2,0.0,26302.2,minimum_balance,minimum_balance|consistency
2023-08-28 00:00:00,229,2023-01,1202.2,0.0,26302.2,minimum_balance,minimum_balance|consistency
2023-08-28 00:00:00,230,2023-01,1202.2,0.0,26302.2,minimum_balance,minimum_balance|consistency
2023-08-28 00:00:00,231,2023-01,1202.2,0.0,26302.2,minimum_balance,minimum_balance|consistency
2023-11-06 00:00:00,252,2023-10,328.6,0.0,25428.6,minimum_balance,minimum_balance|trading_days|profitable_days|consistency
2023-11-06 00:00:00,253,2023-10,328.6,0.0,25428.6,minimum_balance,minimum_balance|trading_days|profitable_days|consistency
2023-11-06 00:00:00,254,2023-10,328.6,0.0,25428.6,minimum_balance,minimum_balance|trading_days|profitable_days|consistency
2023-11-06 00:00:00,255,2023-10,328.6,0.0,25428.6,minimum_balance,minimum_balance|trading_days|profitable_days|consistency
2023-11-06 00:00:00,256,2023-10,328.6,0.0,25428.6,minimum_balance,minimum_balance|trading_days|profitable_days|consistency
2023-11-06 00:00:00,257,2023-10,328.6,0.0,25428.6,minimum_balance,minimum_balance|trading_days|profitable_days|consistency
2023-11-06 00:00:00,258,2023-10,328.6,0.0,25428.6,minimum_balance,minimum_balance|trading_days|profitable_days|consistency
2023-11-06 00:00:00,259,2023-10,328.6,0.0,25428.6,minimum_balance,minimum_balance|trading_days|profitable_days|consistency
2023-11-06 00:00:00,260,2023-10,328.6,0.0,25428.6,minimum_balance,minimum_balance|trading_days|profitable_days|consistency
2023-11-06 00:00:00,261,2023-10,328.6,0.0,25428.6,minimum_balance,minimum_balance|trading_days|profitable_days|consistency
2023-11-06 00:00:00,262,2023-10,328.6,0.0,25428.6,minimum_balance,minimum_balance|trading_days|profitable_days|consistency
2023-11-06 00:00:00,263,2023-10,328.6,0.0,25428.6,minimum_balance,minimum_balance|trading_days|profitable_days|consistency
2023-11-06 00:00:00,264,2023-10,328.6,0.0,25428.6,minimum_balance,minimum_balance|trading_days|profitable_days|consistency
2023-11-06 00:00:00,265,2023-10,328.6,0.0,25428.6,minimum_balance,minimum_balance|trading_days|profitable_days|consistency
2023-11-06 00:00:00,266,2023-10,328.6,0.0,25428.6,minimum_balance,minimum_balance|trading_days|profitable_days|consistency
2023-11-06 00:00:00,267,2023-10,328.6,0.0,25428.6,minimum_balance,minimum_balance|trading_days|profitable_days|consistency
2023-11-06 00:00:00,268,2023-10,328.6,0.0,25428.6,minimum_balance,minimum_balance|trading_days|profitable_days|consistency
2023-11-06 00:00:00,269,2023-10,328.6,0.0,25428.6,minimum_balance,minimum_balance|trading_days|profitable_days|consistency
2023-11-06 00:00:00,270,2023-10,328.6,0.0,25428.6,minimum_balance,minimum_balance|trading_days|profitable_days|consistency
2023-11-06 00:00:00,271,2023-10,328.6,0.0,25428.6,minimum_balance,minimum_balance|trading_days|profitable_days|consistency
2023-11-13 00:00:00,252,2023-10,206.0,0.0,25306.0,minimum_balance,minimum_balance|consistency
2023-11-13 00:00:00,253,2023-10,206.0,0.0,25306.0,minimum_balance,minimum_balance|consistency
2023-11-13 00:00:00,254,2023-10,206.0,0.0,25306.0,minimum_balance,minimum_balance|consistency
2023-11-13 00:00:00,255,2023-10,206.0,0.0,25306.0,minimum_balance,minimum_balance|consistency
2023-11-13 00:00:00,256,2023-10,206.0,0.0,25306.0,minimum_balance,minimum_balance|consistency
2023-11-13 00:00:00,257,2023-10,206.0,0.0,25306.0,minimum_balance,minimum_balance|consistency
2023-11-13 00:00:00,258,2023-10,206.0,0.0,25306.0,minimum_balance,minimum_balance|consistency
2023-11-13 00:00:00,259,2023-10,206.0,0.0,25306.0,minimum_balance,minimum_balance|consistency
2023-11-13 00:00:00,260,2023-10,206.0,0.0,25306.0,minimum_balance,minimum_balance|consistency
2023-11-13 00:00:00,261,2023-10,206.0,0.0,25306.0,minimum_balance,minimum_balance|consistency
2023-11-13 00:00:00,262,2023-10,206.0,0.0,25306.0,minimum_balance,minimum_balance|consistency
2023-11-13 00:00:00,263,2023-10,206.0,0.0,25306.0,minimum_balance,minimum_balance|consistency
2023-11-13 00:00:00,264,2023-10,206.0,0.0,25306.0,minimum_balance,minimum_balance|consistency
2023-11-13 00:00:00,265,2023-10,206.0,0.0,25306.0,minimum_balance,minimum_balance|consistency
2023-11-13 00:00:00,266,2023-10,206.0,0.0,25306.0,minimum_balance,minimum_balance|consistency
2023-11-13 00:00:00,267,2023-10,206.0,0.0,25306.0,minimum_balance,minimum_balance|consistency
2023-11-13 00:00:00,268,2023-10,206.0,0.0,25306.0,minimum_balance,minimum_balance|consistency
2023-11-13 00:00:00,269,2023-10,206.0,0.0,25306.0,minimum_balance,minimum_balance|consistency
2023-11-13 00:00:00,270,2023-10,206.0,0.0,25306.0,minimum_balance,minimum_balance|consistency
2023-11-13 00:00:00,271,2023-10,206.0,0.0,25306.0,minimum_balance,minimum_balance|consistency
2023-11-27 00:00:00,252,2023-10,83.85,0.0,25183.85,minimum_balance,minimum_balance|consistency
2023-11-27 00:00:00,253,2023-10,83.85,0.0,25183.85,minimum_balance,minimum_balance|consistency
2023-11-27 00:00:00,254,2023-10,83.85,0.0,25183.85,minimum_balance,minimum_balance|consistency
2023-11-27 00:00:00,255,2023-10,83.85,0.0,25183.85,minimum_balance,minimum_balance|consistency
2023-11-27 00:00:00,256,2023-10,83.85,0.0,25183.85,minimum_balance,minimum_balance|consistency
2023-11-27 00:00:00,257,2023-10,83.85,0.0,25183.85,minimum_balance,minimum_balance|consistency
2023-11-27 00:00:00,258,2023-10,83.85,0.0,25183.85,minimum_balance,minimum_balance|consistency
2023-11-27 00:00:00,259,2023-10,83.85,0.0,25183.85,minimum_balance,minimum_balance|consistency
2023-11-27 00:00:00,260,2023-10,83.85,0.0,25183.85,minimum_balance,minimum_balance|consistency
2023-11-27 00:00:00,261,2023-10,83.85,0.0,25183.85,minimum_balance,minimum_balance|consistency
2023-11-27 00:00:00,262,2023-10,83.85,0.0,25183.85,minimum_balance,minimum_balance|consistency
2023-11-27 00:00:00,263,2023-10,83.85,0.0,25183.85,minimum_balance,minimum_balance|consistency
2023-11-27 00:00:00,264,2023-10,83.85,0.0,25183.85,minimum_balance,minimum_balance|consistency
2023-11-27 00:00:00,265,2023-10,83.85,0.0,25183.85,minimum_balance,minimum_balance|consistency
2023-11-27 00:00:00,266,2023-10,83.85,0.0,25183.85,minimum_balance,minimum_balance|consistency
2023-11-27 00:00:00,267,2023-10,83.85,0.0,25183.85,minimum_balance,minimum_balance|consistency
2023-11-27 00:00:00,268,2023-10,83.85,0.0,25183.85,minimum_balance,minimum_balance|consistency
2023-11-27 00:00:00,269,2023-10,83.85,0.0,25183.85,minimum_balance,minimum_balance|consistency
2023-11-27 00:00:00,270,2023-10,83.85,0.0,25183.85,minimum_balance,minimum_balance|consistency
2023-11-27 00:00:00,271,2023-10,83.85,0.0,25183.85,minimum_balance,minimum_balance|consistency
2023-12-11 00:00:00,252,2023-10,265.95,0.0,25365.95,minimum_balance,minimum_balance|consistency
2023-12-11 00:00:00,253,2023-10,265.95,0.0,25365.95,minimum_balance,minimum_balance|consistency
2023-12-11 00:00:00,254,2023-10,265.95,0.0,25365.95,minimum_balance,minimum_balance|consistency
2023-12-11 00:00:00,255,2023-10,265.95,0.0,25365.95,minimum_balance,minimum_balance|consistency
2023-12-11 00:00:00,256,2023-10,265.95,0.0,25365.95,minimum_balance,minimum_balance|consistency
2023-12-11 00:00:00,257,2023-10,265.95,0.0,25365.95,minimum_balance,minimum_balance|consistency
2023-12-11 00:00:00,258,2023-10,265.95,0.0,25365.95,minimum_balance,minimum_balance|consistency
2023-12-11 00:00:00,259,2023-10,265.95,0.0,25365.95,minimum_balance,minimum_balance|consistency
2023-12-11 00:00:00,260,2023-10,265.95,0.0,25365.95,minimum_balance,minimum_balance|consistency
2023-12-11 00:00:00,261,2023-10,265.95,0.0,25365.95,minimum_balance,minimum_balance|consistency
2023-12-11 00:00:00,262,2023-10,265.95,0.0,25365.95,minimum_balance,minimum_balance|consistency
2023-12-11 00:00:00,263,2023-10,265.95,0.0,25365.95,minimum_balance,minimum_balance|consistency
2023-12-11 00:00:00,264,2023-10,265.95,0.0,25365.95,minimum_balance,minimum_balance|consistency
2023-12-11 00:00:00,265,2023-10,265.95,0.0,25365.95,minimum_balance,minimum_balance|consistency
2023-12-11 00:00:00,266,2023-10,265.95,0.0,25365.95,minimum_balance,minimum_balance|consistency
2023-12-11 00:00:00,267,2023-10,265.95,0.0,25365.95,minimum_balance,minimum_balance|consistency
2023-12-11 00:00:00,268,2023-10,265.95,0.0,25365.95,minimum_balance,minimum_balance|consistency
2023-12-11 00:00:00,269,2023-10,265.95,0.0,25365.95,minimum_balance,minimum_balance|consistency
2023-12-11 00:00:00,270,2023-10,265.95,0.0,25365.95,minimum_balance,minimum_balance|consistency
2023-12-11 00:00:00,271,2023-10,265.95,0.0,25365.95,minimum_balance,minimum_balance|consistency
2023-12-18 00:00:00,252,2023-10,773.65,0.0,25873.65,minimum_balance,minimum_balance|consistency
2023-12-18 00:00:00,253,2023-10,773.65,0.0,25873.65,minimum_balance,minimum_balance|consistency
2023-12-18 00:00:00,254,2023-10,773.65,0.0,25873.65,minimum_balance,minimum_balance|consistency
2023-12-18 00:00:00,255,2023-10,773.65,0.0,25873.65,minimum_balance,minimum_balance|consistency
2023-12-18 00:00:00,256,2023-10,773.65,0.0,25873.65,minimum_balance,minimum_balance|consistency
2023-12-18 00:00:00,257,2023-10,773.65,0.0,25873.65,minimum_balance,minimum_balance|consistency
2023-12-18 00:00:00,258,2023-10,773.65,0.0,25873.65,minimum_balance,minimum_balance|consistency
2023-12-18 00:00:00,259,2023-10,773.65,0.0,25873.65,minimum_balance,minimum_balance|consistency
2023-12-18 00:00:00,260,2023-10,773.65,0.0,25873.65,minimum_balance,minimum_balance|consistency
2023-12-18 00:00:00,261,2023-10,773.65,0.0,25873.65,minimum_balance,minimum_balance|consistency
2023-12-18 00:00:00,262,2023-10,773.65,0.0,25873.65,minimum_balance,minimum_balance|consistency
2023-12-18 00:00:00,263,2023-10,773.65,0.0,25873.65,minimum_balance,minimum_balance|consistency
2023-12-18 00:00:00,264,2023-10,773.65,0.0,25873.65,minimum_balance,minimum_balance|consistency
2023-12-18 00:00:00,265,2023-10,773.65,0.0,25873.65,minimum_balance,minimum_balance|consistency
2023-12-18 00:00:00,266,2023-10,773.65,0.0,25873.65,minimum_balance,minimum_balance|consistency
2023-12-18 00:00:00,267,2023-10,773.65,0.0,25873.65,minimum_balance,minimum_balance|consistency
2023-12-18 00:00:00,268,2023-10,773.65,0.0,25873.65,minimum_balance,minimum_balance|consistency
2023-12-18 00:00:00,269,2023-10,773.65,0.0,25873.65,minimum_balance,minimum_balance|consistency
2023-12-18 00:00:00,270,2023-10,773.65,0.0,25873.65,minimum_balance,minimum_balance|consistency
2023-12-18 00:00:00,271,2023-10,773.65,0.0,25873.65,minimum_balance,minimum_balance|consistency
2023-12-25 00:00:00,252,2023-10,843.65,0.0,25943.65,minimum_balance,minimum_balance|consistency
2023-12-25 00:00:00,253,2023-10,843.65,0.0,25943.65,minimum_balance,minimum_balance|consistency
2023-12-25 00:00:00,254,2023-10,843.65,0.0,25943.65,minimum_balance,minimum_balance|consistency
2023-12-25 00:00:00,255,2023-10,843.65,0.0,25943.65,minimum_balance,minimum_balance|consistency
2023-12-25 00:00:00,256,2023-10,843.65,0.0,25943.65,minimum_balance,minimum_balance|consistency
2023-12-25 00:00:00,257,2023-10,843.65,0.0,25943.65,minimum_balance,minimum_balance|consistency
2023-12-25 00:00:00,258,2023-10,843.65,0.0,25943.65,minimum_balance,minimum_balance|consistency
2023-12-25 00:00:00,259,2023-10,843.65,0.0,25943.65,minimum_balance,minimum_balance|consistency
2023-12-25 00:00:00,260,2023-10,843.65,0.0,25943.65,minimum_balance,minimum_balance|consistency
2023-12-25 00:00:00,261,2023-10,843.65,0.0,25943.65,minimum_balance,minimum_balance|consistency
2023-12-25 00:00:00,262,2023-10,843.65,0.0,25943.65,minimum_balance,minimum_balance|consistency
2023-12-25 00:00:00,263,2023-10,843.65,0.0,25943.65,minimum_balance,minimum_balance|consistency
2023-12-25 00:00:00,264,2023-10,843.65,0.0,25943.65,minimum_balance,minimum_balance|consistency
2023-12-25 00:00:00,265,2023-10,843.65,0.0,25943.65,minimum_balance,minimum_balance|consistency
2023-12-25 00:00:00,266,2023-10,843.65,0.0,25943.65,minimum_balance,minimum_balance|consistency
2023-12-25 00:00:00,267,2023-10,843.65,0.0,25943.65,minimum_balance,minimum_balance|consistency
2023-12-25 00:00:00,268,2023-10,843.65,0.0,25943.65,minimum_balance,minimum_balance|consistency
2023-12-25 00:00:00,269,2023-10,843.65,0.0,25943.65,minimum_balance,minimum_balance|consistency
2023-12-25 00:00:00,270,2023-10,843.65,0.0,25943.65,minimum_balance,minimum_balance|consistency
2023-12-25 00:00:00,271,2023-10,843.65,0.0,25943.65,minimum_balance,minimum_balance|consistency
2024-01-01 00:00:00,252,2023-10,1012.3,0.0,26112.3,minimum_balance,minimum_balance
2024-01-01 00:00:00,253,2023-10,1012.3,0.0,26112.3,minimum_balance,minimum_balance
2024-01-01 00:00:00,254,2023-10,1012.3,0.0,26112.3,minimum_balance,minimum_balance
2024-01-01 00:00:00,255,2023-10,1012.3,0.0,26112.3,minimum_balance,minimum_balance
2024-01-01 00:00:00,256,2023-10,1012.3,0.0,26112.3,minimum_balance,minimum_balance
2024-01-01 00:00:00,257,2023-10,1012.3,0.0,26112.3,minimum_balance,minimum_balance
2024-01-01 00:00:00,258,2023-10,1012.3,0.0,26112.3,minimum_balance,minimum_balance
2024-01-01 00:00:00,259,2023-10,1012.3,0.0,26112.3,minimum_balance,minimum_balance
2024-01-01 00:00:00,260,2023-10,1012.3,0.0,26112.3,minimum_balance,minimum_balance
2024-01-01 00:00:00,261,2023-10,1012.3,0.0,26112.3,minimum_balance,minimum_balance
2024-01-01 00:00:00,262,2023-10,1012.3,0.0,26112.3,minimum_balance,minimum_balance
2024-01-01 00:00:00,263,2023-10,1012.3,0.0,26112.3,minimum_balance,minimum_balance
2024-01-01 00:00:00,264,2023-10,1012.3,0.0,26112.3,minimum_balance,minimum_balance
2024-01-01 00:00:00,265,2023-10,1012.3,0.0,26112.3,minimum_balance,minimum_balance
2024-01-01 00:00:00,266,2023-10,1012.3,0.0,26112.3,minimum_balance,minimum_balance
2024-01-01 00:00:00,267,2023-10,1012.3,0.0,26112.3,minimum_balance,minimum_balance
2024-01-01 00:00:00,268,2023-10,1012.3,0.0,26112.3,minimum_balance,minimum_balance
2024-01-01 00:00:00,269,2023-10,1012.3,0.0,26112.3,minimum_balance,minimum_balance
2024-01-01 00:00:00,270,2023-10,1012.3,0.0,26112.3,minimum_balance,minimum_balance
2024-01-01 00:00:00,271,2023-10,1012.3,0.0,26112.3,minimum_balance,minimum_balance
2024-01-08 00:00:00,252,2023-10,1146.6,0.0,26246.6,minimum_balance,minimum_balance
2024-01-08 00:00:00,253,2023-10,1146.6,0.0,26246.6,minimum_balance,minimum_balance
2024-01-08 00:00:00,254,2023-10,1146.6,0.0,26246.6,minimum_balance,minimum_balance
2024-01-08 00:00:00,255,2023-10,1146.6,0.0,26246.6,minimum_balance,minimum_balance
2024-01-08 00:00:00,256,2023-10,1146.6,0.0,26246.6,minimum_balance,minimum_balance
2024-01-08 00:00:00,257,2023-10,1146.6,0.0,26246.6,minimum_balance,minimum_balance
2024-01-08 00:00:00,258,2023-10,1146.6,0.0,26246.6,minimum_balance,minimum_balance
2024-01-08 00:00:00,259,2023-10,1146.6,0.0,26246.6,minimum_balance,minimum_balance
2024-01-08 00:00:00,260,2023-10,1146.6,0.0,26246.6,minimum_balance,minimum_balance
2024-01-08 00:00:00,261,2023-10,1146.6,0.0,26246.6,minimum_balance,minimum_balance
2024-01-08 00:00:00,262,2023-10,1146.6,0.0,26246.6,minimum_balance,minimum_balance
2024-01-08 00:00:00,263,2023-10,1146.6,0.0,26246.6,minimum_balance,minimum_balance
2024-01-08 00:00:00,264,2023-10,1146.6,0.0,26246.6,minimum_balance,minimum_balance
2024-01-08 00:00:00,265,2023-10,1146.6,0.0,26246.6,minimum_balance,minimum_balance
2024-01-08 00:00:00,266,2023-10,1146.6,0.0,26246.6,minimum_balance,minimum_balance
2024-01-08 00:00:00,267,2023-10,1146.6,0.0,26246.6,minimum_balance,minimum_balance
2024-01-08 00:00:00,268,2023-10,1146.6,0.0,26246.6,minimum_balance,minimum_balance
2024-01-08 00:00:00,269,2023-10,1146.6,0.0,26246.6,minimum_balance,minimum_balance
2024-01-08 00:00:00,270,2023-10,1146.6,0.0,26246.6,minimum_balance,minimum_balance
2024-01-08 00:00:00,271,2023-10,1146.6,0.0,26246.6,minimum_balance,minimum_balance
2024-01-22 00:00:00,252,2023-10,1281.45,0.0,26381.45,minimum_balance,minimum_balance|trading_days|profitable_days
2024-01-22 00:00:00,253,2023-10,1281.45,0.0,26381.45,minimum_balance,minimum_balance|trading_days|profitable_days
2024-01-22 00:00:00,254,2023-10,1281.45,0.0,26381.45,minimum_balance,minimum_balance|trading_days|profitable_days
2024-01-22 00:00:00,255,2023-10,1281.45,0.0,26381.45,minimum_balance,minimum_balance|trading_days|profitable_days
2024-01-22 00:00:00,256,2023-10,1281.45,0.0,26381.45,minimum_balance,minimum_balance|trading_days|profitable_days
2024-01-22 00:00:00,257,2023-10,1281.45,0.0,26381.45,minimum_balance,minimum_balance|trading_days|profitable_days
2024-01-22 00:00:00,258,2023-10,1281.45,0.0,26381.45,minimum_balance,minimum_balance|trading_days|profitable_days
2024-01-22 00:00:00,259,2023-10,1281.45,0.0,26381.45,minimum_balance,minimum_balance|trading_days|profitable_days
2024-01-22 00:00:00,260,2023-10,1281.45,0.0,26381.45,minimum_balance,minimum_balance|trading_days|profitable_days
2024-01-22 00:00:00,261,2023-10,1281.45,0.0,26381.45,minimum_balance,minimum_balance|trading_days|profitable_days
2024-01-22 00:00:00,262,2023-10,1281.45,0.0,26381.45,minimum_balance,minimum_balance|trading_days|profitable_days
2024-01-22 00:00:00,263,2023-10,1281.45,0.0,26381.45,minimum_balance,minimum_balance|trading_days|profitable_days
2024-01-22 00:00:00,264,2023-10,1281.45,0.0,26381.45,minimum_balance,minimum_balance|trading_days|profitable_days
2024-01-22 00:00:00,265,2023-10,1281.45,0.0,26381.45,minimum_balance,minimum_balance|trading_days|profitable_days
2024-01-22 00:00:00,266,2023-10,1281.45,0.0,26381.45,minimum_balance,minimum_balance|trading_days|profitable_days
2024-01-22 00:00:00,267,2023-10,1281.45,0.0,26381.45,minimum_balance,minimum_balance|trading_days|profitable_days
2024-01-22 00:00:00,268,2023-10,1281.45,0.0,26381.45,minimum_balance,minimum_balance|trading_days|profitable_days
2024-01-22 00:00:00,269,2023-10,1281.45,0.0,26381.45,minimum_balance,minimum_balance|trading_days|profitable_days
2024-01-22 00:00:00,270,2023-10,1281.45,0.0,26381.45,minimum_balance,minimum_balance|trading_days|profitable_days
2024-01-22 00:00:00,271,2023-10,1281.45,0.0,26381.45,minimum_balance,minimum_balance|trading_days|profitable_days
2024-01-29 00:00:00,252,2023-10,1187.4,0.0,26287.4,minimum_balance,minimum_balance
2024-01-29 00:00:00,253,2023-10,1187.4,0.0,26287.4,minimum_balance,minimum_balance
2024-01-29 00:00:00,254,2023-10,1187.4,0.0,26287.4,minimum_balance,minimum_balance
2024-01-29 00:00:00,255,2023-10,1187.4,0.0,26287.4,minimum_balance,minimum_balance
2024-01-29 00:00:00,256,2023-10,1187.4,0.0,26287.4,minimum_balance,minimum_balance
2024-01-29 00:00:00,257,2023-10,1187.4,0.0,26287.4,minimum_balance,minimum_balance
2024-01-29 00:00:00,258,2023-10,1187.4,0.0,26287.4,minimum_balance,minimum_balance
2024-01-29 00:00:00,259,2023-10,1187.4,0.0,26287.4,minimum_balance,minimum_balance
2024-01-29 00:00:00,260,2023-10,1187.4,0.0,26287.4,minimum_balance,minimum_balance
2024-01-29 00:00:00,261,2023-10,1187.4,0.0,26287.4,minimum_balance,minimum_balance
2024-01-29 00:00:00,262,2023-10,1187.4,0.0,26287.4,minimum_balance,minimum_balance
2024-01-29 00:00:00,263,2023-10,1187.4,0.0,26287.4,minimum_balance,minimum_balance
2024-01-29 00:00:00,264,2023-10,1187.4,0.0,26287.4,minimum_balance,minimum_balance
2024-01-29 00:00:00,265,2023-10,1187.4,0.0,26287.4,minimum_balance,minimum_balance
2024-01-29 00:00:00,266,2023-10,1187.4,0.0,26287.4,minimum_balance,minimum_balance
2024-01-29 00:00:00,267,2023-10,1187.4,0.0,26287.4,minimum_balance,minimum_balance
2024-01-29 00:00:00,268,2023-10,1187.4,0.0,26287.4,minimum_balance,minimum_balance
2024-01-29 00:00:00,269,2023-10,1187.4,0.0,26287.4,minimum_balance,minimum_balance
2024-01-29 00:00:00,270,2023-10,1187.4,0.0,26287.4,minimum_balance,minimum_balance
2024-01-29 00:00:00,271,2023-10,1187.4,0.0,26287.4,minimum_balance,minimum_balance
2024-02-05 00:00:00,252,2023-10,1452.75,0.0,26552.75,minimum_balance,minimum_balance
2024-02-05 00:00:00,253,2023-10,1452.75,0.0,26552.75,minimum_balance,minimum_balance
2024-02-05 00:00:00,254,2023-10,1452.75,0.0,26552.75,minimum_balance,minimum_balance
2024-02-05 00:00:00,255,2023-10,1452.75,0.0,26552.75,minimum_balance,minimum_balance
2024-02-05 00:00:00,256,2023-10,1452.75,0.0,26552.75,minimum_balance,minimum_balance
2024-02-05 00:00:00,257,2023-10,1452.75,0.0,26552.75,minimum_balance,minimum_balance
2024-02-05 00:00:00,258,2023-10,1452.75,0.0,26552.75,minimum_balance,minimum_balance
2024-02-05 00:00:00,259,2023-10,1452.75,0.0,26552.75,minimum_balance,minimum_balance
2024-02-05 00:00:00,260,2023-10,1452.75,0.0,26552.75,minimum_balance,minimum_balance
2024-02-05 00:00:00,261,2023-10,1452.75,0.0,26552.75,minimum_balance,minimum_balance
2024-02-05 00:00:00,262,2023-10,1452.75,0.0,26552.75,minimum_balance,minimum_balance
2024-02-05 00:00:00,263,2023-10,1452.75,0.0,26552.75,minimum_balance,minimum_balance
2024-02-05 00:00:00,264,2023-10,1452.75,0.0,26552.75,minimum_balance,minimum_balance
2024-02-05 00:00:00,265,2023-10,1452.75,0.0,26552.75,minimum_balance,minimum_balance
2024-02-05 00:00:00,266,2023-10,1452.75,0.0,26552.75,minimum_balance,minimum_balance
2024-02-05 00:00:00,267,2023-10,1452.75,0.0,26552.75,minimum_balance,minimum_balance
2024-02-05 00:00:00,268,2023-10,1452.75,0.0,26552.75,minimum_balance,minimum_balance
2024-02-05 00:00:00,269,2023-10,1452.75,0.0,26552.75,minimum_balance,minimum_balance
2024-02-05 00:00:00,270,2023-10,1452.75,0.0,26552.75,minimum_balance,minimum_balance
2024-02-05 00:00:00,271,2023-10,1452.75,0.0,26552.75,minimum_balance,minimum_balance
2024-02-19 00:00:00,252,2023-10,1388.45,0.0,26488.45,minimum_balance,minimum_balance|trading_days|profitable_days
2024-02-19 00:00:00,253,2023-10,1388.45,0.0,26488.45,minimum_balance,minimum_balance|trading_days|profitable_days
2024-02-19 00:00:00,254,2023-10,1388.45,0.0,26488.45,minimum_balance,minimum_balance|trading_days|profitable_days
2024-02-19 00:00:00,255,2023-10,1388.45,0.0,26488.45,minimum_balance,minimum_balance|trading_days|profitable_days
2024-02-19 00:00:00,256,2023-10,1388.45,0.0,26488.45,minimum_balance,minimum_balance|trading_days|profitable_days
2024-02-19 00:00:00,257,2023-10,1388.45,0.0,26488.45,minimum_balance,minimum_balance|trading_days|profitable_days
2024-02-19 00:00:00,258,2023-10,1388.45,0.0,26488.45,minimum_balance,minimum_balance|trading_days|profitable_days
2024-02-19 00:00:00,259,2023-10,1388.45,0.0,26488.45,minimum_balance,minimum_balance|trading_days|profitable_days
2024-02-19 00:00:00,260,2023-10,1388.45,0.0,26488.45,minimum_balance,minimum_balance|trading_days|profitable_days
2024-02-19 00:00:00,261,2023-10,1388.45,0.0,26488.45,minimum_balance,minimum_balance|trading_days|profitable_days
2024-02-19 00:00:00,262,2023-10,1388.45,0.0,26488.45,minimum_balance,minimum_balance|trading_days|profitable_days
2024-02-19 00:00:00,263,2023-10,1388.45,0.0,26488.45,minimum_balance,minimum_balance|trading_days|profitable_days
2024-02-19 00:00:00,264,2023-10,1388.45,0.0,26488.45,minimum_balance,minimum_balance|trading_days|profitable_days
2024-02-19 00:00:00,265,2023-10,1388.45,0.0,26488.45,minimum_balance,minimum_balance|trading_days|profitable_days
2024-02-19 00:00:00,266,2023-10,1388.45,0.0,26488.45,minimum_balance,minimum_balance|trading_days|profitable_days
2024-02-19 00:00:00,267,2023-10,1388.45,0.0,26488.45,minimum_balance,minimum_balance|trading_days|profitable_days
2024-02-19 00:00:00,268,2023-10,1388.45,0.0,26488.45,minimum_balance,minimum_balance|trading_days|profitable_days
2024-02-19 00:00:00,269,2023-10,1388.45,0.0,26488.45,minimum_balance,minimum_balance|trading_days|profitable_days
2024-02-19 00:00:00,270,2023-10,1388.45,0.0,26488.45,minimum_balance,minimum_balance|trading_days|profitable_days
2024-02-19 00:00:00,271,2023-10,1388.45,0.0,26488.45,minimum_balance,minimum_balance|trading_days|profitable_days
2024-02-26 00:00:00,252,2023-10,1592.75,0.0,26692.75,profitable_days,profitable_days
2024-02-26 00:00:00,253,2023-10,1592.75,0.0,26692.75,profitable_days,profitable_days
2024-02-26 00:00:00,254,2023-10,1592.75,0.0,26692.75,profitable_days,profitable_days
2024-02-26 00:00:00,255,2023-10,1592.75,0.0,26692.75,profitable_days,profitable_days
2024-02-26 00:00:00,256,2023-10,1592.75,0.0,26692.75,profitable_days,profitable_days
2024-02-26 00:00:00,257,2023-10,1592.75,0.0,26692.75,profitable_days,profitable_days
2024-02-26 00:00:00,258,2023-10,1592.75,0.0,26692.75,profitable_days,profitable_days
2024-02-26 00:00:00,259,2023-10,1592.75,0.0,26692.75,profitable_days,profitable_days
2024-02-26 00:00:00,260,2023-10,1592.75,0.0,26692.75,profitable_days,profitable_days
2024-02-26 00:00:00,261,2023-10,1592.75,0.0,26692.75,profitable_days,profitable_days
2024-02-26 00:00:00,262,2023-10,1592.75,0.0,26692.75,profitable_days,profitable_days
2024-02-26 00:00:00,263,2023-10,1592.75,0.0,26692.75,profitable_days,profitable_days
2024-02-26 00:00:00,264,2023-10,1592.75,0.0,26692.75,profitable_days,profitable_days
2024-02-26 00:00:00,265,2023-10,1592.75,0.0,26692.75,profitable_days,profitable_days
2024-02-26 00:00:00,266,2023-10,1592.75,0.0,26692.75,profitable_days,profitable_days
2024-02-26 00:00:00,267,2023-10,1592.75,0.0,26692.75,profitable_days,profitable_days
2024-02-26 00:00:00,268,2023-10,1592.75,0.0,26692.75,profitable_days,profitable_days
2024-02-26 00:00:00,269,2023-10,1592.75,0.0,26692.75,profitable_days,profitable_days
2024-02-26 00:00:00,270,2023-10,1592.75,0.0,26692.75,profitable_days,profitable_days
2024-02-26 00:00:00,271,2023-10,1592.75,0.0,26692.75,profitable_days,profitable_days
2024-03-11 00:00:00,252,2023-10,835.25,0.0,25935.25,minimum_balance,minimum_balance|trading_days|profitable_days|consistency
2024-03-11 00:00:00,253,2023-10,835.25,0.0,25935.25,minimum_balance,minimum_balance|trading_days|profitable_days|consistency
2024-03-11 00:00:00,254,2023-10,835.25,0.0,25935.25,minimum_balance,minimum_balance|trading_days|profitable_days|consistency
2024-03-11 00:00:00,255,2023-10,835.25,0.0,25935.25,minimum_balance,minimum_balance|trading_days|profitable_days|consistency
2024-03-11 00:00:00,256,2023-10,835.25,0.0,25935.25,minimum_balance,minimum_balance|trading_days|profitable_days|consistency
2024-03-11 00:00:00,257,2023-10,835.25,0.0,25935.25,minimum_balance,minimum_balance|trading_days|profitable_days|consistency
2024-03-11 00:00:00,258,2023-10,835.25,0.0,25935.25,minimum_balance,minimum_balance|trading_days|profitable_days|consistency
2024-03-11 00:00:00,259,2023-10,835.25,0.0,25935.25,minimum_balance,minimum_balance|trading_days|profitable_days|consistency
2024-03-11 00:00:00,260,2023-10,835.25,0.0,25935.25,minimum_balance,minimum_balance|trading_days|profitable_days|consistency
2024-03-11 00:00:00,261,2023-10,835.25,0.0,25935.25,minimum_balance,minimum_balance|trading_days|profitable_days|consistency
2024-03-11 00:00:00,262,2023-10,835.25,0.0,25935.25,minimum_balance,minimum_balance|trading_days|profitable_days|consistency
2024-03-11 00:00:00,263,2023-10,835.25,0.0,25935.25,minimum_balance,minimum_balance|trading_days|profitable_days|consistency
2024-03-11 00:00:00,264,2023-10,835.25,0.0,25935.25,minimum_balance,minimum_balance|trading_days|profitable_days|consistency
2024-03-11 00:00:00,265,2023-10,835.25,0.0,25935.25,minimum_balance,minimum_balance|trading_days|profitable_days|consistency
2024-03-11 00:00:00,266,2023-10,835.25,0.0,25935.25,minimum_balance,minimum_balance|trading_days|profitable_days|consistency
2024-03-11 00:00:00,267,2023-10,835.25,0.0,25935.25,minimum_balance,minimum_balance|trading_days|profitable_days|consistency
2024-03-11 00:00:00,268,2023-10,835.25,0.0,25935.25,minimum_balance,minimum_balance|trading_days|profitable_days|consistency
2024-03-11 00:00:00,269,2023-10,835.25,0.0,25935.25,minimum_balance,minimum_balance|trading_days|profitable_days|consistency
2024-03-11 00:00:00,270,2023-10,835.25,0.0,25935.25,minimum_balance,minimum_balance|trading_days|profitable_days|consistency
2024-03-11 00:00:00,271,2023-10,835.25,0.0,25935.25,minimum_balance,minimum_balance|trading_days|profitable_days|consistency
2024-03-18 00:00:00,252,2023-10,650.0,0.0,25750.0,minimum_balance,minimum_balance|profitable_days|consistency
2024-03-18 00:00:00,253,2023-10,650.0,0.0,25750.0,minimum_balance,minimum_balance|profitable_days|consistency
2024-03-18 00:00:00,254,2023-10,650.0,0.0,25750.0,minimum_balance,minimum_balance|profitable_days|consistency
2024-03-18 00:00:00,255,2023-10,650.0,0.0,25750.0,minimum_balance,minimum_balance|profitable_days|consistency
2024-03-18 00:00:00,256,2023-10,650.0,0.0,25750.0,minimum_balance,minimum_balance|profitable_days|consistency
2024-03-18 00:00:00,257,2023-10,650.0,0.0,25750.0,minimum_balance,minimum_balance|profitable_days|consistency
2024-03-18 00:00:00,258,2023-10,650.0,0.0,25750.0,minimum_balance,minimum_balance|profitable_days|consistency
2024-03-18 00:00:00,259,2023-10,650.0,0.0,25750.0,minimum_balance,minimum_balance|profitable_days|consistency
2024-03-18 00:00:00,260,2023-10,650.0,0.0,25750.0,minimum_balance,minimum_balance|profitable_days|consistency
2024-03-18 00:00:00,261,2023-10,650.0,0.0,25750.0,minimum_balance,minimum_balance|profitable_days|consistency
2024-03-18 00:00:00,262,2023-10,650.0,0.0,25750.0,minimum_balance,minimum_balance|profitable_days|consistency
2024-03-18 00:00:00,263,2023-10,650.0,0.0,25750.0,minimum_balance,minimum_balance|profitable_days|consistency
2024-03-18 00:00:00,264,2023-10,650.0,0.0,25750.0,minimum_balance,minimum_balance|profitable_days|consistency
2024-03-18 00:00:00,265,2023-10,650.0,0.0,25750.0,minimum_balance,minimum_balance|profitable_days|consistency
2024-03-18 00:00:00,266,2023-10,650.0,0.0,25750.0,minimum_balance,minimum_balance|profitable_days|consistency
2024-03-18 00:00:00,267,2023-10,650.0,0.0,25750.0,minimum_balance,minimum_balance|profitable_days|consistency
2024-03-18 00:00:00,268,2023-10,650.0,0.0,25750.0,minimum_balance,minimum_balance|profitable_days|consistency
2024-03-18 00:00:00,269,2023-10,650.0,0.0,25750.0,minimum_balance,minimum_balance|profitable_days|consistency
2024-03-18 00:00:00,270,2023-10,650.0,0.0,25750.0,minimum_balance,minimum_balance|profitable_days|consistency
2024-03-18 00:00:00,271,2023-10,650.0,0.0,25750.0,minimum_balance,minimum_balance|profitable_days|consistency
2024-03-25 00:00:00,252,2023-10,1115.95,0.0,26215.95,minimum_balance,minimum_balance|profitable_days
2024-03-25 00:00:00,253,2023-10,1115.95,0.0,26215.95,minimum_balance,minimum_balance|profitable_days
2024-03-25 00:00:00,254,2023-10,1115.95,0.0,26215.95,minimum_balance,minimum_balance|profitable_days
2024-03-25 00:00:00,255,2023-10,1115.95,0.0,26215.95,minimum_balance,minimum_balance|profitable_days
2024-03-25 00:00:00,256,2023-10,1115.95,0.0,26215.95,minimum_balance,minimum_balance|profitable_days
2024-03-25 00:00:00,257,2023-10,1115.95,0.0,26215.95,minimum_balance,minimum_balance|profitable_days
2024-03-25 00:00:00,258,2023-10,1115.95,0.0,26215.95,minimum_balance,minimum_balance|profitable_days
2024-03-25 00:00:00,259,2023-10,1115.95,0.0,26215.95,minimum_balance,minimum_balance|profitable_days
2024-03-25 00:00:00,260,2023-10,1115.95,0.0,26215.95,minimum_balance,minimum_balance|profitable_days
2024-03-25 00:00:00,261,2023-10,1115.95,0.0,26215.95,minimum_balance,minimum_balance|profitable_days
2024-03-25 00:00:00,262,2023-10,1115.95,0.0,26215.95,minimum_balance,minimum_balance|profitable_days
2024-03-25 00:00:00,263,2023-10,1115.95,0.0,26215.95,minimum_balance,minimum_balance|profitable_days
2024-03-25 00:00:00,264,2023-10,1115.95,0.0,26215.95,minimum_balance,minimum_balance|profitable_days
2024-03-25 00:00:00,265,2023-10,1115.95,0.0,26215.95,minimum_balance,minimum_balance|profitable_days
2024-03-25 00:00:00,266,2023-10,1115.95,0.0,26215.95,minimum_balance,minimum_balance|profitable_days
2024-03-25 00:00:00,267,2023-10,1115.95,0.0,26215.95,minimum_balance,minimum_balance|profitable_days
2024-03-25 00:00:00,268,2023-10,1115.95,0.0,26215.95,minimum_balance,minimum_balance|profitable_days
2024-03-25 00:00:00,269,2023-10,1115.95,0.0,26215.95,minimum_balance,minimum_balance|profitable_days
2024-03-25 00:00:00,270,2023-10,1115.95,0.0,26215.95,minimum_balance,minimum_balance|profitable_days
2024-03-25 00:00:00,271,2023-10,1115.95,0.0,26215.95,minimum_balance,minimum_balance|profitable_days
2024-04-01 00:00:00,252,2023-10,1128.45,0.0,26228.45,minimum_balance,minimum_balance
2024-04-01 00:00:00,253,2023-10,1128.45,0.0,26228.45,minimum_balance,minimum_balance
2024-04-01 00:00:00,254,2023-10,1128.45,0.0,26228.45,minimum_balance,minimum_balance
2024-04-01 00:00:00,255,2023-10,1128.45,0.0,26228.45,minimum_balance,minimum_balance
2024-04-01 00:00:00,256,2023-10,1128.45,0.0,26228.45,minimum_balance,minimum_balance
2024-04-01 00:00:00,257,2023-10,1128.45,0.0,26228.45,minimum_balance,minimum_balance
2024-04-01 00:00:00,258,2023-10,1128.45,0.0,26228.45,minimum_balance,minimum_balance
2024-04-01 00:00:00,259,2023-10,1128.45,0.0,26228.45,minimum_balance,minimum_balance
2024-04-01 00:00:00,260,2023-10,1128.45,0.0,26228.45,minimum_balance,minimum_balance
2024-04-01 00:00:00,261,2023-10,1128.45,0.0,26228.45,minimum_balance,minimum_balance
2024-04-01 00:00:00,262,2023-10,1128.45,0.0,26228.45,minimum_balance,minimum_balance
2024-04-01 00:00:00,263,2023-10,1128.45,0.0,26228.45,minimum_balance,minimum_balance
2024-04-01 00:00:00,264,2023-10,1128.45,0.0,26228.45,minimum_balance,minimum_balance
2024-04-01 00:00:00,265,2023-10,1128.45,0.0,26228.45,minimum_balance,minimum_balance
2024-04-01 00:00:00,266,2023-10,1128.45,0.0,26228.45,minimum_balance,minimum_balance
2024-04-01 00:00:00,267,2023-10,1128.45,0.0,26228.45,minimum_balance,minimum_balance
2024-04-01 00:00:00,268,2023-10,1128.45,0.0,26228.45,minimum_balance,minimum_balance
2024-04-01 00:00:00,269,2023-10,1128.45,0.0,26228.45,minimum_balance,minimum_balance
2024-04-01 00:00:00,270,2023-10,1128.45,0.0,26228.45,minimum_balance,minimum_balance
2024-04-01 00:00:00,271,2023-10,1128.45,0.0,26228.45,minimum_balance,minimum_balance
2024-05-06 00:00:00,272,2024-04,209.55,0.0,25309.55,minimum_balance,minimum_balance|consistency
2024-05-06 00:00:00,273,2024-04,209.55,0.0,25309.55,minimum_balance,minimum_balance|consistency
2024-05-06 00:00:00,274,2024-04,209.55,0.0,25309.55,minimum_balance,minimum_balance|consistency
2024-05-06 00:00:00,275,2024-04,209.55,0.0,25309.55,minimum_balance,minimum_balance|consistency
2024-05-06 00:00:00,276,2024-04,209.55,0.0,25309.55,minimum_balance,minimum_balance|consistency
2024-05-06 00:00:00,277,2024-04,209.55,0.0,25309.55,minimum_balance,minimum_balance|consistency
2024-05-06 00:00:00,278,2024-04,209.55,0.0,25309.55,minimum_balance,minimum_balance|consistency
2024-05-06 00:00:00,279,2024-04,209.55,0.0,25309.55,minimum_balance,minimum_balance|consistency
2024-05-06 00:00:00,280,2024-04,209.55,0.0,25309.55,minimum_balance,minimum_balance|consistency
2024-05-06 00:00:00,281,2024-04,209.55,0.0,25309.55,minimum_balance,minimum_balance|consistency
2024-05-06 00:00:00,282,2024-04,209.55,0.0,25309.55,minimum_balance,minimum_balance|consistency
2024-05-06 00:00:00,283,2024-04,209.55,0.0,25309.55,minimum_balance,minimum_balance|consistency
2024-05-06 00:00:00,284,2024-04,209.55,0.0,25309.55,minimum_balance,minimum_balance|consistency
2024-05-06 00:00:00,285,2024-04,209.55,0.0,25309.55,minimum_balance,minimum_balance|consistency
2024-05-06 00:00:00,286,2024-04,209.55,0.0,25309.55,minimum_balance,minimum_balance|consistency
2024-05-06 00:00:00,287,2024-04,209.55,0.0,25309.55,minimum_balance,minimum_balance|consistency
2024-05-06 00:00:00,288,2024-04,209.55,0.0,25309.55,minimum_balance,minimum_balance|consistency
2024-05-06 00:00:00,289,2024-04,209.55,0.0,25309.55,minimum_balance,minimum_balance|consistency
2024-05-06 00:00:00,290,2024-04,209.55,0.0,25309.55,minimum_balance,minimum_balance|consistency
2024-05-06 00:00:00,291,2024-04,209.55,0.0,25309.55,minimum_balance,minimum_balance|consistency
2024-05-13 00:00:00,272,2024-04,301.4,0.0,25401.4,minimum_balance,minimum_balance|consistency
2024-05-13 00:00:00,273,2024-04,301.4,0.0,25401.4,minimum_balance,minimum_balance|consistency
2024-05-13 00:00:00,274,2024-04,301.4,0.0,25401.4,minimum_balance,minimum_balance|consistency
2024-05-13 00:00:00,275,2024-04,301.4,0.0,25401.4,minimum_balance,minimum_balance|consistency
2024-05-13 00:00:00,276,2024-04,301.4,0.0,25401.4,minimum_balance,minimum_balance|consistency
2024-05-13 00:00:00,277,2024-04,301.4,0.0,25401.4,minimum_balance,minimum_balance|consistency
2024-05-13 00:00:00,278,2024-04,301.4,0.0,25401.4,minimum_balance,minimum_balance|consistency
2024-05-13 00:00:00,279,2024-04,301.4,0.0,25401.4,minimum_balance,minimum_balance|consistency
2024-05-13 00:00:00,280,2024-04,301.4,0.0,25401.4,minimum_balance,minimum_balance|consistency
2024-05-13 00:00:00,281,2024-04,301.4,0.0,25401.4,minimum_balance,minimum_balance|consistency
2024-05-13 00:00:00,282,2024-04,301.4,0.0,25401.4,minimum_balance,minimum_balance|consistency
2024-05-13 00:00:00,283,2024-04,301.4,0.0,25401.4,minimum_balance,minimum_balance|consistency
2024-05-13 00:00:00,284,2024-04,301.4,0.0,25401.4,minimum_balance,minimum_balance|consistency
2024-05-13 00:00:00,285,2024-04,301.4,0.0,25401.4,minimum_balance,minimum_balance|consistency
2024-05-13 00:00:00,286,2024-04,301.4,0.0,25401.4,minimum_balance,minimum_balance|consistency
2024-05-13 00:00:00,287,2024-04,301.4,0.0,25401.4,minimum_balance,minimum_balance|consistency
2024-05-13 00:00:00,288,2024-04,301.4,0.0,25401.4,minimum_balance,minimum_balance|consistency
2024-05-13 00:00:00,289,2024-04,301.4,0.0,25401.4,minimum_balance,minimum_balance|consistency
2024-05-13 00:00:00,290,2024-04,301.4,0.0,25401.4,minimum_balance,minimum_balance|consistency
2024-05-13 00:00:00,291,2024-04,301.4,0.0,25401.4,minimum_balance,minimum_balance|consistency
2024-05-20 00:00:00,272,2024-04,556.0,0.0,25656.0,minimum_balance,minimum_balance|consistency
2024-05-20 00:00:00,273,2024-04,556.0,0.0,25656.0,minimum_balance,minimum_balance|consistency
2024-05-20 00:00:00,274,2024-04,556.0,0.0,25656.0,minimum_balance,minimum_balance|consistency
2024-05-20 00:00:00,275,2024-04,556.0,0.0,25656.0,minimum_balance,minimum_balance|consistency
2024-05-20 00:00:00,276,2024-04,556.0,0.0,25656.0,minimum_balance,minimum_balance|consistency
2024-05-20 00:00:00,277,2024-04,556.0,0.0,25656.0,minimum_balance,minimum_balance|consistency
2024-05-20 00:00:00,278,2024-04,556.0,0.0,25656.0,minimum_balance,minimum_balance|consistency
2024-05-20 00:00:00,279,2024-04,556.0,0.0,25656.0,minimum_balance,minimum_balance|consistency
2024-05-20 00:00:00,280,2024-04,556.0,0.0,25656.0,minimum_balance,minimum_balance|consistency
2024-05-20 00:00:00,281,2024-04,556.0,0.0,25656.0,minimum_balance,minimum_balance|consistency
2024-05-20 00:00:00,282,2024-04,556.0,0.0,25656.0,minimum_balance,minimum_balance|consistency
2024-05-20 00:00:00,283,2024-04,556.0,0.0,25656.0,minimum_balance,minimum_balance|consistency
2024-05-20 00:00:00,284,2024-04,556.0,0.0,25656.0,minimum_balance,minimum_balance|consistency
2024-05-20 00:00:00,285,2024-04,556.0,0.0,25656.0,minimum_balance,minimum_balance|consistency
2024-05-20 00:00:00,286,2024-04,556.0,0.0,25656.0,minimum_balance,minimum_balance|consistency
2024-05-20 00:00:00,287,2024-04,556.0,0.0,25656.0,minimum_balance,minimum_balance|consistency
2024-05-20 00:00:00,288,2024-04,556.0,0.0,25656.0,minimum_balance,minimum_balance|consistency
2024-05-20 00:00:00,289,2024-04,556.0,0.0,25656.0,minimum_balance,minimum_balance|consistency
2024-05-20 00:00:00,290,2024-04,556.0,0.0,25656.0,minimum_balance,minimum_balance|consistency
2024-05-20 00:00:00,291,2024-04,556.0,0.0,25656.0,minimum_balance,minimum_balance|consistency
2024-05-27 00:00:00,272,2024-04,442.75,0.0,25542.75,minimum_balance,minimum_balance|consistency
2024-05-27 00:00:00,273,2024-04,442.75,0.0,25542.75,minimum_balance,minimum_balance|consistency
2024-05-27 00:00:00,274,2024-04,442.75,0.0,25542.75,minimum_balance,minimum_balance|consistency
2024-05-27 00:00:00,275,2024-04,442.75,0.0,25542.75,minimum_balance,minimum_balance|consistency
2024-05-27 00:00:00,276,2024-04,442.75,0.0,25542.75,minimum_balance,minimum_balance|consistency
2024-05-27 00:00:00,277,2024-04,442.75,0.0,25542.75,minimum_balance,minimum_balance|consistency
2024-05-27 00:00:00,278,2024-04,442.75,0.0,25542.75,minimum_balance,minimum_balance|consistency
2024-05-27 00:00:00,279,2024-04,442.75,0.0,25542.75,minimum_balance,minimum_balance|consistency
2024-05-27 00:00:00,280,2024-04,442.75,0.0,25542.75,minimum_balance,minimum_balance|consistency
2024-05-27 00:00:00,281,2024-04,442.75,0.0,25542.75,minimum_balance,minimum_balance|consistency
2024-05-27 00:00:00,282,2024-04,442.75,0.0,25542.75,minimum_balance,minimum_balance|consistency
2024-05-27 00:00:00,283,2024-04,442.75,0.0,25542.75,minimum_balance,minimum_balance|consistency
2024-05-27 00:00:00,284,2024-04,442.75,0.0,25542.75,minimum_balance,minimum_balance|consistency
2024-05-27 00:00:00,285,2024-04,442.75,0.0,25542.75,minimum_balance,minimum_balance|consistency
2024-05-27 00:00:00,286,2024-04,442.75,0.0,25542.75,minimum_balance,minimum_balance|consistency
2024-05-27 00:00:00,287,2024-04,442.75,0.0,25542.75,minimum_balance,minimum_balance|consistency
2024-05-27 00:00:00,288,2024-04,442.75,0.0,25542.75,minimum_balance,minimum_balance|consistency
2024-05-27 00:00:00,289,2024-04,442.75,0.0,25542.75,minimum_balance,minimum_balance|consistency
2024-05-27 00:00:00,290,2024-04,442.75,0.0,25542.75,minimum_balance,minimum_balance|consistency
2024-05-27 00:00:00,291,2024-04,442.75,0.0,25542.75,minimum_balance,minimum_balance|consistency
2024-06-03 00:00:00,272,2024-04,611.75,0.0,25711.75,minimum_balance,minimum_balance|consistency
2024-06-03 00:00:00,273,2024-04,611.75,0.0,25711.75,minimum_balance,minimum_balance|consistency
2024-06-03 00:00:00,274,2024-04,611.75,0.0,25711.75,minimum_balance,minimum_balance|consistency
2024-06-03 00:00:00,275,2024-04,611.75,0.0,25711.75,minimum_balance,minimum_balance|consistency
2024-06-03 00:00:00,276,2024-04,611.75,0.0,25711.75,minimum_balance,minimum_balance|consistency
2024-06-03 00:00:00,277,2024-04,611.75,0.0,25711.75,minimum_balance,minimum_balance|consistency
2024-06-03 00:00:00,278,2024-04,611.75,0.0,25711.75,minimum_balance,minimum_balance|consistency
2024-06-03 00:00:00,279,2024-04,611.75,0.0,25711.75,minimum_balance,minimum_balance|consistency
2024-06-03 00:00:00,280,2024-04,611.75,0.0,25711.75,minimum_balance,minimum_balance|consistency
2024-06-03 00:00:00,281,2024-04,611.75,0.0,25711.75,minimum_balance,minimum_balance|consistency
2024-06-03 00:00:00,282,2024-04,611.75,0.0,25711.75,minimum_balance,minimum_balance|consistency
2024-06-03 00:00:00,283,2024-04,611.75,0.0,25711.75,minimum_balance,minimum_balance|consistency
2024-06-03 00:00:00,284,2024-04,611.75,0.0,25711.75,minimum_balance,minimum_balance|consistency
2024-06-03 00:00:00,285,2024-04,611.75,0.0,25711.75,minimum_balance,minimum_balance|consistency
2024-06-03 00:00:00,286,2024-04,611.75,0.0,25711.75,minimum_balance,minimum_balance|consistency
2024-06-03 00:00:00,287,2024-04,611.75,0.0,25711.75,minimum_balance,minimum_balance|consistency
2024-06-03 00:00:00,288,2024-04,611.75,0.0,25711.75,minimum_balance,minimum_balance|consistency
2024-06-03 00:00:00,289,2024-04,611.75,0.0,25711.75,minimum_balance,minimum_balance|consistency
2024-06-03 00:00:00,290,2024-04,611.75,0.0,25711.75,minimum_balance,minimum_balance|consistency
2024-06-03 00:00:00,291,2024-04,611.75,0.0,25711.75,minimum_balance,minimum_balance|consistency
2024-06-10 00:00:00,272,2024-04,1301.75,0.0,26401.75,minimum_balance,minimum_balance
2024-06-10 00:00:00,273,2024-04,1301.75,0.0,26401.75,minimum_balance,minimum_balance
2024-06-10 00:00:00,274,2024-04,1301.75,0.0,26401.75,minimum_balance,minimum_balance
2024-06-10 00:00:00,275,2024-04,1301.75,0.0,26401.75,minimum_balance,minimum_balance
2024-06-10 00:00:00,276,2024-04,1301.75,0.0,26401.75,minimum_balance,minimum_balance
2024-06-10 00:00:00,277,2024-04,1301.75,0.0,26401.75,minimum_balance,minimum_balance
2024-06-10 00:00:00,278,2024-04,1301.75,0.0,26401.75,minimum_balance,minimum_balance
2024-06-10 00:00:00,279,2024-04,1301.75,0.0,26401.75,minimum_balance,minimum_balance
2024-06-10 00:00:00,280,2024-04,1301.75,0.0,26401.75,minimum_balance,minimum_balance
2024-06-10 00:00:00,281,2024-04,1301.75,0.0,26401.75,minimum_balance,minimum_balance
2024-06-10 00:00:00,282,2024-04,1301.75,0.0,26401.75,minimum_balance,minimum_balance
2024-06-10 00:00:00,283,2024-04,1301.75,0.0,26401.75,minimum_balance,minimum_balance
2024-06-10 00:00:00,284,2024-04,1301.75,0.0,26401.75,minimum_balance,minimum_balance
2024-06-10 00:00:00,285,2024-04,1301.75,0.0,26401.75,minimum_balance,minimum_balance
2024-06-10 00:00:00,286,2024-04,1301.75,0.0,26401.75,minimum_balance,minimum_balance
2024-06-10 00:00:00,287,2024-04,1301.75,0.0,26401.75,minimum_balance,minimum_balance
2024-06-10 00:00:00,288,2024-04,1301.75,0.0,26401.75,minimum_balance,minimum_balance
2024-06-10 00:00:00,289,2024-04,1301.75,0.0,26401.75,minimum_balance,minimum_balance
2024-06-10 00:00:00,290,2024-04,1301.75,0.0,26401.75,minimum_balance,minimum_balance
2024-06-10 00:00:00,291,2024-04,1301.75,0.0,26401.75,minimum_balance,minimum_balance
2024-06-24 00:00:00,272,2024-04,1256.85,0.0,26356.85,minimum_balance,minimum_balance|trading_days|profitable_days
2024-06-24 00:00:00,273,2024-04,1256.85,0.0,26356.85,minimum_balance,minimum_balance|trading_days|profitable_days
2024-06-24 00:00:00,274,2024-04,1256.85,0.0,26356.85,minimum_balance,minimum_balance|trading_days|profitable_days
2024-06-24 00:00:00,275,2024-04,1256.85,0.0,26356.85,minimum_balance,minimum_balance|trading_days|profitable_days
2024-06-24 00:00:00,276,2024-04,1256.85,0.0,26356.85,minimum_balance,minimum_balance|trading_days|profitable_days
2024-06-24 00:00:00,277,2024-04,1256.85,0.0,26356.85,minimum_balance,minimum_balance|trading_days|profitable_days
2024-06-24 00:00:00,278,2024-04,1256.85,0.0,26356.85,minimum_balance,minimum_balance|trading_days|profitable_days
2024-06-24 00:00:00,279,2024-04,1256.85,0.0,26356.85,minimum_balance,minimum_balance|trading_days|profitable_days
2024-06-24 00:00:00,280,2024-04,1256.85,0.0,26356.85,minimum_balance,minimum_balance|trading_days|profitable_days
2024-06-24 00:00:00,281,2024-04,1256.85,0.0,26356.85,minimum_balance,minimum_balance|trading_days|profitable_days
2024-06-24 00:00:00,282,2024-04,1256.85,0.0,26356.85,minimum_balance,minimum_balance|trading_days|profitable_days
2024-06-24 00:00:00,283,2024-04,1256.85,0.0,26356.85,minimum_balance,minimum_balance|trading_days|profitable_days
2024-06-24 00:00:00,284,2024-04,1256.85,0.0,26356.85,minimum_balance,minimum_balance|trading_days|profitable_days
2024-06-24 00:00:00,285,2024-04,1256.85,0.0,26356.85,minimum_balance,minimum_balance|trading_days|profitable_days
2024-06-24 00:00:00,286,2024-04,1256.85,0.0,26356.85,minimum_balance,minimum_balance|trading_days|profitable_days
2024-06-24 00:00:00,287,2024-04,1256.85,0.0,26356.85,minimum_balance,minimum_balance|trading_days|profitable_days
2024-06-24 00:00:00,288,2024-04,1256.85,0.0,26356.85,minimum_balance,minimum_balance|trading_days|profitable_days
2024-06-24 00:00:00,289,2024-04,1256.85,0.0,26356.85,minimum_balance,minimum_balance|trading_days|profitable_days
2024-06-24 00:00:00,290,2024-04,1256.85,0.0,26356.85,minimum_balance,minimum_balance|trading_days|profitable_days
2024-06-24 00:00:00,291,2024-04,1256.85,0.0,26356.85,minimum_balance,minimum_balance|trading_days|profitable_days
2024-07-08 00:00:00,272,2024-04,1892.25,0.0,26992.25,trading_days,trading_days|profitable_days
2024-07-08 00:00:00,273,2024-04,1892.25,0.0,26992.25,trading_days,trading_days|profitable_days
2024-07-08 00:00:00,274,2024-04,1892.25,0.0,26992.25,trading_days,trading_days|profitable_days
2024-07-08 00:00:00,275,2024-04,1892.25,0.0,26992.25,trading_days,trading_days|profitable_days
2024-07-08 00:00:00,276,2024-04,1892.25,0.0,26992.25,trading_days,trading_days|profitable_days
2024-07-08 00:00:00,277,2024-04,1892.25,0.0,26992.25,trading_days,trading_days|profitable_days
2024-07-08 00:00:00,278,2024-04,1892.25,0.0,26992.25,trading_days,trading_days|profitable_days
2024-07-08 00:00:00,279,2024-04,1892.25,0.0,26992.25,trading_days,trading_days|profitable_days
2024-07-08 00:00:00,280,2024-04,1892.25,0.0,26992.25,trading_days,trading_days|profitable_days
2024-07-08 00:00:00,281,2024-04,1892.25,0.0,26992.25,trading_days,trading_days|profitable_days
2024-07-08 00:00:00,282,2024-04,1892.25,0.0,26992.25,trading_days,trading_days|profitable_days
2024-07-08 00:00:00,283,2024-04,1892.25,0.0,26992.25,trading_days,trading_days|profitable_days
2024-07-08 00:00:00,284,2024-04,1892.25,0.0,26992.25,trading_days,trading_days|profitable_days
2024-07-08 00:00:00,285,2024-04,1892.25,0.0,26992.25,trading_days,trading_days|profitable_days
2024-07-08 00:00:00,286,2024-04,1892.25,0.0,26992.25,trading_days,trading_days|profitable_days
2024-07-08 00:00:00,287,2024-04,1892.25,0.0,26992.25,trading_days,trading_days|profitable_days
2024-07-08 00:00:00,288,2024-04,1892.25,0.0,26992.25,trading_days,trading_days|profitable_days
2024-07-08 00:00:00,289,2024-04,1892.25,0.0,26992.25,trading_days,trading_days|profitable_days
2024-07-08 00:00:00,290,2024-04,1892.25,0.0,26992.25,trading_days,trading_days|profitable_days
2024-07-08 00:00:00,291,2024-04,1892.25,0.0,26992.25,trading_days,trading_days|profitable_days
2024-07-22 00:00:00,272,2024-04,601.1,0.0,25701.1,minimum_balance,minimum_balance|trading_days|profitable_days
2024-07-22 00:00:00,273,2024-04,601.1,0.0,25701.1,minimum_balance,minimum_balance|trading_days|profitable_days
2024-07-22 00:00:00,274,2024-04,601.1,0.0,25701.1,minimum_balance,minimum_balance|trading_days|profitable_days
2024-07-22 00:00:00,275,2024-04,601.1,0.0,25701.1,minimum_balance,minimum_balance|trading_days|profitable_days
2024-07-22 00:00:00,276,2024-04,601.1,0.0,25701.1,minimum_balance,minimum_balance|trading_days|profitable_days
2024-07-22 00:00:00,277,2024-04,601.1,0.0,25701.1,minimum_balance,minimum_balance|trading_days|profitable_days
2024-07-22 00:00:00,278,2024-04,601.1,0.0,25701.1,minimum_balance,minimum_balance|trading_days|profitable_days
2024-07-22 00:00:00,279,2024-04,601.1,0.0,25701.1,minimum_balance,minimum_balance|trading_days|profitable_days
2024-07-22 00:00:00,280,2024-04,601.1,0.0,25701.1,minimum_balance,minimum_balance|trading_days|profitable_days
2024-07-22 00:00:00,281,2024-04,601.1,0.0,25701.1,minimum_balance,minimum_balance|trading_days|profitable_days
2024-07-22 00:00:00,282,2024-04,601.1,0.0,25701.1,minimum_balance,minimum_balance|trading_days|profitable_days
2024-07-22 00:00:00,283,2024-04,601.1,0.0,25701.1,minimum_balance,minimum_balance|trading_days|profitable_days
2024-07-22 00:00:00,284,2024-04,601.1,0.0,25701.1,minimum_balance,minimum_balance|trading_days|profitable_days
2024-07-22 00:00:00,285,2024-04,601.1,0.0,25701.1,minimum_balance,minimum_balance|trading_days|profitable_days
2024-07-22 00:00:00,286,2024-04,601.1,0.0,25701.1,minimum_balance,minimum_balance|trading_days|profitable_days
2024-07-22 00:00:00,287,2024-04,601.1,0.0,25701.1,minimum_balance,minimum_balance|trading_days|profitable_days
2024-07-22 00:00:00,288,2024-04,601.1,0.0,25701.1,minimum_balance,minimum_balance|trading_days|profitable_days
2024-07-22 00:00:00,289,2024-04,601.1,0.0,25701.1,minimum_balance,minimum_balance|trading_days|profitable_days
2024-07-22 00:00:00,290,2024-04,601.1,0.0,25701.1,minimum_balance,minimum_balance|trading_days|profitable_days
2024-07-22 00:00:00,291,2024-04,601.1,0.0,25701.1,minimum_balance,minimum_balance|trading_days|profitable_days
2024-08-12 00:00:00,292,2024-07,264.3,0.0,25364.3,minimum_balance,minimum_balance|consistency
2024-08-12 00:00:00,293,2024-07,264.3,0.0,25364.3,minimum_balance,minimum_balance|consistency
2024-08-12 00:00:00,294,2024-07,264.3,0.0,25364.3,minimum_balance,minimum_balance|consistency
2024-08-12 00:00:00,295,2024-07,264.3,0.0,25364.3,minimum_balance,minimum_balance|consistency
2024-08-12 00:00:00,296,2024-07,264.3,0.0,25364.3,minimum_balance,minimum_balance|consistency
2024-08-12 00:00:00,297,2024-07,264.3,0.0,25364.3,minimum_balance,minimum_balance|consistency
2024-08-12 00:00:00,298,2024-07,264.3,0.0,25364.3,minimum_balance,minimum_balance|consistency
2024-08-12 00:00:00,299,2024-07,264.3,0.0,25364.3,minimum_balance,minimum_balance|consistency
2024-08-12 00:00:00,300,2024-07,264.3,0.0,25364.3,minimum_balance,minimum_balance|consistency
2024-08-12 00:00:00,301,2024-07,264.3,0.0,25364.3,minimum_balance,minimum_balance|consistency
2024-08-12 00:00:00,302,2024-07,264.3,0.0,25364.3,minimum_balance,minimum_balance|consistency
2024-08-12 00:00:00,303,2024-07,264.3,0.0,25364.3,minimum_balance,minimum_balance|consistency
2024-08-12 00:00:00,304,2024-07,264.3,0.0,25364.3,minimum_balance,minimum_balance|consistency
2024-08-12 00:00:00,305,2024-07,264.3,0.0,25364.3,minimum_balance,minimum_balance|consistency
2024-08-12 00:00:00,306,2024-07,264.3,0.0,25364.3,minimum_balance,minimum_balance|consistency
2024-08-12 00:00:00,307,2024-07,264.3,0.0,25364.3,minimum_balance,minimum_balance|consistency
2024-08-12 00:00:00,308,2024-07,264.3,0.0,25364.3,minimum_balance,minimum_balance|consistency
2024-08-12 00:00:00,309,2024-07,264.3,0.0,25364.3,minimum_balance,minimum_balance|consistency
2024-08-12 00:00:00,310,2024-07,264.3,0.0,25364.3,minimum_balance,minimum_balance|consistency
2024-08-12 00:00:00,311,2024-07,264.3,0.0,25364.3,minimum_balance,minimum_balance|consistency
2024-08-19 00:00:00,292,2024-07,1426.45,0.0,26526.45,minimum_balance,minimum_balance|consistency
2024-08-19 00:00:00,293,2024-07,1426.45,0.0,26526.45,minimum_balance,minimum_balance|consistency
2024-08-19 00:00:00,294,2024-07,1426.45,0.0,26526.45,minimum_balance,minimum_balance|consistency
2024-08-19 00:00:00,295,2024-07,1426.45,0.0,26526.45,minimum_balance,minimum_balance|consistency
2024-08-19 00:00:00,296,2024-07,1426.45,0.0,26526.45,minimum_balance,minimum_balance|consistency
2024-08-19 00:00:00,297,2024-07,1426.45,0.0,26526.45,minimum_balance,minimum_balance|consistency
2024-08-19 00:00:00,298,2024-07,1426.45,0.0,26526.45,minimum_balance,minimum_balance|consistency
2024-08-19 00:00:00,299,2024-07,1426.45,0.0,26526.45,minimum_balance,minimum_balance|consistency
2024-08-19 00:00:00,300,2024-07,1426.45,0.0,26526.45,minimum_balance,minimum_balance|consistency
2024-08-19 00:00:00,301,2024-07,1426.45,0.0,26526.45,minimum_balance,minimum_balance|consistency
2024-08-19 00:00:00,302,2024-07,1426.45,0.0,26526.45,minimum_balance,minimum_balance|consistency
2024-08-19 00:00:00,303,2024-07,1426.45,0.0,26526.45,minimum_balance,minimum_balance|consistency
2024-08-19 00:00:00,304,2024-07,1426.45,0.0,26526.45,minimum_balance,minimum_balance|consistency
2024-08-19 00:00:00,305,2024-07,1426.45,0.0,26526.45,minimum_balance,minimum_balance|consistency
2024-08-19 00:00:00,306,2024-07,1426.45,0.0,26526.45,minimum_balance,minimum_balance|consistency
2024-08-19 00:00:00,307,2024-07,1426.45,0.0,26526.45,minimum_balance,minimum_balance|consistency
2024-08-19 00:00:00,308,2024-07,1426.45,0.0,26526.45,minimum_balance,minimum_balance|consistency
2024-08-19 00:00:00,309,2024-07,1426.45,0.0,26526.45,minimum_balance,minimum_balance|consistency
2024-08-19 00:00:00,310,2024-07,1426.45,0.0,26526.45,minimum_balance,minimum_balance|consistency
2024-08-19 00:00:00,311,2024-07,1426.45,0.0,26526.45,minimum_balance,minimum_balance|consistency
2024-08-26 00:00:00,292,2024-07,1766.05,0.0,26866.05,consistency,consistency
2024-08-26 00:00:00,293,2024-07,1766.05,0.0,26866.05,consistency,consistency
2024-08-26 00:00:00,294,2024-07,1766.05,0.0,26866.05,consistency,consistency
2024-08-26 00:00:00,295,2024-07,1766.05,0.0,26866.05,consistency,consistency
2024-08-26 00:00:00,296,2024-07,1766.05,0.0,26866.05,consistency,consistency
2024-08-26 00:00:00,297,2024-07,1766.05,0.0,26866.05,consistency,consistency
2024-08-26 00:00:00,298,2024-07,1766.05,0.0,26866.05,consistency,consistency
2024-08-26 00:00:00,299,2024-07,1766.05,0.0,26866.05,consistency,consistency
2024-08-26 00:00:00,300,2024-07,1766.05,0.0,26866.05,consistency,consistency
2024-08-26 00:00:00,301,2024-07,1766.05,0.0,26866.05,consistency,consistency
2024-08-26 00:00:00,302,2024-07,1766.05,0.0,26866.05,consistency,consistency
2024-08-26 00:00:00,303,2024-07,1766.05,0.0,26866.05,consistency,consistency
2024-08-26 00:00:00,304,2024-07,1766.05,0.0,26866.05,consistency,consistency
2024-08-26 00:00:00,305,2024-07,1766.05,0.0,26866.05,consistency,consistency
2024-08-26 00:00:00,306,2024-07,1766.05,0.0,26866.05,consistency,consistency
2024-08-26 00:00:00,307,2024-07,1766.05,0.0,26866.05,consistency,consistency
2024-08-26 00:00:00,308,2024-07,1766.05,0.0,26866.05,consistency,consistency
2024-08-26 00:00:00,309,2024-07,1766.05,0.0,26866.05,consistency,consistency
2024-08-26 00:00:00,310,2024-07,1766.05,0.0,26866.05,consistency,consistency
2024-08-26 00:00:00,311,2024-07,1766.05,0.0,26866.05,consistency,consistency
2024-09-02 00:00:00,292,2024-07,1704.3,0.0,26804.3,consistency,consistency
2024-09-02 00:00:00,293,2024-07,1704.3,0.0,26804.3,consistency,consistency
2024-09-02 00:00:00,294,2024-07,1704.3,0.0,26804.3,consistency,consistency
2024-09-02 00:00:00,295,2024-07,1704.3,0.0,26804.3,consistency,consistency
2024-09-02 00:00:00,296,2024-07,1704.3,0.0,26804.3,consistency,consistency
2024-09-02 00:00:00,297,2024-07,1704.3,0.0,26804.3,consistency,consistency
2024-09-02 00:00:00,298,2024-07,1704.3,0.0,26804.3,consistency,consistency
2024-09-02 00:00:00,299,2024-07,1704.3,0.0,26804.3,consistency,consistency
2024-09-02 00:00:00,300,2024-07,1704.3,0.0,26804.3,consistency,consistency
2024-09-02 00:00:00,301,2024-07,1704.3,0.0,26804.3,consistency,consistency
2024-09-02 00:00:00,302,2024-07,1704.3,0.0,26804.3,consistency,consistency
2024-09-02 00:00:00,303,2024-07,1704.3,0.0,26804.3,consistency,consistency
2024-09-02 00:00:00,304,2024-07,1704.3,0.0,26804.3,consistency,consistency
2024-09-02 00:00:00,305,2024-07,1704.3,0.0,26804.3,consistency,consistency
2024-09-02 00:00:00,306,2024-07,1704.3,0.0,26804.3,consistency,consistency
2024-09-02 00:00:00,307,2024-07,1704.3,0.0,26804.3,consistency,consistency
2024-09-02 00:00:00,308,2024-07,1704.3,0.0,26804.3,consistency,consistency
2024-09-02 00:00:00,309,2024-07,1704.3,0.0,26804.3,consistency,consistency
2024-09-02 00:00:00,310,2024-07,1704.3,0.0,26804.3,consistency,consistency
2024-09-02 00:00:00,311,2024-07,1704.3,0.0,26804.3,consistency,consistency
2024-09-09 00:00:00,292,2024-07,1094.95,0.0,26194.95,minimum_balance,minimum_balance|consistency
2024-09-09 00:00:00,293,2024-07,1094.95,0.0,26194.95,minimum_balance,minimum_balance|consistency
2024-09-09 00:00:00,294,2024-07,1094.95,0.0,26194.95,minimum_balance,minimum_balance|consistency
2024-09-09 00:00:00,295,2024-07,1094.95,0.0,26194.95,minimum_balance,minimum_balance|consistency
2024-09-09 00:00:00,296,2024-07,1094.95,0.0,26194.95,minimum_balance,minimum_balance|consistency
2024-09-09 00:00:00,297,2024-07,1094.95,0.0,26194.95,minimum_balance,minimum_balance|consistency
2024-09-09 00:00:00,298,2024-07,1094.95,0.0,26194.95,minimum_balance,minimum_balance|consistency
2024-09-09 00:00:00,299,2024-07,1094.95,0.0,26194.95,minimum_balance,minimum_balance|consistency
2024-09-09 00:00:00,300,2024-07,1094.95,0.0,26194.95,minimum_balance,minimum_balance|consistency
2024-09-09 00:00:00,301,2024-07,1094.95,0.0,26194.95,minimum_balance,minimum_balance|consistency
2024-09-09 00:00:00,302,2024-07,1094.95,0.0,26194.95,minimum_balance,minimum_balance|consistency
2024-09-09 00:00:00,303,2024-07,1094.95,0.0,26194.95,minimum_balance,minimum_balance|consistency
2024-09-09 00:00:00,304,2024-07,1094.95,0.0,26194.95,minimum_balance,minimum_balance|consistency
2024-09-09 00:00:00,305,2024-07,1094.95,0.0,26194.95,minimum_balance,minimum_balance|consistency
2024-09-09 00:00:00,306,2024-07,1094.95,0.0,26194.95,minimum_balance,minimum_balance|consistency
2024-09-09 00:00:00,307,2024-07,1094.95,0.0,26194.95,minimum_balance,minimum_balance|consistency
2024-09-09 00:00:00,308,2024-07,1094.95,0.0,26194.95,minimum_balance,minimum_balance|consistency
2024-09-09 00:00:00,309,2024-07,1094.95,0.0,26194.95,minimum_balance,minimum_balance|consistency
2024-09-09 00:00:00,310,2024-07,1094.95,0.0,26194.95,minimum_balance,minimum_balance|consistency
2024-09-09 00:00:00,311,2024-07,1094.95,0.0,26194.95,minimum_balance,minimum_balance|consistency
2024-09-16 00:00:00,292,2024-07,2111.05,0.0,27211.05,consistency,consistency
2024-09-16 00:00:00,293,2024-07,2111.05,0.0,27211.05,consistency,consistency
2024-09-16 00:00:00,294,2024-07,2111.05,0.0,27211.05,consistency,consistency
2024-09-16 00:00:00,295,2024-07,2111.05,0.0,27211.05,consistency,consistency
2024-09-16 00:00:00,296,2024-07,2111.05,0.0,27211.05,consistency,consistency
2024-09-16 00:00:00,297,2024-07,2111.05,0.0,27211.05,consistency,consistency
2024-09-16 00:00:00,298,2024-07,2111.05,0.0,27211.05,consistency,consistency
2024-09-16 00:00:00,299,2024-07,2111.05,0.0,27211.05,consistency,consistency
2024-09-16 00:00:00,300,2024-07,2111.05,0.0,27211.05,consistency,consistency
2024-09-16 00:00:00,301,2024-07,2111.05,0.0,27211.05,consistency,consistency
2024-09-16 00:00:00,302,2024-07,2111.05,0.0,27211.05,consistency,consistency
2024-09-16 00:00:00,303,2024-07,2111.05,0.0,27211.05,consistency,consistency
2024-09-16 00:00:00,304,2024-07,2111.05,0.0,27211.05,consistency,consistency
2024-09-16 00:00:00,305,2024-07,2111.05,0.0,27211.05,consistency,consistency
2024-09-16 00:00:00,306,2024-07,2111.05,0.0,27211.05,consistency,consistency
2024-09-16 00:00:00,307,2024-07,2111.05,0.0,27211.05,consistency,consistency
2024-09-16 00:00:00,308,2024-07,2111.05,0.0,27211.05,consistency,consistency
2024-09-16 00:00:00,309,2024-07,2111.05,0.0,27211.05,consistency,consistency
2024-09-16 00:00:00,310,2024-07,2111.05,0.0,27211.05,consistency,consistency
2024-09-16 00:00:00,311,2024-07,2111.05,0.0,27211.05,consistency,consistency
2024-09-23 00:00:00,292,2024-07,2689.1,0.0,27789.1,consistency,consistency
2024-09-23 00:00:00,293,2024-07,2689.1,0.0,27789.1,consistency,consistency
2024-09-23 00:00:00,294,2024-07,2689.1,0.0,27789.1,consistency,consistency
2024-09-23 00:00:00,295,2024-07,2689.1,0.0,27789.1,consistency,consistency
2024-09-23 00:00:00,296,2024-07,2689.1,0.0,27789.1,consistency,consistency
2024-09-23 00:00:00,297,2024-07,2689.1,0.0,27789.1,consistency,consistency
2024-09-23 00:00:00,298,2024-07,2689.1,0.0,27789.1,consistency,consistency
2024-09-23 00:00:00,299,2024-07,2689.1,0.0,27789.1,consistency,consistency
2024-09-23 00:00:00,300,2024-07,2689.1,0.0,27789.1,consistency,consistency
2024-09-23 00:00:00,301,2024-07,2689.1,0.0,27789.1,consistency,consistency
2024-09-23 00:00:00,302,2024-07,2689.1,0.0,27789.1,consistency,consistency
2024-09-23 00:00:00,303,2024-07,2689.1,0.0,27789.1,consistency,consistency
2024-09-23 00:00:00,304,2024-07,2689.1,0.0,27789.1,consistency,consistency
2024-09-23 00:00:00,305,2024-07,2689.1,0.0,27789.1,consistency,consistency
2024-09-23 00:00:00,306,2024-07,2689.1,0.0,27789.1,consistency,consistency
2024-09-23 00:00:00,307,2024-07,2689.1,0.0,27789.1,consistency,consistency
2024-09-23 00:00:00,308,2024-07,2689.1,0.0,27789.1,consistency,consistency
2024-09-23 00:00:00,309,2024-07,2689.1,0.0,27789.1,consistency,consistency
2024-09-23 00:00:00,310,2024-07,2689.1,0.0,27789.1,consistency,consistency
2024-09-23 00:00:00,311,2024-07,2689.1,0.0,27789.1,consistency,consistency
2024-10-07 00:00:00,292,2024-07,2073.9,0.0,27173.9,trading_days,trading_days|profitable_days
2024-10-07 00:00:00,293,2024-07,2073.9,0.0,27173.9,trading_days,trading_days|profitable_days
2024-10-07 00:00:00,294,2024-07,2073.9,0.0,27173.9,trading_days,trading_days|profitable_days
2024-10-07 00:00:00,295,2024-07,2073.9,0.0,27173.9,trading_days,trading_days|profitable_days
2024-10-07 00:00:00,296,2024-07,2073.9,0.0,27173.9,trading_days,trading_days|profitable_days
2024-10-07 00:00:00,297,2024-07,2073.9,0.0,27173.9,trading_days,trading_days|profitable_days
2024-10-07 00:00:00,298,2024-07,2073.9,0.0,27173.9,trading_days,trading_days|profitable_days
2024-10-07 00:00:00,299,2024-07,2073.9,0.0,27173.9,trading_days,trading_days|profitable_days
2024-10-07 00:00:00,300,2024-07,2073.9,0.0,27173.9,trading_days,trading_days|profitable_days
2024-10-07 00:00:00,301,2024-07,2073.9,0.0,27173.9,trading_days,trading_days|profitable_days
2024-10-07 00:00:00,302,2024-07,2073.9,0.0,27173.9,trading_days,trading_days|profitable_days
2024-10-07 00:00:00,303,2024-07,2073.9,0.0,27173.9,trading_days,trading_days|profitable_days
2024-10-07 00:00:00,304,2024-07,2073.9,0.0,27173.9,trading_days,trading_days|profitable_days
2024-10-07 00:00:00,305,2024-07,2073.9,0.0,27173.9,trading_days,trading_days|profitable_days
2024-10-07 00:00:00,306,2024-07,2073.9,0.0,27173.9,trading_days,trading_days|profitable_days
2024-10-07 00:00:00,307,2024-07,2073.9,0.0,27173.9,trading_days,trading_days|profitable_days
2024-10-07 00:00:00,308,2024-07,2073.9,0.0,27173.9,trading_days,trading_days|profitable_days
2024-10-07 00:00:00,309,2024-07,2073.9,0.0,27173.9,trading_days,trading_days|profitable_days
2024-10-07 00:00:00,310,2024-07,2073.9,0.0,27173.9,trading_days,trading_days|profitable_days
2024-10-07 00:00:00,311,2024-07,2073.9,0.0,27173.9,trading_days,trading_days|profitable_days
2024-10-14 00:00:00,292,2024-07,1844.15,0.0,26944.15,profitable_days,profitable_days|consistency
2024-10-14 00:00:00,293,2024-07,1844.15,0.0,26944.15,profitable_days,profitable_days|consistency
2024-10-14 00:00:00,294,2024-07,1844.15,0.0,26944.15,profitable_days,profitable_days|consistency
2024-10-14 00:00:00,295,2024-07,1844.15,0.0,26944.15,profitable_days,profitable_days|consistency
2024-10-14 00:00:00,296,2024-07,1844.15,0.0,26944.15,profitable_days,profitable_days|consistency
2024-10-14 00:00:00,297,2024-07,1844.15,0.0,26944.15,profitable_days,profitable_days|consistency
2024-10-14 00:00:00,298,2024-07,1844.15,0.0,26944.15,profitable_days,profitable_days|consistency
2024-10-14 00:00:00,299,2024-07,1844.15,0.0,26944.15,profitable_days,profitable_days|consistency
2024-10-14 00:00:00,300,2024-07,1844.15,0.0,26944.15,profitable_days,profitable_days|consistency
2024-10-14 00:00:00,301,2024-07,1844.15,0.0,26944.15,profitable_days,profitable_days|consistency
2024-10-14 00:00:00,302,2024-07,1844.15,0.0,26944.15,profitable_days,profitable_days|consistency
2024-10-14 00:00:00,303,2024-07,1844.15,0.0,26944.15,profitable_days,profitable_days|consistency
2024-10-14 00:00:00,304,2024-07,1844.15,0.0,26944.15,profitable_days,profitable_days|consistency
2024-10-14 00:00:00,305,2024-07,1844.15,0.0,26944.15,profitable_days,profitable_days|consistency
2024-10-14 00:00:00,306,2024-07,1844.15,0.0,26944.15,profitable_days,profitable_days|consistency
2024-10-14 00:00:00,307,2024-07,1844.15,0.0,26944.15,profitable_days,profitable_days|consistency
2024-10-14 00:00:00,308,2024-07,1844.15,0.0,26944.15,profitable_days,profitable_days|consistency
2024-10-14 00:00:00,309,2024-07,1844.15,0.0,26944.15,profitable_days,profitable_days|consistency
2024-10-14 00:00:00,310,2024-07,1844.15,0.0,26944.15,profitable_days,profitable_days|consistency
2024-10-14 00:00:00,311,2024-07,1844.15,0.0,26944.15,profitable_days,profitable_days|consistency
2024-10-21 00:00:00,292,2024-07,1589.1,0.0,26689.1,consistency,consistency
2024-10-21 00:00:00,293,2024-07,1589.1,0.0,26689.1,consistency,consistency
2024-10-21 00:00:00,294,2024-07,1589.1,0.0,26689.1,consistency,consistency
2024-10-21 00:00:00,295,2024-07,1589.1,0.0,26689.1,consistency,consistency
2024-10-21 00:00:00,296,2024-07,1589.1,0.0,26689.1,consistency,consistency
2024-10-21 00:00:00,297,2024-07,1589.1,0.0,26689.1,consistency,consistency
2024-10-21 00:00:00,298,2024-07,1589.1,0.0,26689.1,consistency,consistency
2024-10-21 00:00:00,299,2024-07,1589.1,0.0,26689.1,consistency,consistency
2024-10-21 00:00:00,300,2024-07,1589.1,0.0,26689.1,consistency,consistency
2024-10-21 00:00:00,301,2024-07,1589.1,0.0,26689.1,consistency,consistency
2024-10-21 00:00:00,302,2024-07,1589.1,0.0,26689.1,consistency,consistency
2024-10-21 00:00:00,303,2024-07,1589.1,0.0,26689.1,consistency,consistency
2024-10-21 00:00:00,304,2024-07,1589.1,0.0,26689.1,consistency,consistency
2024-10-21 00:00:00,305,2024-07,1589.1,0.0,26689.1,consistency,consistency
2024-10-21 00:00:00,306,2024-07,1589.1,0.0,26689.1,consistency,consistency
2024-10-21 00:00:00,307,2024-07,1589.1,0.0,26689.1,consistency,consistency
2024-10-21 00:00:00,308,2024-07,1589.1,0.0,26689.1,consistency,consistency
2024-10-21 00:00:00,309,2024-07,1589.1,0.0,26689.1,consistency,consistency
2024-10-21 00:00:00,310,2024-07,1589.1,0.0,26689.1,consistency,consistency
2024-10-21 00:00:00,311,2024-07,1589.1,0.0,26689.1,consistency,consistency
2024-10-28 00:00:00,292,2024-07,1789.6,0.0,26889.6,consistency,consistency
2024-10-28 00:00:00,293,2024-07,1789.6,0.0,26889.6,consistency,consistency
2024-10-28 00:00:00,294,2024-07,1789.6,0.0,26889.6,consistency,consistency
2024-10-28 00:00:00,295,2024-07,1789.6,0.0,26889.6,consistency,consistency
2024-10-28 00:00:00,296,2024-07,1789.6,0.0,26889.6,consistency,consistency
2024-10-28 00:00:00,297,2024-07,1789.6,0.0,26889.6,consistency,consistency
2024-10-28 00:00:00,298,2024-07,1789.6,0.0,26889.6,consistency,consistency
2024-10-28 00:00:00,299,2024-07,1789.6,0.0,26889.6,consistency,consistency
2024-10-28 00:00:00,300,2024-07,1789.6,0.0,26889.6,consistency,consistency
2024-10-28 00:00:00,301,2024-07,1789.6,0.0,26889.6,consistency,consistency
2024-10-28 00:00:00,302,2024-07,1789.6,0.0,26889.6,consistency,consistency
2024-10-28 00:00:00,303,2024-07,1789.6,0.0,26889.6,consistency,consistency
2024-10-28 00:00:00,304,2024-07,1789.6,0.0,26889.6,consistency,consistency
2024-10-28 00:00:00,305,2024-07,1789.6,0.0,26889.6,consistency,consistency
2024-10-28 00:00:00,306,2024-07,1789.6,0.0,26889.6,consistency,consistency
2024-10-28 00:00:00,307,2024-07,1789.6,0.0,26889.6,consistency,consistency
2024-10-28 00:00:00,308,2024-07,1789.6,0.0,26889.6,consistency,consistency
2024-10-28 00:00:00,309,2024-07,1789.6,0.0,26889.6,consistency,consistency
2024-10-28 00:00:00,310,2024-07,1789.6,0.0,26889.6,consistency,consistency
2024-10-28 00:00:00,311,2024-07,1789.6,0.0,26889.6,consistency,consistency
2024-11-04 00:00:00,292,2024-07,957.95,0.0,26057.95,minimum_balance,minimum_balance|consistency
2024-11-04 00:00:00,293,2024-07,957.95,0.0,26057.95,minimum_balance,minimum_balance|consistency
2024-11-04 00:00:00,294,2024-07,957.95,0.0,26057.95,minimum_balance,minimum_balance|consistency
2024-11-04 00:00:00,295,2024-07,957.95,0.0,26057.95,minimum_balance,minimum_balance|consistency
2024-11-04 00:00:00,296,2024-07,957.95,0.0,26057.95,minimum_balance,minimum_balance|consistency
2024-11-04 00:00:00,297,2024-07,957.95,0.0,26057.95,minimum_balance,minimum_balance|consistency
2024-11-04 00:00:00,298,2024-07,957.95,0.0,26057.95,minimum_balance,minimum_balance|consistency
2024-11-04 00:00:00,299,2024-07,957.95,0.0,26057.95,minimum_balance,minimum_balance|consistency
2024-11-04 00:00:00,300,2024-07,957.95,0.0,26057.95,minimum_balance,minimum_balance|consistency
2024-11-04 00:00:00,301,2024-07,957.95,0.0,26057.95,minimum_balance,minimum_balance|consistency
2024-11-04 00:00:00,302,2024-07,957.95,0.0,26057.95,minimum_balance,minimum_balance|consistency
2024-11-04 00:00:00,303,2024-07,957.95,0.0,26057.95,minimum_balance,minimum_balance|consistency
2024-11-04 00:00:00,304,2024-07,957.95,0.0,26057.95,minimum_balance,minimum_balance|consistency
2024-11-04 00:00:00,305,2024-07,957.95,0.0,26057.95,minimum_balance,minimum_balance|consistency
2024-11-04 00:00:00,306,2024-07,957.95,0.0,26057.95,minimum_balance,minimum_balance|consistency
2024-11-04 00:00:00,307,2024-07,957.95,0.0,26057.95,minimum_balance,minimum_balance|consistency
2024-11-04 00:00:00,308,2024-07,957.95,0.0,26057.95,minimum_balance,minimum_balance|consistency
2024-11-04 00:00:00,309,2024-07,957.95,0.0,26057.95,minimum_balance,minimum_balance|consistency
2024-11-04 00:00:00,310,2024-07,957.95,0.0,26057.95,minimum_balance,minimum_balance|consistency
2024-11-04 00:00:00,311,2024-07,957.95,0.0,26057.95,minimum_balance,minimum_balance|consistency
2024-11-18 00:00:00,292,2024-07,887.1,0.0,25987.1,minimum_balance,minimum_balance|trading_days|profitable_days
2024-11-18 00:00:00,293,2024-07,887.1,0.0,25987.1,minimum_balance,minimum_balance|trading_days|profitable_days
2024-11-18 00:00:00,294,2024-07,887.1,0.0,25987.1,minimum_balance,minimum_balance|trading_days|profitable_days
2024-11-18 00:00:00,295,2024-07,887.1,0.0,25987.1,minimum_balance,minimum_balance|trading_days|profitable_days
2024-11-18 00:00:00,296,2024-07,887.1,0.0,25987.1,minimum_balance,minimum_balance|trading_days|profitable_days
2024-11-18 00:00:00,297,2024-07,887.1,0.0,25987.1,minimum_balance,minimum_balance|trading_days|profitable_days
2024-11-18 00:00:00,298,2024-07,887.1,0.0,25987.1,minimum_balance,minimum_balance|trading_days|profitable_days
2024-11-18 00:00:00,299,2024-07,887.1,0.0,25987.1,minimum_balance,minimum_balance|trading_days|profitable_days
2024-11-18 00:00:00,300,2024-07,887.1,0.0,25987.1,minimum_balance,minimum_balance|trading_days|profitable_days
2024-11-18 00:00:00,301,2024-07,887.1,0.0,25987.1,minimum_balance,minimum_balance|trading_days|profitable_days
2024-11-18 00:00:00,302,2024-07,887.1,0.0,25987.1,minimum_balance,minimum_balance|trading_days|profitable_days
2024-11-18 00:00:00,303,2024-07,887.1,0.0,25987.1,minimum_balance,minimum_balance|trading_days|profitable_days
2024-11-18 00:00:00,304,2024-07,887.1,0.0,25987.1,minimum_balance,minimum_balance|trading_days|profitable_days
2024-11-18 00:00:00,305,2024-07,887.1,0.0,25987.1,minimum_balance,minimum_balance|trading_days|profitable_days
2024-11-18 00:00:00,306,2024-07,887.1,0.0,25987.1,minimum_balance,minimum_balance|trading_days|profitable_days
2024-11-18 00:00:00,307,2024-07,887.1,0.0,25987.1,minimum_balance,minimum_balance|trading_days|profitable_days
2024-11-18 00:00:00,308,2024-07,887.1,0.0,25987.1,minimum_balance,minimum_balance|trading_days|profitable_days
2024-11-18 00:00:00,309,2024-07,887.1,0.0,25987.1,minimum_balance,minimum_balance|trading_days|profitable_days
2024-11-18 00:00:00,310,2024-07,887.1,0.0,25987.1,minimum_balance,minimum_balance|trading_days|profitable_days
2024-11-18 00:00:00,311,2024-07,887.1,0.0,25987.1,minimum_balance,minimum_balance|trading_days|profitable_days
2024-11-25 00:00:00,292,2024-07,1386.95,0.0,26486.95,minimum_balance,minimum_balance|profitable_days
2024-11-25 00:00:00,293,2024-07,1386.95,0.0,26486.95,minimum_balance,minimum_balance|profitable_days
2024-11-25 00:00:00,294,2024-07,1386.95,0.0,26486.95,minimum_balance,minimum_balance|profitable_days
2024-11-25 00:00:00,295,2024-07,1386.95,0.0,26486.95,minimum_balance,minimum_balance|profitable_days
2024-11-25 00:00:00,296,2024-07,1386.95,0.0,26486.95,minimum_balance,minimum_balance|profitable_days
2024-11-25 00:00:00,297,2024-07,1386.95,0.0,26486.95,minimum_balance,minimum_balance|profitable_days
2024-11-25 00:00:00,298,2024-07,1386.95,0.0,26486.95,minimum_balance,minimum_balance|profitable_days
2024-11-25 00:00:00,299,2024-07,1386.95,0.0,26486.95,minimum_balance,minimum_balance|profitable_days
2024-11-25 00:00:00,300,2024-07,1386.95,0.0,26486.95,minimum_balance,minimum_balance|profitable_days
2024-11-25 00:00:00,301,2024-07,1386.95,0.0,26486.95,minimum_balance,minimum_balance|profitable_days
2024-11-25 00:00:00,302,2024-07,1386.95,0.0,26486.95,minimum_balance,minimum_balance|profitable_days
2024-11-25 00:00:00,303,2024-07,1386.95,0.0,26486.95,minimum_balance,minimum_balance|profitable_days
2024-11-25 00:00:00,304,2024-07,1386.95,0.0,26486.95,minimum_balance,minimum_balance|profitable_days
2024-11-25 00:00:00,305,2024-07,1386.95,0.0,26486.95,minimum_balance,minimum_balance|profitable_days
2024-11-25 00:00:00,306,2024-07,1386.95,0.0,26486.95,minimum_balance,minimum_balance|profitable_days
2024-11-25 00:00:00,307,2024-07,1386.95,0.0,26486.95,minimum_balance,minimum_balance|profitable_days
2024-11-25 00:00:00,308,2024-07,1386.95,0.0,26486.95,minimum_balance,minimum_balance|profitable_days
2024-11-25 00:00:00,309,2024-07,1386.95,0.0,26486.95,minimum_balance,minimum_balance|profitable_days
2024-11-25 00:00:00,310,2024-07,1386.95,0.0,26486.95,minimum_balance,minimum_balance|profitable_days
2024-11-25 00:00:00,311,2024-07,1386.95,0.0,26486.95,minimum_balance,minimum_balance|profitable_days
2024-12-02 00:00:00,292,2024-07,1057.6,0.0,26157.6,minimum_balance,minimum_balance|profitable_days
2024-12-02 00:00:00,293,2024-07,1057.6,0.0,26157.6,minimum_balance,minimum_balance|profitable_days
2024-12-02 00:00:00,294,2024-07,1057.6,0.0,26157.6,minimum_balance,minimum_balance|profitable_days
2024-12-02 00:00:00,295,2024-07,1057.6,0.0,26157.6,minimum_balance,minimum_balance|profitable_days
2024-12-02 00:00:00,296,2024-07,1057.6,0.0,26157.6,minimum_balance,minimum_balance|profitable_days
2024-12-02 00:00:00,297,2024-07,1057.6,0.0,26157.6,minimum_balance,minimum_balance|profitable_days
2024-12-02 00:00:00,298,2024-07,1057.6,0.0,26157.6,minimum_balance,minimum_balance|profitable_days
2024-12-02 00:00:00,299,2024-07,1057.6,0.0,26157.6,minimum_balance,minimum_balance|profitable_days
2024-12-02 00:00:00,300,2024-07,1057.6,0.0,26157.6,minimum_balance,minimum_balance|profitable_days
2024-12-02 00:00:00,301,2024-07,1057.6,0.0,26157.6,minimum_balance,minimum_balance|profitable_days
2024-12-02 00:00:00,302,2024-07,1057.6,0.0,26157.6,minimum_balance,minimum_balance|profitable_days
2024-12-02 00:00:00,303,2024-07,1057.6,0.0,26157.6,minimum_balance,minimum_balance|profitable_days
2024-12-02 00:00:00,304,2024-07,1057.6,0.0,26157.6,minimum_balance,minimum_balance|profitable_days
2024-12-02 00:00:00,305,2024-07,1057.6,0.0,26157.6,minimum_balance,minimum_balance|profitable_days
2024-12-02 00:00:00,306,2024-07,1057.6,0.0,26157.6,minimum_balance,minimum_balance|profitable_days
2024-12-02 00:00:00,307,2024-07,1057.6,0.0,26157.6,minimum_balance,minimum_balance|profitable_days
2024-12-02 00:00:00,308,2024-07,1057.6,0.0,26157.6,minimum_balance,minimum_balance|profitable_days
2024-12-02 00:00:00,309,2024-07,1057.6,0.0,26157.6,minimum_balance,minimum_balance|profitable_days
2024-12-02 00:00:00,310,2024-07,1057.6,0.0,26157.6,minimum_balance,minimum_balance|profitable_days
2024-12-02 00:00:00,311,2024-07,1057.6,0.0,26157.6,minimum_balance,minimum_balance|profitable_days
2024-12-09 00:00:00,292,2024-07,1182.3,0.0,26282.3,minimum_balance,minimum_balance
2024-12-09 00:00:00,293,2024-07,1182.3,0.0,26282.3,minimum_balance,minimum_balance
2024-12-09 00:00:00,294,2024-07,1182.3,0.0,26282.3,minimum_balance,minimum_balance
2024-12-09 00:00:00,295,2024-07,1182.3,0.0,26282.3,minimum_balance,minimum_balance
2024-12-09 00:00:00,296,2024-07,1182.3,0.0,26282.3,minimum_balance,minimum_balance
2024-12-09 00:00:00,297,2024-07,1182.3,0.0,26282.3,minimum_balance,minimum_balance
2024-12-09 00:00:00,298,2024-07,1182.3,0.0,26282.3,minimum_balance,minimum_balance
2024-12-09 00:00:00,299,2024-07,1182.3,0.0,26282.3,minimum_balance,minimum_balance
2024-12-09 00:00:00,300,2024-07,1182.3,0.0,26282.3,minimum_balance,minimum_balance
2024-12-09 00:00:00,301,2024-07,1182.3,0.0,26282.3,minimum_balance,minimum_balance
2024-12-09 00:00:00,302,2024-07,1182.3,0.0,26282.3,minimum_balance,minimum_balance
2024-12-09 00:00:00,303,2024-07,1182.3,0.0,26282.3,minimum_balance,minimum_balance
2024-12-09 00:00:00,304,2024-07,1182.3,0.0,26282.3,minimum_balance,minimum_balance
2024-12-09 00:00:00,305,2024-07,1182.3,0.0,26282.3,minimum_balance,minimum_balance
2024-12-09 00:00:00,306,2024-07,1182.3,0.0,26282.3,minimum_balance,minimum_balance
2024-12-09 00:00:00,307,2024-07,1182.3,0.0,26282.3,minimum_balance,minimum_balance
2024-12-09 00:00:00,308,2024-07,1182.3,0.0,26282.3,minimum_balance,minimum_balance
2024-12-09 00:00:00,309,2024-07,1182.3,0.0,26282.3,minimum_balance,minimum_balance
2024-12-09 00:00:00,310,2024-07,1182.3,0.0,26282.3,minimum_balance,minimum_balance
2024-12-09 00:00:00,311,2024-07,1182.3,0.0,26282.3,minimum_balance,minimum_balance
2024-12-16 00:00:00,292,2024-07,1364.4,0.0,26464.4,minimum_balance,minimum_balance
2024-12-16 00:00:00,293,2024-07,1364.4,0.0,26464.4,minimum_balance,minimum_balance
2024-12-16 00:00:00,294,2024-07,1364.4,0.0,26464.4,minimum_balance,minimum_balance
2024-12-16 00:00:00,295,2024-07,1364.4,0.0,26464.4,minimum_balance,minimum_balance
2024-12-16 00:00:00,296,2024-07,1364.4,0.0,26464.4,minimum_balance,minimum_balance
2024-12-16 00:00:00,297,2024-07,1364.4,0.0,26464.4,minimum_balance,minimum_balance
2024-12-16 00:00:00,298,2024-07,1364.4,0.0,26464.4,minimum_balance,minimum_balance
2024-12-16 00:00:00,299,2024-07,1364.4,0.0,26464.4,minimum_balance,minimum_balance
2024-12-16 00:00:00,300,2024-07,1364.4,0.0,26464.4,minimum_balance,minimum_balance
2024-12-16 00:00:00,301,2024-07,1364.4,0.0,26464.4,minimum_balance,minimum_balance
2024-12-16 00:00:00,302,2024-07,1364.4,0.0,26464.4,minimum_balance,minimum_balance
2024-12-16 00:00:00,303,2024-07,1364.4,0.0,26464.4,minimum_balance,minimum_balance
2024-12-16 00:00:00,304,2024-07,1364.4,0.0,26464.4,minimum_balance,minimum_balance
2024-12-16 00:00:00,305,2024-07,1364.4,0.0,26464.4,minimum_balance,minimum_balance
2024-12-16 00:00:00,306,2024-07,1364.4,0.0,26464.4,minimum_balance,minimum_balance
2024-12-16 00:00:00,307,2024-07,1364.4,0.0,26464.4,minimum_balance,minimum_balance
2024-12-16 00:00:00,308,2024-07,1364.4,0.0,26464.4,minimum_balance,minimum_balance
2024-12-16 00:00:00,309,2024-07,1364.4,0.0,26464.4,minimum_balance,minimum_balance
2024-12-16 00:00:00,310,2024-07,1364.4,0.0,26464.4,minimum_balance,minimum_balance
2024-12-16 00:00:00,311,2024-07,1364.4,0.0,26464.4,minimum_balance,minimum_balance
2024-12-30 00:00:00,292,2024-07,777.05,0.0,25877.05,minimum_balance,minimum_balance|trading_days|profitable_days
2024-12-30 00:00:00,293,2024-07,777.05,0.0,25877.05,minimum_balance,minimum_balance|trading_days|profitable_days
2024-12-30 00:00:00,294,2024-07,777.05,0.0,25877.05,minimum_balance,minimum_balance|trading_days|profitable_days
2024-12-30 00:00:00,295,2024-07,777.05,0.0,25877.05,minimum_balance,minimum_balance|trading_days|profitable_days
2024-12-30 00:00:00,296,2024-07,777.05,0.0,25877.05,minimum_balance,minimum_balance|trading_days|profitable_days
2024-12-30 00:00:00,297,2024-07,777.05,0.0,25877.05,minimum_balance,minimum_balance|trading_days|profitable_days
2024-12-30 00:00:00,298,2024-07,777.05,0.0,25877.05,minimum_balance,minimum_balance|trading_days|profitable_days
2024-12-30 00:00:00,299,2024-07,777.05,0.0,25877.05,minimum_balance,minimum_balance|trading_days|profitable_days
2024-12-30 00:00:00,300,2024-07,777.05,0.0,25877.05,minimum_balance,minimum_balance|trading_days|profitable_days
2024-12-30 00:00:00,301,2024-07,777.05,0.0,25877.05,minimum_balance,minimum_balance|trading_days|profitable_days
2024-12-30 00:00:00,302,2024-07,777.05,0.0,25877.05,minimum_balance,minimum_balance|trading_days|profitable_days
2024-12-30 00:00:00,303,2024-07,777.05,0.0,25877.05,minimum_balance,minimum_balance|trading_days|profitable_days
2024-12-30 00:00:00,304,2024-07,777.05,0.0,25877.05,minimum_balance,minimum_balance|trading_days|profitable_days
2024-12-30 00:00:00,305,2024-07,777.05,0.0,25877.05,minimum_balance,minimum_balance|trading_days|profitable_days
2024-12-30 00:00:00,306,2024-07,777.05,0.0,25877.05,minimum_balance,minimum_balance|trading_days|profitable_days
2024-12-30 00:00:00,307,2024-07,777.05,0.0,25877.05,minimum_balance,minimum_balance|trading_days|profitable_days
2024-12-30 00:00:00,308,2024-07,777.05,0.0,25877.05,minimum_balance,minimum_balance|trading_days|profitable_days
2024-12-30 00:00:00,309,2024-07,777.05,0.0,25877.05,minimum_balance,minimum_balance|trading_days|profitable_days
2024-12-30 00:00:00,310,2024-07,777.05,0.0,25877.05,minimum_balance,minimum_balance|trading_days|profitable_days
2024-12-30 00:00:00,311,2024-07,777.05,0.0,25877.05,minimum_balance,minimum_balance|trading_days|profitable_days
2025-01-06 00:00:00,292,2024-07,769.1,0.0,25869.1,minimum_balance,minimum_balance|profitable_days|consistency
2025-01-06 00:00:00,293,2024-07,769.1,0.0,25869.1,minimum_balance,minimum_balance|profitable_days|consistency
2025-01-06 00:00:00,294,2024-07,769.1,0.0,25869.1,minimum_balance,minimum_balance|profitable_days|consistency
2025-01-06 00:00:00,295,2024-07,769.1,0.0,25869.1,minimum_balance,minimum_balance|profitable_days|consistency
2025-01-06 00:00:00,296,2024-07,769.1,0.0,25869.1,minimum_balance,minimum_balance|profitable_days|consistency
2025-01-06 00:00:00,297,2024-07,769.1,0.0,25869.1,minimum_balance,minimum_balance|profitable_days|consistency
2025-01-06 00:00:00,298,2024-07,769.1,0.0,25869.1,minimum_balance,minimum_balance|profitable_days|consistency
2025-01-06 00:00:00,299,2024-07,769.1,0.0,25869.1,minimum_balance,minimum_balance|profitable_days|consistency
2025-01-06 00:00:00,300,2024-07,769.1,0.0,25869.1,minimum_balance,minimum_balance|profitable_days|consistency
2025-01-06 00:00:00,301,2024-07,769.1,0.0,25869.1,minimum_balance,minimum_balance|profitable_days|consistency
2025-01-06 00:00:00,302,2024-07,769.1,0.0,25869.1,minimum_balance,minimum_balance|profitable_days|consistency
2025-01-06 00:00:00,303,2024-07,769.1,0.0,25869.1,minimum_balance,minimum_balance|profitable_days|consistency
2025-01-06 00:00:00,304,2024-07,769.1,0.0,25869.1,minimum_balance,minimum_balance|profitable_days|consistency
2025-01-06 00:00:00,305,2024-07,769.1,0.0,25869.1,minimum_balance,minimum_balance|profitable_days|consistency
2025-01-06 00:00:00,306,2024-07,769.1,0.0,25869.1,minimum_balance,minimum_balance|profitable_days|consistency
2025-01-06 00:00:00,307,2024-07,769.1,0.0,25869.1,minimum_balance,minimum_balance|profitable_days|consistency
2025-01-06 00:00:00,308,2024-07,769.1,0.0,25869.1,minimum_balance,minimum_balance|profitable_days|consistency
2025-01-06 00:00:00,309,2024-07,769.1,0.0,25869.1,minimum_balance,minimum_balance|profitable_days|consistency
2025-01-06 00:00:00,310,2024-07,769.1,0.0,25869.1,minimum_balance,minimum_balance|profitable_days|consistency
2025-01-06 00:00:00,311,2024-07,769.1,0.0,25869.1,minimum_balance,minimum_balance|profitable_days|consistency
2025-01-13 00:00:00,292,2024-07,856.3,0.0,25956.3,minimum_balance,minimum_balance|profitable_days|consistency
2025-01-13 00:00:00,293,2024-07,856.3,0.0,25956.3,minimum_balance,minimum_balance|profitable_days|consistency
2025-01-13 00:00:00,294,2024-07,856.3,0.0,25956.3,minimum_balance,minimum_balance|profitable_days|consistency
2025-01-13 00:00:00,295,2024-07,856.3,0.0,25956.3,minimum_balance,minimum_balance|profitable_days|consistency
2025-01-13 00:00:00,296,2024-07,856.3,0.0,25956.3,minimum_balance,minimum_balance|profitable_days|consistency
2025-01-13 00:00:00,297,2024-07,856.3,0.0,25956.3,minimum_balance,minimum_balance|profitable_days|consistency
2025-01-13 00:00:00,298,2024-07,856.3,0.0,25956.3,minimum_balance,minimum_balance|profitable_days|consistency
2025-01-13 00:00:00,299,2024-07,856.3,0.0,25956.3,minimum_balance,minimum_balance|profitable_days|consistency
2025-01-13 00:00:00,300,2024-07,856.3,0.0,25956.3,minimum_balance,minimum_balance|profitable_days|consistency
2025-01-13 00:00:00,301,2024-07,856.3,0.0,25956.3,minimum_balance,minimum_balance|profitable_days|consistency
2025-01-13 00:00:00,302,2024-07,856.3,0.0,25956.3,minimum_balance,minimum_balance|profitable_days|consistency
2025-01-13 00:00:00,303,2024-07,856.3,0.0,25956.3,minimum_balance,minimum_balance|profitable_days|consistency
2025-01-13 00:00:00,304,2024-07,856.3,0.0,25956.3,minimum_balance,minimum_balance|profitable_days|consistency
2025-01-13 00:00:00,305,2024-07,856.3,0.0,25956.3,minimum_balance,minimum_balance|profitable_days|consistency
2025-01-13 00:00:00,306,2024-07,856.3,0.0,25956.3,minimum_balance,minimum_balance|profitable_days|consistency
2025-01-13 00:00:00,307,2024-07,856.3,0.0,25956.3,minimum_balance,minimum_balance|profitable_days|consistency
2025-01-13 00:00:00,308,2024-07,856.3,0.0,25956.3,minimum_balance,minimum_balance|profitable_days|consistency
2025-01-13 00:00:00,309,2024-07,856.3,0.0,25956.3,minimum_balance,minimum_balance|profitable_days|consistency
2025-01-13 00:00:00,310,2024-07,856.3,0.0,25956.3,minimum_balance,minimum_balance|profitable_days|consistency
2025-01-13 00:00:00,311,2024-07,856.3,0.0,25956.3,minimum_balance,minimum_balance|profitable_days|consistency
2025-01-20 00:00:00,292,2024-07,1308.85,0.0,26408.85,minimum_balance,minimum_balance|consistency
2025-01-20 00:00:00,293,2024-07,1308.85,0.0,26408.85,minimum_balance,minimum_balance|consistency
2025-01-20 00:00:00,294,2024-07,1308.85,0.0,26408.85,minimum_balance,minimum_balance|consistency
2025-01-20 00:00:00,295,2024-07,1308.85,0.0,26408.85,minimum_balance,minimum_balance|consistency
2025-01-20 00:00:00,296,2024-07,1308.85,0.0,26408.85,minimum_balance,minimum_balance|consistency
2025-01-20 00:00:00,297,2024-07,1308.85,0.0,26408.85,minimum_balance,minimum_balance|consistency
2025-01-20 00:00:00,298,2024-07,1308.85,0.0,26408.85,minimum_balance,minimum_balance|consistency
2025-01-20 00:00:00,299,2024-07,1308.85,0.0,26408.85,minimum_balance,minimum_balance|consistency
2025-01-20 00:00:00,300,2024-07,1308.85,0.0,26408.85,minimum_balance,minimum_balance|consistency
2025-01-20 00:00:00,301,2024-07,1308.85,0.0,26408.85,minimum_balance,minimum_balance|consistency
2025-01-20 00:00:00,302,2024-07,1308.85,0.0,26408.85,minimum_balance,minimum_balance|consistency
2025-01-20 00:00:00,303,2024-07,1308.85,0.0,26408.85,minimum_balance,minimum_balance|consistency
2025-01-20 00:00:00,304,2024-07,1308.85,0.0,26408.85,minimum_balance,minimum_balance|consistency
2025-01-20 00:00:00,305,2024-07,1308.85,0.0,26408.85,minimum_balance,minimum_balance|consistency
2025-01-20 00:00:00,306,2024-07,1308.85,0.0,26408.85,minimum_balance,minimum_balance|consistency
2025-01-20 00:00:00,307,2024-07,1308.85,0.0,26408.85,minimum_balance,minimum_balance|consistency
2025-01-20 00:00:00,308,2024-07,1308.85,0.0,26408.85,minimum_balance,minimum_balance|consistency
2025-01-20 00:00:00,309,2024-07,1308.85,0.0,26408.85,minimum_balance,minimum_balance|consistency
2025-01-20 00:00:00,310,2024-07,1308.85,0.0,26408.85,minimum_balance,minimum_balance|consistency
2025-01-20 00:00:00,311,2024-07,1308.85,0.0,26408.85,minimum_balance,minimum_balance|consistency
2025-01-27 00:00:00,292,2024-07,2239.05,0.0,27339.05,consistency,consistency
2025-01-27 00:00:00,293,2024-07,2239.05,0.0,27339.05,consistency,consistency
2025-01-27 00:00:00,294,2024-07,2239.05,0.0,27339.05,consistency,consistency
2025-01-27 00:00:00,295,2024-07,2239.05,0.0,27339.05,consistency,consistency
2025-01-27 00:00:00,296,2024-07,2239.05,0.0,27339.05,consistency,consistency
2025-01-27 00:00:00,297,2024-07,2239.05,0.0,27339.05,consistency,consistency
2025-01-27 00:00:00,298,2024-07,2239.05,0.0,27339.05,consistency,consistency
2025-01-27 00:00:00,299,2024-07,2239.05,0.0,27339.05,consistency,consistency
2025-01-27 00:00:00,300,2024-07,2239.05,0.0,27339.05,consistency,consistency
2025-01-27 00:00:00,301,2024-07,2239.05,0.0,27339.05,consistency,consistency
2025-01-27 00:00:00,302,2024-07,2239.05,0.0,27339.05,consistency,consistency
2025-01-27 00:00:00,303,2024-07,2239.05,0.0,27339.05,consistency,consistency
2025-01-27 00:00:00,304,2024-07,2239.05,0.0,27339.05,consistency,consistency
2025-01-27 00:00:00,305,2024-07,2239.05,0.0,27339.05,consistency,consistency
2025-01-27 00:00:00,306,2024-07,2239.05,0.0,27339.05,consistency,consistency
2025-01-27 00:00:00,307,2024-07,2239.05,0.0,27339.05,consistency,consistency
2025-01-27 00:00:00,308,2024-07,2239.05,0.0,27339.05,consistency,consistency
2025-01-27 00:00:00,309,2024-07,2239.05,0.0,27339.05,consistency,consistency
2025-01-27 00:00:00,310,2024-07,2239.05,0.0,27339.05,consistency,consistency
2025-01-27 00:00:00,311,2024-07,2239.05,0.0,27339.05,consistency,consistency
2025-02-10 00:00:00,292,2024-07,1789.0,0.0,26889.0,trading_days,trading_days|profitable_days
2025-02-10 00:00:00,293,2024-07,1789.0,0.0,26889.0,trading_days,trading_days|profitable_days
2025-02-10 00:00:00,294,2024-07,1789.0,0.0,26889.0,trading_days,trading_days|profitable_days
2025-02-10 00:00:00,295,2024-07,1789.0,0.0,26889.0,trading_days,trading_days|profitable_days
2025-02-10 00:00:00,296,2024-07,1789.0,0.0,26889.0,trading_days,trading_days|profitable_days
2025-02-10 00:00:00,297,2024-07,1789.0,0.0,26889.0,trading_days,trading_days|profitable_days
2025-02-10 00:00:00,298,2024-07,1789.0,0.0,26889.0,trading_days,trading_days|profitable_days
2025-02-10 00:00:00,299,2024-07,1789.0,0.0,26889.0,trading_days,trading_days|profitable_days
2025-02-10 00:00:00,300,2024-07,1789.0,0.0,26889.0,trading_days,trading_days|profitable_days
2025-02-10 00:00:00,301,2024-07,1789.0,0.0,26889.0,trading_days,trading_days|profitable_days
2025-02-10 00:00:00,302,2024-07,1789.0,0.0,26889.0,trading_days,trading_days|profitable_days
2025-02-10 00:00:00,303,2024-07,1789.0,0.0,26889.0,trading_days,trading_days|profitable_days
2025-02-10 00:00:00,304,2024-07,1789.0,0.0,26889.0,trading_days,trading_days|profitable_days
2025-02-10 00:00:00,305,2024-07,1789.0,0.0,26889.0,trading_days,trading_days|profitable_days
2025-02-10 00:00:00,306,2024-07,1789.0,0.0,26889.0,trading_days,trading_days|profitable_days
2025-02-10 00:00:00,307,2024-07,1789.0,0.0,26889.0,trading_days,trading_days|profitable_days
2025-02-10 00:00:00,308,2024-07,1789.0,0.0,26889.0,trading_days,trading_days|profitable_days
2025-02-10 00:00:00,309,2024-07,1789.0,0.0,26889.0,trading_days,trading_days|profitable_days
2025-02-10 00:00:00,310,2024-07,1789.0,0.0,26889.0,trading_days,trading_days|profitable_days
2025-02-10 00:00:00,311,2024-07,1789.0,0.0,26889.0,trading_days,trading_days|profitable_days
2025-02-24 00:00:00,292,2024-07,1131.45,0.0,26231.45,minimum_balance,minimum_balance|trading_days|profitable_days
2025-02-24 00:00:00,293,2024-07,1131.45,0.0,26231.45,minimum_balance,minimum_balance|trading_days|profitable_days
2025-02-24 00:00:00,294,2024-07,1131.45,0.0,26231.45,minimum_balance,minimum_balance|trading_days|profitable_days
2025-02-24 00:00:00,295,2024-07,1131.45,0.0,26231.45,minimum_balance,minimum_balance|trading_days|profitable_days
2025-02-24 00:00:00,296,2024-07,1131.45,0.0,26231.45,minimum_balance,minimum_balance|trading_days|profitable_days
2025-02-24 00:00:00,297,2024-07,1131.45,0.0,26231.45,minimum_balance,minimum_balance|trading_days|profitable_days
2025-02-24 00:00:00,298,2024-07,1131.45,0.0,26231.45,minimum_balance,minimum_balance|trading_days|profitable_days
2025-02-24 00:00:00,299,2024-07,1131.45,0.0,26231.45,minimum_balance,minimum_balance|trading_days|profitable_days
2025-02-24 00:00:00,300,2024-07,1131.45,0.0,26231.45,minimum_balance,minimum_balance|trading_days|profitable_days
2025-02-24 00:00:00,301,2024-07,1131.45,0.0,26231.45,minimum_balance,minimum_balance|trading_days|profitable_days
2025-02-24 00:00:00,302,2024-07,1131.45,0.0,26231.45,minimum_balance,minimum_balance|trading_days|profitable_days
2025-02-24 00:00:00,303,2024-07,1131.45,0.0,26231.45,minimum_balance,minimum_balance|trading_days|profitable_days
2025-02-24 00:00:00,304,2024-07,1131.45,0.0,26231.45,minimum_balance,minimum_balance|trading_days|profitable_days
2025-02-24 00:00:00,305,2024-07,1131.45,0.0,26231.45,minimum_balance,minimum_balance|trading_days|profitable_days
2025-02-24 00:00:00,306,2024-07,1131.45,0.0,26231.45,minimum_balance,minimum_balance|trading_days|profitable_days
2025-02-24 00:00:00,307,2024-07,1131.45,0.0,26231.45,minimum_balance,minimum_balance|trading_days|profitable_days
2025-02-24 00:00:00,308,2024-07,1131.45,0.0,26231.45,minimum_balance,minimum_balance|trading_days|profitable_days
2025-02-24 00:00:00,309,2024-07,1131.45,0.0,26231.45,minimum_balance,minimum_balance|trading_days|profitable_days
2025-02-24 00:00:00,310,2024-07,1131.45,0.0,26231.45,minimum_balance,minimum_balance|trading_days|profitable_days
2025-02-24 00:00:00,311,2024-07,1131.45,0.0,26231.45,minimum_balance,minimum_balance|trading_days|profitable_days
2025-03-03 00:00:00,292,2024-07,740.0,0.0,25840.0,minimum_balance,minimum_balance|profitable_days
2025-03-03 00:00:00,293,2024-07,740.0,0.0,25840.0,minimum_balance,minimum_balance|profitable_days
2025-03-03 00:00:00,294,2024-07,740.0,0.0,25840.0,minimum_balance,minimum_balance|profitable_days
2025-03-03 00:00:00,295,2024-07,740.0,0.0,25840.0,minimum_balance,minimum_balance|profitable_days
2025-03-03 00:00:00,296,2024-07,740.0,0.0,25840.0,minimum_balance,minimum_balance|profitable_days
2025-03-03 00:00:00,297,2024-07,740.0,0.0,25840.0,minimum_balance,minimum_balance|profitable_days
2025-03-03 00:00:00,298,2024-07,740.0,0.0,25840.0,minimum_balance,minimum_balance|profitable_days
2025-03-03 00:00:00,299,2024-07,740.0,0.0,25840.0,minimum_balance,minimum_balance|profitable_days
2025-03-03 00:00:00,300,2024-07,740.0,0.0,25840.0,minimum_balance,minimum_balance|profitable_days
2025-03-03 00:00:00,301,2024-07,740.0,0.0,25840.0,minimum_balance,minimum_balance|profitable_days
2025-03-03 00:00:00,302,2024-07,740.0,0.0,25840.0,minimum_balance,minimum_balance|profitable_days
2025-03-03 00:00:00,303,2024-07,740.0,0.0,25840.0,minimum_balance,minimum_balance|profitable_days
2025-03-03 00:00:00,304,2024-07,740.0,0.0,25840.0,minimum_balance,minimum_balance|profitable_days
2025-03-03 00:00:00,305,2024-07,740.0,0.0,25840.0,minimum_balance,minimum_balance|profitable_days
2025-03-03 00:00:00,306,2024-07,740.0,0.0,25840.0,minimum_balance,minimum_balance|profitable_days
2025-03-03 00:00:00,307,2024-07,740.0,0.0,25840.0,minimum_balance,minimum_balance|profitable_days
2025-03-03 00:00:00,308,2024-07,740.0,0.0,25840.0,minimum_balance,minimum_balance|profitable_days
2025-03-03 00:00:00,309,2024-07,740.0,0.0,25840.0,minimum_balance,minimum_balance|profitable_days
2025-03-03 00:00:00,310,2024-07,740.0,0.0,25840.0,minimum_balance,minimum_balance|profitable_days
2025-03-03 00:00:00,311,2024-07,740.0,0.0,25840.0,minimum_balance,minimum_balance|profitable_days
2025-05-05 00:00:00,372,2025-04,5440.05,0.0,30540.05,consistency,consistency
2025-05-05 00:00:00,373,2025-04,5440.05,0.0,30540.05,consistency,consistency
2025-05-05 00:00:00,374,2025-04,5440.05,0.0,30540.05,consistency,consistency
2025-05-05 00:00:00,375,2025-04,5440.05,0.0,30540.05,consistency,consistency
2025-05-05 00:00:00,376,2025-04,5440.05,0.0,30540.05,consistency,consistency
2025-05-05 00:00:00,377,2025-04,5440.05,0.0,30540.05,consistency,consistency
2025-05-05 00:00:00,378,2025-04,5440.05,0.0,30540.05,consistency,consistency
2025-05-05 00:00:00,379,2025-04,5440.05,0.0,30540.05,consistency,consistency
2025-05-05 00:00:00,380,2025-04,5440.05,0.0,30540.05,consistency,consistency
2025-05-05 00:00:00,381,2025-04,5440.05,0.0,30540.05,consistency,consistency
2025-05-05 00:00:00,382,2025-04,5440.05,0.0,30540.05,consistency,consistency
2025-05-05 00:00:00,383,2025-04,5440.05,0.0,30540.05,consistency,consistency
2025-05-05 00:00:00,384,2025-04,5440.05,0.0,30540.05,consistency,consistency
2025-05-05 00:00:00,385,2025-04,5440.05,0.0,30540.05,consistency,consistency
2025-05-05 00:00:00,386,2025-04,5440.05,0.0,30540.05,consistency,consistency
2025-05-05 00:00:00,387,2025-04,5440.05,0.0,30540.05,consistency,consistency
2025-05-05 00:00:00,388,2025-04,5440.05,0.0,30540.05,consistency,consistency
2025-05-05 00:00:00,389,2025-04,5440.05,0.0,30540.05,consistency,consistency
2025-05-05 00:00:00,390,2025-04,5440.05,0.0,30540.05,consistency,consistency
2025-05-05 00:00:00,391,2025-04,5440.05,0.0,30540.05,consistency,consistency
2025-05-12 00:00:00,372,2025-04,4818.7,0.0,29918.7,consistency,consistency
2025-05-12 00:00:00,373,2025-04,4818.7,0.0,29918.7,consistency,consistency
2025-05-12 00:00:00,374,2025-04,4818.7,0.0,29918.7,consistency,consistency
2025-05-12 00:00:00,375,2025-04,4818.7,0.0,29918.7,consistency,consistency
2025-05-12 00:00:00,376,2025-04,4818.7,0.0,29918.7,consistency,consistency
2025-05-12 00:00:00,377,2025-04,4818.7,0.0,29918.7,consistency,consistency
2025-05-12 00:00:00,378,2025-04,4818.7,0.0,29918.7,consistency,consistency
2025-05-12 00:00:00,379,2025-04,4818.7,0.0,29918.7,consistency,consistency
2025-05-12 00:00:00,380,2025-04,4818.7,0.0,29918.7,consistency,consistency
2025-05-12 00:00:00,381,2025-04,4818.7,0.0,29918.7,consistency,consistency
2025-05-12 00:00:00,382,2025-04,4818.7,0.0,29918.7,consistency,consistency
2025-05-12 00:00:00,383,2025-04,4818.7,0.0,29918.7,consistency,consistency
2025-05-12 00:00:00,384,2025-04,4818.7,0.0,29918.7,consistency,consistency
2025-05-12 00:00:00,385,2025-04,4818.7,0.0,29918.7,consistency,consistency
2025-05-12 00:00:00,386,2025-04,4818.7,0.0,29918.7,consistency,consistency
2025-05-12 00:00:00,387,2025-04,4818.7,0.0,29918.7,consistency,consistency
2025-05-12 00:00:00,388,2025-04,4818.7,0.0,29918.7,consistency,consistency
2025-05-12 00:00:00,389,2025-04,4818.7,0.0,29918.7,consistency,consistency
2025-05-12 00:00:00,390,2025-04,4818.7,0.0,29918.7,consistency,consistency
2025-05-12 00:00:00,391,2025-04,4818.7,0.0,29918.7,consistency,consistency
2025-05-19 00:00:00,372,2025-04,6491.1,0.0,31591.1,consistency,consistency
2025-05-19 00:00:00,373,2025-04,6491.1,0.0,31591.1,consistency,consistency
2025-05-19 00:00:00,374,2025-04,6491.1,0.0,31591.1,consistency,consistency
2025-05-19 00:00:00,375,2025-04,6491.1,0.0,31591.1,consistency,consistency
2025-05-19 00:00:00,376,2025-04,6491.1,0.0,31591.1,consistency,consistency
2025-05-19 00:00:00,377,2025-04,6491.1,0.0,31591.1,consistency,consistency
2025-05-19 00:00:00,378,2025-04,6491.1,0.0,31591.1,consistency,consistency
2025-05-19 00:00:00,379,2025-04,6491.1,0.0,31591.1,consistency,consistency
2025-05-19 00:00:00,380,2025-04,6491.1,0.0,31591.1,consistency,consistency
2025-05-19 00:00:00,381,2025-04,6491.1,0.0,31591.1,consistency,consistency
2025-05-19 00:00:00,382,2025-04,6491.1,0.0,31591.1,consistency,consistency
2025-05-19 00:00:00,383,2025-04,6491.1,0.0,31591.1,consistency,consistency
2025-05-19 00:00:00,384,2025-04,6491.1,0.0,31591.1,consistency,consistency
2025-05-19 00:00:00,385,2025-04,6491.1,0.0,31591.1,consistency,consistency
2025-05-19 00:00:00,386,2025-04,6491.1,0.0,31591.1,consistency,consistency
2025-05-19 00:00:00,387,2025-04,6491.1,0.0,31591.1,consistency,consistency
2025-05-19 00:00:00,388,2025-04,6491.1,0.0,31591.1,consistency,consistency
2025-05-19 00:00:00,389,2025-04,6491.1,0.0,31591.1,consistency,consistency
2025-05-19 00:00:00,390,2025-04,6491.1,0.0,31591.1,consistency,consistency
2025-05-19 00:00:00,391,2025-04,6491.1,0.0,31591.1,consistency,consistency
2025-05-26 00:00:00,372,2025-04,6806.1,0.0,31906.1,consistency,consistency
2025-05-26 00:00:00,373,2025-04,6806.1,0.0,31906.1,consistency,consistency
2025-05-26 00:00:00,374,2025-04,6806.1,0.0,31906.1,consistency,consistency
2025-05-26 00:00:00,375,2025-04,6806.1,0.0,31906.1,consistency,consistency
2025-05-26 00:00:00,376,2025-04,6806.1,0.0,31906.1,consistency,consistency
2025-05-26 00:00:00,377,2025-04,6806.1,0.0,31906.1,consistency,consistency
2025-05-26 00:00:00,378,2025-04,6806.1,0.0,31906.1,consistency,consistency
2025-05-26 00:00:00,379,2025-04,6806.1,0.0,31906.1,consistency,consistency
2025-05-26 00:00:00,380,2025-04,6806.1,0.0,31906.1,consistency,consistency
2025-05-26 00:00:00,381,2025-04,6806.1,0.0,31906.1,consistency,consistency
2025-05-26 00:00:00,382,2025-04,6806.1,0.0,31906.1,consistency,consistency
2025-05-26 00:00:00,383,2025-04,6806.1,0.0,31906.1,consistency,consistency
2025-05-26 00:00:00,384,2025-04,6806.1,0.0,31906.1,consistency,consistency
2025-05-26 00:00:00,385,2025-04,6806.1,0.0,31906.1,consistency,consistency
2025-05-26 00:00:00,386,2025-04,6806.1,0.0,31906.1,consistency,consistency
2025-05-26 00:00:00,387,2025-04,6806.1,0.0,31906.1,consistency,consistency
2025-05-26 00:00:00,388,2025-04,6806.1,0.0,31906.1,consistency,consistency
2025-05-26 00:00:00,389,2025-04,6806.1,0.0,31906.1,consistency,consistency
2025-05-26 00:00:00,390,2025-04,6806.1,0.0,31906.1,consistency,consistency
2025-05-26 00:00:00,391,2025-04,6806.1,0.0,31906.1,consistency,consistency
2025-06-02 00:00:00,372,2025-04,6163.3,0.0,31263.3,consistency,consistency
2025-06-02 00:00:00,373,2025-04,6163.3,0.0,31263.3,consistency,consistency
2025-06-02 00:00:00,374,2025-04,6163.3,0.0,31263.3,consistency,consistency
2025-06-02 00:00:00,375,2025-04,6163.3,0.0,31263.3,consistency,consistency
2025-06-02 00:00:00,376,2025-04,6163.3,0.0,31263.3,consistency,consistency
2025-06-02 00:00:00,377,2025-04,6163.3,0.0,31263.3,consistency,consistency
2025-06-02 00:00:00,378,2025-04,6163.3,0.0,31263.3,consistency,consistency
2025-06-02 00:00:00,379,2025-04,6163.3,0.0,31263.3,consistency,consistency
2025-06-02 00:00:00,380,2025-04,6163.3,0.0,31263.3,consistency,consistency
2025-06-02 00:00:00,381,2025-04,6163.3,0.0,31263.3,consistency,consistency
2025-06-02 00:00:00,382,2025-04,6163.3,0.0,31263.3,consistency,consistency
2025-06-02 00:00:00,383,2025-04,6163.3,0.0,31263.3,consistency,consistency
2025-06-02 00:00:00,384,2025-04,6163.3,0.0,31263.3,consistency,consistency
2025-06-02 00:00:00,385,2025-04,6163.3,0.0,31263.3,consistency,consistency
2025-06-02 00:00:00,386,2025-04,6163.3,0.0,31263.3,consistency,consistency
2025-06-02 00:00:00,387,2025-04,6163.3,0.0,31263.3,consistency,consistency
2025-06-02 00:00:00,388,2025-04,6163.3,0.0,31263.3,consistency,consistency
2025-06-02 00:00:00,389,2025-04,6163.3,0.0,31263.3,consistency,consistency
2025-06-02 00:00:00,390,2025-04,6163.3,0.0,31263.3,consistency,consistency
2025-06-02 00:00:00,391,2025-04,6163.3,0.0,31263.3,consistency,consistency
2025-06-09 00:00:00,372,2025-04,6090.15,0.0,31190.15,consistency,consistency
2025-06-09 00:00:00,373,2025-04,6090.15,0.0,31190.15,consistency,consistency
2025-06-09 00:00:00,374,2025-04,6090.15,0.0,31190.15,consistency,consistency
2025-06-09 00:00:00,375,2025-04,6090.15,0.0,31190.15,consistency,consistency
2025-06-09 00:00:00,376,2025-04,6090.15,0.0,31190.15,consistency,consistency
2025-06-09 00:00:00,377,2025-04,6090.15,0.0,31190.15,consistency,consistency
2025-06-09 00:00:00,378,2025-04,6090.15,0.0,31190.15,consistency,consistency
2025-06-09 00:00:00,379,2025-04,6090.15,0.0,31190.15,consistency,consistency
2025-06-09 00:00:00,380,2025-04,6090.15,0.0,31190.15,consistency,consistency
2025-06-09 00:00:00,381,2025-04,6090.15,0.0,31190.15,consistency,consistency
2025-06-09 00:00:00,382,2025-04,6090.15,0.0,31190.15,consistency,consistency
2025-06-09 00:00:00,383,2025-04,6090.15,0.0,31190.15,consistency,consistency
2025-06-09 00:00:00,384,2025-04,6090.15,0.0,31190.15,consistency,consistency
2025-06-09 00:00:00,385,2025-04,6090.15,0.0,31190.15,consistency,consistency
2025-06-09 00:00:00,386,2025-04,6090.15,0.0,31190.15,consistency,consistency
2025-06-09 00:00:00,387,2025-04,6090.15,0.0,31190.15,consistency,consistency
2025-06-09 00:00:00,388,2025-04,6090.15,0.0,31190.15,consistency,consistency
2025-06-09 00:00:00,389,2025-04,6090.15,0.0,31190.15,consistency,consistency
2025-06-09 00:00:00,390,2025-04,6090.15,0.0,31190.15,consistency,consistency
2025-06-09 00:00:00,391,2025-04,6090.15,0.0,31190.15,consistency,consistency
2025-06-16 00:00:00,372,2025-04,6047.35,0.0,31147.35,consistency,consistency
2025-06-16 00:00:00,373,2025-04,6047.35,0.0,31147.35,consistency,consistency
2025-06-16 00:00:00,374,2025-04,6047.35,0.0,31147.35,consistency,consistency
2025-06-16 00:00:00,375,2025-04,6047.35,0.0,31147.35,consistency,consistency
2025-06-16 00:00:00,376,2025-04,6047.35,0.0,31147.35,consistency,consistency
2025-06-16 00:00:00,377,2025-04,6047.35,0.0,31147.35,consistency,consistency
2025-06-16 00:00:00,378,2025-04,6047.35,0.0,31147.35,consistency,consistency
2025-06-16 00:00:00,379,2025-04,6047.35,0.0,31147.35,consistency,consistency
2025-06-16 00:00:00,380,2025-04,6047.35,0.0,31147.35,consistency,consistency
2025-06-16 00:00:00,381,2025-04,6047.35,0.0,31147.35,consistency,consistency
2025-06-16 00:00:00,382,2025-04,6047.35,0.0,31147.35,consistency,consistency
2025-06-16 00:00:00,383,2025-04,6047.35,0.0,31147.35,consistency,consistency
2025-06-16 00:00:00,384,2025-04,6047.35,0.0,31147.35,consistency,consistency
2025-06-16 00:00:00,385,2025-04,6047.35,0.0,31147.35,consistency,consistency
2025-06-16 00:00:00,386,2025-04,6047.35,0.0,31147.35,consistency,consistency
2025-06-16 00:00:00,387,2025-04,6047.35,0.0,31147.35,consistency,consistency
2025-06-16 00:00:00,388,2025-04,6047.35,0.0,31147.35,consistency,consistency
2025-06-16 00:00:00,389,2025-04,6047.35,0.0,31147.35,consistency,consistency
2025-06-16 00:00:00,390,2025-04,6047.35,0.0,31147.35,consistency,consistency
2025-06-16 00:00:00,391,2025-04,6047.35,0.0,31147.35,consistency,consistency
2025-06-23 00:00:00,372,2025-04,6055.05,0.0,31155.05,consistency,consistency
2025-06-23 00:00:00,373,2025-04,6055.05,0.0,31155.05,consistency,consistency
2025-06-23 00:00:00,374,2025-04,6055.05,0.0,31155.05,consistency,consistency
2025-06-23 00:00:00,375,2025-04,6055.05,0.0,31155.05,consistency,consistency
2025-06-23 00:00:00,376,2025-04,6055.05,0.0,31155.05,consistency,consistency
2025-06-23 00:00:00,377,2025-04,6055.05,0.0,31155.05,consistency,consistency
2025-06-23 00:00:00,378,2025-04,6055.05,0.0,31155.05,consistency,consistency
2025-06-23 00:00:00,379,2025-04,6055.05,0.0,31155.05,consistency,consistency
2025-06-23 00:00:00,380,2025-04,6055.05,0.0,31155.05,consistency,consistency
2025-06-23 00:00:00,381,2025-04,6055.05,0.0,31155.05,consistency,consistency
2025-06-23 00:00:00,382,2025-04,6055.05,0.0,31155.05,consistency,consistency
2025-06-23 00:00:00,383,2025-04,6055.05,0.0,31155.05,consistency,consistency
2025-06-23 00:00:00,384,2025-04,6055.05,0.0,31155.05,consistency,consistency
2025-06-23 00:00:00,385,2025-04,6055.05,0.0,31155.05,consistency,consistency
2025-06-23 00:00:00,386,2025-04,6055.05,0.0,31155.05,consistency,consistency
2025-06-23 00:00:00,387,2025-04,6055.05,0.0,31155.05,consistency,consistency
2025-06-23 00:00:00,388,2025-04,6055.05,0.0,31155.05,consistency,consistency
2025-06-23 00:00:00,389,2025-04,6055.05,0.0,31155.05,consistency,consistency
2025-06-23 00:00:00,390,2025-04,6055.05,0.0,31155.05,consistency,consistency
2025-06-23 00:00:00,391,2025-04,6055.05,0.0,31155.05,consistency,consistency
2025-06-30 00:00:00,372,2025-04,7290.9,0.0,32390.9,consistency,consistency
2025-06-30 00:00:00,373,2025-04,7290.9,0.0,32390.9,consistency,consistency
2025-06-30 00:00:00,374,2025-04,7290.9,0.0,32390.9,consistency,consistency
2025-06-30 00:00:00,375,2025-04,7290.9,0.0,32390.9,consistency,consistency
2025-06-30 00:00:00,376,2025-04,7290.9,0.0,32390.9,consistency,consistency
2025-06-30 00:00:00,377,2025-04,7290.9,0.0,32390.9,consistency,consistency
2025-06-30 00:00:00,378,2025-04,7290.9,0.0,32390.9,consistency,consistency
2025-06-30 00:00:00,379,2025-04,7290.9,0.0,32390.9,consistency,consistency
2025-06-30 00:00:00,380,2025-04,7290.9,0.0,32390.9,consistency,consistency
2025-06-30 00:00:00,381,2025-04,7290.9,0.0,32390.9,consistency,consistency
2025-06-30 00:00:00,382,2025-04,7290.9,0.0,32390.9,consistency,consistency
2025-06-30 00:00:00,383,2025-04,7290.9,0.0,32390.9,consistency,consistency
2025-06-30 00:00:00,384,2025-04,7290.9,0.0,32390.9,consistency,consistency
2025-06-30 00:00:00,385,2025-04,7290.9,0.0,32390.9,consistency,consistency
2025-06-30 00:00:00,386,2025-04,7290.9,0.0,32390.9,consistency,consistency
2025-06-30 00:00:00,387,2025-04,7290.9,0.0,32390.9,consistency,consistency
2025-06-30 00:00:00,388,2025-04,7290.9,0.0,32390.9,consistency,consistency
2025-06-30 00:00:00,389,2025-04,7290.9,0.0,32390.9,consistency,consistency
2025-06-30 00:00:00,390,2025-04,7290.9,0.0,32390.9,consistency,consistency
2025-06-30 00:00:00,391,2025-04,7290.9,0.0,32390.9,consistency,consistency
2025-07-07 00:00:00,372,2025-04,7141.2,0.0,32241.2,consistency,consistency
2025-07-07 00:00:00,373,2025-04,7141.2,0.0,32241.2,consistency,consistency
2025-07-07 00:00:00,374,2025-04,7141.2,0.0,32241.2,consistency,consistency
2025-07-07 00:00:00,375,2025-04,7141.2,0.0,32241.2,consistency,consistency
2025-07-07 00:00:00,376,2025-04,7141.2,0.0,32241.2,consistency,consistency
2025-07-07 00:00:00,377,2025-04,7141.2,0.0,32241.2,consistency,consistency
2025-07-07 00:00:00,378,2025-04,7141.2,0.0,32241.2,consistency,consistency
2025-07-07 00:00:00,379,2025-04,7141.2,0.0,32241.2,consistency,consistency
2025-07-07 00:00:00,380,2025-04,7141.2,0.0,32241.2,consistency,consistency
2025-07-07 00:00:00,381,2025-04,7141.2,0.0,32241.2,consistency,consistency
2025-07-07 00:00:00,382,2025-04,7141.2,0.0,32241.2,consistency,consistency
2025-07-07 00:00:00,383,2025-04,7141.2,0.0,32241.2,consistency,consistency
2025-07-07 00:00:00,384,2025-04,7141.2,0.0,32241.2,consistency,consistency
2025-07-07 00:00:00,385,2025-04,7141.2,0.0,32241.2,consistency,consistency
2025-07-07 00:00:00,386,2025-04,7141.2,0.0,32241.2,consistency,consistency
2025-07-07 00:00:00,387,2025-04,7141.2,0.0,32241.2,consistency,consistency
2025-07-07 00:00:00,388,2025-04,7141.2,0.0,32241.2,consistency,consistency
2025-07-07 00:00:00,389,2025-04,7141.2,0.0,32241.2,consistency,consistency
2025-07-07 00:00:00,390,2025-04,7141.2,0.0,32241.2,consistency,consistency
2025-07-07 00:00:00,391,2025-04,7141.2,0.0,32241.2,consistency,consistency
2025-07-14 00:00:00,372,2025-04,7012.55,0.0,32112.55,consistency,consistency
2025-07-14 00:00:00,373,2025-04,7012.55,0.0,32112.55,consistency,consistency
2025-07-14 00:00:00,374,2025-04,7012.55,0.0,32112.55,consistency,consistency
2025-07-14 00:00:00,375,2025-04,7012.55,0.0,32112.55,consistency,consistency
2025-07-14 00:00:00,376,2025-04,7012.55,0.0,32112.55,consistency,consistency
2025-07-14 00:00:00,377,2025-04,7012.55,0.0,32112.55,consistency,consistency
2025-07-14 00:00:00,378,2025-04,7012.55,0.0,32112.55,consistency,consistency
2025-07-14 00:00:00,379,2025-04,7012.55,0.0,32112.55,consistency,consistency
2025-07-14 00:00:00,380,2025-04,7012.55,0.0,32112.55,consistency,consistency
2025-07-14 00:00:00,381,2025-04,7012.55,0.0,32112.55,consistency,consistency
2025-07-14 00:00:00,382,2025-04,7012.55,0.0,32112.55,consistency,consistency
2025-07-14 00:00:00,383,2025-04,7012.55,0.0,32112.55,consistency,consistency
2025-07-14 00:00:00,384,2025-04,7012.55,0.0,32112.55,consistency,consistency
2025-07-14 00:00:00,385,2025-04,7012.55,0.0,32112.55,consistency,consistency
2025-07-14 00:00:00,386,2025-04,7012.55,0.0,32112.55,consistency,consistency
2025-07-14 00:00:00,387,2025-04,7012.55,0.0,32112.55,consistency,consistency
2025-07-14 00:00:00,388,2025-04,7012.55,0.0,32112.55,consistency,consistency
2025-07-14 00:00:00,389,2025-04,7012.55,0.0,32112.55,consistency,consistency
2025-07-14 00:00:00,390,2025-04,7012.55,0.0,32112.55,consistency,consistency
2025-07-14 00:00:00,391,2025-04,7012.55,0.0,32112.55,consistency,consistency
2025-07-21 00:00:00,372,2025-04,7371.8,0.0,32471.8,consistency,consistency
2025-07-21 00:00:00,373,2025-04,7371.8,0.0,32471.8,consistency,consistency
2025-07-21 00:00:00,374,2025-04,7371.8,0.0,32471.8,consistency,consistency
2025-07-21 00:00:00,375,2025-04,7371.8,0.0,32471.8,consistency,consistency
2025-07-21 00:00:00,376,2025-04,7371.8,0.0,32471.8,consistency,consistency
2025-07-21 00:00:00,377,2025-04,7371.8,0.0,32471.8,consistency,consistency
2025-07-21 00:00:00,378,2025-04,7371.8,0.0,32471.8,consistency,consistency
2025-07-21 00:00:00,379,2025-04,7371.8,0.0,32471.8,consistency,consistency
2025-07-21 00:00:00,380,2025-04,7371.8,0.0,32471.8,consistency,consistency
2025-07-21 00:00:00,381,2025-04,7371.8,0.0,32471.8,consistency,consistency
2025-07-21 00:00:00,382,2025-04,7371.8,0.0,32471.8,consistency,consistency
2025-07-21 00:00:00,383,2025-04,7371.8,0.0,32471.8,consistency,consistency
2025-07-21 00:00:00,384,2025-04,7371.8,0.0,32471.8,consistency,consistency
2025-07-21 00:00:00,385,2025-04,7371.8,0.0,32471.8,consistency,consistency
2025-07-21 00:00:00,386,2025-04,7371.8,0.0,32471.8,consistency,consistency
2025-07-21 00:00:00,387,2025-04,7371.8,0.0,32471.8,consistency,consistency
2025-07-21 00:00:00,388,2025-04,7371.8,0.0,32471.8,consistency,consistency
2025-07-21 00:00:00,389,2025-04,7371.8,0.0,32471.8,consistency,consistency
2025-07-21 00:00:00,390,2025-04,7371.8,0.0,32471.8,consistency,consistency
2025-07-21 00:00:00,391,2025-04,7371.8,0.0,32471.8,consistency,consistency
2025-07-28 00:00:00,372,2025-04,6935.25,0.0,32035.25,consistency,consistency
2025-07-28 00:00:00,373,2025-04,6935.25,0.0,32035.25,consistency,consistency
2025-07-28 00:00:00,374,2025-04,6935.25,0.0,32035.25,consistency,consistency
2025-07-28 00:00:00,375,2025-04,6935.25,0.0,32035.25,consistency,consistency
2025-07-28 00:00:00,376,2025-04,6935.25,0.0,32035.25,consistency,consistency
2025-07-28 00:00:00,377,2025-04,6935.25,0.0,32035.25,consistency,consistency
2025-07-28 00:00:00,378,2025-04,6935.25,0.0,32035.25,consistency,consistency
2025-07-28 00:00:00,379,2025-04,6935.25,0.0,32035.25,consistency,consistency
2025-07-28 00:00:00,380,2025-04,6935.25,0.0,32035.25,consistency,consistency
2025-07-28 00:00:00,381,2025-04,6935.25,0.0,32035.25,consistency,consistency
2025-07-28 00:00:00,382,2025-04,6935.25,0.0,32035.25,consistency,consistency
2025-07-28 00:00:00,383,2025-04,6935.25,0.0,32035.25,consistency,consistency
2025-07-28 00:00:00,384,2025-04,6935.25,0.0,32035.25,consistency,consistency
2025-07-28 00:00:00,385,2025-04,6935.25,0.0,32035.25,consistency,consistency
2025-07-28 00:00:00,386,2025-04,6935.25,0.0,32035.25,consistency,consistency
2025-07-28 00:00:00,387,2025-04,6935.25,0.0,32035.25,consistency,consistency
2025-07-28 00:00:00,388,2025-04,6935.25,0.0,32035.25,consistency,consistency
2025-07-28 00:00:00,389,2025-04,6935.25,0.0,32035.25,consistency,consistency
2025-07-28 00:00:00,390,2025-04,6935.25,0.0,32035.25,consistency,consistency
2025-07-28 00:00:00,391,2025-04,6935.25,0.0,32035.25,consistency,consistency
2025-08-04 00:00:00,372,2025-04,6218.7,0.0,31318.7,consistency,consistency
2025-08-04 00:00:00,373,2025-04,6218.7,0.0,31318.7,consistency,consistency
2025-08-04 00:00:00,374,2025-04,6218.7,0.0,31318.7,consistency,consistency
2025-08-04 00:00:00,375,2025-04,6218.7,0.0,31318.7,consistency,consistency
2025-08-04 00:00:00,376,2025-04,6218.7,0.0,31318.7,consistency,consistency
2025-08-04 00:00:00,377,2025-04,6218.7,0.0,31318.7,consistency,consistency
2025-08-04 00:00:00,378,2025-04,6218.7,0.0,31318.7,consistency,consistency
2025-08-04 00:00:00,379,2025-04,6218.7,0.0,31318.7,consistency,consistency
2025-08-04 00:00:00,380,2025-04,6218.7,0.0,31318.7,consistency,consistency
2025-08-04 00:00:00,381,2025-04,6218.7,0.0,31318.7,consistency,consistency
2025-08-04 00:00:00,382,2025-04,6218.7,0.0,31318.7,consistency,consistency
2025-08-04 00:00:00,383,2025-04,6218.7,0.0,31318.7,consistency,consistency
2025-08-04 00:00:00,384,2025-04,6218.7,0.0,31318.7,consistency,consistency
2025-08-04 00:00:00,385,2025-04,6218.7,0.0,31318.7,consistency,consistency
2025-08-04 00:00:00,386,2025-04,6218.7,0.0,31318.7,consistency,consistency
2025-08-04 00:00:00,387,2025-04,6218.7,0.0,31318.7,consistency,consistency
2025-08-04 00:00:00,388,2025-04,6218.7,0.0,31318.7,consistency,consistency
2025-08-04 00:00:00,389,2025-04,6218.7,0.0,31318.7,consistency,consistency
2025-08-04 00:00:00,390,2025-04,6218.7,0.0,31318.7,consistency,consistency
2025-08-04 00:00:00,391,2025-04,6218.7,0.0,31318.7,consistency,consistency
2025-08-11 00:00:00,372,2025-04,7211.75,0.0,32311.75,consistency,consistency
2025-08-11 00:00:00,373,2025-04,7211.75,0.0,32311.75,consistency,consistency
2025-08-11 00:00:00,374,2025-04,7211.75,0.0,32311.75,consistency,consistency
2025-08-11 00:00:00,375,2025-04,7211.75,0.0,32311.75,consistency,consistency
2025-08-11 00:00:00,376,2025-04,7211.75,0.0,32311.75,consistency,consistency
2025-08-11 00:00:00,377,2025-04,7211.75,0.0,32311.75,consistency,consistency
2025-08-11 00:00:00,378,2025-04,7211.75,0.0,32311.75,consistency,consistency
2025-08-11 00:00:00,379,2025-04,7211.75,0.0,32311.75,consistency,consistency
2025-08-11 00:00:00,380,2025-04,7211.75,0.0,32311.75,consistency,consistency
2025-08-11 00:00:00,381,2025-04,7211.75,0.0,32311.75,consistency,consistency
2025-08-11 00:00:00,382,2025-04,7211.75,0.0,32311.75,consistency,consistency
2025-08-11 00:00:00,383,2025-04,7211.75,0.0,32311.75,consistency,consistency
2025-08-11 00:00:00,384,2025-04,7211.75,0.0,32311.75,consistency,consistency
2025-08-11 00:00:00,385,2025-04,7211.75,0.0,32311.75,consistency,consistency
2025-08-11 00:00:00,386,2025-04,7211.75,0.0,32311.75,consistency,consistency
2025-08-11 00:00:00,387,2025-04,7211.75,0.0,32311.75,consistency,consistency
2025-08-11 00:00:00,388,2025-04,7211.75,0.0,32311.75,consistency,consistency
2025-08-11 00:00:00,389,2025-04,7211.75,0.0,32311.75,consistency,consistency
2025-08-11 00:00:00,390,2025-04,7211.75,0.0,32311.75,consistency,consistency
2025-08-11 00:00:00,391,2025-04,7211.75,0.0,32311.75,consistency,consistency
2025-08-18 00:00:00,372,2025-04,7068.4,0.0,32168.4,consistency,consistency
2025-08-18 00:00:00,373,2025-04,7068.4,0.0,32168.4,consistency,consistency
2025-08-18 00:00:00,374,2025-04,7068.4,0.0,32168.4,consistency,consistency
2025-08-18 00:00:00,375,2025-04,7068.4,0.0,32168.4,consistency,consistency
2025-08-18 00:00:00,376,2025-04,7068.4,0.0,32168.4,consistency,consistency
2025-08-18 00:00:00,377,2025-04,7068.4,0.0,32168.4,consistency,consistency
2025-08-18 00:00:00,378,2025-04,7068.4,0.0,32168.4,consistency,consistency
2025-08-18 00:00:00,379,2025-04,7068.4,0.0,32168.4,consistency,consistency
2025-08-18 00:00:00,380,2025-04,7068.4,0.0,32168.4,consistency,consistency
2025-08-18 00:00:00,381,2025-04,7068.4,0.0,32168.4,consistency,consistency
2025-08-18 00:00:00,382,2025-04,7068.4,0.0,32168.4,consistency,consistency
2025-08-18 00:00:00,383,2025-04,7068.4,0.0,32168.4,consistency,consistency
2025-08-18 00:00:00,384,2025-04,7068.4,0.0,32168.4,consistency,consistency
2025-08-18 00:00:00,385,2025-04,7068.4,0.0,32168.4,consistency,consistency
2025-08-18 00:00:00,386,2025-04,7068.4,0.0,32168.4,consistency,consistency
2025-08-18 00:00:00,387,2025-04,7068.4,0.0,32168.4,consistency,consistency
2025-08-18 00:00:00,388,2025-04,7068.4,0.0,32168.4,consistency,consistency
2025-08-18 00:00:00,389,2025-04,7068.4,0.0,32168.4,consistency,consistency
2025-08-18 00:00:00,390,2025-04,7068.4,0.0,32168.4,consistency,consistency
2025-08-18 00:00:00,391,2025-04,7068.4,0.0,32168.4,consistency,consistency
2025-08-25 00:00:00,372,2025-04,6816.6,0.0,31916.6,consistency,consistency
2025-08-25 00:00:00,373,2025-04,6816.6,0.0,31916.6,consistency,consistency
2025-08-25 00:00:00,374,2025-04,6816.6,0.0,31916.6,consistency,consistency
2025-08-25 00:00:00,375,2025-04,6816.6,0.0,31916.6,consistency,consistency
2025-08-25 00:00:00,376,2025-04,6816.6,0.0,31916.6,consistency,consistency
2025-08-25 00:00:00,377,2025-04,6816.6,0.0,31916.6,consistency,consistency
2025-08-25 00:00:00,378,2025-04,6816.6,0.0,31916.6,consistency,consistency
2025-08-25 00:00:00,379,2025-04,6816.6,0.0,31916.6,consistency,consistency
2025-08-25 00:00:00,380,2025-04,6816.6,0.0,31916.6,consistency,consistency
2025-08-25 00:00:00,381,2025-04,6816.6,0.0,31916.6,consistency,consistency
2025-08-25 00:00:00,382,2025-04,6816.6,0.0,31916.6,consistency,consistency
2025-08-25 00:00:00,383,2025-04,6816.6,0.0,31916.6,consistency,consistency
2025-08-25 00:00:00,384,2025-04,6816.6,0.0,31916.6,consistency,consistency
2025-08-25 00:00:00,385,2025-04,6816.6,0.0,31916.6,consistency,consistency
2025-08-25 00:00:00,386,2025-04,6816.6,0.0,31916.6,consistency,consistency
2025-08-25 00:00:00,387,2025-04,6816.6,0.0,31916.6,consistency,consistency
2025-08-25 00:00:00,388,2025-04,6816.6,0.0,31916.6,consistency,consistency
2025-08-25 00:00:00,389,2025-04,6816.6,0.0,31916.6,consistency,consistency
2025-08-25 00:00:00,390,2025-04,6816.6,0.0,31916.6,consistency,consistency
2025-08-25 00:00:00,391,2025-04,6816.6,0.0,31916.6,consistency,consistency
2025-09-01 00:00:00,372,2025-04,6443.35,0.0,31543.35,consistency,consistency
2025-09-01 00:00:00,373,2025-04,6443.35,0.0,31543.35,consistency,consistency
2025-09-01 00:00:00,374,2025-04,6443.35,0.0,31543.35,consistency,consistency
2025-09-01 00:00:00,375,2025-04,6443.35,0.0,31543.35,consistency,consistency
2025-09-01 00:00:00,376,2025-04,6443.35,0.0,31543.35,consistency,consistency
2025-09-01 00:00:00,377,2025-04,6443.35,0.0,31543.35,consistency,consistency
2025-09-01 00:00:00,378,2025-04,6443.35,0.0,31543.35,consistency,consistency
2025-09-01 00:00:00,379,2025-04,6443.35,0.0,31543.35,consistency,consistency
2025-09-01 00:00:00,380,2025-04,6443.35,0.0,31543.35,consistency,consistency
2025-09-01 00:00:00,381,2025-04,6443.35,0.0,31543.35,consistency,consistency
2025-09-01 00:00:00,382,2025-04,6443.35,0.0,31543.35,consistency,consistency
2025-09-01 00:00:00,383,2025-04,6443.35,0.0,31543.35,consistency,consistency
2025-09-01 00:00:00,384,2025-04,6443.35,0.0,31543.35,consistency,consistency
2025-09-01 00:00:00,385,2025-04,6443.35,0.0,31543.35,consistency,consistency
2025-09-01 00:00:00,386,2025-04,6443.35,0.0,31543.35,consistency,consistency
2025-09-01 00:00:00,387,2025-04,6443.35,0.0,31543.35,consistency,consistency
2025-09-01 00:00:00,388,2025-04,6443.35,0.0,31543.35,consistency,consistency
2025-09-01 00:00:00,389,2025-04,6443.35,0.0,31543.35,consistency,consistency
2025-09-01 00:00:00,390,2025-04,6443.35,0.0,31543.35,consistency,consistency
2025-09-01 00:00:00,391,2025-04,6443.35,0.0,31543.35,consistency,consistency
2025-09-08 00:00:00,372,2025-04,6504.25,0.0,31604.25,consistency,consistency
2025-09-08 00:00:00,373,2025-04,6504.25,0.0,31604.25,consistency,consistency
2025-09-08 00:00:00,374,2025-04,6504.25,0.0,31604.25,consistency,consistency
2025-09-08 00:00:00,375,2025-04,6504.25,0.0,31604.25,consistency,consistency
2025-09-08 00:00:00,376,2025-04,6504.25,0.0,31604.25,consistency,consistency
2025-09-08 00:00:00,377,2025-04,6504.25,0.0,31604.25,consistency,consistency
2025-09-08 00:00:00,378,2025-04,6504.25,0.0,31604.25,consistency,consistency
2025-09-08 00:00:00,379,2025-04,6504.25,0.0,31604.25,consistency,consistency
2025-09-08 00:00:00,380,2025-04,6504.25,0.0,31604.25,consistency,consistency
2025-09-08 00:00:00,381,2025-04,6504.25,0.0,31604.25,consistency,consistency
2025-09-08 00:00:00,382,2025-04,6504.25,0.0,31604.25,consistency,consistency
2025-09-08 00:00:00,383,2025-04,6504.25,0.0,31604.25,consistency,consistency
2025-09-08 00:00:00,384,2025-04,6504.25,0.0,31604.25,consistency,consistency
2025-09-08 00:00:00,385,2025-04,6504.25,0.0,31604.25,consistency,consistency
2025-09-08 00:00:00,386,2025-04,6504.25,0.0,31604.25,consistency,consistency
2025-09-08 00:00:00,387,2025-04,6504.25,0.0,31604.25,consistency,consistency
2025-09-08 00:00:00,388,2025-04,6504.25,0.0,31604.25,consistency,consistency
2025-09-08 00:00:00,389,2025-04,6504.25,0.0,31604.25,consistency,consistency
2025-09-08 00:00:00,390,2025-04,6504.25,0.0,31604.25,consistency,consistency
2025-09-08 00:00:00,391,2025-04,6504.25,0.0,31604.25,consistency,consistency
2025-09-15 00:00:00,372,2025-04,6796.15,0.0,31896.15,consistency,consistency
2025-09-15 00:00:00,373,2025-04,6796.15,0.0,31896.15,consistency,consistency
2025-09-15 00:00:00,374,2025-04,6796.15,0.0,31896.15,consistency,consistency
2025-09-15 00:00:00,375,2025-04,6796.15,0.0,31896.15,consistency,consistency
2025-09-15 00:00:00,376,2025-04,6796.15,0.0,31896.15,consistency,consistency
2025-09-15 00:00:00,377,2025-04,6796.15,0.0,31896.15,consistency,consistency
2025-09-15 00:00:00,378,2025-04,6796.15,0.0,31896.15,consistency,consistency
2025-09-15 00:00:00,379,2025-04,6796.15,0.0,31896.15,consistency,consistency
2025-09-15 00:00:00,380,2025-04,6796.15,0.0,31896.15,consistency,consistency
2025-09-15 00:00:00,381,2025-04,6796.15,0.0,31896.15,consistency,consistency
2025-09-15 00:00:00,382,2025-04,6796.15,0.0,31896.15,consistency,consistency
2025-09-15 00:00:00,383,2025-04,6796.15,0.0,31896.15,consistency,consistency
2025-09-15 00:00:00,384,2025-04,6796.15,0.0,31896.15,consistency,consistency
2025-09-15 00:00:00,385,2025-04,6796.15,0.0,31896.15,consistency,consistency
2025-09-15 00:00:00,386,2025-04,6796.15,0.0,31896.15,consistency,consistency
2025-09-15 00:00:00,387,2025-04,6796.15,0.0,31896.15,consistency,consistency
2025-09-15 00:00:00,388,2025-04,6796.15,0.0,31896.15,consistency,consistency
2025-09-15 00:00:00,389,2025-04,6796.15,0.0,31896.15,consistency,consistency
2025-09-15 00:00:00,390,2025-04,6796.15,0.0,31896.15,consistency,consistency
2025-09-15 00:00:00,391,2025-04,6796.15,0.0,31896.15,consistency,consistency
2025-09-22 00:00:00,372,2025-04,6790.8,0.0,31890.8,consistency,consistency
2025-09-22 00:00:00,373,2025-04,6790.8,0.0,31890.8,consistency,consistency
2025-09-22 00:00:00,374,2025-04,6790.8,0.0,31890.8,consistency,consistency
2025-09-22 00:00:00,375,2025-04,6790.8,0.0,31890.8,consistency,consistency
2025-09-22 00:00:00,376,2025-04,6790.8,0.0,31890.8,consistency,consistency
2025-09-22 00:00:00,377,2025-04,6790.8,0.0,31890.8,consistency,consistency
2025-09-22 00:00:00,378,2025-04,6790.8,0.0,31890.8,consistency,consistency
2025-09-22 00:00:00,379,2025-04,6790.8,0.0,31890.8,consistency,consistency
2025-09-22 00:00:00,380,2025-04,6790.8,0.0,31890.8,consistency,consistency
2025-09-22 00:00:00,381,2025-04,6790.8,0.0,31890.8,consistency,consistency
2025-09-22 00:00:00,382,2025-04,6790.8,0.0,31890.8,consistency,consistency
2025-09-22 00:00:00,383,2025-04,6790.8,0.0,31890.8,consistency,consistency
2025-09-22 00:00:00,384,2025-04,6790.8,0.0,31890.8,consistency,consistency
2025-09-22 00:00:00,385,2025-04,6790.8,0.0,31890.8,consistency,consistency
2025-09-22 00:00:00,386,2025-04,6790.8,0.0,31890.8,consistency,consistency
2025-09-22 00:00:00,387,2025-04,6790.8,0.0,31890.8,consistency,consistency
2025-09-22 00:00:00,388,2025-04,6790.8,0.0,31890.8,consistency,consistency
2025-09-22 00:00:00,389,2025-04,6790.8,0.0,31890.8,consistency,consistency
2025-09-22 00:00:00,390,2025-04,6790.8,0.0,31890.8,consistency,consistency
2025-09-22 00:00:00,391,2025-04,6790.8,0.0,31890.8,consistency,consistency
2025-09-29 00:00:00,372,2025-04,6936.0,0.0,32036.0,consistency,consistency
2025-09-29 00:00:00,373,2025-04,6936.0,0.0,32036.0,consistency,consistency
2025-09-29 00:00:00,374,2025-04,6936.0,0.0,32036.0,consistency,consistency
2025-09-29 00:00:00,375,2025-04,6936.0,0.0,32036.0,consistency,consistency
2025-09-29 00:00:00,376,2025-04,6936.0,0.0,32036.0,consistency,consistency
2025-09-29 00:00:00,377,2025-04,6936.0,0.0,32036.0,consistency,consistency
2025-09-29 00:00:00,378,2025-04,6936.0,0.0,32036.0,consistency,consistency
2025-09-29 00:00:00,379,2025-04,6936.0,0.0,32036.0,consistency,consistency
2025-09-29 00:00:00,380,2025-04,6936.0,0.0,32036.0,consistency,consistency
2025-09-29 00:00:00,381,2025-04,6936.0,0.0,32036.0,consistency,consistency
2025-09-29 00:00:00,382,2025-04,6936.0,0.0,32036.0,consistency,consistency
2025-09-29 00:00:00,383,2025-04,6936.0,0.0,32036.0,consistency,consistency
2025-09-29 00:00:00,384,2025-04,6936.0,0.0,32036.0,consistency,consistency
2025-09-29 00:00:00,385,2025-04,6936.0,0.0,32036.0,consistency,consistency
2025-09-29 00:00:00,386,2025-04,6936.0,0.0,32036.0,consistency,consistency
2025-09-29 00:00:00,387,2025-04,6936.0,0.0,32036.0,consistency,consistency
2025-09-29 00:00:00,388,2025-04,6936.0,0.0,32036.0,consistency,consistency
2025-09-29 00:00:00,389,2025-04,6936.0,0.0,32036.0,consistency,consistency
2025-09-29 00:00:00,390,2025-04,6936.0,0.0,32036.0,consistency,consistency
2025-09-29 00:00:00,391,2025-04,6936.0,0.0,32036.0,consistency,consistency
2025-10-06 00:00:00,372,2025-04,6957.0,0.0,32057.0,consistency,consistency
2025-10-06 00:00:00,373,2025-04,6957.0,0.0,32057.0,consistency,consistency
2025-10-06 00:00:00,374,2025-04,6957.0,0.0,32057.0,consistency,consistency
2025-10-06 00:00:00,375,2025-04,6957.0,0.0,32057.0,consistency,consistency
2025-10-06 00:00:00,376,2025-04,6957.0,0.0,32057.0,consistency,consistency
2025-10-06 00:00:00,377,2025-04,6957.0,0.0,32057.0,consistency,consistency
2025-10-06 00:00:00,378,2025-04,6957.0,0.0,32057.0,consistency,consistency
2025-10-06 00:00:00,379,2025-04,6957.0,0.0,32057.0,consistency,consistency
2025-10-06 00:00:00,380,2025-04,6957.0,0.0,32057.0,consistency,consistency
2025-10-06 00:00:00,381,2025-04,6957.0,0.0,32057.0,consistency,consistency
2025-10-06 00:00:00,382,2025-04,6957.0,0.0,32057.0,consistency,consistency
2025-10-06 00:00:00,383,2025-04,6957.0,0.0,32057.0,consistency,consistency
2025-10-06 00:00:00,384,2025-04,6957.0,0.0,32057.0,consistency,consistency
2025-10-06 00:00:00,385,2025-04,6957.0,0.0,32057.0,consistency,consistency
2025-10-06 00:00:00,386,2025-04,6957.0,0.0,32057.0,consistency,consistency
2025-10-06 00:00:00,387,2025-04,6957.0,0.0,32057.0,consistency,consistency
2025-10-06 00:00:00,388,2025-04,6957.0,0.0,32057.0,consistency,consistency
2025-10-06 00:00:00,389,2025-04,6957.0,0.0,32057.0,consistency,consistency
2025-10-06 00:00:00,390,2025-04,6957.0,0.0,32057.0,consistency,consistency
2025-10-06 00:00:00,391,2025-04,6957.0,0.0,32057.0,consistency,consistency
2025-10-13 00:00:00,372,2025-04,7378.75,0.0,32478.75,consistency,consistency
2025-10-13 00:00:00,373,2025-04,7378.75,0.0,32478.75,consistency,consistency
2025-10-13 00:00:00,374,2025-04,7378.75,0.0,32478.75,consistency,consistency
2025-10-13 00:00:00,375,2025-04,7378.75,0.0,32478.75,consistency,consistency
2025-10-13 00:00:00,376,2025-04,7378.75,0.0,32478.75,consistency,consistency
2025-10-13 00:00:00,377,2025-04,7378.75,0.0,32478.75,consistency,consistency
2025-10-13 00:00:00,378,2025-04,7378.75,0.0,32478.75,consistency,consistency
2025-10-13 00:00:00,379,2025-04,7378.75,0.0,32478.75,consistency,consistency
2025-10-13 00:00:00,380,2025-04,7378.75,0.0,32478.75,consistency,consistency
2025-10-13 00:00:00,381,2025-04,7378.75,0.0,32478.75,consistency,consistency
2025-10-13 00:00:00,382,2025-04,7378.75,0.0,32478.75,consistency,consistency
2025-10-13 00:00:00,383,2025-04,7378.75,0.0,32478.75,consistency,consistency
2025-10-13 00:00:00,384,2025-04,7378.75,0.0,32478.75,consistency,consistency
2025-10-13 00:00:00,385,2025-04,7378.75,0.0,32478.75,consistency,consistency
2025-10-13 00:00:00,386,2025-04,7378.75,0.0,32478.75,consistency,consistency
2025-10-13 00:00:00,387,2025-04,7378.75,0.0,32478.75,consistency,consistency
2025-10-13 00:00:00,388,2025-04,7378.75,0.0,32478.75,consistency,consistency
2025-10-13 00:00:00,389,2025-04,7378.75,0.0,32478.75,consistency,consistency
2025-10-13 00:00:00,390,2025-04,7378.75,0.0,32478.75,consistency,consistency
2025-10-13 00:00:00,391,2025-04,7378.75,0.0,32478.75,consistency,consistency
2025-10-27 00:00:00,372,2025-04,7723.6,0.0,32823.6,trading_days,trading_days|profitable_days
2025-10-27 00:00:00,373,2025-04,7723.6,0.0,32823.6,trading_days,trading_days|profitable_days
2025-10-27 00:00:00,374,2025-04,7723.6,0.0,32823.6,trading_days,trading_days|profitable_days
2025-10-27 00:00:00,375,2025-04,7723.6,0.0,32823.6,trading_days,trading_days|profitable_days
2025-10-27 00:00:00,376,2025-04,7723.6,0.0,32823.6,trading_days,trading_days|profitable_days
2025-10-27 00:00:00,377,2025-04,7723.6,0.0,32823.6,trading_days,trading_days|profitable_days
2025-10-27 00:00:00,378,2025-04,7723.6,0.0,32823.6,trading_days,trading_days|profitable_days
2025-10-27 00:00:00,379,2025-04,7723.6,0.0,32823.6,trading_days,trading_days|profitable_days
2025-10-27 00:00:00,380,2025-04,7723.6,0.0,32823.6,trading_days,trading_days|profitable_days
2025-10-27 00:00:00,381,2025-04,7723.6,0.0,32823.6,trading_days,trading_days|profitable_days
2025-10-27 00:00:00,382,2025-04,7723.6,0.0,32823.6,trading_days,trading_days|profitable_days
2025-10-27 00:00:00,383,2025-04,7723.6,0.0,32823.6,trading_days,trading_days|profitable_days
2025-10-27 00:00:00,384,2025-04,7723.6,0.0,32823.6,trading_days,trading_days|profitable_days
2025-10-27 00:00:00,385,2025-04,7723.6,0.0,32823.6,trading_days,trading_days|profitable_days
2025-10-27 00:00:00,386,2025-04,7723.6,0.0,32823.6,trading_days,trading_days|profitable_days
2025-10-27 00:00:00,387,2025-04,7723.6,0.0,32823.6,trading_days,trading_days|profitable_days
2025-10-27 00:00:00,388,2025-04,7723.6,0.0,32823.6,trading_days,trading_days|profitable_days
2025-10-27 00:00:00,389,2025-04,7723.6,0.0,32823.6,trading_days,trading_days|profitable_days
2025-10-27 00:00:00,390,2025-04,7723.6,0.0,32823.6,trading_days,trading_days|profitable_days
2025-10-27 00:00:00,391,2025-04,7723.6,0.0,32823.6,trading_days,trading_days|profitable_days
2025-11-10 00:00:00,372,2025-04,6611.9,0.0,31711.9,trading_days,trading_days|profitable_days
2025-11-10 00:00:00,373,2025-04,6611.9,0.0,31711.9,trading_days,trading_days|profitable_days
2025-11-10 00:00:00,374,2025-04,6611.9,0.0,31711.9,trading_days,trading_days|profitable_days
2025-11-10 00:00:00,375,2025-04,6611.9,0.0,31711.9,trading_days,trading_days|profitable_days
2025-11-10 00:00:00,376,2025-04,6611.9,0.0,31711.9,trading_days,trading_days|profitable_days
2025-11-10 00:00:00,377,2025-04,6611.9,0.0,31711.9,trading_days,trading_days|profitable_days
2025-11-10 00:00:00,378,2025-04,6611.9,0.0,31711.9,trading_days,trading_days|profitable_days
2025-11-10 00:00:00,379,2025-04,6611.9,0.0,31711.9,trading_days,trading_days|profitable_days
2025-11-10 00:00:00,380,2025-04,6611.9,0.0,31711.9,trading_days,trading_days|profitable_days
2025-11-10 00:00:00,381,2025-04,6611.9,0.0,31711.9,trading_days,trading_days|profitable_days
2025-11-10 00:00:00,382,2025-04,6611.9,0.0,31711.9,trading_days,trading_days|profitable_days
2025-11-10 00:00:00,383,2025-04,6611.9,0.0,31711.9,trading_days,trading_days|profitable_days
2025-11-10 00:00:00,384,2025-04,6611.9,0.0,31711.9,trading_days,trading_days|profitable_days
2025-11-10 00:00:00,385,2025-04,6611.9,0.0,31711.9,trading_days,trading_days|profitable_days
2025-11-10 00:00:00,386,2025-04,6611.9,0.0,31711.9,trading_days,trading_days|profitable_days
2025-11-10 00:00:00,387,2025-04,6611.9,0.0,31711.9,trading_days,trading_days|profitable_days
2025-11-10 00:00:00,388,2025-04,6611.9,0.0,31711.9,trading_days,trading_days|profitable_days
2025-11-10 00:00:00,389,2025-04,6611.9,0.0,31711.9,trading_days,trading_days|profitable_days
2025-11-10 00:00:00,390,2025-04,6611.9,0.0,31711.9,trading_days,trading_days|profitable_days
2025-11-10 00:00:00,391,2025-04,6611.9,0.0,31711.9,trading_days,trading_days|profitable_days
2025-11-17 00:00:00,372,2025-04,6253.4,0.0,31353.4,profitable_days,profitable_days
2025-11-17 00:00:00,373,2025-04,6253.4,0.0,31353.4,profitable_days,profitable_days
2025-11-17 00:00:00,374,2025-04,6253.4,0.0,31353.4,profitable_days,profitable_days
2025-11-17 00:00:00,375,2025-04,6253.4,0.0,31353.4,profitable_days,profitable_days
2025-11-17 00:00:00,376,2025-04,6253.4,0.0,31353.4,profitable_days,profitable_days
2025-11-17 00:00:00,377,2025-04,6253.4,0.0,31353.4,profitable_days,profitable_days
2025-11-17 00:00:00,378,2025-04,6253.4,0.0,31353.4,profitable_days,profitable_days
2025-11-17 00:00:00,379,2025-04,6253.4,0.0,31353.4,profitable_days,profitable_days
2025-11-17 00:00:00,380,2025-04,6253.4,0.0,31353.4,profitable_days,profitable_days
2025-11-17 00:00:00,381,2025-04,6253.4,0.0,31353.4,profitable_days,profitable_days
2025-11-17 00:00:00,382,2025-04,6253.4,0.0,31353.4,profitable_days,profitable_days
2025-11-17 00:00:00,383,2025-04,6253.4,0.0,31353.4,profitable_days,profitable_days
2025-11-17 00:00:00,384,2025-04,6253.4,0.0,31353.4,profitable_days,profitable_days
2025-11-17 00:00:00,385,2025-04,6253.4,0.0,31353.4,profitable_days,profitable_days
2025-11-17 00:00:00,386,2025-04,6253.4,0.0,31353.4,profitable_days,profitable_days
2025-11-17 00:00:00,387,2025-04,6253.4,0.0,31353.4,profitable_days,profitable_days
2025-11-17 00:00:00,388,2025-04,6253.4,0.0,31353.4,profitable_days,profitable_days
2025-11-17 00:00:00,389,2025-04,6253.4,0.0,31353.4,profitable_days,profitable_days
2025-11-17 00:00:00,390,2025-04,6253.4,0.0,31353.4,profitable_days,profitable_days
2025-11-17 00:00:00,391,2025-04,6253.4,0.0,31353.4,profitable_days,profitable_days
2025-12-01 00:00:00,372,2025-04,5495.05,0.0,30595.05,trading_days,trading_days|profitable_days
2025-12-01 00:00:00,373,2025-04,5495.05,0.0,30595.05,trading_days,trading_days|profitable_days
2025-12-01 00:00:00,374,2025-04,5495.05,0.0,30595.05,trading_days,trading_days|profitable_days
2025-12-01 00:00:00,375,2025-04,5495.05,0.0,30595.05,trading_days,trading_days|profitable_days
2025-12-01 00:00:00,376,2025-04,5495.05,0.0,30595.05,trading_days,trading_days|profitable_days
2025-12-01 00:00:00,377,2025-04,5495.05,0.0,30595.05,trading_days,trading_days|profitable_days
2025-12-01 00:00:00,378,2025-04,5495.05,0.0,30595.05,trading_days,trading_days|profitable_days
2025-12-01 00:00:00,379,2025-04,5495.05,0.0,30595.05,trading_days,trading_days|profitable_days
2025-12-01 00:00:00,380,2025-04,5495.05,0.0,30595.05,trading_days,trading_days|profitable_days
2025-12-01 00:00:00,381,2025-04,5495.05,0.0,30595.05,trading_days,trading_days|profitable_days
2025-12-01 00:00:00,382,2025-04,5495.05,0.0,30595.05,trading_days,trading_days|profitable_days
2025-12-01 00:00:00,383,2025-04,5495.05,0.0,30595.05,trading_days,trading_days|profitable_days
2025-12-01 00:00:00,384,2025-04,5495.05,0.0,30595.05,trading_days,trading_days|profitable_days
2025-12-01 00:00:00,385,2025-04,5495.05,0.0,30595.05,trading_days,trading_days|profitable_days
2025-12-01 00:00:00,386,2025-04,5495.05,0.0,30595.05,trading_days,trading_days|profitable_days
2025-12-01 00:00:00,387,2025-04,5495.05,0.0,30595.05,trading_days,trading_days|profitable_days
2025-12-01 00:00:00,388,2025-04,5495.05,0.0,30595.05,trading_days,trading_days|profitable_days
2025-12-01 00:00:00,389,2025-04,5495.05,0.0,30595.05,trading_days,trading_days|profitable_days
2025-12-01 00:00:00,390,2025-04,5495.05,0.0,30595.05,trading_days,trading_days|profitable_days
2025-12-01 00:00:00,391,2025-04,5495.05,0.0,30595.05,trading_days,trading_days|profitable_days
2025-12-08 00:00:00,372,2025-04,5115.95,0.0,30215.95,profitable_days,profitable_days
2025-12-08 00:00:00,373,2025-04,5115.95,0.0,30215.95,profitable_days,profitable_days
2025-12-08 00:00:00,374,2025-04,5115.95,0.0,30215.95,profitable_days,profitable_days
2025-12-08 00:00:00,375,2025-04,5115.95,0.0,30215.95,profitable_days,profitable_days
2025-12-08 00:00:00,376,2025-04,5115.95,0.0,30215.95,profitable_days,profitable_days
2025-12-08 00:00:00,377,2025-04,5115.95,0.0,30215.95,profitable_days,profitable_days
2025-12-08 00:00:00,378,2025-04,5115.95,0.0,30215.95,profitable_days,profitable_days
2025-12-08 00:00:00,379,2025-04,5115.95,0.0,30215.95,profitable_days,profitable_days
2025-12-08 00:00:00,380,2025-04,5115.95,0.0,30215.95,profitable_days,profitable_days
2025-12-08 00:00:00,381,2025-04,5115.95,0.0,30215.95,profitable_days,profitable_days
2025-12-08 00:00:00,382,2025-04,5115.95,0.0,30215.95,profitable_days,profitable_days
2025-12-08 00:00:00,383,2025-04,5115.95,0.0,30215.95,profitable_days,profitable_days
2025-12-08 00:00:00,384,2025-04,5115.95,0.0,30215.95,profitable_days,profitable_days
2025-12-08 00:00:00,385,2025-04,5115.95,0.0,30215.95,profitable_days,profitable_days
2025-12-08 00:00:00,386,2025-04,5115.95,0.0,30215.95,profitable_days,profitable_days
2025-12-08 00:00:00,387,2025-04,5115.95,0.0,30215.95,profitable_days,profitable_days
2025-12-08 00:00:00,388,2025-04,5115.95,0.0,30215.95,profitable_days,profitable_days
2025-12-08 00:00:00,389,2025-04,5115.95,0.0,30215.95,profitable_days,profitable_days
2025-12-08 00:00:00,390,2025-04,5115.95,0.0,30215.95,profitable_days,profitable_days
2025-12-08 00:00:00,391,2025-04,5115.95,0.0,30215.95,profitable_days,profitable_days
2025-12-22 00:00:00,372,2025-04,3470.5,0.0,28570.5,trading_days,trading_days|profitable_days
2025-12-22 00:00:00,373,2025-04,3470.5,0.0,28570.5,trading_days,trading_days|profitable_days
2025-12-22 00:00:00,374,2025-04,3470.5,0.0,28570.5,trading_days,trading_days|profitable_days
2025-12-22 00:00:00,375,2025-04,3470.5,0.0,28570.5,trading_days,trading_days|profitable_days
2025-12-22 00:00:00,376,2025-04,3470.5,0.0,28570.5,trading_days,trading_days|profitable_days
2025-12-22 00:00:00,377,2025-04,3470.5,0.0,28570.5,trading_days,trading_days|profitable_days
2025-12-22 00:00:00,378,2025-04,3470.5,0.0,28570.5,trading_days,trading_days|profitable_days
2025-12-22 00:00:00,379,2025-04,3470.5,0.0,28570.5,trading_days,trading_days|profitable_days
2025-12-22 00:00:00,380,2025-04,3470.5,0.0,28570.5,trading_days,trading_days|profitable_days
2025-12-22 00:00:00,381,2025-04,3470.5,0.0,28570.5,trading_days,trading_days|profitable_days
2025-12-22 00:00:00,382,2025-04,3470.5,0.0,28570.5,trading_days,trading_days|profitable_days
2025-12-22 00:00:00,383,2025-04,3470.5,0.0,28570.5,trading_days,trading_days|profitable_days
2025-12-22 00:00:00,384,2025-04,3470.5,0.0,28570.5,trading_days,trading_days|profitable_days
2025-12-22 00:00:00,385,2025-04,3470.5,0.0,28570.5,trading_days,trading_days|profitable_days
2025-12-22 00:00:00,386,2025-04,3470.5,0.0,28570.5,trading_days,trading_days|profitable_days
2025-12-22 00:00:00,387,2025-04,3470.5,0.0,28570.5,trading_days,trading_days|profitable_days
2025-12-22 00:00:00,388,2025-04,3470.5,0.0,28570.5,trading_days,trading_days|profitable_days
2025-12-22 00:00:00,389,2025-04,3470.5,0.0,28570.5,trading_days,trading_days|profitable_days
2025-12-22 00:00:00,390,2025-04,3470.5,0.0,28570.5,trading_days,trading_days|profitable_days
2025-12-22 00:00:00,391,2025-04,3470.5,0.0,28570.5,trading_days,trading_days|profitable_days
2025-12-29 00:00:00,372,2025-04,3335.55,0.0,28435.55,profitable_days,profitable_days
2025-12-29 00:00:00,373,2025-04,3335.55,0.0,28435.55,profitable_days,profitable_days
2025-12-29 00:00:00,374,2025-04,3335.55,0.0,28435.55,profitable_days,profitable_days
2025-12-29 00:00:00,375,2025-04,3335.55,0.0,28435.55,profitable_days,profitable_days
2025-12-29 00:00:00,376,2025-04,3335.55,0.0,28435.55,profitable_days,profitable_days
2025-12-29 00:00:00,377,2025-04,3335.55,0.0,28435.55,profitable_days,profitable_days
2025-12-29 00:00:00,378,2025-04,3335.55,0.0,28435.55,profitable_days,profitable_days
2025-12-29 00:00:00,379,2025-04,3335.55,0.0,28435.55,profitable_days,profitable_days
2025-12-29 00:00:00,380,2025-04,3335.55,0.0,28435.55,profitable_days,profitable_days
2025-12-29 00:00:00,381,2025-04,3335.55,0.0,28435.55,profitable_days,profitable_days
2025-12-29 00:00:00,382,2025-04,3335.55,0.0,28435.55,profitable_days,profitable_days
2025-12-29 00:00:00,383,2025-04,3335.55,0.0,28435.55,profitable_days,profitable_days
2025-12-29 00:00:00,384,2025-04,3335.55,0.0,28435.55,profitable_days,profitable_days
2025-12-29 00:00:00,385,2025-04,3335.55,0.0,28435.55,profitable_days,profitable_days
2025-12-29 00:00:00,386,2025-04,3335.55,0.0,28435.55,profitable_days,profitable_days
2025-12-29 00:00:00,387,2025-04,3335.55,0.0,28435.55,profitable_days,profitable_days
2025-12-29 00:00:00,388,2025-04,3335.55,0.0,28435.55,profitable_days,profitable_days
2025-12-29 00:00:00,389,2025-04,3335.55,0.0,28435.55,profitable_days,profitable_days
2025-12-29 00:00:00,390,2025-04,3335.55,0.0,28435.55,profitable_days,profitable_days
2025-12-29 00:00:00,391,2025-04,3335.55,0.0,28435.55,profitable_days,profitable_days
2026-01-05 00:00:00,372,2025-04,2738.65,0.0,27838.65,profitable_days,profitable_days
2026-01-05 00:00:00,373,2025-04,2738.65,0.0,27838.65,profitable_days,profitable_days
2026-01-05 00:00:00,374,2025-04,2738.65,0.0,27838.65,profitable_days,profitable_days
2026-01-05 00:00:00,375,2025-04,2738.65,0.0,27838.65,profitable_days,profitable_days
2026-01-05 00:00:00,376,2025-04,2738.65,0.0,27838.65,profitable_days,profitable_days
2026-01-05 00:00:00,377,2025-04,2738.65,0.0,27838.65,profitable_days,profitable_days
2026-01-05 00:00:00,378,2025-04,2738.65,0.0,27838.65,profitable_days,profitable_days
2026-01-05 00:00:00,379,2025-04,2738.65,0.0,27838.65,profitable_days,profitable_days
2026-01-05 00:00:00,380,2025-04,2738.65,0.0,27838.65,profitable_days,profitable_days
2026-01-05 00:00:00,381,2025-04,2738.65,0.0,27838.65,profitable_days,profitable_days
2026-01-05 00:00:00,382,2025-04,2738.65,0.0,27838.65,profitable_days,profitable_days
2026-01-05 00:00:00,383,2025-04,2738.65,0.0,27838.65,profitable_days,profitable_days
2026-01-05 00:00:00,384,2025-04,2738.65,0.0,27838.65,profitable_days,profitable_days
2026-01-05 00:00:00,385,2025-04,2738.65,0.0,27838.65,profitable_days,profitable_days
2026-01-05 00:00:00,386,2025-04,2738.65,0.0,27838.65,profitable_days,profitable_days
2026-01-05 00:00:00,387,2025-04,2738.65,0.0,27838.65,profitable_days,profitable_days
2026-01-05 00:00:00,388,2025-04,2738.65,0.0,27838.65,profitable_days,profitable_days
2026-01-05 00:00:00,389,2025-04,2738.65,0.0,27838.65,profitable_days,profitable_days
2026-01-05 00:00:00,390,2025-04,2738.65,0.0,27838.65,profitable_days,profitable_days
2026-01-05 00:00:00,391,2025-04,2738.65,0.0,27838.65,profitable_days,profitable_days
2026-01-19 00:00:00,372,2025-04,2230.65,0.0,27330.65,trading_days,trading_days|profitable_days
2026-01-19 00:00:00,373,2025-04,2230.65,0.0,27330.65,trading_days,trading_days|profitable_days
2026-01-19 00:00:00,374,2025-04,2230.65,0.0,27330.65,trading_days,trading_days|profitable_days
2026-01-19 00:00:00,375,2025-04,2230.65,0.0,27330.65,trading_days,trading_days|profitable_days
2026-01-19 00:00:00,376,2025-04,2230.65,0.0,27330.65,trading_days,trading_days|profitable_days
2026-01-19 00:00:00,377,2025-04,2230.65,0.0,27330.65,trading_days,trading_days|profitable_days
2026-01-19 00:00:00,378,2025-04,2230.65,0.0,27330.65,trading_days,trading_days|profitable_days
2026-01-19 00:00:00,379,2025-04,2230.65,0.0,27330.65,trading_days,trading_days|profitable_days
2026-01-19 00:00:00,380,2025-04,2230.65,0.0,27330.65,trading_days,trading_days|profitable_days
2026-01-19 00:00:00,381,2025-04,2230.65,0.0,27330.65,trading_days,trading_days|profitable_days
2026-01-19 00:00:00,382,2025-04,2230.65,0.0,27330.65,trading_days,trading_days|profitable_days
2026-01-19 00:00:00,383,2025-04,2230.65,0.0,27330.65,trading_days,trading_days|profitable_days
2026-01-19 00:00:00,384,2025-04,2230.65,0.0,27330.65,trading_days,trading_days|profitable_days
2026-01-19 00:00:00,385,2025-04,2230.65,0.0,27330.65,trading_days,trading_days|profitable_days
2026-01-19 00:00:00,386,2025-04,2230.65,0.0,27330.65,trading_days,trading_days|profitable_days
2026-01-19 00:00:00,387,2025-04,2230.65,0.0,27330.65,trading_days,trading_days|profitable_days
2026-01-19 00:00:00,388,2025-04,2230.65,0.0,27330.65,trading_days,trading_days|profitable_days
2026-01-19 00:00:00,389,2025-04,2230.65,0.0,27330.65,trading_days,trading_days|profitable_days
2026-01-19 00:00:00,390,2025-04,2230.65,0.0,27330.65,trading_days,trading_days|profitable_days
2026-01-19 00:00:00,391,2025-04,2230.65,0.0,27330.65,trading_days,trading_days|profitable_days
2026-04-06 00:00:00,492,2026-03,155.55,0.0,25255.55,minimum_balance,minimum_balance|profitable_days|consistency
2026-04-06 00:00:00,493,2026-03,155.55,0.0,25255.55,minimum_balance,minimum_balance|profitable_days|consistency
2026-04-06 00:00:00,494,2026-03,155.55,0.0,25255.55,minimum_balance,minimum_balance|profitable_days|consistency
2026-04-06 00:00:00,495,2026-03,155.55,0.0,25255.55,minimum_balance,minimum_balance|profitable_days|consistency
2026-04-06 00:00:00,496,2026-03,155.55,0.0,25255.55,minimum_balance,minimum_balance|profitable_days|consistency
2026-04-06 00:00:00,497,2026-03,155.55,0.0,25255.55,minimum_balance,minimum_balance|profitable_days|consistency
2026-04-06 00:00:00,498,2026-03,155.55,0.0,25255.55,minimum_balance,minimum_balance|profitable_days|consistency
2026-04-06 00:00:00,499,2026-03,155.55,0.0,25255.55,minimum_balance,minimum_balance|profitable_days|consistency
2026-04-06 00:00:00,500,2026-03,155.55,0.0,25255.55,minimum_balance,minimum_balance|profitable_days|consistency
2026-04-06 00:00:00,501,2026-03,155.55,0.0,25255.55,minimum_balance,minimum_balance|profitable_days|consistency
2026-04-06 00:00:00,502,2026-03,155.55,0.0,25255.55,minimum_balance,minimum_balance|profitable_days|consistency
2026-04-06 00:00:00,503,2026-03,155.55,0.0,25255.55,minimum_balance,minimum_balance|profitable_days|consistency
2026-04-06 00:00:00,504,2026-03,155.55,0.0,25255.55,minimum_balance,minimum_balance|profitable_days|consistency
2026-04-06 00:00:00,505,2026-03,155.55,0.0,25255.55,minimum_balance,minimum_balance|profitable_days|consistency
2026-04-06 00:00:00,506,2026-03,155.55,0.0,25255.55,minimum_balance,minimum_balance|profitable_days|consistency
2026-04-06 00:00:00,507,2026-03,155.55,0.0,25255.55,minimum_balance,minimum_balance|profitable_days|consistency
2026-04-06 00:00:00,508,2026-03,155.55,0.0,25255.55,minimum_balance,minimum_balance|profitable_days|consistency
2026-04-06 00:00:00,509,2026-03,155.55,0.0,25255.55,minimum_balance,minimum_balance|profitable_days|consistency
2026-04-06 00:00:00,510,2026-03,155.55,0.0,25255.55,minimum_balance,minimum_balance|profitable_days|consistency
2026-04-06 00:00:00,511,2026-03,155.55,0.0,25255.55,minimum_balance,minimum_balance|profitable_days|consistency
2026-04-20 00:00:00,492,2026-03,184.15,0.0,25284.15,minimum_balance,minimum_balance|consistency
2026-04-20 00:00:00,493,2026-03,184.15,0.0,25284.15,minimum_balance,minimum_balance|consistency
2026-04-20 00:00:00,494,2026-03,184.15,0.0,25284.15,minimum_balance,minimum_balance|consistency
2026-04-20 00:00:00,495,2026-03,184.15,0.0,25284.15,minimum_balance,minimum_balance|consistency
2026-04-20 00:00:00,496,2026-03,184.15,0.0,25284.15,minimum_balance,minimum_balance|consistency
2026-04-20 00:00:00,497,2026-03,184.15,0.0,25284.15,minimum_balance,minimum_balance|consistency
2026-04-20 00:00:00,498,2026-03,184.15,0.0,25284.15,minimum_balance,minimum_balance|consistency
2026-04-20 00:00:00,499,2026-03,184.15,0.0,25284.15,minimum_balance,minimum_balance|consistency
2026-04-20 00:00:00,500,2026-03,184.15,0.0,25284.15,minimum_balance,minimum_balance|consistency
2026-04-20 00:00:00,501,2026-03,184.15,0.0,25284.15,minimum_balance,minimum_balance|consistency
2026-04-20 00:00:00,502,2026-03,184.15,0.0,25284.15,minimum_balance,minimum_balance|consistency
2026-04-20 00:00:00,503,2026-03,184.15,0.0,25284.15,minimum_balance,minimum_balance|consistency
2026-04-20 00:00:00,504,2026-03,184.15,0.0,25284.15,minimum_balance,minimum_balance|consistency
2026-04-20 00:00:00,505,2026-03,184.15,0.0,25284.15,minimum_balance,minimum_balance|consistency
2026-04-20 00:00:00,506,2026-03,184.15,0.0,25284.15,minimum_balance,minimum_balance|consistency
2026-04-20 00:00:00,507,2026-03,184.15,0.0,25284.15,minimum_balance,minimum_balance|consistency
2026-04-20 00:00:00,508,2026-03,184.15,0.0,25284.15,minimum_balance,minimum_balance|consistency
2026-04-20 00:00:00,509,2026-03,184.15,0.0,25284.15,minimum_balance,minimum_balance|consistency
2026-04-20 00:00:00,510,2026-03,184.15,0.0,25284.15,minimum_balance,minimum_balance|consistency
2026-04-20 00:00:00,511,2026-03,184.15,0.0,25284.15,minimum_balance,minimum_balance|consistency
2026-04-27 00:00:00,492,2026-03,975.8,0.0,26075.8,minimum_balance,minimum_balance|consistency
2026-04-27 00:00:00,493,2026-03,975.8,0.0,26075.8,minimum_balance,minimum_balance|consistency
2026-04-27 00:00:00,494,2026-03,975.8,0.0,26075.8,minimum_balance,minimum_balance|consistency
2026-04-27 00:00:00,495,2026-03,975.8,0.0,26075.8,minimum_balance,minimum_balance|consistency
2026-04-27 00:00:00,496,2026-03,975.8,0.0,26075.8,minimum_balance,minimum_balance|consistency
2026-04-27 00:00:00,497,2026-03,975.8,0.0,26075.8,minimum_balance,minimum_balance|consistency
2026-04-27 00:00:00,498,2026-03,975.8,0.0,26075.8,minimum_balance,minimum_balance|consistency
2026-04-27 00:00:00,499,2026-03,975.8,0.0,26075.8,minimum_balance,minimum_balance|consistency
2026-04-27 00:00:00,500,2026-03,975.8,0.0,26075.8,minimum_balance,minimum_balance|consistency
2026-04-27 00:00:00,501,2026-03,975.8,0.0,26075.8,minimum_balance,minimum_balance|consistency
2026-04-27 00:00:00,502,2026-03,975.8,0.0,26075.8,minimum_balance,minimum_balance|consistency
2026-04-27 00:00:00,503,2026-03,975.8,0.0,26075.8,minimum_balance,minimum_balance|consistency
2026-04-27 00:00:00,504,2026-03,975.8,0.0,26075.8,minimum_balance,minimum_balance|consistency
2026-04-27 00:00:00,505,2026-03,975.8,0.0,26075.8,minimum_balance,minimum_balance|consistency
2026-04-27 00:00:00,506,2026-03,975.8,0.0,26075.8,minimum_balance,minimum_balance|consistency
2026-04-27 00:00:00,507,2026-03,975.8,0.0,26075.8,minimum_balance,minimum_balance|consistency
2026-04-27 00:00:00,508,2026-03,975.8,0.0,26075.8,minimum_balance,minimum_balance|consistency
2026-04-27 00:00:00,509,2026-03,975.8,0.0,26075.8,minimum_balance,minimum_balance|consistency
2026-04-27 00:00:00,510,2026-03,975.8,0.0,26075.8,minimum_balance,minimum_balance|consistency
2026-04-27 00:00:00,511,2026-03,975.8,0.0,26075.8,minimum_balance,minimum_balance|consistency
2026-05-04 00:00:00,492,2026-03,2150.0,0.0,27250.0,consistency,consistency
2026-05-04 00:00:00,493,2026-03,2150.0,0.0,27250.0,consistency,consistency
2026-05-04 00:00:00,494,2026-03,2150.0,0.0,27250.0,consistency,consistency
2026-05-04 00:00:00,495,2026-03,2150.0,0.0,27250.0,consistency,consistency
2026-05-04 00:00:00,496,2026-03,2150.0,0.0,27250.0,consistency,consistency
2026-05-04 00:00:00,497,2026-03,2150.0,0.0,27250.0,consistency,consistency
2026-05-04 00:00:00,498,2026-03,2150.0,0.0,27250.0,consistency,consistency
2026-05-04 00:00:00,499,2026-03,2150.0,0.0,27250.0,consistency,consistency
2026-05-04 00:00:00,500,2026-03,2150.0,0.0,27250.0,consistency,consistency
2026-05-04 00:00:00,501,2026-03,2150.0,0.0,27250.0,consistency,consistency
2026-05-04 00:00:00,502,2026-03,2150.0,0.0,27250.0,consistency,consistency
2026-05-04 00:00:00,503,2026-03,2150.0,0.0,27250.0,consistency,consistency
2026-05-04 00:00:00,504,2026-03,2150.0,0.0,27250.0,consistency,consistency
2026-05-04 00:00:00,505,2026-03,2150.0,0.0,27250.0,consistency,consistency
2026-05-04 00:00:00,506,2026-03,2150.0,0.0,27250.0,consistency,consistency
2026-05-04 00:00:00,507,2026-03,2150.0,0.0,27250.0,consistency,consistency
2026-05-04 00:00:00,508,2026-03,2150.0,0.0,27250.0,consistency,consistency
2026-05-04 00:00:00,509,2026-03,2150.0,0.0,27250.0,consistency,consistency
2026-05-04 00:00:00,510,2026-03,2150.0,0.0,27250.0,consistency,consistency
2026-05-04 00:00:00,511,2026-03,2150.0,0.0,27250.0,consistency,consistency
2026-05-18 00:00:00,492,2026-03,2780.35,0.0,27880.35,trading_days,trading_days|profitable_days
2026-05-18 00:00:00,493,2026-03,2780.35,0.0,27880.35,trading_days,trading_days|profitable_days
2026-05-18 00:00:00,494,2026-03,2780.35,0.0,27880.35,trading_days,trading_days|profitable_days
2026-05-18 00:00:00,495,2026-03,2780.35,0.0,27880.35,trading_days,trading_days|profitable_days
2026-05-18 00:00:00,496,2026-03,2780.35,0.0,27880.35,trading_days,trading_days|profitable_days
2026-05-18 00:00:00,497,2026-03,2780.35,0.0,27880.35,trading_days,trading_days|profitable_days
2026-05-18 00:00:00,498,2026-03,2780.35,0.0,27880.35,trading_days,trading_days|profitable_days
2026-05-18 00:00:00,499,2026-03,2780.35,0.0,27880.35,trading_days,trading_days|profitable_days
2026-05-18 00:00:00,500,2026-03,2780.35,0.0,27880.35,trading_days,trading_days|profitable_days
2026-05-18 00:00:00,501,2026-03,2780.35,0.0,27880.35,trading_days,trading_days|profitable_days
2026-05-18 00:00:00,502,2026-03,2780.35,0.0,27880.35,trading_days,trading_days|profitable_days
2026-05-18 00:00:00,503,2026-03,2780.35,0.0,27880.35,trading_days,trading_days|profitable_days
2026-05-18 00:00:00,504,2026-03,2780.35,0.0,27880.35,trading_days,trading_days|profitable_days
2026-05-18 00:00:00,505,2026-03,2780.35,0.0,27880.35,trading_days,trading_days|profitable_days
2026-05-18 00:00:00,506,2026-03,2780.35,0.0,27880.35,trading_days,trading_days|profitable_days
2026-05-18 00:00:00,507,2026-03,2780.35,0.0,27880.35,trading_days,trading_days|profitable_days
2026-05-18 00:00:00,508,2026-03,2780.35,0.0,27880.35,trading_days,trading_days|profitable_days
2026-05-18 00:00:00,509,2026-03,2780.35,0.0,27880.35,trading_days,trading_days|profitable_days
2026-05-18 00:00:00,510,2026-03,2780.35,0.0,27880.35,trading_days,trading_days|profitable_days
2026-05-18 00:00:00,511,2026-03,2780.35,0.0,27880.35,trading_days,trading_days|profitable_days
2026-05-25 00:00:00,492,2026-03,3106.2,0.0,28206.2,profitable_days,profitable_days
2026-05-25 00:00:00,493,2026-03,3106.2,0.0,28206.2,profitable_days,profitable_days
2026-05-25 00:00:00,494,2026-03,3106.2,0.0,28206.2,profitable_days,profitable_days
2026-05-25 00:00:00,495,2026-03,3106.2,0.0,28206.2,profitable_days,profitable_days
2026-05-25 00:00:00,496,2026-03,3106.2,0.0,28206.2,profitable_days,profitable_days
2026-05-25 00:00:00,497,2026-03,3106.2,0.0,28206.2,profitable_days,profitable_days
2026-05-25 00:00:00,498,2026-03,3106.2,0.0,28206.2,profitable_days,profitable_days
2026-05-25 00:00:00,499,2026-03,3106.2,0.0,28206.2,profitable_days,profitable_days
2026-05-25 00:00:00,500,2026-03,3106.2,0.0,28206.2,profitable_days,profitable_days
2026-05-25 00:00:00,501,2026-03,3106.2,0.0,28206.2,profitable_days,profitable_days
2026-05-25 00:00:00,502,2026-03,3106.2,0.0,28206.2,profitable_days,profitable_days
2026-05-25 00:00:00,503,2026-03,3106.2,0.0,28206.2,profitable_days,profitable_days
2026-05-25 00:00:00,504,2026-03,3106.2,0.0,28206.2,profitable_days,profitable_days
2026-05-25 00:00:00,505,2026-03,3106.2,0.0,28206.2,profitable_days,profitable_days
2026-05-25 00:00:00,506,2026-03,3106.2,0.0,28206.2,profitable_days,profitable_days
2026-05-25 00:00:00,507,2026-03,3106.2,0.0,28206.2,profitable_days,profitable_days
2026-05-25 00:00:00,508,2026-03,3106.2,0.0,28206.2,profitable_days,profitable_days
2026-05-25 00:00:00,509,2026-03,3106.2,0.0,28206.2,profitable_days,profitable_days
2026-05-25 00:00:00,510,2026-03,3106.2,0.0,28206.2,profitable_days,profitable_days
2026-05-25 00:00:00,511,2026-03,3106.2,0.0,28206.2,profitable_days,profitable_days
2026-06-08 00:00:00,492,2026-03,644.3,0.0,25744.3,minimum_balance,minimum_balance|trading_days|profitable_days
2026-06-08 00:00:00,493,2026-03,644.3,0.0,25744.3,minimum_balance,minimum_balance|trading_days|profitable_days
2026-06-08 00:00:00,494,2026-03,644.3,0.0,25744.3,minimum_balance,minimum_balance|trading_days|profitable_days
2026-06-08 00:00:00,495,2026-03,644.3,0.0,25744.3,minimum_balance,minimum_balance|trading_days|profitable_days
2026-06-08 00:00:00,496,2026-03,644.3,0.0,25744.3,minimum_balance,minimum_balance|trading_days|profitable_days
2026-06-08 00:00:00,497,2026-03,644.3,0.0,25744.3,minimum_balance,minimum_balance|trading_days|profitable_days
2026-06-08 00:00:00,498,2026-03,644.3,0.0,25744.3,minimum_balance,minimum_balance|trading_days|profitable_days
2026-06-08 00:00:00,499,2026-03,644.3,0.0,25744.3,minimum_balance,minimum_balance|trading_days|profitable_days
2026-06-08 00:00:00,500,2026-03,644.3,0.0,25744.3,minimum_balance,minimum_balance|trading_days|profitable_days
2026-06-08 00:00:00,501,2026-03,644.3,0.0,25744.3,minimum_balance,minimum_balance|trading_days|profitable_days
2026-06-08 00:00:00,502,2026-03,644.3,0.0,25744.3,minimum_balance,minimum_balance|trading_days|profitable_days
2026-06-08 00:00:00,503,2026-03,644.3,0.0,25744.3,minimum_balance,minimum_balance|trading_days|profitable_days
2026-06-08 00:00:00,504,2026-03,644.3,0.0,25744.3,minimum_balance,minimum_balance|trading_days|profitable_days
2026-06-08 00:00:00,505,2026-03,644.3,0.0,25744.3,minimum_balance,minimum_balance|trading_days|profitable_days
2026-06-08 00:00:00,506,2026-03,644.3,0.0,25744.3,minimum_balance,minimum_balance|trading_days|profitable_days
2026-06-08 00:00:00,507,2026-03,644.3,0.0,25744.3,minimum_balance,minimum_balance|trading_days|profitable_days
2026-06-08 00:00:00,508,2026-03,644.3,0.0,25744.3,minimum_balance,minimum_balance|trading_days|profitable_days
2026-06-08 00:00:00,509,2026-03,644.3,0.0,25744.3,minimum_balance,minimum_balance|trading_days|profitable_days
2026-06-08 00:00:00,510,2026-03,644.3,0.0,25744.3,minimum_balance,minimum_balance|trading_days|profitable_days
2026-06-08 00:00:00,511,2026-03,644.3,0.0,25744.3,minimum_balance,minimum_balance|trading_days|profitable_days
2026-06-22 00:00:00,492,2026-03,650.65,0.0,25750.65,minimum_balance,minimum_balance|trading_days|profitable_days
2026-06-22 00:00:00,493,2026-03,650.65,0.0,25750.65,minimum_balance,minimum_balance|trading_days|profitable_days
2026-06-22 00:00:00,494,2026-03,650.65,0.0,25750.65,minimum_balance,minimum_balance|trading_days|profitable_days
2026-06-22 00:00:00,495,2026-03,650.65,0.0,25750.65,minimum_balance,minimum_balance|trading_days|profitable_days
2026-06-22 00:00:00,496,2026-03,650.65,0.0,25750.65,minimum_balance,minimum_balance|trading_days|profitable_days
2026-06-22 00:00:00,497,2026-03,650.65,0.0,25750.65,minimum_balance,minimum_balance|trading_days|profitable_days
2026-06-22 00:00:00,498,2026-03,650.65,0.0,25750.65,minimum_balance,minimum_balance|trading_days|profitable_days
2026-06-22 00:00:00,499,2026-03,650.65,0.0,25750.65,minimum_balance,minimum_balance|trading_days|profitable_days
2026-06-22 00:00:00,500,2026-03,650.65,0.0,25750.65,minimum_balance,minimum_balance|trading_days|profitable_days
2026-06-22 00:00:00,501,2026-03,650.65,0.0,25750.65,minimum_balance,minimum_balance|trading_days|profitable_days
2026-06-22 00:00:00,502,2026-03,650.65,0.0,25750.65,minimum_balance,minimum_balance|trading_days|profitable_days
2026-06-22 00:00:00,503,2026-03,650.65,0.0,25750.65,minimum_balance,minimum_balance|trading_days|profitable_days
2026-06-22 00:00:00,504,2026-03,650.65,0.0,25750.65,minimum_balance,minimum_balance|trading_days|profitable_days
2026-06-22 00:00:00,505,2026-03,650.65,0.0,25750.65,minimum_balance,minimum_balance|trading_days|profitable_days
2026-06-22 00:00:00,506,2026-03,650.65,0.0,25750.65,minimum_balance,minimum_balance|trading_days|profitable_days
2026-06-22 00:00:00,507,2026-03,650.65,0.0,25750.65,minimum_balance,minimum_balance|trading_days|profitable_days
2026-06-22 00:00:00,508,2026-03,650.65,0.0,25750.65,minimum_balance,minimum_balance|trading_days|profitable_days
2026-06-22 00:00:00,509,2026-03,650.65,0.0,25750.65,minimum_balance,minimum_balance|trading_days|profitable_days
2026-06-22 00:00:00,510,2026-03,650.65,0.0,25750.65,minimum_balance,minimum_balance|trading_days|profitable_days
2026-06-22 00:00:00,511,2026-03,650.65,0.0,25750.65,minimum_balance,minimum_balance|trading_days|profitable_days
2026-07-06 00:00:00,512,2026-06,84.4,0.0,25184.4,minimum_balance,minimum_balance|trading_days|profitable_days|consistency
2026-07-06 00:00:00,513,2026-06,84.4,0.0,25184.4,minimum_balance,minimum_balance|trading_days|profitable_days|consistency
2026-07-06 00:00:00,514,2026-06,84.4,0.0,25184.4,minimum_balance,minimum_balance|trading_days|profitable_days|consistency
2026-07-06 00:00:00,515,2026-06,84.4,0.0,25184.4,minimum_balance,minimum_balance|trading_days|profitable_days|consistency
2026-07-06 00:00:00,516,2026-06,84.4,0.0,25184.4,minimum_balance,minimum_balance|trading_days|profitable_days|consistency
2026-07-06 00:00:00,517,2026-06,84.4,0.0,25184.4,minimum_balance,minimum_balance|trading_days|profitable_days|consistency
2026-07-06 00:00:00,518,2026-06,84.4,0.0,25184.4,minimum_balance,minimum_balance|trading_days|profitable_days|consistency
2026-07-06 00:00:00,519,2026-06,84.4,0.0,25184.4,minimum_balance,minimum_balance|trading_days|profitable_days|consistency
2026-07-06 00:00:00,520,2026-06,84.4,0.0,25184.4,minimum_balance,minimum_balance|trading_days|profitable_days|consistency
2026-07-06 00:00:00,521,2026-06,84.4,0.0,25184.4,minimum_balance,minimum_balance|trading_days|profitable_days|consistency
2026-07-06 00:00:00,522,2026-06,84.4,0.0,25184.4,minimum_balance,minimum_balance|trading_days|profitable_days|consistency
2026-07-06 00:00:00,523,2026-06,84.4,0.0,25184.4,minimum_balance,minimum_balance|trading_days|profitable_days|consistency
2026-07-06 00:00:00,524,2026-06,84.4,0.0,25184.4,minimum_balance,minimum_balance|trading_days|profitable_days|consistency
2026-07-06 00:00:00,525,2026-06,84.4,0.0,25184.4,minimum_balance,minimum_balance|trading_days|profitable_days|consistency
2026-07-06 00:00:00,526,2026-06,84.4,0.0,25184.4,minimum_balance,minimum_balance|trading_days|profitable_days|consistency
2026-07-06 00:00:00,527,2026-06,84.4,0.0,25184.4,minimum_balance,minimum_balance|trading_days|profitable_days|consistency
2026-07-06 00:00:00,528,2026-06,84.4,0.0,25184.4,minimum_balance,minimum_balance|trading_days|profitable_days|consistency
2026-07-06 00:00:00,529,2026-06,84.4,0.0,25184.4,minimum_balance,minimum_balance|trading_days|profitable_days|consistency
2026-07-06 00:00:00,530,2026-06,84.4,0.0,25184.4,minimum_balance,minimum_balance|trading_days|profitable_days|consistency
2026-07-06 00:00:00,531,2026-06,84.4,0.0,25184.4,minimum_balance,minimum_balance|trading_days|profitable_days|consistency
2026-07-13 00:00:00,512,2026-06,1496.9,0.0,26596.9,minimum_balance,minimum_balance|consistency
2026-07-13 00:00:00,513,2026-06,1496.9,0.0,26596.9,minimum_balance,minimum_balance|consistency
2026-07-13 00:00:00,514,2026-06,1496.9,0.0,26596.9,minimum_balance,minimum_balance|consistency
2026-07-13 00:00:00,515,2026-06,1496.9,0.0,26596.9,minimum_balance,minimum_balance|consistency
2026-07-13 00:00:00,516,2026-06,1496.9,0.0,26596.9,minimum_balance,minimum_balance|consistency
2026-07-13 00:00:00,517,2026-06,1496.9,0.0,26596.9,minimum_balance,minimum_balance|consistency
2026-07-13 00:00:00,518,2026-06,1496.9,0.0,26596.9,minimum_balance,minimum_balance|consistency
2026-07-13 00:00:00,519,2026-06,1496.9,0.0,26596.9,minimum_balance,minimum_balance|consistency
2026-07-13 00:00:00,520,2026-06,1496.9,0.0,26596.9,minimum_balance,minimum_balance|consistency
2026-07-13 00:00:00,521,2026-06,1496.9,0.0,26596.9,minimum_balance,minimum_balance|consistency
2026-07-13 00:00:00,522,2026-06,1496.9,0.0,26596.9,minimum_balance,minimum_balance|consistency
2026-07-13 00:00:00,523,2026-06,1496.9,0.0,26596.9,minimum_balance,minimum_balance|consistency
2026-07-13 00:00:00,524,2026-06,1496.9,0.0,26596.9,minimum_balance,minimum_balance|consistency
2026-07-13 00:00:00,525,2026-06,1496.9,0.0,26596.9,minimum_balance,minimum_balance|consistency
2026-07-13 00:00:00,526,2026-06,1496.9,0.0,26596.9,minimum_balance,minimum_balance|consistency
2026-07-13 00:00:00,527,2026-06,1496.9,0.0,26596.9,minimum_balance,minimum_balance|consistency
2026-07-13 00:00:00,528,2026-06,1496.9,0.0,26596.9,minimum_balance,minimum_balance|consistency
2026-07-13 00:00:00,529,2026-06,1496.9,0.0,26596.9,minimum_balance,minimum_balance|consistency
2026-07-13 00:00:00,530,2026-06,1496.9,0.0,26596.9,minimum_balance,minimum_balance|consistency
2026-07-13 00:00:00,531,2026-06,1496.9,0.0,26596.9,minimum_balance,minimum_balance|consistency
2026-07-13 21:30:40,512,2026-06,1000000000.0,0.0,26338.2,minimum_balance,minimum_balance|consistency
2026-07-13 21:30:40,513,2026-06,1000000000.0,0.0,26338.2,minimum_balance,minimum_balance|consistency
2026-07-13 21:30:40,514,2026-06,1000000000.0,0.0,26338.2,minimum_balance,minimum_balance|consistency
2026-07-13 21:30:40,515,2026-06,1000000000.0,0.0,26338.2,minimum_balance,minimum_balance|consistency
2026-07-13 21:30:40,516,2026-06,1000000000.0,0.0,26338.2,minimum_balance,minimum_balance|consistency
2026-07-13 21:30:40,517,2026-06,1000000000.0,0.0,26338.2,minimum_balance,minimum_balance|consistency
2026-07-13 21:30:40,518,2026-06,1000000000.0,0.0,26338.2,minimum_balance,minimum_balance|consistency
2026-07-13 21:30:40,519,2026-06,1000000000.0,0.0,26338.2,minimum_balance,minimum_balance|consistency
2026-07-13 21:30:40,520,2026-06,1000000000.0,0.0,26338.2,minimum_balance,minimum_balance|consistency
2026-07-13 21:30:40,521,2026-06,1000000000.0,0.0,26338.2,minimum_balance,minimum_balance|consistency
2026-07-13 21:30:40,522,2026-06,1000000000.0,0.0,26338.2,minimum_balance,minimum_balance|consistency
2026-07-13 21:30:40,523,2026-06,1000000000.0,0.0,26338.2,minimum_balance,minimum_balance|consistency
2026-07-13 21:30:40,524,2026-06,1000000000.0,0.0,26338.2,minimum_balance,minimum_balance|consistency
2026-07-13 21:30:40,525,2026-06,1000000000.0,0.0,26338.2,minimum_balance,minimum_balance|consistency
2026-07-13 21:30:40,526,2026-06,1000000000.0,0.0,26338.2,minimum_balance,minimum_balance|consistency
2026-07-13 21:30:40,527,2026-06,1000000000.0,0.0,26338.2,minimum_balance,minimum_balance|consistency
2026-07-13 21:30:40,528,2026-06,1000000000.0,0.0,26338.2,minimum_balance,minimum_balance|consistency
2026-07-13 21:30:40,529,2026-06,1000000000.0,0.0,26338.2,minimum_balance,minimum_balance|consistency
2026-07-13 21:30:40,530,2026-06,1000000000.0,0.0,26338.2,minimum_balance,minimum_balance|consistency
2026-07-13 21:30:40,531,2026-06,1000000000.0,0.0,26338.2,minimum_balance,minimum_balance|consistency
