account_id,cohort_month,activated_at,alive,died_at,death_reason,death_equity_usd,death_trade_key,lifetime_days,trades_taken,wins,losses,gross_pnl_usd,commission_usd,payout_count,requests_blocked,requests_withheld,withdrawn_usd,received_usd,months_accrued,entitlement_accrued_usd,entitlement_outstanding_usd,first_withdrawal_at,equity_profit_usd,balance_usd,max_equity_profit_usd,min_equity_profit_usd,peak_profit_usd,floor_profit_usd,headroom_usd
1,2020-01,2020-01-01 00:00:00,False,2020-03-13 03:10:40,intratrade_excursion,-90.75,RR1.00:2-3:21:75,72,376,162,213,494.5,393.75,0,5,1,0.0,0.0,0,0.0,0.0,,100.75,,1784.55,-389.65,1827.8,100.0,
2,2020-02,2020-02-01 00:00:00,False,2020-03-12 21:06:40,intratrade_excursion,-265.15,RR1.00:18-19:15:58,40,214,89,124,223.5,223.65,0,1,1,0.0,0.0,0,0.0,0.0,,-0.15,,1417.6,-756.6,1460.85,-39.15,
3,2020-03,2020-03-01 00:00:00,False,2020-03-12 21:06:40,intratrade_excursion,-524.0,RR1.00:18-19:15:58,11,61,22,38,-196.0,63.0,0,0,0,0.0,0.0,0,0.0,0.0,,-259.0,,1158.75,-524.0,1202.0,-298.0,
4,2020-03,2020-03-13 00:00:00,False,2020-03-18 01:37:40,intratrade_excursion,-988.35,RR1.00:19-20:16:62,5,8,3,4,-653.0,7.35,0,0,0,0.0,0.0,0,0.0,0.0,,-660.35,,420.3,-988.35,642.3,-857.7,
5,2020-03,2020-03-13 00:00:00,False,2020-03-18 01:37:40,intratrade_excursion,-988.35,RR1.00:19-20:16:62,5,8,3,4,-653.0,7.35,0,0,0,0.0,0.0,0,0.0,0.0,,-660.35,,420.3,-988.35,642.3,-857.7,
6,2020-03,2020-03-14 00:00:00,False,2020-03-18 01:37:40,intratrade_excursion,-1408.65,RR1.00:19-20:16:62,4,4,0,3,-1077.5,3.15,0,0,0,0.0,0.0,0,0.0,0.0,,-1080.65,,0.0,-1408.65,222.0,-1278.0,
7,2020-03,2020-03-19 00:00:00,False,2020-03-19 22:44:40,intratrade_excursion,-1413.4,RR1.00:17-18:16:66,0,9,1,7,-1032.0,8.4,0,0,0,0.0,0.0,0,0.0,0.0,,-1040.4,,180.45,-1413.4,265.0,-1235.0,
8,2020-03,2020-03-19 00:00:00,False,2020-03-19 22:44:40,intratrade_excursion,-1413.4,RR1.00:17-18:16:66,0,9,1,7,-1032.0,8.4,0,0,0,0.0,0.0,0,0.0,0.0,,-1040.4,,180.45,-1413.4,265.0,-1235.0,
9,2020-03,2020-03-19 00:00:00,False,2020-03-19 22:44:40,intratrade_excursion,-1413.4,RR1.00:17-18:16:66,0,9,1,7,-1032.0,8.4,0,0,0,0.0,0.0,0,0.0,0.0,,-1040.4,,180.45,-1413.4,265.0,-1235.0,
10,2020-03,2020-03-20 00:00:00,False,2020-06-26 22:52:40,intratrade_excursion,30.95,RR1.00:22-23:35:142,98,511,223,287,3341.0,535.5,3,9,0,2691.55,2691.55,0,0.0,0.0,2020-04-27 00:00:00,113.95,,2207.7,-67.0,2210.75,100.0,
11,2020-03,2020-03-20 00:00:00,False,2020-06-26 22:52:40,intratrade_excursion,30.95,RR1.00:22-23:35:142,98,511,223,287,3341.0,535.5,3,9,0,2691.55,2691.55,0,0.0,0.0,2020-04-27 00:00:00,113.95,,2207.7,-67.0,2210.75,100.0,
12,2020-03,2020-03-20 00:00:00,False,2020-06-26 22:52:40,intratrade_excursion,30.95,RR1.00:22-23:35:142,98,511,223,287,3341.0,535.5,3,9,0,2691.55,2691.55,0,0.0,0.0,2020-04-27 00:00:00,113.95,,2207.7,-67.0,2210.75,100.0,
13,2020-04,2020-04-01 00:00:00,False,2020-06-26 22:52:40,intratrade_excursion,30.95,RR1.00:22-23:35:142,86,452,196,255,2020.0,473.55,1,7,0,1432.5,1432.5,0,0.0,0.0,2020-05-25 00:00:00,113.95,,2626.65,-170.6,2652.15,100.0,
14,2020-05,2020-05-01 00:00:00,False,2020-09-22 09:20:40,intratrade_excursion,33.4,RR1.00:9-10:64:240,144,743,318,424,2000.5,779.1,1,16,0,1115.5,1115.5,0,0.0,0.0,2020-09-07 00:00:00,105.9,,2215.5,-125.1,2347.6,100.0,
15,2020-06,2020-06-01 00:00:00,False,2020-10-05 20:56:40,intratrade_excursion,-348.15,RR1.00:19-20:62:241,126,674,281,392,417.0,706.65,0,6,8,0.0,0.0,0,0.0,0.0,,-289.65,,1123.9,-1043.35,1164.9,-335.1,
16,2020-06,2020-06-27 00:00:00,False,2020-09-22 09:20:40,intratrade_excursion,33.4,RR1.00:9-10:64:240,87,450,193,256,1262.0,471.45,1,11,0,684.65,684.65,0,0.0,0.0,2020-09-07 00:00:00,105.9,,1784.65,-82.7,1916.75,100.0,
17,2020-06,2020-06-27 00:00:00,False,2020-09-22 09:20:40,intratrade_excursion,33.4,RR1.00:9-10:64:240,87,450,193,256,1262.0,471.45,1,11,0,684.65,684.65,0,0.0,0.0,2020-09-07 00:00:00,105.9,,1784.65,-82.7,1916.75,100.0,
18,2020-06,2020-06-27 00:00:00,False,2020-09-22 09:20:40,intratrade_excursion,33.4,RR1.00:9-10:64:240,87,450,193,256,1262.0,471.45,1,11,0,684.65,684.65,0,0.0,0.0,2020-09-07 00:00:00,105.9,,1784.65,-82.7,1916.75,100.0,
19,2020-06,2020-06-27 00:00:00,False,2020-09-22 09:20:40,intratrade_excursion,33.4,RR1.00:9-10:64:240,87,450,193,256,1262.0,471.45,1,11,0,684.65,684.65,0,0.0,0.0,2020-09-07 00:00:00,105.9,,1784.65,-82.7,1916.75,100.0,
20,2020-07,2020-07-01 00:00:00,False,2020-10-06 23:30:00,intratrade_excursion,-29.1,RR1.00:22-23:55:219,97,513,217,295,707.5,537.6,0,10,0,0.0,0.0,0,0.0,0.0,,169.9,,1785.4,-381.85,1826.4,100.0,
21,2020-08,2020-08-01 00:00:00,False,2020-10-05 20:56:40,intratrade_excursion,-235.75,RR1.00:19-20:62:241,65,346,148,197,185.0,362.25,0,4,1,0.0,0.0,0,0.0,0.0,,-177.25,,1236.3,-235.75,1277.3,-222.7,
22,2020-09,2020-09-01 00:00:00,False,2020-10-05 20:56:40,intratrade_excursion,-563.85,RR1.00:19-20:62:241,34,178,76,101,-319.5,185.85,0,0,1,0.0,0.0,0,0.0,0.0,,-505.35,,908.2,-563.85,949.2,-550.8,
23,2020-09,2020-09-23 00:00:00,False,2020-10-07 09:00:00,intratrade_excursion,-808.85,RR1.00:2-3:75:262,14,78,28,49,-682.5,80.85,0,0,1,0.0,0.0,0,0.0,0.0,,-763.35,,718.65,-808.85,728.15,-771.85,
24,2020-09,2020-09-23 00:00:00,False,2020-10-07 09:00:00,intratrade_excursion,-808.85,RR1.00:2-3:75:262,14,78,28,49,-682.5,80.85,0,0,1,0.0,0.0,0,0.0,0.0,,-763.35,,718.65,-808.85,728.15,-771.85,
25,2020-09,2020-09-23 00:00:00,False,2020-10-07 09:00:00,intratrade_excursion,-808.85,RR1.00:2-3:75:262,14,78,28,49,-682.5,80.85,0,0,1,0.0,0.0,0,0.0,0.0,,-763.35,,718.65,-808.85,728.15,-771.85,
26,2020-09,2020-09-23 00:00:00,False,2020-10-07 09:00:00,intratrade_excursion,-808.85,RR1.00:2-3:75:262,14,78,28,49,-682.5,80.85,0,0,1,0.0,0.0,0,0.0,0.0,,-763.35,,718.65,-808.85,728.15,-771.85,
27,2020-09,2020-09-23 00:00:00,False,2020-10-07 09:00:00,intratrade_excursion,-808.85,RR1.00:2-3:75:262,14,78,28,49,-682.5,80.85,0,0,1,0.0,0.0,0,0.0,0.0,,-763.35,,718.65,-808.85,728.15,-771.85,
28,2020-10,2020-10-01 00:00:00,False,2020-12-14 07:13:40,intratrade_excursion,-168.75,RR1.00:2-3:94:338,74,406,161,244,294.0,425.25,0,6,1,0.0,0.0,0,0.0,0.0,,-131.25,,1336.1,-1224.85,1360.65,-139.35,
29,2020-10,2020-10-06 00:00:00,False,2021-02-26 22:59:40,intratrade_excursion,-11.05,RR1.00:21-22:110:381,143,792,325,466,961.5,830.55,0,17,0,0.0,0.0,0,0.0,0.0,,130.95,,2080.0,-480.95,2104.55,100.0,
30,2020-10,2020-10-06 00:00:00,False,2021-02-26 22:59:40,intratrade_excursion,-11.05,RR1.00:21-22:110:381,143,792,325,466,961.5,830.55,0,17,0,0.0,0.0,0,0.0,0.0,,130.95,,2080.0,-480.95,2104.55,100.0,
31,2020-10,2020-10-06 00:00:00,False,2021-02-26 22:59:40,intratrade_excursion,-11.05,RR1.00:21-22:110:381,143,792,325,466,961.5,830.55,0,17,0,0.0,0.0,0,0.0,0.0,,130.95,,2080.0,-480.95,2104.55,100.0,
32,2020-10,2020-10-07 00:00:00,False,2020-11-11 04:30:00,intratrade_excursion,62.85,RR1.00:2-3:86:302,35,192,90,101,1447.0,200.55,1,1,0,1123.1,1123.1,0,0.0,0.0,2020-11-09 00:00:00,123.35,,2484.9,-76.05,2509.45,100.0,
33,2020-10,2020-10-08 00:00:00,False,2020-11-11 04:30:00,intratrade_excursion,62.85,RR1.00:2-3:86:302,34,184,85,98,1193.5,192.15,1,1,0,878.0,878.0,0,0.0,0.0,2020-11-09 00:00:00,123.35,,2239.8,0.0,2264.35,100.0,
34,2020-10,2020-10-08 00:00:00,False,2020-11-11 04:30:00,intratrade_excursion,62.85,RR1.00:2-3:86:302,34,184,85,98,1193.5,192.15,1,1,0,878.0,878.0,0,0.0,0.0,2020-11-09 00:00:00,123.35,,2239.8,0.0,2264.35,100.0,
35,2020-10,2020-10-08 00:00:00,False,2020-11-11 04:30:00,intratrade_excursion,62.85,RR1.00:2-3:86:302,34,184,85,98,1193.5,192.15,1,1,0,878.0,878.0,0,0.0,0.0,2020-11-09 00:00:00,123.35,,2239.8,0.0,2264.35,100.0,
36,2020-10,2020-10-08 00:00:00,False,2020-11-11 04:30:00,intratrade_excursion,62.85,RR1.00:2-3:86:302,34,184,85,98,1193.5,192.15,1,1,0,878.0,878.0,0,0.0,0.0,2020-11-09 00:00:00,123.35,,2239.8,0.0,2264.35,100.0,
37,2020-10,2020-10-08 00:00:00,False,2020-11-11 04:30:00,intratrade_excursion,62.85,RR1.00:2-3:86:302,34,184,85,98,1193.5,192.15,1,1,0,878.0,878.0,0,0.0,0.0,2020-11-09 00:00:00,123.35,,2239.8,0.0,2264.35,100.0,
38,2020-11,2020-11-01 00:00:00,False,2020-12-14 07:13:40,intratrade_excursion,-322.2,RR1.00:2-3:94:338,43,235,89,145,-39.0,245.7,0,0,2,0.0,0.0,0,0.0,0.0,,-284.7,,1182.65,-322.2,1207.2,-292.8,
39,2020-11,2020-11-12 00:00:00,False,2021-02-18 12:46:40,intratrade_excursion,-685.0,RR1.00:10-11:106:379,98,531,208,322,-55.0,556.5,0,1,10,0.0,0.0,0,0.0,0.0,,-611.5,,740.05,-685.0,815.6,-684.4,
40,2020-11,2020-11-12 00:00:00,False,2021-02-18 12:46:40,intratrade_excursion,-685.0,RR1.00:10-11:106:379,98,531,208,322,-55.0,556.5,0,1,10,0.0,0.0,0,0.0,0.0,,-611.5,,740.05,-685.0,815.6,-684.4,
41,2020-11,2020-11-12 00:00:00,False,2021-02-18 12:46:40,intratrade_excursion,-685.0,RR1.00:10-11:106:379,98,531,208,322,-55.0,556.5,0,1,10,0.0,0.0,0,0.0,0.0,,-611.5,,740.05,-685.0,815.6,-684.4,
42,2020-11,2020-11-12 00:00:00,False,2021-02-18 12:46:40,intratrade_excursion,-685.0,RR1.00:10-11:106:379,98,531,208,322,-55.0,556.5,0,1,10,0.0,0.0,0,0.0,0.0,,-611.5,,740.05,-685.0,815.6,-684.4,
43,2020-11,2020-11-12 00:00:00,False,2021-02-18 12:46:40,intratrade_excursion,-685.0,RR1.00:10-11:106:379,98,531,208,322,-55.0,556.5,0,1,10,0.0,0.0,0,0.0,0.0,,-611.5,,740.05,-685.0,815.6,-684.4,
44,2020-11,2020-11-12 00:00:00,False,2021-02-18 12:46:40,intratrade_excursion,-685.0,RR1.00:10-11:106:379,98,531,208,322,-55.0,556.5,0,1,10,0.0,0.0,0,0.0,0.0,,-611.5,,740.05,-685.0,815.6,-684.4,
45,2020-12,2020-12-01 00:00:00,False,2021-02-18 12:46:40,intratrade_excursion,-893.8,RR1.00:10-11:106:379,79,437,169,267,-362.5,457.8,0,1,6,0.0,0.0,0,0.0,0.0,,-820.3,,531.25,-893.8,606.8,-893.2,
46,2020-12,2020-12-15 00:00:00,False,2021-02-18 12:46:40,intratrade_excursion,-193.75,RR1.00:10-11:106:379,65,356,147,208,252.5,372.75,0,5,2,0.0,0.0,0,0.0,0.0,,-120.25,,1231.3,-193.75,1306.85,-193.15,
47,2020-12,2020-12-15 00:00:00,False,2021-02-18 12:46:40,intratrade_excursion,-193.75,RR1.00:10-11:106:379,65,356,147,208,252.5,372.75,0,5,2,0.0,0.0,0,0.0,0.0,,-120.25,,1231.3,-193.75,1306.85,-193.15,
48,2021-01,2021-01-01 00:00:00,False,2021-02-18 12:46:40,intratrade_excursion,-130.35,RR1.00:10-11:106:379,48,268,113,154,223.5,280.35,0,2,1,0.0,0.0,0,0.0,0.0,,-56.85,,1294.7,-130.35,1370.25,-129.75,
49,2021-02,2021-02-01 00:00:00,False,2021-02-26 22:59:40,intratrade_excursion,-584.9,RR1.00:21-22:110:381,25,159,63,95,-277.0,165.9,0,0,0,0.0,0.0,0,0.0,0.0,,-442.9,,864.1,-584.9,998.35,-501.65,
50,2021-02,2021-02-19 00:00:00,False,2021-02-26 22:59:40,intratrade_excursion,-518.3,RR1.00:21-22:110:381,7,47,18,28,-328.0,48.3,0,0,0,0.0,0.0,0,0.0,0.0,,-376.3,,930.7,-518.3,1064.95,-435.05,
51,2021-02,2021-02-19 00:00:00,False,2021-02-26 22:59:40,intratrade_excursion,-518.3,RR1.00:21-22:110:381,7,47,18,28,-328.0,48.3,0,0,0,0.0,0.0,0,0.0,0.0,,-376.3,,930.7,-518.3,1064.95,-435.05,
52,2021-02,2021-02-19 00:00:00,False,2021-02-26 22:59:40,intratrade_excursion,-518.3,RR1.00:21-22:110:381,7,47,18,28,-328.0,48.3,0,0,0,0.0,0.0,0,0.0,0.0,,-376.3,,930.7,-518.3,1064.95,-435.05,
53,2021-02,2021-02-19 00:00:00,False,2021-02-26 22:59:40,intratrade_excursion,-518.3,RR1.00:21-22:110:381,7,47,18,28,-328.0,48.3,0,0,0,0.0,0.0,0,0.0,0.0,,-376.3,,930.7,-518.3,1064.95,-435.05,
54,2021-02,2021-02-19 00:00:00,False,2021-02-26 22:59:40,intratrade_excursion,-518.3,RR1.00:21-22:110:381,7,47,18,28,-328.0,48.3,0,0,0,0.0,0.0,0,0.0,0.0,,-376.3,,930.7,-518.3,1064.95,-435.05,
55,2021-02,2021-02-19 00:00:00,False,2021-02-26 22:59:40,intratrade_excursion,-518.3,RR1.00:21-22:110:381,7,47,18,28,-328.0,48.3,0,0,0,0.0,0.0,0,0.0,0.0,,-376.3,,930.7,-518.3,1064.95,-435.05,
56,2021-02,2021-02-19 00:00:00,False,2021-02-26 22:59:40,intratrade_excursion,-518.3,RR1.00:21-22:110:381,7,47,18,28,-328.0,48.3,0,0,0,0.0,0.0,0,0.0,0.0,,-376.3,,930.7,-518.3,1064.95,-435.05,
57,2021-02,2021-02-19 00:00:00,False,2021-02-26 22:59:40,intratrade_excursion,-518.3,RR1.00:21-22:110:381,7,47,18,28,-328.0,48.3,0,0,0,0.0,0.0,0,0.0,0.0,,-376.3,,930.7,-518.3,1064.95,-435.05,
58,2021-02,2021-02-19 00:00:00,False,2021-02-26 22:59:40,intratrade_excursion,-518.3,RR1.00:21-22:110:381,7,47,18,28,-328.0,48.3,0,0,0,0.0,0.0,0,0.0,0.0,,-376.3,,930.7,-518.3,1064.95,-435.05,
59,2021-02,2021-02-19 00:00:00,False,2021-02-26 22:59:40,intratrade_excursion,-518.3,RR1.00:21-22:110:381,7,47,18,28,-328.0,48.3,0,0,0,0.0,0.0,0,0.0,0.0,,-376.3,,930.7,-518.3,1064.95,-435.05,
60,2021-02,2021-02-27 00:00:00,False,2021-05-20 11:38:40,intratrade_excursion,82.15,RR1.00:4-5:118:448,82,418,171,246,598.5,437.85,0,10,2,0.0,0.0,0,0.0,0.0,,160.65,,2201.4,-703.05,2254.35,100.0,
61,2021-02,2021-02-27 00:00:00,False,2021-05-20 11:38:40,intratrade_excursion,82.15,RR1.00:4-5:118:448,82,418,171,246,598.5,437.85,0,10,2,0.0,0.0,0,0.0,0.0,,160.65,,2201.4,-703.05,2254.35,100.0,
62,2021-02,2021-02-27 00:00:00,False,2021-05-20 11:38:40,intratrade_excursion,82.15,RR1.00:4-5:118:448,82,418,171,246,598.5,437.85,0,10,2,0.0,0.0,0,0.0,0.0,,160.65,,2201.4,-703.05,2254.35,100.0,
63,2021-02,2021-02-27 00:00:00,False,2021-05-20 11:38:40,intratrade_excursion,82.15,RR1.00:4-5:118:448,82,418,171,246,598.5,437.85,0,10,2,0.0,0.0,0,0.0,0.0,,160.65,,2201.4,-703.05,2254.35,100.0,
64,2021-02,2021-02-27 00:00:00,False,2021-05-20 11:38:40,intratrade_excursion,82.15,RR1.00:4-5:118:448,82,418,171,246,598.5,437.85,0,10,2,0.0,0.0,0,0.0,0.0,,160.65,,2201.4,-703.05,2254.35,100.0,
65,2021-02,2021-02-27 00:00:00,False,2021-05-20 11:38:40,intratrade_excursion,82.15,RR1.00:4-5:118:448,82,418,171,246,598.5,437.85,0,10,2,0.0,0.0,0,0.0,0.0,,160.65,,2201.4,-703.05,2254.35,100.0,
66,2021-02,2021-02-27 00:00:00,False,2021-05-20 11:38:40,intratrade_excursion,82.15,RR1.00:4-5:118:448,82,418,171,246,598.5,437.85,0,10,2,0.0,0.0,0,0.0,0.0,,160.65,,2201.4,-703.05,2254.35,100.0,
67,2021-02,2021-02-27 00:00:00,False,2021-05-20 11:38:40,intratrade_excursion,82.15,RR1.00:4-5:118:448,82,418,171,246,598.5,437.85,0,10,2,0.0,0.0,0,0.0,0.0,,160.65,,2201.4,-703.05,2254.35,100.0,
68,2021-02,2021-02-27 00:00:00,False,2021-05-20 11:38:40,intratrade_excursion,82.15,RR1.00:4-5:118:448,82,418,171,246,598.5,437.85,0,10,2,0.0,0.0,0,0.0,0.0,,160.65,,2201.4,-703.05,2254.35,100.0,
69,2021-02,2021-02-27 00:00:00,False,2021-05-20 11:38:40,intratrade_excursion,82.15,RR1.00:4-5:118:448,82,418,171,246,598.5,437.85,0,10,2,0.0,0.0,0,0.0,0.0,,160.65,,2201.4,-703.05,2254.35,100.0,
70,2021-02,2021-02-27 00:00:00,False,2021-05-20 11:38:40,intratrade_excursion,82.15,RR1.00:4-5:118:448,82,418,171,246,598.5,437.85,0,10,2,0.0,0.0,0,0.0,0.0,,160.65,,2201.4,-703.05,2254.35,100.0,
71,2021-02,2021-02-27 00:00:00,False,2021-05-20 11:38:40,intratrade_excursion,82.15,RR1.00:4-5:118:448,82,418,171,246,598.5,437.85,0,10,2,0.0,0.0,0,0.0,0.0,,160.65,,2201.4,-703.05,2254.35,100.0,
72,2021-02,2021-02-27 00:00:00,False,2021-05-20 11:38:40,intratrade_excursion,82.15,RR1.00:4-5:118:448,82,418,171,246,598.5,437.85,0,10,2,0.0,0.0,0,0.0,0.0,,160.65,,2201.4,-703.05,2254.35,100.0,
73,2021-02,2021-02-27 00:00:00,False,2021-05-20 11:38:40,intratrade_excursion,82.15,RR1.00:4-5:118:448,82,418,171,246,598.5,437.85,0,10,2,0.0,0.0,0,0.0,0.0,,160.65,,2201.4,-703.05,2254.35,100.0,
74,2021-03,2021-03-01 00:00:00,False,2021-05-20 11:38:40,intratrade_excursion,82.15,RR1.00:4-5:118:448,80,418,171,246,598.5,437.85,0,7,0,0.0,0.0,0,0.0,0.0,,160.65,,2201.4,-703.05,2254.35,100.0,
75,2021-04,2021-04-01 00:00:00,False,2021-05-17 18:51:40,intratrade_excursion,-865.0,RR1.00:17-18:93:423,46,241,94,146,-451.5,252.0,0,2,1,0.0,0.0,0,0.0,0.0,,-703.5,,713.7,-865.0,766.65,-733.35,
76,2021-05,2021-05-01 00:00:00,False,2021-05-18 22:53:40,intratrade_excursion,-1160.8,RR1.00:22-23:110:423,17,87,30,56,-929.0,90.3,0,0,0,0.0,0.0,0,0.0,0.0,,-1019.3,,295.7,-1160.8,340.7,-1159.3,
77,2021-05,2021-05-18 00:00:00,False,2021-06-10 15:30:40,intratrade_excursion,-1448.75,RR1.00:15-16:152:510,23,136,43,92,-1205.0,141.75,0,0,1,0.0,0.0,0,0.0,0.0,,-1346.75,,86.9,-1448.75,95.4,-1404.6,
78,2021-05,2021-05-19 00:00:00,False,2021-06-21 04:44:40,intratrade_excursion,-1346.2,RR1.00:1-2:107:394,33,175,59,115,-1109.0,182.7,0,0,3,0.0,0.0,0,0.0,0.0,,-1291.7,,170.95,-1346.2,192.05,-1307.95,
79,2021-05,2021-05-21 00:00:00,False,2021-06-21 04:44:40,intratrade_excursion,-864.05,RR1.00:1-2:107:394,31,162,58,103,-640.5,169.05,0,0,3,0.0,0.0,0,0.0,0.0,,-809.55,,653.1,-864.05,674.2,-825.8,
80,2021-05,2021-05-21 00:00:00,False,2021-06-21 04:44:40,intratrade_excursion,-864.05,RR1.00:1-2:107:394,31,162,58,103,-640.5,169.05,0,0,3,0.0,0.0,0,0.0,0.0,,-809.55,,653.1,-864.05,674.2,-825.8,
81,2021-05,2021-05-21 00:00:00,False,2021-06-21 04:44:40,intratrade_excursion,-864.05,RR1.00:1-2:107:394,31,162,58,103,-640.5,169.05,0,0,3,0.0,0.0,0,0.0,0.0,,-809.55,,653.1,-864.05,674.2,-825.8,
82,2021-05,2021-05-21 00:00:00,False,2021-06-21 04:44:40,intratrade_excursion,-864.05,RR1.00:1-2:107:394,31,162,58,103,-640.5,169.05,0,0,3,0.0,0.0,0,0.0,0.0,,-809.55,,653.1,-864.05,674.2,-825.8,
83,2021-05,2021-05-21 00:00:00,False,2021-06-21 04:44:40,intratrade_excursion,-864.05,RR1.00:1-2:107:394,31,162,58,103,-640.5,169.05,0,0,3,0.0,0.0,0,0.0,0.0,,-809.55,,653.1,-864.05,674.2,-825.8,
84,2021-05,2021-05-21 00:00:00,False,2021-06-21 04:44:40,intratrade_excursion,-864.05,RR1.00:1-2:107:394,31,162,58,103,-640.5,169.05,0,0,3,0.0,0.0,0,0.0,0.0,,-809.55,,653.1,-864.05,674.2,-825.8,
85,2021-05,2021-05-21 00:00:00,False,2021-06-21 04:44:40,intratrade_excursion,-864.05,RR1.00:1-2:107:394,31,162,58,103,-640.5,169.05,0,0,3,0.0,0.0,0,0.0,0.0,,-809.55,,653.1,-864.05,674.2,-825.8,
86,2021-05,2021-05-21 00:00:00,False,2021-06-21 04:44:40,intratrade_excursion,-864.05,RR1.00:1-2:107:394,31,162,58,103,-640.5,169.05,0,0,3,0.0,0.0,0,0.0,0.0,,-809.55,,653.1,-864.05,674.2,-825.8,
87,2021-05,2021-05-21 00:00:00,False,2021-06-21 04:44:40,intratrade_excursion,-864.05,RR1.00:1-2:107:394,31,162,58,103,-640.5,169.05,0,0,3,0.0,0.0,0,0.0,0.0,,-809.55,,653.1,-864.05,674.2,-825.8,
88,2021-05,2021-05-21 00:00:00,False,2021-06-21 04:44:40,intratrade_excursion,-864.05,RR1.00:1-2:107:394,31,162,58,103,-640.5,169.05,0,0,3,0.0,0.0,0,0.0,0.0,,-809.55,,653.1,-864.05,674.2,-825.8,
89,2021-05,2021-05-21 00:00:00,False,2021-06-21 04:44:40,intratrade_excursion,-864.05,RR1.00:1-2:107:394,31,162,58,103,-640.5,169.05,0,0,3,0.0,0.0,0,0.0,0.0,,-809.55,,653.1,-864.05,674.2,-825.8,
90,2021-05,2021-05-21 00:00:00,False,2021-06-21 04:44:40,intratrade_excursion,-864.05,RR1.00:1-2:107:394,31,162,58,103,-640.5,169.05,0,0,3,0.0,0.0,0,0.0,0.0,,-809.55,,653.1,-864.05,674.2,-825.8,
91,2021-05,2021-05-21 00:00:00,False,2021-06-21 04:44:40,intratrade_excursion,-864.05,RR1.00:1-2:107:394,31,162,58,103,-640.5,169.05,0,0,3,0.0,0.0,0,0.0,0.0,,-809.55,,653.1,-864.05,674.2,-825.8,
92,2021-05,2021-05-21 00:00:00,False,2021-06-21 04:44:40,intratrade_excursion,-864.05,RR1.00:1-2:107:394,31,162,58,103,-640.5,169.05,0,0,3,0.0,0.0,0,0.0,0.0,,-809.55,,653.1,-864.05,674.2,-825.8,
93,2021-05,2021-05-21 00:00:00,False,2021-06-21 04:44:40,intratrade_excursion,-864.05,RR1.00:1-2:107:394,31,162,58,103,-640.5,169.05,0,0,3,0.0,0.0,0,0.0,0.0,,-809.55,,653.1,-864.05,674.2,-825.8,
94,2021-06,2021-06-01 00:00:00,False,2021-07-19 22:35:20,intratrade_excursion,-1269.05,RR1.00:20-21:133:477,48,262,98,163,-908.5,274.05,0,0,3,0.0,0.0,0,0.0,0.0,,-1182.55,,223.1,-1269.05,234.15,-1265.85,
95,2021-06,2021-06-11 00:00:00,False,2021-12-03 20:35:40,intratrade_excursion,76.1,RR1.00:20-21:165:594,175,922,383,538,2987.0,967.05,2,14,6,1770.35,1770.35,0,0.0,0.0,2021-11-01 00:00:00,249.6,,2099.65,-604.95,2112.65,100.0,
96,2021-06,2021-06-22 00:00:00,False,2021-12-03 20:35:40,intratrade_excursion,76.1,RR1.00:20-21:165:594,164,872,364,507,3057.5,914.55,2,16,4,1893.35,1893.35,0,0.0,0.0,2021-11-01 00:00:00,249.6,,2116.35,-481.95,2131.9,100.0,
97,2021-06,2021-06-22 00:00:00,False,2021-12-03 20:35:40,intratrade_excursion,76.1,RR1.00:20-21:165:594,164,872,364,507,3057.5,914.55,2,16,4,1893.35,1893.35,0,0.0,0.0,2021-11-01 00:00:00,249.6,,2116.35,-481.95,2131.9,100.0,
98,2021-06,2021-06-22 00:00:00,False,2021-12-03 20:35:40,intratrade_excursion,76.1,RR1.00:20-21:165:594,164,872,364,507,3057.5,914.55,2,16,4,1893.35,1893.35,0,0.0,0.0,2021-11-01 00:00:00,249.6,,2116.35,-481.95,2131.9,100.0,
99,2021-06,2021-06-22 00:00:00,False,2021-12-03 20:35:40,intratrade_excursion,76.1,RR1.00:20-21:165:594,164,872,364,507,3057.5,914.55,2,16,4,1893.35,1893.35,0,0.0,0.0,2021-11-01 00:00:00,249.6,,2116.35,-481.95,2131.9,100.0,
100,2021-06,2021-06-22 00:00:00,False,2021-12-03 20:35:40,intratrade_excursion,76.1,RR1.00:20-21:165:594,164,872,364,507,3057.5,914.55,2,16,4,1893.35,1893.35,0,0.0,0.0,2021-11-01 00:00:00,249.6,,2116.35,-481.95,2131.9,100.0,
101,2021-06,2021-06-22 00:00:00,False,2021-12-03 20:35:40,intratrade_excursion,76.1,RR1.00:20-21:165:594,164,872,364,507,3057.5,914.55,2,16,4,1893.35,1893.35,0,0.0,0.0,2021-11-01 00:00:00,249.6,,2116.35,-481.95,2131.9,100.0,
102,2021-06,2021-06-22 00:00:00,False,2021-12-03 20:35:40,intratrade_excursion,76.1,RR1.00:20-21:165:594,164,872,364,507,3057.5,914.55,2,16,4,1893.35,1893.35,0,0.0,0.0,2021-11-01 00:00:00,249.6,,2116.35,-481.95,2131.9,100.0,
103,2021-06,2021-06-22 00:00:00,False,2021-12-03 20:35:40,intratrade_excursion,76.1,RR1.00:20-21:165:594,164,872,364,507,3057.5,914.55,2,16,4,1893.35,1893.35,0,0.0,0.0,2021-11-01 00:00:00,249.6,,2116.35,-481.95,2131.9,100.0,
104,2021-06,2021-06-22 00:00:00,False,2021-12-03 20:35:40,intratrade_excursion,76.1,RR1.00:20-21:165:594,164,872,364,507,3057.5,914.55,2,16,4,1893.35,1893.35,0,0.0,0.0,2021-11-01 00:00:00,249.6,,2116.35,-481.95,2131.9,100.0,
105,2021-06,2021-06-22 00:00:00,False,2021-12-03 20:35:40,intratrade_excursion,76.1,RR1.00:20-21:165:594,164,872,364,507,3057.5,914.55,2,16,4,1893.35,1893.35,0,0.0,0.0,2021-11-01 00:00:00,249.6,,2116.35,-481.95,2131.9,100.0,
106,2021-06,2021-06-22 00:00:00,False,2021-12-03 20:35:40,intratrade_excursion,76.1,RR1.00:20-21:165:594,164,872,364,507,3057.5,914.55,2,16,4,1893.35,1893.35,0,0.0,0.0,2021-11-01 00:00:00,249.6,,2116.35,-481.95,2131.9,100.0,
107,2021-06,2021-06-22 00:00:00,False,2021-12-03 20:35:40,intratrade_excursion,76.1,RR1.00:20-21:165:594,164,872,364,507,3057.5,914.55,2,16,4,1893.35,1893.35,0,0.0,0.0,2021-11-01 00:00:00,249.6,,2116.35,-481.95,2131.9,100.0,
108,2021-06,2021-06-22 00:00:00,False,2021-12-03 20:35:40,intratrade_excursion,76.1,RR1.00:20-21:165:594,164,872,364,507,3057.5,914.55,2,16,4,1893.35,1893.35,0,0.0,0.0,2021-11-01 00:00:00,249.6,,2116.35,-481.95,2131.9,100.0,
109,2021-06,2021-06-22 00:00:00,False,2021-12-03 20:35:40,intratrade_excursion,76.1,RR1.00:20-21:165:594,164,872,364,507,3057.5,914.55,2,16,4,1893.35,1893.35,0,0.0,0.0,2021-11-01 00:00:00,249.6,,2116.35,-481.95,2131.9,100.0,
110,2021-06,2021-06-22 00:00:00,False,2021-12-03 20:35:40,intratrade_excursion,76.1,RR1.00:20-21:165:594,164,872,364,507,3057.5,914.55,2,16,4,1893.35,1893.35,0,0.0,0.0,2021-11-01 00:00:00,249.6,,2116.35,-481.95,2131.9,100.0,
111,2021-06,2021-06-22 00:00:00,False,2021-12-03 20:35:40,intratrade_excursion,76.1,RR1.00:20-21:165:594,164,872,364,507,3057.5,914.55,2,16,4,1893.35,1893.35,0,0.0,0.0,2021-11-01 00:00:00,249.6,,2116.35,-481.95,2131.9,100.0,
112,2021-07,2021-07-01 00:00:00,False,2021-12-03 20:35:40,intratrade_excursion,76.1,RR1.00:20-21:165:594,155,817,339,477,2797.5,856.8,2,9,7,1691.1,1691.1,0,0.0,0.0,2021-11-01 00:00:00,249.6,,2099.65,-684.2,2112.65,100.0,
113,2021-07,2021-07-20 00:00:00,False,2021-12-03 20:35:40,intratrade_excursion,61.6,RR1.00:20-21:165:594,136,723,307,415,3231.0,758.1,2,16,0,2237.8,2237.8,0,0.0,0.0,2021-10-25 00:00:00,235.1,,2644.2,-152.0,2680.25,100.0,
114,2021-08,2021-08-01 00:00:00,False,2021-12-03 20:35:40,intratrade_excursion,76.1,RR1.00:20-21:165:594,124,661,279,381,2567.0,693.0,2,7,4,1624.4,1624.4,0,0.0,0.0,2021-11-01 00:00:00,249.6,,2099.65,-750.9,2112.65,100.0,
115,2021-12,2021-12-04 00:00:00,False,2021-12-17 23:30:00,intratrade_excursion,-632.8,RR1.00:17-18:123:593,13,67,24,42,-451.5,69.3,0,0,0,0.0,0.0,0,0.0,0.0,,-520.8,,810.25,-632.8,943.2,-556.8,
116,2021-12,2021-12-04 00:00:00,False,2021-12-17 23:30:00,intratrade_excursion,-632.8,RR1.00:17-18:123:593,13,67,24,42,-451.5,69.3,0,0,0,0.0,0.0,0,0.0,0.0,,-520.8,,810.25,-632.8,943.2,-556.8,
117,2021-12,2021-12-04 00:00:00,False,2021-12-17 23:30:00,intratrade_excursion,-632.8,RR1.00:17-18:123:593,13,67,24,42,-451.5,69.3,0,0,0,0.0,0.0,0,0.0,0.0,,-520.8,,810.25,-632.8,943.2,-556.8,
118,2021-12,2021-12-04 00:00:00,False,2021-12-17 23:30:00,intratrade_excursion,-632.8,RR1.00:17-18:123:593,13,67,24,42,-451.5,69.3,0,0,0,0.0,0.0,0,0.0,0.0,,-520.8,,810.25,-632.8,943.2,-556.8,
119,2021-12,2021-12-04 00:00:00,False,2021-12-17 23:30:00,intratrade_excursion,-632.8,RR1.00:17-18:123:593,13,67,24,42,-451.5,69.3,0,0,0,0.0,0.0,0,0.0,0.0,,-520.8,,810.25,-632.8,943.2,-556.8,
120,2021-12,2021-12-04 00:00:00,False,2021-12-17 23:30:00,intratrade_excursion,-632.8,RR1.00:17-18:123:593,13,67,24,42,-451.5,69.3,0,0,0,0.0,0.0,0,0.0,0.0,,-520.8,,810.25,-632.8,943.2,-556.8,
121,2021-12,2021-12-04 00:00:00,False,2021-12-17 23:30:00,intratrade_excursion,-632.8,RR1.00:17-18:123:593,13,67,24,42,-451.5,69.3,0,0,0,0.0,0.0,0,0.0,0.0,,-520.8,,810.25,-632.8,943.2,-556.8,
122,2021-12,2021-12-04 00:00:00,False,2021-12-17 23:30:00,intratrade_excursion,-632.8,RR1.00:17-18:123:593,13,67,24,42,-451.5,69.3,0,0,0,0.0,0.0,0,0.0,0.0,,-520.8,,810.25,-632.8,943.2,-556.8,
123,2021-12,2021-12-04 00:00:00,False,2021-12-17 23:30:00,intratrade_excursion,-632.8,RR1.00:17-18:123:593,13,67,24,42,-451.5,69.3,0,0,0,0.0,0.0,0,0.0,0.0,,-520.8,,810.25,-632.8,943.2,-556.8,
124,2021-12,2021-12-04 00:00:00,False,2021-12-17 23:30:00,intratrade_excursion,-632.8,RR1.00:17-18:123:593,13,67,24,42,-451.5,69.3,0,0,0,0.0,0.0,0,0.0,0.0,,-520.8,,810.25,-632.8,943.2,-556.8,
125,2021-12,2021-12-04 00:00:00,False,2021-12-17 23:30:00,intratrade_excursion,-632.8,RR1.00:17-18:123:593,13,67,24,42,-451.5,69.3,0,0,0,0.0,0.0,0,0.0,0.0,,-520.8,,810.25,-632.8,943.2,-556.8,
126,2021-12,2021-12-04 00:00:00,False,2021-12-17 23:30:00,intratrade_excursion,-632.8,RR1.00:17-18:123:593,13,67,24,42,-451.5,69.3,0,0,0,0.0,0.0,0,0.0,0.0,,-520.8,,810.25,-632.8,943.2,-556.8,
127,2021-12,2021-12-04 00:00:00,False,2021-12-17 23:30:00,intratrade_excursion,-632.8,RR1.00:17-18:123:593,13,67,24,42,-451.5,69.3,0,0,0,0.0,0.0,0,0.0,0.0,,-520.8,,810.25,-632.8,943.2,-556.8,
128,2021-12,2021-12-04 00:00:00,False,2021-12-17 23:30:00,intratrade_excursion,-632.8,RR1.00:17-18:123:593,13,67,24,42,-451.5,69.3,0,0,0,0.0,0.0,0,0.0,0.0,,-520.8,,810.25,-632.8,943.2,-556.8,
129,2021-12,2021-12-04 00:00:00,False,2021-12-17 23:30:00,intratrade_excursion,-632.8,RR1.00:17-18:123:593,13,67,24,42,-451.5,69.3,0,0,0,0.0,0.0,0,0.0,0.0,,-520.8,,810.25,-632.8,943.2,-556.8,
130,2021-12,2021-12-04 00:00:00,False,2021-12-17 23:30:00,intratrade_excursion,-632.8,RR1.00:17-18:123:593,13,67,24,42,-451.5,69.3,0,0,0,0.0,0.0,0,0.0,0.0,,-520.8,,810.25,-632.8,943.2,-556.8,
131,2021-12,2021-12-04 00:00:00,False,2021-12-17 23:30:00,intratrade_excursion,-632.8,RR1.00:17-18:123:593,13,67,24,42,-451.5,69.3,0,0,0,0.0,0.0,0,0.0,0.0,,-520.8,,810.25,-632.8,943.2,-556.8,
132,2021-12,2021-12-04 00:00:00,False,2021-12-17 23:30:00,intratrade_excursion,-632.8,RR1.00:17-18:123:593,13,67,24,42,-451.5,69.3,0,0,0,0.0,0.0,0,0.0,0.0,,-520.8,,810.25,-632.8,943.2,-556.8,
133,2021-12,2021-12-04 00:00:00,False,2021-12-17 23:30:00,intratrade_excursion,-632.8,RR1.00:17-18:123:593,13,67,24,42,-451.5,69.3,0,0,0,0.0,0.0,0,0.0,0.0,,-520.8,,810.25,-632.8,943.2,-556.8,
134,2021-12,2021-12-04 00:00:00,False,2021-12-17 23:30:00,intratrade_excursion,-632.8,RR1.00:17-18:123:593,13,67,24,42,-451.5,69.3,0,0,0,0.0,0.0,0,0.0,0.0,,-520.8,,810.25,-632.8,943.2,-556.8,
135,2021-12,2021-12-18 00:00:00,False,2022-05-09 22:28:20,intratrade_excursion,2.65,RR1.00:21-22:208:743,142,729,304,424,6062.0,764.4,4,14,1,5149.45,5149.45,0,0.0,0.0,2022-02-07 00:00:00,148.15,,3075.85,-656.15,3137.95,100.0,
136,2021-12,2021-12-18 00:00:00,False,2022-05-09 22:28:20,intratrade_excursion,2.65,RR1.00:21-22:208:743,142,729,304,424,6062.0,764.4,4,14,1,5149.45,5149.45,0,0.0,0.0,2022-02-07 00:00:00,148.15,,3075.85,-656.15,3137.95,100.0,
137,2021-12,2021-12-18 00:00:00,False,2022-05-09 22:28:20,intratrade_excursion,2.65,RR1.00:21-22:208:743,142,729,304,424,6062.0,764.4,4,14,1,5149.45,5149.45,0,0.0,0.0,2022-02-07 00:00:00,148.15,,3075.85,-656.15,3137.95,100.0,
138,2021-12,2021-12-18 00:00:00,False,2022-05-09 22:28:20,intratrade_excursion,2.65,RR1.00:21-22:208:743,142,729,304,424,6062.0,764.4,4,14,1,5149.45,5149.45,0,0.0,0.0,2022-02-07 00:00:00,148.15,,3075.85,-656.15,3137.95,100.0,
139,2021-12,2021-12-18 00:00:00,False,2022-05-09 22:28:20,intratrade_excursion,2.65,RR1.00:21-22:208:743,142,729,304,424,6062.0,764.4,4,14,1,5149.45,5149.45,0,0.0,0.0,2022-02-07 00:00:00,148.15,,3075.85,-656.15,3137.95,100.0,
140,2021-12,2021-12-18 00:00:00,False,2022-05-09 22:28:20,intratrade_excursion,2.65,RR1.00:21-22:208:743,142,729,304,424,6062.0,764.4,4,14,1,5149.45,5149.45,0,0.0,0.0,2022-02-07 00:00:00,148.15,,3075.85,-656.15,3137.95,100.0,
141,2021-12,2021-12-18 00:00:00,False,2022-05-09 22:28:20,intratrade_excursion,2.65,RR1.00:21-22:208:743,142,729,304,424,6062.0,764.4,4,14,1,5149.45,5149.45,0,0.0,0.0,2022-02-07 00:00:00,148.15,,3075.85,-656.15,3137.95,100.0,
142,2021-12,2021-12-18 00:00:00,False,2022-05-09 22:28:20,intratrade_excursion,2.65,RR1.00:21-22:208:743,142,729,304,424,6062.0,764.4,4,14,1,5149.45,5149.45,0,0.0,0.0,2022-02-07 00:00:00,148.15,,3075.85,-656.15,3137.95,100.0,
143,2021-12,2021-12-18 00:00:00,False,2022-05-09 22:28:20,intratrade_excursion,2.65,RR1.00:21-22:208:743,142,729,304,424,6062.0,764.4,4,14,1,5149.45,5149.45,0,0.0,0.0,2022-02-07 00:00:00,148.15,,3075.85,-656.15,3137.95,100.0,
144,2021-12,2021-12-18 00:00:00,False,2022-05-09 22:28:20,intratrade_excursion,2.65,RR1.00:21-22:208:743,142,729,304,424,6062.0,764.4,4,14,1,5149.45,5149.45,0,0.0,0.0,2022-02-07 00:00:00,148.15,,3075.85,-656.15,3137.95,100.0,
145,2021-12,2021-12-18 00:00:00,False,2022-05-09 22:28:20,intratrade_excursion,2.65,RR1.00:21-22:208:743,142,729,304,424,6062.0,764.4,4,14,1,5149.45,5149.45,0,0.0,0.0,2022-02-07 00:00:00,148.15,,3075.85,-656.15,3137.95,100.0,
146,2021-12,2021-12-18 00:00:00,False,2022-05-09 22:28:20,intratrade_excursion,2.65,RR1.00:21-22:208:743,142,729,304,424,6062.0,764.4,4,14,1,5149.45,5149.45,0,0.0,0.0,2022-02-07 00:00:00,148.15,,3075.85,-656.15,3137.95,100.0,
147,2021-12,2021-12-18 00:00:00,False,2022-05-09 22:28:20,intratrade_excursion,2.65,RR1.00:21-22:208:743,142,729,304,424,6062.0,764.4,4,14,1,5149.45,5149.45,0,0.0,0.0,2022-02-07 00:00:00,148.15,,3075.85,-656.15,3137.95,100.0,
148,2021-12,2021-12-18 00:00:00,False,2022-05-09 22:28:20,intratrade_excursion,2.65,RR1.00:21-22:208:743,142,729,304,424,6062.0,764.4,4,14,1,5149.45,5149.45,0,0.0,0.0,2022-02-07 00:00:00,148.15,,3075.85,-656.15,3137.95,100.0,
149,2021-12,2021-12-18 00:00:00,False,2022-05-09 22:28:20,intratrade_excursion,2.65,RR1.00:21-22:208:743,142,729,304,424,6062.0,764.4,4,14,1,5149.45,5149.45,0,0.0,0.0,2022-02-07 00:00:00,148.15,,3075.85,-656.15,3137.95,100.0,
150,2021-12,2021-12-18 00:00:00,False,2022-05-09 22:28:20,intratrade_excursion,2.65,RR1.00:21-22:208:743,142,729,304,424,6062.0,764.4,4,14,1,5149.45,5149.45,0,0.0,0.0,2022-02-07 00:00:00,148.15,,3075.85,-656.15,3137.95,100.0,
151,2021-12,2021-12-18 00:00:00,False,2022-05-09 22:28:20,intratrade_excursion,2.65,RR1.00:21-22:208:743,142,729,304,424,6062.0,764.4,4,14,1,5149.45,5149.45,0,0.0,0.0,2022-02-07 00:00:00,148.15,,3075.85,-656.15,3137.95,100.0,
152,2021-12,2021-12-18 00:00:00,False,2022-05-09 22:28:20,intratrade_excursion,2.65,RR1.00:21-22:208:743,142,729,304,424,6062.0,764.4,4,14,1,5149.45,5149.45,0,0.0,0.0,2022-02-07 00:00:00,148.15,,3075.85,-656.15,3137.95,100.0,
153,2021-12,2021-12-18 00:00:00,False,2022-05-09 22:28:20,intratrade_excursion,2.65,RR1.00:21-22:208:743,142,729,304,424,6062.0,764.4,4,14,1,5149.45,5149.45,0,0.0,0.0,2022-02-07 00:00:00,148.15,,3075.85,-656.15,3137.95,100.0,
154,2021-12,2021-12-18 00:00:00,False,2022-05-09 22:28:20,intratrade_excursion,2.65,RR1.00:21-22:208:743,142,729,304,424,6062.0,764.4,4,14,1,5149.45,5149.45,0,0.0,0.0,2022-02-07 00:00:00,148.15,,3075.85,-656.15,3137.95,100.0,
155,2022-05,2022-05-10 00:00:00,False,2022-05-12 08:23:40,intratrade_excursion,-780.45,RR1.00:3-4:205:767,2,20,5,14,-586.5,19.95,0,0,0,0.0,0.0,0,0.0,0.0,,-606.45,,749.45,-780.45,796.4,-703.6,
156,2022-05,2022-05-10 00:00:00,False,2022-05-12 08:23:40,intratrade_excursion,-780.45,RR1.00:3-4:205:767,2,20,5,14,-586.5,19.95,0,0,0,0.0,0.0,0,0.0,0.0,,-606.45,,749.45,-780.45,796.4,-703.6,
157,2022-05,2022-05-10 00:00:00,False,2022-05-12 08:23:40,intratrade_excursion,-780.45,RR1.00:3-4:205:767,2,20,5,14,-586.5,19.95,0,0,0,0.0,0.0,0,0.0,0.0,,-606.45,,749.45,-780.45,796.4,-703.6,
158,2022-05,2022-05-10 00:00:00,False,2022-05-12 08:23:40,intratrade_excursion,-780.45,RR1.00:3-4:205:767,2,20,5,14,-586.5,19.95,0,0,0,0.0,0.0,0,0.0,0.0,,-606.45,,749.45,-780.45,796.4,-703.6,
159,2022-05,2022-05-10 00:00:00,False,2022-05-12 08:23:40,intratrade_excursion,-780.45,RR1.00:3-4:205:767,2,20,5,14,-586.5,19.95,0,0,0,0.0,0.0,0,0.0,0.0,,-606.45,,749.45,-780.45,796.4,-703.6,
160,2022-05,2022-05-10 00:00:00,False,2022-05-12 08:23:40,intratrade_excursion,-780.45,RR1.00:3-4:205:767,2,20,5,14,-586.5,19.95,0,0,0,0.0,0.0,0,0.0,0.0,,-606.45,,749.45,-780.45,796.4,-703.6,
161,2022-05,2022-05-10 00:00:00,False,2022-05-12 08:23:40,intratrade_excursion,-780.45,RR1.00:3-4:205:767,2,20,5,14,-586.5,19.95,0,0,0,0.0,0.0,0,0.0,0.0,,-606.45,,749.45,-780.45,796.4,-703.6,
162,2022-05,2022-05-10 00:00:00,False,2022-05-12 08:23:40,intratrade_excursion,-780.45,RR1.00:3-4:205:767,2,20,5,14,-586.5,19.95,0,0,0,0.0,0.0,0,0.0,0.0,,-606.45,,749.45,-780.45,796.4,-703.6,
163,2022-05,2022-05-10 00:00:00,False,2022-05-12 08:23:40,intratrade_excursion,-780.45,RR1.00:3-4:205:767,2,20,5,14,-586.5,19.95,0,0,0,0.0,0.0,0,0.0,0.0,,-606.45,,749.45,-780.45,796.4,-703.6,
164,2022-05,2022-05-10 00:00:00,False,2022-05-12 08:23:40,intratrade_excursion,-780.45,RR1.00:3-4:205:767,2,20,5,14,-586.5,19.95,0,0,0,0.0,0.0,0,0.0,0.0,,-606.45,,749.45,-780.45,796.4,-703.6,
165,2022-05,2022-05-10 00:00:00,False,2022-05-12 08:23:40,intratrade_excursion,-780.45,RR1.00:3-4:205:767,2,20,5,14,-586.5,19.95,0,0,0,0.0,0.0,0,0.0,0.0,,-606.45,,749.45,-780.45,796.4,-703.6,
166,2022-05,2022-05-10 00:00:00,False,2022-05-12 08:23:40,intratrade_excursion,-780.45,RR1.00:3-4:205:767,2,20,5,14,-586.5,19.95,0,0,0,0.0,0.0,0,0.0,0.0,,-606.45,,749.45,-780.45,796.4,-703.6,
167,2022-05,2022-05-10 00:00:00,False,2022-05-12 08:23:40,intratrade_excursion,-780.45,RR1.00:3-4:205:767,2,20,5,14,-586.5,19.95,0,0,0,0.0,0.0,0,0.0,0.0,,-606.45,,749.45,-780.45,796.4,-703.6,
168,2022-05,2022-05-10 00:00:00,False,2022-05-12 08:23:40,intratrade_excursion,-780.45,RR1.00:3-4:205:767,2,20,5,14,-586.5,19.95,0,0,0,0.0,0.0,0,0.0,0.0,,-606.45,,749.45,-780.45,796.4,-703.6,
169,2022-05,2022-05-10 00:00:00,False,2022-05-12 08:23:40,intratrade_excursion,-780.45,RR1.00:3-4:205:767,2,20,5,14,-586.5,19.95,0,0,0,0.0,0.0,0,0.0,0.0,,-606.45,,749.45,-780.45,796.4,-703.6,
170,2022-05,2022-05-10 00:00:00,False,2022-05-12 08:23:40,intratrade_excursion,-780.45,RR1.00:3-4:205:767,2,20,5,14,-586.5,19.95,0,0,0,0.0,0.0,0,0.0,0.0,,-606.45,,749.45,-780.45,796.4,-703.6,
171,2022-05,2022-05-10 00:00:00,False,2022-05-12 08:23:40,intratrade_excursion,-780.45,RR1.00:3-4:205:767,2,20,5,14,-586.5,19.95,0,0,0,0.0,0.0,0,0.0,0.0,,-606.45,,749.45,-780.45,796.4,-703.6,
172,2022-05,2022-05-10 00:00:00,False,2022-05-12 08:23:40,intratrade_excursion,-780.45,RR1.00:3-4:205:767,2,20,5,14,-586.5,19.95,0,0,0,0.0,0.0,0,0.0,0.0,,-606.45,,749.45,-780.45,796.4,-703.6,
173,2022-05,2022-05-10 00:00:00,False,2022-05-12 08:23:40,intratrade_excursion,-780.45,RR1.00:3-4:205:767,2,20,5,14,-586.5,19.95,0,0,0,0.0,0.0,0,0.0,0.0,,-606.45,,749.45,-780.45,796.4,-703.6,
174,2022-05,2022-05-10 00:00:00,False,2022-05-12 08:23:40,intratrade_excursion,-780.45,RR1.00:3-4:205:767,2,20,5,14,-586.5,19.95,0,0,0,0.0,0.0,0,0.0,0.0,,-606.45,,749.45,-780.45,796.4,-703.6,
175,2022-05,2022-05-13 00:00:00,False,2022-06-10 22:46:40,intratrade_excursion,40.85,RR1.00:21-22:218:774,28,174,69,104,322.5,181.65,0,1,0,0.0,0.0,0,0.0,0.0,,140.85,,1871.55,-311.0,1942.75,100.0,
176,2022-05,2022-05-13 00:00:00,False,2022-06-10 22:46:40,intratrade_excursion,40.85,RR1.00:21-22:218:774,28,174,69,104,322.5,181.65,0,1,0,0.0,0.0,0,0.0,0.0,,140.85,,1871.55,-311.0,1942.75,100.0,
177,2022-05,2022-05-13 00:00:00,False,2022-06-10 22:46:40,intratrade_excursion,40.85,RR1.00:21-22:218:774,28,174,69,104,322.5,181.65,0,1,0,0.0,0.0,0,0.0,0.0,,140.85,,1871.55,-311.0,1942.75,100.0,
178,2022-05,2022-05-13 00:00:00,False,2022-06-10 22:46:40,intratrade_excursion,40.85,RR1.00:21-22:218:774,28,174,69,104,322.5,181.65,0,1,0,0.0,0.0,0,0.0,0.0,,140.85,,1871.55,-311.0,1942.75,100.0,
179,2022-05,2022-05-13 00:00:00,False,2022-06-10 22:46:40,intratrade_excursion,40.85,RR1.00:21-22:218:774,28,174,69,104,322.5,181.65,0,1,0,0.0,0.0,0,0.0,0.0,,140.85,,1871.55,-311.0,1942.75,100.0,
180,2022-05,2022-05-13 00:00:00,False,2022-06-10 22:46:40,intratrade_excursion,40.85,RR1.00:21-22:218:774,28,174,69,104,322.5,181.65,0,1,0,0.0,0.0,0,0.0,0.0,,140.85,,1871.55,-311.0,1942.75,100.0,
181,2022-05,2022-05-13 00:00:00,False,2022-06-10 22:46:40,intratrade_excursion,40.85,RR1.00:21-22:218:774,28,174,69,104,322.5,181.65,0,1,0,0.0,0.0,0,0.0,0.0,,140.85,,1871.55,-311.0,1942.75,100.0,
182,2022-05,2022-05-13 00:00:00,False,2022-06-10 22:46:40,intratrade_excursion,40.85,RR1.00:21-22:218:774,28,174,69,104,322.5,181.65,0,1,0,0.0,0.0,0,0.0,0.0,,140.85,,1871.55,-311.0,1942.75,100.0,
183,2022-05,2022-05-13 00:00:00,False,2022-06-10 22:46:40,intratrade_excursion,40.85,RR1.00:21-22:218:774,28,174,69,104,322.5,181.65,0,1,0,0.0,0.0,0,0.0,0.0,,140.85,,1871.55,-311.0,1942.75,100.0,
184,2022-05,2022-05-13 00:00:00,False,2022-06-10 22:46:40,intratrade_excursion,40.85,RR1.00:21-22:218:774,28,174,69,104,322.5,181.65,0,1,0,0.0,0.0,0,0.0,0.0,,140.85,,1871.55,-311.0,1942.75,100.0,
185,2022-05,2022-05-13 00:00:00,False,2022-06-10 22:46:40,intratrade_excursion,40.85,RR1.00:21-22:218:774,28,174,69,104,322.5,181.65,0,1,0,0.0,0.0,0,0.0,0.0,,140.85,,1871.55,-311.0,1942.75,100.0,
186,2022-05,2022-05-13 00:00:00,False,2022-06-10 22:46:40,intratrade_excursion,40.85,RR1.00:21-22:218:774,28,174,69,104,322.5,181.65,0,1,0,0.0,0.0,0,0.0,0.0,,140.85,,1871.55,-311.0,1942.75,100.0,
187,2022-05,2022-05-13 00:00:00,False,2022-06-10 22:46:40,intratrade_excursion,40.85,RR1.00:21-22:218:774,28,174,69,104,322.5,181.65,0,1,0,0.0,0.0,0,0.0,0.0,,140.85,,1871.55,-311.0,1942.75,100.0,
188,2022-05,2022-05-13 00:00:00,False,2022-06-10 22:46:40,intratrade_excursion,40.85,RR1.00:21-22:218:774,28,174,69,104,322.5,181.65,0,1,0,0.0,0.0,0,0.0,0.0,,140.85,,1871.55,-311.0,1942.75,100.0,
189,2022-05,2022-05-13 00:00:00,False,2022-06-10 22:46:40,intratrade_excursion,40.85,RR1.00:21-22:218:774,28,174,69,104,322.5,181.65,0,1,0,0.0,0.0,0,0.0,0.0,,140.85,,1871.55,-311.0,1942.75,100.0,
190,2022-05,2022-05-13 00:00:00,False,2022-06-10 22:46:40,intratrade_excursion,40.85,RR1.00:21-22:218:774,28,174,69,104,322.5,181.65,0,1,0,0.0,0.0,0,0.0,0.0,,140.85,,1871.55,-311.0,1942.75,100.0,
191,2022-05,2022-05-13 00:00:00,False,2022-06-10 22:46:40,intratrade_excursion,40.85,RR1.00:21-22:218:774,28,174,69,104,322.5,181.65,0,1,0,0.0,0.0,0,0.0,0.0,,140.85,,1871.55,-311.0,1942.75,100.0,
192,2022-05,2022-05-13 00:00:00,False,2022-06-10 22:46:40,intratrade_excursion,40.85,RR1.00:21-22:218:774,28,174,69,104,322.5,181.65,0,1,0,0.0,0.0,0,0.0,0.0,,140.85,,1871.55,-311.0,1942.75,100.0,
193,2022-05,2022-05-13 00:00:00,False,2022-06-10 22:46:40,intratrade_excursion,40.85,RR1.00:21-22:218:774,28,174,69,104,322.5,181.65,0,1,0,0.0,0.0,0,0.0,0.0,,140.85,,1871.55,-311.0,1942.75,100.0,
194,2022-05,2022-05-13 00:00:00,False,2022-06-10 22:46:40,intratrade_excursion,40.85,RR1.00:21-22:218:774,28,174,69,104,322.5,181.65,0,1,0,0.0,0.0,0,0.0,0.0,,140.85,,1871.55,-311.0,1942.75,100.0,
195,2022-06,2022-06-11 00:00:00,False,2022-06-17 03:02:40,intratrade_excursion,-1482.3,RR1.00:2-3:228:859,6,27,6,20,-1381.0,27.3,0,0,0,0.0,0.0,0,0.0,0.0,,-1408.3,,0.0,-1482.3,48.4,-1451.6,
196,2022-06,2022-06-11 00:00:00,False,2022-06-17 03:02:40,intratrade_excursion,-1482.3,RR1.00:2-3:228:859,6,27,6,20,-1381.0,27.3,0,0,0,0.0,0.0,0,0.0,0.0,,-1408.3,,0.0,-1482.3,48.4,-1451.6,
197,2022-06,2022-06-11 00:00:00,False,2022-06-17 03:02:40,intratrade_excursion,-1482.3,RR1.00:2-3:228:859,6,27,6,20,-1381.0,27.3,0,0,0,0.0,0.0,0,0.0,0.0,,-1408.3,,0.0,-1482.3,48.4,-1451.6,
198,2022-06,2022-06-11 00:00:00,False,2022-06-17 03:02:40,intratrade_excursion,-1482.3,RR1.00:2-3:228:859,6,27,6,20,-1381.0,27.3,0,0,0,0.0,0.0,0,0.0,0.0,,-1408.3,,0.0,-1482.3,48.4,-1451.6,
199,2022-06,2022-06-11 00:00:00,False,2022-06-17 03:02:40,intratrade_excursion,-1482.3,RR1.00:2-3:228:859,6,27,6,20,-1381.0,27.3,0,0,0,0.0,0.0,0,0.0,0.0,,-1408.3,,0.0,-1482.3,48.4,-1451.6,
200,2022-06,2022-06-11 00:00:00,False,2022-06-17 03:02:40,intratrade_excursion,-1482.3,RR1.00:2-3:228:859,6,27,6,20,-1381.0,27.3,0,0,0,0.0,0.0,0,0.0,0.0,,-1408.3,,0.0,-1482.3,48.4,-1451.6,
201,2022-06,2022-06-11 00:00:00,False,2022-06-17 03:02:40,intratrade_excursion,-1482.3,RR1.00:2-3:228:859,6,27,6,20,-1381.0,27.3,0,0,0,0.0,0.0,0,0.0,0.0,,-1408.3,,0.0,-1482.3,48.4,-1451.6,
202,2022-06,2022-06-11 00:00:00,False,2022-06-17 03:02:40,intratrade_excursion,-1482.3,RR1.00:2-3:228:859,6,27,6,20,-1381.0,27.3,0,0,0,0.0,0.0,0,0.0,0.0,,-1408.3,,0.0,-1482.3,48.4,-1451.6,
203,2022-06,2022-06-11 00:00:00,False,2022-06-17 03:02:40,intratrade_excursion,-1482.3,RR1.00:2-3:228:859,6,27,6,20,-1381.0,27.3,0,0,0,0.0,0.0,0,0.0,0.0,,-1408.3,,0.0,-1482.3,48.4,-1451.6,
204,2022-06,2022-06-11 00:00:00,False,2022-06-17 03:02:40,intratrade_excursion,-1482.3,RR1.00:2-3:228:859,6,27,6,20,-1381.0,27.3,0,0,0,0.0,0.0,0,0.0,0.0,,-1408.3,,0.0,-1482.3,48.4,-1451.6,
205,2022-06,2022-06-11 00:00:00,False,2022-06-17 03:02:40,intratrade_excursion,-1482.3,RR1.00:2-3:228:859,6,27,6,20,-1381.0,27.3,0,0,0,0.0,0.0,0,0.0,0.0,,-1408.3,,0.0,-1482.3,48.4,-1451.6,
206,2022-06,2022-06-11 00:00:00,False,2022-06-17 03:02:40,intratrade_excursion,-1482.3,RR1.00:2-3:228:859,6,27,6,20,-1381.0,27.3,0,0,0,0.0,0.0,0,0.0,0.0,,-1408.3,,0.0,-1482.3,48.4,-1451.6,
207,2022-06,2022-06-11 00:00:00,False,2022-06-17 03:02:40,intratrade_excursion,-1482.3,RR1.00:2-3:228:859,6,27,6,20,-1381.0,27.3,0,0,0,0.0,0.0,0,0.0,0.0,,-1408.3,,0.0,-1482.3,48.4,-1451.6,
208,2022-06,2022-06-11 00:00:00,False,2022-06-17 03:02:40,intratrade_excursion,-1482.3,RR1.00:2-3:228:859,6,27,6,20,-1381.0,27.3,0,0,0,0.0,0.0,0,0.0,0.0,,-1408.3,,0.0,-1482.3,48.4,-1451.6,
209,2022-06,2022-06-11 00:00:00,False,2022-06-17 03:02:40,intratrade_excursion,-1482.3,RR1.00:2-3:228:859,6,27,6,20,-1381.0,27.3,0,0,0,0.0,0.0,0,0.0,0.0,,-1408.3,,0.0,-1482.3,48.4,-1451.6,
210,2022-06,2022-06-11 00:00:00,False,2022-06-17 03:02:40,intratrade_excursion,-1482.3,RR1.00:2-3:228:859,6,27,6,20,-1381.0,27.3,0,0,0,0.0,0.0,0,0.0,0.0,,-1408.3,,0.0,-1482.3,48.4,-1451.6,
211,2022-06,2022-06-11 00:00:00,False,2022-06-17 03:02:40,intratrade_excursion,-1482.3,RR1.00:2-3:228:859,6,27,6,20,-1381.0,27.3,0,0,0,0.0,0.0,0,0.0,0.0,,-1408.3,,0.0,-1482.3,48.4,-1451.6,
212,2022-06,2022-06-11 00:00:00,False,2022-06-17 03:02:40,intratrade_excursion,-1482.3,RR1.00:2-3:228:859,6,27,6,20,-1381.0,27.3,0,0,0,0.0,0.0,0,0.0,0.0,,-1408.3,,0.0,-1482.3,48.4,-1451.6,
213,2022-06,2022-06-11 00:00:00,False,2022-06-17 03:02:40,intratrade_excursion,-1482.3,RR1.00:2-3:228:859,6,27,6,20,-1381.0,27.3,0,0,0,0.0,0.0,0,0.0,0.0,,-1408.3,,0.0,-1482.3,48.4,-1451.6,
214,2022-06,2022-06-11 00:00:00,False,2022-06-17 03:02:40,intratrade_excursion,-1482.3,RR1.00:2-3:228:859,6,27,6,20,-1381.0,27.3,0,0,0,0.0,0.0,0,0.0,0.0,,-1408.3,,0.0,-1482.3,48.4,-1451.6,
215,2022-06,2022-06-18 00:00:00,False,2022-06-30 12:11:40,intratrade_excursion,-682.0,RR1.00:10-11:213:823,12,61,21,39,-530.5,63.0,0,0,0,0.0,0.0,0,0.0,0.0,,-593.5,,828.75,-682.0,885.75,-614.25,
216,2022-06,2022-06-18 00:00:00,False,2022-06-30 12:11:40,intratrade_excursion,-682.0,RR1.00:10-11:213:823,12,61,21,39,-530.5,63.0,0,0,0,0.0,0.0,0,0.0,0.0,,-593.5,,828.75,-682.0,885.75,-614.25,
217,2022-06,2022-06-18 00:00:00,False,2022-06-30 12:11:40,intratrade_excursion,-682.0,RR1.00:10-11:213:823,12,61,21,39,-530.5,63.0,0,0,0,0.0,0.0,0,0.0,0.0,,-593.5,,828.75,-682.0,885.75,-614.25,
218,2022-06,2022-06-18 00:00:00,False,2022-06-30 12:11:40,intratrade_excursion,-682.0,RR1.00:10-11:213:823,12,61,21,39,-530.5,63.0,0,0,0,0.0,0.0,0,0.0,0.0,,-593.5,,828.75,-682.0,885.75,-614.25,
219,2022-06,2022-06-18 00:00:00,False,2022-06-30 12:11:40,intratrade_excursion,-682.0,RR1.00:10-11:213:823,12,61,21,39,-530.5,63.0,0,0,0,0.0,0.0,0,0.0,0.0,,-593.5,,828.75,-682.0,885.75,-614.25,
220,2022-06,2022-06-18 00:00:00,False,2022-06-30 12:11:40,intratrade_excursion,-682.0,RR1.00:10-11:213:823,12,61,21,39,-530.5,63.0,0,0,0,0.0,0.0,0,0.0,0.0,,-593.5,,828.75,-682.0,885.75,-614.25,
221,2022-06,2022-06-18 00:00:00,False,2022-06-30 12:11:40,intratrade_excursion,-682.0,RR1.00:10-11:213:823,12,61,21,39,-530.5,63.0,0,0,0,0.0,0.0,0,0.0,0.0,,-593.5,,828.75,-682.0,885.75,-614.25,
222,2022-06,2022-06-18 00:00:00,False,2022-06-30 12:11:40,intratrade_excursion,-682.0,RR1.00:10-11:213:823,12,61,21,39,-530.5,63.0,0,0,0,0.0,0.0,0,0.0,0.0,,-593.5,,828.75,-682.0,885.75,-614.25,
223,2022-06,2022-06-18 00:00:00,False,2022-06-30 12:11:40,intratrade_excursion,-682.0,RR1.00:10-11:213:823,12,61,21,39,-530.5,63.0,0,0,0,0.0,0.0,0,0.0,0.0,,-593.5,,828.75,-682.0,885.75,-614.25,
224,2022-06,2022-06-18 00:00:00,False,2022-06-30 12:11:40,intratrade_excursion,-682.0,RR1.00:10-11:213:823,12,61,21,39,-530.5,63.0,0,0,0,0.0,0.0,0,0.0,0.0,,-593.5,,828.75,-682.0,885.75,-614.25,
225,2022-06,2022-06-18 00:00:00,False,2022-06-30 12:11:40,intratrade_excursion,-682.0,RR1.00:10-11:213:823,12,61,21,39,-530.5,63.0,0,0,0,0.0,0.0,0,0.0,0.0,,-593.5,,828.75,-682.0,885.75,-614.25,
226,2022-06,2022-06-18 00:00:00,False,2022-06-30 12:11:40,intratrade_excursion,-682.0,RR1.00:10-11:213:823,12,61,21,39,-530.5,63.0,0,0,0,0.0,0.0,0,0.0,0.0,,-593.5,,828.75,-682.0,885.75,-614.25,
227,2022-06,2022-06-18 00:00:00,False,2022-06-30 12:11:40,intratrade_excursion,-682.0,RR1.00:10-11:213:823,12,61,21,39,-530.5,63.0,0,0,0,0.0,0.0,0,0.0,0.0,,-593.5,,828.75,-682.0,885.75,-614.25,
228,2022-06,2022-06-18 00:00:00,False,2022-06-30 12:11:40,intratrade_excursion,-682.0,RR1.00:10-11:213:823,12,61,21,39,-530.5,63.0,0,0,0,0.0,0.0,0,0.0,0.0,,-593.5,,828.75,-682.0,885.75,-614.25,
229,2022-06,2022-06-18 00:00:00,False,2022-06-30 12:11:40,intratrade_excursion,-682.0,RR1.00:10-11:213:823,12,61,21,39,-530.5,63.0,0,0,0,0.0,0.0,0,0.0,0.0,,-593.5,,828.75,-682.0,885.75,-614.25,
230,2022-06,2022-06-18 00:00:00,False,2022-06-30 12:11:40,intratrade_excursion,-682.0,RR1.00:10-11:213:823,12,61,21,39,-530.5,63.0,0,0,0,0.0,0.0,0,0.0,0.0,,-593.5,,828.75,-682.0,885.75,-614.25,
231,2022-06,2022-06-18 00:00:00,False,2022-06-30 12:11:40,intratrade_excursion,-682.0,RR1.00:10-11:213:823,12,61,21,39,-530.5,63.0,0,0,0,0.0,0.0,0,0.0,0.0,,-593.5,,828.75,-682.0,885.75,-614.25,
232,2022-06,2022-06-18 00:00:00,False,2022-06-30 12:11:40,intratrade_excursion,-682.0,RR1.00:10-11:213:823,12,61,21,39,-530.5,63.0,0,0,0,0.0,0.0,0,0.0,0.0,,-593.5,,828.75,-682.0,885.75,-614.25,
233,2022-06,2022-06-18 00:00:00,False,2022-06-30 12:11:40,intratrade_excursion,-682.0,RR1.00:10-11:213:823,12,61,21,39,-530.5,63.0,0,0,0,0.0,0.0,0,0.0,0.0,,-593.5,,828.75,-682.0,885.75,-614.25,
234,2022-06,2022-06-18 00:00:00,False,2022-06-30 12:11:40,intratrade_excursion,-682.0,RR1.00:10-11:213:823,12,61,21,39,-530.5,63.0,0,0,0,0.0,0.0,0,0.0,0.0,,-593.5,,828.75,-682.0,885.75,-614.25,
235,2022-07,2022-07-01 00:00:00,False,2022-11-03 21:57:40,intratrade_excursion,2.25,RR1.00:16-17:407:1133,125,662,286,375,5404.0,694.05,3,11,0,4456.7,4456.7,0,0.0,0.0,2022-08-01 00:00:00,253.25,,3485.15,-262.75,3491.7,100.0,
236,2022-07,2022-07-01 00:00:00,False,2022-11-03 21:57:40,intratrade_excursion,2.25,RR1.00:16-17:407:1133,125,662,286,375,5404.0,694.05,3,11,0,4456.7,4456.7,0,0.0,0.0,2022-08-01 00:00:00,253.25,,3485.15,-262.75,3491.7,100.0,
237,2022-07,2022-07-01 00:00:00,False,2022-11-03 21:57:40,intratrade_excursion,2.25,RR1.00:16-17:407:1133,125,662,286,375,5404.0,694.05,3,11,0,4456.7,4456.7,0,0.0,0.0,2022-08-01 00:00:00,253.25,,3485.15,-262.75,3491.7,100.0,
238,2022-07,2022-07-01 00:00:00,False,2022-11-03 21:57:40,intratrade_excursion,2.25,RR1.00:16-17:407:1133,125,662,286,375,5404.0,694.05,3,11,0,4456.7,4456.7,0,0.0,0.0,2022-08-01 00:00:00,253.25,,3485.15,-262.75,3491.7,100.0,
239,2022-07,2022-07-01 00:00:00,False,2022-11-03 21:57:40,intratrade_excursion,2.25,RR1.00:16-17:407:1133,125,662,286,375,5404.0,694.05,3,11,0,4456.7,4456.7,0,0.0,0.0,2022-08-01 00:00:00,253.25,,3485.15,-262.75,3491.7,100.0,
240,2022-07,2022-07-01 00:00:00,False,2022-11-03 21:57:40,intratrade_excursion,2.25,RR1.00:16-17:407:1133,125,662,286,375,5404.0,694.05,3,11,0,4456.7,4456.7,0,0.0,0.0,2022-08-01 00:00:00,253.25,,3485.15,-262.75,3491.7,100.0,
241,2022-07,2022-07-01 00:00:00,False,2022-11-03 21:57:40,intratrade_excursion,2.25,RR1.00:16-17:407:1133,125,662,286,375,5404.0,694.05,3,11,0,4456.7,4456.7,0,0.0,0.0,2022-08-01 00:00:00,253.25,,3485.15,-262.75,3491.7,100.0,
242,2022-07,2022-07-01 00:00:00,False,2022-11-03 21:57:40,intratrade_excursion,2.25,RR1.00:16-17:407:1133,125,662,286,375,5404.0,694.05,3,11,0,4456.7,4456.7,0,0.0,0.0,2022-08-01 00:00:00,253.25,,3485.15,-262.75,3491.7,100.0,
243,2022-07,2022-07-01 00:00:00,False,2022-11-03 21:57:40,intratrade_excursion,2.25,RR1.00:16-17:407:1133,125,662,286,375,5404.0,694.05,3,11,0,4456.7,4456.7,0,0.0,0.0,2022-08-01 00:00:00,253.25,,3485.15,-262.75,3491.7,100.0,
244,2022-07,2022-07-01 00:00:00,False,2022-11-03 21:57:40,intratrade_excursion,2.25,RR1.00:16-17:407:1133,125,662,286,375,5404.0,694.05,3,11,0,4456.7,4456.7,0,0.0,0.0,2022-08-01 00:00:00,253.25,,3485.15,-262.75,3491.7,100.0,
245,2022-07,2022-07-01 00:00:00,False,2022-11-03 21:57:40,intratrade_excursion,2.25,RR1.00:16-17:407:1133,125,662,286,375,5404.0,694.05,3,11,0,4456.7,4456.7,0,0.0,0.0,2022-08-01 00:00:00,253.25,,3485.15,-262.75,3491.7,100.0,
246,2022-07,2022-07-01 00:00:00,False,2022-11-03 21:57:40,intratrade_excursion,2.25,RR1.00:16-17:407:1133,125,662,286,375,5404.0,694.05,3,11,0,4456.7,4456.7,0,0.0,0.0,2022-08-01 00:00:00,253.25,,3485.15,-262.75,3491.7,100.0,
247,2022-07,2022-07-01 00:00:00,False,2022-11-03 21:57:40,intratrade_excursion,2.25,RR1.00:16-17:407:1133,125,662,286,375,5404.0,694.05,3,11,0,4456.7,4456.7,0,0.0,0.0,2022-08-01 00:00:00,253.25,,3485.15,-262.75,3491.7,100.0,
248,2022-07,2022-07-01 00:00:00,False,2022-11-03 21:57:40,intratrade_excursion,2.25,RR1.00:16-17:407:1133,125,662,286,375,5404.0,694.05,3,11,0,4456.7,4456.7,0,0.0,0.0,2022-08-01 00:00:00,253.25,,3485.15,-262.75,3491.7,100.0,
249,2022-07,2022-07-01 00:00:00,False,2022-11-03 21:57:40,intratrade_excursion,2.25,RR1.00:16-17:407:1133,125,662,286,375,5404.0,694.05,3,11,0,4456.7,4456.7,0,0.0,0.0,2022-08-01 00:00:00,253.25,,3485.15,-262.75,3491.7,100.0,
250,2022-07,2022-07-01 00:00:00,False,2022-11-03 21:57:40,intratrade_excursion,2.25,RR1.00:16-17:407:1133,125,662,286,375,5404.0,694.05,3,11,0,4456.7,4456.7,0,0.0,0.0,2022-08-01 00:00:00,253.25,,3485.15,-262.75,3491.7,100.0,
251,2022-07,2022-07-01 00:00:00,False,2022-11-03 21:57:40,intratrade_excursion,2.25,RR1.00:16-17:407:1133,125,662,286,375,5404.0,694.05,3,11,0,4456.7,4456.7,0,0.0,0.0,2022-08-01 00:00:00,253.25,,3485.15,-262.75,3491.7,100.0,
252,2022-07,2022-07-01 00:00:00,False,2022-11-03 21:57:40,intratrade_excursion,2.25,RR1.00:16-17:407:1133,125,662,286,375,5404.0,694.05,3,11,0,4456.7,4456.7,0,0.0,0.0,2022-08-01 00:00:00,253.25,,3485.15,-262.75,3491.7,100.0,
253,2022-07,2022-07-01 00:00:00,False,2022-11-03 21:57:40,intratrade_excursion,2.25,RR1.00:16-17:407:1133,125,662,286,375,5404.0,694.05,3,11,0,4456.7,4456.7,0,0.0,0.0,2022-08-01 00:00:00,253.25,,3485.15,-262.75,3491.7,100.0,
254,2022-07,2022-07-01 00:00:00,False,2022-11-03 21:57:40,intratrade_excursion,2.25,RR1.00:16-17:407:1133,125,662,286,375,5404.0,694.05,3,11,0,4456.7,4456.7,0,0.0,0.0,2022-08-01 00:00:00,253.25,,3485.15,-262.75,3491.7,100.0,
255,2022-11,2022-11-04 00:00:00,False,2023-01-05 10:38:40,intratrade_excursion,-345.75,RR1.00:10-11:263:1005,62,296,127,168,19.0,309.75,0,4,1,0.0,0.0,0,0.0,0.0,,-290.75,,1182.1,-463.5,1196.65,-303.35,
256,2022-11,2022-11-04 00:00:00,False,2023-01-05 10:38:40,intratrade_excursion,-345.75,RR1.00:10-11:263:1005,62,296,127,168,19.0,309.75,0,4,1,0.0,0.0,0,0.0,0.0,,-290.75,,1182.1,-463.5,1196.65,-303.35,
257,2022-11,2022-11-04 00:00:00,False,2023-01-05 10:38:40,intratrade_excursion,-345.75,RR1.00:10-11:263:1005,62,296,127,168,19.0,309.75,0,4,1,0.0,0.0,0,0.0,0.0,,-290.75,,1182.1,-463.5,1196.65,-303.35,
258,2022-11,2022-11-04 00:00:00,False,2023-01-05 10:38:40,intratrade_excursion,-345.75,RR1.00:10-11:263:1005,62,296,127,168,19.0,309.75,0,4,1,0.0,0.0,0,0.0,0.0,,-290.75,,1182.1,-463.5,1196.65,-303.35,
259,2022-11,2022-11-04 00:00:00,False,2023-01-05 10:38:40,intratrade_excursion,-345.75,RR1.00:10-11:263:1005,62,296,127,168,19.0,309.75,0,4,1,0.0,0.0,0,0.0,0.0,,-290.75,,1182.1,-463.5,1196.65,-303.35,
260,2022-11,2022-11-04 00:00:00,False,2023-01-05 10:38:40,intratrade_excursion,-345.75,RR1.00:10-11:263:1005,62,296,127,168,19.0,309.75,0,4,1,0.0,0.0,0,0.0,0.0,,-290.75,,1182.1,-463.5,1196.65,-303.35,
261,2022-11,2022-11-04 00:00:00,False,2023-01-05 10:38:40,intratrade_excursion,-345.75,RR1.00:10-11:263:1005,62,296,127,168,19.0,309.75,0,4,1,0.0,0.0,0,0.0,0.0,,-290.75,,1182.1,-463.5,1196.65,-303.35,
262,2022-11,2022-11-04 00:00:00,False,2023-01-05 10:38:40,intratrade_excursion,-345.75,RR1.00:10-11:263:1005,62,296,127,168,19.0,309.75,0,4,1,0.0,0.0,0,0.0,0.0,,-290.75,,1182.1,-463.5,1196.65,-303.35,
263,2022-11,2022-11-04 00:00:00,False,2023-01-05 10:38:40,intratrade_excursion,-345.75,RR1.00:10-11:263:1005,62,296,127,168,19.0,309.75,0,4,1,0.0,0.0,0,0.0,0.0,,-290.75,,1182.1,-463.5,1196.65,-303.35,
264,2022-11,2022-11-04 00:00:00,False,2023-01-05 10:38:40,intratrade_excursion,-345.75,RR1.00:10-11:263:1005,62,296,127,168,19.0,309.75,0,4,1,0.0,0.0,0,0.0,0.0,,-290.75,,1182.1,-463.5,1196.65,-303.35,
265,2022-11,2022-11-04 00:00:00,False,2023-01-05 10:38:40,intratrade_excursion,-345.75,RR1.00:10-11:263:1005,62,296,127,168,19.0,309.75,0,4,1,0.0,0.0,0,0.0,0.0,,-290.75,,1182.1,-463.5,1196.65,-303.35,
266,2022-11,2022-11-04 00:00:00,False,2023-01-05 10:38:40,intratrade_excursion,-345.75,RR1.00:10-11:263:1005,62,296,127,168,19.0,309.75,0,4,1,0.0,0.0,0,0.0,0.0,,-290.75,,1182.1,-463.5,1196.65,-303.35,
267,2022-11,2022-11-04 00:00:00,False,2023-01-05 10:38:40,intratrade_excursion,-345.75,RR1.00:10-11:263:1005,62,296,127,168,19.0,309.75,0,4,1,0.0,0.0,0,0.0,0.0,,-290.75,,1182.1,-463.5,1196.65,-303.35,
268,2022-11,2022-11-04 00:00:00,False,2023-01-05 10:38:40,intratrade_excursion,-345.75,RR1.00:10-11:263:1005,62,296,127,168,19.0,309.75,0,4,1,0.0,0.0,0,0.0,0.0,,-290.75,,1182.1,-463.5,1196.65,-303.35,
269,2022-11,2022-11-04 00:00:00,False,2023-01-05 10:38:40,intratrade_excursion,-345.75,RR1.00:10-11:263:1005,62,296,127,168,19.0,309.75,0,4,1,0.0,0.0,0,0.0,0.0,,-290.75,,1182.1,-463.5,1196.65,-303.35,
270,2022-11,2022-11-04 00:00:00,False,2023-01-05 10:38:40,intratrade_excursion,-345.75,RR1.00:10-11:263:1005,62,296,127,168,19.0,309.75,0,4,1,0.0,0.0,0,0.0,0.0,,-290.75,,1182.1,-463.5,1196.65,-303.35,
271,2022-11,2022-11-04 00:00:00,False,2023-01-05 10:38:40,intratrade_excursion,-345.75,RR1.00:10-11:263:1005,62,296,127,168,19.0,309.75,0,4,1,0.0,0.0,0,0.0,0.0,,-290.75,,1182.1,-463.5,1196.65,-303.35,
272,2022-11,2022-11-04 00:00:00,False,2023-01-05 10:38:40,intratrade_excursion,-345.75,RR1.00:10-11:263:1005,62,296,127,168,19.0,309.75,0,4,1,0.0,0.0,0,0.0,0.0,,-290.75,,1182.1,-463.5,1196.65,-303.35,
273,2022-11,2022-11-04 00:00:00,False,2023-01-05 10:38:40,intratrade_excursion,-345.75,RR1.00:10-11:263:1005,62,296,127,168,19.0,309.75,0,4,1,0.0,0.0,0,0.0,0.0,,-290.75,,1182.1,-463.5,1196.65,-303.35,
274,2022-11,2022-11-04 00:00:00,False,2023-01-05 10:38:40,intratrade_excursion,-345.75,RR1.00:10-11:263:1005,62,296,127,168,19.0,309.75,0,4,1,0.0,0.0,0,0.0,0.0,,-290.75,,1182.1,-463.5,1196.65,-303.35,
275,2023-01,2023-01-06 00:00:00,False,2023-05-05 11:24:40,intratrade_excursion,96.2,RR1.00:11-12:241:1079,119,620,270,349,4643.0,649.95,3,10,0,3861.35,3861.35,0,0.0,0.0,2023-03-27 00:00:00,131.7,,3827.55,-0.5,3917.05,100.0,
276,2023-01,2023-01-06 00:00:00,False,2023-05-05 11:24:40,intratrade_excursion,96.2,RR1.00:11-12:241:1079,119,620,270,349,4643.0,649.95,3,10,0,3861.35,3861.35,0,0.0,0.0,2023-03-27 00:00:00,131.7,,3827.55,-0.5,3917.05,100.0,
277,2023-01,2023-01-06 00:00:00,False,2023-05-05 11:24:40,intratrade_excursion,96.2,RR1.00:11-12:241:1079,119,620,270,349,4643.0,649.95,3,10,0,3861.35,3861.35,0,0.0,0.0,2023-03-27 00:00:00,131.7,,3827.55,-0.5,3917.05,100.0,
278,2023-01,2023-01-06 00:00:00,False,2023-05-05 11:24:40,intratrade_excursion,96.2,RR1.00:11-12:241:1079,119,620,270,349,4643.0,649.95,3,10,0,3861.35,3861.35,0,0.0,0.0,2023-03-27 00:00:00,131.7,,3827.55,-0.5,3917.05,100.0,
279,2023-01,2023-01-06 00:00:00,False,2023-05-05 11:24:40,intratrade_excursion,96.2,RR1.00:11-12:241:1079,119,620,270,349,4643.0,649.95,3,10,0,3861.35,3861.35,0,0.0,0.0,2023-03-27 00:00:00,131.7,,3827.55,-0.5,3917.05,100.0,
280,2023-01,2023-01-06 00:00:00,False,2023-05-05 11:24:40,intratrade_excursion,96.2,RR1.00:11-12:241:1079,119,620,270,349,4643.0,649.95,3,10,0,3861.35,3861.35,0,0.0,0.0,2023-03-27 00:00:00,131.7,,3827.55,-0.5,3917.05,100.0,
281,2023-01,2023-01-06 00:00:00,False,2023-05-05 11:24:40,intratrade_excursion,96.2,RR1.00:11-12:241:1079,119,620,270,349,4643.0,649.95,3,10,0,3861.35,3861.35,0,0.0,0.0,2023-03-27 00:00:00,131.7,,3827.55,-0.5,3917.05,100.0,
282,2023-01,2023-01-06 00:00:00,False,2023-05-05 11:24:40,intratrade_excursion,96.2,RR1.00:11-12:241:1079,119,620,270,349,4643.0,649.95,3,10,0,3861.35,3861.35,0,0.0,0.0,2023-03-27 00:00:00,131.7,,3827.55,-0.5,3917.05,100.0,
283,2023-01,2023-01-06 00:00:00,False,2023-05-05 11:24:40,intratrade_excursion,96.2,RR1.00:11-12:241:1079,119,620,270,349,4643.0,649.95,3,10,0,3861.35,3861.35,0,0.0,0.0,2023-03-27 00:00:00,131.7,,3827.55,-0.5,3917.05,100.0,
284,2023-01,2023-01-06 00:00:00,False,2023-05-05 11:24:40,intratrade_excursion,96.2,RR1.00:11-12:241:1079,119,620,270,349,4643.0,649.95,3,10,0,3861.35,3861.35,0,0.0,0.0,2023-03-27 00:00:00,131.7,,3827.55,-0.5,3917.05,100.0,
285,2023-01,2023-01-06 00:00:00,False,2023-05-05 11:24:40,intratrade_excursion,96.2,RR1.00:11-12:241:1079,119,620,270,349,4643.0,649.95,3,10,0,3861.35,3861.35,0,0.0,0.0,2023-03-27 00:00:00,131.7,,3827.55,-0.5,3917.05,100.0,
286,2023-01,2023-01-06 00:00:00,False,2023-05-05 11:24:40,intratrade_excursion,96.2,RR1.00:11-12:241:1079,119,620,270,349,4643.0,649.95,3,10,0,3861.35,3861.35,0,0.0,0.0,2023-03-27 00:00:00,131.7,,3827.55,-0.5,3917.05,100.0,
287,2023-01,2023-01-06 00:00:00,False,2023-05-05 11:24:40,intratrade_excursion,96.2,RR1.00:11-12:241:1079,119,620,270,349,4643.0,649.95,3,10,0,3861.35,3861.35,0,0.0,0.0,2023-03-27 00:00:00,131.7,,3827.55,-0.5,3917.05,100.0,
288,2023-01,2023-01-06 00:00:00,False,2023-05-05 11:24:40,intratrade_excursion,96.2,RR1.00:11-12:241:1079,119,620,270,349,4643.0,649.95,3,10,0,3861.35,3861.35,0,0.0,0.0,2023-03-27 00:00:00,131.7,,3827.55,-0.5,3917.05,100.0,
289,2023-01,2023-01-06 00:00:00,False,2023-05-05 11:24:40,intratrade_excursion,96.2,RR1.00:11-12:241:1079,119,620,270,349,4643.0,649.95,3,10,0,3861.35,3861.35,0,0.0,0.0,2023-03-27 00:00:00,131.7,,3827.55,-0.5,3917.05,100.0,
290,2023-01,2023-01-06 00:00:00,False,2023-05-05 11:24:40,intratrade_excursion,96.2,RR1.00:11-12:241:1079,119,620,270,349,4643.0,649.95,3,10,0,3861.35,3861.35,0,0.0,0.0,2023-03-27 00:00:00,131.7,,3827.55,-0.5,3917.05,100.0,
291,2023-01,2023-01-06 00:00:00,False,2023-05-05 11:24:40,intratrade_excursion,96.2,RR1.00:11-12:241:1079,119,620,270,349,4643.0,649.95,3,10,0,3861.35,3861.35,0,0.0,0.0,2023-03-27 00:00:00,131.7,,3827.55,-0.5,3917.05,100.0,
292,2023-01,2023-01-06 00:00:00,False,2023-05-05 11:24:40,intratrade_excursion,96.2,RR1.00:11-12:241:1079,119,620,270,349,4643.0,649.95,3,10,0,3861.35,3861.35,0,0.0,0.0,2023-03-27 00:00:00,131.7,,3827.55,-0.5,3917.05,100.0,
293,2023-01,2023-01-06 00:00:00,False,2023-05-05 11:24:40,intratrade_excursion,96.2,RR1.00:11-12:241:1079,119,620,270,349,4643.0,649.95,3,10,0,3861.35,3861.35,0,0.0,0.0,2023-03-27 00:00:00,131.7,,3827.55,-0.5,3917.05,100.0,
294,2023-01,2023-01-06 00:00:00,False,2023-05-05 11:24:40,intratrade_excursion,96.2,RR1.00:11-12:241:1079,119,620,270,349,4643.0,649.95,3,10,0,3861.35,3861.35,0,0.0,0.0,2023-03-27 00:00:00,131.7,,3827.55,-0.5,3917.05,100.0,
295,2023-05,2023-05-06 00:00:00,False,2023-09-27 20:17:40,intratrade_excursion,22.05,RR1.00:19-20:287:1182,144,801,324,476,1875.0,840.0,1,13,3,931.45,931.45,0,0.0,0.0,2023-09-04 00:00:00,103.55,,2031.45,-1008.75,2061.55,100.0,
296,2023-05,2023-05-06 00:00:00,False,2023-09-27 20:17:40,intratrade_excursion,22.05,RR1.00:19-20:287:1182,144,801,324,476,1875.0,840.0,1,13,3,931.45,931.45,0,0.0,0.0,2023-09-04 00:00:00,103.55,,2031.45,-1008.75,2061.55,100.0,
297,2023-05,2023-05-06 00:00:00,False,2023-09-27 20:17:40,intratrade_excursion,22.05,RR1.00:19-20:287:1182,144,801,324,476,1875.0,840.0,1,13,3,931.45,931.45,0,0.0,0.0,2023-09-04 00:00:00,103.55,,2031.45,-1008.75,2061.55,100.0,
298,2023-05,2023-05-06 00:00:00,False,2023-09-27 20:17:40,intratrade_excursion,22.05,RR1.00:19-20:287:1182,144,801,324,476,1875.0,840.0,1,13,3,931.45,931.45,0,0.0,0.0,2023-09-04 00:00:00,103.55,,2031.45,-1008.75,2061.55,100.0,
299,2023-05,2023-05-06 00:00:00,False,2023-09-27 20:17:40,intratrade_excursion,22.05,RR1.00:19-20:287:1182,144,801,324,476,1875.0,840.0,1,13,3,931.45,931.45,0,0.0,0.0,2023-09-04 00:00:00,103.55,,2031.45,-1008.75,2061.55,100.0,
300,2023-05,2023-05-06 00:00:00,False,2023-09-27 20:17:40,intratrade_excursion,22.05,RR1.00:19-20:287:1182,144,801,324,476,1875.0,840.0,1,13,3,931.45,931.45,0,0.0,0.0,2023-09-04 00:00:00,103.55,,2031.45,-1008.75,2061.55,100.0,
301,2023-05,2023-05-06 00:00:00,False,2023-09-27 20:17:40,intratrade_excursion,22.05,RR1.00:19-20:287:1182,144,801,324,476,1875.0,840.0,1,13,3,931.45,931.45,0,0.0,0.0,2023-09-04 00:00:00,103.55,,2031.45,-1008.75,2061.55,100.0,
302,2023-05,2023-05-06 00:00:00,False,2023-09-27 20:17:40,intratrade_excursion,22.05,RR1.00:19-20:287:1182,144,801,324,476,1875.0,840.0,1,13,3,931.45,931.45,0,0.0,0.0,2023-09-04 00:00:00,103.55,,2031.45,-1008.75,2061.55,100.0,
303,2023-05,2023-05-06 00:00:00,False,2023-09-27 20:17:40,intratrade_excursion,22.05,RR1.00:19-20:287:1182,144,801,324,476,1875.0,840.0,1,13,3,931.45,931.45,0,0.0,0.0,2023-09-04 00:00:00,103.55,,2031.45,-1008.75,2061.55,100.0,
304,2023-05,2023-05-06 00:00:00,False,2023-09-27 20:17:40,intratrade_excursion,22.05,RR1.00:19-20:287:1182,144,801,324,476,1875.0,840.0,1,13,3,931.45,931.45,0,0.0,0.0,2023-09-04 00:00:00,103.55,,2031.45,-1008.75,2061.55,100.0,
305,2023-05,2023-05-06 00:00:00,False,2023-09-27 20:17:40,intratrade_excursion,22.05,RR1.00:19-20:287:1182,144,801,324,476,1875.0,840.0,1,13,3,931.45,931.45,0,0.0,0.0,2023-09-04 00:00:00,103.55,,2031.45,-1008.75,2061.55,100.0,
306,2023-05,2023-05-06 00:00:00,False,2023-09-27 20:17:40,intratrade_excursion,22.05,RR1.00:19-20:287:1182,144,801,324,476,1875.0,840.0,1,13,3,931.45,931.45,0,0.0,0.0,2023-09-04 00:00:00,103.55,,2031.45,-1008.75,2061.55,100.0,
307,2023-05,2023-05-06 00:00:00,False,2023-09-27 20:17:40,intratrade_excursion,22.05,RR1.00:19-20:287:1182,144,801,324,476,1875.0,840.0,1,13,3,931.45,931.45,0,0.0,0.0,2023-09-04 00:00:00,103.55,,2031.45,-1008.75,2061.55,100.0,
308,2023-05,2023-05-06 00:00:00,False,2023-09-27 20:17:40,intratrade_excursion,22.05,RR1.00:19-20:287:1182,144,801,324,476,1875.0,840.0,1,13,3,931.45,931.45,0,0.0,0.0,2023-09-04 00:00:00,103.55,,2031.45,-1008.75,2061.55,100.0,
309,2023-05,2023-05-06 00:00:00,False,2023-09-27 20:17:40,intratrade_excursion,22.05,RR1.00:19-20:287:1182,144,801,324,476,1875.0,840.0,1,13,3,931.45,931.45,0,0.0,0.0,2023-09-04 00:00:00,103.55,,2031.45,-1008.75,2061.55,100.0,
310,2023-05,2023-05-06 00:00:00,False,2023-09-27 20:17:40,intratrade_excursion,22.05,RR1.00:19-20:287:1182,144,801,324,476,1875.0,840.0,1,13,3,931.45,931.45,0,0.0,0.0,2023-09-04 00:00:00,103.55,,2031.45,-1008.75,2061.55,100.0,
311,2023-05,2023-05-06 00:00:00,False,2023-09-27 20:17:40,intratrade_excursion,22.05,RR1.00:19-20:287:1182,144,801,324,476,1875.0,840.0,1,13,3,931.45,931.45,0,0.0,0.0,2023-09-04 00:00:00,103.55,,2031.45,-1008.75,2061.55,100.0,
312,2023-05,2023-05-06 00:00:00,False,2023-09-27 20:17:40,intratrade_excursion,22.05,RR1.00:19-20:287:1182,144,801,324,476,1875.0,840.0,1,13,3,931.45,931.45,0,0.0,0.0,2023-09-04 00:00:00,103.55,,2031.45,-1008.75,2061.55,100.0,
313,2023-05,2023-05-06 00:00:00,False,2023-09-27 20:17:40,intratrade_excursion,22.05,RR1.00:19-20:287:1182,144,801,324,476,1875.0,840.0,1,13,3,931.45,931.45,0,0.0,0.0,2023-09-04 00:00:00,103.55,,2031.45,-1008.75,2061.55,100.0,
314,2023-05,2023-05-06 00:00:00,False,2023-09-27 20:17:40,intratrade_excursion,22.05,RR1.00:19-20:287:1182,144,801,324,476,1875.0,840.0,1,13,3,931.45,931.45,0,0.0,0.0,2023-09-04 00:00:00,103.55,,2031.45,-1008.75,2061.55,100.0,
315,2023-09,2023-09-28 00:00:00,False,2023-10-25 21:50:20,intratrade_excursion,-1259.45,RR1.00:21-22:338:1218,27,150,45,104,-994.5,156.45,0,0,4,0.0,0.0,0,0.0,0.0,,-1150.95,,324.4,-1259.45,332.95,-1167.05,
316,2023-09,2023-09-28 00:00:00,False,2023-10-25 21:50:20,intratrade_excursion,-1259.45,RR1.00:21-22:338:1218,27,150,45,104,-994.5,156.45,0,0,4,0.0,0.0,0,0.0,0.0,,-1150.95,,324.4,-1259.45,332.95,-1167.05,
317,2023-09,2023-09-28 00:00:00,False,2023-10-25 21:50:20,intratrade_excursion,-1259.45,RR1.00:21-22:338:1218,27,150,45,104,-994.5,156.45,0,0,4,0.0,0.0,0,0.0,0.0,,-1150.95,,324.4,-1259.45,332.95,-1167.05,
318,2023-09,2023-09-28 00:00:00,False,2023-10-25 21:50:20,intratrade_excursion,-1259.45,RR1.00:21-22:338:1218,27,150,45,104,-994.5,156.45,0,0,4,0.0,0.0,0,0.0,0.0,,-1150.95,,324.4,-1259.45,332.95,-1167.05,
319,2023-09,2023-09-28 00:00:00,False,2023-10-25 21:50:20,intratrade_excursion,-1259.45,RR1.00:21-22:338:1218,27,150,45,104,-994.5,156.45,0,0,4,0.0,0.0,0,0.0,0.0,,-1150.95,,324.4,-1259.45,332.95,-1167.05,
320,2023-09,2023-09-28 00:00:00,False,2023-10-25 21:50:20,intratrade_excursion,-1259.45,RR1.00:21-22:338:1218,27,150,45,104,-994.5,156.45,0,0,4,0.0,0.0,0,0.0,0.0,,-1150.95,,324.4,-1259.45,332.95,-1167.05,
321,2023-09,2023-09-28 00:00:00,False,2023-10-25 21:50:20,intratrade_excursion,-1259.45,RR1.00:21-22:338:1218,27,150,45,104,-994.5,156.45,0,0,4,0.0,0.0,0,0.0,0.0,,-1150.95,,324.4,-1259.45,332.95,-1167.05,
322,2023-09,2023-09-28 00:00:00,False,2023-10-25 21:50:20,intratrade_excursion,-1259.45,RR1.00:21-22:338:1218,27,150,45,104,-994.5,156.45,0,0,4,0.0,0.0,0,0.0,0.0,,-1150.95,,324.4,-1259.45,332.95,-1167.05,
323,2023-09,2023-09-28 00:00:00,False,2023-10-25 21:50:20,intratrade_excursion,-1259.45,RR1.00:21-22:338:1218,27,150,45,104,-994.5,156.45,0,0,4,0.0,0.0,0,0.0,0.0,,-1150.95,,324.4,-1259.45,332.95,-1167.05,
324,2023-09,2023-09-28 00:00:00,False,2023-10-25 21:50:20,intratrade_excursion,-1259.45,RR1.00:21-22:338:1218,27,150,45,104,-994.5,156.45,0,0,4,0.0,0.0,0,0.0,0.0,,-1150.95,,324.4,-1259.45,332.95,-1167.05,
325,2023-09,2023-09-28 00:00:00,False,2023-10-25 21:50:20,intratrade_excursion,-1259.45,RR1.00:21-22:338:1218,27,150,45,104,-994.5,156.45,0,0,4,0.0,0.0,0,0.0,0.0,,-1150.95,,324.4,-1259.45,332.95,-1167.05,
326,2023-09,2023-09-28 00:00:00,False,2023-10-25 21:50:20,intratrade_excursion,-1259.45,RR1.00:21-22:338:1218,27,150,45,104,-994.5,156.45,0,0,4,0.0,0.0,0,0.0,0.0,,-1150.95,,324.4,-1259.45,332.95,-1167.05,
327,2023-09,2023-09-28 00:00:00,False,2023-10-25 21:50:20,intratrade_excursion,-1259.45,RR1.00:21-22:338:1218,27,150,45,104,-994.5,156.45,0,0,4,0.0,0.0,0,0.0,0.0,,-1150.95,,324.4,-1259.45,332.95,-1167.05,
328,2023-09,2023-09-28 00:00:00,False,2023-10-25 21:50:20,intratrade_excursion,-1259.45,RR1.00:21-22:338:1218,27,150,45,104,-994.5,156.45,0,0,4,0.0,0.0,0,0.0,0.0,,-1150.95,,324.4,-1259.45,332.95,-1167.05,
329,2023-09,2023-09-28 00:00:00,False,2023-10-25 21:50:20,intratrade_excursion,-1259.45,RR1.00:21-22:338:1218,27,150,45,104,-994.5,156.45,0,0,4,0.0,0.0,0,0.0,0.0,,-1150.95,,324.4,-1259.45,332.95,-1167.05,
330,2023-09,2023-09-28 00:00:00,False,2023-10-25 21:50:20,intratrade_excursion,-1259.45,RR1.00:21-22:338:1218,27,150,45,104,-994.5,156.45,0,0,4,0.0,0.0,0,0.0,0.0,,-1150.95,,324.4,-1259.45,332.95,-1167.05,
331,2023-09,2023-09-28 00:00:00,False,2023-10-25 21:50:20,intratrade_excursion,-1259.45,RR1.00:21-22:338:1218,27,150,45,104,-994.5,156.45,0,0,4,0.0,0.0,0,0.0,0.0,,-1150.95,,324.4,-1259.45,332.95,-1167.05,
332,2023-09,2023-09-28 00:00:00,False,2023-10-25 21:50:20,intratrade_excursion,-1259.45,RR1.00:21-22:338:1218,27,150,45,104,-994.5,156.45,0,0,4,0.0,0.0,0,0.0,0.0,,-1150.95,,324.4,-1259.45,332.95,-1167.05,
333,2023-09,2023-09-28 00:00:00,False,2023-10-25 21:50:20,intratrade_excursion,-1259.45,RR1.00:21-22:338:1218,27,150,45,104,-994.5,156.45,0,0,4,0.0,0.0,0,0.0,0.0,,-1150.95,,324.4,-1259.45,332.95,-1167.05,
334,2023-09,2023-09-28 00:00:00,False,2023-10-25 21:50:20,intratrade_excursion,-1259.45,RR1.00:21-22:338:1218,27,150,45,104,-994.5,156.45,0,0,4,0.0,0.0,0,0.0,0.0,,-1150.95,,324.4,-1259.45,332.95,-1167.05,
335,2023-10,2023-10-26 00:00:00,False,2024-04-12 22:00:40,intratrade_excursion,3.55,RR1.00:20-21:341:1291,169,887,395,491,6012.0,930.3,4,17,2,4952.15,4952.15,0,0.0,0.0,2024-01-15 00:00:00,129.55,,2538.4,-483.35,2564.95,100.0,
336,2023-10,2023-10-26 00:00:00,False,2024-04-12 22:00:40,intratrade_excursion,3.55,RR1.00:20-21:341:1291,169,887,395,491,6012.0,930.3,4,17,2,4952.15,4952.15,0,0.0,0.0,2024-01-15 00:00:00,129.55,,2538.4,-483.35,2564.95,100.0,
337,2023-10,2023-10-26 00:00:00,False,2024-04-12 22:00:40,intratrade_excursion,3.55,RR1.00:20-21:341:1291,169,887,395,491,6012.0,930.3,4,17,2,4952.15,4952.15,0,0.0,0.0,2024-01-15 00:00:00,129.55,,2538.4,-483.35,2564.95,100.0,
338,2023-10,2023-10-26 00:00:00,False,2024-04-12 22:00:40,intratrade_excursion,3.55,RR1.00:20-21:341:1291,169,887,395,491,6012.0,930.3,4,17,2,4952.15,4952.15,0,0.0,0.0,2024-01-15 00:00:00,129.55,,2538.4,-483.35,2564.95,100.0,
339,2023-10,2023-10-26 00:00:00,False,2024-04-12 22:00:40,intratrade_excursion,3.55,RR1.00:20-21:341:1291,169,887,395,491,6012.0,930.3,4,17,2,4952.15,4952.15,0,0.0,0.0,2024-01-15 00:00:00,129.55,,2538.4,-483.35,2564.95,100.0,
340,2023-10,2023-10-26 00:00:00,False,2024-04-12 22:00:40,intratrade_excursion,3.55,RR1.00:20-21:341:1291,169,887,395,491,6012.0,930.3,4,17,2,4952.15,4952.15,0,0.0,0.0,2024-01-15 00:00:00,129.55,,2538.4,-483.35,2564.95,100.0,
341,2023-10,2023-10-26 00:00:00,False,2024-04-12 22:00:40,intratrade_excursion,3.55,RR1.00:20-21:341:1291,169,887,395,491,6012.0,930.3,4,17,2,4952.15,4952.15,0,0.0,0.0,2024-01-15 00:00:00,129.55,,2538.4,-483.35,2564.95,100.0,
342,2023-10,2023-10-26 00:00:00,False,2024-04-12 22:00:40,intratrade_excursion,3.55,RR1.00:20-21:341:1291,169,887,395,491,6012.0,930.3,4,17,2,4952.15,4952.15,0,0.0,0.0,2024-01-15 00:00:00,129.55,,2538.4,-483.35,2564.95,100.0,
343,2023-10,2023-10-26 00:00:00,False,2024-04-12 22:00:40,intratrade_excursion,3.55,RR1.00:20-21:341:1291,169,887,395,491,6012.0,930.3,4,17,2,4952.15,4952.15,0,0.0,0.0,2024-01-15 00:00:00,129.55,,2538.4,-483.35,2564.95,100.0,
344,2023-10,2023-10-26 00:00:00,False,2024-04-12 22:00:40,intratrade_excursion,3.55,RR1.00:20-21:341:1291,169,887,395,491,6012.0,930.3,4,17,2,4952.15,4952.15,0,0.0,0.0,2024-01-15 00:00:00,129.55,,2538.4,-483.35,2564.95,100.0,
345,2023-10,2023-10-26 00:00:00,False,2024-04-12 22:00:40,intratrade_excursion,3.55,RR1.00:20-21:341:1291,169,887,395,491,6012.0,930.3,4,17,2,4952.15,4952.15,0,0.0,0.0,2024-01-15 00:00:00,129.55,,2538.4,-483.35,2564.95,100.0,
346,2023-10,2023-10-26 00:00:00,False,2024-04-12 22:00:40,intratrade_excursion,3.55,RR1.00:20-21:341:1291,169,887,395,491,6012.0,930.3,4,17,2,4952.15,4952.15,0,0.0,0.0,2024-01-15 00:00:00,129.55,,2538.4,-483.35,2564.95,100.0,
347,2023-10,2023-10-26 00:00:00,False,2024-04-12 22:00:40,intratrade_excursion,3.55,RR1.00:20-21:341:1291,169,887,395,491,6012.0,930.3,4,17,2,4952.15,4952.15,0,0.0,0.0,2024-01-15 00:00:00,129.55,,2538.4,-483.35,2564.95,100.0,
348,2023-10,2023-10-26 00:00:00,False,2024-04-12 22:00:40,intratrade_excursion,3.55,RR1.00:20-21:341:1291,169,887,395,491,6012.0,930.3,4,17,2,4952.15,4952.15,0,0.0,0.0,2024-01-15 00:00:00,129.55,,2538.4,-483.35,2564.95,100.0,
349,2023-10,2023-10-26 00:00:00,False,2024-04-12 22:00:40,intratrade_excursion,3.55,RR1.00:20-21:341:1291,169,887,395,491,6012.0,930.3,4,17,2,4952.15,4952.15,0,0.0,0.0,2024-01-15 00:00:00,129.55,,2538.4,-483.35,2564.95,100.0,
350,2023-10,2023-10-26 00:00:00,False,2024-04-12 22:00:40,intratrade_excursion,3.55,RR1.00:20-21:341:1291,169,887,395,491,6012.0,930.3,4,17,2,4952.15,4952.15,0,0.0,0.0,2024-01-15 00:00:00,129.55,,2538.4,-483.35,2564.95,100.0,
351,2023-10,2023-10-26 00:00:00,False,2024-04-12 22:00:40,intratrade_excursion,3.55,RR1.00:20-21:341:1291,169,887,395,491,6012.0,930.3,4,17,2,4952.15,4952.15,0,0.0,0.0,2024-01-15 00:00:00,129.55,,2538.4,-483.35,2564.95,100.0,
352,2023-10,2023-10-26 00:00:00,False,2024-04-12 22:00:40,intratrade_excursion,3.55,RR1.00:20-21:341:1291,169,887,395,491,6012.0,930.3,4,17,2,4952.15,4952.15,0,0.0,0.0,2024-01-15 00:00:00,129.55,,2538.4,-483.35,2564.95,100.0,
353,2023-10,2023-10-26 00:00:00,False,2024-04-12 22:00:40,intratrade_excursion,3.55,RR1.00:20-21:341:1291,169,887,395,491,6012.0,930.3,4,17,2,4952.15,4952.15,0,0.0,0.0,2024-01-15 00:00:00,129.55,,2538.4,-483.35,2564.95,100.0,
354,2023-10,2023-10-26 00:00:00,False,2024-04-12 22:00:40,intratrade_excursion,3.55,RR1.00:20-21:341:1291,169,887,395,491,6012.0,930.3,4,17,2,4952.15,4952.15,0,0.0,0.0,2024-01-15 00:00:00,129.55,,2538.4,-483.35,2564.95,100.0,
355,2024-04,2024-04-13 00:00:00,False,2024-07-24 22:54:40,intratrade_excursion,24.0,RR1.00:22-23:383:1429,102,561,247,313,3248.5,588.0,3,8,1,2548.0,2548.0,0,0.0,0.0,2024-06-10 00:00:00,112.5,,2140.5,-1151.15,2159.7,100.0,
356,2024-04,2024-04-13 00:00:00,False,2024-07-24 22:54:40,intratrade_excursion,24.0,RR1.00:22-23:383:1429,102,561,247,313,3248.5,588.0,3,8,1,2548.0,2548.0,0,0.0,0.0,2024-06-10 00:00:00,112.5,,2140.5,-1151.15,2159.7,100.0,
357,2024-04,2024-04-13 00:00:00,False,2024-07-24 22:54:40,intratrade_excursion,24.0,RR1.00:22-23:383:1429,102,561,247,313,3248.5,588.0,3,8,1,2548.0,2548.0,0,0.0,0.0,2024-06-10 00:00:00,112.5,,2140.5,-1151.15,2159.7,100.0,
358,2024-04,2024-04-13 00:00:00,False,2024-07-24 22:54:40,intratrade_excursion,24.0,RR1.00:22-23:383:1429,102,561,247,313,3248.5,588.0,3,8,1,2548.0,2548.0,0,0.0,0.0,2024-06-10 00:00:00,112.5,,2140.5,-1151.15,2159.7,100.0,
359,2024-04,2024-04-13 00:00:00,False,2024-07-24 22:54:40,intratrade_excursion,24.0,RR1.00:22-23:383:1429,102,561,247,313,3248.5,588.0,3,8,1,2548.0,2548.0,0,0.0,0.0,2024-06-10 00:00:00,112.5,,2140.5,-1151.15,2159.7,100.0,
360,2024-04,2024-04-13 00:00:00,False,2024-07-24 22:54:40,intratrade_excursion,24.0,RR1.00:22-23:383:1429,102,561,247,313,3248.5,588.0,3,8,1,2548.0,2548.0,0,0.0,0.0,2024-06-10 00:00:00,112.5,,2140.5,-1151.15,2159.7,100.0,
361,2024-04,2024-04-13 00:00:00,False,2024-07-24 22:54:40,intratrade_excursion,24.0,RR1.00:22-23:383:1429,102,561,247,313,3248.5,588.0,3,8,1,2548.0,2548.0,0,0.0,0.0,2024-06-10 00:00:00,112.5,,2140.5,-1151.15,2159.7,100.0,
362,2024-04,2024-04-13 00:00:00,False,2024-07-24 22:54:40,intratrade_excursion,24.0,RR1.00:22-23:383:1429,102,561,247,313,3248.5,588.0,3,8,1,2548.0,2548.0,0,0.0,0.0,2024-06-10 00:00:00,112.5,,2140.5,-1151.15,2159.7,100.0,
363,2024-04,2024-04-13 00:00:00,False,2024-07-24 22:54:40,intratrade_excursion,24.0,RR1.00:22-23:383:1429,102,561,247,313,3248.5,588.0,3,8,1,2548.0,2548.0,0,0.0,0.0,2024-06-10 00:00:00,112.5,,2140.5,-1151.15,2159.7,100.0,
364,2024-04,2024-04-13 00:00:00,False,2024-07-24 22:54:40,intratrade_excursion,24.0,RR1.00:22-23:383:1429,102,561,247,313,3248.5,588.0,3,8,1,2548.0,2548.0,0,0.0,0.0,2024-06-10 00:00:00,112.5,,2140.5,-1151.15,2159.7,100.0,
365,2024-04,2024-04-13 00:00:00,False,2024-07-24 22:54:40,intratrade_excursion,24.0,RR1.00:22-23:383:1429,102,561,247,313,3248.5,588.0,3,8,1,2548.0,2548.0,0,0.0,0.0,2024-06-10 00:00:00,112.5,,2140.5,-1151.15,2159.7,100.0,
366,2024-04,2024-04-13 00:00:00,False,2024-07-24 22:54:40,intratrade_excursion,24.0,RR1.00:22-23:383:1429,102,561,247,313,3248.5,588.0,3,8,1,2548.0,2548.0,0,0.0,0.0,2024-06-10 00:00:00,112.5,,2140.5,-1151.15,2159.7,100.0,
367,2024-04,2024-04-13 00:00:00,False,2024-07-24 22:54:40,intratrade_excursion,24.0,RR1.00:22-23:383:1429,102,561,247,313,3248.5,588.0,3,8,1,2548.0,2548.0,0,0.0,0.0,2024-06-10 00:00:00,112.5,,2140.5,-1151.15,2159.7,100.0,
368,2024-04,2024-04-13 00:00:00,False,2024-07-24 22:54:40,intratrade_excursion,24.0,RR1.00:22-23:383:1429,102,561,247,313,3248.5,588.0,3,8,1,2548.0,2548.0,0,0.0,0.0,2024-06-10 00:00:00,112.5,,2140.5,-1151.15,2159.7,100.0,
369,2024-04,2024-04-13 00:00:00,False,2024-07-24 22:54:40,intratrade_excursion,24.0,RR1.00:22-23:383:1429,102,561,247,313,3248.5,588.0,3,8,1,2548.0,2548.0,0,0.0,0.0,2024-06-10 00:00:00,112.5,,2140.5,-1151.15,2159.7,100.0,
370,2024-04,2024-04-13 00:00:00,False,2024-07-24 22:54:40,intratrade_excursion,24.0,RR1.00:22-23:383:1429,102,561,247,313,3248.5,588.0,3,8,1,2548.0,2548.0,0,0.0,0.0,2024-06-10 00:00:00,112.5,,2140.5,-1151.15,2159.7,100.0,
371,2024-04,2024-04-13 00:00:00,False,2024-07-24 22:54:40,intratrade_excursion,24.0,RR1.00:22-23:383:1429,102,561,247,313,3248.5,588.0,3,8,1,2548.0,2548.0,0,0.0,0.0,2024-06-10 00:00:00,112.5,,2140.5,-1151.15,2159.7,100.0,
372,2024-04,2024-04-13 00:00:00,False,2024-07-24 22:54:40,intratrade_excursion,24.0,RR1.00:22-23:383:1429,102,561,247,313,3248.5,588.0,3,8,1,2548.0,2548.0,0,0.0,0.0,2024-06-10 00:00:00,112.5,,2140.5,-1151.15,2159.7,100.0,
373,2024-04,2024-04-13 00:00:00,False,2024-07-24 22:54:40,intratrade_excursion,24.0,RR1.00:22-23:383:1429,102,561,247,313,3248.5,588.0,3,8,1,2548.0,2548.0,0,0.0,0.0,2024-06-10 00:00:00,112.5,,2140.5,-1151.15,2159.7,100.0,
374,2024-04,2024-04-13 00:00:00,False,2024-07-24 22:54:40,intratrade_excursion,24.0,RR1.00:22-23:383:1429,102,561,247,313,3248.5,588.0,3,8,1,2548.0,2548.0,0,0.0,0.0,2024-06-10 00:00:00,112.5,,2140.5,-1151.15,2159.7,100.0,
375,2024-07,2024-07-25 00:00:00,False,2024-08-02 23:30:00,intratrade_excursion,-1477.75,RR1.00:18-19:334:1441,8,56,20,35,-1204.0,57.75,0,0,0,0.0,0.0,0,0.0,0.0,,-1261.75,,0.0,-1477.75,43.0,-1457.0,
376,2024-07,2024-07-25 00:00:00,False,2024-08-02 23:30:00,intratrade_excursion,-1477.75,RR1.00:18-19:334:1441,8,56,20,35,-1204.0,57.75,0,0,0,0.0,0.0,0,0.0,0.0,,-1261.75,,0.0,-1477.75,43.0,-1457.0,
377,2024-07,2024-07-25 00:00:00,False,2024-08-02 23:30:00,intratrade_excursion,-1477.75,RR1.00:18-19:334:1441,8,56,20,35,-1204.0,57.75,0,0,0,0.0,0.0,0,0.0,0.0,,-1261.75,,0.0,-1477.75,43.0,-1457.0,
378,2024-07,2024-07-25 00:00:00,False,2024-08-02 23:30:00,intratrade_excursion,-1477.75,RR1.00:18-19:334:1441,8,56,20,35,-1204.0,57.75,0,0,0,0.0,0.0,0,0.0,0.0,,-1261.75,,0.0,-1477.75,43.0,-1457.0,
379,2024-07,2024-07-25 00:00:00,False,2024-08-02 23:30:00,intratrade_excursion,-1477.75,RR1.00:18-19:334:1441,8,56,20,35,-1204.0,57.75,0,0,0,0.0,0.0,0,0.0,0.0,,-1261.75,,0.0,-1477.75,43.0,-1457.0,
380,2024-07,2024-07-25 00:00:00,False,2024-08-02 23:30:00,intratrade_excursion,-1477.75,RR1.00:18-19:334:1441,8,56,20,35,-1204.0,57.75,0,0,0,0.0,0.0,0,0.0,0.0,,-1261.75,,0.0,-1477.75,43.0,-1457.0,
381,2024-07,2024-07-25 00:00:00,False,2024-08-02 23:30:00,intratrade_excursion,-1477.75,RR1.00:18-19:334:1441,8,56,20,35,-1204.0,57.75,0,0,0,0.0,0.0,0,0.0,0.0,,-1261.75,,0.0,-1477.75,43.0,-1457.0,
382,2024-07,2024-07-25 00:00:00,False,2024-08-02 23:30:00,intratrade_excursion,-1477.75,RR1.00:18-19:334:1441,8,56,20,35,-1204.0,57.75,0,0,0,0.0,0.0,0,0.0,0.0,,-1261.75,,0.0,-1477.75,43.0,-1457.0,
383,2024-07,2024-07-25 00:00:00,False,2024-08-02 23:30:00,intratrade_excursion,-1477.75,RR1.00:18-19:334:1441,8,56,20,35,-1204.0,57.75,0,0,0,0.0,0.0,0,0.0,0.0,,-1261.75,,0.0,-1477.75,43.0,-1457.0,
384,2024-07,2024-07-25 00:00:00,False,2024-08-02 23:30:00,intratrade_excursion,-1477.75,RR1.00:18-19:334:1441,8,56,20,35,-1204.0,57.75,0,0,0,0.0,0.0,0,0.0,0.0,,-1261.75,,0.0,-1477.75,43.0,-1457.0,
385,2024-07,2024-07-25 00:00:00,False,2024-08-02 23:30:00,intratrade_excursion,-1477.75,RR1.00:18-19:334:1441,8,56,20,35,-1204.0,57.75,0,0,0,0.0,0.0,0,0.0,0.0,,-1261.75,,0.0,-1477.75,43.0,-1457.0,
386,2024-07,2024-07-25 00:00:00,False,2024-08-02 23:30:00,intratrade_excursion,-1477.75,RR1.00:18-19:334:1441,8,56,20,35,-1204.0,57.75,0,0,0,0.0,0.0,0,0.0,0.0,,-1261.75,,0.0,-1477.75,43.0,-1457.0,
387,2024-07,2024-07-25 00:00:00,False,2024-08-02 23:30:00,intratrade_excursion,-1477.75,RR1.00:18-19:334:1441,8,56,20,35,-1204.0,57.75,0,0,0,0.0,0.0,0,0.0,0.0,,-1261.75,,0.0,-1477.75,43.0,-1457.0,
388,2024-07,2024-07-25 00:00:00,False,2024-08-02 23:30:00,intratrade_excursion,-1477.75,RR1.00:18-19:334:1441,8,56,20,35,-1204.0,57.75,0,0,0,0.0,0.0,0,0.0,0.0,,-1261.75,,0.0,-1477.75,43.0,-1457.0,
389,2024-07,2024-07-25 00:00:00,False,2024-08-02 23:30:00,intratrade_excursion,-1477.75,RR1.00:18-19:334:1441,8,56,20,35,-1204.0,57.75,0,0,0,0.0,0.0,0,0.0,0.0,,-1261.75,,0.0,-1477.75,43.0,-1457.0,
390,2024-07,2024-07-25 00:00:00,False,2024-08-02 23:30:00,intratrade_excursion,-1477.75,RR1.00:18-19:334:1441,8,56,20,35,-1204.0,57.75,0,0,0,0.0,0.0,0,0.0,0.0,,-1261.75,,0.0,-1477.75,43.0,-1457.0,
391,2024-07,2024-07-25 00:00:00,False,2024-08-02 23:30:00,intratrade_excursion,-1477.75,RR1.00:18-19:334:1441,8,56,20,35,-1204.0,57.75,0,0,0,0.0,0.0,0,0.0,0.0,,-1261.75,,0.0,-1477.75,43.0,-1457.0,
392,2024-07,2024-07-25 00:00:00,False,2024-08-02 23:30:00,intratrade_excursion,-1477.75,RR1.00:18-19:334:1441,8,56,20,35,-1204.0,57.75,0,0,0,0.0,0.0,0,0.0,0.0,,-1261.75,,0.0,-1477.75,43.0,-1457.0,
393,2024-07,2024-07-25 00:00:00,False,2024-08-02 23:30:00,intratrade_excursion,-1477.75,RR1.00:18-19:334:1441,8,56,20,35,-1204.0,57.75,0,0,0,0.0,0.0,0,0.0,0.0,,-1261.75,,0.0,-1477.75,43.0,-1457.0,
394,2024-07,2024-07-25 00:00:00,False,2024-08-02 23:30:00,intratrade_excursion,-1477.75,RR1.00:18-19:334:1441,8,56,20,35,-1204.0,57.75,0,0,0,0.0,0.0,0,0.0,0.0,,-1261.75,,0.0,-1477.75,43.0,-1457.0,
395,2024-08,2024-08-03 00:00:00,False,2025-02-17 09:41:40,intratrade_excursion,72.51,RR1.00:6-7:441:1690,198,1044,476,567,13245.0,1095.15,6,19,0,12049.84,12049.84,0,0.0,0.0,2024-11-11 00:00:00,100.01,,7399.95,-449.4,7413.5,100.0,
396,2024-08,2024-08-03 00:00:00,False,2025-02-17 09:41:40,intratrade_excursion,72.51,RR1.00:6-7:441:1690,198,1044,476,567,13245.0,1095.15,6,19,0,12049.84,12049.84,0,0.0,0.0,2024-11-11 00:00:00,100.01,,7399.95,-449.4,7413.5,100.0,
397,2024-08,2024-08-03 00:00:00,False,2025-02-17 09:41:40,intratrade_excursion,72.51,RR1.00:6-7:441:1690,198,1044,476,567,13245.0,1095.15,6,19,0,12049.84,12049.84,0,0.0,0.0,2024-11-11 00:00:00,100.01,,7399.95,-449.4,7413.5,100.0,
398,2024-08,2024-08-03 00:00:00,False,2025-02-17 09:41:40,intratrade_excursion,72.51,RR1.00:6-7:441:1690,198,1044,476,567,13245.0,1095.15,6,19,0,12049.84,12049.84,0,0.0,0.0,2024-11-11 00:00:00,100.01,,7399.95,-449.4,7413.5,100.0,
399,2024-08,2024-08-03 00:00:00,False,2025-02-17 09:41:40,intratrade_excursion,72.51,RR1.00:6-7:441:1690,198,1044,476,567,13245.0,1095.15,6,19,0,12049.84,12049.84,0,0.0,0.0,2024-11-11 00:00:00,100.01,,7399.95,-449.4,7413.5,100.0,
400,2024-08,2024-08-03 00:00:00,False,2025-02-17 09:41:40,intratrade_excursion,72.51,RR1.00:6-7:441:1690,198,1044,476,567,13245.0,1095.15,6,19,0,12049.84,12049.84,0,0.0,0.0,2024-11-11 00:00:00,100.01,,7399.95,-449.4,7413.5,100.0,
401,2024-08,2024-08-03 00:00:00,False,2025-02-17 09:41:40,intratrade_excursion,72.51,RR1.00:6-7:441:1690,198,1044,476,567,13245.0,1095.15,6,19,0,12049.84,12049.84,0,0.0,0.0,2024-11-11 00:00:00,100.01,,7399.95,-449.4,7413.5,100.0,
402,2024-08,2024-08-03 00:00:00,False,2025-02-17 09:41:40,intratrade_excursion,72.51,RR1.00:6-7:441:1690,198,1044,476,567,13245.0,1095.15,6,19,0,12049.84,12049.84,0,0.0,0.0,2024-11-11 00:00:00,100.01,,7399.95,-449.4,7413.5,100.0,
403,2024-08,2024-08-03 00:00:00,False,2025-02-17 09:41:40,intratrade_excursion,72.51,RR1.00:6-7:441:1690,198,1044,476,567,13245.0,1095.15,6,19,0,12049.84,12049.84,0,0.0,0.0,2024-11-11 00:00:00,100.01,,7399.95,-449.4,7413.5,100.0,
404,2024-08,2024-08-03 00:00:00,False,2025-02-17 09:41:40,intratrade_excursion,72.51,RR1.00:6-7:441:1690,198,1044,476,567,13245.0,1095.15,6,19,0,12049.84,12049.84,0,0.0,0.0,2024-11-11 00:00:00,100.01,,7399.95,-449.4,7413.5,100.0,
405,2024-08,2024-08-03 00:00:00,False,2025-02-17 09:41:40,intratrade_excursion,72.51,RR1.00:6-7:441:1690,198,1044,476,567,13245.0,1095.15,6,19,0,12049.84,12049.84,0,0.0,0.0,2024-11-11 00:00:00,100.01,,7399.95,-449.4,7413.5,100.0,
406,2024-08,2024-08-03 00:00:00,False,2025-02-17 09:41:40,intratrade_excursion,72.51,RR1.00:6-7:441:1690,198,1044,476,567,13245.0,1095.15,6,19,0,12049.84,12049.84,0,0.0,0.0,2024-11-11 00:00:00,100.01,,7399.95,-449.4,7413.5,100.0,
407,2024-08,2024-08-03 00:00:00,False,2025-02-17 09:41:40,intratrade_excursion,72.51,RR1.00:6-7:441:1690,198,1044,476,567,13245.0,1095.15,6,19,0,12049.84,12049.84,0,0.0,0.0,2024-11-11 00:00:00,100.01,,7399.95,-449.4,7413.5,100.0,
408,2024-08,2024-08-03 00:00:00,False,2025-02-17 09:41:40,intratrade_excursion,72.51,RR1.00:6-7:441:1690,198,1044,476,567,13245.0,1095.15,6,19,0,12049.84,12049.84,0,0.0,0.0,2024-11-11 00:00:00,100.01,,7399.95,-449.4,7413.5,100.0,
409,2024-08,2024-08-03 00:00:00,False,2025-02-17 09:41:40,intratrade_excursion,72.51,RR1.00:6-7:441:1690,198,1044,476,567,13245.0,1095.15,6,19,0,12049.84,12049.84,0,0.0,0.0,2024-11-11 00:00:00,100.01,,7399.95,-449.4,7413.5,100.0,
410,2024-08,2024-08-03 00:00:00,False,2025-02-17 09:41:40,intratrade_excursion,72.51,RR1.00:6-7:441:1690,198,1044,476,567,13245.0,1095.15,6,19,0,12049.84,12049.84,0,0.0,0.0,2024-11-11 00:00:00,100.01,,7399.95,-449.4,7413.5,100.0,
411,2024-08,2024-08-03 00:00:00,False,2025-02-17 09:41:40,intratrade_excursion,72.51,RR1.00:6-7:441:1690,198,1044,476,567,13245.0,1095.15,6,19,0,12049.84,12049.84,0,0.0,0.0,2024-11-11 00:00:00,100.01,,7399.95,-449.4,7413.5,100.0,
412,2024-08,2024-08-03 00:00:00,False,2025-02-17 09:41:40,intratrade_excursion,72.51,RR1.00:6-7:441:1690,198,1044,476,567,13245.0,1095.15,6,19,0,12049.84,12049.84,0,0.0,0.0,2024-11-11 00:00:00,100.01,,7399.95,-449.4,7413.5,100.0,
413,2024-08,2024-08-03 00:00:00,False,2025-02-17 09:41:40,intratrade_excursion,72.51,RR1.00:6-7:441:1690,198,1044,476,567,13245.0,1095.15,6,19,0,12049.84,12049.84,0,0.0,0.0,2024-11-11 00:00:00,100.01,,7399.95,-449.4,7413.5,100.0,
414,2024-08,2024-08-03 00:00:00,False,2025-02-17 09:41:40,intratrade_excursion,72.51,RR1.00:6-7:441:1690,198,1044,476,567,13245.0,1095.15,6,19,0,12049.84,12049.84,0,0.0,0.0,2024-11-11 00:00:00,100.01,,7399.95,-449.4,7413.5,100.0,
415,2025-02,2025-02-18 00:00:00,False,2025-03-04 12:01:40,intratrade_excursion,-1155.0,RR1.00:10-11:495:1785,14,81,28,52,-985.5,84.0,0,0,1,0.0,0.0,0,0.0,0.0,,-1069.5,,369.3,-1155.0,397.3,-1102.7,
416,2025-02,2025-02-18 00:00:00,False,2025-03-04 12:01:40,intratrade_excursion,-1155.0,RR1.00:10-11:495:1785,14,81,28,52,-985.5,84.0,0,0,1,0.0,0.0,0,0.0,0.0,,-1069.5,,369.3,-1155.0,397.3,-1102.7,
417,2025-02,2025-02-18 00:00:00,False,2025-03-04 12:01:40,intratrade_excursion,-1155.0,RR1.00:10-11:495:1785,14,81,28,52,-985.5,84.0,0,0,1,0.0,0.0,0,0.0,0.0,,-1069.5,,369.3,-1155.0,397.3,-1102.7,
418,2025-02,2025-02-18 00:00:00,False,2025-03-04 12:01:40,intratrade_excursion,-1155.0,RR1.00:10-11:495:1785,14,81,28,52,-985.5,84.0,0,0,1,0.0,0.0,0,0.0,0.0,,-1069.5,,369.3,-1155.0,397.3,-1102.7,
419,2025-02,2025-02-18 00:00:00,False,2025-03-04 12:01:40,intratrade_excursion,-1155.0,RR1.00:10-11:495:1785,14,81,28,52,-985.5,84.0,0,0,1,0.0,0.0,0,0.0,0.0,,-1069.5,,369.3,-1155.0,397.3,-1102.7,
420,2025-02,2025-02-18 00:00:00,False,2025-03-04 12:01:40,intratrade_excursion,-1155.0,RR1.00:10-11:495:1785,14,81,28,52,-985.5,84.0,0,0,1,0.0,0.0,0,0.0,0.0,,-1069.5,,369.3,-1155.0,397.3,-1102.7,
421,2025-02,2025-02-18 00:00:00,False,2025-03-04 12:01:40,intratrade_excursion,-1155.0,RR1.00:10-11:495:1785,14,81,28,52,-985.5,84.0,0,0,1,0.0,0.0,0,0.0,0.0,,-1069.5,,369.3,-1155.0,397.3,-1102.7,
422,2025-02,2025-02-18 00:00:00,False,2025-03-04 12:01:40,intratrade_excursion,-1155.0,RR1.00:10-11:495:1785,14,81,28,52,-985.5,84.0,0,0,1,0.0,0.0,0,0.0,0.0,,-1069.5,,369.3,-1155.0,397.3,-1102.7,
423,2025-02,2025-02-18 00:00:00,False,2025-03-04 12:01:40,intratrade_excursion,-1155.0,RR1.00:10-11:495:1785,14,81,28,52,-985.5,84.0,0,0,1,0.0,0.0,0,0.0,0.0,,-1069.5,,369.3,-1155.0,397.3,-1102.7,
424,2025-02,2025-02-18 00:00:00,False,2025-03-04 12:01:40,intratrade_excursion,-1155.0,RR1.00:10-11:495:1785,14,81,28,52,-985.5,84.0,0,0,1,0.0,0.0,0,0.0,0.0,,-1069.5,,369.3,-1155.0,397.3,-1102.7,
425,2025-02,2025-02-18 00:00:00,False,2025-03-04 12:01:40,intratrade_excursion,-1155.0,RR1.00:10-11:495:1785,14,81,28,52,-985.5,84.0,0,0,1,0.0,0.0,0,0.0,0.0,,-1069.5,,369.3,-1155.0,397.3,-1102.7,
426,2025-02,2025-02-18 00:00:00,False,2025-03-04 12:01:40,intratrade_excursion,-1155.0,RR1.00:10-11:495:1785,14,81,28,52,-985.5,84.0,0,0,1,0.0,0.0,0,0.0,0.0,,-1069.5,,369.3,-1155.0,397.3,-1102.7,
427,2025-02,2025-02-18 00:00:00,False,2025-03-04 12:01:40,intratrade_excursion,-1155.0,RR1.00:10-11:495:1785,14,81,28,52,-985.5,84.0,0,0,1,0.0,0.0,0,0.0,0.0,,-1069.5,,369.3,-1155.0,397.3,-1102.7,
428,2025-02,2025-02-18 00:00:00,False,2025-03-04 12:01:40,intratrade_excursion,-1155.0,RR1.00:10-11:495:1785,14,81,28,52,-985.5,84.0,0,0,1,0.0,0.0,0,0.0,0.0,,-1069.5,,369.3,-1155.0,397.3,-1102.7,
429,2025-02,2025-02-18 00:00:00,False,2025-03-04 12:01:40,intratrade_excursion,-1155.0,RR1.00:10-11:495:1785,14,81,28,52,-985.5,84.0,0,0,1,0.0,0.0,0,0.0,0.0,,-1069.5,,369.3,-1155.0,397.3,-1102.7,
430,2025-02,2025-02-18 00:00:00,False,2025-03-04 12:01:40,intratrade_excursion,-1155.0,RR1.00:10-11:495:1785,14,81,28,52,-985.5,84.0,0,0,1,0.0,0.0,0,0.0,0.0,,-1069.5,,369.3,-1155.0,397.3,-1102.7,
431,2025-02,2025-02-18 00:00:00,False,2025-03-04 12:01:40,intratrade_excursion,-1155.0,RR1.00:10-11:495:1785,14,81,28,52,-985.5,84.0,0,0,1,0.0,0.0,0,0.0,0.0,,-1069.5,,369.3,-1155.0,397.3,-1102.7,
432,2025-02,2025-02-18 00:00:00,False,2025-03-04 12:01:40,intratrade_excursion,-1155.0,RR1.00:10-11:495:1785,14,81,28,52,-985.5,84.0,0,0,1,0.0,0.0,0,0.0,0.0,,-1069.5,,369.3,-1155.0,397.3,-1102.7,
433,2025-02,2025-02-18 00:00:00,False,2025-03-04 12:01:40,intratrade_excursion,-1155.0,RR1.00:10-11:495:1785,14,81,28,52,-985.5,84.0,0,0,1,0.0,0.0,0,0.0,0.0,,-1069.5,,369.3,-1155.0,397.3,-1102.7,
434,2025-02,2025-02-18 00:00:00,False,2025-03-04 12:01:40,intratrade_excursion,-1155.0,RR1.00:10-11:495:1785,14,81,28,52,-985.5,84.0,0,0,1,0.0,0.0,0,0.0,0.0,,-1069.5,,369.3,-1155.0,397.3,-1102.7,
435,2025-03,2025-03-05 00:00:00,False,2025-03-07 20:30:00,intratrade_excursion,-1368.2,RR1.00:19-20:403:1641,2,25,8,16,-1116.0,25.2,0,0,0,0.0,0.0,0,0.0,0.0,,-1141.2,,161.25,-1368.2,209.75,-1290.25,
436,2025-03,2025-03-05 00:00:00,False,2025-03-07 20:30:00,intratrade_excursion,-1368.2,RR1.00:19-20:403:1641,2,25,8,16,-1116.0,25.2,0,0,0,0.0,0.0,0,0.0,0.0,,-1141.2,,161.25,-1368.2,209.75,-1290.25,
437,2025-03,2025-03-05 00:00:00,False,2025-03-07 20:30:00,intratrade_excursion,-1368.2,RR1.00:19-20:403:1641,2,25,8,16,-1116.0,25.2,0,0,0,0.0,0.0,0,0.0,0.0,,-1141.2,,161.25,-1368.2,209.75,-1290.25,
438,2025-03,2025-03-05 00:00:00,False,2025-03-07 20:30:00,intratrade_excursion,-1368.2,RR1.00:19-20:403:1641,2,25,8,16,-1116.0,25.2,0,0,0,0.0,0.0,0,0.0,0.0,,-1141.2,,161.25,-1368.2,209.75,-1290.25,
439,2025-03,2025-03-05 00:00:00,False,2025-03-07 20:30:00,intratrade_excursion,-1368.2,RR1.00:19-20:403:1641,2,25,8,16,-1116.0,25.2,0,0,0,0.0,0.0,0,0.0,0.0,,-1141.2,,161.25,-1368.2,209.75,-1290.25,
440,2025-03,2025-03-05 00:00:00,False,2025-03-07 20:30:00,intratrade_excursion,-1368.2,RR1.00:19-20:403:1641,2,25,8,16,-1116.0,25.2,0,0,0,0.0,0.0,0,0.0,0.0,,-1141.2,,161.25,-1368.2,209.75,-1290.25,
441,2025-03,2025-03-05 00:00:00,False,2025-03-07 20:30:00,intratrade_excursion,-1368.2,RR1.00:19-20:403:1641,2,25,8,16,-1116.0,25.2,0,0,0,0.0,0.0,0,0.0,0.0,,-1141.2,,161.25,-1368.2,209.75,-1290.25,
442,2025-03,2025-03-05 00:00:00,False,2025-03-07 20:30:00,intratrade_excursion,-1368.2,RR1.00:19-20:403:1641,2,25,8,16,-1116.0,25.2,0,0,0,0.0,0.0,0,0.0,0.0,,-1141.2,,161.25,-1368.2,209.75,-1290.25,
443,2025-03,2025-03-05 00:00:00,False,2025-03-07 20:30:00,intratrade_excursion,-1368.2,RR1.00:19-20:403:1641,2,25,8,16,-1116.0,25.2,0,0,0,0.0,0.0,0,0.0,0.0,,-1141.2,,161.25,-1368.2,209.75,-1290.25,
444,2025-03,2025-03-05 00:00:00,False,2025-03-07 20:30:00,intratrade_excursion,-1368.2,RR1.00:19-20:403:1641,2,25,8,16,-1116.0,25.2,0,0,0,0.0,0.0,0,0.0,0.0,,-1141.2,,161.25,-1368.2,209.75,-1290.25,
445,2025-03,2025-03-05 00:00:00,False,2025-03-07 20:30:00,intratrade_excursion,-1368.2,RR1.00:19-20:403:1641,2,25,8,16,-1116.0,25.2,0,0,0,0.0,0.0,0,0.0,0.0,,-1141.2,,161.25,-1368.2,209.75,-1290.25,
446,2025-03,2025-03-05 00:00:00,False,2025-03-07 20:30:00,intratrade_excursion,-1368.2,RR1.00:19-20:403:1641,2,25,8,16,-1116.0,25.2,0,0,0,0.0,0.0,0,0.0,0.0,,-1141.2,,161.25,-1368.2,209.75,-1290.25,
447,2025-03,2025-03-05 00:00:00,False,2025-03-07 20:30:00,intratrade_excursion,-1368.2,RR1.00:19-20:403:1641,2,25,8,16,-1116.0,25.2,0,0,0,0.0,0.0,0,0.0,0.0,,-1141.2,,161.25,-1368.2,209.75,-1290.25,
448,2025-03,2025-03-05 00:00:00,False,2025-03-07 20:30:00,intratrade_excursion,-1368.2,RR1.00:19-20:403:1641,2,25,8,16,-1116.0,25.2,0,0,0,0.0,0.0,0,0.0,0.0,,-1141.2,,161.25,-1368.2,209.75,-1290.25,
449,2025-03,2025-03-05 00:00:00,False,2025-03-07 20:30:00,intratrade_excursion,-1368.2,RR1.00:19-20:403:1641,2,25,8,16,-1116.0,25.2,0,0,0,0.0,0.0,0,0.0,0.0,,-1141.2,,161.25,-1368.2,209.75,-1290.25,
450,2025-03,2025-03-05 00:00:00,False,2025-03-07 20:30:00,intratrade_excursion,-1368.2,RR1.00:19-20:403:1641,2,25,8,16,-1116.0,25.2,0,0,0,0.0,0.0,0,0.0,0.0,,-1141.2,,161.25,-1368.2,209.75,-1290.25,
451,2025-03,2025-03-05 00:00:00,False,2025-03-07 20:30:00,intratrade_excursion,-1368.2,RR1.00:19-20:403:1641,2,25,8,16,-1116.0,25.2,0,0,0,0.0,0.0,0,0.0,0.0,,-1141.2,,161.25,-1368.2,209.75,-1290.25,
452,2025-03,2025-03-05 00:00:00,False,2025-03-07 20:30:00,intratrade_excursion,-1368.2,RR1.00:19-20:403:1641,2,25,8,16,-1116.0,25.2,0,0,0,0.0,0.0,0,0.0,0.0,,-1141.2,,161.25,-1368.2,209.75,-1290.25,
453,2025-03,2025-03-05 00:00:00,False,2025-03-07 20:30:00,intratrade_excursion,-1368.2,RR1.00:19-20:403:1641,2,25,8,16,-1116.0,25.2,0,0,0,0.0,0.0,0,0.0,0.0,,-1141.2,,161.25,-1368.2,209.75,-1290.25,
454,2025-03,2025-03-05 00:00:00,False,2025-03-07 20:30:00,intratrade_excursion,-1368.2,RR1.00:19-20:403:1641,2,25,8,16,-1116.0,25.2,0,0,0,0.0,0.0,0,0.0,0.0,,-1141.2,,161.25,-1368.2,209.75,-1290.25,
455,2025-03,2025-03-08 00:00:00,False,2025-03-11 16:04:40,intratrade_excursion,-1435.15,RR1.00:15-16:573:1875,3,14,2,11,-1279.5,13.65,0,0,0,0.0,0.0,0,0.0,0.0,,-1293.15,,160.95,-1435.15,190.95,-1309.05,
456,2025-03,2025-03-08 00:00:00,False,2025-03-11 16:04:40,intratrade_excursion,-1435.15,RR1.00:15-16:573:1875,3,14,2,11,-1279.5,13.65,0,0,0,0.0,0.0,0,0.0,0.0,,-1293.15,,160.95,-1435.15,190.95,-1309.05,
457,2025-03,2025-03-08 00:00:00,False,2025-03-11 16:04:40,intratrade_excursion,-1435.15,RR1.00:15-16:573:1875,3,14,2,11,-1279.5,13.65,0,0,0,0.0,0.0,0,0.0,0.0,,-1293.15,,160.95,-1435.15,190.95,-1309.05,
458,2025-03,2025-03-08 00:00:00,False,2025-03-11 16:04:40,intratrade_excursion,-1435.15,RR1.00:15-16:573:1875,3,14,2,11,-1279.5,13.65,0,0,0,0.0,0.0,0,0.0,0.0,,-1293.15,,160.95,-1435.15,190.95,-1309.05,
459,2025-03,2025-03-08 00:00:00,False,2025-03-11 16:04:40,intratrade_excursion,-1435.15,RR1.00:15-16:573:1875,3,14,2,11,-1279.5,13.65,0,0,0,0.0,0.0,0,0.0,0.0,,-1293.15,,160.95,-1435.15,190.95,-1309.05,
460,2025-03,2025-03-08 00:00:00,False,2025-03-11 16:04:40,intratrade_excursion,-1435.15,RR1.00:15-16:573:1875,3,14,2,11,-1279.5,13.65,0,0,0,0.0,0.0,0,0.0,0.0,,-1293.15,,160.95,-1435.15,190.95,-1309.05,
461,2025-03,2025-03-08 00:00:00,False,2025-03-11 16:04:40,intratrade_excursion,-1435.15,RR1.00:15-16:573:1875,3,14,2,11,-1279.5,13.65,0,0,0,0.0,0.0,0,0.0,0.0,,-1293.15,,160.95,-1435.15,190.95,-1309.05,
462,2025-03,2025-03-08 00:00:00,False,2025-03-11 16:04:40,intratrade_excursion,-1435.15,RR1.00:15-16:573:1875,3,14,2,11,-1279.5,13.65,0,0,0,0.0,0.0,0,0.0,0.0,,-1293.15,,160.95,-1435.15,190.95,-1309.05,
463,2025-03,2025-03-08 00:00:00,False,2025-03-11 16:04:40,intratrade_excursion,-1435.15,RR1.00:15-16:573:1875,3,14,2,11,-1279.5,13.65,0,0,0,0.0,0.0,0,0.0,0.0,,-1293.15,,160.95,-1435.15,190.95,-1309.05,
464,2025-03,2025-03-08 00:00:00,False,2025-03-11 16:04:40,intratrade_excursion,-1435.15,RR1.00:15-16:573:1875,3,14,2,11,-1279.5,13.65,0,0,0,0.0,0.0,0,0.0,0.0,,-1293.15,,160.95,-1435.15,190.95,-1309.05,
465,2025-03,2025-03-08 00:00:00,False,2025-03-11 16:04:40,intratrade_excursion,-1435.15,RR1.00:15-16:573:1875,3,14,2,11,-1279.5,13.65,0,0,0,0.0,0.0,0,0.0,0.0,,-1293.15,,160.95,-1435.15,190.95,-1309.05,
466,2025-03,2025-03-08 00:00:00,False,2025-03-11 16:04:40,intratrade_excursion,-1435.15,RR1.00:15-16:573:1875,3,14,2,11,-1279.5,13.65,0,0,0,0.0,0.0,0,0.0,0.0,,-1293.15,,160.95,-1435.15,190.95,-1309.05,
467,2025-03,2025-03-08 00:00:00,False,2025-03-11 16:04:40,intratrade_excursion,-1435.15,RR1.00:15-16:573:1875,3,14,2,11,-1279.5,13.65,0,0,0,0.0,0.0,0,0.0,0.0,,-1293.15,,160.95,-1435.15,190.95,-1309.05,
468,2025-03,2025-03-08 00:00:00,False,2025-03-11 16:04:40,intratrade_excursion,-1435.15,RR1.00:15-16:573:1875,3,14,2,11,-1279.5,13.65,0,0,0,0.0,0.0,0,0.0,0.0,,-1293.15,,160.95,-1435.15,190.95,-1309.05,
469,2025-03,2025-03-08 00:00:00,False,2025-03-11 16:04:40,intratrade_excursion,-1435.15,RR1.00:15-16:573:1875,3,14,2,11,-1279.5,13.65,0,0,0,0.0,0.0,0,0.0,0.0,,-1293.15,,160.95,-1435.15,190.95,-1309.05,
470,2025-03,2025-03-08 00:00:00,False,2025-03-11 16:04:40,intratrade_excursion,-1435.15,RR1.00:15-16:573:1875,3,14,2,11,-1279.5,13.65,0,0,0,0.0,0.0,0,0.0,0.0,,-1293.15,,160.95,-1435.15,190.95,-1309.05,
471,2025-03,2025-03-08 00:00:00,False,2025-03-11 16:04:40,intratrade_excursion,-1435.15,RR1.00:15-16:573:1875,3,14,2,11,-1279.5,13.65,0,0,0,0.0,0.0,0,0.0,0.0,,-1293.15,,160.95,-1435.15,190.95,-1309.05,
472,2025-03,2025-03-08 00:00:00,False,2025-03-11 16:04:40,intratrade_excursion,-1435.15,RR1.00:15-16:573:1875,3,14,2,11,-1279.5,13.65,0,0,0,0.0,0.0,0,0.0,0.0,,-1293.15,,160.95,-1435.15,190.95,-1309.05,
473,2025-03,2025-03-08 00:00:00,False,2025-03-11 16:04:40,intratrade_excursion,-1435.15,RR1.00:15-16:573:1875,3,14,2,11,-1279.5,13.65,0,0,0,0.0,0.0,0,0.0,0.0,,-1293.15,,160.95,-1435.15,190.95,-1309.05,
474,2025-03,2025-03-08 00:00:00,False,2025-03-11 16:04:40,intratrade_excursion,-1435.15,RR1.00:15-16:573:1875,3,14,2,11,-1279.5,13.65,0,0,0,0.0,0.0,0,0.0,0.0,,-1293.15,,160.95,-1435.15,190.95,-1309.05,
475,2025-03,2025-03-12 00:00:00,False,2025-04-03 17:42:40,intratrade_excursion,72.3,RR1.00:16-17:710:2047,22,125,47,77,494.0,130.2,0,0,0,0.0,0.0,0,0.0,0.0,,363.8,,1703.4,-213.2,1724.95,100.0,
476,2025-03,2025-03-12 00:00:00,False,2025-04-03 17:42:40,intratrade_excursion,72.3,RR1.00:16-17:710:2047,22,125,47,77,494.0,130.2,0,0,0,0.0,0.0,0,0.0,0.0,,363.8,,1703.4,-213.2,1724.95,100.0,
477,2025-03,2025-03-12 00:00:00,False,2025-04-03 17:42:40,intratrade_excursion,72.3,RR1.00:16-17:710:2047,22,125,47,77,494.0,130.2,0,0,0,0.0,0.0,0,0.0,0.0,,363.8,,1703.4,-213.2,1724.95,100.0,
478,2025-03,2025-03-12 00:00:00,False,2025-04-03 17:42:40,intratrade_excursion,72.3,RR1.00:16-17:710:2047,22,125,47,77,494.0,130.2,0,0,0,0.0,0.0,0,0.0,0.0,,363.8,,1703.4,-213.2,1724.95,100.0,
479,2025-03,2025-03-12 00:00:00,False,2025-04-03 17:42:40,intratrade_excursion,72.3,RR1.00:16-17:710:2047,22,125,47,77,494.0,130.2,0,0,0,0.0,0.0,0,0.0,0.0,,363.8,,1703.4,-213.2,1724.95,100.0,
480,2025-03,2025-03-12 00:00:00,False,2025-04-03 17:42:40,intratrade_excursion,72.3,RR1.00:16-17:710:2047,22,125,47,77,494.0,130.2,0,0,0,0.0,0.0,0,0.0,0.0,,363.8,,1703.4,-213.2,1724.95,100.0,
481,2025-03,2025-03-12 00:00:00,False,2025-04-03 17:42:40,intratrade_excursion,72.3,RR1.00:16-17:710:2047,22,125,47,77,494.0,130.2,0,0,0,0.0,0.0,0,0.0,0.0,,363.8,,1703.4,-213.2,1724.95,100.0,
482,2025-03,2025-03-12 00:00:00,False,2025-04-03 17:42:40,intratrade_excursion,72.3,RR1.00:16-17:710:2047,22,125,47,77,494.0,130.2,0,0,0,0.0,0.0,0,0.0,0.0,,363.8,,1703.4,-213.2,1724.95,100.0,
483,2025-03,2025-03-12 00:00:00,False,2025-04-03 17:42:40,intratrade_excursion,72.3,RR1.00:16-17:710:2047,22,125,47,77,494.0,130.2,0,0,0,0.0,0.0,0,0.0,0.0,,363.8,,1703.4,-213.2,1724.95,100.0,
484,2025-03,2025-03-12 00:00:00,False,2025-04-03 17:42:40,intratrade_excursion,72.3,RR1.00:16-17:710:2047,22,125,47,77,494.0,130.2,0,0,0,0.0,0.0,0,0.0,0.0,,363.8,,1703.4,-213.2,1724.95,100.0,
485,2025-03,2025-03-12 00:00:00,False,2025-04-03 17:42:40,intratrade_excursion,72.3,RR1.00:16-17:710:2047,22,125,47,77,494.0,130.2,0,0,0,0.0,0.0,0,0.0,0.0,,363.8,,1703.4,-213.2,1724.95,100.0,
486,2025-03,2025-03-12 00:00:00,False,2025-04-03 17:42:40,intratrade_excursion,72.3,RR1.00:16-17:710:2047,22,125,47,77,494.0,130.2,0,0,0,0.0,0.0,0,0.0,0.0,,363.8,,1703.4,-213.2,1724.95,100.0,
487,2025-03,2025-03-12 00:00:00,False,2025-04-03 17:42:40,intratrade_excursion,72.3,RR1.00:16-17:710:2047,22,125,47,77,494.0,130.2,0,0,0,0.0,0.0,0,0.0,0.0,,363.8,,1703.4,-213.2,1724.95,100.0,
488,2025-03,2025-03-12 00:00:00,False,2025-04-03 17:42:40,intratrade_excursion,72.3,RR1.00:16-17:710:2047,22,125,47,77,494.0,130.2,0,0,0,0.0,0.0,0,0.0,0.0,,363.8,,1703.4,-213.2,1724.95,100.0,
489,2025-03,2025-03-12 00:00:00,False,2025-04-03 17:42:40,intratrade_excursion,72.3,RR1.00:16-17:710:2047,22,125,47,77,494.0,130.2,0,0,0,0.0,0.0,0,0.0,0.0,,363.8,,1703.4,-213.2,1724.95,100.0,
490,2025-03,2025-03-12 00:00:00,False,2025-04-03 17:42:40,intratrade_excursion,72.3,RR1.00:16-17:710:2047,22,125,47,77,494.0,130.2,0,0,0,0.0,0.0,0,0.0,0.0,,363.8,,1703.4,-213.2,1724.95,100.0,
491,2025-03,2025-03-12 00:00:00,False,2025-04-03 17:42:40,intratrade_excursion,72.3,RR1.00:16-17:710:2047,22,125,47,77,494.0,130.2,0,0,0,0.0,0.0,0,0.0,0.0,,363.8,,1703.4,-213.2,1724.95,100.0,
492,2025-03,2025-03-12 00:00:00,False,2025-04-03 17:42:40,intratrade_excursion,72.3,RR1.00:16-17:710:2047,22,125,47,77,494.0,130.2,0,0,0,0.0,0.0,0,0.0,0.0,,363.8,,1703.4,-213.2,1724.95,100.0,
493,2025-03,2025-03-12 00:00:00,False,2025-04-03 17:42:40,intratrade_excursion,72.3,RR1.00:16-17:710:2047,22,125,47,77,494.0,130.2,0,0,0,0.0,0.0,0,0.0,0.0,,363.8,,1703.4,-213.2,1724.95,100.0,
494,2025-03,2025-03-12 00:00:00,False,2025-04-03 17:42:40,intratrade_excursion,72.3,RR1.00:16-17:710:2047,22,125,47,77,494.0,130.2,0,0,0,0.0,0.0,0,0.0,0.0,,363.8,,1703.4,-213.2,1724.95,100.0,
495,2025-04,2025-04-04 00:00:00,False,2025-04-04 22:55:40,intratrade_excursion,-1528.85,RR1.00:22-23:448:1655,0,8,1,6,-1251.0,7.35,0,0,0,0.0,0.0,0,0.0,0.0,,-1258.35,,0.0,-1528.85,108.25,-1391.75,
496,2025-04,2025-04-04 00:00:00,False,2025-04-04 22:55:40,intratrade_excursion,-1528.85,RR1.00:22-23:448:1655,0,8,1,6,-1251.0,7.35,0,0,0,0.0,0.0,0,0.0,0.0,,-1258.35,,0.0,-1528.85,108.25,-1391.75,
497,2025-04,2025-04-04 00:00:00,False,2025-04-04 22:55:40,intratrade_excursion,-1528.85,RR1.00:22-23:448:1655,0,8,1,6,-1251.0,7.35,0,0,0,0.0,0.0,0,0.0,0.0,,-1258.35,,0.0,-1528.85,108.25,-1391.75,
498,2025-04,2025-04-04 00:00:00,False,2025-04-04 22:55:40,intratrade_excursion,-1528.85,RR1.00:22-23:448:1655,0,8,1,6,-1251.0,7.35,0,0,0,0.0,0.0,0,0.0,0.0,,-1258.35,,0.0,-1528.85,108.25,-1391.75,
499,2025-04,2025-04-04 00:00:00,False,2025-04-04 22:55:40,intratrade_excursion,-1528.85,RR1.00:22-23:448:1655,0,8,1,6,-1251.0,7.35,0,0,0,0.0,0.0,0,0.0,0.0,,-1258.35,,0.0,-1528.85,108.25,-1391.75,
500,2025-04,2025-04-04 00:00:00,False,2025-04-04 22:55:40,intratrade_excursion,-1528.85,RR1.00:22-23:448:1655,0,8,1,6,-1251.0,7.35,0,0,0,0.0,0.0,0,0.0,0.0,,-1258.35,,0.0,-1528.85,108.25,-1391.75,
501,2025-04,2025-04-04 00:00:00,False,2025-04-04 22:55:40,intratrade_excursion,-1528.85,RR1.00:22-23:448:1655,0,8,1,6,-1251.0,7.35,0,0,0,0.0,0.0,0,0.0,0.0,,-1258.35,,0.0,-1528.85,108.25,-1391.75,
502,2025-04,2025-04-04 00:00:00,False,2025-04-04 22:55:40,intratrade_excursion,-1528.85,RR1.00:22-23:448:1655,0,8,1,6,-1251.0,7.35,0,0,0,0.0,0.0,0,0.0,0.0,,-1258.35,,0.0,-1528.85,108.25,-1391.75,
503,2025-04,2025-04-04 00:00:00,False,2025-04-04 22:55:40,intratrade_excursion,-1528.85,RR1.00:22-23:448:1655,0,8,1,6,-1251.0,7.35,0,0,0,0.0,0.0,0,0.0,0.0,,-1258.35,,0.0,-1528.85,108.25,-1391.75,
504,2025-04,2025-04-04 00:00:00,False,2025-04-04 22:55:40,intratrade_excursion,-1528.85,RR1.00:22-23:448:1655,0,8,1,6,-1251.0,7.35,0,0,0,0.0,0.0,0,0.0,0.0,,-1258.35,,0.0,-1528.85,108.25,-1391.75,
505,2025-04,2025-04-04 00:00:00,False,2025-04-04 22:55:40,intratrade_excursion,-1528.85,RR1.00:22-23:448:1655,0,8,1,6,-1251.0,7.35,0,0,0,0.0,0.0,0,0.0,0.0,,-1258.35,,0.0,-1528.85,108.25,-1391.75,
506,2025-04,2025-04-04 00:00:00,False,2025-04-04 22:55:40,intratrade_excursion,-1528.85,RR1.00:22-23:448:1655,0,8,1,6,-1251.0,7.35,0,0,0,0.0,0.0,0,0.0,0.0,,-1258.35,,0.0,-1528.85,108.25,-1391.75,
507,2025-04,2025-04-04 00:00:00,False,2025-04-04 22:55:40,intratrade_excursion,-1528.85,RR1.00:22-23:448:1655,0,8,1,6,-1251.0,7.35,0,0,0,0.0,0.0,0,0.0,0.0,,-1258.35,,0.0,-1528.85,108.25,-1391.75,
508,2025-04,2025-04-04 00:00:00,False,2025-04-04 22:55:40,intratrade_excursion,-1528.85,RR1.00:22-23:448:1655,0,8,1,6,-1251.0,7.35,0,0,0,0.0,0.0,0,0.0,0.0,,-1258.35,,0.0,-1528.85,108.25,-1391.75,
509,2025-04,2025-04-04 00:00:00,False,2025-04-04 22:55:40,intratrade_excursion,-1528.85,RR1.00:22-23:448:1655,0,8,1,6,-1251.0,7.35,0,0,0,0.0,0.0,0,0.0,0.0,,-1258.35,,0.0,-1528.85,108.25,-1391.75,
510,2025-04,2025-04-04 00:00:00,False,2025-04-04 22:55:40,intratrade_excursion,-1528.85,RR1.00:22-23:448:1655,0,8,1,6,-1251.0,7.35,0,0,0,0.0,0.0,0,0.0,0.0,,-1258.35,,0.0,-1528.85,108.25,-1391.75,
511,2025-04,2025-04-04 00:00:00,False,2025-04-04 22:55:40,intratrade_excursion,-1528.85,RR1.00:22-23:448:1655,0,8,1,6,-1251.0,7.35,0,0,0,0.0,0.0,0,0.0,0.0,,-1258.35,,0.0,-1528.85,108.25,-1391.75,
512,2025-04,2025-04-04 00:00:00,False,2025-04-04 22:55:40,intratrade_excursion,-1528.85,RR1.00:22-23:448:1655,0,8,1,6,-1251.0,7.35,0,0,0,0.0,0.0,0,0.0,0.0,,-1258.35,,0.0,-1528.85,108.25,-1391.75,
513,2025-04,2025-04-04 00:00:00,False,2025-04-04 22:55:40,intratrade_excursion,-1528.85,RR1.00:22-23:448:1655,0,8,1,6,-1251.0,7.35,0,0,0,0.0,0.0,0,0.0,0.0,,-1258.35,,0.0,-1528.85,108.25,-1391.75,
514,2025-04,2025-04-04 00:00:00,False,2025-04-04 22:55:40,intratrade_excursion,-1528.85,RR1.00:22-23:448:1655,0,8,1,6,-1251.0,7.35,0,0,0,0.0,0.0,0,0.0,0.0,,-1258.35,,0.0,-1528.85,108.25,-1391.75,
515,2025-04,2025-04-05 00:00:00,False,2026-02-02 07:30:40,intratrade_excursion,65.6,RR1.00:6-7:524:2010,303,1629,677,951,9436.5,1709.4,5,35,0,7500.0,7500.0,0,0.0,0.0,2025-10-20 00:00:00,227.1,,8608.75,-378.5,8663.75,100.0,
516,2025-04,2025-04-05 00:00:00,False,2026-02-02 07:30:40,intratrade_excursion,65.6,RR1.00:6-7:524:2010,303,1629,677,951,9436.5,1709.4,5,35,0,7500.0,7500.0,0,0.0,0.0,2025-10-20 00:00:00,227.1,,8608.75,-378.5,8663.75,100.0,
517,2025-04,2025-04-05 00:00:00,False,2026-02-02 07:30:40,intratrade_excursion,65.6,RR1.00:6-7:524:2010,303,1629,677,951,9436.5,1709.4,5,35,0,7500.0,7500.0,0,0.0,0.0,2025-10-20 00:00:00,227.1,,8608.75,-378.5,8663.75,100.0,
518,2025-04,2025-04-05 00:00:00,False,2026-02-02 07:30:40,intratrade_excursion,65.6,RR1.00:6-7:524:2010,303,1629,677,951,9436.5,1709.4,5,35,0,7500.0,7500.0,0,0.0,0.0,2025-10-20 00:00:00,227.1,,8608.75,-378.5,8663.75,100.0,
519,2025-04,2025-04-05 00:00:00,False,2026-02-02 07:30:40,intratrade_excursion,65.6,RR1.00:6-7:524:2010,303,1629,677,951,9436.5,1709.4,5,35,0,7500.0,7500.0,0,0.0,0.0,2025-10-20 00:00:00,227.1,,8608.75,-378.5,8663.75,100.0,
520,2025-04,2025-04-05 00:00:00,False,2026-02-02 07:30:40,intratrade_excursion,65.6,RR1.00:6-7:524:2010,303,1629,677,951,9436.5,1709.4,5,35,0,7500.0,7500.0,0,0.0,0.0,2025-10-20 00:00:00,227.1,,8608.75,-378.5,8663.75,100.0,
521,2025-04,2025-04-05 00:00:00,False,2026-02-02 07:30:40,intratrade_excursion,65.6,RR1.00:6-7:524:2010,303,1629,677,951,9436.5,1709.4,5,35,0,7500.0,7500.0,0,0.0,0.0,2025-10-20 00:00:00,227.1,,8608.75,-378.5,8663.75,100.0,
522,2025-04,2025-04-05 00:00:00,False,2026-02-02 07:30:40,intratrade_excursion,65.6,RR1.00:6-7:524:2010,303,1629,677,951,9436.5,1709.4,5,35,0,7500.0,7500.0,0,0.0,0.0,2025-10-20 00:00:00,227.1,,8608.75,-378.5,8663.75,100.0,
523,2025-04,2025-04-05 00:00:00,False,2026-02-02 07:30:40,intratrade_excursion,65.6,RR1.00:6-7:524:2010,303,1629,677,951,9436.5,1709.4,5,35,0,7500.0,7500.0,0,0.0,0.0,2025-10-20 00:00:00,227.1,,8608.75,-378.5,8663.75,100.0,
524,2025-04,2025-04-05 00:00:00,False,2026-02-02 07:30:40,intratrade_excursion,65.6,RR1.00:6-7:524:2010,303,1629,677,951,9436.5,1709.4,5,35,0,7500.0,7500.0,0,0.0,0.0,2025-10-20 00:00:00,227.1,,8608.75,-378.5,8663.75,100.0,
525,2025-04,2025-04-05 00:00:00,False,2026-02-02 07:30:40,intratrade_excursion,65.6,RR1.00:6-7:524:2010,303,1629,677,951,9436.5,1709.4,5,35,0,7500.0,7500.0,0,0.0,0.0,2025-10-20 00:00:00,227.1,,8608.75,-378.5,8663.75,100.0,
526,2025-04,2025-04-05 00:00:00,False,2026-02-02 07:30:40,intratrade_excursion,65.6,RR1.00:6-7:524:2010,303,1629,677,951,9436.5,1709.4,5,35,0,7500.0,7500.0,0,0.0,0.0,2025-10-20 00:00:00,227.1,,8608.75,-378.5,8663.75,100.0,
527,2025-04,2025-04-05 00:00:00,False,2026-02-02 07:30:40,intratrade_excursion,65.6,RR1.00:6-7:524:2010,303,1629,677,951,9436.5,1709.4,5,35,0,7500.0,7500.0,0,0.0,0.0,2025-10-20 00:00:00,227.1,,8608.75,-378.5,8663.75,100.0,
528,2025-04,2025-04-05 00:00:00,False,2026-02-02 07:30:40,intratrade_excursion,65.6,RR1.00:6-7:524:2010,303,1629,677,951,9436.5,1709.4,5,35,0,7500.0,7500.0,0,0.0,0.0,2025-10-20 00:00:00,227.1,,8608.75,-378.5,8663.75,100.0,
529,2025-04,2025-04-05 00:00:00,False,2026-02-02 07:30:40,intratrade_excursion,65.6,RR1.00:6-7:524:2010,303,1629,677,951,9436.5,1709.4,5,35,0,7500.0,7500.0,0,0.0,0.0,2025-10-20 00:00:00,227.1,,8608.75,-378.5,8663.75,100.0,
530,2025-04,2025-04-05 00:00:00,False,2026-02-02 07:30:40,intratrade_excursion,65.6,RR1.00:6-7:524:2010,303,1629,677,951,9436.5,1709.4,5,35,0,7500.0,7500.0,0,0.0,0.0,2025-10-20 00:00:00,227.1,,8608.75,-378.5,8663.75,100.0,
531,2025-04,2025-04-05 00:00:00,False,2026-02-02 07:30:40,intratrade_excursion,65.6,RR1.00:6-7:524:2010,303,1629,677,951,9436.5,1709.4,5,35,0,7500.0,7500.0,0,0.0,0.0,2025-10-20 00:00:00,227.1,,8608.75,-378.5,8663.75,100.0,
532,2025-04,2025-04-05 00:00:00,False,2026-02-02 07:30:40,intratrade_excursion,65.6,RR1.00:6-7:524:2010,303,1629,677,951,9436.5,1709.4,5,35,0,7500.0,7500.0,0,0.0,0.0,2025-10-20 00:00:00,227.1,,8608.75,-378.5,8663.75,100.0,
533,2025-04,2025-04-05 00:00:00,False,2026-02-02 07:30:40,intratrade_excursion,65.6,RR1.00:6-7:524:2010,303,1629,677,951,9436.5,1709.4,5,35,0,7500.0,7500.0,0,0.0,0.0,2025-10-20 00:00:00,227.1,,8608.75,-378.5,8663.75,100.0,
534,2025-04,2025-04-05 00:00:00,False,2026-02-02 07:30:40,intratrade_excursion,65.6,RR1.00:6-7:524:2010,303,1629,677,951,9436.5,1709.4,5,35,0,7500.0,7500.0,0,0.0,0.0,2025-10-20 00:00:00,227.1,,8608.75,-378.5,8663.75,100.0,
535,2026-02,2026-02-03 00:00:00,False,2026-02-13 16:50:40,intratrade_excursion,-702.35,RR1.00:16-17:834:2382,10,78,26,51,-408.5,80.85,0,0,0,0.0,0.0,0,0.0,0.0,,-489.35,,885.8,-1330.95,1001.6,-498.4,
536,2026-02,2026-02-03 00:00:00,False,2026-02-13 16:50:40,intratrade_excursion,-702.35,RR1.00:16-17:834:2382,10,78,26,51,-408.5,80.85,0,0,0,0.0,0.0,0,0.0,0.0,,-489.35,,885.8,-1330.95,1001.6,-498.4,
537,2026-02,2026-02-03 00:00:00,False,2026-02-13 16:50:40,intratrade_excursion,-702.35,RR1.00:16-17:834:2382,10,78,26,51,-408.5,80.85,0,0,0,0.0,0.0,0,0.0,0.0,,-489.35,,885.8,-1330.95,1001.6,-498.4,
538,2026-02,2026-02-03 00:00:00,False,2026-02-13 16:50:40,intratrade_excursion,-702.35,RR1.00:16-17:834:2382,10,78,26,51,-408.5,80.85,0,0,0,0.0,0.0,0,0.0,0.0,,-489.35,,885.8,-1330.95,1001.6,-498.4,
539,2026-02,2026-02-03 00:00:00,False,2026-02-13 16:50:40,intratrade_excursion,-702.35,RR1.00:16-17:834:2382,10,78,26,51,-408.5,80.85,0,0,0,0.0,0.0,0,0.0,0.0,,-489.35,,885.8,-1330.95,1001.6,-498.4,
540,2026-02,2026-02-03 00:00:00,False,2026-02-13 16:50:40,intratrade_excursion,-702.35,RR1.00:16-17:834:2382,10,78,26,51,-408.5,80.85,0,0,0,0.0,0.0,0,0.0,0.0,,-489.35,,885.8,-1330.95,1001.6,-498.4,
541,2026-02,2026-02-03 00:00:00,False,2026-02-13 16:50:40,intratrade_excursion,-702.35,RR1.00:16-17:834:2382,10,78,26,51,-408.5,80.85,0,0,0,0.0,0.0,0,0.0,0.0,,-489.35,,885.8,-1330.95,1001.6,-498.4,
542,2026-02,2026-02-03 00:00:00,False,2026-02-13 16:50:40,intratrade_excursion,-702.35,RR1.00:16-17:834:2382,10,78,26,51,-408.5,80.85,0,0,0,0.0,0.0,0,0.0,0.0,,-489.35,,885.8,-1330.95,1001.6,-498.4,
543,2026-02,2026-02-03 00:00:00,False,2026-02-13 16:50:40,intratrade_excursion,-702.35,RR1.00:16-17:834:2382,10,78,26,51,-408.5,80.85,0,0,0,0.0,0.0,0,0.0,0.0,,-489.35,,885.8,-1330.95,1001.6,-498.4,
544,2026-02,2026-02-03 00:00:00,False,2026-02-13 16:50:40,intratrade_excursion,-702.35,RR1.00:16-17:834:2382,10,78,26,51,-408.5,80.85,0,0,0,0.0,0.0,0,0.0,0.0,,-489.35,,885.8,-1330.95,1001.6,-498.4,
545,2026-02,2026-02-03 00:00:00,False,2026-02-13 16:50:40,intratrade_excursion,-702.35,RR1.00:16-17:834:2382,10,78,26,51,-408.5,80.85,0,0,0,0.0,0.0,0,0.0,0.0,,-489.35,,885.8,-1330.95,1001.6,-498.4,
546,2026-02,2026-02-03 00:00:00,False,2026-02-13 16:50:40,intratrade_excursion,-702.35,RR1.00:16-17:834:2382,10,78,26,51,-408.5,80.85,0,0,0,0.0,0.0,0,0.0,0.0,,-489.35,,885.8,-1330.95,1001.6,-498.4,
547,2026-02,2026-02-03 00:00:00,False,2026-02-13 16:50:40,intratrade_excursion,-702.35,RR1.00:16-17:834:2382,10,78,26,51,-408.5,80.85,0,0,0,0.0,0.0,0,0.0,0.0,,-489.35,,885.8,-1330.95,1001.6,-498.4,
548,2026-02,2026-02-03 00:00:00,False,2026-02-13 16:50:40,intratrade_excursion,-702.35,RR1.00:16-17:834:2382,10,78,26,51,-408.5,80.85,0,0,0,0.0,0.0,0,0.0,0.0,,-489.35,,885.8,-1330.95,1001.6,-498.4,
549,2026-02,2026-02-03 00:00:00,False,2026-02-13 16:50:40,intratrade_excursion,-702.35,RR1.00:16-17:834:2382,10,78,26,51,-408.5,80.85,0,0,0,0.0,0.0,0,0.0,0.0,,-489.35,,885.8,-1330.95,1001.6,-498.4,
550,2026-02,2026-02-03 00:00:00,False,2026-02-13 16:50:40,intratrade_excursion,-702.35,RR1.00:16-17:834:2382,10,78,26,51,-408.5,80.85,0,0,0,0.0,0.0,0,0.0,0.0,,-489.35,,885.8,-1330.95,1001.6,-498.4,
551,2026-02,2026-02-03 00:00:00,False,2026-02-13 16:50:40,intratrade_excursion,-702.35,RR1.00:16-17:834:2382,10,78,26,51,-408.5,80.85,0,0,0,0.0,0.0,0,0.0,0.0,,-489.35,,885.8,-1330.95,1001.6,-498.4,
552,2026-02,2026-02-03 00:00:00,False,2026-02-13 16:50:40,intratrade_excursion,-702.35,RR1.00:16-17:834:2382,10,78,26,51,-408.5,80.85,0,0,0,0.0,0.0,0,0.0,0.0,,-489.35,,885.8,-1330.95,1001.6,-498.4,
553,2026-02,2026-02-03 00:00:00,False,2026-02-13 16:50:40,intratrade_excursion,-702.35,RR1.00:16-17:834:2382,10,78,26,51,-408.5,80.85,0,0,0,0.0,0.0,0,0.0,0.0,,-489.35,,885.8,-1330.95,1001.6,-498.4,
554,2026-02,2026-02-03 00:00:00,False,2026-02-13 16:50:40,intratrade_excursion,-702.35,RR1.00:16-17:834:2382,10,78,26,51,-408.5,80.85,0,0,0,0.0,0.0,0,0.0,0.0,,-489.35,,885.8,-1330.95,1001.6,-498.4,
555,2026-02,2026-02-14 00:00:00,False,2026-03-04 23:30:00,intratrade_excursion,-1488.9,RR1.00:18-19:460:1961,18,99,38,60,-1191.0,102.9,0,0,1,0.0,0.0,0,0.0,0.0,,-1293.9,,91.95,-1488.9,162.9,-1337.1,
556,2026-02,2026-02-14 00:00:00,False,2026-03-04 23:30:00,intratrade_excursion,-1488.9,RR1.00:18-19:460:1961,18,99,38,60,-1191.0,102.9,0,0,1,0.0,0.0,0,0.0,0.0,,-1293.9,,91.95,-1488.9,162.9,-1337.1,
557,2026-02,2026-02-14 00:00:00,False,2026-03-04 23:30:00,intratrade_excursion,-1488.9,RR1.00:18-19:460:1961,18,99,38,60,-1191.0,102.9,0,0,1,0.0,0.0,0,0.0,0.0,,-1293.9,,91.95,-1488.9,162.9,-1337.1,
558,2026-02,2026-02-14 00:00:00,False,2026-03-04 23:30:00,intratrade_excursion,-1488.9,RR1.00:18-19:460:1961,18,99,38,60,-1191.0,102.9,0,0,1,0.0,0.0,0,0.0,0.0,,-1293.9,,91.95,-1488.9,162.9,-1337.1,
559,2026-02,2026-02-14 00:00:00,False,2026-03-04 23:30:00,intratrade_excursion,-1488.9,RR1.00:18-19:460:1961,18,99,38,60,-1191.0,102.9,0,0,1,0.0,0.0,0,0.0,0.0,,-1293.9,,91.95,-1488.9,162.9,-1337.1,
560,2026-02,2026-02-14 00:00:00,False,2026-03-04 23:30:00,intratrade_excursion,-1488.9,RR1.00:18-19:460:1961,18,99,38,60,-1191.0,102.9,0,0,1,0.0,0.0,0,0.0,0.0,,-1293.9,,91.95,-1488.9,162.9,-1337.1,
561,2026-02,2026-02-14 00:00:00,False,2026-03-04 23:30:00,intratrade_excursion,-1488.9,RR1.00:18-19:460:1961,18,99,38,60,-1191.0,102.9,0,0,1,0.0,0.0,0,0.0,0.0,,-1293.9,,91.95,-1488.9,162.9,-1337.1,
562,2026-02,2026-02-14 00:00:00,False,2026-03-04 23:30:00,intratrade_excursion,-1488.9,RR1.00:18-19:460:1961,18,99,38,60,-1191.0,102.9,0,0,1,0.0,0.0,0,0.0,0.0,,-1293.9,,91.95,-1488.9,162.9,-1337.1,
563,2026-02,2026-02-14 00:00:00,False,2026-03-04 23:30:00,intratrade_excursion,-1488.9,RR1.00:18-19:460:1961,18,99,38,60,-1191.0,102.9,0,0,1,0.0,0.0,0,0.0,0.0,,-1293.9,,91.95,-1488.9,162.9,-1337.1,
564,2026-02,2026-02-14 00:00:00,False,2026-03-04 23:30:00,intratrade_excursion,-1488.9,RR1.00:18-19:460:1961,18,99,38,60,-1191.0,102.9,0,0,1,0.0,0.0,0,0.0,0.0,,-1293.9,,91.95,-1488.9,162.9,-1337.1,
565,2026-02,2026-02-14 00:00:00,False,2026-03-04 23:30:00,intratrade_excursion,-1488.9,RR1.00:18-19:460:1961,18,99,38,60,-1191.0,102.9,0,0,1,0.0,0.0,0,0.0,0.0,,-1293.9,,91.95,-1488.9,162.9,-1337.1,
566,2026-02,2026-02-14 00:00:00,False,2026-03-04 23:30:00,intratrade_excursion,-1488.9,RR1.00:18-19:460:1961,18,99,38,60,-1191.0,102.9,0,0,1,0.0,0.0,0,0.0,0.0,,-1293.9,,91.95,-1488.9,162.9,-1337.1,
567,2026-02,2026-02-14 00:00:00,False,2026-03-04 23:30:00,intratrade_excursion,-1488.9,RR1.00:18-19:460:1961,18,99,38,60,-1191.0,102.9,0,0,1,0.0,0.0,0,0.0,0.0,,-1293.9,,91.95,-1488.9,162.9,-1337.1,
568,2026-02,2026-02-14 00:00:00,False,2026-03-04 23:30:00,intratrade_excursion,-1488.9,RR1.00:18-19:460:1961,18,99,38,60,-1191.0,102.9,0,0,1,0.0,0.0,0,0.0,0.0,,-1293.9,,91.95,-1488.9,162.9,-1337.1,
569,2026-02,2026-02-14 00:00:00,False,2026-03-04 23:30:00,intratrade_excursion,-1488.9,RR1.00:18-19:460:1961,18,99,38,60,-1191.0,102.9,0,0,1,0.0,0.0,0,0.0,0.0,,-1293.9,,91.95,-1488.9,162.9,-1337.1,
570,2026-02,2026-02-14 00:00:00,False,2026-03-04 23:30:00,intratrade_excursion,-1488.9,RR1.00:18-19:460:1961,18,99,38,60,-1191.0,102.9,0,0,1,0.0,0.0,0,0.0,0.0,,-1293.9,,91.95,-1488.9,162.9,-1337.1,
571,2026-02,2026-02-14 00:00:00,False,2026-03-04 23:30:00,intratrade_excursion,-1488.9,RR1.00:18-19:460:1961,18,99,38,60,-1191.0,102.9,0,0,1,0.0,0.0,0,0.0,0.0,,-1293.9,,91.95,-1488.9,162.9,-1337.1,
572,2026-02,2026-02-14 00:00:00,False,2026-03-04 23:30:00,intratrade_excursion,-1488.9,RR1.00:18-19:460:1961,18,99,38,60,-1191.0,102.9,0,0,1,0.0,0.0,0,0.0,0.0,,-1293.9,,91.95,-1488.9,162.9,-1337.1,
573,2026-02,2026-02-14 00:00:00,False,2026-03-04 23:30:00,intratrade_excursion,-1488.9,RR1.00:18-19:460:1961,18,99,38,60,-1191.0,102.9,0,0,1,0.0,0.0,0,0.0,0.0,,-1293.9,,91.95,-1488.9,162.9,-1337.1,
574,2026-02,2026-02-14 00:00:00,False,2026-03-04 23:30:00,intratrade_excursion,-1488.9,RR1.00:18-19:460:1961,18,99,38,60,-1191.0,102.9,0,0,1,0.0,0.0,0,0.0,0.0,,-1293.9,,91.95,-1488.9,162.9,-1337.1,
575,2026-03,2026-03-05 00:00:00,False,2026-03-12 22:46:40,intratrade_excursion,-593.9,RR1.00:18-19:462:1968,7,49,17,31,-385.5,50.4,0,0,0,0.0,0.0,0,0.0,0.0,,-435.9,,969.6,-1095.25,1034.55,-465.45,
576,2026-03,2026-03-05 00:00:00,False,2026-03-12 22:46:40,intratrade_excursion,-593.9,RR1.00:18-19:462:1968,7,49,17,31,-385.5,50.4,0,0,0,0.0,0.0,0,0.0,0.0,,-435.9,,969.6,-1095.25,1034.55,-465.45,
577,2026-03,2026-03-05 00:00:00,False,2026-03-12 22:46:40,intratrade_excursion,-593.9,RR1.00:18-19:462:1968,7,49,17,31,-385.5,50.4,0,0,0,0.0,0.0,0,0.0,0.0,,-435.9,,969.6,-1095.25,1034.55,-465.45,
578,2026-03,2026-03-05 00:00:00,False,2026-03-12 22:46:40,intratrade_excursion,-593.9,RR1.00:18-19:462:1968,7,49,17,31,-385.5,50.4,0,0,0,0.0,0.0,0,0.0,0.0,,-435.9,,969.6,-1095.25,1034.55,-465.45,
579,2026-03,2026-03-05 00:00:00,False,2026-03-12 22:46:40,intratrade_excursion,-593.9,RR1.00:18-19:462:1968,7,49,17,31,-385.5,50.4,0,0,0,0.0,0.0,0,0.0,0.0,,-435.9,,969.6,-1095.25,1034.55,-465.45,
580,2026-03,2026-03-05 00:00:00,False,2026-03-12 22:46:40,intratrade_excursion,-593.9,RR1.00:18-19:462:1968,7,49,17,31,-385.5,50.4,0,0,0,0.0,0.0,0,0.0,0.0,,-435.9,,969.6,-1095.25,1034.55,-465.45,
581,2026-03,2026-03-05 00:00:00,False,2026-03-12 22:46:40,intratrade_excursion,-593.9,RR1.00:18-19:462:1968,7,49,17,31,-385.5,50.4,0,0,0,0.0,0.0,0,0.0,0.0,,-435.9,,969.6,-1095.25,1034.55,-465.45,
582,2026-03,2026-03-05 00:00:00,False,2026-03-12 22:46:40,intratrade_excursion,-593.9,RR1.00:18-19:462:1968,7,49,17,31,-385.5,50.4,0,0,0,0.0,0.0,0,0.0,0.0,,-435.9,,969.6,-1095.25,1034.55,-465.45,
583,2026-03,2026-03-05 00:00:00,False,2026-03-12 22:46:40,intratrade_excursion,-593.9,RR1.00:18-19:462:1968,7,49,17,31,-385.5,50.4,0,0,0,0.0,0.0,0,0.0,0.0,,-435.9,,969.6,-1095.25,1034.55,-465.45,
584,2026-03,2026-03-05 00:00:00,False,2026-03-12 22:46:40,intratrade_excursion,-593.9,RR1.00:18-19:462:1968,7,49,17,31,-385.5,50.4,0,0,0,0.0,0.0,0,0.0,0.0,,-435.9,,969.6,-1095.25,1034.55,-465.45,
585,2026-03,2026-03-05 00:00:00,False,2026-03-12 22:46:40,intratrade_excursion,-593.9,RR1.00:18-19:462:1968,7,49,17,31,-385.5,50.4,0,0,0,0.0,0.0,0,0.0,0.0,,-435.9,,969.6,-1095.25,1034.55,-465.45,
586,2026-03,2026-03-05 00:00:00,False,2026-03-12 22:46:40,intratrade_excursion,-593.9,RR1.00:18-19:462:1968,7,49,17,31,-385.5,50.4,0,0,0,0.0,0.0,0,0.0,0.0,,-435.9,,969.6,-1095.25,1034.55,-465.45,
587,2026-03,2026-03-05 00:00:00,False,2026-03-12 22:46:40,intratrade_excursion,-593.9,RR1.00:18-19:462:1968,7,49,17,31,-385.5,50.4,0,0,0,0.0,0.0,0,0.0,0.0,,-435.9,,969.6,-1095.25,1034.55,-465.45,
588,2026-03,2026-03-05 00:00:00,False,2026-03-12 22:46:40,intratrade_excursion,-593.9,RR1.00:18-19:462:1968,7,49,17,31,-385.5,50.4,0,0,0,0.0,0.0,0,0.0,0.0,,-435.9,,969.6,-1095.25,1034.55,-465.45,
589,2026-03,2026-03-05 00:00:00,False,2026-03-12 22:46:40,intratrade_excursion,-593.9,RR1.00:18-19:462:1968,7,49,17,31,-385.5,50.4,0,0,0,0.0,0.0,0,0.0,0.0,,-435.9,,969.6,-1095.25,1034.55,-465.45,
590,2026-03,2026-03-05 00:00:00,False,2026-03-12 22:46:40,intratrade_excursion,-593.9,RR1.00:18-19:462:1968,7,49,17,31,-385.5,50.4,0,0,0,0.0,0.0,0,0.0,0.0,,-435.9,,969.6,-1095.25,1034.55,-465.45,
591,2026-03,2026-03-05 00:00:00,False,2026-03-12 22:46:40,intratrade_excursion,-593.9,RR1.00:18-19:462:1968,7,49,17,31,-385.5,50.4,0,0,0,0.0,0.0,0,0.0,0.0,,-435.9,,969.6,-1095.25,1034.55,-465.45,
592,2026-03,2026-03-05 00:00:00,False,2026-03-12 22:46:40,intratrade_excursion,-593.9,RR1.00:18-19:462:1968,7,49,17,31,-385.5,50.4,0,0,0,0.0,0.0,0,0.0,0.0,,-435.9,,969.6,-1095.25,1034.55,-465.45,
593,2026-03,2026-03-05 00:00:00,False,2026-03-12 22:46:40,intratrade_excursion,-593.9,RR1.00:18-19:462:1968,7,49,17,31,-385.5,50.4,0,0,0,0.0,0.0,0,0.0,0.0,,-435.9,,969.6,-1095.25,1034.55,-465.45,
594,2026-03,2026-03-05 00:00:00,False,2026-03-12 22:46:40,intratrade_excursion,-593.9,RR1.00:18-19:462:1968,7,49,17,31,-385.5,50.4,0,0,0,0.0,0.0,0,0.0,0.0,,-435.9,,969.6,-1095.25,1034.55,-465.45,
595,2026-03,2026-03-13 00:00:00,False,2026-03-19 22:30:00,intratrade_excursion,-1542.15,RR1.00:20-21:515:1912,6,34,10,23,-1402.5,34.65,0,0,0,0.0,0.0,0,0.0,0.0,,-1437.15,,0.0,-1542.15,18.0,-1482.0,
596,2026-03,2026-03-13 00:00:00,False,2026-03-19 22:30:00,intratrade_excursion,-1542.15,RR1.00:20-21:515:1912,6,34,10,23,-1402.5,34.65,0,0,0,0.0,0.0,0,0.0,0.0,,-1437.15,,0.0,-1542.15,18.0,-1482.0,
597,2026-03,2026-03-13 00:00:00,False,2026-03-19 22:30:00,intratrade_excursion,-1542.15,RR1.00:20-21:515:1912,6,34,10,23,-1402.5,34.65,0,0,0,0.0,0.0,0,0.0,0.0,,-1437.15,,0.0,-1542.15,18.0,-1482.0,
598,2026-03,2026-03-13 00:00:00,False,2026-03-19 22:30:00,intratrade_excursion,-1542.15,RR1.00:20-21:515:1912,6,34,10,23,-1402.5,34.65,0,0,0,0.0,0.0,0,0.0,0.0,,-1437.15,,0.0,-1542.15,18.0,-1482.0,
599,2026-03,2026-03-13 00:00:00,False,2026-03-19 22:30:00,intratrade_excursion,-1542.15,RR1.00:20-21:515:1912,6,34,10,23,-1402.5,34.65,0,0,0,0.0,0.0,0,0.0,0.0,,-1437.15,,0.0,-1542.15,18.0,-1482.0,
600,2026-03,2026-03-13 00:00:00,False,2026-03-19 22:30:00,intratrade_excursion,-1542.15,RR1.00:20-21:515:1912,6,34,10,23,-1402.5,34.65,0,0,0,0.0,0.0,0,0.0,0.0,,-1437.15,,0.0,-1542.15,18.0,-1482.0,
601,2026-03,2026-03-13 00:00:00,False,2026-03-19 22:30:00,intratrade_excursion,-1542.15,RR1.00:20-21:515:1912,6,34,10,23,-1402.5,34.65,0,0,0,0.0,0.0,0,0.0,0.0,,-1437.15,,0.0,-1542.15,18.0,-1482.0,
602,2026-03,2026-03-13 00:00:00,False,2026-03-19 22:30:00,intratrade_excursion,-1542.15,RR1.00:20-21:515:1912,6,34,10,23,-1402.5,34.65,0,0,0,0.0,0.0,0,0.0,0.0,,-1437.15,,0.0,-1542.15,18.0,-1482.0,
603,2026-03,2026-03-13 00:00:00,False,2026-03-19 22:30:00,intratrade_excursion,-1542.15,RR1.00:20-21:515:1912,6,34,10,23,-1402.5,34.65,0,0,0,0.0,0.0,0,0.0,0.0,,-1437.15,,0.0,-1542.15,18.0,-1482.0,
604,2026-03,2026-03-13 00:00:00,False,2026-03-19 22:30:00,intratrade_excursion,-1542.15,RR1.00:20-21:515:1912,6,34,10,23,-1402.5,34.65,0,0,0,0.0,0.0,0,0.0,0.0,,-1437.15,,0.0,-1542.15,18.0,-1482.0,
605,2026-03,2026-03-13 00:00:00,False,2026-03-19 22:30:00,intratrade_excursion,-1542.15,RR1.00:20-21:515:1912,6,34,10,23,-1402.5,34.65,0,0,0,0.0,0.0,0,0.0,0.0,,-1437.15,,0.0,-1542.15,18.0,-1482.0,
606,2026-03,2026-03-13 00:00:00,False,2026-03-19 22:30:00,intratrade_excursion,-1542.15,RR1.00:20-21:515:1912,6,34,10,23,-1402.5,34.65,0,0,0,0.0,0.0,0,0.0,0.0,,-1437.15,,0.0,-1542.15,18.0,-1482.0,
607,2026-03,2026-03-13 00:00:00,False,2026-03-19 22:30:00,intratrade_excursion,-1542.15,RR1.00:20-21:515:1912,6,34,10,23,-1402.5,34.65,0,0,0,0.0,0.0,0,0.0,0.0,,-1437.15,,0.0,-1542.15,18.0,-1482.0,
608,2026-03,2026-03-13 00:00:00,False,2026-03-19 22:30:00,intratrade_excursion,-1542.15,RR1.00:20-21:515:1912,6,34,10,23,-1402.5,34.65,0,0,0,0.0,0.0,0,0.0,0.0,,-1437.15,,0.0,-1542.15,18.0,-1482.0,
609,2026-03,2026-03-13 00:00:00,False,2026-03-19 22:30:00,intratrade_excursion,-1542.15,RR1.00:20-21:515:1912,6,34,10,23,-1402.5,34.65,0,0,0,0.0,0.0,0,0.0,0.0,,-1437.15,,0.0,-1542.15,18.0,-1482.0,
610,2026-03,2026-03-13 00:00:00,False,2026-03-19 22:30:00,intratrade_excursion,-1542.15,RR1.00:20-21:515:1912,6,34,10,23,-1402.5,34.65,0,0,0,0.0,0.0,0,0.0,0.0,,-1437.15,,0.0,-1542.15,18.0,-1482.0,
611,2026-03,2026-03-13 00:00:00,False,2026-03-19 22:30:00,intratrade_excursion,-1542.15,RR1.00:20-21:515:1912,6,34,10,23,-1402.5,34.65,0,0,0,0.0,0.0,0,0.0,0.0,,-1437.15,,0.0,-1542.15,18.0,-1482.0,
612,2026-03,2026-03-13 00:00:00,False,2026-03-19 22:30:00,intratrade_excursion,-1542.15,RR1.00:20-21:515:1912,6,34,10,23,-1402.5,34.65,0,0,0,0.0,0.0,0,0.0,0.0,,-1437.15,,0.0,-1542.15,18.0,-1482.0,
613,2026-03,2026-03-13 00:00:00,False,2026-03-19 22:30:00,intratrade_excursion,-1542.15,RR1.00:20-21:515:1912,6,34,10,23,-1402.5,34.65,0,0,0,0.0,0.0,0,0.0,0.0,,-1437.15,,0.0,-1542.15,18.0,-1482.0,
614,2026-03,2026-03-13 00:00:00,False,2026-03-19 22:30:00,intratrade_excursion,-1542.15,RR1.00:20-21:515:1912,6,34,10,23,-1402.5,34.65,0,0,0,0.0,0.0,0,0.0,0.0,,-1437.15,,0.0,-1542.15,18.0,-1482.0,
615,2026-03,2026-03-20 00:00:00,False,2026-03-24 20:10:40,intratrade_excursion,-1667.8,RR1.00:17-18:370:1886,4,17,2,14,-1439.0,16.8,0,0,0,0.0,0.0,0,0.0,0.0,,-1455.8,,0.0,-1667.8,18.5,-1481.5,
616,2026-03,2026-03-20 00:00:00,False,2026-03-24 20:10:40,intratrade_excursion,-1667.8,RR1.00:17-18:370:1886,4,17,2,14,-1439.0,16.8,0,0,0,0.0,0.0,0,0.0,0.0,,-1455.8,,0.0,-1667.8,18.5,-1481.5,
617,2026-03,2026-03-20 00:00:00,False,2026-03-24 20:10:40,intratrade_excursion,-1667.8,RR1.00:17-18:370:1886,4,17,2,14,-1439.0,16.8,0,0,0,0.0,0.0,0,0.0,0.0,,-1455.8,,0.0,-1667.8,18.5,-1481.5,
618,2026-03,2026-03-20 00:00:00,False,2026-03-24 20:10:40,intratrade_excursion,-1667.8,RR1.00:17-18:370:1886,4,17,2,14,-1439.0,16.8,0,0,0,0.0,0.0,0,0.0,0.0,,-1455.8,,0.0,-1667.8,18.5,-1481.5,
619,2026-03,2026-03-20 00:00:00,False,2026-03-24 20:10:40,intratrade_excursion,-1667.8,RR1.00:17-18:370:1886,4,17,2,14,-1439.0,16.8,0,0,0,0.0,0.0,0,0.0,0.0,,-1455.8,,0.0,-1667.8,18.5,-1481.5,
620,2026-03,2026-03-20 00:00:00,False,2026-03-24 20:10:40,intratrade_excursion,-1667.8,RR1.00:17-18:370:1886,4,17,2,14,-1439.0,16.8,0,0,0,0.0,0.0,0,0.0,0.0,,-1455.8,,0.0,-1667.8,18.5,-1481.5,
621,2026-03,2026-03-20 00:00:00,False,2026-03-24 20:10:40,intratrade_excursion,-1667.8,RR1.00:17-18:370:1886,4,17,2,14,-1439.0,16.8,0,0,0,0.0,0.0,0,0.0,0.0,,-1455.8,,0.0,-1667.8,18.5,-1481.5,
622,2026-03,2026-03-20 00:00:00,False,2026-03-24 20:10:40,intratrade_excursion,-1667.8,RR1.00:17-18:370:1886,4,17,2,14,-1439.0,16.8,0,0,0,0.0,0.0,0,0.0,0.0,,-1455.8,,0.0,-1667.8,18.5,-1481.5,
623,2026-03,2026-03-20 00:00:00,False,2026-03-24 20:10:40,intratrade_excursion,-1667.8,RR1.00:17-18:370:1886,4,17,2,14,-1439.0,16.8,0,0,0,0.0,0.0,0,0.0,0.0,,-1455.8,,0.0,-1667.8,18.5,-1481.5,
624,2026-03,2026-03-20 00:00:00,False,2026-03-24 20:10:40,intratrade_excursion,-1667.8,RR1.00:17-18:370:1886,4,17,2,14,-1439.0,16.8,0,0,0,0.0,0.0,0,0.0,0.0,,-1455.8,,0.0,-1667.8,18.5,-1481.5,
625,2026-03,2026-03-20 00:00:00,False,2026-03-24 20:10:40,intratrade_excursion,-1667.8,RR1.00:17-18:370:1886,4,17,2,14,-1439.0,16.8,0,0,0,0.0,0.0,0,0.0,0.0,,-1455.8,,0.0,-1667.8,18.5,-1481.5,
626,2026-03,2026-03-20 00:00:00,False,2026-03-24 20:10:40,intratrade_excursion,-1667.8,RR1.00:17-18:370:1886,4,17,2,14,-1439.0,16.8,0,0,0,0.0,0.0,0,0.0,0.0,,-1455.8,,0.0,-1667.8,18.5,-1481.5,
627,2026-03,2026-03-20 00:00:00,False,2026-03-24 20:10:40,intratrade_excursion,-1667.8,RR1.00:17-18:370:1886,4,17,2,14,-1439.0,16.8,0,0,0,0.0,0.0,0,0.0,0.0,,-1455.8,,0.0,-1667.8,18.5,-1481.5,
628,2026-03,2026-03-20 00:00:00,False,2026-03-24 20:10:40,intratrade_excursion,-1667.8,RR1.00:17-18:370:1886,4,17,2,14,-1439.0,16.8,0,0,0,0.0,0.0,0,0.0,0.0,,-1455.8,,0.0,-1667.8,18.5,-1481.5,
629,2026-03,2026-03-20 00:00:00,False,2026-03-24 20:10:40,intratrade_excursion,-1667.8,RR1.00:17-18:370:1886,4,17,2,14,-1439.0,16.8,0,0,0,0.0,0.0,0,0.0,0.0,,-1455.8,,0.0,-1667.8,18.5,-1481.5,
630,2026-03,2026-03-20 00:00:00,False,2026-03-24 20:10:40,intratrade_excursion,-1667.8,RR1.00:17-18:370:1886,4,17,2,14,-1439.0,16.8,0,0,0,0.0,0.0,0,0.0,0.0,,-1455.8,,0.0,-1667.8,18.5,-1481.5,
631,2026-03,2026-03-20 00:00:00,False,2026-03-24 20:10:40,intratrade_excursion,-1667.8,RR1.00:17-18:370:1886,4,17,2,14,-1439.0,16.8,0,0,0,0.0,0.0,0,0.0,0.0,,-1455.8,,0.0,-1667.8,18.5,-1481.5,
632,2026-03,2026-03-20 00:00:00,False,2026-03-24 20:10:40,intratrade_excursion,-1667.8,RR1.00:17-18:370:1886,4,17,2,14,-1439.0,16.8,0,0,0,0.0,0.0,0,0.0,0.0,,-1455.8,,0.0,-1667.8,18.5,-1481.5,
633,2026-03,2026-03-20 00:00:00,False,2026-03-24 20:10:40,intratrade_excursion,-1667.8,RR1.00:17-18:370:1886,4,17,2,14,-1439.0,16.8,0,0,0,0.0,0.0,0,0.0,0.0,,-1455.8,,0.0,-1667.8,18.5,-1481.5,
634,2026-03,2026-03-20 00:00:00,False,2026-03-24 20:10:40,intratrade_excursion,-1667.8,RR1.00:17-18:370:1886,4,17,2,14,-1439.0,16.8,0,0,0,0.0,0.0,0,0.0,0.0,,-1455.8,,0.0,-1667.8,18.5,-1481.5,
635,2026-03,2026-03-25 00:00:00,False,2026-07-02 15:30:00,intratrade_excursion,55.95,RR1.00:10-11:618:2234,99,552,229,322,3856.5,578.55,2,11,0,3000.0,3000.0,0,0.0,0.0,2026-05-18 00:00:00,277.95,,6751.65,-576.95,6783.7,100.0,
636,2026-03,2026-03-25 00:00:00,False,2026-07-02 15:30:00,intratrade_excursion,55.95,RR1.00:10-11:618:2234,99,552,229,322,3856.5,578.55,2,11,0,3000.0,3000.0,0,0.0,0.0,2026-05-18 00:00:00,277.95,,6751.65,-576.95,6783.7,100.0,
637,2026-03,2026-03-25 00:00:00,False,2026-07-02 15:30:00,intratrade_excursion,55.95,RR1.00:10-11:618:2234,99,552,229,322,3856.5,578.55,2,11,0,3000.0,3000.0,0,0.0,0.0,2026-05-18 00:00:00,277.95,,6751.65,-576.95,6783.7,100.0,
638,2026-03,2026-03-25 00:00:00,False,2026-07-02 15:30:00,intratrade_excursion,55.95,RR1.00:10-11:618:2234,99,552,229,322,3856.5,578.55,2,11,0,3000.0,3000.0,0,0.0,0.0,2026-05-18 00:00:00,277.95,,6751.65,-576.95,6783.7,100.0,
639,2026-03,2026-03-25 00:00:00,False,2026-07-02 15:30:00,intratrade_excursion,55.95,RR1.00:10-11:618:2234,99,552,229,322,3856.5,578.55,2,11,0,3000.0,3000.0,0,0.0,0.0,2026-05-18 00:00:00,277.95,,6751.65,-576.95,6783.7,100.0,
640,2026-03,2026-03-25 00:00:00,False,2026-07-02 15:30:00,intratrade_excursion,55.95,RR1.00:10-11:618:2234,99,552,229,322,3856.5,578.55,2,11,0,3000.0,3000.0,0,0.0,0.0,2026-05-18 00:00:00,277.95,,6751.65,-576.95,6783.7,100.0,
641,2026-03,2026-03-25 00:00:00,False,2026-07-02 15:30:00,intratrade_excursion,55.95,RR1.00:10-11:618:2234,99,552,229,322,3856.5,578.55,2,11,0,3000.0,3000.0,0,0.0,0.0,2026-05-18 00:00:00,277.95,,6751.65,-576.95,6783.7,100.0,
642,2026-03,2026-03-25 00:00:00,False,2026-07-02 15:30:00,intratrade_excursion,55.95,RR1.00:10-11:618:2234,99,552,229,322,3856.5,578.55,2,11,0,3000.0,3000.0,0,0.0,0.0,2026-05-18 00:00:00,277.95,,6751.65,-576.95,6783.7,100.0,
643,2026-03,2026-03-25 00:00:00,False,2026-07-02 15:30:00,intratrade_excursion,55.95,RR1.00:10-11:618:2234,99,552,229,322,3856.5,578.55,2,11,0,3000.0,3000.0,0,0.0,0.0,2026-05-18 00:00:00,277.95,,6751.65,-576.95,6783.7,100.0,
644,2026-03,2026-03-25 00:00:00,False,2026-07-02 15:30:00,intratrade_excursion,55.95,RR1.00:10-11:618:2234,99,552,229,322,3856.5,578.55,2,11,0,3000.0,3000.0,0,0.0,0.0,2026-05-18 00:00:00,277.95,,6751.65,-576.95,6783.7,100.0,
645,2026-03,2026-03-25 00:00:00,False,2026-07-02 15:30:00,intratrade_excursion,55.95,RR1.00:10-11:618:2234,99,552,229,322,3856.5,578.55,2,11,0,3000.0,3000.0,0,0.0,0.0,2026-05-18 00:00:00,277.95,,6751.65,-576.95,6783.7,100.0,
646,2026-03,2026-03-25 00:00:00,False,2026-07-02 15:30:00,intratrade_excursion,55.95,RR1.00:10-11:618:2234,99,552,229,322,3856.5,578.55,2,11,0,3000.0,3000.0,0,0.0,0.0,2026-05-18 00:00:00,277.95,,6751.65,-576.95,6783.7,100.0,
647,2026-03,2026-03-25 00:00:00,False,2026-07-02 15:30:00,intratrade_excursion,55.95,RR1.00:10-11:618:2234,99,552,229,322,3856.5,578.55,2,11,0,3000.0,3000.0,0,0.0,0.0,2026-05-18 00:00:00,277.95,,6751.65,-576.95,6783.7,100.0,
648,2026-03,2026-03-25 00:00:00,False,2026-07-02 15:30:00,intratrade_excursion,55.95,RR1.00:10-11:618:2234,99,552,229,322,3856.5,578.55,2,11,0,3000.0,3000.0,0,0.0,0.0,2026-05-18 00:00:00,277.95,,6751.65,-576.95,6783.7,100.0,
649,2026-03,2026-03-25 00:00:00,False,2026-07-02 15:30:00,intratrade_excursion,55.95,RR1.00:10-11:618:2234,99,552,229,322,3856.5,578.55,2,11,0,3000.0,3000.0,0,0.0,0.0,2026-05-18 00:00:00,277.95,,6751.65,-576.95,6783.7,100.0,
650,2026-03,2026-03-25 00:00:00,False,2026-07-02 15:30:00,intratrade_excursion,55.95,RR1.00:10-11:618:2234,99,552,229,322,3856.5,578.55,2,11,0,3000.0,3000.0,0,0.0,0.0,2026-05-18 00:00:00,277.95,,6751.65,-576.95,6783.7,100.0,
651,2026-03,2026-03-25 00:00:00,False,2026-07-02 15:30:00,intratrade_excursion,55.95,RR1.00:10-11:618:2234,99,552,229,322,3856.5,578.55,2,11,0,3000.0,3000.0,0,0.0,0.0,2026-05-18 00:00:00,277.95,,6751.65,-576.95,6783.7,100.0,
652,2026-03,2026-03-25 00:00:00,False,2026-07-02 15:30:00,intratrade_excursion,55.95,RR1.00:10-11:618:2234,99,552,229,322,3856.5,578.55,2,11,0,3000.0,3000.0,0,0.0,0.0,2026-05-18 00:00:00,277.95,,6751.65,-576.95,6783.7,100.0,
653,2026-03,2026-03-25 00:00:00,False,2026-07-02 15:30:00,intratrade_excursion,55.95,RR1.00:10-11:618:2234,99,552,229,322,3856.5,578.55,2,11,0,3000.0,3000.0,0,0.0,0.0,2026-05-18 00:00:00,277.95,,6751.65,-576.95,6783.7,100.0,
654,2026-03,2026-03-25 00:00:00,False,2026-07-02 15:30:00,intratrade_excursion,55.95,RR1.00:10-11:618:2234,99,552,229,322,3856.5,578.55,2,11,0,3000.0,3000.0,0,0.0,0.0,2026-05-18 00:00:00,277.95,,6751.65,-576.95,6783.7,100.0,
655,2026-07,2026-07-03 00:00:00,True,,,,,,49,23,26,1776.5,51.45,0,1,0,0.0,0.0,0,0.0,0.0,,1725.05,26725.05,2115.3,-244.1,2159.85,100.0,1625.05
656,2026-07,2026-07-03 00:00:00,True,,,,,,49,23,26,1776.5,51.45,0,1,0,0.0,0.0,0,0.0,0.0,,1725.05,26725.05,2115.3,-244.1,2159.85,100.0,1625.05
657,2026-07,2026-07-03 00:00:00,True,,,,,,49,23,26,1776.5,51.45,0,1,0,0.0,0.0,0,0.0,0.0,,1725.05,26725.05,2115.3,-244.1,2159.85,100.0,1625.05
658,2026-07,2026-07-03 00:00:00,True,,,,,,49,23,26,1776.5,51.45,0,1,0,0.0,0.0,0,0.0,0.0,,1725.05,26725.05,2115.3,-244.1,2159.85,100.0,1625.05
659,2026-07,2026-07-03 00:00:00,True,,,,,,49,23,26,1776.5,51.45,0,1,0,0.0,0.0,0,0.0,0.0,,1725.05,26725.05,2115.3,-244.1,2159.85,100.0,1625.05
660,2026-07,2026-07-03 00:00:00,True,,,,,,49,23,26,1776.5,51.45,0,1,0,0.0,0.0,0,0.0,0.0,,1725.05,26725.05,2115.3,-244.1,2159.85,100.0,1625.05
661,2026-07,2026-07-03 00:00:00,True,,,,,,49,23,26,1776.5,51.45,0,1,0,0.0,0.0,0,0.0,0.0,,1725.05,26725.05,2115.3,-244.1,2159.85,100.0,1625.05
662,2026-07,2026-07-03 00:00:00,True,,,,,,49,23,26,1776.5,51.45,0,1,0,0.0,0.0,0,0.0,0.0,,1725.05,26725.05,2115.3,-244.1,2159.85,100.0,1625.05
663,2026-07,2026-07-03 00:00:00,True,,,,,,49,23,26,1776.5,51.45,0,1,0,0.0,0.0,0,0.0,0.0,,1725.05,26725.05,2115.3,-244.1,2159.85,100.0,1625.05
664,2026-07,2026-07-03 00:00:00,True,,,,,,49,23,26,1776.5,51.45,0,1,0,0.0,0.0,0,0.0,0.0,,1725.05,26725.05,2115.3,-244.1,2159.85,100.0,1625.05
665,2026-07,2026-07-03 00:00:00,True,,,,,,49,23,26,1776.5,51.45,0,1,0,0.0,0.0,0,0.0,0.0,,1725.05,26725.05,2115.3,-244.1,2159.85,100.0,1625.05
666,2026-07,2026-07-03 00:00:00,True,,,,,,49,23,26,1776.5,51.45,0,1,0,0.0,0.0,0,0.0,0.0,,1725.05,26725.05,2115.3,-244.1,2159.85,100.0,1625.05
667,2026-07,2026-07-03 00:00:00,True,,,,,,49,23,26,1776.5,51.45,0,1,0,0.0,0.0,0,0.0,0.0,,1725.05,26725.05,2115.3,-244.1,2159.85,100.0,1625.05
668,2026-07,2026-07-03 00:00:00,True,,,,,,49,23,26,1776.5,51.45,0,1,0,0.0,0.0,0,0.0,0.0,,1725.05,26725.05,2115.3,-244.1,2159.85,100.0,1625.05
669,2026-07,2026-07-03 00:00:00,True,,,,,,49,23,26,1776.5,51.45,0,1,0,0.0,0.0,0,0.0,0.0,,1725.05,26725.05,2115.3,-244.1,2159.85,100.0,1625.05
670,2026-07,2026-07-03 00:00:00,True,,,,,,49,23,26,1776.5,51.45,0,1,0,0.0,0.0,0,0.0,0.0,,1725.05,26725.05,2115.3,-244.1,2159.85,100.0,1625.05
671,2026-07,2026-07-03 00:00:00,True,,,,,,49,23,26,1776.5,51.45,0,1,0,0.0,0.0,0,0.0,0.0,,1725.05,26725.05,2115.3,-244.1,2159.85,100.0,1625.05
672,2026-07,2026-07-03 00:00:00,True,,,,,,49,23,26,1776.5,51.45,0,1,0,0.0,0.0,0,0.0,0.0,,1725.05,26725.05,2115.3,-244.1,2159.85,100.0,1625.05
673,2026-07,2026-07-03 00:00:00,True,,,,,,49,23,26,1776.5,51.45,0,1,0,0.0,0.0,0,0.0,0.0,,1725.05,26725.05,2115.3,-244.1,2159.85,100.0,1625.05
674,2026-07,2026-07-03 00:00:00,True,,,,,,49,23,26,1776.5,51.45,0,1,0,0.0,0.0,0,0.0,0.0,,1725.05,26725.05,2115.3,-244.1,2159.85,100.0,1625.05
