cohort,rr,budget,method,breached,horizon_open_trade_censored,trade_key,window,entry,exit,pnl_before,pnl_after,kind,interval_start
12m_2020-01-01,0.50,1500,closed_floor,False,0,,,,,,,,
12m_2020-01-01,0.50,1500,excursion_floor,False,0,,,,,,,,
12m_2020-01-01,0.50,1500,closed_peak_dd,False,0,,,,,,,,
12m_2020-01-01,0.50,6800,closed_floor,False,0,,,,,,,,
12m_2020-01-01,0.50,6800,excursion_floor,False,0,,,,,,,,
12m_2020-01-01,0.50,6800,closed_peak_dd,False,0,,,,,,,,
12m_2020-01-01,0.75,1500,closed_floor,False,0,,,,,,,,
12m_2020-01-01,0.75,1500,excursion_floor,False,0,,,,,,,,
12m_2020-01-01,0.75,1500,closed_peak_dd,True,0,RR0.75:18-19:15:58,18-19,2020-03-12T18:54:40,2020-03-12T21:06:40,-337.0,-603.05,realized_drawdown,2020-03-12T21:06:40
12m_2020-01-01,0.75,6800,closed_floor,False,0,,,,,,,,
12m_2020-01-01,0.75,6800,excursion_floor,False,0,,,,,,,,
12m_2020-01-01,0.75,6800,closed_peak_dd,False,0,,,,,,,,
12m_2020-01-01,1.00,1500,closed_floor,True,0,RR1.00:16-17:38:98,16-17,2020-03-17T16:49:40,2020-03-18T19:28:40,-1058.85,-1628.4,close,2020-03-18T19:28:40
12m_2020-01-01,1.00,1500,excursion_floor,True,0,RR1.00:16-17:38:98,16-17,2020-03-17T16:49:40,2020-03-18T19:28:40,-1058.85,-1628.4,mae,2020-03-17T16:49:40
12m_2020-01-01,1.00,1500,closed_peak_dd,True,0,RR1.00:2-3:21:75,2-3,2020-03-13T02:08:20,2020-03-13T03:10:40,-805.1,-997.65,realized_drawdown,2020-03-13T03:10:40
12m_2020-01-01,1.00,6800,closed_floor,False,0,,,,,,,,
12m_2020-01-01,1.00,6800,excursion_floor,False,0,,,,,,,,
12m_2020-01-01,1.00,6800,closed_peak_dd,False,0,,,,,,,,
12m_2020-01-01,1.25,1500,closed_floor,True,0,RR1.25:2-3:21:75,2-3,2020-03-13T02:08:20,2020-03-13T03:10:40,-1392.25,-1584.8,close,2020-03-13T03:10:40
12m_2020-01-01,1.25,1500,excursion_floor,True,0,RR1.25:2-3:21:75,2-3,2020-03-13T02:08:20,2020-03-13T03:10:40,-1392.25,-1584.8,mae,2020-03-13T02:08:20
12m_2020-01-01,1.25,1500,closed_peak_dd,True,0,RR1.25:11-12:13:70,11-12,2020-03-12T11:45:40,2020-03-12T12:22:40,-721.55,-768.6,realized_drawdown,2020-03-12T12:22:40
12m_2020-01-01,1.25,6800,closed_floor,False,0,,,,,,,,
12m_2020-01-01,1.25,6800,excursion_floor,False,0,,,,,,,,
12m_2020-01-01,1.25,6800,closed_peak_dd,False,0,,,,,,,,
12m_2020-01-01,1.50,1500,closed_floor,True,0,RR1.50:16-17:38:98,16-17,2020-03-17T16:49:40,2020-03-18T19:28:40,-1354.5,-1924.05,close,2020-03-18T19:28:40
12m_2020-01-01,1.50,1500,excursion_floor,True,0,RR1.50:16-17:38:98,16-17,2020-03-17T16:49:40,2020-03-18T19:28:40,-1354.5,-1924.05,mae,2020-03-17T16:49:40
12m_2020-01-01,1.50,1500,closed_peak_dd,True,0,RR1.50:16-17:36:93,16-17,2020-03-12T16:53:40,2020-03-12T17:19:40,-597.15,-880.2,realized_drawdown,2020-03-12T17:19:40
12m_2020-01-01,1.50,6800,closed_floor,False,0,,,,,,,,
12m_2020-01-01,1.50,6800,excursion_floor,False,0,,,,,,,,
12m_2020-01-01,1.50,6800,closed_peak_dd,False,0,,,,,,,,
12m_2020-01-01,1.75,1500,closed_floor,False,0,,,,,,,,
12m_2020-01-01,1.75,1500,excursion_floor,False,0,,,,,,,,
12m_2020-01-01,1.75,1500,closed_peak_dd,True,0,RR1.75:2-3:21:75,2-3,2020-03-13T02:08:20,2020-03-13T03:10:40,-652.85,-845.4,realized_drawdown,2020-03-13T03:10:40
12m_2020-01-01,1.75,6800,closed_floor,False,0,,,,,,,,
12m_2020-01-01,1.75,6800,excursion_floor,False,0,,,,,,,,
12m_2020-01-01,1.75,6800,closed_peak_dd,False,0,,,,,,,,
12m_2020-01-01,2.00,1500,closed_floor,False,0,,,,,,,,
12m_2020-01-01,2.00,1500,excursion_floor,False,0,,,,,,,,
12m_2020-01-01,2.00,1500,closed_peak_dd,True,0,RR2.00:18-19:15:58,18-19,2020-03-12T18:54:40,2020-03-12T21:06:40,-254.7,-520.75,realized_drawdown,2020-03-12T21:06:40
12m_2020-01-01,2.00,6800,closed_floor,False,0,,,,,,,,
12m_2020-01-01,2.00,6800,excursion_floor,False,0,,,,,,,,
12m_2020-01-01,2.00,6800,closed_peak_dd,False,0,,,,,,,,
12m_2020-01-01,2.25,1500,closed_floor,False,0,,,,,,,,
12m_2020-01-01,2.25,1500,excursion_floor,False,0,,,,,,,,
12m_2020-01-01,2.25,1500,closed_peak_dd,True,0,RR2.25:16-17:36:93,16-17,2020-03-12T16:53:40,2020-03-12T17:19:40,-10.8,-293.85,realized_drawdown,2020-03-12T17:19:40
12m_2020-01-01,2.25,6800,closed_floor,False,0,,,,,,,,
12m_2020-01-01,2.25,6800,excursion_floor,False,0,,,,,,,,
12m_2020-01-01,2.25,6800,closed_peak_dd,False,0,,,,,,,,
12m_2020-01-01,2.50,1500,closed_floor,True,0,RR2.50:2-3:21:75,2-3,2020-03-13T02:08:20,2020-03-13T03:10:40,-1353.0,-1545.55,close,2020-03-13T03:10:40
12m_2020-01-01,2.50,1500,excursion_floor,True,0,RR2.50:2-3:21:75,2-3,2020-03-13T02:08:20,2020-03-13T03:10:40,-1353.0,-1545.55,mae,2020-03-13T02:08:20
12m_2020-01-01,2.50,1500,closed_peak_dd,True,0,RR2.50:12-13:12:57,12-13,2020-03-12T12:58:40,2020-03-12T13:52:40,-729.35,-803.9,realized_drawdown,2020-03-12T13:52:40
12m_2020-01-01,2.50,6800,closed_floor,False,0,,,,,,,,
12m_2020-01-01,2.50,6800,excursion_floor,False,0,,,,,,,,
12m_2020-01-01,2.50,6800,closed_peak_dd,False,0,,,,,,,,
12m_2020-01-01,2.75,1500,closed_floor,True,0,RR2.75:18-19:15:58,18-19,2020-03-12T18:54:40,2020-03-12T21:06:40,-1331.8,-1597.85,close,2020-03-12T21:06:40
12m_2020-01-01,2.75,1500,excursion_floor,True,0,RR2.75:18-19:15:58,18-19,2020-03-12T18:54:40,2020-03-12T21:06:40,-1331.8,-1597.85,mae,2020-03-12T18:54:40
12m_2020-01-01,2.75,1500,closed_peak_dd,True,0,RR2.75:13-14:22:65,13-14,2020-02-28T13:07:40,2020-02-28T15:44:20,-777.05,-901.1,realized_drawdown,2020-02-28T15:44:20
12m_2020-01-01,2.75,6800,closed_floor,False,0,,,,,,,,
12m_2020-01-01,2.75,6800,excursion_floor,False,0,,,,,,,,
12m_2020-01-01,2.75,6800,closed_peak_dd,False,0,,,,,,,,
12m_2020-01-01,3.00,1500,closed_floor,True,0,RR3.00:12-13:12:57,12-13,2020-03-12T12:58:40,2020-03-12T13:52:40,-1458.1,-1532.65,close,2020-03-12T13:52:40
12m_2020-01-01,3.00,1500,excursion_floor,True,0,RR3.00:12-13:12:57,12-13,2020-03-12T12:58:40,2020-03-12T13:52:40,-1458.1,-1532.65,mae,2020-03-12T12:58:40
12m_2020-01-01,3.00,1500,closed_peak_dd,True,0,RR3.00:8-9:12:53,8-9,2020-02-28T08:57:40,2020-02-28T11:25:40,-523.55,-666.6,realized_drawdown,2020-02-28T11:25:40
12m_2020-01-01,3.00,6800,closed_floor,False,0,,,,,,,,
12m_2020-01-01,3.00,6800,excursion_floor,False,0,,,,,,,,
12m_2020-01-01,3.00,6800,closed_peak_dd,False,0,,,,,,,,
12m_2020-01-01,3.25,1500,closed_floor,True,0,RR3.25:16-17:36:93,16-17,2020-03-12T16:53:40,2020-03-12T17:19:40,-1311.3,-1594.35,close,2020-03-12T17:19:40
12m_2020-01-01,3.25,1500,excursion_floor,True,0,RR3.25:16-17:36:93,16-17,2020-03-12T16:53:40,2020-03-12T17:19:40,-1311.3,-1594.35,mae,2020-03-12T16:53:40
12m_2020-01-01,3.25,1500,closed_peak_dd,True,0,RR3.25:8-9:12:53,8-9,2020-02-28T08:57:40,2020-02-28T11:25:40,-402.8,-545.85,realized_drawdown,2020-02-28T11:25:40
12m_2020-01-01,3.25,6800,closed_floor,False,0,,,,,,,,
12m_2020-01-01,3.25,6800,excursion_floor,False,0,,,,,,,,
12m_2020-01-01,3.25,6800,closed_peak_dd,False,0,,,,,,,,
12m_2020-01-01,3.50,1500,closed_floor,True,0,RR3.50:16-17:36:93,16-17,2020-03-12T16:53:40,2020-03-12T17:19:40,-1285.7,-1568.75,close,2020-03-12T17:19:40
12m_2020-01-01,3.50,1500,excursion_floor,True,0,RR3.50:16-17:36:93,16-17,2020-03-12T16:53:40,2020-03-12T17:19:40,-1285.7,-1568.75,mae,2020-03-12T16:53:40
12m_2020-01-01,3.50,1500,closed_peak_dd,True,0,RR3.50:8-9:12:53,8-9,2020-02-28T08:57:40,2020-02-28T11:25:40,-377.2,-520.25,realized_drawdown,2020-02-28T11:25:40
12m_2020-01-01,3.50,6800,closed_floor,False,0,,,,,,,,
12m_2020-01-01,3.50,6800,excursion_floor,False,0,,,,,,,,
12m_2020-01-01,3.50,6800,closed_peak_dd,False,0,,,,,,,,
12m_2020-04-01,0.50,1500,closed_floor,False,0,,,,,,,,
12m_2020-04-01,0.50,1500,excursion_floor,False,0,,,,,,,,
12m_2020-04-01,0.50,1500,closed_peak_dd,True,0,RR0.50:12-13:86:327,12-13,2021-01-15T12:33:40,2021-01-15T12:57:40,860.9,821.35,realized_drawdown,2021-01-15T12:57:40
12m_2020-04-01,0.50,6800,closed_floor,False,0,,,,,,,,
12m_2020-04-01,0.50,6800,excursion_floor,False,0,,,,,,,,
12m_2020-04-01,0.50,6800,closed_peak_dd,False,0,,,,,,,,
12m_2020-04-01,0.75,1500,closed_floor,False,0,,,,,,,,
12m_2020-04-01,0.75,1500,excursion_floor,False,0,,,,,,,,
12m_2020-04-01,0.75,1500,closed_peak_dd,True,0,RR0.75:17-18:70:324,17-18,2021-01-29T17:23:40,2021-01-29T18:22:40,1632.35,1356.8,realized_drawdown,2021-01-29T18:22:40
12m_2020-04-01,0.75,6800,closed_floor,False,0,,,,,,,,
12m_2020-04-01,0.75,6800,excursion_floor,False,0,,,,,,,,
12m_2020-04-01,0.75,6800,closed_peak_dd,False,0,,,,,,,,
12m_2020-04-01,1.00,1500,closed_floor,False,0,,,,,,,,
12m_2020-04-01,1.00,1500,excursion_floor,False,0,,,,,,,,
12m_2020-04-01,1.00,1500,closed_peak_dd,True,0,RR1.00:22-23:55:219,22-23,2020-10-06T22:34:40,2020-10-06T23:30:00,1189.6,1025.55,realized_drawdown,2020-10-06T23:30:00
12m_2020-04-01,1.00,6800,closed_floor,False,0,,,,,,,,
12m_2020-04-01,1.00,6800,excursion_floor,False,0,,,,,,,,
12m_2020-04-01,1.00,6800,closed_peak_dd,False,0,,,,,,,,
12m_2020-04-01,1.25,1500,closed_floor,False,0,,,,,,,,
12m_2020-04-01,1.25,1500,excursion_floor,False,0,,,,,,,,
12m_2020-04-01,1.25,1500,closed_peak_dd,True,0,RR1.25:13-14:108:398,13-14,2021-02-23T13:15:40,2021-02-23T16:34:40,3173.05,3022.0,realized_drawdown,2021-02-23T16:34:40
12m_2020-04-01,1.25,6800,closed_floor,False,0,,,,,,,,
12m_2020-04-01,1.25,6800,excursion_floor,False,0,,,,,,,,
12m_2020-04-01,1.25,6800,closed_peak_dd,False,0,,,,,,,,
12m_2020-04-01,1.50,1500,closed_floor,False,0,,,,,,,,
12m_2020-04-01,1.50,1500,excursion_floor,False,0,,,,,,,,
12m_2020-04-01,1.50,1500,closed_peak_dd,True,0,RR1.50:22-23:35:142,22-23,2020-06-26T22:47:40,2020-06-26T22:52:40,118.35,34.3,realized_drawdown,2020-06-26T22:52:40
12m_2020-04-01,1.50,6800,closed_floor,False,0,,,,,,,,
12m_2020-04-01,1.50,6800,excursion_floor,False,0,,,,,,,,
12m_2020-04-01,1.50,6800,closed_peak_dd,False,0,,,,,,,,
12m_2020-04-01,1.75,1500,closed_floor,False,0,,,,,,,,
12m_2020-04-01,1.75,1500,excursion_floor,False,0,,,,,,,,
12m_2020-04-01,1.75,1500,closed_peak_dd,True,0,RR1.75:15-16:45:161,15-16,2020-06-18T15:39:40,2020-06-18T17:33:40,612.4,537.85,realized_drawdown,2020-06-18T17:33:40
12m_2020-04-01,1.75,6800,closed_floor,False,0,,,,,,,,
12m_2020-04-01,1.75,6800,excursion_floor,False,0,,,,,,,,
12m_2020-04-01,1.75,6800,closed_peak_dd,False,0,,,,,,,,
12m_2020-04-01,2.00,1500,closed_floor,False,0,,,,,,,,
12m_2020-04-01,2.00,1500,excursion_floor,False,0,,,,,,,,
12m_2020-04-01,2.00,1500,closed_peak_dd,True,0,RR2.00:17-18:34:138,17-18,2020-06-18T17:58:40,2020-06-18T22:00:40,1179.15,1083.1,realized_drawdown,2020-06-18T22:00:40
12m_2020-04-01,2.00,6800,closed_floor,False,0,,,,,,,,
12m_2020-04-01,2.00,6800,excursion_floor,False,0,,,,,,,,
12m_2020-04-01,2.00,6800,closed_peak_dd,False,0,,,,,,,,
12m_2020-04-01,2.25,1500,closed_floor,False,0,,,,,,,,
12m_2020-04-01,2.25,1500,excursion_floor,False,0,,,,,,,,
12m_2020-04-01,2.25,1500,closed_peak_dd,True,0,RR2.25:18-19:35:152,18-19,2020-06-26T18:07:40,2020-06-26T22:35:40,741.45,568.9,realized_drawdown,2020-06-26T22:35:40
12m_2020-04-01,2.25,6800,closed_floor,False,0,,,,,,,,
12m_2020-04-01,2.25,6800,excursion_floor,False,0,,,,,,,,
12m_2020-04-01,2.25,6800,closed_peak_dd,False,0,,,,,,,,
12m_2020-04-01,2.50,1500,closed_floor,False,0,,,,,,,,
12m_2020-04-01,2.50,1500,excursion_floor,False,0,,,,,,,,
12m_2020-04-01,2.50,1500,closed_peak_dd,True,0,RR2.50:2-3:49:171,2-3,2020-06-29T02:40:40,2020-06-29T09:07:40,801.8,740.75,realized_drawdown,2020-06-29T09:07:40
12m_2020-04-01,2.50,6800,closed_floor,False,0,,,,,,,,
12m_2020-04-01,2.50,6800,excursion_floor,False,0,,,,,,,,
12m_2020-04-01,2.50,6800,closed_peak_dd,False,0,,,,,,,,
12m_2020-04-01,2.75,1500,closed_floor,False,0,,,,,,,,
12m_2020-04-01,2.75,1500,excursion_floor,False,0,,,,,,,,
12m_2020-04-01,2.75,1500,closed_peak_dd,True,0,RR2.75:10-11:41:158,10-11,2020-06-29T10:00:40,2020-06-29T16:31:40,988.3,933.25,realized_drawdown,2020-06-29T16:31:40
12m_2020-04-01,2.75,6800,closed_floor,False,0,,,,,,,,
12m_2020-04-01,2.75,6800,excursion_floor,False,0,,,,,,,,
12m_2020-04-01,2.75,6800,closed_peak_dd,False,0,,,,,,,,
12m_2020-04-01,3.00,1500,closed_floor,False,0,,,,,,,,
12m_2020-04-01,3.00,1500,excursion_floor,False,0,,,,,,,,
12m_2020-04-01,3.00,1500,closed_peak_dd,True,0,RR3.00:20-21:93:335,20-21,2021-02-25T20:20:40,2021-02-25T22:15:40,4862.05,4605.0,realized_drawdown,2021-02-25T22:15:40
12m_2020-04-01,3.00,6800,closed_floor,False,0,,,,,,,,
12m_2020-04-01,3.00,6800,excursion_floor,False,0,,,,,,,,
12m_2020-04-01,3.00,6800,closed_peak_dd,False,0,,,,,,,,
12m_2020-04-01,3.25,1500,closed_floor,False,0,,,,,,,,
12m_2020-04-01,3.25,1500,excursion_floor,False,0,,,,,,,,
12m_2020-04-01,3.25,1500,closed_peak_dd,True,0,RR3.25:20-21:93:334,20-21,2021-02-25T20:20:40,2021-02-25T22:15:40,4366.3,4109.25,realized_drawdown,2021-02-25T22:15:40
12m_2020-04-01,3.25,6800,closed_floor,False,0,,,,,,,,
12m_2020-04-01,3.25,6800,excursion_floor,False,0,,,,,,,,
12m_2020-04-01,3.25,6800,closed_peak_dd,False,0,,,,,,,,
12m_2020-04-01,3.50,1500,closed_floor,False,0,,,,,,,,
12m_2020-04-01,3.50,1500,excursion_floor,False,0,,,,,,,,
12m_2020-04-01,3.50,1500,closed_peak_dd,True,0,RR3.50:20-21:93:334,20-21,2021-02-25T20:20:40,2021-02-25T22:15:40,3943.0,3685.95,realized_drawdown,2021-02-25T22:15:40
12m_2020-04-01,3.50,6800,closed_floor,False,0,,,,,,,,
12m_2020-04-01,3.50,6800,excursion_floor,False,0,,,,,,,,
12m_2020-04-01,3.50,6800,closed_peak_dd,False,0,,,,,,,,
12m_2020-07-01,0.50,1500,closed_floor,True,0,RR0.50:2-3:138:503,2-3,2021-06-04T02:00:40,2021-06-04T02:13:40,-1484.4,-1507.45,close,2021-06-04T02:13:40
12m_2020-07-01,0.50,1500,excursion_floor,True,0,RR0.50:2-3:138:503,2-3,2021-06-04T02:00:40,2021-06-04T02:13:40,-1484.4,-1507.45,mae,2021-06-04T02:00:40
12m_2020-07-01,0.50,1500,closed_peak_dd,True,0,RR0.50:12-13:86:327,12-13,2021-01-15T12:33:40,2021-01-15T12:57:40,652.8,613.25,realized_drawdown,2021-01-15T12:57:40
12m_2020-07-01,0.50,6800,closed_floor,False,0,,,,,,,,
12m_2020-07-01,0.50,6800,excursion_floor,False,0,,,,,,,,
12m_2020-07-01,0.50,6800,closed_peak_dd,False,0,,,,,,,,
12m_2020-07-01,0.75,1500,closed_floor,True,0,RR0.75:20-21:126:448,20-21,2021-06-16T20:34:40,2021-06-16T20:49:40,-1470.65,-1508.2,close,2021-06-16T20:49:40
12m_2020-07-01,0.75,1500,excursion_floor,True,0,RR0.75:22-23:115:446,22-23,2021-06-15T22:43:40,2021-06-15T23:30:00,-1460.45,-1451.0,mae,2021-06-15T22:43:40
12m_2020-07-01,0.75,1500,closed_peak_dd,True,0,RR0.75:17-18:70:324,17-18,2021-01-29T17:23:40,2021-01-29T18:22:40,958.7,683.15,realized_drawdown,2021-01-29T18:22:40
12m_2020-07-01,0.75,6800,closed_floor,False,0,,,,,,,,
12m_2020-07-01,0.75,6800,excursion_floor,False,0,,,,,,,,
12m_2020-07-01,0.75,6800,closed_peak_dd,False,0,,,,,,,,
12m_2020-07-01,1.00,1500,closed_floor,False,0,,,,,,,,
12m_2020-07-01,1.00,1500,excursion_floor,False,0,,,,,,,,
12m_2020-07-01,1.00,1500,closed_peak_dd,True,0,RR1.00:22-23:55:219,22-23,2020-10-06T22:34:40,2020-10-06T23:30:00,537.95,373.9,realized_drawdown,2020-10-06T23:30:00
12m_2020-07-01,1.00,6800,closed_floor,False,0,,,,,,,,
12m_2020-07-01,1.00,6800,excursion_floor,False,0,,,,,,,,
12m_2020-07-01,1.00,6800,closed_peak_dd,False,0,,,,,,,,
12m_2020-07-01,1.25,1500,closed_floor,False,0,,,,,,,,
12m_2020-07-01,1.25,1500,excursion_floor,False,0,,,,,,,,
12m_2020-07-01,1.25,1500,closed_peak_dd,True,0,RR1.25:13-14:108:398,13-14,2021-02-23T13:15:40,2021-02-23T16:34:40,2647.65,2496.6,realized_drawdown,2021-02-23T16:34:40
12m_2020-07-01,1.25,6800,closed_floor,False,0,,,,,,,,
12m_2020-07-01,1.25,6800,excursion_floor,False,0,,,,,,,,
12m_2020-07-01,1.25,6800,closed_peak_dd,False,0,,,,,,,,
12m_2020-07-01,1.50,1500,closed_floor,False,0,,,,,,,,
12m_2020-07-01,1.50,1500,excursion_floor,False,0,,,,,,,,
12m_2020-07-01,1.50,1500,closed_peak_dd,True,0,RR1.50:6-7:97:387,6-7,2021-02-26T06:02:40,2021-02-26T06:10:40,2979.75,2912.2,realized_drawdown,2021-02-26T06:10:40
12m_2020-07-01,1.50,6800,closed_floor,False,0,,,,,,,,
12m_2020-07-01,1.50,6800,excursion_floor,False,0,,,,,,,,
12m_2020-07-01,1.50,6800,closed_peak_dd,False,0,,,,,,,,
12m_2020-07-01,1.75,1500,closed_floor,False,0,,,,,,,,
12m_2020-07-01,1.75,1500,excursion_floor,False,0,,,,,,,,
12m_2020-07-01,1.75,1500,closed_peak_dd,True,0,RR1.75:17-18:97:439,17-18,2021-06-03T17:59:40,2021-06-03T23:30:00,5134.1,5032.55,realized_drawdown,2021-06-03T23:30:00
12m_2020-07-01,1.75,6800,closed_floor,False,0,,,,,,,,
12m_2020-07-01,1.75,6800,excursion_floor,False,0,,,,,,,,
12m_2020-07-01,1.75,6800,closed_peak_dd,False,0,,,,,,,,
12m_2020-07-01,2.00,1500,closed_floor,False,0,,,,,,,,
12m_2020-07-01,2.00,1500,excursion_floor,False,0,,,,,,,,
12m_2020-07-01,2.00,1500,closed_peak_dd,True,0,RR2.00:12-13:114:430,12-13,2021-05-19T12:04:40,2021-05-19T12:54:40,5747.05,5689.5,realized_drawdown,2021-05-19T12:54:40
12m_2020-07-01,2.00,6800,closed_floor,False,0,,,,,,,,
12m_2020-07-01,2.00,6800,excursion_floor,False,0,,,,,,,,
12m_2020-07-01,2.00,6800,closed_peak_dd,False,0,,,,,,,,
12m_2020-07-01,2.25,1500,closed_floor,False,0,,,,,,,,
12m_2020-07-01,2.25,1500,excursion_floor,False,0,,,,,,,,
12m_2020-07-01,2.25,1500,closed_peak_dd,True,0,RR2.25:1-2:102:369,1-2,2021-05-13T01:13:40,2021-05-13T10:49:20,5908.3,5829.25,realized_drawdown,2021-05-13T10:49:20
12m_2020-07-01,2.25,6800,closed_floor,False,0,,,,,,,,
12m_2020-07-01,2.25,6800,excursion_floor,False,0,,,,,,,,
12m_2020-07-01,2.25,6800,closed_peak_dd,False,0,,,,,,,,
12m_2020-07-01,2.50,1500,closed_floor,False,0,,,,,,,,
12m_2020-07-01,2.50,1500,excursion_floor,False,0,,,,,,,,
12m_2020-07-01,2.50,1500,closed_peak_dd,True,0,RR2.50:1-2:102:369,1-2,2021-05-13T01:13:40,2021-05-13T10:49:20,4834.0,4754.95,realized_drawdown,2021-05-13T10:49:20
12m_2020-07-01,2.50,6800,closed_floor,False,0,,,,,,,,
12m_2020-07-01,2.50,6800,excursion_floor,False,0,,,,,,,,
12m_2020-07-01,2.50,6800,closed_peak_dd,False,0,,,,,,,,
12m_2020-07-01,2.75,1500,closed_floor,False,0,,,,,,,,
12m_2020-07-01,2.75,1500,excursion_floor,False,0,,,,,,,,
12m_2020-07-01,2.75,1500,closed_peak_dd,True,0,RR2.75:6-7:97:387,6-7,2021-02-26T06:02:40,2021-02-26T06:10:40,3968.0,3900.45,realized_drawdown,2021-02-26T06:10:40
12m_2020-07-01,2.75,6800,closed_floor,False,0,,,,,,,,
12m_2020-07-01,2.75,6800,excursion_floor,False,0,,,,,,,,
12m_2020-07-01,2.75,6800,closed_peak_dd,False,0,,,,,,,,
12m_2020-07-01,3.00,1500,closed_floor,False,0,,,,,,,,
12m_2020-07-01,3.00,1500,excursion_floor,False,0,,,,,,,,
12m_2020-07-01,3.00,1500,closed_peak_dd,True,0,RR3.00:20-21:93:335,20-21,2021-02-25T20:20:40,2021-02-25T22:15:40,3310.95,3053.9,realized_drawdown,2021-02-25T22:15:40
12m_2020-07-01,3.00,6800,closed_floor,False,0,,,,,,,,
12m_2020-07-01,3.00,6800,excursion_floor,False,0,,,,,,,,
12m_2020-07-01,3.00,6800,closed_peak_dd,False,0,,,,,,,,
12m_2020-07-01,3.25,1500,closed_floor,False,0,,,,,,,,
12m_2020-07-01,3.25,1500,excursion_floor,False,0,,,,,,,,
12m_2020-07-01,3.25,1500,closed_peak_dd,True,0,RR3.25:20-21:93:334,20-21,2021-02-25T20:20:40,2021-02-25T22:15:40,2611.45,2354.4,realized_drawdown,2021-02-25T22:15:40
12m_2020-07-01,3.25,6800,closed_floor,False,0,,,,,,,,
12m_2020-07-01,3.25,6800,excursion_floor,False,0,,,,,,,,
12m_2020-07-01,3.25,6800,closed_peak_dd,False,0,,,,,,,,
12m_2020-07-01,3.50,1500,closed_floor,False,0,,,,,,,,
12m_2020-07-01,3.50,1500,excursion_floor,False,0,,,,,,,,
12m_2020-07-01,3.50,1500,closed_peak_dd,True,0,RR3.50:20-21:93:334,20-21,2021-02-25T20:20:40,2021-02-25T22:15:40,2687.4,2430.35,realized_drawdown,2021-02-25T22:15:40
12m_2020-07-01,3.50,6800,closed_floor,False,0,,,,,,,,
12m_2020-07-01,3.50,6800,excursion_floor,False,0,,,,,,,,
12m_2020-07-01,3.50,6800,closed_peak_dd,False,0,,,,,,,,
12m_2020-10-01,0.50,1500,closed_floor,True,0,RR0.50:2-3:112:416,2-3,2021-03-08T02:50:40,2021-03-08T04:18:40,-1395.05,-1539.1,close,2021-03-08T04:18:40
12m_2020-10-01,0.50,1500,excursion_floor,True,0,RR0.50:17-18:77:349,17-18,2021-02-23T17:25:40,2021-02-23T22:30:00,-1288.95,-825.5,mae,2021-02-23T17:25:40
12m_2020-10-01,0.50,1500,closed_peak_dd,True,0,RR0.50:12-13:86:327,12-13,2021-01-15T12:33:40,2021-01-15T12:57:40,-672.35,-711.9,realized_drawdown,2021-01-15T12:57:40
12m_2020-10-01,0.50,6800,closed_floor,False,0,,,,,,,,
12m_2020-10-01,0.50,6800,excursion_floor,False,0,,,,,,,,
12m_2020-10-01,0.50,6800,closed_peak_dd,False,0,,,,,,,,
12m_2020-10-01,0.75,1500,closed_floor,True,0,RR0.75:21-22:111:386,21-22,2021-03-04T21:44:40,2021-03-04T23:30:00,-1479.05,-1521.6,close,2021-03-04T23:30:00
12m_2020-10-01,0.75,1500,excursion_floor,True,0,RR0.75:8-9:108:397,8-9,2021-02-26T08:03:40,2021-02-26T10:00:00,-1487.75,-1353.3,mae,2021-02-26T08:03:40
12m_2020-10-01,0.75,1500,closed_peak_dd,True,0,RR0.75:17-18:70:324,17-18,2021-01-29T17:23:40,2021-01-29T18:22:40,-333.7,-609.25,realized_drawdown,2021-01-29T18:22:40
12m_2020-10-01,0.75,6800,closed_floor,False,0,,,,,,,,
12m_2020-10-01,0.75,6800,excursion_floor,False,0,,,,,,,,
12m_2020-10-01,0.75,6800,closed_peak_dd,False,0,,,,,,,,
12m_2020-10-01,1.00,1500,closed_floor,True,0,RR1.00:8-9:139:500,8-9,2021-06-09T08:16:40,2021-06-09T08:35:40,-1496.3,-1513.35,close,2021-06-09T08:35:40
12m_2020-10-01,1.00,1500,excursion_floor,True,0,RR1.00:8-9:139:500,8-9,2021-06-09T08:16:40,2021-06-09T08:35:40,-1496.3,-1513.35,mae,2021-06-09T08:16:40
12m_2020-10-01,1.00,1500,closed_peak_dd,True,0,RR1.00:16-17:170:464,16-17,2021-02-22T16:37:40,2021-02-22T16:42:20,284.2,190.15,realized_drawdown,2021-02-22T16:42:20
12m_2020-10-01,1.00,6800,closed_floor,False,0,,,,,,,,
12m_2020-10-01,1.00,6800,excursion_floor,False,0,,,,,,,,
12m_2020-10-01,1.00,6800,closed_peak_dd,False,0,,,,,,,,
12m_2020-10-01,1.25,1500,closed_floor,False,0,,,,,,,,
12m_2020-10-01,1.25,1500,excursion_floor,False,0,,,,,,,,
12m_2020-10-01,1.25,1500,closed_peak_dd,True,0,RR1.25:13-14:108:398,13-14,2021-02-23T13:15:40,2021-02-23T16:34:40,715.55,564.5,realized_drawdown,2021-02-23T16:34:40
12m_2020-10-01,1.25,6800,closed_floor,False,0,,,,,,,,
12m_2020-10-01,1.25,6800,excursion_floor,False,0,,,,,,,,
12m_2020-10-01,1.25,6800,closed_peak_dd,False,0,,,,,,,,
12m_2020-10-01,1.50,1500,closed_floor,False,0,,,,,,,,
12m_2020-10-01,1.50,1500,excursion_floor,False,0,,,,,,,,
12m_2020-10-01,1.50,1500,closed_peak_dd,True,0,RR1.50:6-7:97:387,6-7,2021-02-26T06:02:40,2021-02-26T06:10:40,736.4,668.85,realized_drawdown,2021-02-26T06:10:40
12m_2020-10-01,1.50,6800,closed_floor,False,0,,,,,,,,
12m_2020-10-01,1.50,6800,excursion_floor,False,0,,,,,,,,
12m_2020-10-01,1.50,6800,closed_peak_dd,False,0,,,,,,,,
12m_2020-10-01,1.75,1500,closed_floor,False,0,,,,,,,,
12m_2020-10-01,1.75,1500,excursion_floor,False,0,,,,,,,,
12m_2020-10-01,1.75,1500,closed_peak_dd,True,0,RR1.75:17-18:97:439,17-18,2021-06-03T17:59:40,2021-06-03T23:30:00,3102.85,3001.3,realized_drawdown,2021-06-03T23:30:00
12m_2020-10-01,1.75,6800,closed_floor,False,0,,,,,,,,
12m_2020-10-01,1.75,6800,excursion_floor,False,0,,,,,,,,
12m_2020-10-01,1.75,6800,closed_peak_dd,False,0,,,,,,,,
12m_2020-10-01,2.00,1500,closed_floor,False,0,,,,,,,,
12m_2020-10-01,2.00,1500,excursion_floor,False,0,,,,,,,,
12m_2020-10-01,2.00,1500,closed_peak_dd,True,0,RR2.00:12-13:114:430,12-13,2021-05-19T12:04:40,2021-05-19T12:54:40,3081.1,3023.55,realized_drawdown,2021-05-19T12:54:40
12m_2020-10-01,2.00,6800,closed_floor,False,0,,,,,,,,
12m_2020-10-01,2.00,6800,excursion_floor,False,0,,,,,,,,
12m_2020-10-01,2.00,6800,closed_peak_dd,False,0,,,,,,,,
12m_2020-10-01,2.25,1500,closed_floor,False,0,,,,,,,,
12m_2020-10-01,2.25,1500,excursion_floor,False,0,,,,,,,,
12m_2020-10-01,2.25,1500,closed_peak_dd,True,0,RR2.25:1-2:102:369,1-2,2021-05-13T01:13:40,2021-05-13T10:49:20,2957.2,2878.15,realized_drawdown,2021-05-13T10:49:20
12m_2020-10-01,2.25,6800,closed_floor,False,0,,,,,,,,
12m_2020-10-01,2.25,6800,excursion_floor,False,0,,,,,,,,
12m_2020-10-01,2.25,6800,closed_peak_dd,False,0,,,,,,,,
12m_2020-10-01,2.50,1500,closed_floor,False,0,,,,,,,,
12m_2020-10-01,2.50,1500,excursion_floor,False,0,,,,,,,,
12m_2020-10-01,2.50,1500,closed_peak_dd,True,0,RR2.50:1-2:102:369,1-2,2021-05-13T01:13:40,2021-05-13T10:49:20,2178.4,2099.35,realized_drawdown,2021-05-13T10:49:20
12m_2020-10-01,2.50,6800,closed_floor,False,0,,,,,,,,
12m_2020-10-01,2.50,6800,excursion_floor,False,0,,,,,,,,
12m_2020-10-01,2.50,6800,closed_peak_dd,False,0,,,,,,,,
12m_2020-10-01,2.75,1500,closed_floor,False,0,,,,,,,,
12m_2020-10-01,2.75,1500,excursion_floor,False,0,,,,,,,,
12m_2020-10-01,2.75,1500,closed_peak_dd,True,0,RR2.75:6-7:97:387,6-7,2021-02-26T06:02:40,2021-02-26T06:10:40,898.4,830.85,realized_drawdown,2021-02-26T06:10:40
12m_2020-10-01,2.75,6800,closed_floor,False,0,,,,,,,,
12m_2020-10-01,2.75,6800,excursion_floor,False,0,,,,,,,,
12m_2020-10-01,2.75,6800,closed_peak_dd,False,0,,,,,,,,
12m_2020-10-01,3.00,1500,closed_floor,False,0,,,,,,,,
12m_2020-10-01,3.00,1500,excursion_floor,False,0,,,,,,,,
12m_2020-10-01,3.00,1500,closed_peak_dd,True,0,RR3.00:20-21:93:335,20-21,2021-02-25T20:20:40,2021-02-25T22:15:40,1017.95,760.9,realized_drawdown,2021-02-25T22:15:40
12m_2020-10-01,3.00,6800,closed_floor,False,0,,,,,,,,
12m_2020-10-01,3.00,6800,excursion_floor,False,0,,,,,,,,
12m_2020-10-01,3.00,6800,closed_peak_dd,False,0,,,,,,,,
12m_2020-10-01,3.25,1500,closed_floor,False,0,,,,,,,,
12m_2020-10-01,3.25,1500,excursion_floor,False,0,,,,,,,,
12m_2020-10-01,3.25,1500,closed_peak_dd,True,0,RR3.25:20-21:93:334,20-21,2021-02-25T20:20:40,2021-02-25T22:15:40,-158.15,-415.2,realized_drawdown,2021-02-25T22:15:40
12m_2020-10-01,3.25,6800,closed_floor,False,0,,,,,,,,
12m_2020-10-01,3.25,6800,excursion_floor,False,0,,,,,,,,
12m_2020-10-01,3.25,6800,closed_peak_dd,False,0,,,,,,,,
12m_2020-10-01,3.50,1500,closed_floor,False,0,,,,,,,,
12m_2020-10-01,3.50,1500,excursion_floor,False,0,,,,,,,,
12m_2020-10-01,3.50,1500,closed_peak_dd,True,0,RR3.50:20-21:93:334,20-21,2021-02-25T20:20:40,2021-02-25T22:15:40,133.15,-123.9,realized_drawdown,2021-02-25T22:15:40
12m_2020-10-01,3.50,6800,closed_floor,False,0,,,,,,,,
12m_2020-10-01,3.50,6800,excursion_floor,False,0,,,,,,,,
12m_2020-10-01,3.50,6800,closed_peak_dd,False,0,,,,,,,,
12m_2021-01-01,0.50,1500,closed_floor,True,0,RR0.50:22-23:110:423,22-23,2021-05-18T22:31:40,2021-05-18T22:53:40,-1484.4,-1626.95,close,2021-05-18T22:53:40
12m_2021-01-01,0.50,1500,excursion_floor,True,0,RR0.50:22-23:110:423,22-23,2021-05-18T22:31:40,2021-05-18T22:53:40,-1484.4,-1626.95,mae,2021-05-18T22:31:40
12m_2021-01-01,0.50,1500,closed_peak_dd,True,0,RR0.50:17-18:80:365,17-18,2021-03-08T17:30:40,2021-03-08T18:50:40,-710.75,-1055.8,realized_drawdown,2021-03-08T18:50:40
12m_2021-01-01,0.50,6800,closed_floor,False,0,,,,,,,,
12m_2021-01-01,0.50,6800,excursion_floor,False,0,,,,,,,,
12m_2021-01-01,0.50,6800,closed_peak_dd,False,0,,,,,,,,
12m_2021-01-01,0.75,1500,closed_floor,True,0,RR0.75:17-18:80:365,17-18,2021-03-08T17:30:40,2021-03-08T18:50:40,-1244.8,-1589.85,close,2021-03-08T18:50:40
12m_2021-01-01,0.75,1500,excursion_floor,True,0,RR0.75:17-18:80:365,17-18,2021-03-08T17:30:40,2021-03-08T18:50:40,-1244.8,-1589.85,mae,2021-03-08T17:30:40
12m_2021-01-01,0.75,1500,closed_peak_dd,True,0,RR0.75:20-21:93:335,20-21,2021-02-25T20:20:40,2021-02-25T22:15:40,-698.45,-955.5,realized_drawdown,2021-02-25T22:15:40
12m_2021-01-01,0.75,6800,closed_floor,False,0,,,,,,,,
12m_2021-01-01,0.75,6800,excursion_floor,False,0,,,,,,,,
12m_2021-01-01,0.75,6800,closed_peak_dd,False,0,,,,,,,,
12m_2021-01-01,1.00,1500,closed_floor,True,0,RR1.00:21-22:111:386,21-22,2021-03-04T21:44:40,2021-03-04T23:30:00,-1483.2,-1525.75,close,2021-03-04T23:30:00
12m_2021-01-01,1.00,1500,excursion_floor,True,0,RR1.00:21-22:111:386,21-22,2021-03-04T21:44:40,2021-03-04T23:30:00,-1483.2,-1525.75,mae,2021-03-04T21:44:40
12m_2021-01-01,1.00,1500,closed_peak_dd,True,0,RR1.00:16-17:170:464,16-17,2021-02-22T16:37:40,2021-02-22T16:42:20,-560.95,-655.0,realized_drawdown,2021-02-22T16:42:20
12m_2021-01-01,1.00,6800,closed_floor,False,0,,,,,,,,
12m_2021-01-01,1.00,6800,excursion_floor,False,0,,,,,,,,
12m_2021-01-01,1.00,6800,closed_peak_dd,False,0,,,,,,,,
12m_2021-01-01,1.25,1500,closed_floor,True,0,RR1.25:17-18:80:365,17-18,2021-03-08T17:30:40,2021-03-08T18:50:40,-1256.5,-1601.55,close,2021-03-08T18:50:40
12m_2021-01-01,1.25,1500,excursion_floor,True,0,RR1.25:13-14:111:411,13-14,2021-03-08T13:51:40,2021-03-08T15:30:00,-1415.95,-1256.5,mae,2021-03-08T13:51:40
12m_2021-01-01,1.25,1500,closed_peak_dd,True,0,RR1.25:13-14:108:398,13-14,2021-02-23T13:15:40,2021-02-23T16:34:40,-687.6,-838.65,realized_drawdown,2021-02-23T16:34:40
12m_2021-01-01,1.25,6800,closed_floor,False,0,,,,,,,,
12m_2021-01-01,1.25,6800,excursion_floor,False,0,,,,,,,,
12m_2021-01-01,1.25,6800,closed_peak_dd,False,0,,,,,,,,
12m_2021-01-01,1.50,1500,closed_floor,False,0,,,,,,,,
12m_2021-01-01,1.50,1500,excursion_floor,False,0,,,,,,,,
12m_2021-01-01,1.50,1500,closed_peak_dd,True,0,RR1.50:6-7:97:387,6-7,2021-02-26T06:02:40,2021-02-26T06:10:40,-566.3,-633.85,realized_drawdown,2021-02-26T06:10:40
12m_2021-01-01,1.50,6800,closed_floor,False,0,,,,,,,,
12m_2021-01-01,1.50,6800,excursion_floor,False,0,,,,,,,,
12m_2021-01-01,1.50,6800,closed_peak_dd,False,0,,,,,,,,
12m_2021-01-01,1.75,1500,closed_floor,False,0,,,,,,,,
12m_2021-01-01,1.75,1500,excursion_floor,False,0,,,,,,,,
12m_2021-01-01,1.75,1500,closed_peak_dd,True,0,RR1.75:17-18:97:439,17-18,2021-06-03T17:59:40,2021-06-03T23:30:00,1401.45,1299.9,realized_drawdown,2021-06-03T23:30:00
12m_2021-01-01,1.75,6800,closed_floor,False,0,,,,,,,,
12m_2021-01-01,1.75,6800,excursion_floor,False,0,,,,,,,,
12m_2021-01-01,1.75,6800,closed_peak_dd,False,0,,,,,,,,
12m_2021-01-01,2.00,1500,closed_floor,False,0,,,,,,,,
12m_2021-01-01,2.00,1500,excursion_floor,False,0,,,,,,,,
12m_2021-01-01,2.00,1500,closed_peak_dd,True,0,RR2.00:12-13:114:430,12-13,2021-05-19T12:04:40,2021-05-19T12:54:40,863.7,806.15,realized_drawdown,2021-05-19T12:54:40
12m_2021-01-01,2.00,6800,closed_floor,False,0,,,,,,,,
12m_2021-01-01,2.00,6800,excursion_floor,False,0,,,,,,,,
12m_2021-01-01,2.00,6800,closed_peak_dd,False,0,,,,,,,,
12m_2021-01-01,2.25,1500,closed_floor,False,0,,,,,,,,
12m_2021-01-01,2.25,1500,excursion_floor,False,0,,,,,,,,
12m_2021-01-01,2.25,1500,closed_peak_dd,True,0,RR2.25:1-2:102:369,1-2,2021-05-13T01:13:40,2021-05-13T10:49:20,1429.85,1350.8,realized_drawdown,2021-05-13T10:49:20
12m_2021-01-01,2.25,6800,closed_floor,False,0,,,,,,,,
12m_2021-01-01,2.25,6800,excursion_floor,False,0,,,,,,,,
12m_2021-01-01,2.25,6800,closed_peak_dd,False,0,,,,,,,,
12m_2021-01-01,2.50,1500,closed_floor,False,0,,,,,,,,
12m_2021-01-01,2.50,1500,excursion_floor,False,0,,,,,,,,
12m_2021-01-01,2.50,1500,closed_peak_dd,True,0,RR2.50:1-2:102:369,1-2,2021-05-13T01:13:40,2021-05-13T10:49:20,1039.25,960.2,realized_drawdown,2021-05-13T10:49:20
12m_2021-01-01,2.50,6800,closed_floor,False,0,,,,,,,,
12m_2021-01-01,2.50,6800,excursion_floor,False,0,,,,,,,,
12m_2021-01-01,2.50,6800,closed_peak_dd,False,0,,,,,,,,
12m_2021-01-01,2.75,1500,closed_floor,False,0,,,,,,,,
12m_2021-01-01,2.75,1500,excursion_floor,False,0,,,,,,,,
12m_2021-01-01,2.75,1500,closed_peak_dd,True,0,RR2.75:6-7:97:387,6-7,2021-02-26T06:02:40,2021-02-26T06:10:40,-149.55,-217.1,realized_drawdown,2021-02-26T06:10:40
12m_2021-01-01,2.75,6800,closed_floor,False,0,,,,,,,,
12m_2021-01-01,2.75,6800,excursion_floor,False,0,,,,,,,,
12m_2021-01-01,2.75,6800,closed_peak_dd,False,0,,,,,,,,
12m_2021-01-01,3.00,1500,closed_floor,False,0,,,,,,,,
12m_2021-01-01,3.00,1500,excursion_floor,False,0,,,,,,,,
12m_2021-01-01,3.00,1500,closed_peak_dd,True,0,RR3.00:20-21:93:335,20-21,2021-02-25T20:20:40,2021-02-25T22:15:40,-224.25,-481.3,realized_drawdown,2021-02-25T22:15:40
12m_2021-01-01,3.00,6800,closed_floor,False,0,,,,,,,,
12m_2021-01-01,3.00,6800,excursion_floor,False,0,,,,,,,,
12m_2021-01-01,3.00,6800,closed_peak_dd,False,0,,,,,,,,
12m_2021-01-01,3.25,1500,closed_floor,False,0,,,,,,,,
12m_2021-01-01,3.25,1500,excursion_floor,False,0,,,,,,,,
12m_2021-01-01,3.25,1500,closed_peak_dd,True,0,RR3.25:20-21:93:334,20-21,2021-02-25T20:20:40,2021-02-25T22:15:40,-342.7,-599.75,realized_drawdown,2021-02-25T22:15:40
12m_2021-01-01,3.25,6800,closed_floor,False,0,,,,,,,,
12m_2021-01-01,3.25,6800,excursion_floor,False,0,,,,,,,,
12m_2021-01-01,3.25,6800,closed_peak_dd,False,0,,,,,,,,
12m_2021-01-01,3.50,1500,closed_floor,False,0,,,,,,,,
12m_2021-01-01,3.50,1500,excursion_floor,False,0,,,,,,,,
12m_2021-01-01,3.50,1500,closed_peak_dd,True,0,RR3.50:20-21:93:334,20-21,2021-02-25T20:20:40,2021-02-25T22:15:40,-1.65,-258.7,realized_drawdown,2021-02-25T22:15:40
12m_2021-01-01,3.50,6800,closed_floor,False,0,,,,,,,,
12m_2021-01-01,3.50,6800,excursion_floor,False,0,,,,,,,,
12m_2021-01-01,3.50,6800,closed_peak_dd,False,0,,,,,,,,
12m_2021-04-01,0.50,1500,closed_floor,True,0,RR0.50:22-23:110:423,22-23,2021-05-18T22:31:40,2021-05-18T22:53:40,-1454.2,-1596.75,close,2021-05-18T22:53:40
12m_2021-04-01,0.50,1500,excursion_floor,True,0,RR0.50:22-23:110:423,22-23,2021-05-18T22:31:40,2021-05-18T22:53:40,-1454.2,-1596.75,mae,2021-05-18T22:31:40
12m_2021-04-01,0.50,1500,closed_peak_dd,True,0,RR0.50:19-20:108:428,19-20,2021-05-13T19:15:40,2021-05-13T20:01:40,-950.65,-1093.7,realized_drawdown,2021-05-13T20:01:40
12m_2021-04-01,0.50,6800,closed_floor,False,0,,,,,,,,
12m_2021-04-01,0.50,6800,excursion_floor,False,0,,,,,,,,
12m_2021-04-01,0.50,6800,closed_peak_dd,False,0,,,,,,,,
12m_2021-04-01,0.75,1500,closed_floor,True,0,RR0.75:15-16:146:497,15-16,2021-05-31T15:17:40,2021-05-31T15:18:40,-1491.35,-1503.9,close,2021-05-31T15:18:40
12m_2021-04-01,0.75,1500,excursion_floor,True,0,RR0.75:12-13:118:441,12-13,2021-05-27T12:52:40,2021-05-27T15:00:00,-1489.4,-1437.95,mae,2021-05-27T12:52:40
12m_2021-04-01,0.75,1500,closed_peak_dd,True,0,RR0.75:17-18:93:423,17-18,2021-05-17T17:38:40,2021-05-17T18:51:40,-834.7,-997.25,realized_drawdown,2021-05-17T18:51:40
12m_2021-04-01,0.75,6800,closed_floor,False,0,,,,,,,,
12m_2021-04-01,0.75,6800,excursion_floor,False,0,,,,,,,,
12m_2021-04-01,0.75,6800,closed_peak_dd,False,0,,,,,,,,
12m_2021-04-01,1.00,1500,closed_floor,True,0,RR1.00:17-18:97:439,17-18,2021-06-03T17:59:40,2021-06-03T23:30:00,-1426.4,-1527.95,close,2021-06-03T23:30:00
12m_2021-04-01,1.00,1500,excursion_floor,True,0,RR1.00:17-18:97:439,17-18,2021-06-03T17:59:40,2021-06-03T23:30:00,-1426.4,-1527.95,mae,2021-06-03T17:59:40
12m_2021-04-01,1.00,1500,closed_peak_dd,True,0,RR1.00:8-9:129:476,8-9,2021-05-19T08:39:40,2021-05-19T09:35:40,-981.5,-1016.05,realized_drawdown,2021-05-19T09:35:40
12m_2021-04-01,1.00,6800,closed_floor,False,0,,,,,,,,
12m_2021-04-01,1.00,6800,excursion_floor,False,0,,,,,,,,
12m_2021-04-01,1.00,6800,closed_peak_dd,False,0,,,,,,,,
12m_2021-04-01,1.25,1500,closed_floor,False,0,,,,,,,,
12m_2021-04-01,1.25,1500,excursion_floor,False,0,,,,,,,,
12m_2021-04-01,1.25,1500,closed_peak_dd,True,0,RR1.25:17-18:97:439,17-18,2021-06-03T17:59:40,2021-06-03T23:30:00,-797.35,-898.9,realized_drawdown,2021-06-03T23:30:00
12m_2021-04-01,1.25,6800,closed_floor,False,0,,,,,,,,
12m_2021-04-01,1.25,6800,excursion_floor,False,0,,,,,,,,
12m_2021-04-01,1.25,6800,closed_peak_dd,False,0,,,,,,,,
12m_2021-04-01,1.50,1500,closed_floor,False,0,,,,,,,,
12m_2021-04-01,1.50,1500,excursion_floor,False,0,,,,,,,,
12m_2021-04-01,1.50,1500,closed_peak_dd,True,0,RR1.50:6-7:120:482,6-7,2021-06-04T06:16:40,2021-06-04T08:07:40,-611.4,-629.45,realized_drawdown,2021-06-04T08:07:40
12m_2021-04-01,1.50,6800,closed_floor,False,0,,,,,,,,
12m_2021-04-01,1.50,6800,excursion_floor,False,0,,,,,,,,
12m_2021-04-01,1.50,6800,closed_peak_dd,False,0,,,,,,,,
12m_2021-04-01,1.75,1500,closed_floor,False,0,,,,,,,,
12m_2021-04-01,1.75,1500,excursion_floor,False,0,,,,,,,,
12m_2021-04-01,1.75,1500,closed_peak_dd,True,0,RR1.75:17-18:97:439,17-18,2021-06-03T17:59:40,2021-06-03T23:30:00,-365.25,-466.8,realized_drawdown,2021-06-03T23:30:00
12m_2021-04-01,1.75,6800,closed_floor,False,0,,,,,,,,
12m_2021-04-01,1.75,6800,excursion_floor,False,0,,,,,,,,
12m_2021-04-01,1.75,6800,closed_peak_dd,False,0,,,,,,,,
12m_2021-04-01,2.00,1500,closed_floor,False,0,,,,,,,,
12m_2021-04-01,2.00,1500,excursion_floor,False,0,,,,,,,,
12m_2021-04-01,2.00,1500,closed_peak_dd,True,0,RR2.00:12-13:114:430,12-13,2021-05-19T12:04:40,2021-05-19T12:54:40,-565.15,-622.7,realized_drawdown,2021-05-19T12:54:40
12m_2021-04-01,2.00,6800,closed_floor,False,0,,,,,,,,
12m_2021-04-01,2.00,6800,excursion_floor,False,0,,,,,,,,
12m_2021-04-01,2.00,6800,closed_peak_dd,False,0,,,,,,,,
12m_2021-04-01,2.25,1500,closed_floor,False,0,,,,,,,,
12m_2021-04-01,2.25,1500,excursion_floor,False,0,,,,,,,,
12m_2021-04-01,2.25,1500,closed_peak_dd,True,0,RR2.25:1-2:102:369,1-2,2021-05-13T01:13:40,2021-05-13T10:49:20,-516.0,-595.05,realized_drawdown,2021-05-13T10:49:20
12m_2021-04-01,2.25,6800,closed_floor,False,0,,,,,,,,
12m_2021-04-01,2.25,6800,excursion_floor,False,0,,,,,,,,
12m_2021-04-01,2.25,6800,closed_peak_dd,False,0,,,,,,,,
12m_2021-04-01,2.50,1500,closed_floor,False,0,,,,,,,,
12m_2021-04-01,2.50,1500,excursion_floor,False,0,,,,,,,,
12m_2021-04-01,2.50,1500,closed_peak_dd,True,0,RR2.50:1-2:102:369,1-2,2021-05-13T01:13:40,2021-05-13T10:49:20,-470.5,-549.55,realized_drawdown,2021-05-13T10:49:20
12m_2021-04-01,2.50,6800,closed_floor,False,0,,,,,,,,
12m_2021-04-01,2.50,6800,excursion_floor,False,0,,,,,,,,
12m_2021-04-01,2.50,6800,closed_peak_dd,False,0,,,,,,,,
12m_2021-04-01,2.75,1500,closed_floor,False,0,,,,,,,,
12m_2021-04-01,2.75,1500,excursion_floor,True,0,RR2.75:20-21:149:540,20-21,2021-10-04T20:12:40,2021-10-04T23:30:00,-1444.2,-1323.25,mae,2021-10-04T20:12:40
12m_2021-04-01,2.75,1500,closed_peak_dd,True,0,RR2.75:16-17:199:543,16-17,2021-05-12T16:37:40,2021-05-12T17:02:40,-310.7,-496.25,realized_drawdown,2021-05-12T17:02:40
12m_2021-04-01,2.75,6800,closed_floor,False,0,,,,,,,,
12m_2021-04-01,2.75,6800,excursion_floor,False,0,,,,,,,,
12m_2021-04-01,2.75,6800,closed_peak_dd,False,0,,,,,,,,
12m_2021-04-01,3.00,1500,closed_floor,True,0,RR3.00:18-19:118:525,18-19,2021-09-30T18:17:40,2021-09-30T18:38:40,-1413.25,-1546.3,close,2021-09-30T18:38:40
12m_2021-04-01,3.00,1500,excursion_floor,True,0,RR3.00:18-19:118:525,18-19,2021-09-30T18:17:40,2021-09-30T18:38:40,-1413.25,-1546.3,mae,2021-09-30T18:17:40
12m_2021-04-01,3.00,1500,closed_peak_dd,True,0,RR3.00:21-22:126:446,21-22,2021-05-12T21:37:40,2021-05-12T22:05:40,-599.7,-689.25,realized_drawdown,2021-05-12T22:05:40
12m_2021-04-01,3.00,6800,closed_floor,False,0,,,,,,,,
12m_2021-04-01,3.00,6800,excursion_floor,False,0,,,,,,,,
12m_2021-04-01,3.00,6800,closed_peak_dd,False,0,,,,,,,,
12m_2021-04-01,3.25,1500,closed_floor,False,0,,,,,,,,
12m_2021-04-01,3.25,1500,excursion_floor,False,0,,,,,,,,
12m_2021-04-01,3.25,1500,closed_peak_dd,True,0,RR3.25:16-17:199:543,16-17,2021-05-12T16:37:40,2021-05-12T17:02:40,-431.65,-617.2,realized_drawdown,2021-05-12T17:02:40
12m_2021-04-01,3.25,6800,closed_floor,False,0,,,,,,,,
12m_2021-04-01,3.25,6800,excursion_floor,False,0,,,,,,,,
12m_2021-04-01,3.25,6800,closed_peak_dd,False,0,,,,,,,,
12m_2021-04-01,3.50,1500,closed_floor,False,0,,,,,,,,
12m_2021-04-01,3.50,1500,excursion_floor,False,0,,,,,,,,
12m_2021-04-01,3.50,1500,closed_peak_dd,True,0,RR3.50:16-17:197:537,16-17,2021-05-12T16:37:40,2021-05-12T17:02:40,-502.15,-687.7,realized_drawdown,2021-05-12T17:02:40
12m_2021-04-01,3.50,6800,closed_floor,False,0,,,,,,,,
12m_2021-04-01,3.50,6800,excursion_floor,False,0,,,,,,,,
12m_2021-04-01,3.50,6800,closed_peak_dd,False,0,,,,,,,,
12m_2021-07-01,0.50,1500,closed_floor,False,0,,,,,,,,
12m_2021-07-01,0.50,1500,excursion_floor,False,0,,,,,,,,
12m_2021-07-01,0.50,1500,closed_peak_dd,True,0,RR0.50:19-20:152:622,19-20,2022-01-06T19:40:40,2022-01-06T20:23:40,224.25,109.7,realized_drawdown,2022-01-06T20:23:40
12m_2021-07-01,0.50,6800,closed_floor,False,0,,,,,,,,
12m_2021-07-01,0.50,6800,excursion_floor,False,0,,,,,,,,
12m_2021-07-01,0.50,6800,closed_peak_dd,False,0,,,,,,,,
12m_2021-07-01,0.75,1500,closed_floor,False,0,,,,,,,,
12m_2021-07-01,0.75,1500,excursion_floor,False,0,,,,,,,,
12m_2021-07-01,0.75,1500,closed_peak_dd,True,0,RR0.75:20-21:165:594,20-21,2021-12-03T20:24:40,2021-12-03T20:35:40,967.1,792.55,realized_drawdown,2021-12-03T20:35:40
12m_2021-07-01,0.75,6800,closed_floor,False,0,,,,,,,,
12m_2021-07-01,0.75,6800,excursion_floor,False,0,,,,,,,,
12m_2021-07-01,0.75,6800,closed_peak_dd,False,0,,,,,,,,
12m_2021-07-01,1.00,1500,closed_floor,False,0,,,,,,,,
12m_2021-07-01,1.00,1500,excursion_floor,False,0,,,,,,,,
12m_2021-07-01,1.00,1500,closed_peak_dd,True,0,RR1.00:11-12:150:642,11-12,2021-12-06T11:01:40,2021-12-06T11:41:40,1266.15,1193.6,realized_drawdown,2021-12-06T11:41:40
12m_2021-07-01,1.00,6800,closed_floor,False,0,,,,,,,,
12m_2021-07-01,1.00,6800,excursion_floor,False,0,,,,,,,,
12m_2021-07-01,1.00,6800,closed_peak_dd,False,0,,,,,,,,
12m_2021-07-01,1.25,1500,closed_floor,False,0,,,,,,,,
12m_2021-07-01,1.25,1500,excursion_floor,False,0,,,,,,,,
12m_2021-07-01,1.25,1500,closed_peak_dd,True,0,RR1.25:2-3:188:695,2-3,2021-12-20T02:44:40,2021-12-20T03:59:40,1423.1,1314.05,realized_drawdown,2021-12-20T03:59:40
12m_2021-07-01,1.25,6800,closed_floor,False,0,,,,,,,,
12m_2021-07-01,1.25,6800,excursion_floor,False,0,,,,,,,,
12m_2021-07-01,1.25,6800,closed_peak_dd,False,0,,,,,,,,
12m_2021-07-01,1.50,1500,closed_floor,False,0,,,,,,,,
12m_2021-07-01,1.50,1500,excursion_floor,False,0,,,,,,,,
12m_2021-07-01,1.50,1500,closed_peak_dd,True,0,RR1.50:21-22:170:600,21-22,2021-12-03T21:25:20,2021-12-03T21:39:20,1608.6,1454.55,realized_drawdown,2021-12-03T21:39:20
12m_2021-07-01,1.50,6800,closed_floor,False,0,,,,,,,,
12m_2021-07-01,1.50,6800,excursion_floor,False,0,,,,,,,,
12m_2021-07-01,1.50,6800,closed_peak_dd,False,0,,,,,,,,
12m_2021-07-01,1.75,1500,closed_floor,False,0,,,,,,,,
12m_2021-07-01,1.75,1500,excursion_floor,False,0,,,,,,,,
12m_2021-07-01,1.75,1500,closed_peak_dd,True,0,RR1.75:3-4:148:549,3-4,2021-10-01T03:06:40,2021-10-01T03:52:40,-131.55,-176.6,realized_drawdown,2021-10-01T03:52:40
12m_2021-07-01,1.75,6800,closed_floor,False,0,,,,,,,,
12m_2021-07-01,1.75,6800,excursion_floor,False,0,,,,,,,,
12m_2021-07-01,1.75,6800,closed_peak_dd,False,0,,,,,,,,
12m_2021-07-01,2.00,1500,closed_floor,False,0,,,,,,,,
12m_2021-07-01,2.00,1500,excursion_floor,False,0,,,,,,,,
12m_2021-07-01,2.00,1500,closed_peak_dd,True,0,RR2.00:18-19:118:525,18-19,2021-09-30T18:17:40,2021-09-30T18:38:40,-116.7,-249.75,realized_drawdown,2021-09-30T18:38:40
12m_2021-07-01,2.00,6800,closed_floor,False,0,,,,,,,,
12m_2021-07-01,2.00,6800,excursion_floor,False,0,,,,,,,,
12m_2021-07-01,2.00,6800,closed_peak_dd,False,0,,,,,,,,
12m_2021-07-01,2.25,1500,closed_floor,False,0,,,,,,,,
12m_2021-07-01,2.25,1500,excursion_floor,False,0,,,,,,,,
12m_2021-07-01,2.25,1500,closed_peak_dd,True,0,RR2.25:18-19:118:525,18-19,2021-09-30T18:17:40,2021-09-30T18:38:40,-368.75,-501.8,realized_drawdown,2021-09-30T18:38:40
12m_2021-07-01,2.25,6800,closed_floor,False,0,,,,,,,,
12m_2021-07-01,2.25,6800,excursion_floor,False,0,,,,,,,,
12m_2021-07-01,2.25,6800,closed_peak_dd,False,0,,,,,,,,
12m_2021-07-01,2.50,1500,closed_floor,False,0,,,,,,,,
12m_2021-07-01,2.50,1500,excursion_floor,False,0,,,,,,,,
12m_2021-07-01,2.50,1500,closed_peak_dd,True,0,RR2.50:3-4:147:547,3-4,2021-09-30T03:18:40,2021-09-30T04:43:40,-360.3,-391.85,realized_drawdown,2021-09-30T04:43:40
12m_2021-07-01,2.50,6800,closed_floor,False,0,,,,,,,,
12m_2021-07-01,2.50,6800,excursion_floor,False,0,,,,,,,,
12m_2021-07-01,2.50,6800,closed_peak_dd,False,0,,,,,,,,
12m_2021-07-01,2.75,1500,closed_floor,False,0,,,,,,,,
12m_2021-07-01,2.75,1500,excursion_floor,False,0,,,,,,,,
12m_2021-07-01,2.75,1500,closed_peak_dd,True,0,RR2.75:21-22:157:555,21-22,2021-09-28T21:25:40,2021-09-28T22:49:40,-340.45,-452.0,realized_drawdown,2021-09-28T22:49:40
12m_2021-07-01,2.75,6800,closed_floor,False,0,,,,,,,,
12m_2021-07-01,2.75,6800,excursion_floor,False,0,,,,,,,,
12m_2021-07-01,2.75,6800,closed_peak_dd,False,0,,,,,,,,
12m_2021-07-01,3.00,1500,closed_floor,False,0,,,,,,,,
12m_2021-07-01,3.00,1500,excursion_floor,False,0,,,,,,,,
12m_2021-07-01,3.00,1500,closed_peak_dd,True,0,RR3.00:21-22:157:555,21-22,2021-09-28T21:25:40,2021-09-28T22:49:40,-602.25,-713.8,realized_drawdown,2021-09-28T22:49:40
12m_2021-07-01,3.00,6800,closed_floor,False,0,,,,,,,,
12m_2021-07-01,3.00,6800,excursion_floor,False,0,,,,,,,,
12m_2021-07-01,3.00,6800,closed_peak_dd,False,0,,,,,,,,
12m_2021-07-01,3.25,1500,closed_floor,False,0,,,,,,,,
12m_2021-07-01,3.25,1500,excursion_floor,False,0,,,,,,,,
12m_2021-07-01,3.25,1500,closed_peak_dd,True,0,RR3.25:16-17:258:692,16-17,2021-09-29T16:33:20,2021-09-29T16:39:20,-121.2,-202.25,realized_drawdown,2021-09-29T16:39:20
12m_2021-07-01,3.25,6800,closed_floor,False,0,,,,,,,,
12m_2021-07-01,3.25,6800,excursion_floor,False,0,,,,,,,,
12m_2021-07-01,3.25,6800,closed_peak_dd,False,0,,,,,,,,
12m_2021-07-01,3.50,1500,closed_floor,False,0,,,,,,,,
12m_2021-07-01,3.50,1500,excursion_floor,False,0,,,,,,,,
12m_2021-07-01,3.50,1500,closed_peak_dd,True,0,RR3.50:16-17:256:686,16-17,2021-09-29T16:33:20,2021-09-29T16:39:20,258.5,177.45,realized_drawdown,2021-09-29T16:39:20
12m_2021-07-01,3.50,6800,closed_floor,False,0,,,,,,,,
12m_2021-07-01,3.50,6800,excursion_floor,False,0,,,,,,,,
12m_2021-07-01,3.50,6800,closed_peak_dd,False,0,,,,,,,,
12m_2021-10-01,0.50,1500,closed_floor,False,0,,,,,,,,
12m_2021-10-01,0.50,1500,excursion_floor,False,0,,,,,,,,
12m_2021-10-01,0.50,1500,closed_peak_dd,True,0,RR0.50:19-20:152:622,19-20,2022-01-06T19:40:40,2022-01-06T20:23:40,392.0,277.45,realized_drawdown,2022-01-06T20:23:40
12m_2021-10-01,0.50,6800,closed_floor,False,0,,,,,,,,
12m_2021-10-01,0.50,6800,excursion_floor,False,0,,,,,,,,
12m_2021-10-01,0.50,6800,closed_peak_dd,False,0,,,,,,,,
12m_2021-10-01,0.75,1500,closed_floor,False,0,,,,,,,,
12m_2021-10-01,0.75,1500,excursion_floor,False,0,,,,,,,,
12m_2021-10-01,0.75,1500,closed_peak_dd,True,0,RR0.75:20-21:165:594,20-21,2021-12-03T20:24:40,2021-12-03T20:35:40,672.4,497.85,realized_drawdown,2021-12-03T20:35:40
12m_2021-10-01,0.75,6800,closed_floor,False,0,,,,,,,,
12m_2021-10-01,0.75,6800,excursion_floor,False,0,,,,,,,,
12m_2021-10-01,0.75,6800,closed_peak_dd,False,0,,,,,,,,
12m_2021-10-01,1.00,1500,closed_floor,False,0,,,,,,,,
12m_2021-10-01,1.00,1500,excursion_floor,False,0,,,,,,,,
12m_2021-10-01,1.00,1500,closed_peak_dd,True,0,RR1.00:11-12:150:642,11-12,2021-12-06T11:01:40,2021-12-06T11:41:40,925.25,852.7,realized_drawdown,2021-12-06T11:41:40
12m_2021-10-01,1.00,6800,closed_floor,False,0,,,,,,,,
12m_2021-10-01,1.00,6800,excursion_floor,False,0,,,,,,,,
12m_2021-10-01,1.00,6800,closed_peak_dd,False,0,,,,,,,,
12m_2021-10-01,1.25,1500,closed_floor,False,0,,,,,,,,
12m_2021-10-01,1.25,1500,excursion_floor,False,0,,,,,,,,
12m_2021-10-01,1.25,1500,closed_peak_dd,True,0,RR1.25:2-3:188:695,2-3,2021-12-20T02:44:40,2021-12-20T03:59:40,1093.7,984.65,realized_drawdown,2021-12-20T03:59:40
12m_2021-10-01,1.25,6800,closed_floor,False,0,,,,,,,,
12m_2021-10-01,1.25,6800,excursion_floor,False,0,,,,,,,,
12m_2021-10-01,1.25,6800,closed_peak_dd,False,0,,,,,,,,
12m_2021-10-01,1.50,1500,closed_floor,False,0,,,,,,,,
12m_2021-10-01,1.50,1500,excursion_floor,False,0,,,,,,,,
12m_2021-10-01,1.50,1500,closed_peak_dd,True,0,RR1.50:21-22:170:600,21-22,2021-12-03T21:25:20,2021-12-03T21:39:20,1167.8,1013.75,realized_drawdown,2021-12-03T21:39:20
12m_2021-10-01,1.50,6800,closed_floor,False,0,,,,,,,,
12m_2021-10-01,1.50,6800,excursion_floor,False,0,,,,,,,,
12m_2021-10-01,1.50,6800,closed_peak_dd,False,0,,,,,,,,
12m_2021-10-01,1.75,1500,closed_floor,False,0,,,,,,,,
12m_2021-10-01,1.75,1500,excursion_floor,False,0,,,,,,,,
12m_2021-10-01,1.75,1500,closed_peak_dd,True,0,RR1.75:21-22:170:600,21-22,2021-12-03T21:25:20,2021-12-03T21:39:20,1309.75,1155.7,realized_drawdown,2021-12-03T21:39:20
12m_2021-10-01,1.75,6800,closed_floor,False,0,,,,,,,,
12m_2021-10-01,1.75,6800,excursion_floor,False,0,,,,,,,,
12m_2021-10-01,1.75,6800,closed_peak_dd,False,0,,,,,,,,
12m_2021-10-01,2.00,1500,closed_floor,False,0,,,,,,,,
12m_2021-10-01,2.00,1500,excursion_floor,False,0,,,,,,,,
12m_2021-10-01,2.00,1500,closed_peak_dd,True,0,RR2.00:4-5:164:639,4-5,2021-12-06T04:08:20,2021-12-06T09:28:40,1520.95,1452.9,realized_drawdown,2021-12-06T09:28:40
12m_2021-10-01,2.00,6800,closed_floor,False,0,,,,,,,,
12m_2021-10-01,2.00,6800,excursion_floor,False,0,,,,,,,,
12m_2021-10-01,2.00,6800,closed_peak_dd,False,0,,,,,,,,
12m_2021-10-01,2.25,1500,closed_floor,False,0,,,,,,,,
12m_2021-10-01,2.25,1500,excursion_floor,False,0,,,,,,,,
12m_2021-10-01,2.25,1500,closed_peak_dd,True,0,RR2.25:20-21:164:592,20-21,2021-12-03T20:24:40,2021-12-03T20:35:40,1605.9,1431.35,realized_drawdown,2021-12-03T20:35:40
12m_2021-10-01,2.25,6800,closed_floor,False,0,,,,,,,,
12m_2021-10-01,2.25,6800,excursion_floor,False,0,,,,,,,,
12m_2021-10-01,2.25,6800,closed_peak_dd,False,0,,,,,,,,
12m_2021-10-01,2.50,1500,closed_floor,False,0,,,,,,,,
12m_2021-10-01,2.50,1500,excursion_floor,False,0,,,,,,,,
12m_2021-10-01,2.50,1500,closed_peak_dd,True,0,RR2.50:16-17:283:761,16-17,2021-12-02T16:01:40,2021-12-02T16:30:20,1992.6,1864.55,realized_drawdown,2021-12-02T16:30:20
12m_2021-10-01,2.50,6800,closed_floor,False,0,,,,,,,,
12m_2021-10-01,2.50,6800,excursion_floor,False,0,,,,,,,,
12m_2021-10-01,2.50,6800,closed_peak_dd,False,0,,,,,,,,
12m_2021-10-01,2.75,1500,closed_floor,False,0,,,,,,,,
12m_2021-10-01,2.75,1500,excursion_floor,False,0,,,,,,,,
12m_2021-10-01,2.75,1500,closed_peak_dd,True,0,RR2.75:16-17:283:761,16-17,2021-12-02T16:01:40,2021-12-02T16:30:20,1813.5,1685.45,realized_drawdown,2021-12-02T16:30:20
12m_2021-10-01,2.75,6800,closed_floor,False,0,,,,,,,,
12m_2021-10-01,2.75,6800,excursion_floor,False,0,,,,,,,,
12m_2021-10-01,2.75,6800,closed_peak_dd,False,0,,,,,,,,
12m_2021-10-01,3.00,1500,closed_floor,False,0,,,,,,,,
12m_2021-10-01,3.00,1500,excursion_floor,False,0,,,,,,,,
12m_2021-10-01,3.00,1500,closed_peak_dd,True,0,RR3.00:11-12:148:638,11-12,2021-12-02T11:03:40,2021-12-02T12:13:40,1913.75,1822.7,realized_drawdown,2021-12-02T12:13:40
12m_2021-10-01,3.00,6800,closed_floor,False,0,,,,,,,,
12m_2021-10-01,3.00,6800,excursion_floor,False,0,,,,,,,,
12m_2021-10-01,3.00,6800,closed_peak_dd,False,0,,,,,,,,
12m_2021-10-01,3.25,1500,closed_floor,False,0,,,,,,,,
12m_2021-10-01,3.25,1500,excursion_floor,False,0,,,,,,,,
12m_2021-10-01,3.25,1500,closed_peak_dd,True,0,RR3.25:16-17:283:761,16-17,2021-12-02T16:01:40,2021-12-02T16:30:20,2165.85,2037.8,realized_drawdown,2021-12-02T16:30:20
12m_2021-10-01,3.25,6800,closed_floor,False,0,,,,,,,,
12m_2021-10-01,3.25,6800,excursion_floor,False,0,,,,,,,,
12m_2021-10-01,3.25,6800,closed_peak_dd,False,0,,,,,,,,
12m_2021-10-01,3.50,1500,closed_floor,False,0,,,,,,,,
12m_2021-10-01,3.50,1500,excursion_floor,False,0,,,,,,,,
12m_2021-10-01,3.50,1500,closed_peak_dd,True,0,RR3.50:21-22:170:600,21-22,2021-12-03T21:25:20,2021-12-03T21:39:20,1960.6,1806.55,realized_drawdown,2021-12-03T21:39:20
12m_2021-10-01,3.50,6800,closed_floor,False,0,,,,,,,,
12m_2021-10-01,3.50,6800,excursion_floor,False,0,,,,,,,,
12m_2021-10-01,3.50,6800,closed_peak_dd,False,0,,,,,,,,
12m_2022-01-01,0.50,1500,closed_floor,False,0,,,,,,,,
12m_2022-01-01,0.50,1500,excursion_floor,False,0,,,,,,,,
12m_2022-01-01,0.50,1500,closed_peak_dd,True,0,RR0.50:16-17:341:936,16-17,2022-05-11T16:51:40,2022-05-11T20:05:40,3078.55,2340.5,realized_drawdown,2022-05-11T20:05:40
12m_2022-01-01,0.50,6800,closed_floor,False,0,,,,,,,,
12m_2022-01-01,0.50,6800,excursion_floor,False,0,,,,,,,,
12m_2022-01-01,0.50,6800,closed_peak_dd,False,0,,,,,,,,
12m_2022-01-01,0.75,1500,closed_floor,False,0,,,,,,,,
12m_2022-01-01,0.75,1500,excursion_floor,False,0,,,,,,,,
12m_2022-01-01,0.75,1500,closed_peak_dd,True,0,RR0.75:18-19:161:724,18-19,2022-05-09T18:42:40,2022-05-09T20:34:40,2913.05,2781.0,realized_drawdown,2022-05-09T20:34:40
12m_2022-01-01,0.75,6800,closed_floor,False,0,,,,,,,,
12m_2022-01-01,0.75,6800,excursion_floor,False,0,,,,,,,,
12m_2022-01-01,0.75,6800,closed_peak_dd,False,0,,,,,,,,
12m_2022-01-01,1.00,1500,closed_floor,False,0,,,,,,,,
12m_2022-01-01,1.00,1500,excursion_floor,False,0,,,,,,,,
12m_2022-01-01,1.00,1500,closed_peak_dd,True,0,RR1.00:20-21:183:673,20-21,2022-03-14T20:38:20,2022-03-14T21:34:20,1343.7,1216.15,realized_drawdown,2022-03-14T21:34:20
12m_2022-01-01,1.00,6800,closed_floor,False,0,,,,,,,,
12m_2022-01-01,1.00,6800,excursion_floor,False,0,,,,,,,,
12m_2022-01-01,1.00,6800,closed_peak_dd,False,0,,,,,,,,
12m_2022-01-01,1.25,1500,closed_floor,True,0,RR1.25:16-17:357:986,16-17,2022-06-17T16:31:40,2022-06-17T17:33:40,-1447.9,-1593.95,close,2022-06-17T17:33:40
12m_2022-01-01,1.25,1500,excursion_floor,True,0,RR1.25:16-17:357:986,16-17,2022-06-17T16:31:40,2022-06-17T17:33:40,-1447.9,-1593.95,mae,2022-06-17T16:31:40
12m_2022-01-01,1.25,1500,closed_peak_dd,True,0,RR1.25:22-23:175:654,22-23,2022-01-21T22:40:40,2022-01-21T22:54:40,-922.3,-1106.35,realized_drawdown,2022-01-21T22:54:40
12m_2022-01-01,1.25,6800,closed_floor,False,0,,,,,,,,
12m_2022-01-01,1.25,6800,excursion_floor,False,0,,,,,,,,
12m_2022-01-01,1.25,6800,closed_peak_dd,False,0,,,,,,,,
12m_2022-01-01,1.50,1500,closed_floor,False,0,,,,,,,,
12m_2022-01-01,1.50,1500,excursion_floor,False,0,,,,,,,,
12m_2022-01-01,1.50,1500,closed_peak_dd,True,0,RR1.50:17-18:136:667,17-18,2022-03-08T17:54:40,2022-03-08T18:32:40,1953.4,1652.35,realized_drawdown,2022-03-08T18:32:40
12m_2022-01-01,1.50,6800,closed_floor,False,0,,,,,,,,
12m_2022-01-01,1.50,6800,excursion_floor,False,0,,,,,,,,
12m_2022-01-01,1.50,6800,closed_peak_dd,False,0,,,,,,,,
12m_2022-01-01,1.75,1500,closed_floor,False,0,,,,,,,,
12m_2022-01-01,1.75,1500,excursion_floor,False,0,,,,,,,,
12m_2022-01-01,1.75,1500,closed_peak_dd,True,0,RR1.75:17-18:136:667,17-18,2022-03-08T17:54:40,2022-03-08T18:32:40,2404.05,2103.0,realized_drawdown,2022-03-08T18:32:40
12m_2022-01-01,1.75,6800,closed_floor,False,0,,,,,,,,
12m_2022-01-01,1.75,6800,excursion_floor,False,0,,,,,,,,
12m_2022-01-01,1.75,6800,closed_peak_dd,False,0,,,,,,,,
12m_2022-01-01,2.00,1500,closed_floor,False,0,,,,,,,,
12m_2022-01-01,2.00,1500,excursion_floor,False,0,,,,,,,,
12m_2022-01-01,2.00,1500,closed_peak_dd,True,0,RR2.00:17-18:136:667,17-18,2022-03-08T17:54:40,2022-03-08T18:32:40,2114.4,1813.35,realized_drawdown,2022-03-08T18:32:40
12m_2022-01-01,2.00,6800,closed_floor,False,0,,,,,,,,
12m_2022-01-01,2.00,6800,excursion_floor,False,0,,,,,,,,
12m_2022-01-01,2.00,6800,closed_peak_dd,False,0,,,,,,,,
12m_2022-01-01,2.25,1500,closed_floor,True,0,RR2.25:16-17:357:986,16-17,2022-06-17T16:31:40,2022-06-17T17:33:40,-1410.95,-1557.0,close,2022-06-17T17:33:40
12m_2022-01-01,2.25,1500,excursion_floor,True,0,RR2.25:16-17:357:986,16-17,2022-06-17T16:31:40,2022-06-17T17:33:40,-1410.95,-1557.0,mae,2022-06-17T16:31:40
12m_2022-01-01,2.25,1500,closed_peak_dd,True,0,RR2.25:10-11:188:709,10-11,2022-03-08T10:05:40,2022-03-08T17:07:40,1148.95,1013.9,realized_drawdown,2022-03-08T17:07:40
12m_2022-01-01,2.25,6800,closed_floor,False,0,,,,,,,,
12m_2022-01-01,2.25,6800,excursion_floor,False,0,,,,,,,,
12m_2022-01-01,2.25,6800,closed_peak_dd,False,0,,,,,,,,
12m_2022-01-01,2.50,1500,closed_floor,False,0,,,,,,,,
12m_2022-01-01,2.50,1500,excursion_floor,True,0,RR2.50:18-19:138:610,18-19,2022-01-10T18:11:40,2022-01-10T23:00:00,-1435.75,-719.3,mae,2022-01-10T18:11:40
12m_2022-01-01,2.50,1500,closed_peak_dd,True,0,RR2.50:14-15:185:711,14-15,2022-03-04T14:46:40,2022-03-04T16:46:40,1789.15,1652.6,realized_drawdown,2022-03-04T16:46:40
12m_2022-01-01,2.50,6800,closed_floor,False,0,,,,,,,,
12m_2022-01-01,2.50,6800,excursion_floor,False,0,,,,,,,,
12m_2022-01-01,2.50,6800,closed_peak_dd,False,0,,,,,,,,
12m_2022-01-01,2.75,1500,closed_floor,False,0,,,,,,,,
12m_2022-01-01,2.75,1500,excursion_floor,True,0,RR2.75:18-19:138:610,18-19,2022-01-10T18:11:40,2022-01-10T23:00:00,-1428.75,-712.3,mae,2022-01-10T18:11:40
12m_2022-01-01,2.75,1500,closed_peak_dd,True,0,RR2.75:14-15:185:711,14-15,2022-03-04T14:46:40,2022-03-04T16:46:40,1864.85,1728.3,realized_drawdown,2022-03-04T16:46:40
12m_2022-01-01,2.75,6800,closed_floor,False,0,,,,,,,,
12m_2022-01-01,2.75,6800,excursion_floor,False,0,,,,,,,,
12m_2022-01-01,2.75,6800,closed_peak_dd,False,0,,,,,,,,
12m_2022-01-01,3.00,1500,closed_floor,False,0,,,,,,,,
12m_2022-01-01,3.00,1500,excursion_floor,False,0,,,,,,,,
12m_2022-01-01,3.00,1500,closed_peak_dd,True,0,RR3.00:14-15:185:711,14-15,2022-03-04T14:46:40,2022-03-04T16:46:40,2558.4,2421.85,realized_drawdown,2022-03-04T16:46:40
12m_2022-01-01,3.00,6800,closed_floor,False,0,,,,,,,,
12m_2022-01-01,3.00,6800,excursion_floor,False,0,,,,,,,,
12m_2022-01-01,3.00,6800,closed_peak_dd,False,0,,,,,,,,
12m_2022-01-01,3.25,1500,closed_floor,False,0,,,,,,,,
12m_2022-01-01,3.25,1500,excursion_floor,True,0,RR3.25:18-19:138:610,18-19,2022-01-10T18:11:40,2022-01-10T23:00:00,-1485.2,-768.75,mae,2022-01-10T18:11:40
12m_2022-01-01,3.25,1500,closed_peak_dd,True,0,RR3.25:14-15:185:711,14-15,2022-03-04T14:46:40,2022-03-04T16:46:40,2904.6,2768.05,realized_drawdown,2022-03-04T16:46:40
12m_2022-01-01,3.25,6800,closed_floor,False,0,,,,,,,,
12m_2022-01-01,3.25,6800,excursion_floor,False,0,,,,,,,,
12m_2022-01-01,3.25,6800,closed_peak_dd,False,0,,,,,,,,
12m_2022-01-01,3.50,1500,closed_floor,False,0,,,,,,,,
12m_2022-01-01,3.50,1500,excursion_floor,True,0,RR3.50:18-19:138:610,18-19,2022-01-10T18:11:40,2022-01-10T23:00:00,-1485.2,-768.75,mae,2022-01-10T18:11:40
12m_2022-01-01,3.50,1500,closed_peak_dd,True,0,RR3.50:14-15:185:711,14-15,2022-03-04T14:46:40,2022-03-04T16:46:40,3485.25,3348.7,realized_drawdown,2022-03-04T16:46:40
12m_2022-01-01,3.50,6800,closed_floor,False,0,,,,,,,,
12m_2022-01-01,3.50,6800,excursion_floor,False,0,,,,,,,,
12m_2022-01-01,3.50,6800,closed_peak_dd,False,0,,,,,,,,
12m_2022-04-01,0.50,1500,closed_floor,True,0,RR0.50:22-23:201:773,22-23,2022-06-14T22:39:20,2022-06-14T23:30:00,-1453.35,-1526.4,close,2022-06-14T23:30:00
12m_2022-04-01,0.50,1500,excursion_floor,True,0,RR0.50:22-23:201:773,22-23,2022-06-14T22:39:20,2022-06-14T23:30:00,-1453.35,-1526.4,mae,2022-06-14T22:39:20
12m_2022-04-01,0.50,1500,closed_peak_dd,True,0,RR0.50:16-17:341:936,16-17,2022-05-11T16:51:40,2022-05-11T20:05:40,187.0,-551.05,realized_drawdown,2022-05-11T20:05:40
12m_2022-04-01,0.50,6800,closed_floor,False,0,,,,,,,,
12m_2022-04-01,0.50,6800,excursion_floor,False,0,,,,,,,,
12m_2022-04-01,0.50,6800,closed_peak_dd,False,0,,,,,,,,
12m_2022-04-01,0.75,1500,closed_floor,True,0,RR0.75:9-10:216:798,9-10,2022-05-12T09:08:40,2022-05-12T09:47:40,-1473.5,-1582.05,close,2022-05-12T09:47:40
12m_2022-04-01,0.75,1500,excursion_floor,True,0,RR0.75:9-10:216:798,9-10,2022-05-12T09:08:40,2022-05-12T09:47:40,-1473.5,-1582.05,mae,2022-05-12T09:08:40
12m_2022-04-01,0.75,1500,closed_peak_dd,True,0,RR0.75:18-19:161:724,18-19,2022-05-09T18:42:40,2022-05-09T20:34:40,-404.65,-536.7,realized_drawdown,2022-05-09T20:34:40
12m_2022-04-01,0.75,6800,closed_floor,False,0,,,,,,,,
12m_2022-04-01,0.75,6800,excursion_floor,False,0,,,,,,,,
12m_2022-04-01,0.75,6800,closed_peak_dd,False,0,,,,,,,,
12m_2022-04-01,1.00,1500,closed_floor,True,0,RR1.00:3-4:205:767,3-4,2022-05-12T03:42:40,2022-05-12T08:23:40,-1413.6,-1588.65,close,2022-05-12T08:23:40
12m_2022-04-01,1.00,1500,excursion_floor,True,0,RR1.00:3-4:205:767,3-4,2022-05-12T03:42:40,2022-05-12T08:23:40,-1413.6,-1588.65,mae,2022-05-12T03:42:40
12m_2022-04-01,1.00,1500,closed_peak_dd,True,0,RR1.00:21-22:206:732,21-22,2022-05-02T21:07:20,2022-05-02T21:15:40,-7.5,-187.05,realized_drawdown,2022-05-02T21:15:40
12m_2022-04-01,1.00,6800,closed_floor,False,0,,,,,,,,
12m_2022-04-01,1.00,6800,excursion_floor,False,0,,,,,,,,
12m_2022-04-01,1.00,6800,closed_peak_dd,False,0,,,,,,,,
12m_2022-04-01,1.25,1500,closed_floor,True,0,RR1.25:9-10:216:798,9-10,2022-05-12T09:08:40,2022-05-12T09:47:40,-1456.5,-1565.05,close,2022-05-12T09:47:40
12m_2022-04-01,1.25,1500,excursion_floor,True,0,RR1.25:9-10:216:798,9-10,2022-05-12T09:08:40,2022-05-12T09:47:40,-1456.5,-1565.05,mae,2022-05-12T09:08:40
12m_2022-04-01,1.25,1500,closed_peak_dd,True,0,RR1.25:21-22:206:732,21-22,2022-05-02T21:07:20,2022-05-02T21:15:40,-86.85,-266.4,realized_drawdown,2022-05-02T21:15:40
12m_2022-04-01,1.25,6800,closed_floor,False,0,,,,,,,,
12m_2022-04-01,1.25,6800,excursion_floor,False,0,,,,,,,,
12m_2022-04-01,1.25,6800,closed_peak_dd,False,0,,,,,,,,
12m_2022-04-01,1.50,1500,closed_floor,True,0,RR1.50:21-22:209:746,21-22,2022-05-11T21:25:40,2022-05-11T22:15:40,-1272.15,-1505.7,close,2022-05-11T22:15:40
12m_2022-04-01,1.50,1500,excursion_floor,True,0,RR1.50:21-22:209:746,21-22,2022-05-11T21:25:40,2022-05-11T22:15:40,-1272.15,-1505.7,mae,2022-05-11T21:25:40
12m_2022-04-01,1.50,1500,closed_peak_dd,True,0,RR1.50:21-22:206:732,21-22,2022-05-02T21:07:20,2022-05-02T21:15:40,-60.75,-240.3,realized_drawdown,2022-05-02T21:15:40
12m_2022-04-01,1.50,6800,closed_floor,False,0,,,,,,,,
12m_2022-04-01,1.50,6800,excursion_floor,False,0,,,,,,,,
12m_2022-04-01,1.50,6800,closed_peak_dd,False,0,,,,,,,,
12m_2022-04-01,1.75,1500,closed_floor,True,0,RR1.75:16-17:341:936,16-17,2022-05-11T16:51:40,2022-05-11T20:05:40,-971.4,-1709.45,close,2022-05-11T20:05:40
12m_2022-04-01,1.75,1500,excursion_floor,True,0,RR1.75:16-17:341:936,16-17,2022-05-11T16:51:40,2022-05-11T20:05:40,-971.4,-1709.45,mae,2022-05-11T16:51:40
12m_2022-04-01,1.75,1500,closed_peak_dd,True,0,RR1.75:16-17:339:928,16-17,2022-05-02T16:05:40,2022-05-02T16:37:40,-369.05,-476.1,realized_drawdown,2022-05-02T16:37:40
12m_2022-04-01,1.75,6800,closed_floor,False,0,,,,,,,,
12m_2022-04-01,1.75,6800,excursion_floor,False,0,,,,,,,,
12m_2022-04-01,1.75,6800,closed_peak_dd,False,0,,,,,,,,
12m_2022-04-01,2.00,1500,closed_floor,True,0,RR2.00:16-17:341:936,16-17,2022-05-11T16:51:40,2022-05-11T20:05:40,-782.25,-1520.3,close,2022-05-11T20:05:40
12m_2022-04-01,2.00,1500,excursion_floor,True,0,RR2.00:16-17:341:936,16-17,2022-05-11T16:51:40,2022-05-11T20:05:40,-782.25,-1520.3,mae,2022-05-11T16:51:40
12m_2022-04-01,2.00,1500,closed_peak_dd,True,0,RR2.00:14-15:204:775,14-15,2022-05-09T14:53:40,2022-05-09T17:29:40,-625.15,-760.7,realized_drawdown,2022-05-09T17:29:40
12m_2022-04-01,2.00,6800,closed_floor,False,0,,,,,,,,
12m_2022-04-01,2.00,6800,excursion_floor,False,0,,,,,,,,
12m_2022-04-01,2.00,6800,closed_peak_dd,False,0,,,,,,,,
12m_2022-04-01,2.25,1500,closed_floor,True,0,RR2.25:16-17:341:936,16-17,2022-05-11T16:51:40,2022-05-11T20:05:40,-916.7,-1654.75,close,2022-05-11T20:05:40
12m_2022-04-01,2.25,1500,excursion_floor,True,0,RR2.25:16-17:341:936,16-17,2022-05-11T16:51:40,2022-05-11T20:05:40,-916.7,-1654.75,mae,2022-05-11T16:51:40
12m_2022-04-01,2.25,1500,closed_peak_dd,True,0,RR2.25:16-17:340:930,16-17,2022-05-03T16:59:40,2022-05-03T17:08:40,-653.7,-741.25,realized_drawdown,2022-05-03T17:08:40
12m_2022-04-01,2.25,6800,closed_floor,False,0,,,,,,,,
12m_2022-04-01,2.25,6800,excursion_floor,False,0,,,,,,,,
12m_2022-04-01,2.25,6800,closed_peak_dd,False,0,,,,,,,,
12m_2022-04-01,2.50,1500,closed_floor,True,0,RR2.50:16-17:341:936,16-17,2022-05-11T16:51:40,2022-05-11T20:05:40,-865.6,-1603.65,close,2022-05-11T20:05:40
12m_2022-04-01,2.50,1500,excursion_floor,True,0,RR2.50:16-17:341:936,16-17,2022-05-11T16:51:40,2022-05-11T20:05:40,-865.6,-1603.65,mae,2022-05-11T16:51:40
12m_2022-04-01,2.50,1500,closed_peak_dd,True,0,RR2.50:14-15:204:775,14-15,2022-05-09T14:53:40,2022-05-09T17:29:40,-747.55,-883.1,realized_drawdown,2022-05-09T17:29:40
12m_2022-04-01,2.50,6800,closed_floor,False,0,,,,,,,,
12m_2022-04-01,2.50,6800,excursion_floor,False,0,,,,,,,,
12m_2022-04-01,2.50,6800,closed_peak_dd,False,0,,,,,,,,
12m_2022-04-01,2.75,1500,closed_floor,True,0,RR2.75:21-22:209:746,21-22,2022-05-11T21:25:40,2022-05-11T22:15:40,-1452.05,-1685.6,close,2022-05-11T22:15:40
12m_2022-04-01,2.75,1500,excursion_floor,True,0,RR2.75:21-22:209:746,21-22,2022-05-11T21:25:40,2022-05-11T22:15:40,-1452.05,-1685.6,mae,2022-05-11T21:25:40
12m_2022-04-01,2.75,1500,closed_peak_dd,True,0,RR2.75:14-15:204:775,14-15,2022-05-09T14:53:40,2022-05-09T17:29:40,-684.45,-820.0,realized_drawdown,2022-05-09T17:29:40
12m_2022-04-01,2.75,6800,closed_floor,False,0,,,,,,,,
12m_2022-04-01,2.75,6800,excursion_floor,False,0,,,,,,,,
12m_2022-04-01,2.75,6800,closed_peak_dd,False,0,,,,,,,,
12m_2022-04-01,3.00,1500,closed_floor,True,0,RR3.00:21-22:208:743,21-22,2022-05-09T21:56:40,2022-05-09T22:28:20,-1453.9,-1600.45,close,2022-05-09T22:28:20
12m_2022-04-01,3.00,1500,excursion_floor,True,0,RR3.00:21-22:208:743,21-22,2022-05-09T21:56:40,2022-05-09T22:28:20,-1453.9,-1600.45,mae,2022-05-09T21:56:40
12m_2022-04-01,3.00,1500,closed_peak_dd,True,0,RR3.00:3-4:203:758,3-4,2022-05-02T03:13:20,2022-05-02T14:38:20,-528.55,-671.1,realized_drawdown,2022-05-02T14:38:20
12m_2022-04-01,3.00,6800,closed_floor,False,0,,,,,,,,
12m_2022-04-01,3.00,6800,excursion_floor,False,0,,,,,,,,
12m_2022-04-01,3.00,6800,closed_peak_dd,False,0,,,,,,,,
12m_2022-04-01,3.25,1500,closed_floor,True,0,RR3.25:12-13:182:732,12-13,2022-05-04T12:31:40,2022-05-04T16:30:40,-1479.15,-1520.7,close,2022-05-04T16:30:40
12m_2022-04-01,3.25,1500,excursion_floor,True,0,RR3.25:18-19:159:716,18-19,2022-05-03T18:07:40,2022-05-03T23:30:00,-1385.5,-1405.05,mae,2022-05-03T18:07:40
12m_2022-04-01,3.25,1500,closed_peak_dd,True,0,RR3.25:18-19:158:712,18-19,2022-04-29T18:33:40,2022-04-29T19:02:40,-563.95,-723.0,realized_drawdown,2022-04-29T19:02:40
12m_2022-04-01,3.25,6800,closed_floor,False,0,,,,,,,,
12m_2022-04-01,3.25,6800,excursion_floor,False,0,,,,,,,,
12m_2022-04-01,3.25,6800,closed_peak_dd,False,0,,,,,,,,
12m_2022-04-01,3.50,1500,closed_floor,True,0,RR3.50:21-22:206:738,21-22,2022-05-09T21:56:40,2022-05-09T22:28:20,-1441.35,-1587.9,close,2022-05-09T22:28:20
12m_2022-04-01,3.50,1500,excursion_floor,True,0,RR3.50:21-22:206:738,21-22,2022-05-09T21:56:40,2022-05-09T22:28:20,-1441.35,-1587.9,mae,2022-05-09T21:56:40
12m_2022-04-01,3.50,1500,closed_peak_dd,True,0,RR3.50:18-19:158:712,18-19,2022-04-29T18:33:40,2022-04-29T19:02:40,-434.95,-594.0,realized_drawdown,2022-04-29T19:02:40
12m_2022-04-01,3.50,6800,closed_floor,False,0,,,,,,,,
12m_2022-04-01,3.50,6800,excursion_floor,False,0,,,,,,,,
12m_2022-04-01,3.50,6800,closed_peak_dd,False,0,,,,,,,,
12m_2022-07-01,0.50,1500,closed_floor,False,0,,,,,,,,
12m_2022-07-01,0.50,1500,excursion_floor,False,0,,,,,,,,
12m_2022-07-01,0.50,1500,closed_peak_dd,True,0,RR0.50:16-17:408:1135,16-17,2022-11-04T16:41:40,2022-11-04T17:51:40,1971.75,1492.2,realized_drawdown,2022-11-04T17:51:40
12m_2022-07-01,0.50,6800,closed_floor,False,0,,,,,,,,
12m_2022-07-01,0.50,6800,excursion_floor,False,0,,,,,,,,
12m_2022-07-01,0.50,6800,closed_peak_dd,False,0,,,,,,,,
12m_2022-07-01,0.75,1500,closed_floor,False,0,,,,,,,,
12m_2022-07-01,0.75,1500,excursion_floor,False,0,,,,,,,,
12m_2022-07-01,0.75,1500,closed_peak_dd,True,0,RR0.75:16-17:408:1135,16-17,2022-11-04T16:41:40,2022-11-04T17:51:40,2368.4,1888.85,realized_drawdown,2022-11-04T17:51:40
12m_2022-07-01,0.75,6800,closed_floor,False,0,,,,,,,,
12m_2022-07-01,0.75,6800,excursion_floor,False,0,,,,,,,,
12m_2022-07-01,0.75,6800,closed_peak_dd,False,0,,,,,,,,
12m_2022-07-01,1.00,1500,closed_floor,False,0,,,,,,,,
12m_2022-07-01,1.00,1500,excursion_floor,False,0,,,,,,,,
12m_2022-07-01,1.00,1500,closed_peak_dd,True,0,RR1.00:16-17:408:1135,16-17,2022-11-04T16:41:40,2022-11-04T17:51:40,2722.65,2243.1,realized_drawdown,2022-11-04T17:51:40
12m_2022-07-01,1.00,6800,closed_floor,False,0,,,,,,,,
12m_2022-07-01,1.00,6800,excursion_floor,False,0,,,,,,,,
12m_2022-07-01,1.00,6800,closed_peak_dd,False,0,,,,,,,,
12m_2022-07-01,1.25,1500,closed_floor,False,0,,,,,,,,
12m_2022-07-01,1.25,1500,excursion_floor,False,0,,,,,,,,
12m_2022-07-01,1.25,1500,closed_peak_dd,True,0,RR1.25:16-17:408:1135,16-17,2022-11-04T16:41:40,2022-11-04T17:51:40,2201.05,1721.5,realized_drawdown,2022-11-04T17:51:40
12m_2022-07-01,1.25,6800,closed_floor,False,0,,,,,,,,
12m_2022-07-01,1.25,6800,excursion_floor,False,0,,,,,,,,
12m_2022-07-01,1.25,6800,closed_peak_dd,False,0,,,,,,,,
12m_2022-07-01,1.50,1500,closed_floor,False,0,,,,,,,,
12m_2022-07-01,1.50,1500,excursion_floor,False,0,,,,,,,,
12m_2022-07-01,1.50,1500,closed_peak_dd,True,0,RR1.50:16-17:408:1135,16-17,2022-11-04T16:41:40,2022-11-04T17:51:40,3357.15,2877.6,realized_drawdown,2022-11-04T17:51:40
12m_2022-07-01,1.50,6800,closed_floor,False,0,,,,,,,,
12m_2022-07-01,1.50,6800,excursion_floor,False,0,,,,,,,,
12m_2022-07-01,1.50,6800,closed_peak_dd,False,0,,,,,,,,
12m_2022-07-01,1.75,1500,closed_floor,False,0,,,,,,,,
12m_2022-07-01,1.75,1500,excursion_floor,False,0,,,,,,,,
12m_2022-07-01,1.75,1500,closed_peak_dd,True,0,RR1.75:4-5:228:901,4-5,2022-09-05T04:00:40,2022-09-05T08:58:40,2313.05,2246.5,realized_drawdown,2022-09-05T08:58:40
12m_2022-07-01,1.75,6800,closed_floor,False,0,,,,,,,,
12m_2022-07-01,1.75,6800,excursion_floor,False,0,,,,,,,,
12m_2022-07-01,1.75,6800,closed_peak_dd,False,0,,,,,,,,
12m_2022-07-01,2.00,1500,closed_floor,False,0,,,,,,,,
12m_2022-07-01,2.00,1500,excursion_floor,False,0,,,,,,,,
12m_2022-07-01,2.00,1500,closed_peak_dd,True,0,RR2.00:14-15:243:932,14-15,2022-11-04T14:30:20,2022-11-04T14:30:40,2240.45,2166.4,realized_drawdown,2022-11-04T14:30:40
12m_2022-07-01,2.00,6800,closed_floor,False,0,,,,,,,,
12m_2022-07-01,2.00,6800,excursion_floor,False,0,,,,,,,,
12m_2022-07-01,2.00,6800,closed_peak_dd,False,0,,,,,,,,
12m_2022-07-01,2.25,1500,closed_floor,False,0,,,,,,,,
12m_2022-07-01,2.25,1500,excursion_floor,False,0,,,,,,,,
12m_2022-07-01,2.25,1500,closed_peak_dd,True,0,RR2.25:4-5:228:901,4-5,2022-09-05T04:00:40,2022-09-05T08:58:40,2255.65,2189.1,realized_drawdown,2022-09-05T08:58:40
12m_2022-07-01,2.25,6800,closed_floor,False,0,,,,,,,,
12m_2022-07-01,2.25,6800,excursion_floor,False,0,,,,,,,,
12m_2022-07-01,2.25,6800,closed_peak_dd,False,0,,,,,,,,
12m_2022-07-01,2.50,1500,closed_floor,False,0,,,,,,,,
12m_2022-07-01,2.50,1500,excursion_floor,False,0,,,,,,,,
12m_2022-07-01,2.50,1500,closed_peak_dd,True,0,RR2.50:9-10:244:913,9-10,2022-09-05T09:04:40,2022-09-05T10:46:40,1712.35,1669.3,realized_drawdown,2022-09-05T10:46:40
12m_2022-07-01,2.50,6800,closed_floor,False,0,,,,,,,,
12m_2022-07-01,2.50,6800,excursion_floor,False,0,,,,,,,,
12m_2022-07-01,2.50,6800,closed_peak_dd,False,0,,,,,,,,
12m_2022-07-01,2.75,1500,closed_floor,False,0,,,,,,,,
12m_2022-07-01,2.75,1500,excursion_floor,False,0,,,,,,,,
12m_2022-07-01,2.75,1500,closed_peak_dd,True,0,RR2.75:9-10:244:913,9-10,2022-09-05T09:04:40,2022-09-05T10:46:40,1692.9,1649.85,realized_drawdown,2022-09-05T10:46:40
12m_2022-07-01,2.75,6800,closed_floor,False,0,,,,,,,,
12m_2022-07-01,2.75,6800,excursion_floor,False,0,,,,,,,,
12m_2022-07-01,2.75,6800,closed_peak_dd,False,0,,,,,,,,
12m_2022-07-01,3.00,1500,closed_floor,False,0,,,,,,,,
12m_2022-07-01,3.00,1500,excursion_floor,False,0,,,,,,,,
12m_2022-07-01,3.00,1500,closed_peak_dd,True,0,RR3.00:16-17:408:1135,16-17,2022-11-04T16:41:40,2022-11-04T17:51:40,2752.95,2273.4,realized_drawdown,2022-11-04T17:51:40
12m_2022-07-01,3.00,6800,closed_floor,False,0,,,,,,,,
12m_2022-07-01,3.00,6800,excursion_floor,False,0,,,,,,,,
12m_2022-07-01,3.00,6800,closed_peak_dd,False,0,,,,,,,,
12m_2022-07-01,3.25,1500,closed_floor,False,0,,,,,,,,
12m_2022-07-01,3.25,1500,excursion_floor,False,0,,,,,,,,
12m_2022-07-01,3.25,1500,closed_peak_dd,True,0,RR3.25:16-17:408:1135,16-17,2022-11-04T16:41:40,2022-11-04T17:51:40,3027.2,2547.65,realized_drawdown,2022-11-04T17:51:40
12m_2022-07-01,3.25,6800,closed_floor,False,0,,,,,,,,
12m_2022-07-01,3.25,6800,excursion_floor,False,0,,,,,,,,
12m_2022-07-01,3.25,6800,closed_peak_dd,False,0,,,,,,,,
12m_2022-07-01,3.50,1500,closed_floor,False,0,,,,,,,,
12m_2022-07-01,3.50,1500,excursion_floor,False,0,,,,,,,,
12m_2022-07-01,3.50,1500,closed_peak_dd,True,0,RR3.50:16-17:405:1127,16-17,2022-11-03T16:45:40,2022-11-03T21:57:40,2430.3,2178.25,realized_drawdown,2022-11-03T21:57:40
12m_2022-07-01,3.50,6800,closed_floor,False,0,,,,,,,,
12m_2022-07-01,3.50,6800,excursion_floor,False,0,,,,,,,,
12m_2022-07-01,3.50,6800,closed_peak_dd,False,0,,,,,,,,
12m_2022-10-01,0.50,1500,closed_floor,False,0,,,,,,,,
12m_2022-10-01,0.50,1500,excursion_floor,False,0,,,,,,,,
12m_2022-10-01,0.50,1500,closed_peak_dd,True,0,RR0.50:16-17:408:1135,16-17,2022-11-04T16:41:40,2022-11-04T17:51:40,-523.1,-1002.65,realized_drawdown,2022-11-04T17:51:40
12m_2022-10-01,0.50,6800,closed_floor,False,0,,,,,,,,
12m_2022-10-01,0.50,6800,excursion_floor,False,0,,,,,,,,
12m_2022-10-01,0.50,6800,closed_peak_dd,False,0,,,,,,,,
12m_2022-10-01,0.75,1500,closed_floor,True,0,RR0.75:17-18:182:910,17-18,2023-01-05T17:08:40,2023-01-05T22:50:40,-1402.8,-1623.85,close,2023-01-05T22:50:40
12m_2022-10-01,0.75,1500,excursion_floor,True,0,RR0.75:17-18:182:910,17-18,2023-01-05T17:08:40,2023-01-05T22:50:40,-1402.8,-1623.85,mae,2023-01-05T17:08:40
12m_2022-10-01,0.75,1500,closed_peak_dd,True,0,RR0.75:16-17:408:1135,16-17,2022-11-04T16:41:40,2022-11-04T17:51:40,-1000.25,-1479.8,realized_drawdown,2022-11-04T17:51:40
12m_2022-10-01,0.75,6800,closed_floor,False,0,,,,,,,,
12m_2022-10-01,0.75,6800,excursion_floor,False,0,,,,,,,,
12m_2022-10-01,0.75,6800,closed_peak_dd,False,0,,,,,,,,
12m_2022-10-01,1.00,1500,closed_floor,False,0,,,,,,,,
12m_2022-10-01,1.00,1500,excursion_floor,False,0,,,,,,,,
12m_2022-10-01,1.00,1500,closed_peak_dd,True,0,RR1.00:16-17:408:1135,16-17,2022-11-04T16:41:40,2022-11-04T17:51:40,-723.95,-1203.5,realized_drawdown,2022-11-04T17:51:40
12m_2022-10-01,1.00,6800,closed_floor,False,0,,,,,,,,
12m_2022-10-01,1.00,6800,excursion_floor,False,0,,,,,,,,
12m_2022-10-01,1.00,6800,closed_peak_dd,False,0,,,,,,,,
12m_2022-10-01,1.25,1500,closed_floor,False,0,,,,,,,,
12m_2022-10-01,1.25,1500,excursion_floor,False,0,,,,,,,,
12m_2022-10-01,1.25,1500,closed_peak_dd,True,0,RR1.25:16-17:408:1135,16-17,2022-11-04T16:41:40,2022-11-04T17:51:40,-510.8,-990.35,realized_drawdown,2022-11-04T17:51:40
12m_2022-10-01,1.25,6800,closed_floor,False,0,,,,,,,,
12m_2022-10-01,1.25,6800,excursion_floor,False,0,,,,,,,,
12m_2022-10-01,1.25,6800,closed_peak_dd,False,0,,,,,,,,
12m_2022-10-01,1.50,1500,closed_floor,False,0,,,,,,,,
12m_2022-10-01,1.50,1500,excursion_floor,False,0,,,,,,,,
12m_2022-10-01,1.50,1500,closed_peak_dd,True,0,RR1.50:16-17:408:1135,16-17,2022-11-04T16:41:40,2022-11-04T17:51:40,117.0,-362.55,realized_drawdown,2022-11-04T17:51:40
12m_2022-10-01,1.50,6800,closed_floor,False,0,,,,,,,,
12m_2022-10-01,1.50,6800,excursion_floor,False,0,,,,,,,,
12m_2022-10-01,1.50,6800,closed_peak_dd,False,0,,,,,,,,
12m_2022-10-01,1.75,1500,closed_floor,False,0,,,,,,,,
12m_2022-10-01,1.75,1500,excursion_floor,False,0,,,,,,,,
12m_2022-10-01,1.75,1500,closed_peak_dd,True,0,RR1.75:16-17:408:1135,16-17,2022-11-04T16:41:40,2022-11-04T17:51:40,-206.45,-686.0,realized_drawdown,2022-11-04T17:51:40
12m_2022-10-01,1.75,6800,closed_floor,False,0,,,,,,,,
12m_2022-10-01,1.75,6800,excursion_floor,False,0,,,,,,,,
12m_2022-10-01,1.75,6800,closed_peak_dd,False,0,,,,,,,,
12m_2022-10-01,2.00,1500,closed_floor,True,0,RR2.00:17-18:176:872,17-18,2022-11-14T17:07:40,2022-11-14T23:30:00,-1486.3,-1542.85,close,2022-11-14T23:30:00
12m_2022-10-01,2.00,1500,excursion_floor,True,0,RR2.00:17-18:176:872,17-18,2022-11-14T17:07:40,2022-11-14T23:30:00,-1486.3,-1542.85,mae,2022-11-14T17:07:40
12m_2022-10-01,2.00,1500,closed_peak_dd,True,0,RR2.00:14-15:243:932,14-15,2022-11-04T14:30:20,2022-11-04T14:30:40,-334.0,-408.05,realized_drawdown,2022-11-04T14:30:40
12m_2022-10-01,2.00,6800,closed_floor,False,0,,,,,,,,
12m_2022-10-01,2.00,6800,excursion_floor,False,0,,,,,,,,
12m_2022-10-01,2.00,6800,closed_peak_dd,False,0,,,,,,,,
12m_2022-10-01,2.25,1500,closed_floor,True,0,RR2.25:3-4:265:981,3-4,2022-12-28T03:29:40,2022-12-28T16:30:40,-1491.2,-1533.75,close,2022-12-28T16:30:40
12m_2022-10-01,2.25,1500,excursion_floor,True,0,RR2.25:17-18:181:902,17-18,2022-12-23T17:25:40,2022-12-23T23:30:00,-1450.5,-1410.05,mae,2022-12-23T17:25:40
12m_2022-10-01,2.25,1500,closed_peak_dd,True,0,RR2.25:16-17:408:1135,16-17,2022-11-04T16:41:40,2022-11-04T17:51:40,-70.5,-550.05,realized_drawdown,2022-11-04T17:51:40
12m_2022-10-01,2.25,6800,closed_floor,False,0,,,,,,,,
12m_2022-10-01,2.25,6800,excursion_floor,False,0,,,,,,,,
12m_2022-10-01,2.25,6800,closed_peak_dd,False,0,,,,,,,,
12m_2022-10-01,2.50,1500,closed_floor,True,0,RR2.50:11-12:222:968,11-12,2023-01-05T11:18:40,2023-01-05T15:30:40,-1461.05,-1544.1,close,2023-01-05T15:30:40
12m_2022-10-01,2.50,1500,excursion_floor,True,0,RR2.50:11-12:222:968,11-12,2023-01-05T11:18:40,2023-01-05T15:30:40,-1461.05,-1544.1,mae,2023-01-05T11:18:40
12m_2022-10-01,2.50,1500,closed_peak_dd,True,0,RR2.50:16-17:408:1135,16-17,2022-11-04T16:41:40,2022-11-04T17:51:40,-62.9,-542.45,realized_drawdown,2022-11-04T17:51:40
12m_2022-10-01,2.50,6800,closed_floor,False,0,,,,,,,,
12m_2022-10-01,2.50,6800,excursion_floor,False,0,,,,,,,,
12m_2022-10-01,2.50,6800,closed_peak_dd,False,0,,,,,,,,
12m_2022-10-01,2.75,1500,closed_floor,True,0,RR2.75:17-18:182:910,17-18,2023-01-05T17:08:40,2023-01-05T22:50:40,-1369.25,-1590.3,close,2023-01-05T22:50:40
12m_2022-10-01,2.75,1500,excursion_floor,True,0,RR2.75:17-18:182:910,17-18,2023-01-05T17:08:40,2023-01-05T22:50:40,-1369.25,-1590.3,mae,2023-01-05T17:08:40
12m_2022-10-01,2.75,1500,closed_peak_dd,True,0,RR2.75:16-17:408:1135,16-17,2022-11-04T16:41:40,2022-11-04T17:51:40,226.8,-252.75,realized_drawdown,2022-11-04T17:51:40
12m_2022-10-01,2.75,6800,closed_floor,False,0,,,,,,,,
12m_2022-10-01,2.75,6800,excursion_floor,False,0,,,,,,,,
12m_2022-10-01,2.75,6800,closed_peak_dd,False,0,,,,,,,,
12m_2022-10-01,3.00,1500,closed_floor,False,0,,,,,,,,
12m_2022-10-01,3.00,1500,excursion_floor,False,0,,,,,,,,
12m_2022-10-01,3.00,1500,closed_peak_dd,True,0,RR3.00:16-17:408:1135,16-17,2022-11-04T16:41:40,2022-11-04T17:51:40,463.9,-15.65,realized_drawdown,2022-11-04T17:51:40
12m_2022-10-01,3.00,6800,closed_floor,False,0,,,,,,,,
12m_2022-10-01,3.00,6800,excursion_floor,False,0,,,,,,,,
12m_2022-10-01,3.00,6800,closed_peak_dd,False,0,,,,,,,,
12m_2022-10-01,3.25,1500,closed_floor,False,0,,,,,,,,
12m_2022-10-01,3.25,1500,excursion_floor,False,0,,,,,,,,
12m_2022-10-01,3.25,1500,closed_peak_dd,True,0,RR3.25:16-17:408:1135,16-17,2022-11-04T16:41:40,2022-11-04T17:51:40,647.5,167.95,realized_drawdown,2022-11-04T17:51:40
12m_2022-10-01,3.25,6800,closed_floor,False,0,,,,,,,,
12m_2022-10-01,3.25,6800,excursion_floor,False,0,,,,,,,,
12m_2022-10-01,3.25,6800,closed_peak_dd,False,0,,,,,,,,
12m_2022-10-01,3.50,1500,closed_floor,False,0,,,,,,,,
12m_2022-10-01,3.50,1500,excursion_floor,False,0,,,,,,,,
12m_2022-10-01,3.50,1500,closed_peak_dd,True,0,RR3.50:16-17:405:1127,16-17,2022-11-03T16:45:40,2022-11-03T21:57:40,156.0,-96.05,realized_drawdown,2022-11-03T21:57:40
12m_2022-10-01,3.50,6800,closed_floor,False,0,,,,,,,,
12m_2022-10-01,3.50,6800,excursion_floor,False,0,,,,,,,,
12m_2022-10-01,3.50,6800,closed_peak_dd,False,0,,,,,,,,
12m_2023-01-01,0.50,1500,closed_floor,False,0,,,,,,,,
12m_2023-01-01,0.50,1500,excursion_floor,False,0,,,,,,,,
12m_2023-01-01,0.50,1500,closed_peak_dd,True,0,RR0.50:18-19:275:1191,18-19,2023-10-18T18:26:20,2023-10-18T19:49:40,-266.2,-397.25,realized_drawdown,2023-10-18T19:49:40
12m_2023-01-01,0.50,6800,closed_floor,False,0,,,,,,,,
12m_2023-01-01,0.50,6800,excursion_floor,False,0,,,,,,,,
12m_2023-01-01,0.50,6800,closed_peak_dd,False,0,,,,,,,,
12m_2023-01-01,0.75,1500,closed_floor,False,0,,,,,,,,
12m_2023-01-01,0.75,1500,excursion_floor,False,0,,,,,,,,
12m_2023-01-01,0.75,1500,closed_peak_dd,True,0,RR0.75:17-18:220:1141,17-18,2023-10-25T17:39:40,2023-10-25T18:42:40,1158.25,1047.2,realized_drawdown,2023-10-25T18:42:40
12m_2023-01-01,0.75,6800,closed_floor,False,0,,,,,,,,
12m_2023-01-01,0.75,6800,excursion_floor,False,0,,,,,,,,
12m_2023-01-01,0.75,6800,closed_peak_dd,False,0,,,,,,,,
12m_2023-01-01,1.00,1500,closed_floor,False,0,,,,,,,,
12m_2023-01-01,1.00,1500,excursion_floor,False,0,,,,,,,,
12m_2023-01-01,1.00,1500,closed_peak_dd,True,0,RR1.00:17-18:220:1141,17-18,2023-10-25T17:39:40,2023-10-25T18:42:40,2849.6,2738.55,realized_drawdown,2023-10-25T18:42:40
12m_2023-01-01,1.00,6800,closed_floor,False,0,,,,,,,,
12m_2023-01-01,1.00,6800,excursion_floor,False,0,,,,,,,,
12m_2023-01-01,1.00,6800,closed_peak_dd,False,0,,,,,,,,
12m_2023-01-01,1.25,1500,closed_floor,False,0,,,,,,,,
12m_2023-01-01,1.25,1500,excursion_floor,False,0,,,,,,,,
12m_2023-01-01,1.25,1500,closed_peak_dd,True,0,RR1.25:18-19:277:1196,18-19,2023-10-20T18:55:40,2023-10-20T22:45:40,2958.35,2842.8,realized_drawdown,2023-10-20T22:45:40
12m_2023-01-01,1.25,6800,closed_floor,False,0,,,,,,,,
12m_2023-01-01,1.25,6800,excursion_floor,False,0,,,,,,,,
12m_2023-01-01,1.25,6800,closed_peak_dd,False,0,,,,,,,,
12m_2023-01-01,1.50,1500,closed_floor,False,0,,,,,,,,
12m_2023-01-01,1.50,1500,excursion_floor,False,0,,,,,,,,
12m_2023-01-01,1.50,1500,closed_peak_dd,True,0,RR1.50:9-10:332:1275,9-10,2023-10-19T09:17:40,2023-10-19T10:45:40,2255.95,2207.9,realized_drawdown,2023-10-19T10:45:40
12m_2023-01-01,1.50,6800,closed_floor,False,0,,,,,,,,
12m_2023-01-01,1.50,6800,excursion_floor,False,0,,,,,,,,
12m_2023-01-01,1.50,6800,closed_peak_dd,False,0,,,,,,,,
12m_2023-01-01,1.75,1500,closed_floor,False,0,,,,,,,,
12m_2023-01-01,1.75,1500,excursion_floor,False,0,,,,,,,,
12m_2023-01-01,1.75,1500,closed_peak_dd,True,0,RR1.75:7-8:369:1317,7-8,2023-10-04T07:20:40,2023-10-04T08:53:40,3081.25,3017.2,realized_drawdown,2023-10-04T08:53:40
12m_2023-01-01,1.75,6800,closed_floor,False,0,,,,,,,,
12m_2023-01-01,1.75,6800,excursion_floor,False,0,,,,,,,,
12m_2023-01-01,1.75,6800,closed_peak_dd,False,0,,,,,,,,
12m_2023-01-01,2.00,1500,closed_floor,False,0,,,,,,,,
12m_2023-01-01,2.00,1500,excursion_floor,False,0,,,,,,,,
12m_2023-01-01,2.00,1500,closed_peak_dd,True,0,RR2.00:7-8:369:1317,7-8,2023-10-04T07:20:40,2023-10-04T08:53:40,3289.15,3225.1,realized_drawdown,2023-10-04T08:53:40
12m_2023-01-01,2.00,6800,closed_floor,False,0,,,,,,,,
12m_2023-01-01,2.00,6800,excursion_floor,False,0,,,,,,,,
12m_2023-01-01,2.00,6800,closed_peak_dd,False,0,,,,,,,,
12m_2023-01-01,2.25,1500,closed_floor,False,0,,,,,,,,
12m_2023-01-01,2.25,1500,excursion_floor,False,0,,,,,,,,
12m_2023-01-01,2.25,1500,closed_peak_dd,True,0,RR2.25:22-23:309:1182,22-23,2023-10-23T22:05:20,2023-10-23T22:12:40,4289.65,4211.1,realized_drawdown,2023-10-23T22:12:40
12m_2023-01-01,2.25,6800,closed_floor,False,0,,,,,,,,
12m_2023-01-01,2.25,6800,excursion_floor,False,0,,,,,,,,
12m_2023-01-01,2.25,6800,closed_peak_dd,False,0,,,,,,,,
12m_2023-01-01,2.50,1500,closed_floor,False,0,,,,,,,,
12m_2023-01-01,2.50,1500,excursion_floor,False,0,,,,,,,,
12m_2023-01-01,2.50,1500,closed_peak_dd,True,0,RR2.50:4-5:334:1299,4-5,2023-10-24T04:02:40,2023-10-24T04:33:40,4360.45,4316.9,realized_drawdown,2023-10-24T04:33:40
12m_2023-01-01,2.50,6800,closed_floor,False,0,,,,,,,,
12m_2023-01-01,2.50,6800,excursion_floor,False,0,,,,,,,,
12m_2023-01-01,2.50,6800,closed_peak_dd,False,0,,,,,,,,
12m_2023-01-01,2.75,1500,closed_floor,False,0,,,,,,,,
12m_2023-01-01,2.75,1500,excursion_floor,False,0,,,,,,,,
12m_2023-01-01,2.75,1500,closed_peak_dd,True,0,RR2.75:16-17:537:1514,16-17,2023-10-23T16:30:40,2023-10-23T16:33:40,4972.0,4908.95,realized_drawdown,2023-10-23T16:33:40
12m_2023-01-01,2.75,6800,closed_floor,False,0,,,,,,,,
12m_2023-01-01,2.75,6800,excursion_floor,False,0,,,,,,,,
12m_2023-01-01,2.75,6800,closed_peak_dd,False,0,,,,,,,,
12m_2023-01-01,3.00,1500,closed_floor,False,0,,,,,,,,
12m_2023-01-01,3.00,1500,excursion_floor,False,0,,,,,,,,
12m_2023-01-01,3.00,1500,closed_peak_dd,True,0,RR3.00:22-23:309:1182,22-23,2023-10-23T22:05:20,2023-10-23T22:12:40,4731.45,4652.9,realized_drawdown,2023-10-23T22:12:40
12m_2023-01-01,3.00,6800,closed_floor,False,0,,,,,,,,
12m_2023-01-01,3.00,6800,excursion_floor,False,0,,,,,,,,
12m_2023-01-01,3.00,6800,closed_peak_dd,False,0,,,,,,,,
12m_2023-01-01,3.25,1500,closed_floor,False,0,,,,,,,,
12m_2023-01-01,3.25,1500,excursion_floor,False,0,,,,,,,,
12m_2023-01-01,3.25,1500,closed_peak_dd,True,0,RR3.25:22-23:309:1182,22-23,2023-10-23T22:05:20,2023-10-23T22:12:40,4058.5,3979.95,realized_drawdown,2023-10-23T22:12:40
12m_2023-01-01,3.25,6800,closed_floor,False,0,,,,,,,,
12m_2023-01-01,3.25,6800,excursion_floor,False,0,,,,,,,,
12m_2023-01-01,3.25,6800,closed_peak_dd,False,0,,,,,,,,
12m_2023-01-01,3.50,1500,closed_floor,False,0,,,,,,,,
12m_2023-01-01,3.50,1500,excursion_floor,False,0,,,,,,,,
12m_2023-01-01,3.50,1500,closed_peak_dd,True,0,RR3.50:18-19:276:1194,18-19,2023-10-20T18:55:40,2023-10-20T22:45:40,3641.0,3525.45,realized_drawdown,2023-10-20T22:45:40
12m_2023-01-01,3.50,6800,closed_floor,False,0,,,,,,,,
12m_2023-01-01,3.50,6800,excursion_floor,False,0,,,,,,,,
12m_2023-01-01,3.50,6800,closed_peak_dd,False,0,,,,,,,,
12m_2023-04-01,0.50,1500,closed_floor,False,0,,,,,,,,
12m_2023-04-01,0.50,1500,excursion_floor,True,0,RR0.50:19-20:293:1208,19-20,2023-10-30T19:24:40,2023-10-30T20:00:00,-1493.8,-1385.85,mae,2023-10-30T19:24:40
12m_2023-04-01,0.50,1500,closed_peak_dd,True,0,RR0.50:18-19:275:1191,18-19,2023-10-18T18:26:20,2023-10-18T19:49:40,-400.6,-531.65,realized_drawdown,2023-10-18T19:49:40
12m_2023-04-01,0.50,6800,closed_floor,False,0,,,,,,,,
12m_2023-04-01,0.50,6800,excursion_floor,False,0,,,,,,,,
12m_2023-04-01,0.50,6800,closed_peak_dd,False,0,,,,,,,,
12m_2023-04-01,0.75,1500,closed_floor,False,0,,,,,,,,
12m_2023-04-01,0.75,1500,excursion_floor,False,0,,,,,,,,
12m_2023-04-01,0.75,1500,closed_peak_dd,True,0,RR0.75:17-18:220:1141,17-18,2023-10-25T17:39:40,2023-10-25T18:42:40,-47.15,-158.2,realized_drawdown,2023-10-25T18:42:40
12m_2023-04-01,0.75,6800,closed_floor,False,0,,,,,,,,
12m_2023-04-01,0.75,6800,excursion_floor,False,0,,,,,,,,
12m_2023-04-01,0.75,6800,closed_peak_dd,False,0,,,,,,,,
12m_2023-04-01,1.00,1500,closed_floor,False,0,,,,,,,,
12m_2023-04-01,1.00,1500,excursion_floor,False,0,,,,,,,,
12m_2023-04-01,1.00,1500,closed_peak_dd,True,0,RR1.00:17-18:220:1141,17-18,2023-10-25T17:39:40,2023-10-25T18:42:40,628.2,517.15,realized_drawdown,2023-10-25T18:42:40
12m_2023-04-01,1.00,6800,closed_floor,False,0,,,,,,,,
12m_2023-04-01,1.00,6800,excursion_floor,False,0,,,,,,,,
12m_2023-04-01,1.00,6800,closed_peak_dd,False,0,,,,,,,,
12m_2023-04-01,1.25,1500,closed_floor,False,0,,,,,,,,
12m_2023-04-01,1.25,1500,excursion_floor,False,0,,,,,,,,
12m_2023-04-01,1.25,1500,closed_peak_dd,True,0,RR1.25:18-19:277:1196,18-19,2023-10-20T18:55:40,2023-10-20T22:45:40,1004.15,888.6,realized_drawdown,2023-10-20T22:45:40
12m_2023-04-01,1.25,6800,closed_floor,False,0,,,,,,,,
12m_2023-04-01,1.25,6800,excursion_floor,False,0,,,,,,,,
12m_2023-04-01,1.25,6800,closed_peak_dd,False,0,,,,,,,,
12m_2023-04-01,1.50,1500,closed_floor,False,0,,,,,,,,
12m_2023-04-01,1.50,1500,excursion_floor,False,0,,,,,,,,
12m_2023-04-01,1.50,1500,closed_peak_dd,True,0,RR1.50:9-10:332:1275,9-10,2023-10-19T09:17:40,2023-10-19T10:45:40,310.65,262.6,realized_drawdown,2023-10-19T10:45:40
12m_2023-04-01,1.50,6800,closed_floor,False,0,,,,,,,,
12m_2023-04-01,1.50,6800,excursion_floor,False,0,,,,,,,,
12m_2023-04-01,1.50,6800,closed_peak_dd,False,0,,,,,,,,
12m_2023-04-01,1.75,1500,closed_floor,False,0,,,,,,,,
12m_2023-04-01,1.75,1500,excursion_floor,False,0,,,,,,,,
12m_2023-04-01,1.75,1500,closed_peak_dd,True,0,RR1.75:7-8:369:1317,7-8,2023-10-04T07:20:40,2023-10-04T08:53:40,1044.55,980.5,realized_drawdown,2023-10-04T08:53:40
12m_2023-04-01,1.75,6800,closed_floor,False,0,,,,,,,,
12m_2023-04-01,1.75,6800,excursion_floor,False,0,,,,,,,,
12m_2023-04-01,1.75,6800,closed_peak_dd,False,0,,,,,,,,
12m_2023-04-01,2.00,1500,closed_floor,False,0,,,,,,,,
12m_2023-04-01,2.00,1500,excursion_floor,False,0,,,,,,,,
12m_2023-04-01,2.00,1500,closed_peak_dd,True,0,RR2.00:7-8:369:1317,7-8,2023-10-04T07:20:40,2023-10-04T08:53:40,1386.45,1322.4,realized_drawdown,2023-10-04T08:53:40
12m_2023-04-01,2.00,6800,closed_floor,False,0,,,,,,,,
12m_2023-04-01,2.00,6800,excursion_floor,False,0,,,,,,,,
12m_2023-04-01,2.00,6800,closed_peak_dd,False,0,,,,,,,,
12m_2023-04-01,2.25,1500,closed_floor,False,0,,,,,,,,
12m_2023-04-01,2.25,1500,excursion_floor,False,0,,,,,,,,
12m_2023-04-01,2.25,1500,closed_peak_dd,True,0,RR2.25:22-23:309:1182,22-23,2023-10-23T22:05:20,2023-10-23T22:12:40,1391.25,1312.7,realized_drawdown,2023-10-23T22:12:40
12m_2023-04-01,2.25,6800,closed_floor,False,0,,,,,,,,
12m_2023-04-01,2.25,6800,excursion_floor,False,0,,,,,,,,
12m_2023-04-01,2.25,6800,closed_peak_dd,False,0,,,,,,,,
12m_2023-04-01,2.50,1500,closed_floor,False,1,,,,,,,,
12m_2023-04-01,2.50,1500,excursion_floor,False,1,,,,,,,,
12m_2023-04-01,2.50,1500,closed_peak_dd,True,1,RR2.50:4-5:334:1299,4-5,2023-10-24T04:02:40,2023-10-24T04:33:40,1528.95,1485.4,realized_drawdown,2023-10-24T04:33:40
12m_2023-04-01,2.50,6800,closed_floor,False,1,,,,,,,,
12m_2023-04-01,2.50,6800,excursion_floor,False,1,,,,,,,,
12m_2023-04-01,2.50,6800,closed_peak_dd,False,1,,,,,,,,
12m_2023-04-01,2.75,1500,closed_floor,False,1,,,,,,,,
12m_2023-04-01,2.75,1500,excursion_floor,False,1,,,,,,,,
12m_2023-04-01,2.75,1500,closed_peak_dd,True,1,RR2.75:16-17:537:1514,16-17,2023-10-23T16:30:40,2023-10-23T16:33:40,1845.4,1782.35,realized_drawdown,2023-10-23T16:33:40
12m_2023-04-01,2.75,6800,closed_floor,False,1,,,,,,,,
12m_2023-04-01,2.75,6800,excursion_floor,False,1,,,,,,,,
12m_2023-04-01,2.75,6800,closed_peak_dd,False,1,,,,,,,,
12m_2023-04-01,3.00,1500,closed_floor,False,1,,,,,,,,
12m_2023-04-01,3.00,1500,excursion_floor,False,1,,,,,,,,
12m_2023-04-01,3.00,1500,closed_peak_dd,True,1,RR3.00:22-23:309:1182,22-23,2023-10-23T22:05:20,2023-10-23T22:12:40,1778.0,1699.45,realized_drawdown,2023-10-23T22:12:40
12m_2023-04-01,3.00,6800,closed_floor,False,1,,,,,,,,
12m_2023-04-01,3.00,6800,excursion_floor,False,1,,,,,,,,
12m_2023-04-01,3.00,6800,closed_peak_dd,False,1,,,,,,,,
12m_2023-04-01,3.25,1500,closed_floor,False,1,,,,,,,,
12m_2023-04-01,3.25,1500,excursion_floor,False,1,,,,,,,,
12m_2023-04-01,3.25,1500,closed_peak_dd,True,1,RR3.25:22-23:309:1182,22-23,2023-10-23T22:05:20,2023-10-23T22:12:40,1199.6,1121.05,realized_drawdown,2023-10-23T22:12:40
12m_2023-04-01,3.25,6800,closed_floor,False,1,,,,,,,,
12m_2023-04-01,3.25,6800,excursion_floor,False,1,,,,,,,,
12m_2023-04-01,3.25,6800,closed_peak_dd,False,1,,,,,,,,
12m_2023-04-01,3.50,1500,closed_floor,False,1,,,,,,,,
12m_2023-04-01,3.50,1500,excursion_floor,False,1,,,,,,,,
12m_2023-04-01,3.50,1500,closed_peak_dd,True,1,RR3.50:18-19:276:1194,18-19,2023-10-20T18:55:40,2023-10-20T22:45:40,957.45,841.9,realized_drawdown,2023-10-20T22:45:40
12m_2023-04-01,3.50,6800,closed_floor,False,1,,,,,,,,
12m_2023-04-01,3.50,6800,excursion_floor,False,1,,,,,,,,
12m_2023-04-01,3.50,6800,closed_peak_dd,False,1,,,,,,,,
12m_2023-07-01,0.50,1500,closed_floor,True,0,RR0.50:20-21:307:1159,20-21,2023-10-26T20:03:40,2023-10-26T20:30:40,-1487.8,-1593.35,close,2023-10-26T20:30:40
12m_2023-07-01,0.50,1500,excursion_floor,True,0,RR0.50:20-21:307:1159,20-21,2023-10-26T20:03:40,2023-10-26T20:30:40,-1487.8,-1593.35,mae,2023-10-26T20:03:40
12m_2023-07-01,0.50,1500,closed_peak_dd,True,0,RR0.50:18-19:275:1191,18-19,2023-10-18T18:26:20,2023-10-18T19:49:40,-619.8,-750.85,realized_drawdown,2023-10-18T19:49:40
12m_2023-07-01,0.50,6800,closed_floor,False,0,,,,,,,,
12m_2023-07-01,0.50,6800,excursion_floor,False,0,,,,,,,,
12m_2023-07-01,0.50,6800,closed_peak_dd,False,0,,,,,,,,
12m_2023-07-01,0.75,1500,closed_floor,True,0,RR0.75:17-18:222:1147,17-18,2023-10-30T17:59:40,2023-10-30T18:43:40,-1380.5,-1532.55,close,2023-10-30T18:43:40
12m_2023-07-01,0.75,1500,excursion_floor,True,0,RR0.75:17-18:222:1147,17-18,2023-10-30T17:59:40,2023-10-30T18:43:40,-1380.5,-1532.55,mae,2023-10-30T17:59:40
12m_2023-07-01,0.75,1500,closed_peak_dd,True,0,RR0.75:17-18:220:1141,17-18,2023-10-25T17:39:40,2023-10-25T18:42:40,-868.95,-980.0,realized_drawdown,2023-10-25T18:42:40
12m_2023-07-01,0.75,6800,closed_floor,False,0,,,,,,,,
12m_2023-07-01,0.75,6800,excursion_floor,False,0,,,,,,,,
12m_2023-07-01,0.75,6800,closed_peak_dd,False,0,,,,,,,,
12m_2023-07-01,1.00,1500,closed_floor,False,0,,,,,,,,
12m_2023-07-01,1.00,1500,excursion_floor,False,0,,,,,,,,
12m_2023-07-01,1.00,1500,closed_peak_dd,True,0,RR1.00:17-18:220:1141,17-18,2023-10-25T17:39:40,2023-10-25T18:42:40,-259.5,-370.55,realized_drawdown,2023-10-25T18:42:40
12m_2023-07-01,1.00,6800,closed_floor,False,0,,,,,,,,
12m_2023-07-01,1.00,6800,excursion_floor,False,0,,,,,,,,
12m_2023-07-01,1.00,6800,closed_peak_dd,False,0,,,,,,,,
12m_2023-07-01,1.25,1500,closed_floor,False,0,,,,,,,,
12m_2023-07-01,1.25,1500,excursion_floor,False,0,,,,,,,,
12m_2023-07-01,1.25,1500,closed_peak_dd,True,0,RR1.25:18-19:277:1196,18-19,2023-10-20T18:55:40,2023-10-20T22:45:40,268.25,152.7,realized_drawdown,2023-10-20T22:45:40
12m_2023-07-01,1.25,6800,closed_floor,False,0,,,,,,,,
12m_2023-07-01,1.25,6800,excursion_floor,False,0,,,,,,,,
12m_2023-07-01,1.25,6800,closed_peak_dd,False,0,,,,,,,,
12m_2023-07-01,1.50,1500,closed_floor,True,0,RR1.50:17-18:230:1181,17-18,2023-12-01T17:01:40,2023-12-01T17:26:40,-1366.3,-1502.85,close,2023-12-01T17:26:40
12m_2023-07-01,1.50,1500,excursion_floor,True,0,RR1.50:17-18:230:1181,17-18,2023-12-01T17:01:40,2023-12-01T17:26:40,-1366.3,-1502.85,mae,2023-12-01T17:01:40
12m_2023-07-01,1.50,1500,closed_peak_dd,True,0,RR1.50:9-10:332:1275,9-10,2023-10-19T09:17:40,2023-10-19T10:45:40,35.8,-12.25,realized_drawdown,2023-10-19T10:45:40
12m_2023-07-01,1.50,6800,closed_floor,False,0,,,,,,,,
12m_2023-07-01,1.50,6800,excursion_floor,False,0,,,,,,,,
12m_2023-07-01,1.50,6800,closed_peak_dd,False,0,,,,,,,,
12m_2023-07-01,1.75,1500,closed_floor,False,0,,,,,,,,
12m_2023-07-01,1.75,1500,excursion_floor,False,0,,,,,,,,
12m_2023-07-01,1.75,1500,closed_peak_dd,True,0,RR1.75:7-8:369:1317,7-8,2023-10-04T07:20:40,2023-10-04T08:53:40,236.35,172.3,realized_drawdown,2023-10-04T08:53:40
12m_2023-07-01,1.75,6800,closed_floor,False,0,,,,,,,,
12m_2023-07-01,1.75,6800,excursion_floor,False,0,,,,,,,,
12m_2023-07-01,1.75,6800,closed_peak_dd,False,0,,,,,,,,
12m_2023-07-01,2.00,1500,closed_floor,False,0,,,,,,,,
12m_2023-07-01,2.00,1500,excursion_floor,False,0,,,,,,,,
12m_2023-07-01,2.00,1500,closed_peak_dd,True,0,RR2.00:7-8:369:1317,7-8,2023-10-04T07:20:40,2023-10-04T08:53:40,573.05,509.0,realized_drawdown,2023-10-04T08:53:40
12m_2023-07-01,2.00,6800,closed_floor,False,0,,,,,,,,
12m_2023-07-01,2.00,6800,excursion_floor,False,0,,,,,,,,
12m_2023-07-01,2.00,6800,closed_peak_dd,False,0,,,,,,,,
12m_2023-07-01,2.25,1500,closed_floor,False,0,,,,,,,,
12m_2023-07-01,2.25,1500,excursion_floor,False,0,,,,,,,,
12m_2023-07-01,2.25,1500,closed_peak_dd,True,0,RR2.25:22-23:309:1182,22-23,2023-10-23T22:05:20,2023-10-23T22:12:40,453.8,375.25,realized_drawdown,2023-10-23T22:12:40
12m_2023-07-01,2.25,6800,closed_floor,False,0,,,,,,,,
12m_2023-07-01,2.25,6800,excursion_floor,False,0,,,,,,,,
12m_2023-07-01,2.25,6800,closed_peak_dd,False,0,,,,,,,,
12m_2023-07-01,2.50,1500,closed_floor,False,0,,,,,,,,
12m_2023-07-01,2.50,1500,excursion_floor,False,0,,,,,,,,
12m_2023-07-01,2.50,1500,closed_peak_dd,True,0,RR2.50:4-5:334:1299,4-5,2023-10-24T04:02:40,2023-10-24T04:33:40,739.75,696.2,realized_drawdown,2023-10-24T04:33:40
12m_2023-07-01,2.50,6800,closed_floor,False,0,,,,,,,,
12m_2023-07-01,2.50,6800,excursion_floor,False,0,,,,,,,,
12m_2023-07-01,2.50,6800,closed_peak_dd,False,0,,,,,,,,
12m_2023-07-01,2.75,1500,closed_floor,False,0,,,,,,,,
12m_2023-07-01,2.75,1500,excursion_floor,False,0,,,,,,,,
12m_2023-07-01,2.75,1500,closed_peak_dd,True,0,RR2.75:16-17:537:1514,16-17,2023-10-23T16:30:40,2023-10-23T16:33:40,746.15,683.1,realized_drawdown,2023-10-23T16:33:40
12m_2023-07-01,2.75,6800,closed_floor,False,0,,,,,,,,
12m_2023-07-01,2.75,6800,excursion_floor,False,0,,,,,,,,
12m_2023-07-01,2.75,6800,closed_peak_dd,False,0,,,,,,,,
12m_2023-07-01,3.00,1500,closed_floor,False,0,,,,,,,,
12m_2023-07-01,3.00,1500,excursion_floor,False,0,,,,,,,,
12m_2023-07-01,3.00,1500,closed_peak_dd,True,0,RR3.00:22-23:309:1182,22-23,2023-10-23T22:05:20,2023-10-23T22:12:40,416.05,337.5,realized_drawdown,2023-10-23T22:12:40
12m_2023-07-01,3.00,6800,closed_floor,False,0,,,,,,,,
12m_2023-07-01,3.00,6800,excursion_floor,False,0,,,,,,,,
12m_2023-07-01,3.00,6800,closed_peak_dd,False,0,,,,,,,,
12m_2023-07-01,3.25,1500,closed_floor,False,0,,,,,,,,
12m_2023-07-01,3.25,1500,excursion_floor,False,0,,,,,,,,
12m_2023-07-01,3.25,1500,closed_peak_dd,True,0,RR3.25:22-23:309:1182,22-23,2023-10-23T22:05:20,2023-10-23T22:12:40,-79.2,-157.75,realized_drawdown,2023-10-23T22:12:40
12m_2023-07-01,3.25,6800,closed_floor,False,0,,,,,,,,
12m_2023-07-01,3.25,6800,excursion_floor,False,0,,,,,,,,
12m_2023-07-01,3.25,6800,closed_peak_dd,False,0,,,,,,,,
12m_2023-07-01,3.50,1500,closed_floor,False,0,,,,,,,,
12m_2023-07-01,3.50,1500,excursion_floor,True,0,RR3.50:19-20:293:1207,19-20,2023-10-30T19:24:40,2023-11-01T16:30:00,-1497.9,-979.45,mae,2023-10-30T19:24:40
12m_2023-07-01,3.50,1500,closed_peak_dd,True,0,RR3.50:18-19:276:1194,18-19,2023-10-20T18:55:40,2023-10-20T22:45:40,-447.45,-563.0,realized_drawdown,2023-10-20T22:45:40
12m_2023-07-01,3.50,6800,closed_floor,False,0,,,,,,,,
12m_2023-07-01,3.50,6800,excursion_floor,False,0,,,,,,,,
12m_2023-07-01,3.50,6800,closed_peak_dd,False,0,,,,,,,,
12m_2023-10-01,0.50,1500,closed_floor,False,0,,,,,,,,
12m_2023-10-01,0.50,1500,excursion_floor,True,0,RR0.50:19-20:293:1208,19-20,2023-10-30T19:24:40,2023-10-30T20:00:00,-1490.75,-1382.8,mae,2023-10-30T19:24:40
12m_2023-10-01,0.50,1500,closed_peak_dd,True,0,RR0.50:17-18:222:1147,17-18,2023-10-30T17:59:40,2023-10-30T18:43:40,-1338.7,-1490.75,realized_drawdown,2023-10-30T18:43:40
12m_2023-10-01,0.50,6800,closed_floor,False,0,,,,,,,,
12m_2023-10-01,0.50,6800,excursion_floor,False,0,,,,,,,,
12m_2023-10-01,0.50,6800,closed_peak_dd,False,0,,,,,,,,
12m_2023-10-01,0.75,1500,closed_floor,False,0,,,,,,,,
12m_2023-10-01,0.75,1500,excursion_floor,False,0,,,,,,,,
12m_2023-10-01,0.75,1500,closed_peak_dd,True,0,RR0.75:17-18:222:1147,17-18,2023-10-30T17:59:40,2023-10-30T18:43:40,-1201.2,-1353.25,realized_drawdown,2023-10-30T18:43:40
12m_2023-10-01,0.75,6800,closed_floor,False,0,,,,,,,,
12m_2023-10-01,0.75,6800,excursion_floor,False,0,,,,,,,,
12m_2023-10-01,0.75,6800,closed_peak_dd,False,0,,,,,,,,
12m_2023-10-01,1.00,1500,closed_floor,True,0,RR1.00:17-18:222:1147,17-18,2023-10-30T17:59:40,2023-10-30T18:43:40,-1484.9,-1636.95,close,2023-10-30T18:43:40
12m_2023-10-01,1.00,1500,excursion_floor,True,0,RR1.00:17-18:222:1147,17-18,2023-10-30T17:59:40,2023-10-30T18:43:40,-1484.9,-1636.95,mae,2023-10-30T17:59:40
12m_2023-10-01,1.00,1500,closed_peak_dd,True,0,RR1.00:23-24:70:536,23-24,2023-10-25T23:16:20,2023-10-25T23:16:40,-1339.1,-1415.65,realized_drawdown,2023-10-25T23:16:40
12m_2023-10-01,1.00,6800,closed_floor,False,0,,,,,,,,
12m_2023-10-01,1.00,6800,excursion_floor,False,0,,,,,,,,
12m_2023-10-01,1.00,6800,closed_peak_dd,False,0,,,,,,,,
12m_2023-10-01,1.25,1500,closed_floor,True,0,RR1.25:20-21:307:1159,20-21,2023-10-26T20:03:40,2023-10-26T20:30:40,-1435.75,-1541.3,close,2023-10-26T20:30:40
12m_2023-10-01,1.25,1500,excursion_floor,True,0,RR1.25:10-11:345:1299,10-11,2023-10-26T10:51:40,2023-10-26T16:00:00,-1487.65,-1298.2,mae,2023-10-26T10:51:40
12m_2023-10-01,1.25,1500,closed_peak_dd,True,0,RR1.25:23-24:70:536,23-24,2023-10-25T23:16:20,2023-10-25T23:16:40,-1379.05,-1455.6,realized_drawdown,2023-10-25T23:16:40
12m_2023-10-01,1.25,6800,closed_floor,False,0,,,,,,,,
12m_2023-10-01,1.25,6800,excursion_floor,False,0,,,,,,,,
12m_2023-10-01,1.25,6800,closed_peak_dd,False,0,,,,,,,,
12m_2023-10-01,1.50,1500,closed_floor,True,0,RR1.50:22-23:310:1185,22-23,2023-10-25T22:32:40,2023-10-25T23:06:20,-1451.9,-1546.45,close,2023-10-25T23:06:20
12m_2023-10-01,1.50,1500,excursion_floor,True,0,RR1.50:22-23:310:1185,22-23,2023-10-25T22:32:40,2023-10-25T23:06:20,-1451.9,-1546.45,mae,2023-10-25T22:32:40
12m_2023-10-01,1.50,1500,closed_peak_dd,True,0,RR1.50:21-22:338:1218,21-22,2023-10-25T21:21:40,2023-10-25T21:50:20,-1342.35,-1451.9,realized_drawdown,2023-10-25T21:50:20
12m_2023-10-01,1.50,6800,closed_floor,False,0,,,,,,,,
12m_2023-10-01,1.50,6800,excursion_floor,False,0,,,,,,,,
12m_2023-10-01,1.50,6800,closed_peak_dd,False,0,,,,,,,,
12m_2023-10-01,1.75,1500,closed_floor,True,0,RR1.75:22-23:310:1185,22-23,2023-10-25T22:32:40,2023-10-25T23:06:20,-1412.2,-1506.75,close,2023-10-25T23:06:20
12m_2023-10-01,1.75,1500,excursion_floor,True,0,RR1.75:22-23:310:1185,22-23,2023-10-25T22:32:40,2023-10-25T23:06:20,-1412.2,-1506.75,mae,2023-10-25T22:32:40
12m_2023-10-01,1.75,1500,closed_peak_dd,True,0,RR1.75:22-23:310:1185,22-23,2023-10-25T22:32:40,2023-10-25T23:06:20,-1412.2,-1506.75,realized_drawdown,2023-10-25T23:06:20
12m_2023-10-01,1.75,6800,closed_floor,False,0,,,,,,,,
12m_2023-10-01,1.75,6800,excursion_floor,False,0,,,,,,,,
12m_2023-10-01,1.75,6800,closed_peak_dd,False,0,,,,,,,,
12m_2023-10-01,2.00,1500,closed_floor,True,0,RR2.00:23-24:70:536,23-24,2023-10-25T23:16:20,2023-10-25T23:16:40,-1432.65,-1509.2,close,2023-10-25T23:16:40
12m_2023-10-01,2.00,1500,excursion_floor,True,0,RR2.00:23-24:70:536,23-24,2023-10-25T23:16:20,2023-10-25T23:16:40,-1432.65,-1509.2,mae,2023-10-25T23:16:20
12m_2023-10-01,2.00,1500,closed_peak_dd,True,0,RR2.00:23-24:70:536,23-24,2023-10-25T23:16:20,2023-10-25T23:16:40,-1432.65,-1509.2,realized_drawdown,2023-10-25T23:16:40
12m_2023-10-01,2.00,6800,closed_floor,False,0,,,,,,,,
12m_2023-10-01,2.00,6800,excursion_floor,False,0,,,,,,,,
12m_2023-10-01,2.00,6800,closed_peak_dd,False,0,,,,,,,,
12m_2023-10-01,2.25,1500,closed_floor,False,0,,,,,,,,
12m_2023-10-01,2.25,1500,excursion_floor,False,0,,,,,,,,
12m_2023-10-01,2.25,1500,closed_peak_dd,True,0,RR2.25:21-22:378:1366,21-22,2024-04-18T21:23:40,2024-04-18T21:33:40,1349.45,1234.9,realized_drawdown,2024-04-18T21:33:40
12m_2023-10-01,2.25,6800,closed_floor,False,0,,,,,,,,
12m_2023-10-01,2.25,6800,excursion_floor,False,0,,,,,,,,
12m_2023-10-01,2.25,6800,closed_peak_dd,False,0,,,,,,,,
12m_2023-10-01,2.50,1500,closed_floor,False,0,,,,,,,,
12m_2023-10-01,2.50,1500,excursion_floor,False,0,,,,,,,,
12m_2023-10-01,2.50,1500,closed_peak_dd,True,0,RR2.50:17-18:222:1146,17-18,2023-10-30T17:59:40,2023-10-30T18:43:40,-1185.4,-1337.45,realized_drawdown,2023-10-30T18:43:40
12m_2023-10-01,2.50,6800,closed_floor,False,0,,,,,,,,
12m_2023-10-01,2.50,6800,excursion_floor,False,0,,,,,,,,
12m_2023-10-01,2.50,6800,closed_peak_dd,False,0,,,,,,,,
12m_2023-10-01,2.75,1500,closed_floor,True,0,RR2.75:10-11:345:1296,10-11,2023-10-26T10:51:40,2023-10-26T18:23:40,-1411.05,-1500.6,close,2023-10-26T18:23:40
12m_2023-10-01,2.75,1500,excursion_floor,True,0,RR2.75:10-11:345:1296,10-11,2023-10-26T10:51:40,2023-10-26T18:23:40,-1411.05,-1500.6,close,2023-10-26T18:23:40
12m_2023-10-01,2.75,1500,closed_peak_dd,True,0,RR2.75:23-24:70:536,23-24,2023-10-25T23:16:20,2023-10-25T23:16:40,-1302.45,-1379.0,realized_drawdown,2023-10-25T23:16:40
12m_2023-10-01,2.75,6800,closed_floor,False,0,,,,,,,,
12m_2023-10-01,2.75,6800,excursion_floor,False,0,,,,,,,,
12m_2023-10-01,2.75,6800,closed_peak_dd,False,0,,,,,,,,
12m_2023-10-01,3.00,1500,closed_floor,True,0,RR3.00:10-11:345:1296,10-11,2023-10-26T10:51:40,2023-10-26T18:23:40,-1411.05,-1500.6,close,2023-10-26T18:23:40
12m_2023-10-01,3.00,1500,excursion_floor,True,0,RR3.00:10-11:345:1296,10-11,2023-10-26T10:51:40,2023-10-26T18:23:40,-1411.05,-1500.6,close,2023-10-26T18:23:40
12m_2023-10-01,3.00,1500,closed_peak_dd,True,0,RR3.00:23-24:70:536,23-24,2023-10-25T23:16:20,2023-10-25T23:16:40,-1302.45,-1379.0,realized_drawdown,2023-10-25T23:16:40
12m_2023-10-01,3.00,6800,closed_floor,False,0,,,,,,,,
12m_2023-10-01,3.00,6800,excursion_floor,False,0,,,,,,,,
12m_2023-10-01,3.00,6800,closed_peak_dd,False,0,,,,,,,,
12m_2023-10-01,3.25,1500,closed_floor,True,0,RR3.25:10-11:345:1294,10-11,2023-10-26T10:51:40,2023-10-26T18:23:40,-1470.0,-1559.55,close,2023-10-26T18:23:40
12m_2023-10-01,3.25,1500,excursion_floor,True,0,RR3.25:10-11:345:1294,10-11,2023-10-26T10:51:40,2023-10-26T18:23:40,-1470.0,-1559.55,mae,2023-10-26T10:51:40
12m_2023-10-01,3.25,1500,closed_peak_dd,True,0,RR3.25:23-24:70:536,23-24,2023-10-25T23:16:20,2023-10-25T23:16:40,-1361.4,-1437.95,realized_drawdown,2023-10-25T23:16:40
12m_2023-10-01,3.25,6800,closed_floor,False,0,,,,,,,,
12m_2023-10-01,3.25,6800,excursion_floor,False,0,,,,,,,,
12m_2023-10-01,3.25,6800,closed_peak_dd,False,0,,,,,,,,
12m_2023-10-01,3.50,1500,closed_floor,True,0,RR3.50:23-24:70:536,23-24,2023-10-25T23:16:20,2023-10-25T23:16:40,-1428.4,-1504.95,close,2023-10-25T23:16:40
12m_2023-10-01,3.50,1500,excursion_floor,True,0,RR3.50:23-24:70:536,23-24,2023-10-25T23:16:20,2023-10-25T23:16:40,-1428.4,-1504.95,mae,2023-10-25T23:16:20
12m_2023-10-01,3.50,1500,closed_peak_dd,True,0,RR3.50:22-23:310:1185,22-23,2023-10-25T22:32:40,2023-10-25T23:06:20,-1333.85,-1428.4,realized_drawdown,2023-10-25T23:06:20
12m_2023-10-01,3.50,6800,closed_floor,False,0,,,,,,,,
12m_2023-10-01,3.50,6800,excursion_floor,False,0,,,,,,,,
12m_2023-10-01,3.50,6800,closed_peak_dd,False,0,,,,,,,,
12m_2024-01-01,0.50,1500,closed_floor,False,0,,,,,,,,
12m_2024-01-01,0.50,1500,excursion_floor,False,0,,,,,,,,
12m_2024-01-01,0.50,1500,closed_peak_dd,True,0,RR0.50:22-23:353:1343,22-23,2024-04-18T22:02:40,2024-04-18T23:00:20,1246.2,1161.15,realized_drawdown,2024-04-18T23:00:20
12m_2024-01-01,0.50,6800,closed_floor,False,0,,,,,,,,
12m_2024-01-01,0.50,6800,excursion_floor,False,0,,,,,,,,
12m_2024-01-01,0.50,6800,closed_peak_dd,False,0,,,,,,,,
12m_2024-01-01,0.75,1500,closed_floor,False,0,,,,,,,,
12m_2024-01-01,0.75,1500,excursion_floor,False,0,,,,,,,,
12m_2024-01-01,0.75,1500,closed_peak_dd,True,0,RR0.75:22-23:353:1343,22-23,2024-04-18T22:02:40,2024-04-18T23:00:20,1341.45,1256.4,realized_drawdown,2024-04-18T23:00:20
12m_2024-01-01,0.75,6800,closed_floor,False,0,,,,,,,,
12m_2024-01-01,0.75,6800,excursion_floor,False,0,,,,,,,,
12m_2024-01-01,0.75,6800,closed_peak_dd,False,0,,,,,,,,
12m_2024-01-01,1.00,1500,closed_floor,False,0,,,,,,,,
12m_2024-01-01,1.00,1500,excursion_floor,False,0,,,,,,,,
12m_2024-01-01,1.00,1500,closed_peak_dd,True,0,RR1.00:9-10:398:1505,9-10,2024-07-25T09:41:40,2024-07-25T10:03:40,5233.55,5187.0,realized_drawdown,2024-07-25T10:03:40
12m_2024-01-01,1.00,6800,closed_floor,False,0,,,,,,,,
12m_2024-01-01,1.00,6800,excursion_floor,False,0,,,,,,,,
12m_2024-01-01,1.00,6800,closed_peak_dd,False,0,,,,,,,,
12m_2024-01-01,1.25,1500,closed_floor,False,0,,,,,,,,
12m_2024-01-01,1.25,1500,excursion_floor,False,0,,,,,,,,
12m_2024-01-01,1.25,1500,closed_peak_dd,True,0,RR1.25:16-17:634:1805,16-17,2024-07-24T16:22:40,2024-07-24T16:33:40,6141.5,6055.45,realized_drawdown,2024-07-24T16:33:40
12m_2024-01-01,1.25,6800,closed_floor,False,0,,,,,,,,
12m_2024-01-01,1.25,6800,excursion_floor,False,0,,,,,,,,
12m_2024-01-01,1.25,6800,closed_peak_dd,False,0,,,,,,,,
12m_2024-01-01,1.50,1500,closed_floor,False,0,,,,,,,,
12m_2024-01-01,1.50,1500,excursion_floor,False,0,,,,,,,,
12m_2024-01-01,1.50,1500,closed_peak_dd,True,0,RR1.50:10-11:427:1567,10-11,2024-07-24T10:22:40,2024-07-24T11:14:40,5570.0,5499.45,realized_drawdown,2024-07-24T11:14:40
12m_2024-01-01,1.50,6800,closed_floor,False,0,,,,,,,,
12m_2024-01-01,1.50,6800,excursion_floor,False,0,,,,,,,,
12m_2024-01-01,1.50,6800,closed_peak_dd,False,0,,,,,,,,
12m_2024-01-01,1.75,1500,closed_floor,False,0,,,,,,,,
12m_2024-01-01,1.75,1500,excursion_floor,False,0,,,,,,,,
12m_2024-01-01,1.75,1500,closed_peak_dd,True,0,RR1.75:23-24:80:627,23-24,2024-07-23T23:02:20,2024-07-23T23:03:40,5674.65,5506.1,realized_drawdown,2024-07-23T23:03:40
12m_2024-01-01,1.75,6800,closed_floor,False,0,,,,,,,,
12m_2024-01-01,1.75,6800,excursion_floor,False,0,,,,,,,,
12m_2024-01-01,1.75,6800,closed_peak_dd,False,0,,,,,,,,
12m_2024-01-01,2.00,1500,closed_floor,False,0,,,,,,,,
12m_2024-01-01,2.00,1500,excursion_floor,False,0,,,,,,,,
12m_2024-01-01,2.00,1500,closed_peak_dd,True,0,RR2.00:1-2:308:1249,1-2,2024-04-19T01:00:40,2024-04-19T02:17:40,1632.8,1586.75,realized_drawdown,2024-04-19T02:17:40
12m_2024-01-01,2.00,6800,closed_floor,False,0,,,,,,,,
12m_2024-01-01,2.00,6800,excursion_floor,False,0,,,,,,,,
12m_2024-01-01,2.00,6800,closed_peak_dd,False,0,,,,,,,,
12m_2024-01-01,2.25,1500,closed_floor,False,0,,,,,,,,
12m_2024-01-01,2.25,1500,excursion_floor,False,0,,,,,,,,
12m_2024-01-01,2.25,1500,closed_peak_dd,True,0,RR2.25:21-22:378:1366,21-22,2024-04-18T21:23:40,2024-04-18T21:33:40,1040.05,925.5,realized_drawdown,2024-04-18T21:33:40
12m_2024-01-01,2.25,6800,closed_floor,False,0,,,,,,,,
12m_2024-01-01,2.25,6800,excursion_floor,False,0,,,,,,,,
12m_2024-01-01,2.25,6800,closed_peak_dd,False,0,,,,,,,,
12m_2024-01-01,2.50,1500,closed_floor,False,0,,,,,,,,
12m_2024-01-01,2.50,1500,excursion_floor,False,0,,,,,,,,
12m_2024-01-01,2.50,1500,closed_peak_dd,True,0,RR2.50:22-23:353:1343,22-23,2024-04-18T22:02:40,2024-04-18T23:00:20,782.8,697.75,realized_drawdown,2024-04-18T23:00:20
12m_2024-01-01,2.50,6800,closed_floor,False,0,,,,,,,,
12m_2024-01-01,2.50,6800,excursion_floor,False,0,,,,,,,,
12m_2024-01-01,2.50,6800,closed_peak_dd,False,0,,,,,,,,
12m_2024-01-01,2.75,1500,closed_floor,False,0,,,,,,,,
12m_2024-01-01,2.75,1500,excursion_floor,False,0,,,,,,,,
12m_2024-01-01,2.75,1500,closed_peak_dd,True,0,RR2.75:22-23:353:1343,22-23,2024-04-18T22:02:40,2024-04-18T23:00:20,1035.55,950.5,realized_drawdown,2024-04-18T23:00:20
12m_2024-01-01,2.75,6800,closed_floor,False,0,,,,,,,,
12m_2024-01-01,2.75,6800,excursion_floor,False,0,,,,,,,,
12m_2024-01-01,2.75,6800,closed_peak_dd,False,0,,,,,,,,
12m_2024-01-01,3.00,1500,closed_floor,False,0,,,,,,,,
12m_2024-01-01,3.00,1500,excursion_floor,False,0,,,,,,,,
12m_2024-01-01,3.00,1500,closed_peak_dd,True,0,RR3.00:21-22:378:1366,21-22,2024-04-18T21:23:40,2024-04-18T21:33:40,1183.3,1068.75,realized_drawdown,2024-04-18T21:33:40
12m_2024-01-01,3.00,6800,closed_floor,False,0,,,,,,,,
12m_2024-01-01,3.00,6800,excursion_floor,False,0,,,,,,,,
12m_2024-01-01,3.00,6800,closed_peak_dd,False,0,,,,,,,,
12m_2024-01-01,3.25,1500,closed_floor,False,0,,,,,,,,
12m_2024-01-01,3.25,1500,excursion_floor,False,0,,,,,,,,
12m_2024-01-01,3.25,1500,closed_peak_dd,True,0,RR3.25:21-22:378:1366,21-22,2024-04-18T21:23:40,2024-04-18T21:33:40,1514.95,1400.4,realized_drawdown,2024-04-18T21:33:40
12m_2024-01-01,3.25,6800,closed_floor,False,0,,,,,,,,
12m_2024-01-01,3.25,6800,excursion_floor,False,0,,,,,,,,
12m_2024-01-01,3.25,6800,closed_peak_dd,False,0,,,,,,,,
12m_2024-01-01,3.50,1500,closed_floor,False,0,,,,,,,,
12m_2024-01-01,3.50,1500,excursion_floor,False,0,,,,,,,,
12m_2024-01-01,3.50,1500,closed_peak_dd,True,0,RR3.50:22-23:353:1340,22-23,2024-04-18T22:02:40,2024-04-18T23:00:20,959.3,874.25,realized_drawdown,2024-04-18T23:00:20
12m_2024-01-01,3.50,6800,closed_floor,False,0,,,,,,,,
12m_2024-01-01,3.50,6800,excursion_floor,False,0,,,,,,,,
12m_2024-01-01,3.50,6800,closed_peak_dd,False,0,,,,,,,,
12m_2024-04-01,0.50,1500,closed_floor,False,0,,,,,,,,
12m_2024-04-01,0.50,1500,excursion_floor,False,0,,,,,,,,
12m_2024-04-01,0.50,1500,closed_peak_dd,True,0,RR0.50:22-23:353:1343,22-23,2024-04-18T22:02:40,2024-04-18T23:00:20,-489.05,-574.1,realized_drawdown,2024-04-18T23:00:20
12m_2024-04-01,0.50,6800,closed_floor,False,0,,,,,,,,
12m_2024-04-01,0.50,6800,excursion_floor,False,0,,,,,,,,
12m_2024-04-01,0.50,6800,closed_peak_dd,False,0,,,,,,,,
12m_2024-04-01,0.75,1500,closed_floor,False,0,,,,,,,,
12m_2024-04-01,0.75,1500,excursion_floor,False,0,,,,,,,,
12m_2024-04-01,0.75,1500,closed_peak_dd,True,0,RR0.75:22-23:353:1343,22-23,2024-04-18T22:02:40,2024-04-18T23:00:20,-320.75,-405.8,realized_drawdown,2024-04-18T23:00:20
12m_2024-04-01,0.75,6800,closed_floor,False,0,,,,,,,,
12m_2024-04-01,0.75,6800,excursion_floor,False,0,,,,,,,,
12m_2024-04-01,0.75,6800,closed_peak_dd,False,0,,,,,,,,
12m_2024-04-01,1.00,1500,closed_floor,False,0,,,,,,,,
12m_2024-04-01,1.00,1500,excursion_floor,False,0,,,,,,,,
12m_2024-04-01,1.00,1500,closed_peak_dd,True,0,RR1.00:9-10:398:1505,9-10,2024-07-25T09:41:40,2024-07-25T10:03:40,2712.35,2665.8,realized_drawdown,2024-07-25T10:03:40
12m_2024-04-01,1.00,6800,closed_floor,False,0,,,,,,,,
12m_2024-04-01,1.00,6800,excursion_floor,False,0,,,,,,,,
12m_2024-04-01,1.00,6800,closed_peak_dd,False,0,,,,,,,,
12m_2024-04-01,1.25,1500,closed_floor,False,0,,,,,,,,
12m_2024-04-01,1.25,1500,excursion_floor,False,0,,,,,,,,
12m_2024-04-01,1.25,1500,closed_peak_dd,True,0,RR1.25:16-17:634:1805,16-17,2024-07-24T16:22:40,2024-07-24T16:33:40,3034.8,2948.75,realized_drawdown,2024-07-24T16:33:40
12m_2024-04-01,1.25,6800,closed_floor,False,0,,,,,,,,
12m_2024-04-01,1.25,6800,excursion_floor,False,0,,,,,,,,
12m_2024-04-01,1.25,6800,closed_peak_dd,False,0,,,,,,,,
12m_2024-04-01,1.50,1500,closed_floor,False,0,,,,,,,,
12m_2024-04-01,1.50,1500,excursion_floor,False,0,,,,,,,,
12m_2024-04-01,1.50,1500,closed_peak_dd,True,0,RR1.50:10-11:427:1567,10-11,2024-07-24T10:22:40,2024-07-24T11:14:40,3109.05,3038.5,realized_drawdown,2024-07-24T11:14:40
12m_2024-04-01,1.50,6800,closed_floor,False,0,,,,,,,,
12m_2024-04-01,1.50,6800,excursion_floor,False,0,,,,,,,,
12m_2024-04-01,1.50,6800,closed_peak_dd,False,0,,,,,,,,
12m_2024-04-01,1.75,1500,closed_floor,False,0,,,,,,,,
12m_2024-04-01,1.75,1500,excursion_floor,False,0,,,,,,,,
12m_2024-04-01,1.75,1500,closed_peak_dd,True,0,RR1.75:23-24:80:627,23-24,2024-07-23T23:02:20,2024-07-23T23:03:40,3101.0,2932.45,realized_drawdown,2024-07-23T23:03:40
12m_2024-04-01,1.75,6800,closed_floor,False,0,,,,,,,,
12m_2024-04-01,1.75,6800,excursion_floor,False,0,,,,,,,,
12m_2024-04-01,1.75,6800,closed_peak_dd,False,0,,,,,,,,
12m_2024-04-01,2.00,1500,closed_floor,False,0,,,,,,,,
12m_2024-04-01,2.00,1500,excursion_floor,False,0,,,,,,,,
12m_2024-04-01,2.00,1500,closed_peak_dd,True,0,RR2.00:1-2:308:1249,1-2,2024-04-19T01:00:40,2024-04-19T02:17:40,-936.5,-982.55,realized_drawdown,2024-04-19T02:17:40
12m_2024-04-01,2.00,6800,closed_floor,False,0,,,,,,,,
12m_2024-04-01,2.00,6800,excursion_floor,False,0,,,,,,,,
12m_2024-04-01,2.00,6800,closed_peak_dd,False,0,,,,,,,,
12m_2024-04-01,2.25,1500,closed_floor,False,0,,,,,,,,
12m_2024-04-01,2.25,1500,excursion_floor,False,0,,,,,,,,
12m_2024-04-01,2.25,1500,closed_peak_dd,True,0,RR2.25:21-22:378:1366,21-22,2024-04-18T21:23:40,2024-04-18T21:33:40,-973.3,-1087.85,realized_drawdown,2024-04-18T21:33:40
12m_2024-04-01,2.25,6800,closed_floor,False,0,,,,,,,,
12m_2024-04-01,2.25,6800,excursion_floor,False,0,,,,,,,,
12m_2024-04-01,2.25,6800,closed_peak_dd,False,0,,,,,,,,
12m_2024-04-01,2.50,1500,closed_floor,False,0,,,,,,,,
12m_2024-04-01,2.50,1500,excursion_floor,False,0,,,,,,,,
12m_2024-04-01,2.50,1500,closed_peak_dd,True,0,RR2.50:22-23:353:1343,22-23,2024-04-18T22:02:40,2024-04-18T23:00:20,-1008.25,-1093.3,realized_drawdown,2024-04-18T23:00:20
12m_2024-04-01,2.50,6800,closed_floor,False,0,,,,,,,,
12m_2024-04-01,2.50,6800,excursion_floor,False,0,,,,,,,,
12m_2024-04-01,2.50,6800,closed_peak_dd,False,0,,,,,,,,
12m_2024-04-01,2.75,1500,closed_floor,False,0,,,,,,,,
12m_2024-04-01,2.75,1500,excursion_floor,True,0,RR2.75:20-21:345:1304,20-21,2024-05-01T20:36:40,2024-05-01T22:00:00,-1494.5,-920.55,mae,2024-05-01T20:36:40
12m_2024-04-01,2.75,1500,closed_peak_dd,True,0,RR2.75:22-23:353:1343,22-23,2024-04-18T22:02:40,2024-04-18T23:00:20,-937.75,-1022.8,realized_drawdown,2024-04-18T23:00:20
12m_2024-04-01,2.75,6800,closed_floor,False,0,,,,,,,,
12m_2024-04-01,2.75,6800,excursion_floor,False,0,,,,,,,,
12m_2024-04-01,2.75,6800,closed_peak_dd,False,0,,,,,,,,
12m_2024-04-01,3.00,1500,closed_floor,True,0,RR3.00:13-14:387:1474,13-14,2024-05-01T13:44:40,2024-05-01T18:18:40,-1476.4,-1525.45,close,2024-05-01T18:18:40
12m_2024-04-01,3.00,1500,excursion_floor,True,0,RR3.00:13-14:387:1474,13-14,2024-05-01T13:44:40,2024-05-01T18:18:40,-1476.4,-1525.45,mae,2024-05-01T13:44:40
12m_2024-04-01,3.00,1500,closed_peak_dd,True,0,RR3.00:21-22:378:1366,21-22,2024-04-18T21:23:40,2024-04-18T21:33:40,-882.65,-997.2,realized_drawdown,2024-04-18T21:33:40
12m_2024-04-01,3.00,6800,closed_floor,False,0,,,,,,,,
12m_2024-04-01,3.00,6800,excursion_floor,False,0,,,,,,,,
12m_2024-04-01,3.00,6800,closed_peak_dd,False,0,,,,,,,,
12m_2024-04-01,3.25,1500,closed_floor,False,0,,,,,,,,
12m_2024-04-01,3.25,1500,excursion_floor,False,0,,,,,,,,
12m_2024-04-01,3.25,1500,closed_peak_dd,True,0,RR3.25:21-22:378:1366,21-22,2024-04-18T21:23:40,2024-04-18T21:33:40,-936.6,-1051.15,realized_drawdown,2024-04-18T21:33:40
12m_2024-04-01,3.25,6800,closed_floor,False,0,,,,,,,,
12m_2024-04-01,3.25,6800,excursion_floor,False,0,,,,,,,,
12m_2024-04-01,3.25,6800,closed_peak_dd,False,0,,,,,,,,
12m_2024-04-01,3.50,1500,closed_floor,False,0,,,,,,,,
12m_2024-04-01,3.50,1500,excursion_floor,False,0,,,,,,,,
12m_2024-04-01,3.50,1500,closed_peak_dd,True,0,RR3.50:22-23:353:1340,22-23,2024-04-18T22:02:40,2024-04-18T23:00:20,-928.55,-1013.6,realized_drawdown,2024-04-18T23:00:20
12m_2024-04-01,3.50,6800,closed_floor,False,0,,,,,,,,
12m_2024-04-01,3.50,6800,excursion_floor,False,0,,,,,,,,
12m_2024-04-01,3.50,6800,closed_peak_dd,False,0,,,,,,,,
12m_2024-07-01,0.50,1500,closed_floor,True,0,RR0.50:17-18:272:1385,17-18,2024-07-26T17:01:20,2024-07-26T17:08:40,-1471.15,-1683.7,close,2024-07-26T17:08:40
12m_2024-07-01,0.50,1500,excursion_floor,True,0,RR0.50:17-18:272:1385,17-18,2024-07-26T17:01:20,2024-07-26T17:08:40,-1471.15,-1683.7,mae,2024-07-26T17:01:20
12m_2024-07-01,0.50,1500,closed_peak_dd,True,0,RR0.50:11-12:334:1461,11-12,2024-07-25T11:52:40,2024-07-25T16:57:40,-985.4,-1242.95,realized_drawdown,2024-07-25T16:57:40
12m_2024-07-01,0.50,6800,closed_floor,False,0,,,,,,,,
12m_2024-07-01,0.50,6800,excursion_floor,False,0,,,,,,,,
12m_2024-07-01,0.50,6800,closed_peak_dd,False,0,,,,,,,,
12m_2024-07-01,0.75,1500,closed_floor,False,0,,,,,,,,
12m_2024-07-01,0.75,1500,excursion_floor,True,0,RR0.75:18-19:332:1432,18-19,2024-07-26T18:05:40,2024-07-26T19:30:00,-1465.35,-1303.9,mae,2024-07-26T18:05:40
12m_2024-07-01,0.75,1500,closed_peak_dd,True,0,RR0.75:9-10:398:1505,9-10,2024-07-25T09:41:40,2024-07-25T10:03:40,-720.5,-767.05,realized_drawdown,2024-07-25T10:03:40
12m_2024-07-01,0.75,6800,closed_floor,False,0,,,,,,,,
12m_2024-07-01,0.75,6800,excursion_floor,False,0,,,,,,,,
12m_2024-07-01,0.75,6800,closed_peak_dd,False,0,,,,,,,,
12m_2024-07-01,1.00,1500,closed_floor,False,0,,,,,,,,
12m_2024-07-01,1.00,1500,excursion_floor,False,0,,,,,,,,
12m_2024-07-01,1.00,1500,closed_peak_dd,True,0,RR1.00:9-10:398:1505,9-10,2024-07-25T09:41:40,2024-07-25T10:03:40,-155.1,-201.65,realized_drawdown,2024-07-25T10:03:40
12m_2024-07-01,1.00,6800,closed_floor,False,0,,,,,,,,
12m_2024-07-01,1.00,6800,excursion_floor,False,0,,,,,,,,
12m_2024-07-01,1.00,6800,closed_peak_dd,False,0,,,,,,,,
12m_2024-07-01,1.25,1500,closed_floor,True,0,RR1.25:9-10:402:1521,9-10,2024-08-08T09:19:40,2024-08-08T10:28:20,-1476.4,-1621.45,close,2024-08-08T10:28:20
12m_2024-07-01,1.25,1500,excursion_floor,True,0,RR1.25:18-19:334:1441,18-19,2024-08-02T18:36:40,2024-08-02T23:30:00,-1284.25,-1286.8,mae,2024-08-02T18:36:40
12m_2024-07-01,1.25,1500,closed_peak_dd,True,0,RR1.25:16-17:634:1805,16-17,2024-07-24T16:22:40,2024-07-24T16:33:40,-26.1,-112.15,realized_drawdown,2024-07-24T16:33:40
12m_2024-07-01,1.25,6800,closed_floor,False,0,,,,,,,,
12m_2024-07-01,1.25,6800,excursion_floor,False,0,,,,,,,,
12m_2024-07-01,1.25,6800,closed_peak_dd,False,0,,,,,,,,
12m_2024-07-01,1.50,1500,closed_floor,True,0,RR1.50:17-18:272:1385,17-18,2024-07-26T17:01:20,2024-07-26T17:08:40,-1496.95,-1709.5,close,2024-07-26T17:08:40
12m_2024-07-01,1.50,1500,excursion_floor,True,0,RR1.50:17-18:272:1385,17-18,2024-07-26T17:01:20,2024-07-26T17:08:40,-1496.95,-1709.5,mae,2024-07-26T17:01:20
12m_2024-07-01,1.50,1500,closed_peak_dd,True,0,RR1.50:10-11:427:1567,10-11,2024-07-24T10:22:40,2024-07-24T11:14:40,-321.3,-391.85,realized_drawdown,2024-07-24T11:14:40
12m_2024-07-01,1.50,6800,closed_floor,False,0,,,,,,,,
12m_2024-07-01,1.50,6800,excursion_floor,False,0,,,,,,,,
12m_2024-07-01,1.50,6800,closed_peak_dd,False,0,,,,,,,,
12m_2024-07-01,1.75,1500,closed_floor,True,0,RR1.75:20-21:366:1376,20-21,2024-07-25T20:02:40,2024-07-25T20:18:40,-1434.1,-1557.15,close,2024-07-25T20:18:40
12m_2024-07-01,1.75,1500,excursion_floor,True,0,RR1.75:20-21:366:1376,20-21,2024-07-25T20:02:40,2024-07-25T20:18:40,-1434.1,-1557.15,mae,2024-07-25T20:02:40
12m_2024-07-01,1.75,1500,closed_peak_dd,True,0,RR1.75:23-24:80:627,23-24,2024-07-23T23:02:20,2024-07-23T23:03:40,-309.0,-477.55,realized_drawdown,2024-07-23T23:03:40
12m_2024-07-01,1.75,6800,closed_floor,False,0,,,,,,,,
12m_2024-07-01,1.75,6800,excursion_floor,False,0,,,,,,,,
12m_2024-07-01,1.75,6800,closed_peak_dd,False,0,,,,,,,,
12m_2024-07-01,2.00,1500,closed_floor,True,0,RR2.00:11-12:334:1461,11-12,2024-07-25T11:52:40,2024-07-25T16:57:40,-1319.35,-1576.9,close,2024-07-25T16:57:40
12m_2024-07-01,2.00,1500,excursion_floor,True,0,RR2.00:11-12:334:1461,11-12,2024-07-25T11:52:40,2024-07-25T16:57:40,-1319.35,-1576.9,mae,2024-07-25T11:52:40
12m_2024-07-01,2.00,1500,closed_peak_dd,True,0,RR2.00:20-21:364:1372,20-21,2024-07-23T20:55:40,2024-07-23T22:54:40,-345.75,-451.8,realized_drawdown,2024-07-23T22:54:40
12m_2024-07-01,2.00,6800,closed_floor,False,0,,,,,,,,
12m_2024-07-01,2.00,6800,excursion_floor,False,0,,,,,,,,
12m_2024-07-01,2.00,6800,closed_peak_dd,False,0,,,,,,,,
12m_2024-07-01,2.25,1500,closed_floor,True,0,RR2.25:11-12:334:1461,11-12,2024-07-25T11:52:40,2024-07-25T16:57:40,-1417.35,-1674.9,close,2024-07-25T16:57:40
12m_2024-07-01,2.25,1500,excursion_floor,True,0,RR2.25:11-12:334:1461,11-12,2024-07-25T11:52:40,2024-07-25T16:57:40,-1417.35,-1674.9,mae,2024-07-25T11:52:40
12m_2024-07-01,2.25,1500,closed_peak_dd,True,0,RR2.25:23-24:80:627,23-24,2024-07-23T23:02:20,2024-07-23T23:03:40,-549.8,-718.35,realized_drawdown,2024-07-23T23:03:40
12m_2024-07-01,2.25,6800,closed_floor,False,0,,,,,,,,
12m_2024-07-01,2.25,6800,excursion_floor,False,0,,,,,,,,
12m_2024-07-01,2.25,6800,closed_peak_dd,False,0,,,,,,,,
12m_2024-07-01,2.50,1500,closed_floor,True,0,RR2.50:20-21:366:1376,20-21,2024-07-25T20:02:40,2024-07-25T20:18:40,-1402.25,-1525.3,close,2024-07-25T20:18:40
12m_2024-07-01,2.50,1500,excursion_floor,True,0,RR2.50:20-21:366:1376,20-21,2024-07-25T20:02:40,2024-07-25T20:18:40,-1402.25,-1525.3,mae,2024-07-25T20:02:40
12m_2024-07-01,2.50,1500,closed_peak_dd,True,0,RR2.50:16-17:634:1802,16-17,2024-07-24T16:22:40,2024-07-24T16:33:40,-699.4,-785.45,realized_drawdown,2024-07-24T16:33:40
12m_2024-07-01,2.50,6800,closed_floor,False,0,,,,,,,,
12m_2024-07-01,2.50,6800,excursion_floor,False,0,,,,,,,,
12m_2024-07-01,2.50,6800,closed_peak_dd,False,0,,,,,,,,
12m_2024-07-01,2.75,1500,closed_floor,True,0,RR2.75:13-14:414:1560,13-14,2024-07-26T13:33:40,2024-07-26T13:58:40,-1495.85,-1554.4,close,2024-07-26T13:58:40
12m_2024-07-01,2.75,1500,excursion_floor,True,0,RR2.75:13-14:414:1560,13-14,2024-07-26T13:33:40,2024-07-26T13:58:40,-1495.85,-1554.4,mae,2024-07-26T13:33:40
12m_2024-07-01,2.75,1500,closed_peak_dd,True,0,RR2.75:20-21:364:1372,20-21,2024-07-24T20:10:40,2024-07-24T21:03:40,-716.95,-809.0,realized_drawdown,2024-07-24T21:03:40
12m_2024-07-01,2.75,6800,closed_floor,False,0,,,,,,,,
12m_2024-07-01,2.75,6800,excursion_floor,False,0,,,,,,,,
12m_2024-07-01,2.75,6800,closed_peak_dd,False,0,,,,,,,,
12m_2024-07-01,3.00,1500,closed_floor,True,0,RR3.00:17-18:270:1377,17-18,2024-07-26T17:01:20,2024-07-26T17:08:40,-1382.9,-1595.45,close,2024-07-26T17:08:40
12m_2024-07-01,3.00,1500,excursion_floor,True,0,RR3.00:17-18:270:1377,17-18,2024-07-26T17:01:20,2024-07-26T17:08:40,-1382.9,-1595.45,mae,2024-07-26T17:01:20
12m_2024-07-01,3.00,1500,closed_peak_dd,True,0,RR3.00:22-23:383:1429,22-23,2024-07-24T22:33:40,2024-07-24T22:54:40,-560.95,-650.5,realized_drawdown,2024-07-24T22:54:40
12m_2024-07-01,3.00,6800,closed_floor,False,0,,,,,,,,
12m_2024-07-01,3.00,6800,excursion_floor,False,0,,,,,,,,
12m_2024-07-01,3.00,6800,closed_peak_dd,False,0,,,,,,,,
12m_2024-07-01,3.25,1500,closed_floor,True,0,RR3.25:10-11:428:1567,10-11,2024-07-30T10:00:40,2024-07-30T17:01:40,-1440.6,-1500.15,close,2024-07-30T17:01:40
12m_2024-07-01,3.25,1500,excursion_floor,True,0,RR3.25:18-19:331:1429,18-19,2024-07-26T18:05:40,2024-07-26T23:30:00,-1493.35,-1417.9,mae,2024-07-26T18:05:40
12m_2024-07-01,3.25,1500,closed_peak_dd,True,0,RR3.25:22-23:383:1429,22-23,2024-07-24T22:33:40,2024-07-24T22:54:40,-458.85,-548.4,realized_drawdown,2024-07-24T22:54:40
12m_2024-07-01,3.25,6800,closed_floor,False,0,,,,,,,,
12m_2024-07-01,3.25,6800,excursion_floor,False,0,,,,,,,,
12m_2024-07-01,3.25,6800,closed_peak_dd,False,0,,,,,,,,
12m_2024-07-01,3.50,1500,closed_floor,True,0,RR3.50:20-21:366:1377,20-21,2024-07-30T20:51:40,2024-07-30T23:01:40,-1359.6,-1638.65,close,2024-07-30T23:01:40
12m_2024-07-01,3.50,1500,excursion_floor,True,0,RR3.50:20-21:366:1377,20-21,2024-07-30T20:51:40,2024-07-30T23:01:40,-1359.6,-1638.65,mae,2024-07-30T20:51:40
12m_2024-07-01,3.50,1500,closed_peak_dd,True,0,RR3.50:6-7:389:1493,6-7,2024-07-25T06:25:40,2024-07-25T09:01:40,-440.9,-538.95,realized_drawdown,2024-07-25T09:01:40
12m_2024-07-01,3.50,6800,closed_floor,False,0,,,,,,,,
12m_2024-07-01,3.50,6800,excursion_floor,False,0,,,,,,,,
12m_2024-07-01,3.50,6800,closed_peak_dd,False,0,,,,,,,,
12m_2024-10-01,0.50,1500,closed_floor,False,0,,,,,,,,
12m_2024-10-01,0.50,1500,excursion_floor,False,0,,,,,,,,
12m_2024-10-01,0.50,1500,closed_peak_dd,True,0,RR0.50:15-16:570:1863,15-16,2025-03-04T15:36:40,2025-03-04T16:32:40,3141.75,2999.2,realized_drawdown,2025-03-04T16:32:40
12m_2024-10-01,0.50,6800,closed_floor,False,0,,,,,,,,
12m_2024-10-01,0.50,6800,excursion_floor,False,0,,,,,,,,
12m_2024-10-01,0.50,6800,closed_peak_dd,False,0,,,,,,,,
12m_2024-10-01,0.75,1500,closed_floor,False,0,,,,,,,,
12m_2024-10-01,0.75,1500,excursion_floor,False,0,,,,,,,,
12m_2024-10-01,0.75,1500,closed_peak_dd,True,0,RR0.75:15-16:570:1863,15-16,2025-03-04T15:36:40,2025-03-04T16:32:40,3172.45,3029.9,realized_drawdown,2025-03-04T16:32:40
12m_2024-10-01,0.75,6800,closed_floor,False,0,,,,,,,,
12m_2024-10-01,0.75,6800,excursion_floor,False,0,,,,,,,,
12m_2024-10-01,0.75,6800,closed_peak_dd,False,0,,,,,,,,
12m_2024-10-01,1.00,1500,closed_floor,False,0,,,,,,,,
12m_2024-10-01,1.00,1500,excursion_floor,False,0,,,,,,,,
12m_2024-10-01,1.00,1500,closed_peak_dd,True,0,RR1.00:17-18:313:1581,17-18,2025-03-06T17:03:40,2025-03-06T19:03:40,3418.0,3185.45,realized_drawdown,2025-03-06T19:03:40
12m_2024-10-01,1.00,6800,closed_floor,False,0,,,,,,,,
12m_2024-10-01,1.00,6800,excursion_floor,False,0,,,,,,,,
12m_2024-10-01,1.00,6800,closed_peak_dd,False,0,,,,,,,,
12m_2024-10-01,1.25,1500,closed_floor,False,0,,,,,,,,
12m_2024-10-01,1.25,1500,excursion_floor,False,0,,,,,,,,
12m_2024-10-01,1.25,1500,closed_peak_dd,True,0,RR1.25:15-16:571:1868,15-16,2025-03-06T15:36:40,2025-03-06T16:30:40,3726.4,3574.85,realized_drawdown,2025-03-06T16:30:40
12m_2024-10-01,1.25,6800,closed_floor,False,0,,,,,,,,
12m_2024-10-01,1.25,6800,excursion_floor,False,0,,,,,,,,
12m_2024-10-01,1.25,6800,closed_peak_dd,False,0,,,,,,,,
12m_2024-10-01,1.50,1500,closed_floor,False,0,,,,,,,,
12m_2024-10-01,1.50,1500,excursion_floor,False,0,,,,,,,,
12m_2024-10-01,1.50,1500,closed_peak_dd,True,0,RR1.50:15-16:570:1863,15-16,2025-03-04T15:36:40,2025-03-04T16:32:40,4525.9,4383.35,realized_drawdown,2025-03-04T16:32:40
12m_2024-10-01,1.50,6800,closed_floor,False,0,,,,,,,,
12m_2024-10-01,1.50,6800,excursion_floor,False,0,,,,,,,,
12m_2024-10-01,1.50,6800,closed_peak_dd,False,0,,,,,,,,
12m_2024-10-01,1.75,1500,closed_floor,False,0,,,,,,,,
12m_2024-10-01,1.75,1500,excursion_floor,False,0,,,,,,,,
12m_2024-10-01,1.75,1500,closed_peak_dd,True,0,RR1.75:15-16:570:1863,15-16,2025-03-04T15:36:40,2025-03-04T16:32:40,4065.55,3923.0,realized_drawdown,2025-03-04T16:32:40
12m_2024-10-01,1.75,6800,closed_floor,False,0,,,,,,,,
12m_2024-10-01,1.75,6800,excursion_floor,False,0,,,,,,,,
12m_2024-10-01,1.75,6800,closed_peak_dd,False,0,,,,,,,,
12m_2024-10-01,2.00,1500,closed_floor,False,0,,,,,,,,
12m_2024-10-01,2.00,1500,excursion_floor,False,0,,,,,,,,
12m_2024-10-01,2.00,1500,closed_peak_dd,True,0,RR2.00:20-21:404:1545,20-21,2025-02-27T20:12:40,2025-02-27T21:14:40,3131.6,2958.05,realized_drawdown,2025-02-27T21:14:40
12m_2024-10-01,2.00,6800,closed_floor,False,0,,,,,,,,
12m_2024-10-01,2.00,6800,excursion_floor,False,0,,,,,,,,
12m_2024-10-01,2.00,6800,closed_peak_dd,False,0,,,,,,,,
12m_2024-10-01,2.25,1500,closed_floor,False,0,,,,,,,,
12m_2024-10-01,2.25,1500,excursion_floor,False,0,,,,,,,,
12m_2024-10-01,2.25,1500,closed_peak_dd,True,0,RR2.25:20-21:404:1545,20-21,2025-02-27T20:12:40,2025-02-27T21:14:40,3891.85,3718.3,realized_drawdown,2025-02-27T21:14:40
12m_2024-10-01,2.25,6800,closed_floor,False,0,,,,,,,,
12m_2024-10-01,2.25,6800,excursion_floor,False,0,,,,,,,,
12m_2024-10-01,2.25,6800,closed_peak_dd,False,0,,,,,,,,
12m_2024-10-01,2.50,1500,closed_floor,False,0,,,,,,,,
12m_2024-10-01,2.50,1500,excursion_floor,False,0,,,,,,,,
12m_2024-10-01,2.50,1500,closed_peak_dd,True,0,RR2.50:3-4:466:1729,3-4,2025-02-28T03:21:40,2025-02-28T03:30:40,4500.6,4403.55,realized_drawdown,2025-02-28T03:30:40
12m_2024-10-01,2.50,6800,closed_floor,False,0,,,,,,,,
12m_2024-10-01,2.50,6800,excursion_floor,False,0,,,,,,,,
12m_2024-10-01,2.50,6800,closed_peak_dd,False,0,,,,,,,,
12m_2024-10-01,2.75,1500,closed_floor,False,0,,,,,,,,
12m_2024-10-01,2.75,1500,excursion_floor,False,0,,,,,,,,
12m_2024-10-01,2.75,1500,closed_peak_dd,True,0,RR2.75:3-4:466:1729,3-4,2025-02-28T03:21:40,2025-02-28T03:30:40,4070.15,3973.1,realized_drawdown,2025-02-28T03:30:40
12m_2024-10-01,2.75,6800,closed_floor,False,0,,,,,,,,
12m_2024-10-01,2.75,6800,excursion_floor,False,0,,,,,,,,
12m_2024-10-01,2.75,6800,closed_peak_dd,False,0,,,,,,,,
12m_2024-10-01,3.00,1500,closed_floor,False,0,,,,,,,,
12m_2024-10-01,3.00,1500,excursion_floor,False,0,,,,,,,,
12m_2024-10-01,3.00,1500,closed_peak_dd,True,0,RR3.00:6-7:445:1705,6-7,2025-02-28T06:08:20,2025-02-28T16:31:40,3205.0,3086.95,realized_drawdown,2025-02-28T16:31:40
12m_2024-10-01,3.00,6800,closed_floor,False,0,,,,,,,,
12m_2024-10-01,3.00,6800,excursion_floor,False,0,,,,,,,,
12m_2024-10-01,3.00,6800,closed_peak_dd,False,0,,,,,,,,
12m_2024-10-01,3.25,1500,closed_floor,False,0,,,,,,,,
12m_2024-10-01,3.25,1500,excursion_floor,False,0,,,,,,,,
12m_2024-10-01,3.25,1500,closed_peak_dd,True,0,RR3.25:6-7:445:1705,6-7,2025-02-28T06:08:20,2025-02-28T16:31:40,2623.5,2505.45,realized_drawdown,2025-02-28T16:31:40
12m_2024-10-01,3.25,6800,closed_floor,False,0,,,,,,,,
12m_2024-10-01,3.25,6800,excursion_floor,False,0,,,,,,,,
12m_2024-10-01,3.25,6800,closed_peak_dd,False,0,,,,,,,,
12m_2024-10-01,3.50,1500,closed_floor,False,0,,,,,,,,
12m_2024-10-01,3.50,1500,excursion_floor,False,0,,,,,,,,
12m_2024-10-01,3.50,1500,closed_peak_dd,True,0,RR3.50:6-7:445:1705,6-7,2025-02-28T06:08:20,2025-02-28T16:31:40,2393.5,2275.45,realized_drawdown,2025-02-28T16:31:40
12m_2024-10-01,3.50,6800,closed_floor,False,0,,,,,,,,
12m_2024-10-01,3.50,6800,excursion_floor,False,0,,,,,,,,
12m_2024-10-01,3.50,6800,closed_peak_dd,False,0,,,,,,,,
12m_2025-01-01,0.50,1500,closed_floor,False,0,,,,,,,,
12m_2025-01-01,0.50,1500,excursion_floor,False,0,,,,,,,,
12m_2025-01-01,0.50,1500,closed_peak_dd,True,0,RR0.50:15-16:570:1863,15-16,2025-03-04T15:36:40,2025-03-04T16:32:40,1424.7,1282.15,realized_drawdown,2025-03-04T16:32:40
12m_2025-01-01,0.50,6800,closed_floor,False,0,,,,,,,,
12m_2025-01-01,0.50,6800,excursion_floor,False,0,,,,,,,,
12m_2025-01-01,0.50,6800,closed_peak_dd,False,0,,,,,,,,
12m_2025-01-01,0.75,1500,closed_floor,False,0,,,,,,,,
12m_2025-01-01,0.75,1500,excursion_floor,False,0,,,,,,,,
12m_2025-01-01,0.75,1500,closed_peak_dd,True,0,RR0.75:15-16:570:1863,15-16,2025-03-04T15:36:40,2025-03-04T16:32:40,1325.15,1182.6,realized_drawdown,2025-03-04T16:32:40
12m_2025-01-01,0.75,6800,closed_floor,False,0,,,,,,,,
12m_2025-01-01,0.75,6800,excursion_floor,False,0,,,,,,,,
12m_2025-01-01,0.75,6800,closed_peak_dd,False,0,,,,,,,,
12m_2025-01-01,1.00,1500,closed_floor,False,0,,,,,,,,
12m_2025-01-01,1.00,1500,excursion_floor,False,0,,,,,,,,
12m_2025-01-01,1.00,1500,closed_peak_dd,True,0,RR1.00:17-18:313:1581,17-18,2025-03-06T17:03:40,2025-03-06T19:03:40,2072.95,1840.4,realized_drawdown,2025-03-06T19:03:40
12m_2025-01-01,1.00,6800,closed_floor,False,0,,,,,,,,
12m_2025-01-01,1.00,6800,excursion_floor,False,0,,,,,,,,
12m_2025-01-01,1.00,6800,closed_peak_dd,False,0,,,,,,,,
12m_2025-01-01,1.25,1500,closed_floor,False,0,,,,,,,,
12m_2025-01-01,1.25,1500,excursion_floor,False,0,,,,,,,,
12m_2025-01-01,1.25,1500,closed_peak_dd,True,0,RR1.25:15-16:571:1868,15-16,2025-03-06T15:36:40,2025-03-06T16:30:40,2104.8,1953.25,realized_drawdown,2025-03-06T16:30:40
12m_2025-01-01,1.25,6800,closed_floor,False,0,,,,,,,,
12m_2025-01-01,1.25,6800,excursion_floor,False,0,,,,,,,,
12m_2025-01-01,1.25,6800,closed_peak_dd,False,0,,,,,,,,
12m_2025-01-01,1.50,1500,closed_floor,False,0,,,,,,,,
12m_2025-01-01,1.50,1500,excursion_floor,False,0,,,,,,,,
12m_2025-01-01,1.50,1500,closed_peak_dd,True,0,RR1.50:15-16:570:1863,15-16,2025-03-04T15:36:40,2025-03-04T16:32:40,2165.55,2023.0,realized_drawdown,2025-03-04T16:32:40
12m_2025-01-01,1.50,6800,closed_floor,False,0,,,,,,,,
12m_2025-01-01,1.50,6800,excursion_floor,False,0,,,,,,,,
12m_2025-01-01,1.50,6800,closed_peak_dd,False,0,,,,,,,,
12m_2025-01-01,1.75,1500,closed_floor,False,0,,,,,,,,
12m_2025-01-01,1.75,1500,excursion_floor,False,0,,,,,,,,
12m_2025-01-01,1.75,1500,closed_peak_dd,True,0,RR1.75:15-16:570:1863,15-16,2025-03-04T15:36:40,2025-03-04T16:32:40,1846.2,1703.65,realized_drawdown,2025-03-04T16:32:40
12m_2025-01-01,1.75,6800,closed_floor,False,0,,,,,,,,
12m_2025-01-01,1.75,6800,excursion_floor,False,0,,,,,,,,
12m_2025-01-01,1.75,6800,closed_peak_dd,False,0,,,,,,,,
12m_2025-01-01,2.00,1500,closed_floor,False,0,,,,,,,,
12m_2025-01-01,2.00,1500,excursion_floor,False,0,,,,,,,,
12m_2025-01-01,2.00,1500,closed_peak_dd,True,0,RR2.00:20-21:404:1545,20-21,2025-02-27T20:12:40,2025-02-27T21:14:40,1484.2,1310.65,realized_drawdown,2025-02-27T21:14:40
12m_2025-01-01,2.00,6800,closed_floor,False,0,,,,,,,,
12m_2025-01-01,2.00,6800,excursion_floor,False,0,,,,,,,,
12m_2025-01-01,2.00,6800,closed_peak_dd,False,0,,,,,,,,
12m_2025-01-01,2.25,1500,closed_floor,False,0,,,,,,,,
12m_2025-01-01,2.25,1500,excursion_floor,False,0,,,,,,,,
12m_2025-01-01,2.25,1500,closed_peak_dd,True,0,RR2.25:20-21:404:1545,20-21,2025-02-27T20:12:40,2025-02-27T21:14:40,1337.1,1163.55,realized_drawdown,2025-02-27T21:14:40
12m_2025-01-01,2.25,6800,closed_floor,False,0,,,,,,,,
12m_2025-01-01,2.25,6800,excursion_floor,False,0,,,,,,,,
12m_2025-01-01,2.25,6800,closed_peak_dd,False,0,,,,,,,,
12m_2025-01-01,2.50,1500,closed_floor,False,0,,,,,,,,
12m_2025-01-01,2.50,1500,excursion_floor,False,0,,,,,,,,
12m_2025-01-01,2.50,1500,closed_peak_dd,True,0,RR2.50:3-4:466:1729,3-4,2025-02-28T03:21:40,2025-02-28T03:30:40,1570.5,1473.45,realized_drawdown,2025-02-28T03:30:40
12m_2025-01-01,2.50,6800,closed_floor,False,0,,,,,,,,
12m_2025-01-01,2.50,6800,excursion_floor,False,0,,,,,,,,
12m_2025-01-01,2.50,6800,closed_peak_dd,False,0,,,,,,,,
12m_2025-01-01,2.75,1500,closed_floor,False,0,,,,,,,,
12m_2025-01-01,2.75,1500,excursion_floor,False,0,,,,,,,,
12m_2025-01-01,2.75,1500,closed_peak_dd,True,0,RR2.75:3-4:466:1729,3-4,2025-02-28T03:21:40,2025-02-28T03:30:40,1470.75,1373.7,realized_drawdown,2025-02-28T03:30:40
12m_2025-01-01,2.75,6800,closed_floor,False,0,,,,,,,,
12m_2025-01-01,2.75,6800,excursion_floor,False,0,,,,,,,,
12m_2025-01-01,2.75,6800,closed_peak_dd,False,0,,,,,,,,
12m_2025-01-01,3.00,1500,closed_floor,False,0,,,,,,,,
12m_2025-01-01,3.00,1500,excursion_floor,False,0,,,,,,,,
12m_2025-01-01,3.00,1500,closed_peak_dd,True,0,RR3.00:6-7:445:1705,6-7,2025-02-28T06:08:20,2025-02-28T16:31:40,1643.4,1525.35,realized_drawdown,2025-02-28T16:31:40
12m_2025-01-01,3.00,6800,closed_floor,False,0,,,,,,,,
12m_2025-01-01,3.00,6800,excursion_floor,False,0,,,,,,,,
12m_2025-01-01,3.00,6800,closed_peak_dd,False,0,,,,,,,,
12m_2025-01-01,3.25,1500,closed_floor,True,0,RR3.25:22-23:448:1655,22-23,2025-04-04T22:11:40,2025-04-04T22:55:40,-1406.55,-1678.1,close,2025-04-04T22:55:40
12m_2025-01-01,3.25,1500,excursion_floor,True,0,RR3.25:22-23:448:1655,22-23,2025-04-04T22:11:40,2025-04-04T22:55:40,-1406.55,-1678.1,mae,2025-04-04T22:11:40
12m_2025-01-01,3.25,1500,closed_peak_dd,True,0,RR3.25:6-7:445:1705,6-7,2025-02-28T06:08:20,2025-02-28T16:31:40,1652.05,1534.0,realized_drawdown,2025-02-28T16:31:40
12m_2025-01-01,3.25,6800,closed_floor,False,0,,,,,,,,
12m_2025-01-01,3.25,6800,excursion_floor,False,0,,,,,,,,
12m_2025-01-01,3.25,6800,closed_peak_dd,False,0,,,,,,,,
12m_2025-01-01,3.50,1500,closed_floor,False,0,,,,,,,,
12m_2025-01-01,3.50,1500,excursion_floor,True,0,RR3.50:2-3:472:1796,2-3,2025-04-07T02:34:40,2025-04-07T18:00:00,-1292.3,637.15,mae,2025-04-07T02:34:40
12m_2025-01-01,3.50,1500,closed_peak_dd,True,0,RR3.50:6-7:445:1705,6-7,2025-02-28T06:08:20,2025-02-28T16:31:40,1713.05,1595.0,realized_drawdown,2025-02-28T16:31:40
12m_2025-01-01,3.50,6800,closed_floor,False,0,,,,,,,,
12m_2025-01-01,3.50,6800,excursion_floor,False,0,,,,,,,,
12m_2025-01-01,3.50,6800,closed_peak_dd,False,0,,,,,,,,
12m_2025-04-01,0.50,1500,closed_floor,False,0,,,,,,,,
12m_2025-04-01,0.50,1500,excursion_floor,True,0,RR0.50:2-3:472:1797,2-3,2025-04-07T02:34:40,2025-04-07T04:30:00,-1463.3,-1032.85,mae,2025-04-07T02:34:40
12m_2025-04-01,0.50,1500,closed_peak_dd,True,0,RR0.50:20-21:415:1581,20-21,2025-04-04T20:38:20,2025-04-04T21:36:40,-810.2,-1191.75,realized_drawdown,2025-04-04T21:36:40
12m_2025-04-01,0.50,6800,closed_floor,False,0,,,,,,,,
12m_2025-04-01,0.50,6800,excursion_floor,False,0,,,,,,,,
12m_2025-04-01,0.50,6800,closed_peak_dd,False,0,,,,,,,,
12m_2025-04-01,0.75,1500,closed_floor,False,0,,,,,,,,
12m_2025-04-01,0.75,1500,excursion_floor,True,0,RR0.75:2-3:472:1797,2-3,2025-04-07T02:34:40,2025-04-07T04:30:00,-1389.25,-958.8,mae,2025-04-07T02:34:40
12m_2025-04-01,0.75,1500,closed_peak_dd,True,0,RR0.75:20-21:415:1581,20-21,2025-04-04T20:38:20,2025-04-04T21:36:40,-736.15,-1117.7,realized_drawdown,2025-04-04T21:36:40
12m_2025-04-01,0.75,6800,closed_floor,False,0,,,,,,,,
12m_2025-04-01,0.75,6800,excursion_floor,False,0,,,,,,,,
12m_2025-04-01,0.75,6800,closed_peak_dd,False,0,,,,,,,,
12m_2025-04-01,1.00,1500,closed_floor,True,0,RR1.00:22-23:448:1655,22-23,2025-04-04T22:11:40,2025-04-04T22:55:40,-1429.65,-1701.2,close,2025-04-04T22:55:40
12m_2025-04-01,1.00,1500,excursion_floor,True,0,RR1.00:22-23:448:1655,22-23,2025-04-04T22:11:40,2025-04-04T22:55:40,-1429.65,-1701.2,mae,2025-04-04T22:11:40
12m_2025-04-01,1.00,1500,closed_peak_dd,True,0,RR1.00:18-19:391:1669,18-19,2025-04-04T18:01:40,2025-04-04T20:16:40,-423.05,-1048.1,realized_drawdown,2025-04-04T20:16:40
12m_2025-04-01,1.00,6800,closed_floor,False,0,,,,,,,,
12m_2025-04-01,1.00,6800,excursion_floor,False,0,,,,,,,,
12m_2025-04-01,1.00,6800,closed_peak_dd,False,0,,,,,,,,
12m_2025-04-01,1.25,1500,closed_floor,True,0,RR1.25:20-21:415:1581,20-21,2025-04-04T20:38:20,2025-04-04T21:36:40,-1461.05,-1842.6,close,2025-04-04T21:36:40
12m_2025-04-01,1.25,1500,excursion_floor,True,0,RR1.25:20-21:415:1581,20-21,2025-04-04T20:38:20,2025-04-04T21:36:40,-1461.05,-1842.6,mae,2025-04-04T20:38:20
12m_2025-04-01,1.25,1500,closed_peak_dd,True,0,RR1.25:18-19:391:1669,18-19,2025-04-04T18:01:40,2025-04-04T20:16:40,-836.0,-1461.05,realized_drawdown,2025-04-04T20:16:40
12m_2025-04-01,1.25,6800,closed_floor,False,0,,,,,,,,
12m_2025-04-01,1.25,6800,excursion_floor,False,0,,,,,,,,
12m_2025-04-01,1.25,6800,closed_peak_dd,False,0,,,,,,,,
12m_2025-04-01,1.50,1500,closed_floor,True,0,RR1.50:18-19:391:1669,18-19,2025-04-04T18:01:40,2025-04-04T20:16:40,-1034.5,-1659.55,close,2025-04-04T20:16:40
12m_2025-04-01,1.50,1500,excursion_floor,True,0,RR1.50:18-19:391:1669,18-19,2025-04-04T18:01:40,2025-04-04T20:16:40,-1034.5,-1659.55,mae,2025-04-04T18:01:40
12m_2025-04-01,1.50,1500,closed_peak_dd,True,0,RR1.50:18-19:391:1669,18-19,2025-04-04T18:01:40,2025-04-04T20:16:40,-1034.5,-1659.55,realized_drawdown,2025-04-04T20:16:40
12m_2025-04-01,1.50,6800,closed_floor,False,0,,,,,,,,
12m_2025-04-01,1.50,6800,excursion_floor,False,0,,,,,,,,
12m_2025-04-01,1.50,6800,closed_peak_dd,False,0,,,,,,,,
12m_2025-04-01,1.75,1500,closed_floor,True,0,RR1.75:18-19:391:1669,18-19,2025-04-04T18:01:40,2025-04-04T20:16:40,-980.5,-1605.55,close,2025-04-04T20:16:40
12m_2025-04-01,1.75,1500,excursion_floor,True,0,RR1.75:18-19:391:1669,18-19,2025-04-04T18:01:40,2025-04-04T20:16:40,-980.5,-1605.55,mae,2025-04-04T18:01:40
12m_2025-04-01,1.75,1500,closed_peak_dd,True,0,RR1.75:18-19:391:1669,18-19,2025-04-04T18:01:40,2025-04-04T20:16:40,-980.5,-1605.55,realized_drawdown,2025-04-04T20:16:40
12m_2025-04-01,1.75,6800,closed_floor,False,0,,,,,,,,
12m_2025-04-01,1.75,6800,excursion_floor,False,0,,,,,,,,
12m_2025-04-01,1.75,6800,closed_peak_dd,True,0,RR1.75:9-10:559:2066,9-10,2026-03-26T09:55:40,2026-03-26T10:06:40,5840.0,5750.95,realized_drawdown,2026-03-26T10:06:40
12m_2025-04-01,2.00,1500,closed_floor,True,0,RR2.00:18-19:391:1669,18-19,2025-04-04T18:01:40,2025-04-04T20:16:40,-915.0,-1540.05,close,2025-04-04T20:16:40
12m_2025-04-01,2.00,1500,excursion_floor,True,0,RR2.00:18-19:391:1669,18-19,2025-04-04T18:01:40,2025-04-04T20:16:40,-915.0,-1540.05,mae,2025-04-04T18:01:40
12m_2025-04-01,2.00,1500,closed_peak_dd,True,0,RR2.00:18-19:391:1669,18-19,2025-04-04T18:01:40,2025-04-04T20:16:40,-915.0,-1540.05,realized_drawdown,2025-04-04T20:16:40
12m_2025-04-01,2.00,6800,closed_floor,False,0,,,,,,,,
12m_2025-04-01,2.00,6800,excursion_floor,False,0,,,,,,,,
12m_2025-04-01,2.00,6800,closed_peak_dd,False,0,,,,,,,,
12m_2025-04-01,2.25,1500,closed_floor,True,0,RR2.25:20-21:414:1578,20-21,2025-04-04T20:38:20,2025-04-04T21:36:40,-1282.5,-1664.05,close,2025-04-04T21:36:40
12m_2025-04-01,2.25,1500,excursion_floor,True,0,RR2.25:20-21:414:1578,20-21,2025-04-04T20:38:20,2025-04-04T21:36:40,-1282.5,-1664.05,mae,2025-04-04T20:38:20
12m_2025-04-01,2.25,1500,closed_peak_dd,True,0,RR2.25:18-19:391:1669,18-19,2025-04-04T18:01:40,2025-04-04T20:16:40,-657.45,-1282.5,realized_drawdown,2025-04-04T20:16:40
12m_2025-04-01,2.25,6800,closed_floor,False,0,,,,,,,,
12m_2025-04-01,2.25,6800,excursion_floor,False,0,,,,,,,,
12m_2025-04-01,2.25,6800,closed_peak_dd,False,0,,,,,,,,
12m_2025-04-01,2.50,1500,closed_floor,True,0,RR2.50:20-21:414:1578,20-21,2025-04-04T20:38:20,2025-04-04T21:36:40,-1244.0,-1625.55,close,2025-04-04T21:36:40
12m_2025-04-01,2.50,1500,excursion_floor,True,0,RR2.50:20-21:414:1578,20-21,2025-04-04T20:38:20,2025-04-04T21:36:40,-1244.0,-1625.55,mae,2025-04-04T20:38:20
12m_2025-04-01,2.50,1500,closed_peak_dd,True,0,RR2.50:18-19:391:1668,18-19,2025-04-04T18:01:40,2025-04-04T20:16:40,-618.95,-1244.0,realized_drawdown,2025-04-04T20:16:40
12m_2025-04-01,2.50,6800,closed_floor,False,0,,,,,,,,
12m_2025-04-01,2.50,6800,excursion_floor,False,0,,,,,,,,
12m_2025-04-01,2.50,6800,closed_peak_dd,False,0,,,,,,,,
12m_2025-04-01,2.75,1500,closed_floor,True,0,RR2.75:22-23:448:1655,22-23,2025-04-04T22:11:40,2025-04-04T22:55:40,-1483.5,-1755.05,close,2025-04-04T22:55:40
12m_2025-04-01,2.75,1500,excursion_floor,True,0,RR2.75:22-23:448:1655,22-23,2025-04-04T22:11:40,2025-04-04T22:55:40,-1483.5,-1755.05,mae,2025-04-04T22:11:40
12m_2025-04-01,2.75,1500,closed_peak_dd,True,0,RR2.75:18-19:391:1667,18-19,2025-04-04T18:01:40,2025-04-04T20:16:40,-476.9,-1101.95,realized_drawdown,2025-04-04T20:16:40
12m_2025-04-01,2.75,6800,closed_floor,False,0,,,,,,,,
12m_2025-04-01,2.75,6800,excursion_floor,False,0,,,,,,,,
12m_2025-04-01,2.75,6800,closed_peak_dd,False,0,,,,,,,,
12m_2025-04-01,3.00,1500,closed_floor,True,0,RR3.00:18-19:391:1666,18-19,2025-04-04T18:01:40,2025-04-04T20:16:40,-923.85,-1548.9,close,2025-04-04T20:16:40
12m_2025-04-01,3.00,1500,excursion_floor,True,0,RR3.00:18-19:391:1666,18-19,2025-04-04T18:01:40,2025-04-04T20:16:40,-923.85,-1548.9,mae,2025-04-04T18:01:40
12m_2025-04-01,3.00,1500,closed_peak_dd,True,0,RR3.00:18-19:391:1666,18-19,2025-04-04T18:01:40,2025-04-04T20:16:40,-923.85,-1548.9,realized_drawdown,2025-04-04T20:16:40
12m_2025-04-01,3.00,6800,closed_floor,False,0,,,,,,,,
12m_2025-04-01,3.00,6800,excursion_floor,False,0,,,,,,,,
12m_2025-04-01,3.00,6800,closed_peak_dd,False,0,,,,,,,,
12m_2025-04-01,3.25,1500,closed_floor,True,0,RR3.25:20-21:413:1575,20-21,2025-04-04T20:38:20,2025-04-04T21:36:40,-1480.4,-1861.95,close,2025-04-04T21:36:40
12m_2025-04-01,3.25,1500,excursion_floor,True,0,RR3.25:20-21:413:1575,20-21,2025-04-04T20:38:20,2025-04-04T21:36:40,-1480.4,-1861.95,mae,2025-04-04T20:38:20
12m_2025-04-01,3.25,1500,closed_peak_dd,True,0,RR3.25:18-19:390:1665,18-19,2025-04-04T18:01:40,2025-04-04T20:16:40,-855.35,-1480.4,realized_drawdown,2025-04-04T20:16:40
12m_2025-04-01,3.25,6800,closed_floor,False,0,,,,,,,,
12m_2025-04-01,3.25,6800,excursion_floor,False,0,,,,,,,,
12m_2025-04-01,3.25,6800,closed_peak_dd,False,0,,,,,,,,
12m_2025-04-01,3.50,1500,closed_floor,True,0,RR3.50:20-21:413:1575,20-21,2025-04-04T20:38:20,2025-04-04T21:36:40,-1480.4,-1861.95,close,2025-04-04T21:36:40
12m_2025-04-01,3.50,1500,excursion_floor,True,0,RR3.50:20-21:413:1575,20-21,2025-04-04T20:38:20,2025-04-04T21:36:40,-1480.4,-1861.95,mae,2025-04-04T20:38:20
12m_2025-04-01,3.50,1500,closed_peak_dd,True,0,RR3.50:18-19:390:1665,18-19,2025-04-04T18:01:40,2025-04-04T20:16:40,-855.35,-1480.4,realized_drawdown,2025-04-04T20:16:40
12m_2025-04-01,3.50,6800,closed_floor,False,0,,,,,,,,
12m_2025-04-01,3.50,6800,excursion_floor,False,0,,,,,,,,
12m_2025-04-01,3.50,6800,closed_peak_dd,False,0,,,,,,,,
12m_2025-07-01,0.50,1500,closed_floor,False,0,,,,,,,,
12m_2025-07-01,0.50,1500,excursion_floor,False,0,,,,,,,,
12m_2025-07-01,0.50,1500,closed_peak_dd,True,0,RR0.50:16-17:817:2332,16-17,2025-12-29T16:36:40,2025-12-29T19:27:40,2223.35,2046.3,realized_drawdown,2025-12-29T19:27:40
12m_2025-07-01,0.50,6800,closed_floor,False,0,,,,,,,,
12m_2025-07-01,0.50,6800,excursion_floor,False,0,,,,,,,,
12m_2025-07-01,0.50,6800,closed_peak_dd,False,0,,,,,,,,
12m_2025-07-01,0.75,1500,closed_floor,False,0,,,,,,,,
12m_2025-07-01,0.75,1500,excursion_floor,True,0,RR0.75:3-4:558:2084,3-4,2026-03-30T03:17:40,2026-03-30T03:30:00,-1465.15,-1362.2,mae,2026-03-30T03:17:40
12m_2025-07-01,0.75,1500,closed_peak_dd,True,0,RR0.75:21-22:527:1955,21-22,2026-02-05T21:10:40,2026-02-05T22:22:40,2103.75,1879.7,realized_drawdown,2026-02-05T22:22:40
12m_2025-07-01,0.75,6800,closed_floor,False,0,,,,,,,,
12m_2025-07-01,0.75,6800,excursion_floor,False,0,,,,,,,,
12m_2025-07-01,0.75,6800,closed_peak_dd,False,0,,,,,,,,
12m_2025-07-01,1.00,1500,closed_floor,True,0,RR1.00:18-19:464:1976,18-19,2026-03-20T18:23:40,2026-03-20T20:05:40,-1497.15,-1689.2,close,2026-03-20T20:05:40
12m_2025-07-01,1.00,1500,excursion_floor,True,0,RR1.00:20-21:515:1912,20-21,2026-03-19T20:31:20,2026-03-19T22:30:00,-1409.8,-1143.35,mae,2026-03-19T20:31:20
12m_2025-07-01,1.00,1500,closed_peak_dd,True,0,RR1.00:16-17:775:2214,16-17,2025-09-02T16:41:40,2025-09-02T18:36:40,-953.15,-1178.7,realized_drawdown,2025-09-02T18:36:40
12m_2025-07-01,1.00,6800,closed_floor,False,0,,,,,,,,
12m_2025-07-01,1.00,6800,excursion_floor,False,0,,,,,,,,
12m_2025-07-01,1.00,6800,closed_peak_dd,False,0,,,,,,,,
12m_2025-07-01,1.25,1500,closed_floor,False,0,,,,,,,,
12m_2025-07-01,1.25,1500,excursion_floor,False,0,,,,,,,,
12m_2025-07-01,1.25,1500,closed_peak_dd,True,0,RR1.25:10-11:560:2028,10-11,2025-11-21T10:53:40,2025-11-21T11:45:40,3567.8,3289.25,realized_drawdown,2025-11-21T11:45:40
12m_2025-07-01,1.25,6800,closed_floor,False,0,,,,,,,,
12m_2025-07-01,1.25,6800,excursion_floor,False,0,,,,,,,,
12m_2025-07-01,1.25,6800,closed_peak_dd,False,0,,,,,,,,
12m_2025-07-01,1.50,1500,closed_floor,False,0,,,,,,,,
12m_2025-07-01,1.50,1500,excursion_floor,False,0,,,,,,,,
12m_2025-07-01,1.50,1500,closed_peak_dd,True,0,RR1.50:20-21:482:1798,20-21,2025-11-20T20:09:40,2025-11-20T20:46:40,4400.45,4015.9,realized_drawdown,2025-11-20T20:46:40
12m_2025-07-01,1.50,6800,closed_floor,False,0,,,,,,,,
12m_2025-07-01,1.50,6800,excursion_floor,False,0,,,,,,,,
12m_2025-07-01,1.50,6800,closed_peak_dd,False,0,,,,,,,,
12m_2025-07-01,1.75,1500,closed_floor,False,0,,,,,,,,
12m_2025-07-01,1.75,1500,excursion_floor,False,0,,,,,,,,
12m_2025-07-01,1.75,1500,closed_peak_dd,True,0,RR1.75:3-4:527:1970,3-4,2025-11-18T03:06:40,2025-11-18T05:00:40,5075.65,4952.1,realized_drawdown,2025-11-18T05:00:40
12m_2025-07-01,1.75,6800,closed_floor,False,0,,,,,,,,
12m_2025-07-01,1.75,6800,excursion_floor,False,0,,,,,,,,
12m_2025-07-01,1.75,6800,closed_peak_dd,True,0,RR1.75:9-10:559:2066,9-10,2026-03-26T09:55:40,2026-03-26T10:06:40,-245.65,-334.7,realized_drawdown,2026-03-26T10:06:40
12m_2025-07-01,2.00,1500,closed_floor,False,0,,,,,,,,
12m_2025-07-01,2.00,1500,excursion_floor,False,0,,,,,,,,
12m_2025-07-01,2.00,1500,closed_peak_dd,True,0,RR2.00:9-10:531:1969,9-10,2025-11-18T09:34:40,2025-11-18T16:47:40,5217.35,5056.3,realized_drawdown,2025-11-18T16:47:40
12m_2025-07-01,2.00,6800,closed_floor,False,0,,,,,,,,
12m_2025-07-01,2.00,6800,excursion_floor,False,0,,,,,,,,
12m_2025-07-01,2.00,6800,closed_peak_dd,False,0,,,,,,,,
12m_2025-07-01,2.25,1500,closed_floor,False,0,,,,,,,,
12m_2025-07-01,2.25,1500,excursion_floor,False,0,,,,,,,,
12m_2025-07-01,2.25,1500,closed_peak_dd,True,0,RR2.25:9-10:531:1969,9-10,2025-11-18T09:34:40,2025-11-18T16:47:40,5163.45,5002.4,realized_drawdown,2025-11-18T16:47:40
12m_2025-07-01,2.25,6800,closed_floor,False,0,,,,,,,,
12m_2025-07-01,2.25,6800,excursion_floor,False,0,,,,,,,,
12m_2025-07-01,2.25,6800,closed_peak_dd,False,0,,,,,,,,
12m_2025-07-01,2.50,1500,closed_floor,False,0,,,,,,,,
12m_2025-07-01,2.50,1500,excursion_floor,False,0,,,,,,,,
12m_2025-07-01,2.50,1500,closed_peak_dd,True,0,RR2.50:18-19:441:1878,18-19,2025-11-17T18:31:40,2025-11-17T20:55:40,4828.25,4522.7,realized_drawdown,2025-11-17T20:55:40
12m_2025-07-01,2.50,6800,closed_floor,False,0,,,,,,,,
12m_2025-07-01,2.50,6800,excursion_floor,False,0,,,,,,,,
12m_2025-07-01,2.50,6800,closed_peak_dd,False,0,,,,,,,,
12m_2025-07-01,2.75,1500,closed_floor,False,0,,,,,,,,
12m_2025-07-01,2.75,1500,excursion_floor,False,0,,,,,,,,
12m_2025-07-01,2.75,1500,closed_peak_dd,True,0,RR2.75:18-19:441:1877,18-19,2025-11-17T18:31:40,2025-11-17T20:55:40,4759.8,4454.25,realized_drawdown,2025-11-17T20:55:40
12m_2025-07-01,2.75,6800,closed_floor,False,0,,,,,,,,
12m_2025-07-01,2.75,6800,excursion_floor,False,0,,,,,,,,
12m_2025-07-01,2.75,6800,closed_peak_dd,False,0,,,,,,,,
12m_2025-07-01,3.00,1500,closed_floor,False,0,,,,,,,,
12m_2025-07-01,3.00,1500,excursion_floor,False,0,,,,,,,,
12m_2025-07-01,3.00,1500,closed_peak_dd,True,0,RR3.00:18-19:441:1876,18-19,2025-11-17T18:31:40,2025-11-17T20:55:40,5358.25,5052.7,realized_drawdown,2025-11-17T20:55:40
12m_2025-07-01,3.00,6800,closed_floor,False,0,,,,,,,,
12m_2025-07-01,3.00,6800,excursion_floor,False,0,,,,,,,,
12m_2025-07-01,3.00,6800,closed_peak_dd,False,0,,,,,,,,
12m_2025-07-01,3.25,1500,closed_floor,False,0,,,,,,,,
12m_2025-07-01,3.25,1500,excursion_floor,False,0,,,,,,,,
12m_2025-07-01,3.25,1500,closed_peak_dd,True,0,RR3.25:18-19:440:1875,18-19,2025-11-17T18:31:40,2025-11-17T20:55:40,5316.05,5010.5,realized_drawdown,2025-11-17T20:55:40
12m_2025-07-01,3.25,6800,closed_floor,False,0,,,,,,,,
12m_2025-07-01,3.25,6800,excursion_floor,False,0,,,,,,,,
12m_2025-07-01,3.25,6800,closed_peak_dd,False,0,,,,,,,,
12m_2025-07-01,3.50,1500,closed_floor,False,0,,,,,,,,
12m_2025-07-01,3.50,1500,excursion_floor,False,0,,,,,,,,
12m_2025-07-01,3.50,1500,closed_peak_dd,True,0,RR3.50:18-19:440:1875,18-19,2025-11-17T18:31:40,2025-11-17T20:55:40,5640.5,5334.95,realized_drawdown,2025-11-17T20:55:40
12m_2025-07-01,3.50,6800,closed_floor,False,0,,,,,,,,
12m_2025-07-01,3.50,6800,excursion_floor,False,0,,,,,,,,
12m_2025-07-01,3.50,6800,closed_peak_dd,False,0,,,,,,,,
full_2020-01-01,0.50,1500,closed_floor,False,0,,,,,,,,
full_2020-01-01,0.50,1500,excursion_floor,False,0,,,,,,,,
full_2020-01-01,0.50,1500,closed_peak_dd,True,0,RR0.50:12-13:86:327,12-13,2021-01-15T12:33:40,2021-01-15T12:57:40,2320.85,2281.3,realized_drawdown,2021-01-15T12:57:40
full_2020-01-01,0.50,6800,closed_floor,False,0,,,,,,,,
full_2020-01-01,0.50,6800,excursion_floor,False,0,,,,,,,,
full_2020-01-01,0.50,6800,closed_peak_dd,False,0,,,,,,,,
full_2020-01-01,0.75,1500,closed_floor,True,0,RR0.75:11-12:111:487,11-12,2021-06-17T11:03:40,2021-06-17T11:21:40,-1457.15,-1505.2,close,2021-06-17T11:21:40
full_2020-01-01,0.75,1500,excursion_floor,True,0,RR0.75:11-12:111:487,11-12,2021-06-17T11:03:40,2021-06-17T11:21:40,-1457.15,-1505.2,mae,2021-06-17T11:03:40
full_2020-01-01,0.75,1500,closed_peak_dd,True,0,RR0.75:18-19:15:58,18-19,2020-03-12T18:54:40,2020-03-12T21:06:40,-337.0,-603.05,realized_drawdown,2020-03-12T21:06:40
full_2020-01-01,0.75,6800,closed_floor,False,0,,,,,,,,
full_2020-01-01,0.75,6800,excursion_floor,False,0,,,,,,,,
full_2020-01-01,0.75,6800,closed_peak_dd,False,0,,,,,,,,
full_2020-01-01,1.00,1500,closed_floor,True,0,RR1.00:16-17:38:98,16-17,2020-03-17T16:49:40,2020-03-18T19:28:40,-1058.85,-1628.4,close,2020-03-18T19:28:40
full_2020-01-01,1.00,1500,excursion_floor,True,0,RR1.00:16-17:38:98,16-17,2020-03-17T16:49:40,2020-03-18T19:28:40,-1058.85,-1628.4,mae,2020-03-17T16:49:40
full_2020-01-01,1.00,1500,closed_peak_dd,True,0,RR1.00:2-3:21:75,2-3,2020-03-13T02:08:20,2020-03-13T03:10:40,-805.1,-997.65,realized_drawdown,2020-03-13T03:10:40
full_2020-01-01,1.00,6800,closed_floor,False,0,,,,,,,,
full_2020-01-01,1.00,6800,excursion_floor,False,0,,,,,,,,
full_2020-01-01,1.00,6800,closed_peak_dd,False,0,,,,,,,,
full_2020-01-01,1.25,1500,closed_floor,True,0,RR1.25:2-3:21:75,2-3,2020-03-13T02:08:20,2020-03-13T03:10:40,-1392.25,-1584.8,close,2020-03-13T03:10:40
full_2020-01-01,1.25,1500,excursion_floor,True,0,RR1.25:2-3:21:75,2-3,2020-03-13T02:08:20,2020-03-13T03:10:40,-1392.25,-1584.8,mae,2020-03-13T02:08:20
full_2020-01-01,1.25,1500,closed_peak_dd,True,0,RR1.25:11-12:13:70,11-12,2020-03-12T11:45:40,2020-03-12T12:22:40,-721.55,-768.6,realized_drawdown,2020-03-12T12:22:40
full_2020-01-01,1.25,6800,closed_floor,False,0,,,,,,,,
full_2020-01-01,1.25,6800,excursion_floor,False,0,,,,,,,,
full_2020-01-01,1.25,6800,closed_peak_dd,False,0,,,,,,,,
full_2020-01-01,1.50,1500,closed_floor,True,0,RR1.50:16-17:38:98,16-17,2020-03-17T16:49:40,2020-03-18T19:28:40,-1354.5,-1924.05,close,2020-03-18T19:28:40
full_2020-01-01,1.50,1500,excursion_floor,True,0,RR1.50:16-17:38:98,16-17,2020-03-17T16:49:40,2020-03-18T19:28:40,-1354.5,-1924.05,mae,2020-03-17T16:49:40
full_2020-01-01,1.50,1500,closed_peak_dd,True,0,RR1.50:16-17:36:93,16-17,2020-03-12T16:53:40,2020-03-12T17:19:40,-597.15,-880.2,realized_drawdown,2020-03-12T17:19:40
full_2020-01-01,1.50,6800,closed_floor,False,0,,,,,,,,
full_2020-01-01,1.50,6800,excursion_floor,False,0,,,,,,,,
full_2020-01-01,1.50,6800,closed_peak_dd,False,0,,,,,,,,
full_2020-01-01,1.75,1500,closed_floor,False,0,,,,,,,,
full_2020-01-01,1.75,1500,excursion_floor,False,0,,,,,,,,
full_2020-01-01,1.75,1500,closed_peak_dd,True,0,RR1.75:2-3:21:75,2-3,2020-03-13T02:08:20,2020-03-13T03:10:40,-652.85,-845.4,realized_drawdown,2020-03-13T03:10:40
full_2020-01-01,1.75,6800,closed_floor,False,0,,,,,,,,
full_2020-01-01,1.75,6800,excursion_floor,False,0,,,,,,,,
full_2020-01-01,1.75,6800,closed_peak_dd,True,0,RR1.75:9-10:559:2066,9-10,2026-03-26T09:55:40,2026-03-26T10:06:40,30409.75,30320.7,realized_drawdown,2026-03-26T10:06:40
full_2020-01-01,2.00,1500,closed_floor,False,0,,,,,,,,
full_2020-01-01,2.00,1500,excursion_floor,False,0,,,,,,,,
full_2020-01-01,2.00,1500,closed_peak_dd,True,0,RR2.00:18-19:15:58,18-19,2020-03-12T18:54:40,2020-03-12T21:06:40,-254.7,-520.75,realized_drawdown,2020-03-12T21:06:40
full_2020-01-01,2.00,6800,closed_floor,False,0,,,,,,,,
full_2020-01-01,2.00,6800,excursion_floor,False,0,,,,,,,,
full_2020-01-01,2.00,6800,closed_peak_dd,False,0,,,,,,,,
full_2020-01-01,2.25,1500,closed_floor,False,0,,,,,,,,
full_2020-01-01,2.25,1500,excursion_floor,False,0,,,,,,,,
full_2020-01-01,2.25,1500,closed_peak_dd,True,0,RR2.25:16-17:36:93,16-17,2020-03-12T16:53:40,2020-03-12T17:19:40,-10.8,-293.85,realized_drawdown,2020-03-12T17:19:40
full_2020-01-01,2.25,6800,closed_floor,False,0,,,,,,,,
full_2020-01-01,2.25,6800,excursion_floor,False,0,,,,,,,,
full_2020-01-01,2.25,6800,closed_peak_dd,False,0,,,,,,,,
full_2020-01-01,2.50,1500,closed_floor,True,0,RR2.50:2-3:21:75,2-3,2020-03-13T02:08:20,2020-03-13T03:10:40,-1353.0,-1545.55,close,2020-03-13T03:10:40
full_2020-01-01,2.50,1500,excursion_floor,True,0,RR2.50:2-3:21:75,2-3,2020-03-13T02:08:20,2020-03-13T03:10:40,-1353.0,-1545.55,mae,2020-03-13T02:08:20
full_2020-01-01,2.50,1500,closed_peak_dd,True,0,RR2.50:12-13:12:57,12-13,2020-03-12T12:58:40,2020-03-12T13:52:40,-729.35,-803.9,realized_drawdown,2020-03-12T13:52:40
full_2020-01-01,2.50,6800,closed_floor,False,0,,,,,,,,
full_2020-01-01,2.50,6800,excursion_floor,False,0,,,,,,,,
full_2020-01-01,2.50,6800,closed_peak_dd,False,0,,,,,,,,
full_2020-01-01,2.75,1500,closed_floor,True,0,RR2.75:18-19:15:58,18-19,2020-03-12T18:54:40,2020-03-12T21:06:40,-1331.8,-1597.85,close,2020-03-12T21:06:40
full_2020-01-01,2.75,1500,excursion_floor,True,0,RR2.75:18-19:15:58,18-19,2020-03-12T18:54:40,2020-03-12T21:06:40,-1331.8,-1597.85,mae,2020-03-12T18:54:40
full_2020-01-01,2.75,1500,closed_peak_dd,True,0,RR2.75:13-14:22:65,13-14,2020-02-28T13:07:40,2020-02-28T15:44:20,-777.05,-901.1,realized_drawdown,2020-02-28T15:44:20
full_2020-01-01,2.75,6800,closed_floor,False,0,,,,,,,,
full_2020-01-01,2.75,6800,excursion_floor,False,0,,,,,,,,
full_2020-01-01,2.75,6800,closed_peak_dd,False,0,,,,,,,,
full_2020-01-01,3.00,1500,closed_floor,True,0,RR3.00:12-13:12:57,12-13,2020-03-12T12:58:40,2020-03-12T13:52:40,-1458.1,-1532.65,close,2020-03-12T13:52:40
full_2020-01-01,3.00,1500,excursion_floor,True,0,RR3.00:12-13:12:57,12-13,2020-03-12T12:58:40,2020-03-12T13:52:40,-1458.1,-1532.65,mae,2020-03-12T12:58:40
full_2020-01-01,3.00,1500,closed_peak_dd,True,0,RR3.00:8-9:12:53,8-9,2020-02-28T08:57:40,2020-02-28T11:25:40,-523.55,-666.6,realized_drawdown,2020-02-28T11:25:40
full_2020-01-01,3.00,6800,closed_floor,False,0,,,,,,,,
full_2020-01-01,3.00,6800,excursion_floor,False,0,,,,,,,,
full_2020-01-01,3.00,6800,closed_peak_dd,False,0,,,,,,,,
full_2020-01-01,3.25,1500,closed_floor,True,0,RR3.25:16-17:36:93,16-17,2020-03-12T16:53:40,2020-03-12T17:19:40,-1311.3,-1594.35,close,2020-03-12T17:19:40
full_2020-01-01,3.25,1500,excursion_floor,True,0,RR3.25:16-17:36:93,16-17,2020-03-12T16:53:40,2020-03-12T17:19:40,-1311.3,-1594.35,mae,2020-03-12T16:53:40
full_2020-01-01,3.25,1500,closed_peak_dd,True,0,RR3.25:8-9:12:53,8-9,2020-02-28T08:57:40,2020-02-28T11:25:40,-402.8,-545.85,realized_drawdown,2020-02-28T11:25:40
full_2020-01-01,3.25,6800,closed_floor,False,0,,,,,,,,
full_2020-01-01,3.25,6800,excursion_floor,False,0,,,,,,,,
full_2020-01-01,3.25,6800,closed_peak_dd,False,0,,,,,,,,
full_2020-01-01,3.50,1500,closed_floor,True,0,RR3.50:16-17:36:93,16-17,2020-03-12T16:53:40,2020-03-12T17:19:40,-1285.7,-1568.75,close,2020-03-12T17:19:40
full_2020-01-01,3.50,1500,excursion_floor,True,0,RR3.50:16-17:36:93,16-17,2020-03-12T16:53:40,2020-03-12T17:19:40,-1285.7,-1568.75,mae,2020-03-12T16:53:40
full_2020-01-01,3.50,1500,closed_peak_dd,True,0,RR3.50:8-9:12:53,8-9,2020-02-28T08:57:40,2020-02-28T11:25:40,-377.2,-520.25,realized_drawdown,2020-02-28T11:25:40
full_2020-01-01,3.50,6800,closed_floor,False,0,,,,,,,,
full_2020-01-01,3.50,6800,excursion_floor,False,0,,,,,,,,
full_2020-01-01,3.50,6800,closed_peak_dd,False,0,,,,,,,,
full_2021-01-01,0.50,1500,closed_floor,True,0,RR0.50:22-23:110:423,22-23,2021-05-18T22:31:40,2021-05-18T22:53:40,-1484.4,-1626.95,close,2021-05-18T22:53:40
full_2021-01-01,0.50,1500,excursion_floor,True,0,RR0.50:22-23:110:423,22-23,2021-05-18T22:31:40,2021-05-18T22:53:40,-1484.4,-1626.95,mae,2021-05-18T22:31:40
full_2021-01-01,0.50,1500,closed_peak_dd,True,0,RR0.50:17-18:80:365,17-18,2021-03-08T17:30:40,2021-03-08T18:50:40,-710.75,-1055.8,realized_drawdown,2021-03-08T18:50:40
full_2021-01-01,0.50,6800,closed_floor,False,0,,,,,,,,
full_2021-01-01,0.50,6800,excursion_floor,False,0,,,,,,,,
full_2021-01-01,0.50,6800,closed_peak_dd,False,0,,,,,,,,
full_2021-01-01,0.75,1500,closed_floor,True,0,RR0.75:17-18:80:365,17-18,2021-03-08T17:30:40,2021-03-08T18:50:40,-1244.8,-1589.85,close,2021-03-08T18:50:40
full_2021-01-01,0.75,1500,excursion_floor,True,0,RR0.75:17-18:80:365,17-18,2021-03-08T17:30:40,2021-03-08T18:50:40,-1244.8,-1589.85,mae,2021-03-08T17:30:40
full_2021-01-01,0.75,1500,closed_peak_dd,True,0,RR0.75:20-21:93:335,20-21,2021-02-25T20:20:40,2021-02-25T22:15:40,-698.45,-955.5,realized_drawdown,2021-02-25T22:15:40
full_2021-01-01,0.75,6800,closed_floor,False,0,,,,,,,,
full_2021-01-01,0.75,6800,excursion_floor,False,0,,,,,,,,
full_2021-01-01,0.75,6800,closed_peak_dd,False,0,,,,,,,,
full_2021-01-01,1.00,1500,closed_floor,True,0,RR1.00:21-22:111:386,21-22,2021-03-04T21:44:40,2021-03-04T23:30:00,-1483.2,-1525.75,close,2021-03-04T23:30:00
full_2021-01-01,1.00,1500,excursion_floor,True,0,RR1.00:21-22:111:386,21-22,2021-03-04T21:44:40,2021-03-04T23:30:00,-1483.2,-1525.75,mae,2021-03-04T21:44:40
full_2021-01-01,1.00,1500,closed_peak_dd,True,0,RR1.00:16-17:170:464,16-17,2021-02-22T16:37:40,2021-02-22T16:42:20,-560.95,-655.0,realized_drawdown,2021-02-22T16:42:20
full_2021-01-01,1.00,6800,closed_floor,False,0,,,,,,,,
full_2021-01-01,1.00,6800,excursion_floor,False,0,,,,,,,,
full_2021-01-01,1.00,6800,closed_peak_dd,False,0,,,,,,,,
full_2021-01-01,1.25,1500,closed_floor,True,0,RR1.25:17-18:80:365,17-18,2021-03-08T17:30:40,2021-03-08T18:50:40,-1256.5,-1601.55,close,2021-03-08T18:50:40
full_2021-01-01,1.25,1500,excursion_floor,True,0,RR1.25:13-14:111:411,13-14,2021-03-08T13:51:40,2021-03-08T15:30:00,-1415.95,-1256.5,mae,2021-03-08T13:51:40
full_2021-01-01,1.25,1500,closed_peak_dd,True,0,RR1.25:13-14:108:398,13-14,2021-02-23T13:15:40,2021-02-23T16:34:40,-687.6,-838.65,realized_drawdown,2021-02-23T16:34:40
full_2021-01-01,1.25,6800,closed_floor,False,0,,,,,,,,
full_2021-01-01,1.25,6800,excursion_floor,False,0,,,,,,,,
full_2021-01-01,1.25,6800,closed_peak_dd,False,0,,,,,,,,
full_2021-01-01,1.50,1500,closed_floor,False,0,,,,,,,,
full_2021-01-01,1.50,1500,excursion_floor,False,0,,,,,,,,
full_2021-01-01,1.50,1500,closed_peak_dd,True,0,RR1.50:6-7:97:387,6-7,2021-02-26T06:02:40,2021-02-26T06:10:40,-566.3,-633.85,realized_drawdown,2021-02-26T06:10:40
full_2021-01-01,1.50,6800,closed_floor,False,0,,,,,,,,
full_2021-01-01,1.50,6800,excursion_floor,False,0,,,,,,,,
full_2021-01-01,1.50,6800,closed_peak_dd,False,0,,,,,,,,
full_2021-01-01,1.75,1500,closed_floor,False,0,,,,,,,,
full_2021-01-01,1.75,1500,excursion_floor,False,0,,,,,,,,
full_2021-01-01,1.75,1500,closed_peak_dd,True,0,RR1.75:17-18:97:439,17-18,2021-06-03T17:59:40,2021-06-03T23:30:00,1401.45,1299.9,realized_drawdown,2021-06-03T23:30:00
full_2021-01-01,1.75,6800,closed_floor,False,0,,,,,,,,
full_2021-01-01,1.75,6800,excursion_floor,False,0,,,,,,,,
full_2021-01-01,1.75,6800,closed_peak_dd,True,0,RR1.75:9-10:559:2066,9-10,2026-03-26T09:55:40,2026-03-26T10:06:40,24912.3,24823.25,realized_drawdown,2026-03-26T10:06:40
full_2021-01-01,2.00,1500,closed_floor,False,0,,,,,,,,
full_2021-01-01,2.00,1500,excursion_floor,False,0,,,,,,,,
full_2021-01-01,2.00,1500,closed_peak_dd,True,0,RR2.00:12-13:114:430,12-13,2021-05-19T12:04:40,2021-05-19T12:54:40,863.7,806.15,realized_drawdown,2021-05-19T12:54:40
full_2021-01-01,2.00,6800,closed_floor,False,0,,,,,,,,
full_2021-01-01,2.00,6800,excursion_floor,False,0,,,,,,,,
full_2021-01-01,2.00,6800,closed_peak_dd,False,0,,,,,,,,
full_2021-01-01,2.25,1500,closed_floor,False,0,,,,,,,,
full_2021-01-01,2.25,1500,excursion_floor,False,0,,,,,,,,
full_2021-01-01,2.25,1500,closed_peak_dd,True,0,RR2.25:1-2:102:369,1-2,2021-05-13T01:13:40,2021-05-13T10:49:20,1429.85,1350.8,realized_drawdown,2021-05-13T10:49:20
full_2021-01-01,2.25,6800,closed_floor,False,0,,,,,,,,
full_2021-01-01,2.25,6800,excursion_floor,False,0,,,,,,,,
full_2021-01-01,2.25,6800,closed_peak_dd,False,0,,,,,,,,
full_2021-01-01,2.50,1500,closed_floor,False,0,,,,,,,,
full_2021-01-01,2.50,1500,excursion_floor,False,0,,,,,,,,
full_2021-01-01,2.50,1500,closed_peak_dd,True,0,RR2.50:1-2:102:369,1-2,2021-05-13T01:13:40,2021-05-13T10:49:20,1039.25,960.2,realized_drawdown,2021-05-13T10:49:20
full_2021-01-01,2.50,6800,closed_floor,False,0,,,,,,,,
full_2021-01-01,2.50,6800,excursion_floor,False,0,,,,,,,,
full_2021-01-01,2.50,6800,closed_peak_dd,False,0,,,,,,,,
full_2021-01-01,2.75,1500,closed_floor,False,0,,,,,,,,
full_2021-01-01,2.75,1500,excursion_floor,False,0,,,,,,,,
full_2021-01-01,2.75,1500,closed_peak_dd,True,0,RR2.75:6-7:97:387,6-7,2021-02-26T06:02:40,2021-02-26T06:10:40,-149.55,-217.1,realized_drawdown,2021-02-26T06:10:40
full_2021-01-01,2.75,6800,closed_floor,False,0,,,,,,,,
full_2021-01-01,2.75,6800,excursion_floor,False,0,,,,,,,,
full_2021-01-01,2.75,6800,closed_peak_dd,False,0,,,,,,,,
full_2021-01-01,3.00,1500,closed_floor,False,0,,,,,,,,
full_2021-01-01,3.00,1500,excursion_floor,False,0,,,,,,,,
full_2021-01-01,3.00,1500,closed_peak_dd,True,0,RR3.00:20-21:93:335,20-21,2021-02-25T20:20:40,2021-02-25T22:15:40,-224.25,-481.3,realized_drawdown,2021-02-25T22:15:40
full_2021-01-01,3.00,6800,closed_floor,False,0,,,,,,,,
full_2021-01-01,3.00,6800,excursion_floor,False,0,,,,,,,,
full_2021-01-01,3.00,6800,closed_peak_dd,False,0,,,,,,,,
full_2021-01-01,3.25,1500,closed_floor,False,0,,,,,,,,
full_2021-01-01,3.25,1500,excursion_floor,False,0,,,,,,,,
full_2021-01-01,3.25,1500,closed_peak_dd,True,0,RR3.25:20-21:93:334,20-21,2021-02-25T20:20:40,2021-02-25T22:15:40,-342.7,-599.75,realized_drawdown,2021-02-25T22:15:40
full_2021-01-01,3.25,6800,closed_floor,False,0,,,,,,,,
full_2021-01-01,3.25,6800,excursion_floor,False,0,,,,,,,,
full_2021-01-01,3.25,6800,closed_peak_dd,False,0,,,,,,,,
full_2021-01-01,3.50,1500,closed_floor,False,0,,,,,,,,
full_2021-01-01,3.50,1500,excursion_floor,False,0,,,,,,,,
full_2021-01-01,3.50,1500,closed_peak_dd,True,0,RR3.50:20-21:93:334,20-21,2021-02-25T20:20:40,2021-02-25T22:15:40,-1.65,-258.7,realized_drawdown,2021-02-25T22:15:40
full_2021-01-01,3.50,6800,closed_floor,False,0,,,,,,,,
full_2021-01-01,3.50,6800,excursion_floor,False,0,,,,,,,,
full_2021-01-01,3.50,6800,closed_peak_dd,False,0,,,,,,,,
full_2022-01-01,0.50,1500,closed_floor,False,0,,,,,,,,
full_2022-01-01,0.50,1500,excursion_floor,False,0,,,,,,,,
full_2022-01-01,0.50,1500,closed_peak_dd,True,0,RR0.50:16-17:341:936,16-17,2022-05-11T16:51:40,2022-05-11T20:05:40,3078.55,2340.5,realized_drawdown,2022-05-11T20:05:40
full_2022-01-01,0.50,6800,closed_floor,False,0,,,,,,,,
full_2022-01-01,0.50,6800,excursion_floor,False,0,,,,,,,,
full_2022-01-01,0.50,6800,closed_peak_dd,False,0,,,,,,,,
full_2022-01-01,0.75,1500,closed_floor,False,0,,,,,,,,
full_2022-01-01,0.75,1500,excursion_floor,False,0,,,,,,,,
full_2022-01-01,0.75,1500,closed_peak_dd,True,0,RR0.75:18-19:161:724,18-19,2022-05-09T18:42:40,2022-05-09T20:34:40,2913.05,2781.0,realized_drawdown,2022-05-09T20:34:40
full_2022-01-01,0.75,6800,closed_floor,False,0,,,,,,,,
full_2022-01-01,0.75,6800,excursion_floor,False,0,,,,,,,,
full_2022-01-01,0.75,6800,closed_peak_dd,False,0,,,,,,,,
full_2022-01-01,1.00,1500,closed_floor,False,0,,,,,,,,
full_2022-01-01,1.00,1500,excursion_floor,False,0,,,,,,,,
full_2022-01-01,1.00,1500,closed_peak_dd,True,0,RR1.00:20-21:183:673,20-21,2022-03-14T20:38:20,2022-03-14T21:34:20,1343.7,1216.15,realized_drawdown,2022-03-14T21:34:20
full_2022-01-01,1.00,6800,closed_floor,False,0,,,,,,,,
full_2022-01-01,1.00,6800,excursion_floor,False,0,,,,,,,,
full_2022-01-01,1.00,6800,closed_peak_dd,False,0,,,,,,,,
full_2022-01-01,1.25,1500,closed_floor,True,0,RR1.25:16-17:357:986,16-17,2022-06-17T16:31:40,2022-06-17T17:33:40,-1447.9,-1593.95,close,2022-06-17T17:33:40
full_2022-01-01,1.25,1500,excursion_floor,True,0,RR1.25:16-17:357:986,16-17,2022-06-17T16:31:40,2022-06-17T17:33:40,-1447.9,-1593.95,mae,2022-06-17T16:31:40
full_2022-01-01,1.25,1500,closed_peak_dd,True,0,RR1.25:22-23:175:654,22-23,2022-01-21T22:40:40,2022-01-21T22:54:40,-922.3,-1106.35,realized_drawdown,2022-01-21T22:54:40
full_2022-01-01,1.25,6800,closed_floor,False,0,,,,,,,,
full_2022-01-01,1.25,6800,excursion_floor,False,0,,,,,,,,
full_2022-01-01,1.25,6800,closed_peak_dd,False,0,,,,,,,,
full_2022-01-01,1.50,1500,closed_floor,False,0,,,,,,,,
full_2022-01-01,1.50,1500,excursion_floor,False,0,,,,,,,,
full_2022-01-01,1.50,1500,closed_peak_dd,True,0,RR1.50:17-18:136:667,17-18,2022-03-08T17:54:40,2022-03-08T18:32:40,1953.4,1652.35,realized_drawdown,2022-03-08T18:32:40
full_2022-01-01,1.50,6800,closed_floor,False,0,,,,,,,,
full_2022-01-01,1.50,6800,excursion_floor,False,0,,,,,,,,
full_2022-01-01,1.50,6800,closed_peak_dd,False,0,,,,,,,,
full_2022-01-01,1.75,1500,closed_floor,False,0,,,,,,,,
full_2022-01-01,1.75,1500,excursion_floor,False,0,,,,,,,,
full_2022-01-01,1.75,1500,closed_peak_dd,True,0,RR1.75:17-18:136:667,17-18,2022-03-08T17:54:40,2022-03-08T18:32:40,2404.05,2103.0,realized_drawdown,2022-03-08T18:32:40
full_2022-01-01,1.75,6800,closed_floor,False,0,,,,,,,,
full_2022-01-01,1.75,6800,excursion_floor,False,0,,,,,,,,
full_2022-01-01,1.75,6800,closed_peak_dd,True,0,RR1.75:9-10:559:2066,9-10,2026-03-26T09:55:40,2026-03-26T10:06:40,22346.9,22257.85,realized_drawdown,2026-03-26T10:06:40
full_2022-01-01,2.00,1500,closed_floor,False,0,,,,,,,,
full_2022-01-01,2.00,1500,excursion_floor,False,0,,,,,,,,
full_2022-01-01,2.00,1500,closed_peak_dd,True,0,RR2.00:17-18:136:667,17-18,2022-03-08T17:54:40,2022-03-08T18:32:40,2114.4,1813.35,realized_drawdown,2022-03-08T18:32:40
full_2022-01-01,2.00,6800,closed_floor,False,0,,,,,,,,
full_2022-01-01,2.00,6800,excursion_floor,False,0,,,,,,,,
full_2022-01-01,2.00,6800,closed_peak_dd,False,0,,,,,,,,
full_2022-01-01,2.25,1500,closed_floor,True,0,RR2.25:16-17:357:986,16-17,2022-06-17T16:31:40,2022-06-17T17:33:40,-1410.95,-1557.0,close,2022-06-17T17:33:40
full_2022-01-01,2.25,1500,excursion_floor,True,0,RR2.25:16-17:357:986,16-17,2022-06-17T16:31:40,2022-06-17T17:33:40,-1410.95,-1557.0,mae,2022-06-17T16:31:40
full_2022-01-01,2.25,1500,closed_peak_dd,True,0,RR2.25:10-11:188:709,10-11,2022-03-08T10:05:40,2022-03-08T17:07:40,1148.95,1013.9,realized_drawdown,2022-03-08T17:07:40
full_2022-01-01,2.25,6800,closed_floor,False,0,,,,,,,,
full_2022-01-01,2.25,6800,excursion_floor,False,0,,,,,,,,
full_2022-01-01,2.25,6800,closed_peak_dd,False,0,,,,,,,,
full_2022-01-01,2.50,1500,closed_floor,False,0,,,,,,,,
full_2022-01-01,2.50,1500,excursion_floor,True,0,RR2.50:18-19:138:610,18-19,2022-01-10T18:11:40,2022-01-10T23:00:00,-1435.75,-719.3,mae,2022-01-10T18:11:40
full_2022-01-01,2.50,1500,closed_peak_dd,True,0,RR2.50:14-15:185:711,14-15,2022-03-04T14:46:40,2022-03-04T16:46:40,1789.15,1652.6,realized_drawdown,2022-03-04T16:46:40
full_2022-01-01,2.50,6800,closed_floor,False,0,,,,,,,,
full_2022-01-01,2.50,6800,excursion_floor,False,0,,,,,,,,
full_2022-01-01,2.50,6800,closed_peak_dd,False,0,,,,,,,,
full_2022-01-01,2.75,1500,closed_floor,False,0,,,,,,,,
full_2022-01-01,2.75,1500,excursion_floor,True,0,RR2.75:18-19:138:610,18-19,2022-01-10T18:11:40,2022-01-10T23:00:00,-1428.75,-712.3,mae,2022-01-10T18:11:40
full_2022-01-01,2.75,1500,closed_peak_dd,True,0,RR2.75:14-15:185:711,14-15,2022-03-04T14:46:40,2022-03-04T16:46:40,1864.85,1728.3,realized_drawdown,2022-03-04T16:46:40
full_2022-01-01,2.75,6800,closed_floor,False,0,,,,,,,,
full_2022-01-01,2.75,6800,excursion_floor,False,0,,,,,,,,
full_2022-01-01,2.75,6800,closed_peak_dd,False,0,,,,,,,,
full_2022-01-01,3.00,1500,closed_floor,False,0,,,,,,,,
full_2022-01-01,3.00,1500,excursion_floor,False,0,,,,,,,,
full_2022-01-01,3.00,1500,closed_peak_dd,True,0,RR3.00:14-15:185:711,14-15,2022-03-04T14:46:40,2022-03-04T16:46:40,2558.4,2421.85,realized_drawdown,2022-03-04T16:46:40
full_2022-01-01,3.00,6800,closed_floor,False,0,,,,,,,,
full_2022-01-01,3.00,6800,excursion_floor,False,0,,,,,,,,
full_2022-01-01,3.00,6800,closed_peak_dd,False,0,,,,,,,,
full_2022-01-01,3.25,1500,closed_floor,False,0,,,,,,,,
full_2022-01-01,3.25,1500,excursion_floor,True,0,RR3.25:18-19:138:610,18-19,2022-01-10T18:11:40,2022-01-10T23:00:00,-1485.2,-768.75,mae,2022-01-10T18:11:40
full_2022-01-01,3.25,1500,closed_peak_dd,True,0,RR3.25:14-15:185:711,14-15,2022-03-04T14:46:40,2022-03-04T16:46:40,2904.6,2768.05,realized_drawdown,2022-03-04T16:46:40
full_2022-01-01,3.25,6800,closed_floor,False,0,,,,,,,,
full_2022-01-01,3.25,6800,excursion_floor,False,0,,,,,,,,
full_2022-01-01,3.25,6800,closed_peak_dd,False,0,,,,,,,,
full_2022-01-01,3.50,1500,closed_floor,False,0,,,,,,,,
full_2022-01-01,3.50,1500,excursion_floor,True,0,RR3.50:18-19:138:610,18-19,2022-01-10T18:11:40,2022-01-10T23:00:00,-1485.2,-768.75,mae,2022-01-10T18:11:40
full_2022-01-01,3.50,1500,closed_peak_dd,True,0,RR3.50:14-15:185:711,14-15,2022-03-04T14:46:40,2022-03-04T16:46:40,3485.25,3348.7,realized_drawdown,2022-03-04T16:46:40
full_2022-01-01,3.50,6800,closed_floor,False,0,,,,,,,,
full_2022-01-01,3.50,6800,excursion_floor,False,0,,,,,,,,
full_2022-01-01,3.50,6800,closed_peak_dd,False,0,,,,,,,,
full_2023-01-01,0.50,1500,closed_floor,False,0,,,,,,,,
full_2023-01-01,0.50,1500,excursion_floor,False,0,,,,,,,,
full_2023-01-01,0.50,1500,closed_peak_dd,True,0,RR0.50:18-19:275:1191,18-19,2023-10-18T18:26:20,2023-10-18T19:49:40,-266.2,-397.25,realized_drawdown,2023-10-18T19:49:40
full_2023-01-01,0.50,6800,closed_floor,False,0,,,,,,,,
full_2023-01-01,0.50,6800,excursion_floor,False,0,,,,,,,,
full_2023-01-01,0.50,6800,closed_peak_dd,False,0,,,,,,,,
full_2023-01-01,0.75,1500,closed_floor,False,0,,,,,,,,
full_2023-01-01,0.75,1500,excursion_floor,False,0,,,,,,,,
full_2023-01-01,0.75,1500,closed_peak_dd,True,0,RR0.75:17-18:220:1141,17-18,2023-10-25T17:39:40,2023-10-25T18:42:40,1158.25,1047.2,realized_drawdown,2023-10-25T18:42:40
full_2023-01-01,0.75,6800,closed_floor,False,0,,,,,,,,
full_2023-01-01,0.75,6800,excursion_floor,False,0,,,,,,,,
full_2023-01-01,0.75,6800,closed_peak_dd,False,0,,,,,,,,
full_2023-01-01,1.00,1500,closed_floor,False,0,,,,,,,,
full_2023-01-01,1.00,1500,excursion_floor,False,0,,,,,,,,
full_2023-01-01,1.00,1500,closed_peak_dd,True,0,RR1.00:17-18:220:1141,17-18,2023-10-25T17:39:40,2023-10-25T18:42:40,2849.6,2738.55,realized_drawdown,2023-10-25T18:42:40
full_2023-01-01,1.00,6800,closed_floor,False,0,,,,,,,,
full_2023-01-01,1.00,6800,excursion_floor,False,0,,,,,,,,
full_2023-01-01,1.00,6800,closed_peak_dd,False,0,,,,,,,,
full_2023-01-01,1.25,1500,closed_floor,False,0,,,,,,,,
full_2023-01-01,1.25,1500,excursion_floor,False,0,,,,,,,,
full_2023-01-01,1.25,1500,closed_peak_dd,True,0,RR1.25:18-19:277:1196,18-19,2023-10-20T18:55:40,2023-10-20T22:45:40,2958.35,2842.8,realized_drawdown,2023-10-20T22:45:40
full_2023-01-01,1.25,6800,closed_floor,False,0,,,,,,,,
full_2023-01-01,1.25,6800,excursion_floor,False,0,,,,,,,,
full_2023-01-01,1.25,6800,closed_peak_dd,False,0,,,,,,,,
full_2023-01-01,1.50,1500,closed_floor,False,0,,,,,,,,
full_2023-01-01,1.50,1500,excursion_floor,False,0,,,,,,,,
full_2023-01-01,1.50,1500,closed_peak_dd,True,0,RR1.50:9-10:332:1275,9-10,2023-10-19T09:17:40,2023-10-19T10:45:40,2255.95,2207.9,realized_drawdown,2023-10-19T10:45:40
full_2023-01-01,1.50,6800,closed_floor,False,0,,,,,,,,
full_2023-01-01,1.50,6800,excursion_floor,False,0,,,,,,,,
full_2023-01-01,1.50,6800,closed_peak_dd,False,0,,,,,,,,
full_2023-01-01,1.75,1500,closed_floor,False,0,,,,,,,,
full_2023-01-01,1.75,1500,excursion_floor,False,0,,,,,,,,
full_2023-01-01,1.75,1500,closed_peak_dd,True,0,RR1.75:7-8:369:1317,7-8,2023-10-04T07:20:40,2023-10-04T08:53:40,3081.25,3017.2,realized_drawdown,2023-10-04T08:53:40
full_2023-01-01,1.75,6800,closed_floor,False,0,,,,,,,,
full_2023-01-01,1.75,6800,excursion_floor,False,0,,,,,,,,
full_2023-01-01,1.75,6800,closed_peak_dd,True,0,RR1.75:9-10:559:2066,9-10,2026-03-26T09:55:40,2026-03-26T10:06:40,21297.6,21208.55,realized_drawdown,2026-03-26T10:06:40
full_2023-01-01,2.00,1500,closed_floor,False,0,,,,,,,,
full_2023-01-01,2.00,1500,excursion_floor,False,0,,,,,,,,
full_2023-01-01,2.00,1500,closed_peak_dd,True,0,RR2.00:7-8:369:1317,7-8,2023-10-04T07:20:40,2023-10-04T08:53:40,3289.15,3225.1,realized_drawdown,2023-10-04T08:53:40
full_2023-01-01,2.00,6800,closed_floor,False,0,,,,,,,,
full_2023-01-01,2.00,6800,excursion_floor,False,0,,,,,,,,
full_2023-01-01,2.00,6800,closed_peak_dd,False,0,,,,,,,,
full_2023-01-01,2.25,1500,closed_floor,False,0,,,,,,,,
full_2023-01-01,2.25,1500,excursion_floor,False,0,,,,,,,,
full_2023-01-01,2.25,1500,closed_peak_dd,True,0,RR2.25:22-23:309:1182,22-23,2023-10-23T22:05:20,2023-10-23T22:12:40,4289.65,4211.1,realized_drawdown,2023-10-23T22:12:40
full_2023-01-01,2.25,6800,closed_floor,False,0,,,,,,,,
full_2023-01-01,2.25,6800,excursion_floor,False,0,,,,,,,,
full_2023-01-01,2.25,6800,closed_peak_dd,False,0,,,,,,,,
full_2023-01-01,2.50,1500,closed_floor,False,0,,,,,,,,
full_2023-01-01,2.50,1500,excursion_floor,False,0,,,,,,,,
full_2023-01-01,2.50,1500,closed_peak_dd,True,0,RR2.50:4-5:334:1299,4-5,2023-10-24T04:02:40,2023-10-24T04:33:40,4360.45,4316.9,realized_drawdown,2023-10-24T04:33:40
full_2023-01-01,2.50,6800,closed_floor,False,0,,,,,,,,
full_2023-01-01,2.50,6800,excursion_floor,False,0,,,,,,,,
full_2023-01-01,2.50,6800,closed_peak_dd,False,0,,,,,,,,
full_2023-01-01,2.75,1500,closed_floor,False,0,,,,,,,,
full_2023-01-01,2.75,1500,excursion_floor,False,0,,,,,,,,
full_2023-01-01,2.75,1500,closed_peak_dd,True,0,RR2.75:16-17:537:1514,16-17,2023-10-23T16:30:40,2023-10-23T16:33:40,4972.0,4908.95,realized_drawdown,2023-10-23T16:33:40
full_2023-01-01,2.75,6800,closed_floor,False,0,,,,,,,,
full_2023-01-01,2.75,6800,excursion_floor,False,0,,,,,,,,
full_2023-01-01,2.75,6800,closed_peak_dd,False,0,,,,,,,,
full_2023-01-01,3.00,1500,closed_floor,False,0,,,,,,,,
full_2023-01-01,3.00,1500,excursion_floor,False,0,,,,,,,,
full_2023-01-01,3.00,1500,closed_peak_dd,True,0,RR3.00:22-23:309:1182,22-23,2023-10-23T22:05:20,2023-10-23T22:12:40,4731.45,4652.9,realized_drawdown,2023-10-23T22:12:40
full_2023-01-01,3.00,6800,closed_floor,False,0,,,,,,,,
full_2023-01-01,3.00,6800,excursion_floor,False,0,,,,,,,,
full_2023-01-01,3.00,6800,closed_peak_dd,False,0,,,,,,,,
full_2023-01-01,3.25,1500,closed_floor,False,0,,,,,,,,
full_2023-01-01,3.25,1500,excursion_floor,False,0,,,,,,,,
full_2023-01-01,3.25,1500,closed_peak_dd,True,0,RR3.25:22-23:309:1182,22-23,2023-10-23T22:05:20,2023-10-23T22:12:40,4058.5,3979.95,realized_drawdown,2023-10-23T22:12:40
full_2023-01-01,3.25,6800,closed_floor,False,0,,,,,,,,
full_2023-01-01,3.25,6800,excursion_floor,False,0,,,,,,,,
full_2023-01-01,3.25,6800,closed_peak_dd,False,0,,,,,,,,
full_2023-01-01,3.50,1500,closed_floor,False,0,,,,,,,,
full_2023-01-01,3.50,1500,excursion_floor,False,0,,,,,,,,
full_2023-01-01,3.50,1500,closed_peak_dd,True,0,RR3.50:18-19:276:1194,18-19,2023-10-20T18:55:40,2023-10-20T22:45:40,3641.0,3525.45,realized_drawdown,2023-10-20T22:45:40
full_2023-01-01,3.50,6800,closed_floor,False,0,,,,,,,,
full_2023-01-01,3.50,6800,excursion_floor,False,0,,,,,,,,
full_2023-01-01,3.50,6800,closed_peak_dd,False,0,,,,,,,,
full_2024-01-01,0.50,1500,closed_floor,False,0,,,,,,,,
full_2024-01-01,0.50,1500,excursion_floor,False,0,,,,,,,,
full_2024-01-01,0.50,1500,closed_peak_dd,True,0,RR0.50:22-23:353:1343,22-23,2024-04-18T22:02:40,2024-04-18T23:00:20,1246.2,1161.15,realized_drawdown,2024-04-18T23:00:20
full_2024-01-01,0.50,6800,closed_floor,False,0,,,,,,,,
full_2024-01-01,0.50,6800,excursion_floor,False,0,,,,,,,,
full_2024-01-01,0.50,6800,closed_peak_dd,False,0,,,,,,,,
full_2024-01-01,0.75,1500,closed_floor,False,0,,,,,,,,
full_2024-01-01,0.75,1500,excursion_floor,False,0,,,,,,,,
full_2024-01-01,0.75,1500,closed_peak_dd,True,0,RR0.75:22-23:353:1343,22-23,2024-04-18T22:02:40,2024-04-18T23:00:20,1341.45,1256.4,realized_drawdown,2024-04-18T23:00:20
full_2024-01-01,0.75,6800,closed_floor,False,0,,,,,,,,
full_2024-01-01,0.75,6800,excursion_floor,False,0,,,,,,,,
full_2024-01-01,0.75,6800,closed_peak_dd,False,0,,,,,,,,
full_2024-01-01,1.00,1500,closed_floor,False,0,,,,,,,,
full_2024-01-01,1.00,1500,excursion_floor,False,0,,,,,,,,
full_2024-01-01,1.00,1500,closed_peak_dd,True,0,RR1.00:9-10:398:1505,9-10,2024-07-25T09:41:40,2024-07-25T10:03:40,5233.55,5187.0,realized_drawdown,2024-07-25T10:03:40
full_2024-01-01,1.00,6800,closed_floor,False,0,,,,,,,,
full_2024-01-01,1.00,6800,excursion_floor,False,0,,,,,,,,
full_2024-01-01,1.00,6800,closed_peak_dd,False,0,,,,,,,,
full_2024-01-01,1.25,1500,closed_floor,False,0,,,,,,,,
full_2024-01-01,1.25,1500,excursion_floor,False,0,,,,,,,,
full_2024-01-01,1.25,1500,closed_peak_dd,True,0,RR1.25:16-17:634:1805,16-17,2024-07-24T16:22:40,2024-07-24T16:33:40,6141.5,6055.45,realized_drawdown,2024-07-24T16:33:40
full_2024-01-01,1.25,6800,closed_floor,False,0,,,,,,,,
full_2024-01-01,1.25,6800,excursion_floor,False,0,,,,,,,,
full_2024-01-01,1.25,6800,closed_peak_dd,False,0,,,,,,,,
full_2024-01-01,1.50,1500,closed_floor,False,0,,,,,,,,
full_2024-01-01,1.50,1500,excursion_floor,False,0,,,,,,,,
full_2024-01-01,1.50,1500,closed_peak_dd,True,0,RR1.50:10-11:427:1567,10-11,2024-07-24T10:22:40,2024-07-24T11:14:40,5570.0,5499.45,realized_drawdown,2024-07-24T11:14:40
full_2024-01-01,1.50,6800,closed_floor,False,0,,,,,,,,
full_2024-01-01,1.50,6800,excursion_floor,False,0,,,,,,,,
full_2024-01-01,1.50,6800,closed_peak_dd,False,0,,,,,,,,
full_2024-01-01,1.75,1500,closed_floor,False,0,,,,,,,,
full_2024-01-01,1.75,1500,excursion_floor,False,0,,,,,,,,
full_2024-01-01,1.75,1500,closed_peak_dd,True,0,RR1.75:23-24:80:627,23-24,2024-07-23T23:02:20,2024-07-23T23:03:40,5674.65,5506.1,realized_drawdown,2024-07-23T23:03:40
full_2024-01-01,1.75,6800,closed_floor,False,0,,,,,,,,
full_2024-01-01,1.75,6800,excursion_floor,False,0,,,,,,,,
full_2024-01-01,1.75,6800,closed_peak_dd,True,0,RR1.75:9-10:559:2066,9-10,2026-03-26T09:55:40,2026-03-26T10:06:40,17953.1,17864.05,realized_drawdown,2026-03-26T10:06:40
full_2024-01-01,2.00,1500,closed_floor,False,0,,,,,,,,
full_2024-01-01,2.00,1500,excursion_floor,False,0,,,,,,,,
full_2024-01-01,2.00,1500,closed_peak_dd,True,0,RR2.00:1-2:308:1249,1-2,2024-04-19T01:00:40,2024-04-19T02:17:40,1632.8,1586.75,realized_drawdown,2024-04-19T02:17:40
full_2024-01-01,2.00,6800,closed_floor,False,0,,,,,,,,
full_2024-01-01,2.00,6800,excursion_floor,False,0,,,,,,,,
full_2024-01-01,2.00,6800,closed_peak_dd,False,0,,,,,,,,
full_2024-01-01,2.25,1500,closed_floor,False,0,,,,,,,,
full_2024-01-01,2.25,1500,excursion_floor,False,0,,,,,,,,
full_2024-01-01,2.25,1500,closed_peak_dd,True,0,RR2.25:21-22:378:1366,21-22,2024-04-18T21:23:40,2024-04-18T21:33:40,1040.05,925.5,realized_drawdown,2024-04-18T21:33:40
full_2024-01-01,2.25,6800,closed_floor,False,0,,,,,,,,
full_2024-01-01,2.25,6800,excursion_floor,False,0,,,,,,,,
full_2024-01-01,2.25,6800,closed_peak_dd,False,0,,,,,,,,
full_2024-01-01,2.50,1500,closed_floor,False,0,,,,,,,,
full_2024-01-01,2.50,1500,excursion_floor,False,0,,,,,,,,
full_2024-01-01,2.50,1500,closed_peak_dd,True,0,RR2.50:22-23:353:1343,22-23,2024-04-18T22:02:40,2024-04-18T23:00:20,782.8,697.75,realized_drawdown,2024-04-18T23:00:20
full_2024-01-01,2.50,6800,closed_floor,False,0,,,,,,,,
full_2024-01-01,2.50,6800,excursion_floor,False,0,,,,,,,,
full_2024-01-01,2.50,6800,closed_peak_dd,False,0,,,,,,,,
full_2024-01-01,2.75,1500,closed_floor,False,0,,,,,,,,
full_2024-01-01,2.75,1500,excursion_floor,False,0,,,,,,,,
full_2024-01-01,2.75,1500,closed_peak_dd,True,0,RR2.75:22-23:353:1343,22-23,2024-04-18T22:02:40,2024-04-18T23:00:20,1035.55,950.5,realized_drawdown,2024-04-18T23:00:20
full_2024-01-01,2.75,6800,closed_floor,False,0,,,,,,,,
full_2024-01-01,2.75,6800,excursion_floor,False,0,,,,,,,,
full_2024-01-01,2.75,6800,closed_peak_dd,False,0,,,,,,,,
full_2024-01-01,3.00,1500,closed_floor,False,0,,,,,,,,
full_2024-01-01,3.00,1500,excursion_floor,False,0,,,,,,,,
full_2024-01-01,3.00,1500,closed_peak_dd,True,0,RR3.00:21-22:378:1366,21-22,2024-04-18T21:23:40,2024-04-18T21:33:40,1183.3,1068.75,realized_drawdown,2024-04-18T21:33:40
full_2024-01-01,3.00,6800,closed_floor,False,0,,,,,,,,
full_2024-01-01,3.00,6800,excursion_floor,False,0,,,,,,,,
full_2024-01-01,3.00,6800,closed_peak_dd,False,0,,,,,,,,
full_2024-01-01,3.25,1500,closed_floor,False,0,,,,,,,,
full_2024-01-01,3.25,1500,excursion_floor,False,0,,,,,,,,
full_2024-01-01,3.25,1500,closed_peak_dd,True,0,RR3.25:21-22:378:1366,21-22,2024-04-18T21:23:40,2024-04-18T21:33:40,1514.95,1400.4,realized_drawdown,2024-04-18T21:33:40
full_2024-01-01,3.25,6800,closed_floor,False,0,,,,,,,,
full_2024-01-01,3.25,6800,excursion_floor,False,0,,,,,,,,
full_2024-01-01,3.25,6800,closed_peak_dd,False,0,,,,,,,,
full_2024-01-01,3.50,1500,closed_floor,False,0,,,,,,,,
full_2024-01-01,3.50,1500,excursion_floor,False,0,,,,,,,,
full_2024-01-01,3.50,1500,closed_peak_dd,True,0,RR3.50:22-23:353:1340,22-23,2024-04-18T22:02:40,2024-04-18T23:00:20,959.3,874.25,realized_drawdown,2024-04-18T23:00:20
full_2024-01-01,3.50,6800,closed_floor,False,0,,,,,,,,
full_2024-01-01,3.50,6800,excursion_floor,False,0,,,,,,,,
full_2024-01-01,3.50,6800,closed_peak_dd,False,0,,,,,,,,
full_2025-01-01,0.50,1500,closed_floor,False,0,,,,,,,,
full_2025-01-01,0.50,1500,excursion_floor,False,0,,,,,,,,
full_2025-01-01,0.50,1500,closed_peak_dd,True,0,RR0.50:15-16:570:1863,15-16,2025-03-04T15:36:40,2025-03-04T16:32:40,1424.7,1282.15,realized_drawdown,2025-03-04T16:32:40
full_2025-01-01,0.50,6800,closed_floor,False,0,,,,,,,,
full_2025-01-01,0.50,6800,excursion_floor,False,0,,,,,,,,
full_2025-01-01,0.50,6800,closed_peak_dd,False,0,,,,,,,,
full_2025-01-01,0.75,1500,closed_floor,False,0,,,,,,,,
full_2025-01-01,0.75,1500,excursion_floor,False,0,,,,,,,,
full_2025-01-01,0.75,1500,closed_peak_dd,True,0,RR0.75:15-16:570:1863,15-16,2025-03-04T15:36:40,2025-03-04T16:32:40,1325.15,1182.6,realized_drawdown,2025-03-04T16:32:40
full_2025-01-01,0.75,6800,closed_floor,False,0,,,,,,,,
full_2025-01-01,0.75,6800,excursion_floor,False,0,,,,,,,,
full_2025-01-01,0.75,6800,closed_peak_dd,False,0,,,,,,,,
full_2025-01-01,1.00,1500,closed_floor,False,0,,,,,,,,
full_2025-01-01,1.00,1500,excursion_floor,False,0,,,,,,,,
full_2025-01-01,1.00,1500,closed_peak_dd,True,0,RR1.00:17-18:313:1581,17-18,2025-03-06T17:03:40,2025-03-06T19:03:40,2072.95,1840.4,realized_drawdown,2025-03-06T19:03:40
full_2025-01-01,1.00,6800,closed_floor,False,0,,,,,,,,
full_2025-01-01,1.00,6800,excursion_floor,False,0,,,,,,,,
full_2025-01-01,1.00,6800,closed_peak_dd,False,0,,,,,,,,
full_2025-01-01,1.25,1500,closed_floor,False,0,,,,,,,,
full_2025-01-01,1.25,1500,excursion_floor,False,0,,,,,,,,
full_2025-01-01,1.25,1500,closed_peak_dd,True,0,RR1.25:15-16:571:1868,15-16,2025-03-06T15:36:40,2025-03-06T16:30:40,2104.8,1953.25,realized_drawdown,2025-03-06T16:30:40
full_2025-01-01,1.25,6800,closed_floor,False,0,,,,,,,,
full_2025-01-01,1.25,6800,excursion_floor,False,0,,,,,,,,
full_2025-01-01,1.25,6800,closed_peak_dd,False,0,,,,,,,,
full_2025-01-01,1.50,1500,closed_floor,False,0,,,,,,,,
full_2025-01-01,1.50,1500,excursion_floor,False,0,,,,,,,,
full_2025-01-01,1.50,1500,closed_peak_dd,True,0,RR1.50:15-16:570:1863,15-16,2025-03-04T15:36:40,2025-03-04T16:32:40,2165.55,2023.0,realized_drawdown,2025-03-04T16:32:40
full_2025-01-01,1.50,6800,closed_floor,False,0,,,,,,,,
full_2025-01-01,1.50,6800,excursion_floor,False,0,,,,,,,,
full_2025-01-01,1.50,6800,closed_peak_dd,False,0,,,,,,,,
full_2025-01-01,1.75,1500,closed_floor,False,0,,,,,,,,
full_2025-01-01,1.75,1500,excursion_floor,False,0,,,,,,,,
full_2025-01-01,1.75,1500,closed_peak_dd,True,0,RR1.75:15-16:570:1863,15-16,2025-03-04T15:36:40,2025-03-04T16:32:40,1846.2,1703.65,realized_drawdown,2025-03-04T16:32:40
full_2025-01-01,1.75,6800,closed_floor,False,0,,,,,,,,
full_2025-01-01,1.75,6800,excursion_floor,False,0,,,,,,,,
full_2025-01-01,1.75,6800,closed_peak_dd,True,0,RR1.75:9-10:559:2066,9-10,2026-03-26T09:55:40,2026-03-26T10:06:40,8248.4,8159.35,realized_drawdown,2026-03-26T10:06:40
full_2025-01-01,2.00,1500,closed_floor,False,0,,,,,,,,
full_2025-01-01,2.00,1500,excursion_floor,False,0,,,,,,,,
full_2025-01-01,2.00,1500,closed_peak_dd,True,0,RR2.00:20-21:404:1545,20-21,2025-02-27T20:12:40,2025-02-27T21:14:40,1484.2,1310.65,realized_drawdown,2025-02-27T21:14:40
full_2025-01-01,2.00,6800,closed_floor,False,0,,,,,,,,
full_2025-01-01,2.00,6800,excursion_floor,False,0,,,,,,,,
full_2025-01-01,2.00,6800,closed_peak_dd,False,0,,,,,,,,
full_2025-01-01,2.25,1500,closed_floor,False,0,,,,,,,,
full_2025-01-01,2.25,1500,excursion_floor,False,0,,,,,,,,
full_2025-01-01,2.25,1500,closed_peak_dd,True,0,RR2.25:20-21:404:1545,20-21,2025-02-27T20:12:40,2025-02-27T21:14:40,1337.1,1163.55,realized_drawdown,2025-02-27T21:14:40
full_2025-01-01,2.25,6800,closed_floor,False,0,,,,,,,,
full_2025-01-01,2.25,6800,excursion_floor,False,0,,,,,,,,
full_2025-01-01,2.25,6800,closed_peak_dd,False,0,,,,,,,,
full_2025-01-01,2.50,1500,closed_floor,False,0,,,,,,,,
full_2025-01-01,2.50,1500,excursion_floor,False,0,,,,,,,,
full_2025-01-01,2.50,1500,closed_peak_dd,True,0,RR2.50:3-4:466:1729,3-4,2025-02-28T03:21:40,2025-02-28T03:30:40,1570.5,1473.45,realized_drawdown,2025-02-28T03:30:40
full_2025-01-01,2.50,6800,closed_floor,False,0,,,,,,,,
full_2025-01-01,2.50,6800,excursion_floor,False,0,,,,,,,,
full_2025-01-01,2.50,6800,closed_peak_dd,False,0,,,,,,,,
full_2025-01-01,2.75,1500,closed_floor,False,0,,,,,,,,
full_2025-01-01,2.75,1500,excursion_floor,False,0,,,,,,,,
full_2025-01-01,2.75,1500,closed_peak_dd,True,0,RR2.75:3-4:466:1729,3-4,2025-02-28T03:21:40,2025-02-28T03:30:40,1470.75,1373.7,realized_drawdown,2025-02-28T03:30:40
full_2025-01-01,2.75,6800,closed_floor,False,0,,,,,,,,
full_2025-01-01,2.75,6800,excursion_floor,False,0,,,,,,,,
full_2025-01-01,2.75,6800,closed_peak_dd,False,0,,,,,,,,
full_2025-01-01,3.00,1500,closed_floor,False,0,,,,,,,,
full_2025-01-01,3.00,1500,excursion_floor,False,0,,,,,,,,
full_2025-01-01,3.00,1500,closed_peak_dd,True,0,RR3.00:6-7:445:1705,6-7,2025-02-28T06:08:20,2025-02-28T16:31:40,1643.4,1525.35,realized_drawdown,2025-02-28T16:31:40
full_2025-01-01,3.00,6800,closed_floor,False,0,,,,,,,,
full_2025-01-01,3.00,6800,excursion_floor,False,0,,,,,,,,
full_2025-01-01,3.00,6800,closed_peak_dd,False,0,,,,,,,,
full_2025-01-01,3.25,1500,closed_floor,True,0,RR3.25:22-23:448:1655,22-23,2025-04-04T22:11:40,2025-04-04T22:55:40,-1406.55,-1678.1,close,2025-04-04T22:55:40
full_2025-01-01,3.25,1500,excursion_floor,True,0,RR3.25:22-23:448:1655,22-23,2025-04-04T22:11:40,2025-04-04T22:55:40,-1406.55,-1678.1,mae,2025-04-04T22:11:40
full_2025-01-01,3.25,1500,closed_peak_dd,True,0,RR3.25:6-7:445:1705,6-7,2025-02-28T06:08:20,2025-02-28T16:31:40,1652.05,1534.0,realized_drawdown,2025-02-28T16:31:40
full_2025-01-01,3.25,6800,closed_floor,False,0,,,,,,,,
full_2025-01-01,3.25,6800,excursion_floor,False,0,,,,,,,,
full_2025-01-01,3.25,6800,closed_peak_dd,False,0,,,,,,,,
full_2025-01-01,3.50,1500,closed_floor,False,0,,,,,,,,
full_2025-01-01,3.50,1500,excursion_floor,True,0,RR3.50:2-3:472:1796,2-3,2025-04-07T02:34:40,2025-04-07T18:00:00,-1292.3,637.15,mae,2025-04-07T02:34:40
full_2025-01-01,3.50,1500,closed_peak_dd,True,0,RR3.50:6-7:445:1705,6-7,2025-02-28T06:08:20,2025-02-28T16:31:40,1713.05,1595.0,realized_drawdown,2025-02-28T16:31:40
full_2025-01-01,3.50,6800,closed_floor,False,0,,,,,,,,
full_2025-01-01,3.50,6800,excursion_floor,False,0,,,,,,,,
full_2025-01-01,3.50,6800,closed_peak_dd,False,0,,,,,,,,
