product,window,withdrawal,headroom,retained_balance_target,first_entry,last_exit,trades,ongoing,terminal,total,ongoing_received_after_split,terminal_profit_equity_before_withdrawal,accounts,alive,evaluations,evaluation_months,evaluation_resets,evaluation_fees,activation_fees,spend,contributions,ending_owner_cash,spares_at_end,passes_forfeited_cash,passes_forfeited_capacity,max_pass_to_activation_hours,passes_awaiting_first_check_at_horizon,deaths_after_startup_year,deaths_of_pas_at_least_one_year_old,mature_pa_days,deaths_after_two_years,deaths_2026_03_30,last_death,largest_simultaneous_deaths,deaths,replacements_filled,replacements_unfilled,next_check_service,replacement_wait_median_days,replacement_wait_p95_days,unfilled_account_days,oldest_unfilled_days,zero_live_days,average_live_accounts,peak_subscriptions,peak_in_flight,peak_passes_month,activation_blocked_account_checks,renewals_unaffordable,start_unaffordable_checks,cash_blocked_days,observed_days,live_pa_days,average_live_pas_event_weighted,vacant_capacity_days_including_startup,average_retained_profit_book,average_positive_retained_profit_book,average_retained_profit_per_live_pa,average_actual_cushion_book,average_actual_cushion_per_live_pa,live_multiple_account_days,live_mean_balance_std_usd,live_mean_balance_range_usd,live_mean_distinct_balances,live_identical_balance_fraction,frozen_multiple_account_days,frozen_mean_balance_std_usd,frozen_mean_balance_range_usd,frozen_mean_distinct_balances,frozen_identical_balance_fraction,book_empty_transitions,book_wipes_from_at_least_five_live,march30_pretrade_alive,march30_pretrade_distinct,march30_pretrade_profit_min,march30_pretrade_profit_max,job
legacy_25k,full,minimum,0,25100.0,2020-01-02T07:50:40,2026-07-13T21:30:40,12658,188573.0,0,188573.0,232500.0,30211.05,221,9,231,494,255,16302.0,27625.0,43927.0,20600.0,209173.0,0,0,0,23.5,0,197,5,429.02,160,0,2026-06-25T23:30:00,10,212,201,11,0.0094,84.09,153.64,17560.46,94.33,213.67,8.89,15,15,13,0,0,0,0,2384.5694,21141.4667,8.8659,26549.92,11976.72,12459.04,1350.87,14256.17,1607.97,1952.0222,811.8665,2366.849,6.078,0.0355,1354.9465,584.5691,1622.0811,5.3488,0.1126,9,1,1,1,707.15,707.15,"[""legacy_25k"", ""full"", ""minimum"", 0]"
legacy_25k,full,minimum,1000,26100.0,2020-01-02T07:50:40,2026-07-13T21:30:40,12658,188573.0,0,188573.0,232500.0,30211.05,221,9,231,494,255,16302.0,27625.0,43927.0,20600.0,209173.0,0,0,0,23.5,0,197,5,429.02,160,0,2026-06-25T23:30:00,10,212,201,11,0.0094,84.09,153.64,17560.46,94.33,213.67,8.89,15,15,13,0,0,0,0,2384.5694,21141.4667,8.8659,26549.92,11976.72,12459.04,1350.87,14256.17,1607.97,1952.0222,811.8665,2366.849,6.078,0.0355,1354.9465,584.5691,1622.0811,5.3488,0.1126,9,1,1,1,707.15,707.15,"[""legacy_25k"", ""full"", ""minimum"", 1000]"
legacy_25k,full,minimum,2000,27100.0,2020-01-02T07:50:40,2026-07-13T21:30:40,12658,408815.0,0,408815.0,438500.0,21158.4,153,6,163,320,151,10560.0,19125.0,29685.0,20600.0,429415.0,0,0,0,23.5,0,135,24,7927.21,115,0,2026-06-25T23:30:00,8,147,133,14,0.0136,57.12,124.02,9373.04,144.2,118.67,12.39,16,16,14,0,0,0,0,2384.5694,29501.8826,12.372,18189.51,28865.23,29239.09,2333.11,30194.74,2440.57,2119.3785,726.6493,2638.0907,8.964,0.0225,1687.3019,485.8383,1911.5545,8.9333,0.0102,6,1,1,1,707.15,707.15,"[""legacy_25k"", ""full"", ""minimum"", 2000]"
legacy_25k,full,minimum,3000,28100.0,2020-01-02T07:50:40,2026-07-13T21:30:40,12658,504001.0,0,504001.0,524150.0,17309.55,101,7,110,228,112,7524.0,12625.0,20149.0,20600.0,524601.0,0,0,0,23.5,0,82,21,16125.43,62,0,2026-06-24T21:49:40,13,94,81,13,0.0319,56.47,142.2,6554.37,130.92,89.67,13.9,15,15,13,0,0,0,0,2384.5694,33122.5565,13.8904,14568.83,42474.34,42805.62,3057.83,43080.64,3101.47,2147.6315,555.9124,1805.9994,9.589,0.0047,1813.091,313.6201,999.1895,9.739,0.0009,3,0,0,0,,,"[""legacy_25k"", ""full"", ""minimum"", 3000]"
legacy_25k,full,minimum,3100,28200.0,2020-01-02T07:50:40,2026-07-13T21:30:40,12658,499892.0,0,499892.0,519850.0,17309.55,100,7,109,226,111,7458.0,12500.0,19958.0,20600.0,520492.0,0,0,0,23.5,0,81,21,16477.12,62,0,2026-06-24T21:49:40,10,93,80,13,0.0215,56.47,142.2,6548.01,130.29,89.67,13.92,15,15,13,0,0,0,0,2384.5694,33167.9174,13.9094,14523.47,43886.77,44218.16,3155.19,44484.3,3198.15,2147.6581,572.4297,1868.9884,9.6094,0.0047,1813.1176,323.4676,1035.1162,9.7424,0.0009,3,1,0,0,,,"[""legacy_25k"", ""full"", ""minimum"", 3100]"
legacy_25k,full,minimum,3200,28300.0,2020-01-02T07:50:40,2026-07-13T21:30:40,12658,495984.0,0,495984.0,515850.0,9715.95,99,3,109,227,112,7491.0,12375.0,19866.0,20600.0,516584.0,0,0,0,23.5,0,84,21,16481.12,65,0,2026-06-25T23:30:00,14,96,79,17,0.0208,51.21,146.49,6663.0,130.29,77.67,13.87,15,15,13,0,0,0,0,2384.5694,33052.9299,13.8612,14638.46,44421.32,44752.07,3204.73,45017.54,3247.74,2147.6581,589.3267,1945.6004,9.6125,0.0,1813.1176,355.6793,1135.9366,9.7416,0.0,4,1,0,0,,,"[""legacy_25k"", ""full"", ""minimum"", 3200]"
legacy_25k,full,minimum,3300,28400.0,2020-01-02T07:50:40,2026-07-13T21:30:40,12658,492484.0,0,492484.0,512350.0,9715.95,99,3,109,227,112,7491.0,12375.0,19866.0,20600.0,513084.0,0,0,0,23.5,0,84,21,16484.09,65,0,2026-06-25T23:30:00,14,96,79,17,0.0208,51.21,145.54,6604.45,130.29,76.67,13.9,15,15,13,0,0,0,0,2384.5694,33111.4731,13.8857,14579.92,45418.56,45749.31,3270.88,46012.32,3313.64,2149.8211,601.6743,1981.2621,9.6106,0.0004,1815.2806,361.296,1158.9464,9.7393,0.0005,4,0,0,0,,,"[""legacy_25k"", ""full"", ""minimum"", 3300]"
legacy_25k,full,minimum,3400,28500.0,2020-01-02T07:50:40,2026-07-13T21:30:40,12658,487484.0,0,487484.0,507350.0,10215.95,99,3,109,227,112,7491.0,12375.0,19866.0,20600.0,508084.0,0,0,0,23.5,0,84,21,16488.26,65,0,2026-06-25T23:30:00,14,96,79,17,0.0208,51.21,145.31,6588.94,130.29,76.67,13.9,15,15,13,0,0,0,0,2384.5694,33126.9884,13.8922,14564.4,45729.6,46060.35,3291.74,46322.71,3334.43,2150.1576,608.1004,1998.5214,9.6131,0.0,1815.6171,368.0428,1176.7022,9.7421,0.0,4,1,0,0,,,"[""legacy_25k"", ""full"", ""minimum"", 3400]"
legacy_25k,full,minimum,3500,28600.0,2020-01-02T07:50:40,2026-07-13T21:30:40,12658,499530.0,0,499530.0,518500.0,10215.95,95,3,105,215,104,7095.0,11875.0,18970.0,20600.0,520130.0,0,0,0,23.5,0,80,20,17892.27,61,0,2026-06-25T23:30:00,12,92,75,17,0.0217,51.21,126.04,6049.98,130.29,71.67,14.13,15,15,13,0,0,0,0,2384.5694,33665.9414,14.1182,14025.45,48227.71,48546.58,3415.98,48701.4,3449.54,2169.4657,618.5569,2079.041,10.3879,0.0,1850.6544,396.2145,1261.8803,10.6035,0.0,3,0,0,0,,,"[""legacy_25k"", ""full"", ""minimum"", 3500]"
legacy_25k,full,minimum,3600,28700.0,2020-01-02T07:50:40,2026-07-13T21:30:40,12658,494254.0,0,494254.0,513500.0,10215.95,98,3,108,212,98,6996.0,12250.0,19246.0,20600.0,514854.0,0,0,0,23.5,0,83,20,17954.3,64,0,2026-06-25T23:30:00,9,95,78,17,0.0211,51.21,126.04,5875.84,126.54,68.67,14.2,15,15,13,0,0,0,0,2384.5694,33840.0854,14.1913,13851.3,49324.15,49649.85,3475.67,49893.21,3515.77,2171.8951,661.5976,2164.5411,11.4932,0.0,1853.0838,405.7424,1279.74,11.777,0.0,3,1,0,0,,,"[""legacy_25k"", ""full"", ""minimum"", 3600]"
legacy_25k,full,minimum,3700,28800.0,2020-01-02T07:50:40,2026-07-13T21:30:40,12658,514530.0,0,514530.0,532050.0,10994.6,90,4,99,190,85,6270.0,11250.0,17520.0,20600.0,535130.0,0,0,0,23.5,0,74,20,20287.41,55,0,2026-06-24T21:49:40,9,86,70,16,0.0233,48.38,124.02,5094.44,126.54,62.67,14.53,15,15,13,0,0,0,0,2384.5694,34621.4847,14.519,13069.9,52228.89,52546.61,3597.29,52598.87,3622.77,2174.4859,617.8048,1955.9022,11.2054,0.0,1857.6745,388.9388,1201.3086,11.5884,0.0,3,0,0,0,,,"[""legacy_25k"", ""full"", ""minimum"", 3700]"
legacy_25k,full,minimum,3800,28900.0,2020-01-02T07:50:40,2026-07-13T21:30:40,12658,537224.0,0,537224.0,553150.0,10994.6,82,4,91,172,75,5676.0,10250.0,15926.0,20600.0,557824.0,0,0,0,23.5,0,66,20,22640.36,47,0,2026-06-24T21:49:40,8,78,62,16,0.0256,34.6,124.02,4306.98,126.54,62.67,14.86,15,15,13,0,0,0,0,2384.5694,35408.9507,14.8492,12282.44,55264.8,55571.93,3721.74,55505.05,3737.91,2176.7602,591.8758,1990.5945,10.7391,0.0,1859.9488,377.3267,1249.6525,11.1436,0.0,3,0,0,0,,,"[""legacy_25k"", ""full"", ""minimum"", 3800]"
legacy_25k,full,minimum,3900,29000.0,2020-01-02T07:50:40,2026-07-13T21:30:40,12658,562968.0,0,562968.0,576800.0,10994.6,70,4,79,154,69,5082.0,8750.0,13832.0,20600.0,583568.0,0,0,0,23.5,0,54,20,25649.74,35,0,2026-06-24T21:49:40,9,66,50,16,0.0303,34.6,124.02,3749.82,126.54,62.67,15.09,15,15,13,0,0,0,0,2384.5694,35966.1032,15.0828,11725.29,58313.16,58595.31,3866.19,58334.12,3867.58,2177.0137,472.315,1528.3045,9.7548,0.0001,1860.2023,312.281,938.4211,10.2464,0.0001,3,0,0,0,,,"[""legacy_25k"", ""full"", ""minimum"", 3900]"
legacy_25k,full,minimum,4000,29100.0,2020-01-02T07:50:40,2026-07-13T21:30:40,12658,563891.0,0,563891.0,577650.0,16860.25,71,6,77,148,65,4884.0,8875.0,13759.0,20600.0,584491.0,0,0,0,23.5,0,53,20,25898.47,34,0,2026-06-24T21:49:40,9,65,51,14,0.0308,46.65,124.02,3524.44,119.42,60.67,15.19,15,15,13,0,0,0,0,2384.5694,36191.4896,15.1774,11499.9,60361.73,60641.98,3977.09,60367.09,3977.44,2177.8743,473.7621,1597.8563,9.846,0.0004,1865.7389,319.482,1017.5214,10.3306,0.0005,3,0,0,0,,,"[""legacy_25k"", ""full"", ""minimum"", 4000]"
legacy_25k,full,minimum,4100,29200.0,2020-01-02T07:50:40,2026-07-13T21:30:40,12658,560790.0,0,560790.0,574200.0,13358.15,69,5,75,145,64,4785.0,8625.0,13410.0,20600.0,581390.0,0,0,0,23.5,0,52,20,26174.34,33,0,2026-06-24T21:49:40,8,64,49,15,0.0312,45.78,124.02,3507.66,116.67,61.67,15.2,15,15,13,0,0,0,0,2384.5694,36208.2613,15.1844,11483.13,61669.86,61949.33,4061.4,61662.18,4060.89,2171.7701,474.2462,1650.0902,9.8654,0.0,1861.3755,311.2258,1038.1262,10.3626,0.0,3,1,0,0,,,"[""legacy_25k"", ""full"", ""minimum"", 4100]"
legacy_25k,full,minimum,4200,29300.0,2020-01-02T07:50:40,2026-07-13T21:30:40,12658,560340.0,0,560340.0,573750.0,13358.15,69,5,75,145,64,4785.0,8625.0,13410.0,20600.0,580940.0,0,0,0,23.5,0,52,20,26177.92,33,0,2026-06-24T21:49:40,8,64,49,15,0.0312,45.78,124.02,3504.09,116.67,61.67,15.2,15,15,13,0,0,0,0,2384.5694,36211.8405,15.1859,11479.55,62749.71,63029.18,4132.1,62741.88,4131.59,2171.7701,478.0172,1675.4985,9.8669,0.0,1861.3755,315.6555,1067.7715,10.3643,0.0,3,0,0,0,,,"[""legacy_25k"", ""full"", ""minimum"", 4200]"
legacy_25k,full,minimum,4300,29400.0,2020-01-02T07:50:40,2026-07-13T21:30:40,12658,558540.0,0,558540.0,571950.0,13358.15,69,5,75,145,64,4785.0,8625.0,13410.0,20600.0,579140.0,0,0,0,23.5,0,52,20,26191.72,33,0,2026-06-24T21:49:40,8,64,49,15,0.0312,44.67,124.02,3490.28,116.67,61.67,15.2,15,15,13,0,0,0,0,2384.5694,36225.6426,15.1917,11465.75,63765.98,64045.45,4197.42,63757.58,4196.87,2172.1678,482.8916,1685.4197,9.8716,0.0,1861.7731,321.5044,1079.4766,10.3697,0.0,3,1,0,0,,,"[""legacy_25k"", ""full"", ""minimum"", 4300]"
legacy_25k,full,minimum,4400,29500.0,2020-01-02T07:50:40,2026-07-13T21:30:40,12658,557065.0,0,557065.0,570100.0,8675.45,66,3,75,145,64,4785.0,8250.0,13035.0,20600.0,577665.0,0,0,0,23.5,0,51,20,26201.63,32,0,2026-06-25T23:30:00,8,63,46,17,0.0317,41.67,124.02,3522.97,116.67,70.67,15.19,15,15,13,0,0,0,0,2384.5694,36192.9579,15.178,11498.43,64752.16,65033.82,4266.19,64742.69,4265.57,2166.3169,491.174,1701.4261,9.8483,0.0001,1861.3806,343.4181,1124.6416,10.3279,0.0001,3,0,0,0,,,"[""legacy_25k"", ""full"", ""minimum"", 4400]"
legacy_25k,full,minimum,4500,29600.0,2020-01-02T07:50:40,2026-07-13T21:30:40,12658,556258.0,0,556258.0,569300.0,6646.45,65,2,75,149,68,4917.0,8125.0,13042.0,20600.0,576858.0,0,0,0,23.5,0,51,20,26211.4,32,0,2026-06-24T21:49:40,8,63,45,18,0.0317,30.13,124.02,3635.28,116.27,58.67,15.14,15,15,13,0,0,0,0,2384.5694,36080.6438,15.1309,11610.75,66191.49,66466.99,4374.59,66172.64,4373.35,2172.3169,505.6317,1763.8474,9.7955,0.0,1861.9222,352.3978,1177.8762,10.3009,0.0,3,1,0,0,,,"[""legacy_25k"", ""full"", ""minimum"", 4500]"
legacy_25k,full,minimum,5000,30100.0,2020-01-02T07:50:40,2026-07-13T21:30:40,12658,547208.0,0,547208.0,560250.0,6646.45,65,2,75,149,68,4917.0,8125.0,13042.0,20600.0,567808.0,0,0,0,23.5,0,51,20,26246.26,32,0,2026-06-24T21:49:40,7,63,45,18,0.0317,30.13,124.02,3600.42,115.06,54.67,15.15,15,15,13,0,0,0,0,2384.5694,36115.5044,15.1455,11575.88,71790.32,72065.83,4740.04,71770.01,4738.7,2175.6921,535.5723,1915.3154,9.7878,0.0,1865.2975,379.7552,1317.9831,10.2909,0.0,3,1,0,0,,,"[""legacy_25k"", ""full"", ""minimum"", 5000]"
legacy_25k,full,minimum,5700,30800.0,2020-01-02T07:50:40,2026-07-13T21:30:40,12658,532814.0,0,532814.0,546000.0,13858.15,68,5,74,142,62,4686.0,8500.0,13186.0,20600.0,553414.0,0,0,0,23.5,0,51,20,26302.88,32,0,2026-06-24T21:49:40,7,63,48,15,0.0317,35.64,124.02,3393.0,111.28,56.67,15.24,15,15,13,0,0,0,0,2384.5694,36322.9308,15.2325,11368.46,80168.91,80446.68,5263.02,80149.67,5261.76,2177.2352,563.1515,2066.583,9.8703,0.0,1866.8405,412.0602,1480.7939,10.3743,0.0,3,1,0,0,,,"[""legacy_25k"", ""full"", ""minimum"", 5700]"
legacy_25k,full,minimum,6000,31100.0,2020-01-02T07:50:40,2026-07-13T21:30:40,12658,528239.0,0,528239.0,541050.0,8675.45,65,3,74,142,62,4686.0,8125.0,12811.0,20600.0,548839.0,0,0,0,23.5,0,50,20,26323.54,31,0,2026-06-25T23:30:00,7,62,45,17,0.0323,31.38,124.02,3414.93,111.2,63.67,15.23,15,15,13,0,0,0,0,2384.5694,36300.9968,15.2233,11390.39,83679.25,83959.2,5496.79,83658.49,5495.43,2173.2352,566.9666,2049.8906,9.8416,0.0009,1868.2988,423.7395,1488.0588,10.3258,0.001,3,0,0,0,,,"[""legacy_25k"", ""full"", ""minimum"", 6000]"
legacy_25k,full,minimum,6100,31200.0,2020-01-02T07:50:40,2026-07-13T21:30:40,12658,524539.0,0,524539.0,537350.0,8675.45,65,3,74,142,62,4686.0,8125.0,12811.0,20600.0,545139.0,0,0,0,23.5,0,50,20,26341.5,31,0,2026-06-25T23:30:00,6,62,45,17,0.0323,31.31,124.02,3396.97,109.2,63.67,15.24,15,15,13,0,0,0,0,2384.5694,36318.9546,15.2308,11372.43,84895.17,85175.13,5573.91,84873.66,5572.49,2173.5201,569.2326,2086.8893,9.8454,0.0,1868.5838,426.6631,1531.1811,10.3302,0.0,3,0,0,0,,,"[""legacy_25k"", ""full"", ""minimum"", 6100]"
legacy_25k,full,minimum,6200,31300.0,2020-01-02T07:50:40,2026-07-13T21:30:40,12658,524089.0,0,524089.0,536900.0,8675.45,65,3,74,142,62,4686.0,8125.0,12811.0,20600.0,544689.0,0,0,0,23.5,0,50,20,26347.06,31,1,2026-06-25T23:30:00,6,62,45,17,0.0323,31.16,124.02,3391.42,109.2,59.67,15.24,15,15,13,0,0,0,0,2384.5694,36324.5104,15.2332,11366.88,85891.27,86171.22,5638.44,85869.52,5637.02,2173.5201,573.6796,2114.9768,9.8465,0.0,1868.5838,431.1582,1563.287,10.3315,0.0,3,0,1,1,137.9,137.9,"[""legacy_25k"", ""full"", ""minimum"", 6200]"
legacy_25k,full,minimum,6300,31400.0,2020-01-02T07:50:40,2026-07-13T21:30:40,12658,524989.0,13690.83,538679.83,537800.0,24187.5,65,6,74,142,62,4686.0,8125.0,12811.0,20600.0,559279.83,0,0,0,23.5,0,47,17,26685.78,28,2,2026-06-25T23:30:00,6,59,45,14,0.0339,31.16,124.02,3052.69,109.05,43.67,15.38,15,15,13,0,0,0,0,2384.5694,36663.2329,15.3752,11028.16,87440.49,87720.45,5687.11,87404.55,5684.77,2208.541,606.2098,2182.6294,9.8519,0.0,1911.313,457.5438,1608.6191,10.2797,0.0,1,0,5,5,137.9,244.7,"[""legacy_25k"", ""full"", ""minimum"", 6300]"
legacy_25k,full,minimum,6400,31500.0,2020-01-02T07:50:40,2026-07-13T21:30:40,12658,526365.0,27628.47,553993.47,539150.0,38944.8,64,8,74,145,65,4785.0,8000.0,12785.0,20600.0,574593.47,0,0,0,23.5,0,44,14,27018.95,25,2,2026-06-24T21:49:40,6,56,44,12,0.0357,29.72,124.02,2829.65,108.92,43.67,15.47,15,15,13,0,0,0,0,2384.5694,36886.2806,15.4687,10805.11,88923.92,89199.05,5748.62,88870.04,5745.14,2208.541,608.4603,2207.6087,9.8849,0.0,1911.313,456.8024,1624.3433,10.3182,0.0,1,0,8,6,137.9,321.35,"[""legacy_25k"", ""full"", ""minimum"", 6400]"
legacy_25k,full,minimum,6500,31600.0,2020-01-02T07:50:40,2026-07-13T21:30:40,12658,528165.0,46536.91,574701.91,540950.0,60354.2,64,12,74,145,65,4785.0,8000.0,12785.0,20600.0,595301.91,0,0,0,23.5,0,40,10,27455.75,21,2,2026-06-24T21:49:40,6,52,44,8,0.0385,29.64,124.02,2392.84,105.65,43.67,15.66,15,15,13,0,0,0,0,2384.5694,37323.0889,15.6519,10368.3,91168.33,91443.46,5824.74,91096.14,5820.13,2208.541,601.6109,2222.8499,9.9343,0.0,1911.313,452.2289,1641.9545,10.3753,0.0,1,0,12,7,137.9,411.6,"[""legacy_25k"", ""full"", ""minimum"", 6500]"
legacy_25k,full,minimum,6600,31700.0,2020-01-02T07:50:40,2026-07-13T21:30:40,12658,533150.0,85421.11,618571.11,544650.0,100466.35,59,19,62,125,57,4125.0,7375.0,11500.0,20600.0,639171.11,0,0,0,23.5,0,28,2,28327.63,9,2,2026-06-03T16:47:40,6,40,39,1,0.05,26.47,126.04,1626.49,40.2,43.67,15.98,15,15,13,0,0,0,0,2384.5694,38089.4389,15.9733,9601.95,93891.75,94164.22,5878.04,93770.22,5870.44,2208.541,583.0844,2222.5984,10.1341,0.0,1911.313,444.151,1666.4215,10.6234,0.0,1,0,20,12,137.9,533.55,"[""legacy_25k"", ""full"", ""minimum"", 6600]"
legacy_25k,full,minimum,6700,31800.0,2020-01-02T07:50:40,2026-07-13T21:30:40,12658,533857.0,90351.89,624208.89,545100.0,105971.75,58,20,60,121,55,3993.0,7250.0,11243.0,20600.0,644808.89,0,0,0,23.5,0,26,1,28433.28,7,1,2026-04-10T13:30:00,6,38,38,0,0.0526,26.47,126.04,1544.54,0,43.67,16.01,15,15,13,0,0,0,0,2384.5694,38171.3854,16.0077,9520.0,95115.93,95388.43,5941.9,94988.42,5933.93,2208.541,580.6768,2221.578,10.1712,0.0,1911.313,445.6769,1682.4975,10.6688,0.0,1,0,20,12,154.15,637.9,"[""legacy_25k"", ""full"", ""minimum"", 6700]"
legacy_25k,full,minimum,6800,31900.0,2020-01-02T07:50:40,2026-07-13T21:30:40,12658,533273.0,96647.29,629920.29,544200.0,108997.15,56,20,58,119,55,3927.0,7000.0,10927.0,20600.0,650520.29,0,0,0,23.5,0,24,0,28538.93,5,0,2022-06-30T12:11:40,6,36,36,0,0.0556,27.48,126.04,1538.35,0,43.67,16.01,15,15,13,0,0,0,0,2384.5694,38177.5729,16.0103,9513.82,96280.42,96551.83,6013.67,96141.9,6005.02,2208.541,573.7103,2158.1798,10.174,0.0,1911.313,443.4589,1641.58,10.6883,0.0,1,0,20,12,321.35,744.7,"[""legacy_25k"", ""full"", ""minimum"", 6800]"
legacy_25k,full,minimum,6900,32000.0,2020-01-02T07:50:40,2026-07-13T21:30:40,12658,531923.0,97997.29,629920.29,542850.0,110497.15,56,20,58,119,55,3927.0,7000.0,10927.0,20600.0,650520.29,0,0,0,23.5,0,24,0,28538.93,5,0,2022-06-30T12:11:40,6,36,36,0,0.0556,27.48,126.04,1538.35,0,43.67,16.01,15,15,13,0,0,0,0,2384.5694,38177.5729,16.0103,9513.82,97393.56,97664.97,6083.2,97255.04,6074.55,2208.541,586.4231,2184.9727,10.174,0.0,1911.313,457.5673,1672.5395,10.6883,0.0,1,0,20,12,411.6,821.35,"[""legacy_25k"", ""full"", ""minimum"", 6900]"
legacy_25k,full,minimum,7000,32100.0,2020-01-02T07:50:40,2026-07-13T21:30:40,12658,530123.0,99797.29,629920.29,541050.0,112497.15,56,20,58,119,55,3927.0,7000.0,10927.0,20600.0,650520.29,0,0,0,23.5,0,24,0,28538.93,5,0,2022-06-30T12:11:40,6,36,36,0,0.0556,27.48,126.04,1538.35,0,43.67,16.01,15,15,13,0,0,0,0,2384.5694,38177.5729,16.0103,9513.82,98954.76,99226.17,6180.71,98816.24,6172.06,2208.541,588.2783,2198.3927,10.174,0.0,1911.313,459.7162,1688.0464,10.6883,0.0,1,0,20,12,489.25,911.6,"[""legacy_25k"", ""full"", ""minimum"", 7000]"
legacy_25k,full,minimum,7100,32200.0,2020-01-02T07:50:40,2026-07-13T21:30:40,12658,526423.0,103497.29,629920.29,537350.0,116497.15,56,20,58,119,55,3927.0,7000.0,10927.0,20600.0,650520.29,0,0,0,23.5,0,24,0,28538.93,5,0,2022-06-30T12:11:40,6,36,36,0,0.0556,27.48,126.04,1538.35,0,43.67,16.01,15,15,13,0,0,0,0,2384.5694,38177.5729,16.0103,9513.82,100262.79,100534.2,6262.41,100124.26,6253.76,2208.541,591.2304,2249.7606,10.174,0.0,1911.313,463.5122,1747.4026,10.6883,0.0,1,0,20,12,637.9,1033.55,"[""legacy_25k"", ""full"", ""minimum"", 7100]"
legacy_25k,full,minimum,7200,32300.0,2020-01-02T07:50:40,2026-07-13T21:30:40,12658,525973.0,103947.29,629920.29,536900.0,116997.15,56,20,58,119,55,3927.0,7000.0,10927.0,20600.0,650520.29,0,0,0,23.5,0,24,0,28538.93,5,0,2022-06-30T12:11:40,6,36,36,0,0.0556,27.48,126.04,1538.35,0,43.67,16.01,15,15,13,0,0,0,0,2384.5694,38177.5729,16.0103,9513.82,101233.38,101504.79,6323.03,101094.86,6314.38,2208.541,598.5589,2286.908,10.174,0.0,1911.313,471.9804,1790.3267,10.6883,0.0,1,0,20,12,654.15,1137.9,"[""legacy_25k"", ""full"", ""minimum"", 7200]"
legacy_25k,full,minimum,7300,32400.0,2020-01-02T07:50:40,2026-07-13T21:30:40,12658,524173.0,105747.29,629920.29,535100.0,118997.15,56,20,58,119,55,3927.0,7000.0,10927.0,20600.0,650520.29,0,0,0,23.5,0,24,0,28538.93,5,0,2022-06-30T12:11:40,6,36,36,0,0.0556,27.48,126.04,1538.35,0,43.67,16.01,15,15,13,0,0,0,0,2384.5694,38177.5729,16.0103,9513.82,102236.2,102507.61,6385.67,102097.68,6377.02,2208.541,602.6644,2297.2096,10.174,0.0,1911.313,476.7243,1802.2304,10.6883,0.0,1,0,20,12,821.35,1244.7,"[""legacy_25k"", ""full"", ""minimum"", 7300]"
legacy_25k,full,minimum,7400,32500.0,2020-01-02T07:50:40,2026-07-13T21:30:40,12658,522823.0,107097.29,629920.29,533750.0,120497.15,56,20,58,119,55,3927.0,7000.0,10927.0,20600.0,650520.29,0,0,0,23.5,0,24,0,28538.93,5,0,2022-06-30T12:11:40,6,36,36,0,0.0556,27.48,126.04,1538.35,0,43.67,16.01,15,15,13,0,0,0,0,2384.5694,38177.5729,16.0103,9513.82,103196.68,103468.1,6445.66,103058.16,6437.01,2208.541,612.5487,2322.4432,10.174,0.0,1911.313,488.1458,1831.388,10.6883,0.0,1,0,20,12,911.6,1321.35,"[""legacy_25k"", ""full"", ""minimum"", 7400]"
legacy_25k,full,minimum,7500,32600.0,2020-01-02T07:50:40,2026-07-13T21:30:40,12658,521023.0,108897.29,629920.29,531950.0,122497.15,56,20,58,119,55,3927.0,7000.0,10927.0,20600.0,650520.29,0,0,0,23.5,0,24,0,28538.93,5,0,2022-06-30T12:11:40,6,36,36,0,0.0556,27.48,126.04,1538.35,0,43.67,16.01,15,15,13,0,0,0,0,2384.5694,38177.5729,16.0103,9513.82,104743.21,105014.62,6542.26,104604.69,6533.6,2208.541,610.4134,2303.461,10.174,0.0,1911.313,485.6941,1809.4539,10.6883,0.0,1,0,20,12,989.25,1411.6,"[""legacy_25k"", ""full"", ""minimum"", 7500]"
legacy_25k,full,minimum,8000,33100.0,2020-01-02T07:50:40,2026-07-13T21:30:40,12658,510607.0,118133.3,628740.3,521350.0,132481.6,54,20,57,121,58,3993.0,6750.0,10743.0,20600.0,649340.3,0,1,0,23.5,0,22,0,28516.93,3,0,2022-06-15T21:04:40,6,34,34,0,0.0588,36.62,126.04,1597.79,0,43.67,15.97,15,15,13,1,0,3,3,2384.5694,38079.1391,15.969,9612.25,110212.22,110480.16,6901.65,110060.59,6892.15,2208.541,663.9113,2385.551,9.4748,0.0,1911.313,554.6757,1933.6079,9.9075,0.0,1,0,20,11,1489.25,1911.6,"[""legacy_25k"", ""full"", ""minimum"", 8000]"
legacy_25k,full,minimum,9000,34100.0,2020-01-02T07:50:40,2026-07-13T21:30:40,12658,492207.0,136533.3,628740.3,502950.0,152481.6,54,20,57,121,58,3993.0,6750.0,10743.0,20600.0,649340.3,0,1,0,23.5,0,22,0,28516.93,3,0,2022-06-15T21:04:40,6,34,34,0,0.0588,36.62,126.04,1597.79,0,43.67,15.97,15,15,13,1,0,3,3,2384.5694,38079.1391,15.969,9612.25,121073.27,121341.21,7581.78,120921.64,7572.28,2208.541,735.4917,2699.5609,9.4748,0.0,1911.313,637.6811,2296.4494,9.9075,0.0,1,0,20,11,2489.25,2911.6,"[""legacy_25k"", ""full"", ""minimum"", 9000]"
legacy_25k,full,minimum,10000,35100.0,2020-01-02T07:50:40,2026-07-13T21:30:40,12658,473457.0,155283.3,628740.3,484200.0,172481.6,54,20,57,121,58,3993.0,6750.0,10743.0,20600.0,649340.3,0,1,0,23.5,0,22,0,28516.93,3,0,2022-06-15T21:04:40,6,34,34,0,0.0588,36.62,126.04,1597.79,0,43.67,15.97,15,15,13,1,0,3,3,2384.5694,38079.1391,15.969,9612.25,131083.86,131351.79,8208.66,130932.22,8199.16,2208.541,797.1291,2995.5983,9.4748,0.0,1911.313,709.2126,2638.5236,9.9075,0.0,1,0,20,11,3489.25,3911.6,"[""legacy_25k"", ""full"", ""minimum"", 10000]"
legacy_25k,full,maximum,0,25100.0,2020-01-02T07:50:40,2026-07-13T21:30:40,12658,226389.97,0,226389.97,274775.97,29211.05,244,9,255,542,280,17886.0,30500.0,48386.0,20600.0,246989.97,0,0,0,23.5,0,221,0,96.9,185,0,2026-06-25T23:30:00,13,235,224,11,0.0085,93.21,160.08,21673.05,94.33,251.67,7.3,16,16,14,0,0,0,0,2384.5694,17325.878,7.2658,30365.51,7623.16,8127.17,1049.18,10289.88,1416.2,1813.8072,772.2202,2212.8726,4.921,0.0517,1036.962,494.6278,1419.7217,3.726,0.1787,13,4,1,1,707.15,707.15,"[""legacy_25k"", ""full"", ""maximum"", 0]"
legacy_25k,full,maximum,1000,26100.0,2020-01-02T07:50:40,2026-07-13T21:30:40,12658,211443.95,0,211443.95,260060.95,25870.65,244,8,254,549,288,18117.0,30500.0,48617.0,20600.0,232043.95,0,0,0,23.5,0,222,0,96.9,186,0,2026-06-25T23:30:00,13,236,224,12,0.0085,87.8,160.08,21446.62,94.33,265.67,7.39,16,16,14,0,0,0,0,2384.5694,17552.3028,7.3608,30139.09,7532.17,8032.07,1023.28,10203.43,1386.19,1855.8053,745.1673,2111.11,4.8085,0.0572,1134.2734,581.7721,1502.4108,3.522,0.1823,14,3,1,1,707.15,707.15,"[""legacy_25k"", ""full"", ""maximum"", 1000]"
legacy_25k,full,maximum,2000,27100.0,2020-01-02T07:50:40,2026-07-13T21:30:40,12658,211430.9,0,211430.9,253763.9,29211.05,213,9,224,476,246,15708.0,26625.0,42333.0,20600.0,232030.9,0,0,0,23.5,0,192,6,630.76,172,0,2026-06-25T23:30:00,20,204,193,11,0.0098,87.11,158.31,17175.31,94.33,214.67,9.13,16,16,14,0,0,0,0,2384.5694,21698.6181,9.0996,25992.77,12415.85,12868.64,1364.44,14574.01,1601.61,1958.2653,822.7737,2359.4508,4.9412,0.0248,1381.459,507.1582,1327.806,3.673,0.0397,10,3,1,1,707.15,707.15,"[""legacy_25k"", ""full"", ""maximum"", 2000]"
legacy_25k,full,maximum,3000,28100.0,2020-01-02T07:50:40,2026-07-13T21:30:40,12658,414429.0,0,414429.0,447726.0,28053.45,165,10,173,384,205,12672.0,20625.0,33297.0,20600.0,435029.0,0,0,0,23.5,0,143,28,4792.74,123,0,2026-06-29T16:56:40,19,155,145,10,0.0194,81.44,173.37,12792.84,42.02,60.67,11.3,17,17,13,0,0,0,0,2384.5694,26884.0903,11.2742,20807.3,23877.71,24253.07,2117.91,25150.83,2230.83,2095.228,866.48,2684.0252,5.1864,0.0133,1611.7405,552.8614,1627.4157,4.3122,0.0248,4,1,1,1,1018.55,1018.55,"[""legacy_25k"", ""full"", ""maximum"", 3000]"
legacy_25k,full,maximum,3100,28200.0,2020-01-02T07:50:40,2026-07-13T21:30:40,12658,412572.15,0,412572.15,445105.15,28153.45,161,10,169,376,201,12408.0,20125.0,32533.0,20600.0,433172.15,0,0,0,23.5,0,139,29,5623.94,119,0,2026-06-29T20:30:00,20,151,141,10,0.0199,81.44,186.16,12558.03,42.02,66.67,11.39,17,17,13,0,0,0,0,2384.5694,27118.8961,11.3727,20572.49,24910.64,25283.36,2190.4,26143.95,2298.84,2081.3215,863.7013,2652.9416,5.0804,0.0366,1611.9398,552.785,1610.9444,4.2077,0.0548,5,2,1,1,1018.55,1018.55,"[""legacy_25k"", ""full"", ""maximum"", 3100]"
legacy_25k,full,maximum,3200,28300.0,2020-01-02T07:50:40,2026-07-13T21:30:40,12658,398525.15,0,398525.15,430801.15,22563.15,160,8,171,372,195,12276.0,20000.0,32276.0,20600.0,419125.15,0,0,0,23.5,0,140,29,5749.94,121,0,2026-06-25T23:30:00,17,152,140,12,0.0132,85.34,161.37,13025.13,94.33,149.67,11.21,15,15,13,0,0,0,0,2384.5694,26690.7917,11.1931,21000.6,24384.74,24764.79,2178.55,25674.96,2293.81,2056.1708,633.8515,2019.0539,5.0492,0.0492,1585.3944,366.0179,1106.3566,4.212,0.0559,12,2,0,0,,,"[""legacy_25k"", ""full"", ""maximum"", 3200]"
legacy_25k,full,maximum,3300,28400.0,2020-01-02T07:50:40,2026-07-13T21:30:40,12658,419101.1,0,419101.1,449052.1,29530.2,148,10,157,347,184,11451.0,18500.0,29951.0,20600.0,439701.1,0,0,0,23.5,0,126,21,10318.2,107,0,2026-06-24T21:49:40,20,138,128,10,0.0145,81.3,167.16,11371.06,94.33,59.67,11.9,15,15,13,0,0,0,0,2384.5694,28344.8639,11.8868,19346.52,27340.3,27708.14,2300.06,28347.9,2384.82,2090.8912,778.6401,2446.1211,4.4295,0.1597,1624.5486,459.896,1367.4897,3.5934,0.2178,4,2,1,1,707.15,707.15,"[""legacy_25k"", ""full"", ""maximum"", 3300]"
legacy_25k,full,maximum,3400,28500.0,2020-01-02T07:50:40,2026-07-13T21:30:40,12658,415595.45,0,415595.45,445546.45,29530.2,148,10,157,347,184,11451.0,18500.0,29951.0,20600.0,436195.45,0,0,0,23.5,0,126,21,10318.28,107,0,2026-06-24T21:49:40,20,138,128,10,0.0145,81.3,167.16,11434.67,94.33,59.67,11.88,15,15,13,0,0,0,0,2384.5694,28281.2516,11.8601,19410.14,27919.15,28286.99,2354.04,28929.42,2439.22,2091.119,788.1866,2514.9327,4.7001,0.157,1624.7764,467.1751,1435.2909,3.9418,0.198,4,2,1,1,707.15,707.15,"[""legacy_25k"", ""full"", ""maximum"", 3400]"
legacy_25k,full,maximum,3500,28600.0,2020-01-02T07:50:40,2026-07-13T21:30:40,12658,413194.55,0,413194.55,443145.55,29530.2,148,10,157,347,184,11451.0,18500.0,29951.0,20600.0,433794.55,0,0,0,23.5,0,126,21,10319.52,107,0,2026-06-24T21:49:40,20,138,128,10,0.0145,81.92,167.1,11596.13,94.33,59.67,11.81,15,15,13,0,0,0,0,2384.5694,28119.7998,11.7924,19571.59,28595.74,28963.59,2424.93,29612.78,2511.17,2091.1745,805.9419,2561.6314,4.715,0.1597,1624.8319,485.7845,1477.8283,3.9611,0.2178,4,2,1,1,707.15,707.15,"[""legacy_25k"", ""full"", ""maximum"", 3500]"
legacy_25k,full,maximum,3600,28700.0,2020-01-02T07:50:40,2026-07-13T21:30:40,12658,410273.6,0,410273.6,440224.6,29530.2,148,10,157,347,184,11451.0,18500.0,29951.0,20600.0,430873.6,0,0,0,23.5,0,126,21,10319.52,107,0,2026-06-24T21:49:40,20,138,128,10,0.0145,81.27,167.1,11334.69,94.33,59.67,11.92,15,15,13,0,0,0,0,2384.5694,28381.235,11.902,19310.15,29441.44,29809.29,2473.65,30447.52,2558.18,2091.231,820.8915,2630.6674,4.7626,0.1447,1624.8884,512.7826,1556.6961,4.0224,0.1823,4,1,1,1,707.15,707.15,"[""legacy_25k"", ""full"", ""maximum"", 3600]"
legacy_25k,full,maximum,3700,28800.0,2020-01-02T07:50:40,2026-07-13T21:30:40,12658,408916.65,0,408916.65,438867.65,29530.2,148,10,157,347,184,11451.0,18500.0,29951.0,20600.0,429516.65,0,0,0,23.5,0,126,21,10319.59,107,0,2026-06-24T21:49:40,20,138,128,10,0.0145,81.27,167.1,11466.81,94.33,58.67,11.86,15,15,13,0,0,0,0,2384.5694,28249.1194,11.8466,19442.27,30051.57,30419.42,2536.72,31063.19,2622.11,2090.9468,847.0772,2719.7185,4.9162,0.1566,1624.6042,544.9371,1655.399,4.2199,0.1975,4,1,1,1,707.15,707.15,"[""legacy_25k"", ""full"", ""maximum"", 3700]"
legacy_25k,full,maximum,3800,28900.0,2020-01-02T07:50:40,2026-07-13T21:30:40,12658,405927.95,0,405927.95,435878.95,29530.2,148,10,157,347,184,11451.0,18500.0,29951.0,20600.0,426527.95,0,0,0,23.5,0,126,21,10319.59,107,0,2026-06-24T21:49:40,20,138,128,10,0.0145,81.95,167.1,11595.12,94.33,58.67,11.81,15,15,13,0,0,0,0,2384.5694,28120.8035,11.7928,19570.59,30423.51,30791.35,2579.83,31440.51,2666.07,2092.1301,847.8531,2717.6392,4.8644,0.157,1625.7875,537.2107,1640.5068,4.1537,0.198,4,1,1,1,707.15,707.15,"[""legacy_25k"", ""full"", ""maximum"", 3800]"
legacy_25k,full,maximum,3900,29000.0,2020-01-02T07:50:40,2026-07-13T21:30:40,12658,400331.55,0,400331.55,430282.55,29530.2,148,10,157,347,184,11451.0,18500.0,29951.0,20600.0,420931.55,0,0,0,23.5,0,126,21,10320.96,107,0,2026-06-24T21:49:40,20,138,128,10,0.0145,81.62,167.04,11553.95,94.33,58.67,11.82,15,15,13,0,0,0,0,2384.5694,28161.9715,11.8101,19529.42,31098.02,31465.87,2633.17,32113.29,2719.14,2092.185,858.6914,2784.9808,4.9366,0.1569,1625.8424,548.23,1715.0994,4.2467,0.1979,4,2,1,1,707.15,707.15,"[""legacy_25k"", ""full"", ""maximum"", 3900]"
legacy_25k,full,maximum,4000,29100.0,2020-01-02T07:50:40,2026-07-13T21:30:40,12658,384608.85,0,384608.85,414658.85,29530.2,148,10,157,350,187,11550.0,18500.0,30050.0,20600.0,405208.85,0,0,0,23.5,0,126,21,9868.7,107,0,2026-06-24T21:49:40,20,138,128,10,0.0145,81.92,167.04,11496.09,94.33,52.67,11.85,15,15,13,0,0,0,0,2384.5694,28219.8368,11.8344,19471.55,31513.06,31889.07,2662.85,32587.55,2753.64,2077.5789,899.7738,2890.2019,5.2081,0.1468,1609.9641,587.272,1825.7129,4.5546,0.1894,3,1,1,1,707.15,707.15,"[""legacy_25k"", ""full"", ""maximum"", 4000]"
legacy_25k,full,maximum,4100,29200.0,2020-01-02T07:50:40,2026-07-13T21:30:40,12658,380139.55,0,380139.55,410189.55,29530.2,148,10,157,350,187,11550.0,18500.0,30050.0,20600.0,400739.55,0,0,0,23.5,0,126,21,9911.45,107,0,2026-06-24T21:49:40,19,138,128,10,0.0145,81.62,164.79,11427.08,94.33,49.67,11.88,15,15,13,0,0,0,0,2384.5694,28288.8484,11.8633,19402.54,32174.72,32550.74,2712.12,33246.32,2802.45,2085.8528,919.5366,2987.6878,5.3972,0.0266,1626.0391,610.0944,1934.8439,4.7835,0.0389,3,1,1,1,707.15,707.15,"[""legacy_25k"", ""full"", ""maximum"", 4100]"
legacy_25k,full,maximum,4200,29300.0,2020-01-02T07:50:40,2026-07-13T21:30:40,12658,378570.8,0,378570.8,408620.8,29530.2,148,10,157,350,187,11550.0,18500.0,30050.0,20600.0,399170.8,0,0,0,23.5,0,126,21,9911.73,107,0,2026-06-24T21:49:40,19,138,128,10,0.0145,81.62,164.79,11444.79,94.33,49.67,11.88,15,15,13,0,0,0,0,2384.5694,28271.1319,11.8559,19420.26,32604.17,32980.18,2750.05,33676.51,2840.49,2081.2391,931.5457,3038.8366,5.3314,0.0241,1613.4463,628.9935,1994.5826,4.7154,0.0311,3,1,1,1,707.15,707.15,"[""legacy_25k"", ""full"", ""maximum"", 4200]"
legacy_25k,full,maximum,4300,29400.0,2020-01-02T07:50:40,2026-07-13T21:30:40,12658,377468.25,0,377468.25,407723.25,33968.4,147,12,155,360,199,11880.0,18375.0,30255.0,20600.0,398068.25,0,0,0,23.5,0,123,21,9913.04,104,0,2026-06-24T21:49:40,20,135,127,8,0.0148,83.0,190.79,11466.44,42.02,50.67,11.87,17,17,13,0,0,0,0,2384.5694,28249.4845,11.8468,19441.9,33263.75,33640.22,2807.83,34327.52,2897.62,2097.5167,973.064,3107.3999,5.324,0.1098,1647.6775,681.8434,2066.2507,4.6493,0.1445,3,1,1,1,1018.55,1018.55,"[""legacy_25k"", ""full"", ""maximum"", 4300]"
legacy_25k,full,maximum,4400,29500.0,2020-01-02T07:50:40,2026-07-13T21:30:40,12658,373496.25,0,373496.25,403751.25,34466.75,147,12,155,360,199,11880.0,18375.0,30255.0,20600.0,394096.25,0,0,0,23.5,0,123,21,9913.39,104,0,2026-06-24T21:49:40,20,135,127,8,0.0148,83.0,190.79,11465.61,42.02,50.67,11.87,17,17,13,0,0,0,0,2384.5694,28250.3113,11.8471,19441.08,33866.4,34242.88,2858.62,34930.14,2948.4,2097.6947,992.7347,3167.3511,5.3925,0.1093,1647.8556,708.8674,2130.2121,4.7365,0.144,3,1,1,1,1018.55,1018.55,"[""legacy_25k"", ""full"", ""maximum"", 4400]"
legacy_25k,full,maximum,4500,29600.0,2020-01-02T07:50:40,2026-07-13T21:30:40,12658,479425.84,0,479425.84,499244.84,12556.5,101,5,107,218,105,7194.0,12625.0,19819.0,20600.0,500025.84,0,0,0,23.5,0,84,21,16694.71,65,0,2026-06-24T21:49:40,20,96,81,15,0.0208,53.21,154.87,6567.81,118.92,74.67,13.91,15,15,13,0,0,0,0,2384.5694,33148.112,13.9011,14543.28,43249.05,43583.26,3111.2,43849.66,3154.41,2135.647,683.88,2309.3008,4.9353,0.2857,1809.5231,444.2714,1399.556,4.1787,0.3372,5,2,0,0,,,"[""legacy_25k"", ""full"", ""maximum"", 4500]"
legacy_25k,full,maximum,5000,30100.0,2020-01-02T07:50:40,2026-07-13T21:30:40,12658,450534.0,0,450534.0,472027.0,6938.0,107,2,117,246,123,8118.0,13375.0,21493.0,20600.0,471134.0,0,0,0,23.5,0,93,21,15273.13,74,0,2026-06-24T21:49:40,20,105,87,18,0.019,57.12,146.49,7324.26,116.12,65.67,13.6,15,15,13,0,0,0,0,2384.5694,32391.6653,13.5839,15299.72,45273.97,45613.3,3332.92,46069.05,3391.45,2152.9285,788.6326,2539.5271,5.1618,0.2313,1825.8046,496.574,1559.8908,4.2605,0.2731,4,1,0,0,,,"[""legacy_25k"", ""full"", ""maximum"", 5000]"
legacy_25k,full,maximum,5700,30800.0,2020-01-02T07:50:40,2026-07-13T21:30:40,12658,538435.18,0,538435.18,551621.18,13858.15,68,5,74,142,62,4686.0,8500.0,13186.0,20600.0,559035.18,0,0,0,23.5,0,51,20,26288.13,32,0,2026-06-24T21:49:40,20,63,48,15,0.0317,35.64,124.02,3407.74,112.54,57.67,15.24,15,15,13,0,0,0,0,2384.5694,36308.1829,15.2263,11383.21,65726.83,66004.6,4316.66,65708.21,4315.44,2175.8977,475.7801,1724.9575,3.2397,0.4322,1865.503,314.1702,1087.6121,2.6408,0.5041,3,1,0,0,,,"[""legacy_25k"", ""full"", ""maximum"", 5700]"
legacy_25k,full,maximum,6000,31100.0,2020-01-02T07:50:40,2026-07-13T21:30:40,12658,532975.08,0,532975.08,546161.08,13858.15,68,5,74,142,62,4686.0,8500.0,13186.0,20600.0,553575.08,0,0,0,23.5,0,51,20,26296.51,32,0,2026-06-24T21:49:40,20,63,48,15,0.0317,35.22,124.02,3399.37,112.12,57.67,15.24,15,15,13,0,0,0,0,2384.5694,36316.5579,15.2298,11374.83,70034.63,70312.39,4598.52,70015.65,4597.27,2176.3164,513.0861,1872.1865,3.4125,0.3022,1865.9218,354.643,1255.897,2.8424,0.3525,3,1,0,0,,,"[""legacy_25k"", ""full"", ""maximum"", 6000]"
legacy_25k,full,maximum,6100,31200.0,2020-01-02T07:50:40,2026-07-13T21:30:40,12658,531530.08,0,531530.08,544341.08,8675.45,65,3,74,142,62,4686.0,8125.0,12811.0,20600.0,552130.08,0,0,0,23.5,0,50,20,26314.88,31,0,2026-06-25T23:30:00,20,62,45,17,0.0323,31.31,124.02,3423.59,111.2,65.67,15.23,15,15,13,0,0,0,0,2384.5694,36292.3384,15.2197,11399.05,70887.01,71166.96,4657.59,70866.62,4656.25,2171.2352,505.4982,1857.3888,3.4321,0.3034,1866.2988,354.2291,1264.4345,2.8696,0.3529,3,1,0,0,,,"[""legacy_25k"", ""full"", ""maximum"", 6100]"
legacy_25k,full,maximum,6200,31300.0,2020-01-02T07:50:40,2026-07-13T21:30:40,12658,529710.08,0,529710.08,542521.08,8675.45,65,3,74,142,62,4686.0,8125.0,12811.0,20600.0,550310.08,0,0,0,23.5,0,50,20,26314.88,31,0,2026-06-25T23:30:00,20,62,45,17,0.0323,31.31,124.02,3423.59,111.2,65.67,15.23,15,15,13,0,0,0,0,2384.5694,36292.3384,15.2197,11399.05,71896.9,72176.86,4723.95,71876.51,4722.61,2171.2352,506.3653,1835.3723,3.2737,0.3034,1866.2988,355.403,1237.6281,2.6853,0.3529,3,1,0,0,,,"[""legacy_25k"", ""full"", ""maximum"", 6200]"
legacy_25k,full,maximum,6300,31400.0,2020-01-02T07:50:40,2026-07-13T21:30:40,12658,527890.08,0,527890.08,540701.08,8675.45,65,3,74,142,62,4686.0,8125.0,12811.0,20600.0,548490.08,0,0,0,23.5,0,50,20,26317.81,31,0,2026-06-25T23:30:00,20,62,45,17,0.0323,31.16,124.02,3420.66,111.06,65.67,15.23,15,15,13,0,0,0,0,2384.5694,36295.269,15.2209,11396.12,72736.0,73015.95,4778.7,72715.48,4777.35,2171.3817,502.1374,1859.2905,3.6115,0.3034,1866.4454,349.7708,1264.3084,3.0784,0.353,3,1,0,0,,,"[""legacy_25k"", ""full"", ""maximum"", 6300]"
legacy_25k,full,maximum,6400,31500.0,2020-01-02T07:50:40,2026-07-13T21:30:40,12658,526070.08,0,526070.08,538881.08,8675.45,65,3,74,142,62,4686.0,8125.0,12811.0,20600.0,546670.08,0,0,0,23.5,0,50,20,26317.81,31,0,2026-06-25T23:30:00,20,62,45,17,0.0323,31.16,124.02,3420.66,111.06,65.67,15.23,15,15,13,0,0,0,0,2384.5694,36295.269,15.2209,11396.12,73836.89,74116.85,4851.02,73816.38,4849.68,2171.3817,486.1319,1789.9133,3.4955,0.4338,1866.4454,329.8379,1182.404,2.9434,0.5046,3,1,0,0,,,"[""legacy_25k"", ""full"", ""maximum"", 6400]"
legacy_25k,full,maximum,6500,31600.0,2020-01-02T07:50:40,2026-07-13T21:30:40,12658,524276.12,0,524276.12,537061.12,7646.45,64,2,74,145,65,4785.0,8000.0,12785.0,20600.0,544876.12,0,0,0,23.5,0,50,20,26354.88,31,0,2026-06-24T21:49:40,20,62,44,18,0.0323,29.72,124.02,3493.71,109.2,51.67,15.2,15,15,13,0,0,0,0,2384.5694,36222.2194,15.1903,11469.17,74942.53,75217.67,4933.59,74916.51,4931.88,2179.2352,509.4022,1845.8554,3.436,0.433,1868.8405,347.5597,1228.3312,2.8832,0.505,3,1,0,0,,,"[""legacy_25k"", ""full"", ""maximum"", 6500]"
legacy_25k,full,maximum,6600,31700.0,2020-01-02T07:50:40,2026-07-13T21:30:40,12658,522456.12,0,522456.12,535241.12,7646.45,64,2,74,145,65,4785.0,8000.0,12785.0,20600.0,543056.12,0,0,0,23.5,0,50,20,26357.87,31,0,2026-06-24T21:49:40,20,62,44,18,0.0323,29.64,124.02,3490.72,109.05,51.67,15.2,15,15,13,0,0,0,0,2384.5694,36225.2056,15.1915,11466.18,76214.4,76489.53,5016.91,76188.25,5015.19,2179.3845,529.7713,1961.9918,3.4969,0.3032,1868.9898,372.281,1362.6135,2.9543,0.3536,3,1,0,0,,,"[""legacy_25k"", ""full"", ""maximum"", 6600]"
legacy_25k,full,maximum,6700,31800.0,2020-01-02T07:50:40,2026-07-13T21:30:40,12658,520426.12,0,520426.12,533421.12,10713.8,67,4,73,140,61,4620.0,8375.0,12995.0,20600.0,541026.12,0,0,0,23.5,0,51,20,26426.0,32,20,2026-06-24T21:49:40,20,63,47,16,0.0317,31.75,124.02,3349.77,105.65,50.67,15.26,15,15,13,0,0,0,0,2384.5694,36366.1523,15.2506,11325.24,77711.06,77988.53,5095.6,77683.89,5093.82,2176.791,541.9646,2006.5934,3.5797,0.3052,1871.8546,388.208,1403.5405,3.0387,0.3549,3,1,20,1,101.4,101.4,"[""legacy_25k"", ""full"", ""maximum"", 6700]"
legacy_25k,full,maximum,6800,31900.0,2020-01-02T07:50:40,2026-07-13T21:30:40,12658,530656.82,99263.62,629920.44,541583.82,111873.0,56,20,58,119,55,3927.0,7000.0,10927.0,20600.0,650520.44,0,0,0,23.5,0,24,0,28538.93,5,0,2022-06-30T12:11:40,6,36,36,0,0.0556,27.48,126.04,1538.35,0,43.67,16.01,15,15,13,0,0,0,0,2384.5694,38177.5729,16.0103,9513.82,82733.41,83004.82,5167.52,82594.89,5158.87,2208.541,503.8508,1892.0943,3.5231,0.3486,1911.313,364.5726,1334.1156,3.0031,0.4028,1,0,20,1,201.4,201.4,"[""legacy_25k"", ""full"", ""maximum"", 6800]"
legacy_25k,full,maximum,6900,32000.0,2020-01-02T07:50:40,2026-07-13T21:30:40,12658,528836.82,101083.62,629920.44,539763.82,113873.0,56,20,58,119,55,3927.0,7000.0,10927.0,20600.0,650520.44,0,0,0,23.5,0,24,0,28538.93,5,0,2022-06-30T12:11:40,6,36,36,0,0.0556,27.48,126.04,1538.35,0,43.67,16.01,15,15,13,0,0,0,0,2384.5694,38177.5729,16.0103,9513.82,84298.18,84569.59,5265.26,84159.66,5256.61,2208.541,516.1816,1938.9208,3.7943,0.3486,1911.313,376.6406,1388.2241,3.3165,0.4028,1,0,20,1,301.4,301.4,"[""legacy_25k"", ""full"", ""maximum"", 6900]"
legacy_25k,full,maximum,7000,32100.0,2020-01-02T07:50:40,2026-07-13T21:30:40,12658,527016.78,102903.62,629920.4,537943.78,115873.0,56,20,58,119,55,3927.0,7000.0,10927.0,20600.0,650520.4,0,0,0,23.5,0,24,0,28538.93,5,0,2022-06-30T12:11:40,6,36,36,0,0.0556,27.48,126.04,1538.35,0,43.67,16.01,15,15,13,0,0,0,0,2384.5694,38177.5729,16.0103,9513.82,85451.53,85722.95,5337.3,85313.01,5328.65,2208.541,511.5014,1916.4799,3.5222,0.3486,1911.313,370.7005,1362.2935,3.0021,0.4028,1,0,20,1,401.4,401.4,"[""legacy_25k"", ""full"", ""maximum"", 7000]"
legacy_25k,full,maximum,7100,32200.0,2020-01-02T07:50:40,2026-07-13T21:30:40,12658,525196.8,104723.62,629920.42,536123.8,117873.0,56,20,58,119,55,3927.0,7000.0,10927.0,20600.0,650520.42,0,0,0,23.5,0,24,0,28538.93,5,0,2022-06-30T12:11:40,6,36,36,0,0.0556,27.48,126.04,1538.35,0,43.67,16.01,15,15,13,0,0,0,0,2384.5694,38177.5729,16.0103,9513.82,86483.67,86755.08,5401.77,86345.14,5393.11,2208.541,512.4884,1942.7415,3.6123,0.3486,1911.313,372.0371,1392.6389,3.1062,0.4028,1,0,20,1,501.4,501.4,"[""legacy_25k"", ""full"", ""maximum"", 7100]"
legacy_25k,full,maximum,7200,32300.0,2020-01-02T07:50:40,2026-07-13T21:30:40,12658,523376.79,106543.62,629920.41,534303.79,119873.0,56,20,58,119,55,3927.0,7000.0,10927.0,20600.0,650520.41,0,0,0,23.5,0,24,0,28538.93,5,0,2022-06-30T12:11:40,6,36,36,0,0.0556,27.48,126.04,1538.35,0,43.67,16.01,15,15,13,0,0,0,0,2384.5694,38177.5729,16.0103,9513.82,87674.23,87945.64,5476.13,87535.71,5467.48,2208.541,516.222,1927.6371,3.5335,0.3486,1911.313,376.2683,1375.1856,3.0152,0.4028,1,0,20,1,601.4,601.4,"[""legacy_25k"", ""full"", ""maximum"", 7200]"
legacy_25k,full,maximum,7300,32400.0,2020-01-02T07:50:40,2026-07-13T21:30:40,12658,521556.79,108363.62,629920.41,532483.79,121873.0,56,20,58,119,55,3927.0,7000.0,10927.0,20600.0,650520.41,0,0,0,23.5,0,24,0,28538.93,5,0,2022-06-30T12:11:40,6,36,36,0,0.0556,27.48,126.04,1538.35,0,43.67,16.01,15,15,13,0,0,0,0,2384.5694,38177.5729,16.0103,9513.82,88747.15,89018.56,5543.14,88608.63,5534.49,2208.541,513.3605,1921.0749,3.4805,0.469,1911.313,372.977,1367.603,2.9539,0.542,1,0,20,1,701.4,701.4,"[""legacy_25k"", ""full"", ""maximum"", 7300]"
legacy_25k,full,maximum,7400,32500.0,2020-01-02T07:50:40,2026-07-13T21:30:40,12658,519736.79,110183.62,629920.41,530663.79,123873.0,56,20,58,119,55,3927.0,7000.0,10927.0,20600.0,650520.41,0,0,0,23.5,0,24,0,28538.93,5,0,2022-06-30T12:11:40,6,36,36,0,0.0556,27.48,126.04,1538.35,0,43.67,16.01,15,15,13,0,0,0,0,2384.5694,38177.5729,16.0103,9513.82,89825.07,90096.48,5610.47,89686.55,5601.82,2208.541,516.7931,1946.6763,3.6087,0.469,1911.313,376.8888,1397.1857,3.102,0.542,1,0,20,1,801.4,801.4,"[""legacy_25k"", ""full"", ""maximum"", 7400]"
legacy_25k,full,maximum,7500,32600.0,2020-01-02T07:50:40,2026-07-13T21:30:40,12658,517916.79,112003.62,629920.41,528843.79,125873.0,56,20,58,119,55,3927.0,7000.0,10927.0,20600.0,650520.41,0,0,0,23.5,0,24,0,28538.93,5,0,2022-06-30T12:11:40,6,36,36,0,0.0556,27.48,126.04,1538.35,0,43.67,16.01,15,15,13,0,0,0,0,2384.5694,38177.5729,16.0103,9513.82,90909.24,91180.65,5678.19,90770.72,5669.53,2208.541,533.8343,2030.7716,3.7526,0.3486,1911.313,396.7339,1494.3587,3.2684,0.4028,1,0,20,1,901.4,901.4,"[""legacy_25k"", ""full"", ""maximum"", 7500]"
legacy_25k,full,maximum,8000,33100.0,2020-01-02T07:50:40,2026-07-13T21:30:40,12658,507450.23,121290.18,628740.41,518193.23,135873.0,54,20,57,121,58,3993.0,6750.0,10743.0,20600.0,649340.41,0,1,0,23.5,0,22,0,28516.93,3,0,2022-06-15T21:04:40,6,34,34,0,0.0588,36.62,126.04,1597.79,0,43.67,15.97,15,15,13,1,0,3,3,2384.5694,38079.1391,15.969,9612.25,96913.01,97180.95,6068.83,96761.38,6059.33,2208.541,574.036,2072.2174,3.4708,0.3989,1911.313,450.6621,1571.5478,2.9699,0.4609,1,0,20,1,1401.4,1401.4,"[""legacy_25k"", ""full"", ""maximum"", 8000]"
legacy_25k,full,maximum,9000,34100.0,2020-01-02T07:50:40,2026-07-13T21:30:40,12658,489050.13,139690.18,628740.31,499793.13,155873.0,54,20,57,121,58,3993.0,6750.0,10743.0,20600.0,649340.31,0,1,0,23.5,0,22,0,28516.93,3,0,2022-06-15T21:04:40,6,34,34,0,0.0588,36.62,126.04,1597.79,0,43.67,15.97,15,15,13,1,0,3,3,2384.5694,38079.1391,15.969,9612.25,108031.36,108299.29,6765.08,107879.72,6755.58,2208.541,657.7083,2467.4789,4.207,0.3486,1911.313,547.6057,2028.2764,3.8206,0.4028,1,0,20,1,2401.4,2401.4,"[""legacy_25k"", ""full"", ""maximum"", 9000]"
legacy_25k,full,maximum,10000,35100.0,2020-01-02T07:50:40,2026-07-13T21:30:40,12658,470087.36,158652.94,628740.3,480830.36,175873.0,54,20,57,121,58,3993.0,6750.0,10743.0,20600.0,649340.3,0,1,0,23.5,0,22,0,28516.93,3,0,2022-06-15T21:04:40,6,34,34,0,0.0588,36.62,126.04,1597.79,0,43.67,15.97,15,15,13,1,0,3,3,2384.5694,38079.1391,15.969,9612.25,118787.34,119055.28,7438.63,118635.71,7429.14,2208.541,736.7043,2769.8742,4.6263,0.3486,1911.313,639.3687,2377.6971,4.3051,0.4028,1,0,20,1,3401.4,3401.4,"[""legacy_25k"", ""full"", ""maximum"", 10000]"
legacy_25k,start_2021,minimum,0,25100.0,2021-01-04T05:19:20,2026-07-13T21:30:40,10756,167864.0,0,167864.0,204000.0,30211.05,179,9,192,417,224,13761.0,22375.0,36136.0,18200.0,186064.0,0,0,0,23.5,0,154,2,227.56,132,0,2026-06-25T23:30:00,12,170,159,11,0.0176,77.38,158.31,13688.55,94.33,177.78,8.33,14,14,12,0,0,0,0,2016.6745,16737.3715,8.2995,23596.12,12723.13,13033.84,1533.0,14365.56,1730.9,1666.5093,857.5744,2538.3507,6.0701,0.0579,1226.1968,647.391,1790.1514,5.3403,0.0936,8,0,1,1,707.15,707.15,"[""legacy_25k"", ""start_2021"", ""minimum"", 0]"
legacy_25k,start_2021,minimum,1000,26100.0,2021-01-04T05:19:20,2026-07-13T21:30:40,10756,167864.0,0,167864.0,204000.0,30211.05,179,9,192,417,224,13761.0,22375.0,36136.0,18200.0,186064.0,0,0,0,23.5,0,154,2,227.56,132,0,2026-06-25T23:30:00,12,170,159,11,0.0176,77.38,158.31,13688.55,94.33,177.78,8.33,14,14,12,0,0,0,0,2016.6745,16737.3715,8.2995,23596.12,12723.13,13033.84,1533.0,14365.56,1730.9,1666.5093,857.5744,2538.3507,6.0701,0.0579,1226.1968,647.391,1790.1514,5.3403,0.0936,8,0,1,1,707.15,707.15,"[""legacy_25k"", ""start_2021"", ""minimum"", 1000]"
legacy_25k,start_2021,minimum,2000,27100.0,2021-01-04T05:19:20,2026-07-13T21:30:40,10756,406573.0,0,406573.0,429000.0,21158.4,115,6,127,244,116,8052.0,14375.0,22427.0,18200.0,424773.0,0,0,0,23.5,0,101,24,7936.14,75,0,2026-06-25T23:30:00,8,109,95,14,0.0459,49.35,113.09,6070.84,144.2,88.78,12.6,11,11,12,0,0,0,0,2016.6745,25378.0819,12.5841,14955.41,32792.71,33003.83,2605.88,33299.72,2646.17,1798.3176,715.0792,2734.1482,9.3546,0.0267,1500.0755,536.0902,2134.3108,9.3709,0.0107,5,0,1,1,707.15,707.15,"[""legacy_25k"", ""start_2021"", ""minimum"", 2000]"
legacy_25k,start_2021,minimum,3000,28100.0,2021-01-04T05:19:20,2026-07-13T21:30:40,10756,494610.0,0,494610.0,508100.0,17309.55,67,7,79,155,75,5115.0,8375.0,13490.0,18200.0,512810.0,0,0,0,23.5,0,52,20,16537.98,31,0,2026-06-24T21:49:40,15,60,47,13,0.0667,41.35,110.02,3338.37,130.92,117.78,14.19,8,8,11,0,0,0,0,2016.6745,28602.5532,14.183,11730.94,48046.31,48199.86,3387.59,47732.6,3365.47,1853.3051,435.253,1484.9414,9.5853,0.0243,1637.1454,283.538,957.8597,9.7571,0.0089,4,0,0,0,,,"[""legacy_25k"", ""start_2021"", ""minimum"", 3000]"
legacy_25k,start_2021,minimum,3100,28200.0,2021-01-04T05:19:20,2026-07-13T21:30:40,10756,488560.0,0,488560.0,502050.0,17309.55,67,7,79,155,75,5115.0,8375.0,13490.0,18200.0,506760.0,0,0,0,23.5,0,52,20,16546.17,31,0,2026-06-24T21:49:40,14,60,47,13,0.0667,41.35,109.39,3330.18,130.29,117.78,14.2,8,8,11,0,0,0,0,2016.6745,28610.7414,14.1871,11722.75,49444.53,49598.08,3485.18,49130.41,3463.04,1853.3317,449.9087,1545.3623,9.5869,0.0243,1637.172,300.9017,1024.358,9.7589,0.0089,4,1,0,0,,,"[""legacy_25k"", ""start_2021"", ""minimum"", 3100]"
legacy_25k,start_2021,minimum,3200,28300.0,2021-01-04T05:19:20,2026-07-13T21:30:40,10756,485702.0,0,485702.0,499100.0,9715.95,66,3,79,156,76,5148.0,8250.0,13398.0,18200.0,503902.0,0,0,0,23.5,0,55,20,16550.12,34,0,2026-06-25T23:30:00,15,63,46,17,0.0635,34.76,109.39,3445.22,130.29,105.78,14.14,8,8,11,0,0,0,0,2016.6745,28495.7023,14.13,11837.79,50138.51,50291.3,3548.36,49822.85,3526.02,1854.5398,469.3315,1595.2818,9.5858,0.0189,1638.909,326.3517,1092.9573,9.7498,0.008,5,1,0,0,,,"[""legacy_25k"", ""start_2021"", ""minimum"", 3200]"
legacy_25k,start_2021,minimum,3300,28400.0,2021-01-04T05:19:20,2026-07-13T21:30:40,10756,484702.0,0,484702.0,498100.0,9715.95,66,3,79,156,76,5148.0,8250.0,13398.0,18200.0,502902.0,0,0,0,23.5,0,55,20,16551.61,34,0,2026-06-25T23:30:00,15,63,46,17,0.0635,34.76,109.39,3429.93,130.29,104.78,14.15,8,8,11,0,0,0,0,2016.6745,28510.9949,14.1376,11822.5,50862.41,51015.19,3597.66,50545.98,3575.28,1854.5398,472.4993,1615.3979,9.5935,0.0189,1638.909,328.9807,1115.7201,9.7586,0.008,5,0,0,0,,,"[""legacy_25k"", ""start_2021"", ""minimum"", 3300]"
legacy_25k,start_2021,minimum,3400,28500.0,2021-01-04T05:19:20,2026-07-13T21:30:40,10756,483202.0,0,483202.0,496600.0,10215.95,66,3,79,156,76,5148.0,8250.0,13398.0,18200.0,501402.0,0,0,0,23.5,0,55,20,16553.09,34,0,2026-06-25T23:30:00,15,63,46,17,0.0635,34.76,109.39,3426.55,130.29,104.78,14.15,8,8,11,0,0,0,0,2016.6745,28514.3718,14.1393,11819.12,51333.75,51486.54,3630.57,51017.16,3608.18,1855.4947,484.5375,1634.6334,9.5907,0.0189,1639.8639,342.4855,1137.0687,9.7553,0.008,5,0,0,0,,,"[""legacy_25k"", ""start_2021"", ""minimum"", 3400]"
legacy_25k,start_2021,minimum,3500,28600.0,2021-01-04T05:19:20,2026-07-13T21:30:40,10756,496581.0,0,496581.0,509550.0,10215.95,66,3,77,143,65,4719.0,8250.0,12969.0,18200.0,514781.0,0,0,0,23.5,0,55,20,17933.95,35,0,2026-06-25T23:30:00,12,63,46,17,0.0476,28.49,109.39,3126.99,130.29,99.78,14.5,8,8,11,0,0,0,0,2016.6745,29220.9405,14.4897,11112.55,54659.82,54826.09,3772.33,54349.28,3750.9,1861.0317,504.5135,1676.2853,10.9734,0.0183,1659.1509,335.6871,1103.4287,11.2925,0.0,4,0,0,0,,,"[""legacy_25k"", ""start_2021"", ""minimum"", 3500]"
legacy_25k,start_2021,minimum,3600,28700.0,2021-01-04T05:19:20,2026-07-13T21:30:40,10756,495819.0,0,495819.0,508050.0,10994.6,63,4,73,132,58,4356.0,7875.0,12231.0,18200.0,514019.0,0,0,0,23.5,0,51,20,18676.0,33,0,2026-06-24T21:49:40,12,59,43,16,0.0678,26.47,105.65,2963.97,126.54,94.78,14.6,8,8,10,0,0,0,0,2016.6745,29423.9549,14.5903,10909.54,56577.53,56737.01,3877.74,56145.87,3848.16,1861.5687,489.6527,1689.1188,11.9067,0.0183,1661.688,341.9549,1135.9602,12.3747,0.0,5,1,0,0,,,"[""legacy_25k"", ""start_2021"", ""minimum"", 3600]"
legacy_25k,start_2021,minimum,3700,28800.0,2021-01-04T05:19:20,2026-07-13T21:30:40,10756,504850.0,0,504850.0,516600.0,10994.6,61,4,71,125,53,4125.0,7625.0,11750.0,18200.0,523050.0,0,0,0,23.5,0,49,20,20069.27,33,0,2026-06-24T21:49:40,11,57,41,16,0.0702,25.02,105.65,2822.41,126.54,90.78,14.78,8,8,9,0,0,0,0,2016.6745,29786.512,14.7701,10546.98,58974.46,59131.82,3992.82,58499.75,3960.68,1868.2623,492.1536,1737.6868,11.914,0.0182,1668.3815,327.349,1158.0191,12.3893,0.0,4,0,0,0,,,"[""legacy_25k"", ""start_2021"", ""minimum"", 3700]"
legacy_25k,start_2021,minimum,3800,28900.0,2021-01-04T05:19:20,2026-07-13T21:30:40,10756,505608.0,0,505608.0,517200.0,10994.6,60,4,70,124,53,4092.0,7500.0,11592.0,18200.0,523808.0,0,0,0,23.5,0,48,20,20481.6,33,0,2026-06-24T21:49:40,10,56,40,16,0.0714,23.66,105.65,2769.55,126.54,90.78,14.81,8,8,9,0,0,0,0,2016.6745,29839.3759,14.7963,10494.11,60091.05,60248.41,4061.21,59610.12,4028.71,1868.2623,505.4404,1779.3559,12.6484,0.0182,1668.3815,341.4421,1204.6744,13.2117,0.0,4,0,0,0,,,"[""legacy_25k"", ""start_2021"", ""minimum"", 3800]"
legacy_25k,start_2021,minimum,3900,29000.0,2021-01-04T05:19:20,2026-07-13T21:30:40,10756,506416.0,0,506416.0,517850.0,10994.6,59,4,69,123,53,4059.0,7375.0,11434.0,18200.0,524616.0,0,0,0,23.5,0,47,20,20894.24,33,0,2026-06-24T21:49:40,10,55,39,16,0.0727,22.31,105.65,2713.6,121.95,90.78,14.84,8,8,8,0,0,0,0,2016.6745,29895.3278,14.8241,10438.16,60919.96,61077.32,4109.53,60432.65,4076.66,1868.6873,517.9348,1826.7603,13.3714,0.0183,1668.8065,354.3255,1257.8917,14.0211,0.0002,4,0,0,0,,,"[""legacy_25k"", ""start_2021"", ""minimum"", 3900]"
legacy_25k,start_2021,minimum,4000,29100.0,2021-01-04T05:19:20,2026-07-13T21:30:40,10756,508689.0,0,508689.0,520050.0,16860.25,60,6,67,117,49,3861.0,7500.0,11361.0,18200.0,526889.0,0,0,0,23.5,0,46,20,21119.75,33,0,2026-06-24T21:49:40,10,54,40,14,0.0741,23.83,98.95,2511.44,119.85,88.78,14.94,8,8,7,0,0,0,0,2016.6745,30097.4884,14.9243,10236.0,63050.52,63206.54,4224.68,62551.27,4191.23,1868.6873,534.8903,1885.8279,12.0579,0.0182,1673.4824,373.3586,1312.8224,12.5321,0.0,4,0,0,0,,,"[""legacy_25k"", ""start_2021"", ""minimum"", 4000]"
legacy_25k,start_2021,minimum,4100,29200.0,2021-01-04T05:19:20,2026-07-13T21:30:40,10756,504938.0,0,504938.0,515950.0,13358.15,58,5,65,114,48,3762.0,7250.0,11012.0,18200.0,523138.0,0,0,0,23.5,0,45,20,21405.16,33,0,2026-06-24T21:49:40,8,53,38,15,0.0755,23.55,97.67,2485.12,116.67,89.78,14.95,8,8,7,0,0,0,0,2016.6745,30123.8051,14.9374,10209.69,64368.09,64523.18,4309.2,63852.95,4274.71,1863.4437,552.9404,1994.3854,12.8054,0.0182,1669.9796,389.3411,1431.1075,13.3646,0.0,4,1,0,0,,,"[""legacy_25k"", ""start_2021"", ""minimum"", 4100]"
legacy_25k,start_2021,minimum,4200,29300.0,2021-01-04T05:19:20,2026-07-13T21:30:40,10756,503988.0,0,503988.0,515000.0,13358.15,58,5,65,114,48,3762.0,7250.0,11012.0,18200.0,522188.0,0,0,0,23.5,0,45,20,21412.32,33,0,2026-06-24T21:49:40,8,53,38,15,0.0755,23.55,95.77,2477.96,116.67,89.78,14.95,8,8,7,0,0,0,0,2016.6745,30130.9634,14.9409,10202.53,65606.26,65761.36,4391.05,65090.77,4356.54,1863.8414,561.8864,2018.3862,12.8065,0.0182,1670.3773,398.9195,1458.0221,13.3657,0.0,4,0,0,0,,,"[""legacy_25k"", ""start_2021"", ""minimum"", 4200]"
legacy_25k,start_2021,minimum,4300,29400.0,2021-01-04T05:19:20,2026-07-13T21:30:40,10756,501688.0,0,501688.0,512700.0,13358.15,58,5,65,114,48,3762.0,7250.0,11012.0,18200.0,519888.0,0,0,0,23.5,0,45,20,21429.87,33,0,2026-06-24T21:49:40,8,53,38,15,0.0755,23.55,95.77,2460.41,116.27,89.78,14.96,8,8,7,0,0,0,0,2016.6745,30148.5162,14.9496,10184.97,66697.77,66852.87,4461.5,66181.41,4426.96,1863.8414,569.5625,2039.7938,12.816,0.0182,1670.3773,407.1431,1481.9092,13.3763,0.0,4,1,0,0,,,"[""legacy_25k"", ""start_2021"", ""minimum"", 4300]"
legacy_25k,start_2021,minimum,4400,29500.0,2021-01-04T05:19:20,2026-07-13T21:30:40,10756,500213.0,0,500213.0,510850.0,8675.45,55,3,65,114,48,3762.0,6875.0,10637.0,18200.0,518413.0,0,0,0,23.5,0,44,20,21439.78,32,0,2026-06-25T23:30:00,8,52,35,17,0.0769,21.56,70.77,2493.09,116.27,98.78,14.94,8,8,7,0,0,0,0,2016.6745,30115.8315,14.9334,10217.66,67444.84,67602.53,4516.37,66927.23,4481.71,1857.9905,569.6356,2033.9166,12.798,0.0184,1669.9847,417.7696,1512.1843,13.3304,0.0001,4,0,0,0,,,"[""legacy_25k"", ""start_2021"", ""minimum"", 4400]"
legacy_25k,start_2021,minimum,4500,29600.0,2021-01-04T05:19:20,2026-07-13T21:30:40,10756,500164.0,0,500164.0,510900.0,11951.35,55,5,65,117,51,3861.0,6875.0,10736.0,18200.0,518364.0,0,0,0,23.5,0,42,20,21442.22,30,0,2026-06-24T21:49:40,8,50,35,15,0.08,22.08,95.77,2472.52,116.27,97.78,14.95,8,8,7,0,0,0,0,2016.6745,30136.4065,14.9436,10197.08,69130.64,69281.82,4626.1,68602.75,4590.77,1863.9905,588.5399,2076.5846,12.7693,0.0182,1670.5264,431.3788,1538.1669,13.3389,0.0,3,0,0,0,,,"[""legacy_25k"", ""start_2021"", ""minimum"", 4500]"
legacy_25k,start_2021,minimum,5000,30100.0,2021-01-04T05:19:20,2026-07-13T21:30:40,10756,491406.0,0,491406.0,502050.0,6646.45,54,2,65,118,52,3894.0,6750.0,10644.0,18200.0,509606.0,0,0,0,23.5,0,44,20,21470.58,32,0,2026-06-24T21:49:40,7,52,34,18,0.0769,21.34,95.06,2584.38,115.06,82.78,14.9,8,8,7,0,0,0,0,2016.6745,30024.5454,14.8881,10308.95,74496.44,74646.86,5003.74,73966.69,4968.16,1867.3657,657.2705,2310.8611,12.7148,0.0182,1673.9016,505.4511,1802.0595,13.2845,0.0,4,0,0,0,,,"[""legacy_25k"", ""start_2021"", ""minimum"", 5000]"
legacy_25k,start_2021,minimum,5700,30800.0,2021-01-04T05:19:20,2026-07-13T21:30:40,10756,475862.0,0,475862.0,486650.0,13858.15,57,5,64,111,46,3663.0,7125.0,10788.0,18200.0,494062.0,0,0,0,23.5,0,44,20,21535.04,32,0,2026-06-24T21:49:40,8,52,37,15,0.0769,22.08,91.22,2369.12,111.2,84.78,15.0,8,8,7,0,0,0,0,2016.6745,30239.8065,14.9949,10093.68,82692.83,82845.91,5514.74,82163.95,5479.46,1868.9088,765.6061,2684.5978,12.8164,0.0182,1675.4447,623.8528,2203.7082,13.3833,0.0,4,1,0,0,,,"[""legacy_25k"", ""start_2021"", ""minimum"", 5700]"
legacy_25k,start_2021,minimum,6000,31100.0,2021-01-04T05:19:20,2026-07-13T21:30:40,10756,471637.0,0,471637.0,482050.0,8675.45,54,3,64,111,46,3663.0,6750.0,10413.0,18200.0,489837.0,0,0,0,23.5,0,43,20,21549.47,31,0,2026-06-25T23:30:00,12,51,34,17,0.0784,21.34,65.31,2397.28,111.2,91.78,14.99,8,8,7,0,0,0,0,2016.6745,30211.6447,14.9809,10121.85,86159.51,86315.18,5751.28,85629.15,5715.88,1863.0553,797.904,2750.7079,12.8023,0.0182,1675.0495,668.0717,2304.3611,13.3419,0.0,4,0,0,0,,,"[""legacy_25k"", ""start_2021"", ""minimum"", 6000]"
legacy_25k,start_2021,minimum,6100,31200.0,2021-01-04T05:19:20,2026-07-13T21:30:40,10756,467187.0,0,467187.0,477600.0,8675.45,54,3,64,111,46,3663.0,6750.0,10413.0,18200.0,485387.0,0,0,0,23.5,0,43,20,21569.77,31,0,2026-06-25T23:30:00,6,51,34,17,0.0784,21.34,65.16,2376.98,111.06,91.78,15.0,8,8,7,0,0,0,0,2016.6745,30231.9495,14.991,10101.54,87160.56,87316.24,5814.2,86629.2,5778.75,1865.1937,815.8583,2812.9838,12.7971,0.0182,1677.188,688.5075,2374.187,13.3353,0.0,4,1,0,0,,,"[""legacy_25k"", ""start_2021"", ""minimum"", 6100]"
legacy_25k,start_2021,minimum,6200,31300.0,2021-01-04T05:19:20,2026-07-13T21:30:40,10756,466737.0,0,466737.0,477150.0,8675.45,54,3,64,111,46,3663.0,6750.0,10413.0,18200.0,484937.0,0,0,0,23.5,0,43,20,21575.33,31,1,2026-06-25T23:30:00,6,51,34,17,0.0784,21.34,65.16,2371.42,109.2,87.78,15.0,8,8,7,0,0,0,0,2016.6745,30237.5053,14.9937,10095.99,88170.27,88325.95,5880.47,87638.64,5845.01,1865.1937,826.9597,2882.7627,12.7983,0.0182,1677.188,699.7485,2451.1581,13.3367,0.0,4,0,1,1,137.9,137.9,"[""legacy_25k"", ""start_2021"", ""minimum"", 6200]"
legacy_25k,start_2021,minimum,6300,31400.0,2021-01-04T05:19:20,2026-07-13T21:30:40,10756,465737.0,9115.01,474852.01,476150.0,19003.25,54,5,64,111,46,3663.0,6750.0,10413.0,18200.0,493052.01,0,0,0,23.5,0,41,18,21819.66,29,5,2026-06-25T23:30:00,6,49,34,15,0.0816,21.34,63.02,2127.09,108.92,71.78,15.12,8,8,7,0,0,0,0,2016.6745,30481.8396,15.1149,9851.65,89730.33,89886.0,5936.55,89186.57,5900.57,1900.2146,867.8819,2969.9912,12.7005,0.0179,1719.9171,730.2565,2504.6106,13.1496,0.0,2,0,7,7,137.9,244.7,"[""legacy_25k"", ""start_2021"", ""minimum"", 6300]"
legacy_25k,start_2021,minimum,6400,31500.0,2021-01-04T05:19:20,2026-07-13T21:30:40,10756,467113.0,23052.65,490165.65,477500.0,33760.55,53,7,64,114,49,3762.0,6625.0,10387.0,18200.0,508365.65,0,0,0,23.5,0,38,15,22152.83,26,5,2026-06-24T21:49:40,6,46,33,13,0.087,20.56,88.02,1904.04,108.92,71.78,15.23,8,8,7,0,0,0,0,2016.6745,30704.8873,15.2255,9628.6,91147.43,91297.4,5986.5,90582.48,5949.39,1900.2146,881.672,3028.6903,12.7388,0.0179,1719.9171,741.4786,2554.861,13.1924,0.0,2,0,10,8,137.9,321.35,"[""legacy_25k"", ""start_2021"", ""minimum"", 6400]"
legacy_25k,start_2021,minimum,6500,31600.0,2021-01-04T05:19:20,2026-07-13T21:30:40,10756,467563.0,27779.76,495342.76,477950.0,39112.9,53,8,64,114,49,3762.0,6625.0,10387.0,18200.0,513542.76,0,0,0,23.5,0,37,14,22262.03,25,5,2026-06-24T21:49:40,6,45,33,12,0.0889,20.56,88.02,1794.84,108.92,71.78,15.29,8,8,7,0,0,0,0,2016.6745,30814.0894,15.2797,9519.4,92970.6,93120.57,6084.6,92400.23,6047.27,1900.2146,901.5127,3094.5528,12.7963,0.0179,1719.9171,764.5066,2627.6279,13.2559,0.0,2,0,11,9,137.9,411.6,"[""legacy_25k"", ""start_2021"", ""minimum"", 6500]"
legacy_25k,start_2021,minimum,6600,31700.0,2021-01-04T05:19:20,2026-07-13T21:30:40,10756,472725.0,73777.52,546502.52,482400.0,90222.3,51,18,56,100,43,3300.0,6375.0,9675.0,18200.0,564702.52,0,0,0,23.5,0,25,5,23242.69,13,5,2026-06-24T21:49:40,5,33,31,2,0.1212,20.49,51.21,775.0,40.2,71.78,15.79,8,8,7,0,0,0,0,2016.6745,31833.9229,15.7854,8499.57,96141.13,96289.16,6090.53,95506.76,6050.34,1900.2146,907.393,3183.0889,13.2194,0.0179,1719.9171,788.2474,2752.7555,13.7353,0.0,2,0,20,16,137.9,536.1,"[""legacy_25k"", ""start_2021"", ""minimum"", 6600]"
legacy_25k,start_2021,minimum,6700,31800.0,2021-01-04T05:19:20,2026-07-13T21:30:40,10756,473333.0,78708.3,552041.3,482850.0,93012.25,50,18,55,99,43,3267.0,6250.0,9517.0,18200.0,570241.3,0,0,0,23.5,0,24,4,23348.34,12,4,2026-06-24T21:49:40,4,32,30,2,0.125,19.87,51.21,738.25,40.2,71.78,15.81,8,8,7,0,0,0,0,2016.6745,31870.6729,15.8036,8462.82,97286.19,97434.22,6155.96,96648.97,6115.64,1900.2146,915.4231,3250.3466,13.2387,0.0179,1719.9171,796.4941,2827.0637,13.7582,0.0,2,0,20,16,149.5,637.9,"[""legacy_25k"", ""start_2021"", ""minimum"", 6700]"
legacy_25k,start_2021,minimum,6800,31900.0,2021-01-04T05:19:20,2026-07-13T21:30:40,10756,475321.0,100260.26,575581.26,483850.0,109507.25,45,20,48,88,39,2904.0,5625.0,8529.0,18200.0,593781.26,0,0,0,23.5,0,17,0,23770.93,5,0,2023-10-23T22:12:40,3,25,25,0,0.16,19.26,51.21,514.63,0,71.78,15.92,8,8,7,0,0,0,0,2016.6745,32094.2938,15.9145,8239.2,99201.03,99346.6,6233.39,98531.12,6191.29,1900.2146,886.8319,3088.5271,13.3564,0.0179,1719.9171,777.925,2703.5969,13.9148,0.0,2,0,20,16,321.35,744.7,"[""legacy_25k"", ""start_2021"", ""minimum"", 6800]"
legacy_25k,start_2021,minimum,6900,32000.0,2021-01-04T05:19:20,2026-07-13T21:30:40,10756,473971.0,101610.26,575581.26,482500.0,111007.25,45,20,48,88,39,2904.0,5625.0,8529.0,18200.0,593781.26,0,0,0,23.5,0,17,0,23770.93,5,0,2023-10-23T22:12:40,3,25,25,0,0.16,19.26,51.21,514.63,0,71.78,15.92,8,8,7,0,0,0,0,2016.6745,32094.2938,15.9145,8239.2,100115.58,100261.15,6290.85,99445.67,6248.76,1900.2146,892.3384,3072.3061,13.3564,0.0179,1719.9171,784.2334,2685.6756,13.9148,0.0,2,0,20,16,411.6,821.35,"[""legacy_25k"", ""start_2021"", ""minimum"", 6900]"
legacy_25k,start_2021,minimum,7000,32100.0,2021-01-04T05:19:20,2026-07-13T21:30:40,10756,473521.0,102060.26,575581.26,482050.0,111507.25,45,20,48,88,39,2904.0,5625.0,8529.0,18200.0,593781.26,0,0,0,23.5,0,17,0,23770.93,5,0,2023-10-23T22:12:40,3,25,25,0,0.16,19.26,51.21,514.63,0,71.78,15.92,8,8,7,0,0,0,0,2016.6745,32094.2938,15.9145,8239.2,101635.38,101780.95,6386.35,100965.47,6344.26,1900.2146,918.3175,3134.2164,13.3564,0.0179,1719.9171,813.1214,2754.0758,13.9148,0.0,2,0,20,16,472.85,911.6,"[""legacy_25k"", ""start_2021"", ""minimum"", 7000]"
legacy_25k,start_2021,minimum,7100,32200.0,2021-01-04T05:19:20,2026-07-13T21:30:40,10756,469571.0,106010.26,575581.26,478100.0,115507.25,45,20,48,88,39,2904.0,5625.0,8529.0,18200.0,593781.26,0,0,0,23.5,0,17,0,23770.93,5,0,2023-10-23T22:12:40,3,25,25,0,0.16,19.26,51.21,514.63,0,71.78,15.92,8,8,7,0,0,0,0,2016.6745,32094.2938,15.9145,8239.2,102753.1,102898.67,6456.59,102083.2,6414.49,1900.2146,940.1952,3212.8543,13.3564,0.0179,1719.9171,837.4113,2840.9573,13.9148,0.0,2,0,20,16,536.1,1020.55,"[""legacy_25k"", ""start_2021"", ""minimum"", 7100]"
legacy_25k,start_2021,minimum,7200,32300.0,2021-01-04T05:19:20,2026-07-13T21:30:40,10756,468621.0,106960.26,575581.26,477150.0,116507.25,45,20,48,88,39,2904.0,5625.0,8529.0,18200.0,593781.26,0,0,0,23.5,0,17,0,23770.93,5,0,2023-10-23T22:12:40,3,25,25,0,0.16,19.26,51.21,514.63,0,71.78,15.92,8,8,7,0,0,0,0,2016.6745,32094.2938,15.9145,8239.2,103732.14,103877.71,6518.1,103062.23,6476.01,1900.2146,951.7586,3270.0727,13.3564,0.0179,1719.9171,850.4024,2904.1738,13.9148,0.0,2,0,20,16,649.5,1137.9,"[""legacy_25k"", ""start_2021"", ""minimum"", 7200]"
legacy_25k,start_2021,minimum,7300,32400.0,2021-01-04T05:19:20,2026-07-13T21:30:40,10756,465821.0,109760.26,575581.26,474350.0,119507.25,45,20,48,88,39,2904.0,5625.0,8529.0,18200.0,593781.26,0,0,0,23.5,0,17,0,23770.93,5,0,2023-10-23T22:12:40,3,25,25,0,0.16,19.26,51.21,514.63,0,71.78,15.92,8,8,7,0,0,0,0,2016.6745,32094.2938,15.9145,8239.2,104966.44,105112.01,6595.66,104296.54,6553.57,1900.2146,962.3564,3279.1015,13.3564,0.0179,1719.9171,862.2332,2914.1491,13.9148,0.0,2,0,20,16,821.35,1244.7,"[""legacy_25k"", ""start_2021"", ""minimum"", 7300]"
legacy_25k,start_2021,minimum,7400,32500.0,2021-01-04T05:19:20,2026-07-13T21:30:40,10756,464471.0,111110.26,575581.26,473000.0,121007.25,45,20,48,88,39,2904.0,5625.0,8529.0,18200.0,593781.26,0,0,0,23.5,0,17,0,23770.93,5,0,2023-10-23T22:12:40,3,25,25,0,0.16,19.26,51.21,514.63,0,71.78,15.92,8,8,7,0,0,0,0,2016.6745,32094.2938,15.9145,8239.2,105884.71,106030.28,6653.36,105214.8,6611.27,1900.2146,968.8902,3264.9573,13.3564,0.0179,1719.9171,869.5567,2898.5222,13.9148,0.0,2,0,20,16,911.6,1321.35,"[""legacy_25k"", ""start_2021"", ""minimum"", 7400]"
legacy_25k,start_2021,minimum,7500,32600.0,2021-01-04T05:19:20,2026-07-13T21:30:40,10756,464021.0,111560.26,575581.26,472550.0,121507.25,45,20,48,88,39,2904.0,5625.0,8529.0,18200.0,593781.26,0,0,0,23.5,0,17,0,23770.93,5,0,2023-10-23T22:12:40,3,25,25,0,0.16,19.26,51.21,514.63,0,71.78,15.92,8,8,7,0,0,0,0,2016.6745,32094.2938,15.9145,8239.2,107450.13,107595.7,6751.73,106780.23,6709.63,1900.2146,994.2711,3323.4298,13.3564,0.0179,1719.9171,897.7061,2963.1243,13.9148,0.0,2,0,20,16,972.85,1411.6,"[""legacy_25k"", ""start_2021"", ""minimum"", 7500]"
legacy_25k,start_2021,minimum,8000,33100.0,2021-01-04T05:19:20,2026-07-13T21:30:40,10756,454521.0,121060.26,575581.26,463050.0,131507.25,45,20,48,88,39,2904.0,5625.0,8529.0,18200.0,593781.26,0,0,0,23.5,0,17,0,23770.93,5,0,2023-10-23T22:12:40,3,25,25,0,0.16,19.26,51.21,514.63,0,71.78,15.92,8,8,7,0,0,0,0,2016.6745,32094.2938,15.9145,8239.2,112847.61,112993.18,7090.88,112177.71,7048.79,1900.2146,1079.8462,3609.2184,13.3564,0.0179,1719.9171,993.6451,3278.8718,13.9148,0.0,2,0,20,16,1472.85,1911.6,"[""legacy_25k"", ""start_2021"", ""minimum"", 8000]"
legacy_25k,start_2021,minimum,9000,34100.0,2021-01-04T05:19:20,2026-07-13T21:30:40,10756,435321.0,140260.26,575581.26,443850.0,151507.25,45,20,48,88,39,2904.0,5625.0,8529.0,18200.0,593781.26,0,0,0,23.5,0,17,0,23770.93,5,0,2023-10-23T22:12:40,3,25,25,0,0.16,19.26,51.21,514.63,0,71.78,15.92,8,8,7,0,0,0,0,2016.6745,32094.2938,15.9145,8239.2,123039.11,123184.68,7731.28,122369.2,7689.18,1900.2146,1241.5324,4111.7859,13.3564,0.0179,1719.9171,1174.8082,3834.1231,13.9148,0.0,2,0,20,16,2472.85,2911.6,"[""legacy_25k"", ""start_2021"", ""minimum"", 9000]"
legacy_25k,start_2021,minimum,10000,35100.0,2021-01-04T05:19:20,2026-07-13T21:30:40,10756,415921.0,159660.26,575581.26,424450.0,171507.25,45,20,48,88,39,2904.0,5625.0,8529.0,18200.0,593781.26,0,0,0,23.5,0,17,0,23770.93,5,0,2023-10-23T22:12:40,3,25,25,0,0.16,19.26,51.21,514.63,0,71.78,15.92,8,8,7,0,0,0,0,2016.6745,32094.2938,15.9145,8239.2,132690.36,132835.93,8337.72,132020.45,8295.63,1900.2146,1353.648,4435.7293,13.3564,0.0179,1719.9171,1300.3319,4192.0253,13.9148,0.0,2,0,20,16,3472.85,3911.6,"[""legacy_25k"", ""start_2021"", ""minimum"", 10000]"
legacy_25k,start_2021,maximum,0,25100.0,2021-01-04T05:19:20,2026-07-13T21:30:40,10756,222734.82,0,222734.82,262591.82,29211.05,199,9,213,454,240,14982.0,24875.0,39857.0,18200.0,240934.82,0,0,0,23.5,0,174,0,96.9,141,0,2026-06-25T23:30:00,9,190,179,11,0.0158,85.11,158.31,16635.74,94.33,228.78,6.81,14,14,12,0,0,0,0,2016.6745,13675.1898,6.7811,26658.3,8365.46,8706.53,1233.65,10414.76,1535.86,1485.7676,837.7054,2432.7275,5.2226,0.0389,875.1528,613.2605,1734.7015,4.3325,0.0594,11,2,1,1,707.15,707.15,"[""legacy_25k"", ""start_2021"", ""maximum"", 0]"
legacy_25k,start_2021,maximum,1000,26100.0,2021-01-04T05:19:20,2026-07-13T21:30:40,10756,207261.0,0,207261.0,247349.0,25870.65,199,8,212,461,248,15213.0,24875.0,40088.0,18200.0,225461.0,0,0,0,23.5,0,175,0,96.9,142,0,2026-06-25T23:30:00,11,191,179,12,0.0157,83.0,154.37,16404.25,94.33,242.78,6.92,15,15,12,0,0,0,0,2016.6745,13906.6766,6.8958,26426.81,8260.96,8597.18,1197.96,10315.39,1495.88,1527.7657,803.0506,2303.0708,5.0777,0.0459,972.4641,703.282,1799.6304,4.0339,0.0755,12,1,1,1,707.15,707.15,"[""legacy_25k"", ""start_2021"", ""maximum"", 1000]"
legacy_25k,start_2021,maximum,2000,27100.0,2021-01-04T05:19:20,2026-07-13T21:30:40,10756,209446.45,0,209446.45,244514.45,29211.05,176,9,188,396,207,13068.0,22000.0,35068.0,18200.0,227646.45,0,0,0,23.5,0,159,7,718.9,131,0,2026-06-25T23:30:00,19,167,156,11,0.0299,78.6,159.04,13655.07,94.33,150.78,8.85,14,14,12,0,0,0,0,2016.6745,17793.8588,8.8234,22539.63,13530.44,13831.51,1533.48,15005.85,1700.69,1641.4308,826.5631,2406.5244,5.1613,0.0306,1198.459,557.341,1462.8614,4.0935,0.0151,9,1,1,1,707.15,707.15,"[""legacy_25k"", ""start_2021"", ""maximum"", 2000]"
legacy_25k,start_2021,maximum,3000,28100.0,2021-01-04T05:19:20,2026-07-13T21:30:40,10756,363933.6,0,363933.6,390854.6,22563.15,133,8,147,312,164,10296.0,16625.0,26921.0,18200.0,382133.6,0,0,0,23.5,0,117,30,4049.5,96,0,2026-06-25T23:30:00,17,125,113,12,0.032,81.16,160.64,10225.29,94.33,171.78,10.79,14,14,11,0,0,0,0,2016.6745,21715.631,10.768,18617.86,24206.1,24429.93,2247.96,24841.76,2306.99,1738.9951,544.2452,1792.8779,5.0233,0.0398,1393.6574,325.3441,1069.3336,4.3037,0.0776,12,1,0,0,,,"[""legacy_25k"", ""start_2021"", ""maximum"", 3000]"
legacy_25k,start_2021,maximum,3100,28200.0,2021-01-04T05:19:20,2026-07-13T21:30:40,10756,367812.25,0,367812.25,394898.25,28153.45,133,10,144,317,172,10461.0,16625.0,27086.0,18200.0,386012.25,0,0,0,23.5,0,115,30,4551.43,94,0,2026-06-29T20:30:00,19,123,113,10,0.0325,77.31,173.37,9716.77,42.02,108.78,11.04,17,17,11,0,0,0,0,2016.6745,22224.1516,11.0202,18109.34,26302.17,26517.83,2386.72,26837.62,2435.31,1752.2176,836.8126,2649.1333,5.1818,0.0231,1420.544,567.0158,1737.519,4.47,0.0262,6,2,1,1,1018.55,1018.55,"[""legacy_25k"", ""start_2021"", ""maximum"", 3100]"
legacy_25k,start_2021,maximum,3200,28300.0,2021-01-04T05:19:20,2026-07-13T21:30:40,10756,362294.9,0,362294.9,389380.9,28253.45,133,10,144,317,172,10461.0,16625.0,27086.0,18200.0,380494.9,0,0,0,23.5,0,115,30,4564.11,94,0,2026-06-29T20:30:00,19,123,113,10,0.0325,77.04,173.37,9702.04,42.02,108.78,11.04,17,17,11,0,0,0,0,2016.6745,22238.8819,11.0275,18094.61,26765.81,26981.47,2427.19,27300.54,2475.68,1752.4866,847.8741,2696.9624,5.1556,0.0232,1420.813,581.6526,1788.2071,4.4378,0.0263,6,2,1,1,1018.55,1018.55,"[""legacy_25k"", ""start_2021"", ""maximum"", 3200]"
legacy_25k,start_2021,maximum,3300,28400.0,2021-01-04T05:19:20,2026-07-13T21:30:40,10756,395406.65,0,395406.65,418988.65,29530.2,115,10,127,279,151,9207.0,14375.0,23582.0,18200.0,413606.65,0,0,0,23.5,0,97,20,9949.79,76,0,2026-06-24T21:49:40,20,105,95,10,0.0381,73.8,167.16,8395.21,94.33,87.78,11.69,14,14,11,0,0,0,0,2016.6745,23545.7139,11.6755,16787.78,29202.18,29408.49,2501.15,29457.83,2523.04,1774.0567,696.8606,2235.4561,4.1205,0.2034,1433.1528,444.8768,1416.9964,3.5039,0.2451,5,2,1,1,707.15,707.15,"[""legacy_25k"", ""start_2021"", ""maximum"", 3300]"
legacy_25k,start_2021,maximum,3400,28500.0,2021-01-04T05:19:20,2026-07-13T21:30:40,10756,391883.65,0,391883.65,415465.65,29530.2,115,10,127,279,151,9207.0,14375.0,23582.0,18200.0,410083.65,0,0,0,23.5,0,97,20,9949.79,76,0,2026-06-24T21:49:40,20,105,95,10,0.0381,73.8,167.16,8427.13,94.33,87.78,11.68,14,14,11,0,0,0,0,2016.6745,23513.794,11.6597,16819.7,30005.33,30211.64,2573.43,30262.57,2595.49,1774.2845,711.6246,2299.0675,4.3431,0.1921,1433.3806,460.7952,1491.2299,3.7796,0.2224,5,1,1,1,707.15,707.15,"[""legacy_25k"", ""start_2021"", ""maximum"", 3400]"
legacy_25k,start_2021,maximum,3500,28600.0,2021-01-04T05:19:20,2026-07-13T21:30:40,10756,389203.7,0,389203.7,412785.7,29530.2,115,10,127,279,151,9207.0,14375.0,23582.0,18200.0,407403.7,0,0,0,23.5,0,97,20,9950.91,76,0,2026-06-24T21:49:40,20,105,95,10,0.0381,74.42,167.1,8489.69,94.33,87.78,11.64,14,14,11,0,0,0,0,2016.6745,23451.2352,11.6287,16882.26,30919.22,31125.53,2658.88,31179.56,2681.27,1774.34,730.9701,2341.3686,4.5151,0.2032,1433.4361,481.3147,1536.5372,3.9925,0.2448,5,1,1,1,707.15,707.15,"[""legacy_25k"", ""start_2021"", ""maximum"", 3500]"
legacy_25k,start_2021,maximum,3600,28700.0,2021-01-04T05:19:20,2026-07-13T21:30:40,10756,386330.05,0,386330.05,409912.05,29530.2,115,10,127,279,151,9207.0,14375.0,23582.0,18200.0,404530.05,0,0,0,23.5,0,97,20,9950.91,76,0,2026-06-24T21:49:40,20,105,95,10,0.0381,73.8,167.1,8326.12,94.33,87.78,11.72,14,14,11,0,0,0,0,2016.6745,23614.8032,11.7098,16718.69,31774.02,31980.33,2713.46,32026.25,2735.0,1774.3965,743.4641,2414.5822,4.6789,0.1776,1433.4926,499.1734,1624.2195,4.1952,0.2046,5,1,1,1,707.15,707.15,"[""legacy_25k"", ""start_2021"", ""maximum"", 3600]"
legacy_25k,start_2021,maximum,3700,28800.0,2021-01-04T05:19:20,2026-07-13T21:30:40,10756,384262.45,0,384262.45,407844.45,29530.2,115,10,127,279,151,9207.0,14375.0,23582.0,18200.0,402462.45,0,0,0,23.5,0,97,20,9950.91,76,0,2026-06-24T21:49:40,20,105,95,10,0.0381,73.8,167.1,8423.68,94.33,86.78,11.68,14,14,11,0,0,0,0,2016.6745,23517.2444,11.6614,16816.25,32590.77,32797.08,2794.76,32847.84,2816.8,1774.8671,755.0644,2391.0887,4.4537,0.1918,1433.9632,504.5091,1589.7025,3.9166,0.2221,5,1,1,1,707.15,707.15,"[""legacy_25k"", ""start_2021"", ""maximum"", 3700]"
legacy_25k,start_2021,maximum,3800,28900.0,2021-01-04T05:19:20,2026-07-13T21:30:40,10756,380445.1,0,380445.1,404027.1,29530.2,115,10,127,279,151,9207.0,14375.0,23582.0,18200.0,398645.1,0,0,0,23.5,0,97,20,9950.91,76,0,2026-06-24T21:49:40,20,105,95,10,0.0381,73.8,167.1,8388.18,94.33,86.78,11.69,14,14,11,0,0,0,0,2016.6745,23552.7458,11.679,16780.74,33270.97,33477.28,2848.79,33526.27,2870.65,1775.2956,763.2774,2426.1267,4.5053,0.1779,1434.3917,511.1568,1628.1237,3.9808,0.2049,5,1,1,1,707.15,707.15,"[""legacy_25k"", ""start_2021"", ""maximum"", 3800]"
legacy_25k,start_2021,maximum,3900,29000.0,2021-01-04T05:19:20,2026-07-13T21:30:40,10756,376627.75,0,376627.75,400209.75,29530.2,115,10,127,279,151,9207.0,14375.0,23582.0,18200.0,394827.75,0,0,0,23.5,0,97,20,9952.0,76,0,2026-06-24T21:49:40,20,105,95,10,0.0381,73.8,167.04,8351.44,94.33,86.78,11.71,14,14,11,0,0,0,0,2016.6745,23589.4898,11.6972,16744.0,33958.12,34164.42,2903.09,34211.6,2924.76,1775.3505,768.7794,2432.8637,4.4367,0.192,1434.4465,515.2215,1631.6593,3.8958,0.2223,5,1,1,1,707.15,707.15,"[""legacy_25k"", ""start_2021"", ""maximum"", 3900]"
legacy_25k,start_2021,maximum,4000,29100.0,2021-01-04T05:19:20,2026-07-13T21:30:40,10756,367748.25,0,367748.25,391929.25,29530.2,119,10,131,282,150,9306.0,14875.0,24181.0,18200.0,385948.25,0,0,0,23.5,0,101,20,9602.0,77,0,2026-06-24T21:49:40,20,109,99,10,0.0367,73.44,167.04,8378.59,94.33,80.78,11.68,14,14,9,0,0,0,0,2016.6745,23524.3387,11.6649,16809.15,34269.06,34487.94,2937.79,34579.61,2964.41,1783.9595,806.081,2530.9305,4.8674,0.1982,1434.5475,555.2876,1759.2046,4.3775,0.2237,4,1,1,1,707.15,707.15,"[""legacy_25k"", ""start_2021"", ""maximum"", 4000]"
legacy_25k,start_2021,maximum,4100,29200.0,2021-01-04T05:19:20,2026-07-13T21:30:40,10756,363099.9,0,363099.9,387280.9,29530.2,119,10,131,282,150,9306.0,14875.0,24181.0,18200.0,381299.9,0,0,0,23.5,0,101,20,9644.76,77,0,2026-06-24T21:49:40,19,109,99,10,0.0367,73.44,164.79,8313.92,94.33,77.78,11.72,14,14,9,0,0,0,0,2016.6745,23589.0049,11.697,16744.49,35140.86,35359.74,3004.27,35448.2,3030.54,1792.2333,832.9983,2622.8649,5.103,0.0581,1450.6225,587.562,1866.1686,4.6532,0.0546,4,1,1,1,707.15,707.15,"[""legacy_25k"", ""start_2021"", ""maximum"", 4100]"
legacy_25k,start_2021,maximum,4200,29300.0,2021-01-04T05:19:20,2026-07-13T21:30:40,10756,359982.05,0,359982.05,384163.05,29530.2,119,10,131,282,150,9306.0,14875.0,24181.0,18200.0,378182.05,0,0,0,23.5,0,101,20,9644.81,77,0,2026-06-24T21:49:40,19,109,99,10,0.0367,73.44,164.79,8324.2,94.33,77.78,11.71,14,14,9,0,0,0,0,2016.6745,23578.7269,11.6919,16754.76,35749.65,35968.53,3057.65,36057.5,3083.98,1787.4417,846.5506,2659.9928,4.9964,0.0553,1438.0296,609.151,1918.9163,4.5389,0.0461,4,1,1,1,707.15,707.15,"[""legacy_25k"", ""start_2021"", ""maximum"", 4200]"
legacy_25k,start_2021,maximum,4300,29400.0,2021-01-04T05:19:20,2026-07-13T21:30:40,10756,360005.85,0,360005.85,384391.85,33968.4,118,12,129,292,162,9636.0,14750.0,24386.0,18200.0,378205.85,0,0,0,23.5,0,98,20,9646.06,74,0,2026-06-24T21:49:40,20,106,98,8,0.0377,76.73,189.79,8347.94,42.02,78.78,11.7,17,17,11,0,0,0,0,2016.6745,23554.9863,11.6801,16778.5,36531.52,36750.94,3127.67,36829.34,3153.17,1803.8972,897.4939,2735.7812,5.0203,0.1142,1472.2609,673.0127,2005.558,4.5056,0.1229,4,1,1,1,1018.55,1018.55,"[""legacy_25k"", ""start_2021"", ""maximum"", 4300]"
legacy_25k,start_2021,maximum,4400,29500.0,2021-01-04T05:19:20,2026-07-13T21:30:40,10756,356833.85,0,356833.85,381219.85,34466.75,118,12,129,292,162,9636.0,14750.0,24386.0,18200.0,375033.85,0,0,0,23.5,0,98,20,9646.06,74,0,2026-06-24T21:49:40,20,106,98,8,0.0377,76.73,189.79,8353.97,42.02,78.78,11.7,17,17,11,0,0,0,0,2016.6745,23548.9574,11.6771,16784.53,37201.14,37420.57,3185.81,37499.27,3211.34,1803.8972,906.8101,2746.3869,5.1047,0.1402,1472.4389,683.6081,2016.3148,4.6084,0.155,4,1,1,1,1018.55,1018.55,"[""legacy_25k"", ""start_2021"", ""maximum"", 4400]"
legacy_25k,start_2021,maximum,4500,29600.0,2021-01-04T05:19:20,2026-07-13T21:30:40,10756,463830.62,0,463830.62,477780.62,12556.5,72,5,81,150,68,4950.0,9000.0,13950.0,18200.0,482030.62,0,0,0,23.5,0,59,20,16425.58,35,0,2026-06-24T21:49:40,20,67,52,15,0.0597,42.87,98.02,3459.49,118.92,102.78,14.11,8,8,9,0,0,0,0,2016.6745,28443.4324,14.1041,11890.06,48248.15,48417.6,3420.85,47998.83,3403.18,1849.8287,543.3808,1728.9659,4.6193,0.3604,1634.1065,387.0211,1194.7983,4.0648,0.3832,6,2,0,0,,,"[""legacy_25k"", ""start_2021"", ""maximum"", 4500]"
legacy_25k,start_2021,maximum,5000,30100.0,2021-01-04T05:19:20,2026-07-13T21:30:40,10756,448922.68,0,448922.68,462688.68,6938.0,70,2,83,152,68,5016.0,8750.0,13766.0,18200.0,467122.68,0,0,0,23.5,0,60,20,16305.52,35,0,2026-06-24T21:49:40,20,68,50,18,0.0588,29.2,95.22,3492.83,116.12,92.78,14.1,8,8,9,0,0,0,0,2016.6745,28410.0979,14.0876,11923.39,52403.45,52577.22,3719.83,52202.53,3705.57,1857.4986,601.4223,1891.3249,4.8002,0.2868,1649.5775,434.9969,1351.0383,4.2264,0.3097,5,1,0,0,,,"[""legacy_25k"", ""start_2021"", ""maximum"", 5000]"
legacy_25k,start_2021,maximum,5700,30800.0,2021-01-04T05:19:20,2026-07-13T21:30:40,10756,481300.61,0,481300.61,492088.61,13858.15,57,5,64,111,46,3663.0,7125.0,10788.0,18200.0,499500.61,0,0,0,23.5,0,44,20,21520.13,32,0,2026-06-24T21:49:40,20,52,37,15,0.0769,22.08,91.64,2384.02,112.54,85.78,15.0,8,8,7,0,0,0,0,2016.6745,30224.9037,14.9875,10108.59,67523.28,67676.37,4505.31,66995.14,4470.07,1867.5713,635.4662,2259.9988,4.4812,0.3568,1674.1072,484.1672,1736.0151,4.0853,0.3777,4,1,0,0,,,"[""legacy_25k"", ""start_2021"", ""maximum"", 5700]"
legacy_25k,start_2021,maximum,6000,31100.0,2021-01-04T05:19:20,2026-07-13T21:30:40,10756,475600.59,0,475600.59,486388.59,13858.15,57,5,64,111,46,3663.0,7125.0,10788.0,18200.0,493800.59,0,0,0,23.5,0,44,20,21528.51,32,0,2026-06-24T21:49:40,20,52,37,15,0.0769,22.08,91.22,2375.65,112.12,85.78,15.0,8,8,7,0,0,0,0,2016.6745,30233.2787,14.9916,10100.21,71271.4,71424.48,4754.07,70742.84,4718.82,1867.99,689.035,2402.5672,4.5446,0.3313,1674.5259,540.5133,1891.1983,4.1562,0.3492,4,1,0,0,,,"[""legacy_25k"", ""start_2021"", ""maximum"", 6000]"
legacy_25k,start_2021,maximum,6100,31200.0,2021-01-04T05:19:20,2026-07-13T21:30:40,10756,474075.59,0,474075.59,484488.59,8675.45,54,3,64,111,46,3663.0,6750.0,10413.0,18200.0,492275.59,0,0,0,23.5,0,43,20,21546.88,31,0,2026-06-25T23:30:00,20,51,34,17,0.0784,21.34,65.31,2399.87,111.2,93.78,14.99,8,8,7,0,0,0,0,2016.6745,30209.0593,14.9796,10124.43,72326.04,72481.71,4828.29,71795.81,4792.89,1862.9088,689.2727,2407.5949,4.5539,0.3326,1674.903,550.6141,1923.7343,4.1677,0.3497,4,1,0,0,,,"[""legacy_25k"", ""start_2021"", ""maximum"", 6100]"
legacy_25k,start_2021,maximum,6200,31300.0,2021-01-04T05:19:20,2026-07-13T21:30:40,10756,472175.59,0,472175.59,482588.59,8675.45,54,3,64,111,46,3663.0,6750.0,10413.0,18200.0,490375.59,0,0,0,23.5,0,43,20,21546.88,31,0,2026-06-25T23:30:00,20,51,34,17,0.0784,21.34,65.31,2399.87,111.2,93.78,14.99,8,8,7,0,0,0,0,2016.6745,30209.0593,14.9796,10124.43,73443.32,73598.99,4902.88,72913.09,4867.48,1862.9088,699.592,2402.4877,4.3789,0.3326,1674.903,560.6136,1916.7249,3.973,0.3497,4,1,0,0,,,"[""legacy_25k"", ""start_2021"", ""maximum"", 6200]"
legacy_25k,start_2021,maximum,6300,31400.0,2021-01-04T05:19:20,2026-07-13T21:30:40,10756,470275.59,0,470275.59,480688.59,8675.45,54,3,64,111,46,3663.0,6750.0,10413.0,18200.0,488475.59,0,0,0,23.5,0,43,20,21549.81,31,0,2026-06-25T23:30:00,20,51,34,17,0.0784,21.34,65.16,2396.94,111.06,93.78,14.99,8,8,7,0,0,0,0,2016.6745,30211.9898,14.9811,10121.5,74455.33,74611.01,4969.95,73924.96,4934.55,1863.0553,708.3874,2443.9944,4.6079,0.3585,1675.0495,570.0974,1961.604,4.2277,0.3784,4,1,0,0,,,"[""legacy_25k"", ""start_2021"", ""maximum"", 6300]"
legacy_25k,start_2021,maximum,6400,31500.0,2021-01-04T05:19:20,2026-07-13T21:30:40,10756,468375.59,0,468375.59,478788.59,8675.45,54,3,64,111,46,3663.0,6750.0,10413.0,18200.0,486575.59,0,0,0,23.5,0,43,20,21549.81,31,0,2026-06-25T23:30:00,20,51,34,17,0.0784,21.34,65.16,2396.94,111.06,93.78,14.99,8,8,7,0,0,0,0,2016.6745,30211.9898,14.9811,10121.5,75427.67,75583.35,5034.86,74897.3,4999.45,1863.0553,717.1944,2497.5463,4.771,0.3327,1675.0495,578.7917,2019.8376,4.4092,0.3497,4,1,0,0,,,"[""legacy_25k"", ""start_2021"", ""maximum"", 6400]"
legacy_25k,start_2021,maximum,6500,31600.0,2021-01-04T05:19:20,2026-07-13T21:30:40,10756,466501.6,0,466501.6,476888.6,7646.45,53,2,64,114,49,3762.0,6625.0,10387.0,18200.0,484701.6,0,0,0,23.5,0,43,20,21586.88,31,0,2026-06-24T21:49:40,20,51,33,18,0.0784,20.56,88.31,2469.99,109.2,79.78,14.95,8,8,7,0,0,0,0,2016.6745,30138.9403,14.9449,10194.55,76448.93,76598.9,5115.4,75912.04,5079.47,1870.9088,749.202,2532.2483,4.5451,0.3323,1677.4447,603.4768,2039.1501,4.1714,0.3504,4,1,0,0,,,"[""legacy_25k"", ""start_2021"", ""maximum"", 6500]"
legacy_25k,start_2021,maximum,6600,31700.0,2021-01-04T05:19:20,2026-07-13T21:30:40,10756,464601.6,0,464601.6,474988.6,7646.45,53,2,64,114,49,3762.0,6625.0,10387.0,18200.0,482801.6,0,0,0,23.5,0,43,20,21589.87,31,0,2026-06-24T21:49:40,20,51,33,18,0.0784,20.56,88.16,2467.0,109.05,79.78,14.95,8,8,7,0,0,0,0,2016.6745,30141.9264,14.9464,10191.56,77695.61,77845.59,5198.3,77158.58,5162.37,1871.0581,772.1475,2644.0216,4.8356,0.3323,1677.594,631.0729,2162.5304,4.4954,0.3504,4,1,0,0,,,"[""legacy_25k"", ""start_2021"", ""maximum"", 6600]"
legacy_25k,start_2021,maximum,6700,31800.0,2021-01-04T05:19:20,2026-07-13T21:30:40,10756,462491.6,0,462491.6,473088.6,10713.8,56,4,63,109,45,3597.0,7000.0,10597.0,18200.0,480691.6,0,0,0,23.5,0,44,20,21658.0,32,20,2026-06-24T21:49:40,20,52,36,16,0.0769,21.34,84.75,2326.05,105.65,78.78,15.03,8,8,7,0,0,0,0,2016.6745,30282.8731,15.0162,10050.62,79157.51,79310.25,5271.46,78619.27,5235.62,1868.4646,796.6441,2690.1376,4.8216,0.3346,1680.4588,658.7369,2199.203,4.4618,0.3518,4,1,20,1,101.4,101.4,"[""legacy_25k"", ""start_2021"", ""maximum"", 6700]"
legacy_25k,start_2021,maximum,6800,31900.0,2021-01-04T05:19:20,2026-07-13T21:30:40,10756,473081.1,102500.25,575581.35,481610.1,111873.0,45,20,48,88,39,2904.0,5625.0,8529.0,18200.0,593781.35,0,0,0,23.5,0,17,0,23770.93,5,0,2023-10-23T22:12:40,3,25,25,0,0.16,19.26,51.21,514.63,0,71.78,15.92,8,8,7,0,0,0,0,2016.6745,32094.2938,15.9145,8239.2,84583.12,84728.69,5314.86,83913.22,5272.76,1900.2146,750.453,2564.3343,4.764,0.3846,1719.9171,629.117,2124.4535,4.4216,0.4052,2,0,20,1,201.4,201.4,"[""legacy_25k"", ""start_2021"", ""maximum"", 6800]"
legacy_25k,start_2021,maximum,6900,32000.0,2021-01-04T05:19:20,2026-07-13T21:30:40,10756,471181.1,104400.25,575581.35,479710.1,113873.0,45,20,48,88,39,2904.0,5625.0,8529.0,18200.0,593781.35,0,0,0,23.5,0,17,0,23770.93,5,0,2023-10-23T22:12:40,3,25,25,0,0.16,19.26,51.21,514.63,0,71.78,15.92,8,8,7,0,0,0,0,2016.6745,32094.2938,15.9145,8239.2,85905.51,86051.08,5397.95,85235.6,5355.86,1900.2146,767.4084,2627.8039,4.8861,0.3846,1719.9171,647.3082,2194.5765,4.5565,0.4052,2,0,20,1,301.4,301.4,"[""legacy_25k"", ""start_2021"", ""maximum"", 6900]"
legacy_25k,start_2021,maximum,7000,32100.0,2021-01-04T05:19:20,2026-07-13T21:30:40,10756,469281.09,106300.25,575581.34,477810.09,115873.0,45,20,48,88,39,2904.0,5625.0,8529.0,18200.0,593781.34,0,0,0,23.5,0,17,0,23770.93,5,0,2023-10-23T22:12:40,3,25,25,0,0.16,19.26,51.21,514.63,0,71.78,15.92,8,8,7,0,0,0,0,2016.6745,32094.2938,15.9145,8239.2,86983.61,87129.18,5465.7,86313.7,5423.6,1900.2146,776.5045,2612.9456,4.6261,0.3846,1719.9171,656.4462,2178.1607,4.2693,0.4052,2,0,20,1,401.4,401.4,"[""legacy_25k"", ""start_2021"", ""maximum"", 7000]"
legacy_25k,start_2021,maximum,7100,32200.0,2021-01-04T05:19:20,2026-07-13T21:30:40,10756,467381.09,108200.25,575581.34,475910.09,117873.0,45,20,48,88,39,2904.0,5625.0,8529.0,18200.0,593781.34,0,0,0,23.5,0,17,0,23770.93,5,0,2023-10-23T22:12:40,3,25,25,0,0.16,19.26,51.21,514.63,0,71.78,15.92,8,8,7,0,0,0,0,2016.6745,32094.2938,15.9145,8239.2,88264.15,88409.72,5546.16,87594.24,5504.06,1900.2146,793.6693,2681.0488,4.8203,0.4036,1719.9171,675.6184,2253.403,4.4838,0.4261,2,0,20,1,501.4,501.4,"[""legacy_25k"", ""start_2021"", ""maximum"", 7100]"
legacy_25k,start_2021,maximum,7200,32300.0,2021-01-04T05:19:20,2026-07-13T21:30:40,10756,465481.08,110100.25,575581.33,474010.08,119873.0,45,20,48,88,39,2904.0,5625.0,8529.0,18200.0,593781.33,0,0,0,23.5,0,17,0,23770.93,5,0,2023-10-23T22:12:40,3,25,25,0,0.16,19.26,51.21,514.63,0,71.78,15.92,8,8,7,0,0,0,0,2016.6745,32094.2938,15.9145,8239.2,89402.66,89548.24,5617.7,88732.76,5575.6,1900.2146,806.2622,2719.0302,4.9624,0.3846,1719.9171,689.3949,2295.366,4.6408,0.4052,2,0,20,1,601.4,601.4,"[""legacy_25k"", ""start_2021"", ""maximum"", 7200]"
legacy_25k,start_2021,maximum,7300,32400.0,2021-01-04T05:19:20,2026-07-13T21:30:40,10756,463581.07,112000.25,575581.32,472110.07,121873.0,45,20,48,88,39,2904.0,5625.0,8529.0,18200.0,593781.32,0,0,0,23.5,0,17,0,23770.93,5,0,2023-10-23T22:12:40,3,25,25,0,0.16,19.26,51.21,514.63,0,71.78,15.92,8,8,7,0,0,0,0,2016.6745,32094.2938,15.9145,8239.2,90432.77,90578.34,5682.43,89762.86,5640.33,1900.2146,812.9321,2714.3356,4.7919,0.3846,1719.9171,696.6258,2290.1793,4.4524,0.4052,2,0,20,1,701.4,701.4,"[""legacy_25k"", ""start_2021"", ""maximum"", 7300]"
legacy_25k,start_2021,maximum,7400,32500.0,2021-01-04T05:19:20,2026-07-13T21:30:40,10756,461681.07,113900.25,575581.32,470210.07,123873.0,45,20,48,88,39,2904.0,5625.0,8529.0,18200.0,593781.32,0,0,0,23.5,0,17,0,23770.93,5,0,2023-10-23T22:12:40,3,25,25,0,0.16,19.26,51.21,514.63,0,71.78,15.92,8,8,7,0,0,0,0,2016.6745,32094.2938,15.9145,8239.2,91630.89,91776.46,5757.71,90960.99,5715.62,1900.2146,827.5445,2748.6541,4.9397,0.3846,1719.9171,712.8439,2328.0954,4.6158,0.4052,2,0,20,1,801.4,801.4,"[""legacy_25k"", ""start_2021"", ""maximum"", 7400]"
legacy_25k,start_2021,maximum,7500,32600.0,2021-01-04T05:19:20,2026-07-13T21:30:40,10756,459781.07,115800.25,575581.32,468310.07,125873.0,45,20,48,88,39,2904.0,5625.0,8529.0,18200.0,593781.32,0,0,0,23.5,0,17,0,23770.93,5,0,2023-10-23T22:12:40,3,25,25,0,0.16,19.26,51.21,514.63,0,71.78,15.92,8,8,7,0,0,0,0,2016.6745,32094.2938,15.9145,8239.2,93019.63,93165.2,5844.97,92349.72,5802.88,1900.2146,848.0617,2831.2291,5.116,0.3846,1719.9171,736.0876,2419.3266,4.8106,0.4052,2,0,20,1,901.4,901.4,"[""legacy_25k"", ""start_2021"", ""maximum"", 7500]"
legacy_25k,start_2021,maximum,8000,33100.0,2021-01-04T05:19:20,2026-07-13T21:30:40,10756,450246.06,125335.25,575581.31,458775.06,135873.0,45,20,48,88,39,2904.0,5625.0,8529.0,18200.0,593781.31,0,0,0,23.5,0,17,0,23770.93,5,0,2023-10-23T22:12:40,3,25,25,0,0.16,19.26,51.21,514.63,0,71.78,15.92,8,8,7,0,0,0,0,2016.6745,32094.2938,15.9145,8239.2,98871.21,99016.78,6212.66,98201.3,6170.57,1900.2146,924.1872,3012.6321,5.0787,0.3846,1719.9171,821.0347,2619.746,4.7693,0.4052,2,0,20,1,1401.4,1401.4,"[""legacy_25k"", ""start_2021"", ""maximum"", 8000]"
legacy_25k,start_2021,maximum,9000,34100.0,2021-01-04T05:19:20,2026-07-13T21:30:40,10756,431046.02,144535.25,575581.27,439575.02,155873.0,45,20,48,88,39,2904.0,5625.0,8529.0,18200.0,593781.27,0,0,0,23.5,0,17,0,23770.93,5,0,2023-10-23T22:12:40,3,25,25,0,0.16,19.26,51.21,514.63,0,71.78,15.92,8,8,7,0,0,0,0,2016.6745,32094.2938,15.9145,8239.2,110008.79,110154.36,6912.5,109338.88,6870.41,1900.2146,1061.728,3501.4063,5.8244,0.3704,1719.9171,975.6109,3159.758,5.5932,0.3895,2,0,20,1,2401.4,2401.4,"[""legacy_25k"", ""start_2021"", ""maximum"", 9000]"
legacy_25k,start_2021,maximum,10000,35100.0,2021-01-04T05:19:20,2026-07-13T21:30:40,10756,411566.07,164015.19,575581.26,420095.07,175873.0,45,20,48,88,39,2904.0,5625.0,8529.0,18200.0,593781.26,0,0,0,23.5,0,17,0,23770.93,5,0,2023-10-23T22:12:40,3,25,25,0,0.16,19.26,51.21,514.63,0,71.78,15.92,8,8,7,0,0,0,0,2016.6745,32094.2938,15.9145,8239.2,120386.34,120531.91,7564.59,119716.43,7522.49,1900.2146,1180.411,3840.7009,6.3501,0.3357,1719.9171,1108.7399,3534.6206,6.174,0.3511,2,0,20,1,3401.4,3401.4,"[""legacy_25k"", ""start_2021"", ""maximum"", 10000]"
legacy_25k,start_2022,minimum,0,25100.0,2022-01-03T04:33:40,2026-07-13T21:30:40,8845,151610.0,0,151610.0,180500.0,30211.05,144,9,154,330,176,10890.0,18000.0,28890.0,15800.0,167410.0,0,0,0,22.5,0,120,2,231.02,97,0,2026-06-25T23:30:00,12,135,124,11,0.0296,87.8,160.37,11503.97,94.33,115.81,8.14,14,14,12,0,0,0,0,1652.7062,13402.9535,8.1097,19651.17,13669.74,13895.37,1685.6,14871.99,1833.85,1389.7023,979.3891,2830.0198,6.3928,0.0052,1126.4042,668.5717,1806.8342,5.5271,0.018,6,0,1,1,707.15,707.15,"[""legacy_25k"", ""start_2022"", ""minimum"", 0]"
legacy_25k,start_2022,minimum,1000,26100.0,2022-01-03T04:33:40,2026-07-13T21:30:40,8845,151610.0,0,151610.0,180500.0,30211.05,144,9,154,330,176,10890.0,18000.0,28890.0,15800.0,167410.0,0,0,0,22.5,0,120,2,231.02,97,0,2026-06-25T23:30:00,12,135,124,11,0.0296,87.8,160.37,11503.97,94.33,115.81,8.14,14,14,12,0,0,0,0,1652.7062,13402.9535,8.1097,19651.17,13669.74,13895.37,1685.6,14871.99,1833.85,1389.7023,979.3891,2830.0198,6.3928,0.0052,1126.4042,668.5717,1806.8342,5.5271,0.018,6,0,1,1,707.15,707.15,"[""legacy_25k"", ""start_2022"", ""minimum"", 1000]"
legacy_25k,start_2022,minimum,2000,27100.0,2022-01-03T04:33:40,2026-07-13T21:30:40,8845,405036.0,0,405036.0,419500.0,21158.4,74,6,83,158,75,5214.0,9250.0,14464.0,15800.0,420836.0,0,0,0,21.0,0,56,23,8342.19,33,0,2026-06-25T23:30:00,8,68,54,14,0.0588,49.22,88.31,3727.42,144.2,64.81,12.87,13,13,12,0,0,0,0,1652.7062,21241.5025,12.8526,11812.62,38093.76,38182.28,2963.91,37908.47,2949.49,1497.069,720.0031,2663.4608,8.0851,0.0013,1364.5616,512.5567,2031.5441,7.63,0.0096,3,0,1,1,707.15,707.15,"[""legacy_25k"", ""start_2022"", ""minimum"", 2000]"
legacy_25k,start_2022,minimum,3000,28100.0,2022-01-03T04:33:40,2026-07-13T21:30:40,8845,429817.0,0,429817.0,440850.0,17309.55,55,7,62,126,64,4158.0,6875.0,11033.0,15800.0,445617.0,0,0,0,21.0,0,36,20,13491.31,25,0,2026-06-24T21:49:40,13,48,35,13,0.0833,47.44,110.02,2823.49,130.92,60.81,13.75,9,9,8,0,0,0,0,1652.7062,22703.4343,13.7371,10350.69,49986.49,50045.76,3638.79,49398.23,3595.97,1557.1736,526.1928,1529.6567,10.1018,0.0071,1498.5278,295.6003,870.8939,9.6096,0.0098,3,1,0,0,,,"[""legacy_25k"", ""start_2022"", ""minimum"", 3000]"
legacy_25k,start_2022,minimum,3100,28200.0,2022-01-03T04:33:40,2026-07-13T21:30:40,8845,424517.0,0,424517.0,435550.0,17309.55,55,7,62,126,64,4158.0,6875.0,11033.0,15800.0,440317.0,0,0,0,21.0,0,36,20,13498.24,25,0,2026-06-24T21:49:40,11,48,35,13,0.0833,47.44,109.39,2816.56,130.29,60.81,13.75,9,9,8,0,0,0,0,1652.7062,22710.3627,13.7413,10343.76,51091.12,51150.39,3718.07,50502.44,3675.22,1557.2002,538.6823,1559.5531,10.1045,0.0071,1498.5544,307.4065,899.5591,9.6123,0.0098,3,1,0,0,,,"[""legacy_25k"", ""start_2022"", ""minimum"", 3100]"
legacy_25k,start_2022,minimum,3200,28300.0,2022-01-03T04:33:40,2026-07-13T21:30:40,8845,423159.0,0,423159.0,434100.0,9715.95,54,3,62,127,65,4191.0,6750.0,10941.0,15800.0,438959.0,0,0,0,21.0,0,39,20,13502.19,28,0,2026-06-25T23:30:00,12,51,34,17,0.0784,40.53,109.39,2971.75,130.29,48.81,13.66,9,9,8,0,0,0,0,1652.7062,22555.1799,13.6474,10498.95,51716.19,51774.53,3789.45,51128.04,3746.35,1558.4083,571.9571,1608.5409,10.0942,0.0006,1499.7625,345.1855,962.332,9.5967,0.0087,4,0,0,0,,,"[""legacy_25k"", ""start_2022"", ""minimum"", 3200]"
legacy_25k,start_2022,minimum,3300,28400.0,2022-01-03T04:33:40,2026-07-13T21:30:40,8845,422659.0,0,422659.0,433600.0,9715.95,54,3,62,127,65,4191.0,6750.0,10941.0,15800.0,438459.0,0,0,0,21.0,0,39,20,13503.67,28,0,2026-06-25T23:30:00,12,51,34,17,0.0784,40.53,109.39,2970.26,130.29,48.81,13.66,9,9,8,0,0,0,0,1652.7062,22556.6632,13.6483,10497.46,52401.05,52459.39,3839.38,51812.81,3796.28,1558.4083,577.3288,1620.4101,10.0951,0.0006,1499.7625,342.2604,949.0197,9.5977,0.0087,4,0,0,0,,,"[""legacy_25k"", ""start_2022"", ""minimum"", 3300]"
legacy_25k,start_2022,minimum,3400,28500.0,2022-01-03T04:33:40,2026-07-13T21:30:40,8845,422159.0,0,422159.0,433100.0,10215.95,54,3,62,127,65,4191.0,6750.0,10941.0,15800.0,437959.0,0,0,0,21.0,0,39,20,13503.67,28,0,2026-06-25T23:30:00,12,51,34,17,0.0784,40.53,109.39,2970.26,130.29,48.81,13.66,9,9,8,0,0,0,0,1652.7062,22556.6632,13.6483,10497.46,53398.78,53457.12,3912.48,52810.54,3869.38,1558.4083,617.8089,1804.1332,10.0951,0.0006,1499.7625,384.3581,1139.927,9.5977,0.0087,4,0,0,0,,,"[""legacy_25k"", ""start_2022"", ""minimum"", 3400]"
legacy_25k,start_2022,minimum,3500,28600.0,2022-01-03T04:33:40,2026-07-13T21:30:40,8845,419659.0,0,419659.0,430600.0,10215.95,54,3,62,127,65,4191.0,6750.0,10941.0,15800.0,435459.0,0,0,0,21.0,0,39,20,13510.38,28,0,2026-06-25T23:30:00,12,51,34,17,0.0784,40.52,109.39,2963.55,130.29,48.81,13.66,9,9,8,0,0,0,0,1652.7062,22563.375,13.6524,10490.75,55363.36,55421.69,4055.22,54774.71,4012.1,1558.516,617.5258,1824.4024,10.0961,0.0006,1499.8701,377.8615,1144.1105,9.5988,0.0087,4,1,0,0,,,"[""legacy_25k"", ""start_2022"", ""minimum"", 3500]"
legacy_25k,start_2022,minimum,3600,28700.0,2022-01-03T04:33:40,2026-07-13T21:30:40,8845,412859.0,0,412859.0,423800.0,10215.95,54,3,63,127,64,4191.0,6750.0,10941.0,15800.0,428659.0,0,0,0,21.0,0,39,20,13538.58,28,0,2026-06-25T23:30:00,11,51,34,17,0.0784,39.92,105.65,2920.95,126.54,39.81,13.69,9,9,8,0,0,0,0,1652.7062,22605.9727,13.6782,10448.15,56280.9,56340.2,4114.66,55689.66,4071.43,1569.3257,631.925,1848.0401,9.1999,0.0083,1502.2995,401.6549,1176.0225,8.7257,0.0106,3,1,0,0,,,"[""legacy_25k"", ""start_2022"", ""minimum"", 3600]"
legacy_25k,start_2022,minimum,3700,28800.0,2022-01-03T04:33:40,2026-07-13T21:30:40,8845,411608.0,0,411608.0,422700.0,10994.6,56,4,63,124,61,4092.0,7000.0,11092.0,15800.0,427408.0,0,0,0,21.0,0,39,20,13571.68,28,0,2026-06-24T21:49:40,12,52,36,16,0.0769,32.08,105.65,2890.96,126.54,33.81,13.71,9,9,8,0,0,0,0,1652.7062,22635.9611,13.6963,10418.16,57383.66,57449.7,4189.72,56802.89,4147.32,1572.272,666.9206,1865.1078,8.3338,0.009,1507.1181,416.5421,1160.4263,7.8232,0.0106,3,0,0,0,,,"[""legacy_25k"", ""start_2022"", ""minimum"", 3700]"
legacy_25k,start_2022,minimum,3800,28900.0,2022-01-03T04:33:40,2026-07-13T21:30:40,8845,411108.0,0,411108.0,422200.0,10994.6,56,4,63,124,61,4092.0,7000.0,11092.0,15800.0,426908.0,0,0,0,21.0,0,39,20,13580.91,28,0,2026-06-24T21:49:40,12,52,36,16,0.0769,32.08,105.65,2881.73,126.54,33.81,13.71,9,9,8,0,0,0,0,1652.7062,22645.1917,13.7019,10408.93,57980.08,58046.12,4231.54,57398.75,4189.11,1574.3748,664.7532,1859.6212,8.3299,0.009,1509.2208,415.3769,1155.6847,7.8198,0.0106,3,0,0,0,,,"[""legacy_25k"", ""start_2022"", ""minimum"", 3800]"
legacy_25k,start_2022,minimum,3900,29000.0,2022-01-03T04:33:40,2026-07-13T21:30:40,8845,411108.0,0,411108.0,422200.0,10994.6,56,4,63,124,61,4092.0,7000.0,11092.0,15800.0,426908.0,0,0,0,21.0,0,39,20,13580.91,28,0,2026-06-24T21:49:40,12,52,36,16,0.0769,32.08,105.65,2881.73,126.54,33.81,13.71,9,9,8,0,0,0,0,1652.7062,22645.1917,13.7019,10408.93,58651.71,58717.75,4280.56,58070.37,4238.13,1574.3748,679.9383,1859.0792,8.3299,0.009,1509.2208,431.3256,1155.1193,7.8198,0.0106,3,0,0,0,,,"[""legacy_25k"", ""start_2022"", ""minimum"", 3900]"
legacy_25k,start_2022,minimum,4000,29100.0,2022-01-03T04:33:40,2026-07-13T21:30:40,8845,409023.0,0,409023.0,420200.0,16860.25,58,6,62,119,57,3927.0,7250.0,11177.0,15800.0,424823.0,0,0,0,21.0,0,39,20,13631.44,28,0,2026-06-24T21:49:40,12,52,38,14,0.0769,39.65,105.65,2670.58,119.85,30.81,13.84,9,9,8,0,0,0,0,1652.7062,22856.3454,13.8296,10197.78,60955.63,61019.98,4407.61,60369.24,4365.2,1574.8896,686.346,1969.2049,8.4496,0.009,1514.4116,437.9155,1254.4813,7.9058,0.0106,3,0,0,0,,,"[""legacy_25k"", ""start_2022"", ""minimum"", 4000]"
legacy_25k,start_2022,minimum,4100,29200.0,2022-01-03T04:33:40,2026-07-13T21:30:40,8845,404774.0,0,404774.0,415550.0,10994.6,54,4,61,122,61,4026.0,6750.0,10776.0,15800.0,420574.0,0,0,0,21.0,0,38,20,13936.27,27,0,2026-06-24T21:49:40,9,50,34,16,0.08,30.95,96.1,2697.53,116.67,24.81,13.83,9,9,8,0,0,0,0,1652.7062,22829.4007,13.8133,10224.72,61918.54,61982.8,4482.52,61312.98,4438.68,1578.5118,738.1559,2112.589,9.2125,0.0,1513.3579,489.4398,1410.5886,8.7346,0.0,2,1,0,0,,,"[""legacy_25k"", ""start_2022"", ""minimum"", 4100]"
legacy_25k,start_2022,minimum,4200,29300.0,2022-01-03T04:33:40,2026-07-13T21:30:40,8845,403222.0,0,403222.0,414050.0,13358.15,56,5,60,116,56,3828.0,7000.0,10828.0,15800.0,419022.0,0,0,0,21.0,0,39,20,13945.42,28,0,2026-06-24T21:49:40,9,51,36,15,0.0784,40.04,95.77,2615.69,116.67,26.81,13.88,9,9,8,0,0,0,0,1652.7062,22911.234,13.8629,10142.89,62915.76,62978.98,4538.44,62308.25,4494.62,1570.8005,761.6442,2177.1827,9.3148,0.0,1512.0632,514.9219,1456.373,8.7959,0.0,2,0,0,0,,,"[""legacy_25k"", ""start_2022"", ""minimum"", 4200]"
legacy_25k,start_2022,minimum,4300,29400.0,2022-01-03T04:33:40,2026-07-13T21:30:40,8845,402272.0,0,402272.0,413100.0,13358.15,56,5,60,116,56,3828.0,7000.0,10828.0,15800.0,418072.0,0,0,0,21.0,0,39,20,13952.41,28,0,2026-06-24T21:49:40,9,51,36,15,0.0784,40.04,95.77,2608.71,116.67,26.81,13.88,9,9,8,0,0,0,0,1652.7062,22918.2208,13.8671,10135.9,63606.0,63669.22,4586.83,62998.08,4542.99,1570.9095,764.6965,2177.7796,9.3187,0.0,1512.1722,518.601,1457.045,8.7999,0.0,2,0,0,0,,,"[""legacy_25k"", ""start_2022"", ""minimum"", 4300]"
legacy_25k,start_2022,minimum,4400,29500.0,2022-01-03T04:33:40,2026-07-13T21:30:40,8845,402272.0,0,402272.0,413100.0,13358.15,56,5,60,116,56,3828.0,7000.0,10828.0,15800.0,418072.0,0,0,0,21.0,0,39,20,13952.41,28,0,2026-06-24T21:49:40,9,51,36,15,0.0784,40.04,95.77,2608.71,116.67,26.81,13.88,9,9,8,0,0,0,0,1652.7062,22918.2208,13.8671,10135.9,64677.88,64741.1,4664.13,64069.95,4620.29,1570.9095,804.682,2253.1287,9.3187,0.0,1512.1722,560.0042,1535.3209,8.7999,0.0,2,0,0,0,,,"[""legacy_25k"", ""start_2022"", ""minimum"", 4400]"
legacy_25k,start_2022,minimum,4500,29600.0,2022-01-03T04:33:40,2026-07-13T21:30:40,8845,400048.0,0,400048.0,410600.0,11951.35,53,5,60,119,59,3927.0,6625.0,10552.0,15800.0,415848.0,0,0,0,21.0,0,36,20,13966.14,25,0,2026-06-24T21:49:40,9,48,33,15,0.0833,37.1,95.77,2619.44,116.67,34.81,13.87,9,9,8,0,0,0,0,1652.7062,22907.4894,13.8606,10146.64,66605.13,66663.57,4805.36,65983.06,4760.48,1571.0586,794.207,2252.3316,9.2626,0.0,1512.3213,555.8845,1551.3056,8.758,0.0,1,1,0,0,,,"[""legacy_25k"", ""start_2022"", ""minimum"", 4500]"
legacy_25k,start_2022,minimum,5000,30100.0,2022-01-03T04:33:40,2026-07-13T21:30:40,8845,391340.0,0,391340.0,401800.0,6646.45,52,2,60,120,60,3960.0,6500.0,10460.0,15800.0,407140.0,0,0,0,21.0,0,38,20,13991.82,27,0,2026-06-24T21:49:40,10,50,32,18,0.08,23.89,95.06,2733.97,115.96,19.81,13.8,9,9,8,0,0,0,0,1652.7062,22792.953,13.7913,10261.17,70082.5,70140.0,5081.65,69458.31,5036.39,1574.4338,882.7429,2475.6317,9.2003,0.0015,1515.6965,651.3164,1786.4255,8.7027,0.0015,2,0,0,0,,,"[""legacy_25k"", ""start_2022"", ""minimum"", 5000]"
legacy_25k,start_2022,minimum,5700,30800.0,2022-01-03T04:33:40,2026-07-13T21:30:40,8845,373746.0,0,373746.0,384350.0,13858.15,55,5,59,113,54,3729.0,6875.0,10604.0,15800.0,389546.0,0,0,0,21.0,0,38,20,14063.27,27,0,2026-06-24T21:49:40,10,50,35,15,0.08,32.64,90.38,2511.72,111.2,21.81,13.94,9,9,8,0,0,0,0,1652.7062,23015.2097,13.9258,10038.92,76426.69,76487.45,5488.15,75803.14,5443.37,1575.9769,1025.762,2893.7733,9.3192,0.0,1517.2396,809.1131,2204.1051,8.8113,0.0,2,1,0,0,,,"[""legacy_25k"", ""start_2022"", ""minimum"", 5700]"
legacy_25k,start_2022,minimum,6000,31100.0,2022-01-03T04:33:40,2026-07-13T21:30:40,8845,370296.0,0,370296.0,380900.0,13858.15,55,5,59,113,54,3729.0,6875.0,10604.0,15800.0,386096.0,0,0,0,21.0,0,38,20,14071.69,27,0,2026-06-24T21:49:40,12,50,35,15,0.08,31.38,90.31,2503.3,111.2,21.81,13.94,9,9,8,0,0,0,0,1652.7062,23023.6299,13.9309,10030.5,78827.64,78888.4,5658.49,78203.59,5613.69,1576.1234,1107.887,3116.0062,9.3216,0.0,1517.3861,898.8352,2435.0072,8.8139,0.0,2,1,0,0,,,"[""legacy_25k"", ""start_2022"", ""minimum"", 6000]"
legacy_25k,start_2022,minimum,6100,31200.0,2022-01-03T04:33:40,2026-07-13T21:30:40,8845,364671.0,0,364671.0,374900.0,8675.45,52,3,59,113,54,3729.0,6500.0,10229.0,15800.0,380471.0,0,0,0,21.0,0,37,20,14099.36,26,0,2026-06-25T23:30:00,7,49,32,17,0.0816,26.93,74.34,2518.22,109.05,28.81,13.93,9,9,8,0,0,0,0,1652.7062,23008.7014,13.9218,10045.42,79724.28,79788.2,5726.56,79097.62,5681.55,1572.2618,1097.0638,3010.8833,9.2839,0.0,1518.9829,896.5615,2355.3972,8.7594,0.0,2,1,0,0,,,"[""legacy_25k"", ""start_2022"", ""minimum"", 6100]"
legacy_25k,start_2022,minimum,6200,31300.0,2022-01-03T04:33:40,2026-07-13T21:30:40,8845,364171.0,0,364171.0,374400.0,8675.45,52,3,59,113,54,3729.0,6500.0,10229.0,15800.0,379971.0,0,0,0,21.0,0,37,20,14101.64,26,0,2026-06-25T23:30:00,8,49,32,17,0.0816,26.93,74.34,2515.94,109.05,28.81,13.93,9,9,8,0,0,0,0,1652.7062,23010.9863,13.9232,10043.14,80706.9,80770.83,5796.57,80080.11,5751.55,1572.2618,1089.1771,3059.0225,9.2853,0.0,1518.9829,888.7172,2405.2249,8.7609,0.0,2,1,0,0,,,"[""legacy_25k"", ""start_2022"", ""minimum"", 6200]"
legacy_25k,start_2022,minimum,6300,31400.0,2022-01-03T04:33:40,2026-07-13T21:30:40,8845,363621.0,4538.11,368159.11,373850.0,13817.8,52,4,59,113,54,3729.0,6500.0,10229.0,15800.0,383959.11,0,0,0,21.0,0,36,19,14223.81,25,2,2026-06-25T23:30:00,8,48,32,16,0.0833,26.86,74.34,2393.77,108.92,8.81,14.01,9,9,8,0,0,0,0,1652.7062,23133.1535,13.9971,9920.97,81771.16,81835.08,5841.99,81136.97,5796.68,1590.2273,1143.3499,3242.8503,9.2558,0.0,1522.7954,941.8839,2580.5728,8.794,0.0,0,0,3,3,149.5,201.6,"[""legacy_25k"", ""start_2022"", ""minimum"", 6300]"
legacy_25k,start_2022,minimum,6400,31500.0,2022-01-03T04:33:40,2026-07-13T21:30:40,8845,363621.0,4538.11,368159.11,373850.0,13817.8,52,4,59,113,54,3729.0,6500.0,10229.0,15800.0,383959.11,0,0,0,21.0,0,36,19,14223.81,25,2,2026-06-25T23:30:00,8,48,32,16,0.0833,26.86,74.34,2393.77,108.92,8.81,14.01,9,9,8,0,0,0,0,1652.7062,23133.1535,13.9971,9920.97,82026.8,82090.72,5860.26,81392.61,5814.95,1590.2273,1158.9018,3315.7678,9.2558,0.0,1522.7954,961.4379,2656.7192,8.794,0.0,0,0,3,3,149.5,201.6,"[""legacy_25k"", ""start_2022"", ""minimum"", 6400]"
legacy_25k,start_2022,minimum,6500,31600.0,2022-01-03T04:33:40,2026-07-13T21:30:40,8845,365647.0,25367.47,391014.47,375850.0,34018.2,51,7,59,116,57,3828.0,6375.0,10203.0,15800.0,406814.47,0,0,0,21.0,0,32,15,14668.03,21,2,2026-06-24T21:49:40,8,44,31,13,0.0909,22.08,88.02,2059.67,108.92,8.81,14.21,9,9,8,0,0,0,0,1652.7062,23467.2567,14.1993,9586.87,84643.05,84700.01,5961.08,83976.27,5914.12,1607.2826,1208.6151,3390.1846,9.2135,0.0,1561.712,996.6551,2687.234,8.6468,0.0,0,0,7,4,149.5,366.6,"[""legacy_25k"", ""start_2022"", ""minimum"", 6500]"
legacy_25k,start_2022,minimum,6600,31700.0,2022-01-03T04:33:40,2026-07-13T21:30:40,8845,372800.0,87928.62,460728.62,381850.0,96229.2,46,18,48,100,52,3300.0,5750.0,9050.0,15800.0,476528.62,0,0,0,21.0,0,16,3,15975.72,5,2,2026-06-01T21:00:00,3,28,26,2,0.1429,20.81,74.34,866.34,94.33,8.81,14.93,9,9,8,0,0,0,0,1652.7062,24660.5861,14.9213,8393.54,89104.22,89159.16,5971.6,88343.08,5920.59,1607.2826,1163.3118,3317.3178,9.6183,0.0,1561.712,967.6714,2626.4891,9.0836,0.0,0,0,19,11,149.5,536.1,"[""legacy_25k"", ""start_2022"", ""minimum"", 6600]"
legacy_25k,start_2022,minimum,6700,31800.0,2022-01-03T04:33:40,2026-07-13T21:30:40,8845,373432.0,93331.11,466763.11,382350.0,101372.35,46,19,47,96,49,3168.0,5750.0,8918.0,15800.0,482563.11,0,0,0,21.0,0,15,2,16084.63,4,2,2026-06-03T16:47:40,3,27,26,1,0.1481,20.81,74.34,748.6,40.2,8.81,15.0,9,9,8,0,0,0,0,1652.7062,24778.328,14.9926,8275.8,89942.0,89995.12,5999.1,89171.09,5947.68,1607.2826,1171.6469,3364.3791,9.6915,0.0,1561.712,980.0437,2690.9753,9.1598,0.0,0,0,20,12,149.5,561.75,"[""legacy_25k"", ""start_2022"", ""minimum"", 6700]"
legacy_25k,start_2022,minimum,6800,31900.0,2022-01-03T04:33:40,2026-07-13T21:30:40,8845,374555.0,104529.89,479084.89,382900.0,108929.35,43,20,43,90,47,2970.0,5375.0,8345.0,15800.0,494884.89,0,0,0,21.0,0,11,0,16295.93,0,0,2023-10-26T13:30:00,3,23,23,0,0.1739,21.12,74.34,660.46,0,8.81,15.05,9,9,8,0,0,0,0,1652.7062,24866.462,15.0459,8187.66,90879.15,90930.74,6040.12,90083.71,5987.26,1607.2826,1157.0921,3257.0483,9.7464,0.0,1561.712,980.053,2641.2096,9.2393,0.0,0,0,20,12,366.6,701.6,"[""legacy_25k"", ""start_2022"", ""minimum"", 6800]"
legacy_25k,start_2022,minimum,6900,32000.0,2022-01-03T04:33:40,2026-07-13T21:30:40,8845,374555.0,104529.89,479084.89,382900.0,108929.35,43,20,43,90,47,2970.0,5375.0,8345.0,15800.0,494884.89,0,0,0,21.0,0,11,0,16295.93,0,0,2023-10-26T13:30:00,3,23,23,0,0.1739,21.12,74.34,660.46,0,8.81,15.05,9,9,8,0,0,0,0,1652.7062,24866.462,15.0459,8187.66,91173.21,91224.81,6059.67,90377.78,6006.8,1607.2826,1160.5483,3251.0211,9.7464,0.0,1561.712,984.0492,2635.0065,9.2393,0.0,0,0,20,12,366.6,701.6,"[""legacy_25k"", ""start_2022"", ""minimum"", 6900]"
legacy_25k,start_2022,minimum,7000,32100.0,2022-01-03T04:33:40,2026-07-13T21:30:40,8845,372555.0,106529.89,479084.89,380900.0,110929.35,43,20,43,90,47,2970.0,5375.0,8345.0,15800.0,494884.89,0,0,0,21.0,0,11,0,16295.93,0,0,2023-10-26T13:30:00,3,23,23,0,0.1739,21.12,74.34,660.46,0,8.81,15.05,9,9,8,0,0,0,0,1652.7062,24866.462,15.0459,8187.66,92594.69,92646.29,6154.15,91799.26,6101.28,1607.2826,1202.0957,3351.4915,9.7464,0.0,1561.712,1027.2222,2738.4087,9.2393,0.0,0,0,20,12,426.15,866.6,"[""legacy_25k"", ""start_2022"", ""minimum"", 7000]"
legacy_25k,start_2022,minimum,7100,32200.0,2022-01-03T04:33:40,2026-07-13T21:30:40,8845,368055.0,111029.89,479084.89,376400.0,115429.35,43,20,43,90,47,2970.0,5375.0,8345.0,15800.0,494884.89,0,0,0,21.0,0,11,0,16295.93,0,0,2023-10-26T13:30:00,3,23,23,0,0.1739,21.12,74.34,660.46,0,8.81,15.05,9,9,8,0,0,0,0,1652.7062,24866.462,15.0459,8187.66,94183.62,94235.22,6259.75,93388.19,6206.88,1607.2826,1201.2537,3376.5895,9.7464,0.0,1561.712,1027.345,2764.239,9.2393,0.0,0,0,20,12,536.1,1020.55,"[""legacy_25k"", ""start_2022"", ""minimum"", 7100]"
legacy_25k,start_2022,minimum,7200,32300.0,2022-01-03T04:33:40,2026-07-13T21:30:40,8845,366055.0,113029.89,479084.89,374400.0,117429.35,43,20,43,90,47,2970.0,5375.0,8345.0,15800.0,494884.89,0,0,0,21.0,0,11,0,16295.93,0,0,2023-10-26T13:30:00,3,23,23,0,0.1739,21.12,74.34,660.46,0,8.81,15.05,9,9,8,0,0,0,0,1652.7062,24866.462,15.0459,8187.66,95046.02,95097.62,6317.07,94250.59,6264.2,1607.2826,1193.6972,3410.1489,9.7464,0.0,1561.712,1019.6836,2798.7776,9.2393,0.0,0,0,20,12,649.5,1061.75,"[""legacy_25k"", ""start_2022"", ""minimum"", 7200]"
legacy_25k,start_2022,minimum,7300,32400.0,2022-01-03T04:33:40,2026-07-13T21:30:40,8845,364605.0,114479.89,479084.89,372950.0,118929.35,43,20,43,90,47,2970.0,5375.0,8345.0,15800.0,494884.89,0,0,0,21.0,0,11,0,16295.93,0,0,2023-10-26T13:30:00,3,23,23,0,0.1739,21.12,74.34,660.46,0,8.81,15.05,9,9,8,0,0,0,0,1652.7062,24866.462,15.0459,8187.66,95605.01,95656.61,6354.22,94809.58,6301.35,1607.2826,1209.0093,3436.9511,9.7464,0.0,1561.712,1036.1046,2826.362,9.2393,0.0,0,0,20,12,866.6,1201.6,"[""legacy_25k"", ""start_2022"", ""minimum"", 7300]"
legacy_25k,start_2022,minimum,7400,32500.0,2022-01-03T04:33:40,2026-07-13T21:30:40,8845,364605.0,114479.89,479084.89,372950.0,118929.35,43,20,43,90,47,2970.0,5375.0,8345.0,15800.0,494884.89,0,0,0,21.0,0,11,0,16295.93,0,0,2023-10-26T13:30:00,3,23,23,0,0.1739,21.12,74.34,660.46,0,8.81,15.05,9,9,8,0,0,0,0,1652.7062,24866.462,15.0459,8187.66,95968.35,96019.95,6378.37,95172.92,6325.5,1607.2826,1222.7629,3520.7192,9.7464,0.0,1561.712,1054.7739,2912.5744,9.2393,0.0,0,0,20,12,866.6,1201.6,"[""legacy_25k"", ""start_2022"", ""minimum"", 7400]"
legacy_25k,start_2022,minimum,7500,32600.0,2022-01-03T04:33:40,2026-07-13T21:30:40,8845,362605.0,116479.89,479084.89,370950.0,120929.35,43,20,43,90,47,2970.0,5375.0,8345.0,15800.0,494884.89,0,0,0,21.0,0,11,0,16295.93,0,0,2023-10-26T13:30:00,3,23,23,0,0.1739,21.12,74.34,660.46,0,8.81,15.05,9,9,8,0,0,0,0,1652.7062,24866.462,15.0459,8187.66,97499.35,97550.95,6480.13,96703.92,6427.26,1607.2826,1272.9687,3621.8031,9.7464,0.0,1561.712,1107.04,3016.6079,9.2393,0.0,0,0,20,12,926.15,1366.6,"[""legacy_25k"", ""start_2022"", ""minimum"", 7500]"
legacy_25k,start_2022,minimum,8000,33100.0,2022-01-03T04:33:40,2026-07-13T21:30:40,8845,352655.0,126429.89,479084.89,361000.0,130929.35,43,20,43,90,47,2970.0,5375.0,8345.0,15800.0,494884.89,0,0,0,21.0,0,11,0,16295.93,0,0,2023-10-26T13:30:00,3,23,23,0,0.1739,21.12,74.34,660.46,0,8.81,15.05,9,9,8,0,0,0,0,1652.7062,24866.462,15.0459,8187.66,101986.52,102038.11,6778.36,101191.08,6725.49,1607.2826,1321.6036,3827.3706,9.7464,0.0,1561.712,1159.126,3228.1738,9.2393,0.0,0,0,20,12,1426.15,1866.6,"[""legacy_25k"", ""start_2022"", ""minimum"", 8000]"
legacy_25k,start_2022,minimum,9000,34100.0,2022-01-03T04:33:40,2026-07-13T21:30:40,8845,334655.0,144429.89,479084.89,343000.0,148929.35,43,20,43,90,47,2970.0,5375.0,8345.0,15800.0,494884.89,0,0,0,21.0,0,11,0,16295.93,0,0,2023-10-26T13:30:00,3,23,23,0,0.1739,21.12,74.34,660.46,0,8.81,15.05,9,9,8,0,0,0,0,1652.7062,24866.462,15.0459,8187.66,109641.32,109692.91,7287.12,108845.88,7234.25,1607.2826,1459.7149,4161.8184,9.7464,0.0,1561.712,1305.2371,3572.3808,9.2393,0.0,0,0,20,12,2366.6,2701.6,"[""legacy_25k"", ""start_2022"", ""minimum"", 9000]"
legacy_25k,start_2022,minimum,10000,35100.0,2022-01-03T04:33:40,2026-07-13T21:30:40,8845,314655.0,164429.89,479084.89,323000.0,168929.35,43,20,43,90,47,2970.0,5375.0,8345.0,15800.0,494884.89,0,0,0,21.0,0,11,0,16295.93,0,0,2023-10-26T13:30:00,3,23,23,0,0.1739,21.12,74.34,660.46,0,8.81,15.05,9,9,8,0,0,0,0,1652.7062,24866.462,15.0459,8187.66,118521.55,118573.15,7877.33,117726.12,7824.46,1607.2826,1528.3407,4486.7495,9.7464,0.0,1561.712,1378.7484,3906.7933,9.2393,0.0,0,0,20,12,3366.6,3701.6,"[""legacy_25k"", ""start_2022"", ""minimum"", 10000]"
legacy_25k,start_2022,maximum,0,25100.0,2022-01-03T04:33:40,2026-07-13T21:30:40,8845,198036.57,0,198036.57,229890.57,29211.05,159,9,173,363,190,11979.0,19875.0,31854.0,15800.0,213836.57,0,0,0,22.5,0,134,0,96.9,108,0,2026-06-25T23:30:00,9,150,139,11,0.0333,84.26,154.51,13191.77,94.33,153.81,6.6,14,14,12,0,0,0,0,1652.7062,10867.1581,6.5754,22186.97,9051.11,9297.15,1376.52,10686.14,1625.18,1252.7808,948.5754,2713.9608,5.2628,0.0204,787.7801,646.3117,1844.7144,4.3048,0.0361,6,3,1,1,707.15,707.15,"[""legacy_25k"", ""start_2022"", ""maximum"", 0]"
legacy_25k,start_2022,maximum,1000,26100.0,2022-01-03T04:33:40,2026-07-13T21:30:40,8845,185366.7,0,185366.7,217048.7,33489.5,160,11,172,354,182,11682.0,20000.0,31682.0,15800.0,201166.7,0,0,0,22.5,0,133,0,192.79,107,0,2026-06-24T21:49:40,12,149,140,9,0.0336,78.37,151.21,12689.01,94.33,161.81,6.9,14,14,12,0,0,0,0,1652.7062,11366.9192,6.8778,21687.21,10258.13,10496.3,1491.49,11852.72,1723.34,1393.0836,925.9533,2448.1731,4.9982,0.0285,1119.8414,604.512,1486.3221,3.6513,0.0437,8,2,2,2,707.15,1018.55,"[""legacy_25k"", ""start_2022"", ""maximum"", 1000]"
legacy_25k,start_2022,maximum,2000,27100.0,2022-01-03T04:33:40,2026-07-13T21:30:40,8845,175168.95,0,175168.95,203841.95,29211.05,142,9,153,331,178,10923.0,17750.0,28673.0,15800.0,190968.95,0,0,0,22.5,0,122,2,285.18,96,0,2026-06-25T23:30:00,20,133,122,11,0.0301,87.8,160.37,11608.03,94.33,125.81,8.07,14,14,12,0,0,0,0,1652.7062,13299.8947,8.0473,19754.23,13319.92,13534.26,1655.19,14467.07,1797.74,1361.8146,944.8421,2664.5099,4.8641,0.0274,1098.2299,588.7666,1509.4759,3.7067,0.0797,7,3,1,1,707.15,707.15,"[""legacy_25k"", ""start_2022"", ""maximum"", 2000]"
legacy_25k,start_2022,maximum,3000,28100.0,2022-01-03T04:33:40,2026-07-13T21:30:40,8845,315042.9,0,315042.9,337306.9,29530.2,110,10,117,258,141,8514.0,13750.0,22264.0,15800.0,330842.9,0,0,0,22.5,0,88,26,4025.48,70,0,2026-06-24T21:49:40,20,100,90,10,0.04,74.07,167.16,8024.28,94.33,24.81,10.57,14,14,12,0,0,0,0,1652.7062,17436.6417,10.5504,15617.48,25422.7,25547.27,2409.65,25676.89,2433.75,1472.4326,833.8713,2421.7496,4.3714,0.1907,1275.2986,468.349,1379.1374,3.5584,0.2297,3,1,1,1,707.15,707.15,"[""legacy_25k"", ""start_2022"", ""maximum"", 3000]"
legacy_25k,start_2022,maximum,3100,28200.0,2022-01-03T04:33:40,2026-07-13T21:30:40,8845,314539.35,0,314539.35,336645.35,29530.2,109,10,116,257,141,8481.0,13625.0,22106.0,15800.0,330339.35,0,0,0,22.5,0,87,26,4393.48,70,0,2026-06-24T21:49:40,20,99,89,10,0.0404,74.34,167.16,7991.52,94.33,44.81,10.61,14,14,12,0,0,0,0,1652.7062,17496.4093,10.5865,15557.72,26247.85,26372.33,2479.37,26493.94,2502.61,1460.0574,848.2804,2450.6895,4.3676,0.2095,1275.4542,481.0628,1396.9514,3.5131,0.2493,4,1,1,1,707.15,707.15,"[""legacy_25k"", ""start_2022"", ""maximum"", 3100]"
legacy_25k,start_2022,maximum,3200,28300.0,2022-01-03T04:33:40,2026-07-13T21:30:40,8845,311339.35,0,311339.35,333445.35,29530.2,109,10,116,257,141,8481.0,13625.0,22106.0,15800.0,327139.35,0,0,0,22.5,0,87,26,4399.79,70,0,2026-06-24T21:49:40,20,99,89,10,0.0404,74.34,167.16,7984.79,94.33,44.81,10.61,14,14,12,0,0,0,0,1652.7062,17503.1338,10.5906,15550.99,26787.86,26912.34,2529.4,27033.54,2552.6,1460.0574,856.0043,2484.6584,4.5088,0.2095,1275.5,488.5376,1421.9822,3.6746,0.2492,4,1,1,1,707.15,707.15,"[""legacy_25k"", ""start_2022"", ""maximum"", 3200]"
legacy_25k,start_2022,maximum,3300,28400.0,2022-01-03T04:33:40,2026-07-13T21:30:40,8845,319540.55,0,319540.55,340665.55,29530.2,103,10,110,250,140,8250.0,12875.0,21125.0,15800.0,335340.55,0,0,0,22.5,0,81,20,6901.79,70,0,2026-06-24T21:49:40,20,93,83,10,0.043,74.42,167.16,7675.48,94.33,24.81,10.82,14,14,9,0,0,0,0,1652.7062,17851.4447,10.8013,15202.68,27999.55,28123.2,2592.23,28093.64,2600.94,1472.8269,858.7199,2478.754,4.0345,0.2077,1276.5326,486.126,1415.9069,3.2063,0.249,3,1,1,1,707.15,707.15,"[""legacy_25k"", ""start_2022"", ""maximum"", 3300]"
legacy_25k,start_2022,maximum,3400,28500.0,2022-01-03T04:33:40,2026-07-13T21:30:40,8845,317668.45,0,317668.45,338793.45,29530.2,103,10,110,250,140,8250.0,12875.0,21125.0,15800.0,333468.45,0,0,0,22.5,0,81,20,6901.79,70,0,2026-06-24T21:49:40,20,93,83,10,0.043,74.42,167.16,7676.03,94.33,25.81,10.82,14,14,9,0,0,0,0,1652.7062,17850.8928,10.801,15203.23,28726.12,28849.77,2659.58,28820.24,2668.29,1472.9088,890.7183,2582.2528,4.2841,0.0333,1276.6146,515.0455,1522.683,3.4943,0.0478,3,1,1,1,707.15,707.15,"[""legacy_25k"", ""start_2022"", ""maximum"", 3400]"
legacy_25k,start_2022,maximum,3500,28600.0,2022-01-03T04:33:40,2026-07-13T21:30:40,8845,315562.15,0,315562.15,336687.15,29530.2,103,10,110,250,140,8250.0,12875.0,21125.0,15800.0,331362.15,0,0,0,22.5,0,81,20,6902.85,70,0,2026-06-24T21:49:40,19,93,83,10,0.043,74.42,167.1,7706.74,94.33,44.81,10.8,14,14,9,0,0,0,0,1652.7062,17820.1817,10.7824,15233.94,29663.24,29786.89,2751.07,29759.22,2759.97,1460.7162,918.6588,2665.6796,4.5934,0.0336,1276.7972,547.5892,1601.8107,3.8262,0.0479,4,1,1,1,707.15,707.15,"[""legacy_25k"", ""start_2022"", ""maximum"", 3500]"
legacy_25k,start_2022,maximum,3600,28700.0,2022-01-03T04:33:40,2026-07-13T21:30:40,8845,313262.15,0,313262.15,334387.15,29530.2,103,10,110,250,140,8250.0,12875.0,21125.0,15800.0,329062.15,0,0,0,22.5,0,81,20,6902.85,70,0,2026-06-24T21:49:40,19,93,83,10,0.043,74.42,167.1,7674.01,94.33,24.81,10.82,14,14,9,0,0,0,0,1652.7062,17852.9183,10.8022,15201.21,30396.13,30519.77,2813.87,30490.12,2822.58,1473.0914,940.717,2739.1964,4.7875,0.0333,1276.7972,571.6756,1677.8065,4.0752,0.0479,3,1,1,1,707.15,707.15,"[""legacy_25k"", ""start_2022"", ""maximum"", 3600]"
legacy_25k,start_2022,maximum,3700,28800.0,2022-01-03T04:33:40,2026-07-13T21:30:40,8845,310626.3,0,310626.3,331751.3,29530.2,103,10,110,250,140,8250.0,12875.0,21125.0,15800.0,326426.3,0,0,0,22.5,0,81,20,6902.91,70,0,2026-06-24T21:49:40,20,93,83,10,0.043,74.42,167.1,7673.58,94.33,24.81,10.82,14,14,9,0,0,0,0,1652.7062,17853.3461,10.8025,15200.78,31224.15,31347.79,2890.46,31318.12,2899.16,1473.1637,950.784,2728.3359,4.5852,0.1513,1276.8694,568.1924,1644.1288,3.8418,0.184,3,1,1,1,707.15,707.15,"[""legacy_25k"", ""start_2022"", ""maximum"", 3700]"
legacy_25k,start_2022,maximum,3800,28900.0,2022-01-03T04:33:40,2026-07-13T21:30:40,8845,308426.3,0,308426.3,329551.3,29530.2,103,10,110,250,140,8250.0,12875.0,21125.0,15800.0,324226.3,0,0,0,22.5,0,81,20,6902.91,70,0,2026-06-24T21:49:40,20,93,83,10,0.043,74.42,167.1,7673.58,94.33,24.81,10.82,14,14,9,0,0,0,0,1652.7062,17853.3461,10.8025,15200.78,31819.7,31943.34,2945.59,31913.67,2954.29,1473.1637,961.5104,2773.0564,4.6089,0.1343,1276.8694,578.1083,1690.819,3.8693,0.1644,3,1,1,1,707.15,707.15,"[""legacy_25k"", ""start_2022"", ""maximum"", 3800]"
legacy_25k,start_2022,maximum,3900,29000.0,2022-01-03T04:33:40,2026-07-13T21:30:40,8845,306226.3,0,306226.3,327351.3,29530.2,103,10,110,250,140,8250.0,12875.0,21125.0,15800.0,322026.3,0,0,0,22.5,0,81,20,6904.0,70,0,2026-06-24T21:49:40,20,93,83,10,0.043,74.42,167.04,7671.94,94.33,24.81,10.82,14,14,9,0,0,0,0,1652.7062,17854.9813,10.8035,15199.14,32358.3,32481.94,2995.17,32452.17,3003.86,1473.4875,962.0138,2749.0145,4.4896,0.1791,1277.1933,574.7068,1659.0084,3.7317,0.2161,3,1,1,1,707.15,707.15,"[""legacy_25k"", ""start_2022"", ""maximum"", 3900]"
legacy_25k,start_2022,maximum,4000,29100.0,2022-01-03T04:33:40,2026-07-13T21:30:40,8845,304908.0,0,304908.0,326158.0,29530.2,104,10,111,250,139,8250.0,13000.0,21250.0,15800.0,320708.0,0,0,0,22.5,0,81,20,6895.89,70,0,2026-06-24T21:49:40,18,94,84,10,0.0426,74.42,167.04,7606.07,94.33,24.81,10.86,14,14,9,0,0,0,0,1652.7062,17920.8528,10.8433,15133.27,33128.91,33252.45,3055.23,33213.28,3063.01,1502.3569,976.4871,2793.0637,4.6699,0.015,1309.9299,604.5974,1732.8954,3.9737,0.0122,3,1,1,1,707.15,707.15,"[""legacy_25k"", ""start_2022"", ""maximum"", 4000]"
legacy_25k,start_2022,maximum,4100,29200.0,2022-01-03T04:33:40,2026-07-13T21:30:40,8845,301167.45,0,301167.45,322384.45,29530.2,104,10,111,249,138,8217.0,13000.0,21217.0,15800.0,316967.45,0,0,0,22.5,0,81,20,6942.14,70,0,2026-06-24T21:49:40,17,94,84,10,0.0426,74.42,164.79,7543.54,94.33,14.81,10.91,14,14,9,0,0,0,0,1652.7062,17983.3887,10.8812,15070.74,33867.87,33992.43,3112.52,33960.64,3121.04,1505.7933,1005.2075,2860.965,4.8859,0.0027,1313.3662,634.1374,1801.5504,4.1908,0.0117,2,1,1,1,707.15,707.15,"[""legacy_25k"", ""start_2022"", ""maximum"", 4100]"
legacy_25k,start_2022,maximum,4200,29300.0,2022-01-03T04:33:40,2026-07-13T21:30:40,8845,298772.2,0,298772.2,319989.2,29530.2,104,10,111,249,138,8217.0,13000.0,21217.0,15800.0,314572.2,0,0,0,22.5,0,81,20,6944.56,70,0,2026-06-24T21:49:40,18,94,84,10,0.0426,74.42,164.79,7540.94,94.33,14.81,10.91,14,14,9,0,0,0,0,1652.7062,17985.9843,10.8827,15068.14,34437.32,34561.89,3164.4,34529.94,3172.91,1505.7933,1018.3899,2917.3165,4.7625,0.0025,1313.3662,654.0459,1865.4164,4.0492,0.0117,2,1,1,1,707.15,707.15,"[""legacy_25k"", ""start_2022"", ""maximum"", 4200]"
legacy_25k,start_2022,maximum,4300,29400.0,2022-01-03T04:33:40,2026-07-13T21:30:40,8845,298748.05,0,298748.05,320170.05,33968.4,103,12,109,259,150,8547.0,12875.0,21422.0,15800.0,314548.05,0,0,0,21.0,0,78,20,6948.06,67,0,2026-06-24T21:49:40,20,91,83,8,0.044,81.44,189.79,7585.66,42.02,15.81,10.88,17,17,11,0,0,0,0,1652.7062,17941.2648,10.8557,15112.86,35279.96,35405.19,3249.9,35361.61,3257.43,1517.4572,1079.5781,3033.4311,5.0822,0.1008,1335.0046,729.2361,2002.211,4.3685,0.123,2,1,1,1,1018.55,1018.55,"[""legacy_25k"", ""start_2022"", ""maximum"", 4300]"
legacy_25k,start_2022,maximum,4400,29500.0,2022-01-03T04:33:40,2026-07-13T21:30:40,8845,296149.7,0,296149.7,317571.7,34466.75,103,12,109,259,150,8547.0,12875.0,21422.0,15800.0,311949.7,0,0,0,21.0,0,78,20,6948.06,67,0,2026-06-24T21:49:40,20,91,83,8,0.044,81.44,189.79,7585.48,42.02,15.81,10.88,17,17,11,0,0,0,0,1652.7062,17941.4428,10.8558,15112.68,35949.09,36074.33,3311.51,36030.74,3319.03,1517.4572,1096.8269,3069.9272,5.12,0.1007,1335.0046,749.5996,2041.4957,4.4113,0.123,2,1,1,1,1018.55,1018.55,"[""legacy_25k"", ""start_2022"", ""maximum"", 4400]"
legacy_25k,start_2022,maximum,4500,29600.0,2022-01-03T04:33:40,2026-07-13T21:30:40,8845,403712.32,0,403712.32,414731.32,12556.5,57,5,61,118,57,3894.0,7125.0,11019.0,15800.0,419512.32,0,0,0,21.0,0,39,20,13719.58,28,0,2026-06-24T21:49:40,20,52,37,15,0.0769,39.02,98.02,2686.65,118.92,41.81,13.83,9,9,8,0,0,0,0,1652.7062,22840.2743,13.8199,10213.85,49259.38,49322.6,3564.37,48660.56,3521.04,1568.2618,653.1528,1828.5093,4.2185,0.3867,1509.5245,411.8649,1112.8994,3.51,0.3974,4,1,0,0,,,"[""legacy_25k"", ""start_2022"", ""maximum"", 4500]"
legacy_25k,start_2022,maximum,5000,30100.0,2022-01-03T04:33:40,2026-07-13T21:30:40,8845,392765.83,0,392765.83,403383.83,6938.0,53,2,61,121,60,3993.0,6625.0,10618.0,15800.0,408565.83,0,0,0,21.0,0,38,20,13783.52,27,0,2026-06-24T21:49:40,20,51,33,18,0.0784,22.56,95.22,2773.47,116.12,29.81,13.78,9,9,8,0,0,0,0,1652.7062,22753.4535,13.7674,10300.67,53893.79,53952.33,3914.6,53288.58,3870.64,1571.0586,720.7727,2008.8123,4.4669,0.3179,1512.3213,485.113,1311.2583,3.7658,0.3378,3,1,0,0,,,"[""legacy_25k"", ""start_2022"", ""maximum"", 5000]"
legacy_25k,start_2022,maximum,5700,30800.0,2022-01-03T04:33:40,2026-07-13T21:30:40,8845,380322.33,0,380322.33,390926.33,13858.15,55,5,59,113,54,3729.0,6875.0,10604.0,15800.0,396122.33,0,0,0,21.0,0,38,20,14045.13,27,0,2026-06-24T21:49:40,20,50,35,15,0.08,32.64,91.64,2529.85,112.54,22.81,13.93,9,9,8,0,0,0,0,1652.7062,22997.072,13.9148,10057.05,61522.19,61582.95,4421.35,60899.74,4376.62,1574.6394,859.7567,2383.4546,4.3119,0.3711,1515.9021,632.8444,1675.3814,3.6096,0.3855,2,1,0,0,,,"[""legacy_25k"", ""start_2022"", ""maximum"", 5700]"
legacy_25k,start_2022,maximum,6000,31100.0,2022-01-03T04:33:40,2026-07-13T21:30:40,8845,374352.33,0,374352.33,384956.33,13858.15,55,5,59,113,54,3729.0,6875.0,10604.0,15800.0,390152.33,0,0,0,21.0,0,38,20,14053.51,27,0,2026-06-24T21:49:40,20,50,35,15,0.08,32.22,91.22,2521.48,112.12,22.81,13.93,9,9,8,0,0,0,0,1652.7062,23005.447,13.9199,10048.68,64497.29,64558.05,4633.47,63874.34,4588.72,1575.0581,906.3779,2558.2004,4.4869,0.3713,1516.3208,686.9774,1858.4276,3.7915,0.3857,2,1,0,0,,,"[""legacy_25k"", ""start_2022"", ""maximum"", 6000]"
legacy_25k,start_2022,maximum,6100,31200.0,2022-01-03T04:33:40,2026-07-13T21:30:40,8845,372737.33,0,372737.33,382966.33,8675.45,52,3,59,113,54,3729.0,6500.0,10229.0,15800.0,388537.33,0,0,0,21.0,0,37,20,14071.88,26,0,2026-06-25T23:30:00,20,49,32,17,0.0816,26.93,74.34,2545.7,111.2,30.81,13.92,9,9,8,0,0,0,0,1652.7062,22981.2275,13.9052,10072.9,65585.79,65649.71,4716.63,64960.79,4671.69,1569.9769,923.8978,2558.4736,4.4156,0.3731,1516.6979,715.5651,1887.9517,3.7192,0.3862,2,1,0,0,,,"[""legacy_25k"", ""start_2022"", ""maximum"", 6100]"
legacy_25k,start_2022,maximum,6200,31300.0,2022-01-03T04:33:40,2026-07-13T21:30:40,8845,370747.33,0,370747.33,380976.33,8675.45,52,3,59,113,54,3729.0,6500.0,10229.0,15800.0,386547.33,0,0,0,21.0,0,37,20,14071.88,26,0,2026-06-25T23:30:00,20,49,32,17,0.0816,26.93,74.34,2545.7,111.2,30.81,13.92,9,9,8,0,0,0,0,1652.7062,22981.2275,13.9052,10072.9,66638.75,66702.67,4792.36,66013.75,4747.41,1569.9769,945.3899,2608.7326,4.4933,0.3731,1516.6979,739.0605,1938.5086,3.7997,0.3862,2,1,0,0,,,"[""legacy_25k"", ""start_2022"", ""maximum"", 6200]"
legacy_25k,start_2022,maximum,6300,31400.0,2022-01-03T04:33:40,2026-07-13T21:30:40,8845,368757.33,0,368757.33,378986.33,8675.45,52,3,59,113,54,3729.0,6500.0,10229.0,15800.0,384557.33,0,0,0,21.0,0,37,20,14074.81,26,0,2026-06-25T23:30:00,20,49,32,17,0.0816,26.86,74.34,2542.77,111.06,30.81,13.92,9,9,8,0,0,0,0,1652.7062,22984.1581,13.907,10069.97,67534.43,67598.35,4856.15,66909.25,4811.2,1570.1234,963.0694,2649.7568,4.4484,0.3731,1516.8444,754.3792,1973.3251,3.7532,0.3862,2,1,0,0,,,"[""legacy_25k"", ""start_2022"", ""maximum"", 6300]"
legacy_25k,start_2022,maximum,6400,31500.0,2022-01-03T04:33:40,2026-07-13T21:30:40,8845,366767.33,0,366767.33,376996.33,8675.45,52,3,59,113,54,3729.0,6500.0,10229.0,15800.0,382567.33,0,0,0,21.0,0,37,20,14074.81,26,0,2026-06-25T23:30:00,20,49,32,17,0.0816,26.86,74.34,2542.77,111.06,30.81,13.92,9,9,8,0,0,0,0,1652.7062,22984.1581,13.907,10069.97,68291.4,68355.32,4910.58,67666.22,4865.63,1570.1234,968.2299,2729.1653,4.3719,0.3731,1516.8444,763.8731,2055.5229,3.6741,0.3862,2,1,0,0,,,"[""legacy_25k"", ""start_2022"", ""maximum"", 6400]"
legacy_25k,start_2022,maximum,6500,31600.0,2022-01-03T04:33:40,2026-07-13T21:30:40,8845,364803.33,0,364803.33,375006.33,7646.45,51,2,59,116,57,3828.0,6375.0,10203.0,15800.0,380603.33,0,0,0,21.0,0,37,20,14111.88,26,0,2026-06-24T21:49:40,20,49,31,18,0.0816,22.08,88.31,2615.82,109.2,16.81,13.87,9,9,8,0,0,0,0,1652.7062,22911.1086,13.8628,10143.02,69196.81,69253.78,4991.55,68563.69,4945.88,1577.9769,1008.1019,2815.4752,4.4331,0.3724,1519.2396,797.6109,2126.3646,3.7524,0.3868,2,1,0,0,,,"[""legacy_25k"", ""start_2022"", ""maximum"", 6500]"
legacy_25k,start_2022,maximum,6600,31700.0,2022-01-03T04:33:40,2026-07-13T21:30:40,8845,362813.33,0,362813.33,373016.33,7646.45,51,2,59,116,57,3828.0,6375.0,10203.0,15800.0,378613.33,0,0,0,21.0,0,37,20,14114.87,26,0,2026-06-24T21:49:40,20,49,31,18,0.0816,22.08,88.16,2612.83,109.05,16.81,13.87,9,9,8,0,0,0,0,1652.7062,22914.0947,13.8646,10140.03,70203.4,70260.37,5063.5,69570.09,5017.83,1578.1262,1024.0635,2849.4152,4.5018,0.3725,1519.3889,815.2171,2161.6844,3.8238,0.3869,2,1,0,0,,,"[""legacy_25k"", ""start_2022"", ""maximum"", 6600]"
legacy_25k,start_2022,maximum,6700,31800.0,2022-01-03T04:33:40,2026-07-13T21:30:40,8845,360613.33,0,360613.33,371026.33,10713.8,54,4,58,111,53,3663.0,6750.0,10413.0,15800.0,376413.33,0,0,0,21.0,0,38,20,14183.0,27,20,2026-06-24T21:49:40,20,50,34,16,0.08,27.15,84.75,2471.88,105.65,15.81,13.97,9,9,8,0,0,0,0,1652.7062,23055.0414,13.9499,9999.08,71225.07,71285.41,5105.79,70590.3,5060.28,1575.5326,1029.4812,2889.1526,4.6712,0.3753,1522.2537,820.9263,2187.4872,3.9812,0.3884,2,1,20,1,101.4,101.4,"[""legacy_25k"", ""start_2022"", ""maximum"", 6700]"
legacy_25k,start_2022,maximum,6800,31900.0,2022-01-03T04:33:40,2026-07-13T21:30:40,8845,371606.48,107478.41,479084.89,379951.48,111873.0,43,20,43,90,47,2970.0,5375.0,8345.0,15800.0,494884.89,0,0,0,21.0,0,11,0,16295.93,0,0,2023-10-26T13:30:00,3,23,23,0,0.1739,21.12,74.34,660.46,0,8.81,15.05,9,9,8,0,0,0,0,1652.7062,24866.462,15.0459,8187.66,77385.8,77437.39,5143.31,76590.36,5090.45,1607.2826,964.7541,2719.2752,4.4624,0.4336,1561.712,780.1942,2087.7443,3.8012,0.4462,0,0,20,1,201.4,201.4,"[""legacy_25k"", ""start_2022"", ""maximum"", 6800]"
legacy_25k,start_2022,maximum,6900,32000.0,2022-01-03T04:33:40,2026-07-13T21:30:40,8845,369616.48,109468.41,479084.89,377961.48,113873.0,43,20,43,90,47,2970.0,5375.0,8345.0,15800.0,494884.89,0,0,0,21.0,0,11,0,16295.93,0,0,2023-10-26T13:30:00,3,23,23,0,0.1739,21.12,74.34,660.46,0,8.81,15.05,9,9,8,0,0,0,0,1652.7062,24866.462,15.0459,8187.66,78576.24,78627.83,5222.43,77780.8,5169.57,1607.2826,982.7286,2739.4628,4.4705,0.4336,1561.712,797.3907,2108.521,3.8095,0.4462,0,0,20,1,301.4,301.4,"[""legacy_25k"", ""start_2022"", ""maximum"", 6900]"
legacy_25k,start_2022,maximum,7000,32100.0,2022-01-03T04:33:40,2026-07-13T21:30:40,8845,367626.48,111458.41,479084.89,375971.48,115873.0,43,20,43,90,47,2970.0,5375.0,8345.0,15800.0,494884.89,0,0,0,21.0,0,11,0,16295.93,0,0,2023-10-26T13:30:00,3,23,23,0,0.1739,21.12,74.34,660.46,0,8.81,15.05,9,9,8,0,0,0,0,1652.7062,24866.462,15.0459,8187.66,79411.81,79463.4,5277.97,78616.37,5225.1,1607.2826,977.2234,2729.5418,4.3435,0.4336,1561.712,791.5776,2098.3105,3.6789,0.4462,0,0,20,1,401.4,401.4,"[""legacy_25k"", ""start_2022"", ""maximum"", 7000]"
legacy_25k,start_2022,maximum,7100,32200.0,2022-01-03T04:33:40,2026-07-13T21:30:40,8845,365636.48,113448.41,479084.89,373981.48,117873.0,43,20,43,90,47,2970.0,5375.0,8345.0,15800.0,494884.89,0,0,0,21.0,0,11,0,16295.93,0,0,2023-10-26T13:30:00,3,23,23,0,0.1739,21.12,74.34,660.46,0,8.81,15.05,9,9,8,0,0,0,0,1652.7062,24866.462,15.0459,8187.66,80518.16,80569.75,5351.5,79722.72,5298.63,1607.2826,993.8311,2787.4776,4.501,0.4336,1561.712,810.2965,2157.9369,3.8409,0.4462,0,0,20,1,501.4,501.4,"[""legacy_25k"", ""start_2022"", ""maximum"", 7100]"
legacy_25k,start_2022,maximum,7200,32300.0,2022-01-03T04:33:40,2026-07-13T21:30:40,8845,363646.48,115438.41,479084.89,371991.48,119873.0,43,20,43,90,47,2970.0,5375.0,8345.0,15800.0,494884.89,0,0,0,21.0,0,11,0,16295.93,0,0,2023-10-26T13:30:00,3,23,23,0,0.1739,21.12,74.34,660.46,0,8.81,15.05,9,9,8,0,0,0,0,1652.7062,24866.462,15.0459,8187.66,81560.23,81611.83,5420.76,80764.79,5367.89,1607.2826,1004.7205,2812.227,4.5738,0.4336,1561.712,822.7094,2183.4085,3.9158,0.4462,0,0,20,1,601.4,601.4,"[""legacy_25k"", ""start_2022"", ""maximum"", 7200]"
legacy_25k,start_2022,maximum,7300,32400.0,2022-01-03T04:33:40,2026-07-13T21:30:40,8845,361656.48,117428.41,479084.89,370001.48,121873.0,43,20,43,90,47,2970.0,5375.0,8345.0,15800.0,494884.89,0,0,0,21.0,0,11,0,16295.93,0,0,2023-10-26T13:30:00,3,23,23,0,0.1739,21.12,74.34,660.46,0,8.81,15.05,9,9,8,0,0,0,0,1652.7062,24866.462,15.0459,8187.66,82567.14,82618.73,5487.68,81771.7,5434.81,1607.2826,1014.7849,2840.5131,4.3516,0.4336,1561.712,834.2443,2212.5199,3.6872,0.4462,0,0,20,1,701.4,701.4,"[""legacy_25k"", ""start_2022"", ""maximum"", 7300]"
legacy_25k,start_2022,maximum,7400,32500.0,2022-01-03T04:33:40,2026-07-13T21:30:40,8845,359666.48,119418.41,479084.89,368011.48,123873.0,43,20,43,90,47,2970.0,5375.0,8345.0,15800.0,494884.89,0,0,0,21.0,0,11,0,16295.93,0,0,2023-10-26T13:30:00,3,23,23,0,0.1739,21.12,74.34,660.46,0,8.81,15.05,9,9,8,0,0,0,0,1652.7062,24866.462,15.0459,8187.66,83636.65,83688.24,5558.76,82841.21,5505.9,1607.2826,1037.2987,2920.8474,4.4002,0.4075,1561.712,861.9285,2295.1984,3.7371,0.4193,0,0,20,1,801.4,801.4,"[""legacy_25k"", ""start_2022"", ""maximum"", 7400]"
legacy_25k,start_2022,maximum,7500,32600.0,2022-01-03T04:33:40,2026-07-13T21:30:40,8845,357676.48,121408.41,479084.89,366021.48,125873.0,43,20,43,90,47,2970.0,5375.0,8345.0,15800.0,494884.89,0,0,0,21.0,0,11,0,16295.93,0,0,2023-10-26T13:30:00,3,23,23,0,0.1739,21.12,74.34,660.46,0,8.81,15.05,9,9,8,0,0,0,0,1652.7062,24866.462,15.0459,8187.66,84957.57,85009.16,5646.56,84162.13,5593.69,1607.2826,1071.1512,3016.2327,4.6534,0.4075,1561.712,898.7309,2393.367,3.9977,0.4193,0,0,20,1,901.4,901.4,"[""legacy_25k"", ""start_2022"", ""maximum"", 7500]"
legacy_25k,start_2022,maximum,8000,33100.0,2022-01-03T04:33:40,2026-07-13T21:30:40,8845,347711.35,131373.54,479084.89,356056.35,135873.0,43,20,43,90,47,2970.0,5375.0,8345.0,15800.0,494884.89,0,0,0,21.0,0,11,0,16295.93,0,0,2023-10-26T13:30:00,3,23,23,0,0.1739,21.12,74.34,660.46,0,8.81,15.05,9,9,8,0,0,0,0,1652.7062,24866.462,15.0459,8187.66,89776.08,89827.67,5966.81,88980.64,5913.94,1607.2826,1103.6958,3108.7778,4.598,0.3819,1561.712,933.3944,2488.6126,3.9408,0.3931,0,0,20,1,1401.4,1401.4,"[""legacy_25k"", ""start_2022"", ""maximum"", 8000]"
legacy_25k,start_2022,maximum,9000,34100.0,2022-01-03T04:33:40,2026-07-13T21:30:40,8845,327711.35,151373.54,479084.89,336056.35,155873.0,43,20,43,90,47,2970.0,5375.0,8345.0,15800.0,494884.89,0,0,0,21.0,0,11,0,16295.93,0,0,2023-10-26T13:30:00,3,23,23,0,0.1739,21.12,74.34,660.46,0,8.81,15.05,9,9,8,0,0,0,0,1652.7062,24866.462,15.0459,8187.66,99666.25,99717.84,6624.14,98870.81,6571.28,1607.2826,1210.6897,3477.1852,4.8861,0.3819,1561.712,1048.495,2867.77,4.2372,0.3931,0,0,20,1,2401.4,2401.4,"[""legacy_25k"", ""start_2022"", ""maximum"", 9000]"
legacy_25k,start_2022,maximum,10000,35100.0,2022-01-03T04:33:40,2026-07-13T21:30:40,8845,307711.35,171373.54,479084.89,316056.35,175873.0,43,20,43,90,47,2970.0,5375.0,8345.0,15800.0,494884.89,0,0,0,21.0,0,11,0,16295.93,0,0,2023-10-26T13:30:00,3,23,23,0,0.1739,21.12,74.34,660.46,0,8.81,15.05,9,9,8,0,0,0,0,1652.7062,24866.462,15.0459,8187.66,108894.11,108945.7,7237.46,108098.67,7184.59,1607.2826,1285.0797,3784.7233,5.0578,0.2824,1561.712,1127.634,3184.2821,4.414,0.2906,0,0,20,1,3401.4,3401.4,"[""legacy_25k"", ""start_2022"", ""maximum"", 10000]"
legacy_25k,start_2023,minimum,0,25100.0,2023-01-03T07:13:40,2026-07-13T21:30:40,6932,109314.0,0,109314.0,132500.0,30211.05,115,9,124,267,143,8811.0,14375.0,23186.0,13400.0,122714.0,0,0,0,22.5,0,95,0,96.9,73,0,2026-06-25T23:30:00,8,106,95,11,0.0472,90.09,160.37,9368.1,94.33,91.7,7.68,14,14,11,0,0,0,0,1287.5951,9858.825,7.6568,15893.08,14032.3,14238.64,1832.66,15185.46,1983.27,1051.2942,1082.4321,3136.7325,6.3103,0.0032,799.5169,817.7311,2200.8377,5.5916,0.003,3,0,1,1,707.15,707.15,"[""legacy_25k"", ""start_2023"", ""minimum"", 0]"
legacy_25k,start_2023,minimum,1000,26100.0,2023-01-03T07:13:40,2026-07-13T21:30:40,6932,109314.0,0,109314.0,132500.0,30211.05,115,9,124,267,143,8811.0,14375.0,23186.0,13400.0,122714.0,0,0,0,22.5,0,95,0,96.9,73,0,2026-06-25T23:30:00,8,106,95,11,0.0472,90.09,160.37,9368.1,94.33,91.7,7.68,14,14,11,0,0,0,0,1287.5951,9858.825,7.6568,15893.08,14032.3,14238.64,1832.66,15185.46,1983.27,1051.2942,1082.4321,3136.7325,6.3103,0.0032,799.5169,817.7311,2200.8377,5.5916,0.003,3,0,1,1,707.15,707.15,"[""legacy_25k"", ""start_2023"", ""minimum"", 1000]"
legacy_25k,start_2023,minimum,2000,27100.0,2023-01-03T07:13:40,2026-07-13T21:30:40,6932,286746.0,0,286746.0,301500.0,21158.4,75,6,84,163,79,5379.0,9375.0,14754.0,13400.0,300146.0,0,0,0,22.5,0,58,13,5651.99,49,0,2026-06-25T23:30:00,10,69,55,14,0.0725,48.37,92.19,3865.85,144.2,65.7,12.1,13,13,11,0,0,0,0,1287.5951,15562.0803,12.0862,10189.82,34886.98,35001.82,2886.52,34962.92,2892.81,1130.062,870.3953,3118.106,7.7668,0.0009,1024.284,561.2305,2085.4471,7.1,0.0,1,0,1,1,707.15,707.15,"[""legacy_25k"", ""start_2023"", ""minimum"", 2000]"
legacy_25k,start_2023,minimum,3000,28100.0,2023-01-03T07:13:40,2026-07-13T21:30:40,6932,325410.0,0,325410.0,335000.0,23957.45,49,8,57,105,48,3465.0,6125.0,9590.0,13400.0,338810.0,0,0,0,19.0,0,33,18,8074.13,27,0,2026-06-24T21:49:40,7,41,29,12,0.0976,50.07,111.19,2514.91,130.46,23.7,13.23,11,11,8,0,0,0,0,1287.5951,17023.0141,13.2208,8728.89,51334.17,51386.13,3882.84,50857.88,3846.81,1181.4787,899.1105,3477.2096,9.8314,0.0,1138.187,663.172,2619.8474,9.2155,0.0,0,0,1,1,707.15,707.15,"[""legacy_25k"", ""start_2023"", ""minimum"", 3000]"
legacy_25k,start_2023,minimum,3100,28200.0,2023-01-03T07:13:40,2026-07-13T21:30:40,6932,321910.0,0,321910.0,331500.0,23957.45,49,8,57,105,48,3465.0,6125.0,9590.0,13400.0,335310.0,0,0,0,19.0,0,33,18,8079.01,27,0,2026-06-24T21:49:40,6,41,29,12,0.0976,50.07,111.19,2510.04,130.31,23.7,13.24,11,11,8,0,0,0,0,1287.5951,17027.8905,13.2246,8724.01,52008.24,52060.2,3932.7,51531.57,3896.65,1181.5053,904.838,3486.0436,9.8343,0.0,1138.2137,667.0104,2627.8875,9.2185,0.0,0,0,1,1,707.15,707.15,"[""legacy_25k"", ""start_2023"", ""minimum"", 3100]"
legacy_25k,start_2023,minimum,3200,28300.0,2023-01-03T07:13:40,2026-07-13T21:30:40,6932,320910.0,0,320910.0,330500.0,23957.45,49,8,57,105,48,3465.0,6125.0,9590.0,13400.0,334310.0,0,0,0,19.0,0,33,18,8082.33,27,0,2026-06-24T21:49:40,6,41,29,12,0.0976,50.07,111.19,2506.71,130.29,23.7,13.24,11,11,8,0,0,0,0,1287.5951,17031.2118,13.2271,8720.69,52668.18,52720.13,3981.82,52191.25,3945.77,1182.7134,909.7792,3497.486,9.8281,0.0,1139.4218,672.0184,2628.7173,9.2127,0.0,0,0,1,1,707.15,707.15,"[""legacy_25k"", ""start_2023"", ""minimum"", 3200]"
legacy_25k,start_2023,minimum,3300,28400.0,2023-01-03T07:13:40,2026-07-13T21:30:40,6932,326358.0,0,326358.0,335500.0,23957.45,47,8,55,99,44,3267.0,5875.0,9142.0,13400.0,339758.0,0,0,0,19.0,0,31,19,8286.38,25,0,2026-06-24T21:49:40,6,39,27,12,0.1026,50.07,109.39,2356.02,130.29,23.7,13.35,11,11,8,0,0,0,0,1287.5951,17181.9074,13.3442,8570.0,53723.27,53775.13,4025.97,53206.96,3987.28,1182.8204,894.952,3355.0409,9.9547,0.0,1139.5287,679.4272,2599.437,9.3828,0.0,0,0,1,1,707.15,707.15,"[""legacy_25k"", ""start_2023"", ""minimum"", 3300]"
legacy_25k,start_2023,minimum,3400,28500.0,2023-01-03T07:13:40,2026-07-13T21:30:40,6932,324950.0,0,324950.0,334000.0,16863.85,46,4,55,100,45,3300.0,5750.0,9050.0,13400.0,338350.0,0,0,0,19.0,0,34,19,8288.5,28,0,2026-06-25T23:30:00,7,42,26,16,0.0952,48.01,109.39,2513.04,130.29,23.7,13.23,11,11,8,0,0,0,0,1287.5951,17024.8894,13.2222,8727.01,54480.38,54531.04,4120.36,53964.9,4081.37,1193.3829,913.9418,3303.0785,9.8795,0.0,1148.1329,700.1149,2578.2001,9.3156,0.0,0,0,1,1,707.15,707.15,"[""legacy_25k"", ""start_2023"", ""minimum"", 3400]"
legacy_25k,start_2023,minimum,3500,28600.0,2023-01-03T07:13:40,2026-07-13T21:30:40,6932,321950.0,0,321950.0,331000.0,16863.85,46,4,55,100,45,3300.0,5750.0,9050.0,13400.0,335350.0,0,0,0,19.0,0,34,19,8296.55,28,0,2026-06-25T23:30:00,7,42,26,16,0.0952,48.01,108.18,2504.98,128.97,23.7,13.24,11,11,8,0,0,0,0,1287.5951,17032.9435,13.2285,8718.96,56190.91,56241.57,4247.72,55674.8,4208.7,1193.3836,952.2703,3434.9297,9.8817,0.0,1148.1336,730.6439,2689.0248,9.3179,0.0,0,0,1,1,707.15,707.15,"[""legacy_25k"", ""start_2023"", ""minimum"", 3500]"
legacy_25k,start_2023,minimum,3600,28700.0,2023-01-03T07:13:40,2026-07-13T21:30:40,6932,318450.0,0,318450.0,327500.0,16863.85,46,4,55,100,45,3300.0,5750.0,9050.0,13400.0,331850.0,0,0,0,19.0,0,34,19,8320.51,28,0,2026-06-25T23:30:00,7,42,26,16,0.0952,48.01,108.08,2481.02,128.97,23.7,13.26,11,11,8,0,0,0,0,1287.5951,17056.9012,13.2471,8695.0,56650.62,56701.28,4276.45,56132.65,4237.35,1195.813,949.1776,3407.6431,9.8775,0.0,1150.563,727.8946,2662.2399,9.3147,0.0,0,0,1,1,707.15,707.15,"[""legacy_25k"", ""start_2023"", ""minimum"", 3600]"
legacy_25k,start_2023,minimum,3700,28800.0,2023-01-03T07:13:40,2026-07-13T21:30:40,6932,317450.0,0,317450.0,326500.0,16863.85,46,4,55,100,45,3300.0,5750.0,9050.0,13400.0,330850.0,0,0,0,19.0,0,34,19,8338.97,28,0,2026-06-25T23:30:00,7,42,26,16,0.0952,48.01,108.08,2462.56,126.54,23.7,13.27,11,11,8,0,0,0,0,1287.5951,17075.3623,13.2614,8676.54,57998.35,58049.01,4373.46,57478.95,4334.29,1202.5065,961.7126,3515.8707,9.8434,0.0,1157.2565,739.4427,2771.8433,9.2825,0.0,0,0,1,1,707.15,707.15,"[""legacy_25k"", ""start_2023"", ""minimum"", 3700]"
legacy_25k,start_2023,minimum,3800,28900.0,2023-01-03T07:13:40,2026-07-13T21:30:40,6932,320108.0,0,320108.0,329000.0,10215.95,45,3,54,99,45,3267.0,5625.0,8892.0,13400.0,333508.0,0,0,0,19.0,0,34,20,8438.02,28,0,2026-06-25T23:30:00,7,42,25,17,0.0952,48.58,105.65,2553.47,126.54,34.7,13.2,11,11,8,0,0,0,0,1287.5951,16984.4576,13.1908,8767.45,58452.34,58502.9,4431.28,57938.49,4392.33,1192.1155,894.9438,3285.7045,9.8544,0.0,1148.8238,678.7937,2570.2128,9.2968,0.0,2,0,0,0,,,"[""legacy_25k"", ""start_2023"", ""minimum"", 3800]"
legacy_25k,start_2023,minimum,3900,29000.0,2023-01-03T07:13:40,2026-07-13T21:30:40,6932,318049.0,0,318049.0,327000.0,10994.6,46,4,54,97,43,3201.0,5750.0,8951.0,13400.0,331449.0,0,0,0,20.5,0,34,20,8460.86,28,0,2026-06-24T21:49:40,7,42,26,16,0.0952,48.01,105.65,2575.56,126.54,35.7,13.19,11,11,8,0,0,0,0,1287.5951,16962.3706,13.1737,8789.53,59574.09,59633.27,4522.2,59076.4,4484.43,1190.369,902.4355,3216.6085,9.8396,0.0,1149.0773,668.6435,2463.6436,9.2644,0.0,2,0,0,0,,,"[""legacy_25k"", ""start_2023"", ""minimum"", 3900]"
legacy_25k,start_2023,minimum,4000,29100.0,2023-01-03T07:13:40,2026-07-13T21:30:40,6932,315464.0,0,315464.0,324500.0,16860.25,48,6,53,92,39,3036.0,6000.0,9036.0,13400.0,328864.0,0,0,0,19.0,0,34,20,8519.11,28,0,2026-06-24T21:49:40,7,42,28,14,0.0952,49.33,98.53,2356.68,119.33,34.7,13.36,11,11,8,0,0,0,0,1287.5951,17181.2421,13.3437,8570.66,61172.85,61229.86,4584.41,60668.07,4546.58,1190.8755,908.6564,3260.4911,9.9981,0.0,1154.2597,672.6133,2483.7749,9.3715,0.0,2,0,0,0,,,"[""legacy_25k"", ""start_2023"", ""minimum"", 4000]"
legacy_25k,start_2023,minimum,4100,29200.0,2023-01-03T07:13:40,2026-07-13T21:30:40,6932,311964.0,0,311964.0,321000.0,16860.25,48,6,53,92,39,3036.0,6000.0,9036.0,13400.0,325364.0,0,0,0,19.0,0,34,20,8579.36,28,0,2026-06-24T21:49:40,5,42,28,14,0.0952,48.01,98.44,2296.43,116.67,33.7,13.41,11,11,8,0,0,0,0,1287.5951,17241.4995,13.3905,8510.4,61796.12,61853.12,4614.93,61286.66,4576.89,1193.1255,914.2903,3353.4871,10.0139,0.0,1156.5097,679.5321,2581.2263,9.3891,0.0,2,0,0,0,,,"[""legacy_25k"", ""start_2023"", ""minimum"", 4100]"
legacy_25k,start_2023,minimum,4200,29300.0,2023-01-03T07:13:40,2026-07-13T21:30:40,6932,310964.0,0,310964.0,320000.0,16860.25,48,6,53,92,39,3036.0,6000.0,9036.0,13400.0,324364.0,0,0,0,19.0,0,34,20,8586.52,28,0,2026-06-24T21:49:40,5,42,28,14,0.0952,48.01,96.1,2289.27,116.67,33.7,13.41,11,11,8,0,0,0,0,1287.5951,17248.6579,13.396,8503.24,62295.85,62352.85,4650.32,61785.83,4612.25,1193.5231,915.8325,3351.017,10.0169,0.0,1156.9074,682.4957,2578.9435,9.3924,0.0,2,0,0,0,,,"[""legacy_25k"", ""start_2023"", ""minimum"", 4200]"
legacy_25k,start_2023,minimum,4300,29400.0,2023-01-03T07:13:40,2026-07-13T21:30:40,6932,309964.0,0,309964.0,319000.0,16860.25,48,6,53,92,39,3036.0,6000.0,9036.0,13400.0,323364.0,0,0,0,19.0,0,34,20,8593.34,28,0,2026-06-24T21:49:40,5,42,28,14,0.0952,48.01,95.77,2282.45,116.67,33.7,13.41,11,11,8,0,0,0,0,1287.5951,17255.4731,13.4013,8496.43,62793.59,62850.59,4685.63,62283.04,4647.53,1193.5231,918.6858,3344.5898,10.0226,0.0,1156.9074,683.2538,2572.2728,9.3983,0.0,2,0,0,0,,,"[""legacy_25k"", ""start_2023"", ""minimum"", 4300]"
legacy_25k,start_2023,minimum,4400,29500.0,2023-01-03T07:13:40,2026-07-13T21:30:40,6932,307655.0,0,307655.0,316500.0,13358.15,47,5,52,90,38,2970.0,5875.0,8845.0,13400.0,321055.0,0,0,0,19.0,0,34,20,8609.67,28,0,2026-06-24T21:49:40,6,42,27,15,0.0952,48.58,95.77,2357.02,116.27,36.7,13.36,11,11,8,0,0,0,0,1287.5951,17180.9093,13.3434,8570.99,64185.02,64241.99,4810.24,63671.45,4771.75,1185.6722,964.2927,3413.8792,10.022,0.0,1150.7972,735.5888,2639.1348,9.3936,0.0,2,0,0,0,,,"[""legacy_25k"", ""start_2023"", ""minimum"", 4400]"
legacy_25k,start_2023,minimum,4500,29600.0,2023-01-03T07:13:40,2026-07-13T21:30:40,6932,306431.0,0,306431.0,315000.0,11951.35,44,5,52,93,41,3069.0,5500.0,8569.0,13400.0,319831.0,0,0,0,19.0,0,31,20,8623.47,25,0,2026-06-24T21:49:40,7,39,24,15,0.1026,45.1,95.37,2367.68,116.27,49.7,13.35,11,11,8,0,0,0,0,1287.5951,17170.2437,13.3351,8581.66,65269.62,65320.46,4894.56,64737.9,4854.69,1185.6722,921.9576,3127.7367,9.9504,0.0,1150.7972,698.1435,2366.158,9.3412,0.0,1,1,0,0,,,"[""legacy_25k"", ""start_2023"", ""minimum"", 4500]"
legacy_25k,start_2023,minimum,5000,30100.0,2023-01-03T07:13:40,2026-07-13T21:30:40,6932,297023.0,0,297023.0,305500.0,6646.45,43,2,52,94,42,3102.0,5375.0,8477.0,13400.0,310423.0,0,0,0,19.0,0,33,20,8659.48,27,0,2026-06-24T21:49:40,7,41,23,18,0.0976,47.44,94.16,2471.88,115.06,34.7,13.27,11,11,8,0,0,0,0,1287.5951,17066.0428,13.2542,8685.86,67514.11,67563.74,5093.79,66978.86,5053.41,1189.0475,928.7369,3099.3621,9.8736,0.0,1154.1725,703.3358,2341.2614,9.2748,0.0,2,1,0,0,,,"[""legacy_25k"", ""start_2023"", ""minimum"", 5000]"
legacy_25k,start_2023,minimum,5700,30800.0,2023-01-03T07:13:40,2026-07-13T21:30:40,6932,282879.0,0,282879.0,291500.0,13858.15,46,5,51,87,36,2871.0,5750.0,8621.0,13400.0,296279.0,0,0,0,19.0,0,33,20,8711.02,27,0,2026-06-24T21:49:40,7,41,26,15,0.0976,45.14,91.22,2269.55,112.12,36.7,13.42,11,11,8,0,0,0,0,1287.5951,17268.3803,13.4113,8483.52,71724.31,71778.12,5348.03,71191.43,5308.3,1190.5905,1001.0529,3366.0686,10.0248,0.0,1155.7155,785.0175,2603.8796,9.4112,0.0,2,1,0,0,,,"[""legacy_25k"", ""start_2023"", ""minimum"", 5700]"
legacy_25k,start_2023,minimum,6000,31100.0,2023-01-03T07:13:40,2026-07-13T21:30:40,6932,277379.0,0,277379.0,286000.0,13858.15,46,5,51,87,36,2871.0,5750.0,8621.0,13400.0,290779.0,0,0,0,19.0,0,33,20,8724.66,27,0,2026-06-24T21:49:40,9,41,26,15,0.0976,43.81,90.31,2255.9,111.2,36.7,13.43,11,11,8,0,0,0,0,1287.5951,17282.0255,13.4219,8469.88,73614.1,73667.91,5484.61,73080.17,5444.83,1190.737,1025.8948,3522.4905,10.0314,0.0,1155.862,812.745,2765.1178,9.4181,0.0,2,1,0,0,,,"[""legacy_25k"", ""start_2023"", ""minimum"", 6000]"
legacy_25k,start_2023,minimum,6100,31200.0,2023-01-03T07:13:40,2026-07-13T21:30:40,6932,273879.0,0,273879.0,282500.0,13858.15,46,5,51,87,36,2871.0,5750.0,8621.0,13400.0,287279.0,0,0,0,19.0,0,33,20,8738.3,27,0,2026-06-24T21:49:40,9,41,26,15,0.0976,43.81,90.16,2242.26,111.06,34.7,13.44,11,11,8,0,0,0,0,1287.5951,17295.6662,13.4325,8456.24,74177.36,74231.18,5522.22,73642.37,5482.39,1192.8755,1023.4684,3508.2206,10.0212,0.0001,1158.0005,810.3161,2751.8168,9.4087,0.0001,2,0,0,0,,,"[""legacy_25k"", ""start_2023"", ""minimum"", 6100]"
legacy_25k,start_2023,minimum,6200,31300.0,2023-01-03T07:13:40,2026-07-13T21:30:40,6932,273254.0,0,273254.0,281500.0,8675.45,43,3,51,87,36,2871.0,5375.0,8246.0,13400.0,286654.0,0,0,0,19.0,0,32,20,8741.65,26,0,2026-06-25T23:30:00,10,40,23,17,0.1,37.31,74.34,2281.5,111.06,43.7,13.41,11,11,8,0,0,0,0,1287.5951,17256.422,13.4021,8495.48,75142.29,75200.16,5606.77,74605.85,5566.75,1186.8755,1016.6361,3448.066,9.9805,0.0,1157.4588,812.9548,2725.311,9.3424,0.0,2,0,0,0,,,"[""legacy_25k"", ""start_2023"", ""minimum"", 6200]"
legacy_25k,start_2023,minimum,6300,31400.0,2023-01-03T07:13:40,2026-07-13T21:30:40,6932,273254.0,5035.39,278289.39,281500.0,13810.85,43,4,51,87,36,2871.0,5375.0,8246.0,13400.0,291689.39,0,0,0,19.0,0,31,19,8858.26,25,1,2026-06-25T23:30:00,9,39,23,16,0.1026,37.31,74.34,2164.89,111.06,23.7,13.5,11,11,8,0,0,0,0,1287.5951,17373.0333,13.4926,8378.87,76393.62,76451.49,5661.88,75848.12,5621.45,1204.841,1073.6597,3618.9761,9.9265,0.0,1161.2713,864.8211,2895.5214,9.3791,0.0,0,0,2,2,149.5,194.65,"[""legacy_25k"", ""start_2023"", ""minimum"", 6300]"
legacy_25k,start_2023,minimum,6400,31500.0,2023-01-03T07:13:40,2026-07-13T21:30:40,6932,272754.0,5035.39,277789.39,281000.0,13810.85,43,4,51,87,36,2871.0,5375.0,8246.0,13400.0,291189.39,0,0,0,19.0,0,31,19,8860.55,25,1,2026-06-25T23:30:00,9,39,23,16,0.1026,37.16,74.34,2162.61,111.06,23.7,13.5,11,11,8,0,0,0,0,1287.5951,17375.3183,13.4944,8376.58,76807.88,76865.75,5691.84,76262.2,5651.4,1204.841,1076.0478,3613.5127,9.9284,0.0,1161.2713,866.429,2889.8529,9.381,0.0,0,0,2,2,149.5,194.65,"[""legacy_25k"", ""start_2023"", ""minimum"", 6400]"
legacy_25k,start_2023,minimum,6500,31600.0,2023-01-03T07:13:40,2026-07-13T21:30:40,6932,274754.0,36126.48,310880.48,283000.0,45502.0,43,10,51,87,36,2871.0,5375.0,8246.0,13400.0,324280.48,0,0,0,19.0,0,25,13,9537.99,19,3,2026-06-25T23:30:00,4,33,23,10,0.1212,37.16,74.34,1485.16,108.92,23.7,14.03,11,11,8,0,0,0,0,1287.5951,18052.7632,14.0205,7699.14,80290.18,80348.05,5726.62,79691.88,5683.94,1221.8963,1100.6108,3750.5343,9.9947,0.0,1200.188,884.57,2986.9981,9.3036,0.0,0,0,10,6,124.85,366.6,"[""legacy_25k"", ""start_2023"", ""minimum"", 6500]"
legacy_25k,start_2023,minimum,6600,31700.0,2023-01-03T07:13:40,2026-07-13T21:30:40,6932,278077.0,67986.47,346063.47,286000.0,77962.05,42,16,47,81,34,2673.0,5250.0,7923.0,13400.0,359463.47,0,0,0,19.0,0,18,7,10194.04,12,3,2026-06-25T23:30:00,3,26,22,4,0.1538,35.02,74.34,829.04,42.02,23.7,14.54,11,11,8,0,0,0,0,1287.5951,18708.881,14.5301,7043.02,83088.54,83144.99,5718.38,82434.95,5673.39,1221.8963,1089.3172,3781.914,10.3533,0.0,1200.188,876.1614,3007.2465,9.6686,0.0,0,0,16,10,124.85,536.1,"[""legacy_25k"", ""start_2023"", ""minimum"", 6600]"
legacy_25k,start_2023,minimum,6700,31800.0,2023-01-03T07:13:40,2026-07-13T21:30:40,6932,280275.0,83754.29,364029.29,287500.0,93000.9,38,18,41,75,34,2475.0,4750.0,7225.0,13400.0,377429.29,0,0,0,19.0,0,12,4,10525.07,6,3,2026-06-01T21:00:00,3,20,18,2,0.2,18.16,74.34,642.66,94.33,23.7,14.68,11,11,8,0,0,0,0,1287.5951,18895.2625,14.6748,6856.64,84579.91,84626.8,5763.6,83883.18,5716.12,1221.8963,1039.8166,3680.3333,10.5663,0.0,1200.188,832.6816,2913.953,9.9014,0.0,0,0,19,13,124.85,549.55,"[""legacy_25k"", ""start_2023"", ""minimum"", 6700]"
legacy_25k,start_2023,minimum,6800,31900.0,2023-01-03T07:13:40,2026-07-13T21:30:40,6932,280433.0,89744.53,370177.53,287500.0,95946.8,37,18,40,74,34,2442.0,4625.0,7067.0,13400.0,383577.53,0,0,0,19.0,0,11,3,10630.72,5,2,2026-06-01T21:00:00,2,19,17,2,0.2105,14.75,74.34,616.91,94.33,23.7,14.7,11,11,8,0,0,0,0,1287.5951,18921.0125,14.6948,6830.89,85342.63,85388.97,5807.66,84632.57,5759.34,1221.8963,1028.8476,3676.6434,10.5873,0.0,1200.188,823.1432,2909.0224,9.9338,0.0,0,0,19,13,124.85,694.65,"[""legacy_25k"", ""start_2023"", ""minimum"", 6800]"
legacy_25k,start_2023,minimum,6900,32000.0,2023-01-03T07:13:40,2026-07-13T21:30:40,6932,280565.0,95608.22,376173.22,287500.0,101551.15,37,19,39,70,31,2310.0,4625.0,6935.0,13400.0,389573.22,0,0,0,19.0,0,10,2,10739.63,4,2,2026-06-03T16:47:40,2,18,17,1,0.2222,17.75,74.34,499.17,40.2,23.7,14.79,11,11,8,0,0,0,0,1287.5951,19038.7544,14.7863,6713.15,86316.78,86360.79,5837.62,85594.19,5788.75,1221.8963,1039.0334,3703.4467,10.6837,0.0,1200.188,837.8335,2957.1879,10.0331,0.0,0,0,20,14,124.85,694.65,"[""legacy_25k"", ""start_2023"", ""minimum"", 6900]"
legacy_25k,start_2023,minimum,7000,32100.0,2023-01-03T07:13:40,2026-07-13T21:30:40,6932,278638.0,110051.0,388689.0,285000.0,112051.2,34,20,35,64,29,2112.0,4250.0,6362.0,13400.0,402089.0,0,0,0,19.0,0,6,0,10950.93,0,0,2024-08-08T10:28:20,2,14,14,0,0.2857,16.7,74.34,411.04,0,23.7,14.86,11,11,8,0,0,0,0,1287.5951,19126.8884,14.8547,6625.01,88359.74,88401.79,5948.25,87605.67,5897.49,1221.8963,1012.7761,3640.4793,10.7558,0.0,1200.188,827.8866,2972.3077,10.1365,0.0,0,0,20,14,263.0,866.6,"[""legacy_25k"", ""start_2023"", ""minimum"", 7000]"
legacy_25k,start_2023,minimum,7100,32200.0,2023-01-03T07:13:40,2026-07-13T21:30:40,6932,276638.0,112051.0,388689.0,283000.0,114051.2,34,20,35,64,29,2112.0,4250.0,6362.0,13400.0,402089.0,0,0,0,19.0,0,6,0,10950.93,0,0,2024-08-08T10:28:20,2,14,14,0,0.2857,16.7,74.34,411.04,0,23.7,14.86,11,11,8,0,0,0,0,1287.5951,19126.8884,14.8547,6625.01,89575.42,89617.47,6030.09,88821.35,5979.33,1221.8963,1025.5923,3647.6035,10.7558,0.0,1200.188,840.0687,2979.5607,10.1365,0.0,0,0,20,14,314.35,1003.75,"[""legacy_25k"", ""start_2023"", ""minimum"", 7100]"
legacy_25k,start_2023,minimum,7200,32300.0,2023-01-03T07:13:40,2026-07-13T21:30:40,6932,274638.0,114051.0,388689.0,281000.0,116051.2,34,20,35,64,29,2112.0,4250.0,6362.0,13400.0,402089.0,0,0,0,19.0,0,6,0,10950.93,0,0,2024-08-08T10:28:20,2,14,14,0,0.2857,16.7,74.34,411.04,0,23.7,14.86,11,11,8,0,0,0,0,1287.5951,19126.8884,14.8547,6625.01,90487.81,90529.86,6091.51,89733.74,6040.75,1221.8963,1018.9771,3608.6026,10.7558,0.0,1200.188,833.0839,2939.8544,10.1365,0.0,0,0,20,14,522.95,1049.55,"[""legacy_25k"", ""start_2023"", ""minimum"", 7200]"
legacy_25k,start_2023,minimum,7300,32400.0,2023-01-03T07:13:40,2026-07-13T21:30:40,6932,272638.0,116051.0,388689.0,279000.0,118051.2,34,20,35,64,29,2112.0,4250.0,6362.0,13400.0,402089.0,0,0,0,19.0,0,6,0,10950.93,0,0,2024-08-08T10:28:20,2,14,14,0,0.2857,16.7,74.34,411.04,0,23.7,14.86,11,11,8,0,0,0,0,1287.5951,19126.8884,14.8547,6625.01,91000.62,91042.67,6126.03,90246.55,6075.27,1221.8963,1024.2147,3661.7767,10.7558,0.0,1200.188,838.4721,2993.9902,10.1365,0.0,0,0,20,14,522.95,1194.65,"[""legacy_25k"", ""start_2023"", ""minimum"", 7300]"
legacy_25k,start_2023,minimum,7400,32500.0,2023-01-03T07:13:40,2026-07-13T21:30:40,6932,272138.0,116551.0,388689.0,278500.0,118551.2,34,20,35,64,29,2112.0,4250.0,6362.0,13400.0,402089.0,0,0,0,19.0,0,6,0,10950.93,0,0,2024-08-08T10:28:20,2,14,14,0,0.2857,16.7,74.34,411.04,0,23.7,14.86,11,11,8,0,0,0,0,1287.5951,19126.8884,14.8547,6625.01,91455.3,91497.35,6156.64,90701.23,6105.88,1221.8963,1022.8847,3635.3229,10.7558,0.0,1200.188,837.0237,2967.058,10.1365,0.0,0,0,20,14,624.85,1194.65,"[""legacy_25k"", ""start_2023"", ""minimum"", 7400]"
legacy_25k,start_2023,minimum,7500,32600.0,2023-01-03T07:13:40,2026-07-13T21:30:40,6932,268638.0,120051.0,388689.0,275000.0,122051.2,34,20,35,64,29,2112.0,4250.0,6362.0,13400.0,402089.0,0,0,0,19.0,0,6,0,10950.93,0,0,2024-08-08T10:28:20,2,14,14,0,0.2857,16.7,74.34,411.04,0,23.7,14.86,11,11,8,0,0,0,0,1287.5951,19126.8884,14.8547,6625.01,92963.26,93005.31,6258.16,92209.19,6207.39,1221.8963,1050.8199,3832.3641,10.7558,0.0,1200.188,866.7902,3167.6632,10.1365,0.0,0,0,20,14,763.0,1366.6,"[""legacy_25k"", ""start_2023"", ""minimum"", 7500]"
legacy_25k,start_2023,minimum,8000,33100.0,2023-01-03T07:13:40,2026-07-13T21:30:40,6932,258638.0,130051.0,388689.0,265000.0,132051.2,34,20,35,64,29,2112.0,4250.0,6362.0,13400.0,402089.0,0,0,0,19.0,0,6,0,10950.93,0,0,2024-08-08T10:28:20,2,14,14,0,0.2857,16.7,74.34,411.04,0,23.7,14.86,11,11,8,0,0,0,0,1287.5951,19126.8884,14.8547,6625.01,97598.23,97640.28,6570.17,96844.16,6519.41,1221.8963,1076.6426,3812.5947,10.7558,0.0,1200.188,892.2176,3147.5362,10.1365,0.0,0,0,20,14,1263.0,1866.6,"[""legacy_25k"", ""start_2023"", ""minimum"", 8000]"
legacy_25k,start_2023,minimum,9000,34100.0,2023-01-03T07:13:40,2026-07-13T21:30:40,6932,241138.0,147551.0,388689.0,247500.0,149551.2,34,20,35,64,29,2112.0,4250.0,6362.0,13400.0,402089.0,0,0,0,19.0,0,6,0,10950.93,0,0,2024-08-08T10:28:20,2,14,14,0,0.2857,16.7,74.34,411.04,0,23.7,14.86,11,11,8,0,0,0,0,1287.5951,19126.8884,14.8547,6625.01,104771.82,104813.87,7053.09,104017.75,7002.33,1221.8963,1101.0108,3946.2995,10.7558,0.0,1200.188,916.878,3283.6594,10.1365,0.0,0,0,20,14,2263.0,2713.65,"[""legacy_25k"", ""start_2023"", ""minimum"", 9000]"
legacy_25k,start_2023,minimum,10000,35100.0,2023-01-03T07:13:40,2026-07-13T21:30:40,6932,221138.0,160573.81,381711.81,227500.0,169551.2,34,20,35,64,29,2112.0,4250.0,6362.0,13400.0,395111.81,0,0,0,19.0,0,6,0,10950.93,0,0,2024-08-08T10:28:20,2,14,14,0,0.2857,16.7,74.34,411.04,0,23.7,14.86,11,11,8,0,0,0,0,1287.5951,19126.8884,14.8547,6625.01,114021.18,114063.23,7675.74,113267.11,7624.98,1221.8963,1186.0847,4179.322,10.7558,0.0,1200.188,1004.408,3520.8967,10.1365,0.0,0,0,20,14,3136.45,3713.65,"[""legacy_25k"", ""start_2023"", ""minimum"", 10000]"
legacy_25k,start_2023,maximum,0,25100.0,2023-01-03T07:13:40,2026-07-13T21:30:40,6932,152349.42,0,152349.42,177702.42,29211.05,126,9,136,291,155,9603.0,15750.0,25353.0,13400.0,165749.42,0,0,0,22.5,0,105,0,96.9,75,0,2026-06-25T23:30:00,9,117,108,9,0.0256,82.4,144.51,9370.13,94.33,108.7,6.31,14,14,10,0,0,0,0,1287.5951,8093.0053,6.2854,17658.9,9618.61,9826.71,1530.32,11068.52,1761.0,960.6083,1090.8077,3132.7903,5.1501,0.0237,618.2225,718.2726,2080.8427,4.1851,0.1956,5,2,1,1,707.15,707.15,"[""legacy_25k"", ""start_2023"", ""maximum"", 0]"
legacy_25k,start_2023,maximum,1000,26100.0,2023-01-03T07:13:40,2026-07-13T21:30:40,6932,137348.5,0,137348.5,162338.5,33489.5,126,11,134,280,146,9240.0,15750.0,24990.0,13400.0,150748.5,0,0,0,22.5,0,103,0,192.79,73,0,2026-06-24T21:49:40,11,115,109,6,0.0261,71.8,134.64,8360.26,42.02,118.7,6.65,14,14,10,0,0,0,0,1287.5951,8528.9741,6.624,17222.93,11081.73,11283.18,1672.98,12462.22,1881.39,1103.0662,1042.2891,2721.9498,4.8807,0.0369,952.013,641.2405,1567.5953,3.4937,0.1521,6,1,2,2,707.15,1018.55,"[""legacy_25k"", ""start_2023"", ""maximum"", 1000]"
legacy_25k,start_2023,maximum,2000,27100.0,2023-01-03T07:13:40,2026-07-13T21:30:40,6932,137347.4,0,137347.4,160533.4,29211.05,115,9,124,267,143,8811.0,14375.0,23186.0,13400.0,150747.4,0,0,0,22.5,0,95,0,96.9,73,0,2026-06-25T23:30:00,13,106,95,11,0.0472,98.31,160.37,9697.95,94.33,80.7,7.43,14,14,11,0,0,0,0,1287.5951,9528.9713,7.4006,16222.93,12797.35,13003.76,1729.23,13978.17,1888.79,1033.8213,1060.6524,3008.0787,5.4875,0.0015,774.7222,754.3443,1947.1888,4.5187,0.0007,4,1,1,1,707.15,707.15,"[""legacy_25k"", ""start_2023"", ""maximum"", 2000]"
legacy_25k,start_2023,maximum,3000,28100.0,2023-01-03T07:13:40,2026-07-13T21:30:40,6932,231280.8,0,231280.8,250778.8,22563.15,95,8,105,231,126,7623.0,11875.0,19498.0,13400.0,244680.8,0,0,0,22.5,0,79,13,2284.98,73,0,2026-06-25T23:30:00,14,87,75,12,0.046,94.02,161.37,7917.19,94.33,110.7,9.05,14,14,10,0,0,0,0,1287.5951,11620.7407,9.0252,14131.16,21144.31,21296.62,2342.82,21649.28,2398.77,1103.6845,629.065,2135.7921,4.9407,0.0272,943.0611,390.9441,1314.3983,4.1306,0.0255,8,1,0,0,,,"[""legacy_25k"", ""start_2023"", ""maximum"", 3000]"
legacy_25k,start_2023,maximum,3100,28200.0,2023-01-03T07:13:40,2026-07-13T21:30:40,6932,229180.8,0,229180.8,248678.8,22563.15,95,8,105,231,126,7623.0,11875.0,19498.0,13400.0,242580.8,0,0,0,22.5,0,79,13,2284.98,73,0,2026-06-25T23:30:00,14,87,75,12,0.046,94.02,161.37,7917.03,94.33,110.7,9.05,14,14,10,0,0,0,0,1287.5951,11620.8963,9.0253,14131.01,21645.19,21797.5,2398.29,22150.14,2454.24,1103.6845,639.1838,2167.7446,4.823,0.0272,943.0611,397.7218,1337.9713,3.9929,0.0255,8,1,0,0,,,"[""legacy_25k"", ""start_2023"", ""maximum"", 3100]"
legacy_25k,start_2023,maximum,3200,28300.0,2023-01-03T07:13:40,2026-07-13T21:30:40,6932,227080.8,0,227080.8,246578.8,22563.15,95,8,105,231,126,7623.0,11875.0,19498.0,13400.0,240480.8,0,0,0,22.5,0,79,13,2284.98,73,0,2026-06-25T23:30:00,14,87,75,12,0.046,94.02,161.37,7916.75,94.33,110.7,9.05,14,14,10,0,0,0,0,1287.5951,11621.1794,9.0255,14130.72,22109.68,22261.99,2449.69,22614.6,2505.64,1103.6845,646.8055,2189.9059,4.5948,0.0272,943.0611,401.6424,1350.4442,3.7258,0.0254,8,1,0,0,,,"[""legacy_25k"", ""start_2023"", ""maximum"", 3200]"
legacy_25k,start_2023,maximum,3300,28400.0,2023-01-03T07:13:40,2026-07-13T21:30:40,6932,230900.7,0,230900.7,250497.7,28353.45,95,10,102,234,132,7722.0,11875.0,19597.0,13400.0,244300.7,0,0,0,21.0,0,77,13,2380.88,71,0,2026-06-29T20:30:00,20,85,75,10,0.0471,83.0,193.16,7395.67,42.02,27.7,9.45,17,17,11,0,0,0,0,1287.5951,12142.2579,9.4302,13609.64,24584.56,24721.51,2607.01,24952.11,2645.98,1129.7074,1089.5216,3396.6427,4.7626,0.0411,971.1171,729.3309,2203.6825,3.8809,0.1022,1,1,1,1,1018.55,1018.55,"[""legacy_25k"", ""start_2023"", ""maximum"", 3300]"
legacy_25k,start_2023,maximum,3400,28500.0,2023-01-03T07:13:40,2026-07-13T21:30:40,6932,225889.8,0,225889.8,244965.8,29530.2,94,10,102,222,120,7326.0,11750.0,19076.0,13400.0,239289.8,0,0,0,22.5,0,76,13,2381.88,70,0,2026-06-24T21:49:40,20,84,74,10,0.0476,82.58,167.16,7313.26,94.33,26.7,9.51,14,14,9,0,0,0,0,1287.5951,12224.669,9.4942,13527.23,25187.26,25321.65,2652.91,25553.46,2691.48,1118.0435,1032.4608,3339.0459,4.5639,0.0415,949.4787,660.3483,2144.0861,3.725,0.1045,1,1,1,1,707.15,707.15,"[""legacy_25k"", ""start_2023"", ""maximum"", 3400]"
legacy_25k,start_2023,maximum,3500,28600.0,2023-01-03T07:13:40,2026-07-13T21:30:40,6932,223889.8,0,223889.8,242965.8,29530.2,94,10,102,222,120,7326.0,11750.0,19076.0,13400.0,237289.8,0,0,0,22.5,0,76,13,2382.55,70,0,2026-06-24T21:49:40,14,84,74,10,0.0476,82.55,167.1,7312.48,94.33,26.7,9.51,14,14,9,0,0,0,0,1287.5951,12225.4468,9.4948,13526.46,26041.71,26176.1,2742.74,26407.84,2781.3,1118.0991,1072.9821,3451.7336,5.0109,0.0,949.5343,697.9097,2242.7891,4.2514,0.0001,1,1,1,1,707.15,707.15,"[""legacy_25k"", ""start_2023"", ""maximum"", 3500]"
legacy_25k,start_2023,maximum,3600,28700.0,2023-01-03T07:13:40,2026-07-13T21:30:40,6932,221261.05,0,221261.05,240337.05,29530.2,94,10,102,222,120,7326.0,11750.0,19076.0,13400.0,234661.05,0,0,0,22.5,0,76,13,2382.55,70,0,2026-06-24T21:49:40,16,84,74,10,0.0476,82.55,167.1,7312.37,94.33,26.7,9.51,14,14,9,0,0,0,0,1287.5951,12225.5579,9.4949,13526.34,26481.53,26615.91,2789.03,26847.65,2827.59,1118.0991,1078.6411,3493.9315,5.0762,0.0,949.5343,702.9361,2288.1622,4.3283,0.0001,1,1,1,1,707.15,707.15,"[""legacy_25k"", ""start_2023"", ""maximum"", 3600]"
legacy_25k,start_2023,maximum,3700,28800.0,2023-01-03T07:13:40,2026-07-13T21:30:40,6932,219889.8,0,219889.8,238965.8,29530.2,94,10,102,222,120,7326.0,11750.0,19076.0,13400.0,233289.8,0,0,0,22.5,0,76,13,2382.6,70,0,2026-06-24T21:49:40,15,84,74,10,0.0476,82.55,167.1,7312.42,94.33,26.7,9.51,14,14,9,0,0,0,0,1287.5951,12225.5023,9.4948,13526.4,27019.39,27153.77,2845.69,27385.52,2884.25,1118.0991,1094.8765,3522.5287,4.8527,0.0,949.5343,718.8738,2312.9561,4.0651,0.0,1,1,1,1,707.15,707.15,"[""legacy_25k"", ""start_2023"", ""maximum"", 3700]"
legacy_25k,start_2023,maximum,3800,28900.0,2023-01-03T07:13:40,2026-07-13T21:30:40,6932,218062.4,0,218062.4,237138.4,29530.2,94,10,102,222,120,7326.0,11750.0,19076.0,13400.0,231462.4,0,0,0,22.5,0,76,13,2382.6,70,0,2026-06-24T21:49:40,18,84,74,10,0.0476,82.55,167.1,7312.26,94.33,26.7,9.51,14,14,9,0,0,0,0,1287.5951,12225.669,9.495,13526.23,27530.67,27665.06,2899.5,27896.79,2938.06,1118.0991,1108.418,3557.904,4.8412,0.0,949.5343,733.5179,2349.9682,4.0515,0.0,1,1,1,1,707.15,707.15,"[""legacy_25k"", ""start_2023"", ""maximum"", 3800]"
legacy_25k,start_2023,maximum,3900,29000.0,2023-01-03T07:13:40,2026-07-13T21:30:40,6932,216357.65,0,216357.65,235433.65,29530.2,94,10,102,222,120,7326.0,11750.0,19076.0,13400.0,229757.65,0,0,0,22.5,0,76,13,2383.32,70,0,2026-06-24T21:49:40,13,84,74,10,0.0476,82.52,167.04,7311.43,94.33,26.7,9.51,14,14,9,0,0,0,0,1287.5951,12226.4933,9.4956,13525.41,27862.85,27997.24,2934.29,28228.9,2972.84,1118.1539,1104.3528,3536.7118,4.9099,0.0,949.5891,724.1979,2325.6595,4.1325,0.0001,1,1,1,1,707.15,707.15,"[""legacy_25k"", ""start_2023"", ""maximum"", 3900]"
legacy_25k,start_2023,maximum,4000,29100.0,2023-01-03T07:13:40,2026-07-13T21:30:40,6932,214948.15,0,214948.15,234024.15,29530.2,94,10,102,222,120,7326.0,11750.0,19076.0,13400.0,228348.15,0,0,0,22.5,0,76,13,2383.21,70,0,2026-06-24T21:49:40,11,84,74,10,0.0476,82.55,167.04,7311.54,94.33,26.7,9.51,14,14,9,0,0,0,0,1287.5951,12226.3836,9.4955,13525.52,28260.7,28395.08,2976.21,28626.76,3014.77,1118.1539,1114.2713,3557.504,4.8724,0.0,949.5891,734.9112,2346.3241,4.0883,0.0001,1,1,1,1,707.15,707.15,"[""legacy_25k"", ""start_2023"", ""maximum"", 4000]"
legacy_25k,start_2023,maximum,4100,29200.0,2023-01-03T07:13:40,2026-07-13T21:30:40,6932,212948.15,0,212948.15,232024.15,29530.2,94,10,102,222,120,7326.0,11750.0,19076.0,13400.0,226348.15,0,0,0,22.5,0,76,13,2405.68,70,0,2026-06-24T21:49:40,11,84,74,10,0.0476,82.55,164.79,7286.76,94.33,23.7,9.54,14,14,9,0,0,0,0,1287.5951,12251.1667,9.5148,13500.74,28812.53,28946.91,3028.19,29176.66,3066.46,1120.4069,1126.968,3603.067,4.9788,0.0021,951.8421,751.1715,2401.4491,4.2155,0.0024,1,1,1,1,707.15,707.15,"[""legacy_25k"", ""start_2023"", ""maximum"", 4100]"
legacy_25k,start_2023,maximum,4200,29300.0,2023-01-03T07:13:40,2026-07-13T21:30:40,6932,210708.65,0,210708.65,229784.65,29530.2,94,10,102,222,120,7326.0,11750.0,19076.0,13400.0,224108.65,0,0,0,22.5,0,76,13,2408.1,70,0,2026-06-24T21:49:40,11,84,74,10,0.0476,82.52,164.79,7286.32,94.33,23.7,9.54,14,14,9,0,0,0,0,1287.5951,12251.6056,9.5151,13500.3,29178.15,29312.54,3066.51,29542.25,3104.77,1120.4069,1126.9981,3610.2688,5.1252,0.002,951.8421,747.342,2409.9621,4.3877,0.0024,1,1,1,1,707.15,707.15,"[""legacy_25k"", ""start_2023"", ""maximum"", 4200]"
legacy_25k,start_2023,maximum,4300,29400.0,2023-01-03T07:13:40,2026-07-13T21:30:40,6932,207919.2,0,207919.2,226995.2,29673.4,94,10,102,222,120,7326.0,11750.0,19076.0,13400.0,221319.2,0,0,0,22.5,0,76,13,2412.6,70,0,2026-06-24T21:49:40,14,84,74,10,0.0476,82.4,164.79,7279.51,94.33,23.7,9.55,14,14,9,0,0,0,0,1287.5951,12258.4194,9.5204,13493.48,29840.6,29974.99,3134.39,30204.18,3172.57,1120.4069,1143.1249,3658.5355,5.153,0.002,951.8421,765.9764,2466.2075,4.4204,0.0024,1,1,1,1,707.15,707.15,"[""legacy_25k"", ""start_2023"", ""maximum"", 4300]"
legacy_25k,start_2023,maximum,4400,29500.0,2023-01-03T07:13:40,2026-07-13T21:30:40,6932,205227.25,0,205227.25,224303.25,30070.1,94,10,102,222,120,7326.0,11750.0,19076.0,13400.0,218627.25,0,0,0,22.5,0,76,13,2412.6,70,0,2026-06-24T21:49:40,18,84,74,10,0.0476,82.4,164.79,7270.49,94.33,23.7,9.56,14,14,9,0,0,0,0,1287.5951,12267.4315,9.5274,13484.47,30397.86,30532.25,3190.57,30760.73,3228.66,1120.4069,1172.4897,3753.1753,5.1604,0.0,951.8421,809.1045,2575.8001,4.4292,0.0,1,1,1,1,707.15,707.15,"[""legacy_25k"", ""start_2023"", ""maximum"", 4400]"
legacy_25k,start_2023,maximum,4500,29600.0,2023-01-03T07:13:40,2026-07-13T21:30:40,6932,301960.0,0,301960.0,311635.0,19204.4,51,6,56,100,44,3300.0,6375.0,9675.0,13400.0,315360.0,0,0,0,19.0,0,37,18,8259.77,31,0,2026-06-25T23:30:00,17,45,31,14,0.0889,48.58,106.02,2384.38,118.92,23.7,13.33,11,11,8,0,0,0,0,1287.5951,17153.5465,13.3222,8598.36,47824.89,47882.06,3589.88,47344.48,3553.81,1202.688,913.5272,3469.3662,5.0269,0.0007,1156.5097,679.8405,2566.7372,4.228,0.0023,0,0,1,1,707.15,707.15,"[""legacy_25k"", ""start_2023"", ""maximum"", 4500]"
legacy_25k,start_2023,maximum,5000,30100.0,2023-01-03T07:13:40,2026-07-13T21:30:40,6932,303397.7,0,303397.7,311874.7,6938.0,43,2,52,94,42,3102.0,5375.0,8477.0,13400.0,316797.7,0,0,0,19.0,0,33,20,8627.74,27,0,2026-06-24T21:49:40,17,41,23,18,0.0976,47.44,95.22,2503.62,116.12,38.7,13.24,11,11,8,0,0,0,0,1287.5951,17034.3044,13.2296,8717.6,52685.31,52734.94,3982.4,52152.52,3942.12,1185.6722,852.4475,2736.249,4.6172,0.0002,1150.7972,629.005,1964.9206,3.8574,0.0002,2,1,0,0,,,"[""legacy_25k"", ""start_2023"", ""maximum"", 5000]"
legacy_25k,start_2023,maximum,5700,30800.0,2023-01-03T07:13:40,2026-07-13T21:30:40,6932,287587.2,0,287587.2,296208.2,13858.15,46,5,51,87,36,2871.0,5750.0,8621.0,13400.0,300987.2,0,0,0,19.0,0,33,20,8700.13,27,0,2026-06-24T21:49:40,20,41,26,15,0.0976,45.14,91.64,2280.43,112.54,37.7,13.42,11,11,8,0,0,0,0,1287.5951,17257.4984,13.4029,8494.4,58606.36,58660.18,4372.67,58074.33,4332.97,1189.253,784.2722,2625.2149,4.4408,0.1315,1154.378,561.6829,1839.7609,3.6578,0.1354,2,1,0,0,,,"[""legacy_25k"", ""start_2023"", ""maximum"", 5700]"
legacy_25k,start_2023,maximum,6000,31100.0,2023-01-03T07:13:40,2026-07-13T21:30:40,6932,281587.2,0,281587.2,290208.2,13858.15,46,5,51,87,36,2871.0,5750.0,8621.0,13400.0,294987.2,0,0,0,19.0,0,33,20,8708.51,27,0,2026-06-24T21:49:40,20,41,26,15,0.0976,44.72,91.22,2272.05,112.12,37.7,13.42,11,11,8,0,0,0,0,1287.5951,17265.8734,13.4094,8486.03,61412.47,61466.28,4579.81,60879.79,4540.08,1189.6718,788.0851,2620.6525,4.4161,0.1318,1154.7968,565.8283,1835.3456,3.6326,0.1358,2,1,0,0,,,"[""legacy_25k"", ""start_2023"", ""maximum"", 6000]"
legacy_25k,start_2023,maximum,6100,31200.0,2023-01-03T07:13:40,2026-07-13T21:30:40,6932,279962.2,0,279962.2,288208.2,8675.45,43,3,51,87,36,2871.0,5375.0,8246.0,13400.0,293362.2,0,0,0,19.0,0,32,20,8726.88,26,0,2026-06-25T23:30:00,20,40,23,17,0.1,37.31,74.34,2296.27,111.2,45.7,13.4,11,11,8,0,0,0,0,1287.5951,17241.6539,13.3906,8510.25,62191.9,62249.78,4644.45,61656.6,4604.47,1184.5905,774.8158,2581.8326,4.5061,0.1331,1155.1738,563.5079,1835.5892,3.7273,0.1365,2,1,0,0,,,"[""legacy_25k"", ""start_2023"", ""maximum"", 6100]"
legacy_25k,start_2023,maximum,6200,31300.0,2023-01-03T07:13:40,2026-07-13T21:30:40,6932,277962.2,0,277962.2,286208.2,8675.45,43,3,51,87,36,2871.0,5375.0,8246.0,13400.0,291362.2,0,0,0,19.0,0,32,20,8726.88,26,0,2026-06-25T23:30:00,20,40,23,17,0.1,37.31,74.34,2296.27,111.2,45.7,13.4,11,11,8,0,0,0,0,1287.5951,17241.6539,13.3906,8510.25,63120.96,63178.83,4713.83,62585.66,4673.85,1184.5905,783.5835,2605.6843,4.4934,0.1331,1155.1738,572.437,1860.0483,3.7143,0.1365,2,1,0,0,,,"[""legacy_25k"", ""start_2023"", ""maximum"", 6200]"
legacy_25k,start_2023,maximum,6300,31400.0,2023-01-03T07:13:40,2026-07-13T21:30:40,6932,275962.2,0,275962.2,284208.2,8675.45,43,3,51,87,36,2871.0,5375.0,8246.0,13400.0,289362.2,0,0,0,19.0,0,32,20,8729.81,26,0,2026-06-25T23:30:00,20,40,23,17,0.1,37.16,74.34,2293.34,111.06,45.7,13.4,11,11,8,0,0,0,0,1287.5951,17244.5845,13.3929,8507.32,64012.97,64070.84,4779.63,63477.44,4739.65,1184.737,791.4891,2638.178,4.6145,0.1332,1155.3204,580.1344,1893.4638,3.8386,0.1366,2,1,0,0,,,"[""legacy_25k"", ""start_2023"", ""maximum"", 6300]"
legacy_25k,start_2023,maximum,6400,31500.0,2023-01-03T07:13:40,2026-07-13T21:30:40,6932,273962.2,0,273962.2,282208.2,8675.45,43,3,51,87,36,2871.0,5375.0,8246.0,13400.0,287362.2,0,0,0,19.0,0,32,20,8729.81,26,0,2026-06-25T23:30:00,20,40,23,17,0.1,37.16,74.34,2293.34,111.06,45.7,13.4,11,11,8,0,0,0,0,1287.5951,17244.5845,13.3929,8507.32,64926.3,64984.17,4847.83,64390.77,4807.84,1184.737,791.3707,2625.2834,4.5546,0.1332,1155.3204,579.5864,1880.241,3.7771,0.1366,2,1,0,0,,,"[""legacy_25k"", ""start_2023"", ""maximum"", 6400]"
legacy_25k,start_2023,maximum,6500,31600.0,2023-01-03T07:13:40,2026-07-13T21:30:40,6932,271988.2,0,271988.2,280208.2,7646.45,42,2,51,90,39,2970.0,5250.0,8220.0,13400.0,285388.2,0,0,0,19.0,0,32,20,8766.88,26,0,2026-06-24T21:49:40,20,40,22,18,0.1,36.31,88.31,2366.39,109.2,31.7,13.35,11,11,8,0,0,0,0,1287.5951,17171.535,13.3361,8580.37,65739.75,65788.69,4929.45,65194.02,4888.53,1192.5905,835.9507,2712.9071,4.4365,0.1339,1157.7155,614.0112,1945.4848,3.6757,0.1379,2,1,0,0,,,"[""legacy_25k"", ""start_2023"", ""maximum"", 6500]"
legacy_25k,start_2023,maximum,6600,31700.0,2023-01-03T07:13:40,2026-07-13T21:30:40,6932,269988.2,0,269988.2,278208.2,7646.45,42,2,51,90,39,2970.0,5250.0,8220.0,13400.0,283388.2,0,0,0,19.0,0,32,20,8769.87,26,0,2026-06-24T21:49:40,20,40,22,18,0.1,36.16,88.16,2363.4,109.05,31.7,13.35,11,11,8,0,0,0,0,1287.5951,17174.5211,13.3384,8577.38,66650.08,66699.03,4996.84,66104.12,4955.91,1192.7398,852.7147,2785.8632,4.4956,0.134,1157.8648,631.4131,2020.7373,3.7367,0.1381,2,1,0,0,,,"[""legacy_25k"", ""start_2023"", ""maximum"", 6600]"
legacy_25k,start_2023,maximum,6700,31800.0,2023-01-03T07:13:40,2026-07-13T21:30:40,6932,267778.2,0,267778.2,276208.2,10713.8,45,4,50,85,35,2805.0,5625.0,8430.0,13400.0,281178.2,0,0,0,19.0,0,33,20,8838.0,27,20,2026-06-24T21:49:40,20,41,25,16,0.0976,39.75,84.75,2222.46,105.65,30.7,13.47,11,11,8,0,0,0,0,1287.5951,17315.4678,13.4479,8436.43,67667.67,67720.94,5031.83,67119.82,4991.1,1190.1463,852.956,2822.5475,4.7148,0.1372,1160.7296,630.9811,2038.7425,3.9381,0.1406,2,1,20,1,101.4,101.4,"[""legacy_25k"", ""start_2023"", ""maximum"", 6700]"
legacy_25k,start_2023,maximum,6800,31900.0,2023-01-03T07:13:40,2026-07-13T21:30:40,6932,278816.2,109872.8,388689.0,285178.2,111873.0,34,20,35,64,29,2112.0,4250.0,6362.0,13400.0,402089.0,0,0,0,19.0,0,6,0,10950.93,0,0,2024-08-08T10:28:20,2,14,14,0,0.2857,16.7,74.34,411.04,0,23.7,14.86,11,11,8,0,0,0,0,1287.5951,19126.8884,14.8547,6625.01,75302.29,75344.34,5069.24,74548.22,5018.48,1221.8963,762.416,2572.0783,4.3423,0.2201,1200.188,572.6452,1884.582,3.607,0.224,0,0,20,1,201.4,201.4,"[""legacy_25k"", ""start_2023"", ""maximum"", 6800]"
legacy_25k,start_2023,maximum,6900,32000.0,2023-01-03T07:13:40,2026-07-13T21:30:40,6932,276816.2,111872.8,388689.0,283178.2,113873.0,34,20,35,64,29,2112.0,4250.0,6362.0,13400.0,402089.0,0,0,0,19.0,0,6,0,10950.93,0,0,2024-08-08T10:28:20,2,14,14,0,0.2857,16.7,74.34,411.04,0,23.7,14.86,11,11,8,0,0,0,0,1287.5951,19126.8884,14.8547,6625.01,76392.26,76434.31,5142.62,75638.19,5091.86,1221.8963,771.4459,2609.8607,4.3145,0.2201,1200.188,581.763,1923.0478,3.5786,0.224,0,0,20,1,301.4,301.4,"[""legacy_25k"", ""start_2023"", ""maximum"", 6900]"
legacy_25k,start_2023,maximum,7000,32100.0,2023-01-03T07:13:40,2026-07-13T21:30:40,6932,274816.2,113872.8,388689.0,281178.2,115873.0,34,20,35,64,29,2112.0,4250.0,6362.0,13400.0,402089.0,0,0,0,19.0,0,6,0,10950.93,0,0,2024-08-08T10:28:20,2,14,14,0,0.2857,16.7,74.34,411.04,0,23.7,14.86,11,11,8,0,0,0,0,1287.5951,19126.8884,14.8547,6625.01,77499.25,77541.3,5217.14,76745.18,5166.38,1221.8963,766.2822,2597.382,4.2948,0.3117,1200.188,576.264,1910.3434,3.5586,0.3174,0,0,20,1,401.4,401.4,"[""legacy_25k"", ""start_2023"", ""maximum"", 7000]"
legacy_25k,start_2023,maximum,7100,32200.0,2023-01-03T07:13:40,2026-07-13T21:30:40,6932,272816.2,115872.8,388689.0,279178.2,117873.0,34,20,35,64,29,2112.0,4250.0,6362.0,13400.0,402089.0,0,0,0,19.0,0,6,0,10950.93,0,0,2024-08-08T10:28:20,2,14,14,0,0.2857,16.7,74.34,411.04,0,23.7,14.86,11,11,8,0,0,0,0,1287.5951,19126.8884,14.8547,6625.01,78549.77,78591.82,5287.86,77795.71,5237.1,1221.8963,771.5611,2619.1351,4.2253,0.3117,1200.188,581.6095,1932.4899,3.4878,0.3174,0,0,20,1,501.4,501.4,"[""legacy_25k"", ""start_2023"", ""maximum"", 7100]"
legacy_25k,start_2023,maximum,7200,32300.0,2023-01-03T07:13:40,2026-07-13T21:30:40,6932,270816.2,117872.8,388689.0,277178.2,119873.0,34,20,35,64,29,2112.0,4250.0,6362.0,13400.0,402089.0,0,0,0,19.0,0,6,0,10950.93,0,0,2024-08-08T10:28:20,2,14,14,0,0.2857,16.7,74.34,411.04,0,23.7,14.86,11,11,8,0,0,0,0,1287.5951,19126.8884,14.8547,6625.01,79585.31,79627.36,5357.57,78831.24,5306.81,1221.8963,777.3272,2641.4159,4.2826,0.3117,1200.188,587.329,1955.1737,3.5461,0.3174,0,0,20,1,601.4,601.4,"[""legacy_25k"", ""start_2023"", ""maximum"", 7200]"
legacy_25k,start_2023,maximum,7300,32400.0,2023-01-03T07:13:40,2026-07-13T21:30:40,6932,268816.2,119872.8,388689.0,275178.2,121873.0,34,20,35,64,29,2112.0,4250.0,6362.0,13400.0,402089.0,0,0,0,19.0,0,6,0,10950.93,0,0,2024-08-08T10:28:20,2,14,14,0,0.2857,16.7,74.34,411.04,0,23.7,14.86,11,11,8,0,0,0,0,1287.5951,19126.8884,14.8547,6625.01,80623.93,80665.98,5427.49,79869.86,5376.73,1221.8963,784.0684,2665.1731,4.2531,0.3117,1200.188,593.9791,1979.3606,3.5162,0.3174,0,0,20,1,701.4,701.4,"[""legacy_25k"", ""start_2023"", ""maximum"", 7300]"
legacy_25k,start_2023,maximum,7400,32500.0,2023-01-03T07:13:40,2026-07-13T21:30:40,6932,266816.2,121872.8,388689.0,273178.2,123873.0,34,20,35,64,29,2112.0,4250.0,6362.0,13400.0,402089.0,0,0,0,19.0,0,6,0,10950.93,0,0,2024-08-08T10:28:20,2,14,14,0,0.2857,16.7,74.34,411.04,0,23.7,14.86,11,11,8,0,0,0,0,1287.5951,19126.8884,14.8547,6625.01,81659.17,81701.22,5497.18,80905.1,5446.42,1221.8963,791.9308,2694.9479,4.3431,0.3117,1200.188,601.9844,2009.674,3.6078,0.3174,0,0,20,1,801.4,801.4,"[""legacy_25k"", ""start_2023"", ""maximum"", 7400]"
legacy_25k,start_2023,maximum,7500,32600.0,2023-01-03T07:13:40,2026-07-13T21:30:40,6932,264816.2,123872.8,388689.0,271178.2,125873.0,34,20,35,64,29,2112.0,4250.0,6362.0,13400.0,402089.0,0,0,0,19.0,0,6,0,10950.93,0,0,2024-08-08T10:28:20,2,14,14,0,0.2857,16.7,74.34,411.04,0,23.7,14.86,11,11,8,0,0,0,0,1287.5951,19126.8884,14.8547,6625.01,82739.45,82781.5,5569.9,81985.38,5519.14,1221.8963,802.0007,2740.0567,4.2998,0.3117,1200.188,612.8718,2055.5987,3.5636,0.3174,0,0,20,1,901.4,901.4,"[""legacy_25k"", ""start_2023"", ""maximum"", 7500]"
legacy_25k,start_2023,maximum,8000,33100.0,2023-01-03T07:13:40,2026-07-13T21:30:40,6932,254816.2,133872.8,388689.0,261178.2,135873.0,34,20,35,64,29,2112.0,4250.0,6362.0,13400.0,402089.0,0,0,0,19.0,0,6,0,10950.93,0,0,2024-08-08T10:28:20,2,14,14,0,0.2857,16.7,74.34,411.04,0,23.7,14.86,11,11,8,0,0,0,0,1287.5951,19126.8884,14.8547,6625.01,87853.7,87895.75,5914.19,87099.63,5863.42,1221.8963,840.7747,2869.5807,4.5191,0.3117,1200.188,651.8021,2187.4655,3.7869,0.3174,0,0,20,1,1401.4,1401.4,"[""legacy_25k"", ""start_2023"", ""maximum"", 8000]"
legacy_25k,start_2023,maximum,9000,34100.0,2023-01-03T07:13:40,2026-07-13T21:30:40,6932,234816.2,147679.16,382495.36,241178.2,155873.0,34,20,35,64,29,2112.0,4250.0,6362.0,13400.0,395895.36,0,0,0,19.0,0,6,0,10950.93,0,0,2024-08-08T10:28:20,2,14,14,0,0.2857,16.7,74.34,411.04,0,23.7,14.86,11,11,8,0,0,0,0,1287.5951,19126.8884,14.8547,6625.01,97896.04,97938.09,6590.22,97141.97,6539.46,1221.8963,926.9406,3203.1735,4.9684,0.2201,1200.188,739.3231,2527.0921,4.2444,0.224,0,0,20,1,2401.4,2401.4,"[""legacy_25k"", ""start_2023"", ""maximum"", 9000]"
legacy_25k,start_2023,maximum,10000,35100.0,2023-01-03T07:13:40,2026-07-13T21:30:40,6932,214816.2,159485.52,374301.72,221178.2,175873.0,34,20,35,64,29,2112.0,4250.0,6362.0,13400.0,387701.72,0,0,0,19.0,0,6,0,10950.93,0,0,2024-08-08T10:28:20,2,14,14,0,0.2857,16.7,74.34,411.04,0,23.7,14.86,11,11,8,0,0,0,0,1287.5951,19126.8884,14.8547,6625.01,107585.84,107627.89,7242.53,106831.77,7191.76,1221.8963,1026.7863,3560.4564,5.2663,0.2004,1200.188,841.66,2890.8374,4.5477,0.204,0,0,20,1,3401.4,3401.4,"[""legacy_25k"", ""start_2023"", ""maximum"", 10000]"
legacy_25k,start_2024,minimum,0,25100.0,2024-01-02T06:34:40,2026-07-13T21:30:40,4985,50376.0,0,50376.0,65500.0,29595.0,74,8,85,178,93,5874.0,9250.0,15124.0,11000.0,61376.0,0,0,0,21.5,0,55,0,191.79,20,0,2026-06-24T21:49:40,6,66,62,4,0.0909,41.18,90.94,2904.6,94.2,7.73,6.34,11,11,9,0,0,0,0,923.6222,5830.1544,6.3123,12642.29,18560.73,18709.65,2940.42,19082.71,3023.11,879.8755,1396.2809,3600.9816,4.7479,0.021,825.6046,964.6461,2267.9567,3.9098,0.0577,1,0,2,1,1018.55,1018.55,"[""legacy_25k"", ""start_2024"", ""minimum"", 0]"
legacy_25k,start_2024,minimum,1000,26100.0,2024-01-02T06:34:40,2026-07-13T21:30:40,4985,50376.0,0,50376.0,65500.0,29595.0,74,8,85,178,93,5874.0,9250.0,15124.0,11000.0,61376.0,0,0,0,21.5,0,55,0,191.79,20,0,2026-06-24T21:49:40,6,66,62,4,0.0909,41.18,90.94,2904.6,94.2,7.73,6.34,11,11,9,0,0,0,0,923.6222,5830.1544,6.3123,12642.29,18560.73,18709.65,2940.42,19082.71,3023.11,879.8755,1396.2809,3600.9816,4.7479,0.021,825.6046,964.6461,2267.9567,3.9098,0.0577,1,0,2,1,1018.55,1018.55,"[""legacy_25k"", ""start_2024"", ""minimum"", 1000]"
legacy_25k,start_2024,minimum,2000,27100.0,2024-01-02T06:34:40,2026-07-13T21:30:40,4985,74333.0,0,74333.0,88000.0,24703.5,70,7,80,149,69,4917.0,8750.0,13667.0,11000.0,85333.0,0,0,0,21.5,0,54,2,993.21,23,0,2026-06-24T21:49:40,4,63,57,6,0.127,39.37,73.44,2230.23,94.2,7.73,7.29,9,9,9,0,0,0,0,923.6222,6713.4218,7.2686,11759.02,22783.37,22923.16,3134.5,23156.03,3185.77,893.8963,1511.3964,4163.7483,5.873,0.0187,880.5421,1090.685,2766.7082,4.9315,0.0545,0,0,2,1,1018.55,1018.55,"[""legacy_25k"", ""start_2024"", ""minimum"", 2000]"
legacy_25k,start_2024,minimum,3000,28100.0,2024-01-02T06:34:40,2026-07-13T21:30:40,4985,110498.0,0,110498.0,123500.0,24703.5,66,7,79,144,65,4752.0,8250.0,13002.0,11000.0,121498.0,0,0,0,21.5,0,53,6,2144.55,26,0,2026-06-24T21:49:40,5,59,49,10,0.1186,28.66,102.05,2414.14,115.06,7.73,9.31,9,9,9,0,0,0,0,923.6222,8579.0958,9.2885,9893.35,34958.25,35092.94,3763.59,35065.6,3775.15,893.8963,1619.3803,4801.4433,8.0366,0.0173,880.5421,1182.6631,3345.1629,7.1718,0.0531,0,0,2,1,1018.55,1018.55,"[""legacy_25k"", ""start_2024"", ""minimum"", 3000]"
legacy_25k,start_2024,minimum,3100,28200.0,2024-01-02T06:34:40,2026-07-13T21:30:40,4985,109498.0,0,109498.0,122500.0,24703.5,66,7,79,144,65,4752.0,8250.0,13002.0,11000.0,120498.0,0,0,0,21.5,0,53,6,2146.28,26,0,2026-06-24T21:49:40,4,59,49,10,0.1186,28.66,102.05,2412.41,115.06,7.73,9.31,9,9,9,0,0,0,0,923.6222,8580.8229,9.2904,9891.62,35466.6,35601.29,3817.55,35573.75,3829.09,893.8963,1641.7836,4837.9672,8.0386,0.0173,880.5421,1197.6992,3379.0729,7.1737,0.0531,0,0,2,1,1018.55,1018.55,"[""legacy_25k"", ""start_2024"", ""minimum"", 3100]"
legacy_25k,start_2024,minimum,3200,28300.0,2024-01-02T06:34:40,2026-07-13T21:30:40,4985,108998.0,0,108998.0,122000.0,24703.5,66,7,79,144,65,4752.0,8250.0,13002.0,11000.0,119998.0,0,0,0,21.5,0,53,6,2148.12,26,0,2026-06-24T21:49:40,4,59,49,10,0.1186,28.66,102.05,2410.58,115.06,7.73,9.32,9,9,9,0,0,0,0,923.6222,8582.6609,9.2924,9889.78,35623.46,35758.15,3833.62,35730.42,3845.13,893.8963,1640.2421,4831.4139,8.0406,0.0173,880.5421,1190.4437,3345.8784,7.1758,0.0531,0,0,2,1,1018.55,1018.55,"[""legacy_25k"", ""start_2024"", ""minimum"", 3200]"
legacy_25k,start_2024,minimum,3300,28400.0,2024-01-02T06:34:40,2026-07-13T21:30:40,4985,114769.0,0,114769.0,127000.0,27846.25,63,8,75,132,57,4356.0,7875.0,12231.0,11000.0,125769.0,0,0,0,21.5,0,49,7,2350.21,25,0,2026-06-24T21:49:40,4,55,46,9,0.1273,23.75,108.18,2027.23,122.95,7.73,9.72,9,9,9,0,0,0,0,923.6222,8959.0102,9.6999,9513.43,37333.6,37475.88,3848.88,37392.93,3854.99,893.8963,1608.5414,4897.1055,8.5119,0.0173,880.5421,1186.3343,3388.625,7.6414,0.0478,0,0,2,1,1018.55,1018.55,"[""legacy_25k"", ""start_2024"", ""minimum"", 3300]"
legacy_25k,start_2024,minimum,3400,28500.0,2024-01-02T06:34:40,2026-07-13T21:30:40,4985,119361.0,0,119361.0,131500.0,33370.9,62,10,72,133,61,4389.0,7750.0,12139.0,11000.0,130361.0,0,0,0,22.5,0,46,8,2561.51,24,0,2026-06-24T21:49:40,4,52,44,8,0.1346,20.37,108.18,1824.65,128.97,7.73,10.26,9,9,9,0,0,0,0,923.6222,9457.4829,10.2396,9014.96,40026.23,40149.9,3908.98,39988.1,3905.26,893.8963,1598.984,4961.4181,8.8837,0.0281,880.5421,1218.1338,3551.5534,8.0625,0.0478,0,0,2,1,1018.55,1018.55,"[""legacy_25k"", ""start_2024"", ""minimum"", 3400]"
legacy_25k,start_2024,minimum,3500,28600.0,2024-01-02T06:34:40,2026-07-13T21:30:40,4985,118361.0,0,118361.0,130500.0,33870.9,62,10,72,133,61,4389.0,7750.0,12139.0,11000.0,129361.0,0,0,0,22.5,0,46,8,2562.86,24,0,2026-06-24T21:49:40,3,52,44,8,0.1346,20.37,108.08,1823.31,128.97,7.73,10.26,9,9,9,0,0,0,0,923.6222,9458.8252,10.241,9013.62,40709.07,40832.74,3975.1,40670.79,3971.37,893.8963,1634.866,5000.4724,8.8852,0.0281,880.5421,1241.6247,3566.8627,8.064,0.0478,0,0,2,1,1018.55,1018.55,"[""legacy_25k"", ""start_2024"", ""minimum"", 3500]"
legacy_25k,start_2024,minimum,3600,28700.0,2024-01-02T06:34:40,2026-07-13T21:30:40,4985,115861.0,0,115861.0,128000.0,33870.9,62,10,72,133,61,4389.0,7750.0,12139.0,11000.0,126861.0,0,0,0,22.5,0,46,8,2568.09,24,0,2026-06-24T21:49:40,3,52,44,8,0.1346,20.37,108.08,1812.98,126.54,7.73,10.27,9,9,9,0,0,0,0,923.6222,9469.1516,10.2522,9003.29,41007.39,41131.06,3999.87,40968.0,3996.02,893.8963,1631.1135,4996.0024,8.894,0.0253,880.5421,1232.8734,3550.6256,8.0729,0.0449,0,0,2,1,1018.55,1018.55,"[""legacy_25k"", ""start_2024"", ""minimum"", 3600]"
legacy_25k,start_2024,minimum,3700,28800.0,2024-01-02T06:34:40,2026-07-13T21:30:40,4985,115361.0,0,115361.0,127500.0,33870.9,62,10,72,133,61,4389.0,7750.0,12139.0,11000.0,126361.0,0,0,0,22.5,0,46,8,2577.32,24,0,2026-06-24T21:49:40,3,52,44,8,0.1346,20.37,108.08,1803.75,119.85,7.73,10.28,9,9,9,0,0,0,0,923.6222,9478.3822,10.2622,8994.06,41877.66,42001.33,4080.77,41837.27,4076.84,893.8963,1643.3271,5044.3201,8.9043,0.0253,880.5421,1230.8563,3584.3106,8.0833,0.0449,0,0,2,1,1018.55,1018.55,"[""legacy_25k"", ""start_2024"", ""minimum"", 3700]"
legacy_25k,start_2024,minimum,3800,28900.0,2024-01-02T06:34:40,2026-07-13T21:30:40,4985,117769.0,0,117769.0,129500.0,30228.15,59,9,67,132,65,4356.0,7375.0,11731.0,11000.0,128769.0,0,0,0,22.5,0,44,9,2767.72,23,0,2026-06-24T21:49:40,3,50,41,9,0.1,20.37,98.78,1837.44,112.54,7.73,10.55,9,9,9,0,0,0,0,923.6222,9720.6905,10.5245,8751.75,44270.95,44384.88,4206.45,44144.51,4194.44,893.8963,1669.6223,5091.9254,9.1647,0.0146,880.5421,1242.012,3635.0037,8.4134,0.0502,0,0,2,1,1018.55,1018.55,"[""legacy_25k"", ""start_2024"", ""minimum"", 3800]"
legacy_25k,start_2024,minimum,3900,29000.0,2024-01-02T06:34:40,2026-07-13T21:30:40,4985,115769.0,0,115769.0,127500.0,30228.15,59,9,67,132,65,4356.0,7375.0,11731.0,11000.0,126769.0,0,0,0,22.5,0,44,9,2796.04,23,0,2026-06-24T21:49:40,3,50,41,9,0.1,20.37,98.53,1809.06,112.54,7.73,10.58,9,9,9,0,0,0,0,923.6222,9749.0725,10.5553,8723.37,44770.4,44884.33,4241.53,44640.88,4229.25,893.8963,1671.8159,5092.237,9.1964,0.0146,880.5421,1235.3171,3618.817,8.4457,0.0502,0,0,2,1,1018.55,1018.55,"[""legacy_25k"", ""start_2024"", ""minimum"", 3900]"
legacy_25k,start_2024,minimum,4000,29100.0,2024-01-02T06:34:40,2026-07-13T21:30:40,4985,115269.0,0,115269.0,127000.0,30228.15,59,9,67,132,65,4356.0,7375.0,11731.0,11000.0,126269.0,0,0,0,22.5,0,44,9,2808.02,23,0,2026-06-24T21:49:40,3,50,41,9,0.1,20.37,96.1,1797.09,112.54,7.73,10.59,9,9,9,0,0,0,0,923.6222,9761.0468,10.5682,8711.4,45177.71,45291.63,4274.86,45046.89,4262.48,893.8963,1680.4154,5096.8964,9.2098,0.0146,880.5421,1235.7492,3599.3353,8.4593,0.0502,0,0,2,1,1018.55,1018.55,"[""legacy_25k"", ""start_2024"", ""minimum"", 4000]"
legacy_25k,start_2024,minimum,4100,29200.0,2024-01-02T06:34:40,2026-07-13T21:30:40,4985,124252.0,0,124252.0,134000.0,22134.55,50,5,59,106,47,3498.0,6250.0,9748.0,11000.0,135252.0,0,0,0,22.5,0,39,11,3093.94,26,0,2026-06-25T23:30:00,4,45,30,15,0.1556,11.64,98.53,1953.3,117.0,7.73,11.22,9,9,8,0,0,0,0,923.6222,10341.6287,11.1968,8130.82,50297.04,50389.39,4492.08,49996.83,4465.27,893.8963,1673.9031,5150.7399,10.0434,0.012,880.5421,1300.8596,3886.7268,9.3248,0.0389,0,0,2,1,1018.55,1018.55,"[""legacy_25k"", ""start_2024"", ""minimum"", 4100]"
legacy_25k,start_2024,minimum,4200,29300.0,2024-01-02T06:34:40,2026-07-13T21:30:40,4985,122252.0,0,122252.0,132000.0,22134.55,50,5,59,106,47,3498.0,6250.0,9748.0,11000.0,133252.0,0,0,0,22.5,0,39,11,3100.49,26,0,2026-06-25T23:30:00,3,45,30,15,0.1556,11.64,98.53,1944.44,116.67,7.73,11.22,9,9,8,0,0,0,0,923.6222,10350.4838,11.2064,8121.96,50579.44,50671.79,4513.44,50278.27,4486.57,893.8963,1669.863,5142.0033,10.0516,0.0119,880.5421,1294.0755,3874.0564,9.3331,0.0388,0,0,2,1,1018.55,1018.55,"[""legacy_25k"", ""start_2024"", ""minimum"", 4200]"
legacy_25k,start_2024,minimum,4300,29400.0,2024-01-02T06:34:40,2026-07-13T21:30:40,4985,121252.0,0,121252.0,131000.0,22134.55,50,5,59,106,47,3498.0,6250.0,9748.0,11000.0,132252.0,0,0,0,22.5,0,39,11,3113.44,26,0,2026-06-25T23:30:00,3,45,30,15,0.1556,11.64,96.1,1931.49,116.27,7.73,11.24,9,9,8,0,0,0,0,923.6222,10363.4363,11.2204,8109.01,50740.02,50832.37,4522.11,50437.45,4495.14,893.8963,1667.8149,5154.0707,10.0661,0.0119,880.5421,1289.8385,3884.808,9.3478,0.0388,0,0,2,1,1018.55,1018.55,"[""legacy_25k"", ""start_2024"", ""minimum"", 4300]"
legacy_25k,start_2024,minimum,4400,29500.0,2024-01-02T06:34:40,2026-07-13T21:30:40,4985,119752.0,0,119752.0,129500.0,22134.55,50,5,59,106,47,3498.0,6250.0,9748.0,11000.0,130752.0,0,0,0,22.5,0,39,11,3123.48,26,0,2026-06-25T23:30:00,4,45,30,15,0.1556,11.64,95.37,1921.45,116.27,7.73,11.25,9,9,8,0,0,0,0,923.6222,10373.4729,11.2313,8098.97,51201.0,51293.35,4558.78,50897.34,4531.74,893.8963,1661.259,5153.7423,10.0773,0.0119,880.5421,1275.9667,3883.481,9.3592,0.0388,0,0,2,1,1018.55,1018.55,"[""legacy_25k"", ""start_2024"", ""minimum"", 4400]"
legacy_25k,start_2024,minimum,4500,29600.0,2024-01-02T06:34:40,2026-07-13T21:30:40,4985,122410.0,0,122410.0,132000.0,16175.25,49,4,58,105,47,3465.0,6125.0,9590.0,11000.0,133410.0,0,0,0,22.5,0,39,12,3137.23,27,0,2026-06-25T23:30:00,5,45,29,16,0.1556,14.19,95.37,2027.08,116.27,7.73,11.13,9,9,7,0,0,0,0,923.6222,10267.8444,11.1169,8204.6,51035.08,51127.44,4590.75,50741.69,4564.36,883.2995,1652.3352,5271.4328,10.5884,0.0,846.4037,1292.1614,4092.8729,10.1161,0.0,0,0,1,1,1018.55,1018.55,"[""legacy_25k"", ""start_2024"", ""minimum"", 4500]"
legacy_25k,start_2024,minimum,5000,30100.0,2024-01-02T06:34:40,2026-07-13T21:30:40,4985,120410.0,0,120410.0,130000.0,16175.25,49,4,58,105,47,3465.0,6125.0,9590.0,11000.0,131410.0,0,0,0,22.5,0,39,12,3140.24,27,0,2026-06-25T23:30:00,7,45,29,16,0.1556,14.19,94.16,2024.08,115.06,7.73,11.14,9,9,7,0,0,0,0,923.6222,10270.85,11.1202,8201.59,51482.74,51575.09,4629.67,51189.03,4603.25,883.2995,1632.7116,5298.502,10.5964,0.0,846.4037,1261.7249,4121.1222,10.1244,0.0,0,0,1,1,1018.55,1018.55,"[""legacy_25k"", ""start_2024"", ""minimum"", 5000]"
legacy_25k,start_2024,minimum,5700,30800.0,2024-01-02T06:34:40,2026-07-13T21:30:40,4985,111910.0,1500.0,113410.0,121500.0,17175.25,49,4,58,105,47,3465.0,6125.0,9590.0,11000.0,124410.0,0,0,0,22.5,0,39,12,3170.98,27,0,2026-06-25T23:30:00,7,45,29,16,0.1556,14.19,91.64,1990.66,112.54,7.73,11.18,9,9,7,0,0,0,0,923.6222,10304.263,11.1564,8168.18,53487.97,53580.33,4794.39,53190.64,4767.74,883.2995,1680.563,5469.2481,10.6298,0.0,846.4037,1303.1901,4299.3113,10.1593,0.0,0,0,1,1,1018.55,1018.55,"[""legacy_25k"", ""start_2024"", ""minimum"", 5700]"
legacy_25k,start_2024,minimum,6000,31100.0,2024-01-02T06:34:40,2026-07-13T21:30:40,4985,108910.0,0,108910.0,118500.0,17675.25,49,4,58,105,47,3465.0,6125.0,9590.0,11000.0,119910.0,0,0,0,22.5,0,39,12,3177.74,27,0,2026-06-25T23:30:00,6,45,29,16,0.1556,14.19,91.08,1983.9,111.2,7.73,11.18,9,9,7,0,0,0,0,923.6222,10311.0241,11.1637,8161.42,54638.99,54731.34,4894.35,54340.93,4867.65,883.2995,1715.7492,5479.4264,10.6375,0.0,846.4037,1336.2259,4309.9332,10.1673,0.0,0,0,1,1,1018.55,1018.55,"[""legacy_25k"", ""start_2024"", ""minimum"", 6000]"
legacy_25k,start_2024,minimum,6100,31200.0,2024-01-02T06:34:40,2026-07-13T21:30:40,4985,106410.0,0,106410.0,116000.0,17675.25,49,4,58,105,47,3465.0,6125.0,9590.0,11000.0,117410.0,0,0,0,22.5,0,39,12,3186.18,27,0,2026-06-25T23:30:00,6,45,29,16,0.1556,14.19,90.31,1975.46,111.2,7.73,11.19,9,9,7,0,0,0,0,923.6222,10319.4683,11.1728,8152.98,55302.9,55395.25,4949.77,55003.92,4923.01,885.3023,1743.3718,5617.2799,10.6235,0.0,848.4065,1367.4118,4456.5426,10.1539,0.0,0,0,1,1,1018.55,1018.55,"[""legacy_25k"", ""start_2024"", ""minimum"", 6100]"
legacy_25k,start_2024,minimum,6200,31300.0,2024-01-02T06:34:40,2026-07-13T21:30:40,4985,104910.0,0,104910.0,114500.0,17675.25,49,4,58,105,47,3465.0,6125.0,9590.0,11000.0,115910.0,0,0,0,22.5,0,39,12,3188.47,27,2,2026-06-25T23:30:00,6,45,29,16,0.1556,14.19,90.16,1962.06,111.06,7.73,11.2,9,9,7,0,0,0,0,923.6222,10332.8648,11.1873,8139.58,55700.89,55793.24,4978.93,55400.46,4952.07,888.7088,1750.7737,5608.9681,10.5955,0.0,851.813,1375.877,4452.5126,10.1265,0.0,0,0,3,2,148.2,1018.55,"[""legacy_25k"", ""start_2024"", ""minimum"", 6200]"
legacy_25k,start_2024,minimum,6300,31400.0,2024-01-02T06:34:40,2026-07-13T21:30:40,4985,104410.0,6532.84,110942.84,114000.0,23308.1,49,5,58,105,47,3465.0,6125.0,9590.0,11000.0,121942.84,0,0,0,22.5,0,38,11,3301.75,26,2,2026-06-25T23:30:00,5,44,29,15,0.1591,14.19,90.16,1848.78,111.06,7.73,11.33,9,9,7,0,0,0,0,923.6222,10446.1433,11.31,8026.3,56595.57,56687.92,5004.04,56282.88,4976.39,893.8963,1762.4157,5624.0065,10.6665,0.0,880.5421,1365.3176,4377.6477,9.9574,0.0,0,0,4,3,148.2,1018.55,"[""legacy_25k"", ""start_2024"", ""minimum"", 6300]"
legacy_25k,start_2024,minimum,6400,31500.0,2024-01-02T06:34:40,2026-07-13T21:30:40,4985,103910.0,6532.84,110442.84,113500.0,23308.1,49,5,58,105,47,3465.0,6125.0,9590.0,11000.0,121442.84,0,0,0,22.5,0,38,11,3307.3,26,3,2026-06-25T23:30:00,5,44,29,15,0.1591,14.19,90.16,1843.23,111.06,7.73,11.33,9,9,7,0,0,0,0,923.6222,10451.6991,11.316,8020.75,56883.11,56975.46,5026.79,56569.81,4999.1,893.8963,1774.5273,5625.1602,10.6727,0.0,880.5421,1376.8058,4378.8189,9.9637,0.0,0,0,5,4,104.55,1018.55,"[""legacy_25k"", ""start_2024"", ""minimum"", 6400]"
legacy_25k,start_2024,minimum,6500,31600.0,2024-01-02T06:34:40,2026-07-13T21:30:40,4985,103410.0,11587.23,114997.23,113000.0,28462.5,49,6,58,105,47,3465.0,6125.0,9590.0,11000.0,125997.23,0,0,0,22.5,0,37,10,3429.47,25,5,2026-06-25T23:30:00,5,43,29,14,0.1628,14.19,88.16,1721.06,108.92,7.73,11.47,9,9,7,0,0,0,0,923.6222,10573.8662,11.4483,7898.58,58100.52,58192.87,5075.05,57773.99,5046.53,893.8963,1794.319,5640.2274,10.8094,0.0,880.5421,1396.1449,4394.1146,10.1024,0.0,0,0,8,7,104.55,1018.55,"[""legacy_25k"", ""start_2024"", ""minimum"", 6500]"
legacy_25k,start_2024,minimum,6600,31700.0,2024-01-02T06:34:40,2026-07-13T21:30:40,4985,105410.0,32162.04,137572.04,115000.0,49437.35,49,10,58,105,47,3465.0,6125.0,9590.0,11000.0,148572.04,0,0,0,22.5,0,33,6,3871.69,21,5,2026-06-25T23:30:00,5,39,29,10,0.1795,14.19,84.75,1278.84,105.65,7.73,11.94,9,9,7,0,0,0,0,923.6222,11016.0856,11.927,7456.36,60915.36,61007.71,5107.33,60540.95,5075.94,893.8963,1804.2447,5794.9762,11.1799,0.0,880.5421,1408.433,4551.2103,10.4785,0.0,0,0,12,10,104.55,1018.55,"[""legacy_25k"", ""start_2024"", ""minimum"", 6600]"
legacy_25k,start_2024,minimum,6700,31800.0,2024-01-02T06:34:40,2026-07-13T21:30:40,4985,106825.0,42707.42,149532.42,116000.0,60182.75,47,12,55,100,45,3300.0,5875.0,9175.0,11000.0,160532.42,0,0,0,22.5,0,29,4,4091.66,17,5,2026-06-25T23:30:00,5,35,27,8,0.2,9.09,71.75,1059.69,105.65,7.73,12.18,8,8,7,0,0,0,0,923.6222,11235.2394,12.1643,7237.21,62406.4,62497.66,5130.28,62000.82,5096.94,893.8963,1810.073,5810.8926,11.4293,0.0,880.5421,1414.8407,4563.7475,10.7283,0.0,0,0,14,12,104.55,1018.55,"[""legacy_25k"", ""start_2024"", ""minimum"", 6700]"
legacy_25k,start_2024,minimum,6800,31900.0,2024-01-02T06:34:40,2026-07-13T21:30:40,4985,106891.0,48530.91,155421.91,116000.0,66106.25,47,13,54,98,44,3234.0,5875.0,9109.0,11000.0,166421.91,0,0,0,22.5,0,28,3,4200.71,16,5,2026-06-25T23:30:00,5,34,27,7,0.2059,9.09,71.75,950.63,105.65,7.73,12.3,7,7,7,0,0,0,0,923.6222,11344.2921,12.2824,7128.15,63386.7,63477.96,5160.78,62969.32,5126.8,893.8963,1831.6494,5849.846,11.5513,0.0,880.5421,1437.9287,4602.7155,10.8522,0.0,0,0,15,13,104.55,1018.55,"[""legacy_25k"", ""start_2024"", ""minimum"", 6800]"
legacy_25k,start_2024,minimum,6900,32000.0,2024-01-02T06:34:40,2026-07-13T21:30:40,4985,107240.0,54476.2,161716.2,116000.0,72151.55,45,14,51,95,44,3135.0,5625.0,8760.0,11000.0,172716.2,0,0,0,22.5,0,25,2,4306.36,13,4,2026-06-25T23:30:00,4,31,25,6,0.2258,8.56,57.8,878.63,105.65,7.73,12.37,6,6,7,0,0,0,0,923.6222,11416.2993,12.3604,7056.15,64180.16,64269.63,5192.42,63738.54,5156.69,893.8963,1825.5642,5801.9893,11.6319,0.0,880.5421,1440.6637,4572.9979,10.9561,0.0,0,0,15,13,124.85,1018.55,"[""legacy_25k"", ""start_2024"", ""minimum"", 6900]"
legacy_25k,start_2024,minimum,7000,32100.0,2024-01-02T06:34:40,2026-07-13T21:30:40,4985,107886.0,78396.86,186282.86,116000.0,92895.3,43,17,46,83,37,2739.0,5375.0,8114.0,11000.0,197282.86,0,0,0,22.5,0,20,0,4717.44,8,0,2026-06-25T23:30:00,2,26,23,3,0.2692,6.02,61.18,550.81,94.33,7.73,12.73,5,5,7,0,0,0,0,923.6222,11744.1132,12.7153,6728.33,66957.87,67043.41,5265.94,66453.66,5226.28,893.8963,1824.7923,5732.9288,11.7798,0.0,880.5421,1450.9002,4547.4731,11.1529,0.0,0,0,15,13,261.35,1018.55,"[""legacy_25k"", ""start_2024"", ""minimum"", 7000]"
legacy_25k,start_2024,minimum,7100,32200.0,2024-01-02T06:34:40,2026-07-13T21:30:40,4985,107386.0,78896.86,186282.86,115500.0,93395.3,43,17,46,83,37,2739.0,5375.0,8114.0,11000.0,197282.86,0,0,0,22.5,0,20,0,4717.44,8,0,2026-06-25T23:30:00,2,26,23,3,0.2692,6.02,61.18,550.81,94.33,7.73,12.73,5,5,7,0,0,0,0,923.6222,11744.1132,12.7153,6728.33,67737.89,67823.44,5327.28,67233.69,5287.63,893.8963,1845.2512,5809.0494,11.7798,0.0,880.5421,1467.8499,4622.8734,11.1529,0.0,0,0,15,13,314.35,1018.55,"[""legacy_25k"", ""start_2024"", ""minimum"", 7100]"
legacy_25k,start_2024,minimum,7200,32300.0,2024-01-02T06:34:40,2026-07-13T21:30:40,4985,106386.0,79896.86,186282.86,114500.0,94395.3,43,17,46,83,37,2739.0,5375.0,8114.0,11000.0,197282.86,0,0,0,22.5,0,20,0,4717.44,8,0,2026-06-25T23:30:00,2,26,23,3,0.2692,6.02,61.18,550.81,94.33,7.73,12.73,5,5,7,0,0,0,0,923.6222,11744.1132,12.7153,6728.33,68330.56,68416.1,5373.89,67826.35,5334.24,893.8963,1861.945,5842.9007,11.7798,0.0,880.5421,1483.1342,4651.2816,11.1529,0.0,0,0,15,13,482.75,1049.55,"[""legacy_25k"", ""start_2024"", ""minimum"", 7200]"
legacy_25k,start_2024,minimum,7300,32400.0,2024-01-02T06:34:40,2026-07-13T21:30:40,4985,103886.0,82396.86,186282.86,112000.0,96895.3,43,17,46,83,37,2739.0,5375.0,8114.0,11000.0,197282.86,0,0,0,22.5,0,20,0,4717.44,8,0,2026-06-25T23:30:00,2,26,23,3,0.2692,6.02,61.18,550.81,94.33,7.73,12.73,5,5,7,0,0,0,0,923.6222,11744.1132,12.7153,6728.33,68761.19,68846.73,5407.76,68256.98,5368.11,893.8963,1872.5464,5843.5514,11.7798,0.0,880.5421,1492.7888,4647.634,11.1529,0.0,0,0,15,13,604.55,1049.55,"[""legacy_25k"", ""start_2024"", ""minimum"", 7300]"
legacy_25k,start_2024,minimum,7400,32500.0,2024-01-02T06:34:40,2026-07-13T21:30:40,4985,102886.0,83396.86,186282.86,111000.0,97895.3,43,17,46,83,37,2739.0,5375.0,8114.0,11000.0,197282.86,0,0,0,22.5,0,20,0,4717.44,8,0,2026-06-25T23:30:00,2,26,23,3,0.2692,6.02,61.18,550.81,94.33,7.73,12.73,5,5,7,0,0,0,0,923.6222,11744.1132,12.7153,6728.33,69090.76,69176.3,5433.68,68586.55,5394.03,893.8963,1883.8449,5860.2371,11.7798,0.0,880.5421,1504.0988,4663.8547,11.1529,0.0,0,0,15,13,624.85,1104.55,"[""legacy_25k"", ""start_2024"", ""minimum"", 7400]"
legacy_25k,start_2024,minimum,7500,32600.0,2024-01-02T06:34:40,2026-07-13T21:30:40,4985,100886.0,85396.86,186282.86,109000.0,99895.3,43,17,46,83,37,2739.0,5375.0,8114.0,11000.0,197282.86,0,0,0,22.5,0,20,0,4717.44,8,0,2026-06-25T23:30:00,2,26,23,3,0.2692,6.02,61.18,550.81,94.33,7.73,12.73,5,5,7,0,0,0,0,923.6222,11744.1132,12.7153,6728.33,69964.81,70050.35,5502.42,69460.6,5462.77,893.8963,1909.931,5891.571,11.7798,0.0,880.5421,1528.8427,4690.8357,11.1529,0.0,0,0,15,13,761.35,1213.65,"[""legacy_25k"", ""start_2024"", ""minimum"", 7500]"
legacy_25k,start_2024,minimum,8000,33100.0,2024-01-02T06:34:40,2026-07-13T21:30:40,4985,93886.0,82418.98,176304.98,102000.0,106895.3,43,17,46,83,37,2739.0,5375.0,8114.0,11000.0,187304.98,0,0,0,22.5,0,20,0,4717.44,8,0,2026-06-25T23:30:00,2,26,23,3,0.2692,6.02,61.18,550.81,94.33,7.73,12.73,5,5,7,0,0,0,0,923.6222,11744.1132,12.7153,6728.33,73100.04,73185.58,5748.99,72595.84,5709.34,893.8963,2023.8072,6167.3191,11.7798,0.0,880.5421,1640.682,4961.6683,11.1529,0.0,0,0,15,13,1018.55,1713.65,"[""legacy_25k"", ""start_2024"", ""minimum"", 8000]"
legacy_25k,start_2024,minimum,9000,34100.0,2024-01-02T06:34:40,2026-07-13T21:30:40,4985,79386.0,86886.14,166272.14,87500.0,121395.3,43,17,46,83,37,2739.0,5375.0,8114.0,11000.0,177272.14,0,0,0,22.5,0,20,0,4717.44,8,0,2026-06-25T23:30:00,2,26,23,3,0.2692,6.02,61.18,550.81,94.33,7.73,12.73,5,5,7,0,0,0,0,923.6222,11744.1132,12.7153,6728.33,80131.59,80217.13,6301.99,79627.39,6262.34,893.8963,2301.5452,6914.16,11.7798,0.0,880.5421,1920.357,5719.8356,11.1529,0.0,0,0,15,13,1018.55,2713.65,"[""legacy_25k"", ""start_2024"", ""minimum"", 9000]"
legacy_25k,start_2024,minimum,10000,35100.0,2024-01-02T06:34:40,2026-07-13T21:30:40,4985,65386.0,76704.77,142090.77,73500.0,135395.3,43,17,46,83,37,2739.0,5375.0,8114.0,11000.0,153090.77,0,0,0,22.5,0,20,0,4717.44,8,0,2026-06-25T23:30:00,2,26,23,3,0.2692,6.02,61.18,550.81,94.33,7.73,12.73,5,5,7,0,0,0,0,923.6222,11744.1132,12.7153,6728.33,86143.84,86229.39,6774.83,85639.64,6735.18,893.8963,2564.7225,7648.4084,11.7798,0.0,880.5421,2190.931,6465.2195,11.1529,0.0,0,0,15,13,1018.55,3713.65,"[""legacy_25k"", ""start_2024"", ""minimum"", 10000]"
legacy_25k,start_2024,maximum,0,25100.0,2024-01-02T06:34:40,2026-07-13T21:30:40,4985,71248.02,0,71248.02,88348.02,23324.3,84,7,92,200,108,6600.0,10500.0,17100.0,11000.0,82248.02,0,0,0,22.5,0,65,0,96.9,20,0,2026-06-24T21:49:40,6,77,73,4,0.0519,57.64,97.96,3880.57,42.02,22.73,4.35,12,12,8,0,0,0,0,923.6222,3985.2907,4.3148,14487.15,8358.2,8554.44,1937.08,9325.12,2161.17,688.6009,1279.4578,3534.9205,4.481,0.0027,418.4208,1023.8627,2717.1201,4.3532,0.0024,4,0,1,1,707.15,707.15,"[""legacy_25k"", ""start_2024"", ""maximum"", 0]"
legacy_25k,start_2024,maximum,1000,26100.0,2024-01-02T06:34:40,2026-07-13T21:30:40,4985,65579.7,0,65579.7,80182.7,30404.8,73,9,79,166,87,5478.0,9125.0,14603.0,11000.0,76579.7,0,0,0,22.5,0,53,0,192.79,13,0,2026-06-17T22:32:40,5,64,63,1,0.0625,49.04,81.16,2932.88,25.96,26.73,4.63,10,10,9,0,0,0,0,923.6222,4261.081,4.6134,14211.36,10466.64,10638.53,2268.72,11245.39,2437.53,848.6542,1073.3269,2693.8854,4.1966,0.0128,743.3363,497.4679,1260.6931,3.4317,0.0013,5,0,2,2,707.15,1018.55,"[""legacy_25k"", ""start_2024"", ""maximum"", 1000]"
legacy_25k,start_2024,maximum,2000,27100.0,2024-01-02T06:34:40,2026-07-13T21:30:40,4985,65389.45,0,65389.45,81883.45,27064.4,81,8,90,193,103,6369.0,10125.0,16494.0,11000.0,76389.45,0,0,0,22.5,0,62,0,192.79,20,0,2026-06-17T22:32:40,10,73,69,4,0.0548,57.8,108.51,3804.58,42.02,19.73,5.36,13,13,8,0,0,0,0,923.6222,4930.1787,5.3379,13542.27,12061.28,12238.28,2259.57,12829.64,2403.51,852.5139,1243.0366,3126.831,4.4885,0.0022,795.9097,722.5037,1734.541,3.574,0.0,4,0,2,2,707.15,1018.55,"[""legacy_25k"", ""start_2024"", ""maximum"", 2000]"
legacy_25k,start_2024,maximum,3000,28100.0,2024-01-02T06:34:40,2026-07-13T21:30:40,4985,80963.5,0,80963.5,97174.5,31557.0,79,10,86,192,106,6336.0,9875.0,16211.0,11000.0,91963.5,0,0,0,22.5,0,63,2,342.48,21,0,2026-06-24T21:49:40,9,69,65,4,0.0435,58.8,111.19,4080.63,94.2,10.73,6.54,12,12,8,0,0,0,0,923.6222,6020.9141,6.5188,12451.53,17194.44,17353.42,2637.67,17706.78,2716.26,889.7412,1286.2268,3439.7025,4.8333,0.0105,875.5329,724.6582,1868.5112,3.8838,0.0275,1,1,2,2,707.15,1018.55,"[""legacy_25k"", ""start_2024"", ""maximum"", 3000]"
legacy_25k,start_2024,maximum,3100,28200.0,2024-01-02T06:34:40,2026-07-13T21:30:40,4985,79263.5,0,79263.5,95474.5,31657.0,79,10,86,192,106,6336.0,9875.0,16211.0,11000.0,90263.5,0,0,0,22.5,0,63,2,342.48,21,0,2026-06-24T21:49:40,8,69,65,4,0.0435,58.8,111.19,4080.03,94.2,10.73,6.54,12,12,8,0,0,0,0,923.6222,6021.5231,6.5195,12450.92,17416.04,17575.02,2671.39,17928.31,2749.97,889.7412,1295.9894,3462.9227,4.6705,0.0104,875.5329,729.4825,1884.7403,3.7184,0.0274,1,1,2,2,707.15,1018.55,"[""legacy_25k"", ""start_2024"", ""maximum"", 3100]"
legacy_25k,start_2024,maximum,3200,28300.0,2024-01-02T06:34:40,2026-07-13T21:30:40,4985,77563.5,0,77563.5,93774.5,31757.0,79,10,86,192,106,6336.0,9875.0,16211.0,11000.0,88563.5,0,0,0,22.5,0,63,2,342.48,21,0,2026-06-24T21:49:40,11,69,65,4,0.0435,57.8,111.19,4007.68,94.2,10.73,6.62,12,12,8,0,0,0,0,923.6222,6093.8701,6.5978,12378.57,17734.46,17893.44,2687.94,18238.9,2764.39,889.7412,1305.2448,3484.6299,4.5627,0.0,875.5329,740.3669,1904.5911,3.6089,0.0,1,1,2,2,707.15,1018.55,"[""legacy_25k"", ""start_2024"", ""maximum"", 3200]"
legacy_25k,start_2024,maximum,3300,28400.0,2024-01-02T06:34:40,2026-07-13T21:30:40,4985,89779.5,0,89779.5,105391.5,29959.45,75,10,83,189,106,6237.0,9375.0,15612.0,11000.0,100779.5,0,0,0,21.5,0,59,2,341.48,21,0,2026-06-24T21:49:40,14,65,61,4,0.0769,57.8,117.94,3611.8,94.2,7.73,7.05,12,12,9,0,0,0,0,923.6222,6489.7493,7.0264,11982.7,21094.22,21244.87,3002.13,21468.74,3055.43,893.7412,1424.8016,3784.2269,4.5839,0.0356,877.637,905.3177,2214.2965,3.64,0.0677,1,1,2,1,1018.55,1018.55,"[""legacy_25k"", ""start_2024"", ""maximum"", 3300]"
legacy_25k,start_2024,maximum,3400,28500.0,2024-01-02T06:34:40,2026-07-13T21:30:40,4985,88567.2,0,88567.2,104370.2,30159.45,76,10,85,191,106,6303.0,9500.0,15803.0,11000.0,99567.2,0,0,0,21.5,0,60,2,341.48,23,0,2026-06-24T21:49:40,15,66,61,5,0.0758,59.44,126.16,3935.69,94.2,7.73,7.2,13,13,9,0,0,0,0,923.6222,6632.7514,7.1812,11839.69,21673.66,21819.53,3018.09,22020.26,3066.36,893.7412,1439.0619,3846.5072,4.7759,0.0356,877.637,929.5726,2316.5938,3.8458,0.0677,1,1,2,1,1018.55,1018.55,"[""legacy_25k"", ""start_2024"", ""maximum"", 3400]"
legacy_25k,start_2024,maximum,3500,28600.0,2024-01-02T06:34:40,2026-07-13T21:30:40,4985,86867.2,0,86867.2,102670.2,30359.45,76,10,85,191,106,6303.0,9500.0,15803.0,11000.0,97867.2,0,0,0,21.5,0,60,2,341.48,23,0,2026-06-24T21:49:40,12,66,61,5,0.0758,59.44,126.1,3935.53,94.2,7.73,7.2,13,13,9,0,0,0,0,923.6222,6632.9181,7.1814,11839.53,22039.52,22185.4,3068.96,22386.1,3117.23,893.7968,1461.3935,3895.4126,4.7567,0.0356,877.6926,935.8273,2348.191,3.8262,0.0678,1,0,2,1,1018.55,1018.55,"[""legacy_25k"", ""start_2024"", ""maximum"", 3500]"
legacy_25k,start_2024,maximum,3600,28700.0,2024-01-02T06:34:40,2026-07-13T21:30:40,4985,84795.6,0,84795.6,100598.6,30264.05,76,10,85,191,106,6303.0,9500.0,15803.0,11000.0,95795.6,0,0,0,21.5,0,60,2,341.48,23,0,2026-06-24T21:49:40,10,66,61,5,0.0758,59.44,126.1,3934.71,94.2,7.73,7.21,13,13,9,0,0,0,0,923.6222,6633.7384,7.1823,11838.71,22243.32,22389.2,3096.96,22589.81,3145.2,893.7968,1467.4066,3919.2621,4.8028,0.0356,877.6926,941.1316,2369.3473,3.8732,0.0678,1,1,2,1,1018.55,1018.55,"[""legacy_25k"", ""start_2024"", ""maximum"", 3600]"
legacy_25k,start_2024,maximum,3700,28800.0,2024-01-02T06:34:40,2026-07-13T21:30:40,4985,84427.4,0,84427.4,100230.4,29722.75,76,10,85,191,106,6303.0,9500.0,15803.0,11000.0,95427.4,0,0,0,21.5,0,60,2,341.59,23,0,2026-06-24T21:49:40,10,66,61,5,0.0758,59.44,126.1,3934.5,94.2,7.73,7.21,13,13,9,0,0,0,0,923.6222,6633.9468,7.1825,11838.5,22406.65,22552.52,3119.6,22753.12,3167.84,893.7968,1470.9332,3922.7407,4.6888,0.0355,877.6926,942.1784,2368.4193,3.7571,0.0677,1,1,2,1,1018.55,1018.55,"[""legacy_25k"", ""start_2024"", ""maximum"", 3700]"
legacy_25k,start_2024,maximum,3800,28900.0,2024-01-02T06:34:40,2026-07-13T21:30:40,4985,82792.75,0,82792.75,98595.75,29922.75,76,10,85,191,106,6303.0,9500.0,15803.0,11000.0,93792.75,0,0,0,21.5,0,60,2,341.59,23,0,2026-06-24T21:49:40,11,66,61,5,0.0758,59.44,126.1,3933.88,94.2,7.73,7.21,13,13,9,0,0,0,0,923.6222,6634.569,7.1832,11837.88,22658.96,22804.84,3154.44,23005.36,3202.66,893.7968,1480.9738,3952.5633,4.6957,0.0355,877.6926,949.804,2394.2708,3.7641,0.0677,1,1,2,1,1018.55,1018.55,"[""legacy_25k"", ""start_2024"", ""maximum"", 3800]"
legacy_25k,start_2024,maximum,3900,29000.0,2024-01-02T06:34:40,2026-07-13T21:30:40,4985,80797.5,0,80797.5,96600.5,30122.75,76,10,85,191,106,6303.0,9500.0,15803.0,11000.0,91797.5,0,0,0,21.5,0,60,2,341.7,23,0,2026-06-24T21:49:40,10,66,61,5,0.0758,59.44,126.04,3933.55,94.2,7.73,7.21,13,13,9,0,0,0,0,923.6222,6634.8979,7.1836,11837.55,22881.51,23027.38,3185.26,23227.87,3233.48,893.8516,1488.7725,3966.9825,4.8141,0.0356,877.7475,955.4312,2405.063,3.8848,0.0677,1,0,2,1,1018.55,1018.55,"[""legacy_25k"", ""start_2024"", ""maximum"", 3900]"
legacy_25k,start_2024,maximum,4000,29100.0,2024-01-02T06:34:40,2026-07-13T21:30:40,4985,79017.4,0,79017.4,94820.4,30322.75,76,10,85,191,106,6303.0,9500.0,15803.0,11000.0,90017.4,0,0,0,21.5,0,60,2,341.59,23,0,2026-06-24T21:49:40,11,66,61,5,0.0758,59.44,126.04,3926.11,94.2,7.73,7.22,13,13,9,0,0,0,0,923.6222,6642.3333,7.1916,11830.11,23152.46,23298.33,3219.37,23498.02,3267.42,893.8516,1504.0789,4015.8193,4.8163,0.0314,877.7475,966.466,2449.6357,3.887,0.0635,1,0,2,1,1018.55,1018.55,"[""legacy_25k"", ""start_2024"", ""maximum"", 4000]"
legacy_25k,start_2024,maximum,4100,29200.0,2024-01-02T06:34:40,2026-07-13T21:30:40,4985,78994.95,0,78994.95,94797.95,28377.35,76,10,85,191,106,6303.0,9500.0,15803.0,11000.0,89994.95,0,0,0,21.5,0,60,2,341.59,23,0,2026-06-24T21:49:40,9,66,61,5,0.0758,59.44,123.79,3905.86,94.2,7.73,7.24,13,13,9,0,0,0,0,923.6222,6662.5891,7.2135,11809.86,23382.46,23528.34,3241.47,23725.83,3289.07,893.8963,1518.5897,4047.1742,4.8842,0.0247,880.0005,984.0583,2484.1124,3.9462,0.0582,0,0,2,1,1018.55,1018.55,"[""legacy_25k"", ""start_2024"", ""maximum"", 4100]"
legacy_25k,start_2024,maximum,4200,29300.0,2024-01-02T06:34:40,2026-07-13T21:30:40,4985,76978.35,0,76978.35,92781.35,28471.55,76,10,85,191,106,6303.0,9500.0,15803.0,11000.0,87978.35,0,0,0,21.5,0,60,2,346.21,23,0,2026-06-24T21:49:40,6,66,61,5,0.0758,59.44,123.79,3916.9,94.2,7.73,7.23,13,13,9,0,0,0,0,923.6222,6651.5398,7.2016,11820.9,23630.32,23776.19,3281.27,23974.88,3329.11,893.8963,1521.2606,4053.1653,4.9022,0.0316,880.0005,979.9554,2476.6404,3.9645,0.066,0,0,2,1,1018.55,1018.55,"[""legacy_25k"", ""start_2024"", ""maximum"", 4200]"
legacy_25k,start_2024,maximum,4300,29400.0,2024-01-02T06:34:40,2026-07-13T21:30:40,4985,75385.35,0,75385.35,91188.35,28743.15,76,10,85,191,106,6303.0,9500.0,15803.0,11000.0,86385.35,0,0,0,21.5,0,60,2,346.21,23,0,2026-06-24T21:49:40,7,66,61,5,0.0758,59.44,123.79,3914.6,94.2,7.73,7.23,13,13,9,0,0,0,0,923.6222,6653.8491,7.2041,11818.6,23778.71,23924.58,3300.73,24123.02,3348.52,893.8963,1528.5572,4097.9959,4.9807,0.0316,880.0005,989.7794,2517.1642,4.0442,0.066,0,0,2,1,1018.55,1018.55,"[""legacy_25k"", ""start_2024"", ""maximum"", 4300]"
legacy_25k,start_2024,maximum,4400,29500.0,2024-01-02T06:34:40,2026-07-13T21:30:40,4985,73426.1,0,73426.1,89229.1,29141.5,76,10,85,191,106,6303.0,9500.0,15803.0,11000.0,84426.1,0,0,0,21.5,0,60,2,346.21,23,0,2026-06-24T21:49:40,9,66,61,5,0.0758,59.44,123.79,3905.23,94.2,7.73,7.24,13,13,9,0,0,0,0,923.6222,6663.2139,7.2142,11809.23,24015.49,24161.37,3328.91,24358.79,3376.5,893.8963,1543.0774,4135.342,5.0028,0.0289,880.0005,1002.2174,2551.1981,4.0667,0.0632,0,0,2,1,1018.55,1018.55,"[""legacy_25k"", ""start_2024"", ""maximum"", 4400]"
legacy_25k,start_2024,maximum,4500,29600.0,2024-01-02T06:34:40,2026-07-13T21:30:40,4985,121710.35,0,121710.35,133441.35,25465.55,59,9,67,132,65,4356.0,7375.0,11731.0,11000.0,132710.35,0,0,0,22.5,0,44,9,2564.61,23,0,2026-06-24T21:49:40,5,50,41,9,0.1,20.37,95.77,1796.27,116.67,7.73,10.59,9,9,9,0,0,0,0,923.6222,9761.8664,10.5691,8710.58,39936.98,40050.91,3778.65,39806.08,3766.27,893.8963,1414.4137,4298.2599,5.7395,0.0193,880.5421,981.6484,2802.5728,4.9363,0.0549,0,0,2,1,1018.55,1018.55,"[""legacy_25k"", ""start_2024"", ""maximum"", 4500]"
legacy_25k,start_2024,maximum,5000,30100.0,2024-01-02T06:34:40,2026-07-13T21:30:40,4985,128922.75,0,128922.75,138512.75,15085.5,49,4,58,105,47,3465.0,6125.0,9590.0,11000.0,139922.75,0,0,0,22.5,0,39,12,3123.18,27,0,2026-06-25T23:30:00,8,45,29,16,0.1556,14.19,95.48,2048.82,116.12,7.73,11.11,9,9,7,0,0,0,0,923.6222,10246.1088,11.0934,8226.34,45087.57,45179.92,4064.36,44796.53,4038.13,878.2347,1395.4376,4593.3359,6.6146,0.0,841.3389,1028.4421,3377.9441,5.9652,0.0,0,0,1,1,1018.55,1018.55,"[""legacy_25k"", ""start_2024"", ""maximum"", 5000]"
legacy_25k,start_2024,maximum,5700,30800.0,2024-01-02T06:34:40,2026-07-13T21:30:40,4985,116578.1,3000.0,119578.1,126168.1,16672.1,49,4,58,105,47,3465.0,6125.0,9590.0,11000.0,130578.1,0,0,0,22.5,0,39,12,3166.97,27,0,2026-06-25T23:30:00,11,45,29,16,0.1556,14.19,91.64,1997.75,112.54,7.73,11.17,9,9,7,0,0,0,0,923.6222,10297.1718,11.1487,8175.27,47708.99,47801.34,4279.34,47412.42,4252.74,881.8155,1452.9949,4818.8868,6.3436,0.0,844.9197,1074.3009,3618.4952,5.6852,0.0,0,0,1,1,1018.55,1018.55,"[""legacy_25k"", ""start_2024"", ""maximum"", 5700]"
legacy_25k,start_2024,maximum,6000,31100.0,2024-01-02T06:34:40,2026-07-13T21:30:40,4985,111874.95,1500.0,113374.95,121464.95,17175.25,49,4,58,105,47,3465.0,6125.0,9590.0,11000.0,124374.95,0,0,0,22.5,0,39,12,3171.78,27,0,2026-06-25T23:30:00,11,45,29,16,0.1556,14.19,91.22,1992.53,112.12,7.73,11.17,9,9,7,0,0,0,0,923.6222,10302.3947,11.1543,8170.05,49493.36,49585.71,4437.14,49196.23,4410.5,882.2343,1505.1537,4896.2939,6.2761,0.0,845.3384,1121.3841,3699.8754,5.615,0.0,0,0,1,1,1018.55,1018.55,"[""legacy_25k"", ""start_2024"", ""maximum"", 6000]"
legacy_25k,start_2024,maximum,6100,31200.0,2024-01-02T06:34:40,2026-07-13T21:30:40,4985,110474.95,1500.0,111974.95,120064.95,17175.25,49,4,58,105,47,3465.0,6125.0,9590.0,11000.0,122974.95,0,0,0,22.5,0,39,12,3181.89,27,0,2026-06-25T23:30:00,11,45,29,16,0.1556,14.19,90.31,1982.42,111.2,7.73,11.18,9,9,7,0,0,0,0,923.6222,10312.5009,11.1653,8159.94,50117.21,50209.56,4488.67,49818.98,4461.96,883.153,1522.7872,4929.2807,6.7336,0.0,846.2572,1137.2337,3735.5994,6.0932,0.0,0,0,1,1,1018.55,1018.55,"[""legacy_25k"", ""start_2024"", ""maximum"", 6100]"
legacy_25k,start_2024,maximum,6200,31300.0,2024-01-02T06:34:40,2026-07-13T21:30:40,4985,109074.95,1500.0,110574.95,118664.95,17175.25,49,4,58,105,47,3465.0,6125.0,9590.0,11000.0,121574.95,0,0,0,22.5,0,39,12,3182.31,27,0,2026-06-25T23:30:00,11,45,29,16,0.1556,14.19,90.31,1981.17,111.2,7.73,11.18,9,9,7,0,0,0,0,923.6222,10313.7572,11.1666,8158.69,50608.52,50700.87,4532.12,50310.16,4505.4,883.153,1539.143,4956.3441,6.5846,0.0,846.2572,1152.934,3763.8427,5.9377,0.0,0,0,1,1,1018.55,1018.55,"[""legacy_25k"", ""start_2024"", ""maximum"", 6200]"
legacy_25k,start_2024,maximum,6300,31400.0,2024-01-02T06:34:40,2026-07-13T21:30:40,4985,107674.95,1500.0,109174.95,117264.95,17175.25,49,4,58,105,47,3465.0,6125.0,9590.0,11000.0,120174.95,0,0,0,22.5,0,39,12,3183.92,27,0,2026-06-25T23:30:00,11,45,29,16,0.1556,14.19,90.16,1979.56,111.06,7.73,11.18,9,9,7,0,0,0,0,923.6222,10315.369,11.1684,8157.08,51234.7,51327.05,4587.48,50936.17,4560.75,883.2995,1560.3715,5001.0826,6.5307,0.0,846.4037,1172.6584,3810.7378,5.8815,0.0,0,0,1,1,1018.55,1018.55,"[""legacy_25k"", ""start_2024"", ""maximum"", 6300]"
legacy_25k,start_2024,maximum,6400,31500.0,2024-01-02T06:34:40,2026-07-13T21:30:40,4985,106274.95,1500.0,107774.95,115864.95,17175.25,49,4,58,105,47,3465.0,6125.0,9590.0,11000.0,118774.95,0,0,0,22.5,0,39,12,3184.77,27,0,2026-06-25T23:30:00,11,45,29,16,0.1556,14.19,90.16,1977.02,111.06,7.73,11.19,9,9,7,0,0,0,0,923.6222,10317.9044,11.1711,8154.54,51789.95,51882.3,4636.05,51491.14,4609.3,883.2995,1579.5536,5031.2927,6.7037,0.0,846.4037,1190.6274,3842.2648,6.0621,0.0,0,0,1,1,1018.55,1018.55,"[""legacy_25k"", ""start_2024"", ""maximum"", 6400]"
legacy_25k,start_2024,maximum,6500,31600.0,2024-01-02T06:34:40,2026-07-13T21:30:40,4985,104058.85,1500.0,105558.85,113648.85,17175.25,49,4,58,105,47,3465.0,6125.0,9590.0,11000.0,116558.85,0,0,0,22.5,0,39,12,3205.23,27,0,2026-06-25T23:30:00,11,45,29,16,0.1556,14.19,88.31,1952.11,109.2,7.73,11.21,9,9,7,0,0,0,0,923.6222,10342.812,11.1981,8129.63,52422.87,52515.22,4681.41,52121.36,4654.48,885.3023,1595.6304,5035.836,6.5561,0.0,848.4065,1206.5035,3849.8125,5.9096,0.0,0,0,1,1,1018.55,1018.55,"[""legacy_25k"", ""start_2024"", ""maximum"", 6500]"
legacy_25k,start_2024,maximum,6600,31700.0,2024-01-02T06:34:40,2026-07-13T21:30:40,4985,102658.85,1500.0,104158.85,112248.85,17175.25,49,4,58,105,47,3465.0,6125.0,9590.0,11000.0,115158.85,0,0,0,22.5,0,39,12,3207.02,27,0,2026-06-25T23:30:00,11,45,29,16,0.1556,14.19,88.16,1948.32,109.05,7.73,11.22,9,9,7,0,0,0,0,923.6222,10346.6051,11.2022,8125.84,53073.03,53165.38,4737.73,52771.11,4710.78,886.3044,1619.1206,5079.8559,6.5592,0.0,849.4086,1230.7126,3897.1437,5.9136,0.0,0,0,1,1,1018.55,1018.55,"[""legacy_25k"", ""start_2024"", ""maximum"", 6600]"
legacy_25k,start_2024,maximum,6700,31800.0,2024-01-02T06:34:40,2026-07-13T21:30:40,4985,101436.25,1500.0,102936.25,111026.25,17175.25,49,4,58,105,47,3465.0,6125.0,9590.0,11000.0,113936.25,0,0,0,22.5,0,39,12,3244.49,27,13,2026-06-25T23:30:00,13,45,29,16,0.1556,14.19,84.75,1906.04,105.65,7.73,11.27,9,9,7,0,0,0,0,923.6222,10388.8852,11.248,8083.56,53508.46,53600.81,4757.16,53201.96,4729.91,888.7088,1630.3116,5100.0785,6.5121,0.0,851.813,1241.9667,3921.5807,5.8663,0.0,0,0,14,2,101.4,1018.55,"[""legacy_25k"", ""start_2024"", ""maximum"", 6700]"
legacy_25k,start_2024,maximum,6800,31900.0,2024-01-02T06:34:40,2026-07-13T21:30:40,4985,108510.75,64930.04,173440.79,116756.75,86315.75,43,16,47,87,40,2871.0,5375.0,8246.0,11000.0,184440.79,0,0,0,22.5,0,21,1,4606.39,9,0,2026-06-25T23:30:00,2,27,23,4,0.2593,6.02,61.18,661.87,111.06,7.73,12.61,6,6,7,0,0,0,0,923.6222,11633.0576,12.595,6839.39,60381.58,60467.13,4794.08,59889.4,4755.0,893.8963,1557.432,4988.2528,6.2344,0.0,880.5421,1176.9512,3793.6239,5.5234,0.0,0,0,14,2,201.4,1018.55,"[""legacy_25k"", ""start_2024"", ""maximum"", 6800]"
legacy_25k,start_2024,maximum,6900,32000.0,2024-01-02T06:34:40,2026-07-13T21:30:40,4985,107110.75,66030.04,173140.79,115356.75,87615.75,43,16,47,87,40,2871.0,5375.0,8246.0,11000.0,184140.79,0,0,0,22.5,0,21,1,4608.39,9,0,2026-06-25T23:30:00,2,27,23,4,0.2593,6.02,61.18,659.87,109.05,7.73,12.61,6,6,7,0,0,0,0,923.6222,11635.0604,12.5972,6837.38,61032.88,61118.42,4844.95,60540.48,4805.87,893.8963,1579.477,5023.8879,6.3049,0.0,880.5421,1196.8215,3826.2624,5.5949,0.0,0,0,14,2,301.4,1018.55,"[""legacy_25k"", ""start_2024"", ""maximum"", 6900]"
legacy_25k,start_2024,maximum,7000,32100.0,2024-01-02T06:34:40,2026-07-13T21:30:40,4985,105710.75,67130.04,172840.79,113956.75,88915.75,43,16,47,87,40,2871.0,5375.0,8246.0,11000.0,183840.79,0,0,0,22.5,0,21,1,4609.39,9,0,2026-06-25T23:30:00,2,27,23,4,0.2593,6.02,61.18,658.86,108.05,7.73,12.61,6,6,7,0,0,0,0,923.6222,11636.0625,12.5983,6836.38,61815.8,61901.34,4906.68,61323.29,4867.59,893.8963,1604.3805,5064.0811,6.2971,0.0,880.5421,1218.9142,3863.528,5.587,0.0,0,0,14,2,401.4,1018.55,"[""legacy_25k"", ""start_2024"", ""maximum"", 7000]"
legacy_25k,start_2024,maximum,7100,32200.0,2024-01-02T06:34:40,2026-07-13T21:30:40,4985,104671.9,69730.04,174401.94,112785.9,96109.4,43,17,46,83,37,2739.0,5375.0,8114.0,11000.0,185401.94,0,0,0,22.5,0,20,0,4717.44,8,0,2026-06-25T23:30:00,2,26,23,3,0.2692,6.02,61.18,550.81,94.33,7.73,12.73,5,5,7,0,0,0,0,923.6222,11744.1132,12.7153,6728.33,63132.7,63218.25,4965.11,62628.5,4925.45,893.8963,1626.6874,5105.6214,6.3756,0.0,880.5421,1239.7344,3902.1612,5.6666,0.0,0,0,15,3,501.4,1018.55,"[""legacy_25k"", ""start_2024"", ""maximum"", 7100]"
legacy_25k,start_2024,maximum,7200,32300.0,2024-01-02T06:34:40,2026-07-13T21:30:40,4985,103190.1,70830.04,174020.14,111304.1,97591.2,43,17,46,83,37,2739.0,5375.0,8114.0,11000.0,185020.14,0,0,0,22.5,0,20,0,4717.44,8,0,2026-06-25T23:30:00,2,26,23,3,0.2692,6.02,61.18,550.81,94.33,7.73,12.73,5,5,7,0,0,0,0,923.6222,11744.1132,12.7153,6728.33,63844.77,63930.32,5021.11,63340.57,4981.45,893.8963,1649.3705,5121.9486,6.0019,0.0,880.5421,1260.0008,3915.1989,5.2873,0.0,0,0,15,2,601.4,1018.55,"[""legacy_25k"", ""start_2024"", ""maximum"", 7200]"
legacy_25k,start_2024,maximum,7300,32400.0,2024-01-02T06:34:40,2026-07-13T21:30:40,4985,101690.1,71930.04,173620.14,109804.1,99091.2,43,17,46,83,37,2739.0,5375.0,8114.0,11000.0,184620.14,0,0,0,22.5,0,20,0,4717.44,8,0,2026-06-25T23:30:00,2,26,23,3,0.2692,6.02,61.18,550.81,94.33,7.73,12.73,5,5,7,0,0,0,0,923.6222,11744.1132,12.7153,6728.33,64599.24,64684.78,5080.44,64095.04,5040.79,893.8963,1674.234,5155.0594,6.0019,0.0,880.5421,1282.8819,3945.2747,5.2873,0.0,0,0,15,2,701.4,1018.55,"[""legacy_25k"", ""start_2024"", ""maximum"", 7300]"
legacy_25k,start_2024,maximum,7400,32500.0,2024-01-02T06:34:40,2026-07-13T21:30:40,4985,100190.1,73030.04,173220.14,108304.1,100591.2,43,17,46,83,37,2739.0,5375.0,8114.0,11000.0,184220.14,0,0,0,22.5,0,20,0,4717.44,8,0,2026-06-25T23:30:00,2,26,23,3,0.2692,6.02,61.18,550.81,94.33,7.73,12.73,5,5,7,0,0,0,0,923.6222,11744.1132,12.7153,6728.33,65323.1,65408.64,5137.37,64818.89,5097.72,893.8963,1697.0537,5188.8258,6.1652,0.0,880.5421,1303.7126,3976.0161,5.4531,0.0,0,0,15,2,801.4,1018.55,"[""legacy_25k"", ""start_2024"", ""maximum"", 7400]"
legacy_25k,start_2024,maximum,7500,32600.0,2024-01-02T06:34:40,2026-07-13T21:30:40,4985,98690.1,74130.04,172820.14,106804.1,102091.2,43,17,46,83,37,2739.0,5375.0,8114.0,11000.0,183820.14,0,0,0,22.5,0,20,0,4717.44,8,0,2026-06-25T23:30:00,2,26,23,3,0.2692,6.02,61.18,550.81,94.33,7.73,12.73,5,5,7,0,0,0,0,923.6222,11744.1132,12.7153,6728.33,66066.93,66152.47,5195.87,65562.72,5156.22,893.8963,1721.229,5210.9448,6.0925,0.0,880.5421,1325.8347,3994.9335,5.3793,0.0,0,0,15,2,901.4,1018.55,"[""legacy_25k"", ""start_2024"", ""maximum"", 7500]"
legacy_25k,start_2024,maximum,8000,33100.0,2024-01-02T06:34:40,2026-07-13T21:30:40,4985,91190.1,79630.04,170820.14,99304.1,109591.2,43,17,46,83,37,2739.0,5375.0,8114.0,11000.0,181820.14,0,0,0,22.5,0,20,0,4717.44,8,0,2026-06-25T23:30:00,2,26,23,3,0.2692,6.02,61.18,550.81,94.33,7.73,12.73,5,5,7,0,0,0,0,923.6222,11744.1132,12.7153,6728.33,69736.96,69822.5,5484.5,69232.76,5444.85,893.8963,1850.7618,5532.72,6.3207,0.0,880.5421,1454.3362,4317.4449,5.611,0.0,0,0,15,2,1018.55,1401.4,"[""legacy_25k"", ""start_2024"", ""maximum"", 8000]"
legacy_25k,start_2024,maximum,9000,34100.0,2024-01-02T06:34:40,2026-07-13T21:30:40,4985,77477.0,70549.12,148026.12,85591.0,123304.3,43,17,46,83,37,2739.0,5375.0,8114.0,11000.0,159026.12,0,0,0,22.5,0,20,0,4717.44,8,0,2026-06-25T23:30:00,2,26,23,3,0.2692,6.02,61.18,550.81,94.33,7.73,12.73,5,5,7,0,0,0,0,923.6222,11744.1132,12.7153,6728.33,76984.4,77069.94,6054.48,76480.2,6014.83,893.8963,2130.5198,6324.1735,6.9795,0.0,880.5421,1738.8424,5120.9014,6.2798,0.0,0,0,15,3,1018.55,2401.4,"[""legacy_25k"", ""start_2024"", ""maximum"", 9000]"
legacy_25k,start_2024,maximum,10000,35100.0,2024-01-02T06:34:40,2026-07-13T21:30:40,4985,63433.85,71355.48,134789.33,71547.85,137347.45,43,17,46,83,37,2739.0,5375.0,8114.0,11000.0,145789.33,0,0,0,22.5,0,20,0,4717.44,8,0,2026-06-25T23:30:00,2,26,23,3,0.2692,6.02,61.18,550.81,94.33,7.73,12.73,5,5,7,0,0,0,0,923.6222,11744.1132,12.7153,6728.33,83133.1,83218.65,6538.05,82628.9,6498.4,893.8963,2382.8356,6997.5565,7.3978,0.0,880.5421,1998.2477,5804.4969,6.7044,0.0,0,0,15,4,1018.55,3401.4,"[""legacy_25k"", ""start_2024"", ""maximum"", 10000]"
legacy_25k,two_years_2020,minimum,0,25100.0,2020-07-01T04:45:40,2022-06-30T21:43:40,3858,13632.0,0,13632.0,24000.0,0.0,51,0,64,121,55,3993.0,6375.0,10368.0,9600.0,23232.0,0,0,0,23.5,0,32,0,0,,0,2022-06-30T12:11:40,6,51,38,13,0.0784,49.3,126.04,2477.68,59.02,148.8,4.65,11,11,10,0,0,0,0,729.7069,3381.0935,4.6335,11213.05,2674.56,3275.52,577.22,5642.14,1217.68,515.0465,343.2214,985.6204,4.2792,0.0544,151.5877,313.6336,918.6377,4.4081,0.0,5,0,,,,,"[""legacy_25k"", ""two_years_2020"", ""minimum"", 0]"
legacy_25k,two_years_2020,minimum,1000,26100.0,2020-07-01T04:45:40,2022-06-30T21:43:40,3858,13632.0,0,13632.0,24000.0,0.0,51,0,64,121,55,3993.0,6375.0,10368.0,9600.0,23232.0,0,0,0,23.5,0,32,0,0,,0,2022-06-30T12:11:40,6,51,38,13,0.0784,49.3,126.04,2477.68,59.02,148.8,4.65,11,11,10,0,0,0,0,729.7069,3381.0935,4.6335,11213.05,2674.56,3275.52,577.22,5642.14,1217.68,515.0465,343.2214,985.6204,4.2792,0.0544,151.5877,313.6336,918.6377,4.4081,0.0,5,0,,,,,"[""legacy_25k"", ""two_years_2020"", ""minimum"", 1000]"
legacy_25k,two_years_2020,minimum,2000,27100.0,2020-07-01T04:45:40,2022-06-30T21:43:40,3858,11087.0,0,11087.0,21500.0,0.0,54,0,64,111,45,3663.0,6750.0,10413.0,9600.0,20687.0,0,0,0,23.5,0,35,0,0,,0,2022-06-30T12:11:40,5,54,40,14,0.0741,35.67,56.47,1954.27,59.02,108.8,5.45,11,11,10,0,0,0,0,729.7069,3965.4081,5.4342,10628.73,4398.41,5010.41,809.39,7357.19,1353.86,581.881,414.7292,1195.3295,4.4331,0.0627,208.8185,396.0644,1114.8002,4.8274,0.0,4,0,,,,,"[""legacy_25k"", ""two_years_2020"", ""minimum"", 2000]"
legacy_25k,two_years_2020,minimum,3000,28100.0,2020-07-01T04:45:40,2022-06-30T21:43:40,3858,35655.0,0,35655.0,44000.0,0.0,43,0,53,90,35,2970.0,5375.0,8345.0,9600.0,45255.0,0,0,0,23.5,0,24,0,0,,0,2022-06-30T12:11:40,5,43,26,17,0.1395,24.86,126.04,1060.41,49.29,101.8,7.17,11,11,10,0,0,0,0,729.7069,5217.9836,7.1508,9376.16,11990.14,12592.98,1676.76,14516.11,2030.0,588.9583,432.1965,1543.9407,6.1329,0.0475,245.0,426.6453,1669.9468,8.6855,0.0,3,0,,,,,"[""legacy_25k"", ""two_years_2020"", ""minimum"", 3000]"
legacy_25k,two_years_2020,minimum,3100,28200.0,2020-07-01T04:45:40,2022-06-30T21:43:40,3858,35655.0,0,35655.0,44000.0,0.0,43,0,53,90,35,2970.0,5375.0,8345.0,9600.0,45255.0,0,0,0,23.5,0,24,0,0,,0,2022-06-30T12:11:40,5,43,26,17,0.1395,24.86,126.04,1060.41,49.29,101.8,7.17,11,11,10,0,0,0,0,729.7069,5217.9836,7.1508,9376.16,12164.19,12767.02,1701.1,14690.16,2054.34,588.9583,438.067,1562.2285,6.1329,0.0475,245.0,440.2162,1712.1196,8.6855,0.0,3,0,,,,,"[""legacy_25k"", ""two_years_2020"", ""minimum"", 3100]"
legacy_25k,two_years_2020,minimum,3200,28300.0,2020-07-01T04:45:40,2022-06-30T21:43:40,3858,34155.0,0,34155.0,42500.0,0.0,43,0,53,90,35,2970.0,5375.0,8345.0,9600.0,43755.0,0,0,0,23.5,0,24,0,0,,0,2022-06-30T12:11:40,5,43,26,17,0.1395,24.86,126.04,1020.26,49.29,101.8,7.22,11,11,10,0,0,0,0,729.7069,5258.1273,7.2058,9336.01,12333.41,12936.25,1711.59,14853.88,2061.38,588.9583,441.6877,1566.4186,6.1557,0.0475,245.5289,449.2941,1714.22,8.7234,0.0,3,1,,,,,"[""legacy_25k"", ""two_years_2020"", ""minimum"", 3200]"
legacy_25k,two_years_2020,minimum,3300,28400.0,2020-07-01T04:45:40,2022-06-30T21:43:40,3858,33155.0,0,33155.0,41500.0,372.3,43,2,53,90,35,2970.0,5375.0,8345.0,9600.0,42755.0,0,0,0,23.5,0,22,0,0,,0,2022-06-30T12:11:40,5,41,26,15,0.1463,24.86,126.04,993.76,49.29,101.8,7.26,11,11,10,0,0,0,0,729.7069,5284.6306,7.2421,9309.51,12497.57,13100.4,1725.68,15014.4,2073.2,589.3556,444.875,1570.0291,6.174,0.0482,245.9262,457.3566,1722.6337,8.7632,0.0016,2,0,,,,,"[""legacy_25k"", ""two_years_2020"", ""minimum"", 3300]"
legacy_25k,two_years_2020,minimum,3400,28500.0,2020-07-01T04:45:40,2022-06-30T21:43:40,3858,31655.0,0,31655.0,40000.0,1248.2,43,5,53,90,35,2970.0,5375.0,8345.0,9600.0,41255.0,0,0,0,23.5,0,19,0,0,,0,2022-06-30T12:11:40,5,38,26,12,0.1579,24.86,126.04,990.45,49.29,101.8,7.26,11,11,10,0,0,0,0,729.7069,5287.9431,7.2467,9306.2,12704.01,13306.85,1753.08,15220.4,2100.33,589.3556,451.5086,1575.4923,6.1777,0.0475,245.9262,471.4874,1731.0106,8.7722,0.0,2,0,,,,,"[""legacy_25k"", ""two_years_2020"", ""minimum"", 3400]"
legacy_25k,two_years_2020,minimum,3500,28600.0,2020-07-01T04:45:40,2022-06-30T21:43:40,3858,30155.0,0,30155.0,38500.0,2103.1,43,7,53,90,35,2970.0,5375.0,8345.0,9600.0,39755.0,0,0,0,23.5,0,17,0,0,,0,2022-06-30T12:11:40,5,36,26,10,0.1667,24.86,126.04,974.6,49.29,101.8,7.28,11,11,10,0,0,0,0,729.7069,5303.7954,7.2684,9290.34,12962.97,13565.8,1783.47,15477.18,2129.38,589.3556,455.7702,1589.0491,6.2046,0.0475,245.9262,478.3763,1762.972,8.8367,0.0,2,0,,,,,"[""legacy_25k"", ""two_years_2020"", ""minimum"", 3500]"
legacy_25k,two_years_2020,minimum,3600,28700.0,2020-07-01T04:45:40,2022-06-30T21:43:40,3858,29188.0,0,29188.0,37500.0,2622.35,43,8,52,89,35,2937.0,5375.0,8312.0,9600.0,38788.0,0,0,0,23.5,0,16,0,0,,0,2022-06-30T12:11:40,5,35,26,9,0.1714,24.86,126.04,959.8,49.29,101.8,7.3,11,11,10,0,0,0,0,729.7069,5318.5938,7.2887,9275.55,13189.33,13792.16,1809.57,15701.51,2154.24,589.3556,458.8805,1612.0248,6.2298,0.0475,245.9262,483.018,1818.0631,8.8968,0.0,2,0,,,,,"[""legacy_25k"", ""two_years_2020"", ""minimum"", 3600]"
legacy_25k,two_years_2020,minimum,3700,28800.0,2020-07-01T04:45:40,2022-06-30T21:43:40,3858,27096.0,0,27096.0,35500.0,4410.05,44,11,52,88,34,2904.0,5500.0,8404.0,9600.0,36696.0,0,0,0,23.5,0,14,0,0,,0,2022-06-30T12:11:40,5,33,27,6,0.1818,24.7,126.04,916.79,16.21,101.8,7.36,11,11,10,0,0,0,0,729.7069,5361.5991,7.3476,9232.54,13389.38,13994.31,1822.28,15910.79,2165.44,589.3556,467.3634,1620.9468,6.2869,0.0475,245.9262,503.1411,1835.071,9.0339,0.0,2,0,,,,,"[""legacy_25k"", ""two_years_2020"", ""minimum"", 3700]"
legacy_25k,two_years_2020,minimum,3800,28900.0,2020-07-01T04:45:40,2022-06-30T21:43:40,3858,26096.0,0,26096.0,34500.0,5410.05,44,11,52,88,34,2904.0,5500.0,8404.0,9600.0,35696.0,0,0,0,23.5,0,14,0,0,,0,2022-06-30T12:11:40,5,33,27,6,0.1818,24.7,126.04,916.79,16.21,101.8,7.36,11,11,10,0,0,0,0,729.7069,5361.5991,7.3476,9232.54,13623.6,14228.52,1854.15,16145.0,2197.31,589.3556,476.2348,1633.3704,6.2869,0.0475,245.9262,523.4167,1864.8037,9.0339,0.0,2,0,,,,,"[""legacy_25k"", ""two_years_2020"", ""minimum"", 3800]"
legacy_25k,two_years_2020,minimum,3900,29000.0,2020-07-01T04:45:40,2022-06-30T21:43:40,3858,24596.0,0,24596.0,33000.0,6910.05,44,11,52,88,34,2904.0,5500.0,8404.0,9600.0,34196.0,0,0,0,23.5,0,14,0,0,,0,2022-06-30T12:11:40,5,33,27,6,0.1818,24.7,126.04,916.79,16.21,101.8,7.36,11,11,10,0,0,0,0,729.7069,5361.5991,7.3476,9232.54,13826.91,14431.83,1881.82,16348.31,2224.98,589.3556,484.1652,1653.7447,6.2869,0.0475,245.9262,541.4836,1913.5529,9.0339,0.0,2,0,,,,,"[""legacy_25k"", ""two_years_2020"", ""minimum"", 3900]"
legacy_25k,two_years_2020,minimum,4000,29100.0,2020-07-01T04:45:40,2022-06-30T21:43:40,3858,23129.0,0,23129.0,31500.0,8338.75,44,12,51,87,34,2871.0,5500.0,8371.0,9600.0,32729.0,0,0,0,23.5,0,13,0,0,,0,2022-06-30T12:11:40,5,32,27,5,0.1875,24.7,126.04,915.87,16.21,101.8,7.36,11,11,10,0,0,0,0,729.7069,5362.5252,7.3489,9231.61,14178.29,14783.21,1929.31,16699.57,2272.4,589.3556,495.2608,1693.9581,6.2885,0.0475,245.9262,564.9768,2008.3752,9.0376,0.0,2,0,,,,,"[""legacy_25k"", ""two_years_2020"", ""minimum"", 4000]"
legacy_25k,two_years_2020,minimum,4100,29200.0,2020-07-01T04:45:40,2022-06-30T21:43:40,3858,21629.0,0,21629.0,30000.0,9314.9,44,13,51,87,34,2871.0,5500.0,8371.0,9600.0,31229.0,0,0,0,23.5,0,12,0,0,,0,2022-06-30T12:11:40,5,31,27,4,0.1935,24.7,126.04,914.16,15.98,101.8,7.36,11,11,10,0,0,0,0,729.7069,5364.2336,7.3512,9229.91,14411.54,15016.46,1960.43,16932.58,2303.37,589.3556,495.5974,1703.0083,6.2914,0.0475,245.9262,558.8243,2010.4468,9.0446,0.0,2,0,,,,,"[""legacy_25k"", ""two_years_2020"", ""minimum"", 4100]"
legacy_25k,two_years_2020,minimum,4200,29300.0,2020-07-01T04:45:40,2022-06-30T21:43:40,3858,20129.0,0,20129.0,28500.0,10814.9,44,13,51,87,34,2871.0,5500.0,8371.0,9600.0,29729.0,0,0,0,23.5,0,12,0,0,,0,2022-06-30T12:11:40,5,31,27,4,0.1935,24.7,126.04,914.16,15.98,101.8,7.36,11,11,10,0,0,0,0,729.7069,5364.2336,7.3512,9229.91,14555.92,15160.84,1980.07,17076.96,2323.01,589.3556,501.0658,1714.5685,6.2914,0.0475,245.9262,571.5216,2038.1504,9.0446,0.0,2,0,,,,,"[""legacy_25k"", ""two_years_2020"", ""minimum"", 4200]"
legacy_25k,two_years_2020,minimum,4300,29400.0,2020-07-01T04:45:40,2022-06-30T21:43:40,3858,19129.0,0,19129.0,27500.0,11814.9,44,13,51,87,34,2871.0,5500.0,8371.0,9600.0,28729.0,0,0,0,23.5,0,12,0,0,,0,2022-06-30T12:11:40,5,31,27,4,0.1935,24.7,126.04,914.16,15.98,101.8,7.36,11,11,10,0,0,0,0,729.7069,5364.2336,7.3512,9229.91,14692.83,15297.76,1998.69,17213.87,2341.64,589.3556,506.1738,1730.2314,6.2914,0.0475,245.9262,583.2198,2075.6861,9.0446,0.0,2,0,,,,,"[""legacy_25k"", ""two_years_2020"", ""minimum"", 4300]"
legacy_25k,two_years_2020,minimum,4400,29500.0,2020-07-01T04:45:40,2022-06-30T21:43:40,3858,17629.0,0,17629.0,26000.0,13314.9,44,13,51,87,34,2871.0,5500.0,8371.0,9600.0,27229.0,0,0,0,23.5,0,12,0,0,,0,2022-06-30T12:11:40,5,31,27,4,0.1935,24.7,126.04,914.16,15.98,101.8,7.36,11,11,10,0,0,0,0,729.7069,5364.2336,7.3512,9229.91,14813.92,15418.84,2015.17,17334.96,2358.11,589.3556,510.9865,1748.7193,6.2914,0.0475,245.9262,594.5191,2119.9918,9.0446,0.0,2,0,,,,,"[""legacy_25k"", ""two_years_2020"", ""minimum"", 4400]"
legacy_25k,two_years_2020,minimum,4500,29600.0,2020-07-01T04:45:40,2022-06-30T21:43:40,3858,16629.0,0,16629.0,25000.0,14314.9,44,13,51,87,34,2871.0,5500.0,8371.0,9600.0,26229.0,0,0,0,23.5,0,12,0,0,,0,2022-06-30T12:11:40,5,31,27,4,0.1935,24.7,126.04,914.16,15.98,101.8,7.36,11,11,10,0,0,0,0,729.7069,5364.2336,7.3512,9229.91,14904.24,15509.16,2027.45,17425.28,2370.39,589.3556,513.5191,1758.8855,6.2914,0.0475,245.9262,599.7099,2144.3548,9.0446,0.0,2,0,,,,,"[""legacy_25k"", ""two_years_2020"", ""minimum"", 4500]"
legacy_25k,two_years_2020,minimum,5000,30100.0,2020-07-01T04:45:40,2022-06-30T21:43:40,3858,16129.0,0,16129.0,24500.0,14814.9,44,13,51,87,34,2871.0,5500.0,8371.0,9600.0,25729.0,0,0,0,23.5,0,12,0,0,,0,2022-06-30T12:11:40,5,31,27,4,0.1935,24.7,126.04,914.16,15.98,101.8,7.36,11,11,10,0,0,0,0,729.7069,5364.2336,7.3512,9229.91,15161.12,15766.05,2062.4,17682.17,2405.34,589.3556,525.8876,1850.4905,6.2914,0.0475,245.9262,630.3924,2363.8838,9.0446,0.0,2,0,,,,,"[""legacy_25k"", ""two_years_2020"", ""minimum"", 5000]"
legacy_25k,two_years_2020,minimum,5700,30800.0,2020-07-01T04:45:40,2022-06-30T21:43:40,3858,8129.0,0,8129.0,16500.0,22814.9,44,13,51,87,34,2871.0,5500.0,8371.0,9600.0,17729.0,0,0,0,23.5,0,12,0,0,,0,2022-06-30T12:11:40,5,31,27,4,0.1935,24.7,126.04,914.16,15.98,101.8,7.36,11,11,10,0,0,0,0,729.7069,5364.2336,7.3512,9229.91,16294.79,16899.71,2216.61,18815.83,2559.55,589.3556,564.3053,1907.8096,6.2914,0.0475,245.9262,713.3291,2483.9496,9.0446,0.0,2,0,,,,,"[""legacy_25k"", ""two_years_2020"", ""minimum"", 5700]"
legacy_25k,two_years_2020,minimum,6000,31100.0,2020-07-01T04:45:40,2022-06-30T21:43:40,3858,5129.0,0,5129.0,13500.0,25814.9,44,13,51,87,34,2871.0,5500.0,8371.0,9600.0,14729.0,0,0,0,23.5,0,12,0,0,,0,2022-06-30T12:11:40,5,31,27,4,0.1935,24.7,126.04,914.16,15.98,101.8,7.36,11,11,10,0,0,0,0,729.7069,5364.2336,7.3512,9229.91,16632.89,17237.82,2262.6,19153.93,2605.55,589.3556,578.1002,1949.4816,6.2914,0.0475,245.9262,745.9593,2583.8152,9.0446,0.0,2,0,,,,,"[""legacy_25k"", ""two_years_2020"", ""minimum"", 6000]"
legacy_25k,two_years_2020,minimum,6100,31200.0,2020-07-01T04:45:40,2022-06-30T21:43:40,3858,4129.0,0,4129.0,12500.0,26814.9,44,13,51,87,34,2871.0,5500.0,8371.0,9600.0,13729.0,0,0,0,23.5,0,12,0,0,,0,2022-06-30T12:11:40,5,31,27,4,0.1935,24.7,126.04,914.16,15.98,101.8,7.36,11,11,10,0,0,0,0,729.7069,5364.2336,7.3512,9229.91,16810.91,17415.84,2286.82,19331.96,2629.76,589.3556,586.5539,2001.7503,6.2914,0.0475,245.9262,766.6346,2709.076,9.0446,0.0,2,0,,,,,"[""legacy_25k"", ""two_years_2020"", ""minimum"", 6100]"
legacy_25k,two_years_2020,minimum,6200,31300.0,2020-07-01T04:45:40,2022-06-30T21:43:40,3858,3629.0,0,3629.0,12000.0,27314.9,44,13,51,87,34,2871.0,5500.0,8371.0,9600.0,13229.0,0,0,0,23.5,0,12,0,0,,0,2022-06-30T12:11:40,5,31,27,4,0.1935,24.7,126.04,914.16,15.98,101.8,7.36,11,11,10,0,0,0,0,729.7069,5364.2336,7.3512,9229.91,16893.07,17498.0,2298.0,19414.12,2640.94,589.3556,586.3406,2001.2255,6.2914,0.0475,245.9262,762.9274,2706.1766,9.0446,0.0,2,0,,,,,"[""legacy_25k"", ""two_years_2020"", ""minimum"", 6200]"
legacy_25k,two_years_2020,minimum,6300,31400.0,2020-07-01T04:45:40,2022-06-30T21:43:40,3858,3129.0,0,3129.0,11500.0,27814.9,44,13,51,87,34,2871.0,5500.0,8371.0,9600.0,12729.0,0,0,0,23.5,0,12,0,0,,0,2022-06-30T12:11:40,5,31,27,4,0.1935,24.7,126.04,914.16,15.98,101.8,7.36,11,11,10,0,0,0,0,729.7069,5364.2336,7.3512,9229.91,16970.44,17575.36,2308.52,19491.48,2651.46,589.3556,585.7763,1996.2197,6.2914,0.0475,245.9262,757.7933,2678.524,9.0446,0.0,2,0,,,,,"[""legacy_25k"", ""two_years_2020"", ""minimum"", 6300]"
legacy_25k,two_years_2020,minimum,6400,31500.0,2020-07-01T04:45:40,2022-06-30T21:43:40,3858,3129.0,0,3129.0,11500.0,27814.9,44,13,51,87,34,2871.0,5500.0,8371.0,9600.0,12729.0,0,0,0,23.5,0,12,0,0,,0,2022-06-30T12:11:40,5,31,27,4,0.1935,24.7,126.04,914.16,15.98,101.8,7.36,11,11,10,0,0,0,0,729.7069,5364.2336,7.3512,9229.91,16990.31,17595.23,2311.22,19511.35,2654.17,589.3556,586.6085,1996.2197,6.2914,0.0475,245.9262,759.7523,2678.524,9.0446,0.0,2,0,,,,,"[""legacy_25k"", ""two_years_2020"", ""minimum"", 6400]"
legacy_25k,two_years_2020,minimum,6500,31600.0,2020-07-01T04:45:40,2022-06-30T21:43:40,3858,3129.0,0,3129.0,11500.0,27814.9,44,13,51,87,34,2871.0,5500.0,8371.0,9600.0,12729.0,0,0,0,23.5,0,12,0,0,,0,2022-06-30T12:11:40,5,31,27,4,0.1935,24.7,126.04,914.16,15.98,101.8,7.36,11,11,10,0,0,0,0,729.7069,5364.2336,7.3512,9229.91,17010.18,17615.1,2313.93,19531.22,2656.87,589.3556,587.4555,1996.2197,6.2914,0.0475,245.9262,761.7511,2678.524,9.0446,0.0,2,0,,,,,"[""legacy_25k"", ""two_years_2020"", ""minimum"", 6500]"
legacy_25k,two_years_2020,minimum,6600,31700.0,2020-07-01T04:45:40,2022-06-30T21:43:40,3858,2629.0,1500.0,4129.0,11000.0,28314.9,44,13,51,87,34,2871.0,5500.0,8371.0,9600.0,13729.0,0,0,0,23.5,0,12,0,0,,0,2022-06-30T12:11:40,5,31,27,4,0.1935,24.7,126.04,914.16,15.98,101.8,7.36,11,11,10,0,0,0,0,729.7069,5364.2336,7.3512,9229.91,17060.14,17665.06,2320.72,19581.18,2663.67,589.3556,591.3599,2058.0715,6.2914,0.0475,245.9262,772.7989,2826.75,9.0446,0.0,2,0,,,,,"[""legacy_25k"", ""two_years_2020"", ""minimum"", 6600]"
legacy_25k,two_years_2020,minimum,6700,31800.0,2020-07-01T04:45:40,2022-06-30T21:43:40,3858,1129.0,5987.7,7116.7,9500.0,29814.9,44,13,51,87,34,2871.0,5500.0,8371.0,9600.0,16716.7,0,0,0,23.5,0,12,0,0,,0,2022-06-30T12:11:40,5,31,27,4,0.1935,24.7,126.04,914.16,15.98,101.8,7.36,11,11,10,0,0,0,0,729.7069,5364.2336,7.3512,9229.91,17197.67,17802.59,2339.43,19718.71,2682.37,589.3556,596.5756,2058.0715,6.2914,0.0475,245.9262,784.6575,2826.75,9.0446,0.0,2,0,,,,,"[""legacy_25k"", ""two_years_2020"", ""minimum"", 6700]"
legacy_25k,two_years_2020,minimum,6800,31900.0,2020-07-01T04:45:40,2022-06-30T21:43:40,3858,129.0,8987.7,9116.7,8500.0,30814.9,44,13,51,87,34,2871.0,5500.0,8371.0,9600.0,18716.7,0,0,0,23.5,0,12,0,0,,0,2022-06-30T12:11:40,5,31,27,4,0.1935,24.7,126.04,914.16,15.98,101.8,7.36,11,11,10,0,0,0,0,729.7069,5364.2336,7.3512,9229.91,17293.47,17898.39,2352.46,19814.51,2695.41,589.3556,600.2522,2063.1618,6.2914,0.0475,245.9262,793.0289,2838.9488,9.0446,0.0,2,0,,,,,"[""legacy_25k"", ""two_years_2020"", ""minimum"", 6800]"
legacy_25k,two_years_2020,minimum,6900,32000.0,2020-07-01T04:45:40,2022-06-30T21:43:40,3858,-1371.0,13487.7,12116.7,7000.0,32314.9,44,13,51,87,34,2871.0,5500.0,8371.0,9600.0,21716.7,0,0,0,23.5,0,12,0,0,,0,2022-06-30T12:11:40,5,31,27,4,0.1935,24.7,126.04,914.16,15.98,101.8,7.36,11,11,10,0,0,0,0,729.7069,5364.2336,7.3512,9229.91,17441.28,18046.2,2372.57,19962.32,2715.51,589.3556,605.8491,2063.1618,6.2914,0.0475,245.9262,805.6669,2838.9488,9.0446,0.0,2,0,,,,,"[""legacy_25k"", ""two_years_2020"", ""minimum"", 6900]"
legacy_25k,two_years_2020,minimum,7000,32100.0,2020-07-01T04:45:40,2022-06-30T21:43:40,3858,-1871.0,14987.7,13116.7,6500.0,32814.9,44,13,51,87,34,2871.0,5500.0,8371.0,9600.0,22716.7,0,0,0,23.5,0,12,0,0,,0,2022-06-30T12:11:40,5,31,27,4,0.1935,24.7,126.04,914.16,15.98,101.8,7.36,11,11,10,0,0,0,0,729.7069,5364.2336,7.3512,9229.91,17493.97,18098.9,2379.74,20015.01,2722.68,589.3556,607.9808,2063.1618,6.2914,0.0475,245.9262,810.603,2838.9488,9.0446,0.0,2,0,,,,,"[""legacy_25k"", ""two_years_2020"", ""minimum"", 7000]"
legacy_25k,two_years_2020,minimum,7100,32200.0,2020-07-01T04:45:40,2022-06-30T21:43:40,3858,-2371.0,16487.7,14116.7,6000.0,33314.9,44,13,51,87,34,2871.0,5500.0,8371.0,9600.0,23716.7,0,0,0,23.5,0,12,0,0,,0,2022-06-30T12:11:40,5,31,27,4,0.1935,24.7,126.04,914.16,15.98,101.8,7.36,11,11,10,0,0,0,0,729.7069,5364.2336,7.3512,9229.91,17564.48,18169.41,2389.33,20085.53,2732.27,589.3556,611.1624,2080.9778,6.2914,0.0475,245.9262,818.1537,2881.6445,9.0446,0.0,2,0,,,,,"[""legacy_25k"", ""two_years_2020"", ""minimum"", 7100]"
legacy_25k,two_years_2020,minimum,7200,32300.0,2020-07-01T04:45:40,2022-06-30T21:43:40,3858,-2371.0,16487.7,14116.7,6000.0,33314.9,44,13,51,87,34,2871.0,5500.0,8371.0,9600.0,23716.7,0,0,0,23.5,0,12,0,0,,0,2022-06-30T12:11:40,5,31,27,4,0.1935,24.7,126.04,914.16,15.98,101.8,7.36,11,11,10,0,0,0,0,729.7069,5364.2336,7.3512,9229.91,17569.97,18174.89,2390.08,20091.01,2733.02,589.3556,611.3998,2080.9778,6.2914,0.0475,245.9262,818.7151,2881.6445,9.0446,0.0,2,0,,,,,"[""legacy_25k"", ""two_years_2020"", ""minimum"", 7200]"
legacy_25k,two_years_2020,minimum,7300,32400.0,2020-07-01T04:45:40,2022-06-30T21:43:40,3858,-2371.0,16487.7,14116.7,6000.0,33314.9,44,13,51,87,34,2871.0,5500.0,8371.0,9600.0,23716.7,0,0,0,23.5,0,12,0,0,,0,2022-06-30T12:11:40,5,31,27,4,0.1935,24.7,126.04,914.16,15.98,101.8,7.36,11,11,10,0,0,0,0,729.7069,5364.2336,7.3512,9229.91,17577.5,18182.43,2391.1,20098.55,2734.04,589.3556,611.7226,2080.9778,6.2914,0.0475,245.9262,819.479,2881.6445,9.0446,0.0,2,0,,,,,"[""legacy_25k"", ""two_years_2020"", ""minimum"", 7300]"
legacy_25k,two_years_2020,minimum,7400,32500.0,2020-07-01T04:45:40,2022-06-30T21:43:40,3858,-2371.0,16487.7,14116.7,6000.0,33314.9,44,13,51,87,34,2871.0,5500.0,8371.0,9600.0,23716.7,0,0,0,23.5,0,12,0,0,,0,2022-06-30T12:11:40,5,31,27,4,0.1935,24.7,126.04,914.16,15.98,101.8,7.36,11,11,10,0,0,0,0,729.7069,5364.2336,7.3512,9229.91,17580.24,18185.17,2391.47,20101.29,2734.42,589.3556,611.8377,2080.9778,6.2914,0.0475,245.9262,819.7549,2881.6445,9.0446,0.0,2,0,,,,,"[""legacy_25k"", ""two_years_2020"", ""minimum"", 7400]"
legacy_25k,two_years_2020,minimum,7500,32600.0,2020-07-01T04:45:40,2022-06-30T21:43:40,3858,-2371.0,16487.7,14116.7,6000.0,33314.9,44,13,51,87,34,2871.0,5500.0,8371.0,9600.0,23716.7,0,0,0,23.5,0,12,0,0,,0,2022-06-30T12:11:40,5,31,27,4,0.1935,24.7,126.04,914.16,15.98,101.8,7.36,11,11,10,0,0,0,0,729.7069,5364.2336,7.3512,9229.91,17593.95,18198.87,2393.34,20114.99,2736.28,589.3556,612.4211,2080.9778,6.2914,0.0475,245.9262,821.153,2881.6445,9.0446,0.0,2,0,,,,,"[""legacy_25k"", ""two_years_2020"", ""minimum"", 7500]"
legacy_25k,two_years_2020,minimum,8000,33100.0,2020-07-01T04:45:40,2022-06-30T21:43:40,3858,-5371.0,16500.0,11129.0,3000.0,36314.9,44,13,51,87,34,2871.0,5500.0,8371.0,9600.0,20729.0,0,0,0,23.5,0,12,0,0,,0,2022-06-30T12:11:40,5,31,27,4,0.1935,24.7,126.04,914.16,15.98,101.8,7.36,11,11,10,0,0,0,0,729.7069,5364.2336,7.3512,9229.91,17894.36,18499.29,2434.2,20415.41,2777.15,589.3556,626.2545,2141.9812,6.2914,0.0475,245.9262,854.6095,3027.8374,9.0446,0.0,2,0,,,,,"[""legacy_25k"", ""two_years_2020"", ""minimum"", 8000]"
legacy_25k,two_years_2020,minimum,9000,34100.0,2020-07-01T04:45:40,2022-06-30T21:43:40,3858,-8371.0,16500.0,8129.0,0.0,39314.9,44,13,51,87,34,2871.0,5500.0,8371.0,9600.0,17729.0,0,0,0,23.5,0,12,0,0,,0,2022-06-30T12:11:40,5,31,27,4,0.1935,24.7,126.04,914.16,15.98,101.8,7.36,11,11,10,0,0,0,0,729.7069,5364.2336,7.3512,9229.91,18170.11,18775.04,2471.72,20691.16,2814.66,589.3556,638.9981,2203.8329,6.2914,0.0475,245.9262,885.0317,3176.0635,9.0446,0.0,2,0,,,,,"[""legacy_25k"", ""two_years_2020"", ""minimum"", 9000]"
legacy_25k,two_years_2020,minimum,10000,35100.0,2020-07-01T04:45:40,2022-06-30T21:43:40,3858,-8371.0,16500.0,8129.0,0.0,39314.9,44,13,51,87,34,2871.0,5500.0,8371.0,9600.0,17729.0,0,0,0,23.5,0,12,0,0,,0,2022-06-30T12:11:40,5,31,27,4,0.1935,24.7,126.04,914.16,15.98,101.8,7.36,11,11,10,0,0,0,0,729.7069,5364.2336,7.3512,9229.91,18170.11,18775.04,2471.72,20691.16,2814.66,589.3556,638.9981,2203.8329,6.2914,0.0475,245.9262,885.0317,3176.0635,9.0446,0.0,2,0,,,,,"[""legacy_25k"", ""two_years_2020"", ""minimum"", 10000]"
legacy_25k,two_years_2020,maximum,0,25100.0,2020-07-01T04:45:40,2022-06-30T21:43:40,3858,20120.5,0,20120.5,31054.5,0.0,55,0,66,123,55,4059.0,6875.0,10934.0,9600.0,29720.5,0,0,0,23.5,0,36,0,0,,0,2022-06-30T12:11:40,8,55,42,13,0.0727,50.11,102.02,2618.06,59.02,140.8,4.46,11,11,10,0,0,0,0,729.7069,3240.7093,4.4411,11353.43,1682.19,2298.81,378.78,4740.05,1067.31,533.1199,278.2322,742.8297,3.4866,0.0984,148.5951,175.0494,380.392,2.0014,0.2392,6,0,,,,,"[""legacy_25k"", ""two_years_2020"", ""maximum"", 0]"
legacy_25k,two_years_2020,maximum,1000,26100.0,2020-07-01T04:45:40,2022-06-30T21:43:40,3858,20120.5,0,20120.5,31054.5,0.0,55,0,66,123,55,4059.0,6875.0,10934.0,9600.0,29720.5,0,0,0,23.5,0,36,0,0,,0,2022-06-30T12:11:40,8,55,42,13,0.0727,50.11,102.02,2618.06,59.02,140.8,4.46,11,11,10,0,0,0,0,729.7069,3240.7093,4.4411,11353.43,1682.19,2298.81,378.78,4740.05,1067.31,533.1199,278.2322,742.8297,3.4866,0.0984,148.5951,175.0494,380.392,2.0014,0.2392,6,0,,,,,"[""legacy_25k"", ""two_years_2020"", ""maximum"", 1000]"
legacy_25k,two_years_2020,maximum,2000,27100.0,2020-07-01T04:45:40,2022-06-30T21:43:40,3858,15408.75,0,15408.75,25920.75,0.0,54,0,65,114,47,3762.0,6750.0,10512.0,9600.0,25008.75,0,0,0,23.5,0,35,0,0,,0,2022-06-30T12:11:40,5,54,41,13,0.0741,40.02,78.31,2175.99,59.02,143.8,5.06,11,11,10,0,0,0,0,729.7069,3682.7829,5.0469,10911.36,3072.77,3681.01,608.84,6069.31,1202.57,545.522,326.1838,893.0763,3.8483,0.0686,170.8958,210.9593,517.6296,3.1813,0.0052,4,0,,,,,"[""legacy_25k"", ""two_years_2020"", ""maximum"", 2000]"
legacy_25k,two_years_2020,maximum,3000,28100.0,2020-07-01T04:45:40,2022-06-30T21:43:40,3858,60940.9,0,60940.9,69285.9,0.0,43,0,53,90,35,2970.0,5375.0,8345.0,9600.0,70540.9,0,0,0,23.5,0,24,0,0,,0,2022-06-30T12:11:40,12,43,26,17,0.1395,24.86,126.04,1601.4,49.56,108.8,6.43,11,11,10,0,0,0,0,729.7069,4676.9914,6.4094,9917.15,8573.09,9175.92,1337.58,11173.2,1743.25,552.4426,384.1028,1316.7812,4.7007,0.0507,196.638,308.757,1217.6493,5.6419,0.0,4,0,,,,,"[""legacy_25k"", ""two_years_2020"", ""maximum"", 3000]"
legacy_25k,two_years_2020,maximum,3100,28200.0,2020-07-01T04:45:40,2022-06-30T21:43:40,3858,56712.0,0,56712.0,65057.0,0.0,43,0,53,90,35,2970.0,5375.0,8345.0,9600.0,66312.0,0,0,0,23.5,0,24,0,0,,0,2022-06-30T12:11:40,9,43,26,17,0.1395,24.86,126.04,1632.68,49.56,128.8,6.39,11,11,10,0,0,0,0,729.7069,4645.7067,6.3665,9948.43,8886.13,9488.96,1395.76,11490.52,1804.83,540.1396,386.6592,1322.2135,4.7464,0.052,196.7102,366.6968,1277.7078,5.5971,0.0004,5,1,,,,,"[""legacy_25k"", ""two_years_2020"", ""maximum"", 3100]"
legacy_25k,two_years_2020,maximum,3200,28300.0,2020-07-01T04:45:40,2022-06-30T21:43:40,3858,54494.65,0,54494.65,62839.65,0.0,43,0,53,90,35,2970.0,5375.0,8345.0,9600.0,64094.65,0,0,0,23.5,0,24,0,0,,0,2022-06-30T12:11:40,8,43,26,17,0.1395,24.86,126.04,1630.46,49.56,128.8,6.39,11,11,10,0,0,0,0,729.7069,4647.9292,6.3696,9946.21,9093.13,9695.97,1427.59,11697.22,1836.42,540.4086,392.5832,1339.5243,4.7834,0.0524,196.9792,379.5903,1322.8317,5.6974,0.0017,5,1,,,,,"[""legacy_25k"", ""two_years_2020"", ""maximum"", 3200]"
legacy_25k,two_years_2020,maximum,3300,28400.0,2020-07-01T04:45:40,2022-06-30T21:43:40,3858,51950.95,0,51950.95,60295.95,0.0,43,0,53,90,35,2970.0,5375.0,8345.0,9600.0,61550.95,0,0,0,23.5,0,24,0,0,,0,2022-06-30T12:11:40,9,43,26,17,0.1395,24.86,126.04,1334.53,49.5,108.8,6.8,11,11,10,0,0,0,0,729.7069,4943.8581,6.7751,9650.28,9906.59,10509.42,1462.2,12470.13,1840.57,573.1451,390.9205,1328.5937,4.5669,0.0853,229.7157,335.6459,1174.1538,4.9733,0.1449,4,1,,,,,"[""legacy_25k"", ""two_years_2020"", ""maximum"", 3300]"
legacy_25k,two_years_2020,maximum,3400,28500.0,2020-07-01T04:45:40,2022-06-30T21:43:40,3858,50127.95,0,50127.95,58472.95,0.0,43,0,53,90,35,2970.0,5375.0,8345.0,9600.0,59727.95,0,0,0,23.5,0,24,0,0,,0,2022-06-30T12:11:40,7,43,26,17,0.1395,24.86,126.04,1365.77,49.42,108.8,6.75,11,11,10,0,0,0,0,729.7069,4912.6215,6.7323,9681.52,10066.7,10669.54,1495.28,12634.52,1876.7,573.3729,398.1503,1360.0197,4.7971,0.0505,229.9435,350.4807,1252.8386,5.5467,0.0041,4,1,,,,,"[""legacy_25k"", ""two_years_2020"", ""maximum"", 3400]"
legacy_25k,two_years_2020,maximum,3500,28600.0,2020-07-01T04:45:40,2022-06-30T21:43:40,3858,49474.35,0,49474.35,57819.35,0.0,43,0,53,90,35,2970.0,5375.0,8345.0,9600.0,59074.35,0,0,0,23.5,0,24,0,0,,0,2022-06-30T12:11:40,6,43,26,17,0.1395,24.86,126.04,1462.4,49.29,108.8,6.61,11,11,10,0,0,0,0,729.7069,4815.9873,6.5999,9778.15,10026.23,10629.07,1519.15,12607.29,1910.23,573.3729,403.5658,1375.0264,4.7507,0.0847,229.9435,349.6304,1275.1638,5.4311,0.1434,4,1,,,,,"[""legacy_25k"", ""two_years_2020"", ""maximum"", 3500]"
legacy_25k,two_years_2020,maximum,3600,28700.0,2020-07-01T04:45:40,2022-06-30T21:43:40,3858,48300.7,0,48300.7,56645.7,0.0,43,0,53,90,35,2970.0,5375.0,8345.0,9600.0,57900.7,0,0,0,23.5,0,24,0,0,,0,2022-06-30T12:11:40,7,43,26,17,0.1395,24.86,126.04,1265.99,49.29,108.8,6.89,11,11,10,0,0,0,0,729.7069,5012.4049,6.8691,9581.73,10544.77,11147.6,1535.11,13098.91,1906.94,573.4294,407.9416,1409.6048,4.7865,0.0493,230.0,380.6617,1371.9284,5.5202,0.0012,4,0,,,,,"[""legacy_25k"", ""two_years_2020"", ""maximum"", 3600]"
legacy_25k,two_years_2020,maximum,3700,28800.0,2020-07-01T04:45:40,2022-06-30T21:43:40,3858,48585.8,0,48585.8,56930.8,0.0,43,0,53,90,35,2970.0,5375.0,8345.0,9600.0,58185.8,0,0,0,23.5,0,24,0,0,,0,2022-06-30T12:11:40,7,43,26,17,0.1395,24.86,126.04,1364.11,49.22,107.8,6.75,11,11,10,0,0,0,0,729.7069,4914.2775,6.7346,9679.86,10422.21,11025.04,1547.56,12989.8,1928.82,573.9,410.025,1423.2734,4.9541,0.0497,230.4706,378.3306,1399.5999,5.9362,0.0023,4,0,,,,,"[""legacy_25k"", ""two_years_2020"", ""maximum"", 3700]"
legacy_25k,two_years_2020,maximum,3800,28900.0,2020-07-01T04:45:40,2022-06-30T21:43:40,3858,46859.45,0,46859.45,55204.45,0.0,43,0,53,90,35,2970.0,5375.0,8345.0,9600.0,56459.45,0,0,0,23.5,0,24,0,0,,0,2022-06-30T12:11:40,7,43,26,17,0.1395,24.86,126.04,1361.16,49.22,107.8,6.75,11,11,10,0,0,0,0,729.7069,4917.2289,6.7386,9676.91,10657.44,11260.28,1581.54,13224.63,1962.51,574.3285,418.3226,1443.9503,4.9568,0.0504,230.8991,397.1435,1447.8282,5.941,0.0041,4,0,,,,,"[""legacy_25k"", ""two_years_2020"", ""maximum"", 3800]"
legacy_25k,two_years_2020,maximum,3900,29000.0,2020-07-01T04:45:40,2022-06-30T21:43:40,3858,44806.75,0,44806.75,53151.75,0.0,43,0,53,90,35,2970.0,5375.0,8345.0,9600.0,54406.75,0,0,0,23.5,0,24,0,0,,0,2022-06-30T12:11:40,7,43,26,17,0.1395,24.86,126.04,1357.25,48.95,107.8,6.76,11,11,10,0,0,0,0,729.7069,4921.1359,6.744,9673.0,10923.03,11525.86,1619.67,13489.68,2000.25,574.3285,427.6306,1466.1882,4.9783,0.0503,230.8991,416.9788,1502.0714,5.9944,0.0039,4,1,,,,,"[""legacy_25k"", ""two_years_2020"", ""maximum"", 3900]"
legacy_25k,two_years_2020,maximum,4000,29100.0,2020-07-01T04:45:40,2022-06-30T21:43:40,3858,41248.9,0,41248.9,49652.9,0.0,44,0,52,88,34,2904.0,5500.0,8404.0,9600.0,50848.9,0,0,0,23.5,0,25,0,0,,0,2022-06-30T12:11:40,6,44,27,17,0.1364,24.7,126.04,1101.37,16.21,101.8,7.11,11,11,10,0,0,0,0,729.7069,5177.0245,7.0947,9417.11,11744.72,12349.64,1655.43,14291.41,2014.39,582.9375,436.3197,1505.6266,5.1063,0.0492,231.0,452.7947,1631.452,6.4297,0.0,3,0,,,,,"[""legacy_25k"", ""two_years_2020"", ""maximum"", 4000]"
legacy_25k,two_years_2020,maximum,4100,29200.0,2020-07-01T04:45:40,2022-06-30T21:43:40,3858,38331.65,0,38331.65,46735.65,0.0,44,0,52,88,34,2904.0,5500.0,8404.0,9600.0,47931.65,0,0,0,23.5,0,25,0,0,,0,2022-06-30T12:11:40,6,44,27,17,0.1364,24.7,126.04,1077.69,16.21,101.8,7.14,11,11,10,0,0,0,0,729.7069,5200.6968,7.1271,9393.44,12076.72,12681.64,1694.48,14620.17,2051.35,588.9583,436.6116,1510.4707,5.1837,0.0574,244.822,430.4484,1578.7745,6.4105,0.0527,3,0,,,,,"[""legacy_25k"", ""two_years_2020"", ""maximum"", 4100]"
legacy_25k,two_years_2020,maximum,4200,29300.0,2020-07-01T04:45:40,2022-06-30T21:43:40,3858,37566.5,0,37566.5,45970.5,0.0,44,0,52,88,34,2904.0,5500.0,8404.0,9600.0,47166.5,0,0,0,23.5,0,25,0,0,,0,2022-06-30T12:11:40,9,44,27,17,0.1364,24.7,126.04,1090.09,15.98,101.8,7.13,11,11,10,0,0,0,0,729.7069,5188.3028,7.1101,9405.84,12209.08,12814.01,1717.14,14754.23,2075.1,584.1667,440.9198,1539.6529,5.0653,0.0488,232.2292,449.6903,1700.4096,6.319,0.0,3,0,,,,,"[""legacy_25k"", ""two_years_2020"", ""maximum"", 4200]"
legacy_25k,two_years_2020,maximum,4300,29400.0,2020-07-01T04:45:40,2022-06-30T21:43:40,3858,37192.35,0,37192.35,45596.35,0.0,44,0,52,88,34,2904.0,5500.0,8404.0,9600.0,46792.35,0,0,0,23.5,0,25,0,0,,0,2022-06-30T12:11:40,10,44,27,17,0.1364,24.7,126.04,1066.73,15.98,101.8,7.16,11,11,10,0,0,0,0,729.7069,5211.6595,7.1421,9382.48,12333.33,12938.25,1726.84,14875.28,2082.75,588.9583,435.7959,1516.5486,4.901,0.059,244.822,421.1344,1593.8103,5.7304,0.0565,3,0,,,,,"[""legacy_25k"", ""two_years_2020"", ""maximum"", 4300]"
legacy_25k,two_years_2020,maximum,4400,29500.0,2020-07-01T04:45:40,2022-06-30T21:43:40,3858,36218.7,0,36218.7,44622.7,0.0,44,0,52,88,34,2904.0,5500.0,8404.0,9600.0,45818.7,0,0,0,23.5,0,25,0,0,,0,2022-06-30T12:11:40,11,44,27,17,0.1364,24.7,126.04,1069.97,15.98,101.8,7.15,11,11,10,0,0,0,0,729.7069,5208.4194,7.1377,9385.72,12481.26,13086.19,1748.64,15023.66,2104.84,588.9583,440.2084,1505.4077,4.8095,0.0571,245.0,426.8886,1561.9466,5.5063,0.0533,3,0,,,,,"[""legacy_25k"", ""two_years_2020"", ""maximum"", 4400]"
legacy_25k,two_years_2020,maximum,4500,29600.0,2020-07-01T04:45:40,2022-06-30T21:43:40,3858,36353.4,0,36353.4,44757.4,0.0,44,0,52,88,34,2904.0,5500.0,8404.0,9600.0,45953.4,0,0,0,23.5,0,25,0,0,,0,2022-06-30T12:11:40,11,44,27,17,0.1364,24.7,126.04,1095.77,15.98,105.8,7.13,11,11,10,0,0,0,0,729.7069,5182.6162,7.1023,9411.52,12560.64,13165.57,1768.53,15106.57,2126.99,584.0852,441.4145,1502.9182,4.8499,0.0646,232.1477,462.1148,1645.5607,5.8116,0.0054,4,1,,,,,"[""legacy_25k"", ""two_years_2020"", ""maximum"", 4500]"
legacy_25k,two_years_2020,maximum,5000,30100.0,2020-07-01T04:45:40,2022-06-30T21:43:40,3858,33763.4,0,33763.4,42167.4,0.0,44,0,52,88,34,2904.0,5500.0,8404.0,9600.0,43363.4,0,0,0,23.5,0,25,0,0,,0,2022-06-30T14:40:40,12,44,27,17,0.1364,24.7,126.04,927.7,15.98,101.8,7.35,11,11,10,0,0,0,0,729.7069,5350.6898,7.3327,9243.45,13203.15,13808.08,1800.6,15726.05,2144.66,588.9583,458.9029,1625.2626,5.0225,0.0475,244.822,479.6063,1852.161,6.0197,0.0,3,0,,,,,"[""legacy_25k"", ""two_years_2020"", ""maximum"", 5000]"
legacy_25k,two_years_2020,maximum,5700,30800.0,2020-07-01T04:45:40,2022-06-30T21:43:40,3858,21333.9,0,21333.9,29704.9,9610.0,44,13,51,87,34,2871.0,5500.0,8371.0,9600.0,30933.9,0,0,0,23.5,0,12,0,0,,0,2022-06-30T12:11:40,5,31,27,4,0.1935,24.7,126.04,914.16,15.98,101.8,7.36,11,11,10,0,0,0,0,729.7069,5364.2336,7.3512,9229.91,14906.36,15511.28,2027.74,17427.4,2370.68,589.3556,524.4702,1809.0986,5.3235,0.0475,245.9262,633.7219,2263.9352,6.7251,0.0,2,0,,,,,"[""legacy_25k"", ""two_years_2020"", ""maximum"", 5700]"
legacy_25k,two_years_2020,maximum,6000,31100.0,2020-07-01T04:45:40,2022-06-30T21:43:40,3858,12648.15,0,12648.15,21019.15,18295.75,44,13,51,87,34,2871.0,5500.0,8371.0,9600.0,22248.15,0,0,0,23.5,0,12,0,0,,0,2022-06-30T12:11:40,5,31,27,4,0.1935,24.7,126.04,914.16,15.98,101.8,7.36,11,11,10,0,0,0,0,729.7069,5364.2336,7.3512,9229.91,15824.59,16429.52,2152.65,18345.64,2495.59,589.3556,550.4166,1863.3641,5.4321,0.0475,245.9262,685.6421,2383.6021,6.9853,0.0,2,0,,,,,"[""legacy_25k"", ""two_years_2020"", ""maximum"", 6000]"
legacy_25k,two_years_2020,maximum,6100,31200.0,2020-07-01T04:45:40,2022-06-30T21:43:40,3858,14319.65,0,14319.65,22690.65,16624.25,44,13,51,87,34,2871.0,5500.0,8371.0,9600.0,23919.65,0,0,0,23.5,0,12,0,0,,0,2022-06-30T12:11:40,5,31,27,4,0.1935,24.7,126.04,914.16,15.98,101.8,7.36,11,11,10,0,0,0,0,729.7069,5364.2336,7.3512,9229.91,15754.59,16359.51,2143.13,18275.63,2486.07,589.3556,551.2344,1900.0439,5.4593,0.0475,245.9262,690.7043,2468.0446,7.0504,0.0,2,0,,,,,"[""legacy_25k"", ""two_years_2020"", ""maximum"", 6100]"
legacy_25k,two_years_2020,maximum,6200,31300.0,2020-07-01T04:45:40,2022-06-30T21:43:40,3858,14522.45,0,14522.45,22893.45,16421.45,44,13,51,87,34,2871.0,5500.0,8371.0,9600.0,24122.45,0,0,0,23.5,0,12,0,0,,0,2022-06-30T12:11:40,5,31,27,4,0.1935,24.7,126.04,914.16,15.98,101.8,7.36,11,11,10,0,0,0,0,729.7069,5364.2336,7.3512,9229.91,15786.8,16391.72,2147.51,18307.84,2490.45,589.3556,550.1372,1883.7581,5.4389,0.0475,245.9262,685.9828,2425.5566,7.0016,0.0,2,0,,,,,"[""legacy_25k"", ""two_years_2020"", ""maximum"", 6200]"
legacy_25k,two_years_2020,maximum,6300,31400.0,2020-07-01T04:45:40,2022-06-30T21:43:40,3858,14299.35,0,14299.35,22670.35,16644.55,44,13,51,87,34,2871.0,5500.0,8371.0,9600.0,23899.35,0,0,0,23.5,0,12,0,0,,0,2022-06-30T12:11:40,5,31,27,4,0.1935,24.7,126.04,914.16,15.98,101.8,7.36,11,11,10,0,0,0,0,729.7069,5364.2336,7.3512,9229.91,15865.33,16470.26,2158.19,18386.37,2501.13,589.3556,550.5554,1901.5441,5.7321,0.0475,245.9262,684.0692,2464.7205,7.7043,0.0,2,0,,,,,"[""legacy_25k"", ""two_years_2020"", ""maximum"", 6300]"
legacy_25k,two_years_2020,maximum,6400,31500.0,2020-07-01T04:45:40,2022-06-30T21:43:40,3858,14291.45,0,14291.45,22662.45,16652.45,44,13,51,87,34,2871.0,5500.0,8371.0,9600.0,23891.45,0,0,0,23.5,0,12,0,0,,0,2022-06-30T12:11:40,5,31,27,4,0.1935,24.7,126.04,914.16,15.98,101.8,7.36,11,11,10,0,0,0,0,729.7069,5364.2336,7.3512,9229.91,15901.51,16506.43,2163.11,18422.55,2506.05,589.3556,550.2158,1916.195,5.7559,0.0475,245.9262,681.2994,2496.3715,7.7612,0.0,2,0,,,,,"[""legacy_25k"", ""two_years_2020"", ""maximum"", 6400]"
legacy_25k,two_years_2020,maximum,6500,31600.0,2020-07-01T04:45:40,2022-06-30T21:43:40,3858,14283.55,0,14283.55,22654.55,16660.35,44,13,51,87,34,2871.0,5500.0,8371.0,9600.0,23883.55,0,0,0,23.5,0,12,0,0,,0,2022-06-30T12:11:40,5,31,27,4,0.1935,24.7,126.04,914.16,15.98,101.8,7.36,11,11,10,0,0,0,0,729.7069,5364.2336,7.3512,9229.91,15934.49,16539.42,2167.6,18455.54,2510.54,589.3556,547.9473,1865.8996,5.4881,0.0475,245.9262,670.6501,2372.3804,7.1195,0.0,2,0,,,,,"[""legacy_25k"", ""two_years_2020"", ""maximum"", 6500]"
legacy_25k,two_years_2020,maximum,6600,31700.0,2020-07-01T04:45:40,2022-06-30T21:43:40,3858,12193.05,0,12193.05,20564.05,18750.85,44,13,51,87,34,2871.0,5500.0,8371.0,9600.0,21793.05,0,0,0,23.5,0,12,0,0,,0,2022-06-30T12:11:40,5,31,27,4,0.1935,24.7,126.04,914.16,15.98,101.8,7.36,11,11,10,0,0,0,0,729.7069,5364.2336,7.3512,9229.91,16143.63,16748.55,2196.05,18664.67,2538.99,589.3556,559.3005,1970.8213,5.622,0.0475,245.9262,702.2303,2620.3628,7.4403,0.0,2,0,,,,,"[""legacy_25k"", ""two_years_2020"", ""maximum"", 6600]"
legacy_25k,two_years_2020,maximum,6700,31800.0,2020-07-01T04:45:40,2022-06-30T21:43:40,3858,8121.55,0,8121.55,16492.55,22822.35,44,13,51,87,34,2871.0,5500.0,8371.0,9600.0,17721.55,0,0,0,23.5,0,12,0,0,,0,2022-06-30T12:11:40,5,31,27,4,0.1935,24.7,126.04,914.16,15.98,101.8,7.36,11,11,10,0,0,0,0,729.7069,5364.2336,7.3512,9229.91,16525.76,17130.69,2248.03,19046.8,2590.97,589.3556,577.9531,1983.4707,5.6237,0.0475,245.9262,749.1511,2647.9713,7.4444,0.0,2,0,,,,,"[""legacy_25k"", ""two_years_2020"", ""maximum"", 6700]"
legacy_25k,two_years_2020,maximum,6800,31900.0,2020-07-01T04:45:40,2022-06-30T21:43:40,3858,5313.7,7205.0,12518.7,13684.7,25630.2,44,13,51,87,34,2871.0,5500.0,8371.0,9600.0,22118.7,0,0,0,23.5,0,12,0,0,,0,2022-06-30T12:11:40,5,31,27,4,0.1935,24.7,126.04,914.16,15.98,101.8,7.36,11,11,10,0,0,0,0,729.7069,5364.2336,7.3512,9229.91,16794.23,17399.16,2284.55,19315.28,2627.49,589.3556,587.3772,2002.2836,5.7576,0.0475,245.9262,769.7703,2693.0559,7.7653,0.0,2,0,,,,,"[""legacy_25k"", ""two_years_2020"", ""maximum"", 6800]"
legacy_25k,two_years_2020,maximum,6900,32000.0,2020-07-01T04:45:40,2022-06-30T21:43:40,3858,2061.65,7500.0,9561.65,10432.65,28882.25,44,13,51,87,34,2871.0,5500.0,8371.0,9600.0,19161.65,0,0,0,23.5,0,12,0,0,,0,2022-06-30T12:11:40,5,31,27,4,0.1935,24.7,126.04,914.16,15.98,101.8,7.36,11,11,10,0,0,0,0,729.7069,5364.2336,7.3512,9229.91,17103.01,17707.93,2326.55,19624.05,2669.5,589.3556,595.4815,2015.672,5.7694,0.0475,245.9262,784.6523,2725.1409,7.7937,0.0,2,0,,,,,"[""legacy_25k"", ""two_years_2020"", ""maximum"", 6900]"
legacy_25k,two_years_2020,maximum,7000,32100.0,2020-07-01T04:45:40,2022-06-30T21:43:40,3858,517.45,6000.0,6517.45,8888.45,30426.45,44,13,51,87,34,2871.0,5500.0,8371.0,9600.0,16117.45,0,0,0,23.5,0,12,0,0,,0,2022-06-30T12:11:40,5,31,27,4,0.1935,24.7,126.04,914.16,15.98,101.8,7.36,11,11,10,0,0,0,0,729.7069,5364.2336,7.3512,9229.91,17259.3,17864.23,2347.82,19780.35,2690.76,589.3556,599.8544,2030.7316,5.7796,0.0475,245.9262,792.9916,2761.2307,7.8181,0.0,2,0,,,,,"[""legacy_25k"", ""two_years_2020"", ""maximum"", 7000]"
legacy_25k,two_years_2020,maximum,7100,32200.0,2020-07-01T04:45:40,2022-06-30T21:43:40,3858,-36.25,14742.8,14706.55,8334.75,30980.15,44,13,51,87,34,2871.0,5500.0,8371.0,9600.0,24306.55,0,0,0,23.5,0,12,0,0,,0,2022-06-30T12:11:40,5,31,27,4,0.1935,24.7,126.04,914.16,15.98,101.8,7.36,11,11,10,0,0,0,0,729.7069,5364.2336,7.3512,9229.91,17332.48,17937.4,2357.77,19853.52,2700.71,589.3556,602.6304,2053.2591,5.7881,0.0475,245.9262,799.2247,2815.2174,7.8384,0.0,2,0,,,,,"[""legacy_25k"", ""two_years_2020"", ""maximum"", 7100]"
legacy_25k,two_years_2020,maximum,7200,32300.0,2020-07-01T04:45:40,2022-06-30T21:43:40,3858,-465.15,14805.6,14340.45,7905.85,31409.05,44,13,51,87,34,2871.0,5500.0,8371.0,9600.0,23940.45,0,0,0,23.5,0,12,0,0,,0,2022-06-30T12:11:40,5,31,27,4,0.1935,24.7,126.04,914.16,15.98,101.8,7.36,11,11,10,0,0,0,0,729.7069,5364.2336,7.3512,9229.91,17383.06,17987.98,2364.65,19904.1,2707.59,589.3556,604.4975,2066.5322,5.9203,0.0475,245.9262,803.3724,2847.0258,8.1552,0.0,2,0,,,,,"[""legacy_25k"", ""two_years_2020"", ""maximum"", 7200]"
legacy_25k,two_years_2020,maximum,7300,32400.0,2020-07-01T04:45:40,2022-06-30T21:43:40,3858,-312.95,10500.0,10187.05,8058.05,31256.85,44,13,51,87,34,2871.0,5500.0,8371.0,9600.0,19787.05,0,0,0,23.5,0,12,0,0,,0,2022-06-30T12:11:40,5,31,27,4,0.1935,24.7,126.04,914.16,15.98,101.8,7.36,11,11,10,0,0,0,0,729.7069,5364.2336,7.3512,9229.91,17377.55,17982.48,2363.9,19898.6,2706.84,589.3556,604.0368,2048.6742,5.922,0.0475,245.9262,802.0367,2804.2296,8.1593,0.0,2,0,,,,,"[""legacy_25k"", ""two_years_2020"", ""maximum"", 7300]"
legacy_25k,two_years_2020,maximum,7400,32500.0,2020-07-01T04:45:40,2022-06-30T21:43:40,3858,-760.25,14707.5,13947.25,7610.75,31704.15,44,13,51,87,34,2871.0,5500.0,8371.0,9600.0,23547.25,0,0,0,23.5,0,12,0,0,,0,2022-06-30T12:11:40,5,31,27,4,0.1935,24.7,126.04,914.16,15.98,101.8,7.36,11,11,10,0,0,0,0,729.7069,5364.2336,7.3512,9229.91,17425.7,18030.62,2370.45,19946.74,2713.39,589.3556,605.8367,2060.9821,5.9254,0.0475,245.9262,806.0766,2833.7252,8.1674,0.0,2,0,,,,,"[""legacy_25k"", ""two_years_2020"", ""maximum"", 7400]"
legacy_25k,two_years_2020,maximum,7500,32600.0,2020-07-01T04:45:40,2022-06-30T21:43:40,3858,159.15,10500.0,10659.15,8530.15,30784.75,44,13,51,87,34,2871.0,5500.0,8371.0,9600.0,20259.15,0,0,0,23.5,0,12,0,0,,0,2022-06-30T12:11:40,5,31,27,4,0.1935,24.7,126.04,914.16,15.98,101.8,7.36,11,11,10,0,0,0,0,729.7069,5364.2336,7.3512,9229.91,17358.57,17963.49,2361.32,19879.61,2704.26,589.3556,603.569,2058.5449,5.817,0.0475,245.9262,801.2038,2827.8846,7.9076,0.0,2,0,,,,,"[""legacy_25k"", ""two_years_2020"", ""maximum"", 7500]"
legacy_25k,two_years_2020,maximum,8000,33100.0,2020-07-01T04:45:40,2022-06-30T21:43:40,3858,-4841.3,16500.0,11658.7,3529.7,35785.2,44,13,51,87,34,2871.0,5500.0,8371.0,9600.0,21258.7,0,0,0,23.5,0,12,0,0,,0,2022-06-30T12:11:40,5,31,27,4,0.1935,24.7,126.04,914.16,15.98,101.8,7.36,11,11,10,0,0,0,0,729.7069,5364.2336,7.3512,9229.91,17846.03,18450.95,2427.63,20367.07,2770.57,589.3556,624.5101,2135.6228,5.9559,0.0475,245.9262,850.7865,3012.5998,8.2406,0.0,2,0,,,,,"[""legacy_25k"", ""two_years_2020"", ""maximum"", 8000]"
legacy_25k,two_years_2020,maximum,9000,34100.0,2020-07-01T04:45:40,2022-06-30T21:43:40,3858,-8371.0,16500.0,8129.0,0.0,39314.9,44,13,51,87,34,2871.0,5500.0,8371.0,9600.0,17729.0,0,0,0,23.5,0,12,0,0,,0,2022-06-30T12:11:40,5,31,27,4,0.1935,24.7,126.04,914.16,15.98,101.8,7.36,11,11,10,0,0,0,0,729.7069,5364.2336,7.3512,9229.91,18170.11,18775.04,2471.72,20691.16,2814.66,589.3556,638.9981,2203.8329,6.2914,0.0475,245.9262,885.0317,3176.0635,9.0446,0.0,2,0,,,,,"[""legacy_25k"", ""two_years_2020"", ""maximum"", 9000]"
legacy_25k,two_years_2020,maximum,10000,35100.0,2020-07-01T04:45:40,2022-06-30T21:43:40,3858,-8371.0,16500.0,8129.0,0.0,39314.9,44,13,51,87,34,2871.0,5500.0,8371.0,9600.0,17729.0,0,0,0,23.5,0,12,0,0,,0,2022-06-30T12:11:40,5,31,27,4,0.1935,24.7,126.04,914.16,15.98,101.8,7.36,11,11,10,0,0,0,0,729.7069,5364.2336,7.3512,9229.91,18170.11,18775.04,2471.72,20691.16,2814.66,589.3556,638.9981,2203.8329,6.2914,0.0475,245.9262,885.0317,3176.0635,9.0446,0.0,2,0,,,,,"[""legacy_25k"", ""two_years_2020"", ""maximum"", 10000]"
legacy_25k,two_years_2022,minimum,0,25100.0,2022-07-01T05:03:40,2024-06-28T22:45:20,3845,87952.0,3000.0,90952.0,96000.0,52211.0,43,20,45,81,36,2673.0,5375.0,8048.0,9600.0,100552.0,0,0,0,21.0,0,14,1,63.33,,0,2024-04-18T20:24:40,3,23,23,0,0.1739,70.02,78.52,1072.11,0,73.79,8.21,13,13,12,0,0,0,0,728.7373,5970.853,8.1934,8603.89,11107.05,11204.76,1355.61,12158.3,1483.91,607.8708,545.5606,1648.0189,6.3999,0.0018,485.4215,275.6571,757.1031,5.2436,0.0002,1,0,,,,,"[""legacy_25k"", ""two_years_2022"", ""minimum"", 0]"
legacy_25k,two_years_2022,minimum,1000,26100.0,2022-07-01T05:03:40,2024-06-28T22:45:20,3845,87952.0,3000.0,90952.0,96000.0,52211.0,43,20,45,81,36,2673.0,5375.0,8048.0,9600.0,100552.0,0,0,0,21.0,0,14,1,63.33,,0,2024-04-18T20:24:40,3,23,23,0,0.1739,70.02,78.52,1072.11,0,73.79,8.21,13,13,12,0,0,0,0,728.7373,5970.853,8.1934,8603.89,11107.05,11204.76,1355.61,12158.3,1483.91,607.8708,545.5606,1648.0189,6.3999,0.0018,485.4215,275.6571,757.1031,5.2436,0.0002,1,0,,,,,"[""legacy_25k"", ""two_years_2022"", ""minimum"", 1000]"
legacy_25k,two_years_2022,minimum,2000,27100.0,2022-07-01T05:03:40,2024-06-28T22:45:20,3845,70886.0,21128.34,92014.34,79000.0,65072.85,43,20,43,83,40,2739.0,5375.0,8114.0,9600.0,101614.34,0,0,0,21.0,0,15,2,196.69,,0,2024-04-19T09:30:00,5,23,23,0,0.1739,48.35,74.34,894.87,0,47.79,8.86,13,13,12,0,0,0,0,728.7373,6448.0947,8.8483,8126.65,15079.9,15173.59,1704.27,16034.72,1812.18,650.8581,618.0536,1834.8763,6.4596,0.0015,583.2748,240.6483,675.1191,5.0265,0.0,1,0,,,,,"[""legacy_25k"", ""two_years_2022"", ""minimum"", 2000]"
legacy_25k,two_years_2022,minimum,3000,28100.0,2022-07-01T05:03:40,2024-06-28T22:45:20,3845,63492.0,29911.24,93403.24,70500.0,83939.5,36,20,37,76,39,2508.0,4500.0,7008.0,9600.0,103003.24,0,0,0,21.0,0,8,0,1333.64,,0,2024-04-19T09:30:00,3,16,16,0,0.1875,22.06,74.34,526.37,0,5.79,9.6,11,11,8,0,0,0,0,728.7373,6987.594,9.5886,7587.15,21794.74,21887.35,2272.98,22365.49,2332.5,697.9481,872.3591,2598.8766,7.1824,0.0,683.1565,408.4756,1183.9397,5.5998,0.0,0,0,,,,,"[""legacy_25k"", ""two_years_2022"", ""minimum"", 3000]"
legacy_25k,two_years_2022,minimum,3100,28200.0,2022-07-01T05:03:40,2024-06-28T22:45:20,3845,62492.0,25606.95,88098.95,69500.0,84939.5,36,20,37,76,39,2508.0,4500.0,7008.0,9600.0,97698.95,0,0,0,21.0,0,8,0,1333.64,,0,2024-04-19T09:30:00,3,16,16,0,0.1875,22.06,74.34,526.37,0,5.79,9.6,11,11,8,0,0,0,0,728.7373,6987.594,9.5886,7587.15,22346.99,22439.61,2330.57,22917.74,2390.1,697.9481,912.4238,2676.1682,7.1824,0.0,683.1565,451.4714,1253.2368,5.5998,0.0,0,0,,,,,"[""legacy_25k"", ""two_years_2022"", ""minimum"", 3100]"
legacy_25k,two_years_2022,minimum,3200,28300.0,2022-07-01T05:03:40,2024-06-28T22:45:20,3845,58992.0,34924.03,93916.03,66000.0,88439.5,36,20,37,76,39,2508.0,4500.0,7008.0,9600.0,103516.03,0,0,0,21.0,0,8,0,1333.64,,0,2024-04-19T09:30:00,3,16,16,0,0.1875,22.06,74.34,526.37,0,5.79,9.6,11,11,8,0,0,0,0,728.7373,6987.594,9.5886,7587.15,22929.26,23021.87,2391.3,23500.01,2450.82,697.9481,974.2319,2874.8412,7.1824,0.0,683.1565,532.6862,1455.2977,5.5998,0.0,0,0,,,,,"[""legacy_25k"", ""two_years_2022"", ""minimum"", 3200]"
legacy_25k,two_years_2022,minimum,3300,28400.0,2022-07-01T05:03:40,2024-06-28T22:45:20,3845,58492.0,13817.08,72309.08,65500.0,88939.5,36,20,37,76,39,2508.0,4500.0,7008.0,9600.0,81909.08,0,0,0,21.0,0,8,0,1333.64,,0,2024-04-19T09:30:00,3,16,16,0,0.1875,22.06,74.34,526.37,0,5.79,9.6,11,11,8,0,0,0,0,728.7373,6987.594,9.5886,7587.15,23320.31,23412.93,2432.08,23891.06,2491.6,697.9481,998.2358,2898.7413,7.1824,0.0,683.1565,509.5736,1405.4199,5.5998,0.0,0,0,,,,,"[""legacy_25k"", ""two_years_2022"", ""minimum"", 3300]"
legacy_25k,two_years_2022,minimum,3400,28500.0,2022-07-01T05:03:40,2024-06-28T22:45:20,3845,57492.0,16817.08,74309.08,64500.0,89939.5,36,20,37,76,39,2508.0,4500.0,7008.0,9600.0,83909.08,0,0,0,21.0,0,8,0,1333.64,,0,2024-04-19T09:30:00,3,16,16,0,0.1875,22.06,74.34,526.37,0,5.79,9.6,11,11,8,0,0,0,0,728.7373,6987.594,9.5886,7587.15,23508.24,23600.85,2451.68,24078.99,2511.2,697.9481,1010.676,2926.9948,7.1824,0.0,683.1565,524.3853,1434.2851,5.5998,0.0,0,0,,,,,"[""legacy_25k"", ""two_years_2022"", ""minimum"", 3400]"
legacy_25k,two_years_2022,minimum,3500,28600.0,2022-07-01T05:03:40,2024-06-28T22:45:20,3845,54492.0,13500.0,67992.0,61500.0,92939.5,36,20,37,76,39,2508.0,4500.0,7008.0,9600.0,77592.0,0,0,0,21.0,0,8,0,1333.64,,0,2024-04-19T09:30:00,3,16,16,0,0.1875,22.06,74.34,526.37,0,5.79,9.6,11,11,8,0,0,0,0,728.7373,6987.594,9.5886,7587.15,24233.25,24325.87,2527.29,24804.0,2586.81,697.9481,1038.5882,3038.9963,7.1824,0.0,683.1565,534.9701,1505.7826,5.5998,0.0,0,0,,,,,"[""legacy_25k"", ""two_years_2022"", ""minimum"", 3500]"
legacy_25k,two_years_2022,minimum,3600,28700.0,2022-07-01T05:03:40,2024-06-28T22:45:20,3845,53992.0,12000.0,65992.0,61000.0,93439.5,36,20,37,76,39,2508.0,4500.0,7008.0,9600.0,75592.0,0,0,0,21.0,0,8,0,1333.64,,0,2024-04-19T09:30:00,3,16,16,0,0.1875,22.06,74.34,526.37,0,5.79,9.6,11,11,8,0,0,0,0,728.7373,6987.594,9.5886,7587.15,24551.57,24644.19,2560.49,25122.32,2620.01,697.9481,1068.8749,3101.0531,7.1824,0.0,683.1565,568.8761,1561.117,5.5998,0.0,0,0,,,,,"[""legacy_25k"", ""two_years_2022"", ""minimum"", 3600]"
legacy_25k,two_years_2022,minimum,3700,28800.0,2022-07-01T05:03:40,2024-06-28T22:45:20,3845,49992.0,15000.0,64992.0,57000.0,97439.5,36,20,37,76,39,2508.0,4500.0,7008.0,9600.0,74592.0,0,0,0,21.0,0,8,0,1333.64,,0,2024-04-19T09:30:00,3,16,16,0,0.1875,22.06,74.34,526.37,0,5.79,9.6,11,11,8,0,0,0,0,728.7373,6987.594,9.5886,7587.15,25275.14,25367.76,2635.95,25845.89,2695.47,697.9481,1133.4306,3313.9527,7.1824,0.0,683.1565,651.1123,1767.051,5.5998,0.0,0,0,,,,,"[""legacy_25k"", ""two_years_2022"", ""minimum"", 3700]"
legacy_25k,two_years_2022,minimum,3800,28900.0,2022-07-01T05:03:40,2024-06-28T22:45:20,3845,49492.0,9000.0,58492.0,56500.0,97939.5,36,20,37,76,39,2508.0,4500.0,7008.0,9600.0,68092.0,0,0,0,21.0,0,8,0,1333.64,,0,2024-04-19T09:30:00,3,16,16,0,0.1875,22.06,74.34,526.37,0,5.79,9.6,11,11,8,0,0,0,0,728.7373,6987.594,9.5886,7587.15,25558.48,25651.09,2665.5,26129.23,2725.02,697.9481,1143.3189,3336.3865,7.1824,0.0,683.1565,660.898,1788.2553,5.5998,0.0,0,0,,,,,"[""legacy_25k"", ""two_years_2022"", ""minimum"", 3800]"
legacy_25k,two_years_2022,minimum,3900,29000.0,2022-07-01T05:03:40,2024-06-28T22:45:20,3845,48992.0,10500.0,59492.0,56000.0,98439.5,36,20,37,76,39,2508.0,4500.0,7008.0,9600.0,69092.0,0,0,0,21.0,0,8,0,1333.64,,0,2024-04-19T09:30:00,3,16,16,0,0.1875,22.06,74.34,526.37,0,5.79,9.6,11,11,8,0,0,0,0,728.7373,6987.594,9.5886,7587.15,25712.82,25805.43,2681.59,26283.57,2741.12,697.9481,1153.8374,3358.7497,7.1824,0.0,683.1565,674.117,1811.1027,5.5998,0.0,0,0,,,,,"[""legacy_25k"", ""two_years_2022"", ""minimum"", 3900]"
legacy_25k,two_years_2022,minimum,4000,29100.0,2022-07-01T05:03:40,2024-06-28T22:45:20,3845,46492.0,15000.0,61492.0,53500.0,100939.5,36,20,37,76,39,2508.0,4500.0,7008.0,9600.0,71092.0,0,0,0,21.0,0,8,0,1333.64,,0,2024-04-19T09:30:00,3,16,16,0,0.1875,22.06,74.34,526.37,0,5.79,9.6,11,11,8,0,0,0,0,728.7373,6987.594,9.5886,7587.15,25962.39,26055.0,2707.62,26533.14,2767.14,697.9481,1165.6619,3382.5217,7.1824,0.0,683.1565,684.2061,1835.3307,5.5998,0.0,0,0,,,,,"[""legacy_25k"", ""two_years_2022"", ""minimum"", 4000]"
legacy_25k,two_years_2022,minimum,4100,29200.0,2022-07-01T05:03:40,2024-06-28T22:45:20,3845,45492.0,13500.0,58992.0,52500.0,101939.5,36,20,37,76,39,2508.0,4500.0,7008.0,9600.0,68592.0,0,0,0,21.0,0,8,0,1333.64,,0,2024-04-19T09:30:00,3,16,16,0,0.1875,22.06,74.34,526.37,0,5.79,9.6,11,11,8,0,0,0,0,728.7373,6987.594,9.5886,7587.15,26344.48,26437.1,2747.47,26915.23,2806.99,697.9481,1201.3138,3558.57,7.1824,0.0,683.1565,732.4995,2015.1907,5.5998,0.0,0,0,,,,,"[""legacy_25k"", ""two_years_2022"", ""minimum"", 4100]"
legacy_25k,two_years_2022,minimum,4200,29300.0,2022-07-01T05:03:40,2024-06-28T22:45:20,3845,41992.0,15000.0,56992.0,49000.0,105439.5,36,20,37,76,39,2508.0,4500.0,7008.0,9600.0,66592.0,0,0,0,21.0,0,8,0,1333.64,,0,2024-04-19T09:30:00,3,16,16,0,0.1875,22.06,74.34,526.37,0,5.79,9.6,11,11,8,0,0,0,0,728.7373,6987.594,9.5886,7587.15,26906.85,26999.46,2806.12,27477.6,2865.64,697.9481,1272.1072,3773.0012,7.1824,0.0,683.1565,826.4375,2234.2649,5.5998,0.0,0,0,,,,,"[""legacy_25k"", ""two_years_2022"", ""minimum"", 4200]"
legacy_25k,two_years_2022,minimum,4300,29400.0,2022-07-01T05:03:40,2024-06-28T22:45:20,3845,41492.0,7500.0,48992.0,48500.0,105939.5,36,20,37,76,39,2508.0,4500.0,7008.0,9600.0,58592.0,0,0,0,21.0,0,8,0,1333.64,,0,2024-04-19T09:30:00,3,16,16,0,0.1875,22.06,74.34,526.37,0,5.79,9.6,11,11,8,0,0,0,0,728.7373,6987.594,9.5886,7587.15,27267.71,27360.33,2843.75,27838.46,2903.28,697.9481,1280.7011,3784.948,7.1824,0.0,683.1565,832.4633,2246.4703,5.5998,0.0,0,0,,,,,"[""legacy_25k"", ""two_years_2022"", ""minimum"", 4300]"
legacy_25k,two_years_2022,minimum,4400,29500.0,2022-07-01T05:03:40,2024-06-28T22:45:20,3845,41492.0,7500.0,48992.0,48500.0,105939.5,36,20,37,76,39,2508.0,4500.0,7008.0,9600.0,58592.0,0,0,0,21.0,0,8,0,1333.64,,0,2024-04-19T09:30:00,3,16,16,0,0.1875,22.06,74.34,526.37,0,5.79,9.6,11,11,8,0,0,0,0,728.7373,6987.594,9.5886,7587.15,27464.63,27557.24,2864.29,28035.38,2923.81,697.9481,1296.8059,3805.534,7.1824,0.0,683.1565,850.6369,2267.5021,5.5998,0.0,0,0,,,,,"[""legacy_25k"", ""two_years_2022"", ""minimum"", 4400]"
legacy_25k,two_years_2022,minimum,4500,29600.0,2022-07-01T05:03:40,2024-06-28T22:45:20,3845,38992.0,12000.0,50992.0,46000.0,108439.5,36,20,37,76,39,2508.0,4500.0,7008.0,9600.0,60592.0,0,0,0,21.0,0,8,0,1333.64,,0,2024-04-19T09:30:00,3,16,16,0,0.1875,22.06,74.34,526.37,0,5.79,9.6,11,11,8,0,0,0,0,728.7373,6987.594,9.5886,7587.15,27654.51,27747.12,2884.09,28225.26,2943.62,697.9481,1303.6647,3832.7994,7.1824,0.0,683.1565,856.8166,2295.3578,5.5998,0.0,0,0,,,,,"[""legacy_25k"", ""two_years_2022"", ""minimum"", 4500]"
legacy_25k,two_years_2022,minimum,5000,30100.0,2022-07-01T05:03:40,2024-06-28T22:45:20,3845,34492.0,6000.0,40492.0,41500.0,112939.5,36,20,37,76,39,2508.0,4500.0,7008.0,9600.0,50092.0,0,0,0,21.0,0,8,0,1333.64,,0,2024-04-19T09:30:00,3,16,16,0,0.1875,22.06,74.34,526.37,0,5.79,9.6,11,11,8,0,0,0,0,728.7373,6987.594,9.5886,7587.15,28774.62,28867.23,3000.91,29345.37,3060.43,697.9481,1408.4276,4183.5963,7.1824,0.0,683.1565,989.8664,2653.7501,5.5998,0.0,0,0,,,,,"[""legacy_25k"", ""two_years_2022"", ""minimum"", 5000]"
legacy_25k,two_years_2022,minimum,5700,30800.0,2022-07-01T05:03:40,2024-06-28T22:45:20,3845,25992.0,16216.54,42208.54,33000.0,121439.5,36,20,37,76,39,2508.0,4500.0,7008.0,9600.0,51808.54,0,0,0,21.0,0,8,0,1333.64,,0,2024-04-19T09:30:00,3,16,16,0,0.1875,22.06,74.34,526.37,0,5.79,9.6,11,11,8,0,0,0,0,728.7373,6987.594,9.5886,7587.15,30466.67,30559.28,3177.37,31037.42,3236.9,697.9481,1609.0756,4832.6147,7.1824,0.0,683.1565,1241.9307,3316.821,5.5998,0.0,0,0,,,,,"[""legacy_25k"", ""two_years_2022"", ""minimum"", 5700]"
legacy_25k,two_years_2022,minimum,6000,31100.0,2022-07-01T05:03:40,2024-06-28T22:45:20,3845,22492.0,13500.0,35992.0,29500.0,124939.5,36,20,37,76,39,2508.0,4500.0,7008.0,9600.0,45592.0,0,0,0,21.0,0,8,0,1333.64,,0,2024-04-19T09:30:00,3,16,16,0,0.1875,22.06,74.34,526.37,0,5.79,9.6,11,11,8,0,0,0,0,728.7373,6987.594,9.5886,7587.15,30814.28,30906.89,3213.63,31385.03,3273.15,697.9481,1635.1145,4902.0568,7.1824,0.0,683.1565,1273.7163,3387.7667,5.5998,0.0,0,0,,,,,"[""legacy_25k"", ""two_years_2022"", ""minimum"", 6000]"
legacy_25k,two_years_2022,minimum,6100,31200.0,2022-07-01T05:03:40,2024-06-28T22:45:20,3845,20492.0,16627.64,37119.64,27500.0,126939.5,36,20,37,76,39,2508.0,4500.0,7008.0,9600.0,46719.64,0,0,0,21.0,0,8,0,1333.64,,0,2024-04-19T09:30:00,3,16,16,0,0.1875,22.06,74.34,526.37,0,5.79,9.6,11,11,8,0,0,0,0,728.7373,6987.594,9.5886,7587.15,31030.95,31123.56,3236.22,31601.7,3295.75,697.9481,1663.4123,5047.9827,7.1824,0.0,683.1565,1308.0372,3536.8522,5.5998,0.0,0,0,,,,,"[""legacy_25k"", ""two_years_2022"", ""minimum"", 6100]"
legacy_25k,two_years_2022,minimum,6200,31300.0,2022-07-01T05:03:40,2024-06-28T22:45:20,3845,17992.0,19627.64,37619.64,25000.0,129439.5,36,20,37,76,39,2508.0,4500.0,7008.0,9600.0,47219.64,0,0,0,21.0,0,8,0,1333.64,,0,2024-04-19T09:30:00,3,16,16,0,0.1875,22.06,74.34,526.37,0,5.79,9.6,11,11,8,0,0,0,0,728.7373,6987.594,9.5886,7587.15,31290.12,31382.74,3263.25,31860.88,3322.78,697.9481,1689.8686,5104.2172,7.1824,0.0,683.1565,1339.4756,3594.3042,5.5998,0.0,0,0,,,,,"[""legacy_25k"", ""two_years_2022"", ""minimum"", 6200]"
legacy_25k,two_years_2022,minimum,6300,31400.0,2022-07-01T05:03:40,2024-06-28T22:45:20,3845,17492.0,21127.64,38619.64,24500.0,129939.5,36,20,37,76,39,2508.0,4500.0,7008.0,9600.0,48219.64,0,0,0,21.0,0,8,0,1333.64,,0,2024-04-19T09:30:00,3,16,16,0,0.1875,22.06,74.34,526.37,0,5.79,9.6,11,11,8,0,0,0,0,728.7373,6987.594,9.5886,7587.15,31364.88,31457.49,3271.05,31935.63,3330.57,697.9481,1696.6578,5140.0047,7.1824,0.0,683.1565,1347.7982,3630.8666,5.5998,0.0,0,0,,,,,"[""legacy_25k"", ""two_years_2022"", ""minimum"", 6300]"
legacy_25k,two_years_2022,minimum,6400,31500.0,2022-07-01T05:03:40,2024-06-28T22:45:20,3845,17492.0,21127.64,38619.64,24500.0,129939.5,36,20,37,76,39,2508.0,4500.0,7008.0,9600.0,48219.64,0,0,0,21.0,0,8,0,1333.64,,0,2024-04-19T09:30:00,3,16,16,0,0.1875,22.06,74.34,526.37,0,5.79,9.6,11,11,8,0,0,0,0,728.7373,6987.594,9.5886,7587.15,31406.04,31498.66,3275.34,31976.79,3334.86,697.9481,1699.3173,5145.7893,7.1824,0.0,683.1565,1350.9864,3636.7765,5.5998,0.0,0,0,,,,,"[""legacy_25k"", ""two_years_2022"", ""minimum"", 6400]"
legacy_25k,two_years_2022,minimum,6500,31600.0,2022-07-01T05:03:40,2024-06-28T22:45:20,3845,14992.0,15000.0,29992.0,22000.0,132439.5,36,20,37,76,39,2508.0,4500.0,7008.0,9600.0,39592.0,0,0,0,21.0,0,8,0,1333.64,,0,2024-04-19T09:30:00,3,16,16,0,0.1875,22.06,74.34,526.37,0,5.79,9.6,11,11,8,0,0,0,0,728.7373,6987.594,9.5886,7587.15,31673.45,31766.07,3303.23,32244.2,3362.75,697.9481,1721.4414,5212.3435,7.1824,0.0,683.1565,1377.5488,3704.7717,5.5998,0.0,0,0,,,,,"[""legacy_25k"", ""two_years_2022"", ""minimum"", 6500]"
legacy_25k,two_years_2022,minimum,6600,31700.0,2022-07-01T05:03:40,2024-06-28T22:45:20,3845,12992.0,19500.0,32492.0,20000.0,134439.5,36,20,37,76,39,2508.0,4500.0,7008.0,9600.0,42092.0,0,0,0,21.0,0,8,0,1333.64,,0,2024-04-19T09:30:00,3,16,16,0,0.1875,22.06,74.34,526.37,0,5.79,9.6,11,11,8,0,0,0,0,728.7373,6987.594,9.5886,7587.15,31884.63,31977.25,3325.25,32455.38,3384.78,697.9481,1750.8767,5357.9778,7.1824,0.0,683.1565,1412.7095,3853.5593,5.5998,0.0,0,0,,,,,"[""legacy_25k"", ""two_years_2022"", ""minimum"", 6600]"
legacy_25k,two_years_2022,minimum,6700,31800.0,2022-07-01T05:03:40,2024-06-28T22:45:20,3845,10992.0,25500.0,36492.0,18000.0,136439.5,36,20,37,76,39,2508.0,4500.0,7008.0,9600.0,46092.0,0,0,0,21.0,0,8,0,1333.64,,0,2024-04-19T09:30:00,3,16,16,0,0.1875,22.06,74.34,526.37,0,5.79,9.6,11,11,8,0,0,0,0,728.7373,6987.594,9.5886,7587.15,31926.34,32018.96,3329.6,32497.1,3389.13,697.9481,1754.1881,5365.3822,7.1824,0.0,683.1565,1416.381,3861.124,5.5998,0.0,0,0,,,,,"[""legacy_25k"", ""two_years_2022"", ""minimum"", 6700]"
legacy_25k,two_years_2022,minimum,6800,31900.0,2022-07-01T05:03:40,2024-06-28T22:45:20,3845,10492.0,25500.0,35992.0,17500.0,136939.5,36,20,37,76,39,2508.0,4500.0,7008.0,9600.0,45592.0,0,0,0,21.0,0,8,0,1333.64,,0,2024-04-19T09:30:00,3,16,16,0,0.1875,22.06,74.34,526.37,0,5.79,9.6,11,11,8,0,0,0,0,728.7373,6987.594,9.5886,7587.15,32045.01,32137.62,3341.98,32615.76,3401.5,697.9481,1766.1559,5424.8626,7.1824,0.0,683.1565,1430.9609,3921.8922,5.5998,0.0,0,0,,,,,"[""legacy_25k"", ""two_years_2022"", ""minimum"", 6800]"
legacy_25k,two_years_2022,minimum,6900,32000.0,2022-07-01T05:03:40,2024-06-28T22:45:20,3845,10492.0,25500.0,35992.0,17500.0,136939.5,36,20,37,76,39,2508.0,4500.0,7008.0,9600.0,45592.0,0,0,0,21.0,0,8,0,1333.64,,0,2024-04-19T09:30:00,3,16,16,0,0.1875,22.06,74.34,526.37,0,5.79,9.6,11,11,8,0,0,0,0,728.7373,6987.594,9.5886,7587.15,32066.96,32159.58,3344.27,32637.71,3403.79,697.9481,1768.8269,5433.1417,7.1824,0.0,683.1565,1434.115,3930.3506,5.5998,0.0,0,0,,,,,"[""legacy_25k"", ""two_years_2022"", ""minimum"", 6900]"
legacy_25k,two_years_2022,minimum,7000,32100.0,2022-07-01T05:03:40,2024-06-28T22:45:20,3845,10492.0,22500.0,32992.0,17500.0,136939.5,36,20,37,76,39,2508.0,4500.0,7008.0,9600.0,42592.0,0,0,0,21.0,0,8,0,1333.64,,0,2024-04-19T09:30:00,3,16,16,0,0.1875,22.06,74.34,526.37,0,5.79,9.6,11,11,8,0,0,0,0,728.7373,6987.594,9.5886,7587.15,32224.08,32316.7,3360.65,32794.84,3420.18,697.9481,1787.8313,5503.5619,7.1824,0.0,683.1565,1457.2671,4002.2955,5.5998,0.0,0,0,,,,,"[""legacy_25k"", ""two_years_2022"", ""minimum"", 7000]"
legacy_25k,two_years_2022,minimum,7100,32200.0,2022-07-01T05:03:40,2024-06-28T22:45:20,3845,9492.0,24000.0,33492.0,16500.0,137939.5,36,20,37,76,39,2508.0,4500.0,7008.0,9600.0,43092.0,0,0,0,21.0,0,8,0,1333.64,,0,2024-04-19T09:30:00,3,16,16,0,0.1875,22.06,74.34,526.37,0,5.79,9.6,11,11,8,0,0,0,0,728.7373,6987.594,9.5886,7587.15,32526.59,32619.21,3392.2,33097.34,3451.73,697.9481,1833.3339,5670.8682,7.1824,0.0,683.1565,1511.8269,4173.2244,5.5998,0.0,0,0,,,,,"[""legacy_25k"", ""two_years_2022"", ""minimum"", 7100]"
legacy_25k,two_years_2022,minimum,7200,32300.0,2022-07-01T05:03:40,2024-06-28T22:45:20,3845,8992.0,21000.0,29992.0,16000.0,138439.5,36,20,37,76,39,2508.0,4500.0,7008.0,9600.0,39592.0,0,0,0,21.0,0,8,0,1333.64,,0,2024-04-19T09:30:00,3,16,16,0,0.1875,22.06,74.34,526.37,0,5.79,9.6,11,11,8,0,0,0,0,728.7373,6987.594,9.5886,7587.15,32556.75,32649.36,3395.35,33127.5,3454.87,697.9481,1835.5796,5675.407,7.1824,0.0,683.1565,1514.2895,4177.8615,5.5998,0.0,0,0,,,,,"[""legacy_25k"", ""two_years_2022"", ""minimum"", 7200]"
legacy_25k,two_years_2022,minimum,7300,32400.0,2022-07-01T05:03:40,2024-06-28T22:45:20,3845,8492.0,21000.0,29492.0,15500.0,138939.5,36,20,37,76,39,2508.0,4500.0,7008.0,9600.0,39092.0,0,0,0,21.0,0,8,0,1333.64,,0,2024-04-19T09:30:00,3,16,16,0,0.1875,22.06,74.34,526.37,0,5.79,9.6,11,11,8,0,0,0,0,728.7373,6987.594,9.5886,7587.15,32647.96,32740.58,3404.86,33218.71,3464.38,697.9481,1846.3097,5733.5876,7.1824,0.0,683.1565,1527.4801,4237.3018,5.5998,0.0,0,0,,,,,"[""legacy_25k"", ""two_years_2022"", ""minimum"", 7300]"
legacy_25k,two_years_2022,minimum,7400,32500.0,2022-07-01T05:03:40,2024-06-28T22:45:20,3845,8492.0,21000.0,29492.0,15500.0,138939.5,36,20,37,76,39,2508.0,4500.0,7008.0,9600.0,39092.0,0,0,0,21.0,0,8,0,1333.64,,0,2024-04-19T09:30:00,3,16,16,0,0.1875,22.06,74.34,526.37,0,5.79,9.6,11,11,8,0,0,0,0,728.7373,6987.594,9.5886,7587.15,32669.92,32762.53,3407.15,33240.67,3466.67,697.9481,1850.1583,5750.4634,7.1824,0.0,683.1565,1531.9609,4254.5429,5.5998,0.0,0,0,,,,,"[""legacy_25k"", ""two_years_2022"", ""minimum"", 7400]"
legacy_25k,two_years_2022,minimum,7500,32600.0,2022-07-01T05:03:40,2024-06-28T22:45:20,3845,8492.0,19500.0,27992.0,15500.0,138939.5,36,20,37,76,39,2508.0,4500.0,7008.0,9600.0,37592.0,0,0,0,21.0,0,8,0,1333.64,,0,2024-04-19T09:30:00,3,16,16,0,0.1875,22.06,74.34,526.37,0,5.79,9.6,11,11,8,0,0,0,0,728.7373,6987.594,9.5886,7587.15,32833.22,32925.83,3424.18,33403.97,3483.7,697.9481,1870.1966,5820.1671,7.1824,0.0,683.1565,1556.3091,4325.7559,5.5998,0.0,0,0,,,,,"[""legacy_25k"", ""two_years_2022"", ""minimum"", 7500]"
legacy_25k,two_years_2022,minimum,8000,33100.0,2022-07-01T05:03:40,2024-06-28T22:45:20,3845,6992.0,19500.0,26492.0,14000.0,140439.5,36,20,37,76,39,2508.0,4500.0,7008.0,9600.0,36092.0,0,0,0,21.0,0,8,0,1333.64,,0,2024-04-19T09:30:00,3,16,16,0,0.1875,22.06,74.34,526.37,0,5.79,9.6,11,11,8,0,0,0,0,728.7373,6987.594,9.5886,7587.15,33169.31,33261.92,3459.23,33740.06,3518.76,697.9481,1915.0706,6060.143,7.1824,0.0,683.1565,1610.1173,4570.9277,5.5998,0.0,0,0,,,,,"[""legacy_25k"", ""two_years_2022"", ""minimum"", 8000]"
legacy_25k,two_years_2022,minimum,9000,34100.0,2022-07-01T05:03:40,2024-06-28T22:45:20,3845,1492.0,32823.54,34315.54,8500.0,145939.5,36,20,37,76,39,2508.0,4500.0,7008.0,9600.0,43915.54,0,0,0,21.0,0,8,0,1333.64,,0,2024-04-19T09:30:00,3,16,16,0,0.1875,22.06,74.34,526.37,0,5.79,9.6,11,11,8,0,0,0,0,728.7373,6987.594,9.5886,7587.15,33756.23,33848.85,3520.44,34326.98,3579.97,697.9481,1996.2634,6474.3201,7.1824,0.0,683.1565,1706.238,4994.0725,5.5998,0.0,0,0,,,,,"[""legacy_25k"", ""two_years_2022"", ""minimum"", 9000]"
legacy_25k,two_years_2022,minimum,10000,35100.0,2022-07-01T05:03:40,2024-06-28T22:45:20,3845,-2008.0,27000.0,24992.0,5000.0,149439.5,36,20,37,76,39,2508.0,4500.0,7008.0,9600.0,34592.0,0,0,0,21.0,0,8,0,1333.64,,0,2024-04-19T09:30:00,3,16,16,0,0.1875,22.06,74.34,526.37,0,5.79,9.6,11,11,8,0,0,0,0,728.7373,6987.594,9.5886,7587.15,34027.0,34119.61,3548.68,34597.75,3608.2,697.9481,2025.192,6644.2673,7.1824,0.0,683.1565,1739.0236,5167.6994,5.5998,0.0,0,0,,,,,"[""legacy_25k"", ""two_years_2022"", ""minimum"", 10000]"
legacy_25k,two_years_2022,maximum,0,25100.0,2022-07-01T05:03:40,2024-06-28T22:45:20,3845,82993.3,509.9,83503.2,93399.3,15705.0,55,12,57,107,50,3531.0,6875.0,10406.0,9600.0,93103.2,0,0,0,21.0,1,30,0,0,,0,2024-04-18T20:24:40,8,43,37,6,0.093,54.08,81.3,2256.43,72.97,75.79,6.57,14,14,12,0,0,0,0,728.7373,4772.637,6.5492,9802.11,6269.39,6429.8,957.28,8057.53,1230.31,593.7127,433.3352,1166.2268,4.2306,0.0287,378.872,222.3091,538.7958,2.6216,0.3018,2,1,,,,,"[""legacy_25k"", ""two_years_2022"", ""maximum"", 0]"
legacy_25k,two_years_2022,maximum,1000,26100.0,2022-07-01T05:03:40,2024-06-28T22:45:20,3845,76958.7,0,76958.7,87239.7,14147.6,54,11,57,107,50,3531.0,6750.0,10281.0,9600.0,86558.7,0,0,0,21.0,2,30,0,0,,0,2024-04-18T20:24:40,12,43,36,7,0.093,52.52,81.3,2252.23,71.97,75.79,6.57,14,14,12,0,0,0,0,728.7373,4776.8356,6.5549,9797.91,6312.88,6459.23,963.07,8062.39,1229.97,593.7127,422.3645,1128.0351,4.1455,0.0355,380.5803,217.4407,522.1957,2.5779,0.3024,2,1,,,,,"[""legacy_25k"", ""two_years_2022"", ""maximum"", 1000]"
legacy_25k,two_years_2022,maximum,2000,27100.0,2022-07-01T05:03:40,2024-06-28T22:45:20,3845,79606.2,37128.57,116734.77,87911.2,50746.2,44,20,45,85,40,2805.0,5500.0,8305.0,9600.0,126334.77,0,0,0,21.0,0,14,0,0,,0,2024-04-19T09:30:00,4,24,24,0,0.1667,49.04,74.34,937.2,0,73.79,8.39,13,13,12,0,0,0,0,728.7373,6105.763,8.3786,8468.98,12384.36,12499.84,1478.1,13459.41,1606.41,628.8627,483.0915,1417.2238,5.0641,0.0033,508.3836,163.0991,458.8399,3.6578,0.1642,2,0,,,,,"[""legacy_25k"", ""two_years_2022"", ""maximum"", 2000]"
legacy_25k,two_years_2022,maximum,3000,28100.0,2022-07-01T05:03:40,2024-06-28T22:45:20,3845,72717.2,35039.56,107756.76,80199.2,69924.4,39,20,39,79,40,2607.0,4875.0,7482.0,9600.0,117356.76,0,0,0,21.0,0,11,2,696.35,,0,2024-04-19T09:30:00,3,19,19,0,0.1579,43.22,74.34,657.03,0,5.79,9.41,13,13,11,0,0,0,0,728.7373,6847.935,9.397,7726.81,19310.86,19404.35,2055.01,20057.48,2134.46,697.9481,797.3259,2367.1583,5.492,0.0,683.1565,367.9859,1015.628,3.8056,0.0,0,0,,,,,"[""legacy_25k"", ""two_years_2022"", ""maximum"", 3000]"
legacy_25k,two_years_2022,maximum,3100,28200.0,2022-07-01T05:03:40,2024-06-28T22:45:20,3845,72661.15,37549.45,110210.6,79985.15,71566.65,38,20,39,78,39,2574.0,4750.0,7324.0,9600.0,119810.6,0,0,0,21.0,0,10,2,849.3,,0,2024-04-19T09:30:00,3,18,18,0,0.1667,32.89,74.34,612.81,0,5.79,9.48,13,13,10,0,0,0,0,728.7373,6900.1546,9.4686,7674.59,20122.82,20215.9,2125.21,20808.04,2197.57,697.9481,836.0263,2436.6879,5.3431,0.0,683.1565,394.9565,1060.8353,3.7206,0.0,0,0,,,,,"[""legacy_25k"", ""two_years_2022"", ""maximum"", 3100]"
legacy_25k,two_years_2022,maximum,3200,28300.0,2022-07-01T05:03:40,2024-06-28T22:45:20,3845,70869.1,38049.45,108918.55,78193.1,73158.7,38,20,39,78,39,2574.0,4750.0,7324.0,9600.0,118518.55,0,0,0,21.0,0,10,2,851.41,,0,2024-04-19T09:30:00,3,18,18,0,0.1667,32.36,74.34,610.7,0,5.79,9.48,13,13,10,0,0,0,0,728.7373,6902.2606,9.4715,7672.48,20450.93,20544.01,2159.2,21135.86,2231.51,697.9481,849.7249,2493.6387,5.7673,0.0,683.1565,396.9189,1090.9093,4.154,0.0,0,0,,,,,"[""legacy_25k"", ""two_years_2022"", ""maximum"", 3200]"
legacy_25k,two_years_2022,maximum,3300,28400.0,2022-07-01T05:03:40,2024-06-28T22:45:20,3845,72472.8,43169.23,115642.03,79480.8,74958.7,36,20,37,76,39,2508.0,4500.0,7008.0,9600.0,125242.03,0,0,0,21.0,0,8,0,1333.64,,0,2024-04-19T09:30:00,3,16,16,0,0.1875,22.06,74.34,526.37,0,5.79,9.6,11,11,8,0,0,0,0,728.7373,6987.594,9.5886,7587.15,21101.63,21194.24,2200.69,21672.38,2260.22,697.9481,878.0111,2517.8637,5.2417,0.0,683.1565,365.9466,1026.959,3.617,0.0004,0,0,,,,,"[""legacy_25k"", ""two_years_2022"", ""maximum"", 3300]"
legacy_25k,two_years_2022,maximum,3400,28500.0,2022-07-01T05:03:40,2024-06-28T22:45:20,3845,70221.7,45369.23,115590.93,77229.7,77209.8,36,20,37,76,39,2508.0,4500.0,7008.0,9600.0,125190.93,0,0,0,21.0,0,8,0,1333.64,,0,2024-04-19T09:30:00,3,16,16,0,0.1875,22.06,74.34,526.37,0,5.79,9.6,11,11,8,0,0,0,0,728.7373,6987.594,9.5886,7587.15,21503.75,21596.37,2242.63,22074.51,2302.15,697.9481,893.1709,2538.168,5.1629,0.0,683.1565,376.2459,1036.0841,3.5365,0.0004,0,0,,,,,"[""legacy_25k"", ""two_years_2022"", ""maximum"", 3400]"
legacy_25k,two_years_2022,maximum,3500,28600.0,2022-07-01T05:03:40,2024-06-28T22:45:20,3845,68486.55,46069.23,114555.78,75494.55,78944.95,36,20,37,76,39,2508.0,4500.0,7008.0,9600.0,124155.78,0,0,0,21.0,0,8,0,1333.64,,0,2024-04-19T09:30:00,3,16,16,0,0.1875,22.06,74.34,526.37,0,5.79,9.6,11,11,8,0,0,0,0,728.7373,6987.594,9.5886,7587.15,22618.9,22711.51,2358.93,23189.65,2418.45,697.9481,962.2942,2729.1431,5.8835,0.0,683.1565,450.4502,1219.6217,4.2727,0.0004,0,0,,,,,"[""legacy_25k"", ""two_years_2022"", ""maximum"", 3500]"
legacy_25k,two_years_2022,maximum,3600,28700.0,2022-07-01T05:03:40,2024-06-28T22:45:20,3845,66751.4,46769.23,113520.63,73759.4,80680.1,36,20,37,76,39,2508.0,4500.0,7008.0,9600.0,123120.63,0,0,0,21.0,0,8,0,1333.64,,0,2024-04-19T09:30:00,3,16,16,0,0.1875,22.06,74.34,526.37,0,5.79,9.6,11,11,8,0,0,0,0,728.7373,6987.594,9.5886,7587.15,23040.16,23132.78,2402.86,23610.91,2462.39,697.9481,1000.7941,2875.1769,6.0812,0.0,683.1565,501.2808,1362.7407,4.4747,0.0,0,0,,,,,"[""legacy_25k"", ""two_years_2022"", ""maximum"", 3600]"
legacy_25k,two_years_2022,maximum,3700,28800.0,2022-07-01T05:03:40,2024-06-28T22:45:20,3845,65086.55,47469.23,112555.78,72094.55,82344.95,36,20,37,76,39,2508.0,4500.0,7008.0,9600.0,122155.78,0,0,0,21.0,0,8,0,1333.64,,0,2024-04-19T09:30:00,3,16,16,0,0.1875,22.06,74.34,526.37,0,5.79,9.6,11,11,8,0,0,0,0,728.7373,6987.594,9.5886,7587.15,23595.46,23688.08,2460.77,24166.21,2520.3,697.9481,1030.3036,2955.8162,5.9236,0.0,683.1565,528.5676,1429.0762,4.3137,0.0,0,0,,,,,"[""legacy_25k"", ""two_years_2022"", ""maximum"", 3700]"
legacy_25k,two_years_2022,maximum,3800,28900.0,2022-07-01T05:03:40,2024-06-28T22:45:20,3845,63210.8,48169.23,111380.03,70218.8,84220.7,36,20,37,76,39,2508.0,4500.0,7008.0,9600.0,120980.03,0,0,0,21.0,0,8,0,1333.64,,0,2024-04-19T09:30:00,3,16,16,0,0.1875,22.06,74.34,526.37,0,5.79,9.6,11,11,8,0,0,0,0,728.7373,6987.594,9.5886,7587.15,23934.52,24027.13,2496.13,24505.27,2555.66,697.9481,1041.3959,3012.1935,6.0124,0.0,683.1565,540.8082,1474.2643,4.4045,0.0,0,0,,,,,"[""legacy_25k"", ""two_years_2022"", ""maximum"", 3800]"
legacy_25k,two_years_2022,maximum,3900,29000.0,2022-07-01T05:03:40,2024-06-28T22:45:20,3845,61721.7,48869.23,110590.93,68729.7,85709.8,36,20,37,76,39,2508.0,4500.0,7008.0,9600.0,120190.93,0,0,0,21.0,0,8,0,1333.64,,0,2024-04-19T09:30:00,3,16,16,0,0.1875,22.06,74.34,526.37,0,5.79,9.6,11,11,8,0,0,0,0,728.7373,6987.594,9.5886,7587.15,24102.42,24195.04,2513.65,24673.17,2573.17,697.9481,1050.1185,3011.5259,5.8291,0.0,683.1565,546.8382,1462.0701,4.2172,0.0,0,0,,,,,"[""legacy_25k"", ""two_years_2022"", ""maximum"", 3900]"
legacy_25k,two_years_2022,maximum,4000,29100.0,2022-07-01T05:03:40,2024-06-28T22:45:20,3845,60021.7,49569.23,109590.93,67029.7,87409.8,36,20,37,76,39,2508.0,4500.0,7008.0,9600.0,119190.93,0,0,0,21.0,0,8,0,1333.64,,0,2024-04-19T09:30:00,3,16,16,0,0.1875,22.06,74.34,526.37,0,5.79,9.6,11,11,8,0,0,0,0,728.7373,6987.594,9.5886,7587.15,24583.79,24676.4,2563.85,25154.54,2623.37,697.9481,1088.6612,3154.385,6.1314,0.0,683.1565,595.0937,1602.286,4.5261,0.0,0,0,,,,,"[""legacy_25k"", ""two_years_2022"", ""maximum"", 4000]"
legacy_25k,two_years_2022,maximum,4100,29200.0,2022-07-01T05:03:40,2024-06-28T22:45:20,3845,58286.55,50269.23,108555.78,65294.55,89144.95,36,20,37,76,39,2508.0,4500.0,7008.0,9600.0,118155.78,0,0,0,21.0,0,8,0,1333.64,,0,2024-04-19T09:30:00,3,16,16,0,0.1875,22.06,74.34,526.37,0,5.79,9.6,11,11,8,0,0,0,0,728.7373,6987.594,9.5886,7587.15,25047.22,25139.84,2612.18,25617.97,2671.7,697.9481,1117.1091,3236.5645,6.4208,0.0,683.1565,629.1403,1686.2132,4.8217,0.0,0,0,,,,,"[""legacy_25k"", ""two_years_2022"", ""maximum"", 4100]"
legacy_25k,two_years_2022,maximum,4200,29300.0,2022-07-01T05:03:40,2024-06-28T22:45:20,3845,56699.2,49469.23,106168.43,63707.2,90732.3,36,20,37,76,39,2508.0,4500.0,7008.0,9600.0,115768.43,0,0,0,21.0,0,8,0,1333.64,,0,2024-04-19T09:30:00,3,16,16,0,0.1875,22.06,74.34,526.37,0,5.79,9.6,11,11,8,0,0,0,0,728.7373,6987.594,9.5886,7587.15,25269.95,25362.56,2635.41,25840.7,2694.93,697.9481,1153.3931,3331.5841,5.8949,0.0,683.1565,674.3509,1783.2902,4.2844,0.0,0,0,,,,,"[""legacy_25k"", ""two_years_2022"", ""maximum"", 4200]"
legacy_25k,two_years_2022,maximum,4300,29400.0,2022-07-01T05:03:40,2024-06-28T22:45:20,3845,56323.25,41169.23,97492.48,63331.25,91108.25,36,20,37,76,39,2508.0,4500.0,7008.0,9600.0,107092.48,0,0,0,21.0,0,8,0,1333.64,,0,2024-04-19T09:30:00,3,16,16,0,0.1875,22.06,74.34,526.37,0,5.79,9.6,11,11,8,0,0,0,0,728.7373,6987.594,9.5886,7587.15,25995.39,26088.0,2711.06,26566.14,2770.59,697.9481,1207.1403,3563.844,6.4752,0.0,683.1565,744.1324,2020.579,4.8772,0.0,0,0,,,,,"[""legacy_25k"", ""two_years_2022"", ""maximum"", 4300]"
legacy_25k,two_years_2022,maximum,4400,29500.0,2022-07-01T05:03:40,2024-06-28T22:45:20,3845,53271.25,49369.23,102640.48,60279.25,94160.25,36,20,37,76,39,2508.0,4500.0,7008.0,9600.0,112240.48,0,0,0,21.0,0,8,0,1333.64,,0,2024-04-19T09:30:00,3,16,16,0,0.1875,22.06,74.34,526.37,0,5.79,9.6,11,11,8,0,0,0,0,728.7373,6987.594,9.5886,7587.15,26347.04,26439.65,2747.74,26917.79,2807.26,697.9481,1237.5755,3627.4987,6.5869,0.0,683.1565,780.4901,2085.612,4.9914,0.0,0,0,,,,,"[""legacy_25k"", ""two_years_2022"", ""maximum"", 4400]"
legacy_25k,two_years_2022,maximum,4500,29600.0,2022-07-01T05:03:40,2024-06-28T22:45:20,3845,51799.3,50069.23,101868.53,58807.3,95632.2,36,20,37,76,39,2508.0,4500.0,7008.0,9600.0,111468.53,0,0,0,21.0,0,8,0,1333.64,,0,2024-04-19T09:30:00,3,16,16,0,0.1875,22.06,74.34,526.37,0,5.79,9.6,11,11,8,0,0,0,0,728.7373,6987.594,9.5886,7587.15,26666.94,26759.55,2781.1,27237.69,2840.62,697.9481,1253.4317,3703.16,6.6628,0.0,683.1565,800.1803,2162.9115,5.0689,0.0,0,0,,,,,"[""legacy_25k"", ""two_years_2022"", ""maximum"", 4500]"
legacy_25k,two_years_2022,maximum,5000,30100.0,2022-07-01T05:03:40,2024-06-28T22:45:20,3845,43667.2,35539.56,79206.76,50675.2,103764.3,36,20,37,76,39,2508.0,4500.0,7008.0,9600.0,88806.76,0,0,0,21.0,0,8,0,1333.64,,0,2024-04-19T09:30:00,3,16,16,0,0.1875,22.06,74.34,526.37,0,5.79,9.6,11,11,8,0,0,0,0,728.7373,6987.594,9.5886,7587.15,27935.8,28028.41,2913.43,28506.55,2972.95,697.9481,1350.9697,4025.246,6.7889,0.0,683.1565,918.9225,2491.9713,5.1978,0.0,0,0,,,,,"[""legacy_25k"", ""two_years_2022"", ""maximum"", 5000]"
legacy_25k,two_years_2022,maximum,5700,30800.0,2022-07-01T05:03:40,2024-06-28T22:45:20,3845,31448.85,41129.67,72578.52,38456.85,115982.65,36,20,37,76,39,2508.0,4500.0,7008.0,9600.0,82178.52,0,0,0,21.0,0,8,0,1333.64,,0,2024-04-19T09:30:00,3,16,16,0,0.1875,22.06,74.34,526.37,0,5.79,9.6,11,11,8,0,0,0,0,728.7373,6987.594,9.5886,7587.15,29635.95,29728.57,3090.74,30206.7,3150.26,697.9481,1535.4144,4602.1796,6.8834,0.0,683.1565,1153.2681,3081.3965,5.2943,0.0,0,0,,,,,"[""legacy_25k"", ""two_years_2022"", ""maximum"", 5700]"
legacy_25k,two_years_2022,maximum,6000,31100.0,2022-07-01T05:03:40,2024-06-28T22:45:20,3845,26692.55,37019.78,63712.33,33700.55,120738.95,36,20,37,76,39,2508.0,4500.0,7008.0,9600.0,73312.33,0,0,0,21.0,0,8,0,1333.64,,0,2024-04-19T09:30:00,3,16,16,0,0.1875,22.06,74.34,526.37,0,5.79,9.6,11,11,8,0,0,0,0,728.7373,6987.594,9.5886,7587.15,30090.93,30183.55,3138.19,30661.68,3197.71,697.9481,1570.0846,4629.6135,6.5166,0.0,683.1565,1194.3008,3109.4244,4.9195,0.0,0,0,,,,,"[""legacy_25k"", ""two_years_2022"", ""maximum"", 6000]"
legacy_25k,two_years_2022,maximum,6100,31200.0,2022-07-01T05:03:40,2024-06-28T22:45:20,3845,25963.75,29719.78,55683.53,32971.75,121467.75,36,20,37,76,39,2508.0,4500.0,7008.0,9600.0,65283.53,0,0,0,21.0,0,8,0,1333.64,,0,2024-04-19T09:30:00,3,16,16,0,0.1875,22.06,74.34,526.37,0,5.79,9.6,11,11,8,0,0,0,0,728.7373,6987.594,9.5886,7587.15,30448.92,30541.53,3175.52,31019.67,3235.05,697.9481,1616.0105,4883.7328,6.942,0.0,683.1565,1251.7126,3369.0459,5.3542,0.0,0,0,,,,,"[""legacy_25k"", ""two_years_2022"", ""maximum"", 6100]"
legacy_25k,two_years_2022,maximum,6200,31300.0,2022-07-01T05:03:40,2024-06-28T22:45:20,3845,25332.45,26919.78,52252.23,32340.45,122099.05,36,20,37,76,39,2508.0,4500.0,7008.0,9600.0,61852.23,0,0,0,21.0,0,8,0,1333.64,,0,2024-04-19T09:30:00,3,16,16,0,0.1875,22.06,74.34,526.37,0,5.79,9.6,11,11,8,0,0,0,0,728.7373,6987.594,9.5886,7587.15,30798.95,30891.57,3212.03,31369.7,3271.55,697.9481,1653.9249,4936.5452,6.6383,0.0,683.1565,1297.661,3423.0018,5.0439,0.0,0,0,,,,,"[""legacy_25k"", ""two_years_2022"", ""maximum"", 6200]"
legacy_25k,two_years_2022,maximum,6300,31400.0,2022-07-01T05:03:40,2024-06-28T22:45:20,3845,24679.8,28619.78,53299.58,31687.8,122751.7,36,20,37,76,39,2508.0,4500.0,7008.0,9600.0,62899.58,0,0,0,21.0,0,8,0,1333.64,,0,2024-04-19T09:30:00,3,16,16,0,0.1875,22.06,74.34,526.37,0,5.79,9.6,11,11,8,0,0,0,0,728.7373,6987.594,9.5886,7587.15,30950.0,31042.62,3227.78,31520.75,3287.3,697.9481,1669.8914,4990.2836,6.6383,0.0,683.1565,1316.8628,3477.9038,5.0439,0.0,0,0,,,,,"[""legacy_25k"", ""two_years_2022"", ""maximum"", 6300]"
legacy_25k,two_years_2022,maximum,6400,31500.0,2022-07-01T05:03:40,2024-06-28T22:45:20,3845,23695.7,28819.78,52515.48,30703.7,123735.8,36,20,37,76,39,2508.0,4500.0,7008.0,9600.0,62115.48,0,0,0,21.0,0,8,0,1333.64,,0,2024-04-19T09:30:00,3,16,16,0,0.1875,22.06,74.34,526.37,0,5.79,9.6,11,11,8,0,0,0,0,728.7373,6987.594,9.5886,7587.15,30908.61,31001.23,3223.46,31479.36,3282.99,697.9481,1657.0,5013.8214,6.773,0.0,683.1565,1300.9933,3501.9512,5.1815,0.0,0,0,,,,,"[""legacy_25k"", ""two_years_2022"", ""maximum"", 6400]"
legacy_25k,two_years_2022,maximum,6500,31600.0,2022-07-01T05:03:40,2024-06-28T22:45:20,3845,19881.6,36519.78,56401.38,26889.6,127549.9,36,20,37,76,39,2508.0,4500.0,7008.0,9600.0,66001.38,0,0,0,21.0,0,8,0,1333.64,,0,2024-04-19T09:30:00,3,16,16,0,0.1875,22.06,74.34,526.37,0,5.79,9.6,11,11,8,0,0,0,0,728.7373,6987.594,9.5886,7587.15,31179.3,31271.91,3251.69,31750.05,3311.22,697.9481,1679.8767,5088.4028,6.9692,0.0,683.1565,1328.4877,3578.1475,5.3819,0.0,0,0,,,,,"[""legacy_25k"", ""two_years_2022"", ""maximum"", 6500]"
legacy_25k,two_years_2022,maximum,6600,31700.0,2022-07-01T05:03:40,2024-06-28T22:45:20,3845,18033.05,39719.78,57752.83,25041.05,129398.45,36,20,37,76,39,2508.0,4500.0,7008.0,9600.0,67352.83,0,0,0,21.0,0,8,0,1333.64,,0,2024-04-19T09:30:00,3,16,16,0,0.1875,22.06,74.34,526.37,0,5.79,9.6,11,11,8,0,0,0,0,728.7373,6987.594,9.5886,7587.15,31267.34,31359.96,3260.88,31838.09,3320.4,697.9481,1686.6778,5094.9069,6.9892,0.0,683.1565,1335.7086,3584.7924,5.4024,0.0,0,0,,,,,"[""legacy_25k"", ""two_years_2022"", ""maximum"", 6600]"
legacy_25k,two_years_2022,maximum,6700,31800.0,2022-07-01T05:03:40,2024-06-28T22:45:20,3845,17438.5,39919.78,57358.28,24446.5,129993.0,36,20,37,76,39,2508.0,4500.0,7008.0,9600.0,66958.28,0,0,0,21.0,0,8,0,1333.64,,0,2024-04-19T09:30:00,3,16,16,0,0.1875,22.06,74.34,526.37,0,5.79,9.6,11,11,8,0,0,0,0,728.7373,6987.594,9.5886,7587.15,31406.74,31499.35,3275.41,31977.49,3334.94,697.9481,1703.0405,5149.5653,7.0394,0.0,683.1565,1355.3622,3640.6342,5.4537,0.0,0,0,,,,,"[""legacy_25k"", ""two_years_2022"", ""maximum"", 6700]"
legacy_25k,two_years_2022,maximum,6800,31900.0,2022-07-01T05:03:40,2024-06-28T22:45:20,3845,16738.5,40119.78,56858.28,23746.5,130693.0,36,20,37,76,39,2508.0,4500.0,7008.0,9600.0,66458.28,0,0,0,21.0,0,8,0,1333.64,,0,2024-04-19T09:30:00,3,16,16,0,0.1875,22.06,74.34,526.37,0,5.79,9.6,11,11,8,0,0,0,0,728.7373,6987.594,9.5886,7587.15,31548.3,31640.92,3290.18,32119.06,3349.7,697.9481,1719.4742,5223.5957,7.0394,0.0,683.1565,1375.2628,3716.2675,5.4537,0.0,0,0,,,,,"[""legacy_25k"", ""two_years_2022"", ""maximum"", 6800]"
legacy_25k,two_years_2022,maximum,6900,32000.0,2022-07-01T05:03:40,2024-06-28T22:45:20,3845,16003.35,40319.78,56323.13,23011.35,131428.15,36,20,37,76,39,2508.0,4500.0,7008.0,9600.0,65923.13,0,0,0,21.0,0,8,0,1333.64,,0,2024-04-19T09:30:00,3,16,16,0,0.1875,22.06,74.34,526.37,0,5.79,9.6,11,11,8,0,0,0,0,728.7373,6987.594,9.5886,7587.15,31783.93,31876.55,3314.75,32354.68,3374.28,697.9481,1756.0188,5389.3584,6.9964,0.0,683.1565,1420.2376,3885.6193,5.4097,0.0,0,0,,,,,"[""legacy_25k"", ""two_years_2022"", ""maximum"", 6900]"
legacy_25k,two_years_2022,maximum,7000,32100.0,2022-07-01T05:03:40,2024-06-28T22:45:20,3845,15573.75,39019.78,54593.53,22581.75,131857.75,36,20,37,76,39,2508.0,4500.0,7008.0,9600.0,64193.53,0,0,0,21.0,0,8,0,1333.64,,0,2024-04-19T09:30:00,3,16,16,0,0.1875,22.06,74.34,526.37,0,5.79,9.6,11,11,8,0,0,0,0,728.7373,6987.594,9.5886,7587.15,31766.46,31859.07,3312.93,32337.21,3372.45,697.9481,1741.1758,5289.1455,6.6941,0.0,683.1565,1401.3877,3783.2367,5.1009,0.0,0,0,,,,,"[""legacy_25k"", ""two_years_2022"", ""maximum"", 7000]"
legacy_25k,two_years_2022,maximum,7100,32200.0,2022-07-01T05:03:40,2024-06-28T22:45:20,3845,14603.35,40719.78,55323.13,21611.35,132828.15,36,20,37,76,39,2508.0,4500.0,7008.0,9600.0,64923.13,0,0,0,21.0,0,8,0,1333.64,,0,2024-04-19T09:30:00,3,16,16,0,0.1875,22.06,74.34,526.37,0,5.79,9.6,11,11,8,0,0,0,0,728.7373,6987.594,9.5886,7587.15,32010.31,32102.92,3338.36,32581.06,3397.88,697.9481,1776.3675,5458.0613,7.0909,0.0,683.1565,1444.2654,3955.8098,5.5063,0.0,0,0,,,,,"[""legacy_25k"", ""two_years_2022"", ""maximum"", 7100]"
legacy_25k,two_years_2022,maximum,7200,32300.0,2022-07-01T05:03:40,2024-06-28T22:45:20,3845,14276.45,36419.78,50696.23,21284.45,133155.05,36,20,37,76,39,2508.0,4500.0,7008.0,9600.0,60296.23,0,0,0,21.0,0,8,0,1333.64,,0,2024-04-19T09:30:00,3,16,16,0,0.1875,22.06,74.34,526.37,0,5.79,9.6,11,11,8,0,0,0,0,728.7373,6987.594,9.5886,7587.15,32088.17,32180.79,3346.48,32658.92,3406.0,697.9481,1786.2744,5482.6531,7.0752,0.0,683.1565,1456.1218,3980.934,5.4902,0.0,0,0,,,,,"[""legacy_25k"", ""two_years_2022"", ""maximum"", 7200]"
legacy_25k,two_years_2022,maximum,7300,32400.0,2022-07-01T05:03:40,2024-06-28T22:45:20,3845,13576.45,36619.78,50196.23,20584.45,133855.05,36,20,37,76,39,2508.0,4500.0,7008.0,9600.0,59796.23,0,0,0,21.0,0,8,0,1333.64,,0,2024-04-19T09:30:00,3,16,16,0,0.1875,22.06,74.34,526.37,0,5.79,9.6,11,11,8,0,0,0,0,728.7373,6987.594,9.5886,7587.15,32194.3,32286.92,3357.55,32765.05,3417.07,697.9481,1799.0141,5530.0177,6.9964,0.0,683.1565,1471.2821,4029.3242,5.4097,0.0,0,0,,,,,"[""legacy_25k"", ""two_years_2022"", ""maximum"", 7300]"
legacy_25k,two_years_2022,maximum,7400,32500.0,2022-07-01T05:03:40,2024-06-28T22:45:20,3845,12876.45,36819.78,49696.23,19884.45,134555.05,36,20,37,76,39,2508.0,4500.0,7008.0,9600.0,59296.23,0,0,0,21.0,0,8,0,1333.64,,0,2024-04-19T09:30:00,3,16,16,0,0.1875,22.06,74.34,526.37,0,5.79,9.6,11,11,8,0,0,0,0,728.7373,6987.594,9.5886,7587.15,32299.36,32391.98,3368.51,32870.11,3428.03,697.9481,1812.0032,5572.8427,6.9964,0.0,683.1565,1486.5482,4073.0764,5.4097,0.0,0,0,,,,,"[""legacy_25k"", ""two_years_2022"", ""maximum"", 7400]"
legacy_25k,two_years_2022,maximum,7500,32600.0,2022-07-01T05:03:40,2024-06-28T22:45:20,3845,12509.1,37019.78,49528.88,19517.1,134922.4,36,20,37,76,39,2508.0,4500.0,7008.0,9600.0,59128.88,0,0,0,21.0,0,8,0,1333.64,,0,2024-04-19T09:30:00,3,16,16,0,0.1875,22.06,74.34,526.37,0,5.79,9.6,11,11,8,0,0,0,0,728.7373,6987.594,9.5886,7587.15,32602.64,32695.25,3400.13,33173.39,3459.66,697.9481,1855.9769,5763.0572,7.1109,0.0,683.1565,1540.1396,4267.4094,5.5268,0.0,0,0,,,,,"[""legacy_25k"", ""two_years_2022"", ""maximum"", 7500]"
legacy_25k,two_years_2022,maximum,8000,33100.0,2022-07-01T05:03:40,2024-06-28T22:45:20,3845,8528.15,41019.78,49547.93,15536.15,138903.35,36,20,37,76,39,2508.0,4500.0,7008.0,9600.0,59147.93,0,0,0,21.0,0,8,0,1333.64,,0,2024-04-19T09:30:00,3,16,16,0,0.1875,22.06,74.34,526.37,0,5.79,9.6,11,11,8,0,0,0,0,728.7373,6987.594,9.5886,7587.15,32865.18,32957.79,3427.51,33435.93,3487.04,697.9481,1880.8236,5883.3022,7.1109,0.0,683.1565,1569.3333,4390.2579,5.5268,0.0,0,0,,,,,"[""legacy_25k"", ""two_years_2022"", ""maximum"", 8000]"
legacy_25k,two_years_2022,maximum,9000,34100.0,2022-07-01T05:03:40,2024-06-28T22:45:20,3845,2723.5,35009.89,37733.39,9731.5,144708.0,36,20,37,76,39,2508.0,4500.0,7008.0,9600.0,47333.39,0,0,0,21.0,0,8,0,1333.64,,0,2024-04-19T09:30:00,3,16,16,0,0.1875,22.06,74.34,526.37,0,5.79,9.6,11,11,8,0,0,0,0,728.7373,6987.594,9.5886,7587.15,33628.16,33720.77,3507.09,34198.91,3566.61,697.9481,1984.5625,6403.9672,7.1467,0.0,683.1565,1692.7648,4922.1964,5.5633,0.0,0,0,,,,,"[""legacy_25k"", ""two_years_2022"", ""maximum"", 9000]"
legacy_25k,two_years_2022,maximum,10000,35100.0,2022-07-01T05:03:40,2024-06-28T22:45:20,3845,-528.9,37509.89,36980.99,6479.1,147960.4,36,20,37,76,39,2508.0,4500.0,7008.0,9600.0,46580.99,0,0,0,21.0,0,8,0,1333.64,,0,2024-04-19T09:30:00,3,16,16,0,0.1875,22.06,74.34,526.37,0,5.79,9.6,11,11,8,0,0,0,0,728.7373,6987.594,9.5886,7587.15,33934.08,34026.7,3538.99,34504.83,3598.51,697.9481,2015.8903,6574.788,7.1467,0.0,683.1565,1728.2853,5096.7158,5.5633,0.0,0,0,,,,,"[""legacy_25k"", ""two_years_2022"", ""maximum"", 10000]"
legacy_25k,two_years_2024,minimum,0,25100.0,2024-07-01T01:00:20,2026-06-30T23:30:00,3967,21021.0,0,21021.0,31000.0,19085.9,50,6,60,113,53,3729.0,6250.0,9979.0,9600.0,30621.0,0,0,0,22.5,0,27,0,165.96,,0,2026-06-24T21:49:40,5,44,40,4,0.0682,21.28,59.44,1095.32,81.28,16.96,5.21,7,7,9,0,0,0,0,729.9373,3791.4699,5.1942,10807.28,17199.48,17346.46,3311.26,17636.02,3395.3,641.8796,1743.3566,4343.3507,3.7363,0.0322,596.2338,1201.0226,2730.1498,3.0247,0.084,2,0,2,1,1018.55,1018.55,"[""legacy_25k"", ""two_years_2024"", ""minimum"", 0]"
legacy_25k,two_years_2024,minimum,1000,26100.0,2024-07-01T01:00:20,2026-06-30T23:30:00,3967,21021.0,0,21021.0,31000.0,19085.9,50,6,60,113,53,3729.0,6250.0,9979.0,9600.0,30621.0,0,0,0,22.5,0,27,0,165.96,,0,2026-06-24T21:49:40,5,44,40,4,0.0682,21.28,59.44,1095.32,81.28,16.96,5.21,7,7,9,0,0,0,0,729.9373,3791.4699,5.1942,10807.28,17199.48,17346.46,3311.26,17636.02,3395.3,641.8796,1743.3566,4343.3507,3.7363,0.0322,596.2338,1201.0226,2730.1498,3.0247,0.084,2,0,2,1,1018.55,1018.55,"[""legacy_25k"", ""two_years_2024"", ""minimum"", 1000]"
legacy_25k,two_years_2024,minimum,2000,27100.0,2024-07-01T01:00:20,2026-06-30T23:30:00,3967,21903.0,0,21903.0,31500.0,20438.35,48,6,58,109,51,3597.0,6000.0,9597.0,9600.0,31503.0,0,0,0,22.5,0,25,0,165.96,,0,2026-06-24T21:49:40,5,42,38,4,0.0952,19.06,73.44,1016.26,81.42,16.96,5.32,7,7,9,0,0,0,0,729.9373,3870.5317,5.3026,10728.21,17550.9,17692.91,3309.9,17976.49,3390.16,641.8796,1727.5312,4376.2807,3.7867,0.0324,596.2338,1190.3956,2750.3373,3.0634,0.0761,2,0,2,1,1018.55,1018.55,"[""legacy_25k"", ""two_years_2024"", ""minimum"", 2000]"
legacy_25k,two_years_2024,minimum,3000,28100.0,2024-07-01T01:00:20,2026-06-30T23:30:00,3967,15660.0,0,15660.0,25000.0,21711.85,47,7,56,105,49,3465.0,5875.0,9340.0,9600.0,25260.0,0,0,0,19.0,0,24,0,165.96,,0,2026-06-24T21:49:40,4,40,37,3,0.1,25.94,51.02,1098.06,81.42,16.96,5.44,6,6,9,0,0,0,0,729.9373,3959.7294,5.4248,10639.02,18523.56,18668.1,3414.64,18954.63,3494.1,641.9345,1708.7634,4402.5105,4.0157,0.0269,596.2887,1167.9927,2773.519,3.2801,0.0741,1,0,2,1,1018.55,1018.55,"[""legacy_25k"", ""two_years_2024"", ""minimum"", 3000]"
legacy_25k,two_years_2024,minimum,3100,28200.0,2024-07-01T01:00:20,2026-06-30T23:30:00,3967,15660.0,0,15660.0,25000.0,21711.85,47,7,56,105,49,3465.0,5875.0,9340.0,9600.0,25260.0,0,0,0,19.0,0,24,0,165.96,,0,2026-06-24T21:49:40,4,40,37,3,0.1,25.94,51.02,1098.06,81.42,16.96,5.44,6,6,9,0,0,0,0,729.9373,3959.7294,5.4248,10639.02,18539.32,18683.86,3417.54,18970.39,3497.0,641.9345,1712.3198,4415.7517,4.0157,0.0269,596.2887,1173.2787,2787.7739,3.2801,0.0741,1,0,2,1,1018.55,1018.55,"[""legacy_25k"", ""two_years_2024"", ""minimum"", 3100]"
legacy_25k,two_years_2024,minimum,3200,28300.0,2024-07-01T01:00:20,2026-06-30T23:30:00,3967,15660.0,0,15660.0,25000.0,21711.85,47,7,56,105,49,3465.0,5875.0,9340.0,9600.0,25260.0,0,0,0,19.0,0,24,0,165.96,,0,2026-06-24T21:49:40,4,40,37,3,0.1,25.94,51.02,1098.06,81.42,16.96,5.44,6,6,9,0,0,0,0,729.9373,3959.7294,5.4248,10639.02,18539.32,18683.86,3417.54,18970.39,3497.0,641.9345,1712.3198,4415.7517,4.0157,0.0269,596.2887,1173.2787,2787.7739,3.2801,0.0741,1,0,2,1,1018.55,1018.55,"[""legacy_25k"", ""two_years_2024"", ""minimum"", 3200]"
legacy_25k,two_years_2024,minimum,3300,28400.0,2024-07-01T01:00:20,2026-06-30T23:30:00,3967,14160.0,0,14160.0,23500.0,21711.85,47,7,56,105,49,3465.0,5875.0,9340.0,9600.0,23760.0,0,0,0,19.0,0,24,0,165.96,,0,2026-06-24T21:49:40,3,40,37,3,0.1,25.94,50.42,1094.34,81.42,16.96,5.45,6,6,9,0,0,0,0,729.9373,3963.4544,5.4299,10635.29,18587.04,18731.57,3423.12,19017.6,3502.41,641.9345,1710.8247,4421.3296,4.0176,0.0269,596.2887,1170.409,2795.6967,3.2822,0.0741,1,0,2,1,1018.55,1018.55,"[""legacy_25k"", ""two_years_2024"", ""minimum"", 3300]"
legacy_25k,two_years_2024,minimum,3400,28500.0,2024-07-01T01:00:20,2026-06-30T23:30:00,3967,18903.0,0,18903.0,28500.0,21711.85,48,7,58,109,51,3597.0,6000.0,9597.0,9600.0,28503.0,0,0,0,22.5,0,26,1,375.78,,0,2026-06-24T21:49:40,3,41,37,4,0.0976,20.37,73.44,1013.8,81.28,16.96,5.95,7,7,9,0,0,0,0,729.9373,4326.9692,5.9279,10271.78,20417.8,20557.51,3444.38,20766.52,3503.2,641.9792,1696.121,4624.9837,4.58,0.0241,598.5417,1229.4609,3167.4217,3.8827,0.0703,1,0,2,1,1018.55,1018.55,"[""legacy_25k"", ""two_years_2024"", ""minimum"", 3400]"
legacy_25k,two_years_2024,minimum,3500,28600.0,2024-07-01T01:00:20,2026-06-30T23:30:00,3967,18903.0,0,18903.0,28500.0,21711.85,48,7,58,109,51,3597.0,6000.0,9597.0,9600.0,28503.0,0,0,0,22.5,0,26,1,375.78,,0,2026-06-24T21:49:40,3,41,37,4,0.0976,20.37,73.44,1013.8,81.28,16.96,5.95,7,7,9,0,0,0,0,729.9373,4326.9692,5.9279,10271.78,20573.29,20713.0,3470.61,20922.01,3529.44,641.9792,1726.759,4704.9153,4.58,0.0241,598.5417,1240.1717,3184.52,3.8827,0.0703,1,0,2,1,1018.55,1018.55,"[""legacy_25k"", ""two_years_2024"", ""minimum"", 3500]"
legacy_25k,two_years_2024,minimum,3600,28700.0,2024-07-01T01:00:20,2026-06-30T23:30:00,3967,17403.0,0,17403.0,27000.0,21711.85,48,7,58,109,51,3597.0,6000.0,9597.0,9600.0,27003.0,0,0,0,22.5,0,26,1,375.78,,0,2026-06-24T21:49:40,3,41,37,4,0.0976,20.37,73.44,1008.71,81.28,16.96,5.96,7,7,9,0,0,0,0,729.9373,4332.0637,5.9348,10266.68,20704.94,20844.65,3488.71,21052.96,3547.35,641.9792,1730.9993,4711.469,4.584,0.0202,598.5417,1235.0801,3161.0198,3.887,0.0661,1,0,2,1,1018.55,1018.55,"[""legacy_25k"", ""two_years_2024"", ""minimum"", 3600]"
legacy_25k,two_years_2024,minimum,3700,28800.0,2024-07-01T01:00:20,2026-06-30T23:30:00,3967,17403.0,0,17403.0,27000.0,21711.85,48,7,58,109,51,3597.0,6000.0,9597.0,9600.0,27003.0,0,0,0,22.5,0,26,1,375.78,,0,2026-06-24T21:49:40,3,41,37,4,0.0976,20.37,73.44,1008.71,81.28,16.96,5.96,7,7,9,0,0,0,0,729.9373,4332.0637,5.9348,10266.68,20724.8,20864.51,3492.06,21072.83,3550.7,641.9792,1730.7785,4711.469,4.584,0.0202,598.5417,1233.462,3159.3084,3.887,0.0661,1,0,2,1,1018.55,1018.55,"[""legacy_25k"", ""two_years_2024"", ""minimum"", 3700]"
legacy_25k,two_years_2024,minimum,3800,28900.0,2024-07-01T01:00:20,2026-06-30T23:30:00,3967,20837.0,0,20837.0,30500.0,21711.85,48,7,59,111,52,3663.0,6000.0,9663.0,9600.0,30437.0,0,0,0,22.5,0,27,2,553.13,,0,2026-06-24T21:49:40,3,41,36,5,0.0976,18.58,77.64,1082.28,81.42,16.96,6.44,8,8,9,0,0,0,0,729.9373,4684.465,6.4176,9914.28,23813.89,23953.61,3710.7,24113.64,3757.41,641.9792,1758.7685,4887.0133,5.133,0.0202,599.0833,1262.3178,3336.2535,4.4726,0.066,1,0,2,1,1018.55,1018.55,"[""legacy_25k"", ""two_years_2024"", ""minimum"", 3800]"
legacy_25k,two_years_2024,minimum,3900,29000.0,2024-07-01T01:00:20,2026-06-30T23:30:00,3967,19837.0,0,19837.0,29500.0,21711.85,48,7,59,111,52,3663.0,6000.0,9663.0,9600.0,29437.0,0,0,0,22.5,0,27,2,562.36,,0,2026-06-24T21:49:40,3,41,36,5,0.0976,18.58,77.64,1073.0,81.42,16.96,6.45,8,8,9,0,0,0,0,729.9373,4693.7505,6.4303,9904.99,23991.42,24131.13,3730.97,24289.9,3777.38,641.9792,1765.8681,4925.5706,5.1474,0.0202,599.0833,1266.4261,3370.7977,4.4881,0.066,1,0,2,1,1018.55,1018.55,"[""legacy_25k"", ""two_years_2024"", ""minimum"", 3900]"
legacy_25k,two_years_2024,minimum,4000,29100.0,2024-07-01T01:00:20,2026-06-30T23:30:00,3967,19837.0,0,19837.0,29500.0,21711.85,48,7,59,111,52,3663.0,6000.0,9663.0,9600.0,29437.0,0,0,0,22.5,0,27,2,562.36,,0,2026-06-24T21:49:40,3,41,36,5,0.0976,18.58,77.64,1073.0,81.42,16.96,6.45,8,8,9,0,0,0,0,729.9373,4693.7505,6.4303,9904.99,24155.13,24294.84,3756.43,24453.61,3802.84,641.9792,1798.2117,5005.5023,5.1474,0.0202,599.0833,1280.2199,3386.2878,4.4881,0.066,1,0,2,1,1018.55,1018.55,"[""legacy_25k"", ""two_years_2024"", ""minimum"", 4000]"
legacy_25k,two_years_2024,minimum,4100,29200.0,2024-07-01T01:00:20,2026-06-30T23:30:00,3967,26917.0,0,26917.0,36000.0,19085.9,46,6,56,101,45,3333.0,5750.0,9083.0,9600.0,36517.0,0,0,0,22.5,1,32,4,838.41,,0,2026-06-24T21:49:40,4,40,30,10,0.175,24.3,91.64,1385.24,99.62,16.96,7.68,9,9,8,0,0,0,0,729.9373,5589.4299,7.6574,9009.32,31312.59,31434.61,4089.19,31462.19,4108.72,641.9792,1800.4571,5126.6634,6.1758,0.0181,599.0833,1375.6241,3764.5156,5.6555,0.0716,1,0,2,1,1018.55,1018.55,"[""legacy_25k"", ""two_years_2024"", ""minimum"", 4100]"
legacy_25k,two_years_2024,minimum,4200,29300.0,2024-07-01T01:00:20,2026-06-30T23:30:00,3967,25417.0,0,25417.0,34500.0,19085.9,46,6,56,101,45,3333.0,5750.0,9083.0,9600.0,35017.0,0,0,0,22.5,1,32,4,841.38,,0,2026-06-24T21:49:40,2,40,30,10,0.175,24.3,91.64,1379.96,98.28,16.96,7.68,9,9,8,0,0,0,0,729.9373,5594.7058,7.6646,9004.04,31459.04,31581.06,4104.44,31607.91,4123.86,641.9792,1794.2412,5112.3268,6.1817,0.0179,599.0833,1364.7857,3743.5652,5.6618,0.0713,1,0,2,1,1018.55,1018.55,"[""legacy_25k"", ""two_years_2024"", ""minimum"", 4200]"
legacy_25k,two_years_2024,minimum,4300,29400.0,2024-07-01T01:00:20,2026-06-30T23:30:00,3967,25417.0,0,25417.0,34500.0,19085.9,46,6,56,101,45,3333.0,5750.0,9083.0,9600.0,35017.0,0,0,0,22.5,1,32,4,841.38,,0,2026-06-24T21:49:40,2,40,30,10,0.175,24.3,91.64,1379.96,98.28,16.96,7.68,9,9,8,0,0,0,0,729.9373,5594.7058,7.6646,9004.04,31492.6,31614.62,4108.82,31641.48,4128.24,641.9792,1796.4605,5122.0093,6.1817,0.0179,599.0833,1365.7984,3752.7262,5.6618,0.0713,1,0,2,1,1018.55,1018.55,"[""legacy_25k"", ""two_years_2024"", ""minimum"", 4300]"
legacy_25k,two_years_2024,minimum,4400,29500.0,2024-07-01T01:00:20,2026-06-30T23:30:00,3967,24917.0,0,24917.0,34000.0,19085.9,46,6,56,101,45,3333.0,5750.0,9083.0,9600.0,34517.0,0,0,0,22.5,1,32,4,844.96,,0,2026-06-24T21:49:40,2,40,30,10,0.175,24.3,91.64,1376.38,98.28,16.96,7.69,9,9,8,0,0,0,0,729.9373,5598.285,7.6695,9000.46,31635.57,31757.59,4124.83,31783.96,4144.18,641.9792,1806.5267,5169.1648,6.1873,0.0179,599.0833,1375.6847,3802.3469,5.6678,0.0713,1,0,2,1,1018.55,1018.55,"[""legacy_25k"", ""two_years_2024"", ""minimum"", 4400]"
legacy_25k,two_years_2024,minimum,4500,29600.0,2024-07-01T01:00:20,2026-06-30T23:30:00,3967,28575.0,0,28575.0,37500.0,13643.4,45,5,55,100,45,3300.0,5625.0,8925.0,9600.0,38175.0,0,0,0,22.5,1,33,5,870.76,,0,2026-06-24T21:49:40,3,40,29,11,0.175,24.3,91.64,1469.97,99.62,16.96,7.56,9,9,7,0,0,0,0,729.9373,5504.6968,7.5413,9094.05,31210.23,31332.25,4138.56,31369.96,4159.74,630.5146,1802.1448,5296.9093,6.8437,0.0,556.3407,1422.9052,4125.0872,6.6634,0.0,1,0,1,1,1018.55,1018.55,"[""legacy_25k"", ""two_years_2024"", ""minimum"", 4500]"
legacy_25k,two_years_2024,minimum,5000,30100.0,2024-07-01T01:00:20,2026-06-30T23:30:00,3967,29575.0,0,29575.0,38500.0,13643.4,45,5,55,100,45,3300.0,5625.0,8925.0,9600.0,39175.0,0,0,0,22.5,1,33,5,865.17,,0,2026-06-24T21:49:40,4,40,29,11,0.175,24.3,94.16,1475.56,102.14,16.96,7.55,9,9,7,0,0,0,0,729.9373,5499.1106,7.5337,9099.63,31031.89,31153.91,4119.09,31192.38,4140.39,630.5146,1801.3335,5431.4592,6.8412,0.0,556.3407,1416.8327,4276.7708,6.6605,0.0,1,0,1,1,1018.55,1018.55,"[""legacy_25k"", ""two_years_2024"", ""minimum"", 5000]"
legacy_25k,two_years_2024,minimum,5700,30800.0,2024-07-01T01:00:20,2026-06-30T23:30:00,3967,26075.0,0,26075.0,35000.0,14143.4,45,5,55,100,45,3300.0,5625.0,8925.0,9600.0,35675.0,0,0,0,22.5,1,33,5,875.25,,0,2026-06-24T21:49:40,4,40,29,11,0.175,24.3,91.64,1462.8,99.62,16.96,7.57,9,9,7,0,0,0,0,729.9373,5511.8634,7.5511,9086.88,31522.03,31644.05,4174.47,31680.78,4195.49,630.5146,1854.2936,5588.3878,6.8553,0.0,556.3407,1480.2831,4454.6219,6.6765,0.0,1,0,1,1,1018.55,1018.55,"[""legacy_25k"", ""two_years_2024"", ""minimum"", 5700]"
legacy_25k,two_years_2024,minimum,6000,31100.0,2024-07-01T01:00:20,2026-06-30T23:30:00,3967,25075.0,0,25075.0,34000.0,14143.4,45,5,55,100,45,3300.0,5625.0,8925.0,9600.0,34675.0,0,0,0,22.5,1,33,5,877.92,,0,2026-06-24T21:49:40,4,40,29,11,0.175,24.3,90.31,1460.13,98.28,16.96,7.57,9,9,7,0,0,0,0,729.9373,5514.5384,7.5548,9084.21,31998.07,32120.09,4235.46,32156.46,4256.42,630.5146,1893.3373,5671.5337,6.8595,0.0,556.3407,1523.5518,4548.8531,6.6813,0.0,1,0,1,1,1018.55,1018.55,"[""legacy_25k"", ""two_years_2024"", ""minimum"", 6000]"
legacy_25k,two_years_2024,minimum,6100,31200.0,2024-07-01T01:00:20,2026-06-30T23:30:00,3967,24075.0,0,24075.0,33000.0,14143.4,45,5,55,100,45,3300.0,5625.0,8925.0,9600.0,33675.0,0,0,0,22.5,1,33,5,880.89,,0,2026-06-24T21:49:40,4,40,29,11,0.175,24.3,90.31,1457.16,98.28,16.96,7.58,9,9,7,0,0,0,0,729.9373,5517.5065,7.5589,9081.24,32155.5,32277.52,4254.0,32313.48,4274.9,630.5146,1900.5046,5681.2226,6.8619,0.0,556.3407,1531.2126,4559.8338,6.684,0.0,1,0,1,1,1018.55,1018.55,"[""legacy_25k"", ""two_years_2024"", ""minimum"", 6100]"
legacy_25k,two_years_2024,minimum,6200,31300.0,2024-07-01T01:00:20,2026-06-30T23:30:00,3967,23075.0,0,23075.0,32000.0,14143.4,45,5,55,100,45,3300.0,5625.0,8925.0,9600.0,32675.0,0,0,0,22.5,1,33,5,880.89,,2,2026-06-24T21:49:40,3,40,29,11,0.175,24.3,90.16,1446.05,98.14,16.96,7.59,9,9,7,0,0,0,0,729.9373,5528.6181,7.5741,9070.13,32318.03,32440.05,4266.91,32474.48,4287.57,635.9238,1896.4209,5640.3006,6.8207,0.0,561.75,1529.9583,4524.3066,6.6392,0.0,1,0,3,2,148.2,1018.55,"[""legacy_25k"", ""two_years_2024"", ""minimum"", 6200]"
legacy_25k,two_years_2024,minimum,6300,31400.0,2024-07-01T01:00:20,2026-06-30T23:30:00,3967,23575.0,0,23575.0,32500.0,18259.45,45,6,55,100,45,3300.0,5625.0,8925.0,9600.0,33175.0,0,0,0,22.5,1,32,4,979.03,,2,2026-06-24T21:49:40,2,39,29,10,0.1795,24.3,90.16,1347.91,98.14,16.96,7.73,9,9,7,0,0,0,0,729.9373,5626.7565,7.7085,8971.99,32953.85,33075.87,4274.97,33096.86,4293.53,641.9792,1884.2632,5613.926,6.9187,0.0,599.0833,1466.1356,4314.2594,6.4516,0.0,1,0,4,3,148.2,1018.55,"[""legacy_25k"", ""two_years_2024"", ""minimum"", 6300]"
legacy_25k,two_years_2024,minimum,6400,31500.0,2024-07-01T01:00:20,2026-06-30T23:30:00,3967,23075.0,0,23075.0,32000.0,18259.45,45,6,55,100,45,3300.0,5625.0,8925.0,9600.0,32675.0,0,0,0,22.5,1,32,4,984.58,,3,2026-06-24T21:49:40,3,39,29,10,0.1795,24.3,90.16,1342.35,92.73,16.96,7.74,9,9,7,0,0,0,0,729.9373,5632.3123,7.7162,8966.43,33040.94,33162.96,4282.05,33183.19,4300.48,641.9792,1889.3015,5619.4885,6.9274,0.0,599.0833,1471.7315,4320.2201,6.4608,0.0,1,0,5,4,104.55,1018.55,"[""legacy_25k"", ""two_years_2024"", ""minimum"", 6400]"
legacy_25k,two_years_2024,minimum,6500,31600.0,2024-07-01T01:00:20,2026-06-30T23:30:00,3967,22575.0,0,22575.0,31500.0,18259.45,45,6,55,100,45,3300.0,5625.0,8925.0,9600.0,32175.0,0,0,0,22.5,1,32,4,990.14,,4,2026-06-24T21:49:40,4,39,29,10,0.1795,24.3,84.75,1336.8,92.73,16.96,7.74,9,9,7,0,0,0,0,729.9373,5637.8681,7.7238,8960.88,33369.4,33491.42,4320.35,33510.88,4338.67,641.9792,1915.4317,5698.2521,6.936,0.0,599.0833,1498.2909,4404.6234,6.4701,0.0,1,0,6,5,104.55,1018.55,"[""legacy_25k"", ""two_years_2024"", ""minimum"", 6500]"
legacy_25k,two_years_2024,minimum,6600,31700.0,2024-07-01T01:00:20,2026-06-30T23:30:00,3967,23575.0,0,23575.0,32500.0,26630.05,45,8,55,100,45,3300.0,5625.0,8925.0,9600.0,33175.0,0,0,0,22.5,1,30,2,1186.42,,4,2026-06-24T21:49:40,4,37,29,8,0.1892,24.3,84.75,1140.52,92.73,16.96,8.01,9,9,7,0,0,0,0,729.9373,5834.1449,7.9927,8764.6,34834.34,34956.36,4358.29,34948.93,4372.63,641.9792,1918.06,5698.3855,7.0889,0.0,599.0833,1499.9957,4404.7664,6.6339,0.0,1,0,8,6,104.55,1018.55,"[""legacy_25k"", ""two_years_2024"", ""minimum"", 6600]"
legacy_25k,two_years_2024,minimum,6700,31800.0,2024-07-01T01:00:20,2026-06-30T23:30:00,3967,23575.0,0,23575.0,32500.0,26630.05,45,8,55,100,45,3300.0,5625.0,8925.0,9600.0,33175.0,0,0,0,22.5,1,30,2,1186.42,,4,2026-06-24T21:49:40,4,37,29,8,0.1892,24.3,84.75,1140.52,92.73,16.96,8.01,9,9,7,0,0,0,0,729.9373,5834.1449,7.9927,8764.6,34915.85,35037.87,4368.49,35030.45,4382.82,641.9792,1923.1724,5701.8999,7.0889,0.0,599.0833,1505.5228,4408.5324,6.6339,0.0,1,0,8,6,104.55,1018.55,"[""legacy_25k"", ""two_years_2024"", ""minimum"", 6700]"
legacy_25k,two_years_2024,minimum,6800,31900.0,2024-07-01T01:00:20,2026-06-30T23:30:00,3967,23075.0,0,23075.0,32000.0,27130.05,45,8,55,100,45,3300.0,5625.0,8925.0,9600.0,32675.0,0,0,0,22.5,1,30,2,1186.42,,4,2026-06-24T21:49:40,4,37,29,8,0.1892,24.3,84.75,1140.52,92.73,16.96,8.01,9,9,7,0,0,0,0,729.9373,5834.1449,7.9927,8764.6,35056.26,35178.28,4386.05,35170.86,4400.39,641.9792,1934.7552,5701.7874,7.0889,0.0,599.0833,1514.3094,4404.7963,6.6339,0.0,1,0,8,6,104.55,1018.55,"[""legacy_25k"", ""two_years_2024"", ""minimum"", 6800]"
legacy_25k,two_years_2024,minimum,6900,32000.0,2024-07-01T01:00:20,2026-06-30T23:30:00,3967,23575.0,0,23575.0,32500.0,31658.55,45,9,55,100,45,3300.0,5625.0,8925.0,9600.0,33175.0,0,0,0,22.5,1,29,1,1279.15,,3,2026-06-24T21:49:40,3,36,29,7,0.1944,24.3,84.75,1047.79,81.42,16.96,8.14,9,9,7,0,0,0,0,729.9373,5926.8741,8.1197,8671.87,35741.17,35863.19,4401.78,35843.06,4414.33,641.9792,1934.8098,5701.2541,7.2333,0.0,599.0833,1515.3522,4404.2248,6.7887,0.0,1,0,8,6,136.45,1018.55,"[""legacy_25k"", ""two_years_2024"", ""minimum"", 6900]"
legacy_25k,two_years_2024,minimum,7000,32100.0,2024-07-01T01:00:20,2026-06-30T23:30:00,3967,24365.0,0,24365.0,33000.0,46363.25,44,12,53,95,42,3135.0,5500.0,8635.0,9600.0,33965.0,0,0,0,22.5,0,25,0,1545.83,,0,2026-06-24T21:49:40,2,32,28,4,0.2188,24.3,60.48,771.51,81.28,16.96,8.51,7,7,7,0,0,0,0,729.9373,6203.1521,8.4982,8395.59,37934.13,38054.95,4463.78,37994.14,4470.85,641.9792,1938.2375,5700.6371,7.5222,0.0,599.0833,1523.1721,4403.5636,7.0983,0.0,1,0,8,6,261.35,1018.55,"[""legacy_25k"", ""two_years_2024"", ""minimum"", 7000]"
legacy_25k,two_years_2024,minimum,7100,32200.0,2024-07-01T01:00:20,2026-06-30T23:30:00,3967,24365.0,0,24365.0,33000.0,46363.25,44,12,53,95,42,3135.0,5500.0,8635.0,9600.0,33965.0,0,0,0,22.5,0,25,0,1545.83,,0,2026-06-24T21:49:40,2,32,28,4,0.2188,24.3,60.48,771.51,81.28,16.96,8.51,7,7,7,0,0,0,0,729.9373,6203.1521,8.4982,8395.59,38354.71,38475.53,4513.28,38414.72,4520.34,641.9792,1958.9288,5699.134,7.5222,0.0,599.0833,1535.6493,4384.0346,7.0983,0.0,1,0,8,6,604.55,1018.55,"[""legacy_25k"", ""two_years_2024"", ""minimum"", 7100]"
legacy_25k,two_years_2024,minimum,7200,32300.0,2024-07-01T01:00:20,2026-06-30T23:30:00,3967,24365.0,0,24365.0,33000.0,46363.25,44,12,53,95,42,3135.0,5500.0,8635.0,9600.0,33965.0,0,0,0,22.5,0,25,0,1545.83,,0,2026-06-24T21:49:40,2,32,28,4,0.2188,24.3,60.48,771.51,81.28,16.96,8.51,7,7,7,0,0,0,0,729.9373,6203.1521,8.4982,8395.59,38421.84,38542.66,4521.17,38481.85,4528.24,641.9792,1963.4521,5702.4933,7.5222,0.0,599.0833,1540.6292,4387.6344,7.0983,0.0,1,0,8,6,604.55,1018.55,"[""legacy_25k"", ""two_years_2024"", ""minimum"", 7200]"
legacy_25k,two_years_2024,minimum,7300,32400.0,2024-07-01T01:00:20,2026-06-30T23:30:00,3967,22365.0,0,22365.0,31000.0,48363.25,44,12,53,95,42,3135.0,5500.0,8635.0,9600.0,31965.0,0,0,0,22.5,0,25,0,1545.83,,0,2026-06-24T21:49:40,2,32,28,4,0.2188,24.3,60.48,771.51,81.28,16.96,8.51,7,7,7,0,0,0,0,729.9373,6203.1521,8.4982,8395.59,38607.42,38728.24,4543.01,38667.43,4550.07,641.9792,1975.0621,5707.6605,7.5222,0.0,599.0833,1553.3997,4393.1715,7.0983,0.0,1,0,8,6,604.55,1018.55,"[""legacy_25k"", ""two_years_2024"", ""minimum"", 7300]"
legacy_25k,two_years_2024,minimum,7400,32500.0,2024-07-01T01:00:20,2026-06-30T23:30:00,3967,21865.0,0,21865.0,30500.0,48863.25,44,12,53,95,42,3135.0,5500.0,8635.0,9600.0,31465.0,0,0,0,22.5,0,25,0,1545.83,,0,2026-06-24T21:49:40,2,32,28,4,0.2188,24.3,60.48,771.51,81.28,16.96,8.51,7,7,7,0,0,0,0,729.9373,6203.1521,8.4982,8395.59,38838.93,38959.75,4570.25,38898.94,4577.32,641.9792,1991.3169,5756.9032,7.5222,0.0,599.0833,1571.3825,4444.2747,7.0983,0.0,1,0,8,6,636.45,1104.55,"[""legacy_25k"", ""two_years_2024"", ""minimum"", 7400]"
legacy_25k,two_years_2024,minimum,7500,32600.0,2024-07-01T01:00:20,2026-06-30T23:30:00,3967,20865.0,0,20865.0,29500.0,49863.25,44,12,53,95,42,3135.0,5500.0,8635.0,9600.0,30465.0,0,0,0,22.5,0,25,0,1545.83,,0,2026-06-24T21:49:40,2,32,28,4,0.2188,24.3,60.48,771.51,81.28,16.96,8.51,7,7,7,0,0,0,0,729.9373,6203.1521,8.4982,8395.59,39338.26,39459.08,4629.01,39398.27,4636.07,641.9792,2019.4487,5775.3311,7.5222,0.0,599.0833,1596.5568,4457.501,7.0983,0.0,1,0,8,6,761.35,1192.1,"[""legacy_25k"", ""two_years_2024"", ""minimum"", 7500]"
legacy_25k,two_years_2024,minimum,8000,33100.0,2024-07-01T01:00:20,2026-06-30T23:30:00,3967,17365.0,0,17365.0,26000.0,53363.25,44,12,53,95,42,3135.0,5500.0,8635.0,9600.0,26965.0,0,0,0,22.5,0,25,0,1545.83,,0,2026-06-24T21:49:40,2,32,28,4,0.2188,24.3,60.48,771.51,81.28,16.96,8.51,7,7,7,0,0,0,0,729.9373,6203.1521,8.4982,8395.59,40612.93,40733.75,4779.0,40672.94,4786.07,641.9792,2123.2717,6112.3878,7.5222,0.0,599.0833,1708.2821,4805.2635,7.0983,0.0,1,0,8,6,1018.55,1636.45,"[""legacy_25k"", ""two_years_2024"", ""minimum"", 8000]"
legacy_25k,two_years_2024,minimum,9000,34100.0,2024-07-01T01:00:20,2026-06-30T23:30:00,3967,9865.0,0,9865.0,18500.0,60863.25,44,12,53,95,42,3135.0,5500.0,8635.0,9600.0,19465.0,0,0,0,22.5,0,25,0,1545.83,,0,2026-06-24T21:49:40,2,32,28,4,0.2188,24.3,60.48,771.51,81.28,16.96,8.51,7,7,7,0,0,0,0,729.9373,6203.1521,8.4982,8395.59,43817.78,43938.6,5156.13,43877.79,5163.19,641.9792,2372.1622,6825.2821,7.5222,0.0,599.0833,1976.5206,5569.2027,7.0983,0.0,1,0,8,6,1018.55,2636.45,"[""legacy_25k"", ""two_years_2024"", ""minimum"", 9000]"
legacy_25k,two_years_2024,minimum,10000,35100.0,2024-07-01T01:00:20,2026-06-30T23:30:00,3967,2865.0,0,2865.0,11500.0,67863.25,44,12,53,95,42,3135.0,5500.0,8635.0,9600.0,12465.0,0,0,0,22.5,0,25,0,1545.83,,0,2026-06-24T21:49:40,2,32,28,4,0.2188,24.3,60.48,771.51,81.28,16.96,8.51,7,7,7,0,0,0,0,729.9373,6203.1521,8.4982,8395.59,45932.83,46053.65,5405.01,45992.84,5412.07,641.9792,2572.1772,7601.865,7.5222,0.0,599.0833,2201.1593,6401.3909,7.0983,0.0,1,0,8,6,1018.55,3604.55,"[""legacy_25k"", ""two_years_2024"", ""minimum"", 10000]"
legacy_25k,two_years_2024,maximum,0,25100.0,2024-07-01T01:00:20,2026-06-30T23:30:00,3967,27708.8,0,27708.8,39479.8,14936.4,58,6,65,137,72,4521.0,7250.0,11771.0,9600.0,37308.8,0,0,0,22.5,0,31,0,83.98,,0,2026-06-17T22:32:40,5,52,51,1,0.0577,39.37,61.96,1829.82,13.04,25.96,3.29,8,8,8,0,0,0,0,729.9373,2382.0352,3.2633,12216.71,6446.91,6637.32,1975.55,7350.96,2252.59,467.7449,1536.2038,3964.7085,3.557,0.0039,231.8181,1003.3232,2594.3702,3.3681,0.0,4,0,1,1,707.15,707.15,"[""legacy_25k"", ""two_years_2024"", ""maximum"", 0]"
legacy_25k,two_years_2024,maximum,1000,26100.0,2024-07-01T01:00:20,2026-06-30T23:30:00,3967,32046.95,0,32046.95,43105.95,19378.9,56,7,63,123,60,4059.0,7000.0,11059.0,9600.0,41646.95,0,0,0,22.5,0,29,0,166.96,,0,2026-06-17T22:32:40,6,49,48,1,0.0204,33.7,58.8,1627.08,13.04,29.96,3.89,8,8,8,0,0,0,0,729.9373,2826.7491,3.8726,11772.0,9734.79,9902.52,2513.77,10509.91,2713.92,610.8032,1332.7271,3185.1017,3.5849,0.003,565.2083,487.4302,1174.0645,2.7655,0.0,4,0,2,2,707.15,1018.55,"[""legacy_25k"", ""two_years_2024"", ""maximum"", 1000]"
legacy_25k,two_years_2024,maximum,2000,27100.0,2024-07-01T01:00:20,2026-06-30T23:30:00,3967,25140.55,0,25140.55,36489.55,17055.3,57,6,66,128,62,4224.0,7125.0,11349.0,9600.0,34740.55,0,0,0,22.5,0,31,0,166.96,,0,2026-06-17T22:32:40,6,51,49,2,0.0196,28.95,57.8,1602.19,29.1,28.96,3.93,9,9,8,0,0,0,0,729.9373,2851.6396,3.9067,11747.11,9908.68,10077.25,2536.34,10706.62,2740.58,614.6176,1314.3494,3161.6113,3.5625,0.003,569.0227,462.9874,1105.2294,2.7701,0.0,4,0,2,2,707.15,1018.55,"[""legacy_25k"", ""two_years_2024"", ""maximum"", 2000]"
legacy_25k,two_years_2024,maximum,3000,28100.0,2024-07-01T01:00:20,2026-06-30T23:30:00,3967,14419.05,0,14419.05,25188.05,17274.5,55,6,66,118,52,3894.0,6875.0,10769.0,9600.0,24019.05,0,0,0,22.5,0,29,0,166.96,,0,2026-06-24T21:49:40,6,49,45,4,0.0408,26.16,59.44,1468.22,81.28,19.96,4.61,7,7,8,0,0,0,0,729.9373,3347.5692,4.5861,11251.18,12037.07,12212.18,2624.68,12690.31,2767.12,637.8241,1459.9899,3773.2743,3.8334,0.0146,594.0741,785.6815,1935.4229,3.0498,0.0405,2,1,2,2,707.15,1018.55,"[""legacy_25k"", ""two_years_2024"", ""maximum"", 3000]"
legacy_25k,two_years_2024,maximum,3100,28200.0,2024-07-01T01:00:20,2026-06-30T23:30:00,3967,13419.05,0,13419.05,24188.05,17274.5,55,6,66,118,52,3894.0,6875.0,10769.0,9600.0,23019.05,0,0,0,22.5,0,29,0,166.96,,0,2026-06-24T21:49:40,6,49,45,4,0.0408,26.16,59.44,1467.46,81.28,19.96,4.61,7,7,8,0,0,0,0,729.9373,3348.3338,4.5872,11250.41,12109.33,12284.44,2639.84,12762.47,2782.22,637.8241,1469.416,3798.2085,3.8337,0.0145,594.0741,790.2068,1946.3445,3.0502,0.0404,2,1,2,2,707.15,1018.55,"[""legacy_25k"", ""two_years_2024"", ""maximum"", 3100]"
legacy_25k,two_years_2024,maximum,3200,28300.0,2024-07-01T01:00:20,2026-06-30T23:30:00,3967,28939.6,0,28939.6,38345.6,17711.85,47,7,55,107,52,3531.0,5875.0,9406.0,9600.0,38539.6,0,0,0,22.5,0,23,0,165.96,,0,2026-06-24T21:49:40,7,40,37,3,0.1,15.05,62.02,971.39,81.42,16.96,5.38,6,6,9,0,0,0,0,729.9373,3915.4,5.364,10683.35,16862.64,17003.66,3143.66,17264.61,3218.59,641.8241,1575.3536,4094.1129,3.7503,0.0504,596.1782,1032.8063,2488.333,3.0129,0.1018,2,1,2,1,1018.55,1018.55,"[""legacy_25k"", ""two_years_2024"", ""maximum"", 3200]"
legacy_25k,two_years_2024,maximum,3300,28400.0,2024-07-01T01:00:20,2026-06-30T23:30:00,3967,26415.35,0,26415.35,35821.35,17711.85,47,7,55,107,52,3531.0,5875.0,9406.0,9600.0,36015.35,0,0,0,22.5,0,23,0,165.96,,0,2026-06-24T21:49:40,7,40,37,3,0.1,15.05,61.42,967.62,81.42,16.96,5.39,6,6,9,0,0,0,0,729.9373,3919.1725,5.3692,10679.57,17010.28,17151.3,3168.13,17411.73,3242.9,641.8241,1584.2778,4124.869,3.784,0.0495,596.1782,1037.3273,2510.954,3.0491,0.0997,2,1,2,1,1018.55,1018.55,"[""legacy_25k"", ""two_years_2024"", ""maximum"", 3300]"
legacy_25k,two_years_2024,maximum,3400,28500.0,2024-07-01T01:00:20,2026-06-30T23:30:00,3967,26064.8,0,26064.8,35404.8,17711.85,47,7,56,105,49,3465.0,5875.0,9340.0,9600.0,35664.8,0,0,0,19.0,0,24,0,165.96,,0,2026-06-24T21:49:40,8,40,37,3,0.1,25.94,61.42,1128.69,81.42,16.96,5.4,6,6,9,0,0,0,0,729.9373,3929.0977,5.3828,10669.65,17071.59,17216.13,3171.51,17506.86,3252.38,641.8241,1595.5462,4161.3055,3.7876,0.0495,596.1782,1039.6586,2494.0894,3.0381,0.0997,2,1,2,1,1018.55,1018.55,"[""legacy_25k"", ""two_years_2024"", ""maximum"", 3400]"
legacy_25k,two_years_2024,maximum,3500,28600.0,2024-07-01T01:00:20,2026-06-30T23:30:00,3967,25264.8,0,25264.8,34604.8,17711.85,47,7,56,105,49,3465.0,5875.0,9340.0,9600.0,34864.8,0,0,0,19.0,0,24,0,165.96,,0,2026-06-24T21:49:40,6,40,37,3,0.1,25.94,61.42,1128.58,81.42,16.96,5.4,6,6,9,0,0,0,0,729.9373,3929.2088,5.3829,10669.54,17170.78,17315.32,3189.85,17606.03,3270.71,641.8796,1604.2721,4185.5694,3.7873,0.0496,596.2338,1043.372,2507.0568,3.0379,0.0998,2,0,2,1,1018.55,1018.55,"[""legacy_25k"", ""two_years_2024"", ""maximum"", 3500]"
legacy_25k,two_years_2024,maximum,3600,28700.0,2024-07-01T01:00:20,2026-06-30T23:30:00,3967,24549.2,0,24549.2,33889.2,17711.85,47,7,56,105,49,3465.0,5875.0,9340.0,9600.0,34149.2,0,0,0,19.0,0,24,0,165.96,,0,2026-06-24T21:49:40,7,40,37,3,0.1,25.94,61.42,1127.93,81.42,16.96,5.4,6,6,9,0,0,0,0,729.9373,3929.8625,5.3838,10668.88,17242.17,17386.71,3202.58,17677.33,3283.41,641.8241,1595.0949,4176.5548,3.8969,0.0495,596.1782,1036.4692,2504.9286,3.1559,0.0997,2,0,2,1,1018.55,1018.55,"[""legacy_25k"", ""two_years_2024"", ""maximum"", 3600]"
legacy_25k,two_years_2024,maximum,3700,28800.0,2024-07-01T01:00:20,2026-06-30T23:30:00,3967,23787.45,0,23787.45,33127.45,17711.85,47,7,56,105,49,3465.0,5875.0,9340.0,9600.0,33387.45,0,0,0,19.0,0,24,0,165.96,,0,2026-06-24T21:49:40,6,40,37,3,0.1,25.94,61.42,1127.67,81.42,16.96,5.4,6,6,9,0,0,0,0,729.9373,3930.1264,5.3842,10668.62,17335.92,17480.46,3219.78,17771.04,3300.59,641.8796,1603.4283,4198.5374,3.9203,0.0495,596.2338,1040.3113,2517.9236,3.1811,0.0997,2,0,2,1,1018.55,1018.55,"[""legacy_25k"", ""two_years_2024"", ""maximum"", 3700]"
legacy_25k,two_years_2024,maximum,3800,28900.0,2024-07-01T01:00:20,2026-06-30T23:30:00,3967,23014.55,0,23014.55,32354.55,17711.85,47,7,56,105,49,3465.0,5875.0,9340.0,9600.0,32614.55,0,0,0,19.0,0,24,0,165.96,,0,2026-06-24T21:49:40,5,40,37,3,0.1,25.94,61.42,1127.21,81.42,16.96,5.4,6,6,9,0,0,0,0,729.9373,3930.5819,5.3848,10668.16,17442.88,17587.42,3239.27,17877.94,3320.06,641.8796,1609.5764,4211.9912,3.9004,0.0495,596.2338,1040.7716,2520.7869,3.1596,0.0997,2,1,2,1,1018.55,1018.55,"[""legacy_25k"", ""two_years_2024"", ""maximum"", 3800]"
legacy_25k,two_years_2024,maximum,3900,29000.0,2024-07-01T01:00:20,2026-06-30T23:30:00,3967,21919.3,0,21919.3,31259.3,17711.85,47,7,56,105,49,3465.0,5875.0,9340.0,9600.0,31519.3,0,0,0,19.0,0,24,0,165.96,,0,2026-06-24T21:49:40,5,40,37,3,0.1,25.94,61.39,1127.05,81.42,16.96,5.4,6,6,9,0,0,0,0,729.9373,3930.7456,5.385,10668.0,17557.49,17702.03,3260.42,17992.53,3341.2,641.8796,1621.8097,4251.5665,3.9907,0.0495,596.2338,1050.1015,2553.0197,3.2569,0.0996,2,0,2,1,1018.55,1018.55,"[""legacy_25k"", ""two_years_2024"", ""maximum"", 3900]"
legacy_25k,two_years_2024,maximum,4000,29100.0,2024-07-01T01:00:20,2026-06-30T23:30:00,3967,20448.7,0,20448.7,29788.7,17711.85,47,7,56,105,49,3465.0,5875.0,9340.0,9600.0,30048.7,0,0,0,19.0,0,24,0,165.96,,0,2026-06-24T21:49:40,4,40,37,3,0.1,25.94,57.65,1119.5,81.42,16.96,5.41,6,6,9,0,0,0,0,729.9373,3938.2907,5.3954,10660.45,17770.65,17915.18,3293.68,18204.65,3374.12,641.9345,1663.4688,4336.2297,3.8533,0.0437,596.2887,1076.6399,2606.6928,3.109,0.0934,2,0,2,1,1018.55,1018.55,"[""legacy_25k"", ""two_years_2024"", ""maximum"", 4000]"
legacy_25k,two_years_2024,maximum,4100,29200.0,2024-07-01T01:00:20,2026-06-30T23:30:00,3967,19180.85,0,19180.85,28520.85,17711.85,47,7,56,105,49,3465.0,5875.0,9340.0,9600.0,28780.85,0,0,0,19.0,0,24,0,165.96,,0,2026-06-24T21:49:40,3,40,37,3,0.1,23.79,50.95,1099.25,81.42,16.96,5.45,6,6,9,0,0,0,0,729.9373,3958.5465,5.4231,10640.2,17870.8,18015.33,3295.29,18302.03,3374.81,641.9792,1677.3821,4371.6817,3.867,0.0344,598.5417,1096.1738,2648.6263,3.1123,0.0856,1,0,2,1,1018.55,1018.55,"[""legacy_25k"", ""two_years_2024"", ""maximum"", 4100]"
legacy_25k,two_years_2024,maximum,4200,29300.0,2024-07-01T01:00:20,2026-06-30T23:30:00,3967,18548.95,0,18548.95,27888.95,17711.85,47,7,56,105,49,3465.0,5875.0,9340.0,9600.0,28148.95,0,0,0,19.0,0,24,0,165.96,,0,2026-06-24T21:49:40,4,40,37,3,0.1,23.79,60.08,1115.13,81.42,16.96,5.42,6,6,9,0,0,0,0,729.9373,3942.662,5.4014,10656.08,17958.58,18103.11,3324.82,18391.98,3405.06,641.9792,1667.6481,4353.8213,3.9218,0.044,598.5417,1072.2096,2604.9323,3.171,0.097,1,0,2,1,1018.55,1018.55,"[""legacy_25k"", ""two_years_2024"", ""maximum"", 4200]"
legacy_25k,two_years_2024,maximum,4300,29400.0,2024-07-01T01:00:20,2026-06-30T23:30:00,3967,18016.85,0,18016.85,27356.85,17783.45,47,7,56,105,49,3465.0,5875.0,9340.0,9600.0,27616.85,0,0,0,19.0,0,24,0,165.96,,0,2026-06-24T21:49:40,4,40,37,3,0.1,23.79,60.08,1115.13,81.42,16.96,5.42,6,6,9,0,0,0,0,729.9373,3942.6634,5.4014,10656.08,18019.53,18164.07,3336.1,18452.94,3416.34,641.9792,1676.2089,4375.5255,3.9218,0.044,598.5417,1081.0484,2626.9303,3.171,0.097,1,0,2,1,1018.55,1018.55,"[""legacy_25k"", ""two_years_2024"", ""maximum"", 4300]"
legacy_25k,two_years_2024,maximum,4400,29500.0,2024-07-01T01:00:20,2026-06-30T23:30:00,3967,17252.85,0,17252.85,26592.85,17981.8,47,7,56,105,49,3465.0,5875.0,9340.0,9600.0,26852.85,0,0,0,19.0,0,24,0,165.96,,0,2026-06-24T21:49:40,4,40,37,3,0.1,23.79,57.65,1110.27,81.42,16.96,5.43,6,6,9,0,0,0,0,729.9373,3947.5222,5.408,10651.22,18104.79,18249.33,3347.76,18537.54,3427.78,641.9792,1690.6026,4404.065,3.8322,0.0402,598.5417,1095.676,2653.7781,3.075,0.093,1,0,2,1,1018.55,1018.55,"[""legacy_25k"", ""two_years_2024"", ""maximum"", 4400]"
legacy_25k,two_years_2024,maximum,4500,29600.0,2024-07-01T01:00:20,2026-06-30T23:30:00,3967,35411.45,0,35411.45,44494.45,16357.5,46,6,56,101,45,3333.0,5750.0,9083.0,9600.0,45011.45,0,0,0,22.5,1,32,4,713.88,,0,2026-06-24T21:49:40,4,40,30,10,0.175,24.3,95.77,1404.47,103.75,16.96,7.65,9,9,8,0,0,0,0,729.9373,5570.2014,7.6311,9028.54,29863.34,29985.36,3913.39,30015.58,3933.34,641.9792,1658.7589,4778.3546,5.4512,0.0261,599.0833,1185.8351,3379.6844,4.879,0.0802,1,0,2,1,1018.55,1018.55,"[""legacy_25k"", ""two_years_2024"", ""maximum"", 4500]"
legacy_25k,two_years_2024,maximum,5000,30100.0,2024-07-01T01:00:20,2026-06-30T23:30:00,3967,36023.2,0,36023.2,44948.2,12415.0,45,5,55,100,45,3300.0,5625.0,8925.0,9600.0,45623.2,0,0,0,22.5,1,33,5,855.34,,0,2026-06-24T21:49:40,5,40,29,11,0.175,24.3,95.48,1493.06,103.46,16.96,7.53,9,9,7,0,0,0,0,729.9373,5481.6065,7.5097,9117.14,28807.69,28929.71,3836.07,28970.58,3857.76,625.4498,1662.7689,5137.5701,6.309,0.0,551.2759,1260.6427,3932.7305,6.0551,0.0,1,0,1,1,1018.55,1018.55,"[""legacy_25k"", ""two_years_2024"", ""maximum"", 5000]"
legacy_25k,two_years_2024,maximum,5700,30800.0,2024-07-01T01:00:20,2026-06-30T23:30:00,3967,30075.45,0,30075.45,39000.45,13143.4,45,5,55,100,45,3300.0,5625.0,8925.0,9600.0,39675.45,0,0,0,22.5,1,33,5,873.56,,0,2026-06-24T21:49:40,4,40,29,11,0.175,24.3,91.85,1467.58,99.62,16.96,7.57,9,9,7,0,0,0,0,729.9373,5507.0877,7.5446,9091.66,29506.47,29628.49,3910.94,29665.87,3932.07,629.0306,1711.5175,5253.3104,5.7434,0.0,554.8567,1326.7873,4071.7186,5.4155,0.0,1,0,1,1,1018.55,1018.55,"[""legacy_25k"", ""two_years_2024"", ""maximum"", 5700]"
legacy_25k,two_years_2024,maximum,6000,31100.0,2024-07-01T01:00:20,2026-06-30T23:30:00,3967,27975.45,0,27975.45,36900.45,13143.4,45,5,55,100,45,3300.0,5625.0,8925.0,9600.0,37575.45,0,0,0,22.5,1,33,5,875.44,,0,2026-06-24T21:49:40,4,40,29,11,0.175,24.3,91.64,1465.29,99.2,16.96,7.57,9,9,7,0,0,0,0,729.9373,5509.3794,7.5477,9089.37,30261.99,30384.02,4009.41,30421.08,4030.49,629.4493,1749.1233,5305.805,5.935,0.0,555.2755,1360.2583,4132.1165,5.633,0.0,1,0,1,1,1018.55,1018.55,"[""legacy_25k"", ""two_years_2024"", ""maximum"", 6000]"
legacy_25k,two_years_2024,maximum,6100,31200.0,2024-07-01T01:00:20,2026-06-30T23:30:00,3967,27275.45,0,27275.45,36200.45,13143.4,45,5,55,100,45,3300.0,5625.0,8925.0,9600.0,36875.45,0,0,0,22.5,1,33,5,879.11,,0,2026-06-24T21:49:40,4,40,29,11,0.175,24.3,91.64,1461.61,98.28,16.96,7.57,9,9,7,0,0,0,0,729.9373,5513.0544,7.5528,9085.69,30543.46,30665.48,4044.0,30702.04,4065.0,630.3681,1759.8428,5305.047,6.2958,0.0,556.1942,1366.5462,4133.1961,6.0424,0.0,1,0,1,1,1018.55,1018.55,"[""legacy_25k"", ""two_years_2024"", ""maximum"", 6100]"
legacy_25k,two_years_2024,maximum,6200,31300.0,2024-07-01T01:00:20,2026-06-30T23:30:00,3967,26575.45,0,26575.45,35500.45,13143.4,45,5,55,100,45,3300.0,5625.0,8925.0,9600.0,36175.45,0,0,0,22.5,1,33,5,879.53,,0,2026-06-24T21:49:40,4,40,29,11,0.175,24.3,91.22,1460.36,98.28,16.96,7.57,9,9,7,0,0,0,0,729.9373,5514.3106,7.5545,9084.43,30695.31,30817.33,4063.18,30853.72,4084.15,630.3681,1769.3978,5310.1489,6.1172,0.0,556.1942,1378.4618,4138.9784,5.84,0.0,1,0,1,1,1018.55,1018.55,"[""legacy_25k"", ""two_years_2024"", ""maximum"", 6200]"
legacy_25k,two_years_2024,maximum,6300,31400.0,2024-07-01T01:00:20,2026-06-30T23:30:00,3967,25875.45,0,25875.45,34800.45,13143.4,45,5,55,100,45,3300.0,5625.0,8925.0,9600.0,35475.45,0,0,0,22.5,1,33,5,880.12,,0,2026-06-24T21:49:40,4,40,29,11,0.175,24.3,91.22,1459.77,98.14,16.96,7.57,9,9,7,0,0,0,0,729.9373,5514.8968,7.5553,9083.85,30949.04,31071.06,4096.33,31107.37,4117.29,630.5146,1782.3974,5316.9119,6.0686,0.0,556.3407,1389.6361,4146.9516,5.785,0.0,1,0,1,1,1018.55,1018.55,"[""legacy_25k"", ""two_years_2024"", ""maximum"", 6300]"
legacy_25k,two_years_2024,maximum,6400,31500.0,2024-07-01T01:00:20,2026-06-30T23:30:00,3967,25175.45,0,25175.45,34100.45,13143.4,45,5,55,100,45,3300.0,5625.0,8925.0,9600.0,34775.45,0,0,0,22.5,1,33,5,880.96,,0,2026-06-24T21:49:40,4,40,29,11,0.175,24.3,90.38,1457.23,98.14,16.96,7.58,9,9,7,0,0,0,0,729.9373,5517.4322,7.5588,9081.31,31152.94,31274.97,4121.43,31310.93,4142.33,630.5146,1788.1423,5303.8406,6.07,0.0,556.3407,1393.9773,4132.1376,5.7865,0.0,1,0,1,1,1018.55,1018.55,"[""legacy_25k"", ""two_years_2024"", ""maximum"", 6400]"
legacy_25k,two_years_2024,maximum,6500,31600.0,2024-07-01T01:00:20,2026-06-30T23:30:00,3967,23659.35,0,23659.35,32584.35,13143.4,45,5,55,100,45,3300.0,5625.0,8925.0,9600.0,33259.35,0,0,0,22.5,1,33,5,888.45,,0,2026-06-24T21:49:40,4,40,29,11,0.175,24.3,88.31,1445.3,96.28,16.96,7.59,9,9,7,0,0,0,0,729.9373,5529.3655,7.5751,9069.38,31466.6,31588.62,4153.94,31622.95,4174.58,632.5174,1800.5978,5307.3599,6.3508,0.0,558.3435,1408.3273,4140.3273,6.1057,0.0,1,0,1,1,1018.55,1018.55,"[""legacy_25k"", ""two_years_2024"", ""maximum"", 6500]"
legacy_25k,two_years_2024,maximum,6600,31700.0,2024-07-01T01:00:20,2026-06-30T23:30:00,3967,22959.35,0,22959.35,31884.35,13143.4,45,5,55,100,45,3300.0,5625.0,8925.0,9600.0,32559.35,0,0,0,22.5,1,33,5,889.19,,0,2026-06-24T21:49:40,4,40,29,11,0.175,24.3,88.16,1442.55,96.14,16.96,7.6,9,9,7,0,0,0,0,729.9373,5532.1134,7.5789,9066.63,31758.67,31880.69,4190.41,31914.64,4210.99,633.5194,1815.7531,5320.6561,6.3444,0.0,559.3456,1423.4283,4157.4775,6.0988,0.0,1,0,1,1,1018.55,1018.55,"[""legacy_25k"", ""two_years_2024"", ""maximum"", 6600]"
legacy_25k,two_years_2024,maximum,6700,31800.0,2024-07-01T01:00:20,2026-06-30T23:30:00,3967,22436.75,0,22436.75,31361.75,13143.4,45,5,55,100,45,3300.0,5625.0,8925.0,9600.0,32036.75,0,0,0,22.5,1,33,5,902.82,,6,2026-06-24T21:49:40,6,40,29,11,0.175,24.3,84.75,1424.12,92.73,16.96,7.63,9,9,7,0,0,0,0,729.9373,5550.5481,7.6041,9048.2,31827.18,31949.2,4185.5,31980.63,4205.68,635.9238,1813.575,5322.3406,6.1143,0.0,561.75,1420.9438,4164.363,5.8395,0.0,1,0,7,2,101.4,1018.55,"[""legacy_25k"", ""two_years_2024"", ""maximum"", 6700]"
legacy_25k,two_years_2024,maximum,6800,31900.0,2024-07-01T01:00:20,2026-06-30T23:30:00,3967,25251.75,20907.36,46159.11,33952.75,40604.5,44,11,54,97,43,3201.0,5500.0,8701.0,9600.0,55759.11,0,0,0,22.5,0,26,1,1447.69,,0,2026-06-24T21:49:40,2,33,28,5,0.2121,24.3,73.44,869.65,81.28,16.96,8.38,8,8,7,0,0,0,0,729.9373,6105.0137,8.3638,8493.73,35397.06,35517.88,4232.2,35470.51,4240.98,641.9792,1783.0983,5299.3888,6.0361,0.0,599.0833,1354.7764,3976.715,5.5057,0.0,1,0,7,2,201.4,1018.55,"[""legacy_25k"", ""two_years_2024"", ""maximum"", 6800]"
legacy_25k,two_years_2024,maximum,6900,32000.0,2024-07-01T01:00:20,2026-06-30T23:30:00,3967,24551.75,21307.36,45859.11,33252.75,41204.5,44,11,54,97,43,3201.0,5500.0,8701.0,9600.0,55459.11,0,0,0,22.5,0,26,1,1449.7,,0,2026-06-24T21:49:40,2,33,28,5,0.2121,24.3,73.44,867.65,81.28,16.96,8.38,8,8,7,0,0,0,0,729.9373,6107.0164,8.3665,8491.73,35608.28,35729.1,4256.06,35681.46,4264.8,641.9792,1795.6524,5308.5184,6.0657,0.0,599.0833,1365.6971,3981.2773,5.5374,0.0,1,0,7,2,301.4,1018.55,"[""legacy_25k"", ""two_years_2024"", ""maximum"", 6900]"
legacy_25k,two_years_2024,maximum,7000,32100.0,2024-07-01T01:00:20,2026-06-30T23:30:00,3967,23851.75,21707.36,45559.11,32552.75,41804.5,44,11,54,97,43,3201.0,5500.0,8701.0,9600.0,55159.11,0,0,0,22.5,0,26,1,1450.7,,0,2026-06-24T21:49:40,2,33,28,5,0.2121,24.3,73.15,866.65,81.28,16.96,8.38,8,8,7,0,0,0,0,729.9373,6108.0185,8.3679,8490.73,35959.31,36080.13,4297.31,36032.35,4306.04,641.9792,1817.4027,5329.045,5.9364,0.0,599.0833,1384.2808,3998.0527,5.3989,0.0,1,0,7,2,401.4,1018.55,"[""legacy_25k"", ""two_years_2024"", ""maximum"", 7000]"
legacy_25k,two_years_2024,maximum,7100,32200.0,2024-07-01T01:00:20,2026-06-30T23:30:00,3967,23446.9,23607.36,47054.26,32081.9,47281.35,44,12,53,95,42,3135.0,5500.0,8635.0,9600.0,56654.26,0,0,0,22.5,0,25,0,1545.83,,0,2026-06-24T21:49:40,2,32,28,4,0.2188,24.3,60.48,771.51,81.28,16.96,8.51,7,7,7,0,0,0,0,729.9373,6203.1521,8.4982,8395.59,36923.27,37044.09,4344.83,36983.28,4351.9,641.9792,1834.5226,5358.3239,6.0098,0.0,599.0833,1400.9174,4024.2071,5.4776,0.0,1,0,8,3,501.4,1018.55,"[""legacy_25k"", ""two_years_2024"", ""maximum"", 7100]"
legacy_25k,two_years_2024,maximum,7200,32300.0,2024-07-01T01:00:20,2026-06-30T23:30:00,3967,22665.1,24007.36,46672.46,31300.1,48063.15,44,12,53,95,42,3135.0,5500.0,8635.0,9600.0,56272.46,0,0,0,22.5,0,25,0,1545.83,,0,2026-06-24T21:49:40,2,32,28,4,0.2188,24.3,60.48,771.51,81.28,16.96,8.51,7,7,7,0,0,0,0,729.9373,6203.1521,8.4982,8395.59,37189.68,37310.5,4376.18,37249.69,4383.25,641.9792,1850.9843,5372.5106,5.7232,0.0,599.0833,1414.9648,4034.1885,5.1705,0.0,1,0,8,2,601.4,1018.55,"[""legacy_25k"", ""two_years_2024"", ""maximum"", 7200]"
legacy_25k,two_years_2024,maximum,7300,32400.0,2024-07-01T01:00:20,2026-06-30T23:30:00,3967,21865.1,24407.36,46272.46,30500.1,48863.15,44,12,53,95,42,3135.0,5500.0,8635.0,9600.0,55872.46,0,0,0,22.5,0,25,0,1545.83,,0,2026-06-24T21:49:40,2,32,28,4,0.2188,24.3,60.48,771.51,81.28,16.96,8.51,7,7,7,0,0,0,0,729.9373,6203.1521,8.4982,8395.59,37534.62,37655.44,4416.77,37594.63,4423.83,641.9792,1873.2976,5395.1268,5.7232,0.0,599.0833,1435.4464,4053.2032,5.1705,0.0,1,0,8,2,701.4,1018.55,"[""legacy_25k"", ""two_years_2024"", ""maximum"", 7300]"
legacy_25k,two_years_2024,maximum,7400,32500.0,2024-07-01T01:00:20,2026-06-30T23:30:00,3967,21065.1,24807.36,45872.46,29700.1,49663.15,44,12,53,95,42,3135.0,5500.0,8635.0,9600.0,55472.46,0,0,0,22.5,0,25,0,1545.83,,0,2026-06-24T21:49:40,2,32,28,4,0.2188,24.3,60.48,771.51,81.28,16.96,8.51,7,7,7,0,0,0,0,729.9373,6203.1521,8.4982,8395.59,37876.24,37997.06,4456.97,37936.25,4464.03,641.9792,1894.9467,5409.7192,5.7902,0.0,599.0833,1455.504,4063.6195,5.2423,0.0,1,0,8,2,801.4,1018.55,"[""legacy_25k"", ""two_years_2024"", ""maximum"", 7400]"
legacy_25k,two_years_2024,maximum,7500,32600.0,2024-07-01T01:00:20,2026-06-30T23:30:00,3967,20265.1,25207.36,45472.46,28900.1,50463.15,44,12,53,95,42,3135.0,5500.0,8635.0,9600.0,55072.46,0,0,0,22.5,0,25,0,1545.83,,0,2026-06-24T21:49:40,2,32,28,4,0.2188,24.3,60.48,771.51,81.28,16.96,8.51,7,7,7,0,0,0,0,729.9373,6203.1521,8.4982,8395.59,38222.49,38343.31,4497.72,38282.5,4504.78,641.9792,1918.3012,5433.5377,5.7528,0.0,599.0833,1477.3595,4083.9224,5.2022,0.0,1,0,8,2,901.4,1018.55,"[""legacy_25k"", ""two_years_2024"", ""maximum"", 7500]"
legacy_25k,two_years_2024,maximum,8000,33100.0,2024-07-01T01:00:20,2026-06-30T23:30:00,3967,16265.1,27207.36,43472.46,24900.1,54463.15,44,12,53,95,42,3135.0,5500.0,8635.0,9600.0,53072.46,0,0,0,22.5,0,25,0,1545.83,,0,2026-06-24T21:49:40,2,32,28,4,0.2188,24.3,60.48,771.51,81.28,16.96,8.51,7,7,7,0,0,0,0,729.9373,6203.1521,8.4982,8395.59,39922.76,40043.58,4697.79,39982.77,4704.85,641.9792,2044.2317,5718.5988,5.7248,0.0,599.0833,1610.458,4383.2782,5.1721,0.0,1,0,8,2,1018.55,1401.4,"[""legacy_25k"", ""two_years_2024"", ""maximum"", 8000]"
legacy_25k,two_years_2024,maximum,9000,34100.0,2024-07-01T01:00:20,2026-06-30T23:30:00,3967,9552.0,12676.84,22228.84,18187.0,61176.25,44,12,53,95,42,3135.0,5500.0,8635.0,9600.0,31828.84,0,0,0,22.5,0,25,0,1545.83,,0,2026-06-24T21:49:40,2,32,28,4,0.2188,24.3,60.48,771.51,81.28,16.96,8.51,7,7,7,0,0,0,0,729.9373,6203.1521,8.4982,8395.59,43253.59,43374.41,5089.74,43313.6,5096.8,641.9792,2317.8453,6566.1201,6.3634,0.0,599.0833,1913.728,5291.4841,5.8565,0.0,1,0,8,3,1018.55,2401.4,"[""legacy_25k"", ""two_years_2024"", ""maximum"", 9000]"
legacy_25k,two_years_2024,maximum,10000,35100.0,2024-07-01T01:00:20,2026-06-30T23:30:00,3967,2508.85,12176.84,14685.69,11143.85,68219.4,44,12,53,95,42,3135.0,5500.0,8635.0,9600.0,24285.69,0,0,0,22.5,0,25,0,1545.83,,0,2026-06-24T21:49:40,2,32,28,4,0.2188,24.3,60.48,771.51,81.28,16.96,8.51,7,7,7,0,0,0,0,729.9373,6203.1521,8.4982,8395.59,45602.05,45722.87,5366.08,45662.06,5373.15,641.9792,2534.6724,7342.5534,6.7995,0.0,599.0833,2156.7985,6123.5119,6.3238,0.0,1,0,8,4,1018.55,3401.4,"[""legacy_25k"", ""two_years_2024"", ""maximum"", 10000]"
legacy_50k,full,minimum,0,50100.0,2020-01-02T07:50:40,2026-07-13T21:30:40,12658,478585.0,0,478585.0,510000.0,31038.45,139,10,150,351,192,14040.0,17375.0,31415.0,20600.0,499185.0,0,0,0,21.5,0,126,24,8938.25,105,0,2026-06-29T20:30:00,16,129,119,10,0.0078,47.32,127.02,7041.26,126.54,152.67,14.23,20,20,18,0,0,0,0,2384.5694,33901.6671,14.2171,13789.72,31374.79,31942.0,2206.83,36116.8,2540.38,2216.5595,362.3125,1156.6408,6.2224,0.0335,1641.3662,182.4986,511.9429,5.4662,0.0152,6,1,0,0,,,"[""legacy_50k"", ""full"", ""minimum"", 0]"
legacy_50k,full,minimum,1000,51100.0,2020-01-02T07:50:40,2026-07-13T21:30:40,12658,478585.0,0,478585.0,510000.0,31038.45,139,10,150,351,192,14040.0,17375.0,31415.0,20600.0,499185.0,0,0,0,21.5,0,126,24,8938.25,105,0,2026-06-29T20:30:00,16,129,119,10,0.0078,47.32,127.02,7041.26,126.54,152.67,14.23,20,20,18,0,0,0,0,2384.5694,33901.6671,14.2171,13789.72,31374.79,31942.0,2206.83,36116.8,2540.38,2216.5595,362.3125,1156.6408,6.2224,0.0335,1641.3662,182.4986,511.9429,5.4662,0.0152,6,1,0,0,,,"[""legacy_50k"", ""full"", ""minimum"", 1000]"
legacy_50k,full,minimum,2000,52100.0,2020-01-02T07:50:40,2026-07-13T21:30:40,12658,478585.0,0,478585.0,510000.0,31038.45,139,10,150,351,192,14040.0,17375.0,31415.0,20600.0,499185.0,0,0,0,21.5,0,126,24,8938.25,105,0,2026-06-29T20:30:00,16,129,119,10,0.0078,47.32,127.02,7041.26,126.54,152.67,14.23,20,20,18,0,0,0,0,2384.5694,33901.6671,14.2171,13789.72,31374.79,31942.0,2206.83,36116.8,2540.38,2216.5595,362.3125,1156.6408,6.2224,0.0335,1641.3662,182.4986,511.9429,5.4662,0.0152,6,1,0,0,,,"[""legacy_50k"", ""full"", ""minimum"", 2000]"
legacy_50k,full,minimum,3000,53100.0,2020-01-02T07:50:40,2026-07-13T21:30:40,12658,566225.0,0,566225.0,585350.0,33820.45,89,11,99,200,92,8000.0,11125.0,19125.0,20600.0,586825.0,0,0,0,21.5,0,75,22,19711.76,55,0,2026-06-29T20:30:00,14,78,69,9,0.0128,35.49,96.1,3046.35,38.01,84.67,15.88,20,20,18,0,0,0,0,2384.5694,37845.575,15.871,9845.81,48363.76,48825.04,3047.3,50761.69,3198.39,2279.6815,356.7248,1178.5295,6.0805,0.014,1947.0933,187.7516,565.8431,5.3209,0.0057,4,0,0,0,,,"[""legacy_50k"", ""full"", ""minimum"", 3000]"
legacy_50k,full,minimum,3100,53200.0,2020-01-02T07:50:40,2026-07-13T21:30:40,12658,562805.0,0,562805.0,581850.0,34388.75,89,11,99,198,90,7920.0,11125.0,19045.0,20600.0,583405.0,0,0,0,21.5,0,75,22,19718.06,55,0,2026-06-29T20:30:00,14,78,69,9,0.0128,35.49,96.1,3005.05,38.01,84.67,15.9,20,20,18,0,0,0,0,2384.5694,37886.8736,15.8883,9804.52,49352.78,49815.55,3106.22,51770.7,3258.41,2292.8525,363.9281,1183.4552,6.0217,0.0196,1947.2644,198.018,578.9144,5.2872,0.0057,4,1,0,0,,,"[""legacy_50k"", ""full"", ""minimum"", 3100]"
legacy_50k,full,minimum,3200,53300.0,2020-01-02T07:50:40,2026-07-13T21:30:40,12658,559695.0,0,559695.0,577850.0,34388.75,87,11,97,182,76,7280.0,10875.0,18155.0,20600.0,580295.0,0,0,0,21.5,0,73,22,20115.08,54,0,2026-06-29T20:30:00,19,76,67,9,0.0132,28.49,96.1,2694.37,38.01,84.67,16.05,20,20,20,0,0,0,0,2384.5694,38248.5574,16.04,9442.83,51619.06,52079.47,3218.14,53929.36,3362.17,2293.0838,304.5707,941.1383,5.0753,0.0196,2053.2211,131.9968,400.6268,4.0924,0.0054,4,1,0,0,,,"[""legacy_50k"", ""full"", ""minimum"", 3200]"
legacy_50k,full,minimum,3300,53400.0,2020-01-02T07:50:40,2026-07-13T21:30:40,12658,559695.0,0,559695.0,577850.0,34388.75,87,11,97,182,76,7280.0,10875.0,18155.0,20600.0,580295.0,0,0,0,21.5,0,73,22,20115.08,54,0,2026-06-29T20:30:00,19,76,67,9,0.0132,28.49,96.1,2694.37,38.01,84.67,16.05,20,20,20,0,0,0,0,2384.5694,38248.5574,16.04,9442.83,52313.52,52773.94,3261.44,54623.82,3405.47,2293.0838,316.2359,984.0097,5.0753,0.0196,2053.2211,147.9865,444.9194,4.0924,0.0054,4,1,0,0,,,"[""legacy_50k"", ""full"", ""minimum"", 3300]"
legacy_50k,full,minimum,3400,53500.0,2020-01-02T07:50:40,2026-07-13T21:30:40,12658,555345.0,0,555345.0,573500.0,35888.75,87,11,97,182,76,7280.0,10875.0,18155.0,20600.0,575945.0,0,0,0,21.5,0,73,22,20095.77,54,0,2026-06-29T20:30:00,18,76,67,9,0.0132,28.49,96.1,2709.89,38.01,82.67,16.05,20,20,20,0,0,0,0,2384.5694,38233.0338,16.0335,9458.36,52507.42,52967.8,3274.85,54815.38,3418.8,2295.3722,323.6894,1030.5544,5.6457,0.0196,2055.5095,156.5198,488.523,4.7044,0.0054,4,0,0,0,,,"[""legacy_50k"", ""full"", ""minimum"", 3400]"
legacy_50k,full,minimum,3500,53600.0,2020-01-02T07:50:40,2026-07-13T21:30:40,12658,557310.0,0,557310.0,575300.0,35888.75,86,11,96,181,76,7240.0,10750.0,17990.0,20600.0,577910.0,0,0,0,21.5,0,72,21,20490.5,53,0,2026-06-29T20:30:00,18,75,66,9,0.0133,28.49,96.1,2680.17,38.01,76.67,16.06,20,20,19,0,0,0,0,2384.5694,38262.7604,16.046,9428.63,54664.13,55124.46,3406.72,56954.99,3549.49,2295.4792,349.1437,1125.3253,5.6557,0.0161,2055.6164,179.1994,557.8798,4.7277,0.0,3,0,0,0,,,"[""legacy_50k"", ""full"", ""minimum"", 3500]"
legacy_50k,full,minimum,3600,53700.0,2020-01-02T07:50:40,2026-07-13T21:30:40,12658,551745.0,0,551745.0,569450.0,39245.75,85,12,94,177,74,7080.0,10625.0,17705.0,20600.0,572345.0,0,0,0,21.5,0,70,21,20856.48,51,0,2026-06-29T20:30:00,17,73,65,8,0.0137,28.49,96.1,2532.77,38.01,73.67,16.12,20,20,18,0,0,0,0,2384.5694,38410.1519,16.1078,9281.24,56096.59,56558.4,3482.57,58391.31,3625.03,2304.2174,363.9553,1121.4579,6.2041,0.016,2093.0838,189.4018,537.543,5.2874,0.0,3,1,0,0,,,"[""legacy_50k"", ""full"", ""minimum"", 3600]"
legacy_50k,full,minimum,3700,53800.0,2020-01-02T07:50:40,2026-07-13T21:30:40,12658,580680.0,0,580680.0,595950.0,39245.75,70,12,80,163,74,6520.0,8750.0,15270.0,20600.0,601280.0,0,1,0,21.5,0,55,20,26492.78,36,0,2026-06-29T20:30:00,16,58,50,8,0.0172,35.49,121.35,2225.51,38.01,73.67,16.24,20,20,15,1,0,20,20,2384.5694,38710.4204,16.2337,8980.97,57895.7,58353.99,3566.39,59963.17,3693.74,2304.2174,347.6788,1107.208,6.2273,0.0171,2093.0838,166.4911,513.6615,5.3648,0.0012,3,0,0,0,,,"[""legacy_50k"", ""full"", ""minimum"", 3700]"
legacy_50k,full,minimum,3800,53900.0,2020-01-02T07:50:40,2026-07-13T21:30:40,12658,580230.0,0,580230.0,595500.0,39245.75,70,12,80,163,74,6520.0,8750.0,15270.0,20600.0,600830.0,0,1,0,21.5,0,55,20,26501.91,36,0,2026-06-29T20:30:00,16,58,50,8,0.0172,35.49,121.35,2216.38,38.01,73.67,16.24,20,20,15,1,0,20,20,2384.5694,38719.544,16.2375,8971.84,59769.79,60228.08,3680.96,61836.87,3808.27,2304.2174,358.4211,1137.5781,6.231,0.0134,2093.0838,176.354,541.5865,5.366,0.0,2,0,0,0,,,"[""legacy_50k"", ""full"", ""minimum"", 3800]"
legacy_50k,full,minimum,3900,54000.0,2020-01-02T07:50:40,2026-07-13T21:30:40,12658,579730.0,0,579730.0,593850.0,42390.25,64,13,73,153,71,6120.0,8000.0,14120.0,20600.0,600330.0,0,1,0,21.5,0,48,20,27572.58,29,0,2026-06-29T20:30:00,14,51,44,7,0.0196,35.49,121.35,1988.93,38.01,73.67,16.34,18,18,15,1,0,20,20,2384.5694,38946.9951,16.3329,8744.39,61504.43,61952.95,3765.67,63500.01,3887.85,2304.8632,343.8337,1108.2834,7.4091,0.0132,2100.2023,171.9957,530.2916,6.6592,0.0,2,0,0,0,,,"[""legacy_50k"", ""full"", ""minimum"", 3900]"
legacy_50k,full,minimum,4000,54100.0,2020-01-02T07:50:40,2026-07-13T21:30:40,12658,579160.0,0,579160.0,592950.0,42390.25,62,13,71,151,71,6040.0,7750.0,13790.0,20600.0,599760.0,0,1,0,21.5,0,46,20,27592.27,27,0,2026-06-29T20:30:00,14,49,42,7,0.0204,35.49,121.35,1987.04,38.01,75.67,16.34,18,18,15,1,0,20,20,2384.5694,38948.8891,16.3337,8742.5,62929.95,63368.84,3852.76,64909.28,3973.94,2302.5266,342.4785,1118.3252,7.4211,0.0122,2100.2921,172.4294,545.9446,6.6681,0.0,2,0,0,0,,,"[""legacy_50k"", ""full"", ""minimum"", 4000]"
legacy_50k,full,minimum,4100,54200.0,2020-01-02T07:50:40,2026-07-13T21:30:40,12658,577350.0,0,577350.0,591050.0,35251.25,60,11,71,155,75,6200.0,7500.0,13700.0,20600.0,597950.0,0,1,0,21.5,0,46,20,27612.02,27,0,2026-06-29T20:30:00,14,49,40,9,0.0204,35.49,121.35,2147.08,116.67,72.67,16.28,18,18,15,1,0,20,20,2384.5694,38788.8465,16.2666,8902.54,63567.8,64005.7,3907.87,65520.97,4027.94,2305.1933,335.7574,1104.1152,7.3823,0.0122,2102.9588,164.209,532.4154,6.6376,0.0,2,0,0,0,,,"[""legacy_50k"", ""full"", ""minimum"", 4100]"
legacy_50k,full,minimum,4200,54300.0,2020-01-02T07:50:40,2026-07-13T21:30:40,12658,575900.0,0,575900.0,589600.0,34537.85,60,11,71,155,75,6200.0,7500.0,13700.0,20600.0,596500.0,0,1,0,21.5,0,46,20,27622.18,27,0,2026-06-29T20:30:00,14,49,40,9,0.0204,35.49,121.35,2158.92,116.67,72.67,16.27,18,18,15,1,0,20,20,2384.5694,38777.0102,16.2616,8914.38,64150.58,64588.46,3944.9,66092.93,4064.35,2305.1933,339.5931,1106.6458,7.377,0.0169,2102.9588,169.3025,536.8066,6.6416,0.0006,2,0,0,0,,,"[""legacy_50k"", ""full"", ""minimum"", 4200]"
legacy_50k,full,minimum,4300,54400.0,2020-01-02T07:50:40,2026-07-13T21:30:40,12658,575450.0,0,575450.0,589150.0,34537.85,60,11,71,155,75,6200.0,7500.0,13700.0,20600.0,596050.0,0,1,0,21.5,0,46,20,27625.76,27,0,2026-06-29T20:30:00,14,49,40,9,0.0204,35.49,121.35,2155.34,116.38,72.67,16.27,18,18,15,1,0,20,20,2384.5694,38780.5894,16.2631,8910.8,65930.63,66368.51,4053.99,67872.83,4173.41,2305.4819,348.2123,1119.4051,7.3777,0.0169,2103.2475,178.8188,550.8709,6.6425,0.0006,2,0,0,0,,,"[""legacy_50k"", ""full"", ""minimum"", 4300]"
legacy_50k,full,minimum,4400,54500.0,2020-01-02T07:50:40,2026-07-13T21:30:40,12658,569065.0,0,569065.0,582850.0,34537.85,61,11,72,154,73,6160.0,7625.0,13785.0,20600.0,589665.0,0,1,0,21.5,0,47,20,27672.01,28,0,2026-06-29T20:30:00,14,50,41,9,0.02,35.49,121.35,2059.11,116.12,72.67,16.31,18,18,15,1,0,20,20,2384.5694,38876.8139,16.3035,8814.57,67382.32,67820.21,4133.0,69323.57,4252.07,2305.74,351.6715,1126.9122,7.4015,0.0169,2103.5056,185.1182,569.6242,6.6653,0.0006,2,1,0,0,,,"[""legacy_50k"", ""full"", ""minimum"", 4400]"
legacy_50k,full,minimum,4500,54600.0,2020-01-02T07:50:40,2026-07-13T21:30:40,12658,568245.0,0,568245.0,581950.0,34537.85,61,11,72,152,71,6080.0,7625.0,13705.0,20600.0,588845.0,0,1,0,21.5,0,47,20,27678.02,28,0,2026-06-29T20:30:00,16,50,41,9,0.02,35.49,121.35,2033.1,116.12,72.67,16.32,18,18,15,1,0,20,20,2384.5694,38902.8241,16.3144,8788.56,68672.54,69104.26,4209.32,70609.62,4328.05,2305.74,346.5009,1119.7451,7.4084,0.0169,2103.5056,179.8782,563.64,6.6682,0.0006,2,1,0,0,,,"[""legacy_50k"", ""full"", ""minimum"", 4500]"
legacy_50k,full,minimum,5000,55100.0,2020-01-02T07:50:40,2026-07-13T21:30:40,12658,559245.0,0,559245.0,572950.0,34537.85,61,11,72,152,71,6080.0,7625.0,13705.0,20600.0,579845.0,0,1,0,21.5,0,47,20,27734.91,28,0,2026-06-29T20:30:00,16,50,41,9,0.02,35.49,121.35,1976.21,112.75,68.67,16.35,18,18,15,1,0,20,20,2384.5694,38959.713,16.3383,8731.68,74290.54,74722.26,4547.03,76225.23,4665.44,2309.1153,350.8759,1134.8818,7.4047,0.0169,2106.8808,184.9402,581.1206,6.6653,0.0006,2,1,0,0,,,"[""legacy_50k"", ""full"", ""minimum"", 5000]"
legacy_50k,full,minimum,5700,55800.0,2020-01-02T07:50:40,2026-07-13T21:30:40,12658,544795.0,1902.1,546697.1,558100.0,49459.75,61,13,70,142,63,5680.0,7625.0,13305.0,20600.0,567297.1,0,1,0,21.5,0,45,20,27761.77,26,0,2026-06-29T20:30:00,16,48,41,7,0.0208,35.49,121.35,1762.26,111.2,67.67,16.43,18,18,15,1,0,20,20,2384.5694,39173.6637,16.428,8517.73,82500.98,82926.62,5021.98,84451.07,5140.68,2310.6583,349.2845,1159.2457,7.4864,0.0121,2108.4238,185.6893,605.2955,6.7332,0.0,2,0,0,0,,,"[""legacy_50k"", ""full"", ""minimum"", 5700]"
legacy_50k,full,minimum,6000,56100.0,2020-01-02T07:50:40,2026-07-13T21:30:40,12658,536685.0,0,536685.0,549950.0,50884.9,61,13,70,141,62,5640.0,7625.0,13265.0,20600.0,557285.0,0,1,0,21.5,0,45,20,27782.16,26,0,2026-06-29T20:30:00,16,48,41,7,0.0208,35.49,121.35,1731.88,109.2,65.67,16.45,18,18,15,1,0,20,20,2384.5694,39204.0456,16.4407,8487.34,87030.92,87456.77,5293.62,88984.34,5412.43,2310.8049,359.8331,1171.3557,7.4538,0.0121,2108.5704,197.428,621.1741,6.704,0.0,2,0,0,0,,,"[""legacy_50k"", ""full"", ""minimum"", 6000]"
legacy_50k,full,minimum,6100,56200.0,2020-01-02T07:50:40,2026-07-13T21:30:40,12658,535785.0,0,535785.0,549050.0,50884.9,61,13,70,141,62,5640.0,7625.0,13265.0,20600.0,556385.0,0,1,0,21.5,0,45,20,27786.53,26,0,2026-06-29T20:30:00,16,48,41,7,0.0208,35.49,121.35,1727.51,109.05,65.67,16.45,18,18,15,1,0,20,20,2384.5694,39208.4178,16.4426,8482.97,87901.37,88327.22,5345.97,89854.61,5464.76,2312.8076,354.3812,1174.087,7.4501,0.0121,2110.5731,191.6078,624.6892,6.7006,0.0,2,0,0,0,,,"[""legacy_50k"", ""full"", ""minimum"", 6100]"
legacy_50k,full,minimum,6200,56300.0,2020-01-02T07:50:40,2026-07-13T21:30:40,12658,535335.0,0,535335.0,548600.0,50884.9,61,13,70,141,62,5640.0,7625.0,13265.0,20600.0,555935.0,0,1,0,21.5,0,45,20,27788.81,26,0,2026-06-29T20:30:00,16,48,41,7,0.0208,35.49,121.35,1725.22,108.92,65.67,16.45,18,18,15,1,0,20,20,2384.5694,39210.7028,16.4435,8480.69,88226.79,88652.63,5365.45,90179.93,5484.22,2312.8076,355.0311,1173.9207,7.451,0.0121,2110.5731,192.32,624.5069,6.7016,0.0,2,0,0,0,,,"[""legacy_50k"", ""full"", ""minimum"", 6200]"
legacy_50k,full,minimum,6300,56400.0,2020-01-02T07:50:40,2026-07-13T21:30:40,12658,535950.0,4526.95,540476.95,549050.0,51945.35,60,13,69,140,62,5600.0,7500.0,13100.0,20600.0,561076.95,0,1,0,21.5,0,44,19,27899.87,25,0,2026-06-29T20:30:00,15,47,40,7,0.0213,35.49,121.35,1704.06,108.92,60.67,16.46,18,18,15,1,0,20,20,2384.5694,39231.862,16.4524,8459.53,90090.9,90516.25,5475.86,92026.71,5593.52,2312.9433,374.5637,1243.6854,7.4965,0.0065,2111.2088,206.5749,672.2223,6.7331,0.0,1,0,1,1,189.2,189.2,"[""legacy_50k"", ""full"", ""minimum"", 6300]"
legacy_50k,full,minimum,6400,56500.0,2020-01-02T07:50:40,2026-07-13T21:30:40,12658,545355.0,69447.23,614802.23,555350.0,98857.3,47,20,49,103,45,4120.0,5875.0,9995.0,20600.0,635402.23,0,1,0,21.5,0,24,5,29454.65,5,0,2026-03-26T23:30:00,9,27,27,0,0.037,35.02,123.35,887.97,0,60.67,16.8,18,18,15,1,0,20,20,2384.5694,40047.9583,16.7946,7643.43,93369.59,93786.65,5559.49,95126.45,5664.1,2317.9641,364.5983,1188.9722,7.4299,0.0065,2152.1671,203.3449,648.7349,6.614,0.0,1,0,15,3,189.2,321.35,"[""legacy_50k"", ""full"", ""minimum"", 6400]"
legacy_50k,full,minimum,6500,56600.0,2020-01-02T07:50:40,2026-07-13T21:30:40,12658,546625.0,78836.2,625461.2,556250.0,102366.95,45,20,47,100,44,4000.0,5625.0,9625.0,20600.0,646061.2,0,1,0,21.5,0,22,3,29674.9,3,0,2026-03-26T23:30:00,9,25,25,0,0.04,35.49,123.35,845.5,0,60.67,16.82,18,18,15,1,0,20,20,2384.5694,40090.4234,16.8124,7600.97,94825.5,95240.42,5640.2,96549.89,5742.77,2317.9641,349.6463,1137.4661,7.493,0.0065,2152.1671,189.779,599.0688,6.6857,0.0,1,0,17,5,189.2,391.8,"[""legacy_50k"", ""full"", ""minimum"", 6500]"
legacy_50k,full,minimum,6600,56700.0,2020-01-02T07:50:40,2026-07-13T21:30:40,12658,547855.0,88437.29,636292.29,557150.0,104520.85,43,20,45,98,44,3920.0,5375.0,9295.0,20600.0,656892.29,0,1,0,21.5,0,20,1,29893.01,1,0,2026-03-26T23:30:00,9,23,23,0,0.0435,35.49,123.35,835.19,0,60.67,16.82,18,18,15,1,0,20,20,2384.5694,40100.7363,16.8168,7590.65,95754.09,96166.02,5693.97,97430.59,5793.66,2317.9641,334.1428,1137.1072,7.5871,0.0065,2152.1671,177.8902,598.6822,6.787,0.0,1,0,19,7,189.2,497.15,"[""legacy_50k"", ""full"", ""minimum"", 6600]"
legacy_50k,full,minimum,6700,56800.0,2020-01-02T07:50:40,2026-07-13T21:30:40,12658,548470.0,93294.81,641764.81,557600.0,105661.1,42,20,44,97,44,3880.0,5250.0,9130.0,20600.0,662364.81,0,1,0,21.5,0,19,0,30001.93,0,0,2021-06-07T12:10:40,9,22,22,0,0.0455,35.49,123.35,830.17,0,60.67,16.82,18,18,15,1,0,20,20,2384.5694,40105.7572,16.8189,7585.63,96489.45,96899.89,5736.98,98142.02,5835.23,2317.9641,320.1018,1077.6403,7.5893,0.0065,2152.1671,168.7994,564.6513,6.8063,0.0,1,0,20,8,189.2,556.5,"[""legacy_50k"", ""full"", ""minimum"", 6700]"
legacy_50k,full,minimum,6800,56900.0,2020-01-02T07:50:40,2026-07-13T21:30:40,12658,548020.0,93744.81,641764.81,557150.0,106161.1,42,20,44,97,44,3880.0,5250.0,9130.0,20600.0,662364.81,0,1,0,21.5,0,19,0,30001.93,0,0,2021-06-07T12:10:40,9,22,22,0,0.0455,35.49,123.35,830.17,0,60.67,16.82,18,18,15,1,0,20,20,2384.5694,40105.7572,16.8189,7585.63,98308.21,98718.65,5845.11,99960.77,5943.37,2317.9641,327.8177,1082.3932,7.5893,0.0065,2152.1671,177.1097,569.7704,6.8063,0.0,1,0,20,8,310.05,689.2,"[""legacy_50k"", ""full"", ""minimum"", 6800]"
legacy_50k,full,minimum,6900,57000.0,2020-01-02T07:50:40,2026-07-13T21:30:40,12658,541720.0,100044.81,641764.81,550850.0,113161.1,42,20,44,97,44,3880.0,5250.0,9130.0,20600.0,662364.81,0,1,0,21.5,0,19,0,30001.93,0,0,2021-06-07T12:10:40,9,22,22,0,0.0455,35.49,123.35,830.17,0,60.67,16.82,18,18,15,1,0,20,20,2384.5694,40105.7572,16.8189,7585.63,100076.57,100487.01,5950.26,101729.13,6048.51,2317.9641,332.4961,1085.7525,7.5893,0.0065,2152.1671,182.1485,573.3885,6.8063,0.0,1,0,20,8,358.9,821.35,"[""legacy_50k"", ""full"", ""minimum"", 6900]"
legacy_50k,full,minimum,7000,57100.0,2020-01-02T07:50:40,2026-07-13T21:30:40,12658,540820.0,100944.81,641764.81,549950.0,114161.1,42,20,44,97,44,3880.0,5250.0,9130.0,20600.0,662364.81,0,1,0,21.5,0,19,0,30001.93,0,0,2021-06-07T12:10:40,9,22,22,0,0.0455,35.49,123.35,830.17,0,60.67,16.82,18,18,15,1,0,20,20,2384.5694,40105.7572,16.8189,7585.63,101447.42,101857.86,6031.76,103099.98,6130.02,2317.9641,330.3433,1085.6,7.5893,0.0065,2152.1671,179.8299,573.2242,6.8063,0.0,1,0,20,8,489.25,891.8,"[""legacy_50k"", ""full"", ""minimum"", 7000]"
legacy_50k,full,minimum,7100,57200.0,2020-01-02T07:50:40,2026-07-13T21:30:40,12658,539920.0,101844.81,641764.81,549050.0,115161.1,42,20,44,97,44,3880.0,5250.0,9130.0,20600.0,662364.81,0,1,0,21.5,0,19,0,30001.93,0,0,2021-06-07T12:10:40,9,22,22,0,0.0455,35.49,123.35,830.17,0,60.67,16.82,18,18,15,1,0,20,20,2384.5694,40105.7572,16.8189,7585.63,102278.97,102689.42,6081.2,103931.54,6179.46,2317.9641,322.1177,1081.1751,7.5893,0.0065,2152.1671,170.9705,568.4584,6.8063,0.0,1,0,20,8,556.5,997.15,"[""legacy_50k"", ""full"", ""minimum"", 7100]"
legacy_50k,full,minimum,7200,57300.0,2020-01-02T07:50:40,2026-07-13T21:30:40,12658,539470.0,102294.81,641764.81,548600.0,115661.1,42,20,44,97,44,3880.0,5250.0,9130.0,20600.0,662364.81,0,1,0,21.5,0,19,0,30001.93,0,0,2021-06-07T12:10:40,9,22,22,0,0.0455,35.49,123.35,830.17,0,60.67,16.82,18,18,15,1,0,20,20,2384.5694,40105.7572,16.8189,7585.63,102616.96,103027.4,6101.3,104269.52,6199.56,2317.9641,321.5404,1074.5358,7.5893,0.0065,2152.1671,170.3488,561.3076,6.8063,0.0,1,0,20,8,689.2,1056.5,"[""legacy_50k"", ""full"", ""minimum"", 7200]"
legacy_50k,full,minimum,7300,57400.0,2020-01-02T07:50:40,2026-07-13T21:30:40,12658,539020.0,102744.81,641764.81,548150.0,116161.1,42,20,44,97,44,3880.0,5250.0,9130.0,20600.0,662364.81,0,1,0,21.5,0,19,0,30001.93,0,0,2021-06-07T12:10:40,9,22,22,0,0.0455,35.49,123.35,830.17,0,60.67,16.82,18,18,15,1,0,20,20,2384.5694,40105.7572,16.8189,7585.63,104377.0,104787.44,6205.95,106029.57,6304.2,2317.9641,336.0954,1103.4322,7.5893,0.0065,2152.1671,186.025,592.4301,6.8063,0.0,1,0,20,8,810.05,1189.2,"[""legacy_50k"", ""full"", ""minimum"", 7300]"
legacy_50k,full,minimum,7400,57500.0,2020-01-02T07:50:40,2026-07-13T21:30:40,12658,532720.0,109044.81,641764.81,541850.0,123161.1,42,20,44,97,44,3880.0,5250.0,9130.0,20600.0,662364.81,0,1,0,21.5,0,19,0,30001.93,0,0,2021-06-07T12:10:40,9,22,22,0,0.0455,35.49,123.35,830.17,0,60.67,16.82,18,18,15,1,0,20,20,2384.5694,40105.7572,16.8189,7585.63,106070.71,106481.16,6306.65,107723.28,6404.91,2317.9641,342.816,1110.5523,7.5893,0.0065,2152.1671,193.2634,600.0987,6.8063,0.0,1,0,20,8,858.9,1321.35,"[""legacy_50k"", ""full"", ""minimum"", 7400]"
legacy_50k,full,minimum,7500,57600.0,2020-01-02T07:50:40,2026-07-13T21:30:40,12658,531820.0,109944.81,641764.81,540950.0,124161.1,42,20,44,97,44,3880.0,5250.0,9130.0,20600.0,662364.81,0,1,0,21.5,0,19,0,30001.93,0,0,2021-06-07T12:10:40,9,22,22,0,0.0455,35.49,123.35,830.17,0,60.67,16.82,18,18,15,1,0,20,20,2384.5694,40105.7572,16.8189,7585.63,107363.36,107773.8,6383.51,109015.92,6481.76,2317.9641,335.5487,1101.4692,7.5893,0.0065,2152.1671,185.4362,590.3159,6.8063,0.0,1,0,20,8,989.25,1391.8,"[""legacy_50k"", ""full"", ""minimum"", 7500]"
legacy_50k,full,minimum,8000,58100.0,2020-01-02T07:50:40,2026-07-13T21:30:40,12658,522820.0,118944.81,641764.81,531950.0,134161.1,42,20,44,97,44,3880.0,5250.0,9130.0,20600.0,662364.81,0,1,0,21.5,0,19,0,30001.93,0,0,2021-06-07T12:10:40,9,22,22,0,0.0455,35.49,123.35,830.17,0,60.67,16.82,18,18,15,1,0,20,20,2384.5694,40105.7572,16.8189,7585.63,113736.82,114147.26,6762.45,115389.38,6860.71,2317.9641,339.3285,1127.6408,7.5893,0.0065,2152.1671,189.5073,618.5037,6.8063,0.0,1,0,20,8,1489.25,1891.8,"[""legacy_50k"", ""full"", ""minimum"", 8000]"
legacy_50k,full,minimum,9000,59100.0,2020-01-02T07:50:40,2026-07-13T21:30:40,12658,504820.0,136944.81,641764.81,513950.0,154161.1,42,20,44,97,44,3880.0,5250.0,9130.0,20600.0,662364.81,0,1,0,21.5,0,19,0,30001.93,0,0,2021-06-07T12:10:40,9,22,22,0,0.0455,35.49,123.35,830.17,0,60.67,16.82,18,18,15,1,0,20,20,2384.5694,40105.7572,16.8189,7585.63,125001.3,125411.74,7432.21,126653.86,7530.46,2317.9641,350.4336,1167.6504,7.5893,0.0065,2152.1671,201.4679,661.5955,6.8063,0.0,1,0,20,8,2489.25,2891.8,"[""legacy_50k"", ""full"", ""minimum"", 9000]"
legacy_50k,full,minimum,10000,60100.0,2020-01-02T07:50:40,2026-07-13T21:30:40,12658,486070.0,155694.81,641764.81,495200.0,174161.1,42,20,44,97,44,3880.0,5250.0,9130.0,20600.0,662364.81,0,1,0,21.5,0,19,0,30001.93,0,0,2021-06-07T12:10:40,9,22,22,0,0.0455,35.49,123.35,830.17,0,60.67,16.82,18,18,15,1,0,20,20,2384.5694,40105.7572,16.8189,7585.63,134761.73,135172.17,8012.53,136414.29,8110.79,2317.9641,380.4568,1270.6235,7.5893,0.0065,2152.1671,233.804,772.5014,6.8063,0.0,1,0,20,8,3489.25,3891.8,"[""legacy_50k"", ""full"", ""minimum"", 10000]"
legacy_50k,full,maximum,0,50100.0,2020-01-02T07:50:40,2026-07-13T21:30:40,12658,358270.94,0,358270.94,406335.94,24653.55,213,8,226,536,298,21440.0,26625.0,48065.0,20600.0,378870.94,0,0,0,21.5,0,202,0,191.79,181,0,2026-06-29T20:30:00,17,205,193,12,0.0049,49.2,126.04,10754.47,25.62,173.67,12.62,20,20,20,0,0,0,0,2384.5694,30009.4516,12.5849,17681.94,16655.13,17568.63,1323.43,24359.36,1935.61,2165.5134,730.24,2310.5814,5.0364,0.0235,1617.3625,582.1903,1375.6951,2.7129,0.1236,9,1,2,1,1018.55,1018.55,"[""legacy_50k"", ""full"", ""maximum"", 0]"
legacy_50k,full,maximum,1000,51100.0,2020-01-02T07:50:40,2026-07-13T21:30:40,12658,347983.1,0,347983.1,396468.1,24653.55,209,8,222,559,325,22360.0,26125.0,48485.0,20600.0,368583.1,0,0,0,21.5,0,198,0,191.79,177,0,2026-06-29T20:30:00,16,201,189,12,0.005,49.22,127.02,11587.96,25.62,173.67,12.26,20,20,19,0,0,0,0,2384.5694,29175.9699,12.2353,18515.42,16595.79,17489.53,1356.38,23683.82,1935.69,2165.5861,747.2622,2301.6386,5.1871,0.0235,1619.922,584.6751,1374.602,2.6824,0.1251,9,1,2,1,1018.55,1018.55,"[""legacy_50k"", ""full"", ""maximum"", 1000]"
legacy_50k,full,maximum,2000,52100.0,2020-01-02T07:50:40,2026-07-13T21:30:40,12658,350429.15,0,350429.15,395829.15,23968.75,200,8,213,510,285,20400.0,25000.0,45400.0,20600.0,371029.15,0,0,0,22.5,0,189,13,1247.76,168,0,2026-06-29T20:30:00,20,192,180,12,0.0052,50.39,126.16,10391.55,25.62,174.67,12.77,20,20,20,0,0,0,0,2384.5694,30372.3759,12.737,17319.01,17736.45,18500.15,1392.51,24188.66,1899.08,2145.7824,641.2123,2237.6399,4.8923,0.0396,1514.8419,524.3126,1348.0753,2.6336,0.0975,9,2,1,1,1018.55,1018.55,"[""legacy_50k"", ""full"", ""maximum"", 2000]"
legacy_50k,full,maximum,3000,53100.0,2020-01-02T07:50:40,2026-07-13T21:30:40,12658,459988.55,0,459988.55,493008.55,22203.2,148,7,162,363,192,14520.0,18500.0,33020.0,20600.0,480588.55,0,0,0,22.5,0,138,42,4423.28,117,0,2026-06-29T20:30:00,20,141,128,13,0.0071,45.46,121.35,7067.81,38.01,128.67,14.21,20,20,16,0,0,0,0,2384.5694,33824.119,14.1846,13867.27,28318.84,28993.07,1996.45,33286.42,2346.66,2232.2269,557.179,1936.2705,4.6146,0.1955,1744.7146,400.5819,1055.9358,2.5997,0.2895,5,3,1,1,1018.55,1018.55,"[""legacy_50k"", ""full"", ""maximum"", 3000]"
legacy_50k,full,maximum,3100,53200.0,2020-01-02T07:50:40,2026-07-13T21:30:40,12658,456637.4,0,456637.4,489082.4,22155.5,145,7,159,358,190,14320.0,18125.0,32445.0,20600.0,477237.4,0,0,0,22.5,0,135,42,5016.1,116,0,2026-06-29T20:30:00,20,138,125,13,0.0072,45.31,121.35,6957.9,38.01,128.67,14.27,20,20,16,0,0,0,0,2384.5694,33985.0275,14.2521,13706.36,29361.97,30028.23,2060.19,34214.33,2400.66,2232.2269,567.904,1926.0061,4.7747,0.1956,1853.0025,387.6382,1030.0122,2.6619,0.3297,5,3,1,1,1018.55,1018.55,"[""legacy_50k"", ""full"", ""maximum"", 3100]"
legacy_50k,full,maximum,3200,53300.0,2020-01-02T07:50:40,2026-07-13T21:30:40,12658,448151.5,0,448151.5,480761.5,21884.85,146,7,160,359,190,14360.0,18250.0,32610.0,20600.0,468751.5,0,0,0,22.5,0,136,42,4984.17,117,0,2026-06-29T20:30:00,20,139,126,13,0.0072,45.46,121.35,6962.99,38.01,127.67,14.27,20,20,16,0,0,0,0,2384.5694,33979.9396,14.2499,13711.45,29875.04,30543.06,2096.5,34741.05,2437.98,2233.5488,583.3632,2012.1655,4.7904,0.1527,1854.3245,399.4285,1098.088,2.6309,0.2893,5,3,1,1,1018.55,1018.55,"[""legacy_50k"", ""full"", ""maximum"", 3200]"
legacy_50k,full,maximum,3300,53400.0,2020-01-02T07:50:40,2026-07-13T21:30:40,12658,483381.1,0,483381.1,510626.1,21984.85,121,7,135,303,159,12120.0,15125.0,27245.0,20600.0,503981.1,0,0,0,22.5,0,111,22,13324.61,92,0,2026-06-29T20:30:00,20,114,101,13,0.0088,44.62,123.35,5452.77,38.01,71.67,14.9,19,19,17,0,0,0,0,2384.5694,35490.1551,14.8833,12201.23,32591.27,33229.74,2189.79,36514.89,2453.42,2273.7572,547.3272,1895.3497,4.504,0.2798,1992.7894,373.6003,990.461,2.5299,0.3117,3,2,1,1,1018.55,1018.55,"[""legacy_50k"", ""full"", ""maximum"", 3300]"
legacy_50k,full,maximum,3400,53500.0,2020-01-02T07:50:40,2026-07-13T21:30:40,12658,481323.0,0,481323.0,509668.0,22084.85,125,7,139,318,170,12720.0,15625.0,28345.0,20600.0,501923.0,0,0,0,22.5,0,115,22,13320.97,96,0,2026-06-29T20:30:00,20,118,105,13,0.0085,45.16,123.35,5847.55,38.01,71.67,14.73,20,20,16,0,0,0,0,2384.5694,35095.3757,14.7177,12596.01,33029.42,33692.49,2244.2,37036.44,2516.46,2289.985,571.2507,2010.3796,4.705,0.1592,1993.0171,396.3213,1112.8101,2.7873,0.1817,3,1,1,1,1018.55,1018.55,"[""legacy_50k"", ""full"", ""maximum"", 3400]"
legacy_50k,full,maximum,3500,53600.0,2020-01-02T07:50:40,2026-07-13T21:30:40,12658,478897.65,0,478897.65,507242.65,22184.85,125,7,139,318,170,12720.0,15625.0,28345.0,20600.0,499497.65,0,0,0,22.5,0,115,22,13344.14,96,0,2026-06-29T20:30:00,20,118,105,13,0.0085,45.31,123.35,5853.31,38.01,71.67,14.73,20,20,16,0,0,0,0,2384.5694,35089.6146,14.7153,12601.77,33958.87,34621.98,2307.73,37969.13,2580.25,2290.0405,587.2493,2057.9901,4.8021,0.1534,1993.0727,413.0487,1143.4345,2.8845,0.1695,3,1,1,1,1018.55,1018.55,"[""legacy_50k"", ""full"", ""maximum"", 3500]"
legacy_50k,full,maximum,3600,53700.0,2020-01-02T07:50:40,2026-07-13T21:30:40,12658,476359.6,0,476359.6,503524.6,21159.25,121,7,135,301,157,12040.0,15125.0,27165.0,20600.0,496959.6,0,0,0,22.5,0,111,22,13380.22,92,0,2026-06-29T20:30:00,20,114,101,13,0.0088,44.62,123.35,5386.64,38.01,71.67,14.93,19,19,17,0,0,0,0,2384.5694,35556.2824,14.911,12135.11,35166.93,35805.5,2358.46,39096.02,2621.96,2273.8127,584.2872,2065.419,4.811,0.1553,1992.8715,413.6664,1156.8223,2.8801,0.1696,3,2,1,1,1018.55,1018.55,"[""legacy_50k"", ""full"", ""maximum"", 3600]"
legacy_50k,full,maximum,3700,53800.0,2020-01-02T07:50:40,2026-07-13T21:30:40,12658,474600.85,0,474600.85,502905.85,26246.55,125,9,138,317,170,12680.0,15625.0,28305.0,20600.0,495200.85,0,1,0,22.5,0,113,22,13322.28,94,0,2026-06-29T20:30:00,20,116,105,11,0.0086,45.31,123.35,5807.16,38.01,71.67,14.75,20,20,16,1,0,20,20,2384.5694,35128.7632,14.7317,12562.63,35605.08,36268.18,2416.9,39611.82,2688.88,2289.8127,576.4753,1997.4845,4.5839,0.2827,1992.8449,385.2342,1042.2356,2.6507,0.3236,3,2,1,1,1018.55,1018.55,"[""legacy_50k"", ""full"", ""maximum"", 3700]"
legacy_50k,full,maximum,3800,53900.0,2020-01-02T07:50:40,2026-07-13T21:30:40,12658,460885.8,0,460885.8,488170.8,29140.2,121,10,133,304,162,12160.0,15125.0,27285.0,20600.0,481485.8,0,1,0,22.5,0,108,22,13321.28,89,0,2026-06-29T20:30:00,20,111,101,10,0.009,44.12,123.35,5448.45,38.01,70.67,14.9,19,19,16,1,0,20,20,2384.5694,35487.4757,14.8821,12203.91,36943.41,37585.52,2482.4,40874.2,2746.53,2290.9961,578.6252,2030.6699,4.648,0.2763,1994.0282,398.4426,1102.0925,2.7417,0.3073,3,2,1,1,1018.55,1018.55,"[""legacy_50k"", ""full"", ""maximum"", 3800]"
legacy_50k,full,maximum,3900,54000.0,2020-01-02T07:50:40,2026-07-13T21:30:40,12658,456601.15,0,456601.15,483846.15,29540.2,121,10,133,303,161,12120.0,15125.0,27245.0,20600.0,477201.15,0,1,0,22.5,0,108,22,13343.92,89,0,2026-06-29T20:30:00,20,111,101,10,0.009,44.12,123.35,5422.71,38.01,70.67,14.91,19,19,16,1,0,20,20,2384.5694,35513.215,14.8929,12178.17,37760.58,38402.78,2535.47,41698.53,2799.89,2291.0509,580.5341,2026.5922,4.6452,0.285,1995.4248,400.5863,1099.2688,2.7229,0.3117,3,2,1,1,1018.55,1018.55,"[""legacy_50k"", ""full"", ""maximum"", 3900]"
legacy_50k,full,maximum,4000,54100.0,2020-01-02T07:50:40,2026-07-13T21:30:40,12658,458282.65,0,458282.65,485207.65,29940.2,121,10,133,295,153,11800.0,15125.0,26925.0,20600.0,478882.65,0,1,0,22.5,0,108,22,13441.03,89,0,2026-06-29T20:30:00,20,111,101,10,0.009,44.62,123.35,5233.09,38.01,70.67,14.99,19,19,17,1,0,20,20,2384.5694,35702.8394,14.9724,11988.55,38697.94,39335.21,2584.61,42622.95,2846.76,2275.1519,592.2033,2065.0224,4.6615,0.2653,1995.5264,408.6163,1130.6698,2.7322,0.295,3,1,1,1,1018.55,1018.55,"[""legacy_50k"", ""full"", ""maximum"", 4000]"
legacy_50k,full,maximum,4100,54200.0,2020-01-02T07:50:40,2026-07-13T21:30:40,12658,453131.3,0,453131.3,480181.3,33105.75,122,11,133,295,153,11800.0,15250.0,27050.0,20600.0,473731.3,0,1,0,22.5,0,108,22,13485.45,89,0,2026-07-02T15:30:00,20,111,102,9,0.009,43.42,123.35,5222.87,25.49,66.67,15.0,19,19,17,1,0,20,20,2384.5694,35713.0546,14.9767,11978.33,39545.2,40165.35,2640.44,43469.28,2902.45,2278.3345,603.5238,2115.7511,4.765,0.1419,2001.1384,431.6903,1224.9279,2.9236,0.154,3,1,1,1,1018.55,1018.55,"[""legacy_50k"", ""full"", ""maximum"", 4100]"
legacy_50k,full,maximum,4200,54300.0,2020-01-02T07:50:40,2026-07-13T21:30:40,12658,447160.95,0,447160.95,474540.95,36046.85,124,12,134,297,154,11880.0,15500.0,27380.0,20600.0,467760.95,0,1,0,22.5,0,109,22,13486.86,90,0,2026-06-29T20:30:00,20,112,104,8,0.0089,43.42,123.35,5251.11,25.49,67.67,14.99,19,19,17,1,0,20,20,2384.5694,35684.8134,14.9649,12006.58,40017.65,40644.45,2674.1,43954.83,2937.2,2277.9498,577.4656,2006.5688,4.5585,0.2661,2006.8014,403.023,1107.0481,2.6831,0.2946,3,2,1,1,1018.55,1018.55,"[""legacy_50k"", ""full"", ""maximum"", 4200]"
legacy_50k,full,maximum,4300,54400.0,2020-01-02T07:50:40,2026-07-13T21:30:40,12658,445109.7,0,445109.7,472079.7,39187.95,122,13,131,293,153,11720.0,15250.0,26970.0,20600.0,465709.7,0,1,0,22.5,0,106,22,13486.02,87,0,2026-06-29T20:30:00,20,109,102,7,0.0092,43.62,123.35,5203.51,25.49,67.67,15.0,19,19,17,1,0,20,20,2384.5694,35732.4197,14.9849,11958.97,41265.62,41885.77,2753.82,45188.89,3015.64,2277.4049,616.7506,2088.2569,4.7284,0.1419,1997.7794,443.9525,1190.0757,2.8834,0.1543,3,2,1,1,1018.55,1018.55,"[""legacy_50k"", ""full"", ""maximum"", 4300]"
legacy_50k,full,maximum,4400,54500.0,2020-01-02T07:50:40,2026-07-13T21:30:40,12658,441470.75,0,441470.75,468400.75,39787.95,122,13,131,292,152,11680.0,15250.0,26930.0,20600.0,462070.75,0,1,0,22.5,0,106,22,13507.72,87,0,2026-06-29T20:30:00,20,109,102,7,0.0092,43.09,123.35,5162.65,25.49,66.67,15.02,19,19,17,1,0,20,20,2384.5694,35773.2792,15.002,11918.11,42148.8,42769.04,2809.55,46078.59,3071.5,2278.3345,621.0315,2094.6986,4.7259,0.1421,2001.1384,449.7914,1200.4148,2.8791,0.1543,3,2,1,1,1018.55,1018.55,"[""legacy_50k"", ""full"", ""maximum"", 4400]"
legacy_50k,full,maximum,4500,54600.0,2020-01-02T07:50:40,2026-07-13T21:30:40,12658,547501.94,0,547501.94,565021.94,34221.1,80,11,91,188,88,7520.0,10000.0,17520.0,20600.0,568101.94,0,1,0,21.5,0,66,22,20288.34,47,0,2026-06-29T20:30:00,20,69,60,9,0.0145,37.26,98.02,2851.48,118.92,79.67,15.98,19,19,17,1,0,20,20,2384.5694,38084.4502,15.9712,9606.94,51199.56,51642.26,3205.74,53514.02,3350.66,2282.0701,370.1272,1128.9415,3.6792,0.3029,2051.1065,189.5444,505.3523,2.4843,0.3186,3,2,0,0,,,"[""legacy_50k"", ""full"", ""maximum"", 4500]"
legacy_50k,full,maximum,5000,55100.0,2020-01-02T07:50:40,2026-07-13T21:30:40,12658,537260.48,0,537260.48,554100.48,36721.1,80,11,91,171,71,6840.0,10000.0,16840.0,20600.0,557860.48,0,1,0,21.5,0,66,21,20791.32,47,0,2026-06-29T20:30:00,20,69,60,9,0.0145,29.2,95.22,2415.38,116.12,72.67,16.16,18,18,19,1,0,20,20,2384.5694,38520.5468,16.1541,9170.84,56577.32,57012.98,3502.35,58821.6,3641.28,2297.5412,368.428,1178.755,3.6738,0.3016,2066.5775,196.2414,594.7731,2.5281,0.317,2,1,0,0,,,"[""legacy_50k"", ""full"", ""maximum"", 5000]"
legacy_50k,full,maximum,5700,55800.0,2020-01-02T07:50:40,2026-07-13T21:30:40,12658,549134.58,1898.95,551033.53,562439.58,49456.6,61,13,70,142,63,5680.0,7625.0,13305.0,20600.0,571633.53,0,1,0,21.5,0,45,20,27751.13,26,0,2026-06-29T20:30:00,20,48,41,7,0.0208,35.49,121.35,1772.9,112.54,68.67,16.43,18,18,15,1,0,20,20,2384.5694,39163.0248,16.4235,8528.36,69277.93,69703.57,4218.21,71228.46,4336.98,2309.3208,325.5773,995.0097,3.3808,0.4194,2107.0863,159.603,424.9449,2.2331,0.4463,2,1,0,0,,,"[""legacy_50k"", ""full"", ""maximum"", 5700]"
legacy_50k,full,maximum,6000,56100.0,2020-01-02T07:50:40,2026-07-13T21:30:40,12658,543231.4,0,543231.4,556536.4,49959.75,61,13,70,142,63,5680.0,7625.0,13305.0,20600.0,563831.4,0,1,0,21.5,0,45,20,27759.51,26,0,2026-06-29T20:30:00,20,48,41,7,0.0208,35.49,121.35,1764.53,112.12,68.67,16.43,18,18,15,1,0,20,20,2384.5694,39171.3998,16.427,8519.99,72739.99,73165.64,4428.07,74690.18,4546.78,2309.7396,312.1646,1002.4816,3.4557,0.4195,2107.5051,144.9507,433.2471,2.3154,0.4464,2,1,0,0,,,"[""legacy_50k"", ""full"", ""maximum"", 6000]"
legacy_50k,full,maximum,6100,56200.0,2020-01-02T07:50:40,2026-07-13T21:30:40,12658,541471.4,0,541471.4,554736.4,50884.9,61,13,70,141,62,5640.0,7625.0,13265.0,20600.0,562071.4,0,1,0,21.5,0,45,20,27777.88,26,0,2026-06-29T20:30:00,20,48,41,7,0.0208,35.49,121.35,1736.15,111.2,67.67,16.45,18,18,15,1,0,20,20,2384.5694,39199.7748,16.4389,8491.61,73243.9,73669.75,4455.51,75197.5,4574.35,2310.6583,319.3935,984.6273,3.3457,0.4197,2108.4238,153.0983,416.497,2.2018,0.4466,2,1,0,0,,,"[""legacy_50k"", ""full"", ""maximum"", 6100]"
legacy_50k,full,maximum,6200,56300.0,2020-01-02T07:50:40,2026-07-13T21:30:40,12658,539671.4,0,539671.4,552936.4,50884.9,61,13,70,141,62,5640.0,7625.0,13265.0,20600.0,560271.4,0,1,0,21.5,0,45,20,27777.88,26,0,2026-06-29T20:30:00,20,48,41,7,0.0208,35.49,121.35,1736.15,111.2,67.67,16.45,18,18,15,1,0,20,20,2384.5694,39199.7748,16.4389,8491.61,74415.59,74841.44,4526.79,76369.19,4645.63,2310.6583,317.8684,986.0069,3.3518,0.4197,2108.4238,151.4269,418.0089,2.2085,0.4466,2,1,0,0,,,"[""legacy_50k"", ""full"", ""maximum"", 6200]"
legacy_50k,full,maximum,6300,56400.0,2020-01-02T07:50:40,2026-07-13T21:30:40,12658,537871.4,0,537871.4,551136.4,50884.9,61,13,70,141,62,5640.0,7625.0,13265.0,20600.0,558471.4,0,1,0,21.5,0,45,20,27780.81,26,0,2026-06-29T20:30:00,20,48,41,7,0.0208,35.49,121.35,1733.22,111.06,67.67,16.45,18,18,15,1,0,20,20,2384.5694,39202.7053,16.4402,8488.68,75543.31,75969.15,4595.05,77496.78,4713.87,2310.8049,312.634,987.5418,3.3638,0.4197,2108.5704,145.702,419.7305,2.2217,0.4467,2,1,0,0,,,"[""legacy_50k"", ""full"", ""maximum"", 6300]"
legacy_50k,full,maximum,6400,56500.0,2020-01-02T07:50:40,2026-07-13T21:30:40,12658,536071.4,0,536071.4,549336.4,50884.9,61,13,70,141,62,5640.0,7625.0,13265.0,20600.0,556671.4,0,1,0,21.5,0,45,20,27780.81,26,0,2026-06-29T20:30:00,20,48,41,7,0.0208,35.49,121.35,1733.22,111.06,67.67,16.45,18,18,15,1,0,20,20,2384.5694,39202.7053,16.4402,8488.68,76713.35,77139.19,4666.22,78666.82,4785.04,2310.8049,308.1491,965.7927,3.2815,0.4197,2108.5704,140.787,395.8955,2.1316,0.4467,2,1,0,0,,,"[""legacy_50k"", ""full"", ""maximum"", 6400]"
legacy_50k,full,maximum,6500,56600.0,2020-01-02T07:50:40,2026-07-13T21:30:40,12658,534441.4,0,534441.4,547536.4,45353.8,59,11,70,143,64,5720.0,7375.0,13095.0,20600.0,555041.4,0,1,0,21.5,0,45,20,27817.88,26,0,2026-06-29T20:30:00,20,48,39,9,0.0208,35.49,123.35,1843.94,109.2,65.67,16.4,18,18,15,1,0,20,20,2384.5694,39091.9822,16.3937,8599.41,77774.85,78199.4,4744.18,79719.04,4862.78,2312.6583,301.3005,964.7658,3.2689,0.4202,2110.4238,131.1595,398.2731,2.1225,0.4472,2,1,0,0,,,"[""legacy_50k"", ""full"", ""maximum"", 6500]"
legacy_50k,full,maximum,6600,56700.0,2020-01-02T07:50:40,2026-07-13T21:30:40,12658,532641.4,0,532641.4,545736.4,45353.8,59,11,70,143,64,5720.0,7375.0,13095.0,20600.0,553241.4,0,1,0,21.5,0,45,20,27820.87,26,0,2026-06-29T20:30:00,20,48,39,9,0.0208,35.49,123.35,1840.96,109.05,65.67,16.4,18,18,15,1,0,20,20,2384.5694,39094.9683,16.395,8596.42,78986.81,79411.35,4817.74,80930.87,4936.32,2312.8076,301.4326,966.9005,3.2688,0.4202,2110.5731,131.3162,400.6525,2.1224,0.4472,2,1,0,0,,,"[""legacy_50k"", ""full"", ""maximum"", 6600]"
legacy_50k,full,maximum,6700,56800.0,2020-01-02T07:50:40,2026-07-13T21:30:40,12658,529946.4,0,529946.4,543936.4,27925.8,62,7,77,156,70,6240.0,7750.0,13990.0,20600.0,550546.4,0,1,0,21.5,0,52,20,27889.0,33,20,2026-06-29T20:30:00,20,55,42,13,0.0182,35.49,121.35,2103.25,38.01,61.67,16.3,18,18,15,1,0,20,20,2384.5694,38832.6782,16.285,8858.71,80714.6,81151.47,4956.38,82648.8,5075.15,2303.2141,343.0036,1006.309,3.281,0.4178,2113.9796,165.6635,425.5634,2.1111,0.4481,2,1,20,1,101.4,101.4,"[""legacy_50k"", ""full"", ""maximum"", 6700]"
legacy_50k,full,maximum,6800,56900.0,2020-01-02T07:50:40,2026-07-13T21:30:40,12658,542879.4,98885.6,641765.0,552009.4,111873.0,42,20,44,97,44,3880.0,5250.0,9130.0,20600.0,662365.0,0,1,0,21.5,0,19,0,30001.93,0,0,2021-06-07T12:10:40,9,22,22,0,0.0455,35.49,123.35,830.17,0,60.67,16.82,18,18,15,1,0,20,20,2384.5694,40105.7572,16.8189,7585.63,85026.12,85436.56,5055.4,86678.68,5153.66,2317.9641,290.7679,872.845,3.0977,0.4607,2152.1671,137.2057,344.0791,1.9687,0.4892,1,0,20,1,201.4,201.4,"[""legacy_50k"", ""full"", ""maximum"", 6800]"
legacy_50k,full,maximum,6900,57000.0,2020-01-02T07:50:40,2026-07-13T21:30:40,12658,541079.4,100685.6,641765.0,550209.4,113873.0,42,20,44,97,44,3880.0,5250.0,9130.0,20600.0,662365.0,0,1,0,21.5,0,19,0,30001.93,0,0,2021-06-07T12:10:40,9,22,22,0,0.0455,35.49,123.35,830.17,0,60.67,16.82,18,18,15,1,0,20,20,2384.5694,40105.7572,16.8189,7585.63,86045.68,86456.12,5116.02,87698.25,5214.28,2317.9641,278.958,879.0771,3.1844,0.4607,2152.1671,124.486,350.7913,2.0621,0.4892,1,0,20,1,301.4,301.4,"[""legacy_50k"", ""full"", ""maximum"", 6900]"
legacy_50k,full,maximum,7000,57100.0,2020-01-02T07:50:40,2026-07-13T21:30:40,12658,539279.39,102485.6,641764.99,548409.39,115873.0,42,20,44,97,44,3880.0,5250.0,9130.0,20600.0,662364.99,0,1,0,21.5,0,19,0,30001.93,0,0,2021-06-07T12:10:40,9,22,22,0,0.0455,35.49,123.35,830.17,0,60.67,16.82,18,18,15,1,0,20,20,2384.5694,40105.7572,16.8189,7585.63,87427.16,87837.6,5198.16,89079.73,5296.42,2317.9641,280.0163,885.4231,3.1944,0.4607,2152.1671,125.6258,357.6262,2.0728,0.4892,1,0,20,1,401.4,401.4,"[""legacy_50k"", ""full"", ""maximum"", 7000]"
legacy_50k,full,maximum,7100,57200.0,2020-01-02T07:50:40,2026-07-13T21:30:40,12658,537479.39,104285.6,641764.99,546609.39,117873.0,42,20,44,97,44,3880.0,5250.0,9130.0,20600.0,662364.99,0,1,0,21.5,0,19,0,30001.93,0,0,2021-06-07T12:10:40,9,22,22,0,0.0455,35.49,123.35,830.17,0,60.67,16.82,18,18,15,1,0,20,20,2384.5694,40105.7572,16.8189,7585.63,88641.34,89051.79,5270.35,90293.91,5368.61,2317.9641,265.948,835.5129,2.9856,0.5945,2152.1671,110.4737,303.8711,1.8479,0.6333,1,0,20,1,501.4,501.4,"[""legacy_50k"", ""full"", ""maximum"", 7100]"
legacy_50k,full,maximum,7200,57300.0,2020-01-02T07:50:40,2026-07-13T21:30:40,12658,535679.4,106085.6,641765.0,544809.4,119873.0,42,20,44,97,44,3880.0,5250.0,9130.0,20600.0,662365.0,0,1,0,21.5,0,19,0,30001.93,0,0,2021-06-07T12:10:40,9,22,22,0,0.0455,35.49,123.35,830.17,0,60.67,16.82,18,18,15,1,0,20,20,2384.5694,40105.7572,16.8189,7585.63,89809.43,90219.87,5339.8,91461.99,5438.06,2317.9641,264.5984,836.6159,3.0567,0.5945,2152.1671,109.0202,305.0591,1.9246,0.6333,1,0,20,1,601.4,601.4,"[""legacy_50k"", ""full"", ""maximum"", 7200]"
legacy_50k,full,maximum,7300,57400.0,2020-01-02T07:50:40,2026-07-13T21:30:40,12658,533879.4,107885.6,641765.0,543009.4,121873.0,42,20,44,97,44,3880.0,5250.0,9130.0,20600.0,662365.0,0,1,0,21.5,0,19,0,30001.93,0,0,2021-06-07T12:10:40,9,22,22,0,0.0455,35.49,123.35,830.17,0,60.67,16.82,18,18,15,1,0,20,20,2384.5694,40105.7572,16.8189,7585.63,90505.47,90915.91,5381.19,92158.03,5479.44,2317.9641,282.0763,881.127,3.2707,0.4607,2152.1671,127.8445,352.9991,2.155,0.4892,1,0,20,1,701.4,701.4,"[""legacy_50k"", ""full"", ""maximum"", 7300]"
legacy_50k,full,maximum,7400,57500.0,2020-01-02T07:50:40,2026-07-13T21:30:40,12658,532079.4,109685.6,641765.0,541209.4,123873.0,42,20,44,97,44,3880.0,5250.0,9130.0,20600.0,662365.0,0,1,0,21.5,0,19,0,30001.93,0,0,2021-06-07T12:10:40,9,22,22,0,0.0455,35.49,123.35,830.17,0,60.67,16.82,18,18,15,1,0,20,20,2384.5694,40105.7572,16.8189,7585.63,91786.19,92196.63,5457.33,93438.76,5555.59,2317.9641,280.8485,872.9979,3.2013,0.4607,2152.1671,126.5221,344.2438,2.0802,0.4892,1,0,20,1,801.4,801.4,"[""legacy_50k"", ""full"", ""maximum"", 7400]"
legacy_50k,full,maximum,7500,57600.0,2020-01-02T07:50:40,2026-07-13T21:30:40,12658,530279.4,111485.6,641765.0,539409.4,125873.0,42,20,44,97,44,3880.0,5250.0,9130.0,20600.0,662365.0,0,1,0,21.5,0,19,0,30001.93,0,0,2021-06-07T12:10:40,9,22,22,0,0.0455,35.49,123.35,830.17,0,60.67,16.82,18,18,15,1,0,20,20,2384.5694,40105.7572,16.8189,7585.63,93006.13,93416.57,5529.87,94658.69,5628.13,2317.9641,280.5686,861.0469,3.1978,0.4607,2152.1671,126.2206,331.3722,2.0765,0.4892,1,0,20,1,901.4,901.4,"[""legacy_50k"", ""full"", ""maximum"", 7500]"
legacy_50k,full,maximum,8000,58100.0,2020-01-02T07:50:40,2026-07-13T21:30:40,12658,521279.4,120485.6,641765.0,530409.4,135873.0,42,20,44,97,44,3880.0,5250.0,9130.0,20600.0,662365.0,0,1,0,21.5,0,19,0,30001.93,0,0,2021-06-07T12:10:40,9,22,22,0,0.0455,35.49,123.35,830.17,0,60.67,16.82,18,18,15,1,0,20,20,2384.5694,40105.7572,16.8189,7585.63,100046.74,100457.18,5948.48,101699.3,6046.74,2317.9641,284.8553,910.1179,3.4416,0.4607,2152.1671,130.8376,384.2234,2.339,0.4892,1,0,20,1,1401.4,1401.4,"[""legacy_50k"", ""full"", ""maximum"", 8000]"
legacy_50k,full,maximum,9000,59100.0,2020-01-02T07:50:40,2026-07-13T21:30:40,12658,503279.22,138485.6,641764.82,512409.22,155873.0,42,20,44,97,44,3880.0,5250.0,9130.0,20600.0,662364.82,0,1,0,21.5,0,19,0,30001.93,0,0,2021-06-07T12:10:40,9,22,22,0,0.0455,35.49,123.35,830.17,0,60.67,16.82,18,18,15,1,0,20,20,2384.5694,40105.7572,16.8189,7585.63,111525.89,111936.33,6631.0,113178.45,6729.26,2317.9641,298.1903,945.1143,3.7914,0.4607,2152.1671,145.1999,421.9158,2.7159,0.4892,1,0,20,1,2401.4,2401.4,"[""legacy_50k"", ""full"", ""maximum"", 9000]"
legacy_50k,full,maximum,10000,60100.0,2020-01-02T07:50:40,2026-07-13T21:30:40,12658,484370.58,157394.23,641764.81,493500.58,175873.0,42,20,44,97,44,3880.0,5250.0,9130.0,20600.0,662364.81,0,1,0,21.5,0,19,0,30001.93,0,0,2021-06-07T12:10:40,9,22,22,0,0.0455,35.49,123.35,830.17,0,60.67,16.82,18,18,15,1,0,20,20,2384.5694,40105.7572,16.8189,7585.63,122873.28,123283.72,7305.68,124525.84,7403.94,2317.9641,354.3043,1121.0856,4.1491,0.3386,2152.1671,205.6368,611.4435,3.1011,0.3577,1,0,20,1,3401.4,3401.4,"[""legacy_50k"", ""full"", ""maximum"", 10000]"
legacy_50k,start_2021,minimum,0,50100.0,2021-01-04T05:19:20,2026-07-13T21:30:40,10756,467360.0,0,467360.0,492000.0,31038.45,104,10,116,291,172,11640.0,13000.0,24640.0,18200.0,485560.0,0,0,0,21.0,0,91,21,8706.92,66,0,2026-06-29T20:30:00,17,94,84,10,0.0106,44.5,123.02,4780.8,126.54,105.78,13.8,20,20,20,0,0,0,0,2016.6745,27808.1213,13.7891,12525.37,34449.41,34767.84,2498.31,37342.01,2708.08,1883.8255,332.4731,1119.6084,5.0589,0.0585,1376.8762,185.0399,542.5529,4.9747,0.0007,6,0,0,0,,,"[""legacy_50k"", ""start_2021"", ""minimum"", 0]"
legacy_50k,start_2021,minimum,1000,51100.0,2021-01-04T05:19:20,2026-07-13T21:30:40,10756,467360.0,0,467360.0,492000.0,31038.45,104,10,116,291,172,11640.0,13000.0,24640.0,18200.0,485560.0,0,0,0,21.0,0,91,21,8706.92,66,0,2026-06-29T20:30:00,17,94,84,10,0.0106,44.5,123.02,4780.8,126.54,105.78,13.8,20,20,20,0,0,0,0,2016.6745,27808.1213,13.7891,12525.37,34449.41,34767.84,2498.31,37342.01,2708.08,1883.8255,332.4731,1119.6084,5.0589,0.0585,1376.8762,185.0399,542.5529,4.9747,0.0007,6,0,0,0,,,"[""legacy_50k"", ""start_2021"", ""minimum"", 1000]"
legacy_50k,start_2021,minimum,2000,52100.0,2021-01-04T05:19:20,2026-07-13T21:30:40,10756,467360.0,0,467360.0,492000.0,31038.45,104,10,116,291,172,11640.0,13000.0,24640.0,18200.0,485560.0,0,0,0,21.0,0,91,21,8706.92,66,0,2026-06-29T20:30:00,17,94,84,10,0.0106,44.5,123.02,4780.8,126.54,105.78,13.8,20,20,20,0,0,0,0,2016.6745,27808.1213,13.7891,12525.37,34449.41,34767.84,2498.31,37342.01,2708.08,1883.8255,332.4731,1119.6084,5.0589,0.0585,1376.8762,185.0399,542.5529,4.9747,0.0007,6,0,0,0,,,"[""legacy_50k"", ""start_2021"", ""minimum"", 2000]"
legacy_50k,start_2021,minimum,3000,53100.0,2021-01-04T05:19:20,2026-07-13T21:30:40,10756,528960.0,0,528960.0,544500.0,33820.45,68,11,78,176,95,7040.0,8500.0,15540.0,18200.0,547160.0,0,0,0,20.5,0,54,20,18328.63,36,0,2026-06-29T20:30:00,15,57,48,9,0.0175,40.52,96.1,2258.93,38.01,55.78,15.39,20,20,16,0,0,0,0,2016.6745,31018.9965,15.3813,9314.49,51776.02,52044.42,3366.18,52569.66,3417.77,1915.1447,354.794,1279.3668,6.5671,0.0355,1612.3759,193.8558,684.8145,6.7713,0.0,3,0,0,0,,,"[""legacy_50k"", ""start_2021"", ""minimum"", 3000]"
legacy_50k,start_2021,minimum,3100,53200.0,2021-01-04T05:19:20,2026-07-13T21:30:40,10756,522610.0,0,522610.0,538150.0,33820.45,68,11,78,176,95,7040.0,8500.0,15540.0,18200.0,540810.0,0,0,0,20.5,0,54,20,18337.45,36,0,2026-06-29T20:30:00,15,57,48,9,0.0175,40.03,96.1,2250.11,38.01,55.78,15.4,20,20,16,0,0,0,0,2016.6745,31027.8146,15.3856,9305.68,53383.62,53652.02,3469.71,54176.82,3521.26,1915.4199,362.2913,1305.2595,6.5676,0.0354,1612.6512,199.1677,704.0204,6.7719,0.0,3,1,0,0,,,"[""legacy_50k"", ""start_2021"", ""minimum"", 3100]"
legacy_50k,start_2021,minimum,3200,53300.0,2021-01-04T05:19:20,2026-07-13T21:30:40,10756,521290.0,0,521290.0,536550.0,34388.75,68,11,77,169,89,6760.0,8500.0,15260.0,18200.0,539490.0,0,0,0,20.5,0,54,20,18385.15,36,0,2026-06-29T20:30:00,16,57,48,9,0.0175,31.27,96.1,2087.12,38.01,54.78,15.48,20,20,17,0,0,0,0,2016.6745,31190.8028,15.4665,9142.69,54886.6,55158.0,3548.75,55714.69,3602.29,1929.628,360.4545,1345.6349,7.1863,0.0419,1614.3882,197.9886,759.0333,7.5375,0.0,3,0,0,0,,,"[""legacy_50k"", ""start_2021"", ""minimum"", 3200]"
legacy_50k,start_2021,minimum,3300,53400.0,2021-01-04T05:19:20,2026-07-13T21:30:40,10756,520290.0,0,520290.0,535550.0,34388.75,68,11,77,169,89,6760.0,8500.0,15260.0,18200.0,538490.0,0,0,0,20.5,0,54,20,18386.63,36,0,2026-06-29T20:30:00,16,57,48,9,0.0175,31.27,96.1,2083.61,38.01,54.78,15.48,20,20,17,0,0,0,0,2016.6745,31194.3148,15.4682,9139.18,55681.91,55953.3,3599.77,56509.82,3653.29,1929.628,365.7746,1365.1084,7.1882,0.0419,1614.3882,200.3156,754.6719,7.5397,0.0,3,0,0,0,,,"[""legacy_50k"", ""start_2021"", ""minimum"", 3300]"
legacy_50k,start_2021,minimum,3400,53500.0,2021-01-04T05:19:20,2026-07-13T21:30:40,10756,523040.0,0,523040.0,537700.0,35888.75,68,11,77,154,74,6160.0,8500.0,14660.0,18200.0,541240.0,0,0,0,20.5,0,54,20,18851.7,36,0,2026-06-29T20:30:00,18,57,48,9,0.0175,31.27,96.1,2103.84,38.01,60.78,15.72,20,20,19,0,0,0,0,2016.6745,31677.0898,15.7076,8656.4,56790.03,57056.78,3615.45,57529.98,3662.56,1930.8118,345.7501,1276.5132,6.0739,0.0467,1615.572,198.1693,738.1696,6.2743,0.0076,4,0,0,0,,,"[""legacy_50k"", ""start_2021"", ""minimum"", 3400]"
legacy_50k,start_2021,minimum,3500,53600.0,2021-01-04T05:19:20,2026-07-13T21:30:40,10756,522540.0,0,522540.0,537200.0,35888.75,68,11,77,154,74,6160.0,8500.0,14660.0,18200.0,540740.0,0,0,0,20.5,0,54,20,18853.02,36,0,2026-06-29T20:30:00,17,57,48,9,0.0175,31.27,96.1,2102.52,38.01,60.78,15.72,20,20,19,0,0,0,0,2016.6745,31678.4056,15.7082,8655.09,58906.52,59173.26,3750.04,59646.4,3797.14,1930.9194,341.4188,1269.5592,6.0743,0.0467,1615.6796,192.5278,729.1053,6.2748,0.0076,4,0,0,0,,,"[""legacy_50k"", ""start_2021"", ""minimum"", 3500]"
legacy_50k,start_2021,minimum,3600,53700.0,2021-01-04T05:19:20,2026-07-13T21:30:40,10756,517625.0,0,517625.0,532000.0,39245.75,67,12,75,150,72,6000.0,8375.0,14375.0,18200.0,535825.0,0,0,0,20.5,0,52,20,19215.26,35,0,2026-06-29T20:30:00,16,55,47,8,0.0182,28.49,96.1,1958.87,38.01,51.78,15.79,20,20,18,0,0,0,0,2016.6745,31822.0519,15.7795,8511.44,60566.8,60835.3,3838.33,61311.43,3885.52,1933.3488,366.9742,1355.6676,6.7412,0.0418,1618.109,217.7517,788.4609,7.0578,0.0,3,1,0,0,,,"[""legacy_50k"", ""start_2021"", ""minimum"", 3600]"
legacy_50k,start_2021,minimum,3700,53800.0,2021-01-04T05:19:20,2026-07-13T21:30:40,10756,529165.0,0,529165.0,542550.0,39245.75,61,12,70,144,71,5760.0,7625.0,13385.0,18200.0,547365.0,0,0,0,20.5,0,46,20,21447.11,35,0,2026-06-29T20:30:00,11,49,41,8,0.0204,35.49,96.1,1842.07,38.01,51.78,15.84,20,20,12,0,0,0,0,2016.6745,31938.8563,15.8374,8394.63,62250.77,62517.89,3930.62,62884.66,3970.65,1939.6569,402.3519,1427.8644,6.7305,0.0417,1653.1463,234.9328,843.7308,6.9581,0.0,3,1,0,0,,,"[""legacy_50k"", ""start_2021"", ""minimum"", 3700]"
legacy_50k,start_2021,minimum,3800,53900.0,2021-01-04T05:19:20,2026-07-13T21:30:40,10756,528215.0,0,528215.0,541600.0,39245.75,61,12,70,144,71,5760.0,7625.0,13385.0,18200.0,546415.0,0,0,0,20.5,0,46,20,21465.64,35,0,2026-06-29T20:30:00,11,49,41,8,0.0204,35.49,96.1,1823.54,38.01,51.78,15.85,20,20,12,0,0,0,0,2016.6745,31957.3819,15.8466,8376.11,63554.22,63821.34,4010.6,64187.19,4050.54,1940.3028,413.9015,1428.8041,6.7378,0.0385,1659.8398,243.7363,834.3205,6.9411,0.0,2,0,0,0,,,"[""legacy_50k"", ""start_2021"", ""minimum"", 3800]"
legacy_50k,start_2021,minimum,3900,54000.0,2021-01-04T05:19:20,2026-07-13T21:30:40,10756,528275.0,0,528275.0,541000.0,39245.75,57,12,66,140,71,5600.0,7125.0,12725.0,18200.0,546475.0,0,0,0,20.5,0,42,20,22124.92,33,0,2026-06-29T20:30:00,11,45,37,8,0.0222,36.65,98.53,1771.44,38.01,51.78,15.88,20,20,10,0,0,0,0,2016.6745,32009.4875,15.8724,8324.0,64536.03,64791.54,4065.92,65102.72,4101.63,1937.8764,423.1909,1451.2431,7.4448,0.0372,1660.2648,254.8055,857.9239,7.7563,0.0002,2,0,0,0,,,"[""legacy_50k"", ""start_2021"", ""minimum"", 3900]"
legacy_50k,start_2021,minimum,4000,54100.0,2021-01-04T05:19:20,2026-07-13T21:30:40,10756,528805.0,0,528805.0,541200.0,39245.75,55,12,64,138,71,5520.0,6875.0,12395.0,18200.0,547005.0,0,0,0,20.5,0,40,20,22331.59,32,0,2026-06-29T20:30:00,10,43,35,8,0.0233,36.65,98.53,1753.65,38.01,51.78,15.89,20,20,9,0,0,0,0,2016.6745,32027.2771,15.8812,8306.21,66447.48,66697.17,4184.03,66981.43,4217.65,1937.8764,429.427,1471.0897,8.1457,0.0372,1660.2648,264.2178,890.1779,8.5782,0.0,2,0,0,0,,,"[""legacy_50k"", ""start_2021"", ""minimum"", 4000]"
legacy_50k,start_2021,minimum,4100,54200.0,2021-01-04T05:19:20,2026-07-13T21:30:40,10756,523685.0,0,523685.0,535500.0,34537.85,51,11,61,136,72,5440.0,6375.0,11815.0,18200.0,541885.0,0,0,0,20.5,0,37,20,22430.34,29,0,2026-06-29T20:30:00,10,40,31,9,0.025,39.53,95.77,1771.75,116.67,50.78,15.88,15,15,9,0,0,0,0,2016.6745,32009.1729,15.8723,8324.32,67599.73,67842.72,4258.99,68085.49,4289.59,1940.6329,430.5182,1511.5974,8.1037,0.0428,1663.0213,269.171,931.4365,8.555,0.0008,2,1,0,0,,,"[""legacy_50k"", ""start_2021"", ""minimum"", 4100]"
legacy_50k,start_2021,minimum,4200,54300.0,2021-01-04T05:19:20,2026-07-13T21:30:40,10756,523235.0,0,523235.0,535050.0,34537.85,51,11,61,136,72,5440.0,6375.0,11815.0,18200.0,541435.0,0,0,0,20.5,0,37,20,22433.92,29,0,2026-06-29T20:30:00,10,40,31,9,0.025,39.53,95.77,1768.17,116.67,50.78,15.88,15,15,9,0,0,0,0,2016.6745,32012.7521,15.874,8320.74,68464.23,68707.22,4312.97,68949.81,4343.56,1940.6329,442.6419,1567.8052,8.1054,0.0428,1663.0213,282.7016,996.9648,8.5569,0.0008,2,0,0,0,,,"[""legacy_50k"", ""start_2021"", ""minimum"", 4200]"
legacy_50k,start_2021,minimum,4300,54400.0,2021-01-04T05:19:20,2026-07-13T21:30:40,10756,522825.0,0,522825.0,534600.0,34537.85,51,11,61,135,71,5400.0,6375.0,11775.0,18200.0,541025.0,0,0,0,20.5,0,37,20,22461.91,29,0,2026-06-29T20:30:00,10,40,31,9,0.025,36.77,95.77,1726.38,116.27,50.78,15.9,15,15,9,0,0,0,0,2016.6745,32054.5481,15.8948,8278.94,69919.19,70162.3,4398.88,70412.45,4429.92,1941.0306,448.5824,1575.5045,8.1146,0.0428,1663.419,287.5048,1006.0855,8.5676,0.0008,2,0,0,0,,,"[""legacy_50k"", ""start_2021"", ""minimum"", 4300]"
legacy_50k,start_2021,minimum,4400,54500.0,2021-01-04T05:19:20,2026-07-13T21:30:40,10756,520035.0,0,520035.0,531400.0,34537.85,49,11,59,131,69,5240.0,6125.0,11365.0,18200.0,538235.0,0,0,0,20.5,0,35,20,22481.73,27,0,2026-06-29T20:30:00,10,38,29,9,0.0263,35.49,95.22,1678.83,116.12,50.78,15.93,15,15,9,0,0,0,0,2016.6745,32102.0963,15.9183,8231.39,70857.06,71088.07,4451.29,71316.25,4480.13,1941.1796,454.7502,1632.2344,8.1476,0.0428,1663.5681,303.4955,1087.9199,8.5959,0.0009,2,1,0,0,,,"[""legacy_50k"", ""start_2021"", ""minimum"", 4400]"
legacy_50k,start_2021,minimum,4500,54600.0,2021-01-04T05:19:20,2026-07-13T21:30:40,10756,519120.0,0,519120.0,530900.0,34537.85,52,11,62,132,67,5280.0,6500.0,11780.0,18200.0,537320.0,0,0,0,20.5,0,38,20,22482.6,30,0,2026-06-29T20:30:00,10,41,32,9,0.0244,36.77,95.22,1633.81,116.12,50.78,15.95,15,15,9,0,0,0,0,2016.6745,32147.1144,15.9407,8186.38,72592.72,72828.54,4553.94,73081.4,4584.59,1941.1796,467.102,1635.1735,8.148,0.0428,1663.5681,311.487,1082.6843,8.5964,0.0008,2,1,0,0,,,"[""legacy_50k"", ""start_2021"", ""minimum"", 4500]"
legacy_50k,start_2021,minimum,5000,55100.0,2021-01-04T05:19:20,2026-07-13T21:30:40,10756,509620.0,0,509620.0,521400.0,34537.85,52,11,62,132,67,5280.0,6500.0,11780.0,18200.0,527820.0,0,0,0,20.5,0,38,20,22517.15,30,0,2026-06-29T20:30:00,10,41,32,9,0.0244,36.06,91.85,1599.27,112.54,46.78,15.96,15,15,9,0,0,0,0,2016.6745,32181.6604,15.9578,8151.83,78689.43,78925.24,4931.1,79176.39,4961.61,1944.5549,510.5055,1811.8191,8.1411,0.0427,1666.9433,362.79,1289.867,8.5873,0.0008,2,0,0,0,,,"[""legacy_50k"", ""start_2021"", ""minimum"", 5000]"
legacy_50k,start_2021,minimum,5700,55800.0,2021-01-04T05:19:20,2026-07-13T21:30:40,10756,493900.0,1902.1,495802.1,504950.0,49459.75,50,13,58,120,59,4800.0,6250.0,11050.0,18200.0,514002.1,0,0,0,20.5,0,34,20,22970.7,28,0,2026-06-29T20:30:00,10,37,30,7,0.027,34.58,90.31,1338.78,111.2,45.78,16.09,15,15,7,0,0,0,0,2016.6745,32442.1444,16.087,7891.35,87757.24,87985.65,5455.18,88215.52,5483.67,1946.0979,600.8414,2119.514,9.6447,0.037,1668.4863,470.1058,1649.1474,10.3127,0.0,2,1,0,0,,,"[""legacy_50k"", ""start_2021"", ""minimum"", 5700]"
legacy_50k,start_2021,minimum,6000,56100.0,2021-01-04T05:19:20,2026-07-13T21:30:40,10756,488840.0,0,488840.0,499850.0,50884.9,50,13,58,119,58,4760.0,6250.0,11010.0,18200.0,507040.0,0,0,0,20.5,0,34,20,22985.06,28,0,2026-06-29T20:30:00,11,37,30,7,0.027,34.58,88.31,1314.43,109.05,43.78,16.1,15,15,7,0,0,0,0,2016.6745,32466.4993,16.099,7866.99,91843.59,92072.24,5704.92,92306.1,5733.64,1948.0979,633.6159,2203.8953,9.5984,0.037,1670.4863,509.9933,1751.357,10.2661,0.0,2,0,0,0,,,"[""legacy_50k"", ""start_2021"", ""minimum"", 6000]"
legacy_50k,start_2021,minimum,6100,56200.0,2021-01-04T05:19:20,2026-07-13T21:30:40,10756,484490.0,0,484490.0,495500.0,50884.9,50,13,58,119,58,4760.0,6250.0,11010.0,18200.0,502690.0,0,0,0,20.5,0,34,20,23005.08,28,0,2026-06-29T20:30:00,7,37,30,7,0.027,34.58,88.02,1294.4,108.92,43.78,16.11,15,15,7,0,0,0,0,2016.6745,32486.5213,16.109,7846.97,93015.98,93244.63,5774.18,93477.5,5802.83,1948.3829,646.2761,2269.4913,9.6039,0.037,1670.7713,525.3885,1827.9294,10.2724,0.0,2,1,0,0,,,"[""legacy_50k"", ""start_2021"", ""minimum"", 6100]"
legacy_50k,start_2021,minimum,6200,56300.0,2021-01-04T05:19:20,2026-07-13T21:30:40,10756,484040.0,0,484040.0,495050.0,50884.9,50,13,58,119,58,4760.0,6250.0,11010.0,18200.0,502240.0,0,0,0,20.5,0,34,20,23010.64,28,1,2026-06-29T20:30:00,7,37,30,7,0.027,34.58,88.02,1288.85,105.65,39.78,16.12,15,15,7,0,0,0,0,2016.6745,32492.0771,16.1117,7841.41,93681.53,93910.17,5814.5,94142.77,5843.13,1948.3829,653.0507,2305.9979,9.6051,0.037,1670.7713,533.5327,1870.5018,10.2738,0.0,2,0,1,1,124.0,124.0,"[""legacy_50k"", ""start_2021"", ""minimum"", 6200]"
legacy_50k,start_2021,minimum,6300,56400.0,2021-01-04T05:19:20,2026-07-13T21:30:40,10756,484155.0,4576.9,488731.9,495000.0,52000.85,49,13,57,118,58,4720.0,6125.0,10845.0,18200.0,506931.9,0,0,0,20.5,0,33,19,23127.25,27,2,2026-06-29T20:30:00,6,36,29,7,0.0278,35.12,84.75,1262.13,105.65,38.78,16.13,14,14,7,0,0,0,0,2016.6745,32518.7921,16.125,7814.7,95095.58,95323.64,5897.42,95536.07,5924.73,1951.6537,675.2657,2390.8196,9.6495,0.0302,1674.5421,550.4568,1932.3995,10.3,0.0,1,0,3,3,124.0,244.7,"[""legacy_50k"", ""start_2021"", ""minimum"", 6300]"
legacy_50k,start_2021,minimum,6400,56500.0,2021-01-04T05:19:20,2026-07-13T21:30:40,10756,487925.0,32391.16,520316.16,497700.0,61263.95,43,13,51,110,56,4400.0,5375.0,9775.0,18200.0,538516.16,0,0,0,20.5,0,27,13,23793.58,21,2,2026-06-29T20:30:00,5,30,23,7,0.0333,35.49,84.75,1104.18,105.65,38.78,16.21,9,9,7,0,0,0,0,2016.6745,32676.7477,16.2033,7656.74,96649.84,96874.59,5964.83,96991.99,5985.95,1953.4037,701.9584,2422.0568,9.5682,0.0302,1712.2296,560.684,1934.6013,10.0431,0.0,1,0,9,4,124.0,310.05,"[""legacy_50k"", ""start_2021"", ""minimum"", 6400]"
legacy_50k,start_2021,minimum,6500,56600.0,2021-01-04T05:19:20,2026-07-13T21:30:40,10756,489860.0,42406.19,532266.19,498650.0,72004.5,38,15,44,101,54,4040.0,4750.0,8790.0,18200.0,550466.19,0,0,0,20.5,0,20,11,24011.84,14,2,2026-06-25T23:30:00,5,23,18,5,0.0435,28.68,130.02,967.35,108.92,38.78,16.27,9,9,7,0,0,0,0,2016.6745,32813.5743,16.2711,7519.92,98784.95,99004.22,6071.18,99065.52,6088.42,1953.4037,693.2401,2401.3247,9.6574,0.0302,1712.2296,571.3155,1962.0611,10.1705,0.0,1,0,11,6,124.0,444.75,"[""legacy_50k"", ""start_2021"", ""minimum"", 6500]"
legacy_50k,start_2021,minimum,6600,56700.0,2021-01-04T05:19:20,2026-07-13T21:30:40,10756,495800.0,87223.24,583023.24,503000.0,100873.5,32,19,34,80,43,3200.0,4000.0,7200.0,18200.0,601223.24,0,0,0,20.5,0,10,2,24992.63,4,2,2026-03-30T06:00:00,2,13,12,1,0.0769,34.58,130.02,521.02,105.65,38.78,16.49,9,9,7,0,0,0,0,2016.6745,33259.9104,16.4925,7073.58,101328.03,101540.23,6143.9,101468.24,6152.4,1953.4037,672.7672,2398.5283,9.9312,0.0302,1712.2296,560.889,1965.368,10.4887,0.0,1,0,20,12,124.0,526.85,"[""legacy_50k"", ""start_2021"", ""minimum"", 6600]"
legacy_50k,start_2021,minimum,6700,56800.0,2021-01-04T05:19:20,2026-07-13T21:30:40,10756,496410.0,92141.51,588551.51,503450.0,106438.25,32,20,33,76,40,3040.0,4000.0,7040.0,18200.0,606751.51,0,0,0,20.5,0,9,1,25098.28,3,1,2026-03-30T06:00:00,2,12,12,0,0.0833,34.58,130.02,415.37,0,38.78,16.55,9,9,7,0,0,0,0,2016.6745,33365.5567,16.5448,6967.93,102422.81,102635.0,6190.62,102557.77,6198.78,1953.4037,688.6546,2443.2228,9.9853,0.0302,1712.2296,577.9064,2016.3579,10.5504,0.0,1,0,20,12,168.75,624.0,"[""legacy_50k"", ""start_2021"", ""minimum"", 6700]"
legacy_50k,start_2021,minimum,6800,56900.0,2021-01-04T05:19:20,2026-07-13T21:30:40,10756,496625.0,97850.05,594475.05,503500.0,108190.75,31,20,32,75,40,3000.0,3875.0,6875.0,18200.0,612675.05,0,0,0,20.5,0,8,0,25203.93,2,0,2023-01-05T22:50:40,2,11,11,0,0.0909,35.12,130.02,413.62,0,38.78,16.55,9,9,7,0,0,0,0,2016.6745,33367.3067,16.5457,6966.18,103830.32,104040.75,6275.36,103937.14,6281.82,1953.4037,687.6103,2400.4966,9.9862,0.0302,1712.2296,584.2767,2006.5244,10.5727,0.0,1,0,20,12,310.05,744.7,"[""legacy_50k"", ""start_2021"", ""minimum"", 6800]"
legacy_50k,start_2021,minimum,6900,57000.0,2021-01-04T05:19:20,2026-07-13T21:30:40,10756,493925.0,100550.05,594475.05,500800.0,111190.75,31,20,32,75,40,3000.0,3875.0,6875.0,18200.0,612675.05,0,0,0,20.5,0,8,0,25203.93,2,0,2023-01-05T22:50:40,2,11,11,0,0.0909,35.12,130.02,413.62,0,38.78,16.55,9,9,7,0,0,0,0,2016.6745,33367.3067,16.5457,6966.18,105020.25,105230.68,6347.28,105127.07,6353.74,1953.4037,705.6359,2433.356,9.9862,0.0302,1712.2296,604.9313,2044.0121,10.5727,0.0,1,0,20,12,414.3,810.05,"[""legacy_50k"", ""start_2021"", ""minimum"", 6900]"
legacy_50k,start_2021,minimum,7000,57100.0,2021-01-04T05:19:20,2026-07-13T21:30:40,10756,492975.0,101500.05,594475.05,499850.0,112190.75,31,20,32,75,40,3000.0,3875.0,6875.0,18200.0,612675.05,0,0,0,20.5,0,8,0,25203.93,2,0,2023-01-05T22:50:40,2,11,11,0,0.0909,35.12,130.02,413.62,0,38.78,16.55,9,9,7,0,0,0,0,2016.6745,33367.3067,16.5457,6966.18,106773.08,106983.51,6453.22,106879.9,6459.68,1953.4037,714.8324,2446.2514,9.9862,0.0302,1712.2296,615.9827,2058.7239,10.5727,0.0,1,0,20,12,497.15,944.75,"[""legacy_50k"", ""start_2021"", ""minimum"", 7000]"
legacy_50k,start_2021,minimum,7100,57200.0,2021-01-04T05:19:20,2026-07-13T21:30:40,10756,488625.0,105850.05,594475.05,495500.0,116690.75,31,20,32,75,40,3000.0,3875.0,6875.0,18200.0,612675.05,0,0,0,20.5,0,8,0,25203.93,2,0,2023-01-05T22:50:40,2,11,11,0,0.0909,35.12,130.02,413.62,0,38.78,16.55,9,9,7,0,0,0,0,2016.6745,33367.3067,16.5457,6966.18,107998.88,108209.31,6527.3,108105.7,6533.76,1953.4037,721.8664,2483.2161,9.9862,0.0302,1712.2296,624.2214,2100.8952,10.5727,0.0,1,0,20,12,624.0,1026.85,"[""legacy_50k"", ""start_2021"", ""minimum"", 7100]"
legacy_50k,start_2021,minimum,7200,57300.0,2021-01-04T05:19:20,2026-07-13T21:30:40,10756,488175.0,106300.05,594475.05,495050.0,117190.75,31,20,32,75,40,3000.0,3875.0,6875.0,18200.0,612675.05,0,0,0,20.5,0,8,0,25203.93,2,0,2023-01-05T22:50:40,2,11,11,0,0.0909,35.12,130.02,413.62,0,38.78,16.55,9,9,7,0,0,0,0,2016.6745,33367.3067,16.5457,6966.18,108613.48,108823.91,6564.45,108720.3,6570.91,1953.4037,729.7045,2532.9102,9.9862,0.0302,1712.2296,633.4035,2157.5889,10.5727,0.0,1,0,20,12,668.75,1124.0,"[""legacy_50k"", ""start_2021"", ""minimum"", 7200]"
legacy_50k,start_2021,minimum,7300,57400.0,2021-01-04T05:19:20,2026-07-13T21:30:40,10756,487225.0,107250.05,594475.05,494100.0,118190.75,31,20,32,75,40,3000.0,3875.0,6875.0,18200.0,612675.05,0,0,0,20.5,0,8,0,25203.93,2,0,2023-01-05T22:50:40,2,11,11,0,0.0909,35.12,130.02,413.62,0,38.78,16.55,9,9,7,0,0,0,0,2016.6745,33367.3067,16.5457,6966.18,109921.77,110132.2,6643.52,110028.59,6649.98,1953.4037,738.6126,2551.034,9.9862,0.0302,1712.2296,643.6749,2178.2655,10.5727,0.0,1,0,20,12,810.05,1244.7,"[""legacy_50k"", ""start_2021"", ""minimum"", 7300]"
legacy_50k,start_2021,minimum,7400,57500.0,2021-01-04T05:19:20,2026-07-13T21:30:40,10756,484525.0,109950.05,594475.05,491400.0,121190.75,31,20,32,75,40,3000.0,3875.0,6875.0,18200.0,612675.05,0,0,0,20.5,0,8,0,25203.93,2,0,2023-01-05T22:50:40,2,11,11,0,0.0909,35.12,130.02,413.62,0,38.78,16.55,9,9,7,0,0,0,0,2016.6745,33367.3067,16.5457,6966.18,110889.05,111099.48,6701.98,110995.87,6708.44,1953.4037,755.3557,2603.9197,9.9862,0.0302,1712.2296,663.1665,2238.6004,10.5727,0.0,1,0,20,12,914.3,1310.05,"[""legacy_50k"", ""start_2021"", ""minimum"", 7400]"
legacy_50k,start_2021,minimum,7500,57600.0,2021-01-04T05:19:20,2026-07-13T21:30:40,10756,484025.0,110450.05,594475.05,490900.0,121690.75,31,20,32,75,40,3000.0,3875.0,6875.0,18200.0,612675.05,0,0,0,20.5,0,8,0,25203.93,2,0,2023-01-05T22:50:40,2,11,11,0,0.0909,35.12,130.02,413.62,0,38.78,16.55,9,9,7,0,0,0,0,2016.6745,33367.3067,16.5457,6966.18,112615.38,112825.81,6806.32,112722.2,6812.78,1953.4037,773.1783,2661.4758,9.9862,0.0302,1712.2296,684.1016,2304.2634,10.5727,0.0,1,0,20,12,944.75,1414.3,"[""legacy_50k"", ""start_2021"", ""minimum"", 7500]"
legacy_50k,start_2021,minimum,8000,58100.0,2021-01-04T05:19:20,2026-07-13T21:30:40,10756,474525.0,119950.05,594475.05,481400.0,131690.75,31,20,32,75,40,3000.0,3875.0,6875.0,18200.0,612675.05,0,0,0,20.5,0,8,0,25203.93,2,0,2023-01-05T22:50:40,2,11,11,0,0.0909,35.12,130.02,413.62,0,38.78,16.55,9,9,7,0,0,0,0,2016.6745,33367.3067,16.5457,6966.18,118722.44,118932.88,7175.42,118829.27,7181.88,1953.4037,839.6449,2861.3832,9.9862,0.0302,1712.2296,761.4981,2532.3286,10.5727,0.0,1,0,20,12,1444.75,1914.3,"[""legacy_50k"", ""start_2021"", ""minimum"", 8000]"
legacy_50k,start_2021,minimum,9000,59100.0,2021-01-04T05:19:20,2026-07-13T21:30:40,10756,455475.0,139000.05,594475.05,462350.0,151690.75,31,20,32,75,40,3000.0,3875.0,6875.0,18200.0,612675.05,0,0,0,20.5,0,8,0,25203.93,2,0,2023-01-05T22:50:40,2,11,11,0,0.0909,35.12,130.02,413.62,0,38.78,16.55,9,9,7,0,0,0,0,2016.6745,33367.3067,16.5457,6966.18,129620.55,129830.98,7834.09,129727.37,7840.55,1953.4037,969.8359,3305.0224,9.9862,0.0302,1712.2296,912.2568,3038.4561,10.5727,0.0,1,0,20,12,2444.75,2914.3,"[""legacy_50k"", ""start_2021"", ""minimum"", 9000]"
legacy_50k,start_2021,minimum,10000,60100.0,2021-01-04T05:19:20,2026-07-13T21:30:40,10756,436075.0,158400.05,594475.05,442950.0,171690.75,31,20,32,75,40,3000.0,3875.0,6875.0,18200.0,612675.05,0,0,0,20.5,0,8,0,25203.93,2,0,2023-01-05T22:50:40,2,11,11,0,0.0909,35.12,130.02,413.62,0,38.78,16.55,9,9,7,0,0,0,0,2016.6745,33367.3067,16.5457,6966.18,139548.24,139758.67,8434.11,139655.06,8440.56,1953.4037,1060.6729,3669.9589,9.9862,0.0302,1712.2296,1016.5552,3454.7953,10.5727,0.0,1,0,20,12,3444.75,3914.3,"[""legacy_50k"", ""start_2021"", ""minimum"", 10000]"
legacy_50k,start_2021,maximum,0,50100.0,2021-01-04T05:19:20,2026-07-13T21:30:40,10756,347456.49,0,347456.49,388801.49,24653.55,173,8,188,493,302,19720.0,21625.0,41345.0,18200.0,365656.49,0,0,0,21.5,0,162,0,191.79,130,0,2026-06-29T20:30:00,14,165,153,12,0.0061,49.22,141.05,9380.88,25.62,137.78,11.54,20,20,20,0,0,0,0,2016.6745,23215.0479,11.5115,17118.44,16800.19,17578.05,1459.42,23153.62,2011.34,1836.3394,785.8943,2440.055,4.2766,0.0495,1406.4206,634.5288,1482.9093,2.6643,0.1338,6,1,2,1,1018.55,1018.55,"[""legacy_50k"", ""start_2021"", ""maximum"", 0]"
legacy_50k,start_2021,maximum,1000,51100.0,2021-01-04T05:19:20,2026-07-13T21:30:40,10756,344618.2,0,344618.2,385798.2,24653.55,172,8,186,492,303,19680.0,21500.0,41180.0,18200.0,362818.2,0,0,0,21.5,0,161,0,191.79,129,0,2026-06-29T20:30:00,13,164,152,12,0.0061,50.44,130.02,9370.66,25.62,137.78,11.53,20,20,19,0,0,0,0,2016.6745,23197.2708,11.5027,17136.22,17324.56,18050.83,1506.13,23011.73,2000.54,1836.5391,808.6028,2475.2767,4.7628,0.0494,1425.7275,642.1601,1507.2082,2.7898,0.1319,6,0,2,1,1018.55,1018.55,"[""legacy_50k"", ""start_2021"", ""maximum"", 1000]"
legacy_50k,start_2021,maximum,2000,52100.0,2021-01-04T05:19:20,2026-07-13T21:30:40,10756,338566.75,0,338566.75,376991.75,23968.75,165,8,179,445,263,17800.0,20625.0,38425.0,18200.0,356766.75,0,0,0,22.5,0,154,10,989.33,127,0,2026-06-29T20:30:00,20,157,145,12,0.0064,50.31,126.04,8243.79,25.62,138.78,12.1,20,20,20,0,0,0,0,2016.6745,24347.1373,12.0729,15986.35,18450.61,19029.11,1528.27,23563.55,1951.77,1818.769,684.8039,2405.0617,4.3903,0.0687,1323.4667,574.0384,1479.9176,2.7186,0.1027,6,1,1,1,1018.55,1018.55,"[""legacy_50k"", ""start_2021"", ""maximum"", 2000]"
legacy_50k,start_2021,maximum,3000,53100.0,2021-01-04T05:19:20,2026-07-13T21:30:40,10756,414974.55,0,414974.55,443264.55,22203.2,122,7,137,326,186,13040.0,15250.0,28290.0,18200.0,433174.55,0,0,0,22.5,0,112,37,4271.06,92,0,2026-06-29T20:30:00,20,115,102,13,0.0087,45.23,96.1,5848.88,38.01,49.78,13.61,19,19,16,0,0,0,0,2016.6745,27403.0438,13.5882,12930.45,29314.47,29812.93,2157.34,32926.18,2423.14,1882.9771,600.9179,2208.8557,4.2973,0.2017,1412.5025,480.852,1329.0108,2.9018,0.2158,3,1,1,1,1018.55,1018.55,"[""legacy_50k"", ""start_2021"", ""maximum"", 3000]"
legacy_50k,start_2021,maximum,3100,53200.0,2021-01-04T05:19:20,2026-07-13T21:30:40,10756,409921.4,0,409921.4,438376.4,22155.5,123,7,138,327,186,13080.0,15375.0,28455.0,18200.0,428121.4,0,0,0,22.5,0,113,37,4271.06,92,0,2026-06-29T20:30:00,20,116,103,13,0.0086,45.16,96.1,5863.38,38.01,49.78,13.6,19,19,16,0,0,0,0,2016.6745,27388.5456,13.581,12944.95,30126.67,30631.19,2218.29,33759.43,2485.78,1867.6664,602.8432,2245.8169,4.4171,0.2034,1413.065,494.7492,1373.9605,3.047,0.2158,3,1,1,1,1018.55,1018.55,"[""legacy_50k"", ""start_2021"", ""maximum"", 3100]"
legacy_50k,start_2021,maximum,3200,53300.0,2021-01-04T05:19:20,2026-07-13T21:30:40,10756,402414.75,0,402414.75,430869.75,21884.85,123,7,138,327,186,13080.0,15375.0,28455.0,18200.0,420614.75,0,0,0,22.5,0,113,37,4262.96,92,0,2026-06-29T20:30:00,20,116,103,13,0.0086,45.31,96.1,5866.58,38.01,49.78,13.6,19,19,16,0,0,0,0,2016.6745,27385.3456,13.5795,12948.15,30591.46,31096.0,2252.78,34218.51,2519.87,1868.9884,607.5221,2262.0646,4.2603,0.2032,1414.387,500.5537,1375.7118,2.8409,0.216,3,1,1,1,1018.55,1018.55,"[""legacy_50k"", ""start_2021"", ""maximum"", 3200]"
legacy_50k,start_2021,maximum,3300,53400.0,2021-01-04T05:19:20,2026-07-13T21:30:40,10756,433066.9,0,433066.9,457096.9,21984.85,102,7,116,282,163,11280.0,12750.0,24030.0,18200.0,451266.9,0,0,0,22.5,0,92,20,11662.79,74,0,2026-06-29T20:30:00,20,95,82,13,0.0105,44.62,126.16,4718.4,38.01,49.78,14.18,19,19,16,0,0,0,0,2016.6745,28559.5275,14.1617,11773.96,33246.62,33725.45,2347.64,35906.96,2535.5,1909.1968,588.7108,2212.8514,4.0512,0.1906,1552.8519,453.4755,1263.1425,2.7563,0.1963,3,1,1,1,1018.55,1018.55,"[""legacy_50k"", ""start_2021"", ""maximum"", 3300]"
legacy_50k,start_2021,maximum,3400,53500.0,2021-01-04T05:19:20,2026-07-13T21:30:40,10756,431235.9,0,431235.9,455465.9,22084.85,102,7,116,287,168,11480.0,12750.0,24230.0,18200.0,449435.9,0,0,0,22.5,0,92,20,11689.79,74,0,2026-06-29T20:30:00,20,95,82,13,0.0105,45.09,126.16,4852.95,38.01,48.78,14.11,19,19,16,0,0,0,0,2016.6745,28424.9741,14.095,11908.52,34012.85,34496.74,2413.12,36687.19,2602.86,1925.8294,598.0518,2272.1689,4.2414,0.1974,1553.4845,465.5825,1346.0332,3.0254,0.1965,3,1,1,1,1018.55,1018.55,"[""legacy_50k"", ""start_2021"", ""maximum"", 3400]"
legacy_50k,start_2021,maximum,3500,53600.0,2021-01-04T05:19:20,2026-07-13T21:30:40,10756,429303.6,0,429303.6,453533.6,22184.85,102,7,117,287,167,11480.0,12750.0,24230.0,18200.0,447503.6,0,0,0,22.5,0,92,20,11703.91,74,0,2026-06-29T20:30:00,20,95,82,13,0.0105,45.36,126.1,4868.9,38.01,48.78,14.1,19,19,16,0,0,0,0,2016.6745,28409.0234,14.0871,11924.47,34943.97,35427.07,2480.57,37619.65,2670.51,1925.4801,607.1302,2297.735,4.2163,0.1973,1553.1352,469.9357,1357.3596,2.994,0.1963,3,1,1,1,1018.55,1018.55,"[""legacy_50k"", ""start_2021"", ""maximum"", 3500]"
legacy_50k,start_2021,maximum,3600,53700.0,2021-01-04T05:19:20,2026-07-13T21:30:40,10756,424475.1,0,424475.1,448465.1,21159.25,102,7,116,281,162,11240.0,12750.0,23990.0,18200.0,442675.1,0,0,0,22.5,0,92,20,11662.91,74,0,2026-06-29T20:30:00,20,95,82,13,0.0105,44.62,126.1,4674.27,38.01,49.78,14.2,19,19,16,0,0,0,0,2016.6745,28603.6579,14.1836,11729.83,35898.37,36377.27,2530.98,38562.73,2718.83,1909.5366,612.2869,2332.7022,4.2545,0.1776,1553.2183,469.6235,1366.4167,3.0066,0.1804,3,1,1,1,1018.55,1018.55,"[""legacy_50k"", ""start_2021"", ""maximum"", 3600]"
legacy_50k,start_2021,maximum,3700,53800.0,2021-01-04T05:19:20,2026-07-13T21:30:40,10756,426369.55,0,426369.55,450559.55,26246.55,102,9,115,286,168,11440.0,12750.0,24190.0,18200.0,444569.55,0,0,0,22.5,0,90,20,11702.91,72,0,2026-06-29T20:30:00,20,93,82,11,0.0108,49.62,126.1,4866.34,38.01,48.78,14.1,19,19,16,0,0,0,0,2016.6745,28411.5843,14.0883,11921.91,36904.42,37387.6,2619.5,39586.19,2809.86,1925.2523,620.2398,2341.6082,4.2834,0.1973,1552.9074,470.1407,1383.9248,3.0757,0.1963,3,1,1,1,1018.55,1018.55,"[""legacy_50k"", ""start_2021"", ""maximum"", 3700]"
legacy_50k,start_2021,maximum,3800,53900.0,2021-01-04T05:19:20,2026-07-13T21:30:40,10756,418225.85,0,418225.85,442295.85,29140.2,102,10,113,283,167,11320.0,12750.0,24070.0,18200.0,436425.85,0,0,0,22.5,0,89,20,11681.91,71,0,2026-06-29T20:30:00,20,92,82,10,0.0109,44.62,126.1,4767.35,38.01,48.78,14.15,19,19,16,0,0,0,0,2016.6745,28510.5771,14.1374,11822.91,37902.4,38385.46,2681.0,40569.52,2869.65,1926.4356,621.1187,2321.9185,3.9953,0.2461,1554.0907,463.2399,1336.9345,2.7195,0.3234,3,2,1,1,1018.55,1018.55,"[""legacy_50k"", ""start_2021"", ""maximum"", 3800]"
legacy_50k,start_2021,maximum,3900,54000.0,2021-01-04T05:19:20,2026-07-13T21:30:40,10756,413906.5,0,413906.5,437976.5,29540.2,102,10,113,283,167,11320.0,12750.0,24070.0,18200.0,432106.5,0,0,0,22.5,0,89,20,11683.0,71,0,2026-06-29T20:30:00,20,92,82,10,0.0109,44.62,126.04,4763.03,38.01,48.78,14.15,19,19,16,0,0,0,0,2016.6745,28514.8988,14.1396,11818.59,38725.97,39209.03,2738.84,41392.87,2927.45,1926.4905,632.7502,2388.0626,4.1362,0.1978,1555.4873,478.9267,1414.447,2.8925,0.2179,3,2,1,1,1018.55,1018.55,"[""legacy_50k"", ""start_2021"", ""maximum"", 3900]"
legacy_50k,start_2021,maximum,4000,54100.0,2021-01-04T05:19:20,2026-07-13T21:30:40,10756,408587.55,0,408587.55,432377.55,29940.2,102,10,113,276,160,11040.0,12750.0,23790.0,18200.0,426787.55,0,0,0,22.5,0,89,20,11655.0,71,0,2026-06-29T20:30:00,20,92,82,10,0.0109,44.62,126.04,4561.32,38.01,48.78,14.25,19,19,16,0,0,0,0,2016.6745,28716.6042,14.2396,11616.89,39530.37,40008.43,2776.09,42186.15,2962.6,1910.5914,636.9538,2418.2278,4.1948,0.1908,1555.5889,489.437,1434.6099,2.9323,0.1965,3,1,1,1,1018.55,1018.55,"[""legacy_50k"", ""start_2021"", ""maximum"", 4000]"
legacy_50k,start_2021,maximum,4100,54200.0,2021-01-04T05:19:20,2026-07-13T21:30:40,10756,404380.7,0,404380.7,428210.7,33105.75,102,11,112,277,162,11080.0,12750.0,23830.0,18200.0,422580.7,0,0,0,22.5,0,88,20,11697.76,70,0,2026-07-02T15:30:00,19,91,82,9,0.011,44.12,130.02,4579.69,25.49,44.78,14.25,19,19,16,0,0,0,0,2016.6745,28698.2359,14.2305,11635.25,40484.92,40938.2,2844.95,43073.11,3026.82,1913.7741,661.6556,2533.9408,4.5519,0.0577,1561.2009,521.557,1570.8547,3.3427,0.0329,3,1,1,1,1018.55,1018.55,"[""legacy_50k"", ""start_2021"", ""maximum"", 4100]"
legacy_50k,start_2021,maximum,4200,54300.0,2021-01-04T05:19:20,2026-07-13T21:30:40,10756,399275.0,0,399275.0,423435.0,36046.85,104,12,113,279,163,11160.0,13000.0,24160.0,18200.0,417475.0,0,0,0,22.5,0,89,20,11697.81,71,0,2026-06-29T20:30:00,19,92,84,8,0.0109,44.12,130.02,4607.27,25.49,43.78,14.24,19,19,16,0,0,0,0,2016.6745,28670.6519,14.2168,11662.84,41040.25,41501.41,2886.74,43643.91,3069.88,1913.3894,664.2518,2525.4577,4.5009,0.0571,1566.8639,516.3897,1560.1413,3.2712,0.0321,3,1,1,1,1018.55,1018.55,"[""legacy_50k"", ""start_2021"", ""maximum"", 4200]"
legacy_50k,start_2021,maximum,4300,54400.0,2021-01-04T05:19:20,2026-07-13T21:30:40,10756,398720.35,0,398720.35,422475.35,39187.95,103,13,111,272,158,10880.0,12875.0,23755.0,18200.0,416920.35,0,0,0,22.5,0,87,20,11743.06,69,0,2026-06-29T20:30:00,20,90,83,7,0.0111,43.62,130.02,4464.44,25.49,39.78,14.31,19,19,16,0,0,0,0,2016.6745,28813.4868,14.2876,11520.0,42441.45,42899.43,2970.5,45105.12,3156.94,1927.3734,670.5768,2498.1419,4.3319,0.1469,1571.6639,530.2158,1558.3057,3.2017,0.1427,2,1,1,1,1018.55,1018.55,"[""legacy_50k"", ""start_2021"", ""maximum"", 4300]"
legacy_50k,start_2021,maximum,4400,54500.0,2021-01-04T05:19:20,2026-07-13T21:30:40,10756,394156.2,0,394156.2,417911.2,39787.95,103,13,111,272,158,10880.0,12875.0,23755.0,18200.0,412356.2,0,0,0,22.5,0,87,20,11743.06,69,0,2026-06-29T20:30:00,20,90,83,7,0.0111,43.22,130.02,4451.38,25.49,39.78,14.31,19,19,16,0,0,0,0,2016.6745,28826.5451,14.2941,11506.95,43241.98,43699.96,3025.16,45905.0,3211.47,1927.4769,676.3818,2522.3877,4.4137,0.1496,1574.9037,537.9959,1584.7978,3.2975,0.1511,2,1,1,1,1018.55,1018.55,"[""legacy_50k"", ""start_2021"", ""maximum"", 4400]"
legacy_50k,start_2021,maximum,4500,54600.0,2021-01-04T05:19:20,2026-07-13T21:30:40,10756,506817.83,0,506817.83,520602.83,34221.1,61,11,71,154,80,6160.0,7625.0,13785.0,18200.0,525017.83,0,0,0,20.5,0,47,20,19008.58,29,0,2026-06-29T20:30:00,20,50,41,9,0.02,39.02,98.02,2142.06,118.92,59.78,15.7,20,20,18,0,0,0,0,2016.6745,31637.8657,15.6881,8695.62,54847.04,55090.61,3496.08,55527.17,3539.44,1932.0748,350.6711,1232.276,2.9866,0.3873,1625.734,198.7547,640.6462,2.6259,0.4168,3,1,0,0,,,"[""legacy_50k"", ""start_2021"", ""maximum"", 4500]"
legacy_50k,start_2021,maximum,5000,55100.0,2021-01-04T05:19:20,2026-07-13T21:30:40,10756,497847.9,0,497847.9,511277.9,36721.1,62,11,71,142,68,5680.0,7750.0,13430.0,18200.0,516047.9,0,0,0,20.5,0,48,20,19132.52,30,0,2026-06-29T20:30:00,20,51,42,9,0.0196,29.2,95.22,1837.01,116.12,57.78,15.85,15,15,19,0,0,0,0,2016.6745,31943.9194,15.8399,8389.57,60930.44,61167.87,3846.64,61603.8,3889.15,1933.7912,380.5436,1402.1783,3.1887,0.3856,1627.4505,241.0524,862.8385,2.8377,0.4098,3,1,0,0,,,"[""legacy_50k"", ""start_2021"", ""maximum"", 5000]"
legacy_50k,start_2021,maximum,5700,55800.0,2021-01-04T05:19:20,2026-07-13T21:30:40,10756,499906.22,1898.95,501805.17,510956.22,49456.6,50,13,58,120,59,4800.0,6250.0,11050.0,18200.0,520005.17,0,0,0,20.5,0,34,20,22953.13,28,0,2026-06-29T20:30:00,20,37,30,7,0.027,34.58,91.64,1356.35,112.54,46.78,16.09,15,15,7,0,0,0,0,2016.6745,32424.5743,16.0782,7908.92,72756.39,72984.8,4525.15,73215.54,4553.7,1944.7604,520.0735,1836.6272,3.8186,0.375,1667.1488,382.1087,1322.8845,3.517,0.3943,2,1,0,0,,,"[""legacy_50k"", ""start_2021"", ""maximum"", 5700]"
legacy_50k,start_2021,maximum,6000,56100.0,2021-01-04T05:19:20,2026-07-13T21:30:40,10756,493763.05,0,493763.05,504813.05,49959.75,50,13,58,120,59,4800.0,6250.0,11050.0,18200.0,511963.05,0,0,0,20.5,0,34,20,22961.51,28,0,2026-06-29T20:30:00,20,37,30,7,0.027,34.58,91.22,1347.98,112.12,46.78,16.09,15,15,7,0,0,0,0,2016.6745,32432.9493,16.0824,7900.54,76279.78,76508.19,4743.06,76738.52,4771.59,1945.1792,543.456,1944.9254,3.984,0.3752,1667.5676,405.5576,1445.2346,3.71,0.3945,2,1,0,0,,,"[""legacy_50k"", ""start_2021"", ""maximum"", 6000]"
legacy_50k,start_2021,maximum,6100,56200.0,2021-01-04T05:19:20,2026-07-13T21:30:40,10756,491923.05,0,491923.05,502933.05,50884.9,50,13,58,119,58,4760.0,6250.0,11010.0,18200.0,510123.05,0,0,0,20.5,0,34,20,22979.88,28,0,2026-06-29T20:30:00,20,37,30,7,0.027,34.58,90.31,1319.6,111.2,45.78,16.1,15,15,7,0,0,0,0,2016.6745,32461.3243,16.0965,7872.17,77107.47,77336.11,4790.34,77570.24,4819.09,1946.0979,538.8094,1936.8572,3.8465,0.3755,1668.4863,402.971,1439.3451,3.558,0.3948,2,1,0,0,,,"[""legacy_50k"", ""start_2021"", ""maximum"", 6100]"
legacy_50k,start_2021,maximum,6200,56300.0,2021-01-04T05:19:20,2026-07-13T21:30:40,10756,490043.05,0,490043.05,501053.05,50884.9,50,13,58,119,58,4760.0,6250.0,11010.0,18200.0,508243.05,0,0,0,20.5,0,34,20,22979.88,28,0,2026-06-29T20:30:00,20,37,30,7,0.027,34.58,90.31,1319.6,111.2,45.78,16.1,15,15,7,0,0,0,0,2016.6745,32461.3243,16.0965,7872.17,78353.15,78581.8,4867.73,78815.92,4896.48,1946.0979,551.701,1968.9363,3.8295,0.3755,1668.4863,417.8569,1476.7618,3.5382,0.3948,2,1,0,0,,,"[""legacy_50k"", ""start_2021"", ""maximum"", 6200]"
legacy_50k,start_2021,maximum,6300,56400.0,2021-01-04T05:19:20,2026-07-13T21:30:40,10756,488163.05,0,488163.05,499173.05,50884.9,50,13,58,119,58,4760.0,6250.0,11010.0,18200.0,506363.05,0,0,0,20.5,0,34,20,22982.81,28,0,2026-06-29T20:30:00,20,37,30,7,0.027,34.58,90.16,1316.67,111.06,45.78,16.1,15,15,7,0,0,0,0,2016.6745,32464.2549,16.0979,7869.24,79394.47,79623.12,4931.97,79857.1,4960.71,1946.2444,552.2852,1943.3572,3.6639,0.3755,1668.6329,415.393,1446.9703,3.345,0.3948,2,1,0,0,,,"[""legacy_50k"", ""start_2021"", ""maximum"", 6300]"
legacy_50k,start_2021,maximum,6400,56500.0,2021-01-04T05:19:20,2026-07-13T21:30:40,10756,486283.05,0,486283.05,497293.05,50884.9,50,13,58,119,58,4760.0,6250.0,11010.0,18200.0,504483.05,0,0,0,20.5,0,34,20,22982.81,28,0,2026-06-29T20:30:00,20,37,30,7,0.027,34.58,90.16,1316.67,111.06,45.78,16.1,15,15,7,0,0,0,0,2016.6745,32464.2549,16.0979,7869.24,80792.61,81021.26,5018.82,81255.24,5047.56,1946.2444,572.2557,2001.0044,3.7677,0.3755,1668.6329,438.9119,1514.2083,3.4661,0.3948,2,1,0,0,,,"[""legacy_50k"", ""start_2021"", ""maximum"", 6400]"
legacy_50k,start_2021,maximum,6500,56600.0,2021-01-04T05:19:20,2026-07-13T21:30:40,10756,484573.05,0,484573.05,495413.05,45353.8,48,11,58,121,60,4840.0,6000.0,10840.0,18200.0,502773.05,0,0,0,20.5,0,34,20,23019.88,28,0,2026-06-29T20:30:00,20,37,28,9,0.027,28.68,88.31,1427.39,109.2,43.78,16.05,13,13,7,0,0,0,0,2016.6745,32353.5317,16.043,7979.96,81625.63,81852.74,5087.92,82077.28,5116.08,1948.0979,574.6521,2013.8092,3.6568,0.3761,1670.4863,439.218,1533.4744,3.3418,0.3955,2,1,0,0,,,"[""legacy_50k"", ""start_2021"", ""maximum"", 6500]"
legacy_50k,start_2021,maximum,6600,56700.0,2021-01-04T05:19:20,2026-07-13T21:30:40,10756,482684.34,0,482684.34,493524.34,45353.8,48,11,58,121,60,4840.0,6000.0,10840.0,18200.0,500884.34,0,0,0,20.5,0,34,20,23022.87,28,0,2026-06-29T20:30:00,20,37,28,9,0.027,28.68,88.16,1424.41,109.05,43.78,16.05,13,13,7,0,0,0,0,2016.6745,32356.5178,16.0445,7976.97,83029.87,83256.98,5174.98,83481.37,5203.12,1948.2472,597.2289,2152.1488,4.0549,0.3762,1670.6356,468.3044,1694.845,3.8061,0.3956,2,1,0,0,,,"[""legacy_50k"", ""start_2021"", ""maximum"", 6600]"
legacy_50k,start_2021,maximum,6700,56800.0,2021-01-04T05:19:20,2026-07-13T21:30:40,10756,479891.87,0,479891.87,491626.87,27925.8,51,7,65,134,66,5360.0,6375.0,11735.0,18200.0,498091.87,0,0,0,20.5,0,41,20,23091.0,35,20,2026-06-29T20:30:00,20,44,31,13,0.0227,37.75,84.75,1686.7,38.01,39.78,15.92,14,14,7,0,0,0,0,2016.6745,32094.2278,15.9144,8239.26,84197.05,84438.74,5290.61,84636.89,5318.25,1938.6537,650.24,2215.2002,4.2032,0.3731,1674.0421,513.294,1735.6746,3.9389,0.3968,2,1,20,1,101.4,101.4,"[""legacy_50k"", ""start_2021"", ""maximum"", 6700]"
legacy_50k,start_2021,maximum,6800,56900.0,2021-01-04T05:19:20,2026-07-13T21:30:40,10756,493209.83,101265.31,594475.14,500084.83,111873.0,31,20,32,75,40,3000.0,3875.0,6875.0,18200.0,612675.14,0,0,0,20.5,0,8,0,25203.93,2,0,2023-01-05T22:50:40,2,11,11,0,0.0909,35.12,130.02,413.62,0,38.78,16.55,9,9,7,0,0,0,0,2016.6745,33367.3067,16.5457,6966.18,88937.25,89147.68,5375.25,89044.07,5381.7,1953.4037,599.6896,2089.0698,4.0203,0.4243,1712.2296,485.5862,1651.2319,3.7665,0.4496,1,0,20,1,201.4,201.4,"[""legacy_50k"", ""start_2021"", ""maximum"", 6800]"
legacy_50k,start_2021,maximum,6900,57000.0,2021-01-04T05:19:20,2026-07-13T21:30:40,10756,491329.83,103145.31,594475.14,498204.83,113873.0,31,20,32,75,40,3000.0,3875.0,6875.0,18200.0,612675.14,0,0,0,20.5,0,8,0,25203.93,2,0,2023-01-05T22:50:40,2,11,11,0,0.0909,35.12,130.02,413.62,0,38.78,16.55,9,9,7,0,0,0,0,2016.6745,33367.3067,16.5457,6966.18,90142.02,90352.45,5448.06,90248.84,5454.52,1953.4037,606.6212,2102.6516,3.9041,0.4115,1712.2296,491.7539,1666.7268,3.6339,0.435,1,0,20,1,301.4,301.4,"[""legacy_50k"", ""start_2021"", ""maximum"", 6900]"
legacy_50k,start_2021,maximum,7000,57100.0,2021-01-04T05:19:20,2026-07-13T21:30:40,10756,489449.83,105025.31,594475.14,496324.83,115873.0,31,20,32,75,40,3000.0,3875.0,6875.0,18200.0,612675.14,0,0,0,20.5,0,8,0,25203.93,2,0,2023-01-05T22:50:40,2,11,11,0,0.0909,35.12,130.02,413.62,0,38.78,16.55,9,9,7,0,0,0,0,2016.6745,33367.3067,16.5457,6966.18,91620.61,91831.05,5537.43,91727.44,5543.88,1953.4037,626.1234,2183.2369,4.1145,0.4115,1712.2296,514.2559,1758.6628,3.8739,0.435,1,0,20,1,401.4,401.4,"[""legacy_50k"", ""start_2021"", ""maximum"", 7000]"
legacy_50k,start_2021,maximum,7100,57200.0,2021-01-04T05:19:20,2026-07-13T21:30:40,10756,487565.97,106909.17,594475.14,494440.97,117873.0,31,20,32,75,40,3000.0,3875.0,6875.0,18200.0,612675.14,0,0,0,20.5,0,8,0,25203.93,2,0,2023-01-05T22:50:40,2,11,11,0,0.0909,35.12,130.02,413.62,0,38.78,16.55,9,9,7,0,0,0,0,2016.6745,33367.3067,16.5457,6966.18,92820.03,93030.46,5609.92,92926.85,5616.37,1953.4037,633.4556,2174.395,4.095,0.4243,1712.2296,523.1648,1748.5754,3.8517,0.4496,1,0,20,1,501.4,501.4,"[""legacy_50k"", ""start_2021"", ""maximum"", 7100]"
legacy_50k,start_2021,maximum,7200,57300.0,2021-01-04T05:19:20,2026-07-13T21:30:40,10756,485673.37,108801.77,594475.14,492548.37,119873.0,31,20,32,75,40,3000.0,3875.0,6875.0,18200.0,612675.14,0,0,0,20.5,0,8,0,25203.93,2,0,2023-01-05T22:50:40,2,11,11,0,0.0909,35.12,130.02,413.62,0,38.78,16.55,9,9,7,0,0,0,0,2016.6745,33367.3067,16.5457,6966.18,94012.52,94222.95,5681.99,94119.34,5688.44,1953.4037,641.8895,2207.2056,4.2194,0.4243,1712.2296,532.9526,1786.0076,3.9936,0.4496,1,0,20,1,601.4,601.4,"[""legacy_50k"", ""start_2021"", ""maximum"", 7200]"
legacy_50k,start_2021,maximum,7300,57400.0,2021-01-04T05:19:20,2026-07-13T21:30:40,10756,483773.37,110701.77,594475.14,490648.37,121873.0,31,20,32,75,40,3000.0,3875.0,6875.0,18200.0,612675.14,0,0,0,20.5,0,8,0,25203.93,2,0,2023-01-05T22:50:40,2,11,11,0,0.0909,35.12,130.02,413.62,0,38.78,16.55,9,9,7,0,0,0,0,2016.6745,33367.3067,16.5457,6966.18,94921.51,95131.94,5736.93,95028.33,5743.38,1953.4037,639.1857,2228.5566,4.1452,0.4243,1712.2296,529.6851,1810.3659,3.909,0.4496,1,0,20,1,701.4,701.4,"[""legacy_50k"", ""start_2021"", ""maximum"", 7300]"
legacy_50k,start_2021,maximum,7400,57500.0,2021-01-04T05:19:20,2026-07-13T21:30:40,10756,481873.37,112601.77,594475.14,488748.37,123873.0,31,20,32,75,40,3000.0,3875.0,6875.0,18200.0,612675.14,0,0,0,20.5,0,8,0,25203.93,2,0,2023-01-05T22:50:40,2,11,11,0,0.0909,35.12,130.02,413.62,0,38.78,16.55,9,9,7,0,0,0,0,2016.6745,33367.3067,16.5457,6966.18,96033.65,96244.08,5804.14,96140.47,5810.6,1953.4037,645.3056,2231.3562,4.0387,0.4243,1712.2296,536.7566,1813.5598,3.7875,0.4496,1,0,20,1,801.4,801.4,"[""legacy_50k"", ""start_2021"", ""maximum"", 7400]"
legacy_50k,start_2021,maximum,7500,57600.0,2021-01-04T05:19:20,2026-07-13T21:30:40,10756,479973.37,114501.77,594475.14,486848.37,125873.0,31,20,32,75,40,3000.0,3875.0,6875.0,18200.0,612675.14,0,0,0,20.5,0,8,0,25203.93,2,0,2023-01-05T22:50:40,2,11,11,0,0.0909,35.12,130.02,413.62,0,38.78,16.55,9,9,7,0,0,0,0,2016.6745,33367.3067,16.5457,6966.18,97358.3,97568.73,5884.2,97465.12,5890.66,1953.4037,659.3866,2306.1315,4.2875,0.4187,1712.2296,553.5866,1898.8676,4.0713,0.4432,1,0,20,1,901.4,901.4,"[""legacy_50k"", ""start_2021"", ""maximum"", 7500]"
legacy_50k,start_2021,maximum,8000,58100.0,2021-01-04T05:19:20,2026-07-13T21:30:40,10756,470473.37,124001.77,594475.14,477348.37,135873.0,31,20,32,75,40,3000.0,3875.0,6875.0,18200.0,612675.14,0,0,0,20.5,0,8,0,25203.93,2,0,2023-01-05T22:50:40,2,11,11,0,0.0909,35.12,130.02,413.62,0,38.78,16.55,9,9,7,0,0,0,0,2016.6745,33367.3067,16.5457,6966.18,103892.8,104103.23,6279.14,103999.62,6285.6,1953.4037,738.3682,2509.9994,4.4396,0.4115,1712.2296,645.5575,2131.4511,4.2448,0.435,1,0,20,1,1401.4,1401.4,"[""legacy_50k"", ""start_2021"", ""maximum"", 8000]"
legacy_50k,start_2021,maximum,9000,59100.0,2021-01-04T05:19:20,2026-07-13T21:30:40,10756,451400.42,143074.66,594475.08,458275.42,155873.0,31,20,32,75,40,3000.0,3875.0,6875.0,18200.0,612675.08,0,0,0,20.5,0,8,0,25203.93,2,0,2023-01-05T22:50:40,2,11,11,0,0.0909,35.12,130.02,413.62,0,38.78,16.55,9,9,7,0,0,0,0,2016.6745,33367.3067,16.5457,6966.18,115384.72,115595.15,6973.69,115491.54,6980.15,1953.4037,847.5058,2922.039,4.8476,0.387,1712.2296,772.5283,2601.528,4.7103,0.407,1,0,20,1,2401.4,2401.4,"[""legacy_50k"", ""start_2021"", ""maximum"", 9000]"
legacy_50k,start_2021,maximum,10000,60100.0,2021-01-04T05:19:20,2026-07-13T21:30:40,10756,431903.57,162571.48,594475.05,438778.57,175873.0,31,20,32,75,40,3000.0,3875.0,6875.0,18200.0,612675.05,0,0,0,20.5,0,8,0,25203.93,2,0,2023-01-05T22:50:40,2,11,11,0,0.0909,35.12,130.02,413.62,0,38.78,16.55,9,9,7,0,0,0,0,2016.6745,33367.3067,16.5457,6966.18,126250.54,126460.97,7630.41,126357.36,7636.87,1953.4037,946.2525,3215.6234,5.1665,0.387,1712.2296,885.9826,2936.4649,5.0741,0.407,1,0,20,1,3401.4,3401.4,"[""legacy_50k"", ""start_2021"", ""maximum"", 10000]"
legacy_50k,start_2022,minimum,0,50100.0,2022-01-03T04:33:40,2026-07-13T21:30:40,8845,411030.0,0,411030.0,429500.0,31038.45,62,10,74,268,194,10720.0,7750.0,18470.0,15800.0,426830.0,0,0,0,20.5,0,46,21,8654.9,31,0,2026-06-29T20:30:00,16,52,42,10,0.0192,56.45,194.05,3644.13,126.54,115.81,12.28,20,20,20,0,0,0,0,1652.7062,20278.7919,12.2701,12775.33,35391.11,35519.84,2884.35,36662.73,2987.98,1499.7095,346.8605,1043.5178,4.713,0.0475,1229.3558,155.7052,474.3555,4.4198,0.0455,5,0,0,0,,,"[""legacy_50k"", ""start_2022"", ""minimum"", 0]"
legacy_50k,start_2022,minimum,1000,51100.0,2022-01-03T04:33:40,2026-07-13T21:30:40,8845,411030.0,0,411030.0,429500.0,31038.45,62,10,74,268,194,10720.0,7750.0,18470.0,15800.0,426830.0,0,0,0,20.5,0,46,21,8654.9,31,0,2026-06-29T20:30:00,16,52,42,10,0.0192,56.45,194.05,3644.13,126.54,115.81,12.28,20,20,20,0,0,0,0,1652.7062,20278.7919,12.2701,12775.33,35391.11,35519.84,2884.35,36662.73,2987.98,1499.7095,346.8605,1043.5178,4.713,0.0475,1229.3558,155.7052,474.3555,4.4198,0.0455,5,0,0,0,,,"[""legacy_50k"", ""start_2022"", ""minimum"", 1000]"
legacy_50k,start_2022,minimum,2000,52100.0,2022-01-03T04:33:40,2026-07-13T21:30:40,8845,411030.0,0,411030.0,429500.0,31038.45,62,10,74,268,194,10720.0,7750.0,18470.0,15800.0,426830.0,0,0,0,20.5,0,46,21,8654.9,31,0,2026-06-29T20:30:00,16,52,42,10,0.0192,56.45,194.05,3644.13,126.54,115.81,12.28,20,20,20,0,0,0,0,1652.7062,20278.7919,12.2701,12775.33,35391.11,35519.84,2884.35,36662.73,2987.98,1499.7095,346.8605,1043.5178,4.713,0.0475,1229.3558,155.7052,474.3555,4.4198,0.0455,5,0,0,0,,,"[""legacy_50k"", ""start_2022"", ""minimum"", 2000]"
legacy_50k,start_2022,minimum,3000,53100.0,2022-01-03T04:33:40,2026-07-13T21:30:40,8845,415205.0,0,415205.0,430950.0,33820.45,53,11,63,228,165,9120.0,6625.0,15745.0,15800.0,431005.0,0,0,0,20.5,0,36,20,12387.55,34,0,2026-06-29T20:30:00,14,42,33,9,0.0238,50.67,96.1,2052.52,38.01,56.81,12.98,20,20,13,0,0,0,0,1652.7062,21434.4058,12.9693,11619.72,47579.92,47693.24,3668.66,48013.85,3702.12,1565.8241,364.584,972.0686,6.1854,0.021,1459.0917,157.2083,447.7001,6.0372,0.0441,3,1,0,0,,,"[""legacy_50k"", ""start_2022"", ""minimum"", 3000]"
legacy_50k,start_2022,minimum,3100,53200.0,2022-01-03T04:33:40,2026-07-13T21:30:40,8845,412905.0,0,412905.0,428650.0,33820.45,53,11,63,228,165,9120.0,6625.0,15745.0,15800.0,428705.0,0,0,0,20.5,0,36,20,12390.7,34,0,2026-06-29T20:30:00,14,42,33,9,0.0238,50.67,96.1,2049.37,38.01,56.81,12.98,20,20,13,0,0,0,0,1652.7062,21437.5551,12.9712,11616.57,50230.68,50344.0,3872.48,50664.41,3905.92,1566.0993,382.278,1048.6053,6.186,0.021,1459.3669,168.6583,516.9131,6.0378,0.0441,3,1,0,0,,,"[""legacy_50k"", ""start_2022"", ""minimum"", 3100]"
legacy_50k,start_2022,minimum,3200,53300.0,2022-01-03T04:33:40,2026-07-13T21:30:40,8845,407035.0,0,407035.0,422700.0,34388.75,53,11,63,226,163,9040.0,6625.0,15665.0,15800.0,422835.0,0,0,0,20.5,0,36,20,12411.82,34,0,2026-06-29T20:30:00,14,42,33,9,0.0238,44.31,96.1,1993.25,38.01,55.81,13.01,20,20,13,0,0,0,0,1652.7062,21493.6764,13.0051,11560.45,51012.94,51128.41,3922.52,51474.63,3958.02,1580.3074,381.8198,1015.3323,6.0971,0.029,1460.575,171.0323,473.4513,5.9898,0.0441,3,1,0,0,,,"[""legacy_50k"", ""start_2022"", ""minimum"", 3200]"
legacy_50k,start_2022,minimum,3300,53400.0,2022-01-03T04:33:40,2026-07-13T21:30:40,8845,406535.0,0,406535.0,422200.0,34388.75,53,11,63,226,163,9040.0,6625.0,15665.0,15800.0,422335.0,0,0,0,20.5,0,36,20,12413.3,34,0,2026-06-29T20:30:00,15,42,33,9,0.0238,44.31,96.1,1991.77,38.01,55.81,13.01,20,20,13,0,0,0,0,1652.7062,21495.1597,13.006,11558.97,51445.19,51560.66,3955.49,51906.79,3990.98,1580.3074,393.0365,1043.4091,6.098,0.029,1460.575,173.1457,470.3882,5.9908,0.0441,3,1,0,0,,,"[""legacy_50k"", ""start_2022"", ""minimum"", 3300]"
legacy_50k,start_2022,minimum,3400,53500.0,2022-01-03T04:33:40,2026-07-13T21:30:40,8845,405035.0,0,405035.0,420700.0,35888.75,53,11,63,226,163,9040.0,6625.0,15665.0,15800.0,420835.0,0,0,0,20.5,0,36,20,12413.3,34,0,2026-06-29T20:30:00,15,42,33,9,0.0238,44.31,96.1,1991.77,38.01,55.81,13.01,20,20,13,0,0,0,0,1652.7062,21495.1597,13.006,11558.97,51810.25,51925.72,3983.55,52271.85,4019.04,1580.3074,376.2008,995.9328,6.098,0.029,1460.575,154.9386,418.6291,5.9908,0.0441,3,1,0,0,,,"[""legacy_50k"", ""start_2022"", ""minimum"", 3400]"
legacy_50k,start_2022,minimum,3500,53600.0,2022-01-03T04:33:40,2026-07-13T21:30:40,8845,405035.0,0,405035.0,420700.0,35888.75,53,11,63,226,163,9040.0,6625.0,15665.0,15800.0,420835.0,0,0,0,20.5,0,36,20,12413.3,34,0,2026-06-29T20:30:00,15,42,33,9,0.0238,44.31,96.1,1991.77,38.01,55.81,13.01,20,20,13,0,0,0,0,1652.7062,21495.1597,13.006,11558.97,52919.65,53035.12,4068.85,53381.24,4104.34,1580.3074,401.4272,1069.1423,6.098,0.029,1460.575,181.3431,496.5491,5.9908,0.0441,3,1,0,0,,,"[""legacy_50k"", ""start_2022"", ""minimum"", 3500]"
legacy_50k,start_2022,minimum,3600,53700.0,2022-01-03T04:33:40,2026-07-13T21:30:40,8845,403755.0,0,403755.0,419300.0,39245.75,53,12,62,223,161,8920.0,6625.0,15545.0,15800.0,419555.0,0,0,0,20.5,0,35,20,12432.03,33,0,2026-06-29T20:30:00,15,41,33,8,0.0244,42.41,96.1,1919.12,38.01,52.81,13.06,20,20,13,0,0,0,0,1652.7062,21567.8025,13.05,11486.32,55625.53,55743.14,4262.5,56112.52,4299.81,1582.8444,412.928,1129.0753,6.0661,0.029,1463.112,185.8432,537.5654,5.9612,0.044,3,1,0,0,,,"[""legacy_50k"", ""start_2022"", ""minimum"", 3600]"
legacy_50k,start_2022,minimum,3700,53800.0,2022-01-03T04:33:40,2026-07-13T21:30:40,8845,398585.0,0,398585.0,413350.0,42602.75,49,13,57,216,159,8640.0,6125.0,14765.0,15800.0,414385.0,0,0,0,20.5,0,30,20,12559.15,28,0,2026-06-29T20:30:00,13,36,29,7,0.0278,39.95,98.95,1740.04,38.01,52.81,13.17,20,20,13,0,0,0,0,1652.7062,21746.8845,13.1583,11307.24,56707.91,56803.46,4309.65,57154.05,4343.56,1580.6389,417.9541,1113.1061,6.0831,0.0234,1469.8056,179.1285,477.6825,5.9452,0.0452,2,0,0,0,,,"[""legacy_50k"", ""start_2022"", ""minimum"", 3700]"
legacy_50k,start_2022,minimum,3800,53900.0,2022-01-03T04:33:40,2026-07-13T21:30:40,8845,398250.0,0,398250.0,412850.0,42602.75,48,13,56,215,159,8600.0,6000.0,14600.0,15800.0,414050.0,0,0,0,20.5,0,29,20,12568.38,27,0,2026-06-29T20:30:00,14,35,28,7,0.0286,39.95,98.95,1739.71,38.01,54.81,13.17,20,20,13,0,0,0,0,1652.7062,21747.216,13.1585,11306.91,57057.36,57145.97,4336.14,57491.82,4369.16,1580.6389,425.4552,1128.1383,6.0852,0.0234,1469.8056,189.0749,501.329,5.9515,0.0438,2,1,0,0,,,"[""legacy_50k"", ""start_2022"", ""minimum"", 3800]"
legacy_50k,start_2022,minimum,3900,54000.0,2022-01-03T04:33:40,2026-07-13T21:30:40,8845,398250.0,0,398250.0,412850.0,42602.75,48,13,56,215,159,8600.0,6000.0,14600.0,15800.0,414050.0,0,0,0,20.5,0,29,20,12568.38,27,0,2026-06-29T20:30:00,14,35,28,7,0.0286,39.95,98.95,1739.71,38.01,54.81,13.17,20,20,13,0,0,0,0,1652.7062,21747.216,13.1585,11306.91,57256.43,57345.03,4351.27,57690.89,4384.29,1580.6389,422.4604,1118.6614,6.0852,0.0234,1469.8056,186.2636,491.0892,5.9515,0.0438,2,1,0,0,,,"[""legacy_50k"", ""start_2022"", ""minimum"", 3900]"
legacy_50k,start_2022,minimum,4000,54100.0,2022-01-03T04:33:40,2026-07-13T21:30:40,8845,398250.0,0,398250.0,412850.0,42602.75,48,13,56,215,159,8600.0,6000.0,14600.0,15800.0,414050.0,0,0,0,20.5,0,29,20,12568.38,27,0,2026-06-29T20:30:00,14,35,28,7,0.0286,39.95,98.95,1739.71,38.01,54.81,13.17,20,20,13,0,0,0,0,1652.7062,21747.216,13.1585,11306.91,58368.55,58457.15,4435.79,58803.01,4468.81,1580.6389,447.4352,1191.4314,6.0852,0.0234,1469.8056,212.4058,568.3743,5.9515,0.0438,2,1,0,0,,,"[""legacy_50k"", ""start_2022"", ""minimum"", 4000]"
legacy_50k,start_2022,minimum,4100,54200.0,2022-01-03T04:33:40,2026-07-13T21:30:40,8845,393525.0,0,393525.0,407950.0,31749.15,45,10,56,220,164,8800.0,5625.0,14425.0,15800.0,409325.0,0,0,0,20.5,0,29,20,12617.76,27,0,2026-06-29T20:30:00,14,35,25,10,0.0286,42.41,98.95,1944.66,116.67,50.81,13.05,16,16,13,0,0,0,0,1652.7062,21542.2688,13.0345,11511.86,61725.04,61813.63,4735.5,62115.79,4765.48,1585.0037,502.0334,1341.8302,5.98,0.031,1474.1704,259.4069,715.6402,5.8706,0.0453,2,1,0,0,,,"[""legacy_50k"", ""start_2022"", ""minimum"", 4100]"
legacy_50k,start_2022,minimum,4200,54300.0,2022-01-03T04:33:40,2026-07-13T21:30:40,8845,386485.0,0,386485.0,401000.0,34537.85,47,11,57,216,159,8640.0,5875.0,14515.0,15800.0,402285.0,0,0,0,20.5,0,30,20,12669.86,28,0,2026-06-29T20:30:00,13,36,27,9,0.0278,42.37,95.37,1763.68,116.27,50.81,13.15,15,15,13,0,0,0,0,1652.7062,21723.2463,13.144,11330.88,62550.5,62634.65,4758.85,62935.41,4788.13,1585.4014,498.7399,1304.756,6.0768,0.0311,1474.5681,256.1178,663.5071,5.9492,0.0454,2,1,0,0,,,"[""legacy_50k"", ""start_2022"", ""minimum"", 4200]"
legacy_50k,start_2022,minimum,4300,54400.0,2022-01-03T04:33:40,2026-07-13T21:30:40,8845,386025.0,0,386025.0,400500.0,34537.85,47,11,57,215,158,8600.0,5875.0,14475.0,15800.0,401825.0,0,0,0,20.5,0,30,20,12673.44,28,0,2026-06-29T20:30:00,14,36,27,9,0.0278,42.37,95.37,1750.1,116.27,50.81,13.16,15,15,13,0,0,0,0,1652.7062,21736.8255,13.1523,11317.3,62917.77,62997.47,4783.8,63299.64,4812.83,1585.4014,493.6244,1290.3849,6.0678,0.031,1474.5681,251.8006,663.156,5.9517,0.0453,2,1,0,0,,,"[""legacy_50k"", ""start_2022"", ""minimum"", 4300]"
legacy_50k,start_2022,minimum,4400,54500.0,2022-01-03T04:33:40,2026-07-13T21:30:40,8845,386025.0,0,386025.0,400500.0,34537.85,47,11,57,215,158,8600.0,5875.0,14475.0,15800.0,401825.0,0,0,0,20.5,0,30,20,12673.44,28,0,2026-06-29T20:30:00,14,36,27,9,0.0278,42.37,95.37,1750.1,116.27,50.81,13.16,15,15,13,0,0,0,0,1652.7062,21736.8255,13.1523,11317.3,63102.62,63182.32,4797.85,63484.49,4826.89,1585.4014,489.4898,1284.6097,6.0678,0.031,1474.5681,247.5608,656.8986,5.9517,0.0453,2,1,0,0,,,"[""legacy_50k"", ""start_2022"", ""minimum"", 4400]"
legacy_50k,start_2022,minimum,4500,54600.0,2022-01-03T04:33:40,2026-07-13T21:30:40,8845,386025.0,0,386025.0,400500.0,34537.85,47,11,57,215,158,8600.0,5875.0,14475.0,15800.0,401825.0,0,0,0,20.5,0,30,20,12673.44,28,0,2026-06-29T20:30:00,14,36,27,9,0.0278,42.37,95.37,1750.1,116.27,50.81,13.16,15,15,13,0,0,0,0,1652.7062,21736.8255,13.1523,11317.3,63862.29,63941.98,4855.61,64244.15,4884.65,1585.4014,491.0926,1314.8415,6.0678,0.031,1474.5681,248.9425,688.9545,5.9517,0.0453,2,1,0,0,,,"[""legacy_50k"", ""start_2022"", ""minimum"", 4500]"
legacy_50k,start_2022,minimum,5000,55100.0,2022-01-03T04:33:40,2026-07-13T21:30:40,8845,376025.0,0,376025.0,390500.0,34537.85,47,11,57,215,158,8600.0,5875.0,14475.0,15800.0,391825.0,0,0,0,20.5,0,30,20,12694.35,28,0,2026-06-29T20:30:00,14,36,27,9,0.0278,41.16,94.16,1729.19,115.06,49.81,13.17,15,15,13,0,0,0,0,1652.7062,21757.7326,13.1649,11296.39,67028.81,67108.5,5091.47,67409.41,5120.38,1586.6118,581.2672,1522.487,6.0668,0.031,1475.7785,342.3122,888.8434,5.9506,0.0453,2,1,0,0,,,"[""legacy_50k"", ""start_2022"", ""minimum"", 5000]"
legacy_50k,start_2022,minimum,5700,55800.0,2022-01-03T04:33:40,2026-07-13T21:30:40,8845,358925.0,1902.1,360827.1,373000.0,49459.75,47,13,55,205,150,8200.0,5875.0,14075.0,15800.0,376627.1,0,0,0,20.5,0,28,20,12758.16,26,0,2026-06-29T20:30:00,14,34,27,7,0.0294,35.12,90.31,1478.3,111.2,45.81,13.33,15,15,13,0,0,0,0,1652.7062,22008.6294,13.3167,11045.5,73359.6,73430.54,5508.83,73760.19,5538.91,1590.4687,685.4494,1800.2277,6.1838,0.024,1479.6354,450.327,1176.2423,6.0451,0.0443,2,1,0,0,,,"[""legacy_50k"", ""start_2022"", ""minimum"", 5700]"
legacy_50k,start_2022,minimum,6000,56100.0,2022-01-03T04:33:40,2026-07-13T21:30:40,8845,351465.0,0,351465.0,365500.0,50884.9,47,13,55,204,149,8160.0,5875.0,14035.0,15800.0,367265.0,0,0,0,20.5,0,28,20,12776.88,26,0,2026-06-29T20:30:00,20,34,27,7,0.0294,35.12,90.31,1449.57,111.2,45.81,13.34,15,15,13,0,0,0,0,1652.7062,22037.3544,13.3341,11016.77,76425.89,76497.11,5731.61,76831.38,5762.02,1590.4687,709.6505,1853.6703,6.1353,0.024,1479.6354,476.5326,1237.3485,6.0022,0.0443,2,1,0,0,,,"[""legacy_50k"", ""start_2022"", ""minimum"", 6000]"
legacy_50k,start_2022,minimum,6100,56200.0,2022-01-03T04:33:40,2026-07-13T21:30:40,8845,348965.0,0,348965.0,363000.0,50884.9,47,13,55,204,149,8160.0,5875.0,14035.0,15800.0,364765.0,0,0,0,20.5,0,28,20,12788.04,26,0,2026-06-29T20:30:00,15,34,27,7,0.0294,35.12,88.02,1438.42,108.92,43.81,13.35,15,15,13,0,0,0,0,1652.7062,22048.5079,13.3409,11005.62,77347.33,77418.55,5797.78,77752.14,5828.12,1592.7537,737.2338,1915.9046,6.1321,0.024,1481.9204,505.5032,1305.1876,5.9989,0.0442,2,0,0,0,,,"[""legacy_50k"", ""start_2022"", ""minimum"", 6100]"
legacy_50k,start_2022,minimum,6200,56300.0,2022-01-03T04:33:40,2026-07-13T21:30:40,8845,348465.0,0,348465.0,362500.0,50884.9,47,13,55,204,149,8160.0,5875.0,14035.0,15800.0,364265.0,0,0,0,20.5,0,28,20,12790.64,26,0,2026-06-29T20:30:00,14,34,27,7,0.0294,35.12,88.02,1435.82,108.6,42.81,13.35,15,15,13,0,0,0,0,1652.7062,22051.1053,13.3424,11003.02,77740.97,77812.19,5826.6,78145.62,5856.93,1592.7537,749.7383,1958.5831,6.1335,0.024,1481.9204,517.9786,1351.058,6.0005,0.0442,2,0,0,0,,,"[""legacy_50k"", ""start_2022"", ""minimum"", 6200]"
legacy_50k,start_2022,minimum,6300,56400.0,2022-01-03T04:33:40,2026-07-13T21:30:40,8845,341635.0,0,341635.0,355500.0,45353.8,45,11,55,206,151,8240.0,5625.0,13865.0,15800.0,357435.0,0,0,0,20.5,0,28,20,12868.42,26,14,2026-06-29T20:30:00,14,34,25,9,0.0294,23.31,84.75,1505.83,105.65,39.81,13.31,13,13,13,0,0,0,0,1652.7062,21981.0938,13.3001,11073.03,78611.77,78681.12,5910.63,79000.56,5939.86,1596.0245,746.3293,1943.9744,6.0818,0.0239,1485.1912,511.6005,1340.9635,5.9505,0.0441,2,1,14,2,149.5,168.75,"[""legacy_50k"", ""start_2022"", ""minimum"", 6300]"
legacy_50k,start_2022,minimum,6400,56500.0,2022-01-03T04:33:40,2026-07-13T21:30:40,8845,341635.0,0,341635.0,355500.0,45353.8,45,11,55,206,151,8240.0,5625.0,13865.0,15800.0,357435.0,0,0,0,20.5,0,28,20,12868.42,26,14,2026-06-29T20:30:00,14,34,25,9,0.0294,23.31,84.75,1505.83,105.65,39.81,13.31,13,13,13,0,0,0,0,1652.7062,21981.0938,13.3001,11073.03,78684.07,78753.42,5916.07,79072.87,5945.3,1596.0245,748.9242,1950.5854,6.0818,0.0239,1485.1912,514.4526,1348.0678,5.9505,0.0441,2,1,14,2,149.5,168.75,"[""legacy_50k"", ""start_2022"", ""minimum"", 6400]"
legacy_50k,start_2022,minimum,6500,56600.0,2022-01-03T04:33:40,2026-07-13T21:30:40,8845,341635.0,0,341635.0,355500.0,45353.8,45,11,55,206,151,8240.0,5625.0,13865.0,15800.0,357435.0,0,0,0,20.5,0,28,20,12868.42,26,14,2026-06-29T20:30:00,14,34,25,9,0.0294,23.31,84.75,1505.83,105.65,39.81,13.31,13,13,13,0,0,0,0,1652.7062,21981.0938,13.3001,11073.03,79487.91,79557.26,5976.51,79876.7,6005.74,1596.0245,805.6854,2082.0353,6.0818,0.0239,1485.1912,575.3305,1489.3273,5.9505,0.0441,2,1,14,2,149.5,168.75,"[""legacy_50k"", ""start_2022"", ""minimum"", 6500]"
legacy_50k,start_2022,minimum,6600,56700.0,2022-01-03T04:33:40,2026-07-13T21:30:40,8845,344870.0,25397.91,370267.91,358000.0,59558.3,42,13,50,197,147,7880.0,5250.0,13130.0,15800.0,386067.91,0,0,0,20.5,0,23,15,13413.27,21,14,2026-06-29T20:30:00,14,29,22,7,0.0345,35.94,84.75,1272.66,105.65,38.81,13.45,13,13,13,0,0,0,0,1652.7062,22214.2618,13.4411,10839.86,81023.97,81086.86,6028.06,81295.95,6048.29,1597.7745,879.4685,2266.4831,6.348,0.0158,1523.3787,620.0845,1600.9049,6.0878,0.043,1,0,19,6,149.5,526.05,"[""legacy_50k"", ""start_2022"", ""minimum"", 6600]"
legacy_50k,start_2022,minimum,6700,56800.0,2022-01-03T04:33:40,2026-07-13T21:30:40,8845,345535.0,30421.94,375956.94,358500.0,60716.9,41,13,49,196,147,7840.0,5125.0,12965.0,15800.0,391756.94,0,0,0,20.5,0,22,14,13521.88,20,14,2026-06-29T20:30:00,14,28,21,7,0.0357,36.75,84.75,1267.96,105.65,38.81,13.45,13,13,13,0,0,0,0,1652.7062,22218.9701,13.444,10835.15,81550.66,81611.4,6065.96,81788.12,6083.62,1597.7745,885.1776,2287.3511,6.4159,0.0158,1523.3787,627.2629,1622.792,6.1591,0.043,1,0,20,7,149.5,574.85,"[""legacy_50k"", ""start_2022"", ""minimum"", 6700]"
legacy_50k,start_2022,minimum,6800,56900.0,2022-01-03T04:33:40,2026-07-13T21:30:40,8845,355600.0,107053.6,462653.6,365500.0,111073.85,28,20,29,160,131,6400.0,3500.0,9900.0,15800.0,478453.6,0,0,0,20.5,0,2,0,15000.93,0,0,2023-01-05T22:50:40,2,8,8,0,0.125,38.77,342.05,543.59,0,38.81,13.88,13,13,13,0,0,0,0,1652.7062,22943.3368,13.8823,10110.79,85888.92,85937.92,6186.94,85860.07,6184.87,1597.7745,785.3752,2004.0609,6.268,0.0158,1523.3787,566.3657,1443.4591,6.0936,0.043,1,0,20,7,498.45,668.75,"[""legacy_50k"", ""start_2022"", ""minimum"", 6800]"
legacy_50k,start_2022,minimum,6900,57000.0,2022-01-03T04:33:40,2026-07-13T21:30:40,8845,355600.0,107053.6,462653.6,365500.0,111073.85,28,20,29,160,131,6400.0,3500.0,9900.0,15800.0,478453.6,0,0,0,20.5,0,2,0,15000.93,0,0,2023-01-05T22:50:40,2,8,8,0,0.125,38.77,342.05,543.59,0,38.81,13.88,13,13,13,0,0,0,0,1652.7062,22943.3368,13.8823,10110.79,87092.71,87141.71,6273.66,87063.86,6271.58,1597.7745,746.8405,1926.1564,6.268,0.0158,1523.3787,525.9834,1361.75,6.0936,0.043,1,0,20,7,498.45,668.75,"[""legacy_50k"", ""start_2022"", ""minimum"", 6900]"
legacy_50k,start_2022,minimum,7000,57100.0,2022-01-03T04:33:40,2026-07-13T21:30:40,8845,355600.0,107053.6,462653.6,365500.0,111073.85,28,20,29,160,131,6400.0,3500.0,9900.0,15800.0,478453.6,0,0,0,20.5,0,2,0,15000.93,0,0,2023-01-05T22:50:40,2,8,8,0,0.125,38.77,342.05,543.59,0,38.81,13.88,13,13,13,0,0,0,0,1652.7062,22943.3368,13.8823,10110.79,87941.62,87990.62,6334.81,87912.77,6332.73,1597.7745,806.4717,2057.3358,6.268,0.0158,1523.3787,588.3515,1499.3357,6.0936,0.043,1,0,20,7,498.45,668.75,"[""legacy_50k"", ""start_2022"", ""minimum"", 7000]"
legacy_50k,start_2022,minimum,7100,57200.0,2022-01-03T04:33:40,2026-07-13T21:30:40,8845,353100.0,109553.6,462653.6,363000.0,113573.85,28,20,29,160,131,6400.0,3500.0,9900.0,15800.0,478453.6,0,0,0,20.5,0,2,0,15000.93,0,0,2023-01-05T22:50:40,2,8,8,0,0.125,38.77,342.05,543.59,0,38.81,13.88,13,13,13,0,0,0,0,1652.7062,22943.3368,13.8823,10110.79,88669.06,88718.05,6387.21,88640.2,6385.13,1597.7745,848.3731,2171.5822,6.268,0.0158,1523.3787,631.803,1619.1615,6.0936,0.043,1,0,20,7,574.85,1026.05,"[""legacy_50k"", ""start_2022"", ""minimum"", 7100]"
legacy_50k,start_2022,minimum,7200,57300.0,2022-01-03T04:33:40,2026-07-13T21:30:40,8845,352600.0,110053.6,462653.6,362500.0,114073.85,28,20,29,160,131,6400.0,3500.0,9900.0,15800.0,478453.6,0,0,0,20.5,0,2,0,15000.93,0,0,2023-01-05T22:50:40,2,8,8,0,0.125,38.77,342.05,543.59,0,38.81,13.88,13,13,13,0,0,0,0,1652.7062,22943.3368,13.8823,10110.79,89125.25,89174.24,6420.07,89096.39,6417.99,1597.7745,853.5649,2186.7502,6.268,0.0158,1523.3787,637.1592,1635.0702,6.0936,0.043,1,0,20,7,649.5,1074.85,"[""legacy_50k"", ""start_2022"", ""minimum"", 7200]"
legacy_50k,start_2022,minimum,7300,57400.0,2022-01-03T04:33:40,2026-07-13T21:30:40,8845,345600.0,117053.6,462653.6,355500.0,121073.85,28,20,29,160,131,6400.0,3500.0,9900.0,15800.0,478453.6,0,0,0,20.5,0,2,0,15000.93,0,0,2023-01-05T22:50:40,2,8,8,0,0.125,38.77,342.05,543.59,0,38.81,13.88,13,13,13,0,0,0,0,1652.7062,22943.3368,13.8823,10110.79,90987.51,91036.51,6554.22,90958.66,6552.14,1597.7745,834.766,2143.6301,6.268,0.0158,1523.3787,617.2741,1589.8443,6.0936,0.043,1,0,20,7,998.45,1168.75,"[""legacy_50k"", ""start_2022"", ""minimum"", 7300]"
legacy_50k,start_2022,minimum,7400,57500.0,2022-01-03T04:33:40,2026-07-13T21:30:40,8845,345600.0,117053.6,462653.6,355500.0,121073.85,28,20,29,160,131,6400.0,3500.0,9900.0,15800.0,478453.6,0,0,0,20.5,0,2,0,15000.93,0,0,2023-01-05T22:50:40,2,8,8,0,0.125,38.77,342.05,543.59,0,38.81,13.88,13,13,13,0,0,0,0,1652.7062,22943.3368,13.8823,10110.79,92171.63,92220.63,6639.51,92142.78,6637.44,1597.7745,795.1373,2060.9608,6.268,0.0158,1523.3787,575.71,1503.1377,6.0936,0.043,1,0,20,7,998.45,1168.75,"[""legacy_50k"", ""start_2022"", ""minimum"", 7400]"
legacy_50k,start_2022,minimum,7500,57600.0,2022-01-03T04:33:40,2026-07-13T21:30:40,8845,345600.0,117053.6,462653.6,355500.0,121073.85,28,20,29,160,131,6400.0,3500.0,9900.0,15800.0,478453.6,0,0,0,20.5,0,2,0,15000.93,0,0,2023-01-05T22:50:40,2,8,8,0,0.125,38.77,342.05,543.59,0,38.81,13.88,13,13,13,0,0,0,0,1652.7062,22943.3368,13.8823,10110.79,93020.24,93069.23,6700.64,92991.38,6698.57,1597.7745,851.6244,2168.7407,6.268,0.0158,1523.3787,633.6233,1616.1813,6.0936,0.043,1,0,20,7,998.45,1168.75,"[""legacy_50k"", ""start_2022"", ""minimum"", 7500]"
legacy_50k,start_2022,minimum,8000,58100.0,2022-01-03T04:33:40,2026-07-13T21:30:40,8845,335600.0,127053.6,462653.6,345500.0,131073.85,28,20,29,160,131,6400.0,3500.0,9900.0,15800.0,478453.6,0,0,0,20.5,0,2,0,15000.93,0,0,2023-01-05T22:50:40,2,8,8,0,0.125,38.77,342.05,543.59,0,38.81,13.88,13,13,13,0,0,0,0,1652.7062,22943.3368,13.8823,10110.79,96758.02,96807.02,6969.89,96729.17,6967.81,1597.7745,926.8656,2353.3886,6.268,0.0158,1523.3787,712.7168,1809.8466,6.0936,0.043,1,0,20,7,1498.45,1668.75,"[""legacy_50k"", ""start_2022"", ""minimum"", 8000]"
legacy_50k,start_2022,minimum,9000,59100.0,2022-01-03T04:33:40,2026-07-13T21:30:40,8845,309320.0,146563.45,455883.45,319500.0,150583.7,28,20,35,167,132,6680.0,3500.0,10180.0,15800.0,471683.45,0,6,0,20.5,0,2,0,14810.93,0,0,2023-01-05T22:50:40,2,8,8,0,0.125,38.77,342.05,543.59,0,38.81,13.77,13,13,13,6,0,43,44,1652.7062,22753.3368,13.7673,10300.79,103046.96,103103.13,7484.9,103025.34,7483.33,1597.7745,1107.1586,3284.4952,7.9195,0.0158,1523.3787,885.5537,2607.0983,7.6928,0.043,1,0,20,10,2390.85,2668.75,"[""legacy_50k"", ""start_2022"", ""minimum"", 9000]"
legacy_50k,start_2022,minimum,10000,60100.0,2022-01-03T04:33:40,2026-07-13T21:30:40,8845,289320.0,166350.65,455670.65,299500.0,170370.9,28,20,35,167,132,6680.0,3500.0,10180.0,15800.0,471470.65,0,6,0,20.5,0,2,0,14808.93,0,0,2023-01-05T22:50:40,2,8,8,0,0.125,38.77,342.05,543.59,0,38.81,13.77,13,13,13,6,0,59,60,1652.7062,22751.3368,13.7661,10302.79,111547.57,111606.86,8103.06,111533.37,8102.03,1597.7745,1174.7973,3614.2812,7.9182,0.0158,1523.3787,954.886,2923.7284,7.6836,0.043,1,0,20,10,3390.85,3668.75,"[""legacy_50k"", ""start_2022"", ""minimum"", 10000]"
legacy_50k,start_2022,maximum,0,50100.0,2022-01-03T04:33:40,2026-07-13T21:30:40,8845,281743.84,0,281743.84,314663.84,24653.55,128,8,142,423,281,16920.0,16000.0,32920.0,15800.0,297543.84,0,0,0,21.5,0,110,0,191.79,97,0,2026-06-29T20:30:00,16,120,108,12,0.0167,51.21,141.05,6885.15,25.62,115.81,10.34,20,20,20,0,0,0,0,1652.7062,17045.7803,10.3139,16008.34,16477.88,17131.5,1597.64,21464.64,2081.14,1500.9477,916.45,2763.6793,4.5749,0.0446,1301.0266,666.408,1584.8497,2.7701,0.1892,5,1,2,1,1018.55,1018.55,"[""legacy_50k"", ""start_2022"", ""maximum"", 0]"
legacy_50k,start_2022,maximum,1000,51100.0,2022-01-03T04:33:40,2026-07-13T21:30:40,8845,274547.25,0,274547.25,307137.25,24653.55,126,8,139,421,282,16840.0,15750.0,32590.0,15800.0,290347.25,0,0,0,21.5,0,108,0,191.79,95,0,2026-06-29T20:30:00,18,118,106,12,0.0169,56.37,141.05,6782.73,25.62,116.81,10.4,20,20,19,0,0,0,0,1652.7062,17148.1963,10.3758,15905.93,17150.5,17706.16,1652.93,21584.74,2080.29,1499.8979,884.9325,2665.382,4.5704,0.0457,1312.915,661.0879,1557.714,2.6911,0.1889,5,1,2,1,1018.55,1018.55,"[""legacy_50k"", ""start_2022"", ""maximum"", 1000]"
legacy_50k,start_2022,maximum,2000,52100.0,2022-01-03T04:33:40,2026-07-13T21:30:40,8845,254379.75,0,254379.75,287344.75,23968.75,129,8,143,421,278,16840.0,16125.0,32965.0,15800.0,270179.75,0,0,0,22.5,0,114,3,378.33,101,0,2026-06-29T20:30:00,20,121,109,12,0.0165,49.22,144.29,6764.52,25.62,116.81,10.44,20,20,20,0,0,0,0,1652.7062,17215.4102,10.4165,15838.71,16742.23,17218.25,1607.28,21139.4,2029.42,1483.2616,765.822,2635.667,4.2285,0.0687,1209.1079,603.1009,1553.0832,2.5313,0.1605,5,1,1,1,1018.55,1018.55,"[""legacy_50k"", ""start_2022"", ""maximum"", 2000]"
legacy_50k,start_2022,maximum,3000,53100.0,2022-01-03T04:33:40,2026-07-13T21:30:40,8845,309712.8,0,309712.8,335102.8,22203.2,94,7,108,341,233,13640.0,11750.0,25390.0,15800.0,325512.8,0,0,0,22.5,0,81,26,3006.48,72,0,2026-06-29T20:30:00,20,87,74,13,0.0115,44.62,126.16,4566.58,38.01,85.81,11.47,20,20,20,0,0,0,0,1652.7062,18920.3498,11.4481,14133.78,24810.53,25180.62,2167.22,27942.66,2440.81,1533.3898,630.6135,2137.1829,3.8084,0.258,1307.4282,468.9622,1238.1953,2.3174,0.3334,3,2,1,1,1018.55,1018.55,"[""legacy_50k"", ""start_2022"", ""maximum"", 3000]"
legacy_50k,start_2022,maximum,3100,53200.0,2022-01-03T04:33:40,2026-07-13T21:30:40,8845,311467.3,0,311467.3,337062.3,22155.5,95,7,109,343,234,13720.0,11875.0,25595.0,15800.0,327267.3,0,0,0,22.5,0,82,27,3092.26,72,0,2026-06-29T20:30:00,20,88,75,13,0.0114,44.62,126.16,4683.93,38.01,101.81,11.7,20,20,20,0,0,0,0,1652.7062,19305.9968,11.6814,13748.13,26148.55,26514.4,2238.47,29263.4,2505.12,1500.4641,631.8597,2181.8408,3.8952,0.2723,1275.065,490.7162,1298.4132,2.4289,0.3348,3,2,1,1,1018.55,1018.55,"[""legacy_50k"", ""start_2022"", ""maximum"", 3100]"
legacy_50k,start_2022,maximum,3200,53300.0,2022-01-03T04:33:40,2026-07-13T21:30:40,8845,308237.95,0,308237.95,333832.95,21884.85,95,7,109,343,234,13720.0,11875.0,25595.0,15800.0,324037.95,0,0,0,22.5,0,82,27,3099.63,72,0,2026-06-29T20:30:00,20,88,75,13,0.0114,44.62,126.16,4674.22,38.01,100.81,11.71,20,20,20,0,0,0,0,1652.7062,19315.7046,11.6873,13738.42,26676.11,27041.97,2282.48,29790.37,2548.95,1501.7861,629.52,2181.7189,3.7332,0.2728,1276.387,494.8907,1284.7322,2.2396,0.3358,3,2,1,1,1018.55,1018.55,"[""legacy_50k"", ""start_2022"", ""maximum"", 3200]"
legacy_50k,start_2022,maximum,3300,53400.0,2022-01-03T04:33:40,2026-07-13T21:30:40,8845,312224.65,0,312224.65,336179.65,21984.85,87,7,101,327,226,13080.0,10875.0,23955.0,15800.0,328024.65,0,0,0,22.5,0,74,20,5795.79,72,0,2026-06-29T20:30:00,20,80,67,13,0.0125,45.16,126.16,4260.6,38.01,43.81,11.65,19,19,14,0,0,0,0,1652.7062,19226.3303,11.6332,13827.79,27377.27,27746.73,2353.37,30102.57,2587.63,1575.6894,661.627,2181.6832,3.7195,0.2785,1414.8519,447.052,1158.1781,2.2475,0.3885,2,1,1,1,1018.55,1018.55,"[""legacy_50k"", ""start_2022"", ""maximum"", 3300]"
legacy_50k,start_2022,maximum,3400,53500.0,2022-01-03T04:33:40,2026-07-13T21:30:40,8845,316187.85,0,316187.85,340062.85,22084.85,87,7,101,325,224,13000.0,10875.0,23875.0,15800.0,331987.85,0,0,0,22.5,0,74,20,6290.79,72,0,2026-06-29T20:30:00,20,80,67,13,0.0125,45.62,126.16,4267.64,38.01,59.81,11.95,19,19,14,0,0,0,0,1652.7062,19722.2891,11.9333,13331.84,29033.94,29398.97,2433.01,31674.21,2654.26,1574.9736,689.0979,2296.4393,3.8936,0.217,1414.1361,483.9825,1271.9716,2.4614,0.2775,2,1,1,1,1018.55,1018.55,"[""legacy_50k"", ""start_2022"", ""maximum"", 3400]"
legacy_50k,start_2022,maximum,3500,53600.0,2022-01-03T04:33:40,2026-07-13T21:30:40,8845,313795.25,0,313795.25,337750.25,22184.85,87,7,101,327,226,13080.0,10875.0,23955.0,15800.0,329595.25,0,0,0,22.5,0,74,20,6291.91,72,0,2026-06-29T20:30:00,20,80,67,13,0.0125,56.04,126.1,4330.42,38.01,59.81,11.91,19,19,14,0,0,0,0,1652.7062,19659.503,11.8953,13394.62,29667.84,30032.87,2494.07,32311.9,2716.35,1543.0083,692.189,2323.1241,3.9328,0.2216,1382.1708,494.1916,1299.3432,2.4953,0.2608,2,1,1,1,1018.55,1018.55,"[""legacy_50k"", ""start_2022"", ""maximum"", 3500]"
legacy_50k,start_2022,maximum,3600,53700.0,2022-01-03T04:33:40,2026-07-13T21:30:40,8845,304997.85,0,304997.85,328952.85,21159.25,87,7,101,327,226,13080.0,10875.0,23955.0,15800.0,320797.85,0,0,0,22.5,0,74,20,5796.91,72,0,2026-06-29T20:30:00,20,80,67,13,0.0125,45.1,126.1,4249.17,38.01,43.81,11.66,19,19,14,0,0,0,0,1652.7062,19237.7528,11.6402,13816.37,29558.75,29928.21,2539.38,32283.36,2773.45,1575.7449,710.1631,2334.0645,4.0145,0.1929,1414.934,487.882,1280.4301,2.576,0.2433,2,1,1,1,1018.55,1018.55,"[""legacy_50k"", ""start_2022"", ""maximum"", 3600]"
legacy_50k,start_2022,maximum,3700,53800.0,2022-01-03T04:33:40,2026-07-13T21:30:40,8845,309839.25,0,309839.25,333714.25,26246.55,87,9,99,325,226,13000.0,10875.0,23875.0,15800.0,325639.25,0,0,0,22.5,0,72,20,6291.91,70,0,2026-06-29T20:30:00,20,78,67,11,0.0128,56.22,126.1,4291.54,38.01,59.81,11.93,19,19,14,0,0,0,0,1652.7062,19698.3817,11.9189,13355.74,31267.41,31632.44,2623.35,33909.12,2845.0,1542.7394,708.5564,2361.7769,4.0936,0.2216,1381.9019,489.6268,1303.3046,2.6747,0.2607,2,1,1,1,1018.55,1018.55,"[""legacy_50k"", ""start_2022"", ""maximum"", 3700]"
legacy_50k,start_2022,maximum,3800,53900.0,2022-01-03T04:33:40,2026-07-13T21:30:40,8845,306541.35,0,306541.35,330376.35,29140.2,87,10,98,324,226,12960.0,10875.0,23835.0,15800.0,322341.35,0,0,0,22.5,0,71,20,6291.91,69,0,2026-06-29T20:30:00,20,77,67,10,0.013,56.22,126.1,4276.91,38.01,59.81,11.94,19,19,14,0,0,0,0,1652.7062,19713.0127,11.9277,13341.11,31878.25,32243.27,2672.62,34519.07,2894.02,1542.7394,700.351,2313.8479,3.8801,0.2929,1381.9019,473.0929,1242.3195,2.4363,0.3912,2,1,1,1,1018.55,1018.55,"[""legacy_50k"", ""start_2022"", ""maximum"", 3800]"
legacy_50k,start_2022,maximum,3900,54000.0,2022-01-03T04:33:40,2026-07-13T21:30:40,8845,303322.0,0,303322.0,327157.0,29540.2,87,10,98,324,226,12960.0,10875.0,23835.0,15800.0,319122.0,0,0,0,22.5,0,71,20,6293.0,69,0,2026-06-29T20:30:00,20,77,67,10,0.013,56.04,126.04,4273.94,38.01,59.81,11.94,19,19,14,0,0,0,0,1652.7062,19715.9896,11.9295,13338.14,32485.73,32850.76,2723.14,35126.37,2944.49,1543.0632,703.8063,2325.79,3.8805,0.2929,1383.5674,474.5727,1252.0796,2.4356,0.391,2,1,1,1,1018.55,1018.55,"[""legacy_50k"", ""start_2022"", ""maximum"", 3900]"
legacy_50k,start_2022,maximum,4000,54100.0,2022-01-03T04:33:40,2026-07-13T21:30:40,8845,294104.1,0,294104.1,317939.1,29940.2,87,10,98,324,226,12960.0,10875.0,23835.0,15800.0,309904.1,0,0,0,22.5,0,71,20,5798.0,69,0,2026-06-29T20:30:00,20,77,67,10,0.013,45.04,126.04,4200.46,38.01,43.81,11.68,19,19,14,0,0,0,0,1652.7062,19286.4634,11.6696,13767.66,32055.82,32425.28,2746.94,34777.48,2980.17,1575.7998,716.7834,2325.8507,3.8757,0.3135,1416.3046,466.7627,1231.8038,2.4202,0.427,2,1,1,1,1018.55,1018.55,"[""legacy_50k"", ""start_2022"", ""maximum"", 4000]"
legacy_50k,start_2022,maximum,4100,54200.0,2022-01-03T04:33:40,2026-07-13T21:30:40,8845,294118.15,0,294118.15,317953.15,30340.2,87,10,98,324,226,12960.0,10875.0,23835.0,15800.0,309918.15,0,0,0,22.5,0,71,20,5813.06,69,0,2026-07-02T15:30:00,13,77,67,10,0.013,45.1,123.79,4175.03,38.01,39.81,11.7,19,19,14,0,0,0,0,1652.7062,19311.9007,11.685,13742.22,33161.07,33530.53,2837.91,35881.19,3070.7,1579.2361,787.9671,2514.7753,4.2495,0.0478,1422.1704,547.3063,1429.0585,2.8364,0.0815,2,1,1,1,1018.55,1018.55,"[""legacy_50k"", ""start_2022"", ""maximum"", 4100]"
legacy_50k,start_2022,maximum,4200,54300.0,2022-01-03T04:33:40,2026-07-13T21:30:40,8845,289559.75,0,289559.75,313724.75,33281.3,89,11,99,326,227,13040.0,11125.0,24165.0,15800.0,305359.75,0,0,0,22.5,0,72,20,5813.77,70,0,2026-06-29T20:30:00,13,78,69,9,0.0128,44.62,123.79,4200.87,25.49,39.81,11.69,19,19,14,0,0,0,0,1652.7062,19286.0532,11.6694,13768.07,33523.03,33902.1,2872.73,36261.92,3107.44,1579.8819,788.1222,2495.2139,4.1848,0.0477,1428.8639,539.8332,1410.8487,2.7578,0.081,2,1,1,1,1018.55,1018.55,"[""legacy_50k"", ""start_2022"", ""maximum"", 4200]"
legacy_50k,start_2022,maximum,4300,54400.0,2022-01-03T04:33:40,2026-07-13T21:30:40,8845,285154.25,0,285154.25,309034.25,39187.95,88,13,96,322,226,12880.0,11000.0,23880.0,15800.0,300954.25,0,0,0,22.5,0,69,20,5843.06,67,0,2026-06-29T20:30:00,20,75,68,7,0.0133,44.62,175.78,4179.51,25.49,39.81,11.7,19,19,14,0,0,0,0,1652.7062,19307.416,11.6823,13746.71,34502.3,34847.06,2953.38,37221.97,3186.18,1579.2361,778.3227,2469.758,4.0529,0.1579,1419.741,535.4777,1410.6517,2.7231,0.2041,2,1,1,1,1018.55,1018.55,"[""legacy_50k"", ""start_2022"", ""maximum"", 4300]"
legacy_50k,start_2022,maximum,4400,54500.0,2022-01-03T04:33:40,2026-07-13T21:30:40,8845,282454.25,0,282454.25,306334.25,39787.95,88,13,96,322,226,12880.0,11000.0,23880.0,15800.0,298254.25,0,0,0,22.5,0,69,20,5843.06,67,0,2026-06-29T20:30:00,20,75,68,7,0.0133,44.62,175.78,4177.08,25.49,39.81,11.71,19,19,14,0,0,0,0,1652.7062,19309.8454,11.6838,13744.28,35061.13,35405.88,3000.84,37780.65,3233.6,1579.2361,781.9096,2502.9641,4.2318,0.1579,1422.1704,541.1368,1447.3692,2.9188,0.2037,2,1,1,1,1018.55,1018.55,"[""legacy_50k"", ""start_2022"", ""maximum"", 4400]"
legacy_50k,start_2022,maximum,4500,54600.0,2022-01-03T04:33:40,2026-07-13T21:30:40,8845,390535.32,0,390535.32,405005.32,34221.1,46,11,56,218,162,8720.0,5750.0,14470.0,15800.0,406335.32,0,0,0,20.5,0,29,20,12622.58,27,0,2026-06-29T20:30:00,20,35,26,9,0.0286,42.77,98.02,1870.94,118.92,53.81,13.08,15,15,13,0,0,0,0,1652.7062,21615.99,13.0791,11438.13,47367.31,47455.9,3621.59,47756.49,3651.35,1582.7537,413.6658,1099.8362,2.6904,0.4158,1471.9204,168.2326,455.028,2.3312,0.4591,2,1,0,0,,,"[""legacy_50k"", ""start_2022"", ""maximum"", 4500]"
legacy_50k,start_2022,maximum,5000,55100.0,2022-01-03T04:33:40,2026-07-13T21:30:40,8845,378072.6,0,378072.6,392547.6,36721.1,47,11,57,215,158,8600.0,5875.0,14475.0,15800.0,393872.6,0,0,0,20.5,0,30,20,12678.52,28,0,2026-06-29T20:30:00,20,36,27,9,0.0278,42.22,95.22,1745.02,116.12,50.81,13.16,15,15,13,0,0,0,0,1652.7062,21741.9044,13.1553,11312.22,52443.55,52523.25,3986.49,52825.12,4015.49,1585.5505,483.9677,1291.0783,2.8917,0.3708,1474.7171,249.3052,654.6388,2.5369,0.4106,2,1,0,0,,,"[""legacy_50k"", ""start_2022"", ""maximum"", 5000]"
legacy_50k,start_2022,maximum,5700,55800.0,2022-01-03T04:33:40,2026-07-13T21:30:40,8845,362159.0,1898.95,364057.95,376234.0,49456.6,47,13,55,205,150,8200.0,5875.0,14075.0,15800.0,379857.95,0,0,0,20.5,0,28,20,12750.13,26,0,2026-06-29T20:30:00,20,34,27,7,0.0294,35.12,91.64,1486.32,112.54,46.81,13.32,15,15,13,0,0,0,0,1652.7062,22000.6044,13.3119,11053.52,59938.49,60009.42,4502.64,60339.56,4532.76,1589.1312,556.9555,1476.2866,2.9824,0.422,1478.2979,317.982,829.8664,2.6035,0.4721,2,1,0,0,,,"[""legacy_50k"", ""start_2022"", ""maximum"", 5700]"
legacy_50k,start_2022,maximum,6000,56100.0,2022-01-03T04:33:40,2026-07-13T21:30:40,8845,355655.85,0,355655.85,369730.85,49959.75,47,13,55,205,150,8200.0,5875.0,14075.0,15800.0,371455.85,0,0,0,20.5,0,28,20,12758.51,26,0,2026-06-29T20:30:00,20,34,27,7,0.0294,35.12,91.22,1477.95,112.12,46.81,13.32,15,15,13,0,0,0,0,1652.7062,22008.9794,13.3169,11045.15,62695.97,62766.9,4707.99,63096.53,4738.07,1589.55,582.0245,1563.5514,3.0976,0.3919,1478.7167,343.0373,922.1432,2.7275,0.4398,2,1,0,0,,,"[""legacy_50k"", ""start_2022"", ""maximum"", 6000]"
legacy_50k,start_2022,maximum,6100,56200.0,2022-01-03T04:33:40,2026-07-13T21:30:40,8845,353695.85,0,353695.85,367730.85,50884.9,47,13,55,204,149,8160.0,5875.0,14035.0,15800.0,369495.85,0,0,0,20.5,0,28,20,12776.88,26,0,2026-06-29T20:30:00,20,34,27,7,0.0294,35.12,90.31,1449.57,111.2,45.81,13.34,15,15,13,0,0,0,0,1652.7062,22037.3544,13.3341,11016.77,63650.77,63722.0,4773.53,64056.26,4803.94,1590.4687,587.5774,1575.5575,3.0826,0.3923,1479.6354,348.507,938.5685,2.7209,0.4401,2,1,0,0,,,"[""legacy_50k"", ""start_2022"", ""maximum"", 6100]"
legacy_50k,start_2022,maximum,6200,56300.0,2022-01-03T04:33:40,2026-07-13T21:30:40,8845,351695.85,0,351695.85,365730.85,50884.9,47,13,55,204,149,8160.0,5875.0,14035.0,15800.0,367495.85,0,0,0,20.5,0,28,20,12776.88,26,0,2026-06-29T20:30:00,20,34,27,7,0.0294,35.12,90.31,1449.57,111.2,45.81,13.34,15,15,13,0,0,0,0,1652.7062,22037.3544,13.3341,11016.77,64640.27,64711.5,4847.74,65045.76,4878.15,1590.4687,601.4579,1597.9455,3.0091,0.3923,1479.6354,362.5683,962.4684,2.6418,0.4401,2,1,0,0,,,"[""legacy_50k"", ""start_2022"", ""maximum"", 6200]"
legacy_50k,start_2022,maximum,6300,56400.0,2022-01-03T04:33:40,2026-07-13T21:30:40,8845,349695.85,0,349695.85,363730.85,50884.9,47,13,55,204,149,8160.0,5875.0,14035.0,15800.0,365495.85,0,0,0,20.5,0,28,20,12779.81,26,0,2026-06-29T20:30:00,20,34,27,7,0.0294,35.12,90.16,1446.64,111.06,45.81,13.34,15,15,13,0,0,0,0,1652.7062,22040.285,13.3359,11013.84,65443.27,65514.5,4907.31,65848.58,4937.7,1590.6153,600.6776,1616.2954,2.9976,0.4225,1479.7819,360.8289,982.2555,2.6295,0.4726,2,1,0,0,,,"[""legacy_50k"", ""start_2022"", ""maximum"", 6300]"
legacy_50k,start_2022,maximum,6400,56500.0,2022-01-03T04:33:40,2026-07-13T21:30:40,8845,347695.85,0,347695.85,361730.85,50884.9,47,13,55,204,149,8160.0,5875.0,14035.0,15800.0,363495.85,0,0,0,20.5,0,28,20,12779.81,26,0,2026-06-29T20:30:00,20,34,27,7,0.0294,35.12,90.16,1446.64,111.06,45.81,13.34,15,15,13,0,0,0,0,1652.7062,22040.285,13.3359,11013.84,66613.56,66684.79,4995.06,67018.87,5025.46,1590.6153,630.5617,1671.8827,3.0793,0.3923,1479.7819,392.0515,1042.0063,2.7173,0.4402,2,1,0,0,,,"[""legacy_50k"", ""start_2022"", ""maximum"", 6400]"
legacy_50k,start_2022,maximum,6500,56600.0,2022-01-03T04:33:40,2026-07-13T21:30:40,8845,345865.85,0,345865.85,359730.85,45353.8,45,11,55,206,151,8240.0,5625.0,13865.0,15800.0,361665.85,0,0,0,20.5,0,28,20,12816.88,26,0,2026-06-29T20:30:00,20,34,25,9,0.0294,23.31,88.31,1557.36,109.2,43.81,13.27,13,13,13,0,0,0,0,1652.7062,21929.5618,13.2689,11124.56,67058.64,67127.99,5053.83,67450.55,5083.36,1592.4687,618.9267,1666.7535,3.0292,0.393,1481.6354,376.461,1041.558,2.6693,0.4409,2,1,0,0,,,"[""legacy_50k"", ""start_2022"", ""maximum"", 6500]"
legacy_50k,start_2022,maximum,6600,56700.0,2022-01-03T04:33:40,2026-07-13T21:30:40,8845,343865.85,0,343865.85,357730.85,45353.8,45,11,55,206,151,8240.0,5625.0,13865.0,15800.0,359665.85,0,0,0,20.5,0,28,20,12819.87,26,0,2026-06-29T20:30:00,20,34,25,9,0.0294,23.31,88.16,1554.38,109.05,43.81,13.27,13,13,13,0,0,0,0,1652.7062,21932.5479,13.2707,11121.58,68076.18,68145.53,5129.82,68467.91,5159.33,1592.6181,638.2661,1703.9283,3.2086,0.3931,1481.7847,397.065,1081.5763,2.8621,0.4409,2,1,0,0,,,"[""legacy_50k"", ""start_2022"", ""maximum"", 6600]"
legacy_50k,start_2022,maximum,6700,56800.0,2022-01-03T04:33:40,2026-07-13T21:30:40,8845,340970.85,0,340970.85,355730.85,27925.8,48,7,62,219,157,8760.0,6000.0,14760.0,15800.0,356770.85,0,0,0,20.5,0,35,20,12888.0,33,20,2026-06-29T20:30:00,20,41,28,13,0.0244,41.08,84.75,1816.67,38.01,39.81,13.12,14,14,13,0,0,0,0,1652.7062,21670.2579,13.112,11383.87,68216.92,68304.05,5202.64,68594.43,5231.43,1583.0245,668.1975,1758.7377,3.2386,0.3894,1485.1912,410.0837,1108.0171,2.8578,0.4422,2,1,20,1,101.4,101.4,"[""legacy_50k"", ""start_2022"", ""maximum"", 6700]"
legacy_50k,start_2022,maximum,6800,56900.0,2022-01-03T04:33:40,2026-07-13T21:30:40,8845,354800.85,107852.75,462653.6,364700.85,111873.0,28,20,29,160,131,6400.0,3500.0,9900.0,15800.0,478453.6,0,0,0,20.5,0,2,0,15000.93,0,0,2023-01-05T22:50:40,2,8,8,0,0.125,38.77,342.05,543.59,0,38.81,13.88,13,13,13,0,0,0,0,1652.7062,22943.3368,13.8823,10110.79,73482.44,73531.44,5293.25,73453.59,5291.17,1597.7745,602.4561,1587.6712,2.9437,0.4519,1523.3787,376.9369,1006.7345,2.607,0.5005,1,0,20,1,201.4,201.4,"[""legacy_50k"", ""start_2022"", ""maximum"", 6800]"
legacy_50k,start_2022,maximum,6900,57000.0,2022-01-03T04:33:40,2026-07-13T21:30:40,8845,352800.85,109852.75,462653.6,362700.85,113873.0,28,20,29,160,131,6400.0,3500.0,9900.0,15800.0,478453.6,0,0,0,20.5,0,2,0,15000.93,0,0,2023-01-05T22:50:40,2,8,8,0,0.125,38.77,342.05,543.59,0,38.81,13.88,13,13,13,0,0,0,0,1652.7062,22943.3368,13.8823,10110.79,74398.47,74447.47,5359.24,74369.62,5357.16,1597.7745,603.483,1579.261,2.8636,0.4519,1523.3787,376.8683,997.9137,2.523,0.5005,1,0,20,1,301.4,301.4,"[""legacy_50k"", ""start_2022"", ""maximum"", 6900]"
legacy_50k,start_2022,maximum,7000,57100.0,2022-01-03T04:33:40,2026-07-13T21:30:40,8845,350800.85,111852.75,462653.6,360700.85,115873.0,28,20,29,160,131,6400.0,3500.0,9900.0,15800.0,478453.6,0,0,0,20.5,0,2,0,15000.93,0,0,2023-01-05T22:50:40,2,8,8,0,0.125,38.77,342.05,543.59,0,38.81,13.88,13,13,13,0,0,0,0,1652.7062,22943.3368,13.8823,10110.79,75673.03,75722.03,5451.05,75644.18,5448.97,1597.7745,632.1433,1653.5442,3.0063,0.4519,1523.3787,406.4357,1075.8246,2.6727,0.5005,1,0,20,1,401.4,401.4,"[""legacy_50k"", ""start_2022"", ""maximum"", 7000]"
legacy_50k,start_2022,maximum,7100,57200.0,2022-01-03T04:33:40,2026-07-13T21:30:40,8845,348800.85,113852.75,462653.6,358700.85,117873.0,28,20,29,160,131,6400.0,3500.0,9900.0,15800.0,478453.6,0,0,0,20.5,0,2,0,15000.93,0,0,2023-01-05T22:50:40,2,8,8,0,0.125,38.77,342.05,543.59,0,38.81,13.88,13,13,13,0,0,0,0,1652.7062,22943.3368,13.8823,10110.79,76726.01,76775.01,5526.9,76697.16,5524.82,1597.7745,642.6171,1672.1229,2.9782,0.4745,1523.3787,416.2734,1095.3106,2.6431,0.5241,1,0,20,1,501.4,501.4,"[""legacy_50k"", ""start_2022"", ""maximum"", 7100]"
legacy_50k,start_2022,maximum,7200,57300.0,2022-01-03T04:33:40,2026-07-13T21:30:40,8845,346800.85,115852.75,462653.6,356700.85,119873.0,28,20,29,160,131,6400.0,3500.0,9900.0,15800.0,478453.6,0,0,0,20.5,0,2,0,15000.93,0,0,2023-01-05T22:50:40,2,8,8,0,0.125,38.77,342.05,543.59,0,38.81,13.88,13,13,13,0,0,0,0,1652.7062,22943.3368,13.8823,10110.79,77678.67,77727.67,5595.53,77649.82,5593.45,1597.7745,652.1032,1699.7679,3.0508,0.4519,1523.3787,426.0324,1124.3056,2.7193,0.5005,1,0,20,1,601.4,601.4,"[""legacy_50k"", ""start_2022"", ""maximum"", 7200]"
legacy_50k,start_2022,maximum,7300,57400.0,2022-01-03T04:33:40,2026-07-13T21:30:40,8845,344800.85,117852.75,462653.6,354700.85,121873.0,28,20,29,160,131,6400.0,3500.0,9900.0,15800.0,478453.6,0,0,0,20.5,0,2,0,15000.93,0,0,2023-01-05T22:50:40,2,8,8,0,0.125,38.77,342.05,543.59,0,38.81,13.88,13,13,13,0,0,0,0,1652.7062,22943.3368,13.8823,10110.79,78630.2,78679.2,5664.07,78601.35,5661.99,1597.7745,658.7271,1719.1085,3.0389,0.4519,1523.3787,432.9793,1144.5908,2.7068,0.5005,1,0,20,1,701.4,701.4,"[""legacy_50k"", ""start_2022"", ""maximum"", 7300]"
legacy_50k,start_2022,maximum,7400,57500.0,2022-01-03T04:33:40,2026-07-13T21:30:40,8845,342800.85,119852.75,462653.6,352700.85,123873.0,28,20,29,160,131,6400.0,3500.0,9900.0,15800.0,478453.6,0,0,0,20.5,0,2,0,15000.93,0,0,2023-01-05T22:50:40,2,8,8,0,0.125,38.77,342.05,543.59,0,38.81,13.88,13,13,13,0,0,0,0,1652.7062,22943.3368,13.8823,10110.79,79579.55,79628.55,5732.45,79550.7,5730.38,1597.7745,655.5443,1715.5407,2.9124,0.4519,1523.3787,429.3416,1140.8487,2.5742,0.5005,1,0,20,1,801.4,801.4,"[""legacy_50k"", ""start_2022"", ""maximum"", 7400]"
legacy_50k,start_2022,maximum,7500,57600.0,2022-01-03T04:33:40,2026-07-13T21:30:40,8845,340800.85,121852.75,462653.6,350700.85,125873.0,28,20,29,160,131,6400.0,3500.0,9900.0,15800.0,478453.6,0,0,0,20.5,0,2,0,15000.93,0,0,2023-01-05T22:50:40,2,8,8,0,0.125,38.77,342.05,543.59,0,38.81,13.88,13,13,13,0,0,0,0,1652.7062,22943.3368,13.8823,10110.79,80638.78,80687.78,5808.75,80609.93,5806.68,1597.7745,669.3105,1755.7563,3.1015,0.4519,1523.3787,443.512,1183.0283,2.7725,0.5005,1,0,20,1,901.4,901.4,"[""legacy_50k"", ""start_2022"", ""maximum"", 7500]"
legacy_50k,start_2022,maximum,8000,58100.0,2022-01-03T04:33:40,2026-07-13T21:30:40,8845,330800.85,131852.75,462653.6,340700.85,135873.0,28,20,29,160,131,6400.0,3500.0,9900.0,15800.0,478453.6,0,0,0,20.5,0,2,0,15000.93,0,0,2023-01-05T22:50:40,2,8,8,0,0.125,38.77,342.05,543.59,0,38.81,13.88,13,13,13,0,0,0,0,1652.7062,22943.3368,13.8823,10110.79,85458.68,85507.68,6155.95,85429.83,6153.87,1597.7745,709.0026,1842.054,3.196,0.4519,1523.3787,483.8721,1273.5405,2.8716,0.5005,1,0,20,1,1401.4,1401.4,"[""legacy_50k"", ""start_2022"", ""maximum"", 8000]"
legacy_50k,start_2022,maximum,9000,59100.0,2022-01-03T04:33:40,2026-07-13T21:30:40,8845,304030.7,151852.75,455883.45,314210.7,155873.0,28,20,35,167,132,6680.0,3500.0,10180.0,15800.0,471683.45,0,6,0,20.5,0,2,0,14810.93,0,0,2023-01-05T22:50:40,2,8,8,0,0.125,38.77,342.05,543.59,0,38.81,13.77,13,13,13,6,0,43,44,1652.7062,22753.3368,13.7673,10300.79,93721.73,93777.9,6807.55,93700.11,6805.98,1597.7745,870.726,2628.1902,3.9426,0.2998,1523.3787,636.8778,1918.742,3.5217,0.341,1,0,20,1,2401.4,2401.4,"[""legacy_50k"", ""start_2022"", ""maximum"", 9000]"
legacy_50k,start_2022,maximum,10000,60100.0,2022-01-03T04:33:40,2026-07-13T21:30:40,8845,283817.9,171852.75,455670.65,293997.9,175873.0,28,20,35,167,132,6680.0,3500.0,10180.0,15800.0,471470.65,0,6,0,20.5,0,2,0,14808.93,0,0,2023-01-05T22:50:40,2,8,8,0,0.125,38.77,342.05,543.59,0,38.81,13.77,13,13,13,6,0,59,60,1652.7062,22751.3368,13.7661,10302.79,102503.51,102562.8,7446.08,102489.31,7445.05,1597.7745,943.7268,2876.7118,4.0966,0.2998,1523.3787,711.9576,2150.1391,3.6754,0.341,1,0,20,1,3401.4,3401.4,"[""legacy_50k"", ""start_2022"", ""maximum"", 10000]"
legacy_50k,start_2023,minimum,0,50100.0,2023-01-03T07:13:40,2026-07-13T21:30:40,6932,330350.0,0,330350.0,345000.0,31038.45,50,10,60,210,150,8400.0,6250.0,14650.0,13400.0,343750.0,0,0,0,21.0,0,39,18,6726.81,35,0,2026-06-29T20:30:00,11,40,30,10,0.075,56.06,110.89,2190.42,126.54,224.7,11.93,20,20,14,0,0,0,0,1287.5951,15344.5069,11.9172,10407.4,40027.13,40180.62,3358.77,41003.94,3440.74,929.1495,726.396,2961.3425,8.2466,0.0292,808.1308,563.3641,1852.6627,8.0146,0.0,3,0,0,0,,,"[""legacy_50k"", ""start_2023"", ""minimum"", 0]"
legacy_50k,start_2023,minimum,1000,51100.0,2023-01-03T07:13:40,2026-07-13T21:30:40,6932,330350.0,0,330350.0,345000.0,31038.45,50,10,60,210,150,8400.0,6250.0,14650.0,13400.0,343750.0,0,0,0,21.0,0,39,18,6726.81,35,0,2026-06-29T20:30:00,11,40,30,10,0.075,56.06,110.89,2190.42,126.54,224.7,11.93,20,20,14,0,0,0,0,1287.5951,15344.5069,11.9172,10407.4,40027.13,40180.62,3358.77,41003.94,3440.74,929.1495,726.396,2961.3425,8.2466,0.0292,808.1308,563.3641,1852.6627,8.0146,0.0,3,0,0,0,,,"[""legacy_50k"", ""start_2023"", ""minimum"", 1000]"
legacy_50k,start_2023,minimum,2000,52100.0,2023-01-03T07:13:40,2026-07-13T21:30:40,6932,330350.0,0,330350.0,345000.0,31038.45,50,10,60,210,150,8400.0,6250.0,14650.0,13400.0,343750.0,0,0,0,21.0,0,39,18,6726.81,35,0,2026-06-29T20:30:00,11,40,30,10,0.075,56.06,110.89,2190.42,126.54,224.7,11.93,20,20,14,0,0,0,0,1287.5951,15344.5069,11.9172,10407.4,40027.13,40180.62,3358.77,41003.94,3440.74,929.1495,726.396,2961.3425,8.2466,0.0292,808.1308,563.3641,1852.6627,8.0146,0.0,3,0,0,0,,,"[""legacy_50k"", ""start_2023"", ""minimum"", 2000]"
legacy_50k,start_2023,minimum,3000,53100.0,2023-01-03T07:13:40,2026-07-13T21:30:40,6932,320590.0,0,320590.0,334000.0,36422.75,50,11,59,179,120,7160.0,6250.0,13410.0,13400.0,333990.0,0,0,0,20.5,0,38,18,7298.94,36,0,2026-06-29T20:30:00,11,39,30,9,0.0513,48.94,96.1,1603.29,38.01,211.7,12.58,19,19,14,0,0,0,0,1287.5951,16178.64,12.565,9573.26,50120.99,50222.22,3988.93,50818.73,4044.47,912.3778,851.2933,3797.2814,8.9852,0.0,810.1037,599.0742,2686.9792,8.9722,0.0,1,0,1,1,1018.55,1018.55,"[""legacy_50k"", ""start_2023"", ""minimum"", 3000]"
legacy_50k,start_2023,minimum,3100,53200.0,2023-01-03T07:13:40,2026-07-13T21:30:40,6932,318590.0,0,318590.0,332000.0,36422.75,50,11,59,179,120,7160.0,6250.0,13410.0,13400.0,331990.0,0,0,0,20.5,0,38,18,7301.46,36,0,2026-06-29T20:30:00,11,39,30,9,0.0513,48.94,96.1,1600.77,38.01,211.7,12.58,19,19,14,0,0,0,0,1287.5951,16181.1595,12.567,9570.74,52242.12,52343.35,4157.1,52939.67,4212.61,912.4044,867.7088,3822.0342,8.9878,0.0,810.1303,595.5054,2683.78,8.975,0.0,1,0,1,1,1018.55,1018.55,"[""legacy_50k"", ""start_2023"", ""minimum"", 3100]"
legacy_50k,start_2023,minimum,3200,53300.0,2023-01-03T07:13:40,2026-07-13T21:30:40,6932,313090.0,0,313090.0,326500.0,36422.75,50,11,59,179,120,7160.0,6250.0,13410.0,13400.0,326490.0,0,0,0,20.5,0,38,18,7317.78,36,0,2026-06-29T20:30:00,11,39,30,9,0.0513,48.2,96.1,1584.45,38.01,211.7,12.59,19,19,14,0,0,0,0,1287.5951,16197.4762,12.5796,9554.43,52568.18,52669.41,4178.83,53264.47,4234.18,913.6125,864.598,3825.9881,8.9804,0.0,811.3384,590.3701,2682.2173,8.9668,0.0,1,0,1,1,1018.55,1018.55,"[""legacy_50k"", ""start_2023"", ""minimum"", 3200]"
legacy_50k,start_2023,minimum,3300,53400.0,2023-01-03T07:13:40,2026-07-13T21:30:40,6932,320080.0,0,320080.0,333000.0,36991.05,48,11,57,173,116,6920.0,6000.0,12920.0,13400.0,333480.0,0,0,0,20.5,0,36,19,7504.87,34,0,2026-06-29T20:30:00,11,37,28,9,0.0541,48.2,96.1,1473.05,38.01,211.7,12.67,19,19,14,0,0,0,0,1287.5951,16308.8731,12.6661,9443.03,53734.64,53835.31,4242.38,54361.85,4291.9,926.7194,777.3043,3248.8426,8.9878,0.0,811.4454,597.0706,2695.4381,9.2395,0.0,1,0,1,1,1018.55,1018.55,"[""legacy_50k"", ""start_2023"", ""minimum"", 3300]"
legacy_50k,start_2023,minimum,3400,53500.0,2023-01-03T07:13:40,2026-07-13T21:30:40,6932,324080.0,0,324080.0,337000.0,35888.75,48,11,57,173,116,6920.0,6000.0,12920.0,13400.0,337480.0,0,0,0,20.5,0,36,20,7620.28,34,0,2026-06-29T20:30:00,12,37,28,9,0.0541,48.2,96.1,1494.96,38.01,227.7,12.66,20,20,14,0,0,0,0,1287.5951,16286.9681,12.6491,9464.93,53433.41,53536.85,4224.27,54104.76,4277.35,926.7194,591.446,2326.086,8.8695,0.0236,810.9454,434.5376,1812.0048,9.1657,0.0,3,0,0,0,,,"[""legacy_50k"", ""start_2023"", ""minimum"", 3400]"
legacy_50k,start_2023,minimum,3500,53600.0,2023-01-03T07:13:40,2026-07-13T21:30:40,6932,323580.0,0,323580.0,336500.0,35888.75,48,11,57,173,116,6920.0,6000.0,12920.0,13400.0,336980.0,0,0,0,20.5,0,36,20,7621.62,34,0,2026-06-29T20:30:00,12,37,28,9,0.0541,48.2,96.1,1493.62,38.01,227.7,12.66,20,20,14,0,0,0,0,1287.5951,16288.3104,12.6502,9463.59,54507.27,54610.71,4308.81,55178.52,4361.88,926.7194,603.1622,2385.2441,8.8709,0.0236,810.9454,443.5731,1844.6577,9.1674,0.0,3,0,0,0,,,"[""legacy_50k"", ""start_2023"", ""minimum"", 3500]"
legacy_50k,start_2023,minimum,3600,53700.0,2023-01-03T07:13:40,2026-07-13T21:30:40,6932,321580.0,0,321580.0,334500.0,35888.75,48,11,57,173,116,6920.0,6000.0,12920.0,13400.0,334980.0,0,0,0,20.5,0,36,20,7636.6,34,0,2026-06-29T20:30:00,12,37,28,9,0.0541,48.2,96.1,1478.63,38.01,224.7,12.67,20,20,14,0,0,0,0,1287.5951,16303.291,12.6618,9448.61,56535.83,56639.27,4465.07,57205.92,4517.99,929.1495,633.1195,2394.1749,8.8639,0.0236,813.3755,471.665,1844.7115,9.1584,0.0,3,0,0,0,,,"[""legacy_50k"", ""start_2023"", ""minimum"", 3600]"
legacy_50k,start_2023,minimum,3700,53800.0,2023-01-03T07:13:40,2026-07-13T21:30:40,6932,318525.0,0,318525.0,331000.0,42602.75,47,13,54,165,111,6600.0,5875.0,12475.0,13400.0,331925.0,0,0,0,20.5,0,33,20,7738.14,31,0,2026-06-29T20:30:00,11,34,27,7,0.0588,36.65,96.1,1203.45,38.01,224.7,12.89,20,20,14,0,0,0,0,1287.5951,16578.4785,12.8755,9173.42,57425.07,57520.78,4460.01,58109.15,4513.14,929.7954,627.4053,2416.4264,8.8776,0.017,820.069,464.2408,1840.4197,9.1062,0.0,2,0,0,0,,,"[""legacy_50k"", ""start_2023"", ""minimum"", 3700]"
legacy_50k,start_2023,minimum,3800,53900.0,2023-01-03T07:13:40,2026-07-13T21:30:40,6932,318645.0,0,318645.0,331000.0,45959.75,47,14,53,162,109,6480.0,5875.0,12355.0,13400.0,332045.0,0,0,0,20.5,0,32,20,7751.18,30,0,2026-06-29T20:30:00,11,33,27,6,0.0606,29.95,96.1,1136.49,38.01,224.7,12.94,20,20,14,0,0,0,0,1287.5951,16645.4359,12.9275,9106.47,58067.12,58165.59,4491.74,58784.24,4547.21,929.7954,628.6244,2484.2428,8.8378,0.0169,820.069,457.7749,1874.2075,9.0693,0.0,2,0,0,0,,,"[""legacy_50k"", ""start_2023"", ""minimum"", 3800]"
legacy_50k,start_2023,minimum,3900,54000.0,2023-01-03T07:13:40,2026-07-13T21:30:40,6932,317975.0,0,317975.0,330000.0,45959.75,45,14,51,160,109,6400.0,5625.0,12025.0,13400.0,331375.0,0,0,0,20.5,0,30,20,7769.96,28,0,2026-06-29T20:30:00,12,31,25,6,0.0645,29.95,96.1,1135.51,38.01,224.7,12.94,20,20,14,0,0,0,0,1287.5951,16646.4169,12.9283,9105.49,58889.32,58969.95,4555.07,59576.41,4608.22,927.369,615.3634,2573.4042,8.8786,0.014,820.2405,440.9468,1962.8159,9.0902,0.0,2,0,0,0,,,"[""legacy_50k"", ""start_2023"", ""minimum"", 3900]"
legacy_50k,start_2023,minimum,4000,54100.0,2023-01-03T07:13:40,2026-07-13T21:30:40,6932,317640.0,0,317640.0,329500.0,45959.75,44,14,50,159,109,6360.0,5500.0,11860.0,13400.0,331040.0,0,0,0,20.5,0,29,20,7780.01,27,0,2026-06-29T20:30:00,12,30,24,6,0.0667,34.95,98.02,1134.35,38.01,226.7,12.94,20,20,14,0,0,0,0,1287.5951,16647.5722,12.9292,9104.33,59726.49,59798.2,4619.5,60398.52,4671.48,927.369,610.344,2522.9525,8.8819,0.014,820.494,436.8342,1898.4342,9.0994,0.0,2,0,0,0,,,"[""legacy_50k"", ""start_2023"", ""minimum"", 4000]"
legacy_50k,start_2023,minimum,4100,54200.0,2023-01-03T07:13:40,2026-07-13T21:30:40,6932,312775.0,0,312775.0,324500.0,34537.85,41,11,50,165,115,6600.0,5125.0,11725.0,13400.0,326175.0,0,0,0,20.5,0,29,20,7829.39,27,0,2026-06-29T20:30:00,12,30,21,9,0.0667,45.95,95.77,1376.67,116.67,223.7,12.76,15,15,14,0,0,0,0,1287.5951,16405.2583,12.741,9346.64,62183.62,62252.55,4880.59,62762.21,4926.0,930.1255,689.4442,2582.3924,8.7889,0.0258,823.2505,520.8381,1975.1885,9.047,0.0015,2,1,0,0,,,"[""legacy_50k"", ""start_2023"", ""minimum"", 4100]"
legacy_50k,start_2023,minimum,4200,54300.0,2023-01-03T07:13:40,2026-07-13T21:30:40,6932,307775.0,0,307775.0,319500.0,34537.85,41,11,50,165,115,6600.0,5125.0,11725.0,13400.0,321175.0,0,0,0,20.5,0,29,20,7865.18,27,0,2026-06-29T20:30:00,10,30,21,9,0.0667,42.77,95.37,1340.88,116.27,223.7,12.78,15,15,14,0,0,0,0,1287.5951,16441.05,12.7688,9310.85,62593.44,62662.37,4902.06,63169.25,4947.15,930.5231,688.8962,2590.9914,8.789,0.0262,823.6481,519.3206,1984.5874,9.0469,0.002,2,1,0,0,,,"[""legacy_50k"", ""start_2023"", ""minimum"", 4200]"
legacy_50k,start_2023,minimum,4300,54400.0,2023-01-03T07:13:40,2026-07-13T21:30:40,6932,306775.0,0,306775.0,318500.0,34537.85,41,11,50,165,115,6600.0,5125.0,11725.0,13400.0,320175.0,0,0,0,20.5,0,29,20,7872.17,27,0,2026-06-29T20:30:00,12,30,21,9,0.0667,42.37,95.37,1333.89,116.27,223.7,12.78,15,15,14,0,0,0,0,1287.5951,16448.0368,12.7742,9303.87,62814.95,62883.89,4917.32,63390.22,4962.35,930.5231,685.4106,2585.7987,8.7965,0.0258,823.6481,514.7788,1978.7208,9.0554,0.0015,2,1,0,0,,,"[""legacy_50k"", ""start_2023"", ""minimum"", 4300]"
legacy_50k,start_2023,minimum,4400,54500.0,2023-01-03T07:13:40,2026-07-13T21:30:40,6932,305730.0,0,305730.0,317500.0,34537.85,42,11,51,163,112,6520.0,5250.0,11770.0,13400.0,319130.0,0,0,0,20.5,0,30,20,7879.05,28,0,2026-06-29T20:30:00,13,31,22,9,0.0645,42.37,95.37,1267.03,116.12,223.7,12.84,15,15,14,0,0,0,0,1287.5951,16514.8984,12.8262,9237.0,63122.76,63186.0,4921.41,63695.69,4966.08,930.5231,677.3876,2570.73,8.8874,0.0258,823.6481,510.1264,1966.1442,9.1159,0.0015,2,0,0,0,,,"[""legacy_50k"", ""start_2023"", ""minimum"", 4400]"
legacy_50k,start_2023,minimum,4500,54600.0,2023-01-03T07:13:40,2026-07-13T21:30:40,6932,305270.0,0,305270.0,317000.0,34537.85,42,11,51,162,111,6480.0,5250.0,11730.0,13400.0,318670.0,0,0,0,20.5,0,30,20,7881.85,28,0,2026-06-29T20:30:00,13,31,22,9,0.0645,42.37,95.37,1254.23,116.12,223.7,12.85,15,15,14,0,0,0,0,1287.5951,16527.6951,12.8361,9224.21,63702.17,63759.69,4962.74,64271.26,5007.07,930.6722,671.9593,2643.3233,8.8699,0.0258,823.7972,506.9324,2074.9268,9.1178,0.0015,2,0,0,0,,,"[""legacy_50k"", ""start_2023"", ""minimum"", 4500]"
legacy_50k,start_2023,minimum,5000,55100.0,2023-01-03T07:13:40,2026-07-13T21:30:40,6932,295770.0,0,295770.0,307500.0,34537.85,42,11,51,162,111,6480.0,5250.0,11730.0,13400.0,309170.0,0,0,0,20.5,0,30,20,7904.34,28,0,2026-06-29T20:30:00,13,31,22,9,0.0645,41.16,94.16,1231.74,112.75,219.7,12.86,15,15,14,0,0,0,0,1287.5951,16550.1859,12.8536,9201.72,65555.09,65612.61,5100.15,66122.44,5144.29,931.7336,663.7223,2578.6417,8.8698,0.0258,824.8586,496.2425,2002.5959,9.1174,0.0015,2,0,0,0,,,"[""legacy_50k"", ""start_2023"", ""minimum"", 5000]"
legacy_50k,start_2023,minimum,5700,55800.0,2023-01-03T07:13:40,2026-07-13T21:30:40,6932,280170.0,1902.1,282072.1,291500.0,49459.75,42,13,49,152,103,6080.0,5250.0,11330.0,13400.0,295472.1,0,0,0,20.5,0,28,20,7961.64,26,0,2026-06-29T20:30:00,13,29,22,7,0.069,27.64,77.22,987.35,111.2,218.7,13.05,15,15,14,0,0,0,0,1287.5951,16794.5773,13.0434,8957.33,70532.85,70579.12,5407.56,71126.34,5453.07,935.5905,729.0471,2712.1405,9.066,0.0139,828.7155,577.5513,2148.535,9.2812,0.0,2,0,0,0,,,"[""legacy_50k"", ""start_2023"", ""minimum"", 5700]"
legacy_50k,start_2023,minimum,6000,56100.0,2023-01-03T07:13:40,2026-07-13T21:30:40,6932,271170.0,0,271170.0,282500.0,49959.75,42,13,49,152,103,6080.0,5250.0,11330.0,13400.0,284570.0,0,0,0,20.5,0,28,20,7984.18,26,0,2026-06-29T20:30:00,16,29,22,7,0.069,26.31,76.31,964.81,111.06,218.7,13.07,15,15,14,0,0,0,0,1287.5951,16817.1176,13.0609,8934.79,73220.66,73266.93,5606.11,73812.4,5651.41,935.737,739.9171,2648.0125,9.0758,0.0139,828.862,589.8471,2076.2379,9.2922,0.0,2,0,0,0,,,"[""legacy_50k"", ""start_2023"", ""minimum"", 6000]"
legacy_50k,start_2023,minimum,6100,56200.0,2023-01-03T07:13:40,2026-07-13T21:30:40,6932,270670.0,0,270670.0,282000.0,49959.75,42,13,49,152,103,6080.0,5250.0,11330.0,13400.0,284070.0,0,0,0,20.5,0,28,20,7986.33,26,0,2026-06-29T20:30:00,15,29,22,7,0.069,26.31,76.31,962.66,109.05,216.7,13.07,15,15,14,0,0,0,0,1287.5951,16819.2669,13.0625,8932.64,73676.04,73722.31,5640.25,74267.61,5685.54,935.737,748.6649,2655.0865,9.0759,0.0139,828.862,599.7964,2084.2241,9.2924,0.0,2,0,0,0,,,"[""legacy_50k"", ""start_2023"", ""minimum"", 6100]"
legacy_50k,start_2023,minimum,6200,56300.0,2023-01-03T07:13:40,2026-07-13T21:30:40,6932,269710.0,0,269710.0,281000.0,50884.9,42,13,49,151,102,6040.0,5250.0,11290.0,13400.0,283110.0,0,0,0,20.5,0,28,20,7991.54,26,0,2026-06-29T20:30:00,14,29,22,7,0.069,21.31,76.16,947.46,108.92,216.7,13.08,15,15,14,0,0,0,0,1287.5951,16834.4706,13.0744,8917.43,74236.41,74283.05,5678.02,74835.32,5723.83,937.7398,739.8136,2652.7574,8.9789,0.0139,830.8648,590.3739,2089.4899,9.1988,0.0,2,0,0,0,,,"[""legacy_50k"", ""start_2023"", ""minimum"", 6200]"
legacy_50k,start_2023,minimum,6300,56400.0,2023-01-03T07:13:40,2026-07-13T21:30:40,6932,263710.0,0,263710.0,275000.0,50884.9,42,13,49,151,102,6040.0,5250.0,11290.0,13400.0,277110.0,0,0,0,20.5,0,28,20,8051.47,26,10,2026-06-29T20:30:00,10,29,22,7,0.069,19.16,70.75,887.53,105.65,212.7,13.13,15,15,14,0,0,0,0,1287.5951,16894.4007,13.1209,8857.5,75538.36,75585.01,5757.1,76132.63,5802.4,941.1463,760.7437,2779.4158,8.9571,0.0173,834.2713,614.0779,2234.6739,9.1733,0.0039,2,1,10,1,149.5,149.5,"[""legacy_50k"", ""start_2023"", ""minimum"", 6300]"
legacy_50k,start_2023,minimum,6400,56500.0,2023-01-03T07:13:40,2026-07-13T21:30:40,6932,263375.0,5129.24,268504.24,274500.0,52044.65,41,13,48,150,102,6000.0,5125.0,11125.0,13400.0,281904.24,0,0,0,20.5,0,27,19,8170.36,25,11,2026-06-29T20:30:00,11,28,21,7,0.0714,19.02,70.75,858.53,105.65,211.7,13.15,14,14,14,0,0,0,0,1287.5951,16923.4007,13.1434,8828.5,76081.72,76127.45,5788.58,76643.3,5831.31,941.1463,772.0831,2921.1822,9.0815,0.0,834.7713,607.3628,2316.5524,9.2657,0.0,1,0,12,3,104.55,288.5,"[""legacy_50k"", ""start_2023"", ""minimum"", 6400]"
legacy_50k,start_2023,minimum,6500,56600.0,2023-01-03T07:13:40,2026-07-13T21:30:40,6932,263620.0,10183.63,273803.63,274500.0,55737.45,40,13,47,147,100,5880.0,5000.0,10880.0,13400.0,287203.63,0,0,0,20.5,0,26,18,8286.98,24,12,2026-06-29T20:30:00,12,27,20,7,0.0741,15.75,70.75,799.81,105.65,211.7,13.2,14,14,14,0,0,0,0,1287.5951,16982.1157,13.189,8769.79,76873.49,76917.73,5828.6,77435.15,5871.18,942.8963,758.2334,2915.0274,9.1118,0.0,872.4588,559.8491,2226.0382,8.9666,0.0,1,0,14,5,104.55,288.5,"[""legacy_50k"", ""start_2023"", ""minimum"", 6500]"
legacy_50k,start_2023,minimum,6600,56700.0,2023-01-03T07:13:40,2026-07-13T21:30:40,6932,264285.0,15528.12,279813.12,275000.0,57112.45,39,13,46,146,100,5840.0,4875.0,10715.0,13400.0,293213.12,0,0,0,20.5,0,25,17,8396.03,23,12,2026-06-29T20:30:00,12,26,19,7,0.0769,15.75,84.75,780.65,105.65,211.7,13.21,14,14,14,0,0,0,0,1287.5951,17001.2722,13.2039,8750.63,77214.9,77258.22,5847.89,77744.63,5888.01,942.8963,770.122,2957.2608,9.2275,0.0,872.4588,571.3078,2271.6813,9.0916,0.0,1,0,15,6,104.55,503.75,"[""legacy_50k"", ""start_2023"", ""minimum"", 6600]"
legacy_50k,start_2023,minimum,6700,56800.0,2023-01-03T07:13:40,2026-07-13T21:30:40,6932,265615.0,26158.15,291773.15,276000.0,59516.0,37,13,44,144,100,5760.0,4625.0,10385.0,13400.0,305173.15,0,0,0,20.5,0,23,15,8614.15,21,12,2026-06-29T20:30:00,12,24,17,7,0.0833,15.75,84.75,756.33,105.65,211.7,13.23,14,14,14,0,0,0,0,1287.5951,17025.5988,13.2228,8726.3,78135.57,78175.22,5909.16,78589.04,5943.45,942.8963,781.6246,2951.0252,9.4588,0.0,872.4588,578.9815,2264.9422,9.3416,0.0,1,0,17,8,104.55,549.55,"[""legacy_50k"", ""start_2023"", ""minimum"", 6700]"
legacy_50k,start_2023,minimum,6800,56900.0,2023-01-03T07:13:40,2026-07-13T21:30:40,6932,274355.0,91731.18,366086.18,282000.0,102145.35,25,19,26,113,87,4520.0,3125.0,7645.0,13400.0,379486.18,0,0,0,12.5,0,5,3,9888.72,3,2,2026-03-30T06:00:00,2,6,5,1,0.3333,1.75,47.22,160.54,105.65,211.7,13.69,14,14,14,0,0,0,0,1287.5951,17621.3822,13.6855,8130.52,82783.58,82807.23,6049.0,82922.13,6059.12,942.8963,719.2642,2673.8908,9.4376,0.0,872.4588,562.7525,2084.3092,9.4335,0.0,1,0,19,10,104.55,649.5,"[""legacy_50k"", ""start_2023"", ""minimum"", 6800]"
legacy_50k,start_2023,minimum,6900,57000.0,2023-01-03T07:13:40,2026-07-13T21:30:40,6932,274680.0,103551.51,378231.51,282000.0,109808.7,24,20,24,108,84,4320.0,3000.0,7320.0,13400.0,391631.51,0,0,0,12.5,0,3,1,10103.28,1,1,2026-03-30T06:00:00,1,4,4,0,0.5,1.16,47.22,49.88,0,211.7,13.77,14,14,14,0,0,0,0,1287.5951,17732.0493,13.7714,8019.85,84877.22,84898.1,6163.27,84963.23,6169.52,942.8963,732.9131,2753.374,9.6651,0.0,872.4588,584.6245,2170.2094,9.6794,0.0,1,0,20,11,141.65,788.5,"[""legacy_50k"", ""start_2023"", ""minimum"", 6900]"
legacy_50k,start_2023,minimum,7000,57100.0,2023-01-03T07:13:40,2026-07-13T21:30:40,6932,275345.0,109033.9,384378.9,282500.0,111034.1,23,20,23,107,84,4280.0,2875.0,7155.0,13400.0,397778.9,0,0,0,12.5,0,2,0,10208.93,0,0,2024-08-08T10:28:20,1,3,3,0,0.6667,0.56,47.22,48.13,0,211.7,13.77,14,14,14,0,0,0,0,1287.5951,17733.7993,13.7728,8018.1,85478.48,85496.6,6206.32,85520.42,6209.37,942.8963,689.4672,2594.1223,9.667,0.0,872.4588,552.3016,2073.1675,9.7232,0.0,1,0,20,11,399.0,788.5,"[""legacy_50k"", ""start_2023"", ""minimum"", 7000]"
legacy_50k,start_2023,minimum,7100,57200.0,2023-01-03T07:13:40,2026-07-13T21:30:40,6932,274345.0,110033.9,384378.9,281500.0,112034.1,23,20,23,107,84,4280.0,2875.0,7155.0,13400.0,397778.9,0,0,0,12.5,0,2,0,10208.93,0,0,2024-08-08T10:28:20,1,3,3,0,0.6667,0.56,47.22,48.13,0,211.7,13.77,14,14,14,0,0,0,0,1287.5951,17733.7993,13.7728,8018.1,85795.66,85813.78,6229.35,85837.6,6232.4,942.8963,700.1455,2683.4341,9.667,0.0,872.4588,563.767,2169.6898,9.7232,0.0,1,0,20,11,399.0,1003.75,"[""legacy_50k"", ""start_2023"", ""minimum"", 7100]"
legacy_50k,start_2023,minimum,7200,57300.0,2023-01-03T07:13:40,2026-07-13T21:30:40,6932,272345.0,112033.9,384378.9,279500.0,114034.1,23,20,23,107,84,4280.0,2875.0,7155.0,13400.0,397778.9,0,0,0,12.5,0,2,0,10208.93,0,0,2024-08-08T10:28:20,1,3,3,0,0.6667,0.56,47.22,48.13,0,211.7,13.77,14,14,14,0,0,0,0,1287.5951,17733.7993,13.7728,8018.1,86581.07,86599.19,6286.38,86623.01,6289.42,942.8963,715.8214,2743.929,9.667,0.0,872.4588,580.6408,2235.0688,9.7232,0.0,1,0,20,11,486.5,1049.55,"[""legacy_50k"", ""start_2023"", ""minimum"", 7200]"
legacy_50k,start_2023,minimum,7300,57400.0,2023-01-03T07:13:40,2026-07-13T21:30:40,6932,266345.0,118033.9,384378.9,273500.0,120034.1,23,20,23,107,84,4280.0,2875.0,7155.0,13400.0,397778.9,0,0,0,12.5,0,2,0,10208.93,0,0,2024-08-08T10:28:20,1,3,3,0,0.6667,0.56,47.22,48.13,0,211.7,13.77,14,14,14,0,0,0,0,1287.5951,17733.7993,13.7728,8018.1,88469.38,88487.5,6423.48,88511.32,6426.53,942.8963,731.1353,2711.5525,9.667,0.0,872.4588,597.1983,2200.0783,9.7232,0.0,1,0,20,11,534.3,1149.5,"[""legacy_50k"", ""start_2023"", ""minimum"", 7300]"
legacy_50k,start_2023,minimum,7400,57500.0,2023-01-03T07:13:40,2026-07-13T21:30:40,6932,265345.0,119033.9,384378.9,272500.0,121034.1,23,20,23,107,84,4280.0,2875.0,7155.0,13400.0,397778.9,0,0,0,12.5,0,2,0,10208.93,0,0,2024-08-08T10:28:20,1,3,3,0,0.6667,0.56,47.22,48.13,0,211.7,13.77,14,14,14,0,0,0,0,1287.5951,17733.7993,13.7728,8018.1,90113.45,90131.57,6542.85,90155.39,6545.9,942.8963,753.1096,2744.2314,9.667,0.0,872.4588,621.2233,2235.3955,9.7232,0.0,1,0,20,11,641.65,1288.5,"[""legacy_50k"", ""start_2023"", ""minimum"", 7400]"
legacy_50k,start_2023,minimum,7500,57600.0,2023-01-03T07:13:40,2026-07-13T21:30:40,6932,265345.0,119033.9,384378.9,272500.0,121034.1,23,20,23,107,84,4280.0,2875.0,7155.0,13400.0,397778.9,0,0,0,12.5,0,2,0,10208.93,0,0,2024-08-08T10:28:20,1,3,3,0,0.6667,0.56,47.22,48.13,0,211.7,13.77,14,14,14,0,0,0,0,1287.5951,17733.7993,13.7728,8018.1,90408.96,90427.08,6564.31,90450.9,6567.35,942.8963,737.6761,2703.5333,9.667,0.0,872.4588,604.2956,2191.4117,9.7232,0.0,1,0,20,11,899.0,1288.5,"[""legacy_50k"", ""start_2023"", ""minimum"", 7500]"
legacy_50k,start_2023,minimum,8000,58100.0,2023-01-03T07:13:40,2026-07-13T21:30:40,6932,255345.0,129033.9,384378.9,262500.0,131034.1,23,20,23,107,84,4280.0,2875.0,7155.0,13400.0,397778.9,0,0,0,12.5,0,2,0,10208.93,0,0,2024-08-08T10:28:20,1,3,3,0,0.6667,0.56,47.22,48.13,0,211.7,13.77,14,14,14,0,0,0,0,1287.5951,17733.7993,13.7728,8018.1,93993.14,94011.25,6824.54,94035.07,6827.59,942.8963,752.3608,2836.3401,9.667,0.0,872.4588,619.6424,2334.9406,9.7232,0.0,1,0,20,11,1288.5,1713.65,"[""legacy_50k"", ""start_2023"", ""minimum"", 8000]"
legacy_50k,start_2023,minimum,9000,59100.0,2023-01-03T07:13:40,2026-07-13T21:30:40,6932,235345.0,149033.9,384378.9,242500.0,151034.1,23,20,23,107,84,4280.0,2875.0,7155.0,13400.0,397778.9,0,0,0,12.5,0,2,0,10208.93,0,0,2024-08-08T10:28:20,1,3,3,0,0.6667,0.56,47.22,48.13,0,211.7,13.77,14,14,14,0,0,0,0,1287.5951,17733.7993,13.7728,8018.1,101973.07,101991.19,7403.94,102015.01,7406.99,942.8963,784.9534,2909.0962,9.667,0.0,872.4588,654.7481,2413.5707,9.7232,0.0,1,0,20,11,2288.5,2713.65,"[""legacy_50k"", ""start_2023"", ""minimum"", 9000]"
legacy_50k,start_2023,minimum,10000,60100.0,2023-01-03T07:13:40,2026-07-13T21:30:40,6932,215345.0,169033.9,384378.9,222500.0,171034.1,23,20,23,107,84,4280.0,2875.0,7155.0,13400.0,397778.9,0,0,0,12.5,0,2,0,10208.93,0,0,2024-08-08T10:28:20,1,3,3,0,0.6667,0.56,47.22,48.13,0,211.7,13.77,14,14,14,0,0,0,0,1287.5951,17733.7993,13.7728,8018.1,111499.69,111517.81,8095.64,111541.62,8098.68,942.8963,863.5325,3149.7027,9.667,0.0,872.4588,740.2111,2673.6024,9.7232,0.0,1,0,20,11,3288.5,3713.65,"[""legacy_50k"", ""start_2023"", ""minimum"", 10000]"
legacy_50k,start_2023,maximum,0,50100.0,2023-01-03T07:13:40,2026-07-13T21:30:40,6932,205906.74,0,205906.74,233236.74,21203.2,106,7,119,352,233,14080.0,13250.0,27330.0,13400.0,219306.74,0,0,0,21.5,0,98,0,95.9,78,0,2026-06-29T20:30:00,10,99,86,13,0.0404,48.01,125.16,4934.85,38.01,218.7,9.6,19,19,14,0,0,0,0,1287.5951,12321.0771,9.5691,13430.83,15195.61,15902.68,1587.99,20143.43,2105.06,912.8725,1076.9732,3928.536,6.0591,0.0045,716.8845,1069.7844,2901.0546,3.9399,0.0068,3,1,1,1,1018.55,1018.55,"[""legacy_50k"", ""start_2023"", ""maximum"", 0]"
legacy_50k,start_2023,maximum,1000,51100.0,2023-01-03T07:13:40,2026-07-13T21:30:40,6932,207349.1,0,207349.1,233824.1,24653.55,103,8,115,340,225,13600.0,12875.0,26475.0,13400.0,220749.1,0,0,0,21.5,0,94,0,191.79,75,0,2026-06-29T20:30:00,13,95,83,12,0.0316,48.29,126.04,4870.64,25.62,218.7,9.8,18,18,14,0,0,0,0,1287.5951,12577.2866,9.768,13174.62,17345.7,18023.97,1775.76,21956.59,2247.8,934.7944,1190.4231,3810.8364,5.8997,0.0222,820.5521,1025.0559,2536.3699,3.5922,0.1265,3,0,2,1,1018.55,1018.55,"[""legacy_50k"", ""start_2023"", ""maximum"", 1000]"
legacy_50k,start_2023,maximum,2000,52100.0,2023-01-03T07:13:40,2026-07-13T21:30:40,6932,196484.6,0,196484.6,223384.6,23968.75,108,8,120,335,215,13400.0,13500.0,26900.0,13400.0,209884.6,0,0,0,22.5,0,99,0,95.9,81,0,2026-06-29T20:30:00,18,100,88,12,0.02,46.42,104.95,4847.79,25.62,218.7,9.85,19,19,14,0,0,0,0,1287.5951,12646.1359,9.8215,13105.77,16512.4,17047.32,1681.25,21205.59,2159.1,918.1581,1026.8421,3723.4562,5.4827,0.0103,717.7706,994.334,2575.2839,3.3288,0.0039,3,0,1,1,1018.55,1018.55,"[""legacy_50k"", ""start_2023"", ""maximum"", 2000]"
legacy_50k,start_2023,maximum,3000,53100.0,2023-01-03T07:13:40,2026-07-13T21:30:40,6932,239079.55,0,239079.55,260949.55,22203.2,86,7,99,278,179,11120.0,10750.0,21870.0,13400.0,252479.55,0,0,0,22.5,0,78,15,1512.53,76,0,2026-06-29T20:30:00,20,79,66,13,0.0253,44.89,126.16,3787.82,38.01,215.7,10.89,19,19,14,0,0,0,0,1287.5951,13994.1032,10.8684,11757.8,23299.51,23746.22,2143.78,26993.4,2483.66,921.9944,960.2395,3742.9586,6.2083,0.0035,763.9495,853.1276,2437.1679,4.0428,0.0315,2,1,1,1,1018.55,1018.55,"[""legacy_50k"", ""start_2023"", ""maximum"", 3000]"
legacy_50k,start_2023,maximum,3100,53200.0,2023-01-03T07:13:40,2026-07-13T21:30:40,6932,236757.5,0,236757.5,258792.5,22155.5,87,7,100,279,179,11160.0,10875.0,22035.0,13400.0,250157.5,0,0,0,22.5,0,79,15,1512.53,77,0,2026-06-29T20:30:00,20,80,67,13,0.025,44.62,126.16,3795.25,38.01,215.7,10.88,19,19,14,0,0,0,0,1287.5951,13986.6755,10.8626,11765.23,23674.84,24127.72,2179.47,27397.1,2522.14,921.9944,962.9891,3745.2657,6.1365,0.0034,764.512,845.7688,2420.3224,3.9539,0.0314,2,1,1,1,1018.55,1018.55,"[""legacy_50k"", ""start_2023"", ""maximum"", 3100]"
legacy_50k,start_2023,maximum,3200,53300.0,2023-01-03T07:13:40,2026-07-13T21:30:40,6932,234562.9,0,234562.9,256267.9,21884.85,85,7,98,277,179,11080.0,10625.0,21705.0,13400.0,247962.9,0,0,0,22.5,0,77,15,1512.58,75,0,2026-06-29T20:30:00,20,78,65,13,0.0256,45.16,126.16,3778.02,38.01,215.7,10.9,19,19,14,0,0,0,0,1287.5951,14003.9028,10.876,11748.0,24245.41,24685.95,2229.25,27910.74,2566.27,921.9944,963.8873,3771.0395,6.1956,0.0,764.512,845.3857,2438.8703,4.0459,0.0,2,1,1,1,1018.55,1018.55,"[""legacy_50k"", ""start_2023"", ""maximum"", 3200]"
legacy_50k,start_2023,maximum,3300,53400.0,2023-01-03T07:13:40,2026-07-13T21:30:40,6932,231983.15,0,231983.15,253193.15,21984.85,82,7,95,274,179,10960.0,10250.0,21210.0,13400.0,245383.15,0,0,0,22.5,0,74,15,1536.57,72,0,2026-06-29T20:30:00,20,75,62,13,0.0267,46.42,126.16,3762.77,38.01,215.7,10.91,19,19,14,0,0,0,0,1287.5951,14019.1595,10.8879,11732.74,24901.08,25330.54,2287.05,28477.96,2615.57,921.9944,959.5461,3733.3287,6.2476,0.0,765.1153,840.2737,2425.5101,4.1555,0.0,2,1,1,1,1018.55,1018.55,"[""legacy_50k"", ""start_2023"", ""maximum"", 3300]"
legacy_50k,start_2023,maximum,3400,53500.0,2023-01-03T07:13:40,2026-07-13T21:30:40,6932,230111.9,0,230111.9,251321.9,22084.85,82,7,95,274,179,10960.0,10250.0,21210.0,13400.0,243511.9,0,0,0,22.5,0,74,15,1536.57,72,0,2026-06-29T20:30:00,20,75,62,13,0.0267,46.42,126.16,3760.38,38.01,215.7,10.91,19,19,14,0,0,0,0,1287.5951,14021.5498,10.8897,11730.35,25405.49,25834.95,2332.98,28982.18,2661.43,921.9944,970.2399,3751.328,6.0307,0.0,765.1153,849.044,2430.9583,3.8941,0.0,2,1,1,1,1018.55,1018.55,"[""legacy_50k"", ""start_2023"", ""maximum"", 3400]"
legacy_50k,start_2023,maximum,3500,53600.0,2023-01-03T07:13:40,2026-07-13T21:30:40,6932,227907.15,0,227907.15,249117.15,22184.85,82,7,95,274,179,10960.0,10250.0,21210.0,13400.0,241307.15,0,0,0,22.5,0,74,15,1537.24,72,0,2026-06-29T20:30:00,13,75,62,13,0.0267,46.42,126.1,3759.51,38.01,215.7,10.91,19,19,14,0,0,0,0,1287.5951,14022.4164,10.8904,11729.49,25930.28,26359.74,2381.02,29506.9,2709.44,922.05,979.1935,3774.6875,6.0197,0.0001,765.1708,853.0573,2443.5659,3.881,0.0001,2,1,1,1,1018.55,1018.55,"[""legacy_50k"", ""start_2023"", ""maximum"", 3500]"
legacy_50k,start_2023,maximum,3600,53700.0,2023-01-03T07:13:40,2026-07-13T21:30:40,6932,225627.65,0,225627.65,246837.65,21159.25,82,7,95,274,179,10960.0,10250.0,21210.0,13400.0,239027.65,0,0,0,22.5,0,74,15,1537.24,72,0,2026-06-29T20:30:00,13,75,62,13,0.0267,46.42,126.1,3751.73,38.01,215.7,10.92,19,19,14,0,0,0,0,1287.5951,14030.1931,10.8964,11721.71,26438.72,26868.18,2426.36,30014.74,2754.55,922.05,983.4339,3797.024,5.9144,0.0001,765.1975,851.6418,2451.9372,3.754,0.0001,2,1,1,1,1018.55,1018.55,"[""legacy_50k"", ""start_2023"", ""maximum"", 3600]"
legacy_50k,start_2023,maximum,3700,53800.0,2023-01-03T07:13:40,2026-07-13T21:30:40,6932,223408.25,0,223408.25,244538.25,26246.55,82,9,93,272,179,10880.0,10250.0,21130.0,13400.0,236808.25,0,0,0,22.5,0,72,15,1537.35,70,0,2026-06-29T20:30:00,14,73,62,11,0.0274,46.42,126.1,3720.04,38.01,215.7,10.94,19,19,14,0,0,0,0,1287.5951,14061.8887,10.921,11690.01,26952.2,27381.66,2467.91,30525.76,2795.13,922.05,989.1911,3832.8399,6.2283,0.0001,765.1708,846.9235,2480.5146,4.1323,0.0001,2,1,1,1,1018.55,1018.55,"[""legacy_50k"", ""start_2023"", ""maximum"", 3700]"
legacy_50k,start_2023,maximum,3800,53900.0,2023-01-03T07:13:40,2026-07-13T21:30:40,6932,220015.1,0,220015.1,241105.1,29140.2,82,10,92,271,179,10840.0,10250.0,21090.0,13400.0,233415.1,0,0,0,22.5,0,71,15,1537.4,69,0,2026-06-29T20:30:00,19,72,62,10,0.0278,46.42,126.1,3705.13,38.01,215.7,10.95,19,19,14,0,0,0,0,1287.5951,14076.7975,10.9326,11675.11,27523.17,27952.63,2517.53,31095.57,2844.29,922.05,996.0348,3865.5172,6.2127,0.0,765.1708,848.6185,2498.4097,4.1136,0.0,2,1,1,1,1018.55,1018.55,"[""legacy_50k"", ""start_2023"", ""maximum"", 3800]"
legacy_50k,start_2023,maximum,3900,54000.0,2023-01-03T07:13:40,2026-07-13T21:30:40,6932,217586.25,0,217586.25,238676.25,29540.2,82,10,92,271,179,10840.0,10250.0,21090.0,13400.0,230986.25,0,0,0,22.5,0,71,15,1538.12,69,0,2026-06-29T20:30:00,13,72,62,10,0.0278,46.42,126.04,3703.02,38.01,215.7,10.95,19,19,14,0,0,0,0,1287.5951,14078.9079,10.9343,11672.99,27903.47,28332.92,2551.93,31475.7,2878.63,922.1049,998.7958,3871.577,6.0415,0.0001,766.5674,848.998,2496.6778,3.9023,0.0001,2,1,1,1,1018.55,1018.55,"[""legacy_50k"", ""start_2023"", ""maximum"", 3900]"
legacy_50k,start_2023,maximum,4000,54100.0,2023-01-03T07:13:40,2026-07-13T21:30:40,6932,215181.5,0,215181.5,236271.5,29940.2,82,10,92,271,179,10840.0,10250.0,21090.0,13400.0,228581.5,0,0,0,22.5,0,71,15,1538.01,69,0,2026-06-29T20:30:00,13,72,62,10,0.0278,46.42,126.04,3703.07,38.01,215.7,10.95,19,19,14,0,0,0,0,1287.5951,14078.8537,10.9342,11673.05,28298.29,28727.75,2588.05,31870.53,2914.75,922.1049,1002.1556,3880.2241,6.1315,0.0001,766.5681,849.6386,2496.6496,4.0106,0.0001,2,1,1,1,1018.55,1018.55,"[""legacy_50k"", ""start_2023"", ""maximum"", 4000]"
legacy_50k,start_2023,maximum,4100,54200.0,2023-01-03T07:13:40,2026-07-13T21:30:40,6932,215138.75,0,215138.75,236228.75,30340.2,82,10,92,271,179,10840.0,10250.0,21090.0,13400.0,228538.75,0,0,0,22.5,0,71,15,1542.02,69,0,2026-07-02T15:30:00,17,72,62,10,0.0278,46.42,123.79,3688.79,38.01,212.7,10.97,19,19,14,0,0,0,0,1287.5951,14093.1317,10.9453,11658.77,29146.95,29576.41,2662.96,32718.08,2989.23,924.3579,1013.2974,3905.4196,6.209,0.0025,771.2505,855.4721,2529.7786,4.1002,0.003,2,0,1,1,1018.55,1018.55,"[""legacy_50k"", ""start_2023"", ""maximum"", 4100]"
legacy_50k,start_2023,maximum,4200,54300.0,2023-01-03T07:13:40,2026-07-13T21:30:40,6932,210285.1,0,210285.1,231705.1,33281.3,84,11,93,273,180,10920.0,10500.0,21420.0,13400.0,223685.1,0,0,0,22.5,0,72,15,1544.99,70,0,2026-06-29T20:30:00,15,73,64,9,0.0274,45.33,123.79,3712.22,25.49,212.7,10.95,19,19,14,0,0,0,0,1287.5951,14069.7019,10.9271,11682.2,29412.01,29853.8,2691.65,33007.04,3020.65,925.0037,1028.173,3925.2004,6.254,0.0024,777.944,870.9292,2556.0965,4.1314,0.0029,2,0,1,1,1018.55,1018.55,"[""legacy_50k"", ""start_2023"", ""maximum"", 4200]"
legacy_50k,start_2023,maximum,4300,54400.0,2023-01-03T07:13:40,2026-07-13T21:30:40,6932,206595.1,0,206595.1,227605.1,36422.4,82,12,90,269,179,10760.0,10250.0,21010.0,13400.0,219995.1,0,0,0,22.5,0,69,15,1569.77,67,0,2026-06-29T20:30:00,15,70,62,8,0.0286,46.42,123.79,3640.75,38.01,212.7,11.01,19,19,14,0,0,0,0,1287.5951,14141.172,10.9826,11610.73,30166.15,30595.61,2746.72,33733.55,3071.54,924.3579,1030.5745,3930.8232,6.2912,0.0024,768.8211,866.9574,2548.2411,4.2088,0.0029,2,1,1,1,1018.55,1018.55,"[""legacy_50k"", ""start_2023"", ""maximum"", 4300]"
legacy_50k,start_2023,maximum,4400,54500.0,2023-01-03T07:13:40,2026-07-13T21:30:40,6932,203559.85,0,203559.85,224609.85,39787.95,82,13,89,270,181,10800.0,10250.0,21050.0,13400.0,216959.85,0,0,0,22.5,0,68,15,1572.02,66,0,2026-06-29T20:30:00,19,69,62,7,0.029,46.42,164.79,3705.72,25.49,212.7,10.96,19,19,14,0,0,0,0,1287.5951,14076.2037,10.9322,11675.7,30663.46,31054.1,2804.88,34128.62,3121.85,924.3579,1035.0178,3958.2641,6.3373,0.0,771.2505,870.847,2570.6488,4.1995,0.0,2,1,1,1,1018.55,1018.55,"[""legacy_50k"", ""start_2023"", ""maximum"", 4400]"
legacy_50k,start_2023,maximum,4500,54600.0,2023-01-03T07:13:40,2026-07-13T21:30:40,6932,296914.35,0,296914.35,309914.35,38527.5,48,12,56,175,119,7000.0,6000.0,13000.0,13400.0,310314.35,0,0,0,20.5,0,35,17,7276.54,33,0,2026-06-29T20:30:00,17,36,28,8,0.0556,40.86,98.02,1464.21,38.01,211.7,12.68,17,17,14,0,0,0,0,1287.5951,16317.7204,12.673,9434.18,45297.19,45429.71,3574.3,46203.44,3645.81,927.8755,776.1965,3497.8724,4.5045,0.0019,821.0005,423.9723,2003.2663,3.7564,0.0032,1,0,1,1,1018.55,1018.55,"[""legacy_50k"", ""start_2023"", ""maximum"", 4500]"
legacy_50k,start_2023,maximum,5000,55100.0,2023-01-03T07:13:40,2026-07-13T21:30:40,6932,298097.2,0,298097.2,309827.2,36721.1,42,11,51,162,111,6480.0,5250.0,11730.0,13400.0,311497.2,0,0,0,20.5,0,30,20,7886.26,28,0,2026-06-29T20:30:00,19,31,22,9,0.0645,42.22,95.22,1249.82,116.12,223.7,12.85,15,15,14,0,0,0,0,1287.5951,16532.1088,12.8395,9219.79,51340.92,51398.43,3998.66,51909.66,4042.96,930.6722,551.7986,2199.1146,3.8328,0.0261,823.7972,373.3924,1573.0889,3.4272,0.0019,2,1,0,0,,,"[""legacy_50k"", ""start_2023"", ""maximum"", 5000]"
legacy_50k,start_2023,maximum,5700,55800.0,2023-01-03T07:13:40,2026-07-13T21:30:40,6932,281864.25,1898.95,283763.2,293194.25,49456.6,42,13,49,152,103,6080.0,5250.0,11330.0,13400.0,297163.2,0,0,0,20.5,0,28,20,7958.13,26,0,2026-06-29T20:30:00,20,29,22,7,0.069,27.64,77.64,990.86,112.54,219.7,13.05,15,15,14,0,0,0,0,1287.5951,16791.0669,13.0406,8960.84,58423.28,58469.56,4480.09,59017.05,4525.62,934.253,523.9576,1987.7291,4.1937,0.1813,827.378,343.355,1329.6381,3.7799,0.189,2,1,0,0,,,"[""legacy_50k"", ""start_2023"", ""maximum"", 5700]"
legacy_50k,start_2023,maximum,6000,56100.0,2023-01-03T07:13:40,2026-07-13T21:30:40,6932,275361.1,0,275361.1,286691.1,49959.75,42,13,49,152,103,6080.0,5250.0,11330.0,13400.0,288761.1,0,0,0,20.5,0,28,20,7966.51,26,0,2026-06-29T20:30:00,20,29,22,7,0.069,27.22,77.22,982.48,112.12,219.7,13.05,15,15,14,0,0,0,0,1287.5951,16799.4419,13.0471,8952.46,61211.86,61258.14,4691.59,61804.98,4737.05,934.6718,530.6567,1981.0978,4.1056,0.1816,827.7968,350.7784,1322.4836,3.6806,0.1894,2,1,0,0,,,"[""legacy_50k"", ""start_2023"", ""maximum"", 6000]"
legacy_50k,start_2023,maximum,6100,56200.0,2023-01-03T07:13:40,2026-07-13T21:30:40,6932,273401.1,0,273401.1,284691.1,50884.9,42,13,49,151,102,6040.0,5250.0,11290.0,13400.0,286801.1,0,0,0,20.5,0,28,20,7984.88,26,0,2026-06-29T20:30:00,20,29,22,7,0.069,21.31,76.31,954.11,111.2,218.7,13.08,15,15,14,0,0,0,0,1287.5951,16827.8169,13.0692,8924.09,62153.85,62200.5,4755.76,62753.28,4801.62,935.5905,534.1176,1990.8646,3.9979,0.1824,828.7155,355.2572,1340.7755,3.5761,0.1903,2,1,0,0,,,"[""legacy_50k"", ""start_2023"", ""maximum"", 6100]"
legacy_50k,start_2023,maximum,6200,56300.0,2023-01-03T07:13:40,2026-07-13T21:30:40,6932,271401.1,0,271401.1,282691.1,50884.9,42,13,49,151,102,6040.0,5250.0,11290.0,13400.0,284801.1,0,0,0,20.5,0,28,20,7984.88,26,0,2026-06-29T20:30:00,20,29,22,7,0.069,21.31,76.31,954.11,111.2,218.7,13.08,15,15,14,0,0,0,0,1287.5951,16827.8169,13.0692,8924.09,63070.9,63117.55,4825.93,63670.34,4871.79,935.5905,541.0593,2003.1925,3.8931,0.1824,828.7155,362.8564,1354.6933,3.4578,0.1903,2,1,0,0,,,"[""legacy_50k"", ""start_2023"", ""maximum"", 6200]"
legacy_50k,start_2023,maximum,6300,56400.0,2023-01-03T07:13:40,2026-07-13T21:30:40,6932,269401.1,0,269401.1,280691.1,50884.9,42,13,49,151,102,6040.0,5250.0,11290.0,13400.0,282801.1,0,0,0,20.5,0,28,20,7987.81,26,0,2026-06-29T20:30:00,20,29,22,7,0.069,21.16,76.16,951.18,111.06,218.7,13.08,15,15,14,0,0,0,0,1287.5951,16830.7475,13.0715,8921.16,63987.77,64034.42,4895.23,64586.98,4941.07,935.737,547.9129,2049.6476,4.0989,0.1826,828.862,371.0509,1407.2531,3.6902,0.1904,2,1,0,0,,,"[""legacy_50k"", ""start_2023"", ""maximum"", 6300]"
legacy_50k,start_2023,maximum,6400,56500.0,2023-01-03T07:13:40,2026-07-13T21:30:40,6932,267401.1,0,267401.1,278691.1,50884.9,42,13,49,151,102,6040.0,5250.0,11290.0,13400.0,280801.1,0,0,0,20.5,0,28,20,7987.81,26,0,2026-06-29T20:30:00,20,29,22,7,0.069,21.16,76.16,951.18,111.06,218.7,13.08,15,15,14,0,0,0,0,1287.5951,16830.7475,13.0715,8921.16,64883.68,64930.32,4963.77,65482.88,5009.61,935.737,559.0612,2068.4265,4.1032,0.1826,828.862,383.5161,1428.4533,3.695,0.1904,2,1,0,0,,,"[""legacy_50k"", ""start_2023"", ""maximum"", 6400]"
legacy_50k,start_2023,maximum,6500,56600.0,2023-01-03T07:13:40,2026-07-13T21:30:40,6932,265571.1,0,265571.1,276691.1,45353.8,40,11,49,153,104,6120.0,5000.0,11120.0,13400.0,278971.1,0,0,0,20.5,0,28,20,8024.88,26,0,2026-06-29T20:30:00,20,29,20,9,0.069,19.31,74.31,1061.9,109.2,216.7,12.99,14,14,14,0,0,0,0,1287.5951,16720.0243,12.9855,9031.88,65531.88,65576.13,5046.56,66113.9,5091.38,937.5905,561.7182,2069.1328,4.0663,0.1842,830.7155,380.9588,1438.3061,3.6637,0.1922,2,1,0,0,,,"[""legacy_50k"", ""start_2023"", ""maximum"", 6500]"
legacy_50k,start_2023,maximum,6600,56700.0,2023-01-03T07:13:40,2026-07-13T21:30:40,6932,263571.1,0,263571.1,274691.1,45353.8,40,11,49,153,104,6120.0,5000.0,11120.0,13400.0,276971.1,0,0,0,20.5,0,28,20,8027.87,26,0,2026-06-29T20:30:00,20,29,20,9,0.069,19.16,74.16,1058.92,109.05,216.7,12.99,14,14,14,0,0,0,0,1287.5951,16723.0104,12.9878,9028.89,66451.8,66496.04,5116.48,67033.58,5161.28,937.7398,574.957,2089.9391,4.0903,0.1843,830.8648,396.0943,1461.9021,3.6909,0.1924,2,1,0,0,,,"[""legacy_50k"", ""start_2023"", ""maximum"", 6600]"
legacy_50k,start_2023,maximum,6700,56800.0,2023-01-03T07:13:40,2026-07-13T21:30:40,6932,260676.1,0,260676.1,272691.1,27925.8,43,7,56,166,110,6640.0,5375.0,12015.0,13400.0,274076.1,0,0,0,20.5,0,35,20,8096.0,33,20,2026-06-29T20:30:00,20,36,23,13,0.0556,39.75,84.75,1321.21,38.01,212.7,12.8,14,14,14,0,0,0,0,1287.5951,16460.7204,12.7841,9291.18,66375.78,66442.84,5192.06,66939.3,5236.14,928.1463,603.8737,2165.9413,4.0816,0.1759,834.2713,396.2568,1483.5345,3.6032,0.1957,2,1,20,1,101.4,101.4,"[""legacy_50k"", ""start_2023"", ""maximum"", 6700]"
legacy_50k,start_2023,maximum,6800,56900.0,2023-01-03T07:13:40,2026-07-13T21:30:40,6932,274506.1,109872.8,384378.9,281661.1,111873.0,23,20,23,107,84,4280.0,2875.0,7155.0,13400.0,397778.9,0,0,0,12.5,0,2,0,10208.93,0,0,2024-08-08T10:28:20,1,3,3,0,0.6667,0.56,47.22,48.13,0,211.7,13.77,14,14,14,0,0,0,0,1287.5951,17733.7993,13.7728,8018.1,72903.6,72921.71,5293.3,72945.53,5296.34,942.8963,474.348,1793.0788,3.433,0.404,872.4588,318.9657,1207.4521,2.986,0.4366,1,0,20,1,201.4,201.4,"[""legacy_50k"", ""start_2023"", ""maximum"", 6800]"
legacy_50k,start_2023,maximum,6900,57000.0,2023-01-03T07:13:40,2026-07-13T21:30:40,6932,272506.1,111872.8,384378.9,279661.1,113873.0,23,20,23,107,84,4280.0,2875.0,7155.0,13400.0,397778.9,0,0,0,12.5,0,2,0,10208.93,0,0,2024-08-08T10:28:20,1,3,3,0,0.6667,0.56,47.22,48.13,0,211.7,13.77,14,14,14,0,0,0,0,1287.5951,17733.7993,13.7728,8018.1,73919.71,73937.83,5367.08,73961.64,5370.12,942.8963,474.097,1784.4095,3.4627,0.4655,872.4588,318.7511,1198.083,3.0181,0.5031,1,0,20,1,301.4,301.4,"[""legacy_50k"", ""start_2023"", ""maximum"", 6900]"
legacy_50k,start_2023,maximum,7000,57100.0,2023-01-03T07:13:40,2026-07-13T21:30:40,6932,270506.1,113872.8,384378.9,277661.1,115873.0,23,20,23,107,84,4280.0,2875.0,7155.0,13400.0,397778.9,0,0,0,12.5,0,2,0,10208.93,0,0,2024-08-08T10:28:20,1,3,3,0,0.6667,0.56,47.22,48.13,0,211.7,13.77,14,14,14,0,0,0,0,1287.5951,17733.7993,13.7728,8018.1,74989.59,75007.71,5444.76,75031.53,5447.8,942.8963,483.0013,1819.5,3.5359,0.4655,872.4588,328.2712,1236.0065,3.0971,0.5031,1,0,20,1,401.4,401.4,"[""legacy_50k"", ""start_2023"", ""maximum"", 7000]"
legacy_50k,start_2023,maximum,7100,57200.0,2023-01-03T07:13:40,2026-07-13T21:30:40,6932,268506.1,115872.8,384378.9,275661.1,117873.0,23,20,23,107,84,4280.0,2875.0,7155.0,13400.0,397778.9,0,0,0,12.5,0,2,0,10208.93,0,0,2024-08-08T10:28:20,1,3,3,0,0.6667,0.56,47.22,48.13,0,211.7,13.77,14,14,14,0,0,0,0,1287.5951,17733.7993,13.7728,8018.1,76013.68,76031.8,5519.11,76055.62,5522.16,942.8963,488.591,1835.6653,3.4765,0.4655,872.4588,334.3546,1253.4768,3.033,0.5031,1,0,20,1,501.4,501.4,"[""legacy_50k"", ""start_2023"", ""maximum"", 7100]"
legacy_50k,start_2023,maximum,7200,57300.0,2023-01-03T07:13:40,2026-07-13T21:30:40,6932,266506.1,117872.8,384378.9,273661.1,119873.0,23,20,23,107,84,4280.0,2875.0,7155.0,13400.0,397778.9,0,0,0,12.5,0,2,0,10208.93,0,0,2024-08-08T10:28:20,1,3,3,0,0.6667,0.56,47.22,48.13,0,211.7,13.77,14,14,14,0,0,0,0,1287.5951,17733.7993,13.7728,8018.1,77034.67,77052.79,5593.24,77076.6,5596.29,942.8963,494.3375,1859.2031,3.5317,0.4655,872.4588,340.697,1278.915,3.0926,0.5031,1,0,20,1,601.4,601.4,"[""legacy_50k"", ""start_2023"", ""maximum"", 7200]"
legacy_50k,start_2023,maximum,7300,57400.0,2023-01-03T07:13:40,2026-07-13T21:30:40,6932,264506.1,119872.8,384378.9,271661.1,121873.0,23,20,23,107,84,4280.0,2875.0,7155.0,13400.0,397778.9,0,0,0,12.5,0,2,0,10208.93,0,0,2024-08-08T10:28:20,1,3,3,0,0.6667,0.56,47.22,48.13,0,211.7,13.77,14,14,14,0,0,0,0,1287.5951,17733.7993,13.7728,8018.1,78101.27,78119.39,5670.69,78143.21,5673.73,942.8963,504.2469,1895.8919,3.7544,0.404,872.4588,351.317,1318.5659,3.3333,0.4366,1,0,20,1,701.4,701.4,"[""legacy_50k"", ""start_2023"", ""maximum"", 7300]"
legacy_50k,start_2023,maximum,7400,57500.0,2023-01-03T07:13:40,2026-07-13T21:30:40,6932,262506.1,121872.8,384378.9,269661.1,123873.0,23,20,23,107,84,4280.0,2875.0,7155.0,13400.0,397778.9,0,0,0,12.5,0,2,0,10208.93,0,0,2024-08-08T10:28:20,1,3,3,0,0.6667,0.56,47.22,48.13,0,211.7,13.77,14,14,14,0,0,0,0,1287.5951,17733.7993,13.7728,8018.1,79263.47,79281.59,5755.07,79305.41,5758.12,942.8963,517.7678,1915.4652,3.6207,0.404,872.4588,365.7749,1339.7194,3.1888,0.4366,1,0,20,1,801.4,801.4,"[""legacy_50k"", ""start_2023"", ""maximum"", 7400]"
legacy_50k,start_2023,maximum,7500,57600.0,2023-01-03T07:13:40,2026-07-13T21:30:40,6932,260506.1,123872.8,384378.9,267661.1,125873.0,23,20,23,107,84,4280.0,2875.0,7155.0,13400.0,397778.9,0,0,0,12.5,0,2,0,10208.93,0,0,2024-08-08T10:28:20,1,3,3,0,0.6667,0.56,47.22,48.13,0,211.7,13.77,14,14,14,0,0,0,0,1287.5951,17733.7993,13.7728,8018.1,80285.76,80303.88,5829.3,80327.69,5832.34,942.8963,521.3484,1932.8664,3.5635,0.404,872.4588,369.6624,1358.5254,3.1269,0.4366,1,0,20,1,901.4,901.4,"[""legacy_50k"", ""start_2023"", ""maximum"", 7500]"
legacy_50k,start_2023,maximum,8000,58100.0,2023-01-03T07:13:40,2026-07-13T21:30:40,6932,250506.1,133872.8,384378.9,257661.1,135873.0,23,20,23,107,84,4280.0,2875.0,7155.0,13400.0,397778.9,0,0,0,12.5,0,2,0,10208.93,0,0,2024-08-08T10:28:20,1,3,3,0,0.6667,0.56,47.22,48.13,0,211.7,13.77,14,14,14,0,0,0,0,1287.5951,17733.7993,13.7728,8018.1,85272.57,85290.68,6191.37,85314.5,6194.42,942.8963,550.3975,2044.2564,3.677,0.4655,872.4588,400.9798,1478.9085,3.2496,0.5031,1,0,20,1,1401.4,1401.4,"[""legacy_50k"", ""start_2023"", ""maximum"", 8000]"
legacy_50k,start_2023,maximum,9000,59100.0,2023-01-03T07:13:40,2026-07-13T21:30:40,6932,230506.1,153872.8,384378.9,237661.1,155873.0,23,20,23,107,84,4280.0,2875.0,7155.0,13400.0,397778.9,0,0,0,12.5,0,2,0,10208.93,0,0,2024-08-08T10:28:20,1,3,3,0,0.6667,0.56,47.22,48.13,0,211.7,13.77,14,14,14,0,0,0,0,1287.5951,17733.7993,13.7728,8018.1,95289.8,95307.91,6918.69,95331.73,6921.74,942.8963,636.127,2371.0342,4.2263,0.2852,872.4588,493.8014,1832.0685,3.8433,0.3082,1,0,20,1,2401.4,2401.4,"[""legacy_50k"", ""start_2023"", ""maximum"", 9000]"
legacy_50k,start_2023,maximum,10000,60100.0,2023-01-03T07:13:40,2026-07-13T21:30:40,6932,210506.1,167179.16,377685.26,217661.1,175873.0,23,20,23,107,84,4280.0,2875.0,7155.0,13400.0,391085.26,0,0,0,12.5,0,2,0,10208.93,0,0,2024-08-08T10:28:20,1,3,3,0,0.6667,0.56,47.22,48.13,0,211.7,13.77,14,14,14,0,0,0,0,1287.5951,17733.7993,13.7728,8018.1,105087.97,105106.09,7630.11,105129.91,7633.15,942.8963,702.9786,2575.1037,4.1956,0.404,872.4588,566.6349,2052.6134,3.8101,0.4366,1,0,20,1,3401.4,3401.4,"[""legacy_50k"", ""start_2023"", ""maximum"", 10000]"
legacy_50k,start_2024,minimum,0,50100.0,2024-01-02T06:34:40,2026-07-13T21:30:40,4985,133450.0,0,133450.0,147000.0,43286.45,62,13,69,145,76,5800.0,7750.0,13550.0,11000.0,144450.0,0,0,0,21.0,0,45,7,2063.19,33,0,2026-06-29T20:30:00,6,49,42,7,0.1224,38.16,82.1,1681.68,25.49,9.73,10.63,19,19,9,0,0,0,0,923.6222,9800.2507,10.6107,8672.19,35411.08,35830.07,3337.31,37668.79,3550.09,881.5231,1535.7049,4890.3645,9.3244,0.0,791.2106,1111.7817,3459.7757,8.3047,0.0,0,0,1,1,1018.55,1018.55,"[""legacy_50k"", ""start_2024"", ""minimum"", 0]"
legacy_50k,start_2024,minimum,1000,51100.0,2024-01-02T06:34:40,2026-07-13T21:30:40,4985,133450.0,0,133450.0,147000.0,43286.45,62,13,69,145,76,5800.0,7750.0,13550.0,11000.0,144450.0,0,0,0,21.0,0,45,7,2063.19,33,0,2026-06-29T20:30:00,6,49,42,7,0.1224,38.16,82.1,1681.68,25.49,9.73,10.63,19,19,9,0,0,0,0,923.6222,9800.2507,10.6107,8672.19,35411.08,35830.07,3337.31,37668.79,3550.09,881.5231,1535.7049,4890.3645,9.3244,0.0,791.2106,1111.7817,3459.7757,8.3047,0.0,0,0,1,1,1018.55,1018.55,"[""legacy_50k"", ""start_2024"", ""minimum"", 1000]"
legacy_50k,start_2024,minimum,2000,52100.0,2024-01-02T06:34:40,2026-07-13T21:30:40,4985,133450.0,0,133450.0,147000.0,43286.45,62,13,69,145,76,5800.0,7750.0,13550.0,11000.0,144450.0,0,0,0,21.0,0,45,7,2063.19,33,0,2026-06-29T20:30:00,6,49,42,7,0.1224,38.16,82.1,1681.68,25.49,9.73,10.63,19,19,9,0,0,0,0,923.6222,9800.2507,10.6107,8672.19,35411.08,35830.07,3337.31,37668.79,3550.09,881.5231,1535.7049,4890.3645,9.3244,0.0,791.2106,1111.7817,3459.7757,8.3047,0.0,0,0,1,1,1018.55,1018.55,"[""legacy_50k"", ""start_2024"", ""minimum"", 2000]"
legacy_50k,start_2024,minimum,3000,53100.0,2024-01-02T06:34:40,2026-07-13T21:30:40,4985,127285.0,0,127285.0,141000.0,30891.65,63,9,74,146,72,5840.0,7875.0,13715.0,11000.0,138285.0,0,0,0,21.0,0,52,7,2365.52,39,0,2026-06-29T20:30:00,5,54,43,11,0.0926,38.04,82.1,1876.07,38.01,9.73,11.05,19,19,9,0,0,0,0,923.6222,10189.8572,11.0325,8282.59,38547.38,38996.1,3493.99,40831.99,3701.07,869.7336,1661.1997,5273.513,9.885,0.0,792.4211,1102.1522,3604.1561,8.8266,0.0,0,0,1,1,1018.55,1018.55,"[""legacy_50k"", ""start_2024"", ""minimum"", 3000]"
legacy_50k,start_2024,minimum,3100,53200.0,2024-01-02T06:34:40,2026-07-13T21:30:40,4985,125785.0,0,125785.0,139500.0,30891.65,63,9,74,146,72,5840.0,7875.0,13715.0,11000.0,136785.0,0,0,0,21.0,0,52,7,2367.41,39,0,2026-06-29T20:30:00,5,54,43,11,0.0926,38.04,82.1,1874.18,38.01,9.73,11.06,19,19,9,0,0,0,0,923.6222,10191.7468,11.0345,8280.7,38833.08,39281.8,3519.23,41117.49,3726.25,869.7336,1672.8716,5297.614,9.8871,0.0,792.4211,1109.1103,3628.4217,8.829,0.0,0,0,1,1,1018.55,1018.55,"[""legacy_50k"", ""start_2024"", ""minimum"", 3100]"
legacy_50k,start_2024,minimum,3200,53300.0,2024-01-02T06:34:40,2026-07-13T21:30:40,4985,125285.0,0,125285.0,139000.0,30891.65,63,9,74,146,72,5840.0,7875.0,13715.0,11000.0,136285.0,0,0,0,21.0,0,52,7,2368.89,39,0,2026-06-29T20:30:00,5,54,43,11,0.0926,38.04,82.1,1872.7,38.01,9.73,11.06,19,19,9,0,0,0,0,923.6222,10193.2301,11.0361,8279.21,39579.42,40028.14,3586.34,41863.67,3793.32,869.7336,1716.68,5355.8446,9.8888,0.0,792.4211,1130.2642,3667.0215,8.8309,0.0,0,0,1,1,1018.55,1018.55,"[""legacy_50k"", ""start_2024"", ""minimum"", 3200]"
legacy_50k,start_2024,minimum,3300,53400.0,2024-01-02T06:34:40,2026-07-13T21:30:40,4985,130195.0,0,130195.0,143500.0,30891.65,61,9,72,142,70,5680.0,7625.0,13305.0,11000.0,141195.0,0,0,0,21.0,0,50,8,2557.58,39,0,2026-06-29T20:30:00,5,52,41,11,0.0962,38.1,82.1,1793.47,38.01,9.73,11.14,19,19,9,0,0,0,0,923.6222,10272.459,11.1219,8199.99,40829.52,41273.62,3671.08,42964.87,3863.08,869.7336,1684.0731,5383.9683,10.276,0.0,792.4211,1121.5883,3697.1589,9.2558,0.0,0,0,1,1,1018.55,1018.55,"[""legacy_50k"", ""start_2024"", ""minimum"", 3300]"
legacy_50k,start_2024,minimum,3400,53500.0,2024-01-02T06:34:40,2026-07-13T21:30:40,4985,132360.0,0,132360.0,145500.0,32391.65,60,9,71,141,70,5640.0,7500.0,13140.0,11000.0,143360.0,0,0,0,21.0,0,49,9,2767.4,39,0,2026-06-29T20:30:00,5,51,40,11,0.098,39.03,82.1,1782.58,38.01,9.73,11.15,19,19,9,0,0,0,0,923.6222,10283.3498,11.1337,8189.09,41707.0,42150.94,3746.01,43795.99,3933.64,869.7336,1644.9506,5283.8682,10.2859,0.0,792.4211,1048.4588,3401.2117,9.3144,0.0,0,0,1,1,1018.55,1018.55,"[""legacy_50k"", ""start_2024"", ""minimum"", 3400]"
legacy_50k,start_2024,minimum,3500,53600.0,2024-01-02T06:34:40,2026-07-13T21:30:40,4985,131860.0,0,131860.0,145000.0,32391.65,60,9,71,141,70,5640.0,7500.0,13140.0,11000.0,142860.0,0,0,0,21.0,0,49,9,2768.74,39,0,2026-06-29T20:30:00,5,51,40,11,0.098,39.03,82.1,1781.23,38.01,9.73,11.15,19,19,9,0,0,0,0,923.6222,10284.6921,11.1352,8187.75,42432.08,42876.02,3810.64,44520.93,3998.23,869.7336,1680.3532,5383.4115,10.2874,0.0,792.4211,1065.5764,3446.6533,9.3161,0.0,0,0,1,1,1018.55,1018.55,"[""legacy_50k"", ""start_2024"", ""minimum"", 3500]"
legacy_50k,start_2024,minimum,3600,53700.0,2024-01-02T06:34:40,2026-07-13T21:30:40,4985,127860.0,0,127860.0,141000.0,32012.85,60,9,71,141,70,5640.0,7500.0,13140.0,11000.0,138860.0,0,0,0,21.0,0,49,9,2779.97,39,0,2026-06-29T20:30:00,5,51,40,11,0.098,38.61,82.1,1767.58,38.01,9.73,11.17,19,19,9,0,0,0,0,923.6222,10298.3433,11.15,8174.1,42685.65,43130.51,3828.33,44760.45,4014.41,872.253,1676.3886,5372.9145,10.3649,0.0,794.9405,1052.0759,3401.7978,9.3943,0.0,0,0,1,1,1018.55,1018.55,"[""legacy_50k"", ""start_2024"", ""minimum"", 3600]"
legacy_50k,start_2024,minimum,3700,53800.0,2024-01-02T06:34:40,2026-07-13T21:30:40,4985,127360.0,0,127360.0,140500.0,32012.85,60,9,71,141,70,5640.0,7500.0,13140.0,11000.0,138360.0,0,0,0,21.0,0,49,9,2789.21,39,0,2026-06-29T20:30:00,5,51,40,11,0.098,38.61,82.1,1758.35,38.01,9.73,11.18,19,19,9,0,0,0,0,923.6222,10307.5738,11.1599,8164.87,42974.14,43419.0,3850.75,45047.94,4036.57,872.253,1683.3023,5378.0672,10.3755,0.0,794.9405,1053.5654,3411.3092,9.4059,0.0,0,0,1,1,1018.55,1018.55,"[""legacy_50k"", ""start_2024"", ""minimum"", 3700]"
legacy_50k,start_2024,minimum,3800,53900.0,2024-01-02T06:34:40,2026-07-13T21:30:40,4985,125860.0,0,125860.0,139000.0,32012.85,60,9,71,141,70,5640.0,7500.0,13140.0,11000.0,136860.0,0,0,0,21.0,0,49,9,2811.54,39,0,2026-06-29T20:30:00,6,51,40,11,0.098,38.61,82.1,1736.02,38.01,9.73,11.21,19,19,9,0,0,0,0,923.6222,10329.9093,11.1841,8142.54,43129.74,43574.6,3856.33,45201.12,4041.54,872.253,1681.7781,5379.5927,10.4011,0.0,794.9405,1049.6373,3402.5955,9.434,0.0,0,0,1,1,1018.55,1018.55,"[""legacy_50k"", ""start_2024"", ""minimum"", 3800]"
legacy_50k,start_2024,minimum,3900,54000.0,2024-01-02T06:34:40,2026-07-13T21:30:40,4985,124980.0,0,124980.0,138000.0,35157.2,60,10,70,138,68,5520.0,7500.0,13020.0,11000.0,135980.0,0,0,0,21.0,0,48,9,2820.77,38,0,2026-06-29T20:30:00,6,50,40,10,0.1,38.56,82.1,1664.72,25.49,9.73,11.28,19,19,9,0,0,0,0,923.6222,10401.2079,11.2613,8071.24,44348.44,44785.11,3938.12,46401.02,4120.39,872.253,1697.1213,5446.5595,10.4118,0.0,794.9405,1032.3774,3428.1876,9.4457,0.0,0,0,1,1,1018.55,1018.55,"[""legacy_50k"", ""start_2024"", ""minimum"", 3900]"
legacy_50k,start_2024,minimum,4000,54100.0,2024-01-02T06:34:40,2026-07-13T21:30:40,4985,124645.0,0,124645.0,137500.0,35157.2,59,10,69,137,68,5480.0,7375.0,12855.0,11000.0,135645.0,0,0,0,21.0,0,47,9,2830.83,37,0,2026-06-29T20:30:00,6,49,39,10,0.102,39.18,84.02,1663.56,25.49,9.73,11.29,19,19,9,0,0,0,0,923.6222,10402.3632,11.2626,8070.08,44744.64,45168.88,3972.86,46776.22,4153.24,872.253,1698.4592,5446.5595,10.4233,0.0,794.9405,1012.3272,3363.4829,9.4584,0.0,0,0,1,1,1018.55,1018.55,"[""legacy_50k"", ""start_2024"", ""minimum"", 4000]"
legacy_50k,start_2024,minimum,4100,54200.0,2024-01-02T06:34:40,2026-07-13T21:30:40,4985,135025.0,0,135025.0,146500.0,47568.75,55,14,61,115,54,4600.0,6875.0,11475.0,11000.0,146025.0,0,0,0,21.0,0,39,11,3145.04,33,0,2026-06-29T20:30:00,4,41,35,6,0.122,22.65,77.64,1113.89,25.49,9.73,12.03,19,19,7,0,0,0,0,923.6222,11089.034,12.006,7383.41,50438.54,50812.29,4201.1,52088.05,4338.49,885.253,1573.9132,5111.341,10.2518,0.0,794.9405,1028.9304,3409.275,9.8047,0.0,0,0,1,1,1018.55,1018.55,"[""legacy_50k"", ""start_2024"", ""minimum"", 4100]"
legacy_50k,start_2024,minimum,4200,54300.0,2024-01-02T06:34:40,2026-07-13T21:30:40,4985,133525.0,0,133525.0,145000.0,47568.75,55,14,61,115,54,4600.0,6875.0,11475.0,11000.0,144525.0,0,0,0,21.0,0,39,11,3148.01,33,0,2026-06-29T20:30:00,4,41,35,6,0.122,22.65,76.16,1108.62,25.49,9.73,12.03,19,19,7,0,0,0,0,923.6222,11094.31,12.0117,7378.13,50738.33,51112.09,4224.06,52387.28,4361.34,886.737,1578.0716,5106.6717,10.2406,0.0,796.4245,1026.2789,3392.508,9.7931,0.0,0,0,1,1,1018.55,1018.55,"[""legacy_50k"", ""start_2024"", ""minimum"", 4200]"
legacy_50k,start_2024,minimum,4300,54400.0,2024-01-02T06:34:40,2026-07-13T21:30:40,4985,132025.0,0,132025.0,143500.0,47568.75,55,14,61,115,54,4600.0,6875.0,11475.0,11000.0,143025.0,0,0,0,21.0,0,39,11,3158.4,33,0,2026-06-29T20:30:00,4,41,35,6,0.122,22.65,76.16,1098.22,25.49,9.73,12.04,19,19,7,0,0,0,0,923.6222,11104.7044,12.023,7367.74,50988.86,51362.61,4240.94,52636.67,4378.0,886.737,1584.4928,5120.6286,10.2523,0.0,796.4245,1030.5108,3399.0569,9.8061,0.0,0,0,1,1,1018.55,1018.55,"[""legacy_50k"", ""start_2024"", ""minimum"", 4300]"
legacy_50k,start_2024,minimum,4400,54500.0,2024-01-02T06:34:40,2026-07-13T21:30:40,4985,131980.0,0,131980.0,143000.0,47568.75,52,14,58,113,55,4520.0,6500.0,11020.0,11000.0,142980.0,0,0,0,21.0,0,36,11,3161.98,30,0,2026-06-29T20:30:00,4,38,32,6,0.1316,25.18,90.16,1128.78,38.01,9.73,12.01,18,18,7,0,0,0,0,923.6222,11074.1424,11.9899,7398.3,51114.34,51469.63,4263.12,52692.26,4394.72,886.737,1575.2221,5119.1297,10.2563,0.0,796.4245,1022.0152,3379.1093,9.8106,0.0,0,0,1,1,1018.55,1018.55,"[""legacy_50k"", ""start_2024"", ""minimum"", 4400]"
legacy_50k,start_2024,minimum,4500,54600.0,2024-01-02T06:34:40,2026-07-13T21:30:40,4985,135385.0,0,135385.0,145500.0,47568.75,47,14,53,106,53,4240.0,5875.0,10115.0,11000.0,146385.0,0,0,0,21.0,0,31,12,3278.62,26,0,2026-06-29T20:30:00,4,33,27,6,0.1212,25.77,90.16,1119.96,111.06,9.73,12.15,17,17,7,0,0,0,0,923.6222,11201.9671,12.1283,7270.48,53460.04,53784.32,4407.88,54844.67,4522.04,886.737,1569.7897,5130.0148,10.449,0.0,796.4245,1007.7802,3338.4084,10.0824,0.0,0,0,1,1,1018.55,1018.55,"[""legacy_50k"", ""start_2024"", ""minimum"", 4500]"
legacy_50k,start_2024,minimum,5000,55100.0,2024-01-02T06:34:40,2026-07-13T21:30:40,4985,133385.0,0,133385.0,143500.0,47568.75,47,14,53,106,53,4240.0,5875.0,10115.0,11000.0,144385.0,0,0,0,21.0,0,31,12,3278.12,26,0,2026-06-29T20:30:00,6,33,27,6,0.1212,25.22,91.64,1120.45,112.54,9.73,12.14,17,17,7,0,0,0,0,923.6222,11201.4736,12.1278,7270.97,54393.08,54717.36,4485.0,55777.76,4599.18,886.737,1580.8713,5275.7432,10.453,0.0,796.4245,982.6812,3452.6716,10.0868,0.0,0,0,1,1,1018.55,1018.55,"[""legacy_50k"", ""start_2024"", ""minimum"", 5000]"
legacy_50k,start_2024,minimum,5700,55800.0,2024-01-02T06:34:40,2026-07-13T21:30:40,4985,120175.0,1902.1,122077.1,130000.0,50068.75,45,13,52,105,53,4200.0,5625.0,9825.0,11000.0,133077.1,0,0,0,21.0,0,30,12,3312.42,25,0,2026-06-25T23:30:00,6,32,25,7,0.125,22.65,56.64,1138.11,111.2,9.73,12.13,14,14,6,0,0,0,0,923.6222,11183.8132,12.1086,7288.63,56238.06,56542.81,4644.46,57539.02,4751.9,886.737,1626.1536,5390.1061,10.5389,0.0,796.4245,994.4905,3609.3492,10.1825,0.0,0,0,1,1,1018.55,1018.55,"[""legacy_50k"", ""start_2024"", ""minimum"", 5700]"
legacy_50k,start_2024,minimum,6000,56100.0,2024-01-02T06:34:40,2026-07-13T21:30:40,4985,116175.0,0,116175.0,126000.0,50568.75,45,13,52,105,53,4200.0,5625.0,9825.0,11000.0,127175.0,0,0,0,21.0,0,30,12,3322.0,25,0,2026-06-25T23:30:00,7,32,25,7,0.125,22.65,55.31,1128.53,111.2,9.73,12.13,14,14,6,0,0,0,0,923.6222,11193.3972,12.119,7279.05,57831.72,58136.47,4771.98,59131.65,4879.24,886.737,1679.7867,5450.4243,10.5497,0.0,796.4245,1029.6383,3672.3199,10.1945,0.0,0,0,1,1,1018.55,1018.55,"[""legacy_50k"", ""start_2024"", ""minimum"", 6000]"
legacy_50k,start_2024,minimum,6100,56200.0,2024-01-02T06:34:40,2026-07-13T21:30:40,4985,115175.0,0,115175.0,125000.0,50568.75,45,13,52,105,53,4200.0,5625.0,9825.0,11000.0,126175.0,0,0,0,21.0,0,30,12,3324.97,25,0,2026-06-25T23:30:00,7,32,25,7,0.125,22.65,55.31,1125.56,111.06,9.73,12.14,14,14,6,0,0,0,0,923.6222,11196.3653,12.1222,7276.08,58123.95,58428.7,4794.82,59423.56,4902.03,886.737,1687.7442,5459.7665,10.5514,0.0,796.4245,1033.5099,3680.7449,10.1964,0.0,0,0,1,1,1018.55,1018.55,"[""legacy_50k"", ""start_2024"", ""minimum"", 6100]"
legacy_50k,start_2024,minimum,6200,56300.0,2024-01-02T06:34:40,2026-07-13T21:30:40,4985,112805.0,0,112805.0,123000.0,47424.4,47,12,55,108,53,4320.0,5875.0,10195.0,11000.0,123805.0,0,0,0,21.0,0,33,12,3330.17,28,2,2026-06-29T20:30:00,5,35,27,8,0.1143,22.65,76.16,1145.0,105.65,9.73,12.12,14,14,6,0,0,0,0,923.6222,11176.9255,12.1012,7295.52,58510.31,58824.8,4835.09,59850.71,4945.85,892.1463,1716.1353,5492.0882,10.4549,0.0,801.8338,1052.0299,3689.6623,10.0652,0.0,0,0,3,2,148.2,1018.55,"[""legacy_50k"", ""start_2024"", ""minimum"", 6200]"
legacy_50k,start_2024,minimum,6300,56400.0,2024-01-02T06:34:40,2026-07-13T21:30:40,4985,113125.0,12070.98,125195.98,122500.0,58195.4,43,14,49,100,51,4000.0,5375.0,9375.0,11000.0,136195.98,0,0,0,21.0,0,27,10,3556.65,22,2,2026-06-18T09:41:40,3,29,23,6,0.1379,21.31,53.31,1012.64,109.05,9.73,12.26,12,12,6,0,0,0,0,923.6222,11309.2884,12.2445,7163.16,60131.54,60435.51,4910.9,61380.43,5012.9,893.8963,1742.0648,5547.1521,10.595,0.0,839.5213,1058.4804,3648.5295,9.8767,0.0,0,0,5,4,148.2,1018.55,"[""legacy_50k"", ""start_2024"", ""minimum"", 6300]"
legacy_50k,start_2024,minimum,6400,56500.0,2024-01-02T06:34:40,2026-07-13T21:30:40,4985,112125.0,12070.98,124195.98,121500.0,58195.4,43,14,49,100,51,4000.0,5375.0,9375.0,11000.0,135195.98,0,0,0,21.0,0,27,10,3564.49,22,3,2026-06-18T09:41:40,3,29,23,6,0.1379,21.16,53.16,1004.8,108.92,9.73,12.27,12,12,6,0,0,0,0,923.6222,11317.1292,12.253,7155.32,60663.14,60967.12,4950.89,61911.18,5052.74,893.8963,1768.1858,5595.5075,10.6038,0.0,839.5213,1084.6132,3698.5545,9.8861,0.0,0,0,6,5,104.55,1018.55,"[""legacy_50k"", ""start_2024"", ""minimum"", 6400]"
legacy_50k,start_2024,minimum,6500,56600.0,2024-01-02T06:34:40,2026-07-13T21:30:40,4985,112330.0,17125.37,129455.37,121500.0,60561.1,42,14,48,98,50,3920.0,5250.0,9170.0,11000.0,140455.37,0,0,0,21.0,0,26,9,3681.11,21,4,2026-06-18T09:41:40,4,28,22,6,0.1429,20.93,53.02,957.08,105.65,9.73,12.32,12,12,6,0,0,0,0,923.6222,11364.8442,12.3046,7107.6,61466.17,61770.14,4995.36,62703.88,5095.95,893.8963,1785.0261,5599.6964,10.7342,0.0,839.5213,1093.2993,3701.3841,10.025,0.0,0,0,8,7,104.55,1018.55,"[""legacy_50k"", ""start_2024"", ""minimum"", 6500]"
legacy_50k,start_2024,minimum,6600,56700.0,2024-01-02T06:34:40,2026-07-13T21:30:40,4985,113740.0,27329.55,141069.55,122500.0,65434.2,40,14,46,94,48,3760.0,5000.0,8760.0,11000.0,152069.55,0,0,0,21.0,0,24,7,3903.22,19,4,2026-06-18T09:41:40,4,26,20,6,0.1538,18.73,53.02,882.76,105.65,9.73,12.4,10,10,6,0,0,0,0,923.6222,11439.1627,12.3851,7033.28,62519.75,62820.36,5047.98,63713.45,5144.36,893.8963,1785.7635,5601.3413,10.7758,0.0,839.5213,1076.2951,3708.3528,10.0786,0.0,0,0,10,8,104.55,1018.55,"[""legacy_50k"", ""start_2024"", ""minimum"", 6600]"
legacy_50k,start_2024,minimum,6700,56800.0,2024-01-02T06:34:40,2026-07-13T21:30:40,4985,115065.0,37959.58,153024.58,123500.0,71907.25,39,15,44,89,45,3560.0,4875.0,8435.0,11000.0,164024.58,0,0,0,21.0,0,22,5,4121.34,17,4,2026-06-18T09:41:40,4,24,19,5,0.1667,20.69,70.75,768.54,105.65,9.73,12.52,9,9,5,0,0,0,0,923.6222,11553.3856,12.5088,6919.06,63799.63,64096.39,5100.39,64919.7,5189.93,893.8963,1807.2389,5633.8365,11.0198,0.0,839.5213,1096.3891,3741.7607,10.3384,0.0,0,0,12,10,104.55,1018.55,"[""legacy_50k"", ""start_2024"", ""minimum"", 6700]"
legacy_50k,start_2024,minimum,6800,56900.0,2024-01-02T06:34:40,2026-07-13T21:30:40,4985,115395.0,49630.21,165025.21,123500.0,75063.9,37,15,42,87,45,3480.0,4625.0,8105.0,11000.0,176025.21,0,0,0,21.0,0,20,3,4339.44,15,4,2026-06-18T09:41:40,4,22,17,5,0.1818,20.69,70.75,758.23,105.65,9.73,12.53,8,8,4,0,0,0,0,923.6222,11563.6986,12.5199,6908.75,65025.22,65314.28,5193.73,66021.66,5273.32,893.8963,1843.5708,5765.2497,11.2638,0.0,839.5213,1134.57,3880.1118,10.5982,0.0,0,0,14,12,104.55,1018.55,"[""legacy_50k"", ""start_2024"", ""minimum"", 6800]"
legacy_50k,start_2024,minimum,6900,57000.0,2024-01-02T06:34:40,2026-07-13T21:30:40,4985,116220.0,60950.54,177170.54,124000.0,82227.25,36,16,40,82,42,3280.0,4500.0,7780.0,11000.0,188170.54,0,0,0,21.0,0,18,1,4554.01,13,3,2026-06-18T09:41:40,3,20,16,4,0.2,14.19,70.75,647.56,105.65,9.73,12.65,7,7,4,0,0,0,0,923.6222,11674.3657,12.6398,6798.08,66157.5,66442.71,5234.08,67080.7,5307.12,893.8963,1847.6151,5764.3968,11.5039,0.0,839.5213,1140.7469,3877.7413,10.8538,0.0,0,0,15,13,141.65,1018.55,"[""legacy_50k"", ""start_2024"", ""minimum"", 6900]"
legacy_50k,start_2024,minimum,7000,57100.0,2024-01-02T06:34:40,2026-07-13T21:30:40,4985,117205.0,78410.81,195615.81,124500.0,95630.55,35,18,37,73,36,2920.0,4375.0,7295.0,11000.0,206615.81,0,0,0,21.0,0,15,0,4859.44,10,0,2026-06-18T09:41:40,3,17,15,2,0.2353,7.69,82.1,434.52,38.01,9.73,12.88,5,5,4,0,0,0,0,923.6222,11887.4083,12.8704,6585.04,68076.37,68357.73,5289.37,68915.24,5354.54,893.8963,1852.6304,5736.9937,11.624,0.0,839.5213,1149.5518,3873.4731,11.0251,0.0,0,0,15,13,261.35,1018.55,"[""legacy_50k"", ""start_2024"", ""minimum"", 7000]"
legacy_50k,start_2024,minimum,7100,57200.0,2024-01-02T06:34:40,2026-07-13T21:30:40,4985,116705.0,78910.81,195615.81,124000.0,96130.55,35,18,37,73,36,2920.0,4375.0,7295.0,11000.0,206615.81,0,0,0,21.0,0,15,0,4859.44,10,0,2026-06-18T09:41:40,3,17,15,2,0.2353,7.69,82.1,434.52,38.01,9.73,12.88,5,5,4,0,0,0,0,923.6222,11887.4083,12.8704,6585.04,68605.75,68887.11,5330.5,69444.62,5395.68,893.8963,1865.1741,5752.7716,11.624,0.0,839.5213,1153.2813,3884.6369,11.0251,0.0,0,0,15,13,399.0,1018.55,"[""legacy_50k"", ""start_2024"", ""minimum"", 7100]"
legacy_50k,start_2024,minimum,7200,57300.0,2024-01-02T06:34:40,2026-07-13T21:30:40,4985,114705.0,80910.81,195615.81,122000.0,98130.55,35,18,37,73,36,2920.0,4375.0,7295.0,11000.0,206615.81,0,0,0,21.0,0,15,0,4859.44,10,0,2026-06-18T09:41:40,3,17,15,2,0.2353,7.69,82.1,434.52,38.01,9.73,12.88,5,5,4,0,0,0,0,923.6222,11887.4083,12.8704,6585.04,69262.18,69543.54,5381.5,70101.05,5446.68,893.8963,1890.756,5840.0323,11.624,0.0,839.5213,1181.1947,3973.9668,11.0251,0.0,0,0,15,13,486.5,1049.55,"[""legacy_50k"", ""start_2024"", ""minimum"", 7200]"
legacy_50k,start_2024,minimum,7300,57400.0,2024-01-02T06:34:40,2026-07-13T21:30:40,4985,112705.0,82910.81,195615.81,120000.0,100130.55,35,18,37,73,36,2920.0,4375.0,7295.0,11000.0,206615.81,0,0,0,21.0,0,15,0,4859.44,10,0,2026-06-18T09:41:40,3,17,15,2,0.2353,7.69,82.1,434.52,38.01,9.73,12.88,5,5,4,0,0,0,0,923.6222,11887.4083,12.8704,6585.04,69903.99,70185.35,5431.37,70742.87,5496.55,893.8963,1907.7307,5841.86,11.624,0.0,839.5213,1194.3596,3973.9557,11.0251,0.0,0,0,15,13,534.3,1049.55,"[""legacy_50k"", ""start_2024"", ""minimum"", 7300]"
legacy_50k,start_2024,minimum,7400,57500.0,2024-01-02T06:34:40,2026-07-13T21:30:40,4985,111205.0,84410.81,195615.81,118500.0,101630.55,35,18,37,73,36,2920.0,4375.0,7295.0,11000.0,206615.81,0,0,0,21.0,0,15,0,4859.44,10,0,2026-06-18T09:41:40,3,17,15,2,0.2353,7.69,82.1,434.52,38.01,9.73,12.88,5,5,4,0,0,0,0,923.6222,11887.4083,12.8704,6585.04,70499.31,70780.66,5477.62,71338.18,5542.8,893.8963,1926.6982,5855.6702,11.624,0.0,839.5213,1211.938,3984.265,11.0251,0.0,0,0,15,13,641.65,1104.55,"[""legacy_50k"", ""start_2024"", ""minimum"", 7400]"
legacy_50k,start_2024,minimum,7500,57600.0,2024-01-02T06:34:40,2026-07-13T21:30:40,4985,110205.0,85410.81,195615.81,117500.0,102630.55,35,18,37,73,36,2920.0,4375.0,7295.0,11000.0,206615.81,0,0,0,21.0,0,15,0,4859.44,10,0,2026-06-18T09:41:40,3,17,15,2,0.2353,7.69,82.1,434.52,38.01,9.73,12.88,5,5,4,0,0,0,0,923.6222,11887.4083,12.8704,6585.04,71310.13,71591.49,5540.62,72149.0,5605.8,893.8963,1950.4687,5892.548,11.624,0.0,839.5213,1232.0139,4018.6304,11.0251,0.0,0,0,15,13,761.35,1213.65,"[""legacy_50k"", ""start_2024"", ""minimum"", 7500]"
legacy_50k,start_2024,minimum,8000,58100.0,2024-01-02T06:34:40,2026-07-13T21:30:40,4985,103205.0,83432.93,186637.93,110500.0,109630.55,35,18,37,73,36,2920.0,4375.0,7295.0,11000.0,197637.93,0,0,0,21.0,0,15,0,4859.44,10,0,2026-06-18T09:41:40,3,17,15,2,0.2353,7.69,82.1,434.52,38.01,9.73,12.88,5,5,4,0,0,0,0,923.6222,11887.4083,12.8704,6585.04,74336.02,74617.37,5775.72,75174.89,5840.9,893.8963,2060.7468,6154.9125,11.624,0.0,839.5213,1343.0622,4287.4571,11.0251,0.0,0,0,15,13,1018.55,1713.65,"[""legacy_50k"", ""start_2024"", ""minimum"", 8000]"
legacy_50k,start_2024,minimum,9000,59100.0,2024-01-02T06:34:40,2026-07-13T21:30:40,4985,88705.0,87900.09,176605.09,96000.0,124130.55,35,18,37,73,36,2920.0,4375.0,7295.0,11000.0,187605.09,0,0,0,21.0,0,15,0,4859.44,10,0,2026-06-18T09:41:40,3,17,15,2,0.2353,7.69,82.1,434.52,38.01,9.73,12.88,5,5,4,0,0,0,0,923.6222,11887.4083,12.8704,6585.04,81311.27,81592.62,6317.68,82150.14,6382.86,893.8963,2321.3277,6895.6708,11.624,0.0,839.5213,1609.9716,5076.1936,11.0251,0.0,0,0,15,13,1018.55,2713.65,"[""legacy_50k"", ""start_2024"", ""minimum"", 9000]"
legacy_50k,start_2024,minimum,10000,60100.0,2024-01-02T06:34:40,2026-07-13T21:30:40,4985,74705.0,85695.91,160400.91,82000.0,138130.55,35,18,37,73,36,2920.0,4375.0,7295.0,11000.0,171400.91,0,0,0,21.0,0,15,0,4859.44,10,0,2026-06-18T09:41:40,3,17,15,2,0.2353,7.69,82.1,434.52,38.01,9.73,12.88,5,5,4,0,0,0,0,923.6222,11887.4083,12.8704,6585.04,87594.73,87876.09,6805.89,88433.6,6871.07,893.8963,2577.1002,7611.6924,11.624,0.0,839.5213,1886.2455,5838.5912,11.0251,0.0,0,0,15,13,1018.55,3713.65,"[""legacy_50k"", ""start_2024"", ""minimum"", 10000]"
legacy_50k,start_2024,maximum,0,50100.0,2024-01-02T06:34:40,2026-07-13T21:30:40,4985,91300.65,0,91300.65,108555.65,23968.75,75,8,89,197,108,7880.0,9375.0,17255.0,11000.0,102300.65,0,0,0,21.5,0,58,0,95.9,27,0,2026-06-29T20:30:00,8,67,60,7,0.0896,31.95,91.65,2381.67,25.6,21.73,7.42,16,16,9,0,0,0,0,923.6222,6832.7748,7.3978,11639.67,12309.04,13003.96,1663.88,16614.47,2245.87,863.8725,1201.1435,3774.1232,4.6678,0.0384,683.5477,960.1149,2373.3281,2.6641,0.1237,3,0,1,1,1018.55,1018.55,"[""legacy_50k"", ""start_2024"", ""maximum"", 0]"
legacy_50k,start_2024,maximum,1000,51100.0,2024-01-02T06:34:40,2026-07-13T21:30:40,4985,101559.0,0,101559.0,118564.0,23968.75,73,8,88,197,109,7880.0,9125.0,17005.0,11000.0,112559.0,0,0,0,21.5,0,58,0,95.9,29,0,2026-06-29T20:30:00,8,65,58,7,0.0923,33.85,125.04,2289.12,25.49,16.73,7.53,17,17,8,0,0,0,0,923.6222,6925.3236,7.498,11547.12,13538.93,14304.98,1805.67,17824.99,2377.3,860.259,1208.1675,3877.9201,4.8098,0.011,683.8074,1107.3494,2646.2622,2.9022,0.0096,2,0,1,1,1018.55,1018.55,"[""legacy_50k"", ""start_2024"", ""maximum"", 1000]"
legacy_50k,start_2024,maximum,2000,52100.0,2024-01-02T06:34:40,2026-07-13T21:30:40,4985,89907.0,0,89907.0,108187.0,23968.75,80,8,95,207,112,8280.0,10000.0,18280.0,11000.0,100907.0,0,0,0,22.5,0,65,0,95.9,30,0,2026-06-29T20:30:00,10,72,64,8,0.0833,30.45,102.34,2636.03,25.6,16.73,7.82,17,17,7,0,0,0,0,923.6222,7193.3157,7.7882,11279.13,13654.17,14395.95,1753.2,17942.08,2303.76,869.1581,1052.6411,3427.7479,4.193,0.0109,684.8331,906.4864,2301.4387,2.5508,0.0041,2,0,1,1,1018.55,1018.55,"[""legacy_50k"", ""start_2024"", ""maximum"", 2000]"
legacy_50k,start_2024,maximum,3000,53100.0,2024-01-02T06:34:40,2026-07-13T21:30:40,4985,107983.15,0,107983.15,125378.15,16672.1,79,5,97,188,91,7520.0,9875.0,17395.0,11000.0,118983.15,0,0,0,21.0,0,72,4,258.24,43,0,2026-06-29T20:30:00,12,74,59,15,0.0676,37.62,126.04,2764.87,25.49,9.73,9.61,19,19,10,0,0,0,0,923.6222,8852.0586,9.5841,9620.39,21455.85,22155.28,2238.7,25100.35,2618.97,867.1049,1406.6004,4519.3553,5.9557,0.0084,773.0954,968.8872,2796.9111,4.1252,0.0338,1,0,1,1,1018.55,1018.55,"[""legacy_50k"", ""start_2024"", ""maximum"", 3000]"
legacy_50k,start_2024,maximum,3100,53200.0,2024-01-02T06:34:40,2026-07-13T21:30:40,4985,99289.95,0,99289.95,117254.95,16624.4,81,5,100,196,96,7840.0,10125.0,17965.0,11000.0,110289.95,0,0,0,21.0,0,74,4,258.24,43,0,2026-06-29T20:30:00,11,76,61,15,0.0526,37.62,96.1,2902.41,25.49,9.73,9.46,19,19,10,0,0,0,0,923.6222,8707.5146,9.4276,9764.93,20121.64,20828.64,2134.34,23881.23,2533.13,863.1049,1342.7376,4543.0671,5.8939,0.0038,771.5537,962.7111,2783.5709,4.0456,0.0311,1,0,1,1,1018.55,1018.55,"[""legacy_50k"", ""start_2024"", ""maximum"", 3100]"
legacy_50k,start_2024,maximum,3200,53300.0,2024-01-02T06:34:40,2026-07-13T21:30:40,4985,111782.9,0,111782.9,128357.9,16353.75,75,5,93,180,87,7200.0,9375.0,16575.0,11000.0,122782.9,0,0,0,21.0,0,68,4,234.29,43,0,2026-06-29T20:30:00,13,70,55,15,0.0857,37.62,126.04,2605.83,25.49,9.73,9.78,19,19,10,0,0,0,0,923.6222,9011.0937,9.7563,9461.35,23625.17,24301.49,2421.54,27081.54,2775.81,866.9944,1468.8785,4567.744,6.0068,0.0046,773.6579,941.5126,2787.7539,4.2691,0.0027,1,0,1,1,1018.55,1018.55,"[""legacy_50k"", ""start_2024"", ""maximum"", 3200]"
legacy_50k,start_2024,maximum,3300,53400.0,2024-01-02T06:34:40,2026-07-13T21:30:40,4985,103285.7,0,103285.7,120055.7,13309.4,74,4,94,188,94,7520.0,9250.0,16770.0,11000.0,114285.7,0,0,0,21.0,0,68,4,282.28,44,0,2026-06-29T20:30:00,14,70,54,16,0.0714,38.16,126.04,2847.16,38.01,9.73,9.85,19,19,10,0,0,0,0,923.6222,9066.7646,9.8165,9405.68,22718.43,23390.3,2314.3,26224.01,2671.41,866.9944,1426.9439,4576.2079,6.3204,0.0046,774.2611,964.6148,2790.2965,4.5998,0.0027,1,0,1,1,1018.55,1018.55,"[""legacy_50k"", ""start_2024"", ""maximum"", 3300]"
legacy_50k,start_2024,maximum,3400,53500.0,2024-01-02T06:34:40,2026-07-13T21:30:40,4985,102297.9,0,102297.9,119067.9,13409.4,74,4,94,188,94,7520.0,9250.0,16770.0,11000.0,113297.9,0,0,0,21.0,0,68,4,282.28,44,0,2026-06-29T20:30:00,14,70,54,16,0.0714,38.16,126.04,2843.74,38.01,9.73,9.85,19,19,10,0,0,0,0,923.6222,9070.1845,9.8202,9402.26,22938.55,23610.42,2335.85,26443.76,2692.78,866.9944,1433.2425,4594.3133,6.2253,0.0046,774.2611,965.5547,2798.1147,4.4932,0.0027,1,0,1,1,1018.55,1018.55,"[""legacy_50k"", ""start_2024"", ""maximum"", 3400]"
legacy_50k,start_2024,maximum,3500,53600.0,2024-01-02T06:34:40,2026-07-13T21:30:40,4985,100593.15,0,100593.15,117363.15,13509.4,74,4,94,188,94,7520.0,9250.0,16770.0,11000.0,111593.15,0,0,0,21.0,0,68,4,282.28,44,0,2026-06-29T20:30:00,12,70,54,16,0.0714,38.16,126.04,2843.49,38.01,9.73,9.85,19,19,10,0,0,0,0,923.6222,9070.44,9.8205,9402.0,23286.76,23958.63,2371.24,26791.94,2728.16,867.05,1450.618,4641.4807,5.9818,0.0046,774.3167,968.8961,2817.553,4.2207,0.0028,1,0,1,1,1018.55,1018.55,"[""legacy_50k"", ""start_2024"", ""maximum"", 3500]"
legacy_50k,start_2024,maximum,3600,53700.0,2024-01-02T06:34:40,2026-07-13T21:30:40,4985,98782.0,0,98782.0,115552.0,12483.8,74,4,94,188,94,7520.0,9250.0,16770.0,11000.0,109782.0,0,0,0,21.0,0,68,4,282.28,44,0,2026-06-29T20:30:00,12,70,54,16,0.0714,38.16,126.04,2839.07,38.01,9.73,9.85,19,19,10,0,0,0,0,923.6222,9074.8519,9.8253,9397.59,23555.07,24226.94,2397.39,27059.78,2754.1,867.05,1457.4415,4671.264,6.1027,0.0046,775.5514,973.1344,2833.876,4.3508,0.0028,1,0,1,1,1018.55,1018.55,"[""legacy_50k"", ""start_2024"", ""maximum"", 3600]"
legacy_50k,start_2024,maximum,3700,53800.0,2024-01-02T06:34:40,2026-07-13T21:30:40,4985,96800.6,0,96800.6,113695.6,12290.2,75,5,94,188,94,7520.0,9375.0,16895.0,11000.0,107800.6,0,0,0,21.0,0,68,4,282.44,44,0,2026-06-29T20:30:00,10,70,55,15,0.0714,38.16,126.04,2831.3,25.49,9.73,9.86,19,19,10,0,0,0,0,923.6222,9082.6234,9.8337,9389.82,23919.11,24591.05,2432.36,27433.43,2789.74,867.05,1477.8719,4709.4661,6.2011,0.0046,775.5514,981.9818,2844.0969,4.4557,0.0028,1,0,1,1,1018.55,1018.55,"[""legacy_50k"", ""start_2024"", ""maximum"", 3700]"
legacy_50k,start_2024,maximum,3800,53900.0,2024-01-02T06:34:40,2026-07-13T21:30:40,4985,94015.35,0,94015.35,110745.35,15277.45,74,5,93,187,94,7480.0,9250.0,16730.0,11000.0,105015.35,0,0,0,21.0,0,67,4,282.5,43,0,2026-06-29T20:30:00,12,69,54,15,0.0725,38.1,126.04,2819.69,38.01,9.73,9.87,19,19,10,0,0,0,0,923.6222,9094.2396,9.8463,9378.2,24246.14,24918.01,2462.47,27748.75,2818.2,867.05,1484.1457,4729.801,6.3734,0.0046,775.5514,986.5933,2869.3672,4.6534,0.0027,1,0,1,1,1018.55,1018.55,"[""legacy_50k"", ""start_2024"", ""maximum"", 3800]"
legacy_50k,start_2024,maximum,3900,54000.0,2024-01-02T06:34:40,2026-07-13T21:30:40,4985,92186.5,0,92186.5,108916.5,15477.45,74,5,93,187,94,7480.0,9250.0,16730.0,11000.0,103186.5,0,0,0,21.0,0,67,4,282.55,43,0,2026-06-29T20:30:00,11,69,54,15,0.0725,38.1,126.04,2818.13,38.01,9.73,9.87,19,19,10,0,0,0,0,923.6222,9095.7998,9.848,9376.64,24427.44,25099.3,2480.46,27929.88,2836.11,867.1049,1489.3054,4744.7561,6.3536,0.0046,775.7132,984.0498,2871.925,4.6307,0.0028,1,0,1,1,1018.55,1018.55,"[""legacy_50k"", ""start_2024"", ""maximum"", 3900]"
legacy_50k,start_2024,maximum,4000,54100.0,2024-01-02T06:34:40,2026-07-13T21:30:40,4985,90527.25,0,90527.25,107257.25,15677.45,74,5,93,187,94,7480.0,9250.0,16730.0,11000.0,101527.25,0,0,0,21.0,0,67,4,282.5,43,0,2026-06-29T20:30:00,11,69,54,15,0.0725,38.1,126.04,2815.71,38.01,9.73,9.88,19,19,10,0,0,0,0,923.6222,9098.2167,9.8506,9374.23,24684.09,25355.96,2505.85,28186.27,2861.38,867.1049,1498.3128,4763.3237,6.3033,0.0046,775.7139,986.4381,2876.2712,4.5745,0.0028,1,0,1,1,1018.55,1018.55,"[""legacy_50k"", ""start_2024"", ""maximum"", 4000]"
legacy_50k,start_2024,maximum,4100,54200.0,2024-01-02T06:34:40,2026-07-13T21:30:40,4985,87368.9,0,87368.9,104098.9,15877.45,74,5,93,187,94,7480.0,9250.0,16730.0,11000.0,98368.9,0,0,0,21.0,0,67,4,287.11,43,0,2026-07-02T15:30:00,7,69,54,15,0.0725,38.1,123.79,2793.21,38.01,9.73,9.91,19,19,10,0,0,0,0,923.6222,9120.7194,9.8749,9351.73,25015.87,25687.74,2533.27,28515.61,2887.67,867.1495,1512.0622,4792.2765,6.3901,0.0021,780.3963,998.2772,2892.2678,4.647,0.0056,0,0,1,1,1018.55,1018.55,"[""legacy_50k"", ""start_2024"", ""maximum"", 4100]"
legacy_50k,start_2024,maximum,4200,54300.0,2024-01-02T06:34:40,2026-07-13T21:30:40,4985,84646.9,0,84646.9,101256.9,23700.75,74,8,90,184,94,7360.0,9250.0,16610.0,11000.0,95646.9,0,0,0,21.0,0,64,4,289.48,40,0,2026-06-29T20:30:00,7,66,54,12,0.0758,38.04,123.79,2747.93,38.01,9.73,9.96,19,19,10,0,0,0,0,923.6222,9165.9995,9.924,9306.44,25335.56,26007.43,2552.97,28830.4,2905.13,867.7954,1519.3021,4815.635,6.4992,0.0021,787.0898,1006.928,2912.9142,4.7407,0.0027,0,0,1,1,1018.55,1018.55,"[""legacy_50k"", ""start_2024"", ""maximum"", 4200]"
legacy_50k,start_2024,maximum,4300,54400.0,2024-01-02T06:34:40,2026-07-13T21:30:40,4985,83004.5,0,83004.5,99614.5,24200.75,74,8,90,184,94,7360.0,9250.0,16610.0,11000.0,94004.5,0,0,0,21.0,0,64,4,289.48,40,0,2026-06-29T20:30:00,7,66,54,12,0.0758,38.04,123.79,2756.99,38.01,9.73,9.94,19,19,10,0,0,0,0,923.6222,9156.9329,9.9142,9315.51,25596.26,26268.13,2581.79,29092.08,2934.4,867.1495,1530.8323,4826.7255,6.4146,0.0021,777.9669,1002.7741,2907.1431,4.6857,0.0027,0,0,1,1,1018.55,1018.55,"[""legacy_50k"", ""start_2024"", ""maximum"", 4300]"
legacy_50k,start_2024,maximum,4400,54500.0,2024-01-02T06:34:40,2026-07-13T21:30:40,4985,80843.6,0,80843.6,97453.6,24700.75,74,8,90,184,94,7360.0,9250.0,16610.0,11000.0,91843.6,0,0,0,21.0,0,64,4,291.73,40,0,2026-06-29T20:30:00,11,66,54,12,0.0758,37.62,123.79,2740.69,38.01,9.73,9.97,19,19,10,0,0,0,0,923.6222,9173.2331,9.9318,9299.21,25863.16,26535.03,2604.08,29357.22,2955.88,867.1495,1540.1516,4854.5584,6.4165,0.0021,780.3963,1011.1353,2930.7887,4.6764,0.0027,0,0,1,1,1018.55,1018.55,"[""legacy_50k"", ""start_2024"", ""maximum"", 4400]"
legacy_50k,start_2024,maximum,4500,54600.0,2024-01-02T06:34:40,2026-07-13T21:30:40,4985,126985.95,0,126985.95,139960.95,28194.0,59,9,70,140,70,5600.0,7375.0,12975.0,11000.0,137985.95,0,0,0,21.0,0,48,9,2573.61,38,0,2026-06-29T20:30:00,6,50,39,11,0.1,40.42,84.02,1743.31,38.01,9.73,11.19,19,19,9,0,0,0,0,923.6222,10322.6144,11.1762,8149.83,38189.82,38622.13,3417.06,40204.79,3597.35,867.7954,1451.4726,4787.6465,6.6574,0.0,788.563,830.3518,2665.4846,5.3292,0.0,0,0,1,1,1018.55,1018.55,"[""legacy_50k"", ""start_2024"", ""maximum"", 4500]"
legacy_50k,start_2024,maximum,5000,55100.0,2024-01-02T06:34:40,2026-07-13T21:30:40,4985,139075.55,2000.0,141075.55,149190.55,48815.15,47,14,53,106,53,4240.0,5875.0,10115.0,11000.0,152075.55,0,0,0,21.0,0,31,12,3265.18,26,0,2026-06-29T20:30:00,8,33,27,6,0.1212,25.48,95.22,1141.08,116.12,9.73,12.12,17,17,7,0,0,0,0,923.6222,11180.8458,12.1054,7291.6,46308.31,46632.59,3825.42,47695.23,3939.99,881.6722,1330.7205,4553.1078,6.1345,0.0,791.3597,775.3529,2711.2503,5.2732,0.0,0,0,1,1,1018.55,1018.55,"[""legacy_50k"", ""start_2024"", ""maximum"", 5000]"
legacy_50k,start_2024,maximum,5700,55800.0,2024-01-02T06:34:40,2026-07-13T21:30:40,4985,124857.05,3898.95,128756.0,134682.05,49065.6,45,13,52,105,53,4200.0,5625.0,9825.0,11000.0,139756.0,0,0,0,21.0,0,30,12,3308.97,25,0,2026-06-25T23:30:00,11,32,25,7,0.125,22.65,56.64,1144.64,112.54,9.73,12.12,14,14,6,0,0,0,0,923.6222,11177.2833,12.1016,7295.16,50110.67,50415.42,4140.84,51412.34,4248.4,885.253,1417.1099,4749.2048,6.6234,0.0,794.9405,808.291,2921.0502,5.8215,0.0,0,0,1,1,1018.55,1018.55,"[""legacy_50k"", ""start_2024"", ""maximum"", 5700]"
legacy_50k,start_2024,maximum,6000,56100.0,2024-01-02T06:34:40,2026-07-13T21:30:40,4985,119337.8,2000.0,121337.8,129162.8,49568.75,45,13,52,105,53,4200.0,5625.0,9825.0,11000.0,132337.8,0,0,0,21.0,0,30,12,3313.78,25,0,2026-06-25T23:30:00,11,32,25,7,0.125,22.65,56.22,1136.89,112.12,9.73,12.12,14,14,6,0,0,0,0,923.6222,11185.034,12.11,7287.41,51964.24,52268.99,4291.03,53265.08,4398.45,886.5169,1464.8317,4807.0781,6.3168,0.0,796.2044,829.6274,2958.0835,5.4813,0.0,0,0,1,1,1018.55,1018.55,"[""legacy_50k"", ""start_2024"", ""maximum"", 6000]"
legacy_50k,start_2024,maximum,6100,56200.0,2024-01-02T06:34:40,2026-07-13T21:30:40,4985,117937.8,2000.0,119937.8,127762.8,49568.75,45,13,52,105,53,4200.0,5625.0,9825.0,11000.0,130937.8,0,0,0,21.0,0,30,12,3323.89,25,0,2026-06-25T23:30:00,13,32,25,7,0.125,22.65,55.31,1126.64,111.2,9.73,12.14,14,14,6,0,0,0,0,923.6222,11195.2875,12.1211,7277.16,52629.81,52934.56,4342.01,53929.53,4449.24,886.5905,1483.3318,4841.2388,6.2983,0.0,796.278,836.8079,2994.8533,5.4608,0.0,0,0,1,1,1018.55,1018.55,"[""legacy_50k"", ""start_2024"", ""maximum"", 6100]"
legacy_50k,start_2024,maximum,6200,56300.0,2024-01-02T06:34:40,2026-07-13T21:30:40,4985,116715.2,2000.0,118715.2,126540.2,49568.75,45,13,52,105,53,4200.0,5625.0,9825.0,11000.0,129715.2,0,0,0,21.0,0,30,12,3324.31,25,0,2026-06-25T23:30:00,13,32,25,7,0.125,22.65,55.31,1126.22,111.2,9.73,12.14,14,14,6,0,0,0,0,923.6222,11195.7062,12.1215,7276.74,53108.84,53413.59,4381.37,54408.52,4488.59,886.5905,1496.5089,4863.2021,6.0871,0.0,796.278,841.936,3017.8715,5.2256,0.0,0,0,1,1,1018.55,1018.55,"[""legacy_50k"", ""start_2024"", ""maximum"", 6200]"
legacy_50k,start_2024,maximum,6300,56400.0,2024-01-02T06:34:40,2026-07-13T21:30:40,4985,115315.2,2000.0,117315.2,125140.2,49568.75,45,13,52,105,53,4200.0,5625.0,9825.0,11000.0,128315.2,0,0,0,21.0,0,30,12,3325.92,25,0,2026-06-25T23:30:00,13,32,25,7,0.125,22.65,55.16,1124.31,111.06,9.73,12.14,14,14,6,0,0,0,0,923.6222,11197.6111,12.1236,7274.83,53753.21,54057.97,4433.77,55052.69,4540.96,886.737,1517.8266,4916.3156,6.2544,0.0,796.4245,857.203,3075.9115,5.4121,0.0,0,0,1,1,1018.55,1018.55,"[""legacy_50k"", ""start_2024"", ""maximum"", 6300]"
legacy_50k,start_2024,maximum,6400,56500.0,2024-01-02T06:34:40,2026-07-13T21:30:40,4985,113545.2,2000.0,115545.2,123740.2,46424.4,47,12,55,108,53,4320.0,5875.0,10195.0,11000.0,126545.2,0,0,0,21.0,0,33,12,3326.77,28,0,2026-06-29T20:30:00,13,35,27,8,0.1143,22.65,76.16,1159.22,111.06,9.73,12.1,14,14,6,0,0,0,0,923.6222,11162.7012,12.0858,7309.74,54055.63,54370.13,4472.66,55397.58,4583.7,886.737,1551.7778,4981.6658,6.2281,0.0,796.4245,877.9732,3109.1812,5.3565,0.0,0,0,1,1,1018.55,1018.55,"[""legacy_50k"", ""start_2024"", ""maximum"", 6400]"
legacy_50k,start_2024,maximum,6500,56600.0,2024-01-02T06:34:40,2026-07-13T21:30:40,4985,111775.2,2000.0,113775.2,122340.2,43658.85,49,11,58,111,53,4440.0,6125.0,10565.0,11000.0,124775.2,0,0,0,21.0,0,36,12,3347.23,31,0,2026-06-29T20:30:00,13,38,29,9,0.1053,25.18,88.31,1164.81,38.01,9.73,12.1,14,14,6,0,0,0,0,923.6222,11157.1148,12.0797,7315.33,54521.71,54845.03,4513.48,55915.52,4628.87,888.5905,1579.0737,4995.9995,6.243,0.0,798.278,889.2441,3128.0516,5.3751,0.0,0,0,1,1,1018.55,1018.55,"[""legacy_50k"", ""start_2024"", ""maximum"", 6500]"
legacy_50k,start_2024,maximum,6600,56700.0,2024-01-02T06:34:40,2026-07-13T21:30:40,4985,110007.15,2000.0,112007.15,120532.15,44962.8,49,11,58,110,52,4400.0,6125.0,10525.0,11000.0,123007.15,0,0,0,21.0,0,36,12,3352.02,31,0,2026-06-29T20:30:00,13,38,29,9,0.1053,22.65,87.15,1143.72,38.01,9.73,12.12,14,14,6,0,0,0,0,923.6222,11178.2072,12.1026,7294.24,55283.42,55606.34,4567.91,56699.39,4684.9,889.7419,1595.8396,5008.0749,6.1827,0.0,799.4294,900.2273,3146.1088,5.3191,0.0,0,0,1,1,1018.55,1018.55,"[""legacy_50k"", ""start_2024"", ""maximum"", 6600]"
legacy_50k,start_2024,maximum,6700,56800.0,2024-01-02T06:34:40,2026-07-13T21:30:40,4985,108614.05,2000.0,110614.05,119139.05,44327.2,49,11,58,110,52,4400.0,6125.0,10525.0,11000.0,121614.05,0,0,0,21.0,0,36,12,3391.9,31,14,2026-06-29T20:30:00,14,38,29,9,0.1053,35.65,84.75,1152.03,38.01,9.73,12.12,18,18,7,0,0,0,0,923.6222,11169.8958,12.0936,7302.55,55797.49,56108.88,4613.81,57130.99,4724.08,892.1463,1613.6626,5036.7334,5.9475,0.0,801.8338,905.9227,3182.1523,5.0599,0.0,0,0,15,2,101.4,1018.55,"[""legacy_50k"", ""start_2024"", ""maximum"", 6700]"
legacy_50k,start_2024,maximum,6800,56900.0,2024-01-02T06:34:40,2026-07-13T21:30:40,4985,118023.05,68430.04,186453.09,125318.05,94812.5,35,18,37,73,36,2920.0,4375.0,7295.0,11000.0,197453.09,0,0,0,21.0,0,15,0,4859.44,10,0,2026-06-18T09:41:40,3,17,15,2,0.2353,7.69,82.1,434.52,38.01,9.73,12.88,5,5,4,0,0,0,0,923.6222,11887.4083,12.8704,6585.04,61216.91,61498.27,4756.4,62055.79,4821.58,893.8963,1581.1381,4995.7895,5.732,0.0,839.5213,875.8923,3086.7163,4.7515,0.0,0,0,15,2,201.4,1018.55,"[""legacy_50k"", ""start_2024"", ""maximum"", 6800]"
legacy_50k,start_2024,maximum,6900,57000.0,2024-01-02T06:34:40,2026-07-13T21:30:40,4985,116523.05,69530.04,186053.09,123818.05,96312.5,35,18,37,73,36,2920.0,4375.0,7295.0,11000.0,197053.09,0,0,0,21.0,0,15,0,4859.44,10,0,2026-06-18T09:41:40,3,17,15,2,0.2353,7.69,82.1,434.52,38.01,9.73,12.88,5,5,4,0,0,0,0,923.6222,11887.4083,12.8704,6585.04,61960.97,62242.33,4814.21,62799.85,4879.39,893.8963,1601.6363,5011.6034,5.7633,0.0,839.5213,890.1634,3099.4601,4.7848,0.0,0,0,15,2,301.4,1018.55,"[""legacy_50k"", ""start_2024"", ""maximum"", 6900]"
legacy_50k,start_2024,maximum,7000,57100.0,2024-01-02T06:34:40,2026-07-13T21:30:40,4985,115023.05,70630.04,185653.09,122318.05,97812.5,35,18,37,73,36,2920.0,4375.0,7295.0,11000.0,196653.09,0,0,0,21.0,0,15,0,4859.44,10,0,2026-06-18T09:41:40,3,17,15,2,0.2353,7.69,82.1,434.52,38.01,9.73,12.88,5,5,4,0,0,0,0,923.6222,11887.4083,12.8704,6585.04,62723.79,63005.14,4873.48,63562.66,4938.66,893.8963,1623.6795,5052.7604,5.8136,0.0,839.5213,906.4462,3139.1884,4.8384,0.0,0,0,15,2,401.4,1018.55,"[""legacy_50k"", ""start_2024"", ""maximum"", 7000]"
legacy_50k,start_2024,maximum,7100,57200.0,2024-01-02T06:34:40,2026-07-13T21:30:40,4985,113523.05,71730.04,185253.09,120818.05,99312.5,35,18,37,73,36,2920.0,4375.0,7295.0,11000.0,196253.09,0,0,0,21.0,0,15,0,4859.44,10,0,2026-06-18T09:41:40,3,17,15,2,0.2353,7.69,82.1,434.52,38.01,9.73,12.88,5,5,4,0,0,0,0,923.6222,11887.4083,12.8704,6585.04,63484.05,63765.4,4932.55,64322.92,4997.73,893.8963,1644.9567,5080.8935,5.7834,0.0,839.5213,922.4282,3165.0492,4.8063,0.0,0,0,15,2,501.4,1018.55,"[""legacy_50k"", ""start_2024"", ""maximum"", 7100]"
legacy_50k,start_2024,maximum,7200,57300.0,2024-01-02T06:34:40,2026-07-13T21:30:40,4985,112023.05,72830.04,184853.09,119318.05,100812.5,35,18,37,73,36,2920.0,4375.0,7295.0,11000.0,195853.09,0,0,0,21.0,0,15,0,4859.44,10,0,2026-06-18T09:41:40,3,17,15,2,0.2353,7.69,82.1,434.52,38.01,9.73,12.88,5,5,4,0,0,0,0,923.6222,11887.4083,12.8704,6585.04,64266.4,64547.76,4993.34,65105.27,5058.52,893.8963,1669.473,5110.5113,5.8561,0.0,839.5213,942.6181,3192.4909,4.8837,0.0,0,0,15,2,601.4,1018.55,"[""legacy_50k"", ""start_2024"", ""maximum"", 7200]"
legacy_50k,start_2024,maximum,7300,57400.0,2024-01-02T06:34:40,2026-07-13T21:30:40,4985,110523.05,73930.04,184453.09,117818.05,102312.5,35,18,37,73,36,2920.0,4375.0,7295.0,11000.0,195453.09,0,0,0,21.0,0,15,0,4859.44,10,0,2026-06-18T09:41:40,3,17,15,2,0.2353,7.69,82.1,434.52,38.01,9.73,12.88,5,5,4,0,0,0,0,923.6222,11887.4083,12.8704,6585.04,65067.01,65348.36,5055.55,65905.88,5120.72,893.8963,1694.7483,5154.1853,6.0911,0.0,839.5213,964.0073,3234.8992,5.1338,0.0,0,0,15,2,701.4,1018.55,"[""legacy_50k"", ""start_2024"", ""maximum"", 7300]"
legacy_50k,start_2024,maximum,7400,57500.0,2024-01-02T06:34:40,2026-07-13T21:30:40,4985,109023.05,75030.04,184053.09,116318.05,103812.5,35,18,37,73,36,2920.0,4375.0,7295.0,11000.0,195053.09,0,0,0,21.0,0,15,0,4859.44,10,0,2026-06-18T09:41:40,3,17,15,2,0.2353,7.69,82.1,434.52,38.01,9.73,12.88,5,5,4,0,0,0,0,923.6222,11887.4083,12.8704,6585.04,65847.23,66128.59,5116.17,66686.1,5181.35,893.8963,1718.9646,5183.6964,5.9501,0.0,839.5213,984.6728,3262.2273,4.9837,0.0,0,0,15,2,801.4,1018.55,"[""legacy_50k"", ""start_2024"", ""maximum"", 7400]"
legacy_50k,start_2024,maximum,7500,57600.0,2024-01-02T06:34:40,2026-07-13T21:30:40,4985,107523.05,76130.04,183653.09,114818.05,105312.5,35,18,37,73,36,2920.0,4375.0,7295.0,11000.0,194653.09,0,0,0,21.0,0,15,0,4859.44,10,0,2026-06-18T09:41:40,3,17,15,2,0.2353,7.69,82.1,434.52,38.01,9.73,12.88,5,5,4,0,0,0,0,923.6222,11887.4083,12.8704,6585.04,66627.68,66909.03,5176.81,67466.55,5241.98,893.8963,1743.5263,5203.4195,5.7969,0.0,839.5213,1005.9619,3279.1334,4.8206,0.0,0,0,15,2,901.4,1018.55,"[""legacy_50k"", ""start_2024"", ""maximum"", 7500]"
legacy_50k,start_2024,maximum,8000,58100.0,2024-01-02T06:34:40,2026-07-13T21:30:40,4985,100023.05,81630.04,181653.09,107318.05,112812.5,35,18,37,73,36,2920.0,4375.0,7295.0,11000.0,192653.09,0,0,0,21.0,0,15,0,4859.44,10,0,2026-06-18T09:41:40,3,17,15,2,0.2353,7.69,82.1,434.52,38.01,9.73,12.88,5,5,4,0,0,0,0,923.6222,11887.4083,12.8704,6585.04,70318.15,70599.5,5463.55,71157.02,5528.72,893.8963,1867.669,5515.4862,5.9423,0.0,839.5213,1127.4708,3606.6157,4.9754,0.0,0,0,15,2,1018.55,1401.4,"[""legacy_50k"", ""start_2024"", ""maximum"", 8000]"
legacy_50k,start_2024,maximum,9000,59100.0,2024-01-02T06:34:40,2026-07-13T21:30:40,4985,86309.95,79242.76,165552.71,93604.95,126525.6,35,18,37,73,36,2920.0,4375.0,7295.0,11000.0,176552.71,0,0,0,21.0,0,15,0,4859.44,10,0,2026-06-18T09:41:40,3,17,15,2,0.2353,7.69,82.1,434.52,38.01,9.73,12.88,5,5,4,0,0,0,0,923.6222,11887.4083,12.8704,6585.04,77838.19,78119.55,6047.83,78677.06,6113.01,893.8963,2149.6587,6336.8131,6.8114,0.0,839.5213,1421.7039,4481.1392,5.9008,0.0,0,0,15,3,1018.55,2401.4,"[""legacy_50k"", ""start_2024"", ""maximum"", 9000]"
legacy_50k,start_2024,maximum,10000,60100.0,2024-01-02T06:34:40,2026-07-13T21:30:40,4985,72266.8,81549.12,153815.92,79561.8,140568.75,35,18,37,73,36,2920.0,4375.0,7295.0,11000.0,164815.92,0,0,0,21.0,0,15,0,4859.44,10,0,2026-06-18T09:41:40,3,17,15,2,0.2353,7.69,82.1,434.52,38.01,9.73,12.88,5,5,4,0,0,0,0,923.6222,11887.4083,12.8704,6585.04,84343.27,84624.62,6553.26,85182.14,6618.44,893.8963,2405.0955,6993.8841,6.8728,0.0,839.5213,1696.1367,5180.7681,5.9662,0.0,0,0,15,4,1018.55,3401.4,"[""legacy_50k"", ""start_2024"", ""maximum"", 10000]"
legacy_50k,two_years_2020,minimum,0,50100.0,2020-07-01T04:45:40,2022-06-30T21:43:40,3858,23680.0,0,23680.0,35500.0,-2301.2,52,2,71,133,56,5320.0,6500.0,11820.0,9600.0,33280.0,0,0,0,21.5,0,35,0,0,,0,2022-06-14T23:30:00,12,50,32,18,0.0,35.49,46.26,1718.37,51.32,79.8,8.86,20,20,13,0,0,0,0,729.7069,6454.7394,8.8457,8139.4,7185.47,8430.48,812.32,16267.1,1838.99,647.3354,413.6756,1384.5446,5.4444,0.0431,197.1678,340.4787,1070.9647,5.408,0.0,2,1,,,,,"[""legacy_50k"", ""two_years_2020"", ""minimum"", 0]"
legacy_50k,two_years_2020,minimum,1000,51100.0,2020-07-01T04:45:40,2022-06-30T21:43:40,3858,23680.0,0,23680.0,35500.0,-2301.2,52,2,71,133,56,5320.0,6500.0,11820.0,9600.0,33280.0,0,0,0,21.5,0,35,0,0,,0,2022-06-14T23:30:00,12,50,32,18,0.0,35.49,46.26,1718.37,51.32,79.8,8.86,20,20,13,0,0,0,0,729.7069,6454.7394,8.8457,8139.4,7185.47,8430.48,812.32,16267.1,1838.99,647.3354,413.6756,1384.5446,5.4444,0.0431,197.1678,340.4787,1070.9647,5.408,0.0,2,1,,,,,"[""legacy_50k"", ""two_years_2020"", ""minimum"", 1000]"
legacy_50k,two_years_2020,minimum,2000,52100.0,2020-07-01T04:45:40,2022-06-30T21:43:40,3858,23680.0,0,23680.0,35500.0,-2301.2,52,2,71,133,56,5320.0,6500.0,11820.0,9600.0,33280.0,0,0,0,21.5,0,35,0,0,,0,2022-06-14T23:30:00,12,50,32,18,0.0,35.49,46.26,1718.37,51.32,79.8,8.86,20,20,13,0,0,0,0,729.7069,6454.7394,8.8457,8139.4,7185.47,8430.48,812.32,16267.1,1838.99,647.3354,413.6756,1384.5446,5.4444,0.0431,197.1678,340.4787,1070.9647,5.408,0.0,2,1,,,,,"[""legacy_50k"", ""two_years_2020"", ""minimum"", 2000]"
legacy_50k,two_years_2020,minimum,3000,53100.0,2020-07-01T04:45:40,2022-06-30T21:43:40,3858,50155.0,0,50155.0,58500.0,-1150.6,37,1,54,93,33,3720.0,4625.0,8345.0,9600.0,59755.0,0,0,0,21.5,0,21,0,0,,0,2022-06-30T12:11:40,12,36,17,19,0.0,35.49,125.02,737.92,16.21,72.8,10.29,16,16,12,0,0,0,0,729.7069,7490.1829,10.2646,7103.96,15900.74,17083.93,1549.08,23795.84,2318.23,654.0155,432.1724,1669.7588,6.2182,0.0291,237.3125,334.3882,1420.8128,7.6107,0.0,1,1,,,,,"[""legacy_50k"", ""two_years_2020"", ""minimum"", 3000]"
legacy_50k,two_years_2020,minimum,3100,53200.0,2020-07-01T04:45:40,2022-06-30T21:43:40,3858,50155.0,0,50155.0,58500.0,-1150.6,37,1,54,93,33,3720.0,4625.0,8345.0,9600.0,59755.0,0,0,0,21.5,0,21,0,0,,0,2022-06-30T12:11:40,12,36,17,19,0.0,35.49,125.02,737.92,16.21,72.8,10.29,16,16,12,0,0,0,0,729.7069,7490.1829,10.2646,7103.96,16085.75,17268.94,1567.1,23980.84,2336.26,654.0155,435.7972,1685.9857,6.2182,0.0291,237.3125,342.5746,1454.541,7.6107,0.0,1,1,,,,,"[""legacy_50k"", ""two_years_2020"", ""minimum"", 3100]"
legacy_50k,two_years_2020,minimum,3200,53300.0,2020-07-01T04:45:40,2022-06-30T21:43:40,3858,44635.0,0,44635.0,52500.0,-1150.6,37,1,42,81,33,3240.0,4625.0,7865.0,9600.0,54235.0,0,0,0,21.5,0,21,0,0,,0,2022-06-30T14:40:40,12,36,17,19,0.0,35.49,125.02,577.25,16.21,72.8,10.5,15,15,12,0,0,0,0,729.7069,7650.8613,10.4848,6943.28,16579.72,17762.91,1581.3,24452.79,2332.2,654.119,439.3232,1691.5404,6.2789,0.029,237.8414,352.281,1465.8861,7.7648,0.0,1,1,,,,,"[""legacy_50k"", ""two_years_2020"", ""minimum"", 3200]"
legacy_50k,two_years_2020,minimum,3300,53400.0,2020-07-01T04:45:40,2022-06-30T21:43:40,3858,44260.0,0,44260.0,52000.0,0.0,36,0,42,81,33,3240.0,4500.0,7740.0,9600.0,53860.0,0,0,0,21.5,0,21,0,0,,0,2022-06-30T14:40:40,12,36,16,20,0.0,33.99,125.02,584.12,51.32,72.8,10.49,15,15,12,0,0,0,0,729.7069,7643.9847,10.4754,6950.15,16637.13,17817.64,1588.21,24483.19,2337.2,654.0155,434.6356,1679.5096,6.2697,0.0291,237.8414,345.1933,1466.0055,7.7734,0.0,2,1,,,,,"[""legacy_50k"", ""two_years_2020"", ""minimum"", 3300]"
legacy_50k,two_years_2020,minimum,3400,53500.0,2020-07-01T04:45:40,2022-06-30T21:43:40,3858,42800.0,0,42800.0,50500.0,535.5,36,2,41,80,33,3200.0,4500.0,7700.0,9600.0,52400.0,0,0,0,21.5,0,19,0,0,,0,2022-06-30T14:40:40,12,34,16,18,0.0,33.99,125.02,567.99,51.32,72.8,10.51,15,15,12,0,0,0,0,729.7069,7660.116,10.4975,6934.02,17005.61,18186.12,1619.96,24849.46,2367.17,654.4127,438.3793,1684.8603,6.2907,0.029,238.2387,352.8757,1478.9604,7.8285,0.0,1,1,,,,,"[""legacy_50k"", ""two_years_2020"", ""minimum"", 3400]"
legacy_50k,two_years_2020,minimum,3500,53600.0,2020-07-01T04:45:40,2022-06-30T21:43:40,3858,42800.0,0,42800.0,50500.0,535.5,36,2,41,80,33,3200.0,4500.0,7700.0,9600.0,52400.0,0,0,0,21.5,0,19,0,0,,0,2022-06-30T14:40:40,12,34,16,18,0.0,33.99,125.02,567.99,51.32,72.8,10.51,15,15,12,0,0,0,0,729.7069,7660.116,10.4975,6934.02,17206.38,18386.89,1639.09,25050.22,2386.3,654.4127,442.5857,1689.3081,6.2907,0.029,238.2387,362.545,1489.2619,7.8285,0.0,1,1,,,,,"[""legacy_50k"", ""two_years_2020"", ""minimum"", 3500]"
legacy_50k,two_years_2020,minimum,3600,53700.0,2020-07-01T04:45:40,2022-06-30T21:43:40,3858,42300.0,0,42300.0,50000.0,1054.75,36,3,41,80,33,3200.0,4500.0,7700.0,9600.0,51900.0,0,0,0,21.5,0,18,0,0,,0,2022-06-30T14:40:40,11,33,16,17,0.0,33.99,125.02,567.59,51.32,72.8,10.51,15,15,12,0,0,0,0,729.7069,7660.5132,10.4981,6933.63,17372.87,18553.37,1654.86,25216.66,2402.03,654.4127,447.3647,1718.3351,6.2913,0.029,238.2387,376.7523,1568.9956,7.8302,0.0,1,1,,,,,"[""legacy_50k"", ""two_years_2020"", ""minimum"", 3600]"
legacy_50k,two_years_2020,minimum,3700,53800.0,2020-07-01T04:45:40,2022-06-30T21:43:40,3858,36300.0,0,36300.0,44000.0,8130.1,36,15,41,80,33,3200.0,4500.0,7700.0,9600.0,45900.0,0,0,0,21.5,0,6,0,0,,0,2022-06-29T23:30:00,8,21,16,5,0.0,33.99,125.02,562.93,51.32,72.8,10.51,15,15,12,0,0,0,0,729.7069,7665.1764,10.5045,6928.96,17712.25,18892.76,1686.17,25555.41,2432.82,654.4127,453.5004,1729.0111,6.293,0.029,238.2387,391.8342,1598.3213,7.8348,0.0,1,1,,,,,"[""legacy_50k"", ""two_years_2020"", ""minimum"", 3700]"
legacy_50k,two_years_2020,minimum,3800,53900.0,2020-07-01T04:45:40,2022-06-30T21:43:40,3858,36300.0,0,36300.0,44000.0,8130.1,36,15,41,80,33,3200.0,4500.0,7700.0,9600.0,45900.0,0,0,0,21.5,0,6,0,0,,0,2022-06-29T23:30:00,8,21,16,5,0.0,33.99,125.02,562.93,51.32,72.8,10.51,15,15,12,0,0,0,0,729.7069,7665.1764,10.5045,6928.96,18074.73,19255.23,1720.67,25917.88,2467.32,654.4127,461.8499,1734.9178,6.293,0.029,238.2387,410.6016,1614.5462,7.8348,0.0,1,1,,,,,"[""legacy_50k"", ""two_years_2020"", ""minimum"", 3800]"
legacy_50k,two_years_2020,minimum,3900,54000.0,2020-07-01T04:45:40,2022-06-30T21:43:40,3858,35300.0,0,35300.0,43000.0,9130.1,36,15,41,80,33,3200.0,4500.0,7700.0,9600.0,44900.0,0,0,0,21.5,0,6,0,0,,0,2022-06-29T23:30:00,8,21,16,5,0.0,33.99,125.02,562.93,51.32,72.8,10.51,15,15,12,0,0,0,0,729.7069,7665.1764,10.5045,6928.96,18387.05,19567.56,1750.4,26230.2,2497.05,654.4127,469.4202,1746.7917,6.293,0.029,238.2387,430.7907,1647.1623,7.8348,0.0,1,1,,,,,"[""legacy_50k"", ""two_years_2020"", ""minimum"", 3900]"
legacy_50k,two_years_2020,minimum,4000,54100.0,2020-07-01T04:45:40,2022-06-30T21:43:40,3858,34800.0,0,34800.0,42500.0,9528.65,36,16,41,80,33,3200.0,4500.0,7700.0,9600.0,44400.0,0,0,0,21.5,0,5,0,0,,0,2022-06-29T19:13:40,8,20,16,4,0.0,33.99,125.02,562.0,51.32,72.8,10.51,15,15,12,0,0,0,0,729.7069,7666.1025,10.5057,6928.04,18763.88,19944.39,1786.06,26606.9,2532.61,654.4127,474.8182,1782.9059,6.2944,0.029,238.2387,441.0789,1746.3636,7.8387,0.0,1,1,,,,,"[""legacy_50k"", ""two_years_2020"", ""minimum"", 4000]"
legacy_50k,two_years_2020,minimum,4100,54200.0,2020-07-01T04:45:40,2022-06-30T21:43:40,3858,33800.0,0,33800.0,41500.0,10028.65,36,16,41,80,33,3200.0,4500.0,7700.0,9600.0,43400.0,0,0,0,21.5,0,5,0,0,,0,2022-06-29T19:13:40,8,20,16,4,0.0,33.99,125.02,560.82,51.32,72.8,10.52,15,15,12,0,0,0,0,729.7069,7667.2859,10.5073,6926.85,18940.97,20121.48,1802.64,26783.83,2549.06,654.4127,473.7646,1778.6437,6.2962,0.029,238.2387,438.2599,1734.6559,7.8436,0.0,1,1,,,,,"[""legacy_50k"", ""two_years_2020"", ""minimum"", 4100]"
legacy_50k,two_years_2020,minimum,4200,54300.0,2020-07-01T04:45:40,2022-06-30T21:43:40,3858,27800.0,0,27800.0,35500.0,16028.65,36,16,41,80,33,3200.0,4500.0,7700.0,9600.0,37400.0,0,0,0,21.5,0,5,0,0,,0,2022-06-29T19:13:40,8,20,16,4,0.0,33.99,125.02,560.82,51.32,72.8,10.52,15,15,12,0,0,0,0,729.7069,7667.2859,10.5073,6926.85,19231.4,20411.91,1830.28,27074.27,2576.7,654.4127,480.561,1791.2245,6.2962,0.029,238.2387,457.2314,1769.2139,7.8436,0.0,1,1,,,,,"[""legacy_50k"", ""two_years_2020"", ""minimum"", 4200]"
legacy_50k,two_years_2020,minimum,4300,54400.0,2020-07-01T04:45:40,2022-06-30T21:43:40,3858,27340.0,0,27340.0,35000.0,16217.5,36,17,40,79,33,3160.0,4500.0,7660.0,9600.0,36940.0,0,0,0,21.5,0,4,0,0,,0,2022-06-29T19:13:40,8,19,16,3,0.0,33.99,125.02,547.57,51.32,72.8,10.53,15,15,12,0,0,0,0,729.7069,7680.5375,10.5255,6913.6,19299.83,20480.33,1833.62,27140.87,2578.58,654.4127,478.4819,1792.963,6.3165,0.029,238.2387,451.3844,1773.9894,7.8993,0.0,1,1,,,,,"[""legacy_50k"", ""two_years_2020"", ""minimum"", 4300]"
legacy_50k,two_years_2020,minimum,4400,54500.0,2020-07-01T04:45:40,2022-06-30T21:43:40,3858,25880.0,0,25880.0,33500.0,17518.9,36,18,39,78,33,3120.0,4500.0,7620.0,9600.0,35480.0,0,0,0,21.5,0,3,0,0,,0,2022-06-15T21:04:40,8,18,16,2,0.0,33.99,125.02,546.46,51.32,72.8,10.53,15,15,12,0,0,0,0,729.7069,7681.6417,10.527,6912.5,19412.61,20593.11,1844.07,27253.5,2588.91,654.4127,475.8308,1805.6384,6.3181,0.029,238.2387,444.5467,1808.8071,7.9039,0.0,1,1,,,,,"[""legacy_50k"", ""two_years_2020"", ""minimum"", 4400]"
legacy_50k,two_years_2020,minimum,4500,54600.0,2020-07-01T04:45:40,2022-06-30T21:43:40,3858,25380.0,0,25380.0,33000.0,18018.9,36,18,39,78,33,3120.0,4500.0,7620.0,9600.0,34980.0,0,0,0,21.5,0,3,0,0,,0,2022-06-15T21:04:40,8,18,16,2,0.0,33.99,125.02,546.46,51.32,72.8,10.53,15,15,12,0,0,0,0,729.7069,7681.6417,10.527,6912.5,19479.69,20660.2,1850.45,27320.59,2595.28,654.4127,474.7265,1813.2039,6.3181,0.029,238.2387,440.8574,1829.5888,7.9039,0.0,1,1,,,,,"[""legacy_50k"", ""two_years_2020"", ""minimum"", 4500]"
legacy_50k,two_years_2020,minimum,5000,55100.0,2020-07-01T04:45:40,2022-06-30T21:43:40,3858,24880.0,0,24880.0,32500.0,18518.9,36,18,39,78,33,3120.0,4500.0,7620.0,9600.0,34480.0,0,0,0,21.5,0,3,0,0,,0,2022-06-15T21:04:40,8,18,16,2,0.0,33.99,125.02,546.46,51.32,72.8,10.53,15,15,12,0,0,0,0,729.7069,7681.6417,10.527,6912.5,19831.14,21011.65,1883.83,27672.03,2628.67,654.4127,485.547,1905.8534,6.3181,0.029,238.2387,472.4429,2084.0858,7.9039,0.0,1,1,,,,,"[""legacy_50k"", ""two_years_2020"", ""minimum"", 5000]"
legacy_50k,two_years_2020,minimum,5700,55800.0,2020-07-01T04:45:40,2022-06-30T21:43:40,3858,9880.0,0,9880.0,17500.0,33518.9,36,18,39,78,33,3120.0,4500.0,7620.0,9600.0,19480.0,0,0,0,21.5,0,3,0,0,,0,2022-06-15T21:04:40,8,18,16,2,0.0,33.99,125.02,546.46,51.32,72.8,10.53,15,15,12,0,0,0,0,729.7069,7681.6417,10.527,6912.5,21789.57,22970.08,2069.87,29630.46,2814.71,654.4127,520.4108,1955.1571,6.3181,0.029,238.2387,565.9568,2219.5168,7.9039,0.0,1,1,,,,,"[""legacy_50k"", ""two_years_2020"", ""minimum"", 5700]"
legacy_50k,two_years_2020,minimum,6000,56100.0,2020-07-01T04:45:40,2022-06-30T21:43:40,3858,8880.0,0,8880.0,16500.0,34518.9,36,18,39,78,33,3120.0,4500.0,7620.0,9600.0,18480.0,0,0,0,21.5,0,3,0,0,,0,2022-06-15T21:04:40,8,18,16,2,0.0,33.99,125.02,546.46,51.32,72.8,10.53,15,15,12,0,0,0,0,729.7069,7681.6417,10.527,6912.5,21939.5,23120.01,2084.11,29780.39,2828.95,654.4127,523.8109,1971.6059,6.3181,0.029,238.2387,575.2474,2264.6999,7.9039,0.0,1,1,,,,,"[""legacy_50k"", ""two_years_2020"", ""minimum"", 6000]"
legacy_50k,two_years_2020,minimum,6100,56200.0,2020-07-01T04:45:40,2022-06-30T21:43:40,3858,8380.0,0,8380.0,16000.0,35018.9,36,18,39,78,33,3120.0,4500.0,7620.0,9600.0,17980.0,0,0,0,21.5,0,3,0,0,,0,2022-06-15T21:04:40,8,18,16,2,0.0,33.99,125.02,546.46,51.32,72.8,10.53,15,15,12,0,0,0,0,729.7069,7681.6417,10.527,6912.5,22190.22,23370.73,2107.93,30031.12,2852.76,654.4127,531.5969,2035.5755,6.3181,0.029,238.2387,597.87,2440.4166,7.9039,0.0,1,1,,,,,"[""legacy_50k"", ""two_years_2020"", ""minimum"", 6100]"
legacy_50k,two_years_2020,minimum,6200,56300.0,2020-07-01T04:45:40,2022-06-30T21:43:40,3858,8380.0,0,8380.0,16000.0,35018.9,36,18,39,78,33,3120.0,4500.0,7620.0,9600.0,17980.0,0,0,0,21.5,0,3,0,0,,0,2022-06-15T21:04:40,8,18,16,2,0.0,33.99,125.02,546.46,51.32,72.8,10.53,15,15,12,0,0,0,0,729.7069,7681.6417,10.527,6912.5,22204.61,23385.12,2109.3,30045.5,2854.13,654.4127,531.8945,2035.5755,6.3181,0.029,238.2387,598.5843,2440.4166,7.9039,0.0,1,1,,,,,"[""legacy_50k"", ""two_years_2020"", ""minimum"", 6200]"
legacy_50k,two_years_2020,minimum,6300,56400.0,2020-07-01T04:45:40,2022-06-30T21:43:40,3858,8380.0,0,8380.0,16000.0,35018.9,36,18,39,78,33,3120.0,4500.0,7620.0,9600.0,17980.0,0,0,0,21.5,0,3,0,0,,0,2022-06-15T21:04:40,8,18,16,2,0.0,33.99,125.02,546.46,51.32,72.8,10.53,15,15,12,0,0,0,0,729.7069,7681.6417,10.527,6912.5,22236.81,23417.32,2112.36,30077.71,2857.19,654.4127,532.5433,2035.5755,6.3181,0.029,238.2387,600.262,2440.4166,7.9039,0.0,1,1,,,,,"[""legacy_50k"", ""two_years_2020"", ""minimum"", 6300]"
legacy_50k,two_years_2020,minimum,6400,56500.0,2020-07-01T04:45:40,2022-06-30T21:43:40,3858,8380.0,0,8380.0,16000.0,35018.9,36,18,39,78,33,3120.0,4500.0,7620.0,9600.0,17980.0,0,0,0,21.5,0,3,0,0,,0,2022-06-15T21:04:40,8,18,16,2,0.0,33.99,125.02,546.46,51.32,72.8,10.53,15,15,12,0,0,0,0,729.7069,7681.6417,10.527,6912.5,22236.81,23417.32,2112.36,30077.71,2857.19,654.4127,532.5433,2035.5755,6.3181,0.029,238.2387,600.262,2440.4166,7.9039,0.0,1,1,,,,,"[""legacy_50k"", ""two_years_2020"", ""minimum"", 6400]"
legacy_50k,two_years_2020,minimum,6500,56600.0,2020-07-01T04:45:40,2022-06-30T21:43:40,3858,8380.0,0,8380.0,16000.0,35018.9,36,18,39,78,33,3120.0,4500.0,7620.0,9600.0,17980.0,0,0,0,21.5,0,3,0,0,,0,2022-06-15T21:04:40,8,18,16,2,0.0,33.99,125.02,546.46,51.32,72.8,10.53,15,15,12,0,0,0,0,729.7069,7681.6417,10.527,6912.5,22236.81,23417.32,2112.36,30077.71,2857.19,654.4127,532.5433,2035.5755,6.3181,0.029,238.2387,600.262,2440.4166,7.9039,0.0,1,1,,,,,"[""legacy_50k"", ""two_years_2020"", ""minimum"", 6500]"
legacy_50k,two_years_2020,minimum,6600,56700.0,2020-07-01T04:45:40,2022-06-30T21:43:40,3858,7880.0,919.25,8799.25,15500.0,35518.9,36,18,39,78,33,3120.0,4500.0,7620.0,9600.0,18399.25,0,0,0,21.5,0,3,0,0,,0,2022-06-15T21:04:40,8,18,16,2,0.0,33.99,125.02,546.46,51.32,72.8,10.53,15,15,12,0,0,0,0,729.7069,7681.6417,10.527,6912.5,22286.77,23467.28,2117.1,30127.66,2861.94,654.4127,536.1834,2091.2784,6.3181,0.029,238.2387,610.4075,2593.4256,7.9039,0.0,1,1,,,,,"[""legacy_50k"", ""two_years_2020"", ""minimum"", 6600]"
legacy_50k,two_years_2020,minimum,6700,56800.0,2020-07-01T04:45:40,2022-06-30T21:43:40,3858,1880.0,919.25,2799.25,9500.0,41518.9,36,18,39,78,33,3120.0,4500.0,7620.0,9600.0,12399.25,0,0,0,21.5,0,3,0,0,,0,2022-06-15T21:04:40,8,18,16,2,0.0,33.99,125.02,546.46,51.32,72.8,10.53,15,15,12,0,0,0,0,729.7069,7681.6417,10.527,6912.5,22836.21,24016.72,2169.29,30677.11,2914.13,654.4127,547.0062,2091.2784,6.3181,0.029,238.2387,640.1244,2593.4256,7.9039,0.0,1,1,,,,,"[""legacy_50k"", ""two_years_2020"", ""minimum"", 6700]"
legacy_50k,two_years_2020,minimum,6800,56900.0,2020-07-01T04:45:40,2022-06-30T21:43:40,3858,1380.0,1452.7,2832.7,9000.0,42018.9,36,18,39,78,33,3120.0,4500.0,7620.0,9600.0,12432.7,0,0,0,21.5,0,3,0,0,,0,2022-06-15T21:04:40,8,18,16,2,0.0,33.99,125.02,546.46,51.32,72.8,10.53,15,15,12,0,0,0,0,729.7069,7681.6417,10.527,6912.5,22886.17,24066.67,2174.04,30727.06,2918.87,654.4127,547.8477,2095.8627,6.3181,0.029,238.2387,642.5841,2606.018,7.9039,0.0,1,1,,,,,"[""legacy_50k"", ""two_years_2020"", ""minimum"", 6800]"
legacy_50k,two_years_2020,minimum,6900,57000.0,2020-07-01T04:45:40,2022-06-30T21:43:40,3858,380.0,2788.2,3168.2,8000.0,43018.9,36,18,39,78,33,3120.0,4500.0,7620.0,9600.0,12768.2,0,0,0,21.5,0,3,0,0,,0,2022-06-15T21:04:40,8,18,16,2,0.0,33.99,125.02,546.46,51.32,72.8,10.53,15,15,12,0,0,0,0,729.7069,7681.6417,10.527,6912.5,23018.97,24199.47,2186.65,30859.86,2931.49,654.4127,550.7391,2095.8627,6.3181,0.029,238.2387,650.4289,2606.018,7.9039,0.0,1,1,,,,,"[""legacy_50k"", ""two_years_2020"", ""minimum"", 6900]"
legacy_50k,two_years_2020,minimum,7000,57100.0,2020-07-01T04:45:40,2022-06-30T21:43:40,3858,380.0,2788.2,3168.2,8000.0,43018.9,36,18,39,78,33,3120.0,4500.0,7620.0,9600.0,12768.2,0,0,0,21.5,0,3,0,0,,0,2022-06-15T21:04:40,8,18,16,2,0.0,33.99,125.02,546.46,51.32,72.8,10.53,15,15,12,0,0,0,0,729.7069,7681.6417,10.527,6912.5,23018.97,24199.47,2186.65,30859.86,2931.49,654.4127,550.7391,2095.8627,6.3181,0.029,238.2387,650.4289,2606.018,7.9039,0.0,1,1,,,,,"[""legacy_50k"", ""two_years_2020"", ""minimum"", 7000]"
legacy_50k,two_years_2020,minimum,7100,57200.0,2020-07-01T04:45:40,2022-06-30T21:43:40,3858,380.0,2788.2,3168.2,8000.0,43018.9,36,18,39,78,33,3120.0,4500.0,7620.0,9600.0,12768.2,0,0,0,21.5,0,3,0,0,,0,2022-06-15T21:04:40,8,18,16,2,0.0,33.99,125.02,546.46,51.32,72.8,10.53,15,15,12,0,0,0,0,729.7069,7681.6417,10.527,6912.5,23040.21,24220.72,2188.67,30881.1,2933.51,654.4127,551.6245,2111.9076,6.3181,0.029,238.2387,653.1602,2650.0915,7.9039,0.0,1,1,,,,,"[""legacy_50k"", ""two_years_2020"", ""minimum"", 7100]"
legacy_50k,two_years_2020,minimum,7200,57300.0,2020-07-01T04:45:40,2022-06-30T21:43:40,3858,380.0,2788.2,3168.2,8000.0,43018.9,36,18,39,78,33,3120.0,4500.0,7620.0,9600.0,12768.2,0,0,0,21.5,0,3,0,0,,0,2022-06-15T21:04:40,8,18,16,2,0.0,33.99,125.02,546.46,51.32,72.8,10.53,15,15,12,0,0,0,0,729.7069,7681.6417,10.527,6912.5,23048.43,24228.94,2189.45,30889.33,2934.29,654.4127,551.8358,2111.9076,6.3181,0.029,238.2387,653.7223,2650.0915,7.9039,0.0,1,1,,,,,"[""legacy_50k"", ""two_years_2020"", ""minimum"", 7200]"
legacy_50k,two_years_2020,minimum,7300,57400.0,2020-07-01T04:45:40,2022-06-30T21:43:40,3858,380.0,2788.2,3168.2,8000.0,43018.9,36,18,39,78,33,3120.0,4500.0,7620.0,9600.0,12768.2,0,0,0,21.5,0,3,0,0,,0,2022-06-15T21:04:40,8,18,16,2,0.0,33.99,125.02,546.46,51.32,72.8,10.53,15,15,12,0,0,0,0,729.7069,7681.6417,10.527,6912.5,23057.34,24237.85,2190.3,30898.23,2935.14,654.4127,552.0641,2111.9076,6.3181,0.029,238.2387,654.3301,2650.0915,7.9039,0.0,1,1,,,,,"[""legacy_50k"", ""two_years_2020"", ""minimum"", 7300]"
legacy_50k,two_years_2020,minimum,7400,57500.0,2020-07-01T04:45:40,2022-06-30T21:43:40,3858,380.0,2788.2,3168.2,8000.0,43018.9,36,18,39,78,33,3120.0,4500.0,7620.0,9600.0,12768.2,0,0,0,21.5,0,3,0,0,,0,2022-06-15T21:04:40,8,18,16,2,0.0,33.99,125.02,546.46,51.32,72.8,10.53,15,15,12,0,0,0,0,729.7069,7681.6417,10.527,6912.5,23058.02,24238.53,2190.37,30898.92,2935.2,654.4127,552.0806,2111.9076,6.3181,0.029,238.2387,654.3718,2650.0915,7.9039,0.0,1,1,,,,,"[""legacy_50k"", ""two_years_2020"", ""minimum"", 7400]"
legacy_50k,two_years_2020,minimum,7500,57600.0,2020-07-01T04:45:40,2022-06-30T21:43:40,3858,380.0,2788.2,3168.2,8000.0,43018.9,36,18,39,78,33,3120.0,4500.0,7620.0,9600.0,12768.2,0,0,0,21.5,0,3,0,0,,0,2022-06-15T21:04:40,8,18,16,2,0.0,33.99,125.02,546.46,51.32,72.8,10.53,15,15,12,0,0,0,0,729.7069,7681.6417,10.527,6912.5,23097.77,24278.27,2194.14,30938.66,2938.98,654.4127,553.1124,2111.9076,6.3181,0.029,238.2387,657.2002,2650.0915,7.9039,0.0,1,1,,,,,"[""legacy_50k"", ""two_years_2020"", ""minimum"", 7500]"
legacy_50k,two_years_2020,minimum,8000,58100.0,2020-07-01T04:45:40,2022-06-30T21:43:40,3858,-6120.0,14630.1,8510.1,1500.0,49518.9,36,18,39,78,33,3120.0,4500.0,7620.0,9600.0,18110.1,0,0,0,21.5,0,3,0,0,,0,2022-06-15T21:04:40,8,18,16,2,0.0,33.99,125.02,546.46,51.32,72.8,10.53,15,15,12,0,0,0,0,729.7069,7681.6417,10.527,6912.5,23698.53,24879.04,2251.21,31539.43,2996.04,654.4127,569.7879,2166.8464,6.3181,0.029,238.2387,703.1255,2801.0018,7.9039,0.0,1,1,,,,,"[""legacy_50k"", ""two_years_2020"", ""minimum"", 8000]"
legacy_50k,two_years_2020,minimum,9000,59100.0,2020-07-01T04:45:40,2022-06-30T21:43:40,3858,-7620.0,16130.1,8510.1,0.0,51018.9,36,18,39,78,33,3120.0,4500.0,7620.0,9600.0,18110.1,0,0,0,21.5,0,3,0,0,,0,2022-06-15T21:04:40,8,18,16,2,0.0,33.99,125.02,546.46,51.32,72.8,10.53,15,15,12,0,0,0,0,729.7069,7681.6417,10.527,6912.5,23838.81,25019.31,2264.53,31679.7,3009.37,654.4127,574.774,2222.5493,6.3181,0.029,238.2387,716.8598,2954.0108,7.9039,0.0,1,1,,,,,"[""legacy_50k"", ""two_years_2020"", ""minimum"", 9000]"
legacy_50k,two_years_2020,minimum,10000,60100.0,2020-07-01T04:45:40,2022-06-30T21:43:40,3858,-7620.0,16130.1,8510.1,0.0,51018.9,36,18,39,78,33,3120.0,4500.0,7620.0,9600.0,18110.1,0,0,0,21.5,0,3,0,0,,0,2022-06-15T21:04:40,8,18,16,2,0.0,33.99,125.02,546.46,51.32,72.8,10.53,15,15,12,0,0,0,0,729.7069,7681.6417,10.527,6912.5,23838.81,25019.31,2264.53,31679.7,3009.37,654.4127,574.774,2222.5493,6.3181,0.029,238.2387,716.8598,2954.0108,7.9039,0.0,1,1,,,,,"[""legacy_50k"", ""two_years_2020"", ""minimum"", 10000]"
legacy_50k,two_years_2020,maximum,0,50100.0,2020-07-01T04:45:40,2022-06-30T21:43:40,3858,39103.55,0,39103.55,51443.55,-1150.6,52,1,72,146,68,5840.0,6500.0,12340.0,9600.0,48703.55,0,0,0,21.5,0,36,0,0,,0,2022-05-12T14:48:40,12,51,33,18,0.0,35.49,49.2,2026.32,58.11,112.8,8.32,20,20,13,0,0,0,0,729.7069,6055.8794,8.2991,8538.26,5298.63,6558.14,638.46,14480.67,1744.86,603.3824,376.1334,1183.9525,4.7468,0.0315,153.5417,199.4678,534.4383,3.0249,0.0019,2,1,,,,,"[""legacy_50k"", ""two_years_2020"", ""maximum"", 0]"
legacy_50k,two_years_2020,maximum,1000,51100.0,2020-07-01T04:45:40,2022-06-30T21:43:40,3858,38713.95,0,38713.95,51178.95,-1150.6,53,1,73,146,67,5840.0,6625.0,12465.0,9600.0,48313.95,0,0,0,21.5,0,37,0,0,,0,2022-05-12T14:48:40,12,52,34,18,0.0,35.49,49.2,2015.94,57.93,112.8,8.33,20,20,13,0,0,0,0,729.7069,6066.2593,8.3133,8527.88,5296.28,6561.88,637.09,14498.46,1744.01,605.1245,376.3292,1184.3741,4.7532,0.0314,153.5417,200.7342,547.4265,3.0494,0.0019,2,1,,,,,"[""legacy_50k"", ""two_years_2020"", ""maximum"", 1000]"
legacy_50k,two_years_2020,maximum,2000,52100.0,2020-07-01T04:45:40,2022-06-30T21:43:40,3858,36862.45,0,36862.45,49162.45,-1150.6,52,1,72,145,67,5800.0,6500.0,12300.0,9600.0,46462.45,0,0,0,21.5,0,36,0,0,,0,2022-05-12T14:48:40,12,51,33,18,0.0,35.49,49.02,2020.31,57.93,112.8,8.32,20,20,13,0,0,0,0,729.7069,6061.8949,8.3073,8532.24,5404.27,6663.78,650.54,14585.49,1755.74,603.3824,371.5832,1165.6089,4.6782,0.0315,153.5417,167.5669,400.3202,2.7554,0.0019,2,1,,,,,"[""legacy_50k"", ""two_years_2020"", ""maximum"", 2000]"
legacy_50k,two_years_2020,maximum,3000,53100.0,2020-07-01T04:45:40,2022-06-30T21:43:40,3858,74316.0,0,74316.0,84126.0,-2301.2,42,2,61,114,47,4560.0,5250.0,9810.0,9600.0,83916.0,0,0,0,21.5,0,25,0,0,,0,2022-06-14T16:40:40,10,40,22,18,0.0,25.57,40.66,1350.5,49.56,79.8,9.45,20,20,12,0,0,0,0,729.7069,6877.6035,9.4252,7716.54,11758.91,13013.6,1247.61,19982.12,2120.08,631.797,421.8927,1534.6447,5.1326,0.0442,189.0227,306.214,996.357,4.9317,0.0,2,1,,,,,"[""legacy_50k"", ""two_years_2020"", ""maximum"", 3000]"
legacy_50k,two_years_2020,maximum,3100,53200.0,2020-07-01T04:45:40,2022-06-30T21:43:40,3858,71605.45,0,71605.45,81455.45,-2301.2,42,2,61,115,48,4600.0,5250.0,9850.0,9600.0,81205.45,0,0,0,21.5,0,25,0,0,,0,2022-06-14T16:40:40,13,40,22,18,0.0,25.57,40.65,1382.72,49.29,94.8,9.4,20,20,12,0,0,0,0,729.7069,6845.3854,9.381,7748.75,11998.28,13252.97,1279.0,20225.9,2156.05,631.797,399.6659,1478.4977,5.1149,0.049,189.0227,297.2053,994.8012,4.9658,0.0004,3,2,,,,,"[""legacy_50k"", ""two_years_2020"", ""maximum"", 3100]"
legacy_50k,two_years_2020,maximum,3200,53300.0,2020-07-01T04:45:40,2022-06-30T21:43:40,3858,68270.75,0,68270.75,78120.75,-2301.2,42,2,61,115,48,4600.0,5250.0,9850.0,9600.0,77870.75,0,0,0,21.5,0,25,0,0,,0,2022-06-14T16:40:40,15,40,22,18,0.0,25.57,40.38,1378.01,48.95,94.8,9.4,20,20,12,0,0,0,0,729.7069,6850.0993,9.3875,7744.04,12302.97,13557.66,1310.57,20529.94,2186.95,632.066,401.111,1490.2582,5.0736,0.0494,189.2917,282.978,1014.9085,4.8281,0.0018,3,2,,,,,"[""legacy_50k"", ""two_years_2020"", ""maximum"", 3200]"
legacy_50k,two_years_2020,maximum,3300,53400.0,2020-07-01T04:45:40,2022-06-30T21:43:40,3858,66645.25,0,66645.25,75230.25,-1150.6,37,1,57,99,36,3960.0,4625.0,8585.0,9600.0,76245.25,0,0,0,21.5,0,21,0,0,,0,2022-06-14T23:30:00,15,36,17,19,0.0,35.49,125.02,929.83,49.5,79.8,10.02,19,19,12,0,0,0,0,729.7069,7298.2813,10.0017,7295.86,13605.27,14788.46,1360.3,21526.66,2152.31,638.2023,402.9276,1510.2697,5.1475,0.0298,222.0282,256.2752,971.2205,4.6547,0.0,2,1,,,,,"[""legacy_50k"", ""two_years_2020"", ""maximum"", 3300]"
legacy_50k,two_years_2020,maximum,3400,53500.0,2020-07-01T04:45:40,2022-06-30T21:43:40,3858,66702.25,0,66702.25,76062.25,-2301.2,40,2,59,109,44,4360.0,5000.0,9360.0,9600.0,76302.25,0,0,0,21.5,0,23,0,0,,0,2022-06-15T07:51:40,12,38,20,18,0.0,33.99,40.31,1214.27,49.22,78.8,9.63,20,20,12,0,0,0,0,729.7069,7013.8326,9.6118,7580.31,12971.86,14191.19,1349.57,21072.53,2192.35,647.7403,426.2012,1567.5436,5.2192,0.0437,222.6609,269.449,1019.4619,4.951,0.0018,2,1,,,,,"[""legacy_50k"", ""two_years_2020"", ""maximum"", 3400]"
legacy_50k,two_years_2020,maximum,3500,53600.0,2020-07-01T04:45:40,2022-06-30T21:43:40,3858,65656.45,0,65656.45,75346.45,-2301.2,42,2,61,111,44,4440.0,5250.0,9690.0,9600.0,75256.45,0,0,0,21.5,0,25,0,0,,0,2022-06-15T21:04:40,13,40,22,18,0.0,25.27,40.04,1243.71,48.95,78.8,9.58,19,19,12,0,0,0,0,729.7069,6984.3968,9.5715,7609.74,12977.59,14232.29,1355.86,21186.16,2213.46,647.3354,433.8411,1585.8751,5.171,0.0431,222.256,267.4538,1043.3678,4.7441,0.0,2,1,,,,,"[""legacy_50k"", ""two_years_2020"", ""maximum"", 3500]"
legacy_50k,two_years_2020,maximum,3600,53700.0,2020-07-01T04:45:40,2022-06-30T21:43:40,3858,65867.3,0,65867.3,74372.3,-1150.6,37,1,56,97,35,3880.0,4625.0,8505.0,9600.0,75467.3,0,0,0,21.5,0,21,0,0,,0,2022-06-14T23:30:00,15,36,17,19,0.0,35.49,125.02,896.12,49.29,79.8,10.06,18,18,12,0,0,0,0,729.7069,7331.9891,10.0479,7262.15,13954.75,15137.93,1388.83,21871.52,2176.74,638.4866,407.6862,1528.2278,5.0415,0.0302,222.3125,262.1137,1014.4107,4.351,0.0013,2,1,,,,,"[""legacy_50k"", ""two_years_2020"", ""maximum"", 3600]"
legacy_50k,two_years_2020,maximum,3700,53800.0,2020-07-01T04:45:40,2022-06-30T21:43:40,3858,68542.65,0,68542.65,78272.65,-2301.2,42,2,61,112,45,4480.0,5250.0,9730.0,9600.0,78142.65,0,0,0,21.5,0,25,0,0,,0,2022-06-15T10:47:40,16,40,22,18,0.0,25.4,40.31,1281.18,49.22,78.8,9.54,20,20,12,0,0,0,0,729.7069,6946.9271,9.5202,7647.21,12986.57,14241.27,1364.11,21200.28,2226.88,647.1076,433.5677,1584.7768,5.1337,0.0431,222.0282,267.3166,1046.3443,4.6348,0.0,2,1,,,,,"[""legacy_50k"", ""two_years_2020"", ""maximum"", 3700]"
legacy_50k,two_years_2020,maximum,3800,53900.0,2020-07-01T04:45:40,2022-06-30T21:43:40,3858,61071.15,0,61071.15,69981.15,-2301.2,38,2,57,104,41,4160.0,4750.0,8910.0,9600.0,70671.15,0,0,0,21.5,0,21,0,0,,0,2022-06-15T21:04:40,11,36,18,18,0.0,35.49,125.02,1072.65,49.22,78.8,9.82,18,18,12,0,0,0,0,729.7069,7155.4537,9.8059,7438.69,14452.27,15638.14,1473.83,22421.19,2286.49,648.291,414.2531,1531.5428,4.9979,0.0958,223.2116,302.4763,1085.365,4.3885,0.1532,2,2,,,,,"[""legacy_50k"", ""two_years_2020"", ""maximum"", 3800]"
legacy_50k,two_years_2020,maximum,3900,54000.0,2020-07-01T04:45:40,2022-06-30T21:43:40,3858,58493.8,0,58493.8,67363.8,-2301.2,38,2,57,103,40,4120.0,4750.0,8870.0,9600.0,68093.8,0,0,0,21.5,0,21,0,0,,0,2022-06-15T21:04:40,12,36,18,18,0.0,35.49,125.02,1036.58,48.95,78.8,9.87,18,18,12,0,0,0,0,729.7069,7191.5255,9.8554,7402.61,14830.81,16016.68,1504.85,22794.8,2312.93,648.291,417.896,1544.8278,5.0153,0.0954,223.2116,308.145,1123.566,4.4389,0.152,2,2,,,,,"[""legacy_50k"", ""two_years_2020"", ""maximum"", 3900]"
legacy_50k,two_years_2020,maximum,4000,54100.0,2020-07-01T04:45:40,2022-06-30T21:43:40,3858,58882.95,0,58882.95,67227.95,-1150.6,37,1,54,93,33,3720.0,4625.0,8345.0,9600.0,68482.95,0,0,0,21.5,0,21,0,0,,0,2022-06-15T23:30:00,12,36,17,19,0.0,35.49,125.02,819.09,16.21,78.8,10.17,16,16,12,0,0,0,0,729.7069,7409.0206,10.1534,7185.12,15326.7,16509.88,1509.51,23232.91,2288.19,639.4866,433.4456,1625.3329,5.2631,0.0307,223.3125,328.8898,1292.6891,4.9885,0.0029,2,1,,,,,"[""legacy_50k"", ""two_years_2020"", ""maximum"", 4000]"
legacy_50k,two_years_2020,maximum,4100,54200.0,2020-07-01T04:45:40,2022-06-30T21:43:40,3858,56520.85,0,56520.85,64865.85,-1150.6,37,1,54,93,33,3720.0,4625.0,8345.0,9600.0,66120.85,0,0,0,21.5,0,21,0,0,,0,2022-06-16T21:48:40,13,36,17,19,0.0,35.49,125.02,808.51,16.21,77.8,10.18,16,16,12,0,0,0,0,729.7069,7419.6012,10.1679,7174.54,15630.92,16814.11,1537.28,23535.69,2314.7,640.4162,435.3034,1637.8676,5.3372,0.0313,224.2421,333.6526,1329.8661,5.2013,0.0046,2,1,,,,,"[""legacy_50k"", ""two_years_2020"", ""maximum"", 4100]"
legacy_50k,two_years_2020,maximum,4200,54300.0,2020-07-01T04:45:40,2022-06-30T21:43:40,3858,55373.55,0,55373.55,63718.55,-1150.6,37,1,54,93,33,3720.0,4625.0,8345.0,9600.0,64973.55,0,0,0,21.5,0,21,0,0,,0,2022-06-17T05:00:00,15,36,17,19,0.0,35.49,125.02,809.58,15.98,76.8,10.18,16,16,12,0,0,0,0,729.7069,7418.5229,10.1664,7175.62,15819.79,17002.97,1556.08,23724.7,2333.63,639.3856,434.8196,1652.7293,5.3476,0.0297,223.2116,327.2154,1371.0151,5.2307,0.0,2,1,,,,,"[""legacy_50k"", ""two_years_2020"", ""maximum"", 4200]"
legacy_50k,two_years_2020,maximum,4300,54400.0,2020-07-01T04:45:40,2022-06-30T21:43:40,3858,52583.05,0,52583.05,60928.05,-1150.6,37,1,54,93,33,3720.0,4625.0,8345.0,9600.0,62183.05,0,0,0,21.5,0,21,0,0,,0,2022-06-30T12:11:40,14,36,17,19,0.0,35.49,125.02,779.88,15.93,72.8,10.22,16,16,12,0,0,0,0,729.7069,7448.2271,10.2071,7145.91,16182.69,17365.87,1585.43,24083.53,2359.48,654.0155,439.1297,1669.1365,5.3826,0.0291,237.1345,332.3482,1403.9663,5.311,0.0,1,1,,,,,"[""legacy_50k"", ""two_years_2020"", ""maximum"", 4300]"
legacy_50k,two_years_2020,maximum,4400,54500.0,2020-07-01T04:45:40,2022-06-30T21:43:40,3858,50158.9,0,50158.9,58463.9,-1150.6,37,1,53,92,33,3680.0,4625.0,8305.0,9600.0,59758.9,0,0,0,21.5,0,21,0,0,,0,2022-06-30T14:40:40,15,36,17,19,0.0,35.49,125.02,763.67,15.58,72.8,10.24,15,15,12,0,0,0,0,729.7069,7464.4338,10.2294,7129.71,16487.8,17670.98,1611.81,24386.42,2383.96,654.119,442.7259,1650.3681,5.1917,0.0368,237.9449,330.7516,1335.2228,4.773,0.0576,1,1,,,,,"[""legacy_50k"", ""two_years_2020"", ""maximum"", 4400]"
legacy_50k,two_years_2020,maximum,4500,54600.0,2020-07-01T04:45:40,2022-06-30T21:43:40,3858,47806.55,0,47806.55,55946.55,482.0,36,2,52,91,33,3640.0,4500.0,8140.0,9600.0,57406.55,0,0,0,21.5,0,19,0,0,,0,2022-06-30T09:07:40,15,34,16,18,0.0,33.99,125.02,753.67,51.32,72.8,10.27,15,15,12,0,0,0,0,729.7069,7474.4396,10.2431,7119.7,16825.13,18005.64,1642.59,24694.43,2410.84,654.4127,440.3443,1646.1064,5.2,0.0298,238.2387,346.0012,1370.5921,4.8324,0.0022,1,1,,,,,"[""legacy_50k"", ""two_years_2020"", ""maximum"", 4500]"
legacy_50k,two_years_2020,maximum,5000,55100.0,2020-07-01T04:45:40,2022-06-30T21:43:40,3858,46676.9,0,46676.9,54336.9,0.0,36,0,40,79,33,3160.0,4500.0,7660.0,9600.0,56276.9,0,0,0,21.5,0,21,0,0,,0,2022-06-30T14:40:40,15,36,16,20,0.0,33.99,125.02,563.91,51.32,72.8,10.52,15,15,12,0,0,0,0,729.7069,7664.1979,10.5031,6929.94,17472.77,18653.28,1663.58,25316.05,2410.34,654.119,446.4784,1704.1523,5.236,0.0303,237.9449,364.0961,1529.8223,4.9309,0.0034,2,1,,,,,"[""legacy_50k"", ""two_years_2020"", ""maximum"", 5000]"
legacy_50k,two_years_2020,maximum,5700,55800.0,2020-07-01T04:45:40,2022-06-30T21:43:40,3858,22097.3,0,22097.3,29717.3,21301.6,36,18,39,78,33,3120.0,4500.0,7620.0,9600.0,31697.3,0,0,0,21.5,0,3,0,0,,0,2022-06-15T21:04:40,8,18,16,2,0.0,33.99,125.02,546.46,51.32,72.8,10.53,15,15,12,0,0,0,0,729.7069,7681.6417,10.527,6912.5,20451.45,21631.95,1942.76,28292.34,2687.59,654.4127,501.573,1859.4643,5.7258,0.029,238.2387,514.0377,1956.6603,6.2769,0.0,1,1,,,,,"[""legacy_50k"", ""two_years_2020"", ""maximum"", 5700]"
legacy_50k,two_years_2020,maximum,6000,56100.0,2020-07-01T04:45:40,2022-06-30T21:43:40,3858,18726.75,0,18726.75,26346.75,24672.15,36,18,39,78,33,3120.0,4500.0,7620.0,9600.0,28326.75,0,0,0,21.5,0,3,0,0,,0,2022-06-15T21:04:40,8,18,16,2,0.0,33.99,125.02,546.46,51.32,72.8,10.53,15,15,12,0,0,0,0,729.7069,7681.6417,10.527,6912.5,20920.35,22100.85,1987.3,28761.24,2732.13,654.4127,502.554,1907.5255,5.8907,0.029,238.2387,517.118,2088.6787,6.7298,0.0,1,1,,,,,"[""legacy_50k"", ""two_years_2020"", ""maximum"", 6000]"
legacy_50k,two_years_2020,maximum,6100,56200.0,2020-07-01T04:45:40,2022-06-30T21:43:40,3858,25757.6,0,25757.6,33377.6,17641.3,36,18,39,78,33,3120.0,4500.0,7620.0,9600.0,35357.6,0,0,0,21.5,0,3,0,0,,0,2022-06-15T21:04:40,8,18,16,2,0.0,33.99,125.02,546.46,51.32,72.8,10.53,15,15,12,0,0,0,0,729.7069,7681.6417,10.527,6912.5,20450.98,21631.49,1942.71,28291.88,2687.55,654.4127,500.1841,1913.7158,5.7931,0.029,238.2387,511.7393,2105.6828,6.4615,0.0,1,1,,,,,"[""legacy_50k"", ""two_years_2020"", ""maximum"", 6100]"
legacy_50k,two_years_2020,maximum,6200,56300.0,2020-07-01T04:45:40,2022-06-30T21:43:40,3858,24874.95,0,24874.95,32494.95,18523.95,36,18,39,78,33,3120.0,4500.0,7620.0,9600.0,34474.95,0,0,0,21.5,0,3,0,0,,0,2022-06-15T21:04:40,8,18,16,2,0.0,33.99,125.02,546.46,51.32,72.8,10.53,15,15,12,0,0,0,0,729.7069,7681.6417,10.527,6912.5,20574.4,21754.91,1954.44,28415.3,2699.27,654.4127,500.2908,1926.8622,5.8145,0.029,238.2387,511.7826,2141.7942,6.5203,0.0,1,1,,,,,"[""legacy_50k"", ""two_years_2020"", ""maximum"", 6200]"
legacy_50k,two_years_2020,maximum,6300,56400.0,2020-07-01T04:45:40,2022-06-30T21:43:40,3858,25100.65,0,25100.65,32720.65,18298.25,36,18,39,78,33,3120.0,4500.0,7620.0,9600.0,34700.65,0,0,0,21.5,0,3,0,0,,0,2022-06-15T21:04:40,8,18,16,2,0.0,33.99,125.02,546.46,51.32,72.8,10.53,15,15,12,0,0,0,0,729.7069,7681.6417,10.527,6912.5,20607.9,21788.41,1957.62,28448.8,2702.45,654.4127,493.5254,1863.977,5.6146,0.029,238.2387,492.8589,1969.0563,5.9712,0.0,1,1,,,,,"[""legacy_50k"", ""two_years_2020"", ""maximum"", 6300]"
legacy_50k,two_years_2020,maximum,6400,56500.0,2020-07-01T04:45:40,2022-06-30T21:43:40,3858,23500.65,0,23500.65,31120.65,19898.25,36,18,39,78,33,3120.0,4500.0,7620.0,9600.0,33100.65,0,0,0,21.5,0,3,0,0,,0,2022-06-15T21:04:40,8,18,16,2,0.0,33.99,125.02,546.46,51.32,72.8,10.53,15,15,12,0,0,0,0,729.7069,7681.6417,10.527,6912.5,20782.01,21962.52,1974.16,28622.91,2718.99,654.4127,497.1531,1878.4444,5.6146,0.029,238.2387,502.8605,2008.7964,5.9712,0.0,1,1,,,,,"[""legacy_50k"", ""two_years_2020"", ""maximum"", 6400]"
legacy_50k,two_years_2020,maximum,6500,56600.0,2020-07-01T04:45:40,2022-06-30T21:43:40,3858,21900.65,0,21900.65,29520.65,21498.25,36,18,39,78,33,3120.0,4500.0,7620.0,9600.0,31500.65,0,0,0,21.5,0,3,0,0,,0,2022-06-15T21:04:40,8,18,16,2,0.0,33.99,125.02,546.46,51.32,72.8,10.53,15,15,12,0,0,0,0,729.7069,7681.6417,10.527,6912.5,20956.12,22136.63,1990.7,28797.02,2735.53,654.4127,500.8972,1893.7108,5.6146,0.029,238.2387,513.1957,2050.7314,5.9712,0.0,1,1,,,,,"[""legacy_50k"", ""two_years_2020"", ""maximum"", 6500]"
legacy_50k,two_years_2020,maximum,6600,56700.0,2020-07-01T04:45:40,2022-06-30T21:43:40,3858,19310.15,0,19310.15,26930.15,24088.75,36,18,39,78,33,3120.0,4500.0,7620.0,9600.0,28910.15,0,0,0,21.5,0,3,0,0,,0,2022-06-15T21:04:40,8,18,16,2,0.0,33.99,125.02,546.46,51.32,72.8,10.53,15,15,12,0,0,0,0,729.7069,7681.6417,10.527,6912.5,21217.54,22398.05,2015.53,29058.44,2760.37,654.4127,512.025,2009.7444,5.7351,0.029,238.2387,543.9185,2369.4616,6.3024,0.0,1,1,,,,,"[""legacy_50k"", ""two_years_2020"", ""maximum"", 6600]"
legacy_50k,two_years_2020,maximum,6700,56800.0,2020-07-01T04:45:40,2022-06-30T21:43:40,3858,6366.6,0,6366.6,13986.6,37032.3,36,18,39,78,33,3120.0,4500.0,7620.0,9600.0,15966.6,0,0,0,21.5,0,3,0,0,,0,2022-06-15T21:04:40,8,18,16,2,0.0,33.99,125.02,546.46,51.32,72.8,10.53,15,15,12,0,0,0,0,729.7069,7681.6417,10.527,6912.5,22388.62,23569.12,2126.78,30229.51,2871.61,654.4127,541.7725,2024.0939,5.8389,0.029,238.2387,625.6729,2408.8781,6.5875,0.0,1,1,,,,,"[""legacy_50k"", ""two_years_2020"", ""maximum"", 6700]"
legacy_50k,two_years_2020,maximum,6800,56900.0,2020-07-01T04:45:40,2022-06-30T21:43:40,3858,4149.25,0,4149.25,11769.25,39249.65,36,18,39,78,33,3120.0,4500.0,7620.0,9600.0,13749.25,0,0,0,21.5,0,3,0,0,,0,2022-06-15T21:04:40,8,18,16,2,0.0,33.99,125.02,546.46,51.32,72.8,10.53,15,15,12,0,0,0,0,729.7069,7681.6417,10.527,6912.5,22612.14,23792.65,2148.01,30453.04,2892.84,654.4127,544.9819,2038.263,5.9595,0.029,238.2387,634.5941,2447.7987,6.9187,0.0,1,1,,,,,"[""legacy_50k"", ""two_years_2020"", ""maximum"", 6800]"
legacy_50k,two_years_2020,maximum,6900,57000.0,2020-07-01T04:45:40,2022-06-30T21:43:40,3858,3946.05,1082.0,5028.05,11566.05,39452.85,36,18,39,78,33,3120.0,4500.0,7620.0,9600.0,14628.05,0,0,0,21.5,0,3,0,0,,0,2022-06-15T21:04:40,8,18,16,2,0.0,33.99,125.02,546.46,51.32,72.8,10.53,15,15,12,0,0,0,0,729.7069,7681.6417,10.527,6912.5,22658.03,23838.53,2152.37,30498.92,2897.2,654.4127,541.067,2050.4701,5.8649,0.029,238.2387,623.8302,2481.3303,6.6588,0.0,1,1,,,,,"[""legacy_50k"", ""two_years_2020"", ""maximum"", 6900]"
legacy_50k,two_years_2020,maximum,7000,57100.0,2020-07-01T04:45:40,2022-06-30T21:43:40,3858,2446.05,1282.0,3728.05,10066.05,40952.85,36,18,39,78,33,3120.0,4500.0,7620.0,9600.0,13328.05,0,0,0,21.5,0,3,0,0,,0,2022-06-15T21:04:40,8,18,16,2,0.0,33.99,125.02,546.46,51.32,72.8,10.53,15,15,12,0,0,0,0,729.7069,7681.6417,10.527,6912.5,22812.0,23992.51,2166.99,30652.9,2911.83,654.4127,545.0602,2064.6669,5.8649,0.029,238.2387,634.8222,2520.3271,6.6588,0.0,1,1,,,,,"[""legacy_50k"", ""two_years_2020"", ""maximum"", 7000]"
legacy_50k,two_years_2020,maximum,7100,57200.0,2020-07-01T04:45:40,2022-06-30T21:43:40,3858,2209.7,0,2209.7,9829.7,41189.2,36,18,39,78,33,3120.0,4500.0,7620.0,9600.0,11809.7,0,0,0,21.5,0,3,0,0,,0,2022-06-15T21:04:40,8,18,16,2,0.0,33.99,125.02,546.46,51.32,72.8,10.53,15,15,12,0,0,0,0,729.7069,7681.6417,10.527,6912.5,22859.84,24040.35,2171.54,30700.74,2916.37,654.4127,547.6246,2058.9124,5.8725,0.029,238.2387,642.0897,2504.5202,6.6798,0.0,1,1,,,,,"[""legacy_50k"", ""two_years_2020"", ""maximum"", 7100]"
legacy_50k,two_years_2020,maximum,7200,57300.0,2020-07-01T04:45:40,2022-06-30T21:43:40,3858,2301.5,1135.7,3437.2,9921.5,41097.4,36,18,39,78,33,3120.0,4500.0,7620.0,9600.0,13037.2,0,0,0,21.5,0,3,0,0,,0,2022-06-15T21:04:40,8,18,16,2,0.0,33.99,125.02,546.46,51.32,72.8,10.53,15,15,12,0,0,0,0,729.7069,7681.6417,10.527,6912.5,22860.61,24041.12,2171.61,30701.51,2916.45,654.4127,547.3332,2070.0628,5.987,0.029,238.2387,641.3008,2535.1491,6.9942,0.0,1,1,,,,,"[""legacy_50k"", ""two_years_2020"", ""maximum"", 7200]"
legacy_50k,two_years_2020,maximum,7300,57400.0,2020-07-01T04:45:40,2022-06-30T21:43:40,3858,3258.55,1203.05,4461.6,10878.55,40140.35,36,18,39,78,33,3120.0,4500.0,7620.0,9600.0,14061.6,0,0,0,21.5,0,3,0,0,,0,2022-06-15T21:04:40,8,18,16,2,0.0,33.99,125.02,546.46,51.32,72.8,10.53,15,15,12,0,0,0,0,729.7069,7681.6417,10.527,6912.5,22778.88,23959.38,2163.85,30619.77,2908.68,654.4127,545.0487,2081.2498,6.1014,0.029,238.2387,635.0225,2565.8783,7.3086,0.0,1,1,,,,,"[""legacy_50k"", ""two_years_2020"", ""maximum"", 7300]"
legacy_50k,two_years_2020,maximum,7400,57500.0,2020-07-01T04:45:40,2022-06-30T21:43:40,3858,1891.2,1270.4,3161.6,9511.2,41507.7,36,18,39,78,33,3120.0,4500.0,7620.0,9600.0,12761.6,0,0,0,21.5,0,3,0,0,,0,2022-06-15T21:04:40,8,18,16,2,0.0,33.99,125.02,546.46,51.32,72.8,10.53,15,15,12,0,0,0,0,729.7069,7681.6417,10.527,6912.5,22913.62,24094.13,2176.65,30754.52,2921.48,654.4127,548.3061,2079.4821,5.9916,0.029,238.2387,643.9741,2561.0226,7.0068,0.0,1,1,,,,,"[""legacy_50k"", ""two_years_2020"", ""maximum"", 7400]"
legacy_50k,two_years_2020,maximum,7500,57600.0,2020-07-01T04:45:40,2022-06-30T21:43:40,3858,5095.85,1608.25,6704.1,12715.85,38303.05,36,18,39,78,33,3120.0,4500.0,7620.0,9600.0,16304.1,0,0,0,21.5,0,3,0,0,,0,2022-06-15T21:04:40,8,18,16,2,0.0,33.99,125.02,546.46,51.32,72.8,10.53,15,15,12,0,0,0,0,729.7069,7681.6417,10.527,6912.5,22668.42,23848.93,2153.36,30509.32,2898.19,654.4127,542.5536,2072.0321,6.0084,0.029,238.2387,628.1798,2540.5585,7.053,0.0,1,1,,,,,"[""legacy_50k"", ""two_years_2020"", ""maximum"", 7500]"
legacy_50k,two_years_2020,maximum,8000,58100.0,2020-07-01T04:45:40,2022-06-30T21:43:40,3858,-6034.1,14544.2,8510.1,1585.9,49433.0,36,18,39,78,33,3120.0,4500.0,7620.0,9600.0,18110.1,0,0,0,21.5,0,3,0,0,,0,2022-06-15T21:04:40,8,18,16,2,0.0,33.99,125.02,546.46,51.32,72.8,10.53,15,15,12,0,0,0,0,729.7069,7681.6417,10.527,6912.5,23690.28,24870.79,2250.43,31531.18,2995.26,654.4127,569.5014,2161.1201,6.2174,0.029,238.2387,702.3361,2785.2725,7.6273,0.0,1,1,,,,,"[""legacy_50k"", ""two_years_2020"", ""maximum"", 8000]"
legacy_50k,two_years_2020,maximum,9000,59100.0,2020-07-01T04:45:40,2022-06-30T21:43:40,3858,-7620.0,16130.1,8510.1,0.0,51018.9,36,18,39,78,33,3120.0,4500.0,7620.0,9600.0,18110.1,0,0,0,21.5,0,3,0,0,,0,2022-06-15T21:04:40,8,18,16,2,0.0,33.99,125.02,546.46,51.32,72.8,10.53,15,15,12,0,0,0,0,729.7069,7681.6417,10.527,6912.5,23838.81,25019.31,2264.53,31679.7,3009.37,654.4127,574.774,2222.5493,6.3181,0.029,238.2387,716.8598,2954.0108,7.9039,0.0,1,1,,,,,"[""legacy_50k"", ""two_years_2020"", ""maximum"", 9000]"
legacy_50k,two_years_2020,maximum,10000,60100.0,2020-07-01T04:45:40,2022-06-30T21:43:40,3858,-7620.0,16130.1,8510.1,0.0,51018.9,36,18,39,78,33,3120.0,4500.0,7620.0,9600.0,18110.1,0,0,0,21.5,0,3,0,0,,0,2022-06-15T21:04:40,8,18,16,2,0.0,33.99,125.02,546.46,51.32,72.8,10.53,15,15,12,0,0,0,0,729.7069,7681.6417,10.527,6912.5,23838.81,25019.31,2264.53,31679.7,3009.37,654.4127,574.774,2222.5493,6.3181,0.029,238.2387,716.8598,2954.0108,7.9039,0.0,1,1,,,,,"[""legacy_50k"", ""two_years_2020"", ""maximum"", 10000]"
legacy_50k,two_years_2022,minimum,0,50100.0,2022-07-01T05:03:40,2024-06-28T22:45:20,3845,64570.0,4600.74,69170.74,73500.0,66427.15,26,20,26,142,116,5680.0,3250.0,8930.0,9600.0,78770.74,0,0,0,16.0,0,3,1,85.91,,0,2023-10-30T07:11:20,3,6,6,0,0.0,46.9,342.05,520.16,0,50.79,6.83,18,18,18,0,0,0,0,728.7373,4977.8076,6.8307,9596.94,12459.51,12515.06,1824.04,15032.96,2200.78,647.81,429.5452,1164.7274,3.3607,0.0278,451.4178,170.2454,433.2811,2.772,0.0296,1,0,,,,,"[""legacy_50k"", ""two_years_2022"", ""minimum"", 0]"
legacy_50k,two_years_2022,minimum,1000,51100.0,2022-07-01T05:03:40,2024-06-28T22:45:20,3845,64570.0,4600.74,69170.74,73500.0,66427.15,26,20,26,142,116,5680.0,3250.0,8930.0,9600.0,78770.74,0,0,0,16.0,0,3,1,85.91,,0,2023-10-30T07:11:20,3,6,6,0,0.0,46.9,342.05,520.16,0,50.79,6.83,18,18,18,0,0,0,0,728.7373,4977.8076,6.8307,9596.94,12459.51,12515.06,1824.04,15032.96,2200.78,647.81,429.5452,1164.7274,3.3607,0.0278,451.4178,170.2454,433.2811,2.772,0.0296,1,0,,,,,"[""legacy_50k"", ""two_years_2022"", ""minimum"", 1000]"
legacy_50k,two_years_2022,minimum,2000,52100.0,2022-07-01T05:03:40,2024-06-28T22:45:20,3845,64570.0,4600.74,69170.74,73500.0,66427.15,26,20,26,142,116,5680.0,3250.0,8930.0,9600.0,78770.74,0,0,0,16.0,0,3,1,85.91,,0,2023-10-30T07:11:20,3,6,6,0,0.0,46.9,342.05,520.16,0,50.79,6.83,18,18,18,0,0,0,0,728.7373,4977.8076,6.8307,9596.94,12459.51,12515.06,1824.04,15032.96,2200.78,647.81,429.5452,1164.7274,3.3607,0.0278,451.4178,170.2454,433.2811,2.772,0.0296,1,0,,,,,"[""legacy_50k"", ""two_years_2022"", ""minimum"", 2000]"
legacy_50k,two_years_2022,minimum,3000,53100.0,2022-07-01T05:03:40,2024-06-28T22:45:20,3845,54070.0,59144.87,113214.87,62500.0,85607.75,22,20,22,142,120,5680.0,2750.0,8430.0,9600.0,122814.87,0,0,0,7.0,0,0,0,863.84,,0,2023-01-05T22:50:40,2,2,2,0,0.0,171.55,342.05,343.1,0,6.79,7.26,16,16,16,0,0,0,0,728.7373,5293.8667,7.2644,9280.88,17252.78,17303.63,2374.96,19337.12,2661.89,697.9481,545.4357,1587.5279,4.1471,0.0,646.3023,167.5733,455.3066,3.3149,0.0,0,0,,,,,"[""legacy_50k"", ""two_years_2022"", ""minimum"", 3000]"
legacy_50k,two_years_2022,minimum,3100,53200.0,2022-07-01T05:03:40,2024-06-28T22:45:20,3845,52570.0,4846.55,57416.55,61000.0,87107.75,22,20,22,142,120,5680.0,2750.0,8430.0,9600.0,67016.55,0,0,0,7.0,0,0,0,863.84,,0,2023-01-05T22:50:40,2,2,2,0,0.0,171.55,342.05,343.1,0,6.79,7.26,16,16,16,0,0,0,0,728.7373,5293.8667,7.2644,9280.88,18017.01,18067.86,2480.17,20101.35,2767.09,697.9481,599.1747,1741.5228,4.1471,0.0,646.3023,218.9624,572.4741,3.3149,0.0,0,0,,,,,"[""legacy_50k"", ""two_years_2022"", ""minimum"", 3100]"
legacy_50k,two_years_2022,minimum,3200,53300.0,2022-07-01T05:03:40,2024-06-28T22:45:20,3845,51570.0,5189.1,56759.1,60000.0,88107.75,22,20,22,142,120,5680.0,2750.0,8430.0,9600.0,66359.1,0,0,0,7.0,0,0,0,863.84,,0,2023-01-05T22:50:40,2,2,2,0,0.0,171.55,342.05,343.1,0,6.79,7.26,16,16,16,0,0,0,0,728.7373,5293.8667,7.2644,9280.88,18410.77,18461.62,2534.37,20495.11,2821.29,697.9481,646.118,1891.0899,4.1471,0.0,646.3023,273.2755,691.5901,3.3149,0.0,0,0,,,,,"[""legacy_50k"", ""two_years_2022"", ""minimum"", 3200]"
legacy_50k,two_years_2022,minimum,3300,53400.0,2022-07-01T05:03:40,2024-06-28T22:45:20,3845,45070.0,29189.1,74259.1,53500.0,94607.75,22,20,22,142,120,5680.0,2750.0,8430.0,9600.0,83859.1,0,0,0,7.0,0,0,0,863.84,,0,2023-01-05T22:50:40,2,2,2,0,0.0,171.55,342.05,343.1,0,6.79,7.26,16,16,16,0,0,0,0,728.7373,5293.8667,7.2644,9280.88,18765.72,18816.57,2583.23,20850.05,2870.15,697.9481,676.4088,1933.5005,4.1471,0.0,646.3023,235.8211,623.4584,3.3149,0.0,0,0,,,,,"[""legacy_50k"", ""two_years_2022"", ""minimum"", 3300]"
legacy_50k,two_years_2022,minimum,3400,53500.0,2022-07-01T05:03:40,2024-06-28T22:45:20,3845,44570.0,31189.1,75759.1,53000.0,95107.75,22,20,22,142,120,5680.0,2750.0,8430.0,9600.0,85359.1,0,0,0,7.0,0,0,0,863.84,,0,2023-01-05T22:50:40,2,2,2,0,0.0,171.55,342.05,343.1,0,6.79,7.26,16,16,16,0,0,0,0,728.7373,5293.8667,7.2644,9280.88,19239.79,19290.64,2648.49,21324.13,2935.41,697.9481,651.2656,1870.2359,4.1471,0.0,646.3023,200.5895,552.6622,3.3149,0.0,0,0,,,,,"[""legacy_50k"", ""two_years_2022"", ""minimum"", 3400]"
legacy_50k,two_years_2022,minimum,3500,53600.0,2022-07-01T05:03:40,2024-06-28T22:45:20,3845,44570.0,29189.1,73759.1,53000.0,95107.75,22,20,22,142,120,5680.0,2750.0,8430.0,9600.0,83359.1,0,0,0,7.0,0,0,0,863.84,,0,2023-01-05T22:50:40,2,2,2,0,0.0,171.55,342.05,343.1,0,6.79,7.26,16,16,16,0,0,0,0,728.7373,5293.8667,7.2644,9280.88,19324.87,19375.72,2660.2,21409.2,2947.12,697.9481,655.4056,1882.8716,4.1471,0.0,646.3023,201.9759,547.3055,3.3149,0.0,0,0,,,,,"[""legacy_50k"", ""two_years_2022"", ""minimum"", 3500]"
legacy_50k,two_years_2022,minimum,3600,53700.0,2022-07-01T05:03:40,2024-06-28T22:45:20,3845,43070.0,5189.1,48259.1,51500.0,96607.75,22,20,22,142,120,5680.0,2750.0,8430.0,9600.0,57859.1,0,0,0,7.0,0,0,0,863.84,,0,2023-01-05T22:50:40,2,2,2,0,0.0,171.55,342.05,343.1,0,6.79,7.26,16,16,16,0,0,0,0,728.7373,5293.8667,7.2644,9280.88,20071.95,20122.79,2763.04,22156.28,3049.96,697.9481,709.1081,2034.7603,4.1471,0.0,646.3023,254.916,678.6222,3.3149,0.0,0,0,,,,,"[""legacy_50k"", ""two_years_2022"", ""minimum"", 3600]"
legacy_50k,two_years_2022,minimum,3700,53800.0,2022-07-01T05:03:40,2024-06-28T22:45:20,3845,42070.0,7189.1,49259.1,50500.0,97607.75,22,20,22,142,120,5680.0,2750.0,8430.0,9600.0,58859.1,0,0,0,7.0,0,0,0,863.84,,0,2023-01-05T22:50:40,2,2,2,0,0.0,171.55,342.05,343.1,0,6.79,7.26,16,16,16,0,0,0,0,728.7373,5293.8667,7.2644,9280.88,20464.33,20515.18,2817.06,22548.67,3103.98,697.9481,754.1809,2179.0053,4.1471,0.0,646.3023,309.985,799.395,3.3149,0.0,0,0,,,,,"[""legacy_50k"", ""two_years_2022"", ""minimum"", 3700]"
legacy_50k,two_years_2022,minimum,3800,53900.0,2022-07-01T05:03:40,2024-06-28T22:45:20,3845,35570.0,31189.1,66759.1,44000.0,104107.75,22,20,22,142,120,5680.0,2750.0,8430.0,9600.0,76359.1,0,0,0,7.0,0,0,0,863.84,,0,2023-01-05T22:50:40,2,2,2,0,0.0,171.55,342.05,343.1,0,6.79,7.26,16,16,16,0,0,0,0,728.7373,5293.8667,7.2644,9280.88,20649.81,20700.66,2842.59,22734.14,3129.51,697.9481,759.8078,2200.076,4.1471,0.0,646.3023,313.3783,801.1554,3.3149,0.0,0,0,,,,,"[""legacy_50k"", ""two_years_2022"", ""minimum"", 3800]"
legacy_50k,two_years_2022,minimum,3900,54000.0,2022-07-01T05:03:40,2024-06-28T22:45:20,3845,35070.0,33189.1,68259.1,43500.0,104607.75,22,20,22,142,120,5680.0,2750.0,8430.0,9600.0,77859.1,0,0,0,7.0,0,0,0,863.84,,0,2023-01-05T22:50:40,2,2,2,0,0.0,171.55,342.05,343.1,0,6.79,7.26,16,16,16,0,0,0,0,728.7373,5293.8667,7.2644,9280.88,20747.2,20798.05,2856.0,22831.54,3142.92,697.9481,757.7936,2200.2082,4.1471,0.0,646.3023,311.2639,799.1918,3.3149,0.0,0,0,,,,,"[""legacy_50k"", ""two_years_2022"", ""minimum"", 3900]"
legacy_50k,two_years_2022,minimum,4000,54100.0,2022-07-01T05:03:40,2024-06-28T22:45:20,3845,35070.0,33189.1,68259.1,43500.0,104607.75,22,20,22,142,120,5680.0,2750.0,8430.0,9600.0,77859.1,0,0,0,7.0,0,0,0,863.84,,0,2023-01-05T22:50:40,2,2,2,0,0.0,171.55,342.05,343.1,0,6.79,7.26,16,16,16,0,0,0,0,728.7373,5293.8667,7.2644,9280.88,20789.74,20840.59,2861.85,22874.08,3148.77,697.9481,761.7157,2213.1816,4.1471,0.0,646.3023,314.9687,811.1357,3.3149,0.0,0,0,,,,,"[""legacy_50k"", ""two_years_2022"", ""minimum"", 4000]"
legacy_50k,two_years_2022,minimum,4100,54200.0,2022-07-01T05:03:40,2024-06-28T22:45:20,3845,34070.0,7189.1,41259.1,42500.0,105607.75,22,20,22,142,120,5680.0,2750.0,8430.0,9600.0,50859.1,0,0,0,7.0,0,0,0,863.84,,0,2023-01-05T22:50:40,2,2,2,0,0.0,171.55,342.05,343.1,0,6.79,7.26,16,16,16,0,0,0,0,728.7373,5293.8667,7.2644,9280.88,21841.49,21892.34,3006.63,23925.83,3293.55,697.9481,822.5503,2375.2234,4.1471,0.0,646.3023,374.2683,966.1083,3.3149,0.0,0,0,,,,,"[""legacy_50k"", ""two_years_2022"", ""minimum"", 4100]"
legacy_50k,two_years_2022,minimum,4200,54300.0,2022-07-01T05:03:40,2024-06-28T22:45:20,3845,33570.0,5189.1,38759.1,42000.0,106107.75,22,20,22,142,120,5680.0,2750.0,8430.0,9600.0,48359.1,0,0,0,7.0,0,0,0,863.84,,0,2023-01-05T22:50:40,2,2,2,0,0.0,171.55,342.05,343.1,0,6.79,7.26,16,16,16,0,0,0,0,728.7373,5293.8667,7.2644,9280.88,22104.93,22155.77,3042.9,24189.26,3329.82,697.9481,846.8411,2447.5203,4.1471,0.0,646.3023,387.8229,1010.0516,3.3149,0.0,0,0,,,,,"[""legacy_50k"", ""two_years_2022"", ""minimum"", 4200]"
legacy_50k,two_years_2022,minimum,4300,54400.0,2022-07-01T05:03:40,2024-06-28T22:45:20,3845,27070.0,31189.1,58259.1,35500.0,112607.75,22,20,22,142,120,5680.0,2750.0,8430.0,9600.0,67859.1,0,0,0,7.0,0,0,0,863.84,,0,2023-01-05T22:50:40,2,2,2,0,0.0,171.55,342.05,343.1,0,6.79,7.26,16,16,16,0,0,0,0,728.7373,5293.8667,7.2644,9280.88,22228.65,22279.5,3059.93,24312.98,3346.85,697.9481,850.7923,2461.3424,4.1471,0.0,646.3023,391.6501,1024.9782,3.3149,0.0,0,0,,,,,"[""legacy_50k"", ""two_years_2022"", ""minimum"", 4300]"
legacy_50k,two_years_2022,minimum,4400,54500.0,2022-07-01T05:03:40,2024-06-28T22:45:20,3845,27070.0,29189.1,56259.1,35500.0,112607.75,22,20,22,142,120,5680.0,2750.0,8430.0,9600.0,65859.1,0,0,0,7.0,0,0,0,863.84,,0,2023-01-05T22:50:40,2,2,2,0,0.0,171.55,342.05,343.1,0,6.79,7.26,16,16,16,0,0,0,0,728.7373,5293.8667,7.2644,9280.88,22282.17,22333.01,3067.29,24366.5,3354.22,697.9481,856.1068,2475.5009,4.1471,0.0,646.3023,397.9888,1040.0973,3.3149,0.0,0,0,,,,,"[""legacy_50k"", ""two_years_2022"", ""minimum"", 4400]"
legacy_50k,two_years_2022,minimum,4500,54600.0,2022-07-01T05:03:40,2024-06-28T22:45:20,3845,27070.0,29189.1,56259.1,35500.0,112607.75,22,20,22,142,120,5680.0,2750.0,8430.0,9600.0,65859.1,0,0,0,7.0,0,0,0,863.84,,0,2023-01-05T22:50:40,2,2,2,0,0.0,171.55,342.05,343.1,0,6.79,7.26,16,16,16,0,0,0,0,728.7373,5293.8667,7.2644,9280.88,22323.33,22374.18,3072.96,24407.67,3359.88,697.9481,861.4781,2493.3611,4.1471,0.0,646.3023,403.9644,1058.5015,3.3149,0.0,0,0,,,,,"[""legacy_50k"", ""two_years_2022"", ""minimum"", 4500]"
legacy_50k,two_years_2022,minimum,5000,55100.0,2022-07-01T05:03:40,2024-06-28T22:45:20,3845,25570.0,3189.1,28759.1,34000.0,114107.75,22,20,22,142,120,5680.0,2750.0,8430.0,9600.0,38359.1,0,0,0,7.0,0,0,0,863.84,,0,2023-01-05T22:50:40,2,2,2,0,0.0,171.55,342.05,343.1,0,6.79,7.26,16,16,16,0,0,0,0,728.7373,5293.8667,7.2644,9280.88,23324.27,23375.12,3210.75,25408.61,3497.67,697.9481,988.6747,2860.8298,4.1471,0.0,646.3023,548.5077,1400.8418,3.3149,0.0,0,0,,,,,"[""legacy_50k"", ""two_years_2022"", ""minimum"", 5000]"
legacy_50k,two_years_2022,minimum,5700,55800.0,2022-07-01T05:03:40,2024-06-28T22:45:20,3845,21070.0,5189.1,26259.1,29500.0,118607.75,22,20,22,142,120,5680.0,2750.0,8430.0,9600.0,35859.1,0,0,0,7.0,0,0,0,863.84,,0,2023-01-05T22:50:40,2,2,2,0,0.0,171.55,342.05,343.1,0,6.79,7.26,16,16,16,0,0,0,0,728.7373,5293.8667,7.2644,9280.88,24643.36,24694.21,3392.33,26727.69,3679.25,697.9481,1170.2491,3356.7813,4.1471,0.0,646.3023,767.2415,1916.6873,3.3149,0.0,0,0,,,,,"[""legacy_50k"", ""two_years_2022"", ""minimum"", 5700]"
legacy_50k,two_years_2022,minimum,6000,56100.0,2022-07-01T05:03:40,2024-06-28T22:45:20,3845,14070.0,7189.1,21259.1,22500.0,125607.75,22,20,22,142,120,5680.0,2750.0,8430.0,9600.0,30859.1,0,0,0,7.0,0,0,0,863.84,,0,2023-01-05T22:50:40,2,2,2,0,0.0,171.55,342.05,343.1,0,6.79,7.26,16,16,16,0,0,0,0,728.7373,5293.8667,7.2644,9280.88,24957.79,25008.64,3435.61,27042.12,3722.53,697.9481,1208.5103,3458.9374,4.1471,0.0,646.3023,810.4282,2027.0068,3.3149,0.0,0,0,,,,,"[""legacy_50k"", ""two_years_2022"", ""minimum"", 6000]"
legacy_50k,two_years_2022,minimum,6100,56200.0,2022-07-01T05:03:40,2024-06-28T22:45:20,3845,13570.0,7189.1,20759.1,22000.0,126107.75,22,20,22,142,120,5680.0,2750.0,8430.0,9600.0,30359.1,0,0,0,7.0,0,0,0,863.84,,0,2023-01-05T22:50:40,2,2,2,0,0.0,171.55,342.05,343.1,0,6.79,7.26,16,16,16,0,0,0,0,728.7373,5293.8667,7.2644,9280.88,25186.92,25237.76,3467.15,27271.25,3754.08,697.9481,1246.5846,3606.0327,4.1471,0.0,646.3023,860.5567,2185.8564,3.3149,0.0,0,0,,,,,"[""legacy_50k"", ""two_years_2022"", ""minimum"", 6100]"
legacy_50k,two_years_2022,minimum,6200,56300.0,2022-07-01T05:03:40,2024-06-28T22:45:20,3845,12570.0,14842.34,27412.34,21000.0,127107.75,22,20,22,142,120,5680.0,2750.0,8430.0,9600.0,37012.34,0,0,0,7.0,0,0,0,863.84,,0,2023-01-05T22:50:40,2,2,2,0,0.0,171.55,342.05,343.1,0,6.79,7.26,16,16,16,0,0,0,0,728.7373,5293.8667,7.2644,9280.88,25384.45,25435.3,3494.34,27468.78,3781.27,697.9481,1276.6949,3663.2731,4.1471,0.0,646.3023,898.481,2247.6708,3.3149,0.0,0,0,,,,,"[""legacy_50k"", ""two_years_2022"", ""minimum"", 6200]"
legacy_50k,two_years_2022,minimum,6300,56400.0,2022-07-01T05:03:40,2024-06-28T22:45:20,3845,6070.0,33189.1,39259.1,14500.0,133607.75,22,20,22,142,120,5680.0,2750.0,8430.0,9600.0,48859.1,0,0,0,7.0,0,0,0,863.84,,0,2023-01-05T22:50:40,2,2,2,0,0.0,171.55,342.05,343.1,0,6.79,7.26,16,16,16,0,0,0,0,728.7373,5293.8667,7.2644,9280.88,25495.82,25546.67,3509.68,27580.16,3796.6,697.9481,1291.7689,3701.7692,4.1471,0.0,646.3023,916.288,2289.2431,3.3149,0.0,0,0,,,,,"[""legacy_50k"", ""two_years_2022"", ""minimum"", 6300]"
legacy_50k,two_years_2022,minimum,6400,56500.0,2022-07-01T05:03:40,2024-06-28T22:45:20,3845,6070.0,33189.1,39259.1,14500.0,133607.75,22,20,22,142,120,5680.0,2750.0,8430.0,9600.0,48859.1,0,0,0,7.0,0,0,0,863.84,,0,2023-01-05T22:50:40,2,2,2,0,0.0,171.55,342.05,343.1,0,6.79,7.26,16,16,16,0,0,0,0,728.7373,5293.8667,7.2644,9280.88,25512.29,25563.14,3511.94,27596.62,3798.87,697.9481,1294.3745,3708.9315,4.1471,0.0,646.3023,919.3512,2296.9778,3.3149,0.0,0,0,,,,,"[""legacy_50k"", ""two_years_2022"", ""minimum"", 6400]"
legacy_50k,two_years_2022,minimum,6500,56600.0,2022-07-01T05:03:40,2024-06-28T22:45:20,3845,6070.0,33189.1,39259.1,14500.0,133607.75,22,20,22,142,120,5680.0,2750.0,8430.0,9600.0,48859.1,0,0,0,7.0,0,0,0,863.84,,0,2023-01-05T22:50:40,2,2,2,0,0.0,171.55,342.05,343.1,0,6.79,7.26,16,16,16,0,0,0,0,728.7373,5293.8667,7.2644,9280.88,25586.39,25637.24,3522.14,27670.73,3809.07,697.9481,1314.6045,3774.6329,4.1471,0.0,646.3023,941.8116,2367.9294,3.3149,0.0,0,0,,,,,"[""legacy_50k"", ""two_years_2022"", ""minimum"", 6500]"
legacy_50k,two_years_2022,minimum,6600,56700.0,2022-07-01T05:03:40,2024-06-28T22:45:20,3845,5570.0,33189.1,38759.1,14000.0,134107.75,22,20,22,142,120,5680.0,2750.0,8430.0,9600.0,48359.1,0,0,0,7.0,0,0,0,863.84,,0,2023-01-05T22:50:40,2,2,2,0,0.0,171.55,342.05,343.1,0,6.79,7.26,16,16,16,0,0,0,0,728.7373,5293.8667,7.2644,9280.88,25772.29,25823.14,3547.73,27856.63,3834.66,697.9481,1347.4003,3909.9586,4.1471,0.0,646.3023,985.1597,2514.0688,3.3149,0.0,0,0,,,,,"[""legacy_50k"", ""two_years_2022"", ""minimum"", 6600]"
legacy_50k,two_years_2022,minimum,6700,56800.0,2022-07-01T05:03:40,2024-06-28T22:45:20,3845,5070.0,41342.34,46412.34,13500.0,134607.75,22,20,22,142,120,5680.0,2750.0,8430.0,9600.0,56012.34,0,0,0,7.0,0,0,0,863.84,,0,2023-01-05T22:50:40,2,2,2,0,0.0,171.55,342.05,343.1,0,6.79,7.26,16,16,16,0,0,0,0,728.7373,5293.8667,7.2644,9280.88,25798.33,25849.18,3551.32,27882.67,3838.24,697.9481,1350.0703,3914.0477,4.1471,0.0,646.3023,988.9134,2518.4847,3.3149,0.0,0,0,,,,,"[""legacy_50k"", ""two_years_2022"", ""minimum"", 6700]"
legacy_50k,two_years_2022,minimum,6800,56900.0,2022-07-01T05:03:40,2024-06-28T22:45:20,3845,4570.0,41342.34,45912.34,13000.0,135107.75,22,20,22,142,120,5680.0,2750.0,8430.0,9600.0,55512.34,0,0,0,7.0,0,0,0,863.84,,0,2023-01-05T22:50:40,2,2,2,0,0.0,171.55,342.05,343.1,0,6.79,7.26,16,16,16,0,0,0,0,728.7373,5293.8667,7.2644,9280.88,25895.04,25945.88,3564.63,27979.37,3851.55,697.9481,1366.9493,3971.6475,4.1471,0.0,646.3023,1008.715,2580.6874,3.3149,0.0,0,0,,,,,"[""legacy_50k"", ""two_years_2022"", ""minimum"", 6800]"
legacy_50k,two_years_2022,minimum,6900,57000.0,2022-07-01T05:03:40,2024-06-28T22:45:20,3845,4570.0,41342.34,45912.34,13000.0,135107.75,22,20,22,142,120,5680.0,2750.0,8430.0,9600.0,55512.34,0,0,0,7.0,0,0,0,863.84,,0,2023-01-05T22:50:40,2,2,2,0,0.0,171.55,342.05,343.1,0,6.79,7.26,16,16,16,0,0,0,0,728.7373,5293.8667,7.2644,9280.88,25923.85,25974.7,3568.6,28008.19,3855.52,697.9481,1373.6939,3988.4287,4.1471,0.0,646.3023,1016.1959,2598.8095,3.3149,0.0,0,0,,,,,"[""legacy_50k"", ""two_years_2022"", ""minimum"", 6900]"
legacy_50k,two_years_2022,minimum,7000,57100.0,2022-07-01T05:03:40,2024-06-28T22:45:20,3845,4570.0,33189.1,37759.1,13000.0,135107.75,22,20,22,142,120,5680.0,2750.0,8430.0,9600.0,47359.1,0,0,0,7.0,0,0,0,863.84,,0,2023-01-05T22:50:40,2,2,2,0,0.0,171.55,342.05,343.1,0,6.79,7.26,16,16,16,0,0,0,0,728.7373,5293.8667,7.2644,9280.88,26033.63,26084.48,3583.71,28117.97,3870.63,697.9481,1399.7941,4057.9118,4.1471,0.0,646.3023,1045.8328,2673.845,3.3149,0.0,0,0,,,,,"[""legacy_50k"", ""two_years_2022"", ""minimum"", 7000]"
legacy_50k,two_years_2022,minimum,7100,57200.0,2022-07-01T05:03:40,2024-06-28T22:45:20,3845,4070.0,33189.1,37259.1,12500.0,135607.75,22,20,22,142,120,5680.0,2750.0,8430.0,9600.0,46859.1,0,0,0,7.0,0,0,0,863.84,,0,2023-01-05T22:50:40,2,2,2,0,0.0,171.55,342.05,343.1,0,6.79,7.26,16,16,16,0,0,0,0,728.7373,5293.8667,7.2644,9280.88,26329.31,26380.16,3624.41,28413.65,3911.33,697.9481,1453.6828,4225.746,4.1471,0.0,646.3023,1114.4547,2855.0908,3.3149,0.0,0,0,,,,,"[""legacy_50k"", ""two_years_2022"", ""minimum"", 7100]"
legacy_50k,two_years_2022,minimum,7200,57300.0,2022-07-01T05:03:40,2024-06-28T22:45:20,3845,3570.0,35189.1,38759.1,12000.0,136107.75,22,20,22,142,120,5680.0,2750.0,8430.0,9600.0,48359.1,0,0,0,7.0,0,0,0,863.84,,0,2023-01-05T22:50:40,2,2,2,0,0.0,171.55,342.05,343.1,0,6.79,7.26,16,16,16,0,0,0,0,728.7373,5293.8667,7.2644,9280.88,26349.18,26400.02,3627.15,28433.51,3914.07,697.9481,1455.9173,4229.8351,4.1471,0.0,646.3023,1117.5581,2859.5067,3.3149,0.0,0,0,,,,,"[""legacy_50k"", ""two_years_2022"", ""minimum"", 7200]"
legacy_50k,two_years_2022,minimum,7300,57400.0,2022-07-01T05:03:40,2024-06-28T22:45:20,3845,3070.0,35189.1,38259.1,11500.0,136607.75,22,20,22,142,120,5680.0,2750.0,8430.0,9600.0,47859.1,0,0,0,7.0,0,0,0,863.84,,0,2023-01-05T22:50:40,2,2,2,0,0.0,171.55,342.05,343.1,0,6.79,7.26,16,16,16,0,0,0,0,728.7373,5293.8667,7.2644,9280.88,26463.72,26514.57,3642.91,28548.06,3929.84,697.9481,1475.9641,4288.2528,4.1471,0.0,646.3023,1141.0666,2922.5925,3.3149,0.0,0,0,,,,,"[""legacy_50k"", ""two_years_2022"", ""minimum"", 7300]"
legacy_50k,two_years_2022,minimum,7400,57500.0,2022-07-01T05:03:40,2024-06-28T22:45:20,3845,3070.0,35189.1,38259.1,11500.0,136607.75,22,20,22,142,120,5680.0,2750.0,8430.0,9600.0,47859.1,0,0,0,7.0,0,0,0,863.84,,0,2023-01-05T22:50:40,2,2,2,0,0.0,171.55,342.05,343.1,0,6.79,7.26,16,16,16,0,0,0,0,728.7373,5293.8667,7.2644,9280.88,26475.39,26526.23,3644.52,28559.72,3931.44,697.9481,1477.9808,4294.2882,4.1471,0.0,646.3023,1143.4128,2929.1102,3.3149,0.0,0,0,,,,,"[""legacy_50k"", ""two_years_2022"", ""minimum"", 7400]"
legacy_50k,two_years_2022,minimum,7500,57600.0,2022-07-01T05:03:40,2024-06-28T22:45:20,3845,3070.0,33189.1,36259.1,11500.0,136607.75,22,20,22,142,120,5680.0,2750.0,8430.0,9600.0,45859.1,0,0,0,7.0,0,0,0,863.84,,0,2023-01-05T22:50:40,2,2,2,0,0.0,171.55,342.05,343.1,0,6.79,7.26,16,16,16,0,0,0,0,728.7373,5293.8667,7.2644,9280.88,26530.96,26581.81,3652.17,28615.3,3939.09,697.9481,1483.8323,4305.7441,4.1471,0.0,646.3023,1151.1313,2941.4815,3.3149,0.0,0,0,,,,,"[""legacy_50k"", ""two_years_2022"", ""minimum"", 7500]"
legacy_50k,two_years_2022,minimum,8000,58100.0,2022-07-01T05:03:40,2024-06-28T22:45:20,3845,1570.0,33189.1,34759.1,10000.0,138107.75,22,20,22,142,120,5680.0,2750.0,8430.0,9600.0,44359.1,0,0,0,7.0,0,0,0,863.84,,0,2023-01-05T22:50:40,2,2,2,0,0.0,171.55,342.05,343.1,0,6.79,7.26,16,16,16,0,0,0,0,728.7373,5293.8667,7.2644,9280.88,26867.05,26917.9,3698.44,28951.39,3985.36,697.9481,1538.2406,4511.625,4.1471,0.0,646.3023,1222.3455,3163.8142,3.3149,0.0,0,0,,,,,"[""legacy_50k"", ""two_years_2022"", ""minimum"", 8000]"
legacy_50k,two_years_2022,minimum,9000,59100.0,2022-07-01T05:03:40,2024-06-28T22:45:20,3845,-930.0,43512.64,42582.64,7500.0,140607.75,22,20,22,142,120,5680.0,2750.0,8430.0,9600.0,52182.64,0,0,0,7.0,0,0,0,863.84,,0,2023-01-05T22:50:40,2,2,2,0,0.0,171.55,342.05,343.1,0,6.79,7.26,16,16,16,0,0,0,0,728.7373,5293.8667,7.2644,9280.88,27294.33,27345.17,3757.25,29378.66,4044.18,697.9481,1609.681,4805.2845,4.1471,0.0,646.3023,1316.3712,3480.94,3.3149,0.0,0,0,,,,,"[""legacy_50k"", ""two_years_2022"", ""minimum"", 9000]"
legacy_50k,two_years_2022,minimum,10000,60100.0,2022-07-01T05:03:40,2024-06-28T22:45:20,3845,-3430.0,35189.1,31759.1,5000.0,143107.75,22,20,22,142,120,5680.0,2750.0,8430.0,9600.0,41359.1,0,0,0,7.0,0,0,0,863.84,,0,2023-01-05T22:50:40,2,2,2,0,0.0,171.55,342.05,343.1,0,6.79,7.26,16,16,16,0,0,0,0,728.7373,5293.8667,7.2644,9280.88,27564.48,27615.33,3794.44,29648.81,4081.36,697.9481,1643.4375,4973.8699,4.1471,0.0,646.3023,1358.1334,3662.997,3.3149,0.0,0,0,,,,,"[""legacy_50k"", ""two_years_2022"", ""minimum"", 10000]"
legacy_50k,two_years_2022,maximum,0,50100.0,2022-07-01T05:03:40,2024-06-28T22:45:20,3845,78297.15,1035.0,79332.15,87952.15,49413.65,27,20,28,157,129,6280.0,3375.0,9655.0,9600.0,88932.15,0,0,0,16.0,0,3,0,0,,0,2024-04-12T23:30:00,3,7,7,0,0.1429,70.4,342.05,909.84,0,56.79,6.25,18,18,18,0,0,0,0,728.7373,4554.1222,6.2493,10020.62,9218.7,9288.17,1475.15,11990.79,1918.73,592.4769,341.9397,963.9832,3.0992,0.0,337.3375,132.693,372.8148,2.3883,0.0623,2,0,,,,,"[""legacy_50k"", ""two_years_2022"", ""maximum"", 0]"
legacy_50k,two_years_2022,maximum,1000,51100.0,2022-07-01T05:03:40,2024-06-28T22:45:20,3845,102413.9,1035.0,103448.9,111668.9,28576.5,27,20,27,147,120,5880.0,3375.0,9255.0,9600.0,113048.9,0,0,0,16.0,0,3,0,0,,0,2023-10-25T23:06:20,3,7,7,0,0.0,51.86,341.05,651.01,0,55.79,6.65,18,18,18,0,0,0,0,728.7373,4846.9514,6.6512,9727.79,9993.08,10064.78,1502.46,12722.58,1912.84,612.0435,363.3099,1026.7557,3.5224,0.0,362.956,172.7789,510.3818,2.8308,0.0579,2,0,,,,,"[""legacy_50k"", ""two_years_2022"", ""maximum"", 1000]"
legacy_50k,two_years_2022,maximum,2000,52100.0,2022-07-01T05:03:40,2024-06-28T22:45:20,3845,72039.5,40683.35,112722.85,81214.5,51620.95,27,20,27,145,118,5800.0,3375.0,9175.0,9600.0,122322.85,0,0,0,16.0,0,3,0,0,,0,2023-10-25T18:42:40,4,7,7,0,0.0,51.86,342.05,724.13,0,56.79,6.32,17,17,17,0,0,0,0,728.7373,4603.837,6.3176,9970.91,9499.88,9585.01,1503.73,12280.71,1943.9,612.0435,406.8435,1065.8854,2.8412,0.0294,426.2519,33.9524,120.3241,1.8158,0.4039,2,0,,,,,"[""legacy_50k"", ""two_years_2022"", ""maximum"", 2000]"
legacy_50k,two_years_2022,maximum,3000,53100.0,2022-07-01T05:03:40,2024-06-28T22:45:20,3845,63506.45,38714.2,102220.65,72551.45,71907.6,25,20,25,148,123,5920.0,3125.0,9045.0,9600.0,111820.65,0,0,0,8.0,0,3,2,205.56,,0,2023-10-30T18:43:40,3,5,5,0,0.0,44.22,340.05,471.76,0,48.79,7.09,19,19,19,0,0,0,0,728.7373,5165.2076,7.0879,9409.54,15148.07,15199.39,2137.18,17616.9,2485.49,655.7285,437.7773,1299.3547,3.1057,0.1034,540.1243,133.1807,334.2983,2.2597,0.1375,1,0,,,,,"[""legacy_50k"", ""two_years_2022"", ""maximum"", 3000]"
legacy_50k,two_years_2022,maximum,3100,53200.0,2022-07-01T05:03:40,2024-06-28T22:45:20,3845,61321.65,38814.2,100135.85,70366.65,73792.4,25,20,25,148,123,5920.0,3125.0,9045.0,9600.0,109735.85,0,0,0,8.0,0,3,2,205.56,,0,2023-10-30T18:43:40,3,5,5,0,0.0,44.22,340.05,471.76,0,48.79,7.09,19,19,19,0,0,0,0,728.7373,5165.2076,7.0879,9409.54,15553.02,15604.33,2194.31,18021.84,2542.63,655.7285,465.3505,1368.3014,3.0569,0.1034,540.1243,155.3697,370.4791,2.2004,0.1381,1,0,,,,,"[""legacy_50k"", ""two_years_2022"", ""maximum"", 3100]"
legacy_50k,two_years_2022,maximum,3200,53300.0,2022-07-01T05:03:40,2024-06-28T22:45:20,3845,59588.55,37189.1,96777.65,68633.55,75579.75,25,20,25,148,123,5920.0,3125.0,9045.0,9600.0,106377.65,0,0,0,7.0,0,3,2,207.67,,0,2023-10-31T20:00:00,3,5,5,0,0.0,41.17,340.05,466.6,0,47.79,7.1,19,19,19,0,0,0,0,728.7373,5170.3667,7.095,9404.38,15997.69,16048.54,2254.79,18441.44,2599.23,656.7815,486.6681,1423.07,3.0018,0.1048,541.1773,161.6818,391.6991,2.1352,0.1397,1,0,,,,,"[""legacy_50k"", ""two_years_2022"", ""maximum"", 3200]"
legacy_50k,two_years_2022,maximum,3300,53400.0,2022-07-01T05:03:40,2024-06-28T22:45:20,3845,62335.8,42618.77,104954.57,70765.8,77341.95,22,20,22,142,120,5680.0,2750.0,8430.0,9600.0,114554.57,0,0,0,7.0,0,0,0,863.84,,0,2023-01-05T22:50:40,2,2,2,0,0.0,171.55,342.05,343.1,0,6.79,7.26,16,16,16,0,0,0,0,728.7373,5293.8667,7.2644,9280.88,17126.23,17177.08,2357.54,19210.57,2644.47,697.9481,531.4219,1471.9658,2.7334,0.3496,646.3023,62.2942,185.8252,1.7881,0.4947,0,0,,,,,"[""legacy_50k"", ""two_years_2022"", ""maximum"", 3300]"
legacy_50k,two_years_2022,maximum,3400,53500.0,2022-07-01T05:03:40,2024-06-28T22:45:20,3845,60643.75,42918.77,103562.52,69073.75,79034.0,22,20,22,142,120,5680.0,2750.0,8430.0,9600.0,113162.52,0,0,0,7.0,0,0,0,863.84,,0,2023-01-05T22:50:40,2,2,2,0,0.0,171.55,342.05,343.1,0,6.79,7.26,16,16,16,0,0,0,0,728.7373,5293.8667,7.2644,9280.88,17832.69,17883.54,2454.79,19917.03,2741.72,697.9481,634.7537,1757.329,3.1632,0.0,646.3023,192.9204,473.8531,2.2523,0.0082,0,0,,,,,"[""legacy_50k"", ""two_years_2022"", ""maximum"", 3400]"
legacy_50k,two_years_2022,maximum,3500,53600.0,2022-07-01T05:03:40,2024-06-28T22:45:20,3845,58728.55,43218.77,101947.32,67158.55,80949.2,22,20,22,142,120,5680.0,2750.0,8430.0,9600.0,111547.32,0,0,0,7.0,0,0,0,863.84,,0,2023-01-05T22:50:40,2,2,2,0,0.0,171.55,342.05,343.1,0,6.79,7.26,16,16,16,0,0,0,0,728.7373,5293.8667,7.2644,9280.88,18234.47,18285.32,2510.1,20318.81,2797.02,697.9481,645.3874,1805.8121,3.2777,0.0,646.3023,203.4131,505.8191,2.376,0.0082,0,0,,,,,"[""legacy_50k"", ""two_years_2022"", ""maximum"", 3500]"
legacy_50k,two_years_2022,maximum,3600,53700.0,2022-07-01T05:03:40,2024-06-28T22:45:20,3845,56140.2,45518.77,101658.97,64570.2,83537.55,22,20,22,142,120,5680.0,2750.0,8430.0,9600.0,111258.97,0,0,0,7.0,0,0,0,863.84,,0,2023-01-05T22:50:40,2,2,2,0,0.0,171.55,342.05,343.1,0,6.79,7.26,16,16,16,0,0,0,0,728.7373,5293.8667,7.2644,9280.88,18704.91,18755.76,2574.86,20789.25,2861.78,697.9481,661.5143,1860.984,3.5113,0.0,646.3023,221.7546,544.9461,2.6282,0.0,0,0,,,,,"[""legacy_50k"", ""two_years_2022"", ""maximum"", 3600]"
legacy_50k,two_years_2022,maximum,3700,53800.0,2022-07-01T05:03:40,2024-06-28T22:45:20,3845,54553.0,45818.77,100371.77,62983.0,85124.75,22,20,22,142,120,5680.0,2750.0,8430.0,9600.0,109971.77,0,0,0,7.0,0,0,0,863.84,,0,2023-01-05T22:50:40,2,2,2,0,0.0,171.55,342.05,343.1,0,6.79,7.26,16,16,16,0,0,0,0,728.7373,5293.8667,7.2644,9280.88,18979.66,19030.5,2612.68,21063.99,2899.6,697.9481,660.3653,1878.3607,3.2592,0.0,646.3023,222.5112,541.2243,2.356,0.0005,0,0,,,,,"[""legacy_50k"", ""two_years_2022"", ""maximum"", 3700]"
legacy_50k,two_years_2022,maximum,3800,53900.0,2022-07-01T05:03:40,2024-06-28T22:45:20,3845,52737.8,46118.77,98856.57,61167.8,86939.95,22,20,22,142,120,5680.0,2750.0,8430.0,9600.0,108456.57,0,0,0,7.0,0,0,0,863.84,,0,2023-01-05T22:50:40,2,2,2,0,0.0,171.55,342.05,343.1,0,6.79,7.26,16,16,16,0,0,0,0,728.7373,5293.8667,7.2644,9280.88,19199.47,19250.31,2642.94,21283.8,2929.86,697.9481,635.6916,1808.6196,2.9683,0.1576,646.3023,178.9987,444.8713,2.0418,0.2797,0,0,,,,,"[""legacy_50k"", ""two_years_2022"", ""maximum"", 3800]"
legacy_50k,two_years_2022,maximum,3900,54000.0,2022-07-01T05:03:40,2024-06-28T22:45:20,3845,50953.0,46418.77,97371.77,59383.0,88724.75,22,20,22,142,120,5680.0,2750.0,8430.0,9600.0,106971.77,0,0,0,7.0,0,0,0,863.84,,0,2023-01-05T22:50:40,2,2,2,0,0.0,171.55,342.05,343.1,0,6.79,7.26,16,16,16,0,0,0,0,728.7373,5293.8667,7.2644,9280.88,19467.64,19518.48,2679.85,21551.97,2966.78,697.9481,652.809,1851.0711,2.9325,0.1576,646.3023,192.398,469.6265,2.0032,0.2797,0,0,,,,,"[""legacy_50k"", ""two_years_2022"", ""maximum"", 3900]"
legacy_50k,two_years_2022,maximum,4000,54100.0,2022-07-01T05:03:40,2024-06-28T22:45:20,3845,49153.0,46718.77,95871.77,57583.0,90524.75,22,20,22,142,120,5680.0,2750.0,8430.0,9600.0,105471.77,0,0,0,7.0,0,0,0,863.84,,0,2023-01-05T22:50:40,2,2,2,0,0.0,171.55,342.05,343.1,0,6.79,7.26,16,16,16,0,0,0,0,728.7373,5293.8667,7.2644,9280.88,19636.08,19686.93,2703.04,21720.42,2989.97,697.9481,670.3032,1905.5617,3.0787,0.1576,646.3023,207.658,511.2075,2.161,0.2792,0,0,,,,,"[""legacy_50k"", ""two_years_2022"", ""maximum"", 4000]"
legacy_50k,two_years_2022,maximum,4100,54200.0,2022-07-01T05:03:40,2024-06-28T22:45:20,3845,47155.4,47018.77,94174.17,55585.4,92522.35,22,20,22,142,120,5680.0,2750.0,8430.0,9600.0,103774.17,0,0,0,7.0,0,0,0,863.84,,0,2023-01-05T22:50:40,2,2,2,0,0.0,171.55,342.05,343.1,0,6.79,7.26,16,16,16,0,0,0,0,728.7373,5293.8667,7.2644,9280.88,20557.22,20608.06,2829.84,22641.55,3116.77,697.9481,752.804,2147.4817,3.6144,0.0,646.3023,314.6035,762.3575,2.7396,0.0,0,0,,,,,"[""legacy_50k"", ""two_years_2022"", ""maximum"", 4100]"
legacy_50k,two_years_2022,maximum,4200,54300.0,2022-07-01T05:03:40,2024-06-28T22:45:20,3845,45468.05,45318.77,90786.82,53898.05,94209.7,22,20,22,142,120,5680.0,2750.0,8430.0,9600.0,100386.82,0,0,0,7.0,0,0,0,863.84,,0,2023-01-05T22:50:40,2,2,2,0,0.0,171.55,342.05,343.1,0,6.79,7.26,16,16,16,0,0,0,0,728.7373,5293.8667,7.2644,9280.88,20722.9,20773.75,2852.65,22807.24,3139.57,697.9481,746.0383,2114.5482,3.4625,0.0,646.3023,286.1657,715.2993,2.5755,0.0,0,0,,,,,"[""legacy_50k"", ""two_years_2022"", ""maximum"", 4200]"
legacy_50k,two_years_2022,maximum,4300,54400.0,2022-07-01T05:03:40,2024-06-28T22:45:20,3845,43865.65,45618.77,89484.42,52295.65,95812.1,22,20,22,142,120,5680.0,2750.0,8430.0,9600.0,99084.42,0,0,0,7.0,0,0,0,863.84,,0,2023-01-05T22:50:40,2,2,2,0,0.0,171.55,342.05,343.1,0,6.79,7.26,16,16,16,0,0,0,0,728.7373,5293.8667,7.2644,9280.88,21163.25,21214.09,2913.27,23247.58,3200.19,697.9481,792.2085,2237.5849,3.603,0.0,646.3023,330.3989,837.2215,2.7273,0.0,0,0,,,,,"[""legacy_50k"", ""two_years_2022"", ""maximum"", 4300]"
legacy_50k,two_years_2022,maximum,4400,54500.0,2022-07-01T05:03:40,2024-06-28T22:45:20,3845,42178.3,43918.77,86097.07,50608.3,97499.45,22,20,22,142,120,5680.0,2750.0,8430.0,9600.0,95697.07,0,0,0,7.0,0,0,0,863.84,,0,2023-01-05T22:50:40,2,2,2,0,0.0,171.55,342.05,343.1,0,6.79,7.26,16,16,16,0,0,0,0,728.7373,5293.8667,7.2644,9280.88,21326.8,21377.64,2935.78,23411.13,3222.7,697.9481,808.7859,2326.0264,4.007,0.0,646.3023,352.8045,925.2036,3.1636,0.0,0,0,,,,,"[""legacy_50k"", ""two_years_2022"", ""maximum"", 4400]"
legacy_50k,two_years_2022,maximum,4500,54600.0,2022-07-01T05:03:40,2024-06-28T22:45:20,3845,40500.9,44218.77,84719.67,48930.9,99176.85,22,20,22,142,120,5680.0,2750.0,8430.0,9600.0,94319.67,0,0,0,7.0,0,0,0,863.84,,0,2023-01-05T22:50:40,2,2,2,0,0.0,171.55,342.05,343.1,0,6.79,7.26,16,16,16,0,0,0,0,728.7373,5293.8667,7.2644,9280.88,21575.51,21626.35,2970.02,23659.84,3256.94,697.9481,832.2074,2404.1511,4.0399,0.0,646.3023,379.196,998.6249,3.1991,0.0,0,0,,,,,"[""legacy_50k"", ""two_years_2022"", ""maximum"", 4500]"
legacy_50k,two_years_2022,maximum,5000,55100.0,2022-07-01T05:03:40,2024-06-28T22:45:20,3845,32587.05,23718.77,56305.82,41017.05,107090.7,22,20,22,142,120,5680.0,2750.0,8430.0,9600.0,65905.82,0,0,0,7.0,0,0,0,863.84,,0,2023-01-05T22:50:40,2,2,2,0,0.0,171.55,342.05,343.1,0,6.79,7.26,16,16,16,0,0,0,0,728.7373,5293.8667,7.2644,9280.88,22801.55,22852.4,3138.79,24885.89,3425.71,697.9481,968.6893,2773.0517,3.9425,0.0,646.3023,535.8821,1340.3942,3.0939,0.0,0,0,,,,,"[""legacy_50k"", ""two_years_2022"", ""maximum"", 5000]"
legacy_50k,two_years_2022,maximum,5700,55800.0,2022-07-01T05:03:40,2024-06-28T22:45:20,3845,18804.15,49818.77,68622.92,27234.15,120873.6,22,20,22,142,120,5680.0,2750.0,8430.0,9600.0,78222.92,0,0,0,7.0,0,0,0,863.84,,0,2023-01-05T22:50:40,2,2,2,0,0.0,171.55,342.05,343.1,0,6.79,7.26,16,16,16,0,0,0,0,728.7373,5293.8667,7.2644,9280.88,24199.79,24250.63,3331.27,26284.12,3618.19,697.9481,1122.6368,3162.5816,3.6157,0.0,646.3023,704.5315,1711.9504,2.741,0.0,0,0,,,,,"[""legacy_50k"", ""two_years_2022"", ""maximum"", 5700]"
legacy_50k,two_years_2022,maximum,6000,56100.0,2022-07-01T05:03:40,2024-06-28T22:45:20,3845,16583.4,26718.77,43302.17,25013.4,123094.35,22,20,22,142,120,5680.0,2750.0,8430.0,9600.0,52902.17,0,0,0,7.0,0,0,0,863.84,,0,2023-01-05T22:50:40,2,2,2,0,0.0,171.55,342.05,343.1,0,6.79,7.26,16,16,16,0,0,0,0,728.7373,5293.8667,7.2644,9280.88,24407.53,24458.37,3359.86,26491.86,3646.79,697.9481,1129.8989,3178.4784,3.6702,0.0,646.3023,708.0608,1724.8328,2.7998,0.0,0,0,,,,,"[""legacy_50k"", ""two_years_2022"", ""maximum"", 6000]"
legacy_50k,two_years_2022,maximum,6100,56200.0,2022-07-01T05:03:40,2024-06-28T22:45:20,3845,17686.75,27018.77,44705.52,26116.75,121991.0,22,20,22,142,120,5680.0,2750.0,8430.0,9600.0,54305.52,0,0,0,7.0,0,0,0,863.84,,0,2023-01-05T22:50:40,2,2,2,0,0.0,171.55,342.05,343.1,0,6.79,7.26,16,16,16,0,0,0,0,728.7373,5293.8667,7.2644,9280.88,24548.19,24599.04,3379.23,26632.53,3666.15,697.9481,1153.4876,3227.9073,3.5427,0.0,646.3023,735.7121,1777.5151,2.6621,0.0,0,0,,,,,"[""legacy_50k"", ""two_years_2022"", ""maximum"", 6100]"
legacy_50k,two_years_2022,maximum,6200,56300.0,2022-07-01T05:03:40,2024-06-28T22:45:20,3845,16086.75,27318.77,43405.52,24516.75,123591.0,22,20,22,142,120,5680.0,2750.0,8430.0,9600.0,53005.52,0,0,0,7.0,0,0,0,863.84,,0,2023-01-05T22:50:40,2,2,2,0,0.0,171.55,342.05,343.1,0,6.79,7.26,16,16,16,0,0,0,0,728.7373,5293.8667,7.2644,9280.88,24817.06,24867.91,3416.24,26901.4,3703.16,697.9481,1207.6028,3457.655,3.9481,0.0,646.3023,808.3373,2025.6218,3.1,0.0,0,0,,,,,"[""legacy_50k"", ""two_years_2022"", ""maximum"", 6200]"
legacy_50k,two_years_2022,maximum,6300,56400.0,2022-07-01T05:03:40,2024-06-28T22:45:20,3845,8797.95,53618.77,62416.72,17227.95,130879.8,22,20,22,142,120,5680.0,2750.0,8430.0,9600.0,72016.72,0,0,0,7.0,0,0,0,863.84,,0,2023-01-05T22:50:40,2,2,2,0,0.0,171.55,342.05,343.1,0,6.79,7.26,16,16,16,0,0,0,0,728.7373,5293.8667,7.2644,9280.88,24979.6,25030.45,3438.61,27063.93,3725.54,697.9481,1230.2798,3519.3082,3.9653,0.0,646.3023,837.4374,2092.2018,3.1185,0.0,0,0,,,,,"[""legacy_50k"", ""two_years_2022"", ""maximum"", 6300]"
legacy_50k,two_years_2022,maximum,6400,56500.0,2022-07-01T05:03:40,2024-06-28T22:45:20,3845,8497.95,49008.88,57506.83,16927.95,131179.8,22,20,22,142,120,5680.0,2750.0,8430.0,9600.0,67106.83,0,0,0,7.0,0,0,0,863.84,,0,2023-01-05T22:50:40,2,2,2,0,0.0,171.55,342.05,343.1,0,6.79,7.26,16,16,16,0,0,0,0,728.7373,5293.8667,7.2644,9280.88,25266.74,25317.59,3478.14,27351.08,3765.06,697.9481,1279.9109,3611.9553,3.6745,0.0,646.3023,896.1904,2192.2522,2.8045,0.0,0,0,,,,,"[""legacy_50k"", ""two_years_2022"", ""maximum"", 6400]"
legacy_50k,two_years_2022,maximum,6500,56600.0,2022-07-01T05:03:40,2024-06-28T22:45:20,3845,8197.95,49208.88,57406.83,16627.95,131479.8,22,20,22,142,120,5680.0,2750.0,8430.0,9600.0,67006.83,0,0,0,7.0,0,0,0,863.84,,0,2023-01-05T22:50:40,2,2,2,0,0.0,171.55,342.05,343.1,0,6.79,7.26,16,16,16,0,0,0,0,728.7373,5293.8667,7.2644,9280.88,25197.78,25248.63,3468.65,27282.11,3755.57,697.9481,1265.4004,3643.7849,4.0757,0.0,646.3023,881.6537,2226.6254,3.2377,0.0,0,0,,,,,"[""legacy_50k"", ""two_years_2022"", ""maximum"", 6500]"
legacy_50k,two_years_2022,maximum,6600,56700.0,2022-07-01T05:03:40,2024-06-28T22:45:20,3845,7897.95,49408.88,57306.83,16327.95,131779.8,22,20,22,142,120,5680.0,2750.0,8430.0,9600.0,66906.83,0,0,0,7.0,0,0,0,863.84,,0,2023-01-05T22:50:40,2,2,2,0,0.0,171.55,342.05,343.1,0,6.79,7.26,16,16,16,0,0,0,0,728.7373,5293.8667,7.2644,9280.88,25233.44,25284.29,3473.56,27317.78,3760.48,697.9481,1265.6761,3628.4292,4.0757,0.0,646.3023,880.583,2210.0426,3.2377,0.0,0,0,,,,,"[""legacy_50k"", ""two_years_2022"", ""maximum"", 6600]"
legacy_50k,two_years_2022,maximum,6700,56800.0,2022-07-01T05:03:40,2024-06-28T22:45:20,3845,7597.95,49608.88,57206.83,16027.95,132079.8,22,20,22,142,120,5680.0,2750.0,8430.0,9600.0,66806.83,0,0,0,7.0,0,0,0,863.84,,0,2023-01-05T22:50:40,2,2,2,0,0.0,171.55,342.05,343.1,0,6.79,7.26,16,16,16,0,0,0,0,728.7373,5293.8667,7.2644,9280.88,25348.83,25399.67,3489.44,27433.16,3776.36,697.9481,1286.0429,3690.5962,4.0757,0.0,646.3023,905.8955,2277.1773,3.2377,0.0,0,0,,,,,"[""legacy_50k"", ""two_years_2022"", ""maximum"", 6700]"
legacy_50k,two_years_2022,maximum,6800,56900.0,2022-07-01T05:03:40,2024-06-28T22:45:20,3845,7297.95,49808.88,57106.83,15727.95,132379.8,22,20,22,142,120,5680.0,2750.0,8430.0,9600.0,66706.83,0,0,0,7.0,0,0,0,863.84,,0,2023-01-05T22:50:40,2,2,2,0,0.0,171.55,342.05,343.1,0,6.79,7.26,16,16,16,0,0,0,0,728.7373,5293.8667,7.2644,9280.88,25446.49,25497.34,3502.89,27530.83,3789.81,697.9481,1305.1383,3753.286,3.9782,0.0,646.3023,929.079,2344.8766,3.1325,0.0,0,0,,,,,"[""legacy_50k"", ""two_years_2022"", ""maximum"", 6800]"
legacy_50k,two_years_2022,maximum,6900,57000.0,2022-07-01T05:03:40,2024-06-28T22:45:20,3845,6997.95,50008.88,57006.83,15427.95,132679.8,22,20,22,142,120,5680.0,2750.0,8430.0,9600.0,66606.83,0,0,0,7.0,0,0,0,863.84,,0,2023-01-05T22:50:40,2,2,2,0,0.0,171.55,342.05,343.1,0,6.79,7.26,16,16,16,0,0,0,0,728.7373,5293.8667,7.2644,9280.88,25491.41,25542.25,3509.07,27575.74,3795.99,697.9481,1313.8167,3724.7351,3.5971,0.0,646.3023,937.9072,2314.0442,2.7209,0.0,0,0,,,,,"[""legacy_50k"", ""two_years_2022"", ""maximum"", 6900]"
legacy_50k,two_years_2022,maximum,7000,57100.0,2022-07-01T05:03:40,2024-06-28T22:45:20,3845,6697.95,50208.88,56906.83,15127.95,132979.8,22,20,22,142,120,5680.0,2750.0,8430.0,9600.0,66506.83,0,0,0,7.0,0,0,0,863.84,,0,2023-01-05T22:50:40,2,2,2,0,0.0,171.55,342.05,343.1,0,6.79,7.26,16,16,16,0,0,0,0,728.7373,5293.8667,7.2644,9280.88,25777.5,25828.34,3548.45,27861.83,3835.37,697.9481,1376.5539,3975.3961,3.9782,0.0,646.3023,1016.7296,2584.7355,3.1325,0.0,0,0,,,,,"[""legacy_50k"", ""two_years_2022"", ""maximum"", 7000]"
legacy_50k,two_years_2022,maximum,7100,57200.0,2022-07-01T05:03:40,2024-06-28T22:45:20,3845,6397.95,50408.88,56806.83,14827.95,133279.8,22,20,22,142,120,5680.0,2750.0,8430.0,9600.0,66406.83,0,0,0,7.0,0,0,0,863.84,,0,2023-01-05T22:50:40,2,2,2,0,0.0,171.55,342.05,343.1,0,6.79,7.26,16,16,16,0,0,0,0,728.7373,5293.8667,7.2644,9280.88,26024.55,26075.4,3582.46,28108.89,3869.38,697.9481,1413.7647,4028.6414,3.9653,0.0,646.3023,1063.0206,2642.2356,3.1185,0.0,0,0,,,,,"[""legacy_50k"", ""two_years_2022"", ""maximum"", 7100]"
legacy_50k,two_years_2022,maximum,7200,57300.0,2022-07-01T05:03:40,2024-06-28T22:45:20,3845,6097.95,50608.88,56706.83,14527.95,133579.8,22,20,22,142,120,5680.0,2750.0,8430.0,9600.0,66306.83,0,0,0,7.0,0,0,0,863.84,,0,2023-01-05T22:50:40,2,2,2,0,0.0,171.55,342.05,343.1,0,6.79,7.26,16,16,16,0,0,0,0,728.7373,5293.8667,7.2644,9280.88,26085.0,26135.84,3590.78,28169.33,3877.7,697.9481,1424.0069,4089.1043,4.0757,0.0,646.3023,1077.0646,2707.53,3.2377,0.0,0,0,,,,,"[""legacy_50k"", ""two_years_2022"", ""maximum"", 7200]"
legacy_50k,two_years_2022,maximum,7300,57400.0,2022-07-01T05:03:40,2024-06-28T22:45:20,3845,5797.95,50808.88,56606.83,14227.95,133879.8,22,20,22,142,120,5680.0,2750.0,8430.0,9600.0,66206.83,0,0,0,7.0,0,0,0,863.84,,0,2023-01-05T22:50:40,2,2,2,0,0.0,171.55,342.05,343.1,0,6.79,7.26,16,16,16,0,0,0,0,728.7373,5293.8667,7.2644,9280.88,26182.35,26233.19,3604.18,28266.68,3891.1,697.9481,1441.2864,4131.4828,3.9868,0.0,646.3023,1096.6913,2753.295,3.1418,0.0,0,0,,,,,"[""legacy_50k"", ""two_years_2022"", ""maximum"", 7300]"
legacy_50k,two_years_2022,maximum,7400,57500.0,2022-07-01T05:03:40,2024-06-28T22:45:20,3845,5497.95,51008.88,56506.83,13927.95,134179.8,22,20,22,142,120,5680.0,2750.0,8430.0,9600.0,66106.83,0,0,0,7.0,0,0,0,863.84,,0,2023-01-05T22:50:40,2,2,2,0,0.0,171.55,342.05,343.1,0,6.79,7.26,16,16,16,0,0,0,0,728.7373,5293.8667,7.2644,9280.88,26138.46,26189.31,3598.14,28222.8,3885.06,697.9481,1430.652,4123.661,4.0757,0.0,646.3023,1083.67,2744.8481,3.2377,0.0,0,0,,,,,"[""legacy_50k"", ""two_years_2022"", ""maximum"", 7400]"
legacy_50k,two_years_2022,maximum,7500,57600.0,2022-07-01T05:03:40,2024-06-28T22:45:20,3845,5197.95,51208.88,56406.83,13627.95,134479.8,22,20,22,142,120,5680.0,2750.0,8430.0,9600.0,66006.83,0,0,0,7.0,0,0,0,863.84,,0,2023-01-05T22:50:40,2,2,2,0,0.0,171.55,342.05,343.1,0,6.79,7.26,16,16,16,0,0,0,0,728.7373,5293.8667,7.2644,9280.88,26179.45,26230.29,3603.78,28263.78,3890.7,697.9481,1437.2192,4116.8725,3.9166,0.0,646.3023,1091.6965,2737.5172,3.0659,0.0,0,0,,,,,"[""legacy_50k"", ""two_years_2022"", ""maximum"", 7500]"
legacy_50k,two_years_2022,maximum,8000,58100.0,2022-07-01T05:03:40,2024-06-28T22:45:20,3845,3682.75,52208.88,55891.63,12112.75,135995.0,22,20,22,142,120,5680.0,2750.0,8430.0,9600.0,65491.63,0,0,0,7.0,0,0,0,863.84,,0,2023-01-05T22:50:40,2,2,2,0,0.0,171.55,342.05,343.1,0,6.79,7.26,16,16,16,0,0,0,0,728.7373,5293.8667,7.2644,9280.88,26634.36,26685.21,3666.4,28718.7,3953.33,697.9481,1506.6426,4386.9035,4.1114,0.0,646.3023,1182.7585,3029.1263,3.2763,0.0,0,0,,,,,"[""legacy_50k"", ""two_years_2022"", ""maximum"", 8000]"
legacy_50k,two_years_2022,maximum,9000,59100.0,2022-07-01T05:03:40,2024-06-28T22:45:20,3845,933.2,44698.99,45632.19,9363.2,138744.55,22,20,22,142,120,5680.0,2750.0,8430.0,9600.0,55232.19,0,0,0,7.0,0,0,0,863.84,,0,2023-01-05T22:50:40,2,2,2,0,0.0,171.55,342.05,343.1,0,6.79,7.26,16,16,16,0,0,0,0,728.7373,5293.8667,7.2644,9280.88,27137.48,27188.33,3735.66,29221.82,4022.58,697.9481,1591.5669,4708.3959,4.014,0.0,646.3023,1294.1664,3376.309,3.1711,0.0,0,0,,,,,"[""legacy_50k"", ""two_years_2022"", ""maximum"", 9000]"
legacy_50k,two_years_2022,maximum,10000,60100.0,2022-07-01T05:03:40,2024-06-28T22:45:20,3845,-1858.85,37189.1,35330.25,6571.15,141536.6,22,20,22,142,120,5680.0,2750.0,8430.0,9600.0,44930.25,0,0,0,7.0,0,0,0,863.84,,0,2023-01-05T22:50:40,2,2,2,0,0.0,171.55,342.05,343.1,0,6.79,7.26,16,16,16,0,0,0,0,728.7373,5293.8667,7.2644,9280.88,27478.03,27528.87,3782.54,29562.36,4069.46,697.9481,1633.0027,4914.105,4.1114,0.0,646.3023,1345.8957,3598.4563,3.2763,0.0,0,0,,,,,"[""legacy_50k"", ""two_years_2022"", ""maximum"", 10000]"
legacy_50k,two_years_2024,minimum,0,50100.0,2024-07-01T01:00:20,2026-06-30T23:30:00,3967,43880.0,0,43880.0,55000.0,22511.35,48,9,56,128,72,5120.0,6000.0,11120.0,9600.0,53480.0,0,0,0,21.0,0,29,2,491.4,,0,2026-06-29T20:30:00,5,39,32,7,0.1282,38.1,96.1,1398.2,103.35,2.96,7.87,18,18,7,0,0,0,0,729.9373,5731.4683,7.852,8867.28,23500.27,23985.45,2992.9,26104.94,3324.62,673.606,2037.0353,5899.5696,6.8579,0.0,634.856,1455.5695,3959.1484,5.2331,0.0,1,0,1,1,1018.55,1018.55,"[""legacy_50k"", ""two_years_2024"", ""minimum"", 0]"
legacy_50k,two_years_2024,minimum,1000,51100.0,2024-07-01T01:00:20,2026-06-30T23:30:00,3967,43880.0,0,43880.0,55000.0,22511.35,48,9,56,128,72,5120.0,6000.0,11120.0,9600.0,53480.0,0,0,0,21.0,0,29,2,491.4,,0,2026-06-29T20:30:00,5,39,32,7,0.1282,38.1,96.1,1398.2,103.35,2.96,7.87,18,18,7,0,0,0,0,729.9373,5731.4683,7.852,8867.28,23500.27,23985.45,2992.9,26104.94,3324.62,673.606,2037.0353,5899.5696,6.8579,0.0,634.856,1455.5695,3959.1484,5.2331,0.0,1,0,1,1,1018.55,1018.55,"[""legacy_50k"", ""two_years_2024"", ""minimum"", 1000]"
legacy_50k,two_years_2024,minimum,2000,52100.0,2024-07-01T01:00:20,2026-06-30T23:30:00,3967,43880.0,0,43880.0,55000.0,22511.35,48,9,56,128,72,5120.0,6000.0,11120.0,9600.0,53480.0,0,0,0,21.0,0,29,2,491.4,,0,2026-06-29T20:30:00,5,39,32,7,0.1282,38.1,96.1,1398.2,103.35,2.96,7.87,18,18,7,0,0,0,0,729.9373,5731.4683,7.852,8867.28,23500.27,23985.45,2992.9,26104.94,3324.62,673.606,2037.0353,5899.5696,6.8579,0.0,634.856,1455.5695,3959.1484,5.2331,0.0,1,0,1,1,1018.55,1018.55,"[""legacy_50k"", ""two_years_2024"", ""minimum"", 2000]"
legacy_50k,two_years_2024,minimum,3000,53100.0,2024-07-01T01:00:20,2026-06-30T23:30:00,3967,38125.0,0,38125.0,49000.0,23740.45,47,9,56,125,69,5000.0,5875.0,10875.0,9600.0,47725.0,0,0,0,21.0,0,29,2,520.9,,0,2026-06-29T20:30:00,4,38,31,7,0.1316,38.04,96.1,1362.43,102.14,2.96,7.92,18,18,7,0,0,0,0,729.9373,5767.2354,7.901,8831.51,24399.89,24897.6,3088.2,27011.87,3418.79,674.8164,2007.6912,5860.2361,6.7873,0.0,636.0664,1376.4077,3840.7837,5.1846,0.0,1,0,1,1,1018.55,1018.55,"[""legacy_50k"", ""two_years_2024"", ""minimum"", 3000]"
legacy_50k,two_years_2024,minimum,3100,53200.0,2024-07-01T01:00:20,2026-06-30T23:30:00,3967,38125.0,0,38125.0,49000.0,23740.45,47,9,56,125,69,5000.0,5875.0,10875.0,9600.0,47725.0,0,0,0,21.0,0,29,2,520.9,,0,2026-06-29T20:30:00,4,38,31,7,0.1316,38.04,96.1,1362.43,102.14,2.96,7.92,18,18,7,0,0,0,0,729.9373,5767.2354,7.901,8831.51,24437.56,24935.28,3092.97,27049.55,3423.56,674.8164,2009.0186,5860.2361,6.7873,0.0,636.0664,1375.6047,3840.7837,5.1846,0.0,1,0,1,1,1018.55,1018.55,"[""legacy_50k"", ""two_years_2024"", ""minimum"", 3100]"
legacy_50k,two_years_2024,minimum,3200,53300.0,2024-07-01T01:00:20,2026-06-30T23:30:00,3967,37625.0,0,37625.0,48500.0,23740.45,47,9,56,125,69,5000.0,5875.0,10875.0,9600.0,47225.0,0,0,0,21.0,0,29,2,522.38,,0,2026-06-29T20:30:00,4,38,31,7,0.1316,38.04,96.1,1360.95,102.14,2.96,7.92,18,18,7,0,0,0,0,729.9373,5768.7187,7.903,8830.03,24492.14,24989.86,3099.08,27103.92,3429.56,674.8164,2009.0946,5860.2361,6.7895,0.0,636.0664,1373.6406,3843.7032,5.1869,0.0,1,0,1,1,1018.55,1018.55,"[""legacy_50k"", ""two_years_2024"", ""minimum"", 3200]"
legacy_50k,two_years_2024,minimum,3300,53400.0,2024-07-01T01:00:20,2026-06-30T23:30:00,3967,41790.0,0,41790.0,52500.0,23740.45,46,9,55,124,69,4960.0,5750.0,10710.0,9600.0,51390.0,0,0,0,21.0,0,29,3,707.99,,0,2026-06-29T20:30:00,4,37,30,7,0.1351,38.1,96.1,1354.64,102.14,2.96,7.93,18,18,7,0,0,0,0,729.9373,5775.0273,7.9117,8823.72,25310.97,25808.49,3199.19,27864.73,3521.98,674.8164,1950.6423,5728.4539,6.7989,0.0,636.0664,1243.0538,3490.0648,5.2563,0.0,1,0,1,1,1018.55,1018.55,"[""legacy_50k"", ""two_years_2024"", ""minimum"", 3300]"
legacy_50k,two_years_2024,minimum,3400,53500.0,2024-07-01T01:00:20,2026-06-30T23:30:00,3967,40790.0,0,40790.0,51500.0,23740.45,46,9,55,124,69,4960.0,5750.0,10710.0,9600.0,50390.0,0,0,0,21.0,0,29,3,707.99,,0,2026-06-29T20:30:00,4,37,30,7,0.1351,37.83,96.1,1350.02,102.14,2.96,7.94,18,18,7,0,0,0,0,729.9373,5779.6431,7.918,8819.1,25545.86,26043.37,3226.3,28098.98,3548.75,674.8164,1950.6391,5728.5019,6.8023,0.0,636.0664,1216.5271,3428.3561,5.2599,0.0,1,0,1,1,1018.55,1018.55,"[""legacy_50k"", ""two_years_2024"", ""minimum"", 3400]"
legacy_50k,two_years_2024,minimum,3500,53600.0,2024-07-01T01:00:20,2026-06-30T23:30:00,3967,40290.0,0,40290.0,51000.0,23740.45,46,9,55,124,69,4960.0,5750.0,10710.0,9600.0,49890.0,0,0,0,21.0,0,29,3,709.33,,0,2026-06-29T20:30:00,4,37,30,7,0.1351,37.83,96.1,1348.68,102.14,2.96,7.94,18,18,7,0,0,0,0,729.9373,5780.9854,7.9198,8817.76,25574.22,26071.73,3229.13,28127.16,3551.48,674.8164,1950.6469,5728.5019,6.8043,0.0,636.0664,1215.6023,3428.0675,5.262,0.0,1,0,1,1,1018.55,1018.55,"[""legacy_50k"", ""two_years_2024"", ""minimum"", 3500]"
legacy_50k,two_years_2024,minimum,3600,53700.0,2024-07-01T01:00:20,2026-06-30T23:30:00,3967,37665.0,0,37665.0,48500.0,23361.65,47,9,55,124,69,4960.0,5875.0,10835.0,9600.0,47265.0,0,0,0,21.0,0,30,3,709.33,,0,2026-06-29T20:30:00,4,38,31,7,0.1316,38.04,96.1,1296.29,99.62,2.96,8.01,18,18,7,0,0,0,0,729.9373,5833.3803,7.9916,8765.37,25886.45,26385.16,3239.2,28426.38,3557.02,677.3359,1950.7634,5741.3194,6.9552,0.0,638.5859,1206.8379,3447.8072,5.4051,0.0,1,0,1,1,1018.55,1018.55,"[""legacy_50k"", ""two_years_2024"", ""minimum"", 3600]"
legacy_50k,two_years_2024,minimum,3700,53800.0,2024-07-01T01:00:20,2026-06-30T23:30:00,3967,36420.0,0,36420.0,47500.0,20808.95,48,8,57,127,70,5080.0,6000.0,11080.0,9600.0,46020.0,0,0,0,21.0,0,32,3,718.56,,0,2026-06-29T20:30:00,4,40,32,8,0.125,39.22,91.64,1336.75,25.1,2.96,7.96,18,18,6,0,0,0,0,729.9373,5792.9187,7.9362,8805.83,25638.22,26147.26,3230.55,28198.81,3553.19,677.3359,1968.3822,5742.7559,6.9689,0.0,638.5859,1209.7323,3451.3122,5.4196,0.0,1,0,1,1,1018.55,1018.55,"[""legacy_50k"", ""two_years_2024"", ""minimum"", 3700]"
legacy_50k,two_years_2024,minimum,3800,53900.0,2024-07-01T01:00:20,2026-06-30T23:30:00,3967,35920.0,0,35920.0,47000.0,20808.95,48,8,57,127,70,5080.0,6000.0,11080.0,9600.0,45520.0,0,0,0,21.0,0,32,3,722.31,,0,2026-06-29T20:30:00,4,40,32,8,0.125,38.61,91.64,1333.0,25.1,2.96,7.96,18,18,6,0,0,0,0,729.9373,5796.6639,7.9413,8802.08,25724.67,26233.72,3239.35,28284.75,3561.72,677.3359,1969.2133,5742.7559,6.9744,0.0,638.5859,1207.5035,3451.1142,5.4254,0.0,1,0,1,1,1018.55,1018.55,"[""legacy_50k"", ""two_years_2024"", ""minimum"", 3800]"
legacy_50k,two_years_2024,minimum,3900,54000.0,2024-07-01T01:00:20,2026-06-30T23:30:00,3967,35420.0,0,35420.0,46500.0,20808.95,48,8,57,127,70,5080.0,6000.0,11080.0,9600.0,45020.0,0,0,0,21.0,0,32,3,722.31,,0,2026-06-29T20:30:00,4,40,32,8,0.125,38.61,91.64,1332.95,25.1,2.96,7.96,18,18,6,0,0,0,0,729.9373,5796.7187,7.9414,8802.03,26562.37,27071.42,3344.8,29122.44,3667.17,677.3359,2016.8332,5825.6664,6.9745,0.0,638.5859,1174.2963,3351.2818,5.4255,0.0,1,0,1,1,1018.55,1018.55,"[""legacy_50k"", ""two_years_2024"", ""minimum"", 3900]"
legacy_50k,two_years_2024,minimum,4000,54100.0,2024-07-01T01:00:20,2026-06-30T23:30:00,3967,34795.0,0,34795.0,46000.0,20808.95,49,8,58,127,69,5080.0,6125.0,11205.0,9600.0,44395.0,0,0,0,21.0,0,33,3,732.36,,0,2026-06-29T20:30:00,4,41,33,8,0.122,38.04,82.1,1304.51,25.1,2.96,8.0,18,18,6,0,0,0,0,729.9373,5825.1611,7.9804,8773.58,26681.86,27187.14,3343.44,29280.43,3669.06,677.3359,2022.6846,5825.6664,6.9893,0.0,638.5859,1172.1512,3350.717,5.4413,0.0,1,0,1,1,1018.55,1018.55,"[""legacy_50k"", ""two_years_2024"", ""minimum"", 4000]"
legacy_50k,two_years_2024,minimum,4100,54200.0,2024-07-01T01:00:20,2026-06-30T23:30:00,3967,41590.0,0,41590.0,53500.0,27025.45,54,11,58,129,71,5160.0,6750.0,11910.0,9600.0,51190.0,0,0,0,21.0,0,37,5,1016.95,,0,2026-06-29T20:30:00,6,43,36,7,0.1163,30.2,77.64,1167.52,12.58,2.96,8.99,19,19,10,0,0,0,0,729.9373,6546.1037,8.968,8052.64,32969.4,33606.72,3676.32,35685.13,3979.15,690.3359,1923.9977,5677.8828,7.0554,0.0,638.5859,1165.9891,3404.8712,5.8058,0.0,1,0,1,1,1018.55,1018.55,"[""legacy_50k"", ""two_years_2024"", ""minimum"", 4100]"
legacy_50k,two_years_2024,minimum,4200,54300.0,2024-07-01T01:00:20,2026-06-30T23:30:00,3967,40090.0,0,40090.0,52000.0,27025.45,54,11,58,129,71,5160.0,6750.0,11910.0,9600.0,49690.0,0,0,0,21.0,0,37,5,1019.92,,0,2026-06-29T20:30:00,6,43,36,7,0.1163,30.2,76.16,1162.25,12.58,2.96,9.0,19,19,10,0,0,0,0,729.9373,6551.3796,8.9753,8047.37,33052.83,33690.15,3682.66,35767.84,3985.16,691.8199,1921.4612,5666.6106,7.0479,0.0,640.0699,1160.5381,3378.4244,5.8006,0.0,1,0,1,1,1018.55,1018.55,"[""legacy_50k"", ""two_years_2024"", ""minimum"", 4200]"
legacy_50k,two_years_2024,minimum,4300,54400.0,2024-07-01T01:00:20,2026-06-30T23:30:00,3967,39960.0,0,39960.0,51500.0,29153.0,52,12,56,126,70,5040.0,6500.0,11540.0,9600.0,49560.0,0,0,0,21.0,0,34,5,1023.5,,0,2026-06-29T20:30:00,5,40,34,6,0.125,40.54,76.16,1124.83,12.58,2.96,9.05,19,19,9,0,0,0,0,729.9373,6588.7968,9.0265,8009.95,33408.22,34021.43,3701.12,36060.15,3994.91,691.8199,1911.9461,5659.4356,7.0409,0.0,640.0699,1154.0785,3373.7994,5.8062,0.0,1,0,1,1,1018.55,1018.55,"[""legacy_50k"", ""two_years_2024"", ""minimum"", 4300]"
legacy_50k,two_years_2024,minimum,4400,54500.0,2024-07-01T01:00:20,2026-06-30T23:30:00,3967,39960.0,0,39960.0,51500.0,29153.0,52,12,56,126,70,5040.0,6500.0,11540.0,9600.0,49560.0,0,0,0,21.0,0,34,5,1023.5,,0,2026-06-29T20:30:00,5,40,34,6,0.125,40.54,76.16,1124.83,12.58,2.96,9.05,19,19,9,0,0,0,0,729.9373,6588.7968,9.0265,8009.95,33410.27,34023.48,3701.34,36062.2,3995.14,691.8199,1911.8712,5659.4356,7.0409,0.0,640.0699,1153.7881,3372.9466,5.8062,0.0,1,0,1,1,1018.55,1018.55,"[""legacy_50k"", ""two_years_2024"", ""minimum"", 4400]"
legacy_50k,two_years_2024,minimum,4500,54600.0,2024-07-01T01:00:20,2026-06-30T23:30:00,3967,43985.0,0,43985.0,55000.0,33620.75,51,14,54,116,62,4640.0,6375.0,11015.0,9600.0,53585.0,0,0,0,21.0,0,32,6,1140.13,,0,2026-06-29T20:30:00,4,37,32,5,0.1351,38.14,76.16,1028.31,12.58,2.96,9.7,19,19,10,0,0,0,0,729.9373,7069.2961,9.6848,7529.45,37393.65,37989.33,3861.07,40003.28,4130.52,691.8199,1896.0183,5658.6259,7.5565,0.0,640.0699,1116.8151,3304.8895,6.3634,0.0,1,0,1,1,1018.55,1018.55,"[""legacy_50k"", ""two_years_2024"", ""minimum"", 4500]"
legacy_50k,two_years_2024,minimum,5000,55100.0,2024-07-01T01:00:20,2026-06-30T23:30:00,3967,44985.0,0,44985.0,56000.0,33620.75,51,14,54,116,62,4640.0,6375.0,11015.0,9600.0,54585.0,0,0,0,21.0,0,32,6,1133.88,,0,2026-06-29T20:30:00,4,37,32,5,0.1351,38.14,77.64,1034.56,12.58,2.96,9.69,19,19,10,0,0,0,0,729.9373,7063.0463,9.6762,7535.7,37051.2,37646.88,3829.09,39661.69,4098.88,691.8199,1861.624,5651.5134,7.5532,0.0,640.0699,1065.1535,3286.2931,6.3599,0.0,1,0,1,1,1018.55,1018.55,"[""legacy_50k"", ""two_years_2024"", ""minimum"", 5000]"
legacy_50k,two_years_2024,minimum,5700,55800.0,2024-07-01T01:00:20,2026-06-30T23:30:00,3967,37685.0,0,37685.0,48500.0,42886.25,51,15,54,111,57,4440.0,6375.0,10815.0,9600.0,47285.0,0,0,0,21.0,0,31,6,1149.02,,0,2026-06-29T20:30:00,4,36,32,4,0.1389,26.54,76.16,884.62,12.58,2.96,9.9,19,19,8,0,0,0,0,729.9373,7212.9843,9.8816,7385.76,38385.83,38982.8,3884.56,41107.19,4159.95,691.8199,1883.336,5657.1713,7.5734,0.0,640.0699,1062.6153,3267.5557,6.3817,0.0,1,0,1,1,1018.55,1018.55,"[""legacy_50k"", ""two_years_2024"", ""minimum"", 5700]"
legacy_50k,two_years_2024,minimum,6000,56100.0,2024-07-01T01:00:20,2026-06-30T23:30:00,3967,36185.0,0,36185.0,47000.0,43386.25,51,15,54,111,57,4440.0,6375.0,10815.0,9600.0,45785.0,0,0,0,21.0,0,31,6,1151.62,,0,2026-06-29T20:30:00,4,36,32,4,0.1389,26.54,76.16,882.02,12.58,2.96,9.9,19,19,8,0,0,0,0,729.9373,7215.5863,9.8852,7383.16,39098.64,39695.61,3955.27,41819.65,4230.53,691.8199,1929.1114,5724.9405,7.5772,0.0,640.0699,1089.8059,3335.5937,6.3858,0.0,1,0,1,1,1018.55,1018.55,"[""legacy_50k"", ""two_years_2024"", ""minimum"", 6000]"
legacy_50k,two_years_2024,minimum,6100,56200.0,2024-07-01T01:00:20,2026-06-30T23:30:00,3967,35185.0,0,35185.0,46000.0,43386.25,51,15,54,111,57,4440.0,6375.0,10815.0,9600.0,44785.0,0,0,0,21.0,0,31,6,1154.59,,0,2026-06-29T20:30:00,4,36,32,4,0.1389,26.54,76.16,879.05,12.58,2.96,9.91,19,19,8,0,0,0,0,729.9373,7218.5544,9.8893,7380.19,39306.76,39903.73,3974.68,42027.36,4249.79,691.8199,1942.0558,5738.8909,7.5793,0.0,640.0699,1100.6211,3348.2126,6.3881,0.0,1,0,1,1,1018.55,1018.55,"[""legacy_50k"", ""two_years_2024"", ""minimum"", 6100]"
legacy_50k,two_years_2024,minimum,6200,56300.0,2024-07-01T01:00:20,2026-06-30T23:30:00,3967,33770.0,0,33770.0,44500.0,41258.7,50,14,54,112,58,4480.0,6250.0,10730.0,9600.0,43370.0,0,0,0,21.0,0,31,6,1157.51,,2,2026-06-29T20:30:00,4,36,31,5,0.1389,27.89,74.31,932.0,12.58,2.96,9.84,18,18,7,0,0,0,0,729.9373,7165.6056,9.8167,7433.14,39372.97,39968.98,4010.8,42062.18,4284.74,697.2292,1957.781,5745.6802,7.5404,0.0,645.4792,1120.5222,3374.0303,6.3561,0.0,1,0,3,2,148.2,1018.55,"[""legacy_50k"", ""two_years_2024"", ""minimum"", 6200]"
legacy_50k,two_years_2024,minimum,6300,56400.0,2024-07-01T01:00:20,2026-06-30T23:30:00,3967,33935.0,0,33935.0,44500.0,42034.55,49,14,53,111,58,4440.0,6125.0,10565.0,9600.0,43535.0,0,0,0,21.0,0,30,5,1257.87,,2,2026-06-29T20:30:00,4,35,30,5,0.1429,32.27,74.16,922.62,12.58,2.96,9.85,17,17,7,0,0,0,0,729.9373,7174.9877,9.8296,7423.76,39799.58,40390.72,4048.95,42409.99,4314.52,698.9792,1981.4155,5753.3479,7.6676,0.0,683.1667,1098.9395,3251.3399,6.2075,0.0,1,0,4,3,148.2,1018.55,"[""legacy_50k"", ""two_years_2024"", ""minimum"", 6300]"
legacy_50k,two_years_2024,minimum,6400,56500.0,2024-07-01T01:00:20,2026-06-30T23:30:00,3967,33935.0,0,33935.0,44500.0,42034.55,49,14,53,111,58,4440.0,6125.0,10565.0,9600.0,43535.0,0,0,0,21.0,0,30,5,1257.87,,2,2026-06-29T20:30:00,4,35,30,5,0.1429,32.27,74.16,922.62,12.58,2.96,9.85,17,17,7,0,0,0,0,729.9373,7174.9877,9.8296,7423.76,39931.79,40522.92,4062.4,42542.2,4327.97,698.9792,1998.2382,5798.0775,7.6676,0.0,683.1667,1117.5048,3297.1048,6.2075,0.0,1,0,4,3,148.2,1018.55,"[""legacy_50k"", ""two_years_2024"", ""minimum"", 6400]"
legacy_50k,two_years_2024,minimum,6500,56600.0,2024-07-01T01:00:20,2026-06-30T23:30:00,3967,33480.0,0,33480.0,44000.0,38694.35,48,13,53,113,60,4520.0,6000.0,10520.0,9600.0,43080.0,0,0,0,21.0,0,30,5,1263.43,,3,2026-06-29T20:30:00,4,35,29,6,0.1429,38.18,84.75,1008.04,25.1,2.96,9.73,16,16,7,0,0,0,0,729.9373,7089.5644,9.7126,7509.18,39795.15,40381.41,4097.28,42339.74,4359.27,698.9792,2021.1275,5823.3499,7.6756,0.0,683.1667,1135.7459,3320.9584,6.2156,0.0,1,0,5,4,141.65,1018.55,"[""legacy_50k"", ""two_years_2024"", ""minimum"", 6500]"
legacy_50k,two_years_2024,minimum,6600,56700.0,2024-07-01T01:00:20,2026-06-30T23:30:00,3967,34890.0,0,34890.0,45000.0,43567.45,46,13,51,109,58,4360.0,5750.0,10110.0,9600.0,44490.0,0,0,0,21.0,0,28,3,1459.7,,3,2026-06-29T20:30:00,4,33,27,6,0.1515,36.65,84.75,933.72,25.1,2.96,9.83,14,14,5,0,0,0,0,729.9373,7163.8829,9.8144,7434.86,40863.95,41445.97,4163.68,43352.87,4417.28,698.9792,2045.8534,5841.6466,7.7287,0.0,683.1667,1133.7422,3339.0865,6.2815,0.0,1,0,7,5,141.65,1018.55,"[""legacy_50k"", ""two_years_2024"", ""minimum"", 6600]"
legacy_50k,two_years_2024,minimum,6700,56800.0,2024-07-01T01:00:20,2026-06-30T23:30:00,3967,35555.0,0,35555.0,45500.0,44550.2,45,13,50,108,58,4320.0,5625.0,9945.0,9600.0,45155.0,0,0,0,21.0,0,27,2,1555.99,,3,2026-06-29T20:30:00,4,32,26,6,0.1562,39.18,84.75,928.42,25.1,2.96,9.84,13,13,5,0,0,0,0,729.9373,7169.1887,9.8217,7429.56,41363.56,41940.71,4211.47,43774.24,4456.91,698.9792,2076.0787,5893.1629,7.8665,0.0,683.1667,1161.9555,3390.3305,6.4225,0.0,1,0,8,6,141.65,1018.55,"[""legacy_50k"", ""two_years_2024"", ""minimum"", 6700]"
legacy_50k,two_years_2024,minimum,6800,56900.0,2024-07-01T01:00:20,2026-06-30T23:30:00,3967,35720.0,0,35720.0,45500.0,46120.45,44,13,49,107,58,4280.0,5500.0,9780.0,9600.0,45320.0,0,0,0,21.0,0,26,1,1652.12,,3,2026-06-29T20:30:00,4,31,25,6,0.1613,39.18,84.75,923.26,25.1,2.96,9.85,13,13,5,0,0,0,0,729.9373,7174.3451,9.8287,7424.4,41975.36,42547.63,4270.69,44307.82,4508.0,698.9792,2100.8018,5910.9847,8.004,0.0,683.1667,1179.3758,3402.3247,6.5632,0.0,1,0,9,7,141.65,1018.55,"[""legacy_50k"", ""two_years_2024"", ""minimum"", 6800]"
legacy_50k,two_years_2024,minimum,6900,57000.0,2024-07-01T01:00:20,2026-06-30T23:30:00,3967,35720.0,0,35720.0,45500.0,46120.45,44,13,49,107,58,4280.0,5500.0,9780.0,9600.0,45320.0,0,0,0,21.0,0,26,1,1652.12,,3,2026-06-29T20:30:00,4,31,25,6,0.1613,39.18,84.75,923.26,25.1,2.96,9.85,13,13,5,0,0,0,0,729.9373,7174.3451,9.8287,7424.4,42091.13,42663.4,4282.46,44423.58,4519.78,698.9792,2114.5833,5953.3369,8.004,0.0,683.1667,1195.5443,3445.6572,6.5632,0.0,1,0,9,7,141.65,1018.55,"[""legacy_50k"", ""two_years_2024"", ""minimum"", 6900]"
legacy_50k,two_years_2024,minimum,7000,57100.0,2024-07-01T01:00:20,2026-06-30T23:30:00,3967,36625.0,0,36625.0,46000.0,57490.15,43,15,46,100,54,4000.0,5375.0,9375.0,9600.0,46225.0,0,0,0,21.0,0,23,0,1918.81,,0,2026-06-29T20:30:00,4,28,24,4,0.1786,18.91,82.1,736.05,12.58,2.96,10.1,11,11,5,0,0,0,0,729.9373,7361.5535,10.0852,7237.19,43941.71,44509.11,4357.05,46171.0,4578.1,698.9792,2125.8775,5936.0725,8.1392,0.0,683.1667,1214.9479,3461.1133,6.7548,0.0,1,0,9,7,261.35,1018.55,"[""legacy_50k"", ""two_years_2024"", ""minimum"", 7000]"
legacy_50k,two_years_2024,minimum,7100,57200.0,2024-07-01T01:00:20,2026-06-30T23:30:00,3967,36125.0,0,36125.0,45500.0,57990.15,43,15,46,100,54,4000.0,5375.0,9375.0,9600.0,45725.0,0,0,0,21.0,0,23,0,1918.81,,0,2026-06-29T20:30:00,4,28,24,4,0.1786,18.91,82.1,736.05,12.58,2.96,10.1,11,11,5,0,0,0,0,729.9373,7361.5535,10.0852,7237.19,44443.11,45010.51,4406.77,46672.4,4627.82,698.9792,2149.2841,5960.2377,8.1392,0.0,683.1667,1225.8461,3478.9119,6.7548,0.0,1,0,9,7,399.0,1018.55,"[""legacy_50k"", ""two_years_2024"", ""minimum"", 7100]"
legacy_50k,two_years_2024,minimum,7200,57300.0,2024-07-01T01:00:20,2026-06-30T23:30:00,3967,35625.0,0,35625.0,45000.0,58490.15,43,15,46,100,54,4000.0,5375.0,9375.0,9600.0,45225.0,0,0,0,21.0,0,23,0,1918.81,,0,2026-06-29T20:30:00,4,28,24,4,0.1786,18.91,82.1,736.05,12.58,2.96,10.1,11,11,5,0,0,0,0,729.9373,7361.5535,10.0852,7237.19,44661.61,45229.0,4428.44,46890.9,4649.48,698.9792,2165.1303,6006.5616,8.1392,0.0,683.1667,1240.8495,3521.9054,6.7548,0.0,1,0,9,7,486.5,1018.55,"[""legacy_50k"", ""two_years_2024"", ""minimum"", 7200]"
legacy_50k,two_years_2024,minimum,7300,57400.0,2024-07-01T01:00:20,2026-06-30T23:30:00,3967,34125.0,0,34125.0,43500.0,59990.15,43,15,46,100,54,4000.0,5375.0,9375.0,9600.0,43725.0,0,0,0,21.0,0,23,0,1918.81,,0,2026-06-29T20:30:00,4,28,24,4,0.1786,18.91,82.1,736.05,12.58,2.96,10.1,11,11,5,0,0,0,0,729.9373,7361.5535,10.0852,7237.19,45187.64,45755.03,4480.6,47416.93,4701.64,698.9792,2198.2986,6076.7294,8.1392,0.0,683.1667,1272.0272,3585.8909,6.7548,0.0,1,0,9,7,641.65,1018.55,"[""legacy_50k"", ""two_years_2024"", ""minimum"", 7300]"
legacy_50k,two_years_2024,minimum,7400,57500.0,2024-07-01T01:00:20,2026-06-30T23:30:00,3967,33625.0,0,33625.0,43000.0,60490.15,43,15,46,100,54,4000.0,5375.0,9375.0,9600.0,43225.0,0,0,0,21.0,0,23,0,1918.81,,0,2026-06-29T20:30:00,4,28,24,4,0.1786,18.91,82.1,736.05,12.58,2.96,10.1,11,11,5,0,0,0,0,729.9373,7361.5535,10.0852,7237.19,45332.84,45900.24,4494.99,47562.13,4716.04,698.9792,2214.5108,6137.333,8.1392,0.0,683.1667,1291.1845,3647.8972,6.7548,0.0,1,0,9,7,641.65,1018.55,"[""legacy_50k"", ""two_years_2024"", ""minimum"", 7400]"
legacy_50k,two_years_2024,minimum,7500,57600.0,2024-07-01T01:00:20,2026-06-30T23:30:00,3967,32625.0,0,32625.0,42000.0,61490.15,43,15,46,100,54,4000.0,5375.0,9375.0,9600.0,42225.0,0,0,0,21.0,0,23,0,1918.81,,0,2026-06-29T20:30:00,4,28,24,4,0.1786,18.91,82.1,736.05,12.58,2.96,10.1,11,11,5,0,0,0,0,729.9373,7361.5535,10.0852,7237.19,45930.81,46498.21,4554.28,48160.1,4775.33,698.9792,2244.3333,6214.3538,8.1392,0.0,683.1667,1318.4303,3720.678,6.7548,0.0,1,0,9,7,761.35,1192.1,"[""legacy_50k"", ""two_years_2024"", ""minimum"", 7500]"
legacy_50k,two_years_2024,minimum,8000,58100.0,2024-07-01T01:00:20,2026-06-30T23:30:00,3967,28625.0,0,28625.0,38000.0,65490.15,43,15,46,100,54,4000.0,5375.0,9375.0,9600.0,38225.0,0,0,0,21.0,0,23,0,1918.81,,0,2026-06-29T20:30:00,4,28,24,4,0.1786,18.91,82.1,736.05,12.58,2.96,10.1,11,11,5,0,0,0,0,729.9373,7361.5535,10.0852,7237.19,47313.0,47880.4,4691.34,49542.3,4912.38,698.9792,2326.0407,6512.4758,8.1392,0.0,683.1667,1397.6622,4012.7592,6.7548,0.0,1,0,9,7,1018.55,1641.65,"[""legacy_50k"", ""two_years_2024"", ""minimum"", 8000]"
legacy_50k,two_years_2024,minimum,9000,59100.0,2024-07-01T01:00:20,2026-06-30T23:30:00,3967,20125.0,0,20125.0,29500.0,73990.15,43,15,46,100,54,4000.0,5375.0,9375.0,9600.0,29725.0,0,0,0,21.0,0,23,0,1918.81,,0,2026-06-29T20:30:00,4,28,24,4,0.1786,18.91,82.1,736.05,12.58,2.96,10.1,11,11,5,0,0,0,0,729.9373,7361.5535,10.0852,7237.19,51015.13,51582.53,5058.42,53244.43,5279.47,698.9792,2549.1743,6967.6159,8.1392,0.0,683.1667,1624.7406,4478.434,6.7548,0.0,1,0,9,7,1018.55,2641.65,"[""legacy_50k"", ""two_years_2024"", ""minimum"", 9000]"
legacy_50k,two_years_2024,minimum,10000,60100.0,2024-07-01T01:00:20,2026-06-30T23:30:00,3967,12125.0,0,12125.0,21500.0,81990.15,43,15,46,100,54,4000.0,5375.0,9375.0,9600.0,21725.0,0,0,0,21.0,0,23,0,1918.81,,0,2026-06-29T20:30:00,4,28,24,4,0.1786,18.91,82.1,736.05,12.58,2.96,10.1,11,11,5,0,0,0,0,729.9373,7361.5535,10.0852,7237.19,54039.14,54606.54,5358.27,56268.43,5579.32,698.9792,2777.1278,7703.8595,8.1392,0.0,683.1667,1878.7725,5231.7186,6.7548,0.0,1,0,9,7,1018.55,3641.65,"[""legacy_50k"", ""two_years_2024"", ""minimum"", 10000]"
legacy_50k,two_years_2024,maximum,0,50100.0,2024-07-01T01:00:20,2026-06-30T23:30:00,3967,54381.14,0,54381.14,67021.14,15594.55,56,7,64,141,77,5640.0,7000.0,12640.0,9600.0,63981.14,0,0,0,21.5,0,33,0,82.98,,0,2026-06-29T20:30:00,8,49,44,5,0.102,23.21,70.65,1383.52,12.58,9.96,6.32,14,14,8,0,0,0,0,729.9373,4597.2343,6.2981,10001.51,10895.87,11612.1,1730.02,15052.01,2389.92,665.3419,1451.9042,4445.6609,5.0128,0.0062,549.2988,1259.9463,2923.6078,2.8929,0.0,3,0,1,1,1018.55,1018.55,"[""legacy_50k"", ""two_years_2024"", ""maximum"", 0]"
legacy_50k,two_years_2024,maximum,1000,51100.0,2024-07-01T01:00:20,2026-06-30T23:30:00,3967,53962.2,0,53962.2,67332.2,17343.3,58,8,66,153,87,6120.0,7250.0,13370.0,9600.0,63562.2,0,0,0,21.5,0,35,0,82.98,,0,2026-06-29T20:30:00,8,50,44,6,0.08,32.9,125.04,1693.82,12.58,9.96,6.47,16,16,8,0,0,0,0,729.9373,4701.8933,6.4415,9896.85,11085.86,11889.35,1721.0,15361.13,2384.71,665.3419,1437.6976,4370.4144,4.8331,0.0287,549.2988,1271.8013,2903.015,2.9018,0.0,3,0,1,1,1018.55,1018.55,"[""legacy_50k"", ""two_years_2024"", ""maximum"", 1000]"
legacy_50k,two_years_2024,maximum,2000,52100.0,2024-07-01T01:00:20,2026-06-30T23:30:00,3967,60353.15,0,60353.15,73248.15,19092.05,59,9,64,138,74,5520.0,7375.0,12895.0,9600.0,69953.15,0,0,0,21.5,0,33,0,82.98,,0,2026-06-29T20:30:00,8,50,45,5,0.12,9.21,71.15,1231.03,12.58,5.96,7.22,16,16,9,0,0,0,0,729.9373,5249.6764,7.192,9349.07,15313.21,16060.48,2129.21,19323.54,2686.83,672.3419,1668.2174,4803.9063,4.8678,0.0121,591.3822,1326.4532,3192.1156,3.1386,0.0036,3,0,1,1,1018.55,1018.55,"[""legacy_50k"", ""two_years_2024"", ""maximum"", 2000]"
legacy_50k,two_years_2024,maximum,3000,53100.0,2024-07-01T01:00:20,2026-06-30T23:30:00,3967,53034.4,0,53034.4,64979.4,7841.95,53,3,64,133,69,5320.0,6625.0,11945.0,9600.0,62634.4,0,0,0,21.0,0,34,0,82.98,,0,2026-06-29T20:30:00,7,50,38,12,0.12,20.96,96.1,1458.63,104.08,2.96,7.17,17,17,6,0,0,0,0,729.9373,5217.0593,7.1473,9381.69,18228.67,18785.33,2550.44,21167.67,2961.64,668.884,1733.1539,4963.1636,5.0862,0.006,592.7025,1080.5337,3069.0988,3.4627,0.0036,2,0,1,1,1018.55,1018.55,"[""legacy_50k"", ""two_years_2024"", ""maximum"", 3000]"
legacy_50k,two_years_2024,maximum,3100,53200.0,2024-07-01T01:00:20,2026-06-30T23:30:00,3967,51534.4,0,51534.4,63479.4,7841.95,53,3,64,133,69,5320.0,6625.0,11945.0,9600.0,61134.4,0,0,0,21.0,0,34,0,82.98,,0,2026-06-29T20:30:00,7,50,38,12,0.12,20.96,96.1,1456.13,104.08,2.96,7.17,17,17,6,0,0,0,0,729.9373,5219.5588,7.1507,9379.19,18384.55,18941.21,2571.02,21323.2,2981.98,668.9315,1738.0553,4975.5934,5.0497,0.006,593.3125,1077.3454,3068.0847,3.4193,0.0035,2,0,1,1,1018.55,1018.55,"[""legacy_50k"", ""two_years_2024"", ""maximum"", 3100]"
legacy_50k,two_years_2024,maximum,3200,53300.0,2024-07-01T01:00:20,2026-06-30T23:30:00,3967,44257.8,0,44257.8,55867.8,7841.95,50,3,62,134,72,5360.0,6250.0,11610.0,9600.0,53857.8,0,0,0,21.0,0,35,0,82.98,,0,2026-06-29T20:30:00,8,47,35,12,0.1277,38.16,105.65,1566.02,104.08,2.96,7.2,17,17,5,0,0,0,0,729.9373,5237.6632,7.1755,9361.08,17189.74,17705.33,2395.62,20166.24,2810.43,672.0773,1696.7321,4955.8348,5.0808,0.006,617.3032,1065.0385,2967.4043,3.4327,0.0034,2,0,1,1,1018.55,1018.55,"[""legacy_50k"", ""two_years_2024"", ""maximum"", 3200]"
legacy_50k,two_years_2024,maximum,3300,53400.0,2024-07-01T01:00:20,2026-06-30T23:30:00,3967,43701.35,0,43701.35,55146.35,7841.95,49,3,61,133,72,5320.0,6125.0,11445.0,9600.0,53301.35,0,0,0,21.0,0,35,0,82.98,,0,2026-06-29T20:30:00,8,46,34,12,0.1304,38.16,105.65,1563.12,104.08,2.96,7.2,17,17,5,0,0,0,0,729.9373,5240.5644,7.1795,9358.18,17545.49,18057.78,2443.84,20471.49,2851.39,672.0773,1701.5761,4968.5815,5.4007,0.006,617.9065,1055.8043,2968.2001,3.7783,0.0034,2,0,1,1,1018.55,1018.55,"[""legacy_50k"", ""two_years_2024"", ""maximum"", 3300]"
legacy_50k,two_years_2024,maximum,3400,53500.0,2024-07-01T01:00:20,2026-06-30T23:30:00,3967,42723.05,0,42723.05,54168.05,7841.95,49,3,61,133,72,5320.0,6125.0,11445.0,9600.0,52323.05,0,0,0,21.0,0,35,0,82.98,,0,2026-06-29T20:30:00,8,46,34,12,0.1304,38.16,105.65,1559.06,104.08,2.96,7.2,17,17,5,0,0,0,0,729.9373,5244.6227,7.185,9354.12,17672.69,18184.98,2459.65,20598.14,2866.81,672.0773,1706.6399,4980.8322,5.4133,0.006,617.9065,1055.4012,2973.2955,3.7921,0.0034,2,0,1,1,1018.55,1018.55,"[""legacy_50k"", ""two_years_2024"", ""maximum"", 3400]"
legacy_50k,two_years_2024,maximum,3500,53600.0,2024-07-01T01:00:20,2026-06-30T23:30:00,3967,41323.05,0,41323.05,52768.05,7841.95,49,3,61,133,72,5320.0,6125.0,11445.0,9600.0,50923.05,0,0,0,21.0,0,35,0,82.98,,0,2026-06-29T20:30:00,7,46,34,12,0.1304,38.16,105.65,1558.86,104.08,2.96,7.2,17,17,5,0,0,0,0,729.9373,5244.8227,7.1853,9353.92,17804.65,18316.94,2477.93,20730.07,2885.06,672.1329,1712.5916,4994.2577,5.3939,0.006,617.9065,1054.8644,2972.6184,3.7712,0.0034,2,0,1,1,1018.55,1018.55,"[""legacy_50k"", ""two_years_2024"", ""maximum"", 3500]"
legacy_50k,two_years_2024,maximum,3600,53700.0,2024-07-01T01:00:20,2026-06-30T23:30:00,3967,38517.15,0,38517.15,49962.15,7841.95,49,3,61,133,72,5320.0,6125.0,11445.0,9600.0,48117.15,0,0,0,21.0,0,35,0,82.98,,0,2026-06-29T20:30:00,7,46,34,12,0.1304,38.16,105.65,1552.62,104.08,2.96,7.22,17,17,5,0,0,0,0,729.9373,5251.0725,7.1939,9347.67,17992.22,18504.5,2501.05,20916.78,2907.58,672.1329,1718.8001,5011.7832,5.5485,0.006,619.1412,1056.7455,2983.9158,3.9335,0.0034,2,0,1,1,1018.55,1018.55,"[""legacy_50k"", ""two_years_2024"", ""maximum"", 3600]"
legacy_50k,two_years_2024,maximum,3700,53800.0,2024-07-01T01:00:20,2026-06-30T23:30:00,3967,37991.25,0,37991.25,49396.25,7841.95,49,3,60,132,72,5280.0,6125.0,11405.0,9600.0,47591.25,0,0,0,21.0,0,35,0,82.98,,0,2026-06-29T20:30:00,7,46,34,12,0.1304,38.16,105.65,1548.85,104.08,2.96,7.22,17,17,5,0,0,0,0,729.9373,5254.8366,7.199,9343.91,18162.53,18674.82,2522.92,21086.58,2929.09,672.1329,1727.2517,5031.6456,5.4746,0.006,619.1412,1057.8676,2993.876,3.8533,0.0034,2,0,1,1,1018.55,1018.55,"[""legacy_50k"", ""two_years_2024"", ""maximum"", 3700]"
legacy_50k,two_years_2024,maximum,3800,53900.0,2024-07-01T01:00:20,2026-06-30T23:30:00,3967,35741.0,0,35741.0,47146.0,9418.8,49,4,60,132,72,5280.0,6125.0,11405.0,9600.0,45341.0,0,0,0,21.0,0,34,0,82.98,,0,2026-06-29T20:30:00,6,45,34,11,0.1333,38.1,105.65,1546.42,104.08,2.96,7.22,17,17,5,0,0,0,0,729.9373,5257.2653,7.2024,9341.48,18347.24,18859.53,2547.4,21270.95,2953.33,672.1329,1738.3121,5066.2925,5.6761,0.006,619.1968,1064.45,3018.0664,4.0718,0.0034,2,0,1,1,1018.55,1018.55,"[""legacy_50k"", ""two_years_2024"", ""maximum"", 3800]"
legacy_50k,two_years_2024,maximum,3900,54000.0,2024-07-01T01:00:20,2026-06-30T23:30:00,3967,34021.65,0,34021.65,45426.65,9518.8,49,4,60,132,72,5280.0,6125.0,11405.0,9600.0,43621.65,0,0,0,21.0,0,34,0,82.98,,0,2026-06-29T20:30:00,6,45,34,11,0.1333,38.1,105.65,1544.92,104.08,2.96,7.22,17,17,5,0,0,0,0,729.9373,5258.7706,7.2044,9339.97,18449.24,18961.53,2560.82,21372.75,2966.62,672.1877,1742.0124,5064.3746,5.6773,0.006,619.3037,1062.5099,3002.1479,4.0729,0.0034,2,0,1,1,1018.55,1018.55,"[""legacy_50k"", ""two_years_2024"", ""maximum"", 3900]"
legacy_50k,two_years_2024,maximum,4000,54100.0,2024-07-01T01:00:20,2026-06-30T23:30:00,3967,33062.4,0,33062.4,44467.4,9618.8,49,4,60,132,72,5280.0,6125.0,11405.0,9600.0,42662.4,0,0,0,21.0,0,34,0,82.98,,0,2026-06-29T20:30:00,6,45,34,11,0.1333,38.1,105.65,1542.5,104.08,2.96,7.23,17,17,5,0,0,0,0,729.9373,5261.1875,7.2077,9337.56,18558.79,19071.08,2574.85,21481.97,2980.41,672.1877,1748.0276,5076.2649,5.55,0.006,619.3044,1064.9054,2999.3712,3.9347,0.0034,2,0,1,1,1018.55,1018.55,"[""legacy_50k"", ""two_years_2024"", ""maximum"", 4000]"
legacy_50k,two_years_2024,maximum,4100,54200.0,2024-07-01T01:00:20,2026-06-30T23:30:00,3967,31194.55,0,31194.55,42599.55,13991.7,49,7,60,132,72,5280.0,6125.0,11405.0,9600.0,40794.55,0,0,0,21.0,0,31,0,82.98,,0,2026-06-29T20:30:00,4,42,34,8,0.1429,38.04,105.65,1531.87,104.08,2.96,7.24,17,17,5,0,0,0,0,729.9373,5271.8215,7.2223,9326.92,18714.1,19226.39,2591.16,21635.82,2995.7,672.2324,1755.5793,5088.4722,5.6253,0.0027,624.0417,1067.4435,2994.8602,3.9903,0.007,1,0,1,1,1018.55,1018.55,"[""legacy_50k"", ""two_years_2024"", ""maximum"", 4100]"
legacy_50k,two_years_2024,maximum,4200,54300.0,2024-07-01T01:00:20,2026-06-30T23:30:00,3967,29347.8,0,29347.8,40752.8,14391.7,49,7,60,132,72,5280.0,6125.0,11405.0,9600.0,38947.8,0,0,0,21.0,0,31,0,82.98,,0,2026-06-29T20:30:00,4,42,34,8,0.1429,37.83,98.95,1522.75,104.08,2.96,7.26,17,17,5,0,0,0,0,729.9373,5280.9326,7.2348,9317.81,18887.45,19399.74,2610.65,21807.93,3014.32,672.8782,1762.9913,5102.7814,5.6966,0.0027,630.7352,1077.4562,3006.3313,4.0393,0.0033,1,0,1,1,1018.55,1018.55,"[""legacy_50k"", ""two_years_2024"", ""maximum"", 4200]"
legacy_50k,two_years_2024,maximum,4300,54400.0,2024-07-01T01:00:20,2026-06-30T23:30:00,3967,28405.4,0,28405.4,39810.4,14791.7,49,7,60,132,72,5280.0,6125.0,11405.0,9600.0,38005.4,0,0,0,21.0,0,31,0,82.98,,0,2026-06-29T20:30:00,5,42,34,8,0.1429,37.83,105.65,1531.82,104.08,2.96,7.24,17,17,5,0,0,0,0,729.9373,5271.866,7.2224,9326.88,19055.53,19567.81,2638.41,21977.24,3042.95,672.2324,1775.9158,5120.8301,5.5866,0.0027,621.6123,1071.7589,3007.6423,3.9602,0.0034,1,0,1,1,1018.55,1018.55,"[""legacy_50k"", ""two_years_2024"", ""maximum"", 4300]"
legacy_50k,two_years_2024,maximum,4400,54500.0,2024-07-01T01:00:20,2026-06-30T23:30:00,3967,27239.75,0,27239.75,38644.75,15191.7,49,7,60,132,72,5280.0,6125.0,11405.0,9600.0,36839.75,0,0,0,21.0,0,31,0,82.98,,0,2026-06-29T20:30:00,6,42,34,8,0.1429,35.79,105.65,1520.03,104.08,2.96,7.26,17,17,5,0,0,0,0,729.9373,5283.6602,7.2385,9315.09,19170.88,19683.16,2648.46,22090.97,3051.87,672.2324,1781.5591,5135.1749,5.598,0.0027,624.0417,1079.0312,3016.9985,3.9609,0.0034,1,0,1,1,1018.55,1018.55,"[""legacy_50k"", ""two_years_2024"", ""maximum"", 4400]"
legacy_50k,two_years_2024,maximum,4500,54600.0,2024-07-01T01:00:20,2026-06-30T23:30:00,3967,43844.6,0,43844.6,55574.6,11943.1,50,5,61,137,76,5480.0,6250.0,11730.0,9600.0,53444.6,0,0,0,21.0,0,38,4,669.79,,0,2026-06-29T20:30:00,6,45,33,12,0.1111,41.89,96.1,1544.34,25.1,2.96,8.03,19,19,10,0,0,0,0,729.9373,5843.3056,8.0052,8755.44,26253.06,26810.55,3279.49,28786.24,3595.94,672.8782,1796.6755,5199.7657,6.3928,0.0,632.2083,916.5878,2753.783,4.8301,0.0,1,0,1,1,1018.55,1018.55,"[""legacy_50k"", ""two_years_2024"", ""maximum"", 4500]"
legacy_50k,two_years_2024,maximum,5000,55100.0,2024-07-01T01:00:20,2026-06-30T23:30:00,3967,51520.2,0,51520.2,62535.2,32828.8,51,14,54,116,62,4640.0,6375.0,11015.0,9600.0,61120.2,0,0,0,21.0,0,32,6,1124.6,,0,2026-06-29T20:30:00,6,37,32,5,0.1351,38.14,81.48,1051.52,12.58,2.96,9.67,19,19,10,0,0,0,0,729.9373,7046.0873,9.653,7552.66,33597.91,34193.59,3480.57,36210.72,3751.24,686.7551,1663.0668,5148.8133,6.4642,0.0,635.0051,900.5308,2817.8342,5.1726,0.0,1,0,1,1,1018.55,1018.55,"[""legacy_50k"", ""two_years_2024"", ""maximum"", 5000]"
legacy_50k,two_years_2024,maximum,5700,55800.0,2024-07-01T01:00:20,2026-06-30T23:30:00,3967,42373.35,0,42373.35,53188.35,41383.1,51,15,54,111,57,4440.0,6375.0,10815.0,9600.0,51973.35,0,0,0,21.0,0,31,6,1146.91,,0,2026-06-29T20:30:00,5,36,32,4,0.1389,26.54,77.64,889.81,12.58,2.96,9.9,19,19,8,0,0,0,0,729.9373,7207.7905,9.8745,7390.95,35520.66,36117.63,3597.2,38242.74,3872.87,690.3359,1714.4366,5286.3161,6.5781,0.0,638.5859,932.794,2896.8691,5.303,0.0,1,0,1,1,1018.55,1018.55,"[""legacy_50k"", ""two_years_2024"", ""maximum"", 5700]"
legacy_50k,two_years_2024,maximum,6000,56100.0,2024-07-01T01:00:20,2026-06-30T23:30:00,3967,38654.1,0,38654.1,49469.1,41886.25,51,15,54,111,57,4440.0,6375.0,10815.0,9600.0,48254.1,0,0,0,21.0,0,31,6,1149.21,,0,2026-06-29T20:30:00,5,36,32,4,0.1389,26.54,76.38,884.58,12.58,2.96,9.9,19,19,8,0,0,0,0,729.9373,7213.0287,9.8817,7385.72,36537.65,37134.62,3697.5,39259.02,3972.9,691.5998,1761.4116,5323.5313,6.4656,0.0,639.8498,946.1229,2904.1017,5.1839,0.0,1,0,1,1,1018.55,1018.55,"[""legacy_50k"", ""two_years_2024"", ""maximum"", 6000]"
legacy_50k,two_years_2024,maximum,6100,56200.0,2024-07-01T01:00:20,2026-06-30T23:30:00,3967,37854.1,0,37854.1,48669.1,41886.25,51,15,54,111,57,4440.0,6375.0,10815.0,9600.0,47454.1,0,0,0,21.0,0,31,6,1153.81,,0,2026-06-29T20:30:00,7,36,32,4,0.1389,26.54,76.31,879.83,12.58,2.96,9.91,19,19,8,0,0,0,0,729.9373,7217.7697,9.8882,7380.98,36922.53,37519.5,3734.0,39643.24,4009.14,691.6734,1780.1139,5330.0658,6.2568,0.0,639.9234,946.4555,2909.656,4.9584,0.0,1,0,1,1,1018.55,1018.55,"[""legacy_50k"", ""two_years_2024"", ""maximum"", 6100]"
legacy_50k,two_years_2024,maximum,6200,56300.0,2024-07-01T01:00:20,2026-06-30T23:30:00,3967,37231.5,0,37231.5,48046.5,41886.25,51,15,54,111,57,4440.0,6375.0,10815.0,9600.0,46831.5,0,0,0,21.0,0,31,6,1154.23,,0,2026-06-29T20:30:00,7,36,32,4,0.1389,26.54,76.31,879.42,12.58,2.96,9.91,19,19,8,0,0,0,0,729.9373,7218.1884,9.8888,7380.56,37082.46,37679.43,3749.95,39803.11,4025.08,691.6734,1789.5922,5356.7593,6.0641,0.0,639.9234,947.8841,2936.721,4.7501,0.0,1,0,1,1,1018.55,1018.55,"[""legacy_50k"", ""two_years_2024"", ""maximum"", 6200]"
legacy_50k,two_years_2024,maximum,6300,56400.0,2024-07-01T01:00:20,2026-06-30T23:30:00,3967,36431.5,0,36431.5,47246.5,41886.25,51,15,54,111,57,4440.0,6375.0,10815.0,9600.0,46031.5,0,0,0,21.0,0,31,6,1154.96,,0,2026-06-29T20:30:00,7,36,32,4,0.1389,26.54,76.16,878.39,12.58,2.96,9.91,19,19,8,0,0,0,0,729.9373,7219.2141,9.8902,7379.53,37415.21,38012.18,3783.06,40135.72,4058.14,691.8199,1810.7632,5399.7783,6.1413,0.0,640.0699,961.9297,2981.9854,4.8338,0.0,1,0,1,1,1018.55,1018.55,"[""legacy_50k"", ""two_years_2024"", ""maximum"", 6300]"
legacy_50k,two_years_2024,maximum,6400,56500.0,2024-07-01T01:00:20,2026-06-30T23:30:00,3967,35716.5,0,35716.5,46446.5,39758.7,50,14,54,112,58,4480.0,6250.0,10730.0,9600.0,45316.5,0,0,0,21.0,0,31,6,1155.8,,0,2026-06-29T20:30:00,7,36,31,5,0.1389,27.89,76.16,944.52,12.58,2.96,9.82,18,18,7,0,0,0,0,729.9373,7153.0801,9.7996,7445.67,37374.89,37970.9,3813.93,40065.82,4088.52,691.8199,1827.6257,5391.0447,6.1671,0.0,640.0699,980.4572,2970.759,4.8617,0.0,1,0,1,1,1018.55,1018.55,"[""legacy_50k"", ""two_years_2024"", ""maximum"", 6400]"
legacy_50k,two_years_2024,maximum,6500,56600.0,2024-07-01T01:00:20,2026-06-30T23:30:00,3967,35001.5,0,35001.5,45646.5,38009.95,49,13,54,113,59,4520.0,6125.0,10645.0,9600.0,44601.5,0,0,0,21.0,0,31,6,1165.14,,0,2026-06-29T20:30:00,7,36,30,6,0.1389,31.77,88.31,992.46,25.1,2.96,9.75,17,17,7,0,0,0,0,729.9373,7105.1488,9.7339,7493.6,37516.18,38110.07,3854.17,40190.93,4128.96,693.6734,1848.9471,5430.4736,6.2973,0.0,641.9234,994.2009,3018.5733,5.0062,0.0,1,0,1,1,1018.55,1018.55,"[""legacy_50k"", ""two_years_2024"", ""maximum"", 6500]"
legacy_50k,two_years_2024,maximum,6600,56700.0,2024-07-01T01:00:20,2026-06-30T23:30:00,3967,33878.45,0,33878.45,44438.45,36261.2,48,12,54,114,60,4560.0,6000.0,10560.0,9600.0,43478.45,0,0,0,21.0,0,31,6,1169.04,,0,2026-06-29T20:30:00,7,36,29,7,0.1389,35.65,88.16,1049.24,25.1,2.96,9.67,16,16,7,0,0,0,0,729.9373,7048.3662,9.6561,7550.38,37655.75,38247.51,3899.67,40315.52,4175.12,694.8248,1867.8867,5406.6847,6.1278,0.0,643.0748,1005.1812,2991.5498,4.8376,0.0,1,0,1,1,1018.55,1018.55,"[""legacy_50k"", ""two_years_2024"", ""maximum"", 6600]"
legacy_50k,two_years_2024,maximum,6700,56800.0,2024-07-01T01:00:20,2026-06-30T23:30:00,3967,32640.35,0,32640.35,43645.35,24754.1,49,9,57,122,65,4880.0,6125.0,11005.0,9600.0,42240.35,0,0,0,21.0,0,35,6,1188.48,,8,2026-06-29T20:30:00,8,40,30,10,0.125,44.67,84.75,1236.81,25.1,2.96,9.42,18,18,7,0,0,0,0,729.9373,6860.7988,9.3992,7737.95,36859.85,37445.44,3921.61,39339.47,4185.42,697.2292,1913.1279,5495.1824,6.0003,0.0,645.4792,1028.8219,3100.8802,4.6508,0.0,1,0,9,2,101.4,1018.55,"[""legacy_50k"", ""two_years_2024"", ""maximum"", 6700]"
legacy_50k,two_years_2024,maximum,6800,56900.0,2024-07-01T01:00:20,2026-06-30T23:30:00,3967,37758.35,28384.2,66142.55,47133.35,56356.8,43,15,46,100,54,4000.0,5375.0,9375.0,9600.0,75742.55,0,0,0,21.0,0,23,0,1918.81,,0,2026-06-29T20:30:00,4,28,24,4,0.1786,18.91,82.1,736.05,12.58,2.96,10.1,11,11,5,0,0,0,0,729.9373,7361.5535,10.0852,7237.19,40867.03,41434.42,4052.18,43096.32,4273.23,698.9792,1900.9301,5421.1123,5.7487,0.0,683.1667,993.6623,2937.2502,4.309,0.0,1,0,9,2,201.4,1018.55,"[""legacy_50k"", ""two_years_2024"", ""maximum"", 6800]"
legacy_50k,two_years_2024,maximum,6900,57000.0,2024-07-01T01:00:20,2026-06-30T23:30:00,3967,36858.35,28884.2,65742.55,46233.35,57256.8,43,15,46,100,54,4000.0,5375.0,9375.0,9600.0,75342.55,0,0,0,21.0,0,23,0,1918.81,,0,2026-06-29T20:30:00,4,28,24,4,0.1786,18.91,82.1,736.05,12.58,2.96,10.1,11,11,5,0,0,0,0,729.9373,7361.5535,10.0852,7237.19,41278.45,41845.85,4092.98,43507.75,4314.02,698.9792,1919.9532,5415.81,5.7258,0.0,683.1667,1004.234,2926.7937,4.2856,0.0,1,0,9,2,301.4,1018.55,"[""legacy_50k"", ""two_years_2024"", ""maximum"", 6900]"
legacy_50k,two_years_2024,maximum,7000,57100.0,2024-07-01T01:00:20,2026-06-30T23:30:00,3967,35958.35,29384.2,65342.55,45333.35,58156.8,43,15,46,100,54,4000.0,5375.0,9375.0,9600.0,74942.55,0,0,0,21.0,0,23,0,1918.81,,0,2026-06-29T20:30:00,4,28,24,4,0.1786,18.91,82.1,736.05,12.58,2.96,10.1,11,11,5,0,0,0,0,729.9373,7361.5535,10.0852,7237.19,41732.65,42300.05,4138.02,43961.95,4359.06,698.9792,1946.9684,5453.4083,5.6915,0.0,683.1667,1024.9974,2960.2307,4.2505,0.0,1,0,9,2,401.4,1018.55,"[""legacy_50k"", ""two_years_2024"", ""maximum"", 7000]"
legacy_50k,two_years_2024,maximum,7100,57200.0,2024-07-01T01:00:20,2026-06-30T23:30:00,3967,35058.35,29884.2,64942.55,44433.35,59056.8,43,15,46,100,54,4000.0,5375.0,9375.0,9600.0,74542.55,0,0,0,21.0,0,23,0,1918.81,,0,2026-06-29T20:30:00,4,28,24,4,0.1786,18.91,82.1,736.05,12.58,2.96,10.1,11,11,5,0,0,0,0,729.9373,7361.5535,10.0852,7237.19,42164.94,42732.34,4180.88,44394.23,4401.92,698.9792,1968.7376,5465.4366,5.5899,0.0,683.1667,1040.209,2967.5059,4.1465,0.0,1,0,9,2,501.4,1018.55,"[""legacy_50k"", ""two_years_2024"", ""maximum"", 7100]"
legacy_50k,two_years_2024,maximum,7200,57300.0,2024-07-01T01:00:20,2026-06-30T23:30:00,3967,34158.35,30384.2,64542.55,43533.35,59956.8,43,15,46,100,54,4000.0,5375.0,9375.0,9600.0,74142.55,0,0,0,21.0,0,23,0,1918.81,,0,2026-06-29T20:30:00,4,28,24,4,0.1786,18.91,82.1,736.05,12.58,2.96,10.1,11,11,5,0,0,0,0,729.9373,7361.5535,10.0852,7237.19,42589.69,43157.09,4223.0,44818.99,4444.04,698.9792,1991.353,5523.1427,5.7244,0.0,683.1667,1057.8036,3021.5162,4.2841,0.0,1,0,9,2,601.4,1018.55,"[""legacy_50k"", ""two_years_2024"", ""maximum"", 7200]"
legacy_50k,two_years_2024,maximum,7300,57400.0,2024-07-01T01:00:20,2026-06-30T23:30:00,3967,33258.35,30884.2,64142.55,42633.35,60856.8,43,15,46,100,54,4000.0,5375.0,9375.0,9600.0,73742.55,0,0,0,21.0,0,23,0,1918.81,,0,2026-06-29T20:30:00,4,28,24,4,0.1786,18.91,82.1,736.05,12.58,2.96,10.1,11,11,5,0,0,0,0,729.9373,7361.5535,10.0852,7237.19,43051.09,43618.49,4268.75,45280.39,4489.79,698.9792,2017.7105,5564.8583,5.9046,0.0,683.1667,1079.5685,3059.1657,4.4686,0.0,1,0,9,2,701.4,1018.55,"[""legacy_50k"", ""two_years_2024"", ""maximum"", 7300]"
legacy_50k,two_years_2024,maximum,7400,57500.0,2024-07-01T01:00:20,2026-06-30T23:30:00,3967,32358.35,31384.2,63742.55,41733.35,61756.8,43,15,46,100,54,4000.0,5375.0,9375.0,9600.0,73342.55,0,0,0,21.0,0,23,0,1918.81,,0,2026-06-29T20:30:00,4,28,24,4,0.1786,18.91,82.1,736.05,12.58,2.96,10.1,11,11,5,0,0,0,0,729.9373,7361.5535,10.0852,7237.19,43483.31,44050.71,4311.6,45712.61,4532.65,698.9792,2039.9785,5575.4773,5.9232,0.0,683.1667,1097.036,3064.9991,4.4876,0.0,1,0,9,2,801.4,1018.55,"[""legacy_50k"", ""two_years_2024"", ""maximum"", 7400]"
legacy_50k,two_years_2024,maximum,7500,57600.0,2024-07-01T01:00:20,2026-06-30T23:30:00,3967,31458.35,31884.2,63342.55,40833.35,62656.8,43,15,46,100,54,4000.0,5375.0,9375.0,9600.0,72942.55,0,0,0,21.0,0,23,0,1918.81,,0,2026-06-29T20:30:00,4,28,24,4,0.1786,18.91,82.1,736.05,12.58,2.96,10.1,11,11,5,0,0,0,0,729.9373,7361.5535,10.0852,7237.19,43885.54,44452.94,4351.49,46114.83,4572.53,698.9792,2060.6068,5589.0765,5.8846,0.0,683.1667,1113.1682,3073.8815,4.4481,0.0,1,0,9,2,901.4,1018.55,"[""legacy_50k"", ""two_years_2024"", ""maximum"", 7500]"
legacy_50k,two_years_2024,maximum,8000,58100.0,2024-07-01T01:00:20,2026-06-30T23:30:00,3967,26958.35,34384.2,61342.55,36333.35,67156.8,43,15,46,100,54,4000.0,5375.0,9375.0,9600.0,70942.55,0,0,0,21.0,0,23,0,1918.81,,0,2026-06-29T20:30:00,4,28,24,4,0.1786,18.91,82.1,736.05,12.58,2.96,10.1,11,11,5,0,0,0,0,729.9373,7361.5535,10.0852,7237.19,45958.24,46525.63,4557.0,48187.53,4778.05,698.9792,2181.5735,5813.9546,5.7058,0.0,683.1667,1230.6122,3298.0702,4.2651,0.0,1,0,9,2,1018.55,1401.4,"[""legacy_50k"", ""two_years_2024"", ""maximum"", 8000]"
legacy_50k,two_years_2024,maximum,9000,59100.0,2024-07-01T01:00:20,2026-06-30T23:30:00,3967,19245.25,26030.52,45275.77,28620.25,74869.9,43,15,46,100,54,4000.0,5375.0,9375.0,9600.0,54875.77,0,0,0,21.0,0,23,0,1918.81,,0,2026-06-29T20:30:00,4,28,24,4,0.1786,18.91,82.1,736.05,12.58,2.96,10.1,11,11,5,0,0,0,0,729.9373,7361.5535,10.0852,7237.19,50125.82,50693.21,4970.24,52355.11,5191.29,698.9792,2466.6118,6657.7408,6.444,0.0,683.1667,1534.7189,4161.3865,5.0204,0.0,1,0,9,3,1018.55,2401.4,"[""legacy_50k"", ""two_years_2024"", ""maximum"", 9000]"
legacy_50k,two_years_2024,maximum,10000,60100.0,2024-07-01T01:00:20,2026-06-30T23:30:00,3967,11202.1,21353.68,32555.78,20577.1,82913.05,43,15,46,100,54,4000.0,5375.0,9375.0,9600.0,42155.78,0,0,0,21.0,0,23,0,1918.81,,0,2026-06-29T20:30:00,4,28,24,4,0.1786,18.91,82.1,736.05,12.58,2.96,10.1,11,11,5,0,0,0,0,729.9373,7361.5535,10.0852,7237.19,53368.46,53935.86,5291.77,55597.76,5512.81,698.9792,2711.1418,7357.6217,6.65,0.0,683.1667,1805.5984,4877.4668,5.2311,0.0,1,0,9,4,1018.55,3401.4,"[""legacy_50k"", ""two_years_2024"", ""maximum"", 10000]"
