at,account_id,trade_key,entry_at,equity_before,floor_before,mae,mfe,gross_pnl,adverse_equity,equity_after,floor_after,alive_after,death_equity
2026-03-02T03:30:00,4,RR1.00:2-3:555:2093,2026-03-02T02:50:40,2353.2,100.0,-17.0,229.5,184.0,2336.2,2536.15,100.0,True,
2026-03-02T03:30:00,30,RR1.00:2-3:555:2093,2026-03-02T02:50:40,2141.2,100.0,-17.0,229.5,184.0,2124.2,2324.15,100.0,True,
2026-03-02T03:30:00,31,RR1.00:2-3:555:2093,2026-03-02T02:50:40,2141.2,100.0,-17.0,229.5,184.0,2124.2,2324.15,100.0,True,
2026-03-02T03:30:00,32,RR1.00:2-3:555:2093,2026-03-02T02:50:40,2521.3,100.0,-17.0,229.5,184.0,2504.3,2704.25,100.0,True,
2026-03-02T03:30:00,33,RR1.00:2-3:555:2093,2026-03-02T02:50:40,2521.3,100.0,-17.0,229.5,184.0,2504.3,2704.25,100.0,True,
2026-03-02T03:30:00,34,RR1.00:2-3:555:2093,2026-03-02T02:50:40,2521.3,100.0,-17.0,229.5,184.0,2504.3,2704.25,100.0,True,
2026-03-02T03:30:00,35,RR1.00:2-3:555:2093,2026-03-02T02:50:40,2521.3,100.0,-17.0,229.5,184.0,2504.3,2704.25,100.0,True,
2026-03-02T03:30:00,36,RR1.00:2-3:555:2093,2026-03-02T02:50:40,2431.05,100.0,-17.0,229.5,184.0,2414.05,2614.0,100.0,True,
2026-03-02T03:30:00,37,RR1.00:2-3:555:2093,2026-03-02T02:50:40,2431.05,100.0,-17.0,229.5,184.0,2414.05,2614.0,100.0,True,
2026-03-02T03:30:00,38,RR1.00:2-3:555:2093,2026-03-02T02:50:40,2431.05,100.0,-17.0,229.5,184.0,2414.05,2614.0,100.0,True,
2026-03-02T03:30:00,39,RR1.00:2-3:555:2093,2026-03-02T02:50:40,2098.95,100.0,-17.0,229.5,184.0,2081.95,2281.9,100.0,True,
2026-03-02T03:30:00,40,RR1.00:2-3:555:2093,2026-03-02T02:50:40,2098.95,100.0,-17.0,229.5,184.0,2081.95,2281.9,100.0,True,
2026-03-02T03:30:00,41,RR1.00:2-3:555:2093,2026-03-02T02:50:40,2098.95,100.0,-17.0,229.5,184.0,2081.95,2281.9,100.0,True,
2026-03-02T03:30:00,42,RR1.00:2-3:555:2093,2026-03-02T02:50:40,2247.6,100.0,-17.0,229.5,184.0,2230.6,2430.55,100.0,True,
2026-03-02T03:30:00,43,RR1.00:2-3:555:2093,2026-03-02T02:50:40,2143.25,100.0,-17.0,229.5,184.0,2126.25,2326.2,100.0,True,
2026-03-02T03:30:00,44,RR1.00:2-3:555:2093,2026-03-02T02:50:40,2354.4,100.0,-17.0,229.5,184.0,2337.4,2537.35,100.0,True,
2026-03-02T03:30:00,48,RR1.00:2-3:555:2093,2026-03-02T02:50:40,2263.85,100.0,-17.0,229.5,184.0,2246.85,2446.8,100.0,True,
2026-03-02T03:30:00,55,RR1.00:2-3:555:2093,2026-03-02T02:50:40,2130.25,100.0,-17.0,229.5,184.0,2113.25,2313.2,100.0,True,
2026-03-02T03:30:00,56,RR1.00:2-3:555:2093,2026-03-02T02:50:40,2125.9,100.0,-17.0,229.5,184.0,2108.9,2308.85,100.0,True,
2026-03-02T03:30:00,57,RR1.00:2-3:555:2093,2026-03-02T02:50:40,2114.7,100.0,-17.0,229.5,184.0,2097.7,2297.65,100.0,True,
2026-03-02T11:30:00,4,RR1.00:10-11:584:2112,2026-03-02T10:40:40,2536.15,100.0,-24.0,193.0,165.5,2512.15,2700.6,100.0,True,
2026-03-02T11:30:00,30,RR1.00:10-11:584:2112,2026-03-02T10:40:40,2324.15,100.0,-24.0,193.0,165.5,2300.15,2488.6,100.0,True,
2026-03-02T11:30:00,31,RR1.00:10-11:584:2112,2026-03-02T10:40:40,2324.15,100.0,-24.0,193.0,165.5,2300.15,2488.6,100.0,True,
2026-03-02T11:30:00,32,RR1.00:10-11:584:2112,2026-03-02T10:40:40,2704.25,100.0,-24.0,193.0,165.5,2680.25,2868.7,100.0,True,
2026-03-02T11:30:00,33,RR1.00:10-11:584:2112,2026-03-02T10:40:40,2704.25,100.0,-24.0,193.0,165.5,2680.25,2868.7,100.0,True,
2026-03-02T11:30:00,34,RR1.00:10-11:584:2112,2026-03-02T10:40:40,2704.25,100.0,-24.0,193.0,165.5,2680.25,2868.7,100.0,True,
2026-03-02T11:30:00,35,RR1.00:10-11:584:2112,2026-03-02T10:40:40,2704.25,100.0,-24.0,193.0,165.5,2680.25,2868.7,100.0,True,
2026-03-02T11:30:00,36,RR1.00:10-11:584:2112,2026-03-02T10:40:40,2614.0,100.0,-24.0,193.0,165.5,2590.0,2778.45,100.0,True,
2026-03-02T11:30:00,37,RR1.00:10-11:584:2112,2026-03-02T10:40:40,2614.0,100.0,-24.0,193.0,165.5,2590.0,2778.45,100.0,True,
2026-03-02T11:30:00,38,RR1.00:10-11:584:2112,2026-03-02T10:40:40,2614.0,100.0,-24.0,193.0,165.5,2590.0,2778.45,100.0,True,
2026-03-02T11:30:00,39,RR1.00:10-11:584:2112,2026-03-02T10:40:40,2281.9,100.0,-24.0,193.0,165.5,2257.9,2446.35,100.0,True,
2026-03-02T11:30:00,40,RR1.00:10-11:584:2112,2026-03-02T10:40:40,2281.9,100.0,-24.0,193.0,165.5,2257.9,2446.35,100.0,True,
2026-03-02T11:30:00,41,RR1.00:10-11:584:2112,2026-03-02T10:40:40,2281.9,100.0,-24.0,193.0,165.5,2257.9,2446.35,100.0,True,
2026-03-02T11:30:00,42,RR1.00:10-11:584:2112,2026-03-02T10:40:40,2430.55,100.0,-24.0,193.0,165.5,2406.55,2595.0,100.0,True,
2026-03-02T11:30:00,43,RR1.00:10-11:584:2112,2026-03-02T10:40:40,2326.2,100.0,-24.0,193.0,165.5,2302.2,2490.65,100.0,True,
2026-03-02T11:30:00,44,RR1.00:10-11:584:2112,2026-03-02T10:40:40,2537.35,100.0,-24.0,193.0,165.5,2513.35,2701.8,100.0,True,
2026-03-02T11:30:00,48,RR1.00:10-11:584:2112,2026-03-02T10:40:40,2446.8,100.0,-24.0,193.0,165.5,2422.8,2611.25,100.0,True,
2026-03-02T11:30:00,55,RR1.00:10-11:584:2112,2026-03-02T10:40:40,2313.2,100.0,-24.0,193.0,165.5,2289.2,2477.65,100.0,True,
2026-03-02T11:30:00,56,RR1.00:10-11:584:2112,2026-03-02T10:40:40,2308.85,100.0,-24.0,193.0,165.5,2284.85,2473.3,100.0,True,
2026-03-02T11:30:00,57,RR1.00:10-11:584:2112,2026-03-02T10:40:40,2297.65,100.0,-24.0,193.0,165.5,2273.65,2462.1,100.0,True,
2026-03-02T14:19:40,4,RR1.00:13-14:567:2096,2026-03-02T13:31:40,2700.6,100.0,-72.0,116.0,-72.0,2628.6,2627.55,100.0,True,
2026-03-02T14:19:40,30,RR1.00:13-14:567:2096,2026-03-02T13:31:40,2488.6,100.0,-72.0,116.0,-72.0,2416.6,2415.55,100.0,True,
2026-03-02T14:19:40,31,RR1.00:13-14:567:2096,2026-03-02T13:31:40,2488.6,100.0,-72.0,116.0,-72.0,2416.6,2415.55,100.0,True,
2026-03-02T14:19:40,32,RR1.00:13-14:567:2096,2026-03-02T13:31:40,2868.7,100.0,-72.0,116.0,-72.0,2796.7,2795.65,100.0,True,
2026-03-02T14:19:40,33,RR1.00:13-14:567:2096,2026-03-02T13:31:40,2868.7,100.0,-72.0,116.0,-72.0,2796.7,2795.65,100.0,True,
2026-03-02T14:19:40,34,RR1.00:13-14:567:2096,2026-03-02T13:31:40,2868.7,100.0,-72.0,116.0,-72.0,2796.7,2795.65,100.0,True,
2026-03-02T14:19:40,35,RR1.00:13-14:567:2096,2026-03-02T13:31:40,2868.7,100.0,-72.0,116.0,-72.0,2796.7,2795.65,100.0,True,
2026-03-02T14:19:40,36,RR1.00:13-14:567:2096,2026-03-02T13:31:40,2778.45,100.0,-72.0,116.0,-72.0,2706.45,2705.4,100.0,True,
2026-03-02T14:19:40,37,RR1.00:13-14:567:2096,2026-03-02T13:31:40,2778.45,100.0,-72.0,116.0,-72.0,2706.45,2705.4,100.0,True,
2026-03-02T14:19:40,38,RR1.00:13-14:567:2096,2026-03-02T13:31:40,2778.45,100.0,-72.0,116.0,-72.0,2706.45,2705.4,100.0,True,
2026-03-02T14:19:40,39,RR1.00:13-14:567:2096,2026-03-02T13:31:40,2446.35,100.0,-72.0,116.0,-72.0,2374.35,2373.3,100.0,True,
2026-03-02T14:19:40,40,RR1.00:13-14:567:2096,2026-03-02T13:31:40,2446.35,100.0,-72.0,116.0,-72.0,2374.35,2373.3,100.0,True,
2026-03-02T14:19:40,41,RR1.00:13-14:567:2096,2026-03-02T13:31:40,2446.35,100.0,-72.0,116.0,-72.0,2374.35,2373.3,100.0,True,
2026-03-02T14:19:40,42,RR1.00:13-14:567:2096,2026-03-02T13:31:40,2595.0,100.0,-72.0,116.0,-72.0,2523.0,2521.95,100.0,True,
2026-03-02T14:19:40,43,RR1.00:13-14:567:2096,2026-03-02T13:31:40,2490.65,100.0,-72.0,116.0,-72.0,2418.65,2417.6,100.0,True,
2026-03-02T14:19:40,44,RR1.00:13-14:567:2096,2026-03-02T13:31:40,2701.8,100.0,-72.0,116.0,-72.0,2629.8,2628.75,100.0,True,
2026-03-02T14:19:40,48,RR1.00:13-14:567:2096,2026-03-02T13:31:40,2611.25,100.0,-72.0,116.0,-72.0,2539.25,2538.2,100.0,True,
2026-03-02T14:19:40,55,RR1.00:13-14:567:2096,2026-03-02T13:31:40,2477.65,100.0,-72.0,116.0,-72.0,2405.65,2404.6,100.0,True,
2026-03-02T14:19:40,56,RR1.00:13-14:567:2096,2026-03-02T13:31:40,2473.3,100.0,-72.0,116.0,-72.0,2401.3,2400.25,100.0,True,
2026-03-02T14:19:40,57,RR1.00:13-14:567:2096,2026-03-02T13:31:40,2462.1,100.0,-72.0,116.0,-72.0,2390.1,2389.05,100.0,True,
2026-03-02T14:55:40,4,RR1.00:12-13:510:2011,2026-03-02T12:02:40,2627.55,100.0,-88.0,149.5,-88.0,2539.55,2538.5,100.0,True,
2026-03-02T14:55:40,30,RR1.00:12-13:510:2011,2026-03-02T12:02:40,2415.55,100.0,-88.0,149.5,-88.0,2327.55,2326.5,100.0,True,
2026-03-02T14:55:40,31,RR1.00:12-13:510:2011,2026-03-02T12:02:40,2415.55,100.0,-88.0,149.5,-88.0,2327.55,2326.5,100.0,True,
2026-03-02T14:55:40,32,RR1.00:12-13:510:2011,2026-03-02T12:02:40,2795.65,100.0,-88.0,149.5,-88.0,2707.65,2706.6,100.0,True,
2026-03-02T14:55:40,33,RR1.00:12-13:510:2011,2026-03-02T12:02:40,2795.65,100.0,-88.0,149.5,-88.0,2707.65,2706.6,100.0,True,
2026-03-02T14:55:40,34,RR1.00:12-13:510:2011,2026-03-02T12:02:40,2795.65,100.0,-88.0,149.5,-88.0,2707.65,2706.6,100.0,True,
2026-03-02T14:55:40,35,RR1.00:12-13:510:2011,2026-03-02T12:02:40,2795.65,100.0,-88.0,149.5,-88.0,2707.65,2706.6,100.0,True,
2026-03-02T14:55:40,36,RR1.00:12-13:510:2011,2026-03-02T12:02:40,2705.4,100.0,-88.0,149.5,-88.0,2617.4,2616.35,100.0,True,
2026-03-02T14:55:40,37,RR1.00:12-13:510:2011,2026-03-02T12:02:40,2705.4,100.0,-88.0,149.5,-88.0,2617.4,2616.35,100.0,True,
2026-03-02T14:55:40,38,RR1.00:12-13:510:2011,2026-03-02T12:02:40,2705.4,100.0,-88.0,149.5,-88.0,2617.4,2616.35,100.0,True,
2026-03-02T14:55:40,39,RR1.00:12-13:510:2011,2026-03-02T12:02:40,2373.3,100.0,-88.0,149.5,-88.0,2285.3,2284.25,100.0,True,
2026-03-02T14:55:40,40,RR1.00:12-13:510:2011,2026-03-02T12:02:40,2373.3,100.0,-88.0,149.5,-88.0,2285.3,2284.25,100.0,True,
2026-03-02T14:55:40,41,RR1.00:12-13:510:2011,2026-03-02T12:02:40,2373.3,100.0,-88.0,149.5,-88.0,2285.3,2284.25,100.0,True,
2026-03-02T14:55:40,42,RR1.00:12-13:510:2011,2026-03-02T12:02:40,2521.95,100.0,-88.0,149.5,-88.0,2433.95,2432.9,100.0,True,
2026-03-02T14:55:40,43,RR1.00:12-13:510:2011,2026-03-02T12:02:40,2417.6,100.0,-88.0,149.5,-88.0,2329.6,2328.55,100.0,True,
2026-03-02T14:55:40,44,RR1.00:12-13:510:2011,2026-03-02T12:02:40,2628.75,100.0,-88.0,149.5,-88.0,2540.75,2539.7,100.0,True,
2026-03-02T14:55:40,48,RR1.00:12-13:510:2011,2026-03-02T12:02:40,2538.2,100.0,-88.0,149.5,-88.0,2450.2,2449.15,100.0,True,
2026-03-02T14:55:40,55,RR1.00:12-13:510:2011,2026-03-02T12:02:40,2404.6,100.0,-88.0,149.5,-88.0,2316.6,2315.55,100.0,True,
2026-03-02T14:55:40,56,RR1.00:12-13:510:2011,2026-03-02T12:02:40,2400.25,100.0,-88.0,149.5,-88.0,2312.25,2311.2,100.0,True,
2026-03-02T14:55:40,57,RR1.00:12-13:510:2011,2026-03-02T12:02:40,2389.05,100.0,-88.0,149.5,-88.0,2301.05,2300.0,100.0,True,
2026-03-02T15:58:40,4,RR1.00:15-16:678:2220,2026-03-02T15:19:40,2538.5,100.0,-108.5,150.5,-108.5,2430.0,2428.95,100.0,True,
2026-03-02T15:58:40,30,RR1.00:15-16:678:2220,2026-03-02T15:19:40,2326.5,100.0,-108.5,150.5,-108.5,2218.0,2216.95,100.0,True,
2026-03-02T15:58:40,31,RR1.00:15-16:678:2220,2026-03-02T15:19:40,2326.5,100.0,-108.5,150.5,-108.5,2218.0,2216.95,100.0,True,
2026-03-02T15:58:40,32,RR1.00:15-16:678:2220,2026-03-02T15:19:40,2706.6,100.0,-108.5,150.5,-108.5,2598.1,2597.05,100.0,True,
2026-03-02T15:58:40,33,RR1.00:15-16:678:2220,2026-03-02T15:19:40,2706.6,100.0,-108.5,150.5,-108.5,2598.1,2597.05,100.0,True,
2026-03-02T15:58:40,34,RR1.00:15-16:678:2220,2026-03-02T15:19:40,2706.6,100.0,-108.5,150.5,-108.5,2598.1,2597.05,100.0,True,
2026-03-02T15:58:40,35,RR1.00:15-16:678:2220,2026-03-02T15:19:40,2706.6,100.0,-108.5,150.5,-108.5,2598.1,2597.05,100.0,True,
2026-03-02T15:58:40,36,RR1.00:15-16:678:2220,2026-03-02T15:19:40,2616.35,100.0,-108.5,150.5,-108.5,2507.85,2506.8,100.0,True,
2026-03-02T15:58:40,37,RR1.00:15-16:678:2220,2026-03-02T15:19:40,2616.35,100.0,-108.5,150.5,-108.5,2507.85,2506.8,100.0,True,
2026-03-02T15:58:40,38,RR1.00:15-16:678:2220,2026-03-02T15:19:40,2616.35,100.0,-108.5,150.5,-108.5,2507.85,2506.8,100.0,True,
2026-03-02T15:58:40,39,RR1.00:15-16:678:2220,2026-03-02T15:19:40,2284.25,100.0,-108.5,150.5,-108.5,2175.75,2174.7,100.0,True,
2026-03-02T15:58:40,40,RR1.00:15-16:678:2220,2026-03-02T15:19:40,2284.25,100.0,-108.5,150.5,-108.5,2175.75,2174.7,100.0,True,
2026-03-02T15:58:40,41,RR1.00:15-16:678:2220,2026-03-02T15:19:40,2284.25,100.0,-108.5,150.5,-108.5,2175.75,2174.7,100.0,True,
2026-03-02T15:58:40,42,RR1.00:15-16:678:2220,2026-03-02T15:19:40,2432.9,100.0,-108.5,150.5,-108.5,2324.4,2323.35,100.0,True,
2026-03-02T15:58:40,43,RR1.00:15-16:678:2220,2026-03-02T15:19:40,2328.55,100.0,-108.5,150.5,-108.5,2220.05,2219.0,100.0,True,
2026-03-02T15:58:40,44,RR1.00:15-16:678:2220,2026-03-02T15:19:40,2539.7,100.0,-108.5,150.5,-108.5,2431.2,2430.15,100.0,True,
2026-03-02T15:58:40,48,RR1.00:15-16:678:2220,2026-03-02T15:19:40,2449.15,100.0,-108.5,150.5,-108.5,2340.65,2339.6,100.0,True,
2026-03-02T15:58:40,55,RR1.00:15-16:678:2220,2026-03-02T15:19:40,2315.55,100.0,-108.5,150.5,-108.5,2207.05,2206.0,100.0,True,
2026-03-02T15:58:40,56,RR1.00:15-16:678:2220,2026-03-02T15:19:40,2311.2,100.0,-108.5,150.5,-108.5,2202.7,2201.65,100.0,True,
2026-03-02T15:58:40,57,RR1.00:15-16:678:2220,2026-03-02T15:19:40,2300.0,100.0,-108.5,150.5,-108.5,2191.5,2190.45,100.0,True,
2026-03-02T17:00:00,4,RR1.00:16-17:840:2401,2026-03-02T16:31:40,2428.95,100.0,32.5,376.5,303.5,2428.95,2731.4,100.0,True,
2026-03-02T17:00:00,30,RR1.00:16-17:840:2401,2026-03-02T16:31:40,2216.95,100.0,32.5,376.5,303.5,2216.95,2519.4,100.0,True,
2026-03-02T17:00:00,31,RR1.00:16-17:840:2401,2026-03-02T16:31:40,2216.95,100.0,32.5,376.5,303.5,2216.95,2519.4,100.0,True,
2026-03-02T17:00:00,32,RR1.00:16-17:840:2401,2026-03-02T16:31:40,2597.05,100.0,32.5,376.5,303.5,2597.05,2899.5,100.0,True,
2026-03-02T17:00:00,33,RR1.00:16-17:840:2401,2026-03-02T16:31:40,2597.05,100.0,32.5,376.5,303.5,2597.05,2899.5,100.0,True,
2026-03-02T17:00:00,34,RR1.00:16-17:840:2401,2026-03-02T16:31:40,2597.05,100.0,32.5,376.5,303.5,2597.05,2899.5,100.0,True,
2026-03-02T17:00:00,35,RR1.00:16-17:840:2401,2026-03-02T16:31:40,2597.05,100.0,32.5,376.5,303.5,2597.05,2899.5,100.0,True,
2026-03-02T17:00:00,36,RR1.00:16-17:840:2401,2026-03-02T16:31:40,2506.8,100.0,32.5,376.5,303.5,2506.8,2809.25,100.0,True,
2026-03-02T17:00:00,37,RR1.00:16-17:840:2401,2026-03-02T16:31:40,2506.8,100.0,32.5,376.5,303.5,2506.8,2809.25,100.0,True,
2026-03-02T17:00:00,38,RR1.00:16-17:840:2401,2026-03-02T16:31:40,2506.8,100.0,32.5,376.5,303.5,2506.8,2809.25,100.0,True,
2026-03-02T17:00:00,39,RR1.00:16-17:840:2401,2026-03-02T16:31:40,2174.7,100.0,32.5,376.5,303.5,2174.7,2477.15,100.0,True,
2026-03-02T17:00:00,40,RR1.00:16-17:840:2401,2026-03-02T16:31:40,2174.7,100.0,32.5,376.5,303.5,2174.7,2477.15,100.0,True,
2026-03-02T17:00:00,41,RR1.00:16-17:840:2401,2026-03-02T16:31:40,2174.7,100.0,32.5,376.5,303.5,2174.7,2477.15,100.0,True,
2026-03-02T17:00:00,42,RR1.00:16-17:840:2401,2026-03-02T16:31:40,2323.35,100.0,32.5,376.5,303.5,2323.35,2625.8,100.0,True,
2026-03-02T17:00:00,43,RR1.00:16-17:840:2401,2026-03-02T16:31:40,2219.0,100.0,32.5,376.5,303.5,2219.0,2521.45,100.0,True,
2026-03-02T17:00:00,44,RR1.00:16-17:840:2401,2026-03-02T16:31:40,2430.15,100.0,32.5,376.5,303.5,2430.15,2732.6,100.0,True,
2026-03-02T17:00:00,48,RR1.00:16-17:840:2401,2026-03-02T16:31:40,2339.6,100.0,32.5,376.5,303.5,2339.6,2642.05,100.0,True,
2026-03-02T17:00:00,55,RR1.00:16-17:840:2401,2026-03-02T16:31:40,2206.0,100.0,32.5,376.5,303.5,2206.0,2508.45,100.0,True,
2026-03-02T17:00:00,56,RR1.00:16-17:840:2401,2026-03-02T16:31:40,2201.65,100.0,32.5,376.5,303.5,2201.65,2504.1,100.0,True,
2026-03-02T17:00:00,57,RR1.00:16-17:840:2401,2026-03-02T16:31:40,2190.45,100.0,32.5,376.5,303.5,2190.45,2492.9,100.0,True,
2026-03-02T22:11:20,4,RR1.00:21-22:532:1975,2026-03-02T21:11:40,2731.4,100.0,-142.0,123.0,-142.0,2589.4,2588.35,100.0,True,
2026-03-02T22:11:20,30,RR1.00:21-22:532:1975,2026-03-02T21:11:40,2519.4,100.0,-142.0,123.0,-142.0,2377.4,2376.35,100.0,True,
2026-03-02T22:11:20,31,RR1.00:21-22:532:1975,2026-03-02T21:11:40,2519.4,100.0,-142.0,123.0,-142.0,2377.4,2376.35,100.0,True,
2026-03-02T22:11:20,32,RR1.00:21-22:532:1975,2026-03-02T21:11:40,2899.5,100.0,-142.0,123.0,-142.0,2757.5,2756.45,100.0,True,
2026-03-02T22:11:20,33,RR1.00:21-22:532:1975,2026-03-02T21:11:40,2899.5,100.0,-142.0,123.0,-142.0,2757.5,2756.45,100.0,True,
2026-03-02T22:11:20,34,RR1.00:21-22:532:1975,2026-03-02T21:11:40,2899.5,100.0,-142.0,123.0,-142.0,2757.5,2756.45,100.0,True,
2026-03-02T22:11:20,35,RR1.00:21-22:532:1975,2026-03-02T21:11:40,2899.5,100.0,-142.0,123.0,-142.0,2757.5,2756.45,100.0,True,
2026-03-02T22:11:20,36,RR1.00:21-22:532:1975,2026-03-02T21:11:40,2809.25,100.0,-142.0,123.0,-142.0,2667.25,2666.2,100.0,True,
2026-03-02T22:11:20,37,RR1.00:21-22:532:1975,2026-03-02T21:11:40,2809.25,100.0,-142.0,123.0,-142.0,2667.25,2666.2,100.0,True,
2026-03-02T22:11:20,38,RR1.00:21-22:532:1975,2026-03-02T21:11:40,2809.25,100.0,-142.0,123.0,-142.0,2667.25,2666.2,100.0,True,
2026-03-02T22:11:20,39,RR1.00:21-22:532:1975,2026-03-02T21:11:40,2477.15,100.0,-142.0,123.0,-142.0,2335.15,2334.1,100.0,True,
2026-03-02T22:11:20,40,RR1.00:21-22:532:1975,2026-03-02T21:11:40,2477.15,100.0,-142.0,123.0,-142.0,2335.15,2334.1,100.0,True,
2026-03-02T22:11:20,41,RR1.00:21-22:532:1975,2026-03-02T21:11:40,2477.15,100.0,-142.0,123.0,-142.0,2335.15,2334.1,100.0,True,
2026-03-02T22:11:20,42,RR1.00:21-22:532:1975,2026-03-02T21:11:40,2625.8,100.0,-142.0,123.0,-142.0,2483.8,2482.75,100.0,True,
2026-03-02T22:11:20,43,RR1.00:21-22:532:1975,2026-03-02T21:11:40,2521.45,100.0,-142.0,123.0,-142.0,2379.45,2378.4,100.0,True,
2026-03-02T22:11:20,44,RR1.00:21-22:532:1975,2026-03-02T21:11:40,2732.6,100.0,-142.0,123.0,-142.0,2590.6,2589.55,100.0,True,
2026-03-02T22:11:20,48,RR1.00:21-22:532:1975,2026-03-02T21:11:40,2642.05,100.0,-142.0,123.0,-142.0,2500.05,2499.0,100.0,True,
2026-03-02T22:11:20,55,RR1.00:21-22:532:1975,2026-03-02T21:11:40,2508.45,100.0,-142.0,123.0,-142.0,2366.45,2365.4,100.0,True,
2026-03-02T22:11:20,56,RR1.00:21-22:532:1975,2026-03-02T21:11:40,2504.1,100.0,-142.0,123.0,-142.0,2362.1,2361.05,100.0,True,
2026-03-02T22:11:20,57,RR1.00:21-22:532:1975,2026-03-02T21:11:40,2492.9,100.0,-142.0,123.0,-142.0,2350.9,2349.85,100.0,True,
2026-03-02T23:30:00,4,RR1.00:18-19:459:1959,2026-03-02T18:41:40,2588.35,100.0,-89.0,219.5,10.0,2499.35,2597.3,100.0,True,
2026-03-02T23:30:00,30,RR1.00:18-19:459:1959,2026-03-02T18:41:40,2376.35,100.0,-89.0,219.5,10.0,2287.35,2385.3,100.0,True,
2026-03-02T23:30:00,31,RR1.00:18-19:459:1959,2026-03-02T18:41:40,2376.35,100.0,-89.0,219.5,10.0,2287.35,2385.3,100.0,True,
2026-03-02T23:30:00,32,RR1.00:18-19:459:1959,2026-03-02T18:41:40,2756.45,100.0,-89.0,219.5,10.0,2667.45,2765.4,100.0,True,
2026-03-02T23:30:00,33,RR1.00:18-19:459:1959,2026-03-02T18:41:40,2756.45,100.0,-89.0,219.5,10.0,2667.45,2765.4,100.0,True,
2026-03-02T23:30:00,34,RR1.00:18-19:459:1959,2026-03-02T18:41:40,2756.45,100.0,-89.0,219.5,10.0,2667.45,2765.4,100.0,True,
2026-03-02T23:30:00,35,RR1.00:18-19:459:1959,2026-03-02T18:41:40,2756.45,100.0,-89.0,219.5,10.0,2667.45,2765.4,100.0,True,
2026-03-02T23:30:00,36,RR1.00:18-19:459:1959,2026-03-02T18:41:40,2666.2,100.0,-89.0,219.5,10.0,2577.2,2675.15,100.0,True,
2026-03-02T23:30:00,37,RR1.00:18-19:459:1959,2026-03-02T18:41:40,2666.2,100.0,-89.0,219.5,10.0,2577.2,2675.15,100.0,True,
2026-03-02T23:30:00,38,RR1.00:18-19:459:1959,2026-03-02T18:41:40,2666.2,100.0,-89.0,219.5,10.0,2577.2,2675.15,100.0,True,
2026-03-02T23:30:00,39,RR1.00:18-19:459:1959,2026-03-02T18:41:40,2334.1,100.0,-89.0,219.5,10.0,2245.1,2343.05,100.0,True,
2026-03-02T23:30:00,40,RR1.00:18-19:459:1959,2026-03-02T18:41:40,2334.1,100.0,-89.0,219.5,10.0,2245.1,2343.05,100.0,True,
2026-03-02T23:30:00,41,RR1.00:18-19:459:1959,2026-03-02T18:41:40,2334.1,100.0,-89.0,219.5,10.0,2245.1,2343.05,100.0,True,
2026-03-02T23:30:00,42,RR1.00:18-19:459:1959,2026-03-02T18:41:40,2482.75,100.0,-89.0,219.5,10.0,2393.75,2491.7,100.0,True,
2026-03-02T23:30:00,43,RR1.00:18-19:459:1959,2026-03-02T18:41:40,2378.4,100.0,-89.0,219.5,10.0,2289.4,2387.35,100.0,True,
2026-03-02T23:30:00,44,RR1.00:18-19:459:1959,2026-03-02T18:41:40,2589.55,100.0,-89.0,219.5,10.0,2500.55,2598.5,100.0,True,
2026-03-02T23:30:00,48,RR1.00:18-19:459:1959,2026-03-02T18:41:40,2499.0,100.0,-89.0,219.5,10.0,2410.0,2507.95,100.0,True,
2026-03-02T23:30:00,55,RR1.00:18-19:459:1959,2026-03-02T18:41:40,2365.4,100.0,-89.0,219.5,10.0,2276.4,2374.35,100.0,True,
2026-03-02T23:30:00,56,RR1.00:18-19:459:1959,2026-03-02T18:41:40,2361.05,100.0,-89.0,219.5,10.0,2272.05,2370.0,100.0,True,
2026-03-02T23:30:00,57,RR1.00:18-19:459:1959,2026-03-02T18:41:40,2349.85,100.0,-89.0,219.5,10.0,2260.85,2358.8,100.0,True,
2026-03-03T01:01:40,4,RR1.00:1-2:448:1821,2026-03-03T01:00:20,2597.3,100.0,-58.5,6.5,-58.5,2538.8,2537.75,100.0,True,
2026-03-03T01:01:40,30,RR1.00:1-2:448:1821,2026-03-03T01:00:20,2385.3,100.0,-58.5,6.5,-58.5,2326.8,2325.75,100.0,True,
2026-03-03T01:01:40,31,RR1.00:1-2:448:1821,2026-03-03T01:00:20,2385.3,100.0,-58.5,6.5,-58.5,2326.8,2325.75,100.0,True,
2026-03-03T01:01:40,32,RR1.00:1-2:448:1821,2026-03-03T01:00:20,2765.4,100.0,-58.5,6.5,-58.5,2706.9,2705.85,100.0,True,
2026-03-03T01:01:40,33,RR1.00:1-2:448:1821,2026-03-03T01:00:20,2765.4,100.0,-58.5,6.5,-58.5,2706.9,2705.85,100.0,True,
2026-03-03T01:01:40,34,RR1.00:1-2:448:1821,2026-03-03T01:00:20,2765.4,100.0,-58.5,6.5,-58.5,2706.9,2705.85,100.0,True,
2026-03-03T01:01:40,35,RR1.00:1-2:448:1821,2026-03-03T01:00:20,2765.4,100.0,-58.5,6.5,-58.5,2706.9,2705.85,100.0,True,
2026-03-03T01:01:40,36,RR1.00:1-2:448:1821,2026-03-03T01:00:20,2675.15,100.0,-58.5,6.5,-58.5,2616.65,2615.6,100.0,True,
2026-03-03T01:01:40,37,RR1.00:1-2:448:1821,2026-03-03T01:00:20,2675.15,100.0,-58.5,6.5,-58.5,2616.65,2615.6,100.0,True,
2026-03-03T01:01:40,38,RR1.00:1-2:448:1821,2026-03-03T01:00:20,2675.15,100.0,-58.5,6.5,-58.5,2616.65,2615.6,100.0,True,
2026-03-03T01:01:40,39,RR1.00:1-2:448:1821,2026-03-03T01:00:20,2343.05,100.0,-58.5,6.5,-58.5,2284.55,2283.5,100.0,True,
2026-03-03T01:01:40,40,RR1.00:1-2:448:1821,2026-03-03T01:00:20,2343.05,100.0,-58.5,6.5,-58.5,2284.55,2283.5,100.0,True,
2026-03-03T01:01:40,41,RR1.00:1-2:448:1821,2026-03-03T01:00:20,2343.05,100.0,-58.5,6.5,-58.5,2284.55,2283.5,100.0,True,
2026-03-03T01:01:40,42,RR1.00:1-2:448:1821,2026-03-03T01:00:20,2491.7,100.0,-58.5,6.5,-58.5,2433.2,2432.15,100.0,True,
2026-03-03T01:01:40,43,RR1.00:1-2:448:1821,2026-03-03T01:00:20,2387.35,100.0,-58.5,6.5,-58.5,2328.85,2327.8,100.0,True,
2026-03-03T01:01:40,44,RR1.00:1-2:448:1821,2026-03-03T01:00:20,2598.5,100.0,-58.5,6.5,-58.5,2540.0,2538.95,100.0,True,
2026-03-03T01:01:40,48,RR1.00:1-2:448:1821,2026-03-03T01:00:20,2507.95,100.0,-58.5,6.5,-58.5,2449.45,2448.4,100.0,True,
2026-03-03T01:01:40,55,RR1.00:1-2:448:1821,2026-03-03T01:00:20,2374.35,100.0,-58.5,6.5,-58.5,2315.85,2314.8,100.0,True,
2026-03-03T01:01:40,56,RR1.00:1-2:448:1821,2026-03-03T01:00:20,2370.0,100.0,-58.5,6.5,-58.5,2311.5,2310.45,100.0,True,
2026-03-03T01:01:40,57,RR1.00:1-2:448:1821,2026-03-03T01:00:20,2358.8,100.0,-58.5,6.5,-58.5,2300.3,2299.25,100.0,True,
2026-03-03T03:29:40,4,RR1.00:3-4:550:2054,2026-03-03T03:11:20,2537.75,100.0,-54.0,16.0,-54.0,2483.75,2482.7,100.0,True,
2026-03-03T03:29:40,30,RR1.00:3-4:550:2054,2026-03-03T03:11:20,2325.75,100.0,-54.0,16.0,-54.0,2271.75,2270.7,100.0,True,
2026-03-03T03:29:40,31,RR1.00:3-4:550:2054,2026-03-03T03:11:20,2325.75,100.0,-54.0,16.0,-54.0,2271.75,2270.7,100.0,True,
2026-03-03T03:29:40,32,RR1.00:3-4:550:2054,2026-03-03T03:11:20,2705.85,100.0,-54.0,16.0,-54.0,2651.85,2650.8,100.0,True,
2026-03-03T03:29:40,33,RR1.00:3-4:550:2054,2026-03-03T03:11:20,2705.85,100.0,-54.0,16.0,-54.0,2651.85,2650.8,100.0,True,
2026-03-03T03:29:40,34,RR1.00:3-4:550:2054,2026-03-03T03:11:20,2705.85,100.0,-54.0,16.0,-54.0,2651.85,2650.8,100.0,True,
2026-03-03T03:29:40,35,RR1.00:3-4:550:2054,2026-03-03T03:11:20,2705.85,100.0,-54.0,16.0,-54.0,2651.85,2650.8,100.0,True,
2026-03-03T03:29:40,36,RR1.00:3-4:550:2054,2026-03-03T03:11:20,2615.6,100.0,-54.0,16.0,-54.0,2561.6,2560.55,100.0,True,
2026-03-03T03:29:40,37,RR1.00:3-4:550:2054,2026-03-03T03:11:20,2615.6,100.0,-54.0,16.0,-54.0,2561.6,2560.55,100.0,True,
2026-03-03T03:29:40,38,RR1.00:3-4:550:2054,2026-03-03T03:11:20,2615.6,100.0,-54.0,16.0,-54.0,2561.6,2560.55,100.0,True,
2026-03-03T03:29:40,39,RR1.00:3-4:550:2054,2026-03-03T03:11:20,2283.5,100.0,-54.0,16.0,-54.0,2229.5,2228.45,100.0,True,
2026-03-03T03:29:40,40,RR1.00:3-4:550:2054,2026-03-03T03:11:20,2283.5,100.0,-54.0,16.0,-54.0,2229.5,2228.45,100.0,True,
2026-03-03T03:29:40,41,RR1.00:3-4:550:2054,2026-03-03T03:11:20,2283.5,100.0,-54.0,16.0,-54.0,2229.5,2228.45,100.0,True,
2026-03-03T03:29:40,42,RR1.00:3-4:550:2054,2026-03-03T03:11:20,2432.15,100.0,-54.0,16.0,-54.0,2378.15,2377.1,100.0,True,
2026-03-03T03:29:40,43,RR1.00:3-4:550:2054,2026-03-03T03:11:20,2327.8,100.0,-54.0,16.0,-54.0,2273.8,2272.75,100.0,True,
2026-03-03T03:29:40,44,RR1.00:3-4:550:2054,2026-03-03T03:11:20,2538.95,100.0,-54.0,16.0,-54.0,2484.95,2483.9,100.0,True,
2026-03-03T03:29:40,48,RR1.00:3-4:550:2054,2026-03-03T03:11:20,2448.4,100.0,-54.0,16.0,-54.0,2394.4,2393.35,100.0,True,
2026-03-03T03:29:40,55,RR1.00:3-4:550:2054,2026-03-03T03:11:20,2314.8,100.0,-54.0,16.0,-54.0,2260.8,2259.75,100.0,True,
2026-03-03T03:29:40,56,RR1.00:3-4:550:2054,2026-03-03T03:11:20,2310.45,100.0,-54.0,16.0,-54.0,2256.45,2255.4,100.0,True,
2026-03-03T03:29:40,57,RR1.00:3-4:550:2054,2026-03-03T03:11:20,2299.25,100.0,-54.0,16.0,-54.0,2245.25,2244.2,100.0,True,
2026-03-03T05:31:40,4,RR1.00:4-5:526:2046,2026-03-03T04:41:40,2482.7,100.0,-143.5,10.0,-143.5,2339.2,2338.15,100.0,True,
2026-03-03T05:31:40,30,RR1.00:4-5:526:2046,2026-03-03T04:41:40,2270.7,100.0,-143.5,10.0,-143.5,2127.2,2126.15,100.0,True,
2026-03-03T05:31:40,31,RR1.00:4-5:526:2046,2026-03-03T04:41:40,2270.7,100.0,-143.5,10.0,-143.5,2127.2,2126.15,100.0,True,
2026-03-03T05:31:40,32,RR1.00:4-5:526:2046,2026-03-03T04:41:40,2650.8,100.0,-143.5,10.0,-143.5,2507.3,2506.25,100.0,True,
2026-03-03T05:31:40,33,RR1.00:4-5:526:2046,2026-03-03T04:41:40,2650.8,100.0,-143.5,10.0,-143.5,2507.3,2506.25,100.0,True,
2026-03-03T05:31:40,34,RR1.00:4-5:526:2046,2026-03-03T04:41:40,2650.8,100.0,-143.5,10.0,-143.5,2507.3,2506.25,100.0,True,
2026-03-03T05:31:40,35,RR1.00:4-5:526:2046,2026-03-03T04:41:40,2650.8,100.0,-143.5,10.0,-143.5,2507.3,2506.25,100.0,True,
2026-03-03T05:31:40,36,RR1.00:4-5:526:2046,2026-03-03T04:41:40,2560.55,100.0,-143.5,10.0,-143.5,2417.05,2416.0,100.0,True,
2026-03-03T05:31:40,37,RR1.00:4-5:526:2046,2026-03-03T04:41:40,2560.55,100.0,-143.5,10.0,-143.5,2417.05,2416.0,100.0,True,
2026-03-03T05:31:40,38,RR1.00:4-5:526:2046,2026-03-03T04:41:40,2560.55,100.0,-143.5,10.0,-143.5,2417.05,2416.0,100.0,True,
2026-03-03T05:31:40,39,RR1.00:4-5:526:2046,2026-03-03T04:41:40,2228.45,100.0,-143.5,10.0,-143.5,2084.95,2083.9,100.0,True,
2026-03-03T05:31:40,40,RR1.00:4-5:526:2046,2026-03-03T04:41:40,2228.45,100.0,-143.5,10.0,-143.5,2084.95,2083.9,100.0,True,
2026-03-03T05:31:40,41,RR1.00:4-5:526:2046,2026-03-03T04:41:40,2228.45,100.0,-143.5,10.0,-143.5,2084.95,2083.9,100.0,True,
2026-03-03T05:31:40,42,RR1.00:4-5:526:2046,2026-03-03T04:41:40,2377.1,100.0,-143.5,10.0,-143.5,2233.6,2232.55,100.0,True,
2026-03-03T05:31:40,43,RR1.00:4-5:526:2046,2026-03-03T04:41:40,2272.75,100.0,-143.5,10.0,-143.5,2129.25,2128.2,100.0,True,
2026-03-03T05:31:40,44,RR1.00:4-5:526:2046,2026-03-03T04:41:40,2483.9,100.0,-143.5,10.0,-143.5,2340.4,2339.35,100.0,True,
2026-03-03T05:31:40,48,RR1.00:4-5:526:2046,2026-03-03T04:41:40,2393.35,100.0,-143.5,10.0,-143.5,2249.85,2248.8,100.0,True,
2026-03-03T05:31:40,55,RR1.00:4-5:526:2046,2026-03-03T04:41:40,2259.75,100.0,-143.5,10.0,-143.5,2116.25,2115.2,100.0,True,
2026-03-03T05:31:40,56,RR1.00:4-5:526:2046,2026-03-03T04:41:40,2255.4,100.0,-143.5,10.0,-143.5,2111.9,2110.85,100.0,True,
2026-03-03T05:31:40,57,RR1.00:4-5:526:2046,2026-03-03T04:41:40,2244.2,100.0,-143.5,10.0,-143.5,2100.7,2099.65,100.0,True,
2026-03-03T17:17:40,4,RR1.00:16-17:841:2403,2026-03-03T16:22:40,2338.15,100.0,-170.0,257.0,-170.0,2168.15,2167.1,100.0,True,
2026-03-03T17:17:40,30,RR1.00:16-17:841:2403,2026-03-03T16:22:40,2126.15,100.0,-170.0,257.0,-170.0,1956.15,1955.1,100.0,True,
2026-03-03T17:17:40,31,RR1.00:16-17:841:2403,2026-03-03T16:22:40,2126.15,100.0,-170.0,257.0,-170.0,1956.15,1955.1,100.0,True,
2026-03-03T17:17:40,32,RR1.00:16-17:841:2403,2026-03-03T16:22:40,2506.25,100.0,-170.0,257.0,-170.0,2336.25,2335.2,100.0,True,
2026-03-03T17:17:40,33,RR1.00:16-17:841:2403,2026-03-03T16:22:40,2506.25,100.0,-170.0,257.0,-170.0,2336.25,2335.2,100.0,True,
2026-03-03T17:17:40,34,RR1.00:16-17:841:2403,2026-03-03T16:22:40,2506.25,100.0,-170.0,257.0,-170.0,2336.25,2335.2,100.0,True,
2026-03-03T17:17:40,35,RR1.00:16-17:841:2403,2026-03-03T16:22:40,2506.25,100.0,-170.0,257.0,-170.0,2336.25,2335.2,100.0,True,
2026-03-03T17:17:40,36,RR1.00:16-17:841:2403,2026-03-03T16:22:40,2416.0,100.0,-170.0,257.0,-170.0,2246.0,2244.95,100.0,True,
2026-03-03T17:17:40,37,RR1.00:16-17:841:2403,2026-03-03T16:22:40,2416.0,100.0,-170.0,257.0,-170.0,2246.0,2244.95,100.0,True,
2026-03-03T17:17:40,38,RR1.00:16-17:841:2403,2026-03-03T16:22:40,2416.0,100.0,-170.0,257.0,-170.0,2246.0,2244.95,100.0,True,
2026-03-03T17:17:40,39,RR1.00:16-17:841:2403,2026-03-03T16:22:40,2083.9,100.0,-170.0,257.0,-170.0,1913.9,1912.85,100.0,True,
2026-03-03T17:17:40,40,RR1.00:16-17:841:2403,2026-03-03T16:22:40,2083.9,100.0,-170.0,257.0,-170.0,1913.9,1912.85,100.0,True,
2026-03-03T17:17:40,41,RR1.00:16-17:841:2403,2026-03-03T16:22:40,2083.9,100.0,-170.0,257.0,-170.0,1913.9,1912.85,100.0,True,
2026-03-03T17:17:40,42,RR1.00:16-17:841:2403,2026-03-03T16:22:40,2232.55,100.0,-170.0,257.0,-170.0,2062.55,2061.5,100.0,True,
2026-03-03T17:17:40,43,RR1.00:16-17:841:2403,2026-03-03T16:22:40,2128.2,100.0,-170.0,257.0,-170.0,1958.2,1957.15,100.0,True,
2026-03-03T17:17:40,44,RR1.00:16-17:841:2403,2026-03-03T16:22:40,2339.35,100.0,-170.0,257.0,-170.0,2169.35,2168.3,100.0,True,
2026-03-03T17:17:40,48,RR1.00:16-17:841:2403,2026-03-03T16:22:40,2248.8,100.0,-170.0,257.0,-170.0,2078.8,2077.75,100.0,True,
2026-03-03T17:17:40,55,RR1.00:16-17:841:2403,2026-03-03T16:22:40,2115.2,100.0,-170.0,257.0,-170.0,1945.2,1944.15,100.0,True,
2026-03-03T17:17:40,56,RR1.00:16-17:841:2403,2026-03-03T16:22:40,2110.85,100.0,-170.0,257.0,-170.0,1940.85,1939.8,100.0,True,
2026-03-03T17:17:40,57,RR1.00:16-17:841:2403,2026-03-03T16:22:40,2099.65,100.0,-170.0,257.0,-170.0,1929.65,1928.6,100.0,True,
2026-03-03T22:51:40,4,RR1.00:21-22:533:1977,2026-03-03T21:37:40,2167.1,100.0,-166.5,73.0,-166.5,2000.6,1999.55,100.0,True,
2026-03-03T22:51:40,30,RR1.00:21-22:533:1977,2026-03-03T21:37:40,1955.1,100.0,-166.5,73.0,-166.5,1788.6,1787.55,100.0,True,
2026-03-03T22:51:40,31,RR1.00:21-22:533:1977,2026-03-03T21:37:40,1955.1,100.0,-166.5,73.0,-166.5,1788.6,1787.55,100.0,True,
2026-03-03T22:51:40,32,RR1.00:21-22:533:1977,2026-03-03T21:37:40,2335.2,100.0,-166.5,73.0,-166.5,2168.7,2167.65,100.0,True,
2026-03-03T22:51:40,33,RR1.00:21-22:533:1977,2026-03-03T21:37:40,2335.2,100.0,-166.5,73.0,-166.5,2168.7,2167.65,100.0,True,
2026-03-03T22:51:40,34,RR1.00:21-22:533:1977,2026-03-03T21:37:40,2335.2,100.0,-166.5,73.0,-166.5,2168.7,2167.65,100.0,True,
2026-03-03T22:51:40,35,RR1.00:21-22:533:1977,2026-03-03T21:37:40,2335.2,100.0,-166.5,73.0,-166.5,2168.7,2167.65,100.0,True,
2026-03-03T22:51:40,36,RR1.00:21-22:533:1977,2026-03-03T21:37:40,2244.95,100.0,-166.5,73.0,-166.5,2078.45,2077.4,100.0,True,
2026-03-03T22:51:40,37,RR1.00:21-22:533:1977,2026-03-03T21:37:40,2244.95,100.0,-166.5,73.0,-166.5,2078.45,2077.4,100.0,True,
2026-03-03T22:51:40,38,RR1.00:21-22:533:1977,2026-03-03T21:37:40,2244.95,100.0,-166.5,73.0,-166.5,2078.45,2077.4,100.0,True,
2026-03-03T22:51:40,39,RR1.00:21-22:533:1977,2026-03-03T21:37:40,1912.85,100.0,-166.5,73.0,-166.5,1746.35,1745.3,100.0,True,
2026-03-03T22:51:40,40,RR1.00:21-22:533:1977,2026-03-03T21:37:40,1912.85,100.0,-166.5,73.0,-166.5,1746.35,1745.3,100.0,True,
2026-03-03T22:51:40,41,RR1.00:21-22:533:1977,2026-03-03T21:37:40,1912.85,100.0,-166.5,73.0,-166.5,1746.35,1745.3,100.0,True,
2026-03-03T22:51:40,42,RR1.00:21-22:533:1977,2026-03-03T21:37:40,2061.5,100.0,-166.5,73.0,-166.5,1895.0,1893.95,100.0,True,
2026-03-03T22:51:40,43,RR1.00:21-22:533:1977,2026-03-03T21:37:40,1957.15,100.0,-166.5,73.0,-166.5,1790.65,1789.6,100.0,True,
2026-03-03T22:51:40,44,RR1.00:21-22:533:1977,2026-03-03T21:37:40,2168.3,100.0,-166.5,73.0,-166.5,2001.8,2000.75,100.0,True,
2026-03-03T22:51:40,48,RR1.00:21-22:533:1977,2026-03-03T21:37:40,2077.75,100.0,-166.5,73.0,-166.5,1911.25,1910.2,100.0,True,
2026-03-03T22:51:40,55,RR1.00:21-22:533:1977,2026-03-03T21:37:40,1944.15,100.0,-166.5,73.0,-166.5,1777.65,1776.6,100.0,True,
2026-03-03T22:51:40,56,RR1.00:21-22:533:1977,2026-03-03T21:37:40,1939.8,100.0,-166.5,73.0,-166.5,1773.3,1772.25,100.0,True,
2026-03-03T22:51:40,57,RR1.00:21-22:533:1977,2026-03-03T21:37:40,1928.6,100.0,-166.5,73.0,-166.5,1762.1,1761.05,100.0,True,
2026-03-03T23:30:00,4,RR1.00:20-21:511:1897,2026-03-03T20:19:40,1999.55,100.0,-9.5,285.0,32.0,1990.05,2030.5,100.0,True,
2026-03-03T23:30:00,30,RR1.00:20-21:511:1897,2026-03-03T20:19:40,1787.55,100.0,-9.5,285.0,32.0,1778.05,1818.5,100.0,True,
2026-03-03T23:30:00,31,RR1.00:20-21:511:1897,2026-03-03T20:19:40,1787.55,100.0,-9.5,285.0,32.0,1778.05,1818.5,100.0,True,
2026-03-03T23:30:00,32,RR1.00:20-21:511:1897,2026-03-03T20:19:40,2167.65,100.0,-9.5,285.0,32.0,2158.15,2198.6,100.0,True,
2026-03-03T23:30:00,33,RR1.00:20-21:511:1897,2026-03-03T20:19:40,2167.65,100.0,-9.5,285.0,32.0,2158.15,2198.6,100.0,True,
2026-03-03T23:30:00,34,RR1.00:20-21:511:1897,2026-03-03T20:19:40,2167.65,100.0,-9.5,285.0,32.0,2158.15,2198.6,100.0,True,
2026-03-03T23:30:00,35,RR1.00:20-21:511:1897,2026-03-03T20:19:40,2167.65,100.0,-9.5,285.0,32.0,2158.15,2198.6,100.0,True,
2026-03-03T23:30:00,36,RR1.00:20-21:511:1897,2026-03-03T20:19:40,2077.4,100.0,-9.5,285.0,32.0,2067.9,2108.35,100.0,True,
2026-03-03T23:30:00,37,RR1.00:20-21:511:1897,2026-03-03T20:19:40,2077.4,100.0,-9.5,285.0,32.0,2067.9,2108.35,100.0,True,
2026-03-03T23:30:00,38,RR1.00:20-21:511:1897,2026-03-03T20:19:40,2077.4,100.0,-9.5,285.0,32.0,2067.9,2108.35,100.0,True,
2026-03-03T23:30:00,39,RR1.00:20-21:511:1897,2026-03-03T20:19:40,1745.3,100.0,-9.5,285.0,32.0,1735.8,1776.25,100.0,True,
2026-03-03T23:30:00,40,RR1.00:20-21:511:1897,2026-03-03T20:19:40,1745.3,100.0,-9.5,285.0,32.0,1735.8,1776.25,100.0,True,
2026-03-03T23:30:00,41,RR1.00:20-21:511:1897,2026-03-03T20:19:40,1745.3,100.0,-9.5,285.0,32.0,1735.8,1776.25,100.0,True,
2026-03-03T23:30:00,42,RR1.00:20-21:511:1897,2026-03-03T20:19:40,1893.95,100.0,-9.5,285.0,32.0,1884.45,1924.9,100.0,True,
2026-03-03T23:30:00,43,RR1.00:20-21:511:1897,2026-03-03T20:19:40,1789.6,100.0,-9.5,285.0,32.0,1780.1,1820.55,100.0,True,
2026-03-03T23:30:00,44,RR1.00:20-21:511:1897,2026-03-03T20:19:40,2000.75,100.0,-9.5,285.0,32.0,1991.25,2031.7,100.0,True,
2026-03-03T23:30:00,48,RR1.00:20-21:511:1897,2026-03-03T20:19:40,1910.2,100.0,-9.5,285.0,32.0,1900.7,1941.15,100.0,True,
2026-03-03T23:30:00,55,RR1.00:20-21:511:1897,2026-03-03T20:19:40,1776.6,100.0,-9.5,285.0,32.0,1767.1,1807.55,100.0,True,
2026-03-03T23:30:00,56,RR1.00:20-21:511:1897,2026-03-03T20:19:40,1772.25,100.0,-9.5,285.0,32.0,1762.75,1803.2,100.0,True,
2026-03-03T23:30:00,57,RR1.00:20-21:511:1897,2026-03-03T20:19:40,1761.05,100.0,-9.5,285.0,32.0,1751.55,1792.0,100.0,True,
2026-03-04T02:00:40,4,RR1.00:1-2:449:1824,2026-03-04T01:11:40,2030.5,100.0,-79.5,67.5,-79.5,1951.0,1949.95,100.0,True,
2026-03-04T02:00:40,30,RR1.00:1-2:449:1824,2026-03-04T01:11:40,1818.5,100.0,-79.5,67.5,-79.5,1739.0,1737.95,100.0,True,
2026-03-04T02:00:40,31,RR1.00:1-2:449:1824,2026-03-04T01:11:40,1818.5,100.0,-79.5,67.5,-79.5,1739.0,1737.95,100.0,True,
2026-03-04T02:00:40,32,RR1.00:1-2:449:1824,2026-03-04T01:11:40,2198.6,100.0,-79.5,67.5,-79.5,2119.1,2118.05,100.0,True,
2026-03-04T02:00:40,33,RR1.00:1-2:449:1824,2026-03-04T01:11:40,2198.6,100.0,-79.5,67.5,-79.5,2119.1,2118.05,100.0,True,
2026-03-04T02:00:40,34,RR1.00:1-2:449:1824,2026-03-04T01:11:40,2198.6,100.0,-79.5,67.5,-79.5,2119.1,2118.05,100.0,True,
2026-03-04T02:00:40,35,RR1.00:1-2:449:1824,2026-03-04T01:11:40,2198.6,100.0,-79.5,67.5,-79.5,2119.1,2118.05,100.0,True,
2026-03-04T02:00:40,36,RR1.00:1-2:449:1824,2026-03-04T01:11:40,2108.35,100.0,-79.5,67.5,-79.5,2028.85,2027.8,100.0,True,
2026-03-04T02:00:40,37,RR1.00:1-2:449:1824,2026-03-04T01:11:40,2108.35,100.0,-79.5,67.5,-79.5,2028.85,2027.8,100.0,True,
2026-03-04T02:00:40,38,RR1.00:1-2:449:1824,2026-03-04T01:11:40,2108.35,100.0,-79.5,67.5,-79.5,2028.85,2027.8,100.0,True,
2026-03-04T02:00:40,39,RR1.00:1-2:449:1824,2026-03-04T01:11:40,1776.25,100.0,-79.5,67.5,-79.5,1696.75,1695.7,100.0,True,
2026-03-04T02:00:40,40,RR1.00:1-2:449:1824,2026-03-04T01:11:40,1776.25,100.0,-79.5,67.5,-79.5,1696.75,1695.7,100.0,True,
2026-03-04T02:00:40,41,RR1.00:1-2:449:1824,2026-03-04T01:11:40,1776.25,100.0,-79.5,67.5,-79.5,1696.75,1695.7,100.0,True,
2026-03-04T02:00:40,42,RR1.00:1-2:449:1824,2026-03-04T01:11:40,1924.9,100.0,-79.5,67.5,-79.5,1845.4,1844.35,100.0,True,
2026-03-04T02:00:40,43,RR1.00:1-2:449:1824,2026-03-04T01:11:40,1820.55,100.0,-79.5,67.5,-79.5,1741.05,1740.0,100.0,True,
2026-03-04T02:00:40,44,RR1.00:1-2:449:1824,2026-03-04T01:11:40,2031.7,100.0,-79.5,67.5,-79.5,1952.2,1951.15,100.0,True,
2026-03-04T02:00:40,48,RR1.00:1-2:449:1824,2026-03-04T01:11:40,1941.15,100.0,-79.5,67.5,-79.5,1861.65,1860.6,100.0,True,
2026-03-04T02:00:40,55,RR1.00:1-2:449:1824,2026-03-04T01:11:40,1807.55,100.0,-79.5,67.5,-79.5,1728.05,1727.0,100.0,True,
2026-03-04T02:00:40,56,RR1.00:1-2:449:1824,2026-03-04T01:11:40,1803.2,100.0,-79.5,67.5,-79.5,1723.7,1722.65,100.0,True,
2026-03-04T02:00:40,57,RR1.00:1-2:449:1824,2026-03-04T01:11:40,1792.0,100.0,-79.5,67.5,-79.5,1712.5,1711.45,100.0,True,
2026-03-04T02:37:40,4,RR1.00:2-3:556:2096,2026-03-04T02:14:40,1949.95,100.0,-88.0,123.0,-88.0,1861.95,1860.9,100.0,True,
2026-03-04T02:37:40,30,RR1.00:2-3:556:2096,2026-03-04T02:14:40,1737.95,100.0,-88.0,123.0,-88.0,1649.95,1648.9,100.0,True,
2026-03-04T02:37:40,31,RR1.00:2-3:556:2096,2026-03-04T02:14:40,1737.95,100.0,-88.0,123.0,-88.0,1649.95,1648.9,100.0,True,
2026-03-04T02:37:40,32,RR1.00:2-3:556:2096,2026-03-04T02:14:40,2118.05,100.0,-88.0,123.0,-88.0,2030.05,2029.0,100.0,True,
2026-03-04T02:37:40,33,RR1.00:2-3:556:2096,2026-03-04T02:14:40,2118.05,100.0,-88.0,123.0,-88.0,2030.05,2029.0,100.0,True,
2026-03-04T02:37:40,34,RR1.00:2-3:556:2096,2026-03-04T02:14:40,2118.05,100.0,-88.0,123.0,-88.0,2030.05,2029.0,100.0,True,
2026-03-04T02:37:40,35,RR1.00:2-3:556:2096,2026-03-04T02:14:40,2118.05,100.0,-88.0,123.0,-88.0,2030.05,2029.0,100.0,True,
2026-03-04T02:37:40,36,RR1.00:2-3:556:2096,2026-03-04T02:14:40,2027.8,100.0,-88.0,123.0,-88.0,1939.8,1938.75,100.0,True,
2026-03-04T02:37:40,37,RR1.00:2-3:556:2096,2026-03-04T02:14:40,2027.8,100.0,-88.0,123.0,-88.0,1939.8,1938.75,100.0,True,
2026-03-04T02:37:40,38,RR1.00:2-3:556:2096,2026-03-04T02:14:40,2027.8,100.0,-88.0,123.0,-88.0,1939.8,1938.75,100.0,True,
2026-03-04T02:37:40,39,RR1.00:2-3:556:2096,2026-03-04T02:14:40,1695.7,100.0,-88.0,123.0,-88.0,1607.7,1606.65,100.0,True,
2026-03-04T02:37:40,40,RR1.00:2-3:556:2096,2026-03-04T02:14:40,1695.7,100.0,-88.0,123.0,-88.0,1607.7,1606.65,100.0,True,
2026-03-04T02:37:40,41,RR1.00:2-3:556:2096,2026-03-04T02:14:40,1695.7,100.0,-88.0,123.0,-88.0,1607.7,1606.65,100.0,True,
2026-03-04T02:37:40,42,RR1.00:2-3:556:2096,2026-03-04T02:14:40,1844.35,100.0,-88.0,123.0,-88.0,1756.35,1755.3,100.0,True,
2026-03-04T02:37:40,43,RR1.00:2-3:556:2096,2026-03-04T02:14:40,1740.0,100.0,-88.0,123.0,-88.0,1652.0,1650.95,100.0,True,
2026-03-04T02:37:40,44,RR1.00:2-3:556:2096,2026-03-04T02:14:40,1951.15,100.0,-88.0,123.0,-88.0,1863.15,1862.1,100.0,True,
2026-03-04T02:37:40,48,RR1.00:2-3:556:2096,2026-03-04T02:14:40,1860.6,100.0,-88.0,123.0,-88.0,1772.6,1771.55,100.0,True,
2026-03-04T02:37:40,55,RR1.00:2-3:556:2096,2026-03-04T02:14:40,1727.0,100.0,-88.0,123.0,-88.0,1639.0,1637.95,100.0,True,
2026-03-04T02:37:40,56,RR1.00:2-3:556:2096,2026-03-04T02:14:40,1722.65,100.0,-88.0,123.0,-88.0,1634.65,1633.6,100.0,True,
2026-03-04T02:37:40,57,RR1.00:2-3:556:2096,2026-03-04T02:14:40,1711.45,100.0,-88.0,123.0,-88.0,1623.45,1622.4,100.0,True,
2026-03-04T03:20:40,4,RR1.00:3-4:551:2057,2026-03-04T03:02:40,1860.9,100.0,-163.5,3.5,-163.5,1697.4,1696.35,100.0,True,
2026-03-04T03:20:40,30,RR1.00:3-4:551:2057,2026-03-04T03:02:40,1648.9,100.0,-163.5,3.5,-163.5,1485.4,1484.35,100.0,True,
2026-03-04T03:20:40,31,RR1.00:3-4:551:2057,2026-03-04T03:02:40,1648.9,100.0,-163.5,3.5,-163.5,1485.4,1484.35,100.0,True,
2026-03-04T03:20:40,32,RR1.00:3-4:551:2057,2026-03-04T03:02:40,2029.0,100.0,-163.5,3.5,-163.5,1865.5,1864.45,100.0,True,
2026-03-04T03:20:40,33,RR1.00:3-4:551:2057,2026-03-04T03:02:40,2029.0,100.0,-163.5,3.5,-163.5,1865.5,1864.45,100.0,True,
2026-03-04T03:20:40,34,RR1.00:3-4:551:2057,2026-03-04T03:02:40,2029.0,100.0,-163.5,3.5,-163.5,1865.5,1864.45,100.0,True,
2026-03-04T03:20:40,35,RR1.00:3-4:551:2057,2026-03-04T03:02:40,2029.0,100.0,-163.5,3.5,-163.5,1865.5,1864.45,100.0,True,
2026-03-04T03:20:40,36,RR1.00:3-4:551:2057,2026-03-04T03:02:40,1938.75,100.0,-163.5,3.5,-163.5,1775.25,1774.2,100.0,True,
2026-03-04T03:20:40,37,RR1.00:3-4:551:2057,2026-03-04T03:02:40,1938.75,100.0,-163.5,3.5,-163.5,1775.25,1774.2,100.0,True,
2026-03-04T03:20:40,38,RR1.00:3-4:551:2057,2026-03-04T03:02:40,1938.75,100.0,-163.5,3.5,-163.5,1775.25,1774.2,100.0,True,
2026-03-04T03:20:40,39,RR1.00:3-4:551:2057,2026-03-04T03:02:40,1606.65,100.0,-163.5,3.5,-163.5,1443.15,1442.1,100.0,True,
2026-03-04T03:20:40,40,RR1.00:3-4:551:2057,2026-03-04T03:02:40,1606.65,100.0,-163.5,3.5,-163.5,1443.15,1442.1,100.0,True,
2026-03-04T03:20:40,41,RR1.00:3-4:551:2057,2026-03-04T03:02:40,1606.65,100.0,-163.5,3.5,-163.5,1443.15,1442.1,100.0,True,
2026-03-04T03:20:40,42,RR1.00:3-4:551:2057,2026-03-04T03:02:40,1755.3,100.0,-163.5,3.5,-163.5,1591.8,1590.75,100.0,True,
2026-03-04T03:20:40,43,RR1.00:3-4:551:2057,2026-03-04T03:02:40,1650.95,100.0,-163.5,3.5,-163.5,1487.45,1486.4,100.0,True,
2026-03-04T03:20:40,44,RR1.00:3-4:551:2057,2026-03-04T03:02:40,1862.1,100.0,-163.5,3.5,-163.5,1698.6,1697.55,100.0,True,
2026-03-04T03:20:40,48,RR1.00:3-4:551:2057,2026-03-04T03:02:40,1771.55,100.0,-163.5,3.5,-163.5,1608.05,1607.0,100.0,True,
2026-03-04T03:20:40,55,RR1.00:3-4:551:2057,2026-03-04T03:02:40,1637.95,100.0,-163.5,3.5,-163.5,1474.45,1473.4,100.0,True,
2026-03-04T03:20:40,56,RR1.00:3-4:551:2057,2026-03-04T03:02:40,1633.6,100.0,-163.5,3.5,-163.5,1470.1,1469.05,100.0,True,
2026-03-04T03:20:40,57,RR1.00:3-4:551:2057,2026-03-04T03:02:40,1622.4,100.0,-163.5,3.5,-163.5,1458.9,1457.85,100.0,True,
2026-03-04T07:04:40,4,RR1.00:7-8:593:2146,2026-03-04T07:00:40,1696.35,100.0,-83.0,11.0,-83.0,1613.35,1612.3,100.0,True,
2026-03-04T07:04:40,30,RR1.00:7-8:593:2146,2026-03-04T07:00:40,1484.35,100.0,-83.0,11.0,-83.0,1401.35,1400.3,100.0,True,
2026-03-04T07:04:40,31,RR1.00:7-8:593:2146,2026-03-04T07:00:40,1484.35,100.0,-83.0,11.0,-83.0,1401.35,1400.3,100.0,True,
2026-03-04T07:04:40,32,RR1.00:7-8:593:2146,2026-03-04T07:00:40,1864.45,100.0,-83.0,11.0,-83.0,1781.45,1780.4,100.0,True,
2026-03-04T07:04:40,33,RR1.00:7-8:593:2146,2026-03-04T07:00:40,1864.45,100.0,-83.0,11.0,-83.0,1781.45,1780.4,100.0,True,
2026-03-04T07:04:40,34,RR1.00:7-8:593:2146,2026-03-04T07:00:40,1864.45,100.0,-83.0,11.0,-83.0,1781.45,1780.4,100.0,True,
2026-03-04T07:04:40,35,RR1.00:7-8:593:2146,2026-03-04T07:00:40,1864.45,100.0,-83.0,11.0,-83.0,1781.45,1780.4,100.0,True,
2026-03-04T07:04:40,36,RR1.00:7-8:593:2146,2026-03-04T07:00:40,1774.2,100.0,-83.0,11.0,-83.0,1691.2,1690.15,100.0,True,
2026-03-04T07:04:40,37,RR1.00:7-8:593:2146,2026-03-04T07:00:40,1774.2,100.0,-83.0,11.0,-83.0,1691.2,1690.15,100.0,True,
2026-03-04T07:04:40,38,RR1.00:7-8:593:2146,2026-03-04T07:00:40,1774.2,100.0,-83.0,11.0,-83.0,1691.2,1690.15,100.0,True,
2026-03-04T07:04:40,39,RR1.00:7-8:593:2146,2026-03-04T07:00:40,1442.1,100.0,-83.0,11.0,-83.0,1359.1,1358.05,100.0,True,
2026-03-04T07:04:40,40,RR1.00:7-8:593:2146,2026-03-04T07:00:40,1442.1,100.0,-83.0,11.0,-83.0,1359.1,1358.05,100.0,True,
2026-03-04T07:04:40,41,RR1.00:7-8:593:2146,2026-03-04T07:00:40,1442.1,100.0,-83.0,11.0,-83.0,1359.1,1358.05,100.0,True,
2026-03-04T07:04:40,42,RR1.00:7-8:593:2146,2026-03-04T07:00:40,1590.75,100.0,-83.0,11.0,-83.0,1507.75,1506.7,100.0,True,
2026-03-04T07:04:40,43,RR1.00:7-8:593:2146,2026-03-04T07:00:40,1486.4,100.0,-83.0,11.0,-83.0,1403.4,1402.35,100.0,True,
2026-03-04T07:04:40,44,RR1.00:7-8:593:2146,2026-03-04T07:00:40,1697.55,100.0,-83.0,11.0,-83.0,1614.55,1613.5,100.0,True,
2026-03-04T07:04:40,48,RR1.00:7-8:593:2146,2026-03-04T07:00:40,1607.0,100.0,-83.0,11.0,-83.0,1524.0,1522.95,100.0,True,
2026-03-04T07:04:40,55,RR1.00:7-8:593:2146,2026-03-04T07:00:40,1473.4,100.0,-83.0,11.0,-83.0,1390.4,1389.35,100.0,True,
2026-03-04T07:04:40,56,RR1.00:7-8:593:2146,2026-03-04T07:00:40,1469.05,100.0,-83.0,11.0,-83.0,1386.05,1385.0,100.0,True,
2026-03-04T07:04:40,57,RR1.00:7-8:593:2146,2026-03-04T07:00:40,1457.85,100.0,-83.0,11.0,-83.0,1374.85,1373.8,100.0,True,
2026-03-04T08:10:40,4,RR1.00:7-8:594:2148,2026-03-04T07:42:40,1612.3,100.0,-161.0,9.5,-161.0,1451.3,1450.25,100.0,True,
2026-03-04T08:10:40,30,RR1.00:7-8:594:2148,2026-03-04T07:42:40,1400.3,100.0,-161.0,9.5,-161.0,1239.3,1238.25,100.0,True,
2026-03-04T08:10:40,31,RR1.00:7-8:594:2148,2026-03-04T07:42:40,1400.3,100.0,-161.0,9.5,-161.0,1239.3,1238.25,100.0,True,
2026-03-04T08:10:40,32,RR1.00:7-8:594:2148,2026-03-04T07:42:40,1780.4,100.0,-161.0,9.5,-161.0,1619.4,1618.35,100.0,True,
2026-03-04T08:10:40,33,RR1.00:7-8:594:2148,2026-03-04T07:42:40,1780.4,100.0,-161.0,9.5,-161.0,1619.4,1618.35,100.0,True,
2026-03-04T08:10:40,34,RR1.00:7-8:594:2148,2026-03-04T07:42:40,1780.4,100.0,-161.0,9.5,-161.0,1619.4,1618.35,100.0,True,
2026-03-04T08:10:40,35,RR1.00:7-8:594:2148,2026-03-04T07:42:40,1780.4,100.0,-161.0,9.5,-161.0,1619.4,1618.35,100.0,True,
2026-03-04T08:10:40,36,RR1.00:7-8:594:2148,2026-03-04T07:42:40,1690.15,100.0,-161.0,9.5,-161.0,1529.15,1528.1,100.0,True,
2026-03-04T08:10:40,37,RR1.00:7-8:594:2148,2026-03-04T07:42:40,1690.15,100.0,-161.0,9.5,-161.0,1529.15,1528.1,100.0,True,
2026-03-04T08:10:40,38,RR1.00:7-8:594:2148,2026-03-04T07:42:40,1690.15,100.0,-161.0,9.5,-161.0,1529.15,1528.1,100.0,True,
2026-03-04T08:10:40,39,RR1.00:7-8:594:2148,2026-03-04T07:42:40,1358.05,100.0,-161.0,9.5,-161.0,1197.05,1196.0,100.0,True,
2026-03-04T08:10:40,40,RR1.00:7-8:594:2148,2026-03-04T07:42:40,1358.05,100.0,-161.0,9.5,-161.0,1197.05,1196.0,100.0,True,
2026-03-04T08:10:40,41,RR1.00:7-8:594:2148,2026-03-04T07:42:40,1358.05,100.0,-161.0,9.5,-161.0,1197.05,1196.0,100.0,True,
2026-03-04T08:10:40,42,RR1.00:7-8:594:2148,2026-03-04T07:42:40,1506.7,100.0,-161.0,9.5,-161.0,1345.7,1344.65,100.0,True,
2026-03-04T08:10:40,43,RR1.00:7-8:594:2148,2026-03-04T07:42:40,1402.35,100.0,-161.0,9.5,-161.0,1241.35,1240.3,100.0,True,
2026-03-04T08:10:40,44,RR1.00:7-8:594:2148,2026-03-04T07:42:40,1613.5,100.0,-161.0,9.5,-161.0,1452.5,1451.45,100.0,True,
2026-03-04T08:10:40,48,RR1.00:7-8:594:2148,2026-03-04T07:42:40,1522.95,100.0,-161.0,9.5,-161.0,1361.95,1360.9,100.0,True,
2026-03-04T08:10:40,55,RR1.00:7-8:594:2148,2026-03-04T07:42:40,1389.35,100.0,-161.0,9.5,-161.0,1228.35,1227.3,100.0,True,
2026-03-04T08:10:40,56,RR1.00:7-8:594:2148,2026-03-04T07:42:40,1385.0,100.0,-161.0,9.5,-161.0,1224.0,1222.95,100.0,True,
2026-03-04T08:10:40,57,RR1.00:7-8:594:2148,2026-03-04T07:42:40,1373.8,100.0,-161.0,9.5,-161.0,1212.8,1211.75,100.0,True,
2026-03-04T10:00:00,4,RR1.00:8-9:596:2121,2026-03-04T08:33:40,1450.25,100.0,-76.0,208.5,167.0,1374.25,1616.2,100.0,True,
2026-03-04T10:00:00,30,RR1.00:8-9:596:2121,2026-03-04T08:33:40,1238.25,100.0,-76.0,208.5,167.0,1162.25,1404.2,100.0,True,
2026-03-04T10:00:00,31,RR1.00:8-9:596:2121,2026-03-04T08:33:40,1238.25,100.0,-76.0,208.5,167.0,1162.25,1404.2,100.0,True,
2026-03-04T10:00:00,32,RR1.00:8-9:596:2121,2026-03-04T08:33:40,1618.35,100.0,-76.0,208.5,167.0,1542.35,1784.3,100.0,True,
2026-03-04T10:00:00,33,RR1.00:8-9:596:2121,2026-03-04T08:33:40,1618.35,100.0,-76.0,208.5,167.0,1542.35,1784.3,100.0,True,
2026-03-04T10:00:00,34,RR1.00:8-9:596:2121,2026-03-04T08:33:40,1618.35,100.0,-76.0,208.5,167.0,1542.35,1784.3,100.0,True,
2026-03-04T10:00:00,35,RR1.00:8-9:596:2121,2026-03-04T08:33:40,1618.35,100.0,-76.0,208.5,167.0,1542.35,1784.3,100.0,True,
2026-03-04T10:00:00,36,RR1.00:8-9:596:2121,2026-03-04T08:33:40,1528.1,100.0,-76.0,208.5,167.0,1452.1,1694.05,100.0,True,
2026-03-04T10:00:00,37,RR1.00:8-9:596:2121,2026-03-04T08:33:40,1528.1,100.0,-76.0,208.5,167.0,1452.1,1694.05,100.0,True,
2026-03-04T10:00:00,38,RR1.00:8-9:596:2121,2026-03-04T08:33:40,1528.1,100.0,-76.0,208.5,167.0,1452.1,1694.05,100.0,True,
2026-03-04T10:00:00,39,RR1.00:8-9:596:2121,2026-03-04T08:33:40,1196.0,100.0,-76.0,208.5,167.0,1120.0,1361.95,100.0,True,
2026-03-04T10:00:00,40,RR1.00:8-9:596:2121,2026-03-04T08:33:40,1196.0,100.0,-76.0,208.5,167.0,1120.0,1361.95,100.0,True,
2026-03-04T10:00:00,41,RR1.00:8-9:596:2121,2026-03-04T08:33:40,1196.0,100.0,-76.0,208.5,167.0,1120.0,1361.95,100.0,True,
2026-03-04T10:00:00,42,RR1.00:8-9:596:2121,2026-03-04T08:33:40,1344.65,100.0,-76.0,208.5,167.0,1268.65,1510.6,100.0,True,
2026-03-04T10:00:00,43,RR1.00:8-9:596:2121,2026-03-04T08:33:40,1240.3,100.0,-76.0,208.5,167.0,1164.3,1406.25,100.0,True,
2026-03-04T10:00:00,44,RR1.00:8-9:596:2121,2026-03-04T08:33:40,1451.45,100.0,-76.0,208.5,167.0,1375.45,1617.4,100.0,True,
2026-03-04T10:00:00,48,RR1.00:8-9:596:2121,2026-03-04T08:33:40,1360.9,100.0,-76.0,208.5,167.0,1284.9,1526.85,100.0,True,
2026-03-04T10:00:00,55,RR1.00:8-9:596:2121,2026-03-04T08:33:40,1227.3,100.0,-76.0,208.5,167.0,1151.3,1393.25,100.0,True,
2026-03-04T10:00:00,56,RR1.00:8-9:596:2121,2026-03-04T08:33:40,1222.95,100.0,-76.0,208.5,167.0,1146.95,1388.9,100.0,True,
2026-03-04T10:00:00,57,RR1.00:8-9:596:2121,2026-03-04T08:33:40,1211.75,100.0,-76.0,208.5,167.0,1135.75,1377.7,100.0,True,
2026-03-04T16:41:40,4,RR1.00:16-17:842:2405,2026-03-04T16:30:40,1616.2,100.0,-130.0,117.5,-130.0,1486.2,1485.15,100.0,True,
2026-03-04T16:41:40,30,RR1.00:16-17:842:2405,2026-03-04T16:30:40,1404.2,100.0,-130.0,117.5,-130.0,1274.2,1273.15,100.0,True,
2026-03-04T16:41:40,31,RR1.00:16-17:842:2405,2026-03-04T16:30:40,1404.2,100.0,-130.0,117.5,-130.0,1274.2,1273.15,100.0,True,
2026-03-04T16:41:40,32,RR1.00:16-17:842:2405,2026-03-04T16:30:40,1784.3,100.0,-130.0,117.5,-130.0,1654.3,1653.25,100.0,True,
2026-03-04T16:41:40,33,RR1.00:16-17:842:2405,2026-03-04T16:30:40,1784.3,100.0,-130.0,117.5,-130.0,1654.3,1653.25,100.0,True,
2026-03-04T16:41:40,34,RR1.00:16-17:842:2405,2026-03-04T16:30:40,1784.3,100.0,-130.0,117.5,-130.0,1654.3,1653.25,100.0,True,
2026-03-04T16:41:40,35,RR1.00:16-17:842:2405,2026-03-04T16:30:40,1784.3,100.0,-130.0,117.5,-130.0,1654.3,1653.25,100.0,True,
2026-03-04T16:41:40,36,RR1.00:16-17:842:2405,2026-03-04T16:30:40,1694.05,100.0,-130.0,117.5,-130.0,1564.05,1563.0,100.0,True,
2026-03-04T16:41:40,37,RR1.00:16-17:842:2405,2026-03-04T16:30:40,1694.05,100.0,-130.0,117.5,-130.0,1564.05,1563.0,100.0,True,
2026-03-04T16:41:40,38,RR1.00:16-17:842:2405,2026-03-04T16:30:40,1694.05,100.0,-130.0,117.5,-130.0,1564.05,1563.0,100.0,True,
2026-03-04T16:41:40,39,RR1.00:16-17:842:2405,2026-03-04T16:30:40,1361.95,100.0,-130.0,117.5,-130.0,1231.95,1230.9,100.0,True,
2026-03-04T16:41:40,40,RR1.00:16-17:842:2405,2026-03-04T16:30:40,1361.95,100.0,-130.0,117.5,-130.0,1231.95,1230.9,100.0,True,
2026-03-04T16:41:40,41,RR1.00:16-17:842:2405,2026-03-04T16:30:40,1361.95,100.0,-130.0,117.5,-130.0,1231.95,1230.9,100.0,True,
2026-03-04T16:41:40,42,RR1.00:16-17:842:2405,2026-03-04T16:30:40,1510.6,100.0,-130.0,117.5,-130.0,1380.6,1379.55,100.0,True,
2026-03-04T16:41:40,43,RR1.00:16-17:842:2405,2026-03-04T16:30:40,1406.25,100.0,-130.0,117.5,-130.0,1276.25,1275.2,100.0,True,
2026-03-04T16:41:40,44,RR1.00:16-17:842:2405,2026-03-04T16:30:40,1617.4,100.0,-130.0,117.5,-130.0,1487.4,1486.35,100.0,True,
2026-03-04T16:41:40,48,RR1.00:16-17:842:2405,2026-03-04T16:30:40,1526.85,100.0,-130.0,117.5,-130.0,1396.85,1395.8,100.0,True,
2026-03-04T16:41:40,55,RR1.00:16-17:842:2405,2026-03-04T16:30:40,1393.25,100.0,-130.0,117.5,-130.0,1263.25,1262.2,100.0,True,
2026-03-04T16:41:40,56,RR1.00:16-17:842:2405,2026-03-04T16:30:40,1388.9,100.0,-130.0,117.5,-130.0,1258.9,1257.85,100.0,True,
2026-03-04T16:41:40,57,RR1.00:16-17:842:2405,2026-03-04T16:30:40,1377.7,100.0,-130.0,117.5,-130.0,1247.7,1246.65,100.0,True,
2026-03-04T22:21:40,4,RR1.00:19-20:478:1947,2026-03-04T19:53:40,1485.15,100.0,-86.5,87.0,-86.5,1398.65,1397.6,100.0,True,
2026-03-04T22:21:40,30,RR1.00:19-20:478:1947,2026-03-04T19:53:40,1273.15,100.0,-86.5,87.0,-86.5,1186.65,1185.6,100.0,True,
2026-03-04T22:21:40,31,RR1.00:19-20:478:1947,2026-03-04T19:53:40,1273.15,100.0,-86.5,87.0,-86.5,1186.65,1185.6,100.0,True,
2026-03-04T22:21:40,32,RR1.00:19-20:478:1947,2026-03-04T19:53:40,1653.25,100.0,-86.5,87.0,-86.5,1566.75,1565.7,100.0,True,
2026-03-04T22:21:40,33,RR1.00:19-20:478:1947,2026-03-04T19:53:40,1653.25,100.0,-86.5,87.0,-86.5,1566.75,1565.7,100.0,True,
2026-03-04T22:21:40,34,RR1.00:19-20:478:1947,2026-03-04T19:53:40,1653.25,100.0,-86.5,87.0,-86.5,1566.75,1565.7,100.0,True,
2026-03-04T22:21:40,35,RR1.00:19-20:478:1947,2026-03-04T19:53:40,1653.25,100.0,-86.5,87.0,-86.5,1566.75,1565.7,100.0,True,
2026-03-04T22:21:40,36,RR1.00:19-20:478:1947,2026-03-04T19:53:40,1563.0,100.0,-86.5,87.0,-86.5,1476.5,1475.45,100.0,True,
2026-03-04T22:21:40,37,RR1.00:19-20:478:1947,2026-03-04T19:53:40,1563.0,100.0,-86.5,87.0,-86.5,1476.5,1475.45,100.0,True,
2026-03-04T22:21:40,38,RR1.00:19-20:478:1947,2026-03-04T19:53:40,1563.0,100.0,-86.5,87.0,-86.5,1476.5,1475.45,100.0,True,
2026-03-04T22:21:40,39,RR1.00:19-20:478:1947,2026-03-04T19:53:40,1230.9,100.0,-86.5,87.0,-86.5,1144.4,1143.35,100.0,True,
2026-03-04T22:21:40,40,RR1.00:19-20:478:1947,2026-03-04T19:53:40,1230.9,100.0,-86.5,87.0,-86.5,1144.4,1143.35,100.0,True,
2026-03-04T22:21:40,41,RR1.00:19-20:478:1947,2026-03-04T19:53:40,1230.9,100.0,-86.5,87.0,-86.5,1144.4,1143.35,100.0,True,
2026-03-04T22:21:40,42,RR1.00:19-20:478:1947,2026-03-04T19:53:40,1379.55,100.0,-86.5,87.0,-86.5,1293.05,1292.0,100.0,True,
2026-03-04T22:21:40,43,RR1.00:19-20:478:1947,2026-03-04T19:53:40,1275.2,100.0,-86.5,87.0,-86.5,1188.7,1187.65,100.0,True,
2026-03-04T22:21:40,44,RR1.00:19-20:478:1947,2026-03-04T19:53:40,1486.35,100.0,-86.5,87.0,-86.5,1399.85,1398.8,100.0,True,
2026-03-04T22:21:40,48,RR1.00:19-20:478:1947,2026-03-04T19:53:40,1395.8,100.0,-86.5,87.0,-86.5,1309.3,1308.25,100.0,True,
2026-03-04T22:21:40,55,RR1.00:19-20:478:1947,2026-03-04T19:53:40,1262.2,100.0,-86.5,87.0,-86.5,1175.7,1174.65,100.0,True,
2026-03-04T22:21:40,56,RR1.00:19-20:478:1947,2026-03-04T19:53:40,1257.85,100.0,-86.5,87.0,-86.5,1171.35,1170.3,100.0,True,
2026-03-04T22:21:40,57,RR1.00:19-20:478:1947,2026-03-04T19:53:40,1246.65,100.0,-86.5,87.0,-86.5,1160.15,1159.1,100.0,True,
2026-03-04T23:30:00,4,RR1.00:18-19:460:1961,2026-03-04T18:02:40,1397.6,100.0,-195.0,138.5,-18.0,1202.6,1378.55,100.0,True,
2026-03-04T23:30:00,30,RR1.00:18-19:460:1961,2026-03-04T18:02:40,1185.6,100.0,-195.0,138.5,-18.0,990.6,1166.55,100.0,True,
2026-03-04T23:30:00,31,RR1.00:18-19:460:1961,2026-03-04T18:02:40,1185.6,100.0,-195.0,138.5,-18.0,990.6,1166.55,100.0,True,
2026-03-04T23:30:00,32,RR1.00:18-19:460:1961,2026-03-04T18:02:40,1565.7,100.0,-195.0,138.5,-18.0,1370.7,1546.65,100.0,True,
2026-03-04T23:30:00,33,RR1.00:18-19:460:1961,2026-03-04T18:02:40,1565.7,100.0,-195.0,138.5,-18.0,1370.7,1546.65,100.0,True,
2026-03-04T23:30:00,34,RR1.00:18-19:460:1961,2026-03-04T18:02:40,1565.7,100.0,-195.0,138.5,-18.0,1370.7,1546.65,100.0,True,
2026-03-04T23:30:00,35,RR1.00:18-19:460:1961,2026-03-04T18:02:40,1565.7,100.0,-195.0,138.5,-18.0,1370.7,1546.65,100.0,True,
2026-03-04T23:30:00,36,RR1.00:18-19:460:1961,2026-03-04T18:02:40,1475.45,100.0,-195.0,138.5,-18.0,1280.45,1456.4,100.0,True,
2026-03-04T23:30:00,37,RR1.00:18-19:460:1961,2026-03-04T18:02:40,1475.45,100.0,-195.0,138.5,-18.0,1280.45,1456.4,100.0,True,
2026-03-04T23:30:00,38,RR1.00:18-19:460:1961,2026-03-04T18:02:40,1475.45,100.0,-195.0,138.5,-18.0,1280.45,1456.4,100.0,True,
2026-03-04T23:30:00,39,RR1.00:18-19:460:1961,2026-03-04T18:02:40,1143.35,100.0,-195.0,138.5,-18.0,948.35,1124.3,100.0,True,
2026-03-04T23:30:00,40,RR1.00:18-19:460:1961,2026-03-04T18:02:40,1143.35,100.0,-195.0,138.5,-18.0,948.35,1124.3,100.0,True,
2026-03-04T23:30:00,41,RR1.00:18-19:460:1961,2026-03-04T18:02:40,1143.35,100.0,-195.0,138.5,-18.0,948.35,1124.3,100.0,True,
2026-03-04T23:30:00,42,RR1.00:18-19:460:1961,2026-03-04T18:02:40,1292.0,100.0,-195.0,138.5,-18.0,1097.0,1272.95,100.0,True,
2026-03-04T23:30:00,43,RR1.00:18-19:460:1961,2026-03-04T18:02:40,1187.65,100.0,-195.0,138.5,-18.0,992.65,1168.6,100.0,True,
2026-03-04T23:30:00,44,RR1.00:18-19:460:1961,2026-03-04T18:02:40,1398.8,100.0,-195.0,138.5,-18.0,1203.8,1379.75,100.0,True,
2026-03-04T23:30:00,48,RR1.00:18-19:460:1961,2026-03-04T18:02:40,1308.25,100.0,-195.0,138.5,-18.0,1113.25,1289.2,100.0,True,
2026-03-04T23:30:00,55,RR1.00:18-19:460:1961,2026-03-04T18:02:40,1174.65,100.0,-195.0,138.5,-18.0,979.65,1155.6,100.0,True,
2026-03-04T23:30:00,56,RR1.00:18-19:460:1961,2026-03-04T18:02:40,1170.3,100.0,-195.0,138.5,-18.0,975.3,1151.25,100.0,True,
2026-03-04T23:30:00,57,RR1.00:18-19:460:1961,2026-03-04T18:02:40,1159.1,100.0,-195.0,138.5,-18.0,964.1,1140.05,100.0,True,
2026-03-05T03:21:40,4,RR1.00:1-2:450:1826,2026-03-05T01:44:40,1378.55,100.0,-74.5,145.5,-74.5,1304.05,1303.0,100.0,True,
2026-03-05T03:21:40,30,RR1.00:1-2:450:1826,2026-03-05T01:44:40,1166.55,100.0,-74.5,145.5,-74.5,1092.05,1091.0,100.0,True,
2026-03-05T03:21:40,31,RR1.00:1-2:450:1826,2026-03-05T01:44:40,1166.55,100.0,-74.5,145.5,-74.5,1092.05,1091.0,100.0,True,
2026-03-05T03:21:40,32,RR1.00:1-2:450:1826,2026-03-05T01:44:40,1546.65,100.0,-74.5,145.5,-74.5,1472.15,1471.1,100.0,True,
2026-03-05T03:21:40,33,RR1.00:1-2:450:1826,2026-03-05T01:44:40,1546.65,100.0,-74.5,145.5,-74.5,1472.15,1471.1,100.0,True,
2026-03-05T03:21:40,34,RR1.00:1-2:450:1826,2026-03-05T01:44:40,1546.65,100.0,-74.5,145.5,-74.5,1472.15,1471.1,100.0,True,
2026-03-05T03:21:40,35,RR1.00:1-2:450:1826,2026-03-05T01:44:40,1546.65,100.0,-74.5,145.5,-74.5,1472.15,1471.1,100.0,True,
2026-03-05T03:21:40,36,RR1.00:1-2:450:1826,2026-03-05T01:44:40,1456.4,100.0,-74.5,145.5,-74.5,1381.9,1380.85,100.0,True,
2026-03-05T03:21:40,37,RR1.00:1-2:450:1826,2026-03-05T01:44:40,1456.4,100.0,-74.5,145.5,-74.5,1381.9,1380.85,100.0,True,
2026-03-05T03:21:40,38,RR1.00:1-2:450:1826,2026-03-05T01:44:40,1456.4,100.0,-74.5,145.5,-74.5,1381.9,1380.85,100.0,True,
2026-03-05T03:21:40,39,RR1.00:1-2:450:1826,2026-03-05T01:44:40,1124.3,100.0,-74.5,145.5,-74.5,1049.8,1048.75,100.0,True,
2026-03-05T03:21:40,40,RR1.00:1-2:450:1826,2026-03-05T01:44:40,1124.3,100.0,-74.5,145.5,-74.5,1049.8,1048.75,100.0,True,
2026-03-05T03:21:40,41,RR1.00:1-2:450:1826,2026-03-05T01:44:40,1124.3,100.0,-74.5,145.5,-74.5,1049.8,1048.75,100.0,True,
2026-03-05T03:21:40,42,RR1.00:1-2:450:1826,2026-03-05T01:44:40,1272.95,100.0,-74.5,145.5,-74.5,1198.45,1197.4,100.0,True,
2026-03-05T03:21:40,43,RR1.00:1-2:450:1826,2026-03-05T01:44:40,1168.6,100.0,-74.5,145.5,-74.5,1094.1,1093.05,100.0,True,
2026-03-05T03:21:40,44,RR1.00:1-2:450:1826,2026-03-05T01:44:40,1379.75,100.0,-74.5,145.5,-74.5,1305.25,1304.2,100.0,True,
2026-03-05T03:21:40,48,RR1.00:1-2:450:1826,2026-03-05T01:44:40,1289.2,100.0,-74.5,145.5,-74.5,1214.7,1213.65,100.0,True,
2026-03-05T03:21:40,55,RR1.00:1-2:450:1826,2026-03-05T01:44:40,1155.6,100.0,-74.5,145.5,-74.5,1081.1,1080.05,100.0,True,
2026-03-05T03:21:40,56,RR1.00:1-2:450:1826,2026-03-05T01:44:40,1151.25,100.0,-74.5,145.5,-74.5,1076.75,1075.7,100.0,True,
2026-03-05T03:21:40,57,RR1.00:1-2:450:1826,2026-03-05T01:44:40,1140.05,100.0,-74.5,145.5,-74.5,1065.55,1064.5,100.0,True,
2026-03-05T05:22:40,4,RR1.00:4-5:527:2050,2026-03-05T04:46:40,1303.0,100.0,-77.0,61.0,-77.0,1226.0,1224.95,100.0,True,
2026-03-05T05:22:40,30,RR1.00:4-5:527:2050,2026-03-05T04:46:40,1091.0,100.0,-77.0,61.0,-77.0,1014.0,1012.95,100.0,True,
2026-03-05T05:22:40,31,RR1.00:4-5:527:2050,2026-03-05T04:46:40,1091.0,100.0,-77.0,61.0,-77.0,1014.0,1012.95,100.0,True,
2026-03-05T05:22:40,32,RR1.00:4-5:527:2050,2026-03-05T04:46:40,1471.1,100.0,-77.0,61.0,-77.0,1394.1,1393.05,100.0,True,
2026-03-05T05:22:40,33,RR1.00:4-5:527:2050,2026-03-05T04:46:40,1471.1,100.0,-77.0,61.0,-77.0,1394.1,1393.05,100.0,True,
2026-03-05T05:22:40,34,RR1.00:4-5:527:2050,2026-03-05T04:46:40,1471.1,100.0,-77.0,61.0,-77.0,1394.1,1393.05,100.0,True,
2026-03-05T05:22:40,35,RR1.00:4-5:527:2050,2026-03-05T04:46:40,1471.1,100.0,-77.0,61.0,-77.0,1394.1,1393.05,100.0,True,
2026-03-05T05:22:40,36,RR1.00:4-5:527:2050,2026-03-05T04:46:40,1380.85,100.0,-77.0,61.0,-77.0,1303.85,1302.8,100.0,True,
2026-03-05T05:22:40,37,RR1.00:4-5:527:2050,2026-03-05T04:46:40,1380.85,100.0,-77.0,61.0,-77.0,1303.85,1302.8,100.0,True,
2026-03-05T05:22:40,38,RR1.00:4-5:527:2050,2026-03-05T04:46:40,1380.85,100.0,-77.0,61.0,-77.0,1303.85,1302.8,100.0,True,
2026-03-05T05:22:40,39,RR1.00:4-5:527:2050,2026-03-05T04:46:40,1048.75,100.0,-77.0,61.0,-77.0,971.75,970.7,100.0,True,
2026-03-05T05:22:40,40,RR1.00:4-5:527:2050,2026-03-05T04:46:40,1048.75,100.0,-77.0,61.0,-77.0,971.75,970.7,100.0,True,
2026-03-05T05:22:40,41,RR1.00:4-5:527:2050,2026-03-05T04:46:40,1048.75,100.0,-77.0,61.0,-77.0,971.75,970.7,100.0,True,
2026-03-05T05:22:40,42,RR1.00:4-5:527:2050,2026-03-05T04:46:40,1197.4,100.0,-77.0,61.0,-77.0,1120.4,1119.35,100.0,True,
2026-03-05T05:22:40,43,RR1.00:4-5:527:2050,2026-03-05T04:46:40,1093.05,100.0,-77.0,61.0,-77.0,1016.05,1015.0,100.0,True,
2026-03-05T05:22:40,44,RR1.00:4-5:527:2050,2026-03-05T04:46:40,1304.2,100.0,-77.0,61.0,-77.0,1227.2,1226.15,100.0,True,
2026-03-05T05:22:40,48,RR1.00:4-5:527:2050,2026-03-05T04:46:40,1213.65,100.0,-77.0,61.0,-77.0,1136.65,1135.6,100.0,True,
2026-03-05T05:22:40,55,RR1.00:4-5:527:2050,2026-03-05T04:46:40,1080.05,100.0,-77.0,61.0,-77.0,1003.05,1002.0,100.0,True,
2026-03-05T05:22:40,56,RR1.00:4-5:527:2050,2026-03-05T04:46:40,1075.7,100.0,-77.0,61.0,-77.0,998.7,997.65,100.0,True,
2026-03-05T05:22:40,57,RR1.00:4-5:527:2050,2026-03-05T04:46:40,1064.5,100.0,-77.0,61.0,-77.0,987.5,986.45,100.0,True,
2026-03-05T08:00:40,4,RR1.00:6-7:531:2037,2026-03-05T06:08:40,1224.95,100.0,-91.0,72.0,-91.0,1133.95,1132.9,100.0,True,
2026-03-05T08:00:40,30,RR1.00:6-7:531:2037,2026-03-05T06:08:40,1012.95,100.0,-91.0,72.0,-91.0,921.95,920.9,100.0,True,
2026-03-05T08:00:40,31,RR1.00:6-7:531:2037,2026-03-05T06:08:40,1012.95,100.0,-91.0,72.0,-91.0,921.95,920.9,100.0,True,
2026-03-05T08:00:40,32,RR1.00:6-7:531:2037,2026-03-05T06:08:40,1393.05,100.0,-91.0,72.0,-91.0,1302.05,1301.0,100.0,True,
2026-03-05T08:00:40,33,RR1.00:6-7:531:2037,2026-03-05T06:08:40,1393.05,100.0,-91.0,72.0,-91.0,1302.05,1301.0,100.0,True,
2026-03-05T08:00:40,34,RR1.00:6-7:531:2037,2026-03-05T06:08:40,1393.05,100.0,-91.0,72.0,-91.0,1302.05,1301.0,100.0,True,
2026-03-05T08:00:40,35,RR1.00:6-7:531:2037,2026-03-05T06:08:40,1393.05,100.0,-91.0,72.0,-91.0,1302.05,1301.0,100.0,True,
2026-03-05T08:00:40,36,RR1.00:6-7:531:2037,2026-03-05T06:08:40,1302.8,100.0,-91.0,72.0,-91.0,1211.8,1210.75,100.0,True,
2026-03-05T08:00:40,37,RR1.00:6-7:531:2037,2026-03-05T06:08:40,1302.8,100.0,-91.0,72.0,-91.0,1211.8,1210.75,100.0,True,
2026-03-05T08:00:40,38,RR1.00:6-7:531:2037,2026-03-05T06:08:40,1302.8,100.0,-91.0,72.0,-91.0,1211.8,1210.75,100.0,True,
2026-03-05T08:00:40,39,RR1.00:6-7:531:2037,2026-03-05T06:08:40,970.7,100.0,-91.0,72.0,-91.0,879.7,878.65,100.0,True,
2026-03-05T08:00:40,40,RR1.00:6-7:531:2037,2026-03-05T06:08:40,970.7,100.0,-91.0,72.0,-91.0,879.7,878.65,100.0,True,
2026-03-05T08:00:40,41,RR1.00:6-7:531:2037,2026-03-05T06:08:40,970.7,100.0,-91.0,72.0,-91.0,879.7,878.65,100.0,True,
2026-03-05T08:00:40,42,RR1.00:6-7:531:2037,2026-03-05T06:08:40,1119.35,100.0,-91.0,72.0,-91.0,1028.35,1027.3,100.0,True,
2026-03-05T08:00:40,43,RR1.00:6-7:531:2037,2026-03-05T06:08:40,1015.0,100.0,-91.0,72.0,-91.0,924.0,922.95,100.0,True,
2026-03-05T08:00:40,44,RR1.00:6-7:531:2037,2026-03-05T06:08:40,1226.15,100.0,-91.0,72.0,-91.0,1135.15,1134.1,100.0,True,
2026-03-05T08:00:40,48,RR1.00:6-7:531:2037,2026-03-05T06:08:40,1135.6,100.0,-91.0,72.0,-91.0,1044.6,1043.55,100.0,True,
2026-03-05T08:00:40,55,RR1.00:6-7:531:2037,2026-03-05T06:08:40,1002.0,100.0,-91.0,72.0,-91.0,911.0,909.95,100.0,True,
2026-03-05T08:00:40,56,RR1.00:6-7:531:2037,2026-03-05T06:08:40,997.65,100.0,-91.0,72.0,-91.0,906.65,905.6,100.0,True,
2026-03-05T08:00:40,57,RR1.00:6-7:531:2037,2026-03-05T06:08:40,986.45,100.0,-91.0,72.0,-91.0,895.45,894.4,100.0,True,
2026-03-05T10:30:40,4,RR1.00:8-9:597:2124,2026-03-05T08:50:40,1132.9,100.0,-120.0,114.0,-120.0,1012.9,1011.85,100.0,True,
2026-03-05T10:30:40,30,RR1.00:8-9:597:2124,2026-03-05T08:50:40,920.9,100.0,-120.0,114.0,-120.0,800.9,799.85,100.0,True,
2026-03-05T10:30:40,31,RR1.00:8-9:597:2124,2026-03-05T08:50:40,920.9,100.0,-120.0,114.0,-120.0,800.9,799.85,100.0,True,
2026-03-05T10:30:40,32,RR1.00:8-9:597:2124,2026-03-05T08:50:40,1301.0,100.0,-120.0,114.0,-120.0,1181.0,1179.95,100.0,True,
2026-03-05T10:30:40,33,RR1.00:8-9:597:2124,2026-03-05T08:50:40,1301.0,100.0,-120.0,114.0,-120.0,1181.0,1179.95,100.0,True,
2026-03-05T10:30:40,34,RR1.00:8-9:597:2124,2026-03-05T08:50:40,1301.0,100.0,-120.0,114.0,-120.0,1181.0,1179.95,100.0,True,
2026-03-05T10:30:40,35,RR1.00:8-9:597:2124,2026-03-05T08:50:40,1301.0,100.0,-120.0,114.0,-120.0,1181.0,1179.95,100.0,True,
2026-03-05T10:30:40,36,RR1.00:8-9:597:2124,2026-03-05T08:50:40,1210.75,100.0,-120.0,114.0,-120.0,1090.75,1089.7,100.0,True,
2026-03-05T10:30:40,37,RR1.00:8-9:597:2124,2026-03-05T08:50:40,1210.75,100.0,-120.0,114.0,-120.0,1090.75,1089.7,100.0,True,
2026-03-05T10:30:40,38,RR1.00:8-9:597:2124,2026-03-05T08:50:40,1210.75,100.0,-120.0,114.0,-120.0,1090.75,1089.7,100.0,True,
2026-03-05T10:30:40,39,RR1.00:8-9:597:2124,2026-03-05T08:50:40,878.65,100.0,-120.0,114.0,-120.0,758.65,757.6,100.0,True,
2026-03-05T10:30:40,40,RR1.00:8-9:597:2124,2026-03-05T08:50:40,878.65,100.0,-120.0,114.0,-120.0,758.65,757.6,100.0,True,
2026-03-05T10:30:40,41,RR1.00:8-9:597:2124,2026-03-05T08:50:40,878.65,100.0,-120.0,114.0,-120.0,758.65,757.6,100.0,True,
2026-03-05T10:30:40,42,RR1.00:8-9:597:2124,2026-03-05T08:50:40,1027.3,100.0,-120.0,114.0,-120.0,907.3,906.25,100.0,True,
2026-03-05T10:30:40,43,RR1.00:8-9:597:2124,2026-03-05T08:50:40,922.95,100.0,-120.0,114.0,-120.0,802.95,801.9,100.0,True,
2026-03-05T10:30:40,44,RR1.00:8-9:597:2124,2026-03-05T08:50:40,1134.1,100.0,-120.0,114.0,-120.0,1014.1,1013.05,100.0,True,
2026-03-05T10:30:40,48,RR1.00:8-9:597:2124,2026-03-05T08:50:40,1043.55,100.0,-120.0,114.0,-120.0,923.55,922.5,100.0,True,
2026-03-05T10:30:40,55,RR1.00:8-9:597:2124,2026-03-05T08:50:40,909.95,100.0,-120.0,114.0,-120.0,789.95,788.9,100.0,True,
2026-03-05T10:30:40,56,RR1.00:8-9:597:2124,2026-03-05T08:50:40,905.6,100.0,-120.0,114.0,-120.0,785.6,784.55,100.0,True,
2026-03-05T10:30:40,57,RR1.00:8-9:597:2124,2026-03-05T08:50:40,894.4,100.0,-120.0,114.0,-120.0,774.4,773.35,100.0,True,
2026-03-05T13:58:40,4,RR1.00:13-14:568:2098,2026-03-05T13:17:20,1011.85,100.0,-101.0,22.0,-101.0,910.85,909.8,100.0,True,
2026-03-05T13:58:40,30,RR1.00:13-14:568:2098,2026-03-05T13:17:20,799.85,100.0,-101.0,22.0,-101.0,698.85,697.8,100.0,True,
2026-03-05T13:58:40,31,RR1.00:13-14:568:2098,2026-03-05T13:17:20,799.85,100.0,-101.0,22.0,-101.0,698.85,697.8,100.0,True,
2026-03-05T13:58:40,32,RR1.00:13-14:568:2098,2026-03-05T13:17:20,1179.95,100.0,-101.0,22.0,-101.0,1078.95,1077.9,100.0,True,
2026-03-05T13:58:40,33,RR1.00:13-14:568:2098,2026-03-05T13:17:20,1179.95,100.0,-101.0,22.0,-101.0,1078.95,1077.9,100.0,True,
2026-03-05T13:58:40,34,RR1.00:13-14:568:2098,2026-03-05T13:17:20,1179.95,100.0,-101.0,22.0,-101.0,1078.95,1077.9,100.0,True,
2026-03-05T13:58:40,35,RR1.00:13-14:568:2098,2026-03-05T13:17:20,1179.95,100.0,-101.0,22.0,-101.0,1078.95,1077.9,100.0,True,
2026-03-05T13:58:40,36,RR1.00:13-14:568:2098,2026-03-05T13:17:20,1089.7,100.0,-101.0,22.0,-101.0,988.7,987.65,100.0,True,
2026-03-05T13:58:40,37,RR1.00:13-14:568:2098,2026-03-05T13:17:20,1089.7,100.0,-101.0,22.0,-101.0,988.7,987.65,100.0,True,
2026-03-05T13:58:40,38,RR1.00:13-14:568:2098,2026-03-05T13:17:20,1089.7,100.0,-101.0,22.0,-101.0,988.7,987.65,100.0,True,
2026-03-05T13:58:40,39,RR1.00:13-14:568:2098,2026-03-05T13:17:20,757.6,100.0,-101.0,22.0,-101.0,656.6,655.55,100.0,True,
2026-03-05T13:58:40,40,RR1.00:13-14:568:2098,2026-03-05T13:17:20,757.6,100.0,-101.0,22.0,-101.0,656.6,655.55,100.0,True,
2026-03-05T13:58:40,41,RR1.00:13-14:568:2098,2026-03-05T13:17:20,757.6,100.0,-101.0,22.0,-101.0,656.6,655.55,100.0,True,
2026-03-05T13:58:40,42,RR1.00:13-14:568:2098,2026-03-05T13:17:20,906.25,100.0,-101.0,22.0,-101.0,805.25,804.2,100.0,True,
2026-03-05T13:58:40,43,RR1.00:13-14:568:2098,2026-03-05T13:17:20,801.9,100.0,-101.0,22.0,-101.0,700.9,699.85,100.0,True,
2026-03-05T13:58:40,44,RR1.00:13-14:568:2098,2026-03-05T13:17:20,1013.05,100.0,-101.0,22.0,-101.0,912.05,911.0,100.0,True,
2026-03-05T13:58:40,48,RR1.00:13-14:568:2098,2026-03-05T13:17:20,922.5,100.0,-101.0,22.0,-101.0,821.5,820.45,100.0,True,
2026-03-05T13:58:40,55,RR1.00:13-14:568:2098,2026-03-05T13:17:20,788.9,100.0,-101.0,22.0,-101.0,687.9,686.85,100.0,True,
2026-03-05T13:58:40,56,RR1.00:13-14:568:2098,2026-03-05T13:17:20,784.55,100.0,-101.0,22.0,-101.0,683.55,682.5,100.0,True,
2026-03-05T13:58:40,57,RR1.00:13-14:568:2098,2026-03-05T13:17:20,773.35,100.0,-101.0,22.0,-101.0,672.35,671.3,100.0,True,
2026-03-05T14:37:00,4,RR1.00:14-15:527:1998,2026-03-05T14:21:40,909.8,100.0,-129.5,8.0,-129.5,780.3,779.25,100.0,True,
2026-03-05T14:37:00,30,RR1.00:14-15:527:1998,2026-03-05T14:21:40,697.8,100.0,-129.5,8.0,-129.5,568.3,567.25,100.0,True,
2026-03-05T14:37:00,31,RR1.00:14-15:527:1998,2026-03-05T14:21:40,697.8,100.0,-129.5,8.0,-129.5,568.3,567.25,100.0,True,
2026-03-05T14:37:00,32,RR1.00:14-15:527:1998,2026-03-05T14:21:40,1077.9,100.0,-129.5,8.0,-129.5,948.4,947.35,100.0,True,
2026-03-05T14:37:00,33,RR1.00:14-15:527:1998,2026-03-05T14:21:40,1077.9,100.0,-129.5,8.0,-129.5,948.4,947.35,100.0,True,
2026-03-05T14:37:00,34,RR1.00:14-15:527:1998,2026-03-05T14:21:40,1077.9,100.0,-129.5,8.0,-129.5,948.4,947.35,100.0,True,
2026-03-05T14:37:00,35,RR1.00:14-15:527:1998,2026-03-05T14:21:40,1077.9,100.0,-129.5,8.0,-129.5,948.4,947.35,100.0,True,
2026-03-05T14:37:00,36,RR1.00:14-15:527:1998,2026-03-05T14:21:40,987.65,100.0,-129.5,8.0,-129.5,858.15,857.1,100.0,True,
2026-03-05T14:37:00,37,RR1.00:14-15:527:1998,2026-03-05T14:21:40,987.65,100.0,-129.5,8.0,-129.5,858.15,857.1,100.0,True,
2026-03-05T14:37:00,38,RR1.00:14-15:527:1998,2026-03-05T14:21:40,987.65,100.0,-129.5,8.0,-129.5,858.15,857.1,100.0,True,
2026-03-05T14:37:00,39,RR1.00:14-15:527:1998,2026-03-05T14:21:40,655.55,100.0,-129.5,8.0,-129.5,526.05,525.0,100.0,True,
2026-03-05T14:37:00,40,RR1.00:14-15:527:1998,2026-03-05T14:21:40,655.55,100.0,-129.5,8.0,-129.5,526.05,525.0,100.0,True,
2026-03-05T14:37:00,41,RR1.00:14-15:527:1998,2026-03-05T14:21:40,655.55,100.0,-129.5,8.0,-129.5,526.05,525.0,100.0,True,
2026-03-05T14:37:00,42,RR1.00:14-15:527:1998,2026-03-05T14:21:40,804.2,100.0,-129.5,8.0,-129.5,674.7,673.65,100.0,True,
2026-03-05T14:37:00,43,RR1.00:14-15:527:1998,2026-03-05T14:21:40,699.85,100.0,-129.5,8.0,-129.5,570.35,569.3,100.0,True,
2026-03-05T14:37:00,44,RR1.00:14-15:527:1998,2026-03-05T14:21:40,911.0,100.0,-129.5,8.0,-129.5,781.5,780.45,100.0,True,
2026-03-05T14:37:00,48,RR1.00:14-15:527:1998,2026-03-05T14:21:40,820.45,100.0,-129.5,8.0,-129.5,690.95,689.9,100.0,True,
2026-03-05T14:37:00,55,RR1.00:14-15:527:1998,2026-03-05T14:21:40,686.85,100.0,-129.5,8.0,-129.5,557.35,556.3,100.0,True,
2026-03-05T14:37:00,56,RR1.00:14-15:527:1998,2026-03-05T14:21:40,682.5,100.0,-129.5,8.0,-129.5,553.0,551.95,100.0,True,
2026-03-05T14:37:00,57,RR1.00:14-15:527:1998,2026-03-05T14:21:40,671.3,100.0,-129.5,8.0,-129.5,541.8,540.75,100.0,True,
2026-03-05T17:00:00,4,RR1.00:16-17:843:2408,2026-03-05T16:30:40,779.25,100.0,20.5,349.5,344.5,779.25,1122.7,100.0,True,
2026-03-05T17:00:00,30,RR1.00:16-17:843:2408,2026-03-05T16:30:40,567.25,100.0,20.5,349.5,344.5,567.25,910.7,100.0,True,
2026-03-05T17:00:00,31,RR1.00:16-17:843:2408,2026-03-05T16:30:40,567.25,100.0,20.5,349.5,344.5,567.25,910.7,100.0,True,
2026-03-05T17:00:00,32,RR1.00:16-17:843:2408,2026-03-05T16:30:40,947.35,100.0,20.5,349.5,344.5,947.35,1290.8,100.0,True,
2026-03-05T17:00:00,33,RR1.00:16-17:843:2408,2026-03-05T16:30:40,947.35,100.0,20.5,349.5,344.5,947.35,1290.8,100.0,True,
2026-03-05T17:00:00,34,RR1.00:16-17:843:2408,2026-03-05T16:30:40,947.35,100.0,20.5,349.5,344.5,947.35,1290.8,100.0,True,
2026-03-05T17:00:00,35,RR1.00:16-17:843:2408,2026-03-05T16:30:40,947.35,100.0,20.5,349.5,344.5,947.35,1290.8,100.0,True,
2026-03-05T17:00:00,36,RR1.00:16-17:843:2408,2026-03-05T16:30:40,857.1,100.0,20.5,349.5,344.5,857.1,1200.55,100.0,True,
2026-03-05T17:00:00,37,RR1.00:16-17:843:2408,2026-03-05T16:30:40,857.1,100.0,20.5,349.5,344.5,857.1,1200.55,100.0,True,
2026-03-05T17:00:00,38,RR1.00:16-17:843:2408,2026-03-05T16:30:40,857.1,100.0,20.5,349.5,344.5,857.1,1200.55,100.0,True,
2026-03-05T17:00:00,39,RR1.00:16-17:843:2408,2026-03-05T16:30:40,525.0,100.0,20.5,349.5,344.5,525.0,868.45,100.0,True,
2026-03-05T17:00:00,40,RR1.00:16-17:843:2408,2026-03-05T16:30:40,525.0,100.0,20.5,349.5,344.5,525.0,868.45,100.0,True,
2026-03-05T17:00:00,41,RR1.00:16-17:843:2408,2026-03-05T16:30:40,525.0,100.0,20.5,349.5,344.5,525.0,868.45,100.0,True,
2026-03-05T17:00:00,42,RR1.00:16-17:843:2408,2026-03-05T16:30:40,673.65,100.0,20.5,349.5,344.5,673.65,1017.1,100.0,True,
2026-03-05T17:00:00,43,RR1.00:16-17:843:2408,2026-03-05T16:30:40,569.3,100.0,20.5,349.5,344.5,569.3,912.75,100.0,True,
2026-03-05T17:00:00,44,RR1.00:16-17:843:2408,2026-03-05T16:30:40,780.45,100.0,20.5,349.5,344.5,780.45,1123.9,100.0,True,
2026-03-05T17:00:00,48,RR1.00:16-17:843:2408,2026-03-05T16:30:40,689.9,100.0,20.5,349.5,344.5,689.9,1033.35,100.0,True,
2026-03-05T17:00:00,55,RR1.00:16-17:843:2408,2026-03-05T16:30:40,556.3,100.0,20.5,349.5,344.5,556.3,899.75,100.0,True,
2026-03-05T17:00:00,56,RR1.00:16-17:843:2408,2026-03-05T16:30:40,551.95,100.0,20.5,349.5,344.5,551.95,895.4,100.0,True,
2026-03-05T17:00:00,57,RR1.00:16-17:843:2408,2026-03-05T16:30:40,540.75,100.0,20.5,349.5,344.5,540.75,884.2,100.0,True,
2026-03-06T02:00:00,4,RR1.00:1-2:451:1828,2026-03-06T01:03:40,1122.7,100.0,-21.5,81.0,60.5,1101.2,1182.15,100.0,True,
2026-03-06T02:00:00,30,RR1.00:1-2:451:1828,2026-03-06T01:03:40,910.7,100.0,-21.5,81.0,60.5,889.2,970.15,100.0,True,
2026-03-06T02:00:00,31,RR1.00:1-2:451:1828,2026-03-06T01:03:40,910.7,100.0,-21.5,81.0,60.5,889.2,970.15,100.0,True,
2026-03-06T02:00:00,32,RR1.00:1-2:451:1828,2026-03-06T01:03:40,1290.8,100.0,-21.5,81.0,60.5,1269.3,1350.25,100.0,True,
2026-03-06T02:00:00,33,RR1.00:1-2:451:1828,2026-03-06T01:03:40,1290.8,100.0,-21.5,81.0,60.5,1269.3,1350.25,100.0,True,
2026-03-06T02:00:00,34,RR1.00:1-2:451:1828,2026-03-06T01:03:40,1290.8,100.0,-21.5,81.0,60.5,1269.3,1350.25,100.0,True,
2026-03-06T02:00:00,35,RR1.00:1-2:451:1828,2026-03-06T01:03:40,1290.8,100.0,-21.5,81.0,60.5,1269.3,1350.25,100.0,True,
2026-03-06T02:00:00,36,RR1.00:1-2:451:1828,2026-03-06T01:03:40,1200.55,100.0,-21.5,81.0,60.5,1179.05,1260.0,100.0,True,
2026-03-06T02:00:00,37,RR1.00:1-2:451:1828,2026-03-06T01:03:40,1200.55,100.0,-21.5,81.0,60.5,1179.05,1260.0,100.0,True,
2026-03-06T02:00:00,38,RR1.00:1-2:451:1828,2026-03-06T01:03:40,1200.55,100.0,-21.5,81.0,60.5,1179.05,1260.0,100.0,True,
2026-03-06T02:00:00,39,RR1.00:1-2:451:1828,2026-03-06T01:03:40,868.45,100.0,-21.5,81.0,60.5,846.95,927.9,100.0,True,
2026-03-06T02:00:00,40,RR1.00:1-2:451:1828,2026-03-06T01:03:40,868.45,100.0,-21.5,81.0,60.5,846.95,927.9,100.0,True,
2026-03-06T02:00:00,41,RR1.00:1-2:451:1828,2026-03-06T01:03:40,868.45,100.0,-21.5,81.0,60.5,846.95,927.9,100.0,True,
2026-03-06T02:00:00,42,RR1.00:1-2:451:1828,2026-03-06T01:03:40,1017.1,100.0,-21.5,81.0,60.5,995.6,1076.55,100.0,True,
2026-03-06T02:00:00,43,RR1.00:1-2:451:1828,2026-03-06T01:03:40,912.75,100.0,-21.5,81.0,60.5,891.25,972.2,100.0,True,
2026-03-06T02:00:00,44,RR1.00:1-2:451:1828,2026-03-06T01:03:40,1123.9,100.0,-21.5,81.0,60.5,1102.4,1183.35,100.0,True,
2026-03-06T02:00:00,48,RR1.00:1-2:451:1828,2026-03-06T01:03:40,1033.35,100.0,-21.5,81.0,60.5,1011.85,1092.8,100.0,True,
2026-03-06T02:00:00,55,RR1.00:1-2:451:1828,2026-03-06T01:03:40,899.75,100.0,-21.5,81.0,60.5,878.25,959.2,100.0,True,
2026-03-06T02:00:00,56,RR1.00:1-2:451:1828,2026-03-06T01:03:40,895.4,100.0,-21.5,81.0,60.5,873.9,954.85,100.0,True,
2026-03-06T02:00:00,57,RR1.00:1-2:451:1828,2026-03-06T01:03:40,884.2,100.0,-21.5,81.0,60.5,862.7,943.65,100.0,True,
2026-03-06T09:11:40,4,RR1.00:6-7:532:2039,2026-03-06T06:33:40,1182.15,100.0,-43.5,52.5,-43.5,1138.65,1137.6,100.0,True,
2026-03-06T09:11:40,30,RR1.00:6-7:532:2039,2026-03-06T06:33:40,970.15,100.0,-43.5,52.5,-43.5,926.65,925.6,100.0,True,
2026-03-06T09:11:40,31,RR1.00:6-7:532:2039,2026-03-06T06:33:40,970.15,100.0,-43.5,52.5,-43.5,926.65,925.6,100.0,True,
2026-03-06T09:11:40,32,RR1.00:6-7:532:2039,2026-03-06T06:33:40,1350.25,100.0,-43.5,52.5,-43.5,1306.75,1305.7,100.0,True,
2026-03-06T09:11:40,33,RR1.00:6-7:532:2039,2026-03-06T06:33:40,1350.25,100.0,-43.5,52.5,-43.5,1306.75,1305.7,100.0,True,
2026-03-06T09:11:40,34,RR1.00:6-7:532:2039,2026-03-06T06:33:40,1350.25,100.0,-43.5,52.5,-43.5,1306.75,1305.7,100.0,True,
2026-03-06T09:11:40,35,RR1.00:6-7:532:2039,2026-03-06T06:33:40,1350.25,100.0,-43.5,52.5,-43.5,1306.75,1305.7,100.0,True,
2026-03-06T09:11:40,36,RR1.00:6-7:532:2039,2026-03-06T06:33:40,1260.0,100.0,-43.5,52.5,-43.5,1216.5,1215.45,100.0,True,
2026-03-06T09:11:40,37,RR1.00:6-7:532:2039,2026-03-06T06:33:40,1260.0,100.0,-43.5,52.5,-43.5,1216.5,1215.45,100.0,True,
2026-03-06T09:11:40,38,RR1.00:6-7:532:2039,2026-03-06T06:33:40,1260.0,100.0,-43.5,52.5,-43.5,1216.5,1215.45,100.0,True,
2026-03-06T09:11:40,39,RR1.00:6-7:532:2039,2026-03-06T06:33:40,927.9,100.0,-43.5,52.5,-43.5,884.4,883.35,100.0,True,
2026-03-06T09:11:40,40,RR1.00:6-7:532:2039,2026-03-06T06:33:40,927.9,100.0,-43.5,52.5,-43.5,884.4,883.35,100.0,True,
2026-03-06T09:11:40,41,RR1.00:6-7:532:2039,2026-03-06T06:33:40,927.9,100.0,-43.5,52.5,-43.5,884.4,883.35,100.0,True,
2026-03-06T09:11:40,42,RR1.00:6-7:532:2039,2026-03-06T06:33:40,1076.55,100.0,-43.5,52.5,-43.5,1033.05,1032.0,100.0,True,
2026-03-06T09:11:40,43,RR1.00:6-7:532:2039,2026-03-06T06:33:40,972.2,100.0,-43.5,52.5,-43.5,928.7,927.65,100.0,True,
2026-03-06T09:11:40,44,RR1.00:6-7:532:2039,2026-03-06T06:33:40,1183.35,100.0,-43.5,52.5,-43.5,1139.85,1138.8,100.0,True,
2026-03-06T09:11:40,48,RR1.00:6-7:532:2039,2026-03-06T06:33:40,1092.8,100.0,-43.5,52.5,-43.5,1049.3,1048.25,100.0,True,
2026-03-06T09:11:40,55,RR1.00:6-7:532:2039,2026-03-06T06:33:40,959.2,100.0,-43.5,52.5,-43.5,915.7,914.65,100.0,True,
2026-03-06T09:11:40,56,RR1.00:6-7:532:2039,2026-03-06T06:33:40,954.85,100.0,-43.5,52.5,-43.5,911.35,910.3,100.0,True,
2026-03-06T09:11:40,57,RR1.00:6-7:532:2039,2026-03-06T06:33:40,943.65,100.0,-43.5,52.5,-43.5,900.15,899.1,100.0,True,
2026-03-06T10:03:40,4,RR1.00:9-10:554:2049,2026-03-06T09:21:40,1137.6,100.0,-43.5,36.0,-43.5,1094.1,1093.05,100.0,True,
2026-03-06T10:03:40,30,RR1.00:9-10:554:2049,2026-03-06T09:21:40,925.6,100.0,-43.5,36.0,-43.5,882.1,881.05,100.0,True,
2026-03-06T10:03:40,31,RR1.00:9-10:554:2049,2026-03-06T09:21:40,925.6,100.0,-43.5,36.0,-43.5,882.1,881.05,100.0,True,
2026-03-06T10:03:40,32,RR1.00:9-10:554:2049,2026-03-06T09:21:40,1305.7,100.0,-43.5,36.0,-43.5,1262.2,1261.15,100.0,True,
2026-03-06T10:03:40,33,RR1.00:9-10:554:2049,2026-03-06T09:21:40,1305.7,100.0,-43.5,36.0,-43.5,1262.2,1261.15,100.0,True,
2026-03-06T10:03:40,34,RR1.00:9-10:554:2049,2026-03-06T09:21:40,1305.7,100.0,-43.5,36.0,-43.5,1262.2,1261.15,100.0,True,
2026-03-06T10:03:40,35,RR1.00:9-10:554:2049,2026-03-06T09:21:40,1305.7,100.0,-43.5,36.0,-43.5,1262.2,1261.15,100.0,True,
2026-03-06T10:03:40,36,RR1.00:9-10:554:2049,2026-03-06T09:21:40,1215.45,100.0,-43.5,36.0,-43.5,1171.95,1170.9,100.0,True,
2026-03-06T10:03:40,37,RR1.00:9-10:554:2049,2026-03-06T09:21:40,1215.45,100.0,-43.5,36.0,-43.5,1171.95,1170.9,100.0,True,
2026-03-06T10:03:40,38,RR1.00:9-10:554:2049,2026-03-06T09:21:40,1215.45,100.0,-43.5,36.0,-43.5,1171.95,1170.9,100.0,True,
2026-03-06T10:03:40,39,RR1.00:9-10:554:2049,2026-03-06T09:21:40,883.35,100.0,-43.5,36.0,-43.5,839.85,838.8,100.0,True,
2026-03-06T10:03:40,40,RR1.00:9-10:554:2049,2026-03-06T09:21:40,883.35,100.0,-43.5,36.0,-43.5,839.85,838.8,100.0,True,
2026-03-06T10:03:40,41,RR1.00:9-10:554:2049,2026-03-06T09:21:40,883.35,100.0,-43.5,36.0,-43.5,839.85,838.8,100.0,True,
2026-03-06T10:03:40,42,RR1.00:9-10:554:2049,2026-03-06T09:21:40,1032.0,100.0,-43.5,36.0,-43.5,988.5,987.45,100.0,True,
2026-03-06T10:03:40,43,RR1.00:9-10:554:2049,2026-03-06T09:21:40,927.65,100.0,-43.5,36.0,-43.5,884.15,883.1,100.0,True,
2026-03-06T10:03:40,44,RR1.00:9-10:554:2049,2026-03-06T09:21:40,1138.8,100.0,-43.5,36.0,-43.5,1095.3,1094.25,100.0,True,
2026-03-06T10:03:40,48,RR1.00:9-10:554:2049,2026-03-06T09:21:40,1048.25,100.0,-43.5,36.0,-43.5,1004.75,1003.7,100.0,True,
2026-03-06T10:03:40,55,RR1.00:9-10:554:2049,2026-03-06T09:21:40,914.65,100.0,-43.5,36.0,-43.5,871.15,870.1,100.0,True,
2026-03-06T10:03:40,56,RR1.00:9-10:554:2049,2026-03-06T09:21:40,910.3,100.0,-43.5,36.0,-43.5,866.8,865.75,100.0,True,
2026-03-06T10:03:40,57,RR1.00:9-10:554:2049,2026-03-06T09:21:40,899.1,100.0,-43.5,36.0,-43.5,855.6,854.55,100.0,True,
2026-03-06T10:25:40,4,RR1.00:5-6:430:1910,2026-03-06T05:58:40,1093.05,100.0,-87.5,59.0,-87.5,1005.55,1004.5,100.0,True,
2026-03-06T10:25:40,30,RR1.00:5-6:430:1910,2026-03-06T05:58:40,881.05,100.0,-87.5,59.0,-87.5,793.55,792.5,100.0,True,
2026-03-06T10:25:40,31,RR1.00:5-6:430:1910,2026-03-06T05:58:40,881.05,100.0,-87.5,59.0,-87.5,793.55,792.5,100.0,True,
2026-03-06T10:25:40,32,RR1.00:5-6:430:1910,2026-03-06T05:58:40,1261.15,100.0,-87.5,59.0,-87.5,1173.65,1172.6,100.0,True,
2026-03-06T10:25:40,33,RR1.00:5-6:430:1910,2026-03-06T05:58:40,1261.15,100.0,-87.5,59.0,-87.5,1173.65,1172.6,100.0,True,
2026-03-06T10:25:40,34,RR1.00:5-6:430:1910,2026-03-06T05:58:40,1261.15,100.0,-87.5,59.0,-87.5,1173.65,1172.6,100.0,True,
2026-03-06T10:25:40,35,RR1.00:5-6:430:1910,2026-03-06T05:58:40,1261.15,100.0,-87.5,59.0,-87.5,1173.65,1172.6,100.0,True,
2026-03-06T10:25:40,36,RR1.00:5-6:430:1910,2026-03-06T05:58:40,1170.9,100.0,-87.5,59.0,-87.5,1083.4,1082.35,100.0,True,
2026-03-06T10:25:40,37,RR1.00:5-6:430:1910,2026-03-06T05:58:40,1170.9,100.0,-87.5,59.0,-87.5,1083.4,1082.35,100.0,True,
2026-03-06T10:25:40,38,RR1.00:5-6:430:1910,2026-03-06T05:58:40,1170.9,100.0,-87.5,59.0,-87.5,1083.4,1082.35,100.0,True,
2026-03-06T10:25:40,39,RR1.00:5-6:430:1910,2026-03-06T05:58:40,838.8,100.0,-87.5,59.0,-87.5,751.3,750.25,100.0,True,
2026-03-06T10:25:40,40,RR1.00:5-6:430:1910,2026-03-06T05:58:40,838.8,100.0,-87.5,59.0,-87.5,751.3,750.25,100.0,True,
2026-03-06T10:25:40,41,RR1.00:5-6:430:1910,2026-03-06T05:58:40,838.8,100.0,-87.5,59.0,-87.5,751.3,750.25,100.0,True,
2026-03-06T10:25:40,42,RR1.00:5-6:430:1910,2026-03-06T05:58:40,987.45,100.0,-87.5,59.0,-87.5,899.95,898.9,100.0,True,
2026-03-06T10:25:40,43,RR1.00:5-6:430:1910,2026-03-06T05:58:40,883.1,100.0,-87.5,59.0,-87.5,795.6,794.55,100.0,True,
2026-03-06T10:25:40,44,RR1.00:5-6:430:1910,2026-03-06T05:58:40,1094.25,100.0,-87.5,59.0,-87.5,1006.75,1005.7,100.0,True,
2026-03-06T10:25:40,48,RR1.00:5-6:430:1910,2026-03-06T05:58:40,1003.7,100.0,-87.5,59.0,-87.5,916.2,915.15,100.0,True,
2026-03-06T10:25:40,55,RR1.00:5-6:430:1910,2026-03-06T05:58:40,870.1,100.0,-87.5,59.0,-87.5,782.6,781.55,100.0,True,
2026-03-06T10:25:40,56,RR1.00:5-6:430:1910,2026-03-06T05:58:40,865.75,100.0,-87.5,59.0,-87.5,778.25,777.2,100.0,True,
2026-03-06T10:25:40,57,RR1.00:5-6:430:1910,2026-03-06T05:58:40,854.55,100.0,-87.5,59.0,-87.5,767.05,766.0,100.0,True,
2026-03-06T15:30:40,4,RR1.00:15-16:679:2225,2026-03-06T15:09:40,1004.5,100.0,-111.5,67.0,-111.5,893.0,891.95,100.0,True,
2026-03-06T15:30:40,30,RR1.00:15-16:679:2225,2026-03-06T15:09:40,792.5,100.0,-111.5,67.0,-111.5,681.0,679.95,100.0,True,
2026-03-06T15:30:40,31,RR1.00:15-16:679:2225,2026-03-06T15:09:40,792.5,100.0,-111.5,67.0,-111.5,681.0,679.95,100.0,True,
2026-03-06T15:30:40,32,RR1.00:15-16:679:2225,2026-03-06T15:09:40,1172.6,100.0,-111.5,67.0,-111.5,1061.1,1060.05,100.0,True,
2026-03-06T15:30:40,33,RR1.00:15-16:679:2225,2026-03-06T15:09:40,1172.6,100.0,-111.5,67.0,-111.5,1061.1,1060.05,100.0,True,
2026-03-06T15:30:40,34,RR1.00:15-16:679:2225,2026-03-06T15:09:40,1172.6,100.0,-111.5,67.0,-111.5,1061.1,1060.05,100.0,True,
2026-03-06T15:30:40,35,RR1.00:15-16:679:2225,2026-03-06T15:09:40,1172.6,100.0,-111.5,67.0,-111.5,1061.1,1060.05,100.0,True,
2026-03-06T15:30:40,36,RR1.00:15-16:679:2225,2026-03-06T15:09:40,1082.35,100.0,-111.5,67.0,-111.5,970.85,969.8,100.0,True,
2026-03-06T15:30:40,37,RR1.00:15-16:679:2225,2026-03-06T15:09:40,1082.35,100.0,-111.5,67.0,-111.5,970.85,969.8,100.0,True,
2026-03-06T15:30:40,38,RR1.00:15-16:679:2225,2026-03-06T15:09:40,1082.35,100.0,-111.5,67.0,-111.5,970.85,969.8,100.0,True,
2026-03-06T15:30:40,39,RR1.00:15-16:679:2225,2026-03-06T15:09:40,750.25,100.0,-111.5,67.0,-111.5,638.75,637.7,100.0,True,
2026-03-06T15:30:40,40,RR1.00:15-16:679:2225,2026-03-06T15:09:40,750.25,100.0,-111.5,67.0,-111.5,638.75,637.7,100.0,True,
2026-03-06T15:30:40,41,RR1.00:15-16:679:2225,2026-03-06T15:09:40,750.25,100.0,-111.5,67.0,-111.5,638.75,637.7,100.0,True,
2026-03-06T15:30:40,42,RR1.00:15-16:679:2225,2026-03-06T15:09:40,898.9,100.0,-111.5,67.0,-111.5,787.4,786.35,100.0,True,
2026-03-06T15:30:40,43,RR1.00:15-16:679:2225,2026-03-06T15:09:40,794.55,100.0,-111.5,67.0,-111.5,683.05,682.0,100.0,True,
2026-03-06T15:30:40,44,RR1.00:15-16:679:2225,2026-03-06T15:09:40,1005.7,100.0,-111.5,67.0,-111.5,894.2,893.15,100.0,True,
2026-03-06T15:30:40,48,RR1.00:15-16:679:2225,2026-03-06T15:09:40,915.15,100.0,-111.5,67.0,-111.5,803.65,802.6,100.0,True,
2026-03-06T15:30:40,55,RR1.00:15-16:679:2225,2026-03-06T15:09:40,781.55,100.0,-111.5,67.0,-111.5,670.05,669.0,100.0,True,
2026-03-06T15:30:40,56,RR1.00:15-16:679:2225,2026-03-06T15:09:40,777.2,100.0,-111.5,67.0,-111.5,665.7,664.65,100.0,True,
2026-03-06T15:30:40,57,RR1.00:15-16:679:2225,2026-03-06T15:09:40,766.0,100.0,-111.5,67.0,-111.5,654.5,653.45,100.0,True,
2026-03-06T19:36:40,4,RR1.00:18-19:461:1964,2026-03-06T18:48:40,891.95,100.0,-216.5,43.5,-216.5,675.45,674.4,100.0,True,
2026-03-06T19:36:40,30,RR1.00:18-19:461:1964,2026-03-06T18:48:40,679.95,100.0,-216.5,43.5,-216.5,463.45,462.4,100.0,True,
2026-03-06T19:36:40,31,RR1.00:18-19:461:1964,2026-03-06T18:48:40,679.95,100.0,-216.5,43.5,-216.5,463.45,462.4,100.0,True,
2026-03-06T19:36:40,32,RR1.00:18-19:461:1964,2026-03-06T18:48:40,1060.05,100.0,-216.5,43.5,-216.5,843.55,842.5,100.0,True,
2026-03-06T19:36:40,33,RR1.00:18-19:461:1964,2026-03-06T18:48:40,1060.05,100.0,-216.5,43.5,-216.5,843.55,842.5,100.0,True,
2026-03-06T19:36:40,34,RR1.00:18-19:461:1964,2026-03-06T18:48:40,1060.05,100.0,-216.5,43.5,-216.5,843.55,842.5,100.0,True,
2026-03-06T19:36:40,35,RR1.00:18-19:461:1964,2026-03-06T18:48:40,1060.05,100.0,-216.5,43.5,-216.5,843.55,842.5,100.0,True,
2026-03-06T19:36:40,36,RR1.00:18-19:461:1964,2026-03-06T18:48:40,969.8,100.0,-216.5,43.5,-216.5,753.3,752.25,100.0,True,
2026-03-06T19:36:40,37,RR1.00:18-19:461:1964,2026-03-06T18:48:40,969.8,100.0,-216.5,43.5,-216.5,753.3,752.25,100.0,True,
2026-03-06T19:36:40,38,RR1.00:18-19:461:1964,2026-03-06T18:48:40,969.8,100.0,-216.5,43.5,-216.5,753.3,752.25,100.0,True,
2026-03-06T19:36:40,39,RR1.00:18-19:461:1964,2026-03-06T18:48:40,637.7,100.0,-216.5,43.5,-216.5,421.2,420.15,100.0,True,
2026-03-06T19:36:40,40,RR1.00:18-19:461:1964,2026-03-06T18:48:40,637.7,100.0,-216.5,43.5,-216.5,421.2,420.15,100.0,True,
2026-03-06T19:36:40,41,RR1.00:18-19:461:1964,2026-03-06T18:48:40,637.7,100.0,-216.5,43.5,-216.5,421.2,420.15,100.0,True,
2026-03-06T19:36:40,42,RR1.00:18-19:461:1964,2026-03-06T18:48:40,786.35,100.0,-216.5,43.5,-216.5,569.85,568.8,100.0,True,
2026-03-06T19:36:40,43,RR1.00:18-19:461:1964,2026-03-06T18:48:40,682.0,100.0,-216.5,43.5,-216.5,465.5,464.45,100.0,True,
2026-03-06T19:36:40,44,RR1.00:18-19:461:1964,2026-03-06T18:48:40,893.15,100.0,-216.5,43.5,-216.5,676.65,675.6,100.0,True,
2026-03-06T19:36:40,48,RR1.00:18-19:461:1964,2026-03-06T18:48:40,802.6,100.0,-216.5,43.5,-216.5,586.1,585.05,100.0,True,
2026-03-06T19:36:40,55,RR1.00:18-19:461:1964,2026-03-06T18:48:40,669.0,100.0,-216.5,43.5,-216.5,452.5,451.45,100.0,True,
2026-03-06T19:36:40,56,RR1.00:18-19:461:1964,2026-03-06T18:48:40,664.65,100.0,-216.5,43.5,-216.5,448.15,447.1,100.0,True,
2026-03-06T19:36:40,57,RR1.00:18-19:461:1964,2026-03-06T18:48:40,653.45,100.0,-216.5,43.5,-216.5,436.95,435.9,100.0,True,
2026-03-06T22:10:40,4,RR1.00:22-23:551:1991,2026-03-06T22:02:20,674.4,100.0,-131.5,26.5,-131.5,542.9,541.85,100.0,True,
2026-03-06T22:10:40,30,RR1.00:22-23:551:1991,2026-03-06T22:02:20,462.4,100.0,-131.5,26.5,-131.5,330.9,329.85,100.0,True,
2026-03-06T22:10:40,31,RR1.00:22-23:551:1991,2026-03-06T22:02:20,462.4,100.0,-131.5,26.5,-131.5,330.9,329.85,100.0,True,
2026-03-06T22:10:40,32,RR1.00:22-23:551:1991,2026-03-06T22:02:20,842.5,100.0,-131.5,26.5,-131.5,711.0,709.95,100.0,True,
2026-03-06T22:10:40,33,RR1.00:22-23:551:1991,2026-03-06T22:02:20,842.5,100.0,-131.5,26.5,-131.5,711.0,709.95,100.0,True,
2026-03-06T22:10:40,34,RR1.00:22-23:551:1991,2026-03-06T22:02:20,842.5,100.0,-131.5,26.5,-131.5,711.0,709.95,100.0,True,
2026-03-06T22:10:40,35,RR1.00:22-23:551:1991,2026-03-06T22:02:20,842.5,100.0,-131.5,26.5,-131.5,711.0,709.95,100.0,True,
2026-03-06T22:10:40,36,RR1.00:22-23:551:1991,2026-03-06T22:02:20,752.25,100.0,-131.5,26.5,-131.5,620.75,619.7,100.0,True,
2026-03-06T22:10:40,37,RR1.00:22-23:551:1991,2026-03-06T22:02:20,752.25,100.0,-131.5,26.5,-131.5,620.75,619.7,100.0,True,
2026-03-06T22:10:40,38,RR1.00:22-23:551:1991,2026-03-06T22:02:20,752.25,100.0,-131.5,26.5,-131.5,620.75,619.7,100.0,True,
2026-03-06T22:10:40,39,RR1.00:22-23:551:1991,2026-03-06T22:02:20,420.15,100.0,-131.5,26.5,-131.5,288.65,287.6,100.0,True,
2026-03-06T22:10:40,40,RR1.00:22-23:551:1991,2026-03-06T22:02:20,420.15,100.0,-131.5,26.5,-131.5,288.65,287.6,100.0,True,
2026-03-06T22:10:40,41,RR1.00:22-23:551:1991,2026-03-06T22:02:20,420.15,100.0,-131.5,26.5,-131.5,288.65,287.6,100.0,True,
2026-03-06T22:10:40,42,RR1.00:22-23:551:1991,2026-03-06T22:02:20,568.8,100.0,-131.5,26.5,-131.5,437.3,436.25,100.0,True,
2026-03-06T22:10:40,43,RR1.00:22-23:551:1991,2026-03-06T22:02:20,464.45,100.0,-131.5,26.5,-131.5,332.95,331.9,100.0,True,
2026-03-06T22:10:40,44,RR1.00:22-23:551:1991,2026-03-06T22:02:20,675.6,100.0,-131.5,26.5,-131.5,544.1,543.05,100.0,True,
2026-03-06T22:10:40,48,RR1.00:22-23:551:1991,2026-03-06T22:02:20,585.05,100.0,-131.5,26.5,-131.5,453.55,452.5,100.0,True,
2026-03-06T22:10:40,55,RR1.00:22-23:551:1991,2026-03-06T22:02:20,451.45,100.0,-131.5,26.5,-131.5,319.95,318.9,100.0,True,
2026-03-06T22:10:40,56,RR1.00:22-23:551:1991,2026-03-06T22:02:20,447.1,100.0,-131.5,26.5,-131.5,315.6,314.55,100.0,True,
2026-03-06T22:10:40,57,RR1.00:22-23:551:1991,2026-03-06T22:02:20,435.9,100.0,-131.5,26.5,-131.5,304.4,303.35,100.0,True,
2026-03-06T22:11:40,4,RR1.00:20-21:512:1901,2026-03-06T20:01:40,541.85,100.0,-164.0,146.0,-164.0,377.85,376.8,100.0,True,
2026-03-06T22:11:40,30,RR1.00:20-21:512:1901,2026-03-06T20:01:40,329.85,100.0,-164.0,146.0,-164.0,165.85,164.8,100.0,True,
2026-03-06T22:11:40,31,RR1.00:20-21:512:1901,2026-03-06T20:01:40,329.85,100.0,-164.0,146.0,-164.0,165.85,164.8,100.0,True,
2026-03-06T22:11:40,32,RR1.00:20-21:512:1901,2026-03-06T20:01:40,709.95,100.0,-164.0,146.0,-164.0,545.95,544.9,100.0,True,
2026-03-06T22:11:40,33,RR1.00:20-21:512:1901,2026-03-06T20:01:40,709.95,100.0,-164.0,146.0,-164.0,545.95,544.9,100.0,True,
2026-03-06T22:11:40,34,RR1.00:20-21:512:1901,2026-03-06T20:01:40,709.95,100.0,-164.0,146.0,-164.0,545.95,544.9,100.0,True,
2026-03-06T22:11:40,35,RR1.00:20-21:512:1901,2026-03-06T20:01:40,709.95,100.0,-164.0,146.0,-164.0,545.95,544.9,100.0,True,
2026-03-06T22:11:40,36,RR1.00:20-21:512:1901,2026-03-06T20:01:40,619.7,100.0,-164.0,146.0,-164.0,455.7,454.65,100.0,True,
2026-03-06T22:11:40,37,RR1.00:20-21:512:1901,2026-03-06T20:01:40,619.7,100.0,-164.0,146.0,-164.0,455.7,454.65,100.0,True,
2026-03-06T22:11:40,38,RR1.00:20-21:512:1901,2026-03-06T20:01:40,619.7,100.0,-164.0,146.0,-164.0,455.7,454.65,100.0,True,
2026-03-06T22:11:40,39,RR1.00:20-21:512:1901,2026-03-06T20:01:40,287.6,100.0,-164.0,146.0,-164.0,123.6,122.55,100.0,True,
2026-03-06T22:11:40,40,RR1.00:20-21:512:1901,2026-03-06T20:01:40,287.6,100.0,-164.0,146.0,-164.0,123.6,122.55,100.0,True,
2026-03-06T22:11:40,41,RR1.00:20-21:512:1901,2026-03-06T20:01:40,287.6,100.0,-164.0,146.0,-164.0,123.6,122.55,100.0,True,
2026-03-06T22:11:40,42,RR1.00:20-21:512:1901,2026-03-06T20:01:40,436.25,100.0,-164.0,146.0,-164.0,272.25,271.2,100.0,True,
2026-03-06T22:11:40,43,RR1.00:20-21:512:1901,2026-03-06T20:01:40,331.9,100.0,-164.0,146.0,-164.0,167.9,166.85,100.0,True,
2026-03-06T22:11:40,44,RR1.00:20-21:512:1901,2026-03-06T20:01:40,543.05,100.0,-164.0,146.0,-164.0,379.05,378.0,100.0,True,
2026-03-06T22:11:40,48,RR1.00:20-21:512:1901,2026-03-06T20:01:40,452.5,100.0,-164.0,146.0,-164.0,288.5,287.45,100.0,True,
2026-03-06T22:11:40,55,RR1.00:20-21:512:1901,2026-03-06T20:01:40,318.9,100.0,-164.0,146.0,-164.0,154.9,153.85,100.0,True,
2026-03-06T22:11:40,56,RR1.00:20-21:512:1901,2026-03-06T20:01:40,314.55,100.0,-164.0,146.0,-164.0,150.55,149.5,100.0,True,
2026-03-06T22:11:40,57,RR1.00:20-21:512:1901,2026-03-06T20:01:40,303.35,100.0,-164.0,146.0,-164.0,139.35,138.3,100.0,True,
2026-03-09T08:30:00,4,RR1.00:7-8:595:2151,2026-03-09T07:07:20,376.8,100.0,-93.5,144.5,140.5,283.3,516.25,100.0,True,
2026-03-09T08:30:00,30,RR1.00:7-8:595:2151,2026-03-09T07:07:20,164.8,100.0,-93.5,144.5,140.5,71.3,164.8,100.0,False,71.3
2026-03-09T08:30:00,31,RR1.00:7-8:595:2151,2026-03-09T07:07:20,164.8,100.0,-93.5,144.5,140.5,71.3,164.8,100.0,False,71.3
2026-03-09T08:30:00,32,RR1.00:7-8:595:2151,2026-03-09T07:07:20,544.9,100.0,-93.5,144.5,140.5,451.4,684.35,100.0,True,
2026-03-09T08:30:00,33,RR1.00:7-8:595:2151,2026-03-09T07:07:20,544.9,100.0,-93.5,144.5,140.5,451.4,684.35,100.0,True,
2026-03-09T08:30:00,34,RR1.00:7-8:595:2151,2026-03-09T07:07:20,544.9,100.0,-93.5,144.5,140.5,451.4,684.35,100.0,True,
2026-03-09T08:30:00,35,RR1.00:7-8:595:2151,2026-03-09T07:07:20,544.9,100.0,-93.5,144.5,140.5,451.4,684.35,100.0,True,
2026-03-09T08:30:00,36,RR1.00:7-8:595:2151,2026-03-09T07:07:20,454.65,100.0,-93.5,144.5,140.5,361.15,594.1,100.0,True,
2026-03-09T08:30:00,37,RR1.00:7-8:595:2151,2026-03-09T07:07:20,454.65,100.0,-93.5,144.5,140.5,361.15,594.1,100.0,True,
2026-03-09T08:30:00,38,RR1.00:7-8:595:2151,2026-03-09T07:07:20,454.65,100.0,-93.5,144.5,140.5,361.15,594.1,100.0,True,
2026-03-09T08:30:00,39,RR1.00:7-8:595:2151,2026-03-09T07:07:20,122.55,100.0,-93.5,144.5,140.5,29.05,122.55,100.0,False,29.05
2026-03-09T08:30:00,40,RR1.00:7-8:595:2151,2026-03-09T07:07:20,122.55,100.0,-93.5,144.5,140.5,29.05,122.55,100.0,False,29.05
2026-03-09T08:30:00,41,RR1.00:7-8:595:2151,2026-03-09T07:07:20,122.55,100.0,-93.5,144.5,140.5,29.05,122.55,100.0,False,29.05
2026-03-09T08:30:00,42,RR1.00:7-8:595:2151,2026-03-09T07:07:20,271.2,100.0,-93.5,144.5,140.5,177.7,410.65,100.0,True,
2026-03-09T08:30:00,43,RR1.00:7-8:595:2151,2026-03-09T07:07:20,166.85,100.0,-93.5,144.5,140.5,73.35,166.85,100.0,False,73.35
2026-03-09T08:30:00,44,RR1.00:7-8:595:2151,2026-03-09T07:07:20,378.0,100.0,-93.5,144.5,140.5,284.5,517.45,100.0,True,
2026-03-09T08:30:00,48,RR1.00:7-8:595:2151,2026-03-09T07:07:20,287.45,100.0,-93.5,144.5,140.5,193.95,426.9,100.0,True,
2026-03-09T08:30:00,55,RR1.00:7-8:595:2151,2026-03-09T07:07:20,153.85,100.0,-93.5,144.5,140.5,60.35,153.85,100.0,False,60.35
2026-03-09T08:30:00,56,RR1.00:7-8:595:2151,2026-03-09T07:07:20,149.5,100.0,-93.5,144.5,140.5,56.0,149.5,100.0,False,56.0
2026-03-09T08:30:00,57,RR1.00:7-8:595:2151,2026-03-09T07:07:20,138.3,100.0,-93.5,144.5,140.5,44.8,138.3,100.0,False,44.8
2026-03-09T08:30:00,4,RR1.00:8-9:598:2128,2026-03-09T08:05:40,516.25,100.0,-42.0,141.0,137.0,474.25,652.2,100.0,True,
2026-03-09T08:30:00,32,RR1.00:8-9:598:2128,2026-03-09T08:05:40,684.35,100.0,-42.0,141.0,137.0,642.35,820.3,100.0,True,
2026-03-09T08:30:00,33,RR1.00:8-9:598:2128,2026-03-09T08:05:40,684.35,100.0,-42.0,141.0,137.0,642.35,820.3,100.0,True,
2026-03-09T08:30:00,34,RR1.00:8-9:598:2128,2026-03-09T08:05:40,684.35,100.0,-42.0,141.0,137.0,642.35,820.3,100.0,True,
2026-03-09T08:30:00,35,RR1.00:8-9:598:2128,2026-03-09T08:05:40,684.35,100.0,-42.0,141.0,137.0,642.35,820.3,100.0,True,
2026-03-09T08:30:00,36,RR1.00:8-9:598:2128,2026-03-09T08:05:40,594.1,100.0,-42.0,141.0,137.0,552.1,730.05,100.0,True,
2026-03-09T08:30:00,37,RR1.00:8-9:598:2128,2026-03-09T08:05:40,594.1,100.0,-42.0,141.0,137.0,552.1,730.05,100.0,True,
2026-03-09T08:30:00,38,RR1.00:8-9:598:2128,2026-03-09T08:05:40,594.1,100.0,-42.0,141.0,137.0,552.1,730.05,100.0,True,
2026-03-09T08:30:00,42,RR1.00:8-9:598:2128,2026-03-09T08:05:40,410.65,100.0,-42.0,141.0,137.0,368.65,546.6,100.0,True,
2026-03-09T08:30:00,44,RR1.00:8-9:598:2128,2026-03-09T08:05:40,517.45,100.0,-42.0,141.0,137.0,475.45,653.4,100.0,True,
2026-03-09T08:30:00,48,RR1.00:8-9:598:2128,2026-03-09T08:05:40,426.9,100.0,-42.0,141.0,137.0,384.9,562.85,100.0,True,
2026-03-09T11:04:40,4,RR1.00:11-12:454:1957,2026-03-09T11:01:40,652.2,100.0,-97.0,15.0,-97.0,555.2,554.15,100.0,True,
2026-03-09T11:04:40,32,RR1.00:11-12:454:1957,2026-03-09T11:01:40,820.3,100.0,-97.0,15.0,-97.0,723.3,722.25,100.0,True,
2026-03-09T11:04:40,33,RR1.00:11-12:454:1957,2026-03-09T11:01:40,820.3,100.0,-97.0,15.0,-97.0,723.3,722.25,100.0,True,
2026-03-09T11:04:40,34,RR1.00:11-12:454:1957,2026-03-09T11:01:40,820.3,100.0,-97.0,15.0,-97.0,723.3,722.25,100.0,True,
2026-03-09T11:04:40,35,RR1.00:11-12:454:1957,2026-03-09T11:01:40,820.3,100.0,-97.0,15.0,-97.0,723.3,722.25,100.0,True,
2026-03-09T11:04:40,36,RR1.00:11-12:454:1957,2026-03-09T11:01:40,730.05,100.0,-97.0,15.0,-97.0,633.05,632.0,100.0,True,
2026-03-09T11:04:40,37,RR1.00:11-12:454:1957,2026-03-09T11:01:40,730.05,100.0,-97.0,15.0,-97.0,633.05,632.0,100.0,True,
2026-03-09T11:04:40,38,RR1.00:11-12:454:1957,2026-03-09T11:01:40,730.05,100.0,-97.0,15.0,-97.0,633.05,632.0,100.0,True,
2026-03-09T11:04:40,42,RR1.00:11-12:454:1957,2026-03-09T11:01:40,546.6,100.0,-97.0,15.0,-97.0,449.6,448.55,100.0,True,
2026-03-09T11:04:40,44,RR1.00:11-12:454:1957,2026-03-09T11:01:40,653.4,100.0,-97.0,15.0,-97.0,556.4,555.35,100.0,True,
2026-03-09T11:04:40,48,RR1.00:11-12:454:1957,2026-03-09T11:01:40,562.85,100.0,-97.0,15.0,-97.0,465.85,464.8,100.0,True,
2026-03-09T12:30:00,4,RR1.00:10-11:585:2121,2026-03-09T10:23:40,554.15,100.0,-149.5,242.0,202.5,404.65,755.6,100.0,True,
2026-03-09T12:30:00,32,RR1.00:10-11:585:2121,2026-03-09T10:23:40,722.25,100.0,-149.5,242.0,202.5,572.75,923.7,100.0,True,
2026-03-09T12:30:00,33,RR1.00:10-11:585:2121,2026-03-09T10:23:40,722.25,100.0,-149.5,242.0,202.5,572.75,923.7,100.0,True,
2026-03-09T12:30:00,34,RR1.00:10-11:585:2121,2026-03-09T10:23:40,722.25,100.0,-149.5,242.0,202.5,572.75,923.7,100.0,True,
2026-03-09T12:30:00,35,RR1.00:10-11:585:2121,2026-03-09T10:23:40,722.25,100.0,-149.5,242.0,202.5,572.75,923.7,100.0,True,
2026-03-09T12:30:00,36,RR1.00:10-11:585:2121,2026-03-09T10:23:40,632.0,100.0,-149.5,242.0,202.5,482.5,833.45,100.0,True,
2026-03-09T12:30:00,37,RR1.00:10-11:585:2121,2026-03-09T10:23:40,632.0,100.0,-149.5,242.0,202.5,482.5,833.45,100.0,True,
2026-03-09T12:30:00,38,RR1.00:10-11:585:2121,2026-03-09T10:23:40,632.0,100.0,-149.5,242.0,202.5,482.5,833.45,100.0,True,
2026-03-09T12:30:00,42,RR1.00:10-11:585:2121,2026-03-09T10:23:40,448.55,100.0,-149.5,242.0,202.5,299.05,650.0,100.0,True,
2026-03-09T12:30:00,44,RR1.00:10-11:585:2121,2026-03-09T10:23:40,555.35,100.0,-149.5,242.0,202.5,405.85,756.8,100.0,True,
2026-03-09T12:30:00,48,RR1.00:10-11:585:2121,2026-03-09T10:23:40,464.8,100.0,-149.5,242.0,202.5,315.3,666.25,100.0,True,
2026-03-09T12:30:00,4,RR1.00:11-12:455:1959,2026-03-09T11:33:40,755.6,100.0,-95.5,226.0,186.5,660.1,941.05,100.0,True,
2026-03-09T12:30:00,32,RR1.00:11-12:455:1959,2026-03-09T11:33:40,923.7,100.0,-95.5,226.0,186.5,828.2,1109.15,100.0,True,
2026-03-09T12:30:00,33,RR1.00:11-12:455:1959,2026-03-09T11:33:40,923.7,100.0,-95.5,226.0,186.5,828.2,1109.15,100.0,True,
2026-03-09T12:30:00,34,RR1.00:11-12:455:1959,2026-03-09T11:33:40,923.7,100.0,-95.5,226.0,186.5,828.2,1109.15,100.0,True,
2026-03-09T12:30:00,35,RR1.00:11-12:455:1959,2026-03-09T11:33:40,923.7,100.0,-95.5,226.0,186.5,828.2,1109.15,100.0,True,
2026-03-09T12:30:00,36,RR1.00:11-12:455:1959,2026-03-09T11:33:40,833.45,100.0,-95.5,226.0,186.5,737.95,1018.9,100.0,True,
2026-03-09T12:30:00,37,RR1.00:11-12:455:1959,2026-03-09T11:33:40,833.45,100.0,-95.5,226.0,186.5,737.95,1018.9,100.0,True,
2026-03-09T12:30:00,38,RR1.00:11-12:455:1959,2026-03-09T11:33:40,833.45,100.0,-95.5,226.0,186.5,737.95,1018.9,100.0,True,
2026-03-09T12:30:00,42,RR1.00:11-12:455:1959,2026-03-09T11:33:40,650.0,100.0,-95.5,226.0,186.5,554.5,835.45,100.0,True,
2026-03-09T12:30:00,44,RR1.00:11-12:455:1959,2026-03-09T11:33:40,756.8,100.0,-95.5,226.0,186.5,661.3,942.25,100.0,True,
2026-03-09T12:30:00,48,RR1.00:11-12:455:1959,2026-03-09T11:33:40,666.25,100.0,-95.5,226.0,186.5,570.75,851.7,100.0,True,
2026-03-09T15:50:20,4,RR1.00:14-15:528:2002,2026-03-09T14:35:40,941.05,100.0,-126.5,93.5,-126.5,814.55,813.5,100.0,True,
2026-03-09T15:50:20,32,RR1.00:14-15:528:2002,2026-03-09T14:35:40,1109.15,100.0,-126.5,93.5,-126.5,982.65,981.6,100.0,True,
2026-03-09T15:50:20,33,RR1.00:14-15:528:2002,2026-03-09T14:35:40,1109.15,100.0,-126.5,93.5,-126.5,982.65,981.6,100.0,True,
2026-03-09T15:50:20,34,RR1.00:14-15:528:2002,2026-03-09T14:35:40,1109.15,100.0,-126.5,93.5,-126.5,982.65,981.6,100.0,True,
2026-03-09T15:50:20,35,RR1.00:14-15:528:2002,2026-03-09T14:35:40,1109.15,100.0,-126.5,93.5,-126.5,982.65,981.6,100.0,True,
2026-03-09T15:50:20,36,RR1.00:14-15:528:2002,2026-03-09T14:35:40,1018.9,100.0,-126.5,93.5,-126.5,892.4,891.35,100.0,True,
2026-03-09T15:50:20,37,RR1.00:14-15:528:2002,2026-03-09T14:35:40,1018.9,100.0,-126.5,93.5,-126.5,892.4,891.35,100.0,True,
2026-03-09T15:50:20,38,RR1.00:14-15:528:2002,2026-03-09T14:35:40,1018.9,100.0,-126.5,93.5,-126.5,892.4,891.35,100.0,True,
2026-03-09T15:50:20,42,RR1.00:14-15:528:2002,2026-03-09T14:35:40,835.45,100.0,-126.5,93.5,-126.5,708.95,707.9,100.0,True,
2026-03-09T15:50:20,44,RR1.00:14-15:528:2002,2026-03-09T14:35:40,942.25,100.0,-126.5,93.5,-126.5,815.75,814.7,100.0,True,
2026-03-09T15:50:20,48,RR1.00:14-15:528:2002,2026-03-09T14:35:40,851.7,100.0,-126.5,93.5,-126.5,725.2,724.15,100.0,True,
2026-03-09T16:45:40,4,RR1.00:16-17:844:2411,2026-03-09T16:30:40,813.5,100.0,-217.0,137.5,-217.0,596.5,595.45,100.0,True,
2026-03-09T16:45:40,32,RR1.00:16-17:844:2411,2026-03-09T16:30:40,981.6,100.0,-217.0,137.5,-217.0,764.6,763.55,100.0,True,
2026-03-09T16:45:40,33,RR1.00:16-17:844:2411,2026-03-09T16:30:40,981.6,100.0,-217.0,137.5,-217.0,764.6,763.55,100.0,True,
2026-03-09T16:45:40,34,RR1.00:16-17:844:2411,2026-03-09T16:30:40,981.6,100.0,-217.0,137.5,-217.0,764.6,763.55,100.0,True,
2026-03-09T16:45:40,35,RR1.00:16-17:844:2411,2026-03-09T16:30:40,981.6,100.0,-217.0,137.5,-217.0,764.6,763.55,100.0,True,
2026-03-09T16:45:40,36,RR1.00:16-17:844:2411,2026-03-09T16:30:40,891.35,100.0,-217.0,137.5,-217.0,674.35,673.3,100.0,True,
2026-03-09T16:45:40,37,RR1.00:16-17:844:2411,2026-03-09T16:30:40,891.35,100.0,-217.0,137.5,-217.0,674.35,673.3,100.0,True,
2026-03-09T16:45:40,38,RR1.00:16-17:844:2411,2026-03-09T16:30:40,891.35,100.0,-217.0,137.5,-217.0,674.35,673.3,100.0,True,
2026-03-09T16:45:40,42,RR1.00:16-17:844:2411,2026-03-09T16:30:40,707.9,100.0,-217.0,137.5,-217.0,490.9,489.85,100.0,True,
2026-03-09T16:45:40,44,RR1.00:16-17:844:2411,2026-03-09T16:30:40,814.7,100.0,-217.0,137.5,-217.0,597.7,596.65,100.0,True,
2026-03-09T16:45:40,48,RR1.00:16-17:844:2411,2026-03-09T16:30:40,724.15,100.0,-217.0,137.5,-217.0,507.15,506.1,100.0,True,
2026-03-09T20:38:40,4,RR1.00:19-20:479:1951,2026-03-09T19:03:40,595.45,100.0,-132.0,183.0,-132.0,463.45,462.4,100.0,True,
2026-03-09T20:38:40,32,RR1.00:19-20:479:1951,2026-03-09T19:03:40,763.55,100.0,-132.0,183.0,-132.0,631.55,630.5,100.0,True,
2026-03-09T20:38:40,33,RR1.00:19-20:479:1951,2026-03-09T19:03:40,763.55,100.0,-132.0,183.0,-132.0,631.55,630.5,100.0,True,
2026-03-09T20:38:40,34,RR1.00:19-20:479:1951,2026-03-09T19:03:40,763.55,100.0,-132.0,183.0,-132.0,631.55,630.5,100.0,True,
2026-03-09T20:38:40,35,RR1.00:19-20:479:1951,2026-03-09T19:03:40,763.55,100.0,-132.0,183.0,-132.0,631.55,630.5,100.0,True,
2026-03-09T20:38:40,36,RR1.00:19-20:479:1951,2026-03-09T19:03:40,673.3,100.0,-132.0,183.0,-132.0,541.3,540.25,100.0,True,
2026-03-09T20:38:40,37,RR1.00:19-20:479:1951,2026-03-09T19:03:40,673.3,100.0,-132.0,183.0,-132.0,541.3,540.25,100.0,True,
2026-03-09T20:38:40,38,RR1.00:19-20:479:1951,2026-03-09T19:03:40,673.3,100.0,-132.0,183.0,-132.0,541.3,540.25,100.0,True,
2026-03-09T20:38:40,42,RR1.00:19-20:479:1951,2026-03-09T19:03:40,489.85,100.0,-132.0,183.0,-132.0,357.85,356.8,100.0,True,
2026-03-09T20:38:40,44,RR1.00:19-20:479:1951,2026-03-09T19:03:40,596.65,100.0,-132.0,183.0,-132.0,464.65,463.6,100.0,True,
2026-03-09T20:38:40,48,RR1.00:19-20:479:1951,2026-03-09T19:03:40,506.1,100.0,-132.0,183.0,-132.0,374.1,373.05,100.0,True,
2026-03-09T22:30:00,4,RR1.00:17-18:368:1871,2026-03-09T17:44:40,462.4,100.0,7.5,868.0,855.0,462.4,1316.35,100.0,True,
2026-03-09T22:30:00,32,RR1.00:17-18:368:1871,2026-03-09T17:44:40,630.5,100.0,7.5,868.0,855.0,630.5,1484.45,100.0,True,
2026-03-09T22:30:00,33,RR1.00:17-18:368:1871,2026-03-09T17:44:40,630.5,100.0,7.5,868.0,855.0,630.5,1484.45,100.0,True,
2026-03-09T22:30:00,34,RR1.00:17-18:368:1871,2026-03-09T17:44:40,630.5,100.0,7.5,868.0,855.0,630.5,1484.45,100.0,True,
2026-03-09T22:30:00,35,RR1.00:17-18:368:1871,2026-03-09T17:44:40,630.5,100.0,7.5,868.0,855.0,630.5,1484.45,100.0,True,
2026-03-09T22:30:00,36,RR1.00:17-18:368:1871,2026-03-09T17:44:40,540.25,100.0,7.5,868.0,855.0,540.25,1394.2,100.0,True,
2026-03-09T22:30:00,37,RR1.00:17-18:368:1871,2026-03-09T17:44:40,540.25,100.0,7.5,868.0,855.0,540.25,1394.2,100.0,True,
2026-03-09T22:30:00,38,RR1.00:17-18:368:1871,2026-03-09T17:44:40,540.25,100.0,7.5,868.0,855.0,540.25,1394.2,100.0,True,
2026-03-09T22:30:00,42,RR1.00:17-18:368:1871,2026-03-09T17:44:40,356.8,100.0,7.5,868.0,855.0,356.8,1210.75,100.0,True,
2026-03-09T22:30:00,44,RR1.00:17-18:368:1871,2026-03-09T17:44:40,463.6,100.0,7.5,868.0,855.0,463.6,1317.55,100.0,True,
2026-03-09T22:30:00,48,RR1.00:17-18:368:1871,2026-03-09T17:44:40,373.05,100.0,7.5,868.0,855.0,373.05,1227.0,100.0,True,
2026-03-09T22:30:00,4,RR1.00:21-22:534:1980,2026-03-09T21:00:40,1316.35,100.0,-36.5,658.5,645.5,1279.85,1960.8,100.0,True,
2026-03-09T22:30:00,32,RR1.00:21-22:534:1980,2026-03-09T21:00:40,1484.45,100.0,-36.5,658.5,645.5,1447.95,2128.9,100.0,True,
2026-03-09T22:30:00,33,RR1.00:21-22:534:1980,2026-03-09T21:00:40,1484.45,100.0,-36.5,658.5,645.5,1447.95,2128.9,100.0,True,
2026-03-09T22:30:00,34,RR1.00:21-22:534:1980,2026-03-09T21:00:40,1484.45,100.0,-36.5,658.5,645.5,1447.95,2128.9,100.0,True,
2026-03-09T22:30:00,35,RR1.00:21-22:534:1980,2026-03-09T21:00:40,1484.45,100.0,-36.5,658.5,645.5,1447.95,2128.9,100.0,True,
2026-03-09T22:30:00,36,RR1.00:21-22:534:1980,2026-03-09T21:00:40,1394.2,100.0,-36.5,658.5,645.5,1357.7,2038.65,100.0,True,
2026-03-09T22:30:00,37,RR1.00:21-22:534:1980,2026-03-09T21:00:40,1394.2,100.0,-36.5,658.5,645.5,1357.7,2038.65,100.0,True,
2026-03-09T22:30:00,38,RR1.00:21-22:534:1980,2026-03-09T21:00:40,1394.2,100.0,-36.5,658.5,645.5,1357.7,2038.65,100.0,True,
2026-03-09T22:30:00,42,RR1.00:21-22:534:1980,2026-03-09T21:00:40,1210.75,100.0,-36.5,658.5,645.5,1174.25,1855.2,100.0,True,
2026-03-09T22:30:00,44,RR1.00:21-22:534:1980,2026-03-09T21:00:40,1317.55,100.0,-36.5,658.5,645.5,1281.05,1962.0,100.0,True,
2026-03-09T22:30:00,48,RR1.00:21-22:534:1980,2026-03-09T21:00:40,1227.0,100.0,-36.5,658.5,645.5,1190.5,1871.45,100.0,True,
2026-03-10T05:00:00,4,RR1.00:3-4:552:2065,2026-03-10T03:29:40,1960.8,100.0,-50.5,159.0,136.5,1910.3,2096.25,100.0,True,
2026-03-10T05:00:00,32,RR1.00:3-4:552:2065,2026-03-10T03:29:40,2128.9,100.0,-50.5,159.0,136.5,2078.4,2264.35,100.0,True,
2026-03-10T05:00:00,33,RR1.00:3-4:552:2065,2026-03-10T03:29:40,2128.9,100.0,-50.5,159.0,136.5,2078.4,2264.35,100.0,True,
2026-03-10T05:00:00,34,RR1.00:3-4:552:2065,2026-03-10T03:29:40,2128.9,100.0,-50.5,159.0,136.5,2078.4,2264.35,100.0,True,
2026-03-10T05:00:00,35,RR1.00:3-4:552:2065,2026-03-10T03:29:40,2128.9,100.0,-50.5,159.0,136.5,2078.4,2264.35,100.0,True,
2026-03-10T05:00:00,36,RR1.00:3-4:552:2065,2026-03-10T03:29:40,2038.65,100.0,-50.5,159.0,136.5,1988.15,2174.1,100.0,True,
2026-03-10T05:00:00,37,RR1.00:3-4:552:2065,2026-03-10T03:29:40,2038.65,100.0,-50.5,159.0,136.5,1988.15,2174.1,100.0,True,
2026-03-10T05:00:00,38,RR1.00:3-4:552:2065,2026-03-10T03:29:40,2038.65,100.0,-50.5,159.0,136.5,1988.15,2174.1,100.0,True,
2026-03-10T05:00:00,42,RR1.00:3-4:552:2065,2026-03-10T03:29:40,1855.2,100.0,-50.5,159.0,136.5,1804.7,1990.65,100.0,True,
2026-03-10T05:00:00,44,RR1.00:3-4:552:2065,2026-03-10T03:29:40,1962.0,100.0,-50.5,159.0,136.5,1911.5,2097.45,100.0,True,
2026-03-10T05:00:00,48,RR1.00:3-4:552:2065,2026-03-10T03:29:40,1871.45,100.0,-50.5,159.0,136.5,1820.95,2006.9,100.0,True,
2026-03-10T09:00:00,4,RR1.00:7-8:596:2154,2026-03-10T07:38:40,2096.25,100.0,-48.5,113.0,102.0,2047.75,2197.2,100.0,True,
2026-03-10T09:00:00,32,RR1.00:7-8:596:2154,2026-03-10T07:38:40,2264.35,100.0,-48.5,113.0,102.0,2215.85,2365.3,100.0,True,
2026-03-10T09:00:00,33,RR1.00:7-8:596:2154,2026-03-10T07:38:40,2264.35,100.0,-48.5,113.0,102.0,2215.85,2365.3,100.0,True,
2026-03-10T09:00:00,34,RR1.00:7-8:596:2154,2026-03-10T07:38:40,2264.35,100.0,-48.5,113.0,102.0,2215.85,2365.3,100.0,True,
2026-03-10T09:00:00,35,RR1.00:7-8:596:2154,2026-03-10T07:38:40,2264.35,100.0,-48.5,113.0,102.0,2215.85,2365.3,100.0,True,
2026-03-10T09:00:00,36,RR1.00:7-8:596:2154,2026-03-10T07:38:40,2174.1,100.0,-48.5,113.0,102.0,2125.6,2275.05,100.0,True,
2026-03-10T09:00:00,37,RR1.00:7-8:596:2154,2026-03-10T07:38:40,2174.1,100.0,-48.5,113.0,102.0,2125.6,2275.05,100.0,True,
2026-03-10T09:00:00,38,RR1.00:7-8:596:2154,2026-03-10T07:38:40,2174.1,100.0,-48.5,113.0,102.0,2125.6,2275.05,100.0,True,
2026-03-10T09:00:00,42,RR1.00:7-8:596:2154,2026-03-10T07:38:40,1990.65,100.0,-48.5,113.0,102.0,1942.15,2091.6,100.0,True,
2026-03-10T09:00:00,44,RR1.00:7-8:596:2154,2026-03-10T07:38:40,2097.45,100.0,-48.5,113.0,102.0,2048.95,2198.4,100.0,True,
2026-03-10T09:00:00,48,RR1.00:7-8:596:2154,2026-03-10T07:38:40,2006.9,100.0,-48.5,113.0,102.0,1958.4,2107.85,100.0,True,
2026-03-10T10:30:00,4,RR1.00:10-11:586:2123,2026-03-10T10:04:40,2197.2,100.0,-4.0,165.0,152.0,2193.2,2348.15,100.0,True,
2026-03-10T10:30:00,32,RR1.00:10-11:586:2123,2026-03-10T10:04:40,2365.3,100.0,-4.0,165.0,152.0,2361.3,2516.25,100.0,True,
2026-03-10T10:30:00,33,RR1.00:10-11:586:2123,2026-03-10T10:04:40,2365.3,100.0,-4.0,165.0,152.0,2361.3,2516.25,100.0,True,
2026-03-10T10:30:00,34,RR1.00:10-11:586:2123,2026-03-10T10:04:40,2365.3,100.0,-4.0,165.0,152.0,2361.3,2516.25,100.0,True,
2026-03-10T10:30:00,35,RR1.00:10-11:586:2123,2026-03-10T10:04:40,2365.3,100.0,-4.0,165.0,152.0,2361.3,2516.25,100.0,True,
2026-03-10T10:30:00,36,RR1.00:10-11:586:2123,2026-03-10T10:04:40,2275.05,100.0,-4.0,165.0,152.0,2271.05,2426.0,100.0,True,
2026-03-10T10:30:00,37,RR1.00:10-11:586:2123,2026-03-10T10:04:40,2275.05,100.0,-4.0,165.0,152.0,2271.05,2426.0,100.0,True,
2026-03-10T10:30:00,38,RR1.00:10-11:586:2123,2026-03-10T10:04:40,2275.05,100.0,-4.0,165.0,152.0,2271.05,2426.0,100.0,True,
2026-03-10T10:30:00,42,RR1.00:10-11:586:2123,2026-03-10T10:04:40,2091.6,100.0,-4.0,165.0,152.0,2087.6,2242.55,100.0,True,
2026-03-10T10:30:00,44,RR1.00:10-11:586:2123,2026-03-10T10:04:40,2198.4,100.0,-4.0,165.0,152.0,2194.4,2349.35,100.0,True,
2026-03-10T10:30:00,48,RR1.00:10-11:586:2123,2026-03-10T10:04:40,2107.85,100.0,-4.0,165.0,152.0,2103.85,2258.8,100.0,True,
2026-03-10T14:13:20,4,RR1.00:14-15:529:2004,2026-03-10T14:04:40,2348.15,100.0,-144.0,31.5,-144.0,2204.15,2203.1,100.0,True,
2026-03-10T14:13:20,32,RR1.00:14-15:529:2004,2026-03-10T14:04:40,2516.25,100.0,-144.0,31.5,-144.0,2372.25,2371.2,100.0,True,
2026-03-10T14:13:20,33,RR1.00:14-15:529:2004,2026-03-10T14:04:40,2516.25,100.0,-144.0,31.5,-144.0,2372.25,2371.2,100.0,True,
2026-03-10T14:13:20,34,RR1.00:14-15:529:2004,2026-03-10T14:04:40,2516.25,100.0,-144.0,31.5,-144.0,2372.25,2371.2,100.0,True,
2026-03-10T14:13:20,35,RR1.00:14-15:529:2004,2026-03-10T14:04:40,2516.25,100.0,-144.0,31.5,-144.0,2372.25,2371.2,100.0,True,
2026-03-10T14:13:20,36,RR1.00:14-15:529:2004,2026-03-10T14:04:40,2426.0,100.0,-144.0,31.5,-144.0,2282.0,2280.95,100.0,True,
2026-03-10T14:13:20,37,RR1.00:14-15:529:2004,2026-03-10T14:04:40,2426.0,100.0,-144.0,31.5,-144.0,2282.0,2280.95,100.0,True,
2026-03-10T14:13:20,38,RR1.00:14-15:529:2004,2026-03-10T14:04:40,2426.0,100.0,-144.0,31.5,-144.0,2282.0,2280.95,100.0,True,
2026-03-10T14:13:20,42,RR1.00:14-15:529:2004,2026-03-10T14:04:40,2242.55,100.0,-144.0,31.5,-144.0,2098.55,2097.5,100.0,True,
2026-03-10T14:13:20,44,RR1.00:14-15:529:2004,2026-03-10T14:04:40,2349.35,100.0,-144.0,31.5,-144.0,2205.35,2204.3,100.0,True,
2026-03-10T14:13:20,48,RR1.00:14-15:529:2004,2026-03-10T14:04:40,2258.8,100.0,-144.0,31.5,-144.0,2114.8,2113.75,100.0,True,
2026-03-10T17:09:40,4,RR1.00:15-16:680:2228,2026-03-10T15:46:40,2203.1,100.0,-150.5,210.0,-150.5,2052.6,2051.55,100.0,True,
2026-03-10T17:09:40,32,RR1.00:15-16:680:2228,2026-03-10T15:46:40,2371.2,100.0,-150.5,210.0,-150.5,2220.7,2219.65,100.0,True,
2026-03-10T17:09:40,33,RR1.00:15-16:680:2228,2026-03-10T15:46:40,2371.2,100.0,-150.5,210.0,-150.5,2220.7,2219.65,100.0,True,
2026-03-10T17:09:40,34,RR1.00:15-16:680:2228,2026-03-10T15:46:40,2371.2,100.0,-150.5,210.0,-150.5,2220.7,2219.65,100.0,True,
2026-03-10T17:09:40,35,RR1.00:15-16:680:2228,2026-03-10T15:46:40,2371.2,100.0,-150.5,210.0,-150.5,2220.7,2219.65,100.0,True,
2026-03-10T17:09:40,36,RR1.00:15-16:680:2228,2026-03-10T15:46:40,2280.95,100.0,-150.5,210.0,-150.5,2130.45,2129.4,100.0,True,
2026-03-10T17:09:40,37,RR1.00:15-16:680:2228,2026-03-10T15:46:40,2280.95,100.0,-150.5,210.0,-150.5,2130.45,2129.4,100.0,True,
2026-03-10T17:09:40,38,RR1.00:15-16:680:2228,2026-03-10T15:46:40,2280.95,100.0,-150.5,210.0,-150.5,2130.45,2129.4,100.0,True,
2026-03-10T17:09:40,42,RR1.00:15-16:680:2228,2026-03-10T15:46:40,2097.5,100.0,-150.5,210.0,-150.5,1947.0,1945.95,100.0,True,
2026-03-10T17:09:40,44,RR1.00:15-16:680:2228,2026-03-10T15:46:40,2204.3,100.0,-150.5,210.0,-150.5,2053.8,2052.75,100.0,True,
2026-03-10T17:09:40,48,RR1.00:15-16:680:2228,2026-03-10T15:46:40,2113.75,100.0,-150.5,210.0,-150.5,1963.25,1962.2,100.0,True,
2026-03-10T21:14:40,4,RR1.00:19-20:480:1953,2026-03-10T19:36:40,2051.55,100.0,-163.0,112.5,-163.0,1888.55,1887.5,100.0,True,
2026-03-10T21:14:40,32,RR1.00:19-20:480:1953,2026-03-10T19:36:40,2219.65,100.0,-163.0,112.5,-163.0,2056.65,2055.6,100.0,True,
2026-03-10T21:14:40,33,RR1.00:19-20:480:1953,2026-03-10T19:36:40,2219.65,100.0,-163.0,112.5,-163.0,2056.65,2055.6,100.0,True,
2026-03-10T21:14:40,34,RR1.00:19-20:480:1953,2026-03-10T19:36:40,2219.65,100.0,-163.0,112.5,-163.0,2056.65,2055.6,100.0,True,
2026-03-10T21:14:40,35,RR1.00:19-20:480:1953,2026-03-10T19:36:40,2219.65,100.0,-163.0,112.5,-163.0,2056.65,2055.6,100.0,True,
2026-03-10T21:14:40,36,RR1.00:19-20:480:1953,2026-03-10T19:36:40,2129.4,100.0,-163.0,112.5,-163.0,1966.4,1965.35,100.0,True,
2026-03-10T21:14:40,37,RR1.00:19-20:480:1953,2026-03-10T19:36:40,2129.4,100.0,-163.0,112.5,-163.0,1966.4,1965.35,100.0,True,
2026-03-10T21:14:40,38,RR1.00:19-20:480:1953,2026-03-10T19:36:40,2129.4,100.0,-163.0,112.5,-163.0,1966.4,1965.35,100.0,True,
2026-03-10T21:14:40,42,RR1.00:19-20:480:1953,2026-03-10T19:36:40,1945.95,100.0,-163.0,112.5,-163.0,1782.95,1781.9,100.0,True,
2026-03-10T21:14:40,44,RR1.00:19-20:480:1953,2026-03-10T19:36:40,2052.75,100.0,-163.0,112.5,-163.0,1889.75,1888.7,100.0,True,
2026-03-10T21:14:40,48,RR1.00:19-20:480:1953,2026-03-10T19:36:40,1962.2,100.0,-163.0,112.5,-163.0,1799.2,1798.15,100.0,True,
2026-03-10T22:50:40,4,RR1.00:17-18:369:1873,2026-03-10T17:39:40,1887.5,100.0,-271.0,273.5,-271.0,1616.5,1615.45,100.0,True,
2026-03-10T22:50:40,32,RR1.00:17-18:369:1873,2026-03-10T17:39:40,2055.6,100.0,-271.0,273.5,-271.0,1784.6,1783.55,100.0,True,
2026-03-10T22:50:40,33,RR1.00:17-18:369:1873,2026-03-10T17:39:40,2055.6,100.0,-271.0,273.5,-271.0,1784.6,1783.55,100.0,True,
2026-03-10T22:50:40,34,RR1.00:17-18:369:1873,2026-03-10T17:39:40,2055.6,100.0,-271.0,273.5,-271.0,1784.6,1783.55,100.0,True,
2026-03-10T22:50:40,35,RR1.00:17-18:369:1873,2026-03-10T17:39:40,2055.6,100.0,-271.0,273.5,-271.0,1784.6,1783.55,100.0,True,
2026-03-10T22:50:40,36,RR1.00:17-18:369:1873,2026-03-10T17:39:40,1965.35,100.0,-271.0,273.5,-271.0,1694.35,1693.3,100.0,True,
2026-03-10T22:50:40,37,RR1.00:17-18:369:1873,2026-03-10T17:39:40,1965.35,100.0,-271.0,273.5,-271.0,1694.35,1693.3,100.0,True,
2026-03-10T22:50:40,38,RR1.00:17-18:369:1873,2026-03-10T17:39:40,1965.35,100.0,-271.0,273.5,-271.0,1694.35,1693.3,100.0,True,
2026-03-10T22:50:40,42,RR1.00:17-18:369:1873,2026-03-10T17:39:40,1781.9,100.0,-271.0,273.5,-271.0,1510.9,1509.85,100.0,True,
2026-03-10T22:50:40,44,RR1.00:17-18:369:1873,2026-03-10T17:39:40,1888.7,100.0,-271.0,273.5,-271.0,1617.7,1616.65,100.0,True,
2026-03-10T22:50:40,48,RR1.00:17-18:369:1873,2026-03-10T17:39:40,1798.15,100.0,-271.0,273.5,-271.0,1527.15,1526.1,100.0,True,
2026-03-10T23:30:00,4,RR1.00:23-24:110:836,2026-03-10T23:14:40,1615.45,100.0,-41.5,11.0,-17.5,1573.95,1596.9,100.0,True,
2026-03-10T23:30:00,32,RR1.00:23-24:110:836,2026-03-10T23:14:40,1783.55,100.0,-41.5,11.0,-17.5,1742.05,1765.0,100.0,True,
2026-03-10T23:30:00,33,RR1.00:23-24:110:836,2026-03-10T23:14:40,1783.55,100.0,-41.5,11.0,-17.5,1742.05,1765.0,100.0,True,
2026-03-10T23:30:00,34,RR1.00:23-24:110:836,2026-03-10T23:14:40,1783.55,100.0,-41.5,11.0,-17.5,1742.05,1765.0,100.0,True,
2026-03-10T23:30:00,35,RR1.00:23-24:110:836,2026-03-10T23:14:40,1783.55,100.0,-41.5,11.0,-17.5,1742.05,1765.0,100.0,True,
2026-03-10T23:30:00,36,RR1.00:23-24:110:836,2026-03-10T23:14:40,1693.3,100.0,-41.5,11.0,-17.5,1651.8,1674.75,100.0,True,
2026-03-10T23:30:00,37,RR1.00:23-24:110:836,2026-03-10T23:14:40,1693.3,100.0,-41.5,11.0,-17.5,1651.8,1674.75,100.0,True,
2026-03-10T23:30:00,38,RR1.00:23-24:110:836,2026-03-10T23:14:40,1693.3,100.0,-41.5,11.0,-17.5,1651.8,1674.75,100.0,True,
2026-03-10T23:30:00,42,RR1.00:23-24:110:836,2026-03-10T23:14:40,1509.85,100.0,-41.5,11.0,-17.5,1468.35,1491.3,100.0,True,
2026-03-10T23:30:00,44,RR1.00:23-24:110:836,2026-03-10T23:14:40,1616.65,100.0,-41.5,11.0,-17.5,1575.15,1598.1,100.0,True,
2026-03-10T23:30:00,48,RR1.00:23-24:110:836,2026-03-10T23:14:40,1526.1,100.0,-41.5,11.0,-17.5,1484.6,1507.55,100.0,True,
2026-03-11T03:00:00,4,RR1.00:2-3:557:2100,2026-03-11T02:10:40,1596.9,100.0,-11.5,95.5,77.5,1585.4,1673.35,100.0,True,
2026-03-11T03:00:00,32,RR1.00:2-3:557:2100,2026-03-11T02:10:40,1765.0,100.0,-11.5,95.5,77.5,1753.5,1841.45,100.0,True,
2026-03-11T03:00:00,33,RR1.00:2-3:557:2100,2026-03-11T02:10:40,1765.0,100.0,-11.5,95.5,77.5,1753.5,1841.45,100.0,True,
2026-03-11T03:00:00,34,RR1.00:2-3:557:2100,2026-03-11T02:10:40,1765.0,100.0,-11.5,95.5,77.5,1753.5,1841.45,100.0,True,
2026-03-11T03:00:00,35,RR1.00:2-3:557:2100,2026-03-11T02:10:40,1765.0,100.0,-11.5,95.5,77.5,1753.5,1841.45,100.0,True,
2026-03-11T03:00:00,36,RR1.00:2-3:557:2100,2026-03-11T02:10:40,1674.75,100.0,-11.5,95.5,77.5,1663.25,1751.2,100.0,True,
2026-03-11T03:00:00,37,RR1.00:2-3:557:2100,2026-03-11T02:10:40,1674.75,100.0,-11.5,95.5,77.5,1663.25,1751.2,100.0,True,
2026-03-11T03:00:00,38,RR1.00:2-3:557:2100,2026-03-11T02:10:40,1674.75,100.0,-11.5,95.5,77.5,1663.25,1751.2,100.0,True,
2026-03-11T03:00:00,42,RR1.00:2-3:557:2100,2026-03-11T02:10:40,1491.3,100.0,-11.5,95.5,77.5,1479.8,1567.75,100.0,True,
2026-03-11T03:00:00,44,RR1.00:2-3:557:2100,2026-03-11T02:10:40,1598.1,100.0,-11.5,95.5,77.5,1586.6,1674.55,100.0,True,
2026-03-11T03:00:00,48,RR1.00:2-3:557:2100,2026-03-11T02:10:40,1507.55,100.0,-11.5,95.5,77.5,1496.05,1584.0,100.0,True,
2026-03-11T07:00:00,4,RR1.00:4-5:528:2054,2026-03-11T04:14:40,1673.35,100.0,-12.0,93.5,84.5,1661.35,1756.8,100.0,True,
2026-03-11T07:00:00,32,RR1.00:4-5:528:2054,2026-03-11T04:14:40,1841.45,100.0,-12.0,93.5,84.5,1829.45,1924.9,100.0,True,
2026-03-11T07:00:00,33,RR1.00:4-5:528:2054,2026-03-11T04:14:40,1841.45,100.0,-12.0,93.5,84.5,1829.45,1924.9,100.0,True,
2026-03-11T07:00:00,34,RR1.00:4-5:528:2054,2026-03-11T04:14:40,1841.45,100.0,-12.0,93.5,84.5,1829.45,1924.9,100.0,True,
2026-03-11T07:00:00,35,RR1.00:4-5:528:2054,2026-03-11T04:14:40,1841.45,100.0,-12.0,93.5,84.5,1829.45,1924.9,100.0,True,
2026-03-11T07:00:00,36,RR1.00:4-5:528:2054,2026-03-11T04:14:40,1751.2,100.0,-12.0,93.5,84.5,1739.2,1834.65,100.0,True,
2026-03-11T07:00:00,37,RR1.00:4-5:528:2054,2026-03-11T04:14:40,1751.2,100.0,-12.0,93.5,84.5,1739.2,1834.65,100.0,True,
2026-03-11T07:00:00,38,RR1.00:4-5:528:2054,2026-03-11T04:14:40,1751.2,100.0,-12.0,93.5,84.5,1739.2,1834.65,100.0,True,
2026-03-11T07:00:00,42,RR1.00:4-5:528:2054,2026-03-11T04:14:40,1567.75,100.0,-12.0,93.5,84.5,1555.75,1651.2,100.0,True,
2026-03-11T07:00:00,44,RR1.00:4-5:528:2054,2026-03-11T04:14:40,1674.55,100.0,-12.0,93.5,84.5,1662.55,1758.0,100.0,True,
2026-03-11T07:00:00,48,RR1.00:4-5:528:2054,2026-03-11T04:14:40,1584.0,100.0,-12.0,93.5,84.5,1572.0,1667.45,100.0,True,
2026-03-11T07:00:00,4,RR1.00:6-7:533:2043,2026-03-11T06:32:40,1756.8,100.0,1.5,47.0,38.0,1756.8,1793.75,100.0,True,
2026-03-11T07:00:00,32,RR1.00:6-7:533:2043,2026-03-11T06:32:40,1924.9,100.0,1.5,47.0,38.0,1924.9,1961.85,100.0,True,
2026-03-11T07:00:00,33,RR1.00:6-7:533:2043,2026-03-11T06:32:40,1924.9,100.0,1.5,47.0,38.0,1924.9,1961.85,100.0,True,
2026-03-11T07:00:00,34,RR1.00:6-7:533:2043,2026-03-11T06:32:40,1924.9,100.0,1.5,47.0,38.0,1924.9,1961.85,100.0,True,
2026-03-11T07:00:00,35,RR1.00:6-7:533:2043,2026-03-11T06:32:40,1924.9,100.0,1.5,47.0,38.0,1924.9,1961.85,100.0,True,
2026-03-11T07:00:00,36,RR1.00:6-7:533:2043,2026-03-11T06:32:40,1834.65,100.0,1.5,47.0,38.0,1834.65,1871.6,100.0,True,
2026-03-11T07:00:00,37,RR1.00:6-7:533:2043,2026-03-11T06:32:40,1834.65,100.0,1.5,47.0,38.0,1834.65,1871.6,100.0,True,
2026-03-11T07:00:00,38,RR1.00:6-7:533:2043,2026-03-11T06:32:40,1834.65,100.0,1.5,47.0,38.0,1834.65,1871.6,100.0,True,
2026-03-11T07:00:00,42,RR1.00:6-7:533:2043,2026-03-11T06:32:40,1651.2,100.0,1.5,47.0,38.0,1651.2,1688.15,100.0,True,
2026-03-11T07:00:00,44,RR1.00:6-7:533:2043,2026-03-11T06:32:40,1758.0,100.0,1.5,47.0,38.0,1758.0,1794.95,100.0,True,
2026-03-11T07:00:00,48,RR1.00:6-7:533:2043,2026-03-11T06:32:40,1667.45,100.0,1.5,47.0,38.0,1667.45,1704.4,100.0,True,
2026-03-11T10:24:40,4,RR1.00:9-10:555:2052,2026-03-11T09:33:40,1793.75,100.0,-67.5,23.0,-67.5,1726.25,1725.2,100.0,True,
2026-03-11T10:24:40,32,RR1.00:9-10:555:2052,2026-03-11T09:33:40,1961.85,100.0,-67.5,23.0,-67.5,1894.35,1893.3,100.0,True,
2026-03-11T10:24:40,33,RR1.00:9-10:555:2052,2026-03-11T09:33:40,1961.85,100.0,-67.5,23.0,-67.5,1894.35,1893.3,100.0,True,
2026-03-11T10:24:40,34,RR1.00:9-10:555:2052,2026-03-11T09:33:40,1961.85,100.0,-67.5,23.0,-67.5,1894.35,1893.3,100.0,True,
2026-03-11T10:24:40,35,RR1.00:9-10:555:2052,2026-03-11T09:33:40,1961.85,100.0,-67.5,23.0,-67.5,1894.35,1893.3,100.0,True,
2026-03-11T10:24:40,36,RR1.00:9-10:555:2052,2026-03-11T09:33:40,1871.6,100.0,-67.5,23.0,-67.5,1804.1,1803.05,100.0,True,
2026-03-11T10:24:40,37,RR1.00:9-10:555:2052,2026-03-11T09:33:40,1871.6,100.0,-67.5,23.0,-67.5,1804.1,1803.05,100.0,True,
2026-03-11T10:24:40,38,RR1.00:9-10:555:2052,2026-03-11T09:33:40,1871.6,100.0,-67.5,23.0,-67.5,1804.1,1803.05,100.0,True,
2026-03-11T10:24:40,42,RR1.00:9-10:555:2052,2026-03-11T09:33:40,1688.15,100.0,-67.5,23.0,-67.5,1620.65,1619.6,100.0,True,
2026-03-11T10:24:40,44,RR1.00:9-10:555:2052,2026-03-11T09:33:40,1794.95,100.0,-67.5,23.0,-67.5,1727.45,1726.4,100.0,True,
2026-03-11T10:24:40,48,RR1.00:9-10:555:2052,2026-03-11T09:33:40,1704.4,100.0,-67.5,23.0,-67.5,1636.9,1635.85,100.0,True,
2026-03-11T14:00:00,4,RR1.00:13-14:569:2105,2026-03-11T13:08:40,1725.2,100.0,-6.0,153.5,139.0,1719.2,1863.15,100.0,True,
2026-03-11T14:00:00,32,RR1.00:13-14:569:2105,2026-03-11T13:08:40,1893.3,100.0,-6.0,153.5,139.0,1887.3,2031.25,100.0,True,
2026-03-11T14:00:00,33,RR1.00:13-14:569:2105,2026-03-11T13:08:40,1893.3,100.0,-6.0,153.5,139.0,1887.3,2031.25,100.0,True,
2026-03-11T14:00:00,34,RR1.00:13-14:569:2105,2026-03-11T13:08:40,1893.3,100.0,-6.0,153.5,139.0,1887.3,2031.25,100.0,True,
2026-03-11T14:00:00,35,RR1.00:13-14:569:2105,2026-03-11T13:08:40,1893.3,100.0,-6.0,153.5,139.0,1887.3,2031.25,100.0,True,
2026-03-11T14:00:00,36,RR1.00:13-14:569:2105,2026-03-11T13:08:40,1803.05,100.0,-6.0,153.5,139.0,1797.05,1941.0,100.0,True,
2026-03-11T14:00:00,37,RR1.00:13-14:569:2105,2026-03-11T13:08:40,1803.05,100.0,-6.0,153.5,139.0,1797.05,1941.0,100.0,True,
2026-03-11T14:00:00,38,RR1.00:13-14:569:2105,2026-03-11T13:08:40,1803.05,100.0,-6.0,153.5,139.0,1797.05,1941.0,100.0,True,
2026-03-11T14:00:00,42,RR1.00:13-14:569:2105,2026-03-11T13:08:40,1619.6,100.0,-6.0,153.5,139.0,1613.6,1757.55,100.0,True,
2026-03-11T14:00:00,44,RR1.00:13-14:569:2105,2026-03-11T13:08:40,1726.4,100.0,-6.0,153.5,139.0,1720.4,1864.35,100.0,True,
2026-03-11T14:00:00,48,RR1.00:13-14:569:2105,2026-03-11T13:08:40,1635.85,100.0,-6.0,153.5,139.0,1629.85,1773.8,100.0,True,
2026-03-11T15:42:40,4,RR1.00:15-16:681:2230,2026-03-11T15:29:20,1863.15,100.0,-139.5,115.5,-139.5,1723.65,1722.6,100.0,True,
2026-03-11T15:42:40,32,RR1.00:15-16:681:2230,2026-03-11T15:29:20,2031.25,100.0,-139.5,115.5,-139.5,1891.75,1890.7,100.0,True,
2026-03-11T15:42:40,33,RR1.00:15-16:681:2230,2026-03-11T15:29:20,2031.25,100.0,-139.5,115.5,-139.5,1891.75,1890.7,100.0,True,
2026-03-11T15:42:40,34,RR1.00:15-16:681:2230,2026-03-11T15:29:20,2031.25,100.0,-139.5,115.5,-139.5,1891.75,1890.7,100.0,True,
2026-03-11T15:42:40,35,RR1.00:15-16:681:2230,2026-03-11T15:29:20,2031.25,100.0,-139.5,115.5,-139.5,1891.75,1890.7,100.0,True,
2026-03-11T15:42:40,36,RR1.00:15-16:681:2230,2026-03-11T15:29:20,1941.0,100.0,-139.5,115.5,-139.5,1801.5,1800.45,100.0,True,
2026-03-11T15:42:40,37,RR1.00:15-16:681:2230,2026-03-11T15:29:20,1941.0,100.0,-139.5,115.5,-139.5,1801.5,1800.45,100.0,True,
2026-03-11T15:42:40,38,RR1.00:15-16:681:2230,2026-03-11T15:29:20,1941.0,100.0,-139.5,115.5,-139.5,1801.5,1800.45,100.0,True,
2026-03-11T15:42:40,42,RR1.00:15-16:681:2230,2026-03-11T15:29:20,1757.55,100.0,-139.5,115.5,-139.5,1618.05,1617.0,100.0,True,
2026-03-11T15:42:40,44,RR1.00:15-16:681:2230,2026-03-11T15:29:20,1864.35,100.0,-139.5,115.5,-139.5,1724.85,1723.8,100.0,True,
2026-03-11T15:42:40,48,RR1.00:15-16:681:2230,2026-03-11T15:29:20,1773.8,100.0,-139.5,115.5,-139.5,1634.3,1633.25,100.0,True,
2026-03-11T18:46:40,4,RR1.00:16-17:845:2413,2026-03-11T16:30:40,1722.6,100.0,-295.0,248.0,-295.0,1427.6,1426.55,100.0,True,
2026-03-11T18:46:40,32,RR1.00:16-17:845:2413,2026-03-11T16:30:40,1890.7,100.0,-295.0,248.0,-295.0,1595.7,1594.65,100.0,True,
2026-03-11T18:46:40,33,RR1.00:16-17:845:2413,2026-03-11T16:30:40,1890.7,100.0,-295.0,248.0,-295.0,1595.7,1594.65,100.0,True,
2026-03-11T18:46:40,34,RR1.00:16-17:845:2413,2026-03-11T16:30:40,1890.7,100.0,-295.0,248.0,-295.0,1595.7,1594.65,100.0,True,
2026-03-11T18:46:40,35,RR1.00:16-17:845:2413,2026-03-11T16:30:40,1890.7,100.0,-295.0,248.0,-295.0,1595.7,1594.65,100.0,True,
2026-03-11T18:46:40,36,RR1.00:16-17:845:2413,2026-03-11T16:30:40,1800.45,100.0,-295.0,248.0,-295.0,1505.45,1504.4,100.0,True,
2026-03-11T18:46:40,37,RR1.00:16-17:845:2413,2026-03-11T16:30:40,1800.45,100.0,-295.0,248.0,-295.0,1505.45,1504.4,100.0,True,
2026-03-11T18:46:40,38,RR1.00:16-17:845:2413,2026-03-11T16:30:40,1800.45,100.0,-295.0,248.0,-295.0,1505.45,1504.4,100.0,True,
2026-03-11T18:46:40,42,RR1.00:16-17:845:2413,2026-03-11T16:30:40,1617.0,100.0,-295.0,248.0,-295.0,1322.0,1320.95,100.0,True,
2026-03-11T18:46:40,44,RR1.00:16-17:845:2413,2026-03-11T16:30:40,1723.8,100.0,-295.0,248.0,-295.0,1428.8,1427.75,100.0,True,
2026-03-11T18:46:40,48,RR1.00:16-17:845:2413,2026-03-11T16:30:40,1633.25,100.0,-295.0,248.0,-295.0,1338.25,1337.2,100.0,True,
2026-03-11T20:38:40,4,RR1.00:19-20:481:1955,2026-03-11T19:30:40,1426.55,100.0,-144.0,142.0,-144.0,1282.55,1281.5,100.0,True,
2026-03-11T20:38:40,32,RR1.00:19-20:481:1955,2026-03-11T19:30:40,1594.65,100.0,-144.0,142.0,-144.0,1450.65,1449.6,100.0,True,
2026-03-11T20:38:40,33,RR1.00:19-20:481:1955,2026-03-11T19:30:40,1594.65,100.0,-144.0,142.0,-144.0,1450.65,1449.6,100.0,True,
2026-03-11T20:38:40,34,RR1.00:19-20:481:1955,2026-03-11T19:30:40,1594.65,100.0,-144.0,142.0,-144.0,1450.65,1449.6,100.0,True,
2026-03-11T20:38:40,35,RR1.00:19-20:481:1955,2026-03-11T19:30:40,1594.65,100.0,-144.0,142.0,-144.0,1450.65,1449.6,100.0,True,
2026-03-11T20:38:40,36,RR1.00:19-20:481:1955,2026-03-11T19:30:40,1504.4,100.0,-144.0,142.0,-144.0,1360.4,1359.35,100.0,True,
2026-03-11T20:38:40,37,RR1.00:19-20:481:1955,2026-03-11T19:30:40,1504.4,100.0,-144.0,142.0,-144.0,1360.4,1359.35,100.0,True,
2026-03-11T20:38:40,38,RR1.00:19-20:481:1955,2026-03-11T19:30:40,1504.4,100.0,-144.0,142.0,-144.0,1360.4,1359.35,100.0,True,
2026-03-11T20:38:40,42,RR1.00:19-20:481:1955,2026-03-11T19:30:40,1320.95,100.0,-144.0,142.0,-144.0,1176.95,1175.9,100.0,True,
2026-03-11T20:38:40,44,RR1.00:19-20:481:1955,2026-03-11T19:30:40,1427.75,100.0,-144.0,142.0,-144.0,1283.75,1282.7,100.0,True,
2026-03-11T20:38:40,48,RR1.00:19-20:481:1955,2026-03-11T19:30:40,1337.2,100.0,-144.0,142.0,-144.0,1193.2,1192.15,100.0,True,
2026-03-11T23:30:00,4,RR1.00:21-22:535:1985,2026-03-11T21:34:40,1281.5,100.0,-96.5,90.0,5.5,1185.0,1285.95,100.0,True,
2026-03-11T23:30:00,32,RR1.00:21-22:535:1985,2026-03-11T21:34:40,1449.6,100.0,-96.5,90.0,5.5,1353.1,1454.05,100.0,True,
2026-03-11T23:30:00,33,RR1.00:21-22:535:1985,2026-03-11T21:34:40,1449.6,100.0,-96.5,90.0,5.5,1353.1,1454.05,100.0,True,
2026-03-11T23:30:00,34,RR1.00:21-22:535:1985,2026-03-11T21:34:40,1449.6,100.0,-96.5,90.0,5.5,1353.1,1454.05,100.0,True,
2026-03-11T23:30:00,35,RR1.00:21-22:535:1985,2026-03-11T21:34:40,1449.6,100.0,-96.5,90.0,5.5,1353.1,1454.05,100.0,True,
2026-03-11T23:30:00,36,RR1.00:21-22:535:1985,2026-03-11T21:34:40,1359.35,100.0,-96.5,90.0,5.5,1262.85,1363.8,100.0,True,
2026-03-11T23:30:00,37,RR1.00:21-22:535:1985,2026-03-11T21:34:40,1359.35,100.0,-96.5,90.0,5.5,1262.85,1363.8,100.0,True,
2026-03-11T23:30:00,38,RR1.00:21-22:535:1985,2026-03-11T21:34:40,1359.35,100.0,-96.5,90.0,5.5,1262.85,1363.8,100.0,True,
2026-03-11T23:30:00,42,RR1.00:21-22:535:1985,2026-03-11T21:34:40,1175.9,100.0,-96.5,90.0,5.5,1079.4,1180.35,100.0,True,
2026-03-11T23:30:00,44,RR1.00:21-22:535:1985,2026-03-11T21:34:40,1282.7,100.0,-96.5,90.0,5.5,1186.2,1287.15,100.0,True,
2026-03-11T23:30:00,48,RR1.00:21-22:535:1985,2026-03-11T21:34:40,1192.15,100.0,-96.5,90.0,5.5,1095.65,1196.6,100.0,True,
2026-03-11T23:30:00,4,RR1.00:22-23:552:1996,2026-03-11T22:34:40,1285.95,100.0,-38.5,81.5,-3.0,1247.45,1281.9,100.0,True,
2026-03-11T23:30:00,32,RR1.00:22-23:552:1996,2026-03-11T22:34:40,1454.05,100.0,-38.5,81.5,-3.0,1415.55,1450.0,100.0,True,
2026-03-11T23:30:00,33,RR1.00:22-23:552:1996,2026-03-11T22:34:40,1454.05,100.0,-38.5,81.5,-3.0,1415.55,1450.0,100.0,True,
2026-03-11T23:30:00,34,RR1.00:22-23:552:1996,2026-03-11T22:34:40,1454.05,100.0,-38.5,81.5,-3.0,1415.55,1450.0,100.0,True,
2026-03-11T23:30:00,35,RR1.00:22-23:552:1996,2026-03-11T22:34:40,1454.05,100.0,-38.5,81.5,-3.0,1415.55,1450.0,100.0,True,
2026-03-11T23:30:00,36,RR1.00:22-23:552:1996,2026-03-11T22:34:40,1363.8,100.0,-38.5,81.5,-3.0,1325.3,1359.75,100.0,True,
2026-03-11T23:30:00,37,RR1.00:22-23:552:1996,2026-03-11T22:34:40,1363.8,100.0,-38.5,81.5,-3.0,1325.3,1359.75,100.0,True,
2026-03-11T23:30:00,38,RR1.00:22-23:552:1996,2026-03-11T22:34:40,1363.8,100.0,-38.5,81.5,-3.0,1325.3,1359.75,100.0,True,
2026-03-11T23:30:00,42,RR1.00:22-23:552:1996,2026-03-11T22:34:40,1180.35,100.0,-38.5,81.5,-3.0,1141.85,1176.3,100.0,True,
2026-03-11T23:30:00,44,RR1.00:22-23:552:1996,2026-03-11T22:34:40,1287.15,100.0,-38.5,81.5,-3.0,1248.65,1283.1,100.0,True,
2026-03-11T23:30:00,48,RR1.00:22-23:552:1996,2026-03-11T22:34:40,1196.6,100.0,-38.5,81.5,-3.0,1158.1,1192.55,100.0,True,
2026-03-12T05:35:40,4,RR1.00:3-4:553:2068,2026-03-12T03:35:40,1281.9,100.0,-102.0,102.0,-102.0,1179.9,1178.85,100.0,True,
2026-03-12T05:35:40,32,RR1.00:3-4:553:2068,2026-03-12T03:35:40,1450.0,100.0,-102.0,102.0,-102.0,1348.0,1346.95,100.0,True,
2026-03-12T05:35:40,33,RR1.00:3-4:553:2068,2026-03-12T03:35:40,1450.0,100.0,-102.0,102.0,-102.0,1348.0,1346.95,100.0,True,
2026-03-12T05:35:40,34,RR1.00:3-4:553:2068,2026-03-12T03:35:40,1450.0,100.0,-102.0,102.0,-102.0,1348.0,1346.95,100.0,True,
2026-03-12T05:35:40,35,RR1.00:3-4:553:2068,2026-03-12T03:35:40,1450.0,100.0,-102.0,102.0,-102.0,1348.0,1346.95,100.0,True,
2026-03-12T05:35:40,36,RR1.00:3-4:553:2068,2026-03-12T03:35:40,1359.75,100.0,-102.0,102.0,-102.0,1257.75,1256.7,100.0,True,
2026-03-12T05:35:40,37,RR1.00:3-4:553:2068,2026-03-12T03:35:40,1359.75,100.0,-102.0,102.0,-102.0,1257.75,1256.7,100.0,True,
2026-03-12T05:35:40,38,RR1.00:3-4:553:2068,2026-03-12T03:35:40,1359.75,100.0,-102.0,102.0,-102.0,1257.75,1256.7,100.0,True,
2026-03-12T05:35:40,42,RR1.00:3-4:553:2068,2026-03-12T03:35:40,1176.3,100.0,-102.0,102.0,-102.0,1074.3,1073.25,100.0,True,
2026-03-12T05:35:40,44,RR1.00:3-4:553:2068,2026-03-12T03:35:40,1283.1,100.0,-102.0,102.0,-102.0,1181.1,1180.05,100.0,True,
2026-03-12T05:35:40,48,RR1.00:3-4:553:2068,2026-03-12T03:35:40,1192.55,100.0,-102.0,102.0,-102.0,1090.55,1089.5,100.0,True,
2026-03-12T09:30:00,4,RR1.00:8-9:599:2132,2026-03-12T08:02:40,1178.85,100.0,-29.5,82.5,82.0,1149.35,1259.8,100.0,True,
2026-03-12T09:30:00,32,RR1.00:8-9:599:2132,2026-03-12T08:02:40,1346.95,100.0,-29.5,82.5,82.0,1317.45,1427.9,100.0,True,
2026-03-12T09:30:00,33,RR1.00:8-9:599:2132,2026-03-12T08:02:40,1346.95,100.0,-29.5,82.5,82.0,1317.45,1427.9,100.0,True,
2026-03-12T09:30:00,34,RR1.00:8-9:599:2132,2026-03-12T08:02:40,1346.95,100.0,-29.5,82.5,82.0,1317.45,1427.9,100.0,True,
2026-03-12T09:30:00,35,RR1.00:8-9:599:2132,2026-03-12T08:02:40,1346.95,100.0,-29.5,82.5,82.0,1317.45,1427.9,100.0,True,
2026-03-12T09:30:00,36,RR1.00:8-9:599:2132,2026-03-12T08:02:40,1256.7,100.0,-29.5,82.5,82.0,1227.2,1337.65,100.0,True,
2026-03-12T09:30:00,37,RR1.00:8-9:599:2132,2026-03-12T08:02:40,1256.7,100.0,-29.5,82.5,82.0,1227.2,1337.65,100.0,True,
2026-03-12T09:30:00,38,RR1.00:8-9:599:2132,2026-03-12T08:02:40,1256.7,100.0,-29.5,82.5,82.0,1227.2,1337.65,100.0,True,
2026-03-12T09:30:00,42,RR1.00:8-9:599:2132,2026-03-12T08:02:40,1073.25,100.0,-29.5,82.5,82.0,1043.75,1154.2,100.0,True,
2026-03-12T09:30:00,44,RR1.00:8-9:599:2132,2026-03-12T08:02:40,1180.05,100.0,-29.5,82.5,82.0,1150.55,1261.0,100.0,True,
2026-03-12T09:30:00,48,RR1.00:8-9:599:2132,2026-03-12T08:02:40,1089.5,100.0,-29.5,82.5,82.0,1060.0,1170.45,100.0,True,
2026-03-12T15:01:40,4,RR1.00:14-15:530:2009,2026-03-12T14:30:40,1259.8,100.0,-87.0,77.0,-87.0,1172.8,1171.75,100.0,True,
2026-03-12T15:01:40,32,RR1.00:14-15:530:2009,2026-03-12T14:30:40,1427.9,100.0,-87.0,77.0,-87.0,1340.9,1339.85,100.0,True,
2026-03-12T15:01:40,33,RR1.00:14-15:530:2009,2026-03-12T14:30:40,1427.9,100.0,-87.0,77.0,-87.0,1340.9,1339.85,100.0,True,
2026-03-12T15:01:40,34,RR1.00:14-15:530:2009,2026-03-12T14:30:40,1427.9,100.0,-87.0,77.0,-87.0,1340.9,1339.85,100.0,True,
2026-03-12T15:01:40,35,RR1.00:14-15:530:2009,2026-03-12T14:30:40,1427.9,100.0,-87.0,77.0,-87.0,1340.9,1339.85,100.0,True,
2026-03-12T15:01:40,36,RR1.00:14-15:530:2009,2026-03-12T14:30:40,1337.65,100.0,-87.0,77.0,-87.0,1250.65,1249.6,100.0,True,
2026-03-12T15:01:40,37,RR1.00:14-15:530:2009,2026-03-12T14:30:40,1337.65,100.0,-87.0,77.0,-87.0,1250.65,1249.6,100.0,True,
2026-03-12T15:01:40,38,RR1.00:14-15:530:2009,2026-03-12T14:30:40,1337.65,100.0,-87.0,77.0,-87.0,1250.65,1249.6,100.0,True,
2026-03-12T15:01:40,42,RR1.00:14-15:530:2009,2026-03-12T14:30:40,1154.2,100.0,-87.0,77.0,-87.0,1067.2,1066.15,100.0,True,
2026-03-12T15:01:40,44,RR1.00:14-15:530:2009,2026-03-12T14:30:40,1261.0,100.0,-87.0,77.0,-87.0,1174.0,1172.95,100.0,True,
2026-03-12T15:01:40,48,RR1.00:14-15:530:2009,2026-03-12T14:30:40,1170.45,100.0,-87.0,77.0,-87.0,1083.45,1082.4,100.0,True,
2026-03-12T15:06:40,4,RR1.00:12-13:511:2020,2026-03-12T12:40:40,1171.75,100.0,-141.0,90.5,-141.0,1030.75,1029.7,100.0,True,
2026-03-12T15:06:40,32,RR1.00:12-13:511:2020,2026-03-12T12:40:40,1339.85,100.0,-141.0,90.5,-141.0,1198.85,1197.8,100.0,True,
2026-03-12T15:06:40,33,RR1.00:12-13:511:2020,2026-03-12T12:40:40,1339.85,100.0,-141.0,90.5,-141.0,1198.85,1197.8,100.0,True,
2026-03-12T15:06:40,34,RR1.00:12-13:511:2020,2026-03-12T12:40:40,1339.85,100.0,-141.0,90.5,-141.0,1198.85,1197.8,100.0,True,
2026-03-12T15:06:40,35,RR1.00:12-13:511:2020,2026-03-12T12:40:40,1339.85,100.0,-141.0,90.5,-141.0,1198.85,1197.8,100.0,True,
2026-03-12T15:06:40,36,RR1.00:12-13:511:2020,2026-03-12T12:40:40,1249.6,100.0,-141.0,90.5,-141.0,1108.6,1107.55,100.0,True,
2026-03-12T15:06:40,37,RR1.00:12-13:511:2020,2026-03-12T12:40:40,1249.6,100.0,-141.0,90.5,-141.0,1108.6,1107.55,100.0,True,
2026-03-12T15:06:40,38,RR1.00:12-13:511:2020,2026-03-12T12:40:40,1249.6,100.0,-141.0,90.5,-141.0,1108.6,1107.55,100.0,True,
2026-03-12T15:06:40,42,RR1.00:12-13:511:2020,2026-03-12T12:40:40,1066.15,100.0,-141.0,90.5,-141.0,925.15,924.1,100.0,True,
2026-03-12T15:06:40,44,RR1.00:12-13:511:2020,2026-03-12T12:40:40,1172.95,100.0,-141.0,90.5,-141.0,1031.95,1030.9,100.0,True,
2026-03-12T15:06:40,48,RR1.00:12-13:511:2020,2026-03-12T12:40:40,1082.4,100.0,-141.0,90.5,-141.0,941.4,940.35,100.0,True,
2026-03-12T16:14:40,4,RR1.00:16-17:846:2415,2026-03-12T16:03:40,1029.7,100.0,-86.0,17.5,-86.0,943.7,942.65,100.0,True,
2026-03-12T16:14:40,32,RR1.00:16-17:846:2415,2026-03-12T16:03:40,1197.8,100.0,-86.0,17.5,-86.0,1111.8,1110.75,100.0,True,
2026-03-12T16:14:40,33,RR1.00:16-17:846:2415,2026-03-12T16:03:40,1197.8,100.0,-86.0,17.5,-86.0,1111.8,1110.75,100.0,True,
2026-03-12T16:14:40,34,RR1.00:16-17:846:2415,2026-03-12T16:03:40,1197.8,100.0,-86.0,17.5,-86.0,1111.8,1110.75,100.0,True,
2026-03-12T16:14:40,35,RR1.00:16-17:846:2415,2026-03-12T16:03:40,1197.8,100.0,-86.0,17.5,-86.0,1111.8,1110.75,100.0,True,
2026-03-12T16:14:40,36,RR1.00:16-17:846:2415,2026-03-12T16:03:40,1107.55,100.0,-86.0,17.5,-86.0,1021.55,1020.5,100.0,True,
2026-03-12T16:14:40,37,RR1.00:16-17:846:2415,2026-03-12T16:03:40,1107.55,100.0,-86.0,17.5,-86.0,1021.55,1020.5,100.0,True,
2026-03-12T16:14:40,38,RR1.00:16-17:846:2415,2026-03-12T16:03:40,1107.55,100.0,-86.0,17.5,-86.0,1021.55,1020.5,100.0,True,
2026-03-12T16:14:40,42,RR1.00:16-17:846:2415,2026-03-12T16:03:40,924.1,100.0,-86.0,17.5,-86.0,838.1,837.05,100.0,True,
2026-03-12T16:14:40,44,RR1.00:16-17:846:2415,2026-03-12T16:03:40,1030.9,100.0,-86.0,17.5,-86.0,944.9,943.85,100.0,True,
2026-03-12T16:14:40,48,RR1.00:16-17:846:2415,2026-03-12T16:03:40,940.35,100.0,-86.0,17.5,-86.0,854.35,853.3,100.0,True,
2026-03-12T22:46:40,4,RR1.00:18-19:462:1968,2026-03-12T18:39:40,942.65,100.0,-158.0,190.5,-158.0,784.65,783.6,100.0,True,
2026-03-12T22:46:40,32,RR1.00:18-19:462:1968,2026-03-12T18:39:40,1110.75,100.0,-158.0,190.5,-158.0,952.75,951.7,100.0,True,
2026-03-12T22:46:40,33,RR1.00:18-19:462:1968,2026-03-12T18:39:40,1110.75,100.0,-158.0,190.5,-158.0,952.75,951.7,100.0,True,
2026-03-12T22:46:40,34,RR1.00:18-19:462:1968,2026-03-12T18:39:40,1110.75,100.0,-158.0,190.5,-158.0,952.75,951.7,100.0,True,
2026-03-12T22:46:40,35,RR1.00:18-19:462:1968,2026-03-12T18:39:40,1110.75,100.0,-158.0,190.5,-158.0,952.75,951.7,100.0,True,
2026-03-12T22:46:40,36,RR1.00:18-19:462:1968,2026-03-12T18:39:40,1020.5,100.0,-158.0,190.5,-158.0,862.5,861.45,100.0,True,
2026-03-12T22:46:40,37,RR1.00:18-19:462:1968,2026-03-12T18:39:40,1020.5,100.0,-158.0,190.5,-158.0,862.5,861.45,100.0,True,
2026-03-12T22:46:40,38,RR1.00:18-19:462:1968,2026-03-12T18:39:40,1020.5,100.0,-158.0,190.5,-158.0,862.5,861.45,100.0,True,
2026-03-12T22:46:40,42,RR1.00:18-19:462:1968,2026-03-12T18:39:40,837.05,100.0,-158.0,190.5,-158.0,679.05,678.0,100.0,True,
2026-03-12T22:46:40,44,RR1.00:18-19:462:1968,2026-03-12T18:39:40,943.85,100.0,-158.0,190.5,-158.0,785.85,784.8,100.0,True,
2026-03-12T22:46:40,48,RR1.00:18-19:462:1968,2026-03-12T18:39:40,853.3,100.0,-158.0,190.5,-158.0,695.3,694.25,100.0,True,
2026-03-13T07:22:40,4,RR1.00:6-7:534:2048,2026-03-13T06:46:40,783.6,100.0,-76.5,18.0,-76.5,707.1,706.05,100.0,True,
2026-03-13T07:22:40,32,RR1.00:6-7:534:2048,2026-03-13T06:46:40,951.7,100.0,-76.5,18.0,-76.5,875.2,874.15,100.0,True,
2026-03-13T07:22:40,33,RR1.00:6-7:534:2048,2026-03-13T06:46:40,951.7,100.0,-76.5,18.0,-76.5,875.2,874.15,100.0,True,
2026-03-13T07:22:40,34,RR1.00:6-7:534:2048,2026-03-13T06:46:40,951.7,100.0,-76.5,18.0,-76.5,875.2,874.15,100.0,True,
2026-03-13T07:22:40,35,RR1.00:6-7:534:2048,2026-03-13T06:46:40,951.7,100.0,-76.5,18.0,-76.5,875.2,874.15,100.0,True,
2026-03-13T07:22:40,36,RR1.00:6-7:534:2048,2026-03-13T06:46:40,861.45,100.0,-76.5,18.0,-76.5,784.95,783.9,100.0,True,
2026-03-13T07:22:40,37,RR1.00:6-7:534:2048,2026-03-13T06:46:40,861.45,100.0,-76.5,18.0,-76.5,784.95,783.9,100.0,True,
2026-03-13T07:22:40,38,RR1.00:6-7:534:2048,2026-03-13T06:46:40,861.45,100.0,-76.5,18.0,-76.5,784.95,783.9,100.0,True,
2026-03-13T07:22:40,42,RR1.00:6-7:534:2048,2026-03-13T06:46:40,678.0,100.0,-76.5,18.0,-76.5,601.5,600.45,100.0,True,
2026-03-13T07:22:40,44,RR1.00:6-7:534:2048,2026-03-13T06:46:40,784.8,100.0,-76.5,18.0,-76.5,708.3,707.25,100.0,True,
2026-03-13T07:22:40,48,RR1.00:6-7:534:2048,2026-03-13T06:46:40,694.25,100.0,-76.5,18.0,-76.5,617.75,616.7,100.0,True,
2026-03-13T09:25:40,4,RR1.00:8-9:600:2134,2026-03-13T08:31:40,706.05,100.0,-51.5,22.5,-51.5,654.55,653.5,100.0,True,
2026-03-13T09:25:40,32,RR1.00:8-9:600:2134,2026-03-13T08:31:40,874.15,100.0,-51.5,22.5,-51.5,822.65,821.6,100.0,True,
2026-03-13T09:25:40,33,RR1.00:8-9:600:2134,2026-03-13T08:31:40,874.15,100.0,-51.5,22.5,-51.5,822.65,821.6,100.0,True,
2026-03-13T09:25:40,34,RR1.00:8-9:600:2134,2026-03-13T08:31:40,874.15,100.0,-51.5,22.5,-51.5,822.65,821.6,100.0,True,
2026-03-13T09:25:40,35,RR1.00:8-9:600:2134,2026-03-13T08:31:40,874.15,100.0,-51.5,22.5,-51.5,822.65,821.6,100.0,True,
2026-03-13T09:25:40,36,RR1.00:8-9:600:2134,2026-03-13T08:31:40,783.9,100.0,-51.5,22.5,-51.5,732.4,731.35,100.0,True,
2026-03-13T09:25:40,37,RR1.00:8-9:600:2134,2026-03-13T08:31:40,783.9,100.0,-51.5,22.5,-51.5,732.4,731.35,100.0,True,
2026-03-13T09:25:40,38,RR1.00:8-9:600:2134,2026-03-13T08:31:40,783.9,100.0,-51.5,22.5,-51.5,732.4,731.35,100.0,True,
2026-03-13T09:25:40,42,RR1.00:8-9:600:2134,2026-03-13T08:31:40,600.45,100.0,-51.5,22.5,-51.5,548.95,547.9,100.0,True,
2026-03-13T09:25:40,44,RR1.00:8-9:600:2134,2026-03-13T08:31:40,707.25,100.0,-51.5,22.5,-51.5,655.75,654.7,100.0,True,
2026-03-13T09:25:40,48,RR1.00:8-9:600:2134,2026-03-13T08:31:40,616.7,100.0,-51.5,22.5,-51.5,565.2,564.15,100.0,True,
2026-03-13T09:37:40,4,RR1.00:3-4:554:2070,2026-03-13T03:15:40,653.5,100.0,-122.5,147.5,-122.5,531.0,529.95,100.0,True,
2026-03-13T09:37:40,32,RR1.00:3-4:554:2070,2026-03-13T03:15:40,821.6,100.0,-122.5,147.5,-122.5,699.1,698.05,100.0,True,
2026-03-13T09:37:40,33,RR1.00:3-4:554:2070,2026-03-13T03:15:40,821.6,100.0,-122.5,147.5,-122.5,699.1,698.05,100.0,True,
2026-03-13T09:37:40,34,RR1.00:3-4:554:2070,2026-03-13T03:15:40,821.6,100.0,-122.5,147.5,-122.5,699.1,698.05,100.0,True,
2026-03-13T09:37:40,35,RR1.00:3-4:554:2070,2026-03-13T03:15:40,821.6,100.0,-122.5,147.5,-122.5,699.1,698.05,100.0,True,
2026-03-13T09:37:40,36,RR1.00:3-4:554:2070,2026-03-13T03:15:40,731.35,100.0,-122.5,147.5,-122.5,608.85,607.8,100.0,True,
2026-03-13T09:37:40,37,RR1.00:3-4:554:2070,2026-03-13T03:15:40,731.35,100.0,-122.5,147.5,-122.5,608.85,607.8,100.0,True,
2026-03-13T09:37:40,38,RR1.00:3-4:554:2070,2026-03-13T03:15:40,731.35,100.0,-122.5,147.5,-122.5,608.85,607.8,100.0,True,
2026-03-13T09:37:40,42,RR1.00:3-4:554:2070,2026-03-13T03:15:40,547.9,100.0,-122.5,147.5,-122.5,425.4,424.35,100.0,True,
2026-03-13T09:37:40,44,RR1.00:3-4:554:2070,2026-03-13T03:15:40,654.7,100.0,-122.5,147.5,-122.5,532.2,531.15,100.0,True,
2026-03-13T09:37:40,48,RR1.00:3-4:554:2070,2026-03-13T03:15:40,564.15,100.0,-122.5,147.5,-122.5,441.65,440.6,100.0,True,
2026-03-13T12:30:00,4,RR1.00:11-12:456:1963,2026-03-13T11:37:40,529.95,100.0,-10.5,228.5,133.0,519.45,661.9,100.0,True,
2026-03-13T12:30:00,32,RR1.00:11-12:456:1963,2026-03-13T11:37:40,698.05,100.0,-10.5,228.5,133.0,687.55,830.0,100.0,True,
2026-03-13T12:30:00,33,RR1.00:11-12:456:1963,2026-03-13T11:37:40,698.05,100.0,-10.5,228.5,133.0,687.55,830.0,100.0,True,
2026-03-13T12:30:00,34,RR1.00:11-12:456:1963,2026-03-13T11:37:40,698.05,100.0,-10.5,228.5,133.0,687.55,830.0,100.0,True,
2026-03-13T12:30:00,35,RR1.00:11-12:456:1963,2026-03-13T11:37:40,698.05,100.0,-10.5,228.5,133.0,687.55,830.0,100.0,True,
2026-03-13T12:30:00,36,RR1.00:11-12:456:1963,2026-03-13T11:37:40,607.8,100.0,-10.5,228.5,133.0,597.3,739.75,100.0,True,
2026-03-13T12:30:00,37,RR1.00:11-12:456:1963,2026-03-13T11:37:40,607.8,100.0,-10.5,228.5,133.0,597.3,739.75,100.0,True,
2026-03-13T12:30:00,38,RR1.00:11-12:456:1963,2026-03-13T11:37:40,607.8,100.0,-10.5,228.5,133.0,597.3,739.75,100.0,True,
2026-03-13T12:30:00,42,RR1.00:11-12:456:1963,2026-03-13T11:37:40,424.35,100.0,-10.5,228.5,133.0,413.85,556.3,100.0,True,
2026-03-13T12:30:00,44,RR1.00:11-12:456:1963,2026-03-13T11:37:40,531.15,100.0,-10.5,228.5,133.0,520.65,663.1,100.0,True,
2026-03-13T12:30:00,48,RR1.00:11-12:456:1963,2026-03-13T11:37:40,440.6,100.0,-10.5,228.5,133.0,430.1,572.55,100.0,True,
2026-03-13T16:35:40,4,RR1.00:15-16:682:2234,2026-03-13T15:30:40,661.9,100.0,-93.0,117.0,-93.0,568.9,567.85,100.0,True,
2026-03-13T16:35:40,32,RR1.00:15-16:682:2234,2026-03-13T15:30:40,830.0,100.0,-93.0,117.0,-93.0,737.0,735.95,100.0,True,
2026-03-13T16:35:40,33,RR1.00:15-16:682:2234,2026-03-13T15:30:40,830.0,100.0,-93.0,117.0,-93.0,737.0,735.95,100.0,True,
2026-03-13T16:35:40,34,RR1.00:15-16:682:2234,2026-03-13T15:30:40,830.0,100.0,-93.0,117.0,-93.0,737.0,735.95,100.0,True,
2026-03-13T16:35:40,35,RR1.00:15-16:682:2234,2026-03-13T15:30:40,830.0,100.0,-93.0,117.0,-93.0,737.0,735.95,100.0,True,
2026-03-13T16:35:40,36,RR1.00:15-16:682:2234,2026-03-13T15:30:40,739.75,100.0,-93.0,117.0,-93.0,646.75,645.7,100.0,True,
2026-03-13T16:35:40,37,RR1.00:15-16:682:2234,2026-03-13T15:30:40,739.75,100.0,-93.0,117.0,-93.0,646.75,645.7,100.0,True,
2026-03-13T16:35:40,38,RR1.00:15-16:682:2234,2026-03-13T15:30:40,739.75,100.0,-93.0,117.0,-93.0,646.75,645.7,100.0,True,
2026-03-13T16:35:40,42,RR1.00:15-16:682:2234,2026-03-13T15:30:40,556.3,100.0,-93.0,117.0,-93.0,463.3,462.25,100.0,True,
2026-03-13T16:35:40,44,RR1.00:15-16:682:2234,2026-03-13T15:30:40,663.1,100.0,-93.0,117.0,-93.0,570.1,569.05,100.0,True,
2026-03-13T16:35:40,48,RR1.00:15-16:682:2234,2026-03-13T15:30:40,572.55,100.0,-93.0,117.0,-93.0,479.55,478.5,100.0,True,
2026-03-13T16:35:40,4,RR1.00:16-17:847:2418,2026-03-13T16:33:20,567.85,100.0,-105.0,23.5,-105.0,462.85,461.8,100.0,True,
2026-03-13T16:35:40,32,RR1.00:16-17:847:2418,2026-03-13T16:33:20,735.95,100.0,-105.0,23.5,-105.0,630.95,629.9,100.0,True,
2026-03-13T16:35:40,33,RR1.00:16-17:847:2418,2026-03-13T16:33:20,735.95,100.0,-105.0,23.5,-105.0,630.95,629.9,100.0,True,
2026-03-13T16:35:40,34,RR1.00:16-17:847:2418,2026-03-13T16:33:20,735.95,100.0,-105.0,23.5,-105.0,630.95,629.9,100.0,True,
2026-03-13T16:35:40,35,RR1.00:16-17:847:2418,2026-03-13T16:33:20,735.95,100.0,-105.0,23.5,-105.0,630.95,629.9,100.0,True,
2026-03-13T16:35:40,36,RR1.00:16-17:847:2418,2026-03-13T16:33:20,645.7,100.0,-105.0,23.5,-105.0,540.7,539.65,100.0,True,
2026-03-13T16:35:40,37,RR1.00:16-17:847:2418,2026-03-13T16:33:20,645.7,100.0,-105.0,23.5,-105.0,540.7,539.65,100.0,True,
2026-03-13T16:35:40,38,RR1.00:16-17:847:2418,2026-03-13T16:33:20,645.7,100.0,-105.0,23.5,-105.0,540.7,539.65,100.0,True,
2026-03-13T16:35:40,42,RR1.00:16-17:847:2418,2026-03-13T16:33:20,462.25,100.0,-105.0,23.5,-105.0,357.25,356.2,100.0,True,
2026-03-13T16:35:40,44,RR1.00:16-17:847:2418,2026-03-13T16:33:20,569.05,100.0,-105.0,23.5,-105.0,464.05,463.0,100.0,True,
2026-03-13T16:35:40,48,RR1.00:16-17:847:2418,2026-03-13T16:33:20,478.5,100.0,-105.0,23.5,-105.0,373.5,372.45,100.0,True,
2026-03-13T22:40:40,4,RR1.00:21-22:536:1988,2026-03-13T21:43:40,461.8,100.0,-206.0,33.5,-206.0,255.8,254.75,100.0,True,
2026-03-13T22:40:40,32,RR1.00:21-22:536:1988,2026-03-13T21:43:40,629.9,100.0,-206.0,33.5,-206.0,423.9,422.85,100.0,True,
2026-03-13T22:40:40,33,RR1.00:21-22:536:1988,2026-03-13T21:43:40,629.9,100.0,-206.0,33.5,-206.0,423.9,422.85,100.0,True,
2026-03-13T22:40:40,34,RR1.00:21-22:536:1988,2026-03-13T21:43:40,629.9,100.0,-206.0,33.5,-206.0,423.9,422.85,100.0,True,
2026-03-13T22:40:40,35,RR1.00:21-22:536:1988,2026-03-13T21:43:40,629.9,100.0,-206.0,33.5,-206.0,423.9,422.85,100.0,True,
2026-03-13T22:40:40,36,RR1.00:21-22:536:1988,2026-03-13T21:43:40,539.65,100.0,-206.0,33.5,-206.0,333.65,332.6,100.0,True,
2026-03-13T22:40:40,37,RR1.00:21-22:536:1988,2026-03-13T21:43:40,539.65,100.0,-206.0,33.5,-206.0,333.65,332.6,100.0,True,
2026-03-13T22:40:40,38,RR1.00:21-22:536:1988,2026-03-13T21:43:40,539.65,100.0,-206.0,33.5,-206.0,333.65,332.6,100.0,True,
2026-03-13T22:40:40,42,RR1.00:21-22:536:1988,2026-03-13T21:43:40,356.2,100.0,-206.0,33.5,-206.0,150.2,149.15,100.0,True,
2026-03-13T22:40:40,44,RR1.00:21-22:536:1988,2026-03-13T21:43:40,463.0,100.0,-206.0,33.5,-206.0,257.0,255.95,100.0,True,
2026-03-13T22:40:40,48,RR1.00:21-22:536:1988,2026-03-13T21:43:40,372.45,100.0,-206.0,33.5,-206.0,166.45,165.4,100.0,True,
2026-03-16T01:08:40,4,RR1.00:1-2:452:1836,2026-03-16T01:01:40,254.75,100.0,-99.5,41.5,-99.5,155.25,154.2,100.0,True,
2026-03-16T01:08:40,32,RR1.00:1-2:452:1836,2026-03-16T01:01:40,422.85,100.0,-99.5,41.5,-99.5,323.35,322.3,100.0,True,
2026-03-16T01:08:40,33,RR1.00:1-2:452:1836,2026-03-16T01:01:40,422.85,100.0,-99.5,41.5,-99.5,323.35,322.3,100.0,True,
2026-03-16T01:08:40,34,RR1.00:1-2:452:1836,2026-03-16T01:01:40,422.85,100.0,-99.5,41.5,-99.5,323.35,322.3,100.0,True,
2026-03-16T01:08:40,35,RR1.00:1-2:452:1836,2026-03-16T01:01:40,422.85,100.0,-99.5,41.5,-99.5,323.35,322.3,100.0,True,
2026-03-16T01:08:40,36,RR1.00:1-2:452:1836,2026-03-16T01:01:40,332.6,100.0,-99.5,41.5,-99.5,233.1,232.05,100.0,True,
2026-03-16T01:08:40,37,RR1.00:1-2:452:1836,2026-03-16T01:01:40,332.6,100.0,-99.5,41.5,-99.5,233.1,232.05,100.0,True,
2026-03-16T01:08:40,38,RR1.00:1-2:452:1836,2026-03-16T01:01:40,332.6,100.0,-99.5,41.5,-99.5,233.1,232.05,100.0,True,
2026-03-16T01:08:40,42,RR1.00:1-2:452:1836,2026-03-16T01:01:40,149.15,100.0,-99.5,41.5,-99.5,49.65,149.15,100.0,False,49.65
2026-03-16T01:08:40,44,RR1.00:1-2:452:1836,2026-03-16T01:01:40,255.95,100.0,-99.5,41.5,-99.5,156.45,155.4,100.0,True,
2026-03-16T01:08:40,48,RR1.00:1-2:452:1836,2026-03-16T01:01:40,165.4,100.0,-99.5,41.5,-99.5,65.9,165.4,100.0,False,65.9
2026-03-16T05:15:40,4,RR1.00:4-5:529:2056,2026-03-16T04:54:40,154.2,100.0,-66.0,4.0,-66.0,88.2,154.2,100.0,False,88.2
2026-03-16T05:15:40,32,RR1.00:4-5:529:2056,2026-03-16T04:54:40,322.3,100.0,-66.0,4.0,-66.0,256.3,255.25,100.0,True,
2026-03-16T05:15:40,33,RR1.00:4-5:529:2056,2026-03-16T04:54:40,322.3,100.0,-66.0,4.0,-66.0,256.3,255.25,100.0,True,
2026-03-16T05:15:40,34,RR1.00:4-5:529:2056,2026-03-16T04:54:40,322.3,100.0,-66.0,4.0,-66.0,256.3,255.25,100.0,True,
2026-03-16T05:15:40,35,RR1.00:4-5:529:2056,2026-03-16T04:54:40,322.3,100.0,-66.0,4.0,-66.0,256.3,255.25,100.0,True,
2026-03-16T05:15:40,36,RR1.00:4-5:529:2056,2026-03-16T04:54:40,232.05,100.0,-66.0,4.0,-66.0,166.05,165.0,100.0,True,
2026-03-16T05:15:40,37,RR1.00:4-5:529:2056,2026-03-16T04:54:40,232.05,100.0,-66.0,4.0,-66.0,166.05,165.0,100.0,True,
2026-03-16T05:15:40,38,RR1.00:4-5:529:2056,2026-03-16T04:54:40,232.05,100.0,-66.0,4.0,-66.0,166.05,165.0,100.0,True,
2026-03-16T05:15:40,44,RR1.00:4-5:529:2056,2026-03-16T04:54:40,155.4,100.0,-66.0,4.0,-66.0,89.4,155.4,100.0,False,89.4
2026-03-16T10:00:00,32,RR1.00:8-9:601:2136,2026-03-16T08:38:40,255.25,100.0,-5.0,67.0,60.0,250.25,314.2,100.0,True,
2026-03-16T10:00:00,33,RR1.00:8-9:601:2136,2026-03-16T08:38:40,255.25,100.0,-5.0,67.0,60.0,250.25,314.2,100.0,True,
2026-03-16T10:00:00,34,RR1.00:8-9:601:2136,2026-03-16T08:38:40,255.25,100.0,-5.0,67.0,60.0,250.25,314.2,100.0,True,
2026-03-16T10:00:00,35,RR1.00:8-9:601:2136,2026-03-16T08:38:40,255.25,100.0,-5.0,67.0,60.0,250.25,314.2,100.0,True,
2026-03-16T10:00:00,36,RR1.00:8-9:601:2136,2026-03-16T08:38:40,165.0,100.0,-5.0,67.0,60.0,160.0,223.95,100.0,True,
2026-03-16T10:00:00,37,RR1.00:8-9:601:2136,2026-03-16T08:38:40,165.0,100.0,-5.0,67.0,60.0,160.0,223.95,100.0,True,
2026-03-16T10:00:00,38,RR1.00:8-9:601:2136,2026-03-16T08:38:40,165.0,100.0,-5.0,67.0,60.0,160.0,223.95,100.0,True,
2026-03-16T10:27:40,32,RR1.00:9-10:556:2055,2026-03-16T09:56:40,314.2,100.0,-57.5,41.0,-57.5,256.7,255.65,100.0,True,
2026-03-16T10:27:40,33,RR1.00:9-10:556:2055,2026-03-16T09:56:40,314.2,100.0,-57.5,41.0,-57.5,256.7,255.65,100.0,True,
2026-03-16T10:27:40,34,RR1.00:9-10:556:2055,2026-03-16T09:56:40,314.2,100.0,-57.5,41.0,-57.5,256.7,255.65,100.0,True,
2026-03-16T10:27:40,35,RR1.00:9-10:556:2055,2026-03-16T09:56:40,314.2,100.0,-57.5,41.0,-57.5,256.7,255.65,100.0,True,
2026-03-16T10:27:40,36,RR1.00:9-10:556:2055,2026-03-16T09:56:40,223.95,100.0,-57.5,41.0,-57.5,166.45,165.4,100.0,True,
2026-03-16T10:27:40,37,RR1.00:9-10:556:2055,2026-03-16T09:56:40,223.95,100.0,-57.5,41.0,-57.5,166.45,165.4,100.0,True,
2026-03-16T10:27:40,38,RR1.00:9-10:556:2055,2026-03-16T09:56:40,223.95,100.0,-57.5,41.0,-57.5,166.45,165.4,100.0,True,
2026-03-16T11:20:40,32,RR1.00:11-12:457:1965,2026-03-16T11:02:40,255.65,100.0,-75.5,57.5,-75.5,180.15,179.1,100.0,True,
2026-03-16T11:20:40,33,RR1.00:11-12:457:1965,2026-03-16T11:02:40,255.65,100.0,-75.5,57.5,-75.5,180.15,179.1,100.0,True,
2026-03-16T11:20:40,34,RR1.00:11-12:457:1965,2026-03-16T11:02:40,255.65,100.0,-75.5,57.5,-75.5,180.15,179.1,100.0,True,
2026-03-16T11:20:40,35,RR1.00:11-12:457:1965,2026-03-16T11:02:40,255.65,100.0,-75.5,57.5,-75.5,180.15,179.1,100.0,True,
2026-03-16T11:20:40,36,RR1.00:11-12:457:1965,2026-03-16T11:02:40,165.4,100.0,-75.5,57.5,-75.5,89.9,165.4,100.0,False,89.9
2026-03-16T11:20:40,37,RR1.00:11-12:457:1965,2026-03-16T11:02:40,165.4,100.0,-75.5,57.5,-75.5,89.9,165.4,100.0,False,89.9
2026-03-16T11:20:40,38,RR1.00:11-12:457:1965,2026-03-16T11:02:40,165.4,100.0,-75.5,57.5,-75.5,89.9,165.4,100.0,False,89.9
2026-03-16T13:30:00,32,RR1.00:13-14:570:2108,2026-03-16T13:03:40,179.1,100.0,-41.5,133.5,110.5,137.6,288.55,100.0,True,
2026-03-16T13:30:00,33,RR1.00:13-14:570:2108,2026-03-16T13:03:40,179.1,100.0,-41.5,133.5,110.5,137.6,288.55,100.0,True,
2026-03-16T13:30:00,34,RR1.00:13-14:570:2108,2026-03-16T13:03:40,179.1,100.0,-41.5,133.5,110.5,137.6,288.55,100.0,True,
2026-03-16T13:30:00,35,RR1.00:13-14:570:2108,2026-03-16T13:03:40,179.1,100.0,-41.5,133.5,110.5,137.6,288.55,100.0,True,
2026-03-16T15:30:00,32,RR1.00:14-15:531:2011,2026-03-16T14:36:40,288.55,100.0,-6.0,133.5,106.0,282.55,393.5,100.0,True,
2026-03-16T15:30:00,33,RR1.00:14-15:531:2011,2026-03-16T14:36:40,288.55,100.0,-6.0,133.5,106.0,282.55,393.5,100.0,True,
2026-03-16T15:30:00,34,RR1.00:14-15:531:2011,2026-03-16T14:36:40,288.55,100.0,-6.0,133.5,106.0,282.55,393.5,100.0,True,
2026-03-16T15:30:00,35,RR1.00:14-15:531:2011,2026-03-16T14:36:40,288.55,100.0,-6.0,133.5,106.0,282.55,393.5,100.0,True,
2026-03-16T17:00:00,32,RR1.00:16-17:848:2421,2026-03-16T16:31:40,393.5,100.0,-44.0,124.0,107.5,349.5,499.95,100.0,True,
2026-03-16T17:00:00,33,RR1.00:16-17:848:2421,2026-03-16T16:31:40,393.5,100.0,-44.0,124.0,107.5,349.5,499.95,100.0,True,
2026-03-16T17:00:00,34,RR1.00:16-17:848:2421,2026-03-16T16:31:40,393.5,100.0,-44.0,124.0,107.5,349.5,499.95,100.0,True,
2026-03-16T17:00:00,35,RR1.00:16-17:848:2421,2026-03-16T16:31:40,393.5,100.0,-44.0,124.0,107.5,349.5,499.95,100.0,True,
2026-03-16T22:14:20,32,RR1.00:22-23:553:2000,2026-03-16T22:09:40,499.95,100.0,-68.0,161.5,-68.0,431.95,430.9,100.0,True,
2026-03-16T22:14:20,33,RR1.00:22-23:553:2000,2026-03-16T22:09:40,499.95,100.0,-68.0,161.5,-68.0,431.95,430.9,100.0,True,
2026-03-16T22:14:20,34,RR1.00:22-23:553:2000,2026-03-16T22:09:40,499.95,100.0,-68.0,161.5,-68.0,431.95,430.9,100.0,True,
2026-03-16T22:14:20,35,RR1.00:22-23:553:2000,2026-03-16T22:09:40,499.95,100.0,-68.0,161.5,-68.0,431.95,430.9,100.0,True,
2026-03-16T22:43:20,32,RR1.00:21-22:537:1990,2026-03-16T21:06:40,430.9,100.0,-120.0,208.5,-120.0,310.9,309.85,100.0,True,
2026-03-16T22:43:20,33,RR1.00:21-22:537:1990,2026-03-16T21:06:40,430.9,100.0,-120.0,208.5,-120.0,310.9,309.85,100.0,True,
2026-03-16T22:43:20,34,RR1.00:21-22:537:1990,2026-03-16T21:06:40,430.9,100.0,-120.0,208.5,-120.0,310.9,309.85,100.0,True,
2026-03-16T22:43:20,35,RR1.00:21-22:537:1990,2026-03-16T21:06:40,430.9,100.0,-120.0,208.5,-120.0,310.9,309.85,100.0,True,
2026-03-16T23:30:00,32,RR1.00:18-19:463:1972,2026-03-16T18:22:40,309.85,100.0,-207.5,190.5,-139.5,102.35,169.3,100.0,True,
2026-03-16T23:30:00,33,RR1.00:18-19:463:1972,2026-03-16T18:22:40,309.85,100.0,-207.5,190.5,-139.5,102.35,169.3,100.0,True,
2026-03-16T23:30:00,34,RR1.00:18-19:463:1972,2026-03-16T18:22:40,309.85,100.0,-207.5,190.5,-139.5,102.35,169.3,100.0,True,
2026-03-16T23:30:00,35,RR1.00:18-19:463:1972,2026-03-16T18:22:40,309.85,100.0,-207.5,190.5,-139.5,102.35,169.3,100.0,True,
2026-03-17T03:24:40,32,RR1.00:2-3:558:2106,2026-03-17T02:40:40,169.3,100.0,-66.0,31.0,-66.0,103.3,102.25,100.0,True,
2026-03-17T03:24:40,33,RR1.00:2-3:558:2106,2026-03-17T02:40:40,169.3,100.0,-66.0,31.0,-66.0,103.3,102.25,100.0,True,
2026-03-17T03:24:40,34,RR1.00:2-3:558:2106,2026-03-17T02:40:40,169.3,100.0,-66.0,31.0,-66.0,103.3,102.25,100.0,True,
2026-03-17T03:24:40,35,RR1.00:2-3:558:2106,2026-03-17T02:40:40,169.3,100.0,-66.0,31.0,-66.0,103.3,102.25,100.0,True,
2026-03-17T08:00:00,32,RR1.00:7-8:597:2158,2026-03-17T07:17:40,102.25,100.0,-8.0,85.0,60.5,94.25,102.25,100.0,False,94.25
2026-03-17T08:00:00,33,RR1.00:7-8:597:2158,2026-03-17T07:17:40,102.25,100.0,-8.0,85.0,60.5,94.25,102.25,100.0,False,94.25
2026-03-17T08:00:00,34,RR1.00:7-8:597:2158,2026-03-17T07:17:40,102.25,100.0,-8.0,85.0,60.5,94.25,102.25,100.0,False,94.25
2026-03-17T08:00:00,35,RR1.00:7-8:597:2158,2026-03-17T07:17:40,102.25,100.0,-8.0,85.0,60.5,94.25,102.25,100.0,False,94.25
