at,account_id,cohort_month,requested_usd,allowed_usd,balance_usd,blocked_by,blockers
2020-11-05 00:00:00,4,2020-03,270.75,270.75,53870.75,minimum_payout,minimum_payout
2020-11-06 00:00:00,4,2020-03,94.45,94.45,53694.45,minimum_payout,minimum_payout
2020-11-07 00:00:00,4,2020-03,235.1,235.1,53835.1,minimum_payout,minimum_payout
2020-11-08 00:00:00,4,2020-03,235.1,235.1,53835.1,minimum_payout,minimum_payout
2020-11-09 00:00:00,4,2020-03,235.1,235.1,53835.1,minimum_payout,minimum_payout
2021-01-27 00:00:00,4,2020-03,197.45,197.45,53797.45,minimum_payout,minimum_payout
2021-04-14 00:00:00,4,2020-03,368.85,368.85,53968.85,minimum_payout,minimum_payout
2021-04-15 00:00:00,4,2020-03,304.65,304.65,53904.65,minimum_payout,minimum_payout
2021-04-16 00:00:00,4,2020-03,460.15,460.15,54060.15,minimum_payout,minimum_payout
2021-04-17 00:00:00,4,2020-03,490.8,490.8,54090.8,minimum_payout,minimum_payout
2021-04-18 00:00:00,4,2020-03,490.8,490.8,54090.8,minimum_payout,minimum_payout
2021-04-19 00:00:00,4,2020-03,490.8,490.8,54090.8,minimum_payout,minimum_payout
2021-04-20 00:00:00,4,2020-03,393.4,393.4,53993.4,minimum_payout,minimum_payout
2021-04-21 00:00:00,4,2020-03,204.05,204.05,53804.05,minimum_payout,minimum_payout
2021-04-22 00:00:00,4,2020-03,407.65,407.65,54007.65,minimum_payout,minimum_payout
2021-04-23 00:00:00,4,2020-03,326.75,326.75,53926.75,minimum_payout,minimum_payout
2021-04-24 00:00:00,4,2020-03,167.4,167.4,53767.4,minimum_payout,minimum_payout
2021-04-25 00:00:00,4,2020-03,167.4,167.4,53767.4,minimum_payout,minimum_payout
2021-04-26 00:00:00,4,2020-03,167.4,167.4,53767.4,minimum_payout,minimum_payout
2021-04-27 00:00:00,4,2020-03,367.4,367.4,53967.4,minimum_payout,minimum_payout
2021-04-28 00:00:00,4,2020-03,216.95,216.95,53816.95,minimum_payout,minimum_payout
2021-04-29 00:00:00,4,2020-03,55.55,55.55,53655.55,minimum_payout,minimum_payout
2021-04-30 00:00:00,4,2020-03,164.2,164.2,53764.2,minimum_payout,minimum_payout
2021-05-01 00:00:00,4,2020-03,77.3,77.3,53677.3,minimum_payout,minimum_payout
2021-05-02 00:00:00,4,2020-03,77.3,77.3,53677.3,minimum_payout,minimum_payout
2021-05-03 00:00:00,4,2020-03,77.3,77.3,53677.3,minimum_payout,minimum_payout
2021-05-05 00:00:00,4,2020-03,335.7,335.7,53935.7,minimum_payout,minimum_payout
2021-05-07 00:00:00,4,2020-03,245.5,245.5,53845.5,minimum_payout,minimum_payout
2021-05-08 00:00:00,4,2020-03,47.7,47.7,53647.7,minimum_payout,minimum_payout
2021-05-09 00:00:00,4,2020-03,47.7,47.7,53647.7,minimum_payout,minimum_payout
2021-05-10 00:00:00,4,2020-03,47.7,47.7,53647.7,minimum_payout,minimum_payout
2021-11-03 00:00:00,4,2020-03,159.6,159.6,53759.6,minimum_payout,minimum_payout
2021-11-04 00:00:00,4,2020-03,408.45,408.45,54008.45,minimum_payout,minimum_payout
2021-11-23 00:00:00,4,2020-03,193.8,193.8,53793.8,minimum_payout,minimum_payout
2022-01-28 00:00:00,4,2020-03,1.1,1.1,53601.1,minimum_payout,minimum_payout
2022-01-29 00:00:00,4,2020-03,303.2,303.2,53903.2,minimum_payout,minimum_payout
2022-01-30 00:00:00,4,2020-03,303.2,303.2,53903.2,minimum_payout,minimum_payout
2022-01-31 00:00:00,4,2020-03,303.2,303.2,53903.2,minimum_payout,minimum_payout
2022-02-02 00:00:00,4,2020-03,45.3,0.0,53645.3,trading_days,trading_days|profitable_days
2022-02-03 00:00:00,4,2020-03,101.6,0.0,53701.6,trading_days,trading_days|profitable_days
2022-02-04 00:00:00,4,2020-03,410.65,0.0,54010.65,trading_days,trading_days|profitable_days
2022-02-05 00:00:00,4,2020-03,589.4,0.0,54189.4,trading_days,trading_days|profitable_days
2022-02-06 00:00:00,4,2020-03,589.4,0.0,54189.4,trading_days,trading_days|profitable_days
2022-02-07 00:00:00,4,2020-03,589.4,0.0,54189.4,trading_days,trading_days|profitable_days
2022-02-08 00:00:00,4,2020-03,805.05,0.0,54405.05,trading_days,trading_days|profitable_days
2022-02-09 00:00:00,4,2020-03,784.2,0.0,54384.2,trading_days,trading_days|profitable_days
2022-02-10 00:00:00,4,2020-03,1026.9,0.0,54626.9,trading_days,trading_days
2022-02-22 00:00:00,4,2020-03,178.0,0.0,53778.0,trading_days,trading_days|profitable_days
2022-02-23 00:00:00,4,2020-03,836.5,0.0,54436.5,profitable_days,profitable_days
2022-02-24 00:00:00,4,2020-03,447.65,0.0,54047.65,profitable_days,profitable_days
2022-02-25 00:00:00,4,2020-03,423.25,0.0,54023.25,profitable_days,profitable_days
2022-03-01 00:00:00,4,2020-03,405.6,0.0,54005.6,trading_days,trading_days|profitable_days
2022-03-02 00:00:00,4,2020-03,150.25,0.0,53750.25,trading_days,trading_days|profitable_days
2022-03-19 00:00:00,4,2020-03,333.55,333.55,53933.55,minimum_payout,minimum_payout
2022-03-20 00:00:00,4,2020-03,333.55,333.55,53933.55,minimum_payout,minimum_payout
2022-03-21 00:00:00,4,2020-03,333.55,333.55,53933.55,minimum_payout,minimum_payout
2022-03-22 00:00:00,4,2020-03,385.7,385.7,53985.7,minimum_payout,minimum_payout
2022-03-29 00:00:00,4,2020-03,199.4,0.0,53799.4,trading_days,trading_days|profitable_days
2022-03-30 00:00:00,4,2020-03,434.0,0.0,54034.0,trading_days,trading_days|profitable_days
2022-03-31 00:00:00,4,2020-03,208.2,0.0,53808.2,trading_days,trading_days|profitable_days
2022-04-05 00:00:00,4,2020-03,421.15,0.0,54021.15,profitable_days,profitable_days
2022-04-06 00:00:00,4,2020-03,309.4,0.0,53909.4,profitable_days,profitable_days
2022-04-07 00:00:00,4,2020-03,209.55,0.0,53809.55,profitable_days,profitable_days
2022-04-08 00:00:00,4,2020-03,412.5,0.0,54012.5,profitable_days,profitable_days
2022-04-09 00:00:00,4,2020-03,441.8,0.0,54041.8,profitable_days,profitable_days
2022-04-10 00:00:00,4,2020-03,441.8,0.0,54041.8,profitable_days,profitable_days
2022-04-11 00:00:00,4,2020-03,441.8,0.0,54041.8,profitable_days,profitable_days
2022-04-12 00:00:00,4,2020-03,314.05,0.0,53914.05,profitable_days,profitable_days
2022-04-13 00:00:00,7,2022-02,475.0,475.0,54075.0,minimum_payout,minimum_payout
2022-04-13 00:00:00,8,2022-02,475.0,475.0,54075.0,minimum_payout,minimum_payout
2022-04-14 00:00:00,4,2020-03,186.0,0.0,53786.0,trading_days,trading_days|profitable_days
2022-04-15 00:00:00,4,2020-03,54.0,0.0,53654.0,trading_days,trading_days|profitable_days
2022-04-16 00:00:00,4,2020-03,54.0,0.0,53654.0,trading_days,trading_days|profitable_days
2022-04-17 00:00:00,4,2020-03,54.0,0.0,53654.0,trading_days,trading_days|profitable_days
2022-04-18 00:00:00,4,2020-03,54.0,0.0,53654.0,trading_days,trading_days|profitable_days
2022-04-19 00:00:00,4,2020-03,459.15,0.0,54059.15,trading_days,trading_days|profitable_days
2022-04-19 00:00:00,7,2022-02,273.15,0.0,53873.15,trading_days,trading_days|profitable_days
2022-04-19 00:00:00,8,2022-02,273.15,0.0,53873.15,trading_days,trading_days|profitable_days
2022-04-20 00:00:00,4,2020-03,591.8,0.0,54191.8,trading_days,trading_days|profitable_days
2022-04-20 00:00:00,7,2022-02,405.8,0.0,54005.8,trading_days,trading_days|profitable_days
2022-04-20 00:00:00,8,2022-02,405.8,0.0,54005.8,trading_days,trading_days|profitable_days
2022-04-21 00:00:00,4,2020-03,785.5,0.0,54385.5,trading_days,trading_days|profitable_days
2022-04-21 00:00:00,7,2022-02,599.5,0.0,54199.5,trading_days,trading_days|profitable_days
2022-04-21 00:00:00,8,2022-02,599.5,0.0,54199.5,trading_days,trading_days|profitable_days
2022-04-22 00:00:00,4,2020-03,801.75,0.0,54401.75,trading_days,trading_days|profitable_days
2022-04-22 00:00:00,7,2022-02,615.75,0.0,54215.75,trading_days,trading_days|profitable_days
2022-04-22 00:00:00,8,2022-02,615.75,0.0,54215.75,trading_days,trading_days|profitable_days
2022-04-23 00:00:00,4,2020-03,465.0,0.0,54065.0,trading_days,trading_days|profitable_days
2022-04-23 00:00:00,7,2022-02,279.0,0.0,53879.0,trading_days,trading_days|profitable_days
2022-04-23 00:00:00,8,2022-02,279.0,0.0,53879.0,trading_days,trading_days|profitable_days
2022-04-24 00:00:00,4,2020-03,465.0,0.0,54065.0,trading_days,trading_days|profitable_days
2022-04-24 00:00:00,7,2022-02,279.0,0.0,53879.0,trading_days,trading_days|profitable_days
2022-04-24 00:00:00,8,2022-02,279.0,0.0,53879.0,trading_days,trading_days|profitable_days
2022-04-25 00:00:00,4,2020-03,465.0,0.0,54065.0,trading_days,trading_days|profitable_days
2022-04-25 00:00:00,7,2022-02,279.0,0.0,53879.0,trading_days,trading_days|profitable_days
2022-04-25 00:00:00,8,2022-02,279.0,0.0,53879.0,trading_days,trading_days|profitable_days
2022-04-26 00:00:00,7,2022-02,990.5,0.0,54590.5,trading_days,trading_days|profitable_days
2022-04-26 00:00:00,8,2022-02,990.5,0.0,54590.5,trading_days,trading_days|profitable_days
2022-04-27 00:00:00,7,2022-02,636.2,0.0,54236.2,profitable_days,profitable_days
2022-04-27 00:00:00,8,2022-02,636.2,0.0,54236.2,profitable_days,profitable_days
2022-04-28 00:00:00,7,2022-02,454.15,0.0,54054.15,profitable_days,profitable_days
2022-04-28 00:00:00,8,2022-02,454.15,0.0,54054.15,profitable_days,profitable_days
2022-04-29 00:00:00,7,2022-02,442.8,0.0,54042.8,profitable_days,profitable_days
2022-04-29 00:00:00,8,2022-02,442.8,0.0,54042.8,profitable_days,profitable_days
2022-04-30 00:00:00,7,2022-02,58.3,0.0,53658.3,profitable_days,profitable_days
2022-04-30 00:00:00,8,2022-02,58.3,0.0,53658.3,profitable_days,profitable_days
2022-05-01 00:00:00,7,2022-02,58.3,0.0,53658.3,profitable_days,profitable_days
2022-05-01 00:00:00,8,2022-02,58.3,0.0,53658.3,profitable_days,profitable_days
2022-05-02 00:00:00,7,2022-02,58.3,0.0,53658.3,profitable_days,profitable_days
2022-05-02 00:00:00,8,2022-02,58.3,0.0,53658.3,profitable_days,profitable_days
2022-08-06 00:00:00,24,2022-07,152.75,152.75,53752.75,minimum_payout,minimum_payout
2022-08-07 00:00:00,24,2022-07,152.75,152.75,53752.75,minimum_payout,minimum_payout
2022-08-08 00:00:00,24,2022-07,152.75,152.75,53752.75,minimum_payout,minimum_payout
2022-08-10 00:00:00,24,2022-07,35.25,35.25,53635.25,minimum_payout,minimum_payout
2022-08-11 00:00:00,24,2022-07,64.35,64.35,53664.35,minimum_payout,minimum_payout
2022-08-12 00:00:00,24,2022-07,52.55,52.55,53652.55,minimum_payout,minimum_payout
2022-08-16 00:00:00,22,2022-06,132.75,132.75,53732.75,minimum_payout,minimum_payout
2022-08-16 00:00:00,23,2022-06,132.75,132.75,53732.75,minimum_payout,minimum_payout
2022-08-16 00:00:00,24,2022-07,268.4,0.0,53868.4,trading_days,trading_days|profitable_days
2022-08-17 00:00:00,22,2022-06,252.3,252.3,53852.3,minimum_payout,minimum_payout
2022-08-17 00:00:00,23,2022-06,252.3,252.3,53852.3,minimum_payout,minimum_payout
2022-08-17 00:00:00,24,2022-07,387.95,0.0,53987.95,trading_days,trading_days|profitable_days
2022-08-18 00:00:00,22,2022-06,278.0,278.0,53878.0,minimum_payout,minimum_payout
2022-08-18 00:00:00,23,2022-06,278.0,278.0,53878.0,minimum_payout,minimum_payout
2022-08-18 00:00:00,24,2022-07,413.65,0.0,54013.65,trading_days,trading_days|profitable_days
2022-08-19 00:00:00,17,2022-06,107.55,107.55,53707.55,minimum_payout,minimum_payout
2022-08-19 00:00:00,18,2022-06,107.55,107.55,53707.55,minimum_payout,minimum_payout
2022-08-19 00:00:00,19,2022-06,107.55,107.55,53707.55,minimum_payout,minimum_payout
2022-08-19 00:00:00,20,2022-06,107.55,107.55,53707.55,minimum_payout,minimum_payout
2022-08-19 00:00:00,21,2022-06,107.55,107.55,53707.55,minimum_payout,minimum_payout
2022-08-19 00:00:00,22,2022-06,466.1,466.1,54066.1,minimum_payout,minimum_payout
2022-08-19 00:00:00,23,2022-06,466.1,466.1,54066.1,minimum_payout,minimum_payout
2022-08-19 00:00:00,24,2022-07,601.75,0.0,54201.75,trading_days,trading_days|profitable_days
2022-08-20 00:00:00,17,2022-06,54.95,54.95,53654.95,minimum_payout,minimum_payout
2022-08-20 00:00:00,18,2022-06,54.95,54.95,53654.95,minimum_payout,minimum_payout
2022-08-20 00:00:00,19,2022-06,54.95,54.95,53654.95,minimum_payout,minimum_payout
2022-08-20 00:00:00,20,2022-06,54.95,54.95,53654.95,minimum_payout,minimum_payout
2022-08-20 00:00:00,21,2022-06,54.95,54.95,53654.95,minimum_payout,minimum_payout
2022-08-20 00:00:00,22,2022-06,413.5,413.5,54013.5,minimum_payout,minimum_payout
2022-08-20 00:00:00,23,2022-06,413.5,413.5,54013.5,minimum_payout,minimum_payout
2022-08-20 00:00:00,24,2022-07,549.15,0.0,54149.15,trading_days,trading_days|profitable_days
2022-08-21 00:00:00,17,2022-06,54.95,54.95,53654.95,minimum_payout,minimum_payout
2022-08-21 00:00:00,18,2022-06,54.95,54.95,53654.95,minimum_payout,minimum_payout
2022-08-21 00:00:00,19,2022-06,54.95,54.95,53654.95,minimum_payout,minimum_payout
2022-08-21 00:00:00,20,2022-06,54.95,54.95,53654.95,minimum_payout,minimum_payout
2022-08-21 00:00:00,21,2022-06,54.95,54.95,53654.95,minimum_payout,minimum_payout
2022-08-21 00:00:00,22,2022-06,413.5,413.5,54013.5,minimum_payout,minimum_payout
2022-08-21 00:00:00,23,2022-06,413.5,413.5,54013.5,minimum_payout,minimum_payout
2022-08-21 00:00:00,24,2022-07,549.15,0.0,54149.15,trading_days,trading_days|profitable_days
2022-08-22 00:00:00,17,2022-06,54.95,54.95,53654.95,minimum_payout,minimum_payout
2022-08-22 00:00:00,18,2022-06,54.95,54.95,53654.95,minimum_payout,minimum_payout
2022-08-22 00:00:00,19,2022-06,54.95,54.95,53654.95,minimum_payout,minimum_payout
2022-08-22 00:00:00,20,2022-06,54.95,54.95,53654.95,minimum_payout,minimum_payout
2022-08-22 00:00:00,21,2022-06,54.95,54.95,53654.95,minimum_payout,minimum_payout
2022-08-22 00:00:00,22,2022-06,413.5,413.5,54013.5,minimum_payout,minimum_payout
2022-08-22 00:00:00,23,2022-06,413.5,413.5,54013.5,minimum_payout,minimum_payout
2022-08-22 00:00:00,24,2022-07,549.15,0.0,54149.15,trading_days,trading_days|profitable_days
2022-08-23 00:00:00,22,2022-06,274.2,274.2,53874.2,minimum_payout,minimum_payout
2022-08-23 00:00:00,23,2022-06,274.2,274.2,53874.2,minimum_payout,minimum_payout
2022-08-23 00:00:00,24,2022-07,409.85,0.0,54009.85,trading_days,trading_days|profitable_days
2022-08-24 00:00:00,24,2022-07,88.5,0.0,53688.5,trading_days,trading_days|profitable_days
2022-08-26 00:00:00,17,2022-06,103.55,103.55,53703.55,minimum_payout,minimum_payout
2022-08-26 00:00:00,18,2022-06,103.55,103.55,53703.55,minimum_payout,minimum_payout
2022-08-26 00:00:00,19,2022-06,103.55,103.55,53703.55,minimum_payout,minimum_payout
2022-08-26 00:00:00,20,2022-06,103.55,103.55,53703.55,minimum_payout,minimum_payout
2022-08-26 00:00:00,21,2022-06,103.55,103.55,53703.55,minimum_payout,minimum_payout
2022-08-26 00:00:00,22,2022-06,462.1,462.1,54062.1,minimum_payout,minimum_payout
2022-08-26 00:00:00,23,2022-06,462.1,462.1,54062.1,minimum_payout,minimum_payout
2022-08-26 00:00:00,24,2022-07,597.75,0.0,54197.75,profitable_days,profitable_days
2022-08-27 00:00:00,22,2022-06,238.7,238.7,53838.7,minimum_payout,minimum_payout
2022-08-27 00:00:00,23,2022-06,238.7,238.7,53838.7,minimum_payout,minimum_payout
2022-08-27 00:00:00,24,2022-07,374.35,0.0,53974.35,profitable_days,profitable_days
2022-08-28 00:00:00,22,2022-06,238.7,238.7,53838.7,minimum_payout,minimum_payout
2022-08-28 00:00:00,23,2022-06,238.7,238.7,53838.7,minimum_payout,minimum_payout
2022-08-28 00:00:00,24,2022-07,374.35,0.0,53974.35,profitable_days,profitable_days
2022-08-29 00:00:00,22,2022-06,238.7,238.7,53838.7,minimum_payout,minimum_payout
2022-08-29 00:00:00,23,2022-06,238.7,238.7,53838.7,minimum_payout,minimum_payout
2022-08-29 00:00:00,24,2022-07,374.35,0.0,53974.35,profitable_days,profitable_days
2022-08-30 00:00:00,22,2022-06,342.4,342.4,53942.4,minimum_payout,minimum_payout
2022-08-30 00:00:00,23,2022-06,342.4,342.4,53942.4,minimum_payout,minimum_payout
2022-08-30 00:00:00,24,2022-07,478.05,478.05,54078.05,minimum_payout,minimum_payout
2022-08-31 00:00:00,22,2022-06,201.65,201.65,53801.65,minimum_payout,minimum_payout
2022-08-31 00:00:00,23,2022-06,201.65,201.65,53801.65,minimum_payout,minimum_payout
2022-08-31 00:00:00,24,2022-07,337.3,337.3,53937.3,minimum_payout,minimum_payout
2022-09-01 00:00:00,22,2022-06,62.3,62.3,53662.3,minimum_payout,minimum_payout
2022-09-01 00:00:00,23,2022-06,62.3,62.3,53662.3,minimum_payout,minimum_payout
2022-09-01 00:00:00,24,2022-07,197.95,197.95,53797.95,minimum_payout,minimum_payout
2022-09-02 00:00:00,22,2022-06,214.4,214.4,53814.4,minimum_payout,minimum_payout
2022-09-02 00:00:00,23,2022-06,214.4,214.4,53814.4,minimum_payout,minimum_payout
2022-09-02 00:00:00,24,2022-07,350.05,350.05,53950.05,minimum_payout,minimum_payout
2022-09-08 00:00:00,17,2022-06,12.45,12.45,53612.45,minimum_payout,minimum_payout
2022-09-08 00:00:00,18,2022-06,12.45,12.45,53612.45,minimum_payout,minimum_payout
2022-09-08 00:00:00,19,2022-06,12.45,12.45,53612.45,minimum_payout,minimum_payout
2022-09-08 00:00:00,20,2022-06,12.45,12.45,53612.45,minimum_payout,minimum_payout
2022-09-08 00:00:00,21,2022-06,12.45,12.45,53612.45,minimum_payout,minimum_payout
2022-09-08 00:00:00,22,2022-06,371.0,371.0,53971.0,minimum_payout,minimum_payout
2022-09-08 00:00:00,23,2022-06,371.0,371.0,53971.0,minimum_payout,minimum_payout
2022-09-09 00:00:00,17,2022-06,153.5,153.5,53753.5,minimum_payout,minimum_payout
2022-09-09 00:00:00,18,2022-06,153.5,153.5,53753.5,minimum_payout,minimum_payout
2022-09-09 00:00:00,19,2022-06,153.5,153.5,53753.5,minimum_payout,minimum_payout
2022-09-09 00:00:00,20,2022-06,153.5,153.5,53753.5,minimum_payout,minimum_payout
2022-09-09 00:00:00,21,2022-06,153.5,153.5,53753.5,minimum_payout,minimum_payout
2022-09-09 00:00:00,24,2022-07,141.05,0.0,53741.05,trading_days,trading_days|profitable_days
2022-09-10 00:00:00,17,2022-06,201.6,201.6,53801.6,minimum_payout,minimum_payout
2022-09-10 00:00:00,18,2022-06,201.6,201.6,53801.6,minimum_payout,minimum_payout
2022-09-10 00:00:00,19,2022-06,201.6,201.6,53801.6,minimum_payout,minimum_payout
2022-09-10 00:00:00,20,2022-06,201.6,201.6,53801.6,minimum_payout,minimum_payout
2022-09-10 00:00:00,21,2022-06,201.6,201.6,53801.6,minimum_payout,minimum_payout
2022-09-10 00:00:00,22,2022-06,48.1,0.0,53648.1,trading_days,trading_days|profitable_days
2022-09-10 00:00:00,23,2022-06,48.1,0.0,53648.1,trading_days,trading_days|profitable_days
2022-09-10 00:00:00,24,2022-07,189.15,0.0,53789.15,trading_days,trading_days|profitable_days
2022-09-11 00:00:00,17,2022-06,201.6,201.6,53801.6,minimum_payout,minimum_payout
2022-09-11 00:00:00,18,2022-06,201.6,201.6,53801.6,minimum_payout,minimum_payout
2022-09-11 00:00:00,19,2022-06,201.6,201.6,53801.6,minimum_payout,minimum_payout
2022-09-11 00:00:00,20,2022-06,201.6,201.6,53801.6,minimum_payout,minimum_payout
2022-09-11 00:00:00,21,2022-06,201.6,201.6,53801.6,minimum_payout,minimum_payout
2022-09-11 00:00:00,22,2022-06,48.1,0.0,53648.1,trading_days,trading_days|profitable_days
2022-09-11 00:00:00,23,2022-06,48.1,0.0,53648.1,trading_days,trading_days|profitable_days
2022-09-11 00:00:00,24,2022-07,189.15,0.0,53789.15,trading_days,trading_days|profitable_days
2022-09-12 00:00:00,17,2022-06,201.6,201.6,53801.6,minimum_payout,minimum_payout
2022-09-12 00:00:00,18,2022-06,201.6,201.6,53801.6,minimum_payout,minimum_payout
2022-09-12 00:00:00,19,2022-06,201.6,201.6,53801.6,minimum_payout,minimum_payout
2022-09-12 00:00:00,20,2022-06,201.6,201.6,53801.6,minimum_payout,minimum_payout
2022-09-12 00:00:00,21,2022-06,201.6,201.6,53801.6,minimum_payout,minimum_payout
2022-09-12 00:00:00,22,2022-06,48.1,0.0,53648.1,trading_days,trading_days|profitable_days
2022-09-12 00:00:00,23,2022-06,48.1,0.0,53648.1,trading_days,trading_days|profitable_days
2022-09-12 00:00:00,24,2022-07,189.15,0.0,53789.15,trading_days,trading_days|profitable_days
2022-09-13 00:00:00,17,2022-06,371.3,371.3,53971.3,minimum_payout,minimum_payout
2022-09-13 00:00:00,18,2022-06,371.3,371.3,53971.3,minimum_payout,minimum_payout
2022-09-13 00:00:00,19,2022-06,371.3,371.3,53971.3,minimum_payout,minimum_payout
2022-09-13 00:00:00,20,2022-06,371.3,371.3,53971.3,minimum_payout,minimum_payout
2022-09-13 00:00:00,21,2022-06,371.3,371.3,53971.3,minimum_payout,minimum_payout
2022-09-13 00:00:00,22,2022-06,217.8,0.0,53817.8,trading_days,trading_days|profitable_days
2022-09-13 00:00:00,23,2022-06,217.8,0.0,53817.8,trading_days,trading_days|profitable_days
2022-09-13 00:00:00,24,2022-07,358.85,0.0,53958.85,trading_days,trading_days|profitable_days
2022-09-14 00:00:00,17,2022-06,337.45,337.45,53937.45,minimum_payout,minimum_payout
2022-09-14 00:00:00,18,2022-06,337.45,337.45,53937.45,minimum_payout,minimum_payout
2022-09-14 00:00:00,19,2022-06,337.45,337.45,53937.45,minimum_payout,minimum_payout
2022-09-14 00:00:00,20,2022-06,337.45,337.45,53937.45,minimum_payout,minimum_payout
2022-09-14 00:00:00,21,2022-06,337.45,337.45,53937.45,minimum_payout,minimum_payout
2022-09-14 00:00:00,22,2022-06,183.95,0.0,53783.95,trading_days,trading_days|profitable_days
2022-09-14 00:00:00,23,2022-06,183.95,0.0,53783.95,trading_days,trading_days|profitable_days
2022-09-14 00:00:00,24,2022-07,325.0,0.0,53925.0,trading_days,trading_days|profitable_days
2022-09-15 00:00:00,17,2022-06,203.0,203.0,53803.0,minimum_payout,minimum_payout
2022-09-15 00:00:00,18,2022-06,203.0,203.0,53803.0,minimum_payout,minimum_payout
2022-09-15 00:00:00,19,2022-06,203.0,203.0,53803.0,minimum_payout,minimum_payout
2022-09-15 00:00:00,20,2022-06,203.0,203.0,53803.0,minimum_payout,minimum_payout
2022-09-15 00:00:00,21,2022-06,203.0,203.0,53803.0,minimum_payout,minimum_payout
2022-09-15 00:00:00,22,2022-06,49.5,0.0,53649.5,trading_days,trading_days|profitable_days
2022-09-15 00:00:00,23,2022-06,49.5,0.0,53649.5,trading_days,trading_days|profitable_days
2022-09-15 00:00:00,24,2022-07,190.55,0.0,53790.55,trading_days,trading_days|profitable_days
2022-09-20 00:00:00,17,2022-06,334.9,334.9,53934.9,minimum_payout,minimum_payout
2022-09-20 00:00:00,18,2022-06,334.9,334.9,53934.9,minimum_payout,minimum_payout
2022-09-20 00:00:00,19,2022-06,334.9,334.9,53934.9,minimum_payout,minimum_payout
2022-09-20 00:00:00,20,2022-06,334.9,334.9,53934.9,minimum_payout,minimum_payout
2022-09-20 00:00:00,21,2022-06,334.9,334.9,53934.9,minimum_payout,minimum_payout
2022-09-20 00:00:00,22,2022-06,181.4,0.0,53781.4,trading_days,trading_days|profitable_days
2022-09-20 00:00:00,23,2022-06,181.4,0.0,53781.4,trading_days,trading_days|profitable_days
2022-09-20 00:00:00,24,2022-07,322.45,0.0,53922.45,profitable_days,profitable_days
2022-09-21 00:00:00,17,2022-06,417.65,417.65,54017.65,minimum_payout,minimum_payout
2022-09-21 00:00:00,18,2022-06,417.65,417.65,54017.65,minimum_payout,minimum_payout
2022-09-21 00:00:00,19,2022-06,417.65,417.65,54017.65,minimum_payout,minimum_payout
2022-09-21 00:00:00,20,2022-06,417.65,417.65,54017.65,minimum_payout,minimum_payout
2022-09-21 00:00:00,21,2022-06,417.65,417.65,54017.65,minimum_payout,minimum_payout
2022-09-21 00:00:00,22,2022-06,264.15,0.0,53864.15,profitable_days,profitable_days
2022-09-21 00:00:00,23,2022-06,264.15,0.0,53864.15,profitable_days,profitable_days
2022-09-21 00:00:00,24,2022-07,405.2,0.0,54005.2,profitable_days,profitable_days
2022-09-22 00:00:00,17,2022-06,43.3,43.3,53643.3,minimum_payout,minimum_payout
2022-09-22 00:00:00,18,2022-06,43.3,43.3,53643.3,minimum_payout,minimum_payout
2022-09-22 00:00:00,19,2022-06,43.3,43.3,53643.3,minimum_payout,minimum_payout
2022-09-22 00:00:00,20,2022-06,43.3,43.3,53643.3,minimum_payout,minimum_payout
2022-09-22 00:00:00,21,2022-06,43.3,43.3,53643.3,minimum_payout,minimum_payout
2022-09-22 00:00:00,24,2022-07,30.85,0.0,53630.85,profitable_days,profitable_days
2022-09-23 00:00:00,17,2022-06,185.3,185.3,53785.3,minimum_payout,minimum_payout
2022-09-23 00:00:00,18,2022-06,185.3,185.3,53785.3,minimum_payout,minimum_payout
2022-09-23 00:00:00,19,2022-06,185.3,185.3,53785.3,minimum_payout,minimum_payout
2022-09-23 00:00:00,20,2022-06,185.3,185.3,53785.3,minimum_payout,minimum_payout
2022-09-23 00:00:00,21,2022-06,185.3,185.3,53785.3,minimum_payout,minimum_payout
2022-09-23 00:00:00,22,2022-06,31.8,0.0,53631.8,profitable_days,profitable_days
2022-09-23 00:00:00,23,2022-06,31.8,0.0,53631.8,profitable_days,profitable_days
2022-09-23 00:00:00,24,2022-07,172.85,172.85,53772.85,minimum_payout,minimum_payout
2022-09-24 00:00:00,17,2022-06,111.45,111.45,53711.45,minimum_payout,minimum_payout
2022-09-24 00:00:00,18,2022-06,111.45,111.45,53711.45,minimum_payout,minimum_payout
2022-09-24 00:00:00,19,2022-06,111.45,111.45,53711.45,minimum_payout,minimum_payout
2022-09-24 00:00:00,20,2022-06,111.45,111.45,53711.45,minimum_payout,minimum_payout
2022-09-24 00:00:00,21,2022-06,111.45,111.45,53711.45,minimum_payout,minimum_payout
2022-09-24 00:00:00,24,2022-07,99.0,99.0,53699.0,minimum_payout,minimum_payout
2022-09-25 00:00:00,17,2022-06,111.45,111.45,53711.45,minimum_payout,minimum_payout
2022-09-25 00:00:00,18,2022-06,111.45,111.45,53711.45,minimum_payout,minimum_payout
2022-09-25 00:00:00,19,2022-06,111.45,111.45,53711.45,minimum_payout,minimum_payout
2022-09-25 00:00:00,20,2022-06,111.45,111.45,53711.45,minimum_payout,minimum_payout
2022-09-25 00:00:00,21,2022-06,111.45,111.45,53711.45,minimum_payout,minimum_payout
2022-09-25 00:00:00,24,2022-07,99.0,99.0,53699.0,minimum_payout,minimum_payout
2022-09-26 00:00:00,17,2022-06,111.45,111.45,53711.45,minimum_payout,minimum_payout
2022-09-26 00:00:00,18,2022-06,111.45,111.45,53711.45,minimum_payout,minimum_payout
2022-09-26 00:00:00,19,2022-06,111.45,111.45,53711.45,minimum_payout,minimum_payout
2022-09-26 00:00:00,20,2022-06,111.45,111.45,53711.45,minimum_payout,minimum_payout
2022-09-26 00:00:00,21,2022-06,111.45,111.45,53711.45,minimum_payout,minimum_payout
2022-09-26 00:00:00,24,2022-07,99.0,99.0,53699.0,minimum_payout,minimum_payout
2022-09-27 00:00:00,17,2022-06,386.6,386.6,53986.6,minimum_payout,minimum_payout
2022-09-27 00:00:00,18,2022-06,386.6,386.6,53986.6,minimum_payout,minimum_payout
2022-09-27 00:00:00,19,2022-06,386.6,386.6,53986.6,minimum_payout,minimum_payout
2022-09-27 00:00:00,20,2022-06,386.6,386.6,53986.6,minimum_payout,minimum_payout
2022-09-27 00:00:00,21,2022-06,386.6,386.6,53986.6,minimum_payout,minimum_payout
2022-09-27 00:00:00,22,2022-06,233.1,233.1,53833.1,minimum_payout,minimum_payout
2022-09-27 00:00:00,23,2022-06,233.1,233.1,53833.1,minimum_payout,minimum_payout
2022-09-27 00:00:00,24,2022-07,374.15,374.15,53974.15,minimum_payout,minimum_payout
2022-09-28 00:00:00,17,2022-06,388.0,388.0,53988.0,minimum_payout,minimum_payout
2022-09-28 00:00:00,18,2022-06,388.0,388.0,53988.0,minimum_payout,minimum_payout
2022-09-28 00:00:00,19,2022-06,388.0,388.0,53988.0,minimum_payout,minimum_payout
2022-09-28 00:00:00,20,2022-06,388.0,388.0,53988.0,minimum_payout,minimum_payout
2022-09-28 00:00:00,21,2022-06,388.0,388.0,53988.0,minimum_payout,minimum_payout
2022-09-28 00:00:00,22,2022-06,234.5,234.5,53834.5,minimum_payout,minimum_payout
2022-09-28 00:00:00,23,2022-06,234.5,234.5,53834.5,minimum_payout,minimum_payout
2022-09-28 00:00:00,24,2022-07,375.55,375.55,53975.55,minimum_payout,minimum_payout
2022-09-30 00:00:00,17,2022-06,58.65,0.0,53658.65,trading_days,trading_days|profitable_days
2022-09-30 00:00:00,18,2022-06,58.65,0.0,53658.65,trading_days,trading_days|profitable_days
2022-09-30 00:00:00,19,2022-06,58.65,0.0,53658.65,trading_days,trading_days|profitable_days
2022-09-30 00:00:00,20,2022-06,58.65,0.0,53658.65,trading_days,trading_days|profitable_days
2022-09-30 00:00:00,21,2022-06,58.65,0.0,53658.65,trading_days,trading_days|profitable_days
2022-09-30 00:00:00,22,2022-06,58.65,0.0,53658.65,trading_days,trading_days|profitable_days
2022-09-30 00:00:00,23,2022-06,58.65,0.0,53658.65,trading_days,trading_days|profitable_days
2022-09-30 00:00:00,24,2022-07,58.65,0.0,53658.65,trading_days,trading_days|profitable_days
2022-10-14 00:00:00,17,2022-06,208.85,0.0,53808.85,profitable_days,profitable_days
2022-10-14 00:00:00,18,2022-06,208.85,0.0,53808.85,profitable_days,profitable_days
2022-10-14 00:00:00,19,2022-06,208.85,0.0,53808.85,profitable_days,profitable_days
2022-10-14 00:00:00,20,2022-06,208.85,0.0,53808.85,profitable_days,profitable_days
2022-10-14 00:00:00,21,2022-06,208.85,0.0,53808.85,profitable_days,profitable_days
2022-10-14 00:00:00,22,2022-06,208.85,0.0,53808.85,profitable_days,profitable_days
2022-10-14 00:00:00,23,2022-06,208.85,0.0,53808.85,profitable_days,profitable_days
2022-10-14 00:00:00,24,2022-07,208.85,0.0,53808.85,profitable_days,profitable_days
2022-10-15 00:00:00,17,2022-06,192.5,0.0,53792.5,profitable_days,profitable_days
2022-10-15 00:00:00,18,2022-06,192.5,0.0,53792.5,profitable_days,profitable_days
2022-10-15 00:00:00,19,2022-06,192.5,0.0,53792.5,profitable_days,profitable_days
2022-10-15 00:00:00,20,2022-06,192.5,0.0,53792.5,profitable_days,profitable_days
2022-10-15 00:00:00,21,2022-06,192.5,0.0,53792.5,profitable_days,profitable_days
2022-10-15 00:00:00,22,2022-06,192.5,0.0,53792.5,profitable_days,profitable_days
2022-10-15 00:00:00,23,2022-06,192.5,0.0,53792.5,profitable_days,profitable_days
2022-10-15 00:00:00,24,2022-07,192.5,0.0,53792.5,profitable_days,profitable_days
2022-10-16 00:00:00,17,2022-06,192.5,0.0,53792.5,profitable_days,profitable_days
2022-10-16 00:00:00,18,2022-06,192.5,0.0,53792.5,profitable_days,profitable_days
2022-10-16 00:00:00,19,2022-06,192.5,0.0,53792.5,profitable_days,profitable_days
2022-10-16 00:00:00,20,2022-06,192.5,0.0,53792.5,profitable_days,profitable_days
2022-10-16 00:00:00,21,2022-06,192.5,0.0,53792.5,profitable_days,profitable_days
2022-10-16 00:00:00,22,2022-06,192.5,0.0,53792.5,profitable_days,profitable_days
2022-10-16 00:00:00,23,2022-06,192.5,0.0,53792.5,profitable_days,profitable_days
2022-10-16 00:00:00,24,2022-07,192.5,0.0,53792.5,profitable_days,profitable_days
2022-10-17 00:00:00,17,2022-06,192.5,0.0,53792.5,profitable_days,profitable_days
2022-10-17 00:00:00,18,2022-06,192.5,0.0,53792.5,profitable_days,profitable_days
2022-10-17 00:00:00,19,2022-06,192.5,0.0,53792.5,profitable_days,profitable_days
2022-10-17 00:00:00,20,2022-06,192.5,0.0,53792.5,profitable_days,profitable_days
2022-10-17 00:00:00,21,2022-06,192.5,0.0,53792.5,profitable_days,profitable_days
2022-10-17 00:00:00,22,2022-06,192.5,0.0,53792.5,profitable_days,profitable_days
2022-10-17 00:00:00,23,2022-06,192.5,0.0,53792.5,profitable_days,profitable_days
2022-10-17 00:00:00,24,2022-07,192.5,0.0,53792.5,profitable_days,profitable_days
2022-10-18 00:00:00,17,2022-06,295.05,295.05,53895.05,minimum_payout,minimum_payout
2022-10-18 00:00:00,18,2022-06,295.05,295.05,53895.05,minimum_payout,minimum_payout
2022-10-18 00:00:00,19,2022-06,295.05,295.05,53895.05,minimum_payout,minimum_payout
2022-10-18 00:00:00,20,2022-06,295.05,295.05,53895.05,minimum_payout,minimum_payout
2022-10-18 00:00:00,21,2022-06,295.05,295.05,53895.05,minimum_payout,minimum_payout
2022-10-18 00:00:00,22,2022-06,295.05,295.05,53895.05,minimum_payout,minimum_payout
2022-10-18 00:00:00,23,2022-06,295.05,295.05,53895.05,minimum_payout,minimum_payout
2022-10-18 00:00:00,24,2022-07,295.05,295.05,53895.05,minimum_payout,minimum_payout
2022-10-19 00:00:00,17,2022-06,328.8,328.8,53928.8,minimum_payout,minimum_payout
2022-10-19 00:00:00,18,2022-06,328.8,328.8,53928.8,minimum_payout,minimum_payout
2022-10-19 00:00:00,19,2022-06,328.8,328.8,53928.8,minimum_payout,minimum_payout
2022-10-19 00:00:00,20,2022-06,328.8,328.8,53928.8,minimum_payout,minimum_payout
2022-10-19 00:00:00,21,2022-06,328.8,328.8,53928.8,minimum_payout,minimum_payout
2022-10-19 00:00:00,22,2022-06,328.8,328.8,53928.8,minimum_payout,minimum_payout
2022-10-19 00:00:00,23,2022-06,328.8,328.8,53928.8,minimum_payout,minimum_payout
2022-10-19 00:00:00,24,2022-07,328.8,328.8,53928.8,minimum_payout,minimum_payout
2022-10-22 00:00:00,17,2022-06,492.35,0.0,54092.35,trading_days,trading_days|profitable_days
2022-10-22 00:00:00,18,2022-06,492.35,0.0,54092.35,trading_days,trading_days|profitable_days
2022-10-22 00:00:00,19,2022-06,492.35,0.0,54092.35,trading_days,trading_days|profitable_days
2022-10-22 00:00:00,20,2022-06,492.35,0.0,54092.35,trading_days,trading_days|profitable_days
2022-10-22 00:00:00,21,2022-06,492.35,0.0,54092.35,trading_days,trading_days|profitable_days
2022-10-22 00:00:00,22,2022-06,492.35,0.0,54092.35,trading_days,trading_days|profitable_days
2022-10-22 00:00:00,23,2022-06,492.35,0.0,54092.35,trading_days,trading_days|profitable_days
2022-10-22 00:00:00,24,2022-07,492.35,0.0,54092.35,trading_days,trading_days|profitable_days
2022-10-22 00:00:00,25,2022-08,285.15,285.15,53885.15,minimum_payout,minimum_payout
2022-10-23 00:00:00,17,2022-06,492.35,0.0,54092.35,trading_days,trading_days|profitable_days
2022-10-23 00:00:00,18,2022-06,492.35,0.0,54092.35,trading_days,trading_days|profitable_days
2022-10-23 00:00:00,19,2022-06,492.35,0.0,54092.35,trading_days,trading_days|profitable_days
2022-10-23 00:00:00,20,2022-06,492.35,0.0,54092.35,trading_days,trading_days|profitable_days
2022-10-23 00:00:00,21,2022-06,492.35,0.0,54092.35,trading_days,trading_days|profitable_days
2022-10-23 00:00:00,22,2022-06,492.35,0.0,54092.35,trading_days,trading_days|profitable_days
2022-10-23 00:00:00,23,2022-06,492.35,0.0,54092.35,trading_days,trading_days|profitable_days
2022-10-23 00:00:00,24,2022-07,492.35,0.0,54092.35,trading_days,trading_days|profitable_days
2022-10-23 00:00:00,25,2022-08,285.15,285.15,53885.15,minimum_payout,minimum_payout
2022-10-24 00:00:00,17,2022-06,492.35,0.0,54092.35,trading_days,trading_days|profitable_days
2022-10-24 00:00:00,18,2022-06,492.35,0.0,54092.35,trading_days,trading_days|profitable_days
2022-10-24 00:00:00,19,2022-06,492.35,0.0,54092.35,trading_days,trading_days|profitable_days
2022-10-24 00:00:00,20,2022-06,492.35,0.0,54092.35,trading_days,trading_days|profitable_days
2022-10-24 00:00:00,21,2022-06,492.35,0.0,54092.35,trading_days,trading_days|profitable_days
2022-10-24 00:00:00,22,2022-06,492.35,0.0,54092.35,trading_days,trading_days|profitable_days
2022-10-24 00:00:00,23,2022-06,492.35,0.0,54092.35,trading_days,trading_days|profitable_days
2022-10-24 00:00:00,24,2022-07,492.35,0.0,54092.35,trading_days,trading_days|profitable_days
2022-10-24 00:00:00,25,2022-08,285.15,285.15,53885.15,minimum_payout,minimum_payout
2022-10-25 00:00:00,17,2022-06,194.55,0.0,53794.55,trading_days,trading_days|profitable_days
2022-10-25 00:00:00,18,2022-06,194.55,0.0,53794.55,trading_days,trading_days|profitable_days
2022-10-25 00:00:00,19,2022-06,194.55,0.0,53794.55,trading_days,trading_days|profitable_days
2022-10-25 00:00:00,20,2022-06,194.55,0.0,53794.55,trading_days,trading_days|profitable_days
2022-10-25 00:00:00,21,2022-06,194.55,0.0,53794.55,trading_days,trading_days|profitable_days
2022-10-25 00:00:00,22,2022-06,194.55,0.0,53794.55,trading_days,trading_days|profitable_days
2022-10-25 00:00:00,23,2022-06,194.55,0.0,53794.55,trading_days,trading_days|profitable_days
2022-10-25 00:00:00,24,2022-07,194.55,0.0,53794.55,trading_days,trading_days|profitable_days
2022-10-26 00:00:00,17,2022-06,93.65,0.0,53693.65,trading_days,trading_days|profitable_days
2022-10-26 00:00:00,18,2022-06,93.65,0.0,53693.65,trading_days,trading_days|profitable_days
2022-10-26 00:00:00,19,2022-06,93.65,0.0,53693.65,trading_days,trading_days|profitable_days
2022-10-26 00:00:00,20,2022-06,93.65,0.0,53693.65,trading_days,trading_days|profitable_days
2022-10-26 00:00:00,21,2022-06,93.65,0.0,53693.65,trading_days,trading_days|profitable_days
2022-10-26 00:00:00,22,2022-06,93.65,0.0,53693.65,trading_days,trading_days|profitable_days
2022-10-26 00:00:00,23,2022-06,93.65,0.0,53693.65,trading_days,trading_days|profitable_days
2022-10-26 00:00:00,24,2022-07,93.65,0.0,53693.65,trading_days,trading_days|profitable_days
2023-02-11 00:00:00,17,2022-06,113.1,113.1,53713.1,minimum_payout,minimum_payout
2023-02-11 00:00:00,18,2022-06,113.1,113.1,53713.1,minimum_payout,minimum_payout
2023-02-11 00:00:00,19,2022-06,113.1,113.1,53713.1,minimum_payout,minimum_payout
2023-02-11 00:00:00,20,2022-06,113.1,113.1,53713.1,minimum_payout,minimum_payout
2023-02-11 00:00:00,21,2022-06,113.1,113.1,53713.1,minimum_payout,minimum_payout
2023-02-11 00:00:00,22,2022-06,113.1,113.1,53713.1,minimum_payout,minimum_payout
2023-02-11 00:00:00,23,2022-06,113.1,113.1,53713.1,minimum_payout,minimum_payout
2023-02-11 00:00:00,24,2022-07,113.1,113.1,53713.1,minimum_payout,minimum_payout
2023-02-12 00:00:00,17,2022-06,113.1,113.1,53713.1,minimum_payout,minimum_payout
2023-02-12 00:00:00,18,2022-06,113.1,113.1,53713.1,minimum_payout,minimum_payout
2023-02-12 00:00:00,19,2022-06,113.1,113.1,53713.1,minimum_payout,minimum_payout
2023-02-12 00:00:00,20,2022-06,113.1,113.1,53713.1,minimum_payout,minimum_payout
2023-02-12 00:00:00,21,2022-06,113.1,113.1,53713.1,minimum_payout,minimum_payout
2023-02-12 00:00:00,22,2022-06,113.1,113.1,53713.1,minimum_payout,minimum_payout
2023-02-12 00:00:00,23,2022-06,113.1,113.1,53713.1,minimum_payout,minimum_payout
2023-02-12 00:00:00,24,2022-07,113.1,113.1,53713.1,minimum_payout,minimum_payout
2023-02-13 00:00:00,17,2022-06,113.1,113.1,53713.1,minimum_payout,minimum_payout
2023-02-13 00:00:00,18,2022-06,113.1,113.1,53713.1,minimum_payout,minimum_payout
2023-02-13 00:00:00,19,2022-06,113.1,113.1,53713.1,minimum_payout,minimum_payout
2023-02-13 00:00:00,20,2022-06,113.1,113.1,53713.1,minimum_payout,minimum_payout
2023-02-13 00:00:00,21,2022-06,113.1,113.1,53713.1,minimum_payout,minimum_payout
2023-02-13 00:00:00,22,2022-06,113.1,113.1,53713.1,minimum_payout,minimum_payout
2023-02-13 00:00:00,23,2022-06,113.1,113.1,53713.1,minimum_payout,minimum_payout
2023-02-13 00:00:00,24,2022-07,113.1,113.1,53713.1,minimum_payout,minimum_payout
2023-02-14 00:00:00,17,2022-06,430.1,430.1,54030.1,minimum_payout,minimum_payout
2023-02-14 00:00:00,18,2022-06,430.1,430.1,54030.1,minimum_payout,minimum_payout
2023-02-14 00:00:00,19,2022-06,430.1,430.1,54030.1,minimum_payout,minimum_payout
2023-02-14 00:00:00,20,2022-06,430.1,430.1,54030.1,minimum_payout,minimum_payout
2023-02-14 00:00:00,21,2022-06,430.1,430.1,54030.1,minimum_payout,minimum_payout
2023-02-14 00:00:00,22,2022-06,430.1,430.1,54030.1,minimum_payout,minimum_payout
2023-02-14 00:00:00,23,2022-06,430.1,430.1,54030.1,minimum_payout,minimum_payout
2023-02-14 00:00:00,24,2022-07,430.1,430.1,54030.1,minimum_payout,minimum_payout
2023-02-14 00:00:00,25,2022-08,222.9,222.9,53822.9,minimum_payout,minimum_payout
2023-02-15 00:00:00,17,2022-06,300.6,300.6,53900.6,minimum_payout,minimum_payout
2023-02-15 00:00:00,18,2022-06,300.6,300.6,53900.6,minimum_payout,minimum_payout
2023-02-15 00:00:00,19,2022-06,300.6,300.6,53900.6,minimum_payout,minimum_payout
2023-02-15 00:00:00,20,2022-06,300.6,300.6,53900.6,minimum_payout,minimum_payout
2023-02-15 00:00:00,21,2022-06,300.6,300.6,53900.6,minimum_payout,minimum_payout
2023-02-15 00:00:00,22,2022-06,300.6,300.6,53900.6,minimum_payout,minimum_payout
2023-02-15 00:00:00,23,2022-06,300.6,300.6,53900.6,minimum_payout,minimum_payout
2023-02-15 00:00:00,24,2022-07,300.6,300.6,53900.6,minimum_payout,minimum_payout
2023-02-15 00:00:00,25,2022-08,93.4,93.4,53693.4,minimum_payout,minimum_payout
2023-02-16 00:00:00,17,2022-06,419.6,419.6,54019.6,minimum_payout,minimum_payout
2023-02-16 00:00:00,18,2022-06,419.6,419.6,54019.6,minimum_payout,minimum_payout
2023-02-16 00:00:00,19,2022-06,419.6,419.6,54019.6,minimum_payout,minimum_payout
2023-02-16 00:00:00,20,2022-06,419.6,419.6,54019.6,minimum_payout,minimum_payout
2023-02-16 00:00:00,21,2022-06,419.6,419.6,54019.6,minimum_payout,minimum_payout
2023-02-16 00:00:00,22,2022-06,419.6,419.6,54019.6,minimum_payout,minimum_payout
2023-02-16 00:00:00,23,2022-06,419.6,419.6,54019.6,minimum_payout,minimum_payout
2023-02-16 00:00:00,24,2022-07,419.6,419.6,54019.6,minimum_payout,minimum_payout
2023-02-16 00:00:00,25,2022-08,212.4,212.4,53812.4,minimum_payout,minimum_payout
2023-02-17 00:00:00,17,2022-06,290.35,290.35,53890.35,minimum_payout,minimum_payout
2023-02-17 00:00:00,18,2022-06,290.35,290.35,53890.35,minimum_payout,minimum_payout
2023-02-17 00:00:00,19,2022-06,290.35,290.35,53890.35,minimum_payout,minimum_payout
2023-02-17 00:00:00,20,2022-06,290.35,290.35,53890.35,minimum_payout,minimum_payout
2023-02-17 00:00:00,21,2022-06,290.35,290.35,53890.35,minimum_payout,minimum_payout
2023-02-17 00:00:00,22,2022-06,290.35,290.35,53890.35,minimum_payout,minimum_payout
2023-02-17 00:00:00,23,2022-06,290.35,290.35,53890.35,minimum_payout,minimum_payout
2023-02-17 00:00:00,24,2022-07,290.35,290.35,53890.35,minimum_payout,minimum_payout
2023-02-17 00:00:00,25,2022-08,83.15,83.15,53683.15,minimum_payout,minimum_payout
2023-02-18 00:00:00,17,2022-06,264.1,264.1,53864.1,minimum_payout,minimum_payout
2023-02-18 00:00:00,18,2022-06,264.1,264.1,53864.1,minimum_payout,minimum_payout
2023-02-18 00:00:00,19,2022-06,264.1,264.1,53864.1,minimum_payout,minimum_payout
2023-02-18 00:00:00,20,2022-06,264.1,264.1,53864.1,minimum_payout,minimum_payout
2023-02-18 00:00:00,21,2022-06,264.1,264.1,53864.1,minimum_payout,minimum_payout
2023-02-18 00:00:00,22,2022-06,264.1,264.1,53864.1,minimum_payout,minimum_payout
2023-02-18 00:00:00,23,2022-06,264.1,264.1,53864.1,minimum_payout,minimum_payout
2023-02-18 00:00:00,24,2022-07,264.1,264.1,53864.1,minimum_payout,minimum_payout
2023-02-18 00:00:00,25,2022-08,56.9,56.9,53656.9,minimum_payout,minimum_payout
2023-02-19 00:00:00,17,2022-06,264.1,264.1,53864.1,minimum_payout,minimum_payout
2023-02-19 00:00:00,18,2022-06,264.1,264.1,53864.1,minimum_payout,minimum_payout
2023-02-19 00:00:00,19,2022-06,264.1,264.1,53864.1,minimum_payout,minimum_payout
2023-02-19 00:00:00,20,2022-06,264.1,264.1,53864.1,minimum_payout,minimum_payout
2023-02-19 00:00:00,21,2022-06,264.1,264.1,53864.1,minimum_payout,minimum_payout
2023-02-19 00:00:00,22,2022-06,264.1,264.1,53864.1,minimum_payout,minimum_payout
2023-02-19 00:00:00,23,2022-06,264.1,264.1,53864.1,minimum_payout,minimum_payout
2023-02-19 00:00:00,24,2022-07,264.1,264.1,53864.1,minimum_payout,minimum_payout
2023-02-19 00:00:00,25,2022-08,56.9,56.9,53656.9,minimum_payout,minimum_payout
2023-02-20 00:00:00,17,2022-06,264.1,264.1,53864.1,minimum_payout,minimum_payout
2023-02-20 00:00:00,18,2022-06,264.1,264.1,53864.1,minimum_payout,minimum_payout
2023-02-20 00:00:00,19,2022-06,264.1,264.1,53864.1,minimum_payout,minimum_payout
2023-02-20 00:00:00,20,2022-06,264.1,264.1,53864.1,minimum_payout,minimum_payout
2023-02-20 00:00:00,21,2022-06,264.1,264.1,53864.1,minimum_payout,minimum_payout
2023-02-20 00:00:00,22,2022-06,264.1,264.1,53864.1,minimum_payout,minimum_payout
2023-02-20 00:00:00,23,2022-06,264.1,264.1,53864.1,minimum_payout,minimum_payout
2023-02-20 00:00:00,24,2022-07,264.1,264.1,53864.1,minimum_payout,minimum_payout
2023-02-20 00:00:00,25,2022-08,56.9,56.9,53656.9,minimum_payout,minimum_payout
2023-02-21 00:00:00,17,2022-06,288.45,288.45,53888.45,minimum_payout,minimum_payout
2023-02-21 00:00:00,18,2022-06,288.45,288.45,53888.45,minimum_payout,minimum_payout
2023-02-21 00:00:00,19,2022-06,288.45,288.45,53888.45,minimum_payout,minimum_payout
2023-02-21 00:00:00,20,2022-06,288.45,288.45,53888.45,minimum_payout,minimum_payout
2023-02-21 00:00:00,21,2022-06,288.45,288.45,53888.45,minimum_payout,minimum_payout
2023-02-21 00:00:00,22,2022-06,288.45,288.45,53888.45,minimum_payout,minimum_payout
2023-02-21 00:00:00,23,2022-06,288.45,288.45,53888.45,minimum_payout,minimum_payout
2023-02-21 00:00:00,24,2022-07,288.45,288.45,53888.45,minimum_payout,minimum_payout
2023-02-21 00:00:00,25,2022-08,81.25,81.25,53681.25,minimum_payout,minimum_payout
2023-03-10 00:00:00,17,2022-06,239.85,239.85,53839.85,minimum_payout,minimum_payout
2023-03-10 00:00:00,18,2022-06,239.85,239.85,53839.85,minimum_payout,minimum_payout
2023-03-10 00:00:00,19,2022-06,239.85,239.85,53839.85,minimum_payout,minimum_payout
2023-03-10 00:00:00,20,2022-06,239.85,239.85,53839.85,minimum_payout,minimum_payout
2023-03-10 00:00:00,21,2022-06,239.85,239.85,53839.85,minimum_payout,minimum_payout
2023-03-10 00:00:00,22,2022-06,239.85,239.85,53839.85,minimum_payout,minimum_payout
2023-03-10 00:00:00,23,2022-06,239.85,239.85,53839.85,minimum_payout,minimum_payout
2023-03-10 00:00:00,24,2022-07,239.85,239.85,53839.85,minimum_payout,minimum_payout
2023-03-10 00:00:00,25,2022-08,32.65,32.65,53632.65,minimum_payout,minimum_payout
2023-03-16 00:00:00,17,2022-06,363.95,363.95,53963.95,minimum_payout,minimum_payout
2023-03-16 00:00:00,18,2022-06,363.95,363.95,53963.95,minimum_payout,minimum_payout
2023-03-16 00:00:00,19,2022-06,363.95,363.95,53963.95,minimum_payout,minimum_payout
2023-03-16 00:00:00,20,2022-06,363.95,363.95,53963.95,minimum_payout,minimum_payout
2023-03-16 00:00:00,21,2022-06,363.95,363.95,53963.95,minimum_payout,minimum_payout
2023-03-16 00:00:00,22,2022-06,363.95,363.95,53963.95,minimum_payout,minimum_payout
2023-03-16 00:00:00,23,2022-06,363.95,363.95,53963.95,minimum_payout,minimum_payout
2023-03-16 00:00:00,24,2022-07,363.95,363.95,53963.95,minimum_payout,minimum_payout
2023-03-16 00:00:00,25,2022-08,156.75,156.75,53756.75,minimum_payout,minimum_payout
2023-03-22 00:00:00,17,2022-06,571.65,0.0,54171.65,trading_days,trading_days|profitable_days
2023-03-22 00:00:00,18,2022-06,571.65,0.0,54171.65,trading_days,trading_days|profitable_days
2023-03-22 00:00:00,19,2022-06,571.65,0.0,54171.65,trading_days,trading_days|profitable_days
2023-03-22 00:00:00,20,2022-06,571.65,0.0,54171.65,trading_days,trading_days|profitable_days
2023-03-22 00:00:00,21,2022-06,571.65,0.0,54171.65,trading_days,trading_days|profitable_days
2023-03-22 00:00:00,22,2022-06,571.65,0.0,54171.65,trading_days,trading_days|profitable_days
2023-03-22 00:00:00,23,2022-06,571.65,0.0,54171.65,trading_days,trading_days|profitable_days
2023-03-22 00:00:00,24,2022-07,571.65,0.0,54171.65,trading_days,trading_days|profitable_days
2023-03-22 00:00:00,25,2022-08,571.65,0.0,54171.65,trading_days,trading_days|profitable_days
2023-03-23 00:00:00,17,2022-06,580.35,0.0,54180.35,trading_days,trading_days|profitable_days
2023-03-23 00:00:00,18,2022-06,580.35,0.0,54180.35,trading_days,trading_days|profitable_days
2023-03-23 00:00:00,19,2022-06,580.35,0.0,54180.35,trading_days,trading_days|profitable_days
2023-03-23 00:00:00,20,2022-06,580.35,0.0,54180.35,trading_days,trading_days|profitable_days
2023-03-23 00:00:00,21,2022-06,580.35,0.0,54180.35,trading_days,trading_days|profitable_days
2023-03-23 00:00:00,22,2022-06,580.35,0.0,54180.35,trading_days,trading_days|profitable_days
2023-03-23 00:00:00,23,2022-06,580.35,0.0,54180.35,trading_days,trading_days|profitable_days
2023-03-23 00:00:00,24,2022-07,580.35,0.0,54180.35,trading_days,trading_days|profitable_days
2023-03-23 00:00:00,25,2022-08,580.35,0.0,54180.35,trading_days,trading_days|profitable_days
2023-03-24 00:00:00,17,2022-06,646.4,0.0,54246.4,trading_days,trading_days|profitable_days
2023-03-24 00:00:00,18,2022-06,646.4,0.0,54246.4,trading_days,trading_days|profitable_days
2023-03-24 00:00:00,19,2022-06,646.4,0.0,54246.4,trading_days,trading_days|profitable_days
2023-03-24 00:00:00,20,2022-06,646.4,0.0,54246.4,trading_days,trading_days|profitable_days
2023-03-24 00:00:00,21,2022-06,646.4,0.0,54246.4,trading_days,trading_days|profitable_days
2023-03-24 00:00:00,22,2022-06,646.4,0.0,54246.4,trading_days,trading_days|profitable_days
2023-03-24 00:00:00,23,2022-06,646.4,0.0,54246.4,trading_days,trading_days|profitable_days
2023-03-24 00:00:00,24,2022-07,646.4,0.0,54246.4,trading_days,trading_days|profitable_days
2023-03-24 00:00:00,25,2022-08,646.4,0.0,54246.4,trading_days,trading_days|profitable_days
2023-03-24 00:00:00,31,2023-01,32.5,32.5,53632.5,minimum_payout,minimum_payout
2023-03-24 00:00:00,32,2023-01,32.5,32.5,53632.5,minimum_payout,minimum_payout
2023-03-25 00:00:00,17,2022-06,536.4,0.0,54136.4,trading_days,trading_days|profitable_days
2023-03-25 00:00:00,18,2022-06,536.4,0.0,54136.4,trading_days,trading_days|profitable_days
2023-03-25 00:00:00,19,2022-06,536.4,0.0,54136.4,trading_days,trading_days|profitable_days
2023-03-25 00:00:00,20,2022-06,536.4,0.0,54136.4,trading_days,trading_days|profitable_days
2023-03-25 00:00:00,21,2022-06,536.4,0.0,54136.4,trading_days,trading_days|profitable_days
2023-03-25 00:00:00,22,2022-06,536.4,0.0,54136.4,trading_days,trading_days|profitable_days
2023-03-25 00:00:00,23,2022-06,536.4,0.0,54136.4,trading_days,trading_days|profitable_days
2023-03-25 00:00:00,24,2022-07,536.4,0.0,54136.4,trading_days,trading_days|profitable_days
2023-03-25 00:00:00,25,2022-08,536.4,0.0,54136.4,trading_days,trading_days|profitable_days
2023-03-26 00:00:00,17,2022-06,536.4,0.0,54136.4,trading_days,trading_days|profitable_days
2023-03-26 00:00:00,18,2022-06,536.4,0.0,54136.4,trading_days,trading_days|profitable_days
2023-03-26 00:00:00,19,2022-06,536.4,0.0,54136.4,trading_days,trading_days|profitable_days
2023-03-26 00:00:00,20,2022-06,536.4,0.0,54136.4,trading_days,trading_days|profitable_days
2023-03-26 00:00:00,21,2022-06,536.4,0.0,54136.4,trading_days,trading_days|profitable_days
2023-03-26 00:00:00,22,2022-06,536.4,0.0,54136.4,trading_days,trading_days|profitable_days
2023-03-26 00:00:00,23,2022-06,536.4,0.0,54136.4,trading_days,trading_days|profitable_days
2023-03-26 00:00:00,24,2022-07,536.4,0.0,54136.4,trading_days,trading_days|profitable_days
2023-03-26 00:00:00,25,2022-08,536.4,0.0,54136.4,trading_days,trading_days|profitable_days
2023-03-27 00:00:00,17,2022-06,536.4,0.0,54136.4,trading_days,trading_days|profitable_days
2023-03-27 00:00:00,18,2022-06,536.4,0.0,54136.4,trading_days,trading_days|profitable_days
2023-03-27 00:00:00,19,2022-06,536.4,0.0,54136.4,trading_days,trading_days|profitable_days
2023-03-27 00:00:00,20,2022-06,536.4,0.0,54136.4,trading_days,trading_days|profitable_days
2023-03-27 00:00:00,21,2022-06,536.4,0.0,54136.4,trading_days,trading_days|profitable_days
2023-03-27 00:00:00,22,2022-06,536.4,0.0,54136.4,trading_days,trading_days|profitable_days
2023-03-27 00:00:00,23,2022-06,536.4,0.0,54136.4,trading_days,trading_days|profitable_days
2023-03-27 00:00:00,24,2022-07,536.4,0.0,54136.4,trading_days,trading_days|profitable_days
2023-03-27 00:00:00,25,2022-08,536.4,0.0,54136.4,trading_days,trading_days|profitable_days
2023-03-28 00:00:00,17,2022-06,618.6,0.0,54218.6,trading_days,trading_days|profitable_days
2023-03-28 00:00:00,18,2022-06,618.6,0.0,54218.6,trading_days,trading_days|profitable_days
2023-03-28 00:00:00,19,2022-06,618.6,0.0,54218.6,trading_days,trading_days|profitable_days
2023-03-28 00:00:00,20,2022-06,618.6,0.0,54218.6,trading_days,trading_days|profitable_days
2023-03-28 00:00:00,21,2022-06,618.6,0.0,54218.6,trading_days,trading_days|profitable_days
2023-03-28 00:00:00,22,2022-06,618.6,0.0,54218.6,trading_days,trading_days|profitable_days
2023-03-28 00:00:00,23,2022-06,618.6,0.0,54218.6,trading_days,trading_days|profitable_days
2023-03-28 00:00:00,24,2022-07,618.6,0.0,54218.6,trading_days,trading_days|profitable_days
2023-03-28 00:00:00,25,2022-08,618.6,0.0,54218.6,trading_days,trading_days|profitable_days
2023-03-28 00:00:00,31,2023-01,4.7,4.7,53604.7,minimum_payout,minimum_payout
2023-03-28 00:00:00,32,2023-01,4.7,4.7,53604.7,minimum_payout,minimum_payout
2023-03-29 00:00:00,17,2022-06,559.35,0.0,54159.35,profitable_days,profitable_days
2023-03-29 00:00:00,18,2022-06,559.35,0.0,54159.35,profitable_days,profitable_days
2023-03-29 00:00:00,19,2022-06,559.35,0.0,54159.35,profitable_days,profitable_days
2023-03-29 00:00:00,20,2022-06,559.35,0.0,54159.35,profitable_days,profitable_days
2023-03-29 00:00:00,21,2022-06,559.35,0.0,54159.35,profitable_days,profitable_days
2023-03-29 00:00:00,22,2022-06,559.35,0.0,54159.35,profitable_days,profitable_days
2023-03-29 00:00:00,23,2022-06,559.35,0.0,54159.35,profitable_days,profitable_days
2023-03-29 00:00:00,24,2022-07,559.35,0.0,54159.35,profitable_days,profitable_days
2023-03-29 00:00:00,25,2022-08,559.35,0.0,54159.35,profitable_days,profitable_days
2023-03-30 00:00:00,17,2022-06,955.85,0.0,54555.85,profitable_days,profitable_days
2023-03-30 00:00:00,18,2022-06,955.85,0.0,54555.85,profitable_days,profitable_days
2023-03-30 00:00:00,19,2022-06,955.85,0.0,54555.85,profitable_days,profitable_days
2023-03-30 00:00:00,20,2022-06,955.85,0.0,54555.85,profitable_days,profitable_days
2023-03-30 00:00:00,21,2022-06,955.85,0.0,54555.85,profitable_days,profitable_days
2023-03-30 00:00:00,22,2022-06,955.85,0.0,54555.85,profitable_days,profitable_days
2023-03-30 00:00:00,23,2022-06,955.85,0.0,54555.85,profitable_days,profitable_days
2023-03-30 00:00:00,24,2022-07,955.85,0.0,54555.85,profitable_days,profitable_days
2023-03-30 00:00:00,25,2022-08,955.85,0.0,54555.85,profitable_days,profitable_days
2023-03-30 00:00:00,31,2023-01,341.95,341.95,53941.95,minimum_payout,minimum_payout
2023-03-30 00:00:00,32,2023-01,341.95,341.95,53941.95,minimum_payout,minimum_payout
2023-03-31 00:00:00,17,2022-06,984.0,0.0,54584.0,profitable_days,profitable_days
2023-03-31 00:00:00,18,2022-06,984.0,0.0,54584.0,profitable_days,profitable_days
2023-03-31 00:00:00,19,2022-06,984.0,0.0,54584.0,profitable_days,profitable_days
2023-03-31 00:00:00,20,2022-06,984.0,0.0,54584.0,profitable_days,profitable_days
2023-03-31 00:00:00,21,2022-06,984.0,0.0,54584.0,profitable_days,profitable_days
2023-03-31 00:00:00,22,2022-06,984.0,0.0,54584.0,profitable_days,profitable_days
2023-03-31 00:00:00,23,2022-06,984.0,0.0,54584.0,profitable_days,profitable_days
2023-03-31 00:00:00,24,2022-07,984.0,0.0,54584.0,profitable_days,profitable_days
2023-03-31 00:00:00,25,2022-08,984.0,0.0,54584.0,profitable_days,profitable_days
2023-03-31 00:00:00,31,2023-01,370.1,370.1,53970.1,minimum_payout,minimum_payout
2023-03-31 00:00:00,32,2023-01,370.1,370.1,53970.1,minimum_payout,minimum_payout
2023-04-04 00:00:00,17,2022-06,130.55,0.0,53730.55,trading_days,trading_days|profitable_days
2023-04-04 00:00:00,18,2022-06,130.55,0.0,53730.55,trading_days,trading_days|profitable_days
2023-04-04 00:00:00,19,2022-06,130.55,0.0,53730.55,trading_days,trading_days|profitable_days
2023-04-04 00:00:00,20,2022-06,130.55,0.0,53730.55,trading_days,trading_days|profitable_days
2023-04-04 00:00:00,21,2022-06,130.55,0.0,53730.55,trading_days,trading_days|profitable_days
2023-04-04 00:00:00,22,2022-06,130.55,0.0,53730.55,trading_days,trading_days|profitable_days
2023-04-04 00:00:00,23,2022-06,130.55,0.0,53730.55,trading_days,trading_days|profitable_days
2023-04-04 00:00:00,24,2022-07,130.55,0.0,53730.55,trading_days,trading_days|profitable_days
2023-04-04 00:00:00,25,2022-08,130.55,0.0,53730.55,trading_days,trading_days|profitable_days
2023-04-04 00:00:00,30,2023-01,30.45,30.45,53630.45,minimum_payout,minimum_payout
2023-04-04 00:00:00,31,2023-01,130.55,0.0,53730.55,trading_days,trading_days|profitable_days
2023-04-04 00:00:00,32,2023-01,130.55,0.0,53730.55,trading_days,trading_days|profitable_days
2023-04-07 00:00:00,17,2022-06,136.05,0.0,53736.05,trading_days,trading_days|profitable_days
2023-04-07 00:00:00,18,2022-06,136.05,0.0,53736.05,trading_days,trading_days|profitable_days
2023-04-07 00:00:00,19,2022-06,136.05,0.0,53736.05,trading_days,trading_days|profitable_days
2023-04-07 00:00:00,20,2022-06,136.05,0.0,53736.05,trading_days,trading_days|profitable_days
2023-04-07 00:00:00,21,2022-06,136.05,0.0,53736.05,trading_days,trading_days|profitable_days
2023-04-07 00:00:00,22,2022-06,136.05,0.0,53736.05,trading_days,trading_days|profitable_days
2023-04-07 00:00:00,23,2022-06,136.05,0.0,53736.05,trading_days,trading_days|profitable_days
2023-04-07 00:00:00,24,2022-07,136.05,0.0,53736.05,trading_days,trading_days|profitable_days
2023-04-07 00:00:00,25,2022-08,136.05,0.0,53736.05,trading_days,trading_days|profitable_days
2023-04-07 00:00:00,30,2023-01,35.95,35.95,53635.95,minimum_payout,minimum_payout
2023-04-07 00:00:00,31,2023-01,136.05,0.0,53736.05,trading_days,trading_days|profitable_days
2023-04-07 00:00:00,32,2023-01,136.05,0.0,53736.05,trading_days,trading_days|profitable_days
2023-04-08 00:00:00,17,2022-06,177.25,0.0,53777.25,trading_days,trading_days|profitable_days
2023-04-08 00:00:00,18,2022-06,177.25,0.0,53777.25,trading_days,trading_days|profitable_days
2023-04-08 00:00:00,19,2022-06,177.25,0.0,53777.25,trading_days,trading_days|profitable_days
2023-04-08 00:00:00,20,2022-06,177.25,0.0,53777.25,trading_days,trading_days|profitable_days
2023-04-08 00:00:00,21,2022-06,177.25,0.0,53777.25,trading_days,trading_days|profitable_days
2023-04-08 00:00:00,22,2022-06,177.25,0.0,53777.25,trading_days,trading_days|profitable_days
2023-04-08 00:00:00,23,2022-06,177.25,0.0,53777.25,trading_days,trading_days|profitable_days
2023-04-08 00:00:00,24,2022-07,177.25,0.0,53777.25,trading_days,trading_days|profitable_days
2023-04-08 00:00:00,25,2022-08,177.25,0.0,53777.25,trading_days,trading_days|profitable_days
2023-04-08 00:00:00,30,2023-01,77.15,77.15,53677.15,minimum_payout,minimum_payout
2023-04-08 00:00:00,31,2023-01,177.25,0.0,53777.25,trading_days,trading_days|profitable_days
2023-04-08 00:00:00,32,2023-01,177.25,0.0,53777.25,trading_days,trading_days|profitable_days
2023-04-09 00:00:00,17,2022-06,177.25,0.0,53777.25,trading_days,trading_days|profitable_days
2023-04-09 00:00:00,18,2022-06,177.25,0.0,53777.25,trading_days,trading_days|profitable_days
2023-04-09 00:00:00,19,2022-06,177.25,0.0,53777.25,trading_days,trading_days|profitable_days
2023-04-09 00:00:00,20,2022-06,177.25,0.0,53777.25,trading_days,trading_days|profitable_days
2023-04-09 00:00:00,21,2022-06,177.25,0.0,53777.25,trading_days,trading_days|profitable_days
2023-04-09 00:00:00,22,2022-06,177.25,0.0,53777.25,trading_days,trading_days|profitable_days
2023-04-09 00:00:00,23,2022-06,177.25,0.0,53777.25,trading_days,trading_days|profitable_days
2023-04-09 00:00:00,24,2022-07,177.25,0.0,53777.25,trading_days,trading_days|profitable_days
2023-04-09 00:00:00,25,2022-08,177.25,0.0,53777.25,trading_days,trading_days|profitable_days
2023-04-09 00:00:00,30,2023-01,77.15,77.15,53677.15,minimum_payout,minimum_payout
2023-04-09 00:00:00,31,2023-01,177.25,0.0,53777.25,trading_days,trading_days|profitable_days
2023-04-09 00:00:00,32,2023-01,177.25,0.0,53777.25,trading_days,trading_days|profitable_days
2023-04-10 00:00:00,17,2022-06,177.25,0.0,53777.25,trading_days,trading_days|profitable_days
2023-04-10 00:00:00,18,2022-06,177.25,0.0,53777.25,trading_days,trading_days|profitable_days
2023-04-10 00:00:00,19,2022-06,177.25,0.0,53777.25,trading_days,trading_days|profitable_days
2023-04-10 00:00:00,20,2022-06,177.25,0.0,53777.25,trading_days,trading_days|profitable_days
2023-04-10 00:00:00,21,2022-06,177.25,0.0,53777.25,trading_days,trading_days|profitable_days
2023-04-10 00:00:00,22,2022-06,177.25,0.0,53777.25,trading_days,trading_days|profitable_days
2023-04-10 00:00:00,23,2022-06,177.25,0.0,53777.25,trading_days,trading_days|profitable_days
2023-04-10 00:00:00,24,2022-07,177.25,0.0,53777.25,trading_days,trading_days|profitable_days
2023-04-10 00:00:00,25,2022-08,177.25,0.0,53777.25,trading_days,trading_days|profitable_days
2023-04-10 00:00:00,30,2023-01,77.15,77.15,53677.15,minimum_payout,minimum_payout
2023-04-10 00:00:00,31,2023-01,177.25,0.0,53777.25,trading_days,trading_days|profitable_days
2023-04-10 00:00:00,32,2023-01,177.25,0.0,53777.25,trading_days,trading_days|profitable_days
2023-04-11 00:00:00,17,2022-06,268.75,0.0,53868.75,trading_days,trading_days|profitable_days
2023-04-11 00:00:00,18,2022-06,268.75,0.0,53868.75,trading_days,trading_days|profitable_days
2023-04-11 00:00:00,19,2022-06,268.75,0.0,53868.75,trading_days,trading_days|profitable_days
2023-04-11 00:00:00,20,2022-06,268.75,0.0,53868.75,trading_days,trading_days|profitable_days
2023-04-11 00:00:00,21,2022-06,268.75,0.0,53868.75,trading_days,trading_days|profitable_days
2023-04-11 00:00:00,22,2022-06,268.75,0.0,53868.75,trading_days,trading_days|profitable_days
2023-04-11 00:00:00,23,2022-06,268.75,0.0,53868.75,trading_days,trading_days|profitable_days
2023-04-11 00:00:00,24,2022-07,268.75,0.0,53868.75,trading_days,trading_days|profitable_days
2023-04-11 00:00:00,25,2022-08,268.75,0.0,53868.75,trading_days,trading_days|profitable_days
2023-04-11 00:00:00,30,2023-01,168.65,168.65,53768.65,minimum_payout,minimum_payout
2023-04-11 00:00:00,31,2023-01,268.75,0.0,53868.75,trading_days,trading_days|profitable_days
2023-04-11 00:00:00,32,2023-01,268.75,0.0,53868.75,trading_days,trading_days|profitable_days
2023-04-12 00:00:00,17,2022-06,248.45,0.0,53848.45,trading_days,trading_days|profitable_days
2023-04-12 00:00:00,18,2022-06,248.45,0.0,53848.45,trading_days,trading_days|profitable_days
2023-04-12 00:00:00,19,2022-06,248.45,0.0,53848.45,trading_days,trading_days|profitable_days
2023-04-12 00:00:00,20,2022-06,248.45,0.0,53848.45,trading_days,trading_days|profitable_days
2023-04-12 00:00:00,21,2022-06,248.45,0.0,53848.45,trading_days,trading_days|profitable_days
2023-04-12 00:00:00,22,2022-06,248.45,0.0,53848.45,trading_days,trading_days|profitable_days
2023-04-12 00:00:00,23,2022-06,248.45,0.0,53848.45,trading_days,trading_days|profitable_days
2023-04-12 00:00:00,24,2022-07,248.45,0.0,53848.45,trading_days,trading_days|profitable_days
2023-04-12 00:00:00,25,2022-08,248.45,0.0,53848.45,trading_days,trading_days|profitable_days
2023-04-12 00:00:00,30,2023-01,148.35,148.35,53748.35,minimum_payout,minimum_payout
2023-04-12 00:00:00,31,2023-01,248.45,0.0,53848.45,trading_days,trading_days|profitable_days
2023-04-12 00:00:00,32,2023-01,248.45,0.0,53848.45,trading_days,trading_days|profitable_days
2023-04-13 00:00:00,17,2022-06,350.15,0.0,53950.15,profitable_days,profitable_days
2023-04-13 00:00:00,18,2022-06,350.15,0.0,53950.15,profitable_days,profitable_days
2023-04-13 00:00:00,19,2022-06,350.15,0.0,53950.15,profitable_days,profitable_days
2023-04-13 00:00:00,20,2022-06,350.15,0.0,53950.15,profitable_days,profitable_days
2023-04-13 00:00:00,21,2022-06,350.15,0.0,53950.15,profitable_days,profitable_days
2023-04-13 00:00:00,22,2022-06,350.15,0.0,53950.15,profitable_days,profitable_days
2023-04-13 00:00:00,23,2022-06,350.15,0.0,53950.15,profitable_days,profitable_days
2023-04-13 00:00:00,24,2022-07,350.15,0.0,53950.15,profitable_days,profitable_days
2023-04-13 00:00:00,25,2022-08,350.15,0.0,53950.15,profitable_days,profitable_days
2023-04-13 00:00:00,30,2023-01,250.05,250.05,53850.05,minimum_payout,minimum_payout
2023-04-13 00:00:00,31,2023-01,350.15,0.0,53950.15,profitable_days,profitable_days
2023-04-13 00:00:00,32,2023-01,350.15,0.0,53950.15,profitable_days,profitable_days
2023-04-29 00:00:00,17,2022-06,50.8,0.0,53650.8,profitable_days,profitable_days
2023-04-29 00:00:00,18,2022-06,50.8,0.0,53650.8,profitable_days,profitable_days
2023-04-29 00:00:00,19,2022-06,50.8,0.0,53650.8,profitable_days,profitable_days
2023-04-29 00:00:00,20,2022-06,50.8,0.0,53650.8,profitable_days,profitable_days
2023-04-29 00:00:00,21,2022-06,50.8,0.0,53650.8,profitable_days,profitable_days
2023-04-29 00:00:00,22,2022-06,50.8,0.0,53650.8,profitable_days,profitable_days
2023-04-29 00:00:00,23,2022-06,50.8,0.0,53650.8,profitable_days,profitable_days
2023-04-29 00:00:00,24,2022-07,50.8,0.0,53650.8,profitable_days,profitable_days
2023-04-29 00:00:00,25,2022-08,50.8,0.0,53650.8,profitable_days,profitable_days
2023-04-29 00:00:00,30,2023-01,50.8,0.0,53650.8,profitable_days,profitable_days
2023-04-29 00:00:00,31,2023-01,50.8,0.0,53650.8,profitable_days,profitable_days
2023-04-29 00:00:00,32,2023-01,50.8,0.0,53650.8,profitable_days,profitable_days
2023-04-30 00:00:00,17,2022-06,50.8,0.0,53650.8,profitable_days,profitable_days
2023-04-30 00:00:00,18,2022-06,50.8,0.0,53650.8,profitable_days,profitable_days
2023-04-30 00:00:00,19,2022-06,50.8,0.0,53650.8,profitable_days,profitable_days
2023-04-30 00:00:00,20,2022-06,50.8,0.0,53650.8,profitable_days,profitable_days
2023-04-30 00:00:00,21,2022-06,50.8,0.0,53650.8,profitable_days,profitable_days
2023-04-30 00:00:00,22,2022-06,50.8,0.0,53650.8,profitable_days,profitable_days
2023-04-30 00:00:00,23,2022-06,50.8,0.0,53650.8,profitable_days,profitable_days
2023-04-30 00:00:00,24,2022-07,50.8,0.0,53650.8,profitable_days,profitable_days
2023-04-30 00:00:00,25,2022-08,50.8,0.0,53650.8,profitable_days,profitable_days
2023-04-30 00:00:00,30,2023-01,50.8,0.0,53650.8,profitable_days,profitable_days
2023-04-30 00:00:00,31,2023-01,50.8,0.0,53650.8,profitable_days,profitable_days
2023-04-30 00:00:00,32,2023-01,50.8,0.0,53650.8,profitable_days,profitable_days
2023-05-01 00:00:00,17,2022-06,50.8,0.0,53650.8,profitable_days,profitable_days
2023-05-01 00:00:00,18,2022-06,50.8,0.0,53650.8,profitable_days,profitable_days
2023-05-01 00:00:00,19,2022-06,50.8,0.0,53650.8,profitable_days,profitable_days
2023-05-01 00:00:00,20,2022-06,50.8,0.0,53650.8,profitable_days,profitable_days
2023-05-01 00:00:00,21,2022-06,50.8,0.0,53650.8,profitable_days,profitable_days
2023-05-01 00:00:00,22,2022-06,50.8,0.0,53650.8,profitable_days,profitable_days
2023-05-01 00:00:00,23,2022-06,50.8,0.0,53650.8,profitable_days,profitable_days
2023-05-01 00:00:00,24,2022-07,50.8,0.0,53650.8,profitable_days,profitable_days
2023-05-01 00:00:00,25,2022-08,50.8,0.0,53650.8,profitable_days,profitable_days
2023-05-01 00:00:00,30,2023-01,50.8,0.0,53650.8,profitable_days,profitable_days
2023-05-01 00:00:00,31,2023-01,50.8,0.0,53650.8,profitable_days,profitable_days
2023-05-01 00:00:00,32,2023-01,50.8,0.0,53650.8,profitable_days,profitable_days
2023-07-19 00:00:00,17,2022-06,360.85,360.85,53960.85,minimum_payout,minimum_payout
2023-07-19 00:00:00,18,2022-06,360.85,360.85,53960.85,minimum_payout,minimum_payout
2023-07-19 00:00:00,19,2022-06,360.85,360.85,53960.85,minimum_payout,minimum_payout
2023-07-19 00:00:00,20,2022-06,360.85,360.85,53960.85,minimum_payout,minimum_payout
2023-07-19 00:00:00,21,2022-06,360.85,360.85,53960.85,minimum_payout,minimum_payout
2023-07-19 00:00:00,22,2022-06,360.85,360.85,53960.85,minimum_payout,minimum_payout
2023-07-19 00:00:00,23,2022-06,360.85,360.85,53960.85,minimum_payout,minimum_payout
2023-07-19 00:00:00,24,2022-07,360.85,360.85,53960.85,minimum_payout,minimum_payout
2023-07-19 00:00:00,25,2022-08,360.85,360.85,53960.85,minimum_payout,minimum_payout
2023-07-19 00:00:00,29,2022-12,25.95,25.95,53625.95,minimum_payout,minimum_payout
2023-07-19 00:00:00,30,2023-01,360.85,360.85,53960.85,minimum_payout,minimum_payout
2023-07-19 00:00:00,31,2023-01,360.85,360.85,53960.85,minimum_payout,minimum_payout
2023-07-19 00:00:00,32,2023-01,360.85,360.85,53960.85,minimum_payout,minimum_payout
2023-07-19 00:00:00,33,2023-02,32.25,32.25,53632.25,minimum_payout,minimum_payout
2023-07-20 00:00:00,17,2022-06,202.3,202.3,53802.3,minimum_payout,minimum_payout
2023-07-20 00:00:00,18,2022-06,202.3,202.3,53802.3,minimum_payout,minimum_payout
2023-07-20 00:00:00,19,2022-06,202.3,202.3,53802.3,minimum_payout,minimum_payout
2023-07-20 00:00:00,20,2022-06,202.3,202.3,53802.3,minimum_payout,minimum_payout
2023-07-20 00:00:00,21,2022-06,202.3,202.3,53802.3,minimum_payout,minimum_payout
2023-07-20 00:00:00,22,2022-06,202.3,202.3,53802.3,minimum_payout,minimum_payout
2023-07-20 00:00:00,23,2022-06,202.3,202.3,53802.3,minimum_payout,minimum_payout
2023-07-20 00:00:00,24,2022-07,202.3,202.3,53802.3,minimum_payout,minimum_payout
2023-07-20 00:00:00,25,2022-08,202.3,202.3,53802.3,minimum_payout,minimum_payout
2023-07-20 00:00:00,30,2023-01,202.3,202.3,53802.3,minimum_payout,minimum_payout
2023-07-20 00:00:00,31,2023-01,202.3,202.3,53802.3,minimum_payout,minimum_payout
2023-07-20 00:00:00,32,2023-01,202.3,202.3,53802.3,minimum_payout,minimum_payout
2023-07-21 00:00:00,17,2022-06,43.5,43.5,53643.5,minimum_payout,minimum_payout
2023-07-21 00:00:00,18,2022-06,43.5,43.5,53643.5,minimum_payout,minimum_payout
2023-07-21 00:00:00,19,2022-06,43.5,43.5,53643.5,minimum_payout,minimum_payout
2023-07-21 00:00:00,20,2022-06,43.5,43.5,53643.5,minimum_payout,minimum_payout
2023-07-21 00:00:00,21,2022-06,43.5,43.5,53643.5,minimum_payout,minimum_payout
2023-07-21 00:00:00,22,2022-06,43.5,43.5,53643.5,minimum_payout,minimum_payout
2023-07-21 00:00:00,23,2022-06,43.5,43.5,53643.5,minimum_payout,minimum_payout
2023-07-21 00:00:00,24,2022-07,43.5,43.5,53643.5,minimum_payout,minimum_payout
2023-07-21 00:00:00,25,2022-08,43.5,43.5,53643.5,minimum_payout,minimum_payout
2023-07-21 00:00:00,30,2023-01,43.5,43.5,53643.5,minimum_payout,minimum_payout
2023-07-21 00:00:00,31,2023-01,43.5,43.5,53643.5,minimum_payout,minimum_payout
2023-07-21 00:00:00,32,2023-01,43.5,43.5,53643.5,minimum_payout,minimum_payout
2023-07-22 00:00:00,17,2022-06,222.15,222.15,53822.15,minimum_payout,minimum_payout
2023-07-22 00:00:00,18,2022-06,222.15,222.15,53822.15,minimum_payout,minimum_payout
2023-07-22 00:00:00,19,2022-06,222.15,222.15,53822.15,minimum_payout,minimum_payout
2023-07-22 00:00:00,20,2022-06,222.15,222.15,53822.15,minimum_payout,minimum_payout
2023-07-22 00:00:00,21,2022-06,222.15,222.15,53822.15,minimum_payout,minimum_payout
2023-07-22 00:00:00,22,2022-06,222.15,222.15,53822.15,minimum_payout,minimum_payout
2023-07-22 00:00:00,23,2022-06,222.15,222.15,53822.15,minimum_payout,minimum_payout
2023-07-22 00:00:00,24,2022-07,222.15,222.15,53822.15,minimum_payout,minimum_payout
2023-07-22 00:00:00,25,2022-08,222.15,222.15,53822.15,minimum_payout,minimum_payout
2023-07-22 00:00:00,30,2023-01,222.15,222.15,53822.15,minimum_payout,minimum_payout
2023-07-22 00:00:00,31,2023-01,222.15,222.15,53822.15,minimum_payout,minimum_payout
2023-07-22 00:00:00,32,2023-01,222.15,222.15,53822.15,minimum_payout,minimum_payout
2023-07-23 00:00:00,17,2022-06,222.15,222.15,53822.15,minimum_payout,minimum_payout
2023-07-23 00:00:00,18,2022-06,222.15,222.15,53822.15,minimum_payout,minimum_payout
2023-07-23 00:00:00,19,2022-06,222.15,222.15,53822.15,minimum_payout,minimum_payout
2023-07-23 00:00:00,20,2022-06,222.15,222.15,53822.15,minimum_payout,minimum_payout
2023-07-23 00:00:00,21,2022-06,222.15,222.15,53822.15,minimum_payout,minimum_payout
2023-07-23 00:00:00,22,2022-06,222.15,222.15,53822.15,minimum_payout,minimum_payout
2023-07-23 00:00:00,23,2022-06,222.15,222.15,53822.15,minimum_payout,minimum_payout
2023-07-23 00:00:00,24,2022-07,222.15,222.15,53822.15,minimum_payout,minimum_payout
2023-07-23 00:00:00,25,2022-08,222.15,222.15,53822.15,minimum_payout,minimum_payout
2023-07-23 00:00:00,30,2023-01,222.15,222.15,53822.15,minimum_payout,minimum_payout
2023-07-23 00:00:00,31,2023-01,222.15,222.15,53822.15,minimum_payout,minimum_payout
2023-07-23 00:00:00,32,2023-01,222.15,222.15,53822.15,minimum_payout,minimum_payout
2023-07-24 00:00:00,17,2022-06,222.15,222.15,53822.15,minimum_payout,minimum_payout
2023-07-24 00:00:00,18,2022-06,222.15,222.15,53822.15,minimum_payout,minimum_payout
2023-07-24 00:00:00,19,2022-06,222.15,222.15,53822.15,minimum_payout,minimum_payout
2023-07-24 00:00:00,20,2022-06,222.15,222.15,53822.15,minimum_payout,minimum_payout
2023-07-24 00:00:00,21,2022-06,222.15,222.15,53822.15,minimum_payout,minimum_payout
2023-07-24 00:00:00,22,2022-06,222.15,222.15,53822.15,minimum_payout,minimum_payout
2023-07-24 00:00:00,23,2022-06,222.15,222.15,53822.15,minimum_payout,minimum_payout
2023-07-24 00:00:00,24,2022-07,222.15,222.15,53822.15,minimum_payout,minimum_payout
2023-07-24 00:00:00,25,2022-08,222.15,222.15,53822.15,minimum_payout,minimum_payout
2023-07-24 00:00:00,30,2023-01,222.15,222.15,53822.15,minimum_payout,minimum_payout
2023-07-24 00:00:00,31,2023-01,222.15,222.15,53822.15,minimum_payout,minimum_payout
2023-07-24 00:00:00,32,2023-01,222.15,222.15,53822.15,minimum_payout,minimum_payout
2023-07-26 00:00:00,17,2022-06,156.35,156.35,53756.35,minimum_payout,minimum_payout
2023-07-26 00:00:00,18,2022-06,156.35,156.35,53756.35,minimum_payout,minimum_payout
2023-07-26 00:00:00,19,2022-06,156.35,156.35,53756.35,minimum_payout,minimum_payout
2023-07-26 00:00:00,20,2022-06,156.35,156.35,53756.35,minimum_payout,minimum_payout
2023-07-26 00:00:00,21,2022-06,156.35,156.35,53756.35,minimum_payout,minimum_payout
2023-07-26 00:00:00,22,2022-06,156.35,156.35,53756.35,minimum_payout,minimum_payout
2023-07-26 00:00:00,23,2022-06,156.35,156.35,53756.35,minimum_payout,minimum_payout
2023-07-26 00:00:00,24,2022-07,156.35,156.35,53756.35,minimum_payout,minimum_payout
2023-07-26 00:00:00,25,2022-08,156.35,156.35,53756.35,minimum_payout,minimum_payout
2023-07-26 00:00:00,30,2023-01,156.35,156.35,53756.35,minimum_payout,minimum_payout
2023-07-26 00:00:00,31,2023-01,156.35,156.35,53756.35,minimum_payout,minimum_payout
2023-07-26 00:00:00,32,2023-01,156.35,156.35,53756.35,minimum_payout,minimum_payout
2023-07-27 00:00:00,17,2022-06,27.1,27.1,53627.1,minimum_payout,minimum_payout
2023-07-27 00:00:00,18,2022-06,27.1,27.1,53627.1,minimum_payout,minimum_payout
2023-07-27 00:00:00,19,2022-06,27.1,27.1,53627.1,minimum_payout,minimum_payout
2023-07-27 00:00:00,20,2022-06,27.1,27.1,53627.1,minimum_payout,minimum_payout
2023-07-27 00:00:00,21,2022-06,27.1,27.1,53627.1,minimum_payout,minimum_payout
2023-07-27 00:00:00,22,2022-06,27.1,27.1,53627.1,minimum_payout,minimum_payout
2023-07-27 00:00:00,23,2022-06,27.1,27.1,53627.1,minimum_payout,minimum_payout
2023-07-27 00:00:00,24,2022-07,27.1,27.1,53627.1,minimum_payout,minimum_payout
2023-07-27 00:00:00,25,2022-08,27.1,27.1,53627.1,minimum_payout,minimum_payout
2023-07-27 00:00:00,30,2023-01,27.1,27.1,53627.1,minimum_payout,minimum_payout
2023-07-27 00:00:00,31,2023-01,27.1,27.1,53627.1,minimum_payout,minimum_payout
2023-07-27 00:00:00,32,2023-01,27.1,27.1,53627.1,minimum_payout,minimum_payout
2023-07-28 00:00:00,17,2022-06,5.75,5.75,53605.75,minimum_payout,minimum_payout
2023-07-28 00:00:00,18,2022-06,5.75,5.75,53605.75,minimum_payout,minimum_payout
2023-07-28 00:00:00,19,2022-06,5.75,5.75,53605.75,minimum_payout,minimum_payout
2023-07-28 00:00:00,20,2022-06,5.75,5.75,53605.75,minimum_payout,minimum_payout
2023-07-28 00:00:00,21,2022-06,5.75,5.75,53605.75,minimum_payout,minimum_payout
2023-07-28 00:00:00,22,2022-06,5.75,5.75,53605.75,minimum_payout,minimum_payout
2023-07-28 00:00:00,23,2022-06,5.75,5.75,53605.75,minimum_payout,minimum_payout
2023-07-28 00:00:00,24,2022-07,5.75,5.75,53605.75,minimum_payout,minimum_payout
2023-07-28 00:00:00,25,2022-08,5.75,5.75,53605.75,minimum_payout,minimum_payout
2023-07-28 00:00:00,30,2023-01,5.75,5.75,53605.75,minimum_payout,minimum_payout
2023-07-28 00:00:00,31,2023-01,5.75,5.75,53605.75,minimum_payout,minimum_payout
2023-07-28 00:00:00,32,2023-01,5.75,5.75,53605.75,minimum_payout,minimum_payout
2023-07-29 00:00:00,17,2022-06,191.4,191.4,53791.4,minimum_payout,minimum_payout
2023-07-29 00:00:00,18,2022-06,191.4,191.4,53791.4,minimum_payout,minimum_payout
2023-07-29 00:00:00,19,2022-06,191.4,191.4,53791.4,minimum_payout,minimum_payout
2023-07-29 00:00:00,20,2022-06,191.4,191.4,53791.4,minimum_payout,minimum_payout
2023-07-29 00:00:00,21,2022-06,191.4,191.4,53791.4,minimum_payout,minimum_payout
2023-07-29 00:00:00,22,2022-06,191.4,191.4,53791.4,minimum_payout,minimum_payout
2023-07-29 00:00:00,23,2022-06,191.4,191.4,53791.4,minimum_payout,minimum_payout
2023-07-29 00:00:00,24,2022-07,191.4,191.4,53791.4,minimum_payout,minimum_payout
2023-07-29 00:00:00,25,2022-08,191.4,191.4,53791.4,minimum_payout,minimum_payout
2023-07-29 00:00:00,30,2023-01,191.4,191.4,53791.4,minimum_payout,minimum_payout
2023-07-29 00:00:00,31,2023-01,191.4,191.4,53791.4,minimum_payout,minimum_payout
2023-07-29 00:00:00,32,2023-01,191.4,191.4,53791.4,minimum_payout,minimum_payout
2023-07-30 00:00:00,17,2022-06,191.4,191.4,53791.4,minimum_payout,minimum_payout
2023-07-30 00:00:00,18,2022-06,191.4,191.4,53791.4,minimum_payout,minimum_payout
2023-07-30 00:00:00,19,2022-06,191.4,191.4,53791.4,minimum_payout,minimum_payout
2023-07-30 00:00:00,20,2022-06,191.4,191.4,53791.4,minimum_payout,minimum_payout
2023-07-30 00:00:00,21,2022-06,191.4,191.4,53791.4,minimum_payout,minimum_payout
2023-07-30 00:00:00,22,2022-06,191.4,191.4,53791.4,minimum_payout,minimum_payout
2023-07-30 00:00:00,23,2022-06,191.4,191.4,53791.4,minimum_payout,minimum_payout
2023-07-30 00:00:00,24,2022-07,191.4,191.4,53791.4,minimum_payout,minimum_payout
2023-07-30 00:00:00,25,2022-08,191.4,191.4,53791.4,minimum_payout,minimum_payout
2023-07-30 00:00:00,30,2023-01,191.4,191.4,53791.4,minimum_payout,minimum_payout
2023-07-30 00:00:00,31,2023-01,191.4,191.4,53791.4,minimum_payout,minimum_payout
2023-07-30 00:00:00,32,2023-01,191.4,191.4,53791.4,minimum_payout,minimum_payout
2023-07-31 00:00:00,17,2022-06,191.4,191.4,53791.4,minimum_payout,minimum_payout
2023-07-31 00:00:00,18,2022-06,191.4,191.4,53791.4,minimum_payout,minimum_payout
2023-07-31 00:00:00,19,2022-06,191.4,191.4,53791.4,minimum_payout,minimum_payout
2023-07-31 00:00:00,20,2022-06,191.4,191.4,53791.4,minimum_payout,minimum_payout
2023-07-31 00:00:00,21,2022-06,191.4,191.4,53791.4,minimum_payout,minimum_payout
2023-07-31 00:00:00,22,2022-06,191.4,191.4,53791.4,minimum_payout,minimum_payout
2023-07-31 00:00:00,23,2022-06,191.4,191.4,53791.4,minimum_payout,minimum_payout
2023-07-31 00:00:00,24,2022-07,191.4,191.4,53791.4,minimum_payout,minimum_payout
2023-07-31 00:00:00,25,2022-08,191.4,191.4,53791.4,minimum_payout,minimum_payout
2023-07-31 00:00:00,30,2023-01,191.4,191.4,53791.4,minimum_payout,minimum_payout
2023-07-31 00:00:00,31,2023-01,191.4,191.4,53791.4,minimum_payout,minimum_payout
2023-07-31 00:00:00,32,2023-01,191.4,191.4,53791.4,minimum_payout,minimum_payout
2023-08-01 00:00:00,17,2022-06,95.45,95.45,53695.45,minimum_payout,minimum_payout
2023-08-01 00:00:00,18,2022-06,95.45,95.45,53695.45,minimum_payout,minimum_payout
2023-08-01 00:00:00,19,2022-06,95.45,95.45,53695.45,minimum_payout,minimum_payout
2023-08-01 00:00:00,20,2022-06,95.45,95.45,53695.45,minimum_payout,minimum_payout
2023-08-01 00:00:00,21,2022-06,95.45,95.45,53695.45,minimum_payout,minimum_payout
2023-08-01 00:00:00,22,2022-06,95.45,95.45,53695.45,minimum_payout,minimum_payout
2023-08-01 00:00:00,23,2022-06,95.45,95.45,53695.45,minimum_payout,minimum_payout
2023-08-01 00:00:00,24,2022-07,95.45,95.45,53695.45,minimum_payout,minimum_payout
2023-08-01 00:00:00,25,2022-08,95.45,95.45,53695.45,minimum_payout,minimum_payout
2023-08-01 00:00:00,30,2023-01,95.45,95.45,53695.45,minimum_payout,minimum_payout
2023-08-01 00:00:00,31,2023-01,95.45,95.45,53695.45,minimum_payout,minimum_payout
2023-08-01 00:00:00,32,2023-01,95.45,95.45,53695.45,minimum_payout,minimum_payout
2023-08-02 00:00:00,17,2022-06,5.25,5.25,53605.25,minimum_payout,minimum_payout
2023-08-02 00:00:00,18,2022-06,5.25,5.25,53605.25,minimum_payout,minimum_payout
2023-08-02 00:00:00,19,2022-06,5.25,5.25,53605.25,minimum_payout,minimum_payout
2023-08-02 00:00:00,20,2022-06,5.25,5.25,53605.25,minimum_payout,minimum_payout
2023-08-02 00:00:00,21,2022-06,5.25,5.25,53605.25,minimum_payout,minimum_payout
2023-08-02 00:00:00,22,2022-06,5.25,5.25,53605.25,minimum_payout,minimum_payout
2023-08-02 00:00:00,23,2022-06,5.25,5.25,53605.25,minimum_payout,minimum_payout
2023-08-02 00:00:00,24,2022-07,5.25,5.25,53605.25,minimum_payout,minimum_payout
2023-08-02 00:00:00,25,2022-08,5.25,5.25,53605.25,minimum_payout,minimum_payout
2023-08-02 00:00:00,30,2023-01,5.25,5.25,53605.25,minimum_payout,minimum_payout
2023-08-02 00:00:00,31,2023-01,5.25,5.25,53605.25,minimum_payout,minimum_payout
2023-08-02 00:00:00,32,2023-01,5.25,5.25,53605.25,minimum_payout,minimum_payout
2023-08-10 00:00:00,17,2022-06,62.9,62.9,53662.9,minimum_payout,minimum_payout
2023-08-10 00:00:00,18,2022-06,62.9,62.9,53662.9,minimum_payout,minimum_payout
2023-08-10 00:00:00,19,2022-06,62.9,62.9,53662.9,minimum_payout,minimum_payout
2023-08-10 00:00:00,20,2022-06,62.9,62.9,53662.9,minimum_payout,minimum_payout
2023-08-10 00:00:00,21,2022-06,62.9,62.9,53662.9,minimum_payout,minimum_payout
2023-08-10 00:00:00,22,2022-06,62.9,62.9,53662.9,minimum_payout,minimum_payout
2023-08-10 00:00:00,23,2022-06,62.9,62.9,53662.9,minimum_payout,minimum_payout
2023-08-10 00:00:00,24,2022-07,62.9,62.9,53662.9,minimum_payout,minimum_payout
2023-08-10 00:00:00,25,2022-08,62.9,62.9,53662.9,minimum_payout,minimum_payout
2023-08-10 00:00:00,30,2023-01,62.9,62.9,53662.9,minimum_payout,minimum_payout
2023-08-10 00:00:00,31,2023-01,62.9,62.9,53662.9,minimum_payout,minimum_payout
2023-08-10 00:00:00,32,2023-01,62.9,62.9,53662.9,minimum_payout,minimum_payout
2023-08-11 00:00:00,17,2022-06,226.3,226.3,53826.3,minimum_payout,minimum_payout
2023-08-11 00:00:00,18,2022-06,226.3,226.3,53826.3,minimum_payout,minimum_payout
2023-08-11 00:00:00,19,2022-06,226.3,226.3,53826.3,minimum_payout,minimum_payout
2023-08-11 00:00:00,20,2022-06,226.3,226.3,53826.3,minimum_payout,minimum_payout
2023-08-11 00:00:00,21,2022-06,226.3,226.3,53826.3,minimum_payout,minimum_payout
2023-08-11 00:00:00,22,2022-06,226.3,226.3,53826.3,minimum_payout,minimum_payout
2023-08-11 00:00:00,23,2022-06,226.3,226.3,53826.3,minimum_payout,minimum_payout
2023-08-11 00:00:00,24,2022-07,226.3,226.3,53826.3,minimum_payout,minimum_payout
2023-08-11 00:00:00,25,2022-08,226.3,226.3,53826.3,minimum_payout,minimum_payout
2023-08-11 00:00:00,30,2023-01,226.3,226.3,53826.3,minimum_payout,minimum_payout
2023-08-11 00:00:00,31,2023-01,226.3,226.3,53826.3,minimum_payout,minimum_payout
2023-08-11 00:00:00,32,2023-01,226.3,226.3,53826.3,minimum_payout,minimum_payout
2023-08-15 00:00:00,17,2022-06,213.5,213.5,53813.5,minimum_payout,minimum_payout
2023-08-15 00:00:00,18,2022-06,213.5,213.5,53813.5,minimum_payout,minimum_payout
2023-08-15 00:00:00,19,2022-06,213.5,213.5,53813.5,minimum_payout,minimum_payout
2023-08-15 00:00:00,20,2022-06,213.5,213.5,53813.5,minimum_payout,minimum_payout
2023-08-15 00:00:00,21,2022-06,213.5,213.5,53813.5,minimum_payout,minimum_payout
2023-08-15 00:00:00,22,2022-06,213.5,213.5,53813.5,minimum_payout,minimum_payout
2023-08-15 00:00:00,23,2022-06,213.5,213.5,53813.5,minimum_payout,minimum_payout
2023-08-15 00:00:00,24,2022-07,213.5,213.5,53813.5,minimum_payout,minimum_payout
2023-08-15 00:00:00,25,2022-08,213.5,213.5,53813.5,minimum_payout,minimum_payout
2023-08-15 00:00:00,30,2023-01,213.5,213.5,53813.5,minimum_payout,minimum_payout
2023-08-15 00:00:00,31,2023-01,213.5,213.5,53813.5,minimum_payout,minimum_payout
2023-08-15 00:00:00,32,2023-01,213.5,213.5,53813.5,minimum_payout,minimum_payout
2023-08-22 00:00:00,17,2022-06,32.65,32.65,53632.65,minimum_payout,minimum_payout
2023-08-22 00:00:00,18,2022-06,32.65,32.65,53632.65,minimum_payout,minimum_payout
2023-08-22 00:00:00,19,2022-06,32.65,32.65,53632.65,minimum_payout,minimum_payout
2023-08-22 00:00:00,20,2022-06,32.65,32.65,53632.65,minimum_payout,minimum_payout
2023-08-22 00:00:00,21,2022-06,32.65,32.65,53632.65,minimum_payout,minimum_payout
2023-08-22 00:00:00,22,2022-06,32.65,32.65,53632.65,minimum_payout,minimum_payout
2023-08-22 00:00:00,23,2022-06,32.65,32.65,53632.65,minimum_payout,minimum_payout
2023-08-22 00:00:00,24,2022-07,32.65,32.65,53632.65,minimum_payout,minimum_payout
2023-08-22 00:00:00,25,2022-08,32.65,32.65,53632.65,minimum_payout,minimum_payout
2023-08-22 00:00:00,30,2023-01,32.65,32.65,53632.65,minimum_payout,minimum_payout
2023-08-22 00:00:00,31,2023-01,32.65,32.65,53632.65,minimum_payout,minimum_payout
2023-08-22 00:00:00,32,2023-01,32.65,32.65,53632.65,minimum_payout,minimum_payout
2023-08-24 00:00:00,17,2022-06,446.1,446.1,54046.1,minimum_payout,minimum_payout
2023-08-24 00:00:00,18,2022-06,446.1,446.1,54046.1,minimum_payout,minimum_payout
2023-08-24 00:00:00,19,2022-06,446.1,446.1,54046.1,minimum_payout,minimum_payout
2023-08-24 00:00:00,20,2022-06,446.1,446.1,54046.1,minimum_payout,minimum_payout
2023-08-24 00:00:00,21,2022-06,446.1,446.1,54046.1,minimum_payout,minimum_payout
2023-08-24 00:00:00,22,2022-06,446.1,446.1,54046.1,minimum_payout,minimum_payout
2023-08-24 00:00:00,23,2022-06,446.1,446.1,54046.1,minimum_payout,minimum_payout
2023-08-24 00:00:00,24,2022-07,446.1,446.1,54046.1,minimum_payout,minimum_payout
2023-08-24 00:00:00,25,2022-08,446.1,446.1,54046.1,minimum_payout,minimum_payout
2023-08-24 00:00:00,29,2022-12,111.2,111.2,53711.2,minimum_payout,minimum_payout
2023-08-24 00:00:00,30,2023-01,446.1,446.1,54046.1,minimum_payout,minimum_payout
2023-08-24 00:00:00,31,2023-01,446.1,446.1,54046.1,minimum_payout,minimum_payout
2023-08-24 00:00:00,32,2023-01,446.1,446.1,54046.1,minimum_payout,minimum_payout
2023-08-24 00:00:00,33,2023-02,117.5,117.5,53717.5,minimum_payout,minimum_payout
2023-08-24 00:00:00,34,2023-03,39.3,39.3,53639.3,minimum_payout,minimum_payout
2023-08-25 00:00:00,17,2022-06,179.75,179.75,53779.75,minimum_payout,minimum_payout
2023-08-25 00:00:00,18,2022-06,179.75,179.75,53779.75,minimum_payout,minimum_payout
2023-08-25 00:00:00,19,2022-06,179.75,179.75,53779.75,minimum_payout,minimum_payout
2023-08-25 00:00:00,20,2022-06,179.75,179.75,53779.75,minimum_payout,minimum_payout
2023-08-25 00:00:00,21,2022-06,179.75,179.75,53779.75,minimum_payout,minimum_payout
2023-08-25 00:00:00,22,2022-06,179.75,179.75,53779.75,minimum_payout,minimum_payout
2023-08-25 00:00:00,23,2022-06,179.75,179.75,53779.75,minimum_payout,minimum_payout
2023-08-25 00:00:00,24,2022-07,179.75,179.75,53779.75,minimum_payout,minimum_payout
2023-08-25 00:00:00,25,2022-08,179.75,179.75,53779.75,minimum_payout,minimum_payout
2023-08-25 00:00:00,30,2023-01,179.75,179.75,53779.75,minimum_payout,minimum_payout
2023-08-25 00:00:00,31,2023-01,179.75,179.75,53779.75,minimum_payout,minimum_payout
2023-08-25 00:00:00,32,2023-01,179.75,179.75,53779.75,minimum_payout,minimum_payout
2023-08-26 00:00:00,28,2022-11,178.0,178.0,53778.0,minimum_payout,minimum_payout
2023-08-26 00:00:00,29,2022-12,347.4,347.4,53947.4,minimum_payout,minimum_payout
2023-08-26 00:00:00,33,2023-02,353.7,353.7,53953.7,minimum_payout,minimum_payout
2023-08-26 00:00:00,34,2023-03,275.5,275.5,53875.5,minimum_payout,minimum_payout
2023-08-27 00:00:00,28,2022-11,178.0,178.0,53778.0,minimum_payout,minimum_payout
2023-08-27 00:00:00,29,2022-12,347.4,347.4,53947.4,minimum_payout,minimum_payout
2023-08-27 00:00:00,33,2023-02,353.7,353.7,53953.7,minimum_payout,minimum_payout
2023-08-27 00:00:00,34,2023-03,275.5,275.5,53875.5,minimum_payout,minimum_payout
2023-08-28 00:00:00,28,2022-11,178.0,178.0,53778.0,minimum_payout,minimum_payout
2023-08-28 00:00:00,29,2022-12,347.4,347.4,53947.4,minimum_payout,minimum_payout
2023-08-28 00:00:00,33,2023-02,353.7,353.7,53953.7,minimum_payout,minimum_payout
2023-08-28 00:00:00,34,2023-03,275.5,275.5,53875.5,minimum_payout,minimum_payout
2023-08-29 00:00:00,17,2022-06,306.1,0.0,53906.1,trading_days,trading_days|profitable_days
2023-08-29 00:00:00,18,2022-06,306.1,0.0,53906.1,trading_days,trading_days|profitable_days
2023-08-29 00:00:00,19,2022-06,306.1,0.0,53906.1,trading_days,trading_days|profitable_days
2023-08-29 00:00:00,20,2022-06,306.1,0.0,53906.1,trading_days,trading_days|profitable_days
2023-08-29 00:00:00,21,2022-06,306.1,0.0,53906.1,trading_days,trading_days|profitable_days
2023-08-29 00:00:00,22,2022-06,306.1,0.0,53906.1,trading_days,trading_days|profitable_days
2023-08-29 00:00:00,23,2022-06,306.1,0.0,53906.1,trading_days,trading_days|profitable_days
2023-08-29 00:00:00,24,2022-07,306.1,0.0,53906.1,trading_days,trading_days|profitable_days
2023-08-29 00:00:00,25,2022-08,306.1,0.0,53906.1,trading_days,trading_days|profitable_days
2023-08-29 00:00:00,28,2022-11,484.1,484.1,54084.1,minimum_payout,minimum_payout
2023-08-29 00:00:00,30,2023-01,306.1,0.0,53906.1,trading_days,trading_days|profitable_days
2023-08-29 00:00:00,31,2023-01,306.1,0.0,53906.1,trading_days,trading_days|profitable_days
2023-08-29 00:00:00,32,2023-01,306.1,0.0,53906.1,trading_days,trading_days|profitable_days
2023-08-30 00:00:00,17,2022-06,165.55,0.0,53765.55,trading_days,trading_days|profitable_days
2023-08-30 00:00:00,18,2022-06,165.55,0.0,53765.55,trading_days,trading_days|profitable_days
2023-08-30 00:00:00,19,2022-06,165.55,0.0,53765.55,trading_days,trading_days|profitable_days
2023-08-30 00:00:00,20,2022-06,165.55,0.0,53765.55,trading_days,trading_days|profitable_days
2023-08-30 00:00:00,21,2022-06,165.55,0.0,53765.55,trading_days,trading_days|profitable_days
2023-08-30 00:00:00,22,2022-06,165.55,0.0,53765.55,trading_days,trading_days|profitable_days
2023-08-30 00:00:00,23,2022-06,165.55,0.0,53765.55,trading_days,trading_days|profitable_days
2023-08-30 00:00:00,24,2022-07,165.55,0.0,53765.55,trading_days,trading_days|profitable_days
2023-08-30 00:00:00,25,2022-08,165.55,0.0,53765.55,trading_days,trading_days|profitable_days
2023-08-30 00:00:00,28,2022-11,343.55,343.55,53943.55,minimum_payout,minimum_payout
2023-08-30 00:00:00,30,2023-01,165.55,0.0,53765.55,trading_days,trading_days|profitable_days
2023-08-30 00:00:00,31,2023-01,165.55,0.0,53765.55,trading_days,trading_days|profitable_days
2023-08-30 00:00:00,32,2023-01,165.55,0.0,53765.55,trading_days,trading_days|profitable_days
2023-08-31 00:00:00,17,2022-06,314.15,0.0,53914.15,trading_days,trading_days|profitable_days
2023-08-31 00:00:00,18,2022-06,314.15,0.0,53914.15,trading_days,trading_days|profitable_days
2023-08-31 00:00:00,19,2022-06,314.15,0.0,53914.15,trading_days,trading_days|profitable_days
2023-08-31 00:00:00,20,2022-06,314.15,0.0,53914.15,trading_days,trading_days|profitable_days
2023-08-31 00:00:00,21,2022-06,314.15,0.0,53914.15,trading_days,trading_days|profitable_days
2023-08-31 00:00:00,22,2022-06,314.15,0.0,53914.15,trading_days,trading_days|profitable_days
2023-08-31 00:00:00,23,2022-06,314.15,0.0,53914.15,trading_days,trading_days|profitable_days
2023-08-31 00:00:00,24,2022-07,314.15,0.0,53914.15,trading_days,trading_days|profitable_days
2023-08-31 00:00:00,25,2022-08,314.15,0.0,53914.15,trading_days,trading_days|profitable_days
2023-08-31 00:00:00,28,2022-11,492.15,492.15,54092.15,minimum_payout,minimum_payout
2023-08-31 00:00:00,29,2022-12,8.05,0.0,53608.05,trading_days,trading_days|profitable_days
2023-08-31 00:00:00,30,2023-01,314.15,0.0,53914.15,trading_days,trading_days|profitable_days
2023-08-31 00:00:00,31,2023-01,314.15,0.0,53914.15,trading_days,trading_days|profitable_days
2023-08-31 00:00:00,32,2023-01,314.15,0.0,53914.15,trading_days,trading_days|profitable_days
2023-08-31 00:00:00,33,2023-02,8.05,0.0,53608.05,trading_days,trading_days|profitable_days
2023-08-31 00:00:00,34,2023-03,8.05,0.0,53608.05,trading_days,trading_days|profitable_days
2023-09-01 00:00:00,17,2022-06,266.65,0.0,53866.65,trading_days,trading_days|profitable_days
2023-09-01 00:00:00,18,2022-06,266.65,0.0,53866.65,trading_days,trading_days|profitable_days
2023-09-01 00:00:00,19,2022-06,266.65,0.0,53866.65,trading_days,trading_days|profitable_days
2023-09-01 00:00:00,20,2022-06,266.65,0.0,53866.65,trading_days,trading_days|profitable_days
2023-09-01 00:00:00,21,2022-06,266.65,0.0,53866.65,trading_days,trading_days|profitable_days
2023-09-01 00:00:00,22,2022-06,266.65,0.0,53866.65,trading_days,trading_days|profitable_days
2023-09-01 00:00:00,23,2022-06,266.65,0.0,53866.65,trading_days,trading_days|profitable_days
2023-09-01 00:00:00,24,2022-07,266.65,0.0,53866.65,trading_days,trading_days|profitable_days
2023-09-01 00:00:00,25,2022-08,266.65,0.0,53866.65,trading_days,trading_days|profitable_days
2023-09-01 00:00:00,28,2022-11,444.65,444.65,54044.65,minimum_payout,minimum_payout
2023-09-01 00:00:00,30,2023-01,266.65,0.0,53866.65,trading_days,trading_days|profitable_days
2023-09-01 00:00:00,31,2023-01,266.65,0.0,53866.65,trading_days,trading_days|profitable_days
2023-09-01 00:00:00,32,2023-01,266.65,0.0,53866.65,trading_days,trading_days|profitable_days
2023-09-02 00:00:00,17,2022-06,650.35,0.0,54250.35,trading_days,trading_days|profitable_days
2023-09-02 00:00:00,18,2022-06,650.35,0.0,54250.35,trading_days,trading_days|profitable_days
2023-09-02 00:00:00,19,2022-06,650.35,0.0,54250.35,trading_days,trading_days|profitable_days
2023-09-02 00:00:00,20,2022-06,650.35,0.0,54250.35,trading_days,trading_days|profitable_days
2023-09-02 00:00:00,21,2022-06,650.35,0.0,54250.35,trading_days,trading_days|profitable_days
2023-09-02 00:00:00,22,2022-06,650.35,0.0,54250.35,trading_days,trading_days|profitable_days
2023-09-02 00:00:00,23,2022-06,650.35,0.0,54250.35,trading_days,trading_days|profitable_days
2023-09-02 00:00:00,24,2022-07,650.35,0.0,54250.35,trading_days,trading_days|profitable_days
2023-09-02 00:00:00,25,2022-08,650.35,0.0,54250.35,trading_days,trading_days|profitable_days
2023-09-02 00:00:00,29,2022-12,344.25,0.0,53944.25,trading_days,trading_days|profitable_days
2023-09-02 00:00:00,30,2023-01,650.35,0.0,54250.35,trading_days,trading_days|profitable_days
2023-09-02 00:00:00,31,2023-01,650.35,0.0,54250.35,trading_days,trading_days|profitable_days
2023-09-02 00:00:00,32,2023-01,650.35,0.0,54250.35,trading_days,trading_days|profitable_days
2023-09-02 00:00:00,33,2023-02,344.25,0.0,53944.25,trading_days,trading_days|profitable_days
2023-09-02 00:00:00,34,2023-03,344.25,0.0,53944.25,trading_days,trading_days|profitable_days
2023-09-03 00:00:00,17,2022-06,650.35,0.0,54250.35,trading_days,trading_days|profitable_days
2023-09-03 00:00:00,18,2022-06,650.35,0.0,54250.35,trading_days,trading_days|profitable_days
2023-09-03 00:00:00,19,2022-06,650.35,0.0,54250.35,trading_days,trading_days|profitable_days
2023-09-03 00:00:00,20,2022-06,650.35,0.0,54250.35,trading_days,trading_days|profitable_days
2023-09-03 00:00:00,21,2022-06,650.35,0.0,54250.35,trading_days,trading_days|profitable_days
2023-09-03 00:00:00,22,2022-06,650.35,0.0,54250.35,trading_days,trading_days|profitable_days
2023-09-03 00:00:00,23,2022-06,650.35,0.0,54250.35,trading_days,trading_days|profitable_days
2023-09-03 00:00:00,24,2022-07,650.35,0.0,54250.35,trading_days,trading_days|profitable_days
2023-09-03 00:00:00,25,2022-08,650.35,0.0,54250.35,trading_days,trading_days|profitable_days
2023-09-03 00:00:00,29,2022-12,344.25,0.0,53944.25,trading_days,trading_days|profitable_days
2023-09-03 00:00:00,30,2023-01,650.35,0.0,54250.35,trading_days,trading_days|profitable_days
2023-09-03 00:00:00,31,2023-01,650.35,0.0,54250.35,trading_days,trading_days|profitable_days
2023-09-03 00:00:00,32,2023-01,650.35,0.0,54250.35,trading_days,trading_days|profitable_days
2023-09-03 00:00:00,33,2023-02,344.25,0.0,53944.25,trading_days,trading_days|profitable_days
2023-09-03 00:00:00,34,2023-03,344.25,0.0,53944.25,trading_days,trading_days|profitable_days
2023-09-04 00:00:00,17,2022-06,650.35,0.0,54250.35,trading_days,trading_days|profitable_days
2023-09-04 00:00:00,18,2022-06,650.35,0.0,54250.35,trading_days,trading_days|profitable_days
2023-09-04 00:00:00,19,2022-06,650.35,0.0,54250.35,trading_days,trading_days|profitable_days
2023-09-04 00:00:00,20,2022-06,650.35,0.0,54250.35,trading_days,trading_days|profitable_days
2023-09-04 00:00:00,21,2022-06,650.35,0.0,54250.35,trading_days,trading_days|profitable_days
2023-09-04 00:00:00,22,2022-06,650.35,0.0,54250.35,trading_days,trading_days|profitable_days
2023-09-04 00:00:00,23,2022-06,650.35,0.0,54250.35,trading_days,trading_days|profitable_days
2023-09-04 00:00:00,24,2022-07,650.35,0.0,54250.35,trading_days,trading_days|profitable_days
2023-09-04 00:00:00,25,2022-08,650.35,0.0,54250.35,trading_days,trading_days|profitable_days
2023-09-04 00:00:00,29,2022-12,344.25,0.0,53944.25,trading_days,trading_days|profitable_days
2023-09-04 00:00:00,30,2023-01,650.35,0.0,54250.35,trading_days,trading_days|profitable_days
2023-09-04 00:00:00,31,2023-01,650.35,0.0,54250.35,trading_days,trading_days|profitable_days
2023-09-04 00:00:00,32,2023-01,650.35,0.0,54250.35,trading_days,trading_days|profitable_days
2023-09-04 00:00:00,33,2023-02,344.25,0.0,53944.25,trading_days,trading_days|profitable_days
2023-09-04 00:00:00,34,2023-03,344.25,0.0,53944.25,trading_days,trading_days|profitable_days
2023-09-05 00:00:00,17,2022-06,696.95,0.0,54296.95,trading_days,trading_days|profitable_days
2023-09-05 00:00:00,18,2022-06,696.95,0.0,54296.95,trading_days,trading_days|profitable_days
2023-09-05 00:00:00,19,2022-06,696.95,0.0,54296.95,trading_days,trading_days|profitable_days
2023-09-05 00:00:00,20,2022-06,696.95,0.0,54296.95,trading_days,trading_days|profitable_days
2023-09-05 00:00:00,21,2022-06,696.95,0.0,54296.95,trading_days,trading_days|profitable_days
2023-09-05 00:00:00,22,2022-06,696.95,0.0,54296.95,trading_days,trading_days|profitable_days
2023-09-05 00:00:00,23,2022-06,696.95,0.0,54296.95,trading_days,trading_days|profitable_days
2023-09-05 00:00:00,24,2022-07,696.95,0.0,54296.95,trading_days,trading_days|profitable_days
2023-09-05 00:00:00,25,2022-08,696.95,0.0,54296.95,trading_days,trading_days|profitable_days
2023-09-05 00:00:00,28,2022-11,46.6,0.0,53646.6,trading_days,trading_days|profitable_days
2023-09-05 00:00:00,29,2022-12,390.85,0.0,53990.85,trading_days,trading_days|profitable_days
2023-09-05 00:00:00,30,2023-01,696.95,0.0,54296.95,trading_days,trading_days|profitable_days
2023-09-05 00:00:00,31,2023-01,696.95,0.0,54296.95,trading_days,trading_days|profitable_days
2023-09-05 00:00:00,32,2023-01,696.95,0.0,54296.95,trading_days,trading_days|profitable_days
2023-09-05 00:00:00,33,2023-02,390.85,0.0,53990.85,trading_days,trading_days|profitable_days
2023-09-05 00:00:00,34,2023-03,390.85,0.0,53990.85,trading_days,trading_days|profitable_days
2023-09-06 00:00:00,17,2022-06,585.95,0.0,54185.95,trading_days,trading_days|profitable_days
2023-09-06 00:00:00,18,2022-06,585.95,0.0,54185.95,trading_days,trading_days|profitable_days
2023-09-06 00:00:00,19,2022-06,585.95,0.0,54185.95,trading_days,trading_days|profitable_days
2023-09-06 00:00:00,20,2022-06,585.95,0.0,54185.95,trading_days,trading_days|profitable_days
2023-09-06 00:00:00,21,2022-06,585.95,0.0,54185.95,trading_days,trading_days|profitable_days
2023-09-06 00:00:00,22,2022-06,585.95,0.0,54185.95,trading_days,trading_days|profitable_days
2023-09-06 00:00:00,23,2022-06,585.95,0.0,54185.95,trading_days,trading_days|profitable_days
2023-09-06 00:00:00,24,2022-07,585.95,0.0,54185.95,trading_days,trading_days|profitable_days
2023-09-06 00:00:00,25,2022-08,585.95,0.0,54185.95,trading_days,trading_days|profitable_days
2023-09-06 00:00:00,29,2022-12,279.85,0.0,53879.85,trading_days,trading_days|profitable_days
2023-09-06 00:00:00,30,2023-01,585.95,0.0,54185.95,trading_days,trading_days|profitable_days
2023-09-06 00:00:00,31,2023-01,585.95,0.0,54185.95,trading_days,trading_days|profitable_days
2023-09-06 00:00:00,32,2023-01,585.95,0.0,54185.95,trading_days,trading_days|profitable_days
2023-09-06 00:00:00,33,2023-02,279.85,0.0,53879.85,trading_days,trading_days|profitable_days
2023-09-06 00:00:00,34,2023-03,279.85,0.0,53879.85,trading_days,trading_days|profitable_days
2023-09-07 00:00:00,17,2022-06,538.1,0.0,54138.1,profitable_days,profitable_days
2023-09-07 00:00:00,18,2022-06,538.1,0.0,54138.1,profitable_days,profitable_days
2023-09-07 00:00:00,19,2022-06,538.1,0.0,54138.1,profitable_days,profitable_days
2023-09-07 00:00:00,20,2022-06,538.1,0.0,54138.1,profitable_days,profitable_days
2023-09-07 00:00:00,21,2022-06,538.1,0.0,54138.1,profitable_days,profitable_days
2023-09-07 00:00:00,22,2022-06,538.1,0.0,54138.1,profitable_days,profitable_days
2023-09-07 00:00:00,23,2022-06,538.1,0.0,54138.1,profitable_days,profitable_days
2023-09-07 00:00:00,24,2022-07,538.1,0.0,54138.1,profitable_days,profitable_days
2023-09-07 00:00:00,25,2022-08,538.1,0.0,54138.1,profitable_days,profitable_days
2023-09-07 00:00:00,29,2022-12,232.0,0.0,53832.0,trading_days,trading_days|profitable_days
2023-09-07 00:00:00,30,2023-01,538.1,0.0,54138.1,profitable_days,profitable_days
2023-09-07 00:00:00,31,2023-01,538.1,0.0,54138.1,profitable_days,profitable_days
2023-09-07 00:00:00,32,2023-01,538.1,0.0,54138.1,profitable_days,profitable_days
2023-09-07 00:00:00,33,2023-02,232.0,0.0,53832.0,trading_days,trading_days|profitable_days
2023-09-07 00:00:00,34,2023-03,232.0,0.0,53832.0,trading_days,trading_days|profitable_days
2023-09-08 00:00:00,17,2022-06,420.6,0.0,54020.6,profitable_days,profitable_days
2023-09-08 00:00:00,18,2022-06,420.6,0.0,54020.6,profitable_days,profitable_days
2023-09-08 00:00:00,19,2022-06,420.6,0.0,54020.6,profitable_days,profitable_days
2023-09-08 00:00:00,20,2022-06,420.6,0.0,54020.6,profitable_days,profitable_days
2023-09-08 00:00:00,21,2022-06,420.6,0.0,54020.6,profitable_days,profitable_days
2023-09-08 00:00:00,22,2022-06,420.6,0.0,54020.6,profitable_days,profitable_days
2023-09-08 00:00:00,23,2022-06,420.6,0.0,54020.6,profitable_days,profitable_days
2023-09-08 00:00:00,24,2022-07,420.6,0.0,54020.6,profitable_days,profitable_days
2023-09-08 00:00:00,25,2022-08,420.6,0.0,54020.6,profitable_days,profitable_days
2023-09-08 00:00:00,29,2022-12,114.5,0.0,53714.5,profitable_days,profitable_days
2023-09-08 00:00:00,30,2023-01,420.6,0.0,54020.6,profitable_days,profitable_days
2023-09-08 00:00:00,31,2023-01,420.6,0.0,54020.6,profitable_days,profitable_days
2023-09-08 00:00:00,32,2023-01,420.6,0.0,54020.6,profitable_days,profitable_days
2023-09-08 00:00:00,33,2023-02,114.5,0.0,53714.5,profitable_days,profitable_days
2023-09-08 00:00:00,34,2023-03,114.5,0.0,53714.5,profitable_days,profitable_days
2023-09-09 00:00:00,17,2022-06,484.8,0.0,54084.8,profitable_days,profitable_days
2023-09-09 00:00:00,18,2022-06,484.8,0.0,54084.8,profitable_days,profitable_days
2023-09-09 00:00:00,19,2022-06,484.8,0.0,54084.8,profitable_days,profitable_days
2023-09-09 00:00:00,20,2022-06,484.8,0.0,54084.8,profitable_days,profitable_days
2023-09-09 00:00:00,21,2022-06,484.8,0.0,54084.8,profitable_days,profitable_days
2023-09-09 00:00:00,22,2022-06,484.8,0.0,54084.8,profitable_days,profitable_days
2023-09-09 00:00:00,23,2022-06,484.8,0.0,54084.8,profitable_days,profitable_days
2023-09-09 00:00:00,24,2022-07,484.8,0.0,54084.8,profitable_days,profitable_days
2023-09-09 00:00:00,25,2022-08,484.8,0.0,54084.8,profitable_days,profitable_days
2023-09-09 00:00:00,29,2022-12,178.7,0.0,53778.7,profitable_days,profitable_days
2023-09-09 00:00:00,30,2023-01,484.8,0.0,54084.8,profitable_days,profitable_days
2023-09-09 00:00:00,31,2023-01,484.8,0.0,54084.8,profitable_days,profitable_days
2023-09-09 00:00:00,32,2023-01,484.8,0.0,54084.8,profitable_days,profitable_days
2023-09-09 00:00:00,33,2023-02,178.7,0.0,53778.7,profitable_days,profitable_days
2023-09-09 00:00:00,34,2023-03,178.7,0.0,53778.7,profitable_days,profitable_days
2023-09-10 00:00:00,17,2022-06,484.8,0.0,54084.8,profitable_days,profitable_days
2023-09-10 00:00:00,18,2022-06,484.8,0.0,54084.8,profitable_days,profitable_days
2023-09-10 00:00:00,19,2022-06,484.8,0.0,54084.8,profitable_days,profitable_days
2023-09-10 00:00:00,20,2022-06,484.8,0.0,54084.8,profitable_days,profitable_days
2023-09-10 00:00:00,21,2022-06,484.8,0.0,54084.8,profitable_days,profitable_days
2023-09-10 00:00:00,22,2022-06,484.8,0.0,54084.8,profitable_days,profitable_days
2023-09-10 00:00:00,23,2022-06,484.8,0.0,54084.8,profitable_days,profitable_days
2023-09-10 00:00:00,24,2022-07,484.8,0.0,54084.8,profitable_days,profitable_days
2023-09-10 00:00:00,25,2022-08,484.8,0.0,54084.8,profitable_days,profitable_days
2023-09-10 00:00:00,29,2022-12,178.7,0.0,53778.7,profitable_days,profitable_days
2023-09-10 00:00:00,30,2023-01,484.8,0.0,54084.8,profitable_days,profitable_days
2023-09-10 00:00:00,31,2023-01,484.8,0.0,54084.8,profitable_days,profitable_days
2023-09-10 00:00:00,32,2023-01,484.8,0.0,54084.8,profitable_days,profitable_days
2023-09-10 00:00:00,33,2023-02,178.7,0.0,53778.7,profitable_days,profitable_days
2023-09-10 00:00:00,34,2023-03,178.7,0.0,53778.7,profitable_days,profitable_days
2023-09-11 00:00:00,17,2022-06,484.8,0.0,54084.8,profitable_days,profitable_days
2023-09-11 00:00:00,18,2022-06,484.8,0.0,54084.8,profitable_days,profitable_days
2023-09-11 00:00:00,19,2022-06,484.8,0.0,54084.8,profitable_days,profitable_days
2023-09-11 00:00:00,20,2022-06,484.8,0.0,54084.8,profitable_days,profitable_days
2023-09-11 00:00:00,21,2022-06,484.8,0.0,54084.8,profitable_days,profitable_days
2023-09-11 00:00:00,22,2022-06,484.8,0.0,54084.8,profitable_days,profitable_days
2023-09-11 00:00:00,23,2022-06,484.8,0.0,54084.8,profitable_days,profitable_days
2023-09-11 00:00:00,24,2022-07,484.8,0.0,54084.8,profitable_days,profitable_days
2023-09-11 00:00:00,25,2022-08,484.8,0.0,54084.8,profitable_days,profitable_days
2023-09-11 00:00:00,29,2022-12,178.7,0.0,53778.7,profitable_days,profitable_days
2023-09-11 00:00:00,30,2023-01,484.8,0.0,54084.8,profitable_days,profitable_days
2023-09-11 00:00:00,31,2023-01,484.8,0.0,54084.8,profitable_days,profitable_days
2023-09-11 00:00:00,32,2023-01,484.8,0.0,54084.8,profitable_days,profitable_days
2023-09-11 00:00:00,33,2023-02,178.7,0.0,53778.7,profitable_days,profitable_days
2023-09-11 00:00:00,34,2023-03,178.7,0.0,53778.7,profitable_days,profitable_days
2023-09-12 00:00:00,28,2022-11,230.0,0.0,53830.0,trading_days,trading_days|profitable_days
2023-09-12 00:00:00,29,2022-12,574.25,0.0,54174.25,profitable_days,profitable_days
2023-09-12 00:00:00,33,2023-02,574.25,0.0,54174.25,profitable_days,profitable_days
2023-09-12 00:00:00,34,2023-03,574.25,0.0,54174.25,profitable_days,profitable_days
2023-09-13 00:00:00,28,2022-11,203.05,0.0,53803.05,trading_days,trading_days|profitable_days
2023-09-13 00:00:00,29,2022-12,547.3,0.0,54147.3,profitable_days,profitable_days
2023-09-13 00:00:00,33,2023-02,547.3,0.0,54147.3,profitable_days,profitable_days
2023-09-13 00:00:00,34,2023-03,547.3,0.0,54147.3,profitable_days,profitable_days
2023-09-14 00:00:00,28,2022-11,86.65,0.0,53686.65,profitable_days,profitable_days
2023-09-14 00:00:00,29,2022-12,430.9,0.0,54030.9,profitable_days,profitable_days
2023-09-14 00:00:00,33,2023-02,430.9,0.0,54030.9,profitable_days,profitable_days
2023-09-14 00:00:00,34,2023-03,430.9,0.0,54030.9,profitable_days,profitable_days
2023-09-15 00:00:00,29,2022-12,96.8,0.0,53696.8,profitable_days,profitable_days
2023-09-15 00:00:00,33,2023-02,96.8,0.0,53696.8,profitable_days,profitable_days
2023-09-15 00:00:00,34,2023-03,96.8,0.0,53696.8,profitable_days,profitable_days
2023-09-16 00:00:00,29,2022-12,72.0,0.0,53672.0,profitable_days,profitable_days
2023-09-16 00:00:00,33,2023-02,72.0,0.0,53672.0,profitable_days,profitable_days
2023-09-16 00:00:00,34,2023-03,72.0,0.0,53672.0,profitable_days,profitable_days
2023-09-17 00:00:00,29,2022-12,72.0,0.0,53672.0,profitable_days,profitable_days
2023-09-17 00:00:00,33,2023-02,72.0,0.0,53672.0,profitable_days,profitable_days
2023-09-17 00:00:00,34,2023-03,72.0,0.0,53672.0,profitable_days,profitable_days
2023-09-18 00:00:00,29,2022-12,72.0,0.0,53672.0,profitable_days,profitable_days
2023-09-18 00:00:00,33,2023-02,72.0,0.0,53672.0,profitable_days,profitable_days
2023-09-18 00:00:00,34,2023-03,72.0,0.0,53672.0,profitable_days,profitable_days
2023-09-19 00:00:00,29,2022-12,69.5,0.0,53669.5,profitable_days,profitable_days
2023-09-19 00:00:00,33,2023-02,69.5,0.0,53669.5,profitable_days,profitable_days
2023-09-19 00:00:00,34,2023-03,69.5,0.0,53669.5,profitable_days,profitable_days
2023-09-20 00:00:00,29,2022-12,99.2,0.0,53699.2,profitable_days,profitable_days
2023-09-20 00:00:00,33,2023-02,99.2,0.0,53699.2,profitable_days,profitable_days
2023-09-20 00:00:00,34,2023-03,99.2,0.0,53699.2,profitable_days,profitable_days
2024-01-20 00:00:00,29,2022-12,38.95,38.95,53638.95,minimum_payout,minimum_payout
2024-01-20 00:00:00,33,2023-02,38.95,38.95,53638.95,minimum_payout,minimum_payout
2024-01-20 00:00:00,34,2023-03,38.95,38.95,53638.95,minimum_payout,minimum_payout
2024-01-21 00:00:00,29,2022-12,38.95,38.95,53638.95,minimum_payout,minimum_payout
2024-01-21 00:00:00,33,2023-02,38.95,38.95,53638.95,minimum_payout,minimum_payout
2024-01-21 00:00:00,34,2023-03,38.95,38.95,53638.95,minimum_payout,minimum_payout
2024-01-22 00:00:00,29,2022-12,38.95,38.95,53638.95,minimum_payout,minimum_payout
2024-01-22 00:00:00,33,2023-02,38.95,38.95,53638.95,minimum_payout,minimum_payout
2024-01-22 00:00:00,34,2023-03,38.95,38.95,53638.95,minimum_payout,minimum_payout
2024-02-02 00:00:00,29,2022-12,112.2,112.2,53712.2,minimum_payout,minimum_payout
2024-02-02 00:00:00,33,2023-02,112.2,112.2,53712.2,minimum_payout,minimum_payout
2024-02-02 00:00:00,34,2023-03,112.2,112.2,53712.2,minimum_payout,minimum_payout
2024-02-03 00:00:00,28,2022-11,226.05,226.05,53826.05,minimum_payout,minimum_payout
2024-02-04 00:00:00,28,2022-11,226.05,226.05,53826.05,minimum_payout,minimum_payout
2024-02-05 00:00:00,28,2022-11,226.05,226.05,53826.05,minimum_payout,minimum_payout
2024-02-06 00:00:00,17,2022-06,111.05,111.05,53711.05,minimum_payout,minimum_payout
2024-02-06 00:00:00,18,2022-06,111.05,111.05,53711.05,minimum_payout,minimum_payout
2024-02-06 00:00:00,19,2022-06,111.05,111.05,53711.05,minimum_payout,minimum_payout
2024-02-06 00:00:00,20,2022-06,111.05,111.05,53711.05,minimum_payout,minimum_payout
2024-02-06 00:00:00,21,2022-06,111.05,111.05,53711.05,minimum_payout,minimum_payout
2024-02-06 00:00:00,22,2022-06,111.05,111.05,53711.05,minimum_payout,minimum_payout
2024-02-06 00:00:00,23,2022-06,111.05,111.05,53711.05,minimum_payout,minimum_payout
2024-02-06 00:00:00,24,2022-07,111.05,111.05,53711.05,minimum_payout,minimum_payout
2024-02-06 00:00:00,25,2022-08,111.05,111.05,53711.05,minimum_payout,minimum_payout
2024-02-06 00:00:00,28,2022-11,341.05,341.05,53941.05,minimum_payout,minimum_payout
2024-02-06 00:00:00,29,2022-12,115.0,0.0,53715.0,trading_days,trading_days|profitable_days
2024-02-06 00:00:00,30,2023-01,111.05,111.05,53711.05,minimum_payout,minimum_payout
2024-02-06 00:00:00,31,2023-01,111.05,111.05,53711.05,minimum_payout,minimum_payout
2024-02-06 00:00:00,32,2023-01,111.05,111.05,53711.05,minimum_payout,minimum_payout
2024-02-06 00:00:00,33,2023-02,115.0,0.0,53715.0,trading_days,trading_days|profitable_days
2024-02-06 00:00:00,34,2023-03,115.0,0.0,53715.0,trading_days,trading_days|profitable_days
2024-02-07 00:00:00,17,2022-06,175.2,175.2,53775.2,minimum_payout,minimum_payout
2024-02-07 00:00:00,18,2022-06,175.2,175.2,53775.2,minimum_payout,minimum_payout
2024-02-07 00:00:00,19,2022-06,175.2,175.2,53775.2,minimum_payout,minimum_payout
2024-02-07 00:00:00,20,2022-06,175.2,175.2,53775.2,minimum_payout,minimum_payout
2024-02-07 00:00:00,21,2022-06,175.2,175.2,53775.2,minimum_payout,minimum_payout
2024-02-07 00:00:00,22,2022-06,175.2,175.2,53775.2,minimum_payout,minimum_payout
2024-02-07 00:00:00,23,2022-06,175.2,175.2,53775.2,minimum_payout,minimum_payout
2024-02-07 00:00:00,24,2022-07,175.2,175.2,53775.2,minimum_payout,minimum_payout
2024-02-07 00:00:00,25,2022-08,175.2,175.2,53775.2,minimum_payout,minimum_payout
2024-02-07 00:00:00,28,2022-11,405.2,405.2,54005.2,minimum_payout,minimum_payout
2024-02-07 00:00:00,29,2022-12,179.15,0.0,53779.15,trading_days,trading_days|profitable_days
2024-02-07 00:00:00,30,2023-01,175.2,175.2,53775.2,minimum_payout,minimum_payout
2024-02-07 00:00:00,31,2023-01,175.2,175.2,53775.2,minimum_payout,minimum_payout
2024-02-07 00:00:00,32,2023-01,175.2,175.2,53775.2,minimum_payout,minimum_payout
2024-02-07 00:00:00,33,2023-02,179.15,0.0,53779.15,trading_days,trading_days|profitable_days
2024-02-07 00:00:00,34,2023-03,179.15,0.0,53779.15,trading_days,trading_days|profitable_days
2024-02-08 00:00:00,17,2022-06,368.35,368.35,53968.35,minimum_payout,minimum_payout
2024-02-08 00:00:00,18,2022-06,368.35,368.35,53968.35,minimum_payout,minimum_payout
2024-02-08 00:00:00,19,2022-06,368.35,368.35,53968.35,minimum_payout,minimum_payout
2024-02-08 00:00:00,20,2022-06,368.35,368.35,53968.35,minimum_payout,minimum_payout
2024-02-08 00:00:00,21,2022-06,368.35,368.35,53968.35,minimum_payout,minimum_payout
2024-02-08 00:00:00,22,2022-06,368.35,368.35,53968.35,minimum_payout,minimum_payout
2024-02-08 00:00:00,23,2022-06,368.35,368.35,53968.35,minimum_payout,minimum_payout
2024-02-08 00:00:00,24,2022-07,368.35,368.35,53968.35,minimum_payout,minimum_payout
2024-02-08 00:00:00,25,2022-08,368.35,368.35,53968.35,minimum_payout,minimum_payout
2024-02-08 00:00:00,29,2022-12,372.3,0.0,53972.3,trading_days,trading_days|profitable_days
2024-02-08 00:00:00,30,2023-01,368.35,368.35,53968.35,minimum_payout,minimum_payout
2024-02-08 00:00:00,31,2023-01,368.35,368.35,53968.35,minimum_payout,minimum_payout
2024-02-08 00:00:00,32,2023-01,368.35,368.35,53968.35,minimum_payout,minimum_payout
2024-02-08 00:00:00,33,2023-02,372.3,0.0,53972.3,trading_days,trading_days|profitable_days
2024-02-08 00:00:00,34,2023-03,372.3,0.0,53972.3,trading_days,trading_days|profitable_days
2024-02-09 00:00:00,17,2022-06,277.0,277.0,53877.0,minimum_payout,minimum_payout
2024-02-09 00:00:00,18,2022-06,277.0,277.0,53877.0,minimum_payout,minimum_payout
2024-02-09 00:00:00,19,2022-06,277.0,277.0,53877.0,minimum_payout,minimum_payout
2024-02-09 00:00:00,20,2022-06,277.0,277.0,53877.0,minimum_payout,minimum_payout
2024-02-09 00:00:00,21,2022-06,277.0,277.0,53877.0,minimum_payout,minimum_payout
2024-02-09 00:00:00,22,2022-06,277.0,277.0,53877.0,minimum_payout,minimum_payout
2024-02-09 00:00:00,23,2022-06,277.0,277.0,53877.0,minimum_payout,minimum_payout
2024-02-09 00:00:00,24,2022-07,277.0,277.0,53877.0,minimum_payout,minimum_payout
2024-02-09 00:00:00,25,2022-08,277.0,277.0,53877.0,minimum_payout,minimum_payout
2024-02-09 00:00:00,29,2022-12,280.95,0.0,53880.95,trading_days,trading_days|profitable_days
2024-02-09 00:00:00,30,2023-01,277.0,277.0,53877.0,minimum_payout,minimum_payout
2024-02-09 00:00:00,31,2023-01,277.0,277.0,53877.0,minimum_payout,minimum_payout
2024-02-09 00:00:00,32,2023-01,277.0,277.0,53877.0,minimum_payout,minimum_payout
2024-02-09 00:00:00,33,2023-02,280.95,0.0,53880.95,trading_days,trading_days|profitable_days
2024-02-09 00:00:00,34,2023-03,280.95,0.0,53880.95,trading_days,trading_days|profitable_days
2024-02-10 00:00:00,17,2022-06,373.15,373.15,53973.15,minimum_payout,minimum_payout
2024-02-10 00:00:00,18,2022-06,373.15,373.15,53973.15,minimum_payout,minimum_payout
2024-02-10 00:00:00,19,2022-06,373.15,373.15,53973.15,minimum_payout,minimum_payout
2024-02-10 00:00:00,20,2022-06,373.15,373.15,53973.15,minimum_payout,minimum_payout
2024-02-10 00:00:00,21,2022-06,373.15,373.15,53973.15,minimum_payout,minimum_payout
2024-02-10 00:00:00,22,2022-06,373.15,373.15,53973.15,minimum_payout,minimum_payout
2024-02-10 00:00:00,23,2022-06,373.15,373.15,53973.15,minimum_payout,minimum_payout
2024-02-10 00:00:00,24,2022-07,373.15,373.15,53973.15,minimum_payout,minimum_payout
2024-02-10 00:00:00,25,2022-08,373.15,373.15,53973.15,minimum_payout,minimum_payout
2024-02-10 00:00:00,28,2022-11,4.8,0.0,53604.8,trading_days,trading_days|profitable_days
2024-02-10 00:00:00,29,2022-12,377.1,0.0,53977.1,trading_days,trading_days|profitable_days
2024-02-10 00:00:00,30,2023-01,373.15,373.15,53973.15,minimum_payout,minimum_payout
2024-02-10 00:00:00,31,2023-01,373.15,373.15,53973.15,minimum_payout,minimum_payout
2024-02-10 00:00:00,32,2023-01,373.15,373.15,53973.15,minimum_payout,minimum_payout
2024-02-10 00:00:00,33,2023-02,377.1,0.0,53977.1,trading_days,trading_days|profitable_days
2024-02-10 00:00:00,34,2023-03,377.1,0.0,53977.1,trading_days,trading_days|profitable_days
2024-02-11 00:00:00,17,2022-06,373.15,373.15,53973.15,minimum_payout,minimum_payout
2024-02-11 00:00:00,18,2022-06,373.15,373.15,53973.15,minimum_payout,minimum_payout
2024-02-11 00:00:00,19,2022-06,373.15,373.15,53973.15,minimum_payout,minimum_payout
2024-02-11 00:00:00,20,2022-06,373.15,373.15,53973.15,minimum_payout,minimum_payout
2024-02-11 00:00:00,21,2022-06,373.15,373.15,53973.15,minimum_payout,minimum_payout
2024-02-11 00:00:00,22,2022-06,373.15,373.15,53973.15,minimum_payout,minimum_payout
2024-02-11 00:00:00,23,2022-06,373.15,373.15,53973.15,minimum_payout,minimum_payout
2024-02-11 00:00:00,24,2022-07,373.15,373.15,53973.15,minimum_payout,minimum_payout
2024-02-11 00:00:00,25,2022-08,373.15,373.15,53973.15,minimum_payout,minimum_payout
2024-02-11 00:00:00,28,2022-11,4.8,0.0,53604.8,trading_days,trading_days|profitable_days
2024-02-11 00:00:00,29,2022-12,377.1,0.0,53977.1,trading_days,trading_days|profitable_days
2024-02-11 00:00:00,30,2023-01,373.15,373.15,53973.15,minimum_payout,minimum_payout
2024-02-11 00:00:00,31,2023-01,373.15,373.15,53973.15,minimum_payout,minimum_payout
2024-02-11 00:00:00,32,2023-01,373.15,373.15,53973.15,minimum_payout,minimum_payout
2024-02-11 00:00:00,33,2023-02,377.1,0.0,53977.1,trading_days,trading_days|profitable_days
2024-02-11 00:00:00,34,2023-03,377.1,0.0,53977.1,trading_days,trading_days|profitable_days
2024-02-12 00:00:00,17,2022-06,373.15,373.15,53973.15,minimum_payout,minimum_payout
2024-02-12 00:00:00,18,2022-06,373.15,373.15,53973.15,minimum_payout,minimum_payout
2024-02-12 00:00:00,19,2022-06,373.15,373.15,53973.15,minimum_payout,minimum_payout
2024-02-12 00:00:00,20,2022-06,373.15,373.15,53973.15,minimum_payout,minimum_payout
2024-02-12 00:00:00,21,2022-06,373.15,373.15,53973.15,minimum_payout,minimum_payout
2024-02-12 00:00:00,22,2022-06,373.15,373.15,53973.15,minimum_payout,minimum_payout
2024-02-12 00:00:00,23,2022-06,373.15,373.15,53973.15,minimum_payout,minimum_payout
2024-02-12 00:00:00,24,2022-07,373.15,373.15,53973.15,minimum_payout,minimum_payout
2024-02-12 00:00:00,25,2022-08,373.15,373.15,53973.15,minimum_payout,minimum_payout
2024-02-12 00:00:00,28,2022-11,4.8,0.0,53604.8,trading_days,trading_days|profitable_days
2024-02-12 00:00:00,29,2022-12,377.1,0.0,53977.1,trading_days,trading_days|profitable_days
2024-02-12 00:00:00,30,2023-01,373.15,373.15,53973.15,minimum_payout,minimum_payout
2024-02-12 00:00:00,31,2023-01,373.15,373.15,53973.15,minimum_payout,minimum_payout
2024-02-12 00:00:00,32,2023-01,373.15,373.15,53973.15,minimum_payout,minimum_payout
2024-02-12 00:00:00,33,2023-02,377.1,0.0,53977.1,trading_days,trading_days|profitable_days
2024-02-12 00:00:00,34,2023-03,377.1,0.0,53977.1,trading_days,trading_days|profitable_days
2024-02-13 00:00:00,17,2022-06,354.2,354.2,53954.2,minimum_payout,minimum_payout
2024-02-13 00:00:00,18,2022-06,354.2,354.2,53954.2,minimum_payout,minimum_payout
2024-02-13 00:00:00,19,2022-06,354.2,354.2,53954.2,minimum_payout,minimum_payout
2024-02-13 00:00:00,20,2022-06,354.2,354.2,53954.2,minimum_payout,minimum_payout
2024-02-13 00:00:00,21,2022-06,354.2,354.2,53954.2,minimum_payout,minimum_payout
2024-02-13 00:00:00,22,2022-06,354.2,354.2,53954.2,minimum_payout,minimum_payout
2024-02-13 00:00:00,23,2022-06,354.2,354.2,53954.2,minimum_payout,minimum_payout
2024-02-13 00:00:00,24,2022-07,354.2,354.2,53954.2,minimum_payout,minimum_payout
2024-02-13 00:00:00,25,2022-08,354.2,354.2,53954.2,minimum_payout,minimum_payout
2024-02-13 00:00:00,29,2022-12,358.15,0.0,53958.15,trading_days,trading_days|profitable_days
2024-02-13 00:00:00,30,2023-01,354.2,354.2,53954.2,minimum_payout,minimum_payout
2024-02-13 00:00:00,31,2023-01,354.2,354.2,53954.2,minimum_payout,minimum_payout
2024-02-13 00:00:00,32,2023-01,354.2,354.2,53954.2,minimum_payout,minimum_payout
2024-02-13 00:00:00,33,2023-02,358.15,0.0,53958.15,trading_days,trading_days|profitable_days
2024-02-13 00:00:00,34,2023-03,358.15,0.0,53958.15,trading_days,trading_days|profitable_days
2024-02-14 00:00:00,28,2022-11,288.45,0.0,53888.45,trading_days,trading_days|profitable_days
2024-02-14 00:00:00,29,2022-12,660.75,0.0,54260.75,trading_days,trading_days
2024-02-14 00:00:00,33,2023-02,660.75,0.0,54260.75,trading_days,trading_days
2024-02-14 00:00:00,34,2023-03,660.75,0.0,54260.75,trading_days,trading_days
2024-02-15 00:00:00,17,2022-06,79.5,0.0,53679.5,trading_days,trading_days|profitable_days
2024-02-15 00:00:00,18,2022-06,79.5,0.0,53679.5,trading_days,trading_days|profitable_days
2024-02-15 00:00:00,19,2022-06,79.5,0.0,53679.5,trading_days,trading_days|profitable_days
2024-02-15 00:00:00,20,2022-06,79.5,0.0,53679.5,trading_days,trading_days|profitable_days
2024-02-15 00:00:00,21,2022-06,79.5,0.0,53679.5,trading_days,trading_days|profitable_days
2024-02-15 00:00:00,22,2022-06,79.5,0.0,53679.5,trading_days,trading_days|profitable_days
2024-02-15 00:00:00,23,2022-06,79.5,0.0,53679.5,trading_days,trading_days|profitable_days
2024-02-15 00:00:00,24,2022-07,79.5,0.0,53679.5,trading_days,trading_days|profitable_days
2024-02-15 00:00:00,25,2022-08,79.5,0.0,53679.5,trading_days,trading_days|profitable_days
2024-02-15 00:00:00,28,2022-11,367.95,0.0,53967.95,trading_days,trading_days|profitable_days
2024-02-15 00:00:00,30,2023-01,79.5,0.0,53679.5,trading_days,trading_days|profitable_days
2024-02-15 00:00:00,31,2023-01,79.5,0.0,53679.5,trading_days,trading_days|profitable_days
2024-02-15 00:00:00,32,2023-01,79.5,0.0,53679.5,trading_days,trading_days|profitable_days
2024-02-16 00:00:00,17,2022-06,58.0,0.0,53658.0,trading_days,trading_days|profitable_days
2024-02-16 00:00:00,18,2022-06,58.0,0.0,53658.0,trading_days,trading_days|profitable_days
2024-02-16 00:00:00,19,2022-06,58.0,0.0,53658.0,trading_days,trading_days|profitable_days
2024-02-16 00:00:00,20,2022-06,58.0,0.0,53658.0,trading_days,trading_days|profitable_days
2024-02-16 00:00:00,21,2022-06,58.0,0.0,53658.0,trading_days,trading_days|profitable_days
2024-02-16 00:00:00,22,2022-06,58.0,0.0,53658.0,trading_days,trading_days|profitable_days
2024-02-16 00:00:00,23,2022-06,58.0,0.0,53658.0,trading_days,trading_days|profitable_days
2024-02-16 00:00:00,24,2022-07,58.0,0.0,53658.0,trading_days,trading_days|profitable_days
2024-02-16 00:00:00,25,2022-08,58.0,0.0,53658.0,trading_days,trading_days|profitable_days
2024-02-16 00:00:00,28,2022-11,346.45,0.0,53946.45,trading_days,trading_days|profitable_days
2024-02-16 00:00:00,30,2023-01,58.0,0.0,53658.0,trading_days,trading_days|profitable_days
2024-02-16 00:00:00,31,2023-01,58.0,0.0,53658.0,trading_days,trading_days|profitable_days
2024-02-16 00:00:00,32,2023-01,58.0,0.0,53658.0,trading_days,trading_days|profitable_days
2024-02-17 00:00:00,17,2022-06,82.15,0.0,53682.15,trading_days,trading_days|profitable_days
2024-02-17 00:00:00,18,2022-06,82.15,0.0,53682.15,trading_days,trading_days|profitable_days
2024-02-17 00:00:00,19,2022-06,82.15,0.0,53682.15,trading_days,trading_days|profitable_days
2024-02-17 00:00:00,20,2022-06,82.15,0.0,53682.15,trading_days,trading_days|profitable_days
2024-02-17 00:00:00,21,2022-06,82.15,0.0,53682.15,trading_days,trading_days|profitable_days
2024-02-17 00:00:00,22,2022-06,82.15,0.0,53682.15,trading_days,trading_days|profitable_days
2024-02-17 00:00:00,23,2022-06,82.15,0.0,53682.15,trading_days,trading_days|profitable_days
2024-02-17 00:00:00,24,2022-07,82.15,0.0,53682.15,trading_days,trading_days|profitable_days
2024-02-17 00:00:00,25,2022-08,82.15,0.0,53682.15,trading_days,trading_days|profitable_days
2024-02-17 00:00:00,28,2022-11,370.6,0.0,53970.6,trading_days,trading_days|profitable_days
2024-02-17 00:00:00,29,2022-12,2.65,0.0,53602.65,trading_days,trading_days|profitable_days
2024-02-17 00:00:00,30,2023-01,82.15,0.0,53682.15,trading_days,trading_days|profitable_days
2024-02-17 00:00:00,31,2023-01,82.15,0.0,53682.15,trading_days,trading_days|profitable_days
2024-02-17 00:00:00,32,2023-01,82.15,0.0,53682.15,trading_days,trading_days|profitable_days
2024-02-17 00:00:00,33,2023-02,2.65,0.0,53602.65,trading_days,trading_days|profitable_days
2024-02-17 00:00:00,34,2023-03,2.65,0.0,53602.65,trading_days,trading_days|profitable_days
2024-02-18 00:00:00,17,2022-06,82.15,0.0,53682.15,trading_days,trading_days|profitable_days
2024-02-18 00:00:00,18,2022-06,82.15,0.0,53682.15,trading_days,trading_days|profitable_days
2024-02-18 00:00:00,19,2022-06,82.15,0.0,53682.15,trading_days,trading_days|profitable_days
2024-02-18 00:00:00,20,2022-06,82.15,0.0,53682.15,trading_days,trading_days|profitable_days
2024-02-18 00:00:00,21,2022-06,82.15,0.0,53682.15,trading_days,trading_days|profitable_days
2024-02-18 00:00:00,22,2022-06,82.15,0.0,53682.15,trading_days,trading_days|profitable_days
2024-02-18 00:00:00,23,2022-06,82.15,0.0,53682.15,trading_days,trading_days|profitable_days
2024-02-18 00:00:00,24,2022-07,82.15,0.0,53682.15,trading_days,trading_days|profitable_days
2024-02-18 00:00:00,25,2022-08,82.15,0.0,53682.15,trading_days,trading_days|profitable_days
2024-02-18 00:00:00,28,2022-11,370.6,0.0,53970.6,trading_days,trading_days|profitable_days
2024-02-18 00:00:00,29,2022-12,2.65,0.0,53602.65,trading_days,trading_days|profitable_days
2024-02-18 00:00:00,30,2023-01,82.15,0.0,53682.15,trading_days,trading_days|profitable_days
2024-02-18 00:00:00,31,2023-01,82.15,0.0,53682.15,trading_days,trading_days|profitable_days
2024-02-18 00:00:00,32,2023-01,82.15,0.0,53682.15,trading_days,trading_days|profitable_days
2024-02-18 00:00:00,33,2023-02,2.65,0.0,53602.65,trading_days,trading_days|profitable_days
2024-02-18 00:00:00,34,2023-03,2.65,0.0,53602.65,trading_days,trading_days|profitable_days
2024-02-19 00:00:00,17,2022-06,82.15,0.0,53682.15,trading_days,trading_days|profitable_days
2024-02-19 00:00:00,18,2022-06,82.15,0.0,53682.15,trading_days,trading_days|profitable_days
2024-02-19 00:00:00,19,2022-06,82.15,0.0,53682.15,trading_days,trading_days|profitable_days
2024-02-19 00:00:00,20,2022-06,82.15,0.0,53682.15,trading_days,trading_days|profitable_days
2024-02-19 00:00:00,21,2022-06,82.15,0.0,53682.15,trading_days,trading_days|profitable_days
2024-02-19 00:00:00,22,2022-06,82.15,0.0,53682.15,trading_days,trading_days|profitable_days
2024-02-19 00:00:00,23,2022-06,82.15,0.0,53682.15,trading_days,trading_days|profitable_days
2024-02-19 00:00:00,24,2022-07,82.15,0.0,53682.15,trading_days,trading_days|profitable_days
2024-02-19 00:00:00,25,2022-08,82.15,0.0,53682.15,trading_days,trading_days|profitable_days
2024-02-19 00:00:00,28,2022-11,370.6,0.0,53970.6,trading_days,trading_days|profitable_days
2024-02-19 00:00:00,29,2022-12,2.65,0.0,53602.65,trading_days,trading_days|profitable_days
2024-02-19 00:00:00,30,2023-01,82.15,0.0,53682.15,trading_days,trading_days|profitable_days
2024-02-19 00:00:00,31,2023-01,82.15,0.0,53682.15,trading_days,trading_days|profitable_days
2024-02-19 00:00:00,32,2023-01,82.15,0.0,53682.15,trading_days,trading_days|profitable_days
2024-02-19 00:00:00,33,2023-02,2.65,0.0,53602.65,trading_days,trading_days|profitable_days
2024-02-19 00:00:00,34,2023-03,2.65,0.0,53602.65,trading_days,trading_days|profitable_days
2024-02-20 00:00:00,17,2022-06,5.5,0.0,53605.5,trading_days,trading_days|profitable_days
2024-02-20 00:00:00,18,2022-06,5.5,0.0,53605.5,trading_days,trading_days|profitable_days
2024-02-20 00:00:00,19,2022-06,5.5,0.0,53605.5,trading_days,trading_days|profitable_days
2024-02-20 00:00:00,20,2022-06,5.5,0.0,53605.5,trading_days,trading_days|profitable_days
2024-02-20 00:00:00,21,2022-06,5.5,0.0,53605.5,trading_days,trading_days|profitable_days
2024-02-20 00:00:00,22,2022-06,5.5,0.0,53605.5,trading_days,trading_days|profitable_days
2024-02-20 00:00:00,23,2022-06,5.5,0.0,53605.5,trading_days,trading_days|profitable_days
2024-02-20 00:00:00,24,2022-07,5.5,0.0,53605.5,trading_days,trading_days|profitable_days
2024-02-20 00:00:00,25,2022-08,5.5,0.0,53605.5,trading_days,trading_days|profitable_days
2024-02-20 00:00:00,28,2022-11,293.95,0.0,53893.95,profitable_days,profitable_days
2024-02-20 00:00:00,30,2023-01,5.5,0.0,53605.5,trading_days,trading_days|profitable_days
2024-02-20 00:00:00,31,2023-01,5.5,0.0,53605.5,trading_days,trading_days|profitable_days
2024-02-20 00:00:00,32,2023-01,5.5,0.0,53605.5,trading_days,trading_days|profitable_days
2024-02-21 00:00:00,17,2022-06,47.55,0.0,53647.55,trading_days,trading_days|profitable_days
2024-02-21 00:00:00,18,2022-06,47.55,0.0,53647.55,trading_days,trading_days|profitable_days
2024-02-21 00:00:00,19,2022-06,47.55,0.0,53647.55,trading_days,trading_days|profitable_days
2024-02-21 00:00:00,20,2022-06,47.55,0.0,53647.55,trading_days,trading_days|profitable_days
2024-02-21 00:00:00,21,2022-06,47.55,0.0,53647.55,trading_days,trading_days|profitable_days
2024-02-21 00:00:00,22,2022-06,47.55,0.0,53647.55,trading_days,trading_days|profitable_days
2024-02-21 00:00:00,23,2022-06,47.55,0.0,53647.55,trading_days,trading_days|profitable_days
2024-02-21 00:00:00,24,2022-07,47.55,0.0,53647.55,trading_days,trading_days|profitable_days
2024-02-21 00:00:00,25,2022-08,47.55,0.0,53647.55,trading_days,trading_days|profitable_days
2024-02-21 00:00:00,28,2022-11,336.0,0.0,53936.0,profitable_days,profitable_days
2024-02-21 00:00:00,30,2023-01,47.55,0.0,53647.55,trading_days,trading_days|profitable_days
2024-02-21 00:00:00,31,2023-01,47.55,0.0,53647.55,trading_days,trading_days|profitable_days
2024-02-21 00:00:00,32,2023-01,47.55,0.0,53647.55,trading_days,trading_days|profitable_days
2024-02-22 00:00:00,17,2022-06,53.15,0.0,53653.15,trading_days,trading_days|profitable_days
2024-02-22 00:00:00,18,2022-06,53.15,0.0,53653.15,trading_days,trading_days|profitable_days
2024-02-22 00:00:00,19,2022-06,53.15,0.0,53653.15,trading_days,trading_days|profitable_days
2024-02-22 00:00:00,20,2022-06,53.15,0.0,53653.15,trading_days,trading_days|profitable_days
2024-02-22 00:00:00,21,2022-06,53.15,0.0,53653.15,trading_days,trading_days|profitable_days
2024-02-22 00:00:00,22,2022-06,53.15,0.0,53653.15,trading_days,trading_days|profitable_days
2024-02-22 00:00:00,23,2022-06,53.15,0.0,53653.15,trading_days,trading_days|profitable_days
2024-02-22 00:00:00,24,2022-07,53.15,0.0,53653.15,trading_days,trading_days|profitable_days
2024-02-22 00:00:00,25,2022-08,53.15,0.0,53653.15,trading_days,trading_days|profitable_days
2024-02-22 00:00:00,28,2022-11,341.6,0.0,53941.6,profitable_days,profitable_days
2024-02-22 00:00:00,30,2023-01,53.15,0.0,53653.15,trading_days,trading_days|profitable_days
2024-02-22 00:00:00,31,2023-01,53.15,0.0,53653.15,trading_days,trading_days|profitable_days
2024-02-22 00:00:00,32,2023-01,53.15,0.0,53653.15,trading_days,trading_days|profitable_days
2024-02-23 00:00:00,17,2022-06,476.25,0.0,54076.25,trading_days,trading_days|profitable_days
2024-02-23 00:00:00,18,2022-06,476.25,0.0,54076.25,trading_days,trading_days|profitable_days
2024-02-23 00:00:00,19,2022-06,476.25,0.0,54076.25,trading_days,trading_days|profitable_days
2024-02-23 00:00:00,20,2022-06,476.25,0.0,54076.25,trading_days,trading_days|profitable_days
2024-02-23 00:00:00,21,2022-06,476.25,0.0,54076.25,trading_days,trading_days|profitable_days
2024-02-23 00:00:00,22,2022-06,476.25,0.0,54076.25,trading_days,trading_days|profitable_days
2024-02-23 00:00:00,23,2022-06,476.25,0.0,54076.25,trading_days,trading_days|profitable_days
2024-02-23 00:00:00,24,2022-07,476.25,0.0,54076.25,trading_days,trading_days|profitable_days
2024-02-23 00:00:00,25,2022-08,476.25,0.0,54076.25,trading_days,trading_days|profitable_days
2024-02-23 00:00:00,28,2022-11,764.7,0.0,54364.7,profitable_days,profitable_days
2024-02-23 00:00:00,29,2022-12,396.75,0.0,53996.75,trading_days,trading_days|profitable_days
2024-02-23 00:00:00,30,2023-01,476.25,0.0,54076.25,trading_days,trading_days|profitable_days
2024-02-23 00:00:00,31,2023-01,476.25,0.0,54076.25,trading_days,trading_days|profitable_days
2024-02-23 00:00:00,32,2023-01,476.25,0.0,54076.25,trading_days,trading_days|profitable_days
2024-02-23 00:00:00,33,2023-02,396.75,0.0,53996.75,trading_days,trading_days|profitable_days
2024-02-23 00:00:00,34,2023-03,396.75,0.0,53996.75,trading_days,trading_days|profitable_days
2024-02-23 00:00:00,39,2023-10,273.65,273.65,53873.65,minimum_payout,minimum_payout
2024-02-23 00:00:00,40,2023-10,273.65,273.65,53873.65,minimum_payout,minimum_payout
2024-02-23 00:00:00,41,2023-10,273.65,273.65,53873.65,minimum_payout,minimum_payout
2024-02-23 00:00:00,42,2023-10,273.65,273.65,53873.65,minimum_payout,minimum_payout
2024-02-24 00:00:00,17,2022-06,370.45,0.0,53970.45,profitable_days,profitable_days
2024-02-24 00:00:00,18,2022-06,370.45,0.0,53970.45,profitable_days,profitable_days
2024-02-24 00:00:00,19,2022-06,370.45,0.0,53970.45,profitable_days,profitable_days
2024-02-24 00:00:00,20,2022-06,370.45,0.0,53970.45,profitable_days,profitable_days
2024-02-24 00:00:00,21,2022-06,370.45,0.0,53970.45,profitable_days,profitable_days
2024-02-24 00:00:00,22,2022-06,370.45,0.0,53970.45,profitable_days,profitable_days
2024-02-24 00:00:00,23,2022-06,370.45,0.0,53970.45,profitable_days,profitable_days
2024-02-24 00:00:00,24,2022-07,370.45,0.0,53970.45,profitable_days,profitable_days
2024-02-24 00:00:00,25,2022-08,370.45,0.0,53970.45,profitable_days,profitable_days
2024-02-24 00:00:00,28,2022-11,658.9,0.0,54258.9,profitable_days,profitable_days
2024-02-24 00:00:00,29,2022-12,290.95,0.0,53890.95,trading_days,trading_days|profitable_days
2024-02-24 00:00:00,30,2023-01,370.45,0.0,53970.45,profitable_days,profitable_days
2024-02-24 00:00:00,31,2023-01,370.45,0.0,53970.45,profitable_days,profitable_days
2024-02-24 00:00:00,32,2023-01,370.45,0.0,53970.45,profitable_days,profitable_days
2024-02-24 00:00:00,33,2023-02,290.95,0.0,53890.95,trading_days,trading_days|profitable_days
2024-02-24 00:00:00,34,2023-03,290.95,0.0,53890.95,trading_days,trading_days|profitable_days
2024-02-24 00:00:00,39,2023-10,167.85,167.85,53767.85,minimum_payout,minimum_payout
2024-02-24 00:00:00,40,2023-10,167.85,167.85,53767.85,minimum_payout,minimum_payout
2024-02-24 00:00:00,41,2023-10,167.85,167.85,53767.85,minimum_payout,minimum_payout
2024-02-24 00:00:00,42,2023-10,167.85,167.85,53767.85,minimum_payout,minimum_payout
2024-02-25 00:00:00,17,2022-06,370.45,0.0,53970.45,profitable_days,profitable_days
2024-02-25 00:00:00,18,2022-06,370.45,0.0,53970.45,profitable_days,profitable_days
2024-02-25 00:00:00,19,2022-06,370.45,0.0,53970.45,profitable_days,profitable_days
2024-02-25 00:00:00,20,2022-06,370.45,0.0,53970.45,profitable_days,profitable_days
2024-02-25 00:00:00,21,2022-06,370.45,0.0,53970.45,profitable_days,profitable_days
2024-02-25 00:00:00,22,2022-06,370.45,0.0,53970.45,profitable_days,profitable_days
2024-02-25 00:00:00,23,2022-06,370.45,0.0,53970.45,profitable_days,profitable_days
2024-02-25 00:00:00,24,2022-07,370.45,0.0,53970.45,profitable_days,profitable_days
2024-02-25 00:00:00,25,2022-08,370.45,0.0,53970.45,profitable_days,profitable_days
2024-02-25 00:00:00,28,2022-11,658.9,0.0,54258.9,profitable_days,profitable_days
2024-02-25 00:00:00,29,2022-12,290.95,0.0,53890.95,trading_days,trading_days|profitable_days
2024-02-25 00:00:00,30,2023-01,370.45,0.0,53970.45,profitable_days,profitable_days
2024-02-25 00:00:00,31,2023-01,370.45,0.0,53970.45,profitable_days,profitable_days
2024-02-25 00:00:00,32,2023-01,370.45,0.0,53970.45,profitable_days,profitable_days
2024-02-25 00:00:00,33,2023-02,290.95,0.0,53890.95,trading_days,trading_days|profitable_days
2024-02-25 00:00:00,34,2023-03,290.95,0.0,53890.95,trading_days,trading_days|profitable_days
2024-02-25 00:00:00,39,2023-10,167.85,167.85,53767.85,minimum_payout,minimum_payout
2024-02-25 00:00:00,40,2023-10,167.85,167.85,53767.85,minimum_payout,minimum_payout
2024-02-25 00:00:00,41,2023-10,167.85,167.85,53767.85,minimum_payout,minimum_payout
2024-02-25 00:00:00,42,2023-10,167.85,167.85,53767.85,minimum_payout,minimum_payout
2024-02-26 00:00:00,17,2022-06,370.45,0.0,53970.45,profitable_days,profitable_days
2024-02-26 00:00:00,18,2022-06,370.45,0.0,53970.45,profitable_days,profitable_days
2024-02-26 00:00:00,19,2022-06,370.45,0.0,53970.45,profitable_days,profitable_days
2024-02-26 00:00:00,20,2022-06,370.45,0.0,53970.45,profitable_days,profitable_days
2024-02-26 00:00:00,21,2022-06,370.45,0.0,53970.45,profitable_days,profitable_days
2024-02-26 00:00:00,22,2022-06,370.45,0.0,53970.45,profitable_days,profitable_days
2024-02-26 00:00:00,23,2022-06,370.45,0.0,53970.45,profitable_days,profitable_days
2024-02-26 00:00:00,24,2022-07,370.45,0.0,53970.45,profitable_days,profitable_days
2024-02-26 00:00:00,25,2022-08,370.45,0.0,53970.45,profitable_days,profitable_days
2024-02-26 00:00:00,28,2022-11,658.9,0.0,54258.9,profitable_days,profitable_days
2024-02-26 00:00:00,29,2022-12,290.95,0.0,53890.95,trading_days,trading_days|profitable_days
2024-02-26 00:00:00,30,2023-01,370.45,0.0,53970.45,profitable_days,profitable_days
2024-02-26 00:00:00,31,2023-01,370.45,0.0,53970.45,profitable_days,profitable_days
2024-02-26 00:00:00,32,2023-01,370.45,0.0,53970.45,profitable_days,profitable_days
2024-02-26 00:00:00,33,2023-02,290.95,0.0,53890.95,trading_days,trading_days|profitable_days
2024-02-26 00:00:00,34,2023-03,290.95,0.0,53890.95,trading_days,trading_days|profitable_days
2024-02-26 00:00:00,39,2023-10,167.85,167.85,53767.85,minimum_payout,minimum_payout
2024-02-26 00:00:00,40,2023-10,167.85,167.85,53767.85,minimum_payout,minimum_payout
2024-02-26 00:00:00,41,2023-10,167.85,167.85,53767.85,minimum_payout,minimum_payout
2024-02-26 00:00:00,42,2023-10,167.85,167.85,53767.85,minimum_payout,minimum_payout
2024-02-27 00:00:00,17,2022-06,249.1,0.0,53849.1,profitable_days,profitable_days
2024-02-27 00:00:00,18,2022-06,249.1,0.0,53849.1,profitable_days,profitable_days
2024-02-27 00:00:00,19,2022-06,249.1,0.0,53849.1,profitable_days,profitable_days
2024-02-27 00:00:00,20,2022-06,249.1,0.0,53849.1,profitable_days,profitable_days
2024-02-27 00:00:00,21,2022-06,249.1,0.0,53849.1,profitable_days,profitable_days
2024-02-27 00:00:00,22,2022-06,249.1,0.0,53849.1,profitable_days,profitable_days
2024-02-27 00:00:00,23,2022-06,249.1,0.0,53849.1,profitable_days,profitable_days
2024-02-27 00:00:00,24,2022-07,249.1,0.0,53849.1,profitable_days,profitable_days
2024-02-27 00:00:00,25,2022-08,249.1,0.0,53849.1,profitable_days,profitable_days
2024-02-27 00:00:00,28,2022-11,537.55,0.0,54137.55,profitable_days,profitable_days
2024-02-27 00:00:00,29,2022-12,169.6,0.0,53769.6,profitable_days,profitable_days
2024-02-27 00:00:00,30,2023-01,249.1,0.0,53849.1,profitable_days,profitable_days
2024-02-27 00:00:00,31,2023-01,249.1,0.0,53849.1,profitable_days,profitable_days
2024-02-27 00:00:00,32,2023-01,249.1,0.0,53849.1,profitable_days,profitable_days
2024-02-27 00:00:00,33,2023-02,169.6,0.0,53769.6,profitable_days,profitable_days
2024-02-27 00:00:00,34,2023-03,169.6,0.0,53769.6,profitable_days,profitable_days
2024-02-27 00:00:00,39,2023-10,46.5,46.5,53646.5,minimum_payout,minimum_payout
2024-02-27 00:00:00,40,2023-10,46.5,46.5,53646.5,minimum_payout,minimum_payout
2024-02-27 00:00:00,41,2023-10,46.5,46.5,53646.5,minimum_payout,minimum_payout
2024-02-27 00:00:00,42,2023-10,46.5,46.5,53646.5,minimum_payout,minimum_payout
2024-02-28 00:00:00,17,2022-06,58.25,0.0,53658.25,profitable_days,profitable_days
2024-02-28 00:00:00,18,2022-06,58.25,0.0,53658.25,profitable_days,profitable_days
2024-02-28 00:00:00,19,2022-06,58.25,0.0,53658.25,profitable_days,profitable_days
2024-02-28 00:00:00,20,2022-06,58.25,0.0,53658.25,profitable_days,profitable_days
2024-02-28 00:00:00,21,2022-06,58.25,0.0,53658.25,profitable_days,profitable_days
2024-02-28 00:00:00,22,2022-06,58.25,0.0,53658.25,profitable_days,profitable_days
2024-02-28 00:00:00,23,2022-06,58.25,0.0,53658.25,profitable_days,profitable_days
2024-02-28 00:00:00,24,2022-07,58.25,0.0,53658.25,profitable_days,profitable_days
2024-02-28 00:00:00,25,2022-08,58.25,0.0,53658.25,profitable_days,profitable_days
2024-02-28 00:00:00,28,2022-11,346.7,0.0,53946.7,profitable_days,profitable_days
2024-02-28 00:00:00,30,2023-01,58.25,0.0,53658.25,profitable_days,profitable_days
2024-02-28 00:00:00,31,2023-01,58.25,0.0,53658.25,profitable_days,profitable_days
2024-02-28 00:00:00,32,2023-01,58.25,0.0,53658.25,profitable_days,profitable_days
2024-02-29 00:00:00,28,2022-11,22.3,0.0,53622.3,profitable_days,profitable_days
2024-03-01 00:00:00,17,2022-06,342.45,0.0,53942.45,profitable_days,profitable_days
2024-03-01 00:00:00,18,2022-06,342.45,0.0,53942.45,profitable_days,profitable_days
2024-03-01 00:00:00,19,2022-06,342.45,0.0,53942.45,profitable_days,profitable_days
2024-03-01 00:00:00,20,2022-06,342.45,0.0,53942.45,profitable_days,profitable_days
2024-03-01 00:00:00,21,2022-06,342.45,0.0,53942.45,profitable_days,profitable_days
2024-03-01 00:00:00,22,2022-06,342.45,0.0,53942.45,profitable_days,profitable_days
2024-03-01 00:00:00,23,2022-06,342.45,0.0,53942.45,profitable_days,profitable_days
2024-03-01 00:00:00,24,2022-07,342.45,0.0,53942.45,profitable_days,profitable_days
2024-03-01 00:00:00,25,2022-08,342.45,0.0,53942.45,profitable_days,profitable_days
2024-03-01 00:00:00,29,2022-12,262.95,0.0,53862.95,profitable_days,profitable_days
2024-03-01 00:00:00,30,2023-01,342.45,0.0,53942.45,profitable_days,profitable_days
2024-03-01 00:00:00,31,2023-01,342.45,0.0,53942.45,profitable_days,profitable_days
2024-03-01 00:00:00,32,2023-01,342.45,0.0,53942.45,profitable_days,profitable_days
2024-03-01 00:00:00,33,2023-02,262.95,0.0,53862.95,profitable_days,profitable_days
2024-03-01 00:00:00,34,2023-03,262.95,0.0,53862.95,profitable_days,profitable_days
2024-03-01 00:00:00,39,2023-10,139.85,139.85,53739.85,minimum_payout,minimum_payout
2024-03-01 00:00:00,40,2023-10,139.85,139.85,53739.85,minimum_payout,minimum_payout
2024-03-01 00:00:00,41,2023-10,139.85,139.85,53739.85,minimum_payout,minimum_payout
2024-03-01 00:00:00,42,2023-10,139.85,139.85,53739.85,minimum_payout,minimum_payout
2024-03-02 00:00:00,17,2022-06,477.6,0.0,54077.6,profitable_days,profitable_days
2024-03-02 00:00:00,18,2022-06,477.6,0.0,54077.6,profitable_days,profitable_days
2024-03-02 00:00:00,19,2022-06,477.6,0.0,54077.6,profitable_days,profitable_days
2024-03-02 00:00:00,20,2022-06,477.6,0.0,54077.6,profitable_days,profitable_days
2024-03-02 00:00:00,21,2022-06,477.6,0.0,54077.6,profitable_days,profitable_days
2024-03-02 00:00:00,22,2022-06,477.6,0.0,54077.6,profitable_days,profitable_days
2024-03-02 00:00:00,23,2022-06,477.6,0.0,54077.6,profitable_days,profitable_days
2024-03-02 00:00:00,24,2022-07,477.6,0.0,54077.6,profitable_days,profitable_days
2024-03-02 00:00:00,25,2022-08,477.6,0.0,54077.6,profitable_days,profitable_days
2024-03-02 00:00:00,28,2022-11,135.15,0.0,53735.15,trading_days,trading_days|profitable_days
2024-03-02 00:00:00,29,2022-12,398.1,0.0,53998.1,profitable_days,profitable_days
2024-03-02 00:00:00,30,2023-01,477.6,0.0,54077.6,profitable_days,profitable_days
2024-03-02 00:00:00,31,2023-01,477.6,0.0,54077.6,profitable_days,profitable_days
2024-03-02 00:00:00,32,2023-01,477.6,0.0,54077.6,profitable_days,profitable_days
2024-03-02 00:00:00,33,2023-02,398.1,0.0,53998.1,profitable_days,profitable_days
2024-03-02 00:00:00,34,2023-03,398.1,0.0,53998.1,profitable_days,profitable_days
2024-03-02 00:00:00,39,2023-10,275.0,275.0,53875.0,minimum_payout,minimum_payout
2024-03-02 00:00:00,40,2023-10,275.0,275.0,53875.0,minimum_payout,minimum_payout
2024-03-02 00:00:00,41,2023-10,275.0,275.0,53875.0,minimum_payout,minimum_payout
2024-03-02 00:00:00,42,2023-10,275.0,275.0,53875.0,minimum_payout,minimum_payout
2024-03-03 00:00:00,17,2022-06,477.6,0.0,54077.6,profitable_days,profitable_days
2024-03-03 00:00:00,18,2022-06,477.6,0.0,54077.6,profitable_days,profitable_days
2024-03-03 00:00:00,19,2022-06,477.6,0.0,54077.6,profitable_days,profitable_days
2024-03-03 00:00:00,20,2022-06,477.6,0.0,54077.6,profitable_days,profitable_days
2024-03-03 00:00:00,21,2022-06,477.6,0.0,54077.6,profitable_days,profitable_days
2024-03-03 00:00:00,22,2022-06,477.6,0.0,54077.6,profitable_days,profitable_days
2024-03-03 00:00:00,23,2022-06,477.6,0.0,54077.6,profitable_days,profitable_days
2024-03-03 00:00:00,24,2022-07,477.6,0.0,54077.6,profitable_days,profitable_days
2024-03-03 00:00:00,25,2022-08,477.6,0.0,54077.6,profitable_days,profitable_days
2024-03-03 00:00:00,28,2022-11,135.15,0.0,53735.15,trading_days,trading_days|profitable_days
2024-03-03 00:00:00,29,2022-12,398.1,0.0,53998.1,profitable_days,profitable_days
2024-03-03 00:00:00,30,2023-01,477.6,0.0,54077.6,profitable_days,profitable_days
2024-03-03 00:00:00,31,2023-01,477.6,0.0,54077.6,profitable_days,profitable_days
2024-03-03 00:00:00,32,2023-01,477.6,0.0,54077.6,profitable_days,profitable_days
2024-03-03 00:00:00,33,2023-02,398.1,0.0,53998.1,profitable_days,profitable_days
2024-03-03 00:00:00,34,2023-03,398.1,0.0,53998.1,profitable_days,profitable_days
2024-03-03 00:00:00,39,2023-10,275.0,275.0,53875.0,minimum_payout,minimum_payout
2024-03-03 00:00:00,40,2023-10,275.0,275.0,53875.0,minimum_payout,minimum_payout
2024-03-03 00:00:00,41,2023-10,275.0,275.0,53875.0,minimum_payout,minimum_payout
2024-03-03 00:00:00,42,2023-10,275.0,275.0,53875.0,minimum_payout,minimum_payout
2024-03-04 00:00:00,17,2022-06,477.6,0.0,54077.6,profitable_days,profitable_days
2024-03-04 00:00:00,18,2022-06,477.6,0.0,54077.6,profitable_days,profitable_days
2024-03-04 00:00:00,19,2022-06,477.6,0.0,54077.6,profitable_days,profitable_days
2024-03-04 00:00:00,20,2022-06,477.6,0.0,54077.6,profitable_days,profitable_days
2024-03-04 00:00:00,21,2022-06,477.6,0.0,54077.6,profitable_days,profitable_days
2024-03-04 00:00:00,22,2022-06,477.6,0.0,54077.6,profitable_days,profitable_days
2024-03-04 00:00:00,23,2022-06,477.6,0.0,54077.6,profitable_days,profitable_days
2024-03-04 00:00:00,24,2022-07,477.6,0.0,54077.6,profitable_days,profitable_days
2024-03-04 00:00:00,25,2022-08,477.6,0.0,54077.6,profitable_days,profitable_days
2024-03-04 00:00:00,28,2022-11,135.15,0.0,53735.15,trading_days,trading_days|profitable_days
2024-03-04 00:00:00,29,2022-12,398.1,0.0,53998.1,profitable_days,profitable_days
2024-03-04 00:00:00,30,2023-01,477.6,0.0,54077.6,profitable_days,profitable_days
2024-03-04 00:00:00,31,2023-01,477.6,0.0,54077.6,profitable_days,profitable_days
2024-03-04 00:00:00,32,2023-01,477.6,0.0,54077.6,profitable_days,profitable_days
2024-03-04 00:00:00,33,2023-02,398.1,0.0,53998.1,profitable_days,profitable_days
2024-03-04 00:00:00,34,2023-03,398.1,0.0,53998.1,profitable_days,profitable_days
2024-03-04 00:00:00,39,2023-10,275.0,275.0,53875.0,minimum_payout,minimum_payout
2024-03-04 00:00:00,40,2023-10,275.0,275.0,53875.0,minimum_payout,minimum_payout
2024-03-04 00:00:00,41,2023-10,275.0,275.0,53875.0,minimum_payout,minimum_payout
2024-03-04 00:00:00,42,2023-10,275.0,275.0,53875.0,minimum_payout,minimum_payout
2024-03-05 00:00:00,17,2022-06,345.75,0.0,53945.75,profitable_days,profitable_days
2024-03-05 00:00:00,18,2022-06,345.75,0.0,53945.75,profitable_days,profitable_days
2024-03-05 00:00:00,19,2022-06,345.75,0.0,53945.75,profitable_days,profitable_days
2024-03-05 00:00:00,20,2022-06,345.75,0.0,53945.75,profitable_days,profitable_days
2024-03-05 00:00:00,21,2022-06,345.75,0.0,53945.75,profitable_days,profitable_days
2024-03-05 00:00:00,22,2022-06,345.75,0.0,53945.75,profitable_days,profitable_days
2024-03-05 00:00:00,23,2022-06,345.75,0.0,53945.75,profitable_days,profitable_days
2024-03-05 00:00:00,24,2022-07,345.75,0.0,53945.75,profitable_days,profitable_days
2024-03-05 00:00:00,25,2022-08,345.75,0.0,53945.75,profitable_days,profitable_days
2024-03-05 00:00:00,28,2022-11,3.3,0.0,53603.3,trading_days,trading_days|profitable_days
2024-03-05 00:00:00,29,2022-12,266.25,0.0,53866.25,profitable_days,profitable_days
2024-03-05 00:00:00,30,2023-01,345.75,0.0,53945.75,profitable_days,profitable_days
2024-03-05 00:00:00,31,2023-01,345.75,0.0,53945.75,profitable_days,profitable_days
2024-03-05 00:00:00,32,2023-01,345.75,0.0,53945.75,profitable_days,profitable_days
2024-03-05 00:00:00,33,2023-02,266.25,0.0,53866.25,profitable_days,profitable_days
2024-03-05 00:00:00,34,2023-03,266.25,0.0,53866.25,profitable_days,profitable_days
2024-03-05 00:00:00,39,2023-10,143.15,143.15,53743.15,minimum_payout,minimum_payout
2024-03-05 00:00:00,40,2023-10,143.15,143.15,53743.15,minimum_payout,minimum_payout
2024-03-05 00:00:00,41,2023-10,143.15,143.15,53743.15,minimum_payout,minimum_payout
2024-03-05 00:00:00,42,2023-10,143.15,143.15,53743.15,minimum_payout,minimum_payout
2024-03-06 00:00:00,17,2022-06,174.45,0.0,53774.45,profitable_days,profitable_days
2024-03-06 00:00:00,18,2022-06,174.45,0.0,53774.45,profitable_days,profitable_days
2024-03-06 00:00:00,19,2022-06,174.45,0.0,53774.45,profitable_days,profitable_days
2024-03-06 00:00:00,20,2022-06,174.45,0.0,53774.45,profitable_days,profitable_days
2024-03-06 00:00:00,21,2022-06,174.45,0.0,53774.45,profitable_days,profitable_days
2024-03-06 00:00:00,22,2022-06,174.45,0.0,53774.45,profitable_days,profitable_days
2024-03-06 00:00:00,23,2022-06,174.45,0.0,53774.45,profitable_days,profitable_days
2024-03-06 00:00:00,24,2022-07,174.45,0.0,53774.45,profitable_days,profitable_days
2024-03-06 00:00:00,25,2022-08,174.45,0.0,53774.45,profitable_days,profitable_days
2024-03-06 00:00:00,29,2022-12,94.95,0.0,53694.95,profitable_days,profitable_days
2024-03-06 00:00:00,30,2023-01,174.45,0.0,53774.45,profitable_days,profitable_days
2024-03-06 00:00:00,31,2023-01,174.45,0.0,53774.45,profitable_days,profitable_days
2024-03-06 00:00:00,32,2023-01,174.45,0.0,53774.45,profitable_days,profitable_days
2024-03-06 00:00:00,33,2023-02,94.95,0.0,53694.95,profitable_days,profitable_days
2024-03-06 00:00:00,34,2023-03,94.95,0.0,53694.95,profitable_days,profitable_days
2024-03-07 00:00:00,28,2022-11,329.05,0.0,53929.05,trading_days,trading_days|profitable_days
2024-03-07 00:00:00,29,2022-12,592.0,0.0,54192.0,profitable_days,profitable_days
2024-03-07 00:00:00,33,2023-02,592.0,0.0,54192.0,profitable_days,profitable_days
2024-03-07 00:00:00,34,2023-03,592.0,0.0,54192.0,profitable_days,profitable_days
2024-03-07 00:00:00,39,2023-10,468.9,468.9,54068.9,minimum_payout,minimum_payout
2024-03-07 00:00:00,40,2023-10,468.9,468.9,54068.9,minimum_payout,minimum_payout
2024-03-07 00:00:00,41,2023-10,468.9,468.9,54068.9,minimum_payout,minimum_payout
2024-03-07 00:00:00,42,2023-10,468.9,468.9,54068.9,minimum_payout,minimum_payout
2024-03-08 00:00:00,28,2022-11,130.3,0.0,53730.3,trading_days,trading_days|profitable_days
2024-03-08 00:00:00,29,2022-12,393.25,0.0,53993.25,profitable_days,profitable_days
2024-03-08 00:00:00,33,2023-02,393.25,0.0,53993.25,profitable_days,profitable_days
2024-03-08 00:00:00,34,2023-03,393.25,0.0,53993.25,profitable_days,profitable_days
2024-03-08 00:00:00,39,2023-10,270.15,270.15,53870.15,minimum_payout,minimum_payout
2024-03-08 00:00:00,40,2023-10,270.15,270.15,53870.15,minimum_payout,minimum_payout
2024-03-08 00:00:00,41,2023-10,270.15,270.15,53870.15,minimum_payout,minimum_payout
2024-03-08 00:00:00,42,2023-10,270.15,270.15,53870.15,minimum_payout,minimum_payout
2024-03-09 00:00:00,28,2022-11,179.0,0.0,53779.0,trading_days,trading_days|profitable_days
2024-03-09 00:00:00,29,2022-12,441.95,0.0,54041.95,profitable_days,profitable_days
2024-03-09 00:00:00,33,2023-02,441.95,0.0,54041.95,profitable_days,profitable_days
2024-03-09 00:00:00,34,2023-03,441.95,0.0,54041.95,profitable_days,profitable_days
2024-03-09 00:00:00,39,2023-10,318.85,318.85,53918.85,minimum_payout,minimum_payout
2024-03-09 00:00:00,40,2023-10,318.85,318.85,53918.85,minimum_payout,minimum_payout
2024-03-09 00:00:00,41,2023-10,318.85,318.85,53918.85,minimum_payout,minimum_payout
2024-03-09 00:00:00,42,2023-10,318.85,318.85,53918.85,minimum_payout,minimum_payout
2024-03-10 00:00:00,28,2022-11,179.0,0.0,53779.0,trading_days,trading_days|profitable_days
2024-03-10 00:00:00,29,2022-12,441.95,0.0,54041.95,profitable_days,profitable_days
2024-03-10 00:00:00,33,2023-02,441.95,0.0,54041.95,profitable_days,profitable_days
2024-03-10 00:00:00,34,2023-03,441.95,0.0,54041.95,profitable_days,profitable_days
2024-03-10 00:00:00,39,2023-10,318.85,318.85,53918.85,minimum_payout,minimum_payout
2024-03-10 00:00:00,40,2023-10,318.85,318.85,53918.85,minimum_payout,minimum_payout
2024-03-10 00:00:00,41,2023-10,318.85,318.85,53918.85,minimum_payout,minimum_payout
2024-03-10 00:00:00,42,2023-10,318.85,318.85,53918.85,minimum_payout,minimum_payout
2024-03-11 00:00:00,28,2022-11,179.0,0.0,53779.0,trading_days,trading_days|profitable_days
2024-03-11 00:00:00,29,2022-12,441.95,0.0,54041.95,profitable_days,profitable_days
2024-03-11 00:00:00,33,2023-02,441.95,0.0,54041.95,profitable_days,profitable_days
2024-03-11 00:00:00,34,2023-03,441.95,0.0,54041.95,profitable_days,profitable_days
2024-03-11 00:00:00,39,2023-10,318.85,318.85,53918.85,minimum_payout,minimum_payout
2024-03-11 00:00:00,40,2023-10,318.85,318.85,53918.85,minimum_payout,minimum_payout
2024-03-11 00:00:00,41,2023-10,318.85,318.85,53918.85,minimum_payout,minimum_payout
2024-03-11 00:00:00,42,2023-10,318.85,318.85,53918.85,minimum_payout,minimum_payout
2024-03-12 00:00:00,29,2022-12,125.15,0.0,53725.15,profitable_days,profitable_days
2024-03-12 00:00:00,33,2023-02,125.15,0.0,53725.15,profitable_days,profitable_days
2024-03-12 00:00:00,34,2023-03,125.15,0.0,53725.15,profitable_days,profitable_days
2024-03-12 00:00:00,39,2023-10,2.05,2.05,53602.05,minimum_payout,minimum_payout
2024-03-12 00:00:00,40,2023-10,2.05,2.05,53602.05,minimum_payout,minimum_payout
2024-03-12 00:00:00,41,2023-10,2.05,2.05,53602.05,minimum_payout,minimum_payout
2024-03-12 00:00:00,42,2023-10,2.05,2.05,53602.05,minimum_payout,minimum_payout
2024-03-13 00:00:00,28,2022-11,177.75,0.0,53777.75,profitable_days,profitable_days
2024-03-13 00:00:00,29,2022-12,440.7,440.7,54040.7,minimum_payout,minimum_payout
2024-03-13 00:00:00,33,2023-02,440.7,440.7,54040.7,minimum_payout,minimum_payout
2024-03-13 00:00:00,34,2023-03,440.7,440.7,54040.7,minimum_payout,minimum_payout
2024-03-13 00:00:00,39,2023-10,317.6,317.6,53917.6,minimum_payout,minimum_payout
2024-03-13 00:00:00,40,2023-10,317.6,317.6,53917.6,minimum_payout,minimum_payout
2024-03-13 00:00:00,41,2023-10,317.6,317.6,53917.6,minimum_payout,minimum_payout
2024-03-13 00:00:00,42,2023-10,317.6,317.6,53917.6,minimum_payout,minimum_payout
2024-03-14 00:00:00,28,2022-11,98.0,0.0,53698.0,profitable_days,profitable_days
2024-03-14 00:00:00,29,2022-12,360.95,360.95,53960.95,minimum_payout,minimum_payout
2024-03-14 00:00:00,33,2023-02,360.95,360.95,53960.95,minimum_payout,minimum_payout
2024-03-14 00:00:00,34,2023-03,360.95,360.95,53960.95,minimum_payout,minimum_payout
2024-03-14 00:00:00,39,2023-10,237.85,237.85,53837.85,minimum_payout,minimum_payout
2024-03-14 00:00:00,40,2023-10,237.85,237.85,53837.85,minimum_payout,minimum_payout
2024-03-14 00:00:00,41,2023-10,237.85,237.85,53837.85,minimum_payout,minimum_payout
2024-03-14 00:00:00,42,2023-10,237.85,237.85,53837.85,minimum_payout,minimum_payout
2024-03-15 00:00:00,28,2022-11,14.2,0.0,53614.2,profitable_days,profitable_days
2024-03-15 00:00:00,29,2022-12,277.15,277.15,53877.15,minimum_payout,minimum_payout
2024-03-15 00:00:00,33,2023-02,277.15,277.15,53877.15,minimum_payout,minimum_payout
2024-03-15 00:00:00,34,2023-03,277.15,277.15,53877.15,minimum_payout,minimum_payout
2024-03-15 00:00:00,39,2023-10,154.05,154.05,53754.05,minimum_payout,minimum_payout
2024-03-15 00:00:00,40,2023-10,154.05,154.05,53754.05,minimum_payout,minimum_payout
2024-03-15 00:00:00,41,2023-10,154.05,154.05,53754.05,minimum_payout,minimum_payout
2024-03-15 00:00:00,42,2023-10,154.05,154.05,53754.05,minimum_payout,minimum_payout
2024-03-16 00:00:00,29,2022-12,203.95,203.95,53803.95,minimum_payout,minimum_payout
2024-03-16 00:00:00,33,2023-02,203.95,203.95,53803.95,minimum_payout,minimum_payout
2024-03-16 00:00:00,34,2023-03,203.95,203.95,53803.95,minimum_payout,minimum_payout
2024-03-16 00:00:00,39,2023-10,80.85,80.85,53680.85,minimum_payout,minimum_payout
2024-03-16 00:00:00,40,2023-10,80.85,80.85,53680.85,minimum_payout,minimum_payout
2024-03-16 00:00:00,41,2023-10,80.85,80.85,53680.85,minimum_payout,minimum_payout
2024-03-16 00:00:00,42,2023-10,80.85,80.85,53680.85,minimum_payout,minimum_payout
2024-03-17 00:00:00,29,2022-12,203.95,203.95,53803.95,minimum_payout,minimum_payout
2024-03-17 00:00:00,33,2023-02,203.95,203.95,53803.95,minimum_payout,minimum_payout
2024-03-17 00:00:00,34,2023-03,203.95,203.95,53803.95,minimum_payout,minimum_payout
2024-03-17 00:00:00,39,2023-10,80.85,80.85,53680.85,minimum_payout,minimum_payout
2024-03-17 00:00:00,40,2023-10,80.85,80.85,53680.85,minimum_payout,minimum_payout
2024-03-17 00:00:00,41,2023-10,80.85,80.85,53680.85,minimum_payout,minimum_payout
2024-03-17 00:00:00,42,2023-10,80.85,80.85,53680.85,minimum_payout,minimum_payout
2024-03-18 00:00:00,29,2022-12,203.95,203.95,53803.95,minimum_payout,minimum_payout
2024-03-18 00:00:00,33,2023-02,203.95,203.95,53803.95,minimum_payout,minimum_payout
2024-03-18 00:00:00,34,2023-03,203.95,203.95,53803.95,minimum_payout,minimum_payout
2024-03-18 00:00:00,39,2023-10,80.85,80.85,53680.85,minimum_payout,minimum_payout
2024-03-18 00:00:00,40,2023-10,80.85,80.85,53680.85,minimum_payout,minimum_payout
2024-03-18 00:00:00,41,2023-10,80.85,80.85,53680.85,minimum_payout,minimum_payout
2024-03-18 00:00:00,42,2023-10,80.85,80.85,53680.85,minimum_payout,minimum_payout
2024-03-19 00:00:00,17,2022-06,115.55,0.0,53715.55,profitable_days,profitable_days
2024-03-19 00:00:00,18,2022-06,115.55,0.0,53715.55,profitable_days,profitable_days
2024-03-19 00:00:00,19,2022-06,115.55,0.0,53715.55,profitable_days,profitable_days
2024-03-19 00:00:00,20,2022-06,115.55,0.0,53715.55,profitable_days,profitable_days
2024-03-19 00:00:00,21,2022-06,115.55,0.0,53715.55,profitable_days,profitable_days
2024-03-19 00:00:00,22,2022-06,115.55,0.0,53715.55,profitable_days,profitable_days
2024-03-19 00:00:00,23,2022-06,115.55,0.0,53715.55,profitable_days,profitable_days
2024-03-19 00:00:00,24,2022-07,115.55,0.0,53715.55,profitable_days,profitable_days
2024-03-19 00:00:00,25,2022-08,115.55,0.0,53715.55,profitable_days,profitable_days
2024-03-19 00:00:00,28,2022-11,444.6,0.0,54044.6,profitable_days,profitable_days
2024-03-19 00:00:00,30,2023-01,115.55,0.0,53715.55,profitable_days,profitable_days
2024-03-19 00:00:00,31,2023-01,115.55,0.0,53715.55,profitable_days,profitable_days
2024-03-19 00:00:00,32,2023-01,115.55,0.0,53715.55,profitable_days,profitable_days
2024-03-20 00:00:00,17,2022-06,34.8,0.0,53634.8,profitable_days,profitable_days
2024-03-20 00:00:00,18,2022-06,34.8,0.0,53634.8,profitable_days,profitable_days
2024-03-20 00:00:00,19,2022-06,34.8,0.0,53634.8,profitable_days,profitable_days
2024-03-20 00:00:00,20,2022-06,34.8,0.0,53634.8,profitable_days,profitable_days
2024-03-20 00:00:00,21,2022-06,34.8,0.0,53634.8,profitable_days,profitable_days
2024-03-20 00:00:00,22,2022-06,34.8,0.0,53634.8,profitable_days,profitable_days
2024-03-20 00:00:00,23,2022-06,34.8,0.0,53634.8,profitable_days,profitable_days
2024-03-20 00:00:00,24,2022-07,34.8,0.0,53634.8,profitable_days,profitable_days
2024-03-20 00:00:00,25,2022-08,34.8,0.0,53634.8,profitable_days,profitable_days
2024-03-20 00:00:00,28,2022-11,363.85,0.0,53963.85,profitable_days,profitable_days
2024-03-20 00:00:00,30,2023-01,34.8,0.0,53634.8,profitable_days,profitable_days
2024-03-20 00:00:00,31,2023-01,34.8,0.0,53634.8,profitable_days,profitable_days
2024-03-20 00:00:00,32,2023-01,34.8,0.0,53634.8,profitable_days,profitable_days
2024-03-21 00:00:00,17,2022-06,286.4,0.0,53886.4,profitable_days,profitable_days
2024-03-21 00:00:00,18,2022-06,286.4,0.0,53886.4,profitable_days,profitable_days
2024-03-21 00:00:00,19,2022-06,286.4,0.0,53886.4,profitable_days,profitable_days
2024-03-21 00:00:00,20,2022-06,286.4,0.0,53886.4,profitable_days,profitable_days
2024-03-21 00:00:00,21,2022-06,286.4,0.0,53886.4,profitable_days,profitable_days
2024-03-21 00:00:00,22,2022-06,286.4,0.0,53886.4,profitable_days,profitable_days
2024-03-21 00:00:00,23,2022-06,286.4,0.0,53886.4,profitable_days,profitable_days
2024-03-21 00:00:00,24,2022-07,286.4,0.0,53886.4,profitable_days,profitable_days
2024-03-21 00:00:00,25,2022-08,286.4,0.0,53886.4,profitable_days,profitable_days
2024-03-21 00:00:00,29,2022-12,170.85,0.0,53770.85,trading_days,trading_days|profitable_days
2024-03-21 00:00:00,30,2023-01,286.4,0.0,53886.4,profitable_days,profitable_days
2024-03-21 00:00:00,31,2023-01,286.4,0.0,53886.4,profitable_days,profitable_days
2024-03-21 00:00:00,32,2023-01,286.4,0.0,53886.4,profitable_days,profitable_days
2024-03-21 00:00:00,33,2023-02,170.85,0.0,53770.85,trading_days,trading_days|profitable_days
2024-03-21 00:00:00,34,2023-03,170.85,0.0,53770.85,trading_days,trading_days|profitable_days
2024-03-21 00:00:00,39,2023-10,170.85,0.0,53770.85,trading_days,trading_days|profitable_days
2024-03-21 00:00:00,40,2023-10,170.85,0.0,53770.85,trading_days,trading_days|profitable_days
2024-03-21 00:00:00,41,2023-10,170.85,0.0,53770.85,trading_days,trading_days|profitable_days
2024-03-21 00:00:00,42,2023-10,170.85,0.0,53770.85,trading_days,trading_days|profitable_days
2024-03-22 00:00:00,17,2022-06,286.2,0.0,53886.2,profitable_days,profitable_days
2024-03-22 00:00:00,18,2022-06,286.2,0.0,53886.2,profitable_days,profitable_days
2024-03-22 00:00:00,19,2022-06,286.2,0.0,53886.2,profitable_days,profitable_days
2024-03-22 00:00:00,20,2022-06,286.2,0.0,53886.2,profitable_days,profitable_days
2024-03-22 00:00:00,21,2022-06,286.2,0.0,53886.2,profitable_days,profitable_days
2024-03-22 00:00:00,22,2022-06,286.2,0.0,53886.2,profitable_days,profitable_days
2024-03-22 00:00:00,23,2022-06,286.2,0.0,53886.2,profitable_days,profitable_days
2024-03-22 00:00:00,24,2022-07,286.2,0.0,53886.2,profitable_days,profitable_days
2024-03-22 00:00:00,25,2022-08,286.2,0.0,53886.2,profitable_days,profitable_days
2024-03-22 00:00:00,29,2022-12,170.65,0.0,53770.65,trading_days,trading_days|profitable_days
2024-03-22 00:00:00,30,2023-01,286.2,0.0,53886.2,profitable_days,profitable_days
2024-03-22 00:00:00,31,2023-01,286.2,0.0,53886.2,profitable_days,profitable_days
2024-03-22 00:00:00,32,2023-01,286.2,0.0,53886.2,profitable_days,profitable_days
2024-03-22 00:00:00,33,2023-02,170.65,0.0,53770.65,trading_days,trading_days|profitable_days
2024-03-22 00:00:00,34,2023-03,170.65,0.0,53770.65,trading_days,trading_days|profitable_days
2024-03-22 00:00:00,39,2023-10,170.65,0.0,53770.65,trading_days,trading_days|profitable_days
2024-03-22 00:00:00,40,2023-10,170.65,0.0,53770.65,trading_days,trading_days|profitable_days
2024-03-22 00:00:00,41,2023-10,170.65,0.0,53770.65,trading_days,trading_days|profitable_days
2024-03-22 00:00:00,42,2023-10,170.65,0.0,53770.65,trading_days,trading_days|profitable_days
2024-03-23 00:00:00,17,2022-06,483.25,0.0,54083.25,profitable_days,profitable_days
2024-03-23 00:00:00,18,2022-06,483.25,0.0,54083.25,profitable_days,profitable_days
2024-03-23 00:00:00,19,2022-06,483.25,0.0,54083.25,profitable_days,profitable_days
2024-03-23 00:00:00,20,2022-06,483.25,0.0,54083.25,profitable_days,profitable_days
2024-03-23 00:00:00,21,2022-06,483.25,0.0,54083.25,profitable_days,profitable_days
2024-03-23 00:00:00,22,2022-06,483.25,0.0,54083.25,profitable_days,profitable_days
2024-03-23 00:00:00,23,2022-06,483.25,0.0,54083.25,profitable_days,profitable_days
2024-03-23 00:00:00,24,2022-07,483.25,0.0,54083.25,profitable_days,profitable_days
2024-03-23 00:00:00,25,2022-08,483.25,0.0,54083.25,profitable_days,profitable_days
2024-03-23 00:00:00,28,2022-11,196.85,0.0,53796.85,trading_days,trading_days|profitable_days
2024-03-23 00:00:00,29,2022-12,367.7,0.0,53967.7,trading_days,trading_days|profitable_days
2024-03-23 00:00:00,30,2023-01,483.25,0.0,54083.25,profitable_days,profitable_days
2024-03-23 00:00:00,31,2023-01,483.25,0.0,54083.25,profitable_days,profitable_days
2024-03-23 00:00:00,32,2023-01,483.25,0.0,54083.25,profitable_days,profitable_days
2024-03-23 00:00:00,33,2023-02,367.7,0.0,53967.7,trading_days,trading_days|profitable_days
2024-03-23 00:00:00,34,2023-03,367.7,0.0,53967.7,trading_days,trading_days|profitable_days
2024-03-23 00:00:00,39,2023-10,367.7,0.0,53967.7,trading_days,trading_days|profitable_days
2024-03-23 00:00:00,40,2023-10,367.7,0.0,53967.7,trading_days,trading_days|profitable_days
2024-03-23 00:00:00,41,2023-10,367.7,0.0,53967.7,trading_days,trading_days|profitable_days
2024-03-23 00:00:00,42,2023-10,367.7,0.0,53967.7,trading_days,trading_days|profitable_days
2024-03-24 00:00:00,17,2022-06,483.25,0.0,54083.25,profitable_days,profitable_days
2024-03-24 00:00:00,18,2022-06,483.25,0.0,54083.25,profitable_days,profitable_days
2024-03-24 00:00:00,19,2022-06,483.25,0.0,54083.25,profitable_days,profitable_days
2024-03-24 00:00:00,20,2022-06,483.25,0.0,54083.25,profitable_days,profitable_days
2024-03-24 00:00:00,21,2022-06,483.25,0.0,54083.25,profitable_days,profitable_days
2024-03-24 00:00:00,22,2022-06,483.25,0.0,54083.25,profitable_days,profitable_days
2024-03-24 00:00:00,23,2022-06,483.25,0.0,54083.25,profitable_days,profitable_days
2024-03-24 00:00:00,24,2022-07,483.25,0.0,54083.25,profitable_days,profitable_days
2024-03-24 00:00:00,25,2022-08,483.25,0.0,54083.25,profitable_days,profitable_days
2024-03-24 00:00:00,28,2022-11,196.85,0.0,53796.85,trading_days,trading_days|profitable_days
2024-03-24 00:00:00,29,2022-12,367.7,0.0,53967.7,trading_days,trading_days|profitable_days
2024-03-24 00:00:00,30,2023-01,483.25,0.0,54083.25,profitable_days,profitable_days
2024-03-24 00:00:00,31,2023-01,483.25,0.0,54083.25,profitable_days,profitable_days
2024-03-24 00:00:00,32,2023-01,483.25,0.0,54083.25,profitable_days,profitable_days
2024-03-24 00:00:00,33,2023-02,367.7,0.0,53967.7,trading_days,trading_days|profitable_days
2024-03-24 00:00:00,34,2023-03,367.7,0.0,53967.7,trading_days,trading_days|profitable_days
2024-03-24 00:00:00,39,2023-10,367.7,0.0,53967.7,trading_days,trading_days|profitable_days
2024-03-24 00:00:00,40,2023-10,367.7,0.0,53967.7,trading_days,trading_days|profitable_days
2024-03-24 00:00:00,41,2023-10,367.7,0.0,53967.7,trading_days,trading_days|profitable_days
2024-03-24 00:00:00,42,2023-10,367.7,0.0,53967.7,trading_days,trading_days|profitable_days
2024-03-25 00:00:00,17,2022-06,483.25,0.0,54083.25,profitable_days,profitable_days
2024-03-25 00:00:00,18,2022-06,483.25,0.0,54083.25,profitable_days,profitable_days
2024-03-25 00:00:00,19,2022-06,483.25,0.0,54083.25,profitable_days,profitable_days
2024-03-25 00:00:00,20,2022-06,483.25,0.0,54083.25,profitable_days,profitable_days
2024-03-25 00:00:00,21,2022-06,483.25,0.0,54083.25,profitable_days,profitable_days
2024-03-25 00:00:00,22,2022-06,483.25,0.0,54083.25,profitable_days,profitable_days
2024-03-25 00:00:00,23,2022-06,483.25,0.0,54083.25,profitable_days,profitable_days
2024-03-25 00:00:00,24,2022-07,483.25,0.0,54083.25,profitable_days,profitable_days
2024-03-25 00:00:00,25,2022-08,483.25,0.0,54083.25,profitable_days,profitable_days
2024-03-25 00:00:00,28,2022-11,196.85,0.0,53796.85,trading_days,trading_days|profitable_days
2024-03-25 00:00:00,29,2022-12,367.7,0.0,53967.7,trading_days,trading_days|profitable_days
2024-03-25 00:00:00,30,2023-01,483.25,0.0,54083.25,profitable_days,profitable_days
2024-03-25 00:00:00,31,2023-01,483.25,0.0,54083.25,profitable_days,profitable_days
2024-03-25 00:00:00,32,2023-01,483.25,0.0,54083.25,profitable_days,profitable_days
2024-03-25 00:00:00,33,2023-02,367.7,0.0,53967.7,trading_days,trading_days|profitable_days
2024-03-25 00:00:00,34,2023-03,367.7,0.0,53967.7,trading_days,trading_days|profitable_days
2024-03-25 00:00:00,39,2023-10,367.7,0.0,53967.7,trading_days,trading_days|profitable_days
2024-03-25 00:00:00,40,2023-10,367.7,0.0,53967.7,trading_days,trading_days|profitable_days
2024-03-25 00:00:00,41,2023-10,367.7,0.0,53967.7,trading_days,trading_days|profitable_days
2024-03-25 00:00:00,42,2023-10,367.7,0.0,53967.7,trading_days,trading_days|profitable_days
2024-03-26 00:00:00,17,2022-06,487.45,0.0,54087.45,profitable_days,profitable_days
2024-03-26 00:00:00,18,2022-06,487.45,0.0,54087.45,profitable_days,profitable_days
2024-03-26 00:00:00,19,2022-06,487.45,0.0,54087.45,profitable_days,profitable_days
2024-03-26 00:00:00,20,2022-06,487.45,0.0,54087.45,profitable_days,profitable_days
2024-03-26 00:00:00,21,2022-06,487.45,0.0,54087.45,profitable_days,profitable_days
2024-03-26 00:00:00,22,2022-06,487.45,0.0,54087.45,profitable_days,profitable_days
2024-03-26 00:00:00,23,2022-06,487.45,0.0,54087.45,profitable_days,profitable_days
2024-03-26 00:00:00,24,2022-07,487.45,0.0,54087.45,profitable_days,profitable_days
2024-03-26 00:00:00,25,2022-08,487.45,0.0,54087.45,profitable_days,profitable_days
2024-03-26 00:00:00,28,2022-11,201.05,0.0,53801.05,trading_days,trading_days|profitable_days
2024-03-26 00:00:00,29,2022-12,371.9,0.0,53971.9,trading_days,trading_days|profitable_days
2024-03-26 00:00:00,30,2023-01,487.45,0.0,54087.45,profitable_days,profitable_days
2024-03-26 00:00:00,31,2023-01,487.45,0.0,54087.45,profitable_days,profitable_days
2024-03-26 00:00:00,32,2023-01,487.45,0.0,54087.45,profitable_days,profitable_days
2024-03-26 00:00:00,33,2023-02,371.9,0.0,53971.9,trading_days,trading_days|profitable_days
2024-03-26 00:00:00,34,2023-03,371.9,0.0,53971.9,trading_days,trading_days|profitable_days
2024-03-26 00:00:00,39,2023-10,371.9,0.0,53971.9,trading_days,trading_days|profitable_days
2024-03-26 00:00:00,40,2023-10,371.9,0.0,53971.9,trading_days,trading_days|profitable_days
2024-03-26 00:00:00,41,2023-10,371.9,0.0,53971.9,trading_days,trading_days|profitable_days
2024-03-26 00:00:00,42,2023-10,371.9,0.0,53971.9,trading_days,trading_days|profitable_days
2024-03-27 00:00:00,17,2022-06,517.65,0.0,54117.65,profitable_days,profitable_days
2024-03-27 00:00:00,18,2022-06,517.65,0.0,54117.65,profitable_days,profitable_days
2024-03-27 00:00:00,19,2022-06,517.65,0.0,54117.65,profitable_days,profitable_days
2024-03-27 00:00:00,20,2022-06,517.65,0.0,54117.65,profitable_days,profitable_days
2024-03-27 00:00:00,21,2022-06,517.65,0.0,54117.65,profitable_days,profitable_days
2024-03-27 00:00:00,22,2022-06,517.65,0.0,54117.65,profitable_days,profitable_days
2024-03-27 00:00:00,23,2022-06,517.65,0.0,54117.65,profitable_days,profitable_days
2024-03-27 00:00:00,24,2022-07,517.65,0.0,54117.65,profitable_days,profitable_days
2024-03-27 00:00:00,25,2022-08,517.65,0.0,54117.65,profitable_days,profitable_days
2024-03-27 00:00:00,28,2022-11,231.25,0.0,53831.25,trading_days,trading_days|profitable_days
2024-03-27 00:00:00,29,2022-12,402.1,0.0,54002.1,trading_days,trading_days|profitable_days
2024-03-27 00:00:00,30,2023-01,517.65,0.0,54117.65,profitable_days,profitable_days
2024-03-27 00:00:00,31,2023-01,517.65,0.0,54117.65,profitable_days,profitable_days
2024-03-27 00:00:00,32,2023-01,517.65,0.0,54117.65,profitable_days,profitable_days
2024-03-27 00:00:00,33,2023-02,402.1,0.0,54002.1,trading_days,trading_days|profitable_days
2024-03-27 00:00:00,34,2023-03,402.1,0.0,54002.1,trading_days,trading_days|profitable_days
2024-03-27 00:00:00,39,2023-10,402.1,0.0,54002.1,trading_days,trading_days|profitable_days
2024-03-27 00:00:00,40,2023-10,402.1,0.0,54002.1,trading_days,trading_days|profitable_days
2024-03-27 00:00:00,41,2023-10,402.1,0.0,54002.1,trading_days,trading_days|profitable_days
2024-03-27 00:00:00,42,2023-10,402.1,0.0,54002.1,trading_days,trading_days|profitable_days
2024-03-28 00:00:00,28,2022-11,587.75,0.0,54187.75,trading_days,trading_days|profitable_days
2024-03-28 00:00:00,29,2022-12,758.6,0.0,54358.6,trading_days,trading_days|profitable_days
2024-03-28 00:00:00,33,2023-02,758.6,0.0,54358.6,trading_days,trading_days|profitable_days
2024-03-28 00:00:00,34,2023-03,758.6,0.0,54358.6,trading_days,trading_days|profitable_days
2024-03-28 00:00:00,39,2023-10,758.6,0.0,54358.6,trading_days,trading_days|profitable_days
2024-03-28 00:00:00,40,2023-10,758.6,0.0,54358.6,trading_days,trading_days|profitable_days
2024-03-28 00:00:00,41,2023-10,758.6,0.0,54358.6,trading_days,trading_days|profitable_days
2024-03-28 00:00:00,42,2023-10,758.6,0.0,54358.6,trading_days,trading_days|profitable_days
2024-03-29 00:00:00,28,2022-11,352.9,0.0,53952.9,trading_days,trading_days|profitable_days
2024-03-29 00:00:00,29,2022-12,523.75,0.0,54123.75,profitable_days,profitable_days
2024-03-29 00:00:00,33,2023-02,523.75,0.0,54123.75,profitable_days,profitable_days
2024-03-29 00:00:00,34,2023-03,523.75,0.0,54123.75,profitable_days,profitable_days
2024-03-29 00:00:00,39,2023-10,523.75,0.0,54123.75,profitable_days,profitable_days
2024-03-29 00:00:00,40,2023-10,523.75,0.0,54123.75,profitable_days,profitable_days
2024-03-29 00:00:00,41,2023-10,523.75,0.0,54123.75,profitable_days,profitable_days
2024-03-29 00:00:00,42,2023-10,523.75,0.0,54123.75,profitable_days,profitable_days
2024-03-30 00:00:00,28,2022-11,352.9,0.0,53952.9,trading_days,trading_days|profitable_days
2024-03-30 00:00:00,29,2022-12,523.75,0.0,54123.75,profitable_days,profitable_days
2024-03-30 00:00:00,33,2023-02,523.75,0.0,54123.75,profitable_days,profitable_days
2024-03-30 00:00:00,34,2023-03,523.75,0.0,54123.75,profitable_days,profitable_days
2024-03-30 00:00:00,39,2023-10,523.75,0.0,54123.75,profitable_days,profitable_days
2024-03-30 00:00:00,40,2023-10,523.75,0.0,54123.75,profitable_days,profitable_days
2024-03-30 00:00:00,41,2023-10,523.75,0.0,54123.75,profitable_days,profitable_days
2024-03-30 00:00:00,42,2023-10,523.75,0.0,54123.75,profitable_days,profitable_days
2024-03-31 00:00:00,28,2022-11,352.9,0.0,53952.9,trading_days,trading_days|profitable_days
2024-03-31 00:00:00,29,2022-12,523.75,0.0,54123.75,profitable_days,profitable_days
2024-03-31 00:00:00,33,2023-02,523.75,0.0,54123.75,profitable_days,profitable_days
2024-03-31 00:00:00,34,2023-03,523.75,0.0,54123.75,profitable_days,profitable_days
2024-03-31 00:00:00,39,2023-10,523.75,0.0,54123.75,profitable_days,profitable_days
2024-03-31 00:00:00,40,2023-10,523.75,0.0,54123.75,profitable_days,profitable_days
2024-03-31 00:00:00,41,2023-10,523.75,0.0,54123.75,profitable_days,profitable_days
2024-03-31 00:00:00,42,2023-10,523.75,0.0,54123.75,profitable_days,profitable_days
2024-04-01 00:00:00,28,2022-11,352.9,0.0,53952.9,trading_days,trading_days|profitable_days
2024-04-01 00:00:00,29,2022-12,523.75,0.0,54123.75,profitable_days,profitable_days
2024-04-01 00:00:00,33,2023-02,523.75,0.0,54123.75,profitable_days,profitable_days
2024-04-01 00:00:00,34,2023-03,523.75,0.0,54123.75,profitable_days,profitable_days
2024-04-01 00:00:00,39,2023-10,523.75,0.0,54123.75,profitable_days,profitable_days
2024-04-01 00:00:00,40,2023-10,523.75,0.0,54123.75,profitable_days,profitable_days
2024-04-01 00:00:00,41,2023-10,523.75,0.0,54123.75,profitable_days,profitable_days
2024-04-01 00:00:00,42,2023-10,523.75,0.0,54123.75,profitable_days,profitable_days
2024-04-02 00:00:00,17,2022-06,138.85,0.0,53738.85,trading_days,trading_days|profitable_days
2024-04-02 00:00:00,18,2022-06,138.85,0.0,53738.85,trading_days,trading_days|profitable_days
2024-04-02 00:00:00,19,2022-06,138.85,0.0,53738.85,trading_days,trading_days|profitable_days
2024-04-02 00:00:00,20,2022-06,138.85,0.0,53738.85,trading_days,trading_days|profitable_days
2024-04-02 00:00:00,21,2022-06,138.85,0.0,53738.85,trading_days,trading_days|profitable_days
2024-04-02 00:00:00,22,2022-06,138.85,0.0,53738.85,trading_days,trading_days|profitable_days
2024-04-02 00:00:00,23,2022-06,138.85,0.0,53738.85,trading_days,trading_days|profitable_days
2024-04-02 00:00:00,24,2022-07,138.85,0.0,53738.85,trading_days,trading_days|profitable_days
2024-04-02 00:00:00,25,2022-08,138.85,0.0,53738.85,trading_days,trading_days|profitable_days
2024-04-02 00:00:00,28,2022-11,726.6,0.0,54326.6,trading_days,trading_days|profitable_days
2024-04-02 00:00:00,29,2022-12,897.45,0.0,54497.45,profitable_days,profitable_days
2024-04-02 00:00:00,30,2023-01,138.85,0.0,53738.85,trading_days,trading_days|profitable_days
2024-04-02 00:00:00,31,2023-01,138.85,0.0,53738.85,trading_days,trading_days|profitable_days
2024-04-02 00:00:00,32,2023-01,138.85,0.0,53738.85,trading_days,trading_days|profitable_days
2024-04-02 00:00:00,33,2023-02,897.45,0.0,54497.45,profitable_days,profitable_days
2024-04-02 00:00:00,34,2023-03,897.45,0.0,54497.45,profitable_days,profitable_days
2024-04-02 00:00:00,39,2023-10,897.45,0.0,54497.45,profitable_days,profitable_days
2024-04-02 00:00:00,40,2023-10,897.45,0.0,54497.45,profitable_days,profitable_days
2024-04-02 00:00:00,41,2023-10,897.45,0.0,54497.45,profitable_days,profitable_days
2024-04-02 00:00:00,42,2023-10,897.45,0.0,54497.45,profitable_days,profitable_days
2024-04-03 00:00:00,17,2022-06,306.4,0.0,53906.4,trading_days,trading_days|profitable_days
2024-04-03 00:00:00,18,2022-06,306.4,0.0,53906.4,trading_days,trading_days|profitable_days
2024-04-03 00:00:00,19,2022-06,306.4,0.0,53906.4,trading_days,trading_days|profitable_days
2024-04-03 00:00:00,20,2022-06,306.4,0.0,53906.4,trading_days,trading_days|profitable_days
2024-04-03 00:00:00,21,2022-06,306.4,0.0,53906.4,trading_days,trading_days|profitable_days
2024-04-03 00:00:00,22,2022-06,306.4,0.0,53906.4,trading_days,trading_days|profitable_days
2024-04-03 00:00:00,23,2022-06,306.4,0.0,53906.4,trading_days,trading_days|profitable_days
2024-04-03 00:00:00,24,2022-07,306.4,0.0,53906.4,trading_days,trading_days|profitable_days
2024-04-03 00:00:00,25,2022-08,306.4,0.0,53906.4,trading_days,trading_days|profitable_days
2024-04-03 00:00:00,28,2022-11,894.15,0.0,54494.15,profitable_days,profitable_days
2024-04-03 00:00:00,30,2023-01,306.4,0.0,53906.4,trading_days,trading_days|profitable_days
2024-04-03 00:00:00,31,2023-01,306.4,0.0,53906.4,trading_days,trading_days|profitable_days
2024-04-03 00:00:00,32,2023-01,306.4,0.0,53906.4,trading_days,trading_days|profitable_days
2024-04-04 00:00:00,17,2022-06,351.65,0.0,53951.65,trading_days,trading_days|profitable_days
2024-04-04 00:00:00,18,2022-06,351.65,0.0,53951.65,trading_days,trading_days|profitable_days
2024-04-04 00:00:00,19,2022-06,351.65,0.0,53951.65,trading_days,trading_days|profitable_days
2024-04-04 00:00:00,20,2022-06,351.65,0.0,53951.65,trading_days,trading_days|profitable_days
2024-04-04 00:00:00,21,2022-06,351.65,0.0,53951.65,trading_days,trading_days|profitable_days
2024-04-04 00:00:00,22,2022-06,351.65,0.0,53951.65,trading_days,trading_days|profitable_days
2024-04-04 00:00:00,23,2022-06,351.65,0.0,53951.65,trading_days,trading_days|profitable_days
2024-04-04 00:00:00,24,2022-07,351.65,0.0,53951.65,trading_days,trading_days|profitable_days
2024-04-04 00:00:00,25,2022-08,351.65,0.0,53951.65,trading_days,trading_days|profitable_days
2024-04-04 00:00:00,28,2022-11,939.4,0.0,54539.4,profitable_days,profitable_days
2024-04-04 00:00:00,29,2022-12,45.25,0.0,53645.25,trading_days,trading_days|profitable_days
2024-04-04 00:00:00,30,2023-01,351.65,0.0,53951.65,trading_days,trading_days|profitable_days
2024-04-04 00:00:00,31,2023-01,351.65,0.0,53951.65,trading_days,trading_days|profitable_days
2024-04-04 00:00:00,32,2023-01,351.65,0.0,53951.65,trading_days,trading_days|profitable_days
2024-04-04 00:00:00,33,2023-02,45.25,0.0,53645.25,trading_days,trading_days|profitable_days
2024-04-04 00:00:00,34,2023-03,45.25,0.0,53645.25,trading_days,trading_days|profitable_days
2024-04-04 00:00:00,39,2023-10,45.25,0.0,53645.25,trading_days,trading_days|profitable_days
2024-04-04 00:00:00,40,2023-10,45.25,0.0,53645.25,trading_days,trading_days|profitable_days
2024-04-04 00:00:00,41,2023-10,45.25,0.0,53645.25,trading_days,trading_days|profitable_days
2024-04-04 00:00:00,42,2023-10,45.25,0.0,53645.25,trading_days,trading_days|profitable_days
2024-04-05 00:00:00,17,2022-06,525.9,0.0,54125.9,trading_days,trading_days|profitable_days
2024-04-05 00:00:00,18,2022-06,525.9,0.0,54125.9,trading_days,trading_days|profitable_days
2024-04-05 00:00:00,19,2022-06,525.9,0.0,54125.9,trading_days,trading_days|profitable_days
2024-04-05 00:00:00,20,2022-06,525.9,0.0,54125.9,trading_days,trading_days|profitable_days
2024-04-05 00:00:00,21,2022-06,525.9,0.0,54125.9,trading_days,trading_days|profitable_days
2024-04-05 00:00:00,22,2022-06,525.9,0.0,54125.9,trading_days,trading_days|profitable_days
2024-04-05 00:00:00,23,2022-06,525.9,0.0,54125.9,trading_days,trading_days|profitable_days
2024-04-05 00:00:00,24,2022-07,525.9,0.0,54125.9,trading_days,trading_days|profitable_days
2024-04-05 00:00:00,25,2022-08,525.9,0.0,54125.9,trading_days,trading_days|profitable_days
2024-04-05 00:00:00,29,2022-12,219.5,0.0,53819.5,trading_days,trading_days|profitable_days
2024-04-05 00:00:00,30,2023-01,525.9,0.0,54125.9,trading_days,trading_days|profitable_days
2024-04-05 00:00:00,31,2023-01,525.9,0.0,54125.9,trading_days,trading_days|profitable_days
2024-04-05 00:00:00,32,2023-01,525.9,0.0,54125.9,trading_days,trading_days|profitable_days
2024-04-05 00:00:00,33,2023-02,219.5,0.0,53819.5,trading_days,trading_days|profitable_days
2024-04-05 00:00:00,34,2023-03,219.5,0.0,53819.5,trading_days,trading_days|profitable_days
2024-04-05 00:00:00,39,2023-10,219.5,0.0,53819.5,trading_days,trading_days|profitable_days
2024-04-05 00:00:00,40,2023-10,219.5,0.0,53819.5,trading_days,trading_days|profitable_days
2024-04-05 00:00:00,41,2023-10,219.5,0.0,53819.5,trading_days,trading_days|profitable_days
2024-04-05 00:00:00,42,2023-10,219.5,0.0,53819.5,trading_days,trading_days|profitable_days
2024-04-06 00:00:00,17,2022-06,581.3,0.0,54181.3,trading_days,trading_days|profitable_days
2024-04-06 00:00:00,18,2022-06,581.3,0.0,54181.3,trading_days,trading_days|profitable_days
2024-04-06 00:00:00,19,2022-06,581.3,0.0,54181.3,trading_days,trading_days|profitable_days
2024-04-06 00:00:00,20,2022-06,581.3,0.0,54181.3,trading_days,trading_days|profitable_days
2024-04-06 00:00:00,21,2022-06,581.3,0.0,54181.3,trading_days,trading_days|profitable_days
2024-04-06 00:00:00,22,2022-06,581.3,0.0,54181.3,trading_days,trading_days|profitable_days
2024-04-06 00:00:00,23,2022-06,581.3,0.0,54181.3,trading_days,trading_days|profitable_days
2024-04-06 00:00:00,24,2022-07,581.3,0.0,54181.3,trading_days,trading_days|profitable_days
2024-04-06 00:00:00,25,2022-08,581.3,0.0,54181.3,trading_days,trading_days|profitable_days
2024-04-06 00:00:00,28,2022-11,55.4,0.0,53655.4,trading_days,trading_days|profitable_days
2024-04-06 00:00:00,29,2022-12,274.9,0.0,53874.9,trading_days,trading_days|profitable_days
2024-04-06 00:00:00,30,2023-01,581.3,0.0,54181.3,trading_days,trading_days|profitable_days
2024-04-06 00:00:00,31,2023-01,581.3,0.0,54181.3,trading_days,trading_days|profitable_days
2024-04-06 00:00:00,32,2023-01,581.3,0.0,54181.3,trading_days,trading_days|profitable_days
2024-04-06 00:00:00,33,2023-02,274.9,0.0,53874.9,trading_days,trading_days|profitable_days
2024-04-06 00:00:00,34,2023-03,274.9,0.0,53874.9,trading_days,trading_days|profitable_days
2024-04-06 00:00:00,39,2023-10,274.9,0.0,53874.9,trading_days,trading_days|profitable_days
2024-04-06 00:00:00,40,2023-10,274.9,0.0,53874.9,trading_days,trading_days|profitable_days
2024-04-06 00:00:00,41,2023-10,274.9,0.0,53874.9,trading_days,trading_days|profitable_days
2024-04-06 00:00:00,42,2023-10,274.9,0.0,53874.9,trading_days,trading_days|profitable_days
2024-04-07 00:00:00,17,2022-06,581.3,0.0,54181.3,trading_days,trading_days|profitable_days
2024-04-07 00:00:00,18,2022-06,581.3,0.0,54181.3,trading_days,trading_days|profitable_days
2024-04-07 00:00:00,19,2022-06,581.3,0.0,54181.3,trading_days,trading_days|profitable_days
2024-04-07 00:00:00,20,2022-06,581.3,0.0,54181.3,trading_days,trading_days|profitable_days
2024-04-07 00:00:00,21,2022-06,581.3,0.0,54181.3,trading_days,trading_days|profitable_days
2024-04-07 00:00:00,22,2022-06,581.3,0.0,54181.3,trading_days,trading_days|profitable_days
2024-04-07 00:00:00,23,2022-06,581.3,0.0,54181.3,trading_days,trading_days|profitable_days
2024-04-07 00:00:00,24,2022-07,581.3,0.0,54181.3,trading_days,trading_days|profitable_days
2024-04-07 00:00:00,25,2022-08,581.3,0.0,54181.3,trading_days,trading_days|profitable_days
2024-04-07 00:00:00,28,2022-11,55.4,0.0,53655.4,trading_days,trading_days|profitable_days
2024-04-07 00:00:00,29,2022-12,274.9,0.0,53874.9,trading_days,trading_days|profitable_days
2024-04-07 00:00:00,30,2023-01,581.3,0.0,54181.3,trading_days,trading_days|profitable_days
2024-04-07 00:00:00,31,2023-01,581.3,0.0,54181.3,trading_days,trading_days|profitable_days
2024-04-07 00:00:00,32,2023-01,581.3,0.0,54181.3,trading_days,trading_days|profitable_days
2024-04-07 00:00:00,33,2023-02,274.9,0.0,53874.9,trading_days,trading_days|profitable_days
2024-04-07 00:00:00,34,2023-03,274.9,0.0,53874.9,trading_days,trading_days|profitable_days
2024-04-07 00:00:00,39,2023-10,274.9,0.0,53874.9,trading_days,trading_days|profitable_days
2024-04-07 00:00:00,40,2023-10,274.9,0.0,53874.9,trading_days,trading_days|profitable_days
2024-04-07 00:00:00,41,2023-10,274.9,0.0,53874.9,trading_days,trading_days|profitable_days
2024-04-07 00:00:00,42,2023-10,274.9,0.0,53874.9,trading_days,trading_days|profitable_days
2024-04-08 00:00:00,17,2022-06,581.3,0.0,54181.3,trading_days,trading_days|profitable_days
2024-04-08 00:00:00,18,2022-06,581.3,0.0,54181.3,trading_days,trading_days|profitable_days
2024-04-08 00:00:00,19,2022-06,581.3,0.0,54181.3,trading_days,trading_days|profitable_days
2024-04-08 00:00:00,20,2022-06,581.3,0.0,54181.3,trading_days,trading_days|profitable_days
2024-04-08 00:00:00,21,2022-06,581.3,0.0,54181.3,trading_days,trading_days|profitable_days
2024-04-08 00:00:00,22,2022-06,581.3,0.0,54181.3,trading_days,trading_days|profitable_days
2024-04-08 00:00:00,23,2022-06,581.3,0.0,54181.3,trading_days,trading_days|profitable_days
2024-04-08 00:00:00,24,2022-07,581.3,0.0,54181.3,trading_days,trading_days|profitable_days
2024-04-08 00:00:00,25,2022-08,581.3,0.0,54181.3,trading_days,trading_days|profitable_days
2024-04-08 00:00:00,28,2022-11,55.4,0.0,53655.4,trading_days,trading_days|profitable_days
2024-04-08 00:00:00,29,2022-12,274.9,0.0,53874.9,trading_days,trading_days|profitable_days
2024-04-08 00:00:00,30,2023-01,581.3,0.0,54181.3,trading_days,trading_days|profitable_days
2024-04-08 00:00:00,31,2023-01,581.3,0.0,54181.3,trading_days,trading_days|profitable_days
2024-04-08 00:00:00,32,2023-01,581.3,0.0,54181.3,trading_days,trading_days|profitable_days
2024-04-08 00:00:00,33,2023-02,274.9,0.0,53874.9,trading_days,trading_days|profitable_days
2024-04-08 00:00:00,34,2023-03,274.9,0.0,53874.9,trading_days,trading_days|profitable_days
2024-04-08 00:00:00,39,2023-10,274.9,0.0,53874.9,trading_days,trading_days|profitable_days
2024-04-08 00:00:00,40,2023-10,274.9,0.0,53874.9,trading_days,trading_days|profitable_days
2024-04-08 00:00:00,41,2023-10,274.9,0.0,53874.9,trading_days,trading_days|profitable_days
2024-04-08 00:00:00,42,2023-10,274.9,0.0,53874.9,trading_days,trading_days|profitable_days
2024-04-09 00:00:00,17,2022-06,675.25,0.0,54275.25,trading_days,trading_days
2024-04-09 00:00:00,18,2022-06,675.25,0.0,54275.25,trading_days,trading_days
2024-04-09 00:00:00,19,2022-06,675.25,0.0,54275.25,trading_days,trading_days
2024-04-09 00:00:00,20,2022-06,675.25,0.0,54275.25,trading_days,trading_days
2024-04-09 00:00:00,21,2022-06,675.25,0.0,54275.25,trading_days,trading_days
2024-04-09 00:00:00,22,2022-06,675.25,0.0,54275.25,trading_days,trading_days
2024-04-09 00:00:00,23,2022-06,675.25,0.0,54275.25,trading_days,trading_days
2024-04-09 00:00:00,24,2022-07,675.25,0.0,54275.25,trading_days,trading_days
2024-04-09 00:00:00,25,2022-08,675.25,0.0,54275.25,trading_days,trading_days
2024-04-09 00:00:00,28,2022-11,149.35,0.0,53749.35,trading_days,trading_days|profitable_days
2024-04-09 00:00:00,29,2022-12,368.85,0.0,53968.85,trading_days,trading_days|profitable_days
2024-04-09 00:00:00,30,2023-01,675.25,0.0,54275.25,trading_days,trading_days
2024-04-09 00:00:00,31,2023-01,675.25,0.0,54275.25,trading_days,trading_days
2024-04-09 00:00:00,32,2023-01,675.25,0.0,54275.25,trading_days,trading_days
2024-04-09 00:00:00,33,2023-02,368.85,0.0,53968.85,trading_days,trading_days|profitable_days
2024-04-09 00:00:00,34,2023-03,368.85,0.0,53968.85,trading_days,trading_days|profitable_days
2024-04-09 00:00:00,39,2023-10,368.85,0.0,53968.85,trading_days,trading_days|profitable_days
2024-04-09 00:00:00,40,2023-10,368.85,0.0,53968.85,trading_days,trading_days|profitable_days
2024-04-09 00:00:00,41,2023-10,368.85,0.0,53968.85,trading_days,trading_days|profitable_days
2024-04-09 00:00:00,42,2023-10,368.85,0.0,53968.85,trading_days,trading_days|profitable_days
2024-04-10 00:00:00,28,2022-11,305.55,0.0,53905.55,trading_days,trading_days|profitable_days
2024-04-10 00:00:00,29,2022-12,525.05,0.0,54125.05,trading_days,trading_days|profitable_days
2024-04-10 00:00:00,33,2023-02,525.05,0.0,54125.05,trading_days,trading_days|profitable_days
2024-04-10 00:00:00,34,2023-03,525.05,0.0,54125.05,trading_days,trading_days|profitable_days
2024-04-10 00:00:00,39,2023-10,525.05,0.0,54125.05,trading_days,trading_days|profitable_days
2024-04-10 00:00:00,40,2023-10,525.05,0.0,54125.05,trading_days,trading_days|profitable_days
2024-04-10 00:00:00,41,2023-10,525.05,0.0,54125.05,trading_days,trading_days|profitable_days
2024-04-10 00:00:00,42,2023-10,525.05,0.0,54125.05,trading_days,trading_days|profitable_days
2024-04-11 00:00:00,28,2022-11,52.05,0.0,53652.05,trading_days,trading_days|profitable_days
2024-04-11 00:00:00,29,2022-12,271.55,0.0,53871.55,trading_days,trading_days|profitable_days
2024-04-11 00:00:00,33,2023-02,271.55,0.0,53871.55,trading_days,trading_days|profitable_days
2024-04-11 00:00:00,34,2023-03,271.55,0.0,53871.55,trading_days,trading_days|profitable_days
2024-04-11 00:00:00,39,2023-10,271.55,0.0,53871.55,trading_days,trading_days|profitable_days
2024-04-11 00:00:00,40,2023-10,271.55,0.0,53871.55,trading_days,trading_days|profitable_days
2024-04-11 00:00:00,41,2023-10,271.55,0.0,53871.55,trading_days,trading_days|profitable_days
2024-04-11 00:00:00,42,2023-10,271.55,0.0,53871.55,trading_days,trading_days|profitable_days
2024-04-12 00:00:00,28,2022-11,136.15,0.0,53736.15,trading_days,trading_days|profitable_days
2024-04-12 00:00:00,29,2022-12,355.65,0.0,53955.65,trading_days,trading_days
2024-04-12 00:00:00,33,2023-02,355.65,0.0,53955.65,trading_days,trading_days
2024-04-12 00:00:00,34,2023-03,355.65,0.0,53955.65,trading_days,trading_days
2024-04-12 00:00:00,39,2023-10,355.65,0.0,53955.65,trading_days,trading_days
2024-04-12 00:00:00,40,2023-10,355.65,0.0,53955.65,trading_days,trading_days
2024-04-12 00:00:00,41,2023-10,355.65,0.0,53955.65,trading_days,trading_days
2024-04-12 00:00:00,42,2023-10,355.65,0.0,53955.65,trading_days,trading_days
2024-05-07 00:00:00,28,2022-11,43.2,43.2,53643.2,minimum_payout,minimum_payout
2024-05-07 00:00:00,29,2022-12,262.7,262.7,53862.7,minimum_payout,minimum_payout
2024-05-07 00:00:00,33,2023-02,262.7,262.7,53862.7,minimum_payout,minimum_payout
2024-05-07 00:00:00,34,2023-03,262.7,262.7,53862.7,minimum_payout,minimum_payout
2024-05-07 00:00:00,39,2023-10,262.7,262.7,53862.7,minimum_payout,minimum_payout
2024-05-07 00:00:00,40,2023-10,262.7,262.7,53862.7,minimum_payout,minimum_payout
2024-05-07 00:00:00,41,2023-10,262.7,262.7,53862.7,minimum_payout,minimum_payout
2024-05-07 00:00:00,42,2023-10,262.7,262.7,53862.7,minimum_payout,minimum_payout
2024-05-08 00:00:00,29,2022-12,16.2,16.2,53616.2,minimum_payout,minimum_payout
2024-05-08 00:00:00,33,2023-02,16.2,16.2,53616.2,minimum_payout,minimum_payout
2024-05-08 00:00:00,34,2023-03,16.2,16.2,53616.2,minimum_payout,minimum_payout
2024-05-08 00:00:00,39,2023-10,16.2,16.2,53616.2,minimum_payout,minimum_payout
2024-05-08 00:00:00,40,2023-10,16.2,16.2,53616.2,minimum_payout,minimum_payout
2024-05-08 00:00:00,41,2023-10,16.2,16.2,53616.2,minimum_payout,minimum_payout
2024-05-08 00:00:00,42,2023-10,16.2,16.2,53616.2,minimum_payout,minimum_payout
2024-05-09 00:00:00,29,2022-12,55.9,55.9,53655.9,minimum_payout,minimum_payout
2024-05-09 00:00:00,33,2023-02,55.9,55.9,53655.9,minimum_payout,minimum_payout
2024-05-09 00:00:00,34,2023-03,55.9,55.9,53655.9,minimum_payout,minimum_payout
2024-05-09 00:00:00,39,2023-10,55.9,55.9,53655.9,minimum_payout,minimum_payout
2024-05-09 00:00:00,40,2023-10,55.9,55.9,53655.9,minimum_payout,minimum_payout
2024-05-09 00:00:00,41,2023-10,55.9,55.9,53655.9,minimum_payout,minimum_payout
2024-05-09 00:00:00,42,2023-10,55.9,55.9,53655.9,minimum_payout,minimum_payout
2024-05-10 00:00:00,29,2022-12,110.8,110.8,53710.8,minimum_payout,minimum_payout
2024-05-10 00:00:00,33,2023-02,110.8,110.8,53710.8,minimum_payout,minimum_payout
2024-05-10 00:00:00,34,2023-03,110.8,110.8,53710.8,minimum_payout,minimum_payout
2024-05-10 00:00:00,39,2023-10,110.8,110.8,53710.8,minimum_payout,minimum_payout
2024-05-10 00:00:00,40,2023-10,110.8,110.8,53710.8,minimum_payout,minimum_payout
2024-05-10 00:00:00,41,2023-10,110.8,110.8,53710.8,minimum_payout,minimum_payout
2024-05-10 00:00:00,42,2023-10,110.8,110.8,53710.8,minimum_payout,minimum_payout
2024-05-11 00:00:00,29,2022-12,41.35,41.35,53641.35,minimum_payout,minimum_payout
2024-05-11 00:00:00,33,2023-02,41.35,41.35,53641.35,minimum_payout,minimum_payout
2024-05-11 00:00:00,34,2023-03,41.35,41.35,53641.35,minimum_payout,minimum_payout
2024-05-11 00:00:00,39,2023-10,41.35,41.35,53641.35,minimum_payout,minimum_payout
2024-05-11 00:00:00,40,2023-10,41.35,41.35,53641.35,minimum_payout,minimum_payout
2024-05-11 00:00:00,41,2023-10,41.35,41.35,53641.35,minimum_payout,minimum_payout
2024-05-11 00:00:00,42,2023-10,41.35,41.35,53641.35,minimum_payout,minimum_payout
2024-05-12 00:00:00,29,2022-12,41.35,41.35,53641.35,minimum_payout,minimum_payout
2024-05-12 00:00:00,33,2023-02,41.35,41.35,53641.35,minimum_payout,minimum_payout
2024-05-12 00:00:00,34,2023-03,41.35,41.35,53641.35,minimum_payout,minimum_payout
2024-05-12 00:00:00,39,2023-10,41.35,41.35,53641.35,minimum_payout,minimum_payout
2024-05-12 00:00:00,40,2023-10,41.35,41.35,53641.35,minimum_payout,minimum_payout
2024-05-12 00:00:00,41,2023-10,41.35,41.35,53641.35,minimum_payout,minimum_payout
2024-05-12 00:00:00,42,2023-10,41.35,41.35,53641.35,minimum_payout,minimum_payout
2024-05-13 00:00:00,29,2022-12,41.35,41.35,53641.35,minimum_payout,minimum_payout
2024-05-13 00:00:00,33,2023-02,41.35,41.35,53641.35,minimum_payout,minimum_payout
2024-05-13 00:00:00,34,2023-03,41.35,41.35,53641.35,minimum_payout,minimum_payout
2024-05-13 00:00:00,39,2023-10,41.35,41.35,53641.35,minimum_payout,minimum_payout
2024-05-13 00:00:00,40,2023-10,41.35,41.35,53641.35,minimum_payout,minimum_payout
2024-05-13 00:00:00,41,2023-10,41.35,41.35,53641.35,minimum_payout,minimum_payout
2024-05-13 00:00:00,42,2023-10,41.35,41.35,53641.35,minimum_payout,minimum_payout
2024-05-14 00:00:00,29,2022-12,89.35,89.35,53689.35,minimum_payout,minimum_payout
2024-05-14 00:00:00,33,2023-02,89.35,89.35,53689.35,minimum_payout,minimum_payout
2024-05-14 00:00:00,34,2023-03,89.35,89.35,53689.35,minimum_payout,minimum_payout
2024-05-14 00:00:00,39,2023-10,89.35,89.35,53689.35,minimum_payout,minimum_payout
2024-05-14 00:00:00,40,2023-10,89.35,89.35,53689.35,minimum_payout,minimum_payout
2024-05-14 00:00:00,41,2023-10,89.35,89.35,53689.35,minimum_payout,minimum_payout
2024-05-14 00:00:00,42,2023-10,89.35,89.35,53689.35,minimum_payout,minimum_payout
2024-05-15 00:00:00,28,2022-11,69.15,69.15,53669.15,minimum_payout,minimum_payout
2024-05-15 00:00:00,29,2022-12,288.65,288.65,53888.65,minimum_payout,minimum_payout
2024-05-15 00:00:00,33,2023-02,288.65,288.65,53888.65,minimum_payout,minimum_payout
2024-05-15 00:00:00,34,2023-03,288.65,288.65,53888.65,minimum_payout,minimum_payout
2024-05-15 00:00:00,39,2023-10,288.65,288.65,53888.65,minimum_payout,minimum_payout
2024-05-15 00:00:00,40,2023-10,288.65,288.65,53888.65,minimum_payout,minimum_payout
2024-05-15 00:00:00,41,2023-10,288.65,288.65,53888.65,minimum_payout,minimum_payout
2024-05-15 00:00:00,42,2023-10,288.65,288.65,53888.65,minimum_payout,minimum_payout
2024-05-16 00:00:00,28,2022-11,305.2,305.2,53905.2,minimum_payout,minimum_payout
2024-05-17 00:00:00,28,2022-11,209.0,209.0,53809.0,minimum_payout,minimum_payout
2024-05-18 00:00:00,28,2022-11,68.05,68.05,53668.05,minimum_payout,minimum_payout
2024-05-19 00:00:00,28,2022-11,68.05,68.05,53668.05,minimum_payout,minimum_payout
2024-05-20 00:00:00,28,2022-11,68.05,68.05,53668.05,minimum_payout,minimum_payout
2024-05-21 00:00:00,28,2022-11,149.2,149.2,53749.2,minimum_payout,minimum_payout
2024-05-22 00:00:00,28,2022-11,176.75,176.75,53776.75,minimum_payout,minimum_payout
2024-05-23 00:00:00,28,2022-11,173.45,173.45,53773.45,minimum_payout,minimum_payout
2024-05-25 00:00:00,28,2022-11,111.35,111.35,53711.35,minimum_payout,minimum_payout
2024-05-26 00:00:00,28,2022-11,111.35,111.35,53711.35,minimum_payout,minimum_payout
2024-05-27 00:00:00,28,2022-11,111.35,111.35,53711.35,minimum_payout,minimum_payout
2024-05-28 00:00:00,17,2022-06,7.05,7.05,53607.05,minimum_payout,minimum_payout
2024-05-28 00:00:00,18,2022-06,7.05,7.05,53607.05,minimum_payout,minimum_payout
2024-05-28 00:00:00,19,2022-06,7.05,7.05,53607.05,minimum_payout,minimum_payout
2024-05-28 00:00:00,20,2022-06,7.05,7.05,53607.05,minimum_payout,minimum_payout
2024-05-28 00:00:00,21,2022-06,7.05,7.05,53607.05,minimum_payout,minimum_payout
2024-05-28 00:00:00,22,2022-06,7.05,7.05,53607.05,minimum_payout,minimum_payout
2024-05-28 00:00:00,23,2022-06,7.05,7.05,53607.05,minimum_payout,minimum_payout
2024-05-28 00:00:00,24,2022-07,7.05,7.05,53607.05,minimum_payout,minimum_payout
2024-05-28 00:00:00,25,2022-08,7.05,7.05,53607.05,minimum_payout,minimum_payout
2024-05-28 00:00:00,28,2022-11,312.6,312.6,53912.6,minimum_payout,minimum_payout
2024-05-28 00:00:00,29,2022-12,7.4,0.0,53607.4,profitable_days,profitable_days
2024-05-28 00:00:00,30,2023-01,7.05,7.05,53607.05,minimum_payout,minimum_payout
2024-05-28 00:00:00,31,2023-01,7.05,7.05,53607.05,minimum_payout,minimum_payout
2024-05-28 00:00:00,32,2023-01,7.05,7.05,53607.05,minimum_payout,minimum_payout
2024-05-28 00:00:00,33,2023-02,7.4,0.0,53607.4,profitable_days,profitable_days
2024-05-28 00:00:00,34,2023-03,7.4,0.0,53607.4,profitable_days,profitable_days
2024-05-28 00:00:00,39,2023-10,7.4,0.0,53607.4,profitable_days,profitable_days
2024-05-28 00:00:00,40,2023-10,7.4,0.0,53607.4,profitable_days,profitable_days
2024-05-28 00:00:00,41,2023-10,7.4,0.0,53607.4,profitable_days,profitable_days
2024-05-28 00:00:00,42,2023-10,7.4,0.0,53607.4,profitable_days,profitable_days
2024-05-29 00:00:00,17,2022-06,177.75,177.75,53777.75,minimum_payout,minimum_payout
2024-05-29 00:00:00,18,2022-06,177.75,177.75,53777.75,minimum_payout,minimum_payout
2024-05-29 00:00:00,19,2022-06,177.75,177.75,53777.75,minimum_payout,minimum_payout
2024-05-29 00:00:00,20,2022-06,177.75,177.75,53777.75,minimum_payout,minimum_payout
2024-05-29 00:00:00,21,2022-06,177.75,177.75,53777.75,minimum_payout,minimum_payout
2024-05-29 00:00:00,22,2022-06,177.75,177.75,53777.75,minimum_payout,minimum_payout
2024-05-29 00:00:00,23,2022-06,177.75,177.75,53777.75,minimum_payout,minimum_payout
2024-05-29 00:00:00,24,2022-07,177.75,177.75,53777.75,minimum_payout,minimum_payout
2024-05-29 00:00:00,25,2022-08,177.75,177.75,53777.75,minimum_payout,minimum_payout
2024-05-29 00:00:00,28,2022-11,483.3,483.3,54083.3,minimum_payout,minimum_payout
2024-05-29 00:00:00,29,2022-12,178.1,0.0,53778.1,profitable_days,profitable_days
2024-05-29 00:00:00,30,2023-01,177.75,177.75,53777.75,minimum_payout,minimum_payout
2024-05-29 00:00:00,31,2023-01,177.75,177.75,53777.75,minimum_payout,minimum_payout
2024-05-29 00:00:00,32,2023-01,177.75,177.75,53777.75,minimum_payout,minimum_payout
2024-05-29 00:00:00,33,2023-02,178.1,0.0,53778.1,profitable_days,profitable_days
2024-05-29 00:00:00,34,2023-03,178.1,0.0,53778.1,profitable_days,profitable_days
2024-05-29 00:00:00,39,2023-10,178.1,0.0,53778.1,profitable_days,profitable_days
2024-05-29 00:00:00,40,2023-10,178.1,0.0,53778.1,profitable_days,profitable_days
2024-05-29 00:00:00,41,2023-10,178.1,0.0,53778.1,profitable_days,profitable_days
2024-05-29 00:00:00,42,2023-10,178.1,0.0,53778.1,profitable_days,profitable_days
2024-05-30 00:00:00,17,2022-06,101.55,101.55,53701.55,minimum_payout,minimum_payout
2024-05-30 00:00:00,18,2022-06,101.55,101.55,53701.55,minimum_payout,minimum_payout
2024-05-30 00:00:00,19,2022-06,101.55,101.55,53701.55,minimum_payout,minimum_payout
2024-05-30 00:00:00,20,2022-06,101.55,101.55,53701.55,minimum_payout,minimum_payout
2024-05-30 00:00:00,21,2022-06,101.55,101.55,53701.55,minimum_payout,minimum_payout
2024-05-30 00:00:00,22,2022-06,101.55,101.55,53701.55,minimum_payout,minimum_payout
2024-05-30 00:00:00,23,2022-06,101.55,101.55,53701.55,minimum_payout,minimum_payout
2024-05-30 00:00:00,24,2022-07,101.55,101.55,53701.55,minimum_payout,minimum_payout
2024-05-30 00:00:00,25,2022-08,101.55,101.55,53701.55,minimum_payout,minimum_payout
2024-05-30 00:00:00,28,2022-11,407.1,407.1,54007.1,minimum_payout,minimum_payout
2024-05-30 00:00:00,29,2022-12,101.9,0.0,53701.9,profitable_days,profitable_days
2024-05-30 00:00:00,30,2023-01,101.55,101.55,53701.55,minimum_payout,minimum_payout
2024-05-30 00:00:00,31,2023-01,101.55,101.55,53701.55,minimum_payout,minimum_payout
2024-05-30 00:00:00,32,2023-01,101.55,101.55,53701.55,minimum_payout,minimum_payout
2024-05-30 00:00:00,33,2023-02,101.9,0.0,53701.9,profitable_days,profitable_days
2024-05-30 00:00:00,34,2023-03,101.9,0.0,53701.9,profitable_days,profitable_days
2024-05-30 00:00:00,39,2023-10,101.9,0.0,53701.9,profitable_days,profitable_days
2024-05-30 00:00:00,40,2023-10,101.9,0.0,53701.9,profitable_days,profitable_days
2024-05-30 00:00:00,41,2023-10,101.9,0.0,53701.9,profitable_days,profitable_days
2024-05-30 00:00:00,42,2023-10,101.9,0.0,53701.9,profitable_days,profitable_days
2024-05-31 00:00:00,17,2022-06,48.8,48.8,53648.8,minimum_payout,minimum_payout
2024-05-31 00:00:00,18,2022-06,48.8,48.8,53648.8,minimum_payout,minimum_payout
2024-05-31 00:00:00,19,2022-06,48.8,48.8,53648.8,minimum_payout,minimum_payout
2024-05-31 00:00:00,20,2022-06,48.8,48.8,53648.8,minimum_payout,minimum_payout
2024-05-31 00:00:00,21,2022-06,48.8,48.8,53648.8,minimum_payout,minimum_payout
2024-05-31 00:00:00,22,2022-06,48.8,48.8,53648.8,minimum_payout,minimum_payout
2024-05-31 00:00:00,23,2022-06,48.8,48.8,53648.8,minimum_payout,minimum_payout
2024-05-31 00:00:00,24,2022-07,48.8,48.8,53648.8,minimum_payout,minimum_payout
2024-05-31 00:00:00,25,2022-08,48.8,48.8,53648.8,minimum_payout,minimum_payout
2024-05-31 00:00:00,28,2022-11,354.35,354.35,53954.35,minimum_payout,minimum_payout
2024-05-31 00:00:00,29,2022-12,49.15,0.0,53649.15,profitable_days,profitable_days
2024-05-31 00:00:00,30,2023-01,48.8,48.8,53648.8,minimum_payout,minimum_payout
2024-05-31 00:00:00,31,2023-01,48.8,48.8,53648.8,minimum_payout,minimum_payout
2024-05-31 00:00:00,32,2023-01,48.8,48.8,53648.8,minimum_payout,minimum_payout
2024-05-31 00:00:00,33,2023-02,49.15,0.0,53649.15,profitable_days,profitable_days
2024-05-31 00:00:00,34,2023-03,49.15,0.0,53649.15,profitable_days,profitable_days
2024-05-31 00:00:00,39,2023-10,49.15,0.0,53649.15,profitable_days,profitable_days
2024-05-31 00:00:00,40,2023-10,49.15,0.0,53649.15,profitable_days,profitable_days
2024-05-31 00:00:00,41,2023-10,49.15,0.0,53649.15,profitable_days,profitable_days
2024-05-31 00:00:00,42,2023-10,49.15,0.0,53649.15,profitable_days,profitable_days
2024-06-01 00:00:00,17,2022-06,92.5,92.5,53692.5,minimum_payout,minimum_payout
2024-06-01 00:00:00,18,2022-06,92.5,92.5,53692.5,minimum_payout,minimum_payout
2024-06-01 00:00:00,19,2022-06,92.5,92.5,53692.5,minimum_payout,minimum_payout
2024-06-01 00:00:00,20,2022-06,92.5,92.5,53692.5,minimum_payout,minimum_payout
2024-06-01 00:00:00,21,2022-06,92.5,92.5,53692.5,minimum_payout,minimum_payout
2024-06-01 00:00:00,22,2022-06,92.5,92.5,53692.5,minimum_payout,minimum_payout
2024-06-01 00:00:00,23,2022-06,92.5,92.5,53692.5,minimum_payout,minimum_payout
2024-06-01 00:00:00,24,2022-07,92.5,92.5,53692.5,minimum_payout,minimum_payout
2024-06-01 00:00:00,25,2022-08,92.5,92.5,53692.5,minimum_payout,minimum_payout
2024-06-01 00:00:00,28,2022-11,398.05,398.05,53998.05,minimum_payout,minimum_payout
2024-06-01 00:00:00,29,2022-12,92.85,0.0,53692.85,profitable_days,profitable_days
2024-06-01 00:00:00,30,2023-01,92.5,92.5,53692.5,minimum_payout,minimum_payout
2024-06-01 00:00:00,31,2023-01,92.5,92.5,53692.5,minimum_payout,minimum_payout
2024-06-01 00:00:00,32,2023-01,92.5,92.5,53692.5,minimum_payout,minimum_payout
2024-06-01 00:00:00,33,2023-02,92.85,0.0,53692.85,profitable_days,profitable_days
2024-06-01 00:00:00,34,2023-03,92.85,0.0,53692.85,profitable_days,profitable_days
2024-06-01 00:00:00,39,2023-10,92.85,0.0,53692.85,profitable_days,profitable_days
2024-06-01 00:00:00,40,2023-10,92.85,0.0,53692.85,profitable_days,profitable_days
2024-06-01 00:00:00,41,2023-10,92.85,0.0,53692.85,profitable_days,profitable_days
2024-06-01 00:00:00,42,2023-10,92.85,0.0,53692.85,profitable_days,profitable_days
2024-06-02 00:00:00,17,2022-06,92.5,92.5,53692.5,minimum_payout,minimum_payout
2024-06-02 00:00:00,18,2022-06,92.5,92.5,53692.5,minimum_payout,minimum_payout
2024-06-02 00:00:00,19,2022-06,92.5,92.5,53692.5,minimum_payout,minimum_payout
2024-06-02 00:00:00,20,2022-06,92.5,92.5,53692.5,minimum_payout,minimum_payout
2024-06-02 00:00:00,21,2022-06,92.5,92.5,53692.5,minimum_payout,minimum_payout
2024-06-02 00:00:00,22,2022-06,92.5,92.5,53692.5,minimum_payout,minimum_payout
2024-06-02 00:00:00,23,2022-06,92.5,92.5,53692.5,minimum_payout,minimum_payout
2024-06-02 00:00:00,24,2022-07,92.5,92.5,53692.5,minimum_payout,minimum_payout
2024-06-02 00:00:00,25,2022-08,92.5,92.5,53692.5,minimum_payout,minimum_payout
2024-06-02 00:00:00,28,2022-11,398.05,398.05,53998.05,minimum_payout,minimum_payout
2024-06-02 00:00:00,29,2022-12,92.85,0.0,53692.85,profitable_days,profitable_days
2024-06-02 00:00:00,30,2023-01,92.5,92.5,53692.5,minimum_payout,minimum_payout
2024-06-02 00:00:00,31,2023-01,92.5,92.5,53692.5,minimum_payout,minimum_payout
2024-06-02 00:00:00,32,2023-01,92.5,92.5,53692.5,minimum_payout,minimum_payout
2024-06-02 00:00:00,33,2023-02,92.85,0.0,53692.85,profitable_days,profitable_days
2024-06-02 00:00:00,34,2023-03,92.85,0.0,53692.85,profitable_days,profitable_days
2024-06-02 00:00:00,39,2023-10,92.85,0.0,53692.85,profitable_days,profitable_days
2024-06-02 00:00:00,40,2023-10,92.85,0.0,53692.85,profitable_days,profitable_days
2024-06-02 00:00:00,41,2023-10,92.85,0.0,53692.85,profitable_days,profitable_days
2024-06-02 00:00:00,42,2023-10,92.85,0.0,53692.85,profitable_days,profitable_days
2024-06-03 00:00:00,17,2022-06,92.5,92.5,53692.5,minimum_payout,minimum_payout
2024-06-03 00:00:00,18,2022-06,92.5,92.5,53692.5,minimum_payout,minimum_payout
2024-06-03 00:00:00,19,2022-06,92.5,92.5,53692.5,minimum_payout,minimum_payout
2024-06-03 00:00:00,20,2022-06,92.5,92.5,53692.5,minimum_payout,minimum_payout
2024-06-03 00:00:00,21,2022-06,92.5,92.5,53692.5,minimum_payout,minimum_payout
2024-06-03 00:00:00,22,2022-06,92.5,92.5,53692.5,minimum_payout,minimum_payout
2024-06-03 00:00:00,23,2022-06,92.5,92.5,53692.5,minimum_payout,minimum_payout
2024-06-03 00:00:00,24,2022-07,92.5,92.5,53692.5,minimum_payout,minimum_payout
2024-06-03 00:00:00,25,2022-08,92.5,92.5,53692.5,minimum_payout,minimum_payout
2024-06-03 00:00:00,28,2022-11,398.05,398.05,53998.05,minimum_payout,minimum_payout
2024-06-03 00:00:00,29,2022-12,92.85,0.0,53692.85,profitable_days,profitable_days
2024-06-03 00:00:00,30,2023-01,92.5,92.5,53692.5,minimum_payout,minimum_payout
2024-06-03 00:00:00,31,2023-01,92.5,92.5,53692.5,minimum_payout,minimum_payout
2024-06-03 00:00:00,32,2023-01,92.5,92.5,53692.5,minimum_payout,minimum_payout
2024-06-03 00:00:00,33,2023-02,92.85,0.0,53692.85,profitable_days,profitable_days
2024-06-03 00:00:00,34,2023-03,92.85,0.0,53692.85,profitable_days,profitable_days
2024-06-03 00:00:00,39,2023-10,92.85,0.0,53692.85,profitable_days,profitable_days
2024-06-03 00:00:00,40,2023-10,92.85,0.0,53692.85,profitable_days,profitable_days
2024-06-03 00:00:00,41,2023-10,92.85,0.0,53692.85,profitable_days,profitable_days
2024-06-03 00:00:00,42,2023-10,92.85,0.0,53692.85,profitable_days,profitable_days
2024-06-05 00:00:00,17,2022-06,36.1,0.0,53636.1,trading_days,trading_days|profitable_days
2024-06-05 00:00:00,18,2022-06,36.1,0.0,53636.1,trading_days,trading_days|profitable_days
2024-06-05 00:00:00,19,2022-06,36.1,0.0,53636.1,trading_days,trading_days|profitable_days
2024-06-05 00:00:00,20,2022-06,36.1,0.0,53636.1,trading_days,trading_days|profitable_days
2024-06-05 00:00:00,21,2022-06,36.1,0.0,53636.1,trading_days,trading_days|profitable_days
2024-06-05 00:00:00,22,2022-06,36.1,0.0,53636.1,trading_days,trading_days|profitable_days
2024-06-05 00:00:00,23,2022-06,36.1,0.0,53636.1,trading_days,trading_days|profitable_days
2024-06-05 00:00:00,24,2022-07,36.1,0.0,53636.1,trading_days,trading_days|profitable_days
2024-06-05 00:00:00,25,2022-08,36.1,0.0,53636.1,trading_days,trading_days|profitable_days
2024-06-05 00:00:00,28,2022-11,36.1,0.0,53636.1,trading_days,trading_days|profitable_days
2024-06-05 00:00:00,29,2022-12,36.1,0.0,53636.1,trading_days,trading_days|profitable_days
2024-06-05 00:00:00,30,2023-01,36.1,0.0,53636.1,trading_days,trading_days|profitable_days
2024-06-05 00:00:00,31,2023-01,36.1,0.0,53636.1,trading_days,trading_days|profitable_days
2024-06-05 00:00:00,32,2023-01,36.1,0.0,53636.1,trading_days,trading_days|profitable_days
2024-06-05 00:00:00,33,2023-02,36.1,0.0,53636.1,trading_days,trading_days|profitable_days
2024-06-05 00:00:00,34,2023-03,36.1,0.0,53636.1,trading_days,trading_days|profitable_days
2024-06-05 00:00:00,39,2023-10,36.1,0.0,53636.1,trading_days,trading_days|profitable_days
2024-06-05 00:00:00,40,2023-10,36.1,0.0,53636.1,trading_days,trading_days|profitable_days
2024-06-05 00:00:00,41,2023-10,36.1,0.0,53636.1,trading_days,trading_days|profitable_days
2024-06-05 00:00:00,42,2023-10,36.1,0.0,53636.1,trading_days,trading_days|profitable_days
2024-06-06 00:00:00,17,2022-06,333.7,0.0,53933.7,trading_days,trading_days|profitable_days
2024-06-06 00:00:00,18,2022-06,333.7,0.0,53933.7,trading_days,trading_days|profitable_days
2024-06-06 00:00:00,19,2022-06,333.7,0.0,53933.7,trading_days,trading_days|profitable_days
2024-06-06 00:00:00,20,2022-06,333.7,0.0,53933.7,trading_days,trading_days|profitable_days
2024-06-06 00:00:00,21,2022-06,333.7,0.0,53933.7,trading_days,trading_days|profitable_days
2024-06-06 00:00:00,22,2022-06,333.7,0.0,53933.7,trading_days,trading_days|profitable_days
2024-06-06 00:00:00,23,2022-06,333.7,0.0,53933.7,trading_days,trading_days|profitable_days
2024-06-06 00:00:00,24,2022-07,333.7,0.0,53933.7,trading_days,trading_days|profitable_days
2024-06-06 00:00:00,25,2022-08,333.7,0.0,53933.7,trading_days,trading_days|profitable_days
2024-06-06 00:00:00,28,2022-11,333.7,0.0,53933.7,trading_days,trading_days|profitable_days
2024-06-06 00:00:00,29,2022-12,333.7,0.0,53933.7,trading_days,trading_days|profitable_days
2024-06-06 00:00:00,30,2023-01,333.7,0.0,53933.7,trading_days,trading_days|profitable_days
2024-06-06 00:00:00,31,2023-01,333.7,0.0,53933.7,trading_days,trading_days|profitable_days
2024-06-06 00:00:00,32,2023-01,333.7,0.0,53933.7,trading_days,trading_days|profitable_days
2024-06-06 00:00:00,33,2023-02,333.7,0.0,53933.7,trading_days,trading_days|profitable_days
2024-06-06 00:00:00,34,2023-03,333.7,0.0,53933.7,trading_days,trading_days|profitable_days
2024-06-06 00:00:00,39,2023-10,333.7,0.0,53933.7,trading_days,trading_days|profitable_days
2024-06-06 00:00:00,40,2023-10,333.7,0.0,53933.7,trading_days,trading_days|profitable_days
2024-06-06 00:00:00,41,2023-10,333.7,0.0,53933.7,trading_days,trading_days|profitable_days
2024-06-06 00:00:00,42,2023-10,333.7,0.0,53933.7,trading_days,trading_days|profitable_days
2024-06-07 00:00:00,17,2022-06,81.2,0.0,53681.2,trading_days,trading_days|profitable_days
2024-06-07 00:00:00,18,2022-06,81.2,0.0,53681.2,trading_days,trading_days|profitable_days
2024-06-07 00:00:00,19,2022-06,81.2,0.0,53681.2,trading_days,trading_days|profitable_days
2024-06-07 00:00:00,20,2022-06,81.2,0.0,53681.2,trading_days,trading_days|profitable_days
2024-06-07 00:00:00,21,2022-06,81.2,0.0,53681.2,trading_days,trading_days|profitable_days
2024-06-07 00:00:00,22,2022-06,81.2,0.0,53681.2,trading_days,trading_days|profitable_days
2024-06-07 00:00:00,23,2022-06,81.2,0.0,53681.2,trading_days,trading_days|profitable_days
2024-06-07 00:00:00,24,2022-07,81.2,0.0,53681.2,trading_days,trading_days|profitable_days
2024-06-07 00:00:00,25,2022-08,81.2,0.0,53681.2,trading_days,trading_days|profitable_days
2024-06-07 00:00:00,28,2022-11,81.2,0.0,53681.2,trading_days,trading_days|profitable_days
2024-06-07 00:00:00,29,2022-12,81.2,0.0,53681.2,trading_days,trading_days|profitable_days
2024-06-07 00:00:00,30,2023-01,81.2,0.0,53681.2,trading_days,trading_days|profitable_days
2024-06-07 00:00:00,31,2023-01,81.2,0.0,53681.2,trading_days,trading_days|profitable_days
2024-06-07 00:00:00,32,2023-01,81.2,0.0,53681.2,trading_days,trading_days|profitable_days
2024-06-07 00:00:00,33,2023-02,81.2,0.0,53681.2,trading_days,trading_days|profitable_days
2024-06-07 00:00:00,34,2023-03,81.2,0.0,53681.2,trading_days,trading_days|profitable_days
2024-06-07 00:00:00,39,2023-10,81.2,0.0,53681.2,trading_days,trading_days|profitable_days
2024-06-07 00:00:00,40,2023-10,81.2,0.0,53681.2,trading_days,trading_days|profitable_days
2024-06-07 00:00:00,41,2023-10,81.2,0.0,53681.2,trading_days,trading_days|profitable_days
2024-06-07 00:00:00,42,2023-10,81.2,0.0,53681.2,trading_days,trading_days|profitable_days
2024-06-08 00:00:00,17,2022-06,334.3,0.0,53934.3,trading_days,trading_days|profitable_days
2024-06-08 00:00:00,18,2022-06,334.3,0.0,53934.3,trading_days,trading_days|profitable_days
2024-06-08 00:00:00,19,2022-06,334.3,0.0,53934.3,trading_days,trading_days|profitable_days
2024-06-08 00:00:00,20,2022-06,334.3,0.0,53934.3,trading_days,trading_days|profitable_days
2024-06-08 00:00:00,21,2022-06,334.3,0.0,53934.3,trading_days,trading_days|profitable_days
2024-06-08 00:00:00,22,2022-06,334.3,0.0,53934.3,trading_days,trading_days|profitable_days
2024-06-08 00:00:00,23,2022-06,334.3,0.0,53934.3,trading_days,trading_days|profitable_days
2024-06-08 00:00:00,24,2022-07,334.3,0.0,53934.3,trading_days,trading_days|profitable_days
2024-06-08 00:00:00,25,2022-08,334.3,0.0,53934.3,trading_days,trading_days|profitable_days
2024-06-08 00:00:00,28,2022-11,334.3,0.0,53934.3,trading_days,trading_days|profitable_days
2024-06-08 00:00:00,29,2022-12,334.3,0.0,53934.3,trading_days,trading_days|profitable_days
2024-06-08 00:00:00,30,2023-01,334.3,0.0,53934.3,trading_days,trading_days|profitable_days
2024-06-08 00:00:00,31,2023-01,334.3,0.0,53934.3,trading_days,trading_days|profitable_days
2024-06-08 00:00:00,32,2023-01,334.3,0.0,53934.3,trading_days,trading_days|profitable_days
2024-06-08 00:00:00,33,2023-02,334.3,0.0,53934.3,trading_days,trading_days|profitable_days
2024-06-08 00:00:00,34,2023-03,334.3,0.0,53934.3,trading_days,trading_days|profitable_days
2024-06-08 00:00:00,39,2023-10,334.3,0.0,53934.3,trading_days,trading_days|profitable_days
2024-06-08 00:00:00,40,2023-10,334.3,0.0,53934.3,trading_days,trading_days|profitable_days
2024-06-08 00:00:00,41,2023-10,334.3,0.0,53934.3,trading_days,trading_days|profitable_days
2024-06-08 00:00:00,42,2023-10,334.3,0.0,53934.3,trading_days,trading_days|profitable_days
2024-06-09 00:00:00,17,2022-06,334.3,0.0,53934.3,trading_days,trading_days|profitable_days
2024-06-09 00:00:00,18,2022-06,334.3,0.0,53934.3,trading_days,trading_days|profitable_days
2024-06-09 00:00:00,19,2022-06,334.3,0.0,53934.3,trading_days,trading_days|profitable_days
2024-06-09 00:00:00,20,2022-06,334.3,0.0,53934.3,trading_days,trading_days|profitable_days
2024-06-09 00:00:00,21,2022-06,334.3,0.0,53934.3,trading_days,trading_days|profitable_days
2024-06-09 00:00:00,22,2022-06,334.3,0.0,53934.3,trading_days,trading_days|profitable_days
2024-06-09 00:00:00,23,2022-06,334.3,0.0,53934.3,trading_days,trading_days|profitable_days
2024-06-09 00:00:00,24,2022-07,334.3,0.0,53934.3,trading_days,trading_days|profitable_days
2024-06-09 00:00:00,25,2022-08,334.3,0.0,53934.3,trading_days,trading_days|profitable_days
2024-06-09 00:00:00,28,2022-11,334.3,0.0,53934.3,trading_days,trading_days|profitable_days
2024-06-09 00:00:00,29,2022-12,334.3,0.0,53934.3,trading_days,trading_days|profitable_days
2024-06-09 00:00:00,30,2023-01,334.3,0.0,53934.3,trading_days,trading_days|profitable_days
2024-06-09 00:00:00,31,2023-01,334.3,0.0,53934.3,trading_days,trading_days|profitable_days
2024-06-09 00:00:00,32,2023-01,334.3,0.0,53934.3,trading_days,trading_days|profitable_days
2024-06-09 00:00:00,33,2023-02,334.3,0.0,53934.3,trading_days,trading_days|profitable_days
2024-06-09 00:00:00,34,2023-03,334.3,0.0,53934.3,trading_days,trading_days|profitable_days
2024-06-09 00:00:00,39,2023-10,334.3,0.0,53934.3,trading_days,trading_days|profitable_days
2024-06-09 00:00:00,40,2023-10,334.3,0.0,53934.3,trading_days,trading_days|profitable_days
2024-06-09 00:00:00,41,2023-10,334.3,0.0,53934.3,trading_days,trading_days|profitable_days
2024-06-09 00:00:00,42,2023-10,334.3,0.0,53934.3,trading_days,trading_days|profitable_days
2024-06-10 00:00:00,17,2022-06,334.3,0.0,53934.3,trading_days,trading_days|profitable_days
2024-06-10 00:00:00,18,2022-06,334.3,0.0,53934.3,trading_days,trading_days|profitable_days
2024-06-10 00:00:00,19,2022-06,334.3,0.0,53934.3,trading_days,trading_days|profitable_days
2024-06-10 00:00:00,20,2022-06,334.3,0.0,53934.3,trading_days,trading_days|profitable_days
2024-06-10 00:00:00,21,2022-06,334.3,0.0,53934.3,trading_days,trading_days|profitable_days
2024-06-10 00:00:00,22,2022-06,334.3,0.0,53934.3,trading_days,trading_days|profitable_days
2024-06-10 00:00:00,23,2022-06,334.3,0.0,53934.3,trading_days,trading_days|profitable_days
2024-06-10 00:00:00,24,2022-07,334.3,0.0,53934.3,trading_days,trading_days|profitable_days
2024-06-10 00:00:00,25,2022-08,334.3,0.0,53934.3,trading_days,trading_days|profitable_days
2024-06-10 00:00:00,28,2022-11,334.3,0.0,53934.3,trading_days,trading_days|profitable_days
2024-06-10 00:00:00,29,2022-12,334.3,0.0,53934.3,trading_days,trading_days|profitable_days
2024-06-10 00:00:00,30,2023-01,334.3,0.0,53934.3,trading_days,trading_days|profitable_days
2024-06-10 00:00:00,31,2023-01,334.3,0.0,53934.3,trading_days,trading_days|profitable_days
2024-06-10 00:00:00,32,2023-01,334.3,0.0,53934.3,trading_days,trading_days|profitable_days
2024-06-10 00:00:00,33,2023-02,334.3,0.0,53934.3,trading_days,trading_days|profitable_days
2024-06-10 00:00:00,34,2023-03,334.3,0.0,53934.3,trading_days,trading_days|profitable_days
2024-06-10 00:00:00,39,2023-10,334.3,0.0,53934.3,trading_days,trading_days|profitable_days
2024-06-10 00:00:00,40,2023-10,334.3,0.0,53934.3,trading_days,trading_days|profitable_days
2024-06-10 00:00:00,41,2023-10,334.3,0.0,53934.3,trading_days,trading_days|profitable_days
2024-06-10 00:00:00,42,2023-10,334.3,0.0,53934.3,trading_days,trading_days|profitable_days
2024-06-11 00:00:00,17,2022-06,257.35,0.0,53857.35,trading_days,trading_days|profitable_days
2024-06-11 00:00:00,18,2022-06,257.35,0.0,53857.35,trading_days,trading_days|profitable_days
2024-06-11 00:00:00,19,2022-06,257.35,0.0,53857.35,trading_days,trading_days|profitable_days
2024-06-11 00:00:00,20,2022-06,257.35,0.0,53857.35,trading_days,trading_days|profitable_days
2024-06-11 00:00:00,21,2022-06,257.35,0.0,53857.35,trading_days,trading_days|profitable_days
2024-06-11 00:00:00,22,2022-06,257.35,0.0,53857.35,trading_days,trading_days|profitable_days
2024-06-11 00:00:00,23,2022-06,257.35,0.0,53857.35,trading_days,trading_days|profitable_days
2024-06-11 00:00:00,24,2022-07,257.35,0.0,53857.35,trading_days,trading_days|profitable_days
2024-06-11 00:00:00,25,2022-08,257.35,0.0,53857.35,trading_days,trading_days|profitable_days
2024-06-11 00:00:00,28,2022-11,257.35,0.0,53857.35,trading_days,trading_days|profitable_days
2024-06-11 00:00:00,29,2022-12,257.35,0.0,53857.35,trading_days,trading_days|profitable_days
2024-06-11 00:00:00,30,2023-01,257.35,0.0,53857.35,trading_days,trading_days|profitable_days
2024-06-11 00:00:00,31,2023-01,257.35,0.0,53857.35,trading_days,trading_days|profitable_days
2024-06-11 00:00:00,32,2023-01,257.35,0.0,53857.35,trading_days,trading_days|profitable_days
2024-06-11 00:00:00,33,2023-02,257.35,0.0,53857.35,trading_days,trading_days|profitable_days
2024-06-11 00:00:00,34,2023-03,257.35,0.0,53857.35,trading_days,trading_days|profitable_days
2024-06-11 00:00:00,39,2023-10,257.35,0.0,53857.35,trading_days,trading_days|profitable_days
2024-06-11 00:00:00,40,2023-10,257.35,0.0,53857.35,trading_days,trading_days|profitable_days
2024-06-11 00:00:00,41,2023-10,257.35,0.0,53857.35,trading_days,trading_days|profitable_days
2024-06-11 00:00:00,42,2023-10,257.35,0.0,53857.35,trading_days,trading_days|profitable_days
2024-06-12 00:00:00,17,2022-06,506.5,0.0,54106.5,trading_days,trading_days|profitable_days
2024-06-12 00:00:00,18,2022-06,506.5,0.0,54106.5,trading_days,trading_days|profitable_days
2024-06-12 00:00:00,19,2022-06,506.5,0.0,54106.5,trading_days,trading_days|profitable_days
2024-06-12 00:00:00,20,2022-06,506.5,0.0,54106.5,trading_days,trading_days|profitable_days
2024-06-12 00:00:00,21,2022-06,506.5,0.0,54106.5,trading_days,trading_days|profitable_days
2024-06-12 00:00:00,22,2022-06,506.5,0.0,54106.5,trading_days,trading_days|profitable_days
2024-06-12 00:00:00,23,2022-06,506.5,0.0,54106.5,trading_days,trading_days|profitable_days
2024-06-12 00:00:00,24,2022-07,506.5,0.0,54106.5,trading_days,trading_days|profitable_days
2024-06-12 00:00:00,25,2022-08,506.5,0.0,54106.5,trading_days,trading_days|profitable_days
2024-06-12 00:00:00,28,2022-11,506.5,0.0,54106.5,trading_days,trading_days|profitable_days
2024-06-12 00:00:00,29,2022-12,506.5,0.0,54106.5,trading_days,trading_days|profitable_days
2024-06-12 00:00:00,30,2023-01,506.5,0.0,54106.5,trading_days,trading_days|profitable_days
2024-06-12 00:00:00,31,2023-01,506.5,0.0,54106.5,trading_days,trading_days|profitable_days
2024-06-12 00:00:00,32,2023-01,506.5,0.0,54106.5,trading_days,trading_days|profitable_days
2024-06-12 00:00:00,33,2023-02,506.5,0.0,54106.5,trading_days,trading_days|profitable_days
2024-06-12 00:00:00,34,2023-03,506.5,0.0,54106.5,trading_days,trading_days|profitable_days
2024-06-12 00:00:00,39,2023-10,506.5,0.0,54106.5,trading_days,trading_days|profitable_days
2024-06-12 00:00:00,40,2023-10,506.5,0.0,54106.5,trading_days,trading_days|profitable_days
2024-06-12 00:00:00,41,2023-10,506.5,0.0,54106.5,trading_days,trading_days|profitable_days
2024-06-12 00:00:00,42,2023-10,506.5,0.0,54106.5,trading_days,trading_days|profitable_days
2024-06-13 00:00:00,17,2022-06,1093.55,0.0,54693.55,trading_days,trading_days|profitable_days
2024-06-13 00:00:00,18,2022-06,1093.55,0.0,54693.55,trading_days,trading_days|profitable_days
2024-06-13 00:00:00,19,2022-06,1093.55,0.0,54693.55,trading_days,trading_days|profitable_days
2024-06-13 00:00:00,20,2022-06,1093.55,0.0,54693.55,trading_days,trading_days|profitable_days
2024-06-13 00:00:00,21,2022-06,1093.55,0.0,54693.55,trading_days,trading_days|profitable_days
2024-06-13 00:00:00,22,2022-06,1093.55,0.0,54693.55,trading_days,trading_days|profitable_days
2024-06-13 00:00:00,23,2022-06,1093.55,0.0,54693.55,trading_days,trading_days|profitable_days
2024-06-13 00:00:00,24,2022-07,1093.55,0.0,54693.55,trading_days,trading_days|profitable_days
2024-06-13 00:00:00,25,2022-08,1093.55,0.0,54693.55,trading_days,trading_days|profitable_days
2024-06-13 00:00:00,28,2022-11,1093.55,0.0,54693.55,trading_days,trading_days|profitable_days
2024-06-13 00:00:00,29,2022-12,1093.55,0.0,54693.55,trading_days,trading_days|profitable_days
2024-06-13 00:00:00,30,2023-01,1093.55,0.0,54693.55,trading_days,trading_days|profitable_days
2024-06-13 00:00:00,31,2023-01,1093.55,0.0,54693.55,trading_days,trading_days|profitable_days
2024-06-13 00:00:00,32,2023-01,1093.55,0.0,54693.55,trading_days,trading_days|profitable_days
2024-06-13 00:00:00,33,2023-02,1093.55,0.0,54693.55,trading_days,trading_days|profitable_days
2024-06-13 00:00:00,34,2023-03,1093.55,0.0,54693.55,trading_days,trading_days|profitable_days
2024-06-13 00:00:00,39,2023-10,1093.55,0.0,54693.55,trading_days,trading_days|profitable_days
2024-06-13 00:00:00,40,2023-10,1093.55,0.0,54693.55,trading_days,trading_days|profitable_days
2024-06-13 00:00:00,41,2023-10,1093.55,0.0,54693.55,trading_days,trading_days|profitable_days
2024-06-13 00:00:00,42,2023-10,1093.55,0.0,54693.55,trading_days,trading_days|profitable_days
2024-06-14 00:00:00,17,2022-06,914.65,0.0,54514.65,profitable_days,profitable_days
2024-06-14 00:00:00,18,2022-06,914.65,0.0,54514.65,profitable_days,profitable_days
2024-06-14 00:00:00,19,2022-06,914.65,0.0,54514.65,profitable_days,profitable_days
2024-06-14 00:00:00,20,2022-06,914.65,0.0,54514.65,profitable_days,profitable_days
2024-06-14 00:00:00,21,2022-06,914.65,0.0,54514.65,profitable_days,profitable_days
2024-06-14 00:00:00,22,2022-06,914.65,0.0,54514.65,profitable_days,profitable_days
2024-06-14 00:00:00,23,2022-06,914.65,0.0,54514.65,profitable_days,profitable_days
2024-06-14 00:00:00,24,2022-07,914.65,0.0,54514.65,profitable_days,profitable_days
2024-06-14 00:00:00,25,2022-08,914.65,0.0,54514.65,profitable_days,profitable_days
2024-06-14 00:00:00,28,2022-11,914.65,0.0,54514.65,profitable_days,profitable_days
2024-06-14 00:00:00,29,2022-12,914.65,0.0,54514.65,profitable_days,profitable_days
2024-06-14 00:00:00,30,2023-01,914.65,0.0,54514.65,profitable_days,profitable_days
2024-06-14 00:00:00,31,2023-01,914.65,0.0,54514.65,profitable_days,profitable_days
2024-06-14 00:00:00,32,2023-01,914.65,0.0,54514.65,profitable_days,profitable_days
2024-06-14 00:00:00,33,2023-02,914.65,0.0,54514.65,profitable_days,profitable_days
2024-06-14 00:00:00,34,2023-03,914.65,0.0,54514.65,profitable_days,profitable_days
2024-06-14 00:00:00,39,2023-10,914.65,0.0,54514.65,profitable_days,profitable_days
2024-06-14 00:00:00,40,2023-10,914.65,0.0,54514.65,profitable_days,profitable_days
2024-06-14 00:00:00,41,2023-10,914.65,0.0,54514.65,profitable_days,profitable_days
2024-06-14 00:00:00,42,2023-10,914.65,0.0,54514.65,profitable_days,profitable_days
2024-06-18 00:00:00,17,2022-06,112.65,0.0,53712.65,trading_days,trading_days|profitable_days
2024-06-18 00:00:00,18,2022-06,112.65,0.0,53712.65,trading_days,trading_days|profitable_days
2024-06-18 00:00:00,19,2022-06,112.65,0.0,53712.65,trading_days,trading_days|profitable_days
2024-06-18 00:00:00,20,2022-06,112.65,0.0,53712.65,trading_days,trading_days|profitable_days
2024-06-18 00:00:00,21,2022-06,112.65,0.0,53712.65,trading_days,trading_days|profitable_days
2024-06-18 00:00:00,22,2022-06,112.65,0.0,53712.65,trading_days,trading_days|profitable_days
2024-06-18 00:00:00,23,2022-06,112.65,0.0,53712.65,trading_days,trading_days|profitable_days
2024-06-18 00:00:00,24,2022-07,112.65,0.0,53712.65,trading_days,trading_days|profitable_days
2024-06-18 00:00:00,25,2022-08,112.65,0.0,53712.65,trading_days,trading_days|profitable_days
2024-06-18 00:00:00,28,2022-11,112.65,0.0,53712.65,trading_days,trading_days|profitable_days
2024-06-18 00:00:00,29,2022-12,112.65,0.0,53712.65,trading_days,trading_days|profitable_days
2024-06-18 00:00:00,30,2023-01,112.65,0.0,53712.65,trading_days,trading_days|profitable_days
2024-06-18 00:00:00,31,2023-01,112.65,0.0,53712.65,trading_days,trading_days|profitable_days
2024-06-18 00:00:00,32,2023-01,112.65,0.0,53712.65,trading_days,trading_days|profitable_days
2024-06-18 00:00:00,33,2023-02,112.65,0.0,53712.65,trading_days,trading_days|profitable_days
2024-06-18 00:00:00,34,2023-03,112.65,0.0,53712.65,trading_days,trading_days|profitable_days
2024-06-18 00:00:00,39,2023-10,112.65,0.0,53712.65,trading_days,trading_days|profitable_days
2024-06-18 00:00:00,40,2023-10,112.65,0.0,53712.65,trading_days,trading_days|profitable_days
2024-06-18 00:00:00,41,2023-10,112.65,0.0,53712.65,trading_days,trading_days|profitable_days
2024-06-18 00:00:00,42,2023-10,112.65,0.0,53712.65,trading_days,trading_days|profitable_days
2024-06-19 00:00:00,17,2022-06,81.9,0.0,53681.9,trading_days,trading_days|profitable_days
2024-06-19 00:00:00,18,2022-06,81.9,0.0,53681.9,trading_days,trading_days|profitable_days
2024-06-19 00:00:00,19,2022-06,81.9,0.0,53681.9,trading_days,trading_days|profitable_days
2024-06-19 00:00:00,20,2022-06,81.9,0.0,53681.9,trading_days,trading_days|profitable_days
2024-06-19 00:00:00,21,2022-06,81.9,0.0,53681.9,trading_days,trading_days|profitable_days
2024-06-19 00:00:00,22,2022-06,81.9,0.0,53681.9,trading_days,trading_days|profitable_days
2024-06-19 00:00:00,23,2022-06,81.9,0.0,53681.9,trading_days,trading_days|profitable_days
2024-06-19 00:00:00,24,2022-07,81.9,0.0,53681.9,trading_days,trading_days|profitable_days
2024-06-19 00:00:00,25,2022-08,81.9,0.0,53681.9,trading_days,trading_days|profitable_days
2024-06-19 00:00:00,28,2022-11,81.9,0.0,53681.9,trading_days,trading_days|profitable_days
2024-06-19 00:00:00,29,2022-12,81.9,0.0,53681.9,trading_days,trading_days|profitable_days
2024-06-19 00:00:00,30,2023-01,81.9,0.0,53681.9,trading_days,trading_days|profitable_days
2024-06-19 00:00:00,31,2023-01,81.9,0.0,53681.9,trading_days,trading_days|profitable_days
2024-06-19 00:00:00,32,2023-01,81.9,0.0,53681.9,trading_days,trading_days|profitable_days
2024-06-19 00:00:00,33,2023-02,81.9,0.0,53681.9,trading_days,trading_days|profitable_days
2024-06-19 00:00:00,34,2023-03,81.9,0.0,53681.9,trading_days,trading_days|profitable_days
2024-06-19 00:00:00,39,2023-10,81.9,0.0,53681.9,trading_days,trading_days|profitable_days
2024-06-19 00:00:00,40,2023-10,81.9,0.0,53681.9,trading_days,trading_days|profitable_days
2024-06-19 00:00:00,41,2023-10,81.9,0.0,53681.9,trading_days,trading_days|profitable_days
2024-06-19 00:00:00,42,2023-10,81.9,0.0,53681.9,trading_days,trading_days|profitable_days
2024-06-20 00:00:00,17,2022-06,70.15,0.0,53670.15,trading_days,trading_days|profitable_days
2024-06-20 00:00:00,18,2022-06,70.15,0.0,53670.15,trading_days,trading_days|profitable_days
2024-06-20 00:00:00,19,2022-06,70.15,0.0,53670.15,trading_days,trading_days|profitable_days
2024-06-20 00:00:00,20,2022-06,70.15,0.0,53670.15,trading_days,trading_days|profitable_days
2024-06-20 00:00:00,21,2022-06,70.15,0.0,53670.15,trading_days,trading_days|profitable_days
2024-06-20 00:00:00,22,2022-06,70.15,0.0,53670.15,trading_days,trading_days|profitable_days
2024-06-20 00:00:00,23,2022-06,70.15,0.0,53670.15,trading_days,trading_days|profitable_days
2024-06-20 00:00:00,24,2022-07,70.15,0.0,53670.15,trading_days,trading_days|profitable_days
2024-06-20 00:00:00,25,2022-08,70.15,0.0,53670.15,trading_days,trading_days|profitable_days
2024-06-20 00:00:00,28,2022-11,70.15,0.0,53670.15,trading_days,trading_days|profitable_days
2024-06-20 00:00:00,29,2022-12,70.15,0.0,53670.15,trading_days,trading_days|profitable_days
2024-06-20 00:00:00,30,2023-01,70.15,0.0,53670.15,trading_days,trading_days|profitable_days
2024-06-20 00:00:00,31,2023-01,70.15,0.0,53670.15,trading_days,trading_days|profitable_days
2024-06-20 00:00:00,32,2023-01,70.15,0.0,53670.15,trading_days,trading_days|profitable_days
2024-06-20 00:00:00,33,2023-02,70.15,0.0,53670.15,trading_days,trading_days|profitable_days
2024-06-20 00:00:00,34,2023-03,70.15,0.0,53670.15,trading_days,trading_days|profitable_days
2024-06-20 00:00:00,39,2023-10,70.15,0.0,53670.15,trading_days,trading_days|profitable_days
2024-06-20 00:00:00,40,2023-10,70.15,0.0,53670.15,trading_days,trading_days|profitable_days
2024-06-20 00:00:00,41,2023-10,70.15,0.0,53670.15,trading_days,trading_days|profitable_days
2024-06-20 00:00:00,42,2023-10,70.15,0.0,53670.15,trading_days,trading_days|profitable_days
2024-06-21 00:00:00,17,2022-06,128.9,0.0,53728.9,trading_days,trading_days|profitable_days
2024-06-21 00:00:00,18,2022-06,128.9,0.0,53728.9,trading_days,trading_days|profitable_days
2024-06-21 00:00:00,19,2022-06,128.9,0.0,53728.9,trading_days,trading_days|profitable_days
2024-06-21 00:00:00,20,2022-06,128.9,0.0,53728.9,trading_days,trading_days|profitable_days
2024-06-21 00:00:00,21,2022-06,128.9,0.0,53728.9,trading_days,trading_days|profitable_days
2024-06-21 00:00:00,22,2022-06,128.9,0.0,53728.9,trading_days,trading_days|profitable_days
2024-06-21 00:00:00,23,2022-06,128.9,0.0,53728.9,trading_days,trading_days|profitable_days
2024-06-21 00:00:00,24,2022-07,128.9,0.0,53728.9,trading_days,trading_days|profitable_days
2024-06-21 00:00:00,25,2022-08,128.9,0.0,53728.9,trading_days,trading_days|profitable_days
2024-06-21 00:00:00,28,2022-11,128.9,0.0,53728.9,trading_days,trading_days|profitable_days
2024-06-21 00:00:00,29,2022-12,128.9,0.0,53728.9,trading_days,trading_days|profitable_days
2024-06-21 00:00:00,30,2023-01,128.9,0.0,53728.9,trading_days,trading_days|profitable_days
2024-06-21 00:00:00,31,2023-01,128.9,0.0,53728.9,trading_days,trading_days|profitable_days
2024-06-21 00:00:00,32,2023-01,128.9,0.0,53728.9,trading_days,trading_days|profitable_days
2024-06-21 00:00:00,33,2023-02,128.9,0.0,53728.9,trading_days,trading_days|profitable_days
2024-06-21 00:00:00,34,2023-03,128.9,0.0,53728.9,trading_days,trading_days|profitable_days
2024-06-21 00:00:00,39,2023-10,128.9,0.0,53728.9,trading_days,trading_days|profitable_days
2024-06-21 00:00:00,40,2023-10,128.9,0.0,53728.9,trading_days,trading_days|profitable_days
2024-06-21 00:00:00,41,2023-10,128.9,0.0,53728.9,trading_days,trading_days|profitable_days
2024-06-21 00:00:00,42,2023-10,128.9,0.0,53728.9,trading_days,trading_days|profitable_days
2024-06-22 00:00:00,17,2022-06,142.05,0.0,53742.05,trading_days,trading_days|profitable_days
2024-06-22 00:00:00,18,2022-06,142.05,0.0,53742.05,trading_days,trading_days|profitable_days
2024-06-22 00:00:00,19,2022-06,142.05,0.0,53742.05,trading_days,trading_days|profitable_days
2024-06-22 00:00:00,20,2022-06,142.05,0.0,53742.05,trading_days,trading_days|profitable_days
2024-06-22 00:00:00,21,2022-06,142.05,0.0,53742.05,trading_days,trading_days|profitable_days
2024-06-22 00:00:00,22,2022-06,142.05,0.0,53742.05,trading_days,trading_days|profitable_days
2024-06-22 00:00:00,23,2022-06,142.05,0.0,53742.05,trading_days,trading_days|profitable_days
2024-06-22 00:00:00,24,2022-07,142.05,0.0,53742.05,trading_days,trading_days|profitable_days
2024-06-22 00:00:00,25,2022-08,142.05,0.0,53742.05,trading_days,trading_days|profitable_days
2024-06-22 00:00:00,28,2022-11,142.05,0.0,53742.05,trading_days,trading_days|profitable_days
2024-06-22 00:00:00,29,2022-12,142.05,0.0,53742.05,trading_days,trading_days|profitable_days
2024-06-22 00:00:00,30,2023-01,142.05,0.0,53742.05,trading_days,trading_days|profitable_days
2024-06-22 00:00:00,31,2023-01,142.05,0.0,53742.05,trading_days,trading_days|profitable_days
2024-06-22 00:00:00,32,2023-01,142.05,0.0,53742.05,trading_days,trading_days|profitable_days
2024-06-22 00:00:00,33,2023-02,142.05,0.0,53742.05,trading_days,trading_days|profitable_days
2024-06-22 00:00:00,34,2023-03,142.05,0.0,53742.05,trading_days,trading_days|profitable_days
2024-06-22 00:00:00,39,2023-10,142.05,0.0,53742.05,trading_days,trading_days|profitable_days
2024-06-22 00:00:00,40,2023-10,142.05,0.0,53742.05,trading_days,trading_days|profitable_days
2024-06-22 00:00:00,41,2023-10,142.05,0.0,53742.05,trading_days,trading_days|profitable_days
2024-06-22 00:00:00,42,2023-10,142.05,0.0,53742.05,trading_days,trading_days|profitable_days
2024-06-23 00:00:00,17,2022-06,142.05,0.0,53742.05,trading_days,trading_days|profitable_days
2024-06-23 00:00:00,18,2022-06,142.05,0.0,53742.05,trading_days,trading_days|profitable_days
2024-06-23 00:00:00,19,2022-06,142.05,0.0,53742.05,trading_days,trading_days|profitable_days
2024-06-23 00:00:00,20,2022-06,142.05,0.0,53742.05,trading_days,trading_days|profitable_days
2024-06-23 00:00:00,21,2022-06,142.05,0.0,53742.05,trading_days,trading_days|profitable_days
2024-06-23 00:00:00,22,2022-06,142.05,0.0,53742.05,trading_days,trading_days|profitable_days
2024-06-23 00:00:00,23,2022-06,142.05,0.0,53742.05,trading_days,trading_days|profitable_days
2024-06-23 00:00:00,24,2022-07,142.05,0.0,53742.05,trading_days,trading_days|profitable_days
2024-06-23 00:00:00,25,2022-08,142.05,0.0,53742.05,trading_days,trading_days|profitable_days
2024-06-23 00:00:00,28,2022-11,142.05,0.0,53742.05,trading_days,trading_days|profitable_days
2024-06-23 00:00:00,29,2022-12,142.05,0.0,53742.05,trading_days,trading_days|profitable_days
2024-06-23 00:00:00,30,2023-01,142.05,0.0,53742.05,trading_days,trading_days|profitable_days
2024-06-23 00:00:00,31,2023-01,142.05,0.0,53742.05,trading_days,trading_days|profitable_days
2024-06-23 00:00:00,32,2023-01,142.05,0.0,53742.05,trading_days,trading_days|profitable_days
2024-06-23 00:00:00,33,2023-02,142.05,0.0,53742.05,trading_days,trading_days|profitable_days
2024-06-23 00:00:00,34,2023-03,142.05,0.0,53742.05,trading_days,trading_days|profitable_days
2024-06-23 00:00:00,39,2023-10,142.05,0.0,53742.05,trading_days,trading_days|profitable_days
2024-06-23 00:00:00,40,2023-10,142.05,0.0,53742.05,trading_days,trading_days|profitable_days
2024-06-23 00:00:00,41,2023-10,142.05,0.0,53742.05,trading_days,trading_days|profitable_days
2024-06-23 00:00:00,42,2023-10,142.05,0.0,53742.05,trading_days,trading_days|profitable_days
2024-06-24 00:00:00,17,2022-06,142.05,0.0,53742.05,trading_days,trading_days|profitable_days
2024-06-24 00:00:00,18,2022-06,142.05,0.0,53742.05,trading_days,trading_days|profitable_days
2024-06-24 00:00:00,19,2022-06,142.05,0.0,53742.05,trading_days,trading_days|profitable_days
2024-06-24 00:00:00,20,2022-06,142.05,0.0,53742.05,trading_days,trading_days|profitable_days
2024-06-24 00:00:00,21,2022-06,142.05,0.0,53742.05,trading_days,trading_days|profitable_days
2024-06-24 00:00:00,22,2022-06,142.05,0.0,53742.05,trading_days,trading_days|profitable_days
2024-06-24 00:00:00,23,2022-06,142.05,0.0,53742.05,trading_days,trading_days|profitable_days
2024-06-24 00:00:00,24,2022-07,142.05,0.0,53742.05,trading_days,trading_days|profitable_days
2024-06-24 00:00:00,25,2022-08,142.05,0.0,53742.05,trading_days,trading_days|profitable_days
2024-06-24 00:00:00,28,2022-11,142.05,0.0,53742.05,trading_days,trading_days|profitable_days
2024-06-24 00:00:00,29,2022-12,142.05,0.0,53742.05,trading_days,trading_days|profitable_days
2024-06-24 00:00:00,30,2023-01,142.05,0.0,53742.05,trading_days,trading_days|profitable_days
2024-06-24 00:00:00,31,2023-01,142.05,0.0,53742.05,trading_days,trading_days|profitable_days
2024-06-24 00:00:00,32,2023-01,142.05,0.0,53742.05,trading_days,trading_days|profitable_days
2024-06-24 00:00:00,33,2023-02,142.05,0.0,53742.05,trading_days,trading_days|profitable_days
2024-06-24 00:00:00,34,2023-03,142.05,0.0,53742.05,trading_days,trading_days|profitable_days
2024-06-24 00:00:00,39,2023-10,142.05,0.0,53742.05,trading_days,trading_days|profitable_days
2024-06-24 00:00:00,40,2023-10,142.05,0.0,53742.05,trading_days,trading_days|profitable_days
2024-06-24 00:00:00,41,2023-10,142.05,0.0,53742.05,trading_days,trading_days|profitable_days
2024-06-24 00:00:00,42,2023-10,142.05,0.0,53742.05,trading_days,trading_days|profitable_days
2024-06-25 00:00:00,17,2022-06,38.2,0.0,53638.2,trading_days,trading_days|profitable_days
2024-06-25 00:00:00,18,2022-06,38.2,0.0,53638.2,trading_days,trading_days|profitable_days
2024-06-25 00:00:00,19,2022-06,38.2,0.0,53638.2,trading_days,trading_days|profitable_days
2024-06-25 00:00:00,20,2022-06,38.2,0.0,53638.2,trading_days,trading_days|profitable_days
2024-06-25 00:00:00,21,2022-06,38.2,0.0,53638.2,trading_days,trading_days|profitable_days
2024-06-25 00:00:00,22,2022-06,38.2,0.0,53638.2,trading_days,trading_days|profitable_days
2024-06-25 00:00:00,23,2022-06,38.2,0.0,53638.2,trading_days,trading_days|profitable_days
2024-06-25 00:00:00,24,2022-07,38.2,0.0,53638.2,trading_days,trading_days|profitable_days
2024-06-25 00:00:00,25,2022-08,38.2,0.0,53638.2,trading_days,trading_days|profitable_days
2024-06-25 00:00:00,28,2022-11,38.2,0.0,53638.2,trading_days,trading_days|profitable_days
2024-06-25 00:00:00,29,2022-12,38.2,0.0,53638.2,trading_days,trading_days|profitable_days
2024-06-25 00:00:00,30,2023-01,38.2,0.0,53638.2,trading_days,trading_days|profitable_days
2024-06-25 00:00:00,31,2023-01,38.2,0.0,53638.2,trading_days,trading_days|profitable_days
2024-06-25 00:00:00,32,2023-01,38.2,0.0,53638.2,trading_days,trading_days|profitable_days
2024-06-25 00:00:00,33,2023-02,38.2,0.0,53638.2,trading_days,trading_days|profitable_days
2024-06-25 00:00:00,34,2023-03,38.2,0.0,53638.2,trading_days,trading_days|profitable_days
2024-06-25 00:00:00,39,2023-10,38.2,0.0,53638.2,trading_days,trading_days|profitable_days
2024-06-25 00:00:00,40,2023-10,38.2,0.0,53638.2,trading_days,trading_days|profitable_days
2024-06-25 00:00:00,41,2023-10,38.2,0.0,53638.2,trading_days,trading_days|profitable_days
2024-06-25 00:00:00,42,2023-10,38.2,0.0,53638.2,trading_days,trading_days|profitable_days
2024-06-26 00:00:00,17,2022-06,235.25,0.0,53835.25,trading_days,trading_days|profitable_days
2024-06-26 00:00:00,18,2022-06,235.25,0.0,53835.25,trading_days,trading_days|profitable_days
2024-06-26 00:00:00,19,2022-06,235.25,0.0,53835.25,trading_days,trading_days|profitable_days
2024-06-26 00:00:00,20,2022-06,235.25,0.0,53835.25,trading_days,trading_days|profitable_days
2024-06-26 00:00:00,21,2022-06,235.25,0.0,53835.25,trading_days,trading_days|profitable_days
2024-06-26 00:00:00,22,2022-06,235.25,0.0,53835.25,trading_days,trading_days|profitable_days
2024-06-26 00:00:00,23,2022-06,235.25,0.0,53835.25,trading_days,trading_days|profitable_days
2024-06-26 00:00:00,24,2022-07,235.25,0.0,53835.25,trading_days,trading_days|profitable_days
2024-06-26 00:00:00,25,2022-08,235.25,0.0,53835.25,trading_days,trading_days|profitable_days
2024-06-26 00:00:00,28,2022-11,235.25,0.0,53835.25,trading_days,trading_days|profitable_days
2024-06-26 00:00:00,29,2022-12,235.25,0.0,53835.25,trading_days,trading_days|profitable_days
2024-06-26 00:00:00,30,2023-01,235.25,0.0,53835.25,trading_days,trading_days|profitable_days
2024-06-26 00:00:00,31,2023-01,235.25,0.0,53835.25,trading_days,trading_days|profitable_days
2024-06-26 00:00:00,32,2023-01,235.25,0.0,53835.25,trading_days,trading_days|profitable_days
2024-06-26 00:00:00,33,2023-02,235.25,0.0,53835.25,trading_days,trading_days|profitable_days
2024-06-26 00:00:00,34,2023-03,235.25,0.0,53835.25,trading_days,trading_days|profitable_days
2024-06-26 00:00:00,39,2023-10,235.25,0.0,53835.25,trading_days,trading_days|profitable_days
2024-06-26 00:00:00,40,2023-10,235.25,0.0,53835.25,trading_days,trading_days|profitable_days
2024-06-26 00:00:00,41,2023-10,235.25,0.0,53835.25,trading_days,trading_days|profitable_days
2024-06-26 00:00:00,42,2023-10,235.25,0.0,53835.25,trading_days,trading_days|profitable_days
2024-06-27 00:00:00,17,2022-06,71.3,0.0,53671.3,profitable_days,profitable_days
2024-06-27 00:00:00,18,2022-06,71.3,0.0,53671.3,profitable_days,profitable_days
2024-06-27 00:00:00,19,2022-06,71.3,0.0,53671.3,profitable_days,profitable_days
2024-06-27 00:00:00,20,2022-06,71.3,0.0,53671.3,profitable_days,profitable_days
2024-06-27 00:00:00,21,2022-06,71.3,0.0,53671.3,profitable_days,profitable_days
2024-06-27 00:00:00,22,2022-06,71.3,0.0,53671.3,profitable_days,profitable_days
2024-06-27 00:00:00,23,2022-06,71.3,0.0,53671.3,profitable_days,profitable_days
2024-06-27 00:00:00,24,2022-07,71.3,0.0,53671.3,profitable_days,profitable_days
2024-06-27 00:00:00,25,2022-08,71.3,0.0,53671.3,profitable_days,profitable_days
2024-06-27 00:00:00,28,2022-11,71.3,0.0,53671.3,profitable_days,profitable_days
2024-06-27 00:00:00,29,2022-12,71.3,0.0,53671.3,profitable_days,profitable_days
2024-06-27 00:00:00,30,2023-01,71.3,0.0,53671.3,profitable_days,profitable_days
2024-06-27 00:00:00,31,2023-01,71.3,0.0,53671.3,profitable_days,profitable_days
2024-06-27 00:00:00,32,2023-01,71.3,0.0,53671.3,profitable_days,profitable_days
2024-06-27 00:00:00,33,2023-02,71.3,0.0,53671.3,profitable_days,profitable_days
2024-06-27 00:00:00,34,2023-03,71.3,0.0,53671.3,profitable_days,profitable_days
2024-06-27 00:00:00,39,2023-10,71.3,0.0,53671.3,profitable_days,profitable_days
2024-06-27 00:00:00,40,2023-10,71.3,0.0,53671.3,profitable_days,profitable_days
2024-06-27 00:00:00,41,2023-10,71.3,0.0,53671.3,profitable_days,profitable_days
2024-06-27 00:00:00,42,2023-10,71.3,0.0,53671.3,profitable_days,profitable_days
2024-06-28 00:00:00,17,2022-06,443.2,0.0,54043.2,profitable_days,profitable_days
2024-06-28 00:00:00,18,2022-06,443.2,0.0,54043.2,profitable_days,profitable_days
2024-06-28 00:00:00,19,2022-06,443.2,0.0,54043.2,profitable_days,profitable_days
2024-06-28 00:00:00,20,2022-06,443.2,0.0,54043.2,profitable_days,profitable_days
2024-06-28 00:00:00,21,2022-06,443.2,0.0,54043.2,profitable_days,profitable_days
2024-06-28 00:00:00,22,2022-06,443.2,0.0,54043.2,profitable_days,profitable_days
2024-06-28 00:00:00,23,2022-06,443.2,0.0,54043.2,profitable_days,profitable_days
2024-06-28 00:00:00,24,2022-07,443.2,0.0,54043.2,profitable_days,profitable_days
2024-06-28 00:00:00,25,2022-08,443.2,0.0,54043.2,profitable_days,profitable_days
2024-06-28 00:00:00,28,2022-11,443.2,0.0,54043.2,profitable_days,profitable_days
2024-06-28 00:00:00,29,2022-12,443.2,0.0,54043.2,profitable_days,profitable_days
2024-06-28 00:00:00,30,2023-01,443.2,0.0,54043.2,profitable_days,profitable_days
2024-06-28 00:00:00,31,2023-01,443.2,0.0,54043.2,profitable_days,profitable_days
2024-06-28 00:00:00,32,2023-01,443.2,0.0,54043.2,profitable_days,profitable_days
2024-06-28 00:00:00,33,2023-02,443.2,0.0,54043.2,profitable_days,profitable_days
2024-06-28 00:00:00,34,2023-03,443.2,0.0,54043.2,profitable_days,profitable_days
2024-06-28 00:00:00,39,2023-10,443.2,0.0,54043.2,profitable_days,profitable_days
2024-06-28 00:00:00,40,2023-10,443.2,0.0,54043.2,profitable_days,profitable_days
2024-06-28 00:00:00,41,2023-10,443.2,0.0,54043.2,profitable_days,profitable_days
2024-06-28 00:00:00,42,2023-10,443.2,0.0,54043.2,profitable_days,profitable_days
2024-07-02 00:00:00,17,2022-06,216.55,0.0,53816.55,trading_days,trading_days|profitable_days
2024-07-02 00:00:00,18,2022-06,216.55,0.0,53816.55,trading_days,trading_days|profitable_days
2024-07-02 00:00:00,19,2022-06,216.55,0.0,53816.55,trading_days,trading_days|profitable_days
2024-07-02 00:00:00,20,2022-06,216.55,0.0,53816.55,trading_days,trading_days|profitable_days
2024-07-02 00:00:00,21,2022-06,216.55,0.0,53816.55,trading_days,trading_days|profitable_days
2024-07-02 00:00:00,22,2022-06,216.55,0.0,53816.55,trading_days,trading_days|profitable_days
2024-07-02 00:00:00,23,2022-06,216.55,0.0,53816.55,trading_days,trading_days|profitable_days
2024-07-02 00:00:00,24,2022-07,216.55,0.0,53816.55,trading_days,trading_days|profitable_days
2024-07-02 00:00:00,25,2022-08,216.55,0.0,53816.55,trading_days,trading_days|profitable_days
2024-07-02 00:00:00,28,2022-11,216.55,0.0,53816.55,trading_days,trading_days|profitable_days
2024-07-02 00:00:00,29,2022-12,216.55,0.0,53816.55,trading_days,trading_days|profitable_days
2024-07-02 00:00:00,30,2023-01,216.55,0.0,53816.55,trading_days,trading_days|profitable_days
2024-07-02 00:00:00,31,2023-01,216.55,0.0,53816.55,trading_days,trading_days|profitable_days
2024-07-02 00:00:00,32,2023-01,216.55,0.0,53816.55,trading_days,trading_days|profitable_days
2024-07-02 00:00:00,33,2023-02,216.55,0.0,53816.55,trading_days,trading_days|profitable_days
2024-07-02 00:00:00,34,2023-03,216.55,0.0,53816.55,trading_days,trading_days|profitable_days
2024-07-02 00:00:00,39,2023-10,216.55,0.0,53816.55,trading_days,trading_days|profitable_days
2024-07-02 00:00:00,40,2023-10,216.55,0.0,53816.55,trading_days,trading_days|profitable_days
2024-07-02 00:00:00,41,2023-10,216.55,0.0,53816.55,trading_days,trading_days|profitable_days
2024-07-02 00:00:00,42,2023-10,216.55,0.0,53816.55,trading_days,trading_days|profitable_days
2024-07-03 00:00:00,17,2022-06,582.15,0.0,54182.15,trading_days,trading_days|profitable_days
2024-07-03 00:00:00,18,2022-06,582.15,0.0,54182.15,trading_days,trading_days|profitable_days
2024-07-03 00:00:00,19,2022-06,582.15,0.0,54182.15,trading_days,trading_days|profitable_days
2024-07-03 00:00:00,20,2022-06,582.15,0.0,54182.15,trading_days,trading_days|profitable_days
2024-07-03 00:00:00,21,2022-06,582.15,0.0,54182.15,trading_days,trading_days|profitable_days
2024-07-03 00:00:00,22,2022-06,582.15,0.0,54182.15,trading_days,trading_days|profitable_days
2024-07-03 00:00:00,23,2022-06,582.15,0.0,54182.15,trading_days,trading_days|profitable_days
2024-07-03 00:00:00,24,2022-07,582.15,0.0,54182.15,trading_days,trading_days|profitable_days
2024-07-03 00:00:00,25,2022-08,582.15,0.0,54182.15,trading_days,trading_days|profitable_days
2024-07-03 00:00:00,28,2022-11,582.15,0.0,54182.15,trading_days,trading_days|profitable_days
2024-07-03 00:00:00,29,2022-12,582.15,0.0,54182.15,trading_days,trading_days|profitable_days
2024-07-03 00:00:00,30,2023-01,582.15,0.0,54182.15,trading_days,trading_days|profitable_days
2024-07-03 00:00:00,31,2023-01,582.15,0.0,54182.15,trading_days,trading_days|profitable_days
2024-07-03 00:00:00,32,2023-01,582.15,0.0,54182.15,trading_days,trading_days|profitable_days
2024-07-03 00:00:00,33,2023-02,582.15,0.0,54182.15,trading_days,trading_days|profitable_days
2024-07-03 00:00:00,34,2023-03,582.15,0.0,54182.15,trading_days,trading_days|profitable_days
2024-07-03 00:00:00,39,2023-10,582.15,0.0,54182.15,trading_days,trading_days|profitable_days
2024-07-03 00:00:00,40,2023-10,582.15,0.0,54182.15,trading_days,trading_days|profitable_days
2024-07-03 00:00:00,41,2023-10,582.15,0.0,54182.15,trading_days,trading_days|profitable_days
2024-07-03 00:00:00,42,2023-10,582.15,0.0,54182.15,trading_days,trading_days|profitable_days
2024-07-04 00:00:00,17,2022-06,672.65,0.0,54272.65,trading_days,trading_days|profitable_days
2024-07-04 00:00:00,18,2022-06,672.65,0.0,54272.65,trading_days,trading_days|profitable_days
2024-07-04 00:00:00,19,2022-06,672.65,0.0,54272.65,trading_days,trading_days|profitable_days
2024-07-04 00:00:00,20,2022-06,672.65,0.0,54272.65,trading_days,trading_days|profitable_days
2024-07-04 00:00:00,21,2022-06,672.65,0.0,54272.65,trading_days,trading_days|profitable_days
2024-07-04 00:00:00,22,2022-06,672.65,0.0,54272.65,trading_days,trading_days|profitable_days
2024-07-04 00:00:00,23,2022-06,672.65,0.0,54272.65,trading_days,trading_days|profitable_days
2024-07-04 00:00:00,24,2022-07,672.65,0.0,54272.65,trading_days,trading_days|profitable_days
2024-07-04 00:00:00,25,2022-08,672.65,0.0,54272.65,trading_days,trading_days|profitable_days
2024-07-04 00:00:00,28,2022-11,672.65,0.0,54272.65,trading_days,trading_days|profitable_days
2024-07-04 00:00:00,29,2022-12,672.65,0.0,54272.65,trading_days,trading_days|profitable_days
2024-07-04 00:00:00,30,2023-01,672.65,0.0,54272.65,trading_days,trading_days|profitable_days
2024-07-04 00:00:00,31,2023-01,672.65,0.0,54272.65,trading_days,trading_days|profitable_days
2024-07-04 00:00:00,32,2023-01,672.65,0.0,54272.65,trading_days,trading_days|profitable_days
2024-07-04 00:00:00,33,2023-02,672.65,0.0,54272.65,trading_days,trading_days|profitable_days
2024-07-04 00:00:00,34,2023-03,672.65,0.0,54272.65,trading_days,trading_days|profitable_days
2024-07-04 00:00:00,39,2023-10,672.65,0.0,54272.65,trading_days,trading_days|profitable_days
2024-07-04 00:00:00,40,2023-10,672.65,0.0,54272.65,trading_days,trading_days|profitable_days
2024-07-04 00:00:00,41,2023-10,672.65,0.0,54272.65,trading_days,trading_days|profitable_days
2024-07-04 00:00:00,42,2023-10,672.65,0.0,54272.65,trading_days,trading_days|profitable_days
2024-07-05 00:00:00,17,2022-06,449.75,0.0,54049.75,trading_days,trading_days|profitable_days
2024-07-05 00:00:00,18,2022-06,449.75,0.0,54049.75,trading_days,trading_days|profitable_days
2024-07-05 00:00:00,19,2022-06,449.75,0.0,54049.75,trading_days,trading_days|profitable_days
2024-07-05 00:00:00,20,2022-06,449.75,0.0,54049.75,trading_days,trading_days|profitable_days
2024-07-05 00:00:00,21,2022-06,449.75,0.0,54049.75,trading_days,trading_days|profitable_days
2024-07-05 00:00:00,22,2022-06,449.75,0.0,54049.75,trading_days,trading_days|profitable_days
2024-07-05 00:00:00,23,2022-06,449.75,0.0,54049.75,trading_days,trading_days|profitable_days
2024-07-05 00:00:00,24,2022-07,449.75,0.0,54049.75,trading_days,trading_days|profitable_days
2024-07-05 00:00:00,25,2022-08,449.75,0.0,54049.75,trading_days,trading_days|profitable_days
2024-07-05 00:00:00,28,2022-11,449.75,0.0,54049.75,trading_days,trading_days|profitable_days
2024-07-05 00:00:00,29,2022-12,449.75,0.0,54049.75,trading_days,trading_days|profitable_days
2024-07-05 00:00:00,30,2023-01,449.75,0.0,54049.75,trading_days,trading_days|profitable_days
2024-07-05 00:00:00,31,2023-01,449.75,0.0,54049.75,trading_days,trading_days|profitable_days
2024-07-05 00:00:00,32,2023-01,449.75,0.0,54049.75,trading_days,trading_days|profitable_days
2024-07-05 00:00:00,33,2023-02,449.75,0.0,54049.75,trading_days,trading_days|profitable_days
2024-07-05 00:00:00,34,2023-03,449.75,0.0,54049.75,trading_days,trading_days|profitable_days
2024-07-05 00:00:00,39,2023-10,449.75,0.0,54049.75,trading_days,trading_days|profitable_days
2024-07-05 00:00:00,40,2023-10,449.75,0.0,54049.75,trading_days,trading_days|profitable_days
2024-07-05 00:00:00,41,2023-10,449.75,0.0,54049.75,trading_days,trading_days|profitable_days
2024-07-05 00:00:00,42,2023-10,449.75,0.0,54049.75,trading_days,trading_days|profitable_days
2024-07-06 00:00:00,17,2022-06,636.8,0.0,54236.8,trading_days,trading_days|profitable_days
2024-07-06 00:00:00,18,2022-06,636.8,0.0,54236.8,trading_days,trading_days|profitable_days
2024-07-06 00:00:00,19,2022-06,636.8,0.0,54236.8,trading_days,trading_days|profitable_days
2024-07-06 00:00:00,20,2022-06,636.8,0.0,54236.8,trading_days,trading_days|profitable_days
2024-07-06 00:00:00,21,2022-06,636.8,0.0,54236.8,trading_days,trading_days|profitable_days
2024-07-06 00:00:00,22,2022-06,636.8,0.0,54236.8,trading_days,trading_days|profitable_days
2024-07-06 00:00:00,23,2022-06,636.8,0.0,54236.8,trading_days,trading_days|profitable_days
2024-07-06 00:00:00,24,2022-07,636.8,0.0,54236.8,trading_days,trading_days|profitable_days
2024-07-06 00:00:00,25,2022-08,636.8,0.0,54236.8,trading_days,trading_days|profitable_days
2024-07-06 00:00:00,28,2022-11,636.8,0.0,54236.8,trading_days,trading_days|profitable_days
2024-07-06 00:00:00,29,2022-12,636.8,0.0,54236.8,trading_days,trading_days|profitable_days
2024-07-06 00:00:00,30,2023-01,636.8,0.0,54236.8,trading_days,trading_days|profitable_days
2024-07-06 00:00:00,31,2023-01,636.8,0.0,54236.8,trading_days,trading_days|profitable_days
2024-07-06 00:00:00,32,2023-01,636.8,0.0,54236.8,trading_days,trading_days|profitable_days
2024-07-06 00:00:00,33,2023-02,636.8,0.0,54236.8,trading_days,trading_days|profitable_days
2024-07-06 00:00:00,34,2023-03,636.8,0.0,54236.8,trading_days,trading_days|profitable_days
2024-07-06 00:00:00,39,2023-10,636.8,0.0,54236.8,trading_days,trading_days|profitable_days
2024-07-06 00:00:00,40,2023-10,636.8,0.0,54236.8,trading_days,trading_days|profitable_days
2024-07-06 00:00:00,41,2023-10,636.8,0.0,54236.8,trading_days,trading_days|profitable_days
2024-07-06 00:00:00,42,2023-10,636.8,0.0,54236.8,trading_days,trading_days|profitable_days
2024-07-07 00:00:00,17,2022-06,636.8,0.0,54236.8,trading_days,trading_days|profitable_days
2024-07-07 00:00:00,18,2022-06,636.8,0.0,54236.8,trading_days,trading_days|profitable_days
2024-07-07 00:00:00,19,2022-06,636.8,0.0,54236.8,trading_days,trading_days|profitable_days
2024-07-07 00:00:00,20,2022-06,636.8,0.0,54236.8,trading_days,trading_days|profitable_days
2024-07-07 00:00:00,21,2022-06,636.8,0.0,54236.8,trading_days,trading_days|profitable_days
2024-07-07 00:00:00,22,2022-06,636.8,0.0,54236.8,trading_days,trading_days|profitable_days
2024-07-07 00:00:00,23,2022-06,636.8,0.0,54236.8,trading_days,trading_days|profitable_days
2024-07-07 00:00:00,24,2022-07,636.8,0.0,54236.8,trading_days,trading_days|profitable_days
2024-07-07 00:00:00,25,2022-08,636.8,0.0,54236.8,trading_days,trading_days|profitable_days
2024-07-07 00:00:00,28,2022-11,636.8,0.0,54236.8,trading_days,trading_days|profitable_days
2024-07-07 00:00:00,29,2022-12,636.8,0.0,54236.8,trading_days,trading_days|profitable_days
2024-07-07 00:00:00,30,2023-01,636.8,0.0,54236.8,trading_days,trading_days|profitable_days
2024-07-07 00:00:00,31,2023-01,636.8,0.0,54236.8,trading_days,trading_days|profitable_days
2024-07-07 00:00:00,32,2023-01,636.8,0.0,54236.8,trading_days,trading_days|profitable_days
2024-07-07 00:00:00,33,2023-02,636.8,0.0,54236.8,trading_days,trading_days|profitable_days
2024-07-07 00:00:00,34,2023-03,636.8,0.0,54236.8,trading_days,trading_days|profitable_days
2024-07-07 00:00:00,39,2023-10,636.8,0.0,54236.8,trading_days,trading_days|profitable_days
2024-07-07 00:00:00,40,2023-10,636.8,0.0,54236.8,trading_days,trading_days|profitable_days
2024-07-07 00:00:00,41,2023-10,636.8,0.0,54236.8,trading_days,trading_days|profitable_days
2024-07-07 00:00:00,42,2023-10,636.8,0.0,54236.8,trading_days,trading_days|profitable_days
2024-07-08 00:00:00,17,2022-06,636.8,0.0,54236.8,trading_days,trading_days|profitable_days
2024-07-08 00:00:00,18,2022-06,636.8,0.0,54236.8,trading_days,trading_days|profitable_days
2024-07-08 00:00:00,19,2022-06,636.8,0.0,54236.8,trading_days,trading_days|profitable_days
2024-07-08 00:00:00,20,2022-06,636.8,0.0,54236.8,trading_days,trading_days|profitable_days
2024-07-08 00:00:00,21,2022-06,636.8,0.0,54236.8,trading_days,trading_days|profitable_days
2024-07-08 00:00:00,22,2022-06,636.8,0.0,54236.8,trading_days,trading_days|profitable_days
2024-07-08 00:00:00,23,2022-06,636.8,0.0,54236.8,trading_days,trading_days|profitable_days
2024-07-08 00:00:00,24,2022-07,636.8,0.0,54236.8,trading_days,trading_days|profitable_days
2024-07-08 00:00:00,25,2022-08,636.8,0.0,54236.8,trading_days,trading_days|profitable_days
2024-07-08 00:00:00,28,2022-11,636.8,0.0,54236.8,trading_days,trading_days|profitable_days
2024-07-08 00:00:00,29,2022-12,636.8,0.0,54236.8,trading_days,trading_days|profitable_days
2024-07-08 00:00:00,30,2023-01,636.8,0.0,54236.8,trading_days,trading_days|profitable_days
2024-07-08 00:00:00,31,2023-01,636.8,0.0,54236.8,trading_days,trading_days|profitable_days
2024-07-08 00:00:00,32,2023-01,636.8,0.0,54236.8,trading_days,trading_days|profitable_days
2024-07-08 00:00:00,33,2023-02,636.8,0.0,54236.8,trading_days,trading_days|profitable_days
2024-07-08 00:00:00,34,2023-03,636.8,0.0,54236.8,trading_days,trading_days|profitable_days
2024-07-08 00:00:00,39,2023-10,636.8,0.0,54236.8,trading_days,trading_days|profitable_days
2024-07-08 00:00:00,40,2023-10,636.8,0.0,54236.8,trading_days,trading_days|profitable_days
2024-07-08 00:00:00,41,2023-10,636.8,0.0,54236.8,trading_days,trading_days|profitable_days
2024-07-08 00:00:00,42,2023-10,636.8,0.0,54236.8,trading_days,trading_days|profitable_days
2024-07-09 00:00:00,17,2022-06,717.75,0.0,54317.75,trading_days,trading_days
2024-07-09 00:00:00,18,2022-06,717.75,0.0,54317.75,trading_days,trading_days
2024-07-09 00:00:00,19,2022-06,717.75,0.0,54317.75,trading_days,trading_days
2024-07-09 00:00:00,20,2022-06,717.75,0.0,54317.75,trading_days,trading_days
2024-07-09 00:00:00,21,2022-06,717.75,0.0,54317.75,trading_days,trading_days
2024-07-09 00:00:00,22,2022-06,717.75,0.0,54317.75,trading_days,trading_days
2024-07-09 00:00:00,23,2022-06,717.75,0.0,54317.75,trading_days,trading_days
2024-07-09 00:00:00,24,2022-07,717.75,0.0,54317.75,trading_days,trading_days
2024-07-09 00:00:00,25,2022-08,717.75,0.0,54317.75,trading_days,trading_days
2024-07-09 00:00:00,28,2022-11,717.75,0.0,54317.75,trading_days,trading_days
2024-07-09 00:00:00,29,2022-12,717.75,0.0,54317.75,trading_days,trading_days
2024-07-09 00:00:00,30,2023-01,717.75,0.0,54317.75,trading_days,trading_days
2024-07-09 00:00:00,31,2023-01,717.75,0.0,54317.75,trading_days,trading_days
2024-07-09 00:00:00,32,2023-01,717.75,0.0,54317.75,trading_days,trading_days
2024-07-09 00:00:00,33,2023-02,717.75,0.0,54317.75,trading_days,trading_days
2024-07-09 00:00:00,34,2023-03,717.75,0.0,54317.75,trading_days,trading_days
2024-07-09 00:00:00,39,2023-10,717.75,0.0,54317.75,trading_days,trading_days
2024-07-09 00:00:00,40,2023-10,717.75,0.0,54317.75,trading_days,trading_days
2024-07-09 00:00:00,41,2023-10,717.75,0.0,54317.75,trading_days,trading_days
2024-07-09 00:00:00,42,2023-10,717.75,0.0,54317.75,trading_days,trading_days
2024-07-10 00:00:00,17,2022-06,756.5,0.0,54356.5,trading_days,trading_days
2024-07-10 00:00:00,18,2022-06,756.5,0.0,54356.5,trading_days,trading_days
2024-07-10 00:00:00,19,2022-06,756.5,0.0,54356.5,trading_days,trading_days
2024-07-10 00:00:00,20,2022-06,756.5,0.0,54356.5,trading_days,trading_days
2024-07-10 00:00:00,21,2022-06,756.5,0.0,54356.5,trading_days,trading_days
2024-07-10 00:00:00,22,2022-06,756.5,0.0,54356.5,trading_days,trading_days
2024-07-10 00:00:00,23,2022-06,756.5,0.0,54356.5,trading_days,trading_days
2024-07-10 00:00:00,24,2022-07,756.5,0.0,54356.5,trading_days,trading_days
2024-07-10 00:00:00,25,2022-08,756.5,0.0,54356.5,trading_days,trading_days
2024-07-10 00:00:00,28,2022-11,756.5,0.0,54356.5,trading_days,trading_days
2024-07-10 00:00:00,29,2022-12,756.5,0.0,54356.5,trading_days,trading_days
2024-07-10 00:00:00,30,2023-01,756.5,0.0,54356.5,trading_days,trading_days
2024-07-10 00:00:00,31,2023-01,756.5,0.0,54356.5,trading_days,trading_days
2024-07-10 00:00:00,32,2023-01,756.5,0.0,54356.5,trading_days,trading_days
2024-07-10 00:00:00,33,2023-02,756.5,0.0,54356.5,trading_days,trading_days
2024-07-10 00:00:00,34,2023-03,756.5,0.0,54356.5,trading_days,trading_days
2024-07-10 00:00:00,39,2023-10,756.5,0.0,54356.5,trading_days,trading_days
2024-07-10 00:00:00,40,2023-10,756.5,0.0,54356.5,trading_days,trading_days
2024-07-10 00:00:00,41,2023-10,756.5,0.0,54356.5,trading_days,trading_days
2024-07-10 00:00:00,42,2023-10,756.5,0.0,54356.5,trading_days,trading_days
2024-07-13 00:00:00,17,2022-06,165.3,0.0,53765.3,trading_days,trading_days|profitable_days
2024-07-13 00:00:00,18,2022-06,165.3,0.0,53765.3,trading_days,trading_days|profitable_days
2024-07-13 00:00:00,19,2022-06,165.3,0.0,53765.3,trading_days,trading_days|profitable_days
2024-07-13 00:00:00,20,2022-06,165.3,0.0,53765.3,trading_days,trading_days|profitable_days
2024-07-13 00:00:00,21,2022-06,165.3,0.0,53765.3,trading_days,trading_days|profitable_days
2024-07-13 00:00:00,22,2022-06,165.3,0.0,53765.3,trading_days,trading_days|profitable_days
2024-07-13 00:00:00,23,2022-06,165.3,0.0,53765.3,trading_days,trading_days|profitable_days
2024-07-13 00:00:00,24,2022-07,165.3,0.0,53765.3,trading_days,trading_days|profitable_days
2024-07-13 00:00:00,25,2022-08,165.3,0.0,53765.3,trading_days,trading_days|profitable_days
2024-07-13 00:00:00,28,2022-11,165.3,0.0,53765.3,trading_days,trading_days|profitable_days
2024-07-13 00:00:00,29,2022-12,165.3,0.0,53765.3,trading_days,trading_days|profitable_days
2024-07-13 00:00:00,30,2023-01,165.3,0.0,53765.3,trading_days,trading_days|profitable_days
2024-07-13 00:00:00,31,2023-01,165.3,0.0,53765.3,trading_days,trading_days|profitable_days
2024-07-13 00:00:00,32,2023-01,165.3,0.0,53765.3,trading_days,trading_days|profitable_days
2024-07-13 00:00:00,33,2023-02,165.3,0.0,53765.3,trading_days,trading_days|profitable_days
2024-07-13 00:00:00,34,2023-03,165.3,0.0,53765.3,trading_days,trading_days|profitable_days
2024-07-13 00:00:00,39,2023-10,165.3,0.0,53765.3,trading_days,trading_days|profitable_days
2024-07-13 00:00:00,40,2023-10,165.3,0.0,53765.3,trading_days,trading_days|profitable_days
2024-07-13 00:00:00,41,2023-10,165.3,0.0,53765.3,trading_days,trading_days|profitable_days
2024-07-13 00:00:00,42,2023-10,165.3,0.0,53765.3,trading_days,trading_days|profitable_days
2024-07-14 00:00:00,17,2022-06,165.3,0.0,53765.3,trading_days,trading_days|profitable_days
2024-07-14 00:00:00,18,2022-06,165.3,0.0,53765.3,trading_days,trading_days|profitable_days
2024-07-14 00:00:00,19,2022-06,165.3,0.0,53765.3,trading_days,trading_days|profitable_days
2024-07-14 00:00:00,20,2022-06,165.3,0.0,53765.3,trading_days,trading_days|profitable_days
2024-07-14 00:00:00,21,2022-06,165.3,0.0,53765.3,trading_days,trading_days|profitable_days
2024-07-14 00:00:00,22,2022-06,165.3,0.0,53765.3,trading_days,trading_days|profitable_days
2024-07-14 00:00:00,23,2022-06,165.3,0.0,53765.3,trading_days,trading_days|profitable_days
2024-07-14 00:00:00,24,2022-07,165.3,0.0,53765.3,trading_days,trading_days|profitable_days
2024-07-14 00:00:00,25,2022-08,165.3,0.0,53765.3,trading_days,trading_days|profitable_days
2024-07-14 00:00:00,28,2022-11,165.3,0.0,53765.3,trading_days,trading_days|profitable_days
2024-07-14 00:00:00,29,2022-12,165.3,0.0,53765.3,trading_days,trading_days|profitable_days
2024-07-14 00:00:00,30,2023-01,165.3,0.0,53765.3,trading_days,trading_days|profitable_days
2024-07-14 00:00:00,31,2023-01,165.3,0.0,53765.3,trading_days,trading_days|profitable_days
2024-07-14 00:00:00,32,2023-01,165.3,0.0,53765.3,trading_days,trading_days|profitable_days
2024-07-14 00:00:00,33,2023-02,165.3,0.0,53765.3,trading_days,trading_days|profitable_days
2024-07-14 00:00:00,34,2023-03,165.3,0.0,53765.3,trading_days,trading_days|profitable_days
2024-07-14 00:00:00,39,2023-10,165.3,0.0,53765.3,trading_days,trading_days|profitable_days
2024-07-14 00:00:00,40,2023-10,165.3,0.0,53765.3,trading_days,trading_days|profitable_days
2024-07-14 00:00:00,41,2023-10,165.3,0.0,53765.3,trading_days,trading_days|profitable_days
2024-07-14 00:00:00,42,2023-10,165.3,0.0,53765.3,trading_days,trading_days|profitable_days
2024-07-15 00:00:00,17,2022-06,165.3,0.0,53765.3,trading_days,trading_days|profitable_days
2024-07-15 00:00:00,18,2022-06,165.3,0.0,53765.3,trading_days,trading_days|profitable_days
2024-07-15 00:00:00,19,2022-06,165.3,0.0,53765.3,trading_days,trading_days|profitable_days
2024-07-15 00:00:00,20,2022-06,165.3,0.0,53765.3,trading_days,trading_days|profitable_days
2024-07-15 00:00:00,21,2022-06,165.3,0.0,53765.3,trading_days,trading_days|profitable_days
2024-07-15 00:00:00,22,2022-06,165.3,0.0,53765.3,trading_days,trading_days|profitable_days
2024-07-15 00:00:00,23,2022-06,165.3,0.0,53765.3,trading_days,trading_days|profitable_days
2024-07-15 00:00:00,24,2022-07,165.3,0.0,53765.3,trading_days,trading_days|profitable_days
2024-07-15 00:00:00,25,2022-08,165.3,0.0,53765.3,trading_days,trading_days|profitable_days
2024-07-15 00:00:00,28,2022-11,165.3,0.0,53765.3,trading_days,trading_days|profitable_days
2024-07-15 00:00:00,29,2022-12,165.3,0.0,53765.3,trading_days,trading_days|profitable_days
2024-07-15 00:00:00,30,2023-01,165.3,0.0,53765.3,trading_days,trading_days|profitable_days
2024-07-15 00:00:00,31,2023-01,165.3,0.0,53765.3,trading_days,trading_days|profitable_days
2024-07-15 00:00:00,32,2023-01,165.3,0.0,53765.3,trading_days,trading_days|profitable_days
2024-07-15 00:00:00,33,2023-02,165.3,0.0,53765.3,trading_days,trading_days|profitable_days
2024-07-15 00:00:00,34,2023-03,165.3,0.0,53765.3,trading_days,trading_days|profitable_days
2024-07-15 00:00:00,39,2023-10,165.3,0.0,53765.3,trading_days,trading_days|profitable_days
2024-07-15 00:00:00,40,2023-10,165.3,0.0,53765.3,trading_days,trading_days|profitable_days
2024-07-15 00:00:00,41,2023-10,165.3,0.0,53765.3,trading_days,trading_days|profitable_days
2024-07-15 00:00:00,42,2023-10,165.3,0.0,53765.3,trading_days,trading_days|profitable_days
2024-07-17 00:00:00,17,2022-06,21.65,0.0,53621.65,trading_days,trading_days|profitable_days
2024-07-17 00:00:00,18,2022-06,21.65,0.0,53621.65,trading_days,trading_days|profitable_days
2024-07-17 00:00:00,19,2022-06,21.65,0.0,53621.65,trading_days,trading_days|profitable_days
2024-07-17 00:00:00,20,2022-06,21.65,0.0,53621.65,trading_days,trading_days|profitable_days
2024-07-17 00:00:00,21,2022-06,21.65,0.0,53621.65,trading_days,trading_days|profitable_days
2024-07-17 00:00:00,22,2022-06,21.65,0.0,53621.65,trading_days,trading_days|profitable_days
2024-07-17 00:00:00,23,2022-06,21.65,0.0,53621.65,trading_days,trading_days|profitable_days
2024-07-17 00:00:00,24,2022-07,21.65,0.0,53621.65,trading_days,trading_days|profitable_days
2024-07-17 00:00:00,25,2022-08,21.65,0.0,53621.65,trading_days,trading_days|profitable_days
2024-07-17 00:00:00,28,2022-11,21.65,0.0,53621.65,trading_days,trading_days|profitable_days
2024-07-17 00:00:00,29,2022-12,21.65,0.0,53621.65,trading_days,trading_days|profitable_days
2024-07-17 00:00:00,30,2023-01,21.65,0.0,53621.65,trading_days,trading_days|profitable_days
2024-07-17 00:00:00,31,2023-01,21.65,0.0,53621.65,trading_days,trading_days|profitable_days
2024-07-17 00:00:00,32,2023-01,21.65,0.0,53621.65,trading_days,trading_days|profitable_days
2024-07-17 00:00:00,33,2023-02,21.65,0.0,53621.65,trading_days,trading_days|profitable_days
2024-07-17 00:00:00,34,2023-03,21.65,0.0,53621.65,trading_days,trading_days|profitable_days
2024-07-17 00:00:00,39,2023-10,21.65,0.0,53621.65,trading_days,trading_days|profitable_days
2024-07-17 00:00:00,40,2023-10,21.65,0.0,53621.65,trading_days,trading_days|profitable_days
2024-07-17 00:00:00,41,2023-10,21.65,0.0,53621.65,trading_days,trading_days|profitable_days
2024-07-17 00:00:00,42,2023-10,21.65,0.0,53621.65,trading_days,trading_days|profitable_days
2024-08-15 00:00:00,17,2022-06,149.1,149.1,53749.1,minimum_payout,minimum_payout
2024-08-15 00:00:00,18,2022-06,149.1,149.1,53749.1,minimum_payout,minimum_payout
2024-08-15 00:00:00,19,2022-06,149.1,149.1,53749.1,minimum_payout,minimum_payout
2024-08-15 00:00:00,20,2022-06,149.1,149.1,53749.1,minimum_payout,minimum_payout
2024-08-15 00:00:00,21,2022-06,149.1,149.1,53749.1,minimum_payout,minimum_payout
2024-08-15 00:00:00,22,2022-06,149.1,149.1,53749.1,minimum_payout,minimum_payout
2024-08-15 00:00:00,23,2022-06,149.1,149.1,53749.1,minimum_payout,minimum_payout
2024-08-15 00:00:00,24,2022-07,149.1,149.1,53749.1,minimum_payout,minimum_payout
2024-08-15 00:00:00,25,2022-08,149.1,149.1,53749.1,minimum_payout,minimum_payout
2024-08-15 00:00:00,28,2022-11,149.1,149.1,53749.1,minimum_payout,minimum_payout
2024-08-15 00:00:00,29,2022-12,149.1,149.1,53749.1,minimum_payout,minimum_payout
2024-08-15 00:00:00,30,2023-01,149.1,149.1,53749.1,minimum_payout,minimum_payout
2024-08-15 00:00:00,31,2023-01,149.1,149.1,53749.1,minimum_payout,minimum_payout
2024-08-15 00:00:00,32,2023-01,149.1,149.1,53749.1,minimum_payout,minimum_payout
2024-08-15 00:00:00,33,2023-02,149.1,149.1,53749.1,minimum_payout,minimum_payout
2024-08-15 00:00:00,34,2023-03,149.1,149.1,53749.1,minimum_payout,minimum_payout
2024-08-15 00:00:00,39,2023-10,149.1,149.1,53749.1,minimum_payout,minimum_payout
2024-08-15 00:00:00,40,2023-10,149.1,149.1,53749.1,minimum_payout,minimum_payout
2024-08-15 00:00:00,41,2023-10,149.1,149.1,53749.1,minimum_payout,minimum_payout
2024-08-15 00:00:00,42,2023-10,149.1,149.1,53749.1,minimum_payout,minimum_payout
2024-08-17 00:00:00,17,2022-06,540.2,0.0,54140.2,trading_days,trading_days|profitable_days
2024-08-17 00:00:00,18,2022-06,540.2,0.0,54140.2,trading_days,trading_days|profitable_days
2024-08-17 00:00:00,19,2022-06,540.2,0.0,54140.2,trading_days,trading_days|profitable_days
2024-08-17 00:00:00,20,2022-06,540.2,0.0,54140.2,trading_days,trading_days|profitable_days
2024-08-17 00:00:00,21,2022-06,540.2,0.0,54140.2,trading_days,trading_days|profitable_days
2024-08-17 00:00:00,22,2022-06,540.2,0.0,54140.2,trading_days,trading_days|profitable_days
2024-08-17 00:00:00,23,2022-06,540.2,0.0,54140.2,trading_days,trading_days|profitable_days
2024-08-17 00:00:00,24,2022-07,540.2,0.0,54140.2,trading_days,trading_days|profitable_days
2024-08-17 00:00:00,25,2022-08,540.2,0.0,54140.2,trading_days,trading_days|profitable_days
2024-08-17 00:00:00,28,2022-11,540.2,0.0,54140.2,trading_days,trading_days|profitable_days
2024-08-17 00:00:00,29,2022-12,540.2,0.0,54140.2,trading_days,trading_days|profitable_days
2024-08-17 00:00:00,30,2023-01,540.2,0.0,54140.2,trading_days,trading_days|profitable_days
2024-08-17 00:00:00,31,2023-01,540.2,0.0,54140.2,trading_days,trading_days|profitable_days
2024-08-17 00:00:00,32,2023-01,540.2,0.0,54140.2,trading_days,trading_days|profitable_days
2024-08-17 00:00:00,33,2023-02,540.2,0.0,54140.2,trading_days,trading_days|profitable_days
2024-08-17 00:00:00,34,2023-03,540.2,0.0,54140.2,trading_days,trading_days|profitable_days
2024-08-17 00:00:00,39,2023-10,540.2,0.0,54140.2,trading_days,trading_days|profitable_days
2024-08-17 00:00:00,40,2023-10,540.2,0.0,54140.2,trading_days,trading_days|profitable_days
2024-08-17 00:00:00,41,2023-10,540.2,0.0,54140.2,trading_days,trading_days|profitable_days
2024-08-17 00:00:00,42,2023-10,540.2,0.0,54140.2,trading_days,trading_days|profitable_days
2024-08-18 00:00:00,17,2022-06,540.2,0.0,54140.2,trading_days,trading_days|profitable_days
2024-08-18 00:00:00,18,2022-06,540.2,0.0,54140.2,trading_days,trading_days|profitable_days
2024-08-18 00:00:00,19,2022-06,540.2,0.0,54140.2,trading_days,trading_days|profitable_days
2024-08-18 00:00:00,20,2022-06,540.2,0.0,54140.2,trading_days,trading_days|profitable_days
2024-08-18 00:00:00,21,2022-06,540.2,0.0,54140.2,trading_days,trading_days|profitable_days
2024-08-18 00:00:00,22,2022-06,540.2,0.0,54140.2,trading_days,trading_days|profitable_days
2024-08-18 00:00:00,23,2022-06,540.2,0.0,54140.2,trading_days,trading_days|profitable_days
2024-08-18 00:00:00,24,2022-07,540.2,0.0,54140.2,trading_days,trading_days|profitable_days
2024-08-18 00:00:00,25,2022-08,540.2,0.0,54140.2,trading_days,trading_days|profitable_days
2024-08-18 00:00:00,28,2022-11,540.2,0.0,54140.2,trading_days,trading_days|profitable_days
2024-08-18 00:00:00,29,2022-12,540.2,0.0,54140.2,trading_days,trading_days|profitable_days
2024-08-18 00:00:00,30,2023-01,540.2,0.0,54140.2,trading_days,trading_days|profitable_days
2024-08-18 00:00:00,31,2023-01,540.2,0.0,54140.2,trading_days,trading_days|profitable_days
2024-08-18 00:00:00,32,2023-01,540.2,0.0,54140.2,trading_days,trading_days|profitable_days
2024-08-18 00:00:00,33,2023-02,540.2,0.0,54140.2,trading_days,trading_days|profitable_days
2024-08-18 00:00:00,34,2023-03,540.2,0.0,54140.2,trading_days,trading_days|profitable_days
2024-08-18 00:00:00,39,2023-10,540.2,0.0,54140.2,trading_days,trading_days|profitable_days
2024-08-18 00:00:00,40,2023-10,540.2,0.0,54140.2,trading_days,trading_days|profitable_days
2024-08-18 00:00:00,41,2023-10,540.2,0.0,54140.2,trading_days,trading_days|profitable_days
2024-08-18 00:00:00,42,2023-10,540.2,0.0,54140.2,trading_days,trading_days|profitable_days
2024-08-19 00:00:00,17,2022-06,540.2,0.0,54140.2,trading_days,trading_days|profitable_days
2024-08-19 00:00:00,18,2022-06,540.2,0.0,54140.2,trading_days,trading_days|profitable_days
2024-08-19 00:00:00,19,2022-06,540.2,0.0,54140.2,trading_days,trading_days|profitable_days
2024-08-19 00:00:00,20,2022-06,540.2,0.0,54140.2,trading_days,trading_days|profitable_days
2024-08-19 00:00:00,21,2022-06,540.2,0.0,54140.2,trading_days,trading_days|profitable_days
2024-08-19 00:00:00,22,2022-06,540.2,0.0,54140.2,trading_days,trading_days|profitable_days
2024-08-19 00:00:00,23,2022-06,540.2,0.0,54140.2,trading_days,trading_days|profitable_days
2024-08-19 00:00:00,24,2022-07,540.2,0.0,54140.2,trading_days,trading_days|profitable_days
2024-08-19 00:00:00,25,2022-08,540.2,0.0,54140.2,trading_days,trading_days|profitable_days
2024-08-19 00:00:00,28,2022-11,540.2,0.0,54140.2,trading_days,trading_days|profitable_days
2024-08-19 00:00:00,29,2022-12,540.2,0.0,54140.2,trading_days,trading_days|profitable_days
2024-08-19 00:00:00,30,2023-01,540.2,0.0,54140.2,trading_days,trading_days|profitable_days
2024-08-19 00:00:00,31,2023-01,540.2,0.0,54140.2,trading_days,trading_days|profitable_days
2024-08-19 00:00:00,32,2023-01,540.2,0.0,54140.2,trading_days,trading_days|profitable_days
2024-08-19 00:00:00,33,2023-02,540.2,0.0,54140.2,trading_days,trading_days|profitable_days
2024-08-19 00:00:00,34,2023-03,540.2,0.0,54140.2,trading_days,trading_days|profitable_days
2024-08-19 00:00:00,39,2023-10,540.2,0.0,54140.2,trading_days,trading_days|profitable_days
2024-08-19 00:00:00,40,2023-10,540.2,0.0,54140.2,trading_days,trading_days|profitable_days
2024-08-19 00:00:00,41,2023-10,540.2,0.0,54140.2,trading_days,trading_days|profitable_days
2024-08-19 00:00:00,42,2023-10,540.2,0.0,54140.2,trading_days,trading_days|profitable_days
2024-08-20 00:00:00,17,2022-06,564.45,0.0,54164.45,trading_days,trading_days|profitable_days
2024-08-20 00:00:00,18,2022-06,564.45,0.0,54164.45,trading_days,trading_days|profitable_days
2024-08-20 00:00:00,19,2022-06,564.45,0.0,54164.45,trading_days,trading_days|profitable_days
2024-08-20 00:00:00,20,2022-06,564.45,0.0,54164.45,trading_days,trading_days|profitable_days
2024-08-20 00:00:00,21,2022-06,564.45,0.0,54164.45,trading_days,trading_days|profitable_days
2024-08-20 00:00:00,22,2022-06,564.45,0.0,54164.45,trading_days,trading_days|profitable_days
2024-08-20 00:00:00,23,2022-06,564.45,0.0,54164.45,trading_days,trading_days|profitable_days
2024-08-20 00:00:00,24,2022-07,564.45,0.0,54164.45,trading_days,trading_days|profitable_days
2024-08-20 00:00:00,25,2022-08,564.45,0.0,54164.45,trading_days,trading_days|profitable_days
2024-08-20 00:00:00,28,2022-11,564.45,0.0,54164.45,trading_days,trading_days|profitable_days
2024-08-20 00:00:00,29,2022-12,564.45,0.0,54164.45,trading_days,trading_days|profitable_days
2024-08-20 00:00:00,30,2023-01,564.45,0.0,54164.45,trading_days,trading_days|profitable_days
2024-08-20 00:00:00,31,2023-01,564.45,0.0,54164.45,trading_days,trading_days|profitable_days
2024-08-20 00:00:00,32,2023-01,564.45,0.0,54164.45,trading_days,trading_days|profitable_days
2024-08-20 00:00:00,33,2023-02,564.45,0.0,54164.45,trading_days,trading_days|profitable_days
2024-08-20 00:00:00,34,2023-03,564.45,0.0,54164.45,trading_days,trading_days|profitable_days
2024-08-20 00:00:00,39,2023-10,564.45,0.0,54164.45,trading_days,trading_days|profitable_days
2024-08-20 00:00:00,40,2023-10,564.45,0.0,54164.45,trading_days,trading_days|profitable_days
2024-08-20 00:00:00,41,2023-10,564.45,0.0,54164.45,trading_days,trading_days|profitable_days
2024-08-20 00:00:00,42,2023-10,564.45,0.0,54164.45,trading_days,trading_days|profitable_days
2024-08-21 00:00:00,17,2022-06,675.4,0.0,54275.4,trading_days,trading_days|profitable_days
2024-08-21 00:00:00,18,2022-06,675.4,0.0,54275.4,trading_days,trading_days|profitable_days
2024-08-21 00:00:00,19,2022-06,675.4,0.0,54275.4,trading_days,trading_days|profitable_days
2024-08-21 00:00:00,20,2022-06,675.4,0.0,54275.4,trading_days,trading_days|profitable_days
2024-08-21 00:00:00,21,2022-06,675.4,0.0,54275.4,trading_days,trading_days|profitable_days
2024-08-21 00:00:00,22,2022-06,675.4,0.0,54275.4,trading_days,trading_days|profitable_days
2024-08-21 00:00:00,23,2022-06,675.4,0.0,54275.4,trading_days,trading_days|profitable_days
2024-08-21 00:00:00,24,2022-07,675.4,0.0,54275.4,trading_days,trading_days|profitable_days
2024-08-21 00:00:00,25,2022-08,675.4,0.0,54275.4,trading_days,trading_days|profitable_days
2024-08-21 00:00:00,28,2022-11,675.4,0.0,54275.4,trading_days,trading_days|profitable_days
2024-08-21 00:00:00,29,2022-12,675.4,0.0,54275.4,trading_days,trading_days|profitable_days
2024-08-21 00:00:00,30,2023-01,675.4,0.0,54275.4,trading_days,trading_days|profitable_days
2024-08-21 00:00:00,31,2023-01,675.4,0.0,54275.4,trading_days,trading_days|profitable_days
2024-08-21 00:00:00,32,2023-01,675.4,0.0,54275.4,trading_days,trading_days|profitable_days
2024-08-21 00:00:00,33,2023-02,675.4,0.0,54275.4,trading_days,trading_days|profitable_days
2024-08-21 00:00:00,34,2023-03,675.4,0.0,54275.4,trading_days,trading_days|profitable_days
2024-08-21 00:00:00,39,2023-10,675.4,0.0,54275.4,trading_days,trading_days|profitable_days
2024-08-21 00:00:00,40,2023-10,675.4,0.0,54275.4,trading_days,trading_days|profitable_days
2024-08-21 00:00:00,41,2023-10,675.4,0.0,54275.4,trading_days,trading_days|profitable_days
2024-08-21 00:00:00,42,2023-10,675.4,0.0,54275.4,trading_days,trading_days|profitable_days
2024-08-22 00:00:00,17,2022-06,750.75,0.0,54350.75,trading_days,trading_days|profitable_days
2024-08-22 00:00:00,18,2022-06,750.75,0.0,54350.75,trading_days,trading_days|profitable_days
2024-08-22 00:00:00,19,2022-06,750.75,0.0,54350.75,trading_days,trading_days|profitable_days
2024-08-22 00:00:00,20,2022-06,750.75,0.0,54350.75,trading_days,trading_days|profitable_days
2024-08-22 00:00:00,21,2022-06,750.75,0.0,54350.75,trading_days,trading_days|profitable_days
2024-08-22 00:00:00,22,2022-06,750.75,0.0,54350.75,trading_days,trading_days|profitable_days
2024-08-22 00:00:00,23,2022-06,750.75,0.0,54350.75,trading_days,trading_days|profitable_days
2024-08-22 00:00:00,24,2022-07,750.75,0.0,54350.75,trading_days,trading_days|profitable_days
2024-08-22 00:00:00,25,2022-08,750.75,0.0,54350.75,trading_days,trading_days|profitable_days
2024-08-22 00:00:00,28,2022-11,750.75,0.0,54350.75,trading_days,trading_days|profitable_days
2024-08-22 00:00:00,29,2022-12,750.75,0.0,54350.75,trading_days,trading_days|profitable_days
2024-08-22 00:00:00,30,2023-01,750.75,0.0,54350.75,trading_days,trading_days|profitable_days
2024-08-22 00:00:00,31,2023-01,750.75,0.0,54350.75,trading_days,trading_days|profitable_days
2024-08-22 00:00:00,32,2023-01,750.75,0.0,54350.75,trading_days,trading_days|profitable_days
2024-08-22 00:00:00,33,2023-02,750.75,0.0,54350.75,trading_days,trading_days|profitable_days
2024-08-22 00:00:00,34,2023-03,750.75,0.0,54350.75,trading_days,trading_days|profitable_days
2024-08-22 00:00:00,39,2023-10,750.75,0.0,54350.75,trading_days,trading_days|profitable_days
2024-08-22 00:00:00,40,2023-10,750.75,0.0,54350.75,trading_days,trading_days|profitable_days
2024-08-22 00:00:00,41,2023-10,750.75,0.0,54350.75,trading_days,trading_days|profitable_days
2024-08-22 00:00:00,42,2023-10,750.75,0.0,54350.75,trading_days,trading_days|profitable_days
2024-08-23 00:00:00,17,2022-06,591.45,0.0,54191.45,trading_days,trading_days|profitable_days
2024-08-23 00:00:00,18,2022-06,591.45,0.0,54191.45,trading_days,trading_days|profitable_days
2024-08-23 00:00:00,19,2022-06,591.45,0.0,54191.45,trading_days,trading_days|profitable_days
2024-08-23 00:00:00,20,2022-06,591.45,0.0,54191.45,trading_days,trading_days|profitable_days
2024-08-23 00:00:00,21,2022-06,591.45,0.0,54191.45,trading_days,trading_days|profitable_days
2024-08-23 00:00:00,22,2022-06,591.45,0.0,54191.45,trading_days,trading_days|profitable_days
2024-08-23 00:00:00,23,2022-06,591.45,0.0,54191.45,trading_days,trading_days|profitable_days
2024-08-23 00:00:00,24,2022-07,591.45,0.0,54191.45,trading_days,trading_days|profitable_days
2024-08-23 00:00:00,25,2022-08,591.45,0.0,54191.45,trading_days,trading_days|profitable_days
2024-08-23 00:00:00,28,2022-11,591.45,0.0,54191.45,trading_days,trading_days|profitable_days
2024-08-23 00:00:00,29,2022-12,591.45,0.0,54191.45,trading_days,trading_days|profitable_days
2024-08-23 00:00:00,30,2023-01,591.45,0.0,54191.45,trading_days,trading_days|profitable_days
2024-08-23 00:00:00,31,2023-01,591.45,0.0,54191.45,trading_days,trading_days|profitable_days
2024-08-23 00:00:00,32,2023-01,591.45,0.0,54191.45,trading_days,trading_days|profitable_days
2024-08-23 00:00:00,33,2023-02,591.45,0.0,54191.45,trading_days,trading_days|profitable_days
2024-08-23 00:00:00,34,2023-03,591.45,0.0,54191.45,trading_days,trading_days|profitable_days
2024-08-23 00:00:00,39,2023-10,591.45,0.0,54191.45,trading_days,trading_days|profitable_days
2024-08-23 00:00:00,40,2023-10,591.45,0.0,54191.45,trading_days,trading_days|profitable_days
2024-08-23 00:00:00,41,2023-10,591.45,0.0,54191.45,trading_days,trading_days|profitable_days
2024-08-23 00:00:00,42,2023-10,591.45,0.0,54191.45,trading_days,trading_days|profitable_days
2024-08-24 00:00:00,17,2022-06,1070.5,0.0,54670.5,trading_days,trading_days|profitable_days
2024-08-24 00:00:00,18,2022-06,1070.5,0.0,54670.5,trading_days,trading_days|profitable_days
2024-08-24 00:00:00,19,2022-06,1070.5,0.0,54670.5,trading_days,trading_days|profitable_days
2024-08-24 00:00:00,20,2022-06,1070.5,0.0,54670.5,trading_days,trading_days|profitable_days
2024-08-24 00:00:00,21,2022-06,1070.5,0.0,54670.5,trading_days,trading_days|profitable_days
2024-08-24 00:00:00,22,2022-06,1070.5,0.0,54670.5,trading_days,trading_days|profitable_days
2024-08-24 00:00:00,23,2022-06,1070.5,0.0,54670.5,trading_days,trading_days|profitable_days
2024-08-24 00:00:00,24,2022-07,1070.5,0.0,54670.5,trading_days,trading_days|profitable_days
2024-08-24 00:00:00,25,2022-08,1070.5,0.0,54670.5,trading_days,trading_days|profitable_days
2024-08-24 00:00:00,28,2022-11,1070.5,0.0,54670.5,trading_days,trading_days|profitable_days
2024-08-24 00:00:00,29,2022-12,1070.5,0.0,54670.5,trading_days,trading_days|profitable_days
2024-08-24 00:00:00,30,2023-01,1070.5,0.0,54670.5,trading_days,trading_days|profitable_days
2024-08-24 00:00:00,31,2023-01,1070.5,0.0,54670.5,trading_days,trading_days|profitable_days
2024-08-24 00:00:00,32,2023-01,1070.5,0.0,54670.5,trading_days,trading_days|profitable_days
2024-08-24 00:00:00,33,2023-02,1070.5,0.0,54670.5,trading_days,trading_days|profitable_days
2024-08-24 00:00:00,34,2023-03,1070.5,0.0,54670.5,trading_days,trading_days|profitable_days
2024-08-24 00:00:00,39,2023-10,1070.5,0.0,54670.5,trading_days,trading_days|profitable_days
2024-08-24 00:00:00,40,2023-10,1070.5,0.0,54670.5,trading_days,trading_days|profitable_days
2024-08-24 00:00:00,41,2023-10,1070.5,0.0,54670.5,trading_days,trading_days|profitable_days
2024-08-24 00:00:00,42,2023-10,1070.5,0.0,54670.5,trading_days,trading_days|profitable_days
2024-08-25 00:00:00,17,2022-06,1070.5,0.0,54670.5,trading_days,trading_days|profitable_days
2024-08-25 00:00:00,18,2022-06,1070.5,0.0,54670.5,trading_days,trading_days|profitable_days
2024-08-25 00:00:00,19,2022-06,1070.5,0.0,54670.5,trading_days,trading_days|profitable_days
2024-08-25 00:00:00,20,2022-06,1070.5,0.0,54670.5,trading_days,trading_days|profitable_days
2024-08-25 00:00:00,21,2022-06,1070.5,0.0,54670.5,trading_days,trading_days|profitable_days
2024-08-25 00:00:00,22,2022-06,1070.5,0.0,54670.5,trading_days,trading_days|profitable_days
2024-08-25 00:00:00,23,2022-06,1070.5,0.0,54670.5,trading_days,trading_days|profitable_days
2024-08-25 00:00:00,24,2022-07,1070.5,0.0,54670.5,trading_days,trading_days|profitable_days
2024-08-25 00:00:00,25,2022-08,1070.5,0.0,54670.5,trading_days,trading_days|profitable_days
2024-08-25 00:00:00,28,2022-11,1070.5,0.0,54670.5,trading_days,trading_days|profitable_days
2024-08-25 00:00:00,29,2022-12,1070.5,0.0,54670.5,trading_days,trading_days|profitable_days
2024-08-25 00:00:00,30,2023-01,1070.5,0.0,54670.5,trading_days,trading_days|profitable_days
2024-08-25 00:00:00,31,2023-01,1070.5,0.0,54670.5,trading_days,trading_days|profitable_days
2024-08-25 00:00:00,32,2023-01,1070.5,0.0,54670.5,trading_days,trading_days|profitable_days
2024-08-25 00:00:00,33,2023-02,1070.5,0.0,54670.5,trading_days,trading_days|profitable_days
2024-08-25 00:00:00,34,2023-03,1070.5,0.0,54670.5,trading_days,trading_days|profitable_days
2024-08-25 00:00:00,39,2023-10,1070.5,0.0,54670.5,trading_days,trading_days|profitable_days
2024-08-25 00:00:00,40,2023-10,1070.5,0.0,54670.5,trading_days,trading_days|profitable_days
2024-08-25 00:00:00,41,2023-10,1070.5,0.0,54670.5,trading_days,trading_days|profitable_days
2024-08-25 00:00:00,42,2023-10,1070.5,0.0,54670.5,trading_days,trading_days|profitable_days
2024-08-26 00:00:00,17,2022-06,1070.5,0.0,54670.5,trading_days,trading_days|profitable_days
2024-08-26 00:00:00,18,2022-06,1070.5,0.0,54670.5,trading_days,trading_days|profitable_days
2024-08-26 00:00:00,19,2022-06,1070.5,0.0,54670.5,trading_days,trading_days|profitable_days
2024-08-26 00:00:00,20,2022-06,1070.5,0.0,54670.5,trading_days,trading_days|profitable_days
2024-08-26 00:00:00,21,2022-06,1070.5,0.0,54670.5,trading_days,trading_days|profitable_days
2024-08-26 00:00:00,22,2022-06,1070.5,0.0,54670.5,trading_days,trading_days|profitable_days
2024-08-26 00:00:00,23,2022-06,1070.5,0.0,54670.5,trading_days,trading_days|profitable_days
2024-08-26 00:00:00,24,2022-07,1070.5,0.0,54670.5,trading_days,trading_days|profitable_days
2024-08-26 00:00:00,25,2022-08,1070.5,0.0,54670.5,trading_days,trading_days|profitable_days
2024-08-26 00:00:00,28,2022-11,1070.5,0.0,54670.5,trading_days,trading_days|profitable_days
2024-08-26 00:00:00,29,2022-12,1070.5,0.0,54670.5,trading_days,trading_days|profitable_days
2024-08-26 00:00:00,30,2023-01,1070.5,0.0,54670.5,trading_days,trading_days|profitable_days
2024-08-26 00:00:00,31,2023-01,1070.5,0.0,54670.5,trading_days,trading_days|profitable_days
2024-08-26 00:00:00,32,2023-01,1070.5,0.0,54670.5,trading_days,trading_days|profitable_days
2024-08-26 00:00:00,33,2023-02,1070.5,0.0,54670.5,trading_days,trading_days|profitable_days
2024-08-26 00:00:00,34,2023-03,1070.5,0.0,54670.5,trading_days,trading_days|profitable_days
2024-08-26 00:00:00,39,2023-10,1070.5,0.0,54670.5,trading_days,trading_days|profitable_days
2024-08-26 00:00:00,40,2023-10,1070.5,0.0,54670.5,trading_days,trading_days|profitable_days
2024-08-26 00:00:00,41,2023-10,1070.5,0.0,54670.5,trading_days,trading_days|profitable_days
2024-08-26 00:00:00,42,2023-10,1070.5,0.0,54670.5,trading_days,trading_days|profitable_days
2024-08-27 00:00:00,17,2022-06,658.6,0.0,54258.6,trading_days,trading_days|profitable_days
2024-08-27 00:00:00,18,2022-06,658.6,0.0,54258.6,trading_days,trading_days|profitable_days
2024-08-27 00:00:00,19,2022-06,658.6,0.0,54258.6,trading_days,trading_days|profitable_days
2024-08-27 00:00:00,20,2022-06,658.6,0.0,54258.6,trading_days,trading_days|profitable_days
2024-08-27 00:00:00,21,2022-06,658.6,0.0,54258.6,trading_days,trading_days|profitable_days
2024-08-27 00:00:00,22,2022-06,658.6,0.0,54258.6,trading_days,trading_days|profitable_days
2024-08-27 00:00:00,23,2022-06,658.6,0.0,54258.6,trading_days,trading_days|profitable_days
2024-08-27 00:00:00,24,2022-07,658.6,0.0,54258.6,trading_days,trading_days|profitable_days
2024-08-27 00:00:00,25,2022-08,658.6,0.0,54258.6,trading_days,trading_days|profitable_days
2024-08-27 00:00:00,28,2022-11,658.6,0.0,54258.6,trading_days,trading_days|profitable_days
2024-08-27 00:00:00,29,2022-12,658.6,0.0,54258.6,trading_days,trading_days|profitable_days
2024-08-27 00:00:00,30,2023-01,658.6,0.0,54258.6,trading_days,trading_days|profitable_days
2024-08-27 00:00:00,31,2023-01,658.6,0.0,54258.6,trading_days,trading_days|profitable_days
2024-08-27 00:00:00,32,2023-01,658.6,0.0,54258.6,trading_days,trading_days|profitable_days
2024-08-27 00:00:00,33,2023-02,658.6,0.0,54258.6,trading_days,trading_days|profitable_days
2024-08-27 00:00:00,34,2023-03,658.6,0.0,54258.6,trading_days,trading_days|profitable_days
2024-08-27 00:00:00,39,2023-10,658.6,0.0,54258.6,trading_days,trading_days|profitable_days
2024-08-27 00:00:00,40,2023-10,658.6,0.0,54258.6,trading_days,trading_days|profitable_days
2024-08-27 00:00:00,41,2023-10,658.6,0.0,54258.6,trading_days,trading_days|profitable_days
2024-08-27 00:00:00,42,2023-10,658.6,0.0,54258.6,trading_days,trading_days|profitable_days
2024-08-30 00:00:00,17,2022-06,382.95,0.0,53982.95,trading_days,trading_days|profitable_days
2024-08-30 00:00:00,18,2022-06,382.95,0.0,53982.95,trading_days,trading_days|profitable_days
2024-08-30 00:00:00,19,2022-06,382.95,0.0,53982.95,trading_days,trading_days|profitable_days
2024-08-30 00:00:00,20,2022-06,382.95,0.0,53982.95,trading_days,trading_days|profitable_days
2024-08-30 00:00:00,21,2022-06,382.95,0.0,53982.95,trading_days,trading_days|profitable_days
2024-08-30 00:00:00,22,2022-06,382.95,0.0,53982.95,trading_days,trading_days|profitable_days
2024-08-30 00:00:00,23,2022-06,382.95,0.0,53982.95,trading_days,trading_days|profitable_days
2024-08-30 00:00:00,24,2022-07,382.95,0.0,53982.95,trading_days,trading_days|profitable_days
2024-08-30 00:00:00,25,2022-08,382.95,0.0,53982.95,trading_days,trading_days|profitable_days
2024-08-30 00:00:00,28,2022-11,382.95,0.0,53982.95,trading_days,trading_days|profitable_days
2024-08-30 00:00:00,29,2022-12,382.95,0.0,53982.95,trading_days,trading_days|profitable_days
2024-08-30 00:00:00,30,2023-01,382.95,0.0,53982.95,trading_days,trading_days|profitable_days
2024-08-30 00:00:00,31,2023-01,382.95,0.0,53982.95,trading_days,trading_days|profitable_days
2024-08-30 00:00:00,32,2023-01,382.95,0.0,53982.95,trading_days,trading_days|profitable_days
2024-08-30 00:00:00,33,2023-02,382.95,0.0,53982.95,trading_days,trading_days|profitable_days
2024-08-30 00:00:00,34,2023-03,382.95,0.0,53982.95,trading_days,trading_days|profitable_days
2024-08-30 00:00:00,39,2023-10,382.95,0.0,53982.95,trading_days,trading_days|profitable_days
2024-08-30 00:00:00,40,2023-10,382.95,0.0,53982.95,trading_days,trading_days|profitable_days
2024-08-30 00:00:00,41,2023-10,382.95,0.0,53982.95,trading_days,trading_days|profitable_days
2024-08-30 00:00:00,42,2023-10,382.95,0.0,53982.95,trading_days,trading_days|profitable_days
2024-08-31 00:00:00,17,2022-06,210.8,0.0,53810.8,trading_days,trading_days|profitable_days
2024-08-31 00:00:00,18,2022-06,210.8,0.0,53810.8,trading_days,trading_days|profitable_days
2024-08-31 00:00:00,19,2022-06,210.8,0.0,53810.8,trading_days,trading_days|profitable_days
2024-08-31 00:00:00,20,2022-06,210.8,0.0,53810.8,trading_days,trading_days|profitable_days
2024-08-31 00:00:00,21,2022-06,210.8,0.0,53810.8,trading_days,trading_days|profitable_days
2024-08-31 00:00:00,22,2022-06,210.8,0.0,53810.8,trading_days,trading_days|profitable_days
2024-08-31 00:00:00,23,2022-06,210.8,0.0,53810.8,trading_days,trading_days|profitable_days
2024-08-31 00:00:00,24,2022-07,210.8,0.0,53810.8,trading_days,trading_days|profitable_days
2024-08-31 00:00:00,25,2022-08,210.8,0.0,53810.8,trading_days,trading_days|profitable_days
2024-08-31 00:00:00,28,2022-11,210.8,0.0,53810.8,trading_days,trading_days|profitable_days
2024-08-31 00:00:00,29,2022-12,210.8,0.0,53810.8,trading_days,trading_days|profitable_days
2024-08-31 00:00:00,30,2023-01,210.8,0.0,53810.8,trading_days,trading_days|profitable_days
2024-08-31 00:00:00,31,2023-01,210.8,0.0,53810.8,trading_days,trading_days|profitable_days
2024-08-31 00:00:00,32,2023-01,210.8,0.0,53810.8,trading_days,trading_days|profitable_days
2024-08-31 00:00:00,33,2023-02,210.8,0.0,53810.8,trading_days,trading_days|profitable_days
2024-08-31 00:00:00,34,2023-03,210.8,0.0,53810.8,trading_days,trading_days|profitable_days
2024-08-31 00:00:00,39,2023-10,210.8,0.0,53810.8,trading_days,trading_days|profitable_days
2024-08-31 00:00:00,40,2023-10,210.8,0.0,53810.8,trading_days,trading_days|profitable_days
2024-08-31 00:00:00,41,2023-10,210.8,0.0,53810.8,trading_days,trading_days|profitable_days
2024-08-31 00:00:00,42,2023-10,210.8,0.0,53810.8,trading_days,trading_days|profitable_days
2024-09-01 00:00:00,17,2022-06,210.8,0.0,53810.8,trading_days,trading_days|profitable_days
2024-09-01 00:00:00,18,2022-06,210.8,0.0,53810.8,trading_days,trading_days|profitable_days
2024-09-01 00:00:00,19,2022-06,210.8,0.0,53810.8,trading_days,trading_days|profitable_days
2024-09-01 00:00:00,20,2022-06,210.8,0.0,53810.8,trading_days,trading_days|profitable_days
2024-09-01 00:00:00,21,2022-06,210.8,0.0,53810.8,trading_days,trading_days|profitable_days
2024-09-01 00:00:00,22,2022-06,210.8,0.0,53810.8,trading_days,trading_days|profitable_days
2024-09-01 00:00:00,23,2022-06,210.8,0.0,53810.8,trading_days,trading_days|profitable_days
2024-09-01 00:00:00,24,2022-07,210.8,0.0,53810.8,trading_days,trading_days|profitable_days
2024-09-01 00:00:00,25,2022-08,210.8,0.0,53810.8,trading_days,trading_days|profitable_days
2024-09-01 00:00:00,28,2022-11,210.8,0.0,53810.8,trading_days,trading_days|profitable_days
2024-09-01 00:00:00,29,2022-12,210.8,0.0,53810.8,trading_days,trading_days|profitable_days
2024-09-01 00:00:00,30,2023-01,210.8,0.0,53810.8,trading_days,trading_days|profitable_days
2024-09-01 00:00:00,31,2023-01,210.8,0.0,53810.8,trading_days,trading_days|profitable_days
2024-09-01 00:00:00,32,2023-01,210.8,0.0,53810.8,trading_days,trading_days|profitable_days
2024-09-01 00:00:00,33,2023-02,210.8,0.0,53810.8,trading_days,trading_days|profitable_days
2024-09-01 00:00:00,34,2023-03,210.8,0.0,53810.8,trading_days,trading_days|profitable_days
2024-09-01 00:00:00,39,2023-10,210.8,0.0,53810.8,trading_days,trading_days|profitable_days
2024-09-01 00:00:00,40,2023-10,210.8,0.0,53810.8,trading_days,trading_days|profitable_days
2024-09-01 00:00:00,41,2023-10,210.8,0.0,53810.8,trading_days,trading_days|profitable_days
2024-09-01 00:00:00,42,2023-10,210.8,0.0,53810.8,trading_days,trading_days|profitable_days
2024-09-02 00:00:00,17,2022-06,210.8,0.0,53810.8,trading_days,trading_days|profitable_days
2024-09-02 00:00:00,18,2022-06,210.8,0.0,53810.8,trading_days,trading_days|profitable_days
2024-09-02 00:00:00,19,2022-06,210.8,0.0,53810.8,trading_days,trading_days|profitable_days
2024-09-02 00:00:00,20,2022-06,210.8,0.0,53810.8,trading_days,trading_days|profitable_days
2024-09-02 00:00:00,21,2022-06,210.8,0.0,53810.8,trading_days,trading_days|profitable_days
2024-09-02 00:00:00,22,2022-06,210.8,0.0,53810.8,trading_days,trading_days|profitable_days
2024-09-02 00:00:00,23,2022-06,210.8,0.0,53810.8,trading_days,trading_days|profitable_days
2024-09-02 00:00:00,24,2022-07,210.8,0.0,53810.8,trading_days,trading_days|profitable_days
2024-09-02 00:00:00,25,2022-08,210.8,0.0,53810.8,trading_days,trading_days|profitable_days
2024-09-02 00:00:00,28,2022-11,210.8,0.0,53810.8,trading_days,trading_days|profitable_days
2024-09-02 00:00:00,29,2022-12,210.8,0.0,53810.8,trading_days,trading_days|profitable_days
2024-09-02 00:00:00,30,2023-01,210.8,0.0,53810.8,trading_days,trading_days|profitable_days
2024-09-02 00:00:00,31,2023-01,210.8,0.0,53810.8,trading_days,trading_days|profitable_days
2024-09-02 00:00:00,32,2023-01,210.8,0.0,53810.8,trading_days,trading_days|profitable_days
2024-09-02 00:00:00,33,2023-02,210.8,0.0,53810.8,trading_days,trading_days|profitable_days
2024-09-02 00:00:00,34,2023-03,210.8,0.0,53810.8,trading_days,trading_days|profitable_days
2024-09-02 00:00:00,39,2023-10,210.8,0.0,53810.8,trading_days,trading_days|profitable_days
2024-09-02 00:00:00,40,2023-10,210.8,0.0,53810.8,trading_days,trading_days|profitable_days
2024-09-02 00:00:00,41,2023-10,210.8,0.0,53810.8,trading_days,trading_days|profitable_days
2024-09-02 00:00:00,42,2023-10,210.8,0.0,53810.8,trading_days,trading_days|profitable_days
2024-09-03 00:00:00,17,2022-06,269.95,0.0,53869.95,trading_days,trading_days|profitable_days
2024-09-03 00:00:00,18,2022-06,269.95,0.0,53869.95,trading_days,trading_days|profitable_days
2024-09-03 00:00:00,19,2022-06,269.95,0.0,53869.95,trading_days,trading_days|profitable_days
2024-09-03 00:00:00,20,2022-06,269.95,0.0,53869.95,trading_days,trading_days|profitable_days
2024-09-03 00:00:00,21,2022-06,269.95,0.0,53869.95,trading_days,trading_days|profitable_days
2024-09-03 00:00:00,22,2022-06,269.95,0.0,53869.95,trading_days,trading_days|profitable_days
2024-09-03 00:00:00,23,2022-06,269.95,0.0,53869.95,trading_days,trading_days|profitable_days
2024-09-03 00:00:00,24,2022-07,269.95,0.0,53869.95,trading_days,trading_days|profitable_days
2024-09-03 00:00:00,25,2022-08,269.95,0.0,53869.95,trading_days,trading_days|profitable_days
2024-09-03 00:00:00,28,2022-11,269.95,0.0,53869.95,trading_days,trading_days|profitable_days
2024-09-03 00:00:00,29,2022-12,269.95,0.0,53869.95,trading_days,trading_days|profitable_days
2024-09-03 00:00:00,30,2023-01,269.95,0.0,53869.95,trading_days,trading_days|profitable_days
2024-09-03 00:00:00,31,2023-01,269.95,0.0,53869.95,trading_days,trading_days|profitable_days
2024-09-03 00:00:00,32,2023-01,269.95,0.0,53869.95,trading_days,trading_days|profitable_days
2024-09-03 00:00:00,33,2023-02,269.95,0.0,53869.95,trading_days,trading_days|profitable_days
2024-09-03 00:00:00,34,2023-03,269.95,0.0,53869.95,trading_days,trading_days|profitable_days
2024-09-03 00:00:00,39,2023-10,269.95,0.0,53869.95,trading_days,trading_days|profitable_days
2024-09-03 00:00:00,40,2023-10,269.95,0.0,53869.95,trading_days,trading_days|profitable_days
2024-09-03 00:00:00,41,2023-10,269.95,0.0,53869.95,trading_days,trading_days|profitable_days
2024-09-03 00:00:00,42,2023-10,269.95,0.0,53869.95,trading_days,trading_days|profitable_days
2024-09-10 00:00:00,17,2022-06,520.0,0.0,54120.0,profitable_days,profitable_days
2024-09-10 00:00:00,18,2022-06,520.0,0.0,54120.0,profitable_days,profitable_days
2024-09-10 00:00:00,19,2022-06,520.0,0.0,54120.0,profitable_days,profitable_days
2024-09-10 00:00:00,20,2022-06,520.0,0.0,54120.0,profitable_days,profitable_days
2024-09-10 00:00:00,21,2022-06,520.0,0.0,54120.0,profitable_days,profitable_days
2024-09-10 00:00:00,22,2022-06,520.0,0.0,54120.0,profitable_days,profitable_days
2024-09-10 00:00:00,23,2022-06,520.0,0.0,54120.0,profitable_days,profitable_days
2024-09-10 00:00:00,24,2022-07,520.0,0.0,54120.0,profitable_days,profitable_days
2024-09-10 00:00:00,25,2022-08,520.0,0.0,54120.0,profitable_days,profitable_days
2024-09-10 00:00:00,28,2022-11,520.0,0.0,54120.0,profitable_days,profitable_days
2024-09-10 00:00:00,29,2022-12,520.0,0.0,54120.0,profitable_days,profitable_days
2024-09-10 00:00:00,30,2023-01,520.0,0.0,54120.0,profitable_days,profitable_days
2024-09-10 00:00:00,31,2023-01,520.0,0.0,54120.0,profitable_days,profitable_days
2024-09-10 00:00:00,32,2023-01,520.0,0.0,54120.0,profitable_days,profitable_days
2024-09-10 00:00:00,33,2023-02,520.0,0.0,54120.0,profitable_days,profitable_days
2024-09-10 00:00:00,34,2023-03,520.0,0.0,54120.0,profitable_days,profitable_days
2024-09-10 00:00:00,39,2023-10,520.0,0.0,54120.0,profitable_days,profitable_days
2024-09-10 00:00:00,40,2023-10,520.0,0.0,54120.0,profitable_days,profitable_days
2024-09-10 00:00:00,41,2023-10,520.0,0.0,54120.0,profitable_days,profitable_days
2024-09-10 00:00:00,42,2023-10,520.0,0.0,54120.0,profitable_days,profitable_days
2024-09-11 00:00:00,17,2022-06,336.05,0.0,53936.05,profitable_days,profitable_days
2024-09-11 00:00:00,18,2022-06,336.05,0.0,53936.05,profitable_days,profitable_days
2024-09-11 00:00:00,19,2022-06,336.05,0.0,53936.05,profitable_days,profitable_days
2024-09-11 00:00:00,20,2022-06,336.05,0.0,53936.05,profitable_days,profitable_days
2024-09-11 00:00:00,21,2022-06,336.05,0.0,53936.05,profitable_days,profitable_days
2024-09-11 00:00:00,22,2022-06,336.05,0.0,53936.05,profitable_days,profitable_days
2024-09-11 00:00:00,23,2022-06,336.05,0.0,53936.05,profitable_days,profitable_days
2024-09-11 00:00:00,24,2022-07,336.05,0.0,53936.05,profitable_days,profitable_days
2024-09-11 00:00:00,25,2022-08,336.05,0.0,53936.05,profitable_days,profitable_days
2024-09-11 00:00:00,28,2022-11,336.05,0.0,53936.05,profitable_days,profitable_days
2024-09-11 00:00:00,29,2022-12,336.05,0.0,53936.05,profitable_days,profitable_days
2024-09-11 00:00:00,30,2023-01,336.05,0.0,53936.05,profitable_days,profitable_days
2024-09-11 00:00:00,31,2023-01,336.05,0.0,53936.05,profitable_days,profitable_days
2024-09-11 00:00:00,32,2023-01,336.05,0.0,53936.05,profitable_days,profitable_days
2024-09-11 00:00:00,33,2023-02,336.05,0.0,53936.05,profitable_days,profitable_days
2024-09-11 00:00:00,34,2023-03,336.05,0.0,53936.05,profitable_days,profitable_days
2024-09-11 00:00:00,39,2023-10,336.05,0.0,53936.05,profitable_days,profitable_days
2024-09-11 00:00:00,40,2023-10,336.05,0.0,53936.05,profitable_days,profitable_days
2024-09-11 00:00:00,41,2023-10,336.05,0.0,53936.05,profitable_days,profitable_days
2024-09-11 00:00:00,42,2023-10,336.05,0.0,53936.05,profitable_days,profitable_days
2024-09-14 00:00:00,17,2022-06,123.55,0.0,53723.55,trading_days,trading_days|profitable_days
2024-09-14 00:00:00,18,2022-06,123.55,0.0,53723.55,trading_days,trading_days|profitable_days
2024-09-14 00:00:00,19,2022-06,123.55,0.0,53723.55,trading_days,trading_days|profitable_days
2024-09-14 00:00:00,20,2022-06,123.55,0.0,53723.55,trading_days,trading_days|profitable_days
2024-09-14 00:00:00,21,2022-06,123.55,0.0,53723.55,trading_days,trading_days|profitable_days
2024-09-14 00:00:00,22,2022-06,123.55,0.0,53723.55,trading_days,trading_days|profitable_days
2024-09-14 00:00:00,23,2022-06,123.55,0.0,53723.55,trading_days,trading_days|profitable_days
2024-09-14 00:00:00,24,2022-07,123.55,0.0,53723.55,trading_days,trading_days|profitable_days
2024-09-14 00:00:00,25,2022-08,123.55,0.0,53723.55,trading_days,trading_days|profitable_days
2024-09-14 00:00:00,28,2022-11,123.55,0.0,53723.55,trading_days,trading_days|profitable_days
2024-09-14 00:00:00,29,2022-12,123.55,0.0,53723.55,trading_days,trading_days|profitable_days
2024-09-14 00:00:00,30,2023-01,123.55,0.0,53723.55,trading_days,trading_days|profitable_days
2024-09-14 00:00:00,31,2023-01,123.55,0.0,53723.55,trading_days,trading_days|profitable_days
2024-09-14 00:00:00,32,2023-01,123.55,0.0,53723.55,trading_days,trading_days|profitable_days
2024-09-14 00:00:00,33,2023-02,123.55,0.0,53723.55,trading_days,trading_days|profitable_days
2024-09-14 00:00:00,34,2023-03,123.55,0.0,53723.55,trading_days,trading_days|profitable_days
2024-09-14 00:00:00,39,2023-10,123.55,0.0,53723.55,trading_days,trading_days|profitable_days
2024-09-14 00:00:00,40,2023-10,123.55,0.0,53723.55,trading_days,trading_days|profitable_days
2024-09-14 00:00:00,41,2023-10,123.55,0.0,53723.55,trading_days,trading_days|profitable_days
2024-09-14 00:00:00,42,2023-10,123.55,0.0,53723.55,trading_days,trading_days|profitable_days
2024-09-15 00:00:00,17,2022-06,123.55,0.0,53723.55,trading_days,trading_days|profitable_days
2024-09-15 00:00:00,18,2022-06,123.55,0.0,53723.55,trading_days,trading_days|profitable_days
2024-09-15 00:00:00,19,2022-06,123.55,0.0,53723.55,trading_days,trading_days|profitable_days
2024-09-15 00:00:00,20,2022-06,123.55,0.0,53723.55,trading_days,trading_days|profitable_days
2024-09-15 00:00:00,21,2022-06,123.55,0.0,53723.55,trading_days,trading_days|profitable_days
2024-09-15 00:00:00,22,2022-06,123.55,0.0,53723.55,trading_days,trading_days|profitable_days
2024-09-15 00:00:00,23,2022-06,123.55,0.0,53723.55,trading_days,trading_days|profitable_days
2024-09-15 00:00:00,24,2022-07,123.55,0.0,53723.55,trading_days,trading_days|profitable_days
2024-09-15 00:00:00,25,2022-08,123.55,0.0,53723.55,trading_days,trading_days|profitable_days
2024-09-15 00:00:00,28,2022-11,123.55,0.0,53723.55,trading_days,trading_days|profitable_days
2024-09-15 00:00:00,29,2022-12,123.55,0.0,53723.55,trading_days,trading_days|profitable_days
2024-09-15 00:00:00,30,2023-01,123.55,0.0,53723.55,trading_days,trading_days|profitable_days
2024-09-15 00:00:00,31,2023-01,123.55,0.0,53723.55,trading_days,trading_days|profitable_days
2024-09-15 00:00:00,32,2023-01,123.55,0.0,53723.55,trading_days,trading_days|profitable_days
2024-09-15 00:00:00,33,2023-02,123.55,0.0,53723.55,trading_days,trading_days|profitable_days
2024-09-15 00:00:00,34,2023-03,123.55,0.0,53723.55,trading_days,trading_days|profitable_days
2024-09-15 00:00:00,39,2023-10,123.55,0.0,53723.55,trading_days,trading_days|profitable_days
2024-09-15 00:00:00,40,2023-10,123.55,0.0,53723.55,trading_days,trading_days|profitable_days
2024-09-15 00:00:00,41,2023-10,123.55,0.0,53723.55,trading_days,trading_days|profitable_days
2024-09-15 00:00:00,42,2023-10,123.55,0.0,53723.55,trading_days,trading_days|profitable_days
2024-09-16 00:00:00,17,2022-06,123.55,0.0,53723.55,trading_days,trading_days|profitable_days
2024-09-16 00:00:00,18,2022-06,123.55,0.0,53723.55,trading_days,trading_days|profitable_days
2024-09-16 00:00:00,19,2022-06,123.55,0.0,53723.55,trading_days,trading_days|profitable_days
2024-09-16 00:00:00,20,2022-06,123.55,0.0,53723.55,trading_days,trading_days|profitable_days
2024-09-16 00:00:00,21,2022-06,123.55,0.0,53723.55,trading_days,trading_days|profitable_days
2024-09-16 00:00:00,22,2022-06,123.55,0.0,53723.55,trading_days,trading_days|profitable_days
2024-09-16 00:00:00,23,2022-06,123.55,0.0,53723.55,trading_days,trading_days|profitable_days
2024-09-16 00:00:00,24,2022-07,123.55,0.0,53723.55,trading_days,trading_days|profitable_days
2024-09-16 00:00:00,25,2022-08,123.55,0.0,53723.55,trading_days,trading_days|profitable_days
2024-09-16 00:00:00,28,2022-11,123.55,0.0,53723.55,trading_days,trading_days|profitable_days
2024-09-16 00:00:00,29,2022-12,123.55,0.0,53723.55,trading_days,trading_days|profitable_days
2024-09-16 00:00:00,30,2023-01,123.55,0.0,53723.55,trading_days,trading_days|profitable_days
2024-09-16 00:00:00,31,2023-01,123.55,0.0,53723.55,trading_days,trading_days|profitable_days
2024-09-16 00:00:00,32,2023-01,123.55,0.0,53723.55,trading_days,trading_days|profitable_days
2024-09-16 00:00:00,33,2023-02,123.55,0.0,53723.55,trading_days,trading_days|profitable_days
2024-09-16 00:00:00,34,2023-03,123.55,0.0,53723.55,trading_days,trading_days|profitable_days
2024-09-16 00:00:00,39,2023-10,123.55,0.0,53723.55,trading_days,trading_days|profitable_days
2024-09-16 00:00:00,40,2023-10,123.55,0.0,53723.55,trading_days,trading_days|profitable_days
2024-09-16 00:00:00,41,2023-10,123.55,0.0,53723.55,trading_days,trading_days|profitable_days
2024-09-16 00:00:00,42,2023-10,123.55,0.0,53723.55,trading_days,trading_days|profitable_days
2024-09-17 00:00:00,17,2022-06,249.6,0.0,53849.6,trading_days,trading_days|profitable_days
2024-09-17 00:00:00,18,2022-06,249.6,0.0,53849.6,trading_days,trading_days|profitable_days
2024-09-17 00:00:00,19,2022-06,249.6,0.0,53849.6,trading_days,trading_days|profitable_days
2024-09-17 00:00:00,20,2022-06,249.6,0.0,53849.6,trading_days,trading_days|profitable_days
2024-09-17 00:00:00,21,2022-06,249.6,0.0,53849.6,trading_days,trading_days|profitable_days
2024-09-17 00:00:00,22,2022-06,249.6,0.0,53849.6,trading_days,trading_days|profitable_days
2024-09-17 00:00:00,23,2022-06,249.6,0.0,53849.6,trading_days,trading_days|profitable_days
2024-09-17 00:00:00,24,2022-07,249.6,0.0,53849.6,trading_days,trading_days|profitable_days
2024-09-17 00:00:00,25,2022-08,249.6,0.0,53849.6,trading_days,trading_days|profitable_days
2024-09-17 00:00:00,28,2022-11,249.6,0.0,53849.6,trading_days,trading_days|profitable_days
2024-09-17 00:00:00,29,2022-12,249.6,0.0,53849.6,trading_days,trading_days|profitable_days
2024-09-17 00:00:00,30,2023-01,249.6,0.0,53849.6,trading_days,trading_days|profitable_days
2024-09-17 00:00:00,31,2023-01,249.6,0.0,53849.6,trading_days,trading_days|profitable_days
2024-09-17 00:00:00,32,2023-01,249.6,0.0,53849.6,trading_days,trading_days|profitable_days
2024-09-17 00:00:00,33,2023-02,249.6,0.0,53849.6,trading_days,trading_days|profitable_days
2024-09-17 00:00:00,34,2023-03,249.6,0.0,53849.6,trading_days,trading_days|profitable_days
2024-09-17 00:00:00,39,2023-10,249.6,0.0,53849.6,trading_days,trading_days|profitable_days
2024-09-17 00:00:00,40,2023-10,249.6,0.0,53849.6,trading_days,trading_days|profitable_days
2024-09-17 00:00:00,41,2023-10,249.6,0.0,53849.6,trading_days,trading_days|profitable_days
2024-09-17 00:00:00,42,2023-10,249.6,0.0,53849.6,trading_days,trading_days|profitable_days
2024-09-19 00:00:00,17,2022-06,15.25,0.0,53615.25,trading_days,trading_days|profitable_days
2024-09-19 00:00:00,18,2022-06,15.25,0.0,53615.25,trading_days,trading_days|profitable_days
2024-09-19 00:00:00,19,2022-06,15.25,0.0,53615.25,trading_days,trading_days|profitable_days
2024-09-19 00:00:00,20,2022-06,15.25,0.0,53615.25,trading_days,trading_days|profitable_days
2024-09-19 00:00:00,21,2022-06,15.25,0.0,53615.25,trading_days,trading_days|profitable_days
2024-09-19 00:00:00,22,2022-06,15.25,0.0,53615.25,trading_days,trading_days|profitable_days
2024-09-19 00:00:00,23,2022-06,15.25,0.0,53615.25,trading_days,trading_days|profitable_days
2024-09-19 00:00:00,24,2022-07,15.25,0.0,53615.25,trading_days,trading_days|profitable_days
2024-09-19 00:00:00,25,2022-08,15.25,0.0,53615.25,trading_days,trading_days|profitable_days
2024-09-19 00:00:00,28,2022-11,15.25,0.0,53615.25,trading_days,trading_days|profitable_days
2024-09-19 00:00:00,29,2022-12,15.25,0.0,53615.25,trading_days,trading_days|profitable_days
2024-09-19 00:00:00,30,2023-01,15.25,0.0,53615.25,trading_days,trading_days|profitable_days
2024-09-19 00:00:00,31,2023-01,15.25,0.0,53615.25,trading_days,trading_days|profitable_days
2024-09-19 00:00:00,32,2023-01,15.25,0.0,53615.25,trading_days,trading_days|profitable_days
2024-09-19 00:00:00,33,2023-02,15.25,0.0,53615.25,trading_days,trading_days|profitable_days
2024-09-19 00:00:00,34,2023-03,15.25,0.0,53615.25,trading_days,trading_days|profitable_days
2024-09-19 00:00:00,39,2023-10,15.25,0.0,53615.25,trading_days,trading_days|profitable_days
2024-09-19 00:00:00,40,2023-10,15.25,0.0,53615.25,trading_days,trading_days|profitable_days
2024-09-19 00:00:00,41,2023-10,15.25,0.0,53615.25,trading_days,trading_days|profitable_days
2024-09-19 00:00:00,42,2023-10,15.25,0.0,53615.25,trading_days,trading_days|profitable_days
2024-09-20 00:00:00,17,2022-06,851.7,0.0,54451.7,trading_days,trading_days|profitable_days
2024-09-20 00:00:00,18,2022-06,851.7,0.0,54451.7,trading_days,trading_days|profitable_days
2024-09-20 00:00:00,19,2022-06,851.7,0.0,54451.7,trading_days,trading_days|profitable_days
2024-09-20 00:00:00,20,2022-06,851.7,0.0,54451.7,trading_days,trading_days|profitable_days
2024-09-20 00:00:00,21,2022-06,851.7,0.0,54451.7,trading_days,trading_days|profitable_days
2024-09-20 00:00:00,22,2022-06,851.7,0.0,54451.7,trading_days,trading_days|profitable_days
2024-09-20 00:00:00,23,2022-06,851.7,0.0,54451.7,trading_days,trading_days|profitable_days
2024-09-20 00:00:00,24,2022-07,851.7,0.0,54451.7,trading_days,trading_days|profitable_days
2024-09-20 00:00:00,25,2022-08,851.7,0.0,54451.7,trading_days,trading_days|profitable_days
2024-09-20 00:00:00,28,2022-11,851.7,0.0,54451.7,trading_days,trading_days|profitable_days
2024-09-20 00:00:00,29,2022-12,851.7,0.0,54451.7,trading_days,trading_days|profitable_days
2024-09-20 00:00:00,30,2023-01,851.7,0.0,54451.7,trading_days,trading_days|profitable_days
2024-09-20 00:00:00,31,2023-01,851.7,0.0,54451.7,trading_days,trading_days|profitable_days
2024-09-20 00:00:00,32,2023-01,851.7,0.0,54451.7,trading_days,trading_days|profitable_days
2024-09-20 00:00:00,33,2023-02,851.7,0.0,54451.7,trading_days,trading_days|profitable_days
2024-09-20 00:00:00,34,2023-03,851.7,0.0,54451.7,trading_days,trading_days|profitable_days
2024-09-20 00:00:00,39,2023-10,851.7,0.0,54451.7,trading_days,trading_days|profitable_days
2024-09-20 00:00:00,40,2023-10,851.7,0.0,54451.7,trading_days,trading_days|profitable_days
2024-09-20 00:00:00,41,2023-10,851.7,0.0,54451.7,trading_days,trading_days|profitable_days
2024-09-20 00:00:00,42,2023-10,851.7,0.0,54451.7,trading_days,trading_days|profitable_days
2024-09-21 00:00:00,17,2022-06,788.75,0.0,54388.75,trading_days,trading_days|profitable_days
2024-09-21 00:00:00,18,2022-06,788.75,0.0,54388.75,trading_days,trading_days|profitable_days
2024-09-21 00:00:00,19,2022-06,788.75,0.0,54388.75,trading_days,trading_days|profitable_days
2024-09-21 00:00:00,20,2022-06,788.75,0.0,54388.75,trading_days,trading_days|profitable_days
2024-09-21 00:00:00,21,2022-06,788.75,0.0,54388.75,trading_days,trading_days|profitable_days
2024-09-21 00:00:00,22,2022-06,788.75,0.0,54388.75,trading_days,trading_days|profitable_days
2024-09-21 00:00:00,23,2022-06,788.75,0.0,54388.75,trading_days,trading_days|profitable_days
2024-09-21 00:00:00,24,2022-07,788.75,0.0,54388.75,trading_days,trading_days|profitable_days
2024-09-21 00:00:00,25,2022-08,788.75,0.0,54388.75,trading_days,trading_days|profitable_days
2024-09-21 00:00:00,28,2022-11,788.75,0.0,54388.75,trading_days,trading_days|profitable_days
2024-09-21 00:00:00,29,2022-12,788.75,0.0,54388.75,trading_days,trading_days|profitable_days
2024-09-21 00:00:00,30,2023-01,788.75,0.0,54388.75,trading_days,trading_days|profitable_days
2024-09-21 00:00:00,31,2023-01,788.75,0.0,54388.75,trading_days,trading_days|profitable_days
2024-09-21 00:00:00,32,2023-01,788.75,0.0,54388.75,trading_days,trading_days|profitable_days
2024-09-21 00:00:00,33,2023-02,788.75,0.0,54388.75,trading_days,trading_days|profitable_days
2024-09-21 00:00:00,34,2023-03,788.75,0.0,54388.75,trading_days,trading_days|profitable_days
2024-09-21 00:00:00,39,2023-10,788.75,0.0,54388.75,trading_days,trading_days|profitable_days
2024-09-21 00:00:00,40,2023-10,788.75,0.0,54388.75,trading_days,trading_days|profitable_days
2024-09-21 00:00:00,41,2023-10,788.75,0.0,54388.75,trading_days,trading_days|profitable_days
2024-09-21 00:00:00,42,2023-10,788.75,0.0,54388.75,trading_days,trading_days|profitable_days
2024-09-22 00:00:00,17,2022-06,788.75,0.0,54388.75,trading_days,trading_days|profitable_days
2024-09-22 00:00:00,18,2022-06,788.75,0.0,54388.75,trading_days,trading_days|profitable_days
2024-09-22 00:00:00,19,2022-06,788.75,0.0,54388.75,trading_days,trading_days|profitable_days
2024-09-22 00:00:00,20,2022-06,788.75,0.0,54388.75,trading_days,trading_days|profitable_days
2024-09-22 00:00:00,21,2022-06,788.75,0.0,54388.75,trading_days,trading_days|profitable_days
2024-09-22 00:00:00,22,2022-06,788.75,0.0,54388.75,trading_days,trading_days|profitable_days
2024-09-22 00:00:00,23,2022-06,788.75,0.0,54388.75,trading_days,trading_days|profitable_days
2024-09-22 00:00:00,24,2022-07,788.75,0.0,54388.75,trading_days,trading_days|profitable_days
2024-09-22 00:00:00,25,2022-08,788.75,0.0,54388.75,trading_days,trading_days|profitable_days
2024-09-22 00:00:00,28,2022-11,788.75,0.0,54388.75,trading_days,trading_days|profitable_days
2024-09-22 00:00:00,29,2022-12,788.75,0.0,54388.75,trading_days,trading_days|profitable_days
2024-09-22 00:00:00,30,2023-01,788.75,0.0,54388.75,trading_days,trading_days|profitable_days
2024-09-22 00:00:00,31,2023-01,788.75,0.0,54388.75,trading_days,trading_days|profitable_days
2024-09-22 00:00:00,32,2023-01,788.75,0.0,54388.75,trading_days,trading_days|profitable_days
2024-09-22 00:00:00,33,2023-02,788.75,0.0,54388.75,trading_days,trading_days|profitable_days
2024-09-22 00:00:00,34,2023-03,788.75,0.0,54388.75,trading_days,trading_days|profitable_days
2024-09-22 00:00:00,39,2023-10,788.75,0.0,54388.75,trading_days,trading_days|profitable_days
2024-09-22 00:00:00,40,2023-10,788.75,0.0,54388.75,trading_days,trading_days|profitable_days
2024-09-22 00:00:00,41,2023-10,788.75,0.0,54388.75,trading_days,trading_days|profitable_days
2024-09-22 00:00:00,42,2023-10,788.75,0.0,54388.75,trading_days,trading_days|profitable_days
2024-09-23 00:00:00,17,2022-06,788.75,0.0,54388.75,trading_days,trading_days|profitable_days
2024-09-23 00:00:00,18,2022-06,788.75,0.0,54388.75,trading_days,trading_days|profitable_days
2024-09-23 00:00:00,19,2022-06,788.75,0.0,54388.75,trading_days,trading_days|profitable_days
2024-09-23 00:00:00,20,2022-06,788.75,0.0,54388.75,trading_days,trading_days|profitable_days
2024-09-23 00:00:00,21,2022-06,788.75,0.0,54388.75,trading_days,trading_days|profitable_days
2024-09-23 00:00:00,22,2022-06,788.75,0.0,54388.75,trading_days,trading_days|profitable_days
2024-09-23 00:00:00,23,2022-06,788.75,0.0,54388.75,trading_days,trading_days|profitable_days
2024-09-23 00:00:00,24,2022-07,788.75,0.0,54388.75,trading_days,trading_days|profitable_days
2024-09-23 00:00:00,25,2022-08,788.75,0.0,54388.75,trading_days,trading_days|profitable_days
2024-09-23 00:00:00,28,2022-11,788.75,0.0,54388.75,trading_days,trading_days|profitable_days
2024-09-23 00:00:00,29,2022-12,788.75,0.0,54388.75,trading_days,trading_days|profitable_days
2024-09-23 00:00:00,30,2023-01,788.75,0.0,54388.75,trading_days,trading_days|profitable_days
2024-09-23 00:00:00,31,2023-01,788.75,0.0,54388.75,trading_days,trading_days|profitable_days
2024-09-23 00:00:00,32,2023-01,788.75,0.0,54388.75,trading_days,trading_days|profitable_days
2024-09-23 00:00:00,33,2023-02,788.75,0.0,54388.75,trading_days,trading_days|profitable_days
2024-09-23 00:00:00,34,2023-03,788.75,0.0,54388.75,trading_days,trading_days|profitable_days
2024-09-23 00:00:00,39,2023-10,788.75,0.0,54388.75,trading_days,trading_days|profitable_days
2024-09-23 00:00:00,40,2023-10,788.75,0.0,54388.75,trading_days,trading_days|profitable_days
2024-09-23 00:00:00,41,2023-10,788.75,0.0,54388.75,trading_days,trading_days|profitable_days
2024-09-23 00:00:00,42,2023-10,788.75,0.0,54388.75,trading_days,trading_days|profitable_days
2024-09-24 00:00:00,17,2022-06,169.15,0.0,53769.15,profitable_days,profitable_days
2024-09-24 00:00:00,18,2022-06,169.15,0.0,53769.15,profitable_days,profitable_days
2024-09-24 00:00:00,19,2022-06,169.15,0.0,53769.15,profitable_days,profitable_days
2024-09-24 00:00:00,20,2022-06,169.15,0.0,53769.15,profitable_days,profitable_days
2024-09-24 00:00:00,21,2022-06,169.15,0.0,53769.15,profitable_days,profitable_days
2024-09-24 00:00:00,22,2022-06,169.15,0.0,53769.15,profitable_days,profitable_days
2024-09-24 00:00:00,23,2022-06,169.15,0.0,53769.15,profitable_days,profitable_days
2024-09-24 00:00:00,24,2022-07,169.15,0.0,53769.15,profitable_days,profitable_days
2024-09-24 00:00:00,25,2022-08,169.15,0.0,53769.15,profitable_days,profitable_days
2024-09-24 00:00:00,28,2022-11,169.15,0.0,53769.15,profitable_days,profitable_days
2024-09-24 00:00:00,29,2022-12,169.15,0.0,53769.15,profitable_days,profitable_days
2024-09-24 00:00:00,30,2023-01,169.15,0.0,53769.15,profitable_days,profitable_days
2024-09-24 00:00:00,31,2023-01,169.15,0.0,53769.15,profitable_days,profitable_days
2024-09-24 00:00:00,32,2023-01,169.15,0.0,53769.15,profitable_days,profitable_days
2024-09-24 00:00:00,33,2023-02,169.15,0.0,53769.15,profitable_days,profitable_days
2024-09-24 00:00:00,34,2023-03,169.15,0.0,53769.15,profitable_days,profitable_days
2024-09-24 00:00:00,39,2023-10,169.15,0.0,53769.15,profitable_days,profitable_days
2024-09-24 00:00:00,40,2023-10,169.15,0.0,53769.15,profitable_days,profitable_days
2024-09-24 00:00:00,41,2023-10,169.15,0.0,53769.15,profitable_days,profitable_days
2024-09-24 00:00:00,42,2023-10,169.15,0.0,53769.15,profitable_days,profitable_days
2024-09-25 00:00:00,17,2022-06,42.35,0.0,53642.35,profitable_days,profitable_days
2024-09-25 00:00:00,18,2022-06,42.35,0.0,53642.35,profitable_days,profitable_days
2024-09-25 00:00:00,19,2022-06,42.35,0.0,53642.35,profitable_days,profitable_days
2024-09-25 00:00:00,20,2022-06,42.35,0.0,53642.35,profitable_days,profitable_days
2024-09-25 00:00:00,21,2022-06,42.35,0.0,53642.35,profitable_days,profitable_days
2024-09-25 00:00:00,22,2022-06,42.35,0.0,53642.35,profitable_days,profitable_days
2024-09-25 00:00:00,23,2022-06,42.35,0.0,53642.35,profitable_days,profitable_days
2024-09-25 00:00:00,24,2022-07,42.35,0.0,53642.35,profitable_days,profitable_days
2024-09-25 00:00:00,25,2022-08,42.35,0.0,53642.35,profitable_days,profitable_days
2024-09-25 00:00:00,28,2022-11,42.35,0.0,53642.35,profitable_days,profitable_days
2024-09-25 00:00:00,29,2022-12,42.35,0.0,53642.35,profitable_days,profitable_days
2024-09-25 00:00:00,30,2023-01,42.35,0.0,53642.35,profitable_days,profitable_days
2024-09-25 00:00:00,31,2023-01,42.35,0.0,53642.35,profitable_days,profitable_days
2024-09-25 00:00:00,32,2023-01,42.35,0.0,53642.35,profitable_days,profitable_days
2024-09-25 00:00:00,33,2023-02,42.35,0.0,53642.35,profitable_days,profitable_days
2024-09-25 00:00:00,34,2023-03,42.35,0.0,53642.35,profitable_days,profitable_days
2024-09-25 00:00:00,39,2023-10,42.35,0.0,53642.35,profitable_days,profitable_days
2024-09-25 00:00:00,40,2023-10,42.35,0.0,53642.35,profitable_days,profitable_days
2024-09-25 00:00:00,41,2023-10,42.35,0.0,53642.35,profitable_days,profitable_days
2024-09-25 00:00:00,42,2023-10,42.35,0.0,53642.35,profitable_days,profitable_days
2024-09-26 00:00:00,17,2022-06,365.45,365.45,53965.45,minimum_payout,minimum_payout
2024-09-26 00:00:00,18,2022-06,365.45,365.45,53965.45,minimum_payout,minimum_payout
2024-09-26 00:00:00,19,2022-06,365.45,365.45,53965.45,minimum_payout,minimum_payout
2024-09-26 00:00:00,20,2022-06,365.45,365.45,53965.45,minimum_payout,minimum_payout
2024-09-26 00:00:00,21,2022-06,365.45,365.45,53965.45,minimum_payout,minimum_payout
2024-09-26 00:00:00,22,2022-06,365.45,365.45,53965.45,minimum_payout,minimum_payout
2024-09-26 00:00:00,23,2022-06,365.45,365.45,53965.45,minimum_payout,minimum_payout
2024-09-26 00:00:00,24,2022-07,365.45,365.45,53965.45,minimum_payout,minimum_payout
2024-09-26 00:00:00,25,2022-08,365.45,365.45,53965.45,minimum_payout,minimum_payout
2024-09-26 00:00:00,28,2022-11,365.45,365.45,53965.45,minimum_payout,minimum_payout
2024-09-26 00:00:00,29,2022-12,365.45,365.45,53965.45,minimum_payout,minimum_payout
2024-09-26 00:00:00,30,2023-01,365.45,365.45,53965.45,minimum_payout,minimum_payout
2024-09-26 00:00:00,31,2023-01,365.45,365.45,53965.45,minimum_payout,minimum_payout
2024-09-26 00:00:00,32,2023-01,365.45,365.45,53965.45,minimum_payout,minimum_payout
2024-09-26 00:00:00,33,2023-02,365.45,365.45,53965.45,minimum_payout,minimum_payout
2024-09-26 00:00:00,34,2023-03,365.45,365.45,53965.45,minimum_payout,minimum_payout
2024-09-26 00:00:00,39,2023-10,365.45,365.45,53965.45,minimum_payout,minimum_payout
2024-09-26 00:00:00,40,2023-10,365.45,365.45,53965.45,minimum_payout,minimum_payout
2024-09-26 00:00:00,41,2023-10,365.45,365.45,53965.45,minimum_payout,minimum_payout
2024-09-26 00:00:00,42,2023-10,365.45,365.45,53965.45,minimum_payout,minimum_payout
2024-09-28 00:00:00,17,2022-06,93.25,0.0,53693.25,trading_days,trading_days|profitable_days
2024-09-28 00:00:00,18,2022-06,93.25,0.0,53693.25,trading_days,trading_days|profitable_days
2024-09-28 00:00:00,19,2022-06,93.25,0.0,53693.25,trading_days,trading_days|profitable_days
2024-09-28 00:00:00,20,2022-06,93.25,0.0,53693.25,trading_days,trading_days|profitable_days
2024-09-28 00:00:00,21,2022-06,93.25,0.0,53693.25,trading_days,trading_days|profitable_days
2024-09-28 00:00:00,22,2022-06,93.25,0.0,53693.25,trading_days,trading_days|profitable_days
2024-09-28 00:00:00,23,2022-06,93.25,0.0,53693.25,trading_days,trading_days|profitable_days
2024-09-28 00:00:00,24,2022-07,93.25,0.0,53693.25,trading_days,trading_days|profitable_days
2024-09-28 00:00:00,25,2022-08,93.25,0.0,53693.25,trading_days,trading_days|profitable_days
2024-09-28 00:00:00,28,2022-11,93.25,0.0,53693.25,trading_days,trading_days|profitable_days
2024-09-28 00:00:00,29,2022-12,93.25,0.0,53693.25,trading_days,trading_days|profitable_days
2024-09-28 00:00:00,30,2023-01,93.25,0.0,53693.25,trading_days,trading_days|profitable_days
2024-09-28 00:00:00,31,2023-01,93.25,0.0,53693.25,trading_days,trading_days|profitable_days
2024-09-28 00:00:00,32,2023-01,93.25,0.0,53693.25,trading_days,trading_days|profitable_days
2024-09-28 00:00:00,33,2023-02,93.25,0.0,53693.25,trading_days,trading_days|profitable_days
2024-09-28 00:00:00,34,2023-03,93.25,0.0,53693.25,trading_days,trading_days|profitable_days
2024-09-28 00:00:00,39,2023-10,93.25,0.0,53693.25,trading_days,trading_days|profitable_days
2024-09-28 00:00:00,40,2023-10,93.25,0.0,53693.25,trading_days,trading_days|profitable_days
2024-09-28 00:00:00,41,2023-10,93.25,0.0,53693.25,trading_days,trading_days|profitable_days
2024-09-28 00:00:00,42,2023-10,93.25,0.0,53693.25,trading_days,trading_days|profitable_days
2024-09-29 00:00:00,17,2022-06,93.25,0.0,53693.25,trading_days,trading_days|profitable_days
2024-09-29 00:00:00,18,2022-06,93.25,0.0,53693.25,trading_days,trading_days|profitable_days
2024-09-29 00:00:00,19,2022-06,93.25,0.0,53693.25,trading_days,trading_days|profitable_days
2024-09-29 00:00:00,20,2022-06,93.25,0.0,53693.25,trading_days,trading_days|profitable_days
2024-09-29 00:00:00,21,2022-06,93.25,0.0,53693.25,trading_days,trading_days|profitable_days
2024-09-29 00:00:00,22,2022-06,93.25,0.0,53693.25,trading_days,trading_days|profitable_days
2024-09-29 00:00:00,23,2022-06,93.25,0.0,53693.25,trading_days,trading_days|profitable_days
2024-09-29 00:00:00,24,2022-07,93.25,0.0,53693.25,trading_days,trading_days|profitable_days
2024-09-29 00:00:00,25,2022-08,93.25,0.0,53693.25,trading_days,trading_days|profitable_days
2024-09-29 00:00:00,28,2022-11,93.25,0.0,53693.25,trading_days,trading_days|profitable_days
2024-09-29 00:00:00,29,2022-12,93.25,0.0,53693.25,trading_days,trading_days|profitable_days
2024-09-29 00:00:00,30,2023-01,93.25,0.0,53693.25,trading_days,trading_days|profitable_days
2024-09-29 00:00:00,31,2023-01,93.25,0.0,53693.25,trading_days,trading_days|profitable_days
2024-09-29 00:00:00,32,2023-01,93.25,0.0,53693.25,trading_days,trading_days|profitable_days
2024-09-29 00:00:00,33,2023-02,93.25,0.0,53693.25,trading_days,trading_days|profitable_days
2024-09-29 00:00:00,34,2023-03,93.25,0.0,53693.25,trading_days,trading_days|profitable_days
2024-09-29 00:00:00,39,2023-10,93.25,0.0,53693.25,trading_days,trading_days|profitable_days
2024-09-29 00:00:00,40,2023-10,93.25,0.0,53693.25,trading_days,trading_days|profitable_days
2024-09-29 00:00:00,41,2023-10,93.25,0.0,53693.25,trading_days,trading_days|profitable_days
2024-09-29 00:00:00,42,2023-10,93.25,0.0,53693.25,trading_days,trading_days|profitable_days
2024-09-30 00:00:00,17,2022-06,93.25,0.0,53693.25,trading_days,trading_days|profitable_days
2024-09-30 00:00:00,18,2022-06,93.25,0.0,53693.25,trading_days,trading_days|profitable_days
2024-09-30 00:00:00,19,2022-06,93.25,0.0,53693.25,trading_days,trading_days|profitable_days
2024-09-30 00:00:00,20,2022-06,93.25,0.0,53693.25,trading_days,trading_days|profitable_days
2024-09-30 00:00:00,21,2022-06,93.25,0.0,53693.25,trading_days,trading_days|profitable_days
2024-09-30 00:00:00,22,2022-06,93.25,0.0,53693.25,trading_days,trading_days|profitable_days
2024-09-30 00:00:00,23,2022-06,93.25,0.0,53693.25,trading_days,trading_days|profitable_days
2024-09-30 00:00:00,24,2022-07,93.25,0.0,53693.25,trading_days,trading_days|profitable_days
2024-09-30 00:00:00,25,2022-08,93.25,0.0,53693.25,trading_days,trading_days|profitable_days
2024-09-30 00:00:00,28,2022-11,93.25,0.0,53693.25,trading_days,trading_days|profitable_days
2024-09-30 00:00:00,29,2022-12,93.25,0.0,53693.25,trading_days,trading_days|profitable_days
2024-09-30 00:00:00,30,2023-01,93.25,0.0,53693.25,trading_days,trading_days|profitable_days
2024-09-30 00:00:00,31,2023-01,93.25,0.0,53693.25,trading_days,trading_days|profitable_days
2024-09-30 00:00:00,32,2023-01,93.25,0.0,53693.25,trading_days,trading_days|profitable_days
2024-09-30 00:00:00,33,2023-02,93.25,0.0,53693.25,trading_days,trading_days|profitable_days
2024-09-30 00:00:00,34,2023-03,93.25,0.0,53693.25,trading_days,trading_days|profitable_days
2024-09-30 00:00:00,39,2023-10,93.25,0.0,53693.25,trading_days,trading_days|profitable_days
2024-09-30 00:00:00,40,2023-10,93.25,0.0,53693.25,trading_days,trading_days|profitable_days
2024-09-30 00:00:00,41,2023-10,93.25,0.0,53693.25,trading_days,trading_days|profitable_days
2024-09-30 00:00:00,42,2023-10,93.25,0.0,53693.25,trading_days,trading_days|profitable_days
2024-10-02 00:00:00,17,2022-06,123.15,0.0,53723.15,trading_days,trading_days|profitable_days
2024-10-02 00:00:00,18,2022-06,123.15,0.0,53723.15,trading_days,trading_days|profitable_days
2024-10-02 00:00:00,19,2022-06,123.15,0.0,53723.15,trading_days,trading_days|profitable_days
2024-10-02 00:00:00,20,2022-06,123.15,0.0,53723.15,trading_days,trading_days|profitable_days
2024-10-02 00:00:00,21,2022-06,123.15,0.0,53723.15,trading_days,trading_days|profitable_days
2024-10-02 00:00:00,22,2022-06,123.15,0.0,53723.15,trading_days,trading_days|profitable_days
2024-10-02 00:00:00,23,2022-06,123.15,0.0,53723.15,trading_days,trading_days|profitable_days
2024-10-02 00:00:00,24,2022-07,123.15,0.0,53723.15,trading_days,trading_days|profitable_days
2024-10-02 00:00:00,25,2022-08,123.15,0.0,53723.15,trading_days,trading_days|profitable_days
2024-10-02 00:00:00,28,2022-11,123.15,0.0,53723.15,trading_days,trading_days|profitable_days
2024-10-02 00:00:00,29,2022-12,123.15,0.0,53723.15,trading_days,trading_days|profitable_days
2024-10-02 00:00:00,30,2023-01,123.15,0.0,53723.15,trading_days,trading_days|profitable_days
2024-10-02 00:00:00,31,2023-01,123.15,0.0,53723.15,trading_days,trading_days|profitable_days
2024-10-02 00:00:00,32,2023-01,123.15,0.0,53723.15,trading_days,trading_days|profitable_days
2024-10-02 00:00:00,33,2023-02,123.15,0.0,53723.15,trading_days,trading_days|profitable_days
2024-10-02 00:00:00,34,2023-03,123.15,0.0,53723.15,trading_days,trading_days|profitable_days
2024-10-02 00:00:00,39,2023-10,123.15,0.0,53723.15,trading_days,trading_days|profitable_days
2024-10-02 00:00:00,40,2023-10,123.15,0.0,53723.15,trading_days,trading_days|profitable_days
2024-10-02 00:00:00,41,2023-10,123.15,0.0,53723.15,trading_days,trading_days|profitable_days
2024-10-02 00:00:00,42,2023-10,123.15,0.0,53723.15,trading_days,trading_days|profitable_days
2024-10-05 00:00:00,17,2022-06,594.75,0.0,54194.75,trading_days,trading_days|profitable_days
2024-10-05 00:00:00,18,2022-06,594.75,0.0,54194.75,trading_days,trading_days|profitable_days
2024-10-05 00:00:00,19,2022-06,594.75,0.0,54194.75,trading_days,trading_days|profitable_days
2024-10-05 00:00:00,20,2022-06,594.75,0.0,54194.75,trading_days,trading_days|profitable_days
2024-10-05 00:00:00,21,2022-06,594.75,0.0,54194.75,trading_days,trading_days|profitable_days
2024-10-05 00:00:00,22,2022-06,594.75,0.0,54194.75,trading_days,trading_days|profitable_days
2024-10-05 00:00:00,23,2022-06,594.75,0.0,54194.75,trading_days,trading_days|profitable_days
2024-10-05 00:00:00,24,2022-07,594.75,0.0,54194.75,trading_days,trading_days|profitable_days
2024-10-05 00:00:00,25,2022-08,594.75,0.0,54194.75,trading_days,trading_days|profitable_days
2024-10-05 00:00:00,28,2022-11,594.75,0.0,54194.75,trading_days,trading_days|profitable_days
2024-10-05 00:00:00,29,2022-12,594.75,0.0,54194.75,trading_days,trading_days|profitable_days
2024-10-05 00:00:00,30,2023-01,594.75,0.0,54194.75,trading_days,trading_days|profitable_days
2024-10-05 00:00:00,31,2023-01,594.75,0.0,54194.75,trading_days,trading_days|profitable_days
2024-10-05 00:00:00,32,2023-01,594.75,0.0,54194.75,trading_days,trading_days|profitable_days
2024-10-05 00:00:00,33,2023-02,594.75,0.0,54194.75,trading_days,trading_days|profitable_days
2024-10-05 00:00:00,34,2023-03,594.75,0.0,54194.75,trading_days,trading_days|profitable_days
2024-10-05 00:00:00,39,2023-10,594.75,0.0,54194.75,trading_days,trading_days|profitable_days
2024-10-05 00:00:00,40,2023-10,594.75,0.0,54194.75,trading_days,trading_days|profitable_days
2024-10-05 00:00:00,41,2023-10,594.75,0.0,54194.75,trading_days,trading_days|profitable_days
2024-10-05 00:00:00,42,2023-10,594.75,0.0,54194.75,trading_days,trading_days|profitable_days
2024-10-06 00:00:00,17,2022-06,594.75,0.0,54194.75,trading_days,trading_days|profitable_days
2024-10-06 00:00:00,18,2022-06,594.75,0.0,54194.75,trading_days,trading_days|profitable_days
2024-10-06 00:00:00,19,2022-06,594.75,0.0,54194.75,trading_days,trading_days|profitable_days
2024-10-06 00:00:00,20,2022-06,594.75,0.0,54194.75,trading_days,trading_days|profitable_days
2024-10-06 00:00:00,21,2022-06,594.75,0.0,54194.75,trading_days,trading_days|profitable_days
2024-10-06 00:00:00,22,2022-06,594.75,0.0,54194.75,trading_days,trading_days|profitable_days
2024-10-06 00:00:00,23,2022-06,594.75,0.0,54194.75,trading_days,trading_days|profitable_days
2024-10-06 00:00:00,24,2022-07,594.75,0.0,54194.75,trading_days,trading_days|profitable_days
2024-10-06 00:00:00,25,2022-08,594.75,0.0,54194.75,trading_days,trading_days|profitable_days
2024-10-06 00:00:00,28,2022-11,594.75,0.0,54194.75,trading_days,trading_days|profitable_days
2024-10-06 00:00:00,29,2022-12,594.75,0.0,54194.75,trading_days,trading_days|profitable_days
2024-10-06 00:00:00,30,2023-01,594.75,0.0,54194.75,trading_days,trading_days|profitable_days
2024-10-06 00:00:00,31,2023-01,594.75,0.0,54194.75,trading_days,trading_days|profitable_days
2024-10-06 00:00:00,32,2023-01,594.75,0.0,54194.75,trading_days,trading_days|profitable_days
2024-10-06 00:00:00,33,2023-02,594.75,0.0,54194.75,trading_days,trading_days|profitable_days
2024-10-06 00:00:00,34,2023-03,594.75,0.0,54194.75,trading_days,trading_days|profitable_days
2024-10-06 00:00:00,39,2023-10,594.75,0.0,54194.75,trading_days,trading_days|profitable_days
2024-10-06 00:00:00,40,2023-10,594.75,0.0,54194.75,trading_days,trading_days|profitable_days
2024-10-06 00:00:00,41,2023-10,594.75,0.0,54194.75,trading_days,trading_days|profitable_days
2024-10-06 00:00:00,42,2023-10,594.75,0.0,54194.75,trading_days,trading_days|profitable_days
2024-10-07 00:00:00,17,2022-06,594.75,0.0,54194.75,trading_days,trading_days|profitable_days
2024-10-07 00:00:00,18,2022-06,594.75,0.0,54194.75,trading_days,trading_days|profitable_days
2024-10-07 00:00:00,19,2022-06,594.75,0.0,54194.75,trading_days,trading_days|profitable_days
2024-10-07 00:00:00,20,2022-06,594.75,0.0,54194.75,trading_days,trading_days|profitable_days
2024-10-07 00:00:00,21,2022-06,594.75,0.0,54194.75,trading_days,trading_days|profitable_days
2024-10-07 00:00:00,22,2022-06,594.75,0.0,54194.75,trading_days,trading_days|profitable_days
2024-10-07 00:00:00,23,2022-06,594.75,0.0,54194.75,trading_days,trading_days|profitable_days
2024-10-07 00:00:00,24,2022-07,594.75,0.0,54194.75,trading_days,trading_days|profitable_days
2024-10-07 00:00:00,25,2022-08,594.75,0.0,54194.75,trading_days,trading_days|profitable_days
2024-10-07 00:00:00,28,2022-11,594.75,0.0,54194.75,trading_days,trading_days|profitable_days
2024-10-07 00:00:00,29,2022-12,594.75,0.0,54194.75,trading_days,trading_days|profitable_days
2024-10-07 00:00:00,30,2023-01,594.75,0.0,54194.75,trading_days,trading_days|profitable_days
2024-10-07 00:00:00,31,2023-01,594.75,0.0,54194.75,trading_days,trading_days|profitable_days
2024-10-07 00:00:00,32,2023-01,594.75,0.0,54194.75,trading_days,trading_days|profitable_days
2024-10-07 00:00:00,33,2023-02,594.75,0.0,54194.75,trading_days,trading_days|profitable_days
2024-10-07 00:00:00,34,2023-03,594.75,0.0,54194.75,trading_days,trading_days|profitable_days
2024-10-07 00:00:00,39,2023-10,594.75,0.0,54194.75,trading_days,trading_days|profitable_days
2024-10-07 00:00:00,40,2023-10,594.75,0.0,54194.75,trading_days,trading_days|profitable_days
2024-10-07 00:00:00,41,2023-10,594.75,0.0,54194.75,trading_days,trading_days|profitable_days
2024-10-07 00:00:00,42,2023-10,594.75,0.0,54194.75,trading_days,trading_days|profitable_days
2024-10-08 00:00:00,17,2022-06,363.45,0.0,53963.45,trading_days,trading_days|profitable_days
2024-10-08 00:00:00,18,2022-06,363.45,0.0,53963.45,trading_days,trading_days|profitable_days
2024-10-08 00:00:00,19,2022-06,363.45,0.0,53963.45,trading_days,trading_days|profitable_days
2024-10-08 00:00:00,20,2022-06,363.45,0.0,53963.45,trading_days,trading_days|profitable_days
2024-10-08 00:00:00,21,2022-06,363.45,0.0,53963.45,trading_days,trading_days|profitable_days
2024-10-08 00:00:00,22,2022-06,363.45,0.0,53963.45,trading_days,trading_days|profitable_days
2024-10-08 00:00:00,23,2022-06,363.45,0.0,53963.45,trading_days,trading_days|profitable_days
2024-10-08 00:00:00,24,2022-07,363.45,0.0,53963.45,trading_days,trading_days|profitable_days
2024-10-08 00:00:00,25,2022-08,363.45,0.0,53963.45,trading_days,trading_days|profitable_days
2024-10-08 00:00:00,28,2022-11,363.45,0.0,53963.45,trading_days,trading_days|profitable_days
2024-10-08 00:00:00,29,2022-12,363.45,0.0,53963.45,trading_days,trading_days|profitable_days
2024-10-08 00:00:00,30,2023-01,363.45,0.0,53963.45,trading_days,trading_days|profitable_days
2024-10-08 00:00:00,31,2023-01,363.45,0.0,53963.45,trading_days,trading_days|profitable_days
2024-10-08 00:00:00,32,2023-01,363.45,0.0,53963.45,trading_days,trading_days|profitable_days
2024-10-08 00:00:00,33,2023-02,363.45,0.0,53963.45,trading_days,trading_days|profitable_days
2024-10-08 00:00:00,34,2023-03,363.45,0.0,53963.45,trading_days,trading_days|profitable_days
2024-10-08 00:00:00,39,2023-10,363.45,0.0,53963.45,trading_days,trading_days|profitable_days
2024-10-08 00:00:00,40,2023-10,363.45,0.0,53963.45,trading_days,trading_days|profitable_days
2024-10-08 00:00:00,41,2023-10,363.45,0.0,53963.45,trading_days,trading_days|profitable_days
2024-10-08 00:00:00,42,2023-10,363.45,0.0,53963.45,trading_days,trading_days|profitable_days
2024-10-09 00:00:00,17,2022-06,612.6,0.0,54212.6,profitable_days,profitable_days
2024-10-09 00:00:00,18,2022-06,612.6,0.0,54212.6,profitable_days,profitable_days
2024-10-09 00:00:00,19,2022-06,612.6,0.0,54212.6,profitable_days,profitable_days
2024-10-09 00:00:00,20,2022-06,612.6,0.0,54212.6,profitable_days,profitable_days
2024-10-09 00:00:00,21,2022-06,612.6,0.0,54212.6,profitable_days,profitable_days
2024-10-09 00:00:00,22,2022-06,612.6,0.0,54212.6,profitable_days,profitable_days
2024-10-09 00:00:00,23,2022-06,612.6,0.0,54212.6,profitable_days,profitable_days
2024-10-09 00:00:00,24,2022-07,612.6,0.0,54212.6,profitable_days,profitable_days
2024-10-09 00:00:00,25,2022-08,612.6,0.0,54212.6,profitable_days,profitable_days
2024-10-09 00:00:00,28,2022-11,612.6,0.0,54212.6,profitable_days,profitable_days
2024-10-09 00:00:00,29,2022-12,612.6,0.0,54212.6,profitable_days,profitable_days
2024-10-09 00:00:00,30,2023-01,612.6,0.0,54212.6,profitable_days,profitable_days
2024-10-09 00:00:00,31,2023-01,612.6,0.0,54212.6,profitable_days,profitable_days
2024-10-09 00:00:00,32,2023-01,612.6,0.0,54212.6,profitable_days,profitable_days
2024-10-09 00:00:00,33,2023-02,612.6,0.0,54212.6,profitable_days,profitable_days
2024-10-09 00:00:00,34,2023-03,612.6,0.0,54212.6,profitable_days,profitable_days
2024-10-09 00:00:00,39,2023-10,612.6,0.0,54212.6,profitable_days,profitable_days
2024-10-09 00:00:00,40,2023-10,612.6,0.0,54212.6,profitable_days,profitable_days
2024-10-09 00:00:00,41,2023-10,612.6,0.0,54212.6,profitable_days,profitable_days
2024-10-09 00:00:00,42,2023-10,612.6,0.0,54212.6,profitable_days,profitable_days
2024-10-10 00:00:00,17,2022-06,611.75,0.0,54211.75,profitable_days,profitable_days
2024-10-10 00:00:00,18,2022-06,611.75,0.0,54211.75,profitable_days,profitable_days
2024-10-10 00:00:00,19,2022-06,611.75,0.0,54211.75,profitable_days,profitable_days
2024-10-10 00:00:00,20,2022-06,611.75,0.0,54211.75,profitable_days,profitable_days
2024-10-10 00:00:00,21,2022-06,611.75,0.0,54211.75,profitable_days,profitable_days
2024-10-10 00:00:00,22,2022-06,611.75,0.0,54211.75,profitable_days,profitable_days
2024-10-10 00:00:00,23,2022-06,611.75,0.0,54211.75,profitable_days,profitable_days
2024-10-10 00:00:00,24,2022-07,611.75,0.0,54211.75,profitable_days,profitable_days
2024-10-10 00:00:00,25,2022-08,611.75,0.0,54211.75,profitable_days,profitable_days
2024-10-10 00:00:00,28,2022-11,611.75,0.0,54211.75,profitable_days,profitable_days
2024-10-10 00:00:00,29,2022-12,611.75,0.0,54211.75,profitable_days,profitable_days
2024-10-10 00:00:00,30,2023-01,611.75,0.0,54211.75,profitable_days,profitable_days
2024-10-10 00:00:00,31,2023-01,611.75,0.0,54211.75,profitable_days,profitable_days
2024-10-10 00:00:00,32,2023-01,611.75,0.0,54211.75,profitable_days,profitable_days
2024-10-10 00:00:00,33,2023-02,611.75,0.0,54211.75,profitable_days,profitable_days
2024-10-10 00:00:00,34,2023-03,611.75,0.0,54211.75,profitable_days,profitable_days
2024-10-10 00:00:00,39,2023-10,611.75,0.0,54211.75,profitable_days,profitable_days
2024-10-10 00:00:00,40,2023-10,611.75,0.0,54211.75,profitable_days,profitable_days
2024-10-10 00:00:00,41,2023-10,611.75,0.0,54211.75,profitable_days,profitable_days
2024-10-10 00:00:00,42,2023-10,611.75,0.0,54211.75,profitable_days,profitable_days
2024-10-11 00:00:00,17,2022-06,434.75,0.0,54034.75,profitable_days,profitable_days
2024-10-11 00:00:00,18,2022-06,434.75,0.0,54034.75,profitable_days,profitable_days
2024-10-11 00:00:00,19,2022-06,434.75,0.0,54034.75,profitable_days,profitable_days
2024-10-11 00:00:00,20,2022-06,434.75,0.0,54034.75,profitable_days,profitable_days
2024-10-11 00:00:00,21,2022-06,434.75,0.0,54034.75,profitable_days,profitable_days
2024-10-11 00:00:00,22,2022-06,434.75,0.0,54034.75,profitable_days,profitable_days
2024-10-11 00:00:00,23,2022-06,434.75,0.0,54034.75,profitable_days,profitable_days
2024-10-11 00:00:00,24,2022-07,434.75,0.0,54034.75,profitable_days,profitable_days
2024-10-11 00:00:00,25,2022-08,434.75,0.0,54034.75,profitable_days,profitable_days
2024-10-11 00:00:00,28,2022-11,434.75,0.0,54034.75,profitable_days,profitable_days
2024-10-11 00:00:00,29,2022-12,434.75,0.0,54034.75,profitable_days,profitable_days
2024-10-11 00:00:00,30,2023-01,434.75,0.0,54034.75,profitable_days,profitable_days
2024-10-11 00:00:00,31,2023-01,434.75,0.0,54034.75,profitable_days,profitable_days
2024-10-11 00:00:00,32,2023-01,434.75,0.0,54034.75,profitable_days,profitable_days
2024-10-11 00:00:00,33,2023-02,434.75,0.0,54034.75,profitable_days,profitable_days
2024-10-11 00:00:00,34,2023-03,434.75,0.0,54034.75,profitable_days,profitable_days
2024-10-11 00:00:00,39,2023-10,434.75,0.0,54034.75,profitable_days,profitable_days
2024-10-11 00:00:00,40,2023-10,434.75,0.0,54034.75,profitable_days,profitable_days
2024-10-11 00:00:00,41,2023-10,434.75,0.0,54034.75,profitable_days,profitable_days
2024-10-11 00:00:00,42,2023-10,434.75,0.0,54034.75,profitable_days,profitable_days
2024-10-12 00:00:00,17,2022-06,255.4,0.0,53855.4,profitable_days,profitable_days
2024-10-12 00:00:00,18,2022-06,255.4,0.0,53855.4,profitable_days,profitable_days
2024-10-12 00:00:00,19,2022-06,255.4,0.0,53855.4,profitable_days,profitable_days
2024-10-12 00:00:00,20,2022-06,255.4,0.0,53855.4,profitable_days,profitable_days
2024-10-12 00:00:00,21,2022-06,255.4,0.0,53855.4,profitable_days,profitable_days
2024-10-12 00:00:00,22,2022-06,255.4,0.0,53855.4,profitable_days,profitable_days
2024-10-12 00:00:00,23,2022-06,255.4,0.0,53855.4,profitable_days,profitable_days
2024-10-12 00:00:00,24,2022-07,255.4,0.0,53855.4,profitable_days,profitable_days
2024-10-12 00:00:00,25,2022-08,255.4,0.0,53855.4,profitable_days,profitable_days
2024-10-12 00:00:00,28,2022-11,255.4,0.0,53855.4,profitable_days,profitable_days
2024-10-12 00:00:00,29,2022-12,255.4,0.0,53855.4,profitable_days,profitable_days
2024-10-12 00:00:00,30,2023-01,255.4,0.0,53855.4,profitable_days,profitable_days
2024-10-12 00:00:00,31,2023-01,255.4,0.0,53855.4,profitable_days,profitable_days
2024-10-12 00:00:00,32,2023-01,255.4,0.0,53855.4,profitable_days,profitable_days
2024-10-12 00:00:00,33,2023-02,255.4,0.0,53855.4,profitable_days,profitable_days
2024-10-12 00:00:00,34,2023-03,255.4,0.0,53855.4,profitable_days,profitable_days
2024-10-12 00:00:00,39,2023-10,255.4,0.0,53855.4,profitable_days,profitable_days
2024-10-12 00:00:00,40,2023-10,255.4,0.0,53855.4,profitable_days,profitable_days
2024-10-12 00:00:00,41,2023-10,255.4,0.0,53855.4,profitable_days,profitable_days
2024-10-12 00:00:00,42,2023-10,255.4,0.0,53855.4,profitable_days,profitable_days
2024-10-13 00:00:00,17,2022-06,255.4,0.0,53855.4,profitable_days,profitable_days
2024-10-13 00:00:00,18,2022-06,255.4,0.0,53855.4,profitable_days,profitable_days
2024-10-13 00:00:00,19,2022-06,255.4,0.0,53855.4,profitable_days,profitable_days
2024-10-13 00:00:00,20,2022-06,255.4,0.0,53855.4,profitable_days,profitable_days
2024-10-13 00:00:00,21,2022-06,255.4,0.0,53855.4,profitable_days,profitable_days
2024-10-13 00:00:00,22,2022-06,255.4,0.0,53855.4,profitable_days,profitable_days
2024-10-13 00:00:00,23,2022-06,255.4,0.0,53855.4,profitable_days,profitable_days
2024-10-13 00:00:00,24,2022-07,255.4,0.0,53855.4,profitable_days,profitable_days
2024-10-13 00:00:00,25,2022-08,255.4,0.0,53855.4,profitable_days,profitable_days
2024-10-13 00:00:00,28,2022-11,255.4,0.0,53855.4,profitable_days,profitable_days
2024-10-13 00:00:00,29,2022-12,255.4,0.0,53855.4,profitable_days,profitable_days
2024-10-13 00:00:00,30,2023-01,255.4,0.0,53855.4,profitable_days,profitable_days
2024-10-13 00:00:00,31,2023-01,255.4,0.0,53855.4,profitable_days,profitable_days
2024-10-13 00:00:00,32,2023-01,255.4,0.0,53855.4,profitable_days,profitable_days
2024-10-13 00:00:00,33,2023-02,255.4,0.0,53855.4,profitable_days,profitable_days
2024-10-13 00:00:00,34,2023-03,255.4,0.0,53855.4,profitable_days,profitable_days
2024-10-13 00:00:00,39,2023-10,255.4,0.0,53855.4,profitable_days,profitable_days
2024-10-13 00:00:00,40,2023-10,255.4,0.0,53855.4,profitable_days,profitable_days
2024-10-13 00:00:00,41,2023-10,255.4,0.0,53855.4,profitable_days,profitable_days
2024-10-13 00:00:00,42,2023-10,255.4,0.0,53855.4,profitable_days,profitable_days
2024-10-14 00:00:00,17,2022-06,255.4,0.0,53855.4,profitable_days,profitable_days
2024-10-14 00:00:00,18,2022-06,255.4,0.0,53855.4,profitable_days,profitable_days
2024-10-14 00:00:00,19,2022-06,255.4,0.0,53855.4,profitable_days,profitable_days
2024-10-14 00:00:00,20,2022-06,255.4,0.0,53855.4,profitable_days,profitable_days
2024-10-14 00:00:00,21,2022-06,255.4,0.0,53855.4,profitable_days,profitable_days
2024-10-14 00:00:00,22,2022-06,255.4,0.0,53855.4,profitable_days,profitable_days
2024-10-14 00:00:00,23,2022-06,255.4,0.0,53855.4,profitable_days,profitable_days
2024-10-14 00:00:00,24,2022-07,255.4,0.0,53855.4,profitable_days,profitable_days
2024-10-14 00:00:00,25,2022-08,255.4,0.0,53855.4,profitable_days,profitable_days
2024-10-14 00:00:00,28,2022-11,255.4,0.0,53855.4,profitable_days,profitable_days
2024-10-14 00:00:00,29,2022-12,255.4,0.0,53855.4,profitable_days,profitable_days
2024-10-14 00:00:00,30,2023-01,255.4,0.0,53855.4,profitable_days,profitable_days
2024-10-14 00:00:00,31,2023-01,255.4,0.0,53855.4,profitable_days,profitable_days
2024-10-14 00:00:00,32,2023-01,255.4,0.0,53855.4,profitable_days,profitable_days
2024-10-14 00:00:00,33,2023-02,255.4,0.0,53855.4,profitable_days,profitable_days
2024-10-14 00:00:00,34,2023-03,255.4,0.0,53855.4,profitable_days,profitable_days
2024-10-14 00:00:00,39,2023-10,255.4,0.0,53855.4,profitable_days,profitable_days
2024-10-14 00:00:00,40,2023-10,255.4,0.0,53855.4,profitable_days,profitable_days
2024-10-14 00:00:00,41,2023-10,255.4,0.0,53855.4,profitable_days,profitable_days
2024-10-14 00:00:00,42,2023-10,255.4,0.0,53855.4,profitable_days,profitable_days
2024-11-08 00:00:00,17,2022-06,328.6,0.0,53928.6,trading_days,trading_days|profitable_days
2024-11-08 00:00:00,18,2022-06,328.6,0.0,53928.6,trading_days,trading_days|profitable_days
2024-11-08 00:00:00,19,2022-06,328.6,0.0,53928.6,trading_days,trading_days|profitable_days
2024-11-08 00:00:00,20,2022-06,328.6,0.0,53928.6,trading_days,trading_days|profitable_days
2024-11-08 00:00:00,21,2022-06,328.6,0.0,53928.6,trading_days,trading_days|profitable_days
2024-11-08 00:00:00,22,2022-06,328.6,0.0,53928.6,trading_days,trading_days|profitable_days
2024-11-08 00:00:00,23,2022-06,328.6,0.0,53928.6,trading_days,trading_days|profitable_days
2024-11-08 00:00:00,24,2022-07,328.6,0.0,53928.6,trading_days,trading_days|profitable_days
2024-11-08 00:00:00,25,2022-08,328.6,0.0,53928.6,trading_days,trading_days|profitable_days
2024-11-08 00:00:00,28,2022-11,328.6,0.0,53928.6,trading_days,trading_days|profitable_days
2024-11-08 00:00:00,29,2022-12,328.6,0.0,53928.6,trading_days,trading_days|profitable_days
2024-11-08 00:00:00,30,2023-01,328.6,0.0,53928.6,trading_days,trading_days|profitable_days
2024-11-08 00:00:00,31,2023-01,328.6,0.0,53928.6,trading_days,trading_days|profitable_days
2024-11-08 00:00:00,32,2023-01,328.6,0.0,53928.6,trading_days,trading_days|profitable_days
2024-11-08 00:00:00,33,2023-02,328.6,0.0,53928.6,trading_days,trading_days|profitable_days
2024-11-08 00:00:00,34,2023-03,328.6,0.0,53928.6,trading_days,trading_days|profitable_days
2024-11-08 00:00:00,39,2023-10,328.6,0.0,53928.6,trading_days,trading_days|profitable_days
2024-11-08 00:00:00,40,2023-10,328.6,0.0,53928.6,trading_days,trading_days|profitable_days
2024-11-08 00:00:00,41,2023-10,328.6,0.0,53928.6,trading_days,trading_days|profitable_days
2024-11-08 00:00:00,42,2023-10,328.6,0.0,53928.6,trading_days,trading_days|profitable_days
2024-11-09 00:00:00,17,2022-06,502.85,0.0,54102.85,trading_days,trading_days|profitable_days
2024-11-09 00:00:00,18,2022-06,502.85,0.0,54102.85,trading_days,trading_days|profitable_days
2024-11-09 00:00:00,19,2022-06,502.85,0.0,54102.85,trading_days,trading_days|profitable_days
2024-11-09 00:00:00,20,2022-06,502.85,0.0,54102.85,trading_days,trading_days|profitable_days
2024-11-09 00:00:00,21,2022-06,502.85,0.0,54102.85,trading_days,trading_days|profitable_days
2024-11-09 00:00:00,22,2022-06,502.85,0.0,54102.85,trading_days,trading_days|profitable_days
2024-11-09 00:00:00,23,2022-06,502.85,0.0,54102.85,trading_days,trading_days|profitable_days
2024-11-09 00:00:00,24,2022-07,502.85,0.0,54102.85,trading_days,trading_days|profitable_days
2024-11-09 00:00:00,25,2022-08,502.85,0.0,54102.85,trading_days,trading_days|profitable_days
2024-11-09 00:00:00,28,2022-11,502.85,0.0,54102.85,trading_days,trading_days|profitable_days
2024-11-09 00:00:00,29,2022-12,502.85,0.0,54102.85,trading_days,trading_days|profitable_days
2024-11-09 00:00:00,30,2023-01,502.85,0.0,54102.85,trading_days,trading_days|profitable_days
2024-11-09 00:00:00,31,2023-01,502.85,0.0,54102.85,trading_days,trading_days|profitable_days
2024-11-09 00:00:00,32,2023-01,502.85,0.0,54102.85,trading_days,trading_days|profitable_days
2024-11-09 00:00:00,33,2023-02,502.85,0.0,54102.85,trading_days,trading_days|profitable_days
2024-11-09 00:00:00,34,2023-03,502.85,0.0,54102.85,trading_days,trading_days|profitable_days
2024-11-09 00:00:00,39,2023-10,502.85,0.0,54102.85,trading_days,trading_days|profitable_days
2024-11-09 00:00:00,40,2023-10,502.85,0.0,54102.85,trading_days,trading_days|profitable_days
2024-11-09 00:00:00,41,2023-10,502.85,0.0,54102.85,trading_days,trading_days|profitable_days
2024-11-09 00:00:00,42,2023-10,502.85,0.0,54102.85,trading_days,trading_days|profitable_days
2024-11-10 00:00:00,17,2022-06,502.85,0.0,54102.85,trading_days,trading_days|profitable_days
2024-11-10 00:00:00,18,2022-06,502.85,0.0,54102.85,trading_days,trading_days|profitable_days
2024-11-10 00:00:00,19,2022-06,502.85,0.0,54102.85,trading_days,trading_days|profitable_days
2024-11-10 00:00:00,20,2022-06,502.85,0.0,54102.85,trading_days,trading_days|profitable_days
2024-11-10 00:00:00,21,2022-06,502.85,0.0,54102.85,trading_days,trading_days|profitable_days
2024-11-10 00:00:00,22,2022-06,502.85,0.0,54102.85,trading_days,trading_days|profitable_days
2024-11-10 00:00:00,23,2022-06,502.85,0.0,54102.85,trading_days,trading_days|profitable_days
2024-11-10 00:00:00,24,2022-07,502.85,0.0,54102.85,trading_days,trading_days|profitable_days
2024-11-10 00:00:00,25,2022-08,502.85,0.0,54102.85,trading_days,trading_days|profitable_days
2024-11-10 00:00:00,28,2022-11,502.85,0.0,54102.85,trading_days,trading_days|profitable_days
2024-11-10 00:00:00,29,2022-12,502.85,0.0,54102.85,trading_days,trading_days|profitable_days
2024-11-10 00:00:00,30,2023-01,502.85,0.0,54102.85,trading_days,trading_days|profitable_days
2024-11-10 00:00:00,31,2023-01,502.85,0.0,54102.85,trading_days,trading_days|profitable_days
2024-11-10 00:00:00,32,2023-01,502.85,0.0,54102.85,trading_days,trading_days|profitable_days
2024-11-10 00:00:00,33,2023-02,502.85,0.0,54102.85,trading_days,trading_days|profitable_days
2024-11-10 00:00:00,34,2023-03,502.85,0.0,54102.85,trading_days,trading_days|profitable_days
2024-11-10 00:00:00,39,2023-10,502.85,0.0,54102.85,trading_days,trading_days|profitable_days
2024-11-10 00:00:00,40,2023-10,502.85,0.0,54102.85,trading_days,trading_days|profitable_days
2024-11-10 00:00:00,41,2023-10,502.85,0.0,54102.85,trading_days,trading_days|profitable_days
2024-11-10 00:00:00,42,2023-10,502.85,0.0,54102.85,trading_days,trading_days|profitable_days
2024-11-11 00:00:00,17,2022-06,502.85,0.0,54102.85,trading_days,trading_days|profitable_days
2024-11-11 00:00:00,18,2022-06,502.85,0.0,54102.85,trading_days,trading_days|profitable_days
2024-11-11 00:00:00,19,2022-06,502.85,0.0,54102.85,trading_days,trading_days|profitable_days
2024-11-11 00:00:00,20,2022-06,502.85,0.0,54102.85,trading_days,trading_days|profitable_days
2024-11-11 00:00:00,21,2022-06,502.85,0.0,54102.85,trading_days,trading_days|profitable_days
2024-11-11 00:00:00,22,2022-06,502.85,0.0,54102.85,trading_days,trading_days|profitable_days
2024-11-11 00:00:00,23,2022-06,502.85,0.0,54102.85,trading_days,trading_days|profitable_days
2024-11-11 00:00:00,24,2022-07,502.85,0.0,54102.85,trading_days,trading_days|profitable_days
2024-11-11 00:00:00,25,2022-08,502.85,0.0,54102.85,trading_days,trading_days|profitable_days
2024-11-11 00:00:00,28,2022-11,502.85,0.0,54102.85,trading_days,trading_days|profitable_days
2024-11-11 00:00:00,29,2022-12,502.85,0.0,54102.85,trading_days,trading_days|profitable_days
2024-11-11 00:00:00,30,2023-01,502.85,0.0,54102.85,trading_days,trading_days|profitable_days
2024-11-11 00:00:00,31,2023-01,502.85,0.0,54102.85,trading_days,trading_days|profitable_days
2024-11-11 00:00:00,32,2023-01,502.85,0.0,54102.85,trading_days,trading_days|profitable_days
2024-11-11 00:00:00,33,2023-02,502.85,0.0,54102.85,trading_days,trading_days|profitable_days
2024-11-11 00:00:00,34,2023-03,502.85,0.0,54102.85,trading_days,trading_days|profitable_days
2024-11-11 00:00:00,39,2023-10,502.85,0.0,54102.85,trading_days,trading_days|profitable_days
2024-11-11 00:00:00,40,2023-10,502.85,0.0,54102.85,trading_days,trading_days|profitable_days
2024-11-11 00:00:00,41,2023-10,502.85,0.0,54102.85,trading_days,trading_days|profitable_days
2024-11-11 00:00:00,42,2023-10,502.85,0.0,54102.85,trading_days,trading_days|profitable_days
2024-11-12 00:00:00,17,2022-06,810.05,0.0,54410.05,trading_days,trading_days|profitable_days
2024-11-12 00:00:00,18,2022-06,810.05,0.0,54410.05,trading_days,trading_days|profitable_days
2024-11-12 00:00:00,19,2022-06,810.05,0.0,54410.05,trading_days,trading_days|profitable_days
2024-11-12 00:00:00,20,2022-06,810.05,0.0,54410.05,trading_days,trading_days|profitable_days
2024-11-12 00:00:00,21,2022-06,810.05,0.0,54410.05,trading_days,trading_days|profitable_days
2024-11-12 00:00:00,22,2022-06,810.05,0.0,54410.05,trading_days,trading_days|profitable_days
2024-11-12 00:00:00,23,2022-06,810.05,0.0,54410.05,trading_days,trading_days|profitable_days
2024-11-12 00:00:00,24,2022-07,810.05,0.0,54410.05,trading_days,trading_days|profitable_days
2024-11-12 00:00:00,25,2022-08,810.05,0.0,54410.05,trading_days,trading_days|profitable_days
2024-11-12 00:00:00,28,2022-11,810.05,0.0,54410.05,trading_days,trading_days|profitable_days
2024-11-12 00:00:00,29,2022-12,810.05,0.0,54410.05,trading_days,trading_days|profitable_days
2024-11-12 00:00:00,30,2023-01,810.05,0.0,54410.05,trading_days,trading_days|profitable_days
2024-11-12 00:00:00,31,2023-01,810.05,0.0,54410.05,trading_days,trading_days|profitable_days
2024-11-12 00:00:00,32,2023-01,810.05,0.0,54410.05,trading_days,trading_days|profitable_days
2024-11-12 00:00:00,33,2023-02,810.05,0.0,54410.05,trading_days,trading_days|profitable_days
2024-11-12 00:00:00,34,2023-03,810.05,0.0,54410.05,trading_days,trading_days|profitable_days
2024-11-12 00:00:00,39,2023-10,810.05,0.0,54410.05,trading_days,trading_days|profitable_days
2024-11-12 00:00:00,40,2023-10,810.05,0.0,54410.05,trading_days,trading_days|profitable_days
2024-11-12 00:00:00,41,2023-10,810.05,0.0,54410.05,trading_days,trading_days|profitable_days
2024-11-12 00:00:00,42,2023-10,810.05,0.0,54410.05,trading_days,trading_days|profitable_days
2024-11-13 00:00:00,17,2022-06,681.2,0.0,54281.2,trading_days,trading_days|profitable_days
2024-11-13 00:00:00,18,2022-06,681.2,0.0,54281.2,trading_days,trading_days|profitable_days
2024-11-13 00:00:00,19,2022-06,681.2,0.0,54281.2,trading_days,trading_days|profitable_days
2024-11-13 00:00:00,20,2022-06,681.2,0.0,54281.2,trading_days,trading_days|profitable_days
2024-11-13 00:00:00,21,2022-06,681.2,0.0,54281.2,trading_days,trading_days|profitable_days
2024-11-13 00:00:00,22,2022-06,681.2,0.0,54281.2,trading_days,trading_days|profitable_days
2024-11-13 00:00:00,23,2022-06,681.2,0.0,54281.2,trading_days,trading_days|profitable_days
2024-11-13 00:00:00,24,2022-07,681.2,0.0,54281.2,trading_days,trading_days|profitable_days
2024-11-13 00:00:00,25,2022-08,681.2,0.0,54281.2,trading_days,trading_days|profitable_days
2024-11-13 00:00:00,28,2022-11,681.2,0.0,54281.2,trading_days,trading_days|profitable_days
2024-11-13 00:00:00,29,2022-12,681.2,0.0,54281.2,trading_days,trading_days|profitable_days
2024-11-13 00:00:00,30,2023-01,681.2,0.0,54281.2,trading_days,trading_days|profitable_days
2024-11-13 00:00:00,31,2023-01,681.2,0.0,54281.2,trading_days,trading_days|profitable_days
2024-11-13 00:00:00,32,2023-01,681.2,0.0,54281.2,trading_days,trading_days|profitable_days
2024-11-13 00:00:00,33,2023-02,681.2,0.0,54281.2,trading_days,trading_days|profitable_days
2024-11-13 00:00:00,34,2023-03,681.2,0.0,54281.2,trading_days,trading_days|profitable_days
2024-11-13 00:00:00,39,2023-10,681.2,0.0,54281.2,trading_days,trading_days|profitable_days
2024-11-13 00:00:00,40,2023-10,681.2,0.0,54281.2,trading_days,trading_days|profitable_days
2024-11-13 00:00:00,41,2023-10,681.2,0.0,54281.2,trading_days,trading_days|profitable_days
2024-11-13 00:00:00,42,2023-10,681.2,0.0,54281.2,trading_days,trading_days|profitable_days
2024-11-14 00:00:00,17,2022-06,429.9,0.0,54029.9,trading_days,trading_days|profitable_days
2024-11-14 00:00:00,18,2022-06,429.9,0.0,54029.9,trading_days,trading_days|profitable_days
2024-11-14 00:00:00,19,2022-06,429.9,0.0,54029.9,trading_days,trading_days|profitable_days
2024-11-14 00:00:00,20,2022-06,429.9,0.0,54029.9,trading_days,trading_days|profitable_days
2024-11-14 00:00:00,21,2022-06,429.9,0.0,54029.9,trading_days,trading_days|profitable_days
2024-11-14 00:00:00,22,2022-06,429.9,0.0,54029.9,trading_days,trading_days|profitable_days
2024-11-14 00:00:00,23,2022-06,429.9,0.0,54029.9,trading_days,trading_days|profitable_days
2024-11-14 00:00:00,24,2022-07,429.9,0.0,54029.9,trading_days,trading_days|profitable_days
2024-11-14 00:00:00,25,2022-08,429.9,0.0,54029.9,trading_days,trading_days|profitable_days
2024-11-14 00:00:00,28,2022-11,429.9,0.0,54029.9,trading_days,trading_days|profitable_days
2024-11-14 00:00:00,29,2022-12,429.9,0.0,54029.9,trading_days,trading_days|profitable_days
2024-11-14 00:00:00,30,2023-01,429.9,0.0,54029.9,trading_days,trading_days|profitable_days
2024-11-14 00:00:00,31,2023-01,429.9,0.0,54029.9,trading_days,trading_days|profitable_days
2024-11-14 00:00:00,32,2023-01,429.9,0.0,54029.9,trading_days,trading_days|profitable_days
2024-11-14 00:00:00,33,2023-02,429.9,0.0,54029.9,trading_days,trading_days|profitable_days
2024-11-14 00:00:00,34,2023-03,429.9,0.0,54029.9,trading_days,trading_days|profitable_days
2024-11-14 00:00:00,39,2023-10,429.9,0.0,54029.9,trading_days,trading_days|profitable_days
2024-11-14 00:00:00,40,2023-10,429.9,0.0,54029.9,trading_days,trading_days|profitable_days
2024-11-14 00:00:00,41,2023-10,429.9,0.0,54029.9,trading_days,trading_days|profitable_days
2024-11-14 00:00:00,42,2023-10,429.9,0.0,54029.9,trading_days,trading_days|profitable_days
2024-11-15 00:00:00,17,2022-06,160.05,0.0,53760.05,trading_days,trading_days|profitable_days
2024-11-15 00:00:00,18,2022-06,160.05,0.0,53760.05,trading_days,trading_days|profitable_days
2024-11-15 00:00:00,19,2022-06,160.05,0.0,53760.05,trading_days,trading_days|profitable_days
2024-11-15 00:00:00,20,2022-06,160.05,0.0,53760.05,trading_days,trading_days|profitable_days
2024-11-15 00:00:00,21,2022-06,160.05,0.0,53760.05,trading_days,trading_days|profitable_days
2024-11-15 00:00:00,22,2022-06,160.05,0.0,53760.05,trading_days,trading_days|profitable_days
2024-11-15 00:00:00,23,2022-06,160.05,0.0,53760.05,trading_days,trading_days|profitable_days
2024-11-15 00:00:00,24,2022-07,160.05,0.0,53760.05,trading_days,trading_days|profitable_days
2024-11-15 00:00:00,25,2022-08,160.05,0.0,53760.05,trading_days,trading_days|profitable_days
2024-11-15 00:00:00,28,2022-11,160.05,0.0,53760.05,trading_days,trading_days|profitable_days
2024-11-15 00:00:00,29,2022-12,160.05,0.0,53760.05,trading_days,trading_days|profitable_days
2024-11-15 00:00:00,30,2023-01,160.05,0.0,53760.05,trading_days,trading_days|profitable_days
2024-11-15 00:00:00,31,2023-01,160.05,0.0,53760.05,trading_days,trading_days|profitable_days
2024-11-15 00:00:00,32,2023-01,160.05,0.0,53760.05,trading_days,trading_days|profitable_days
2024-11-15 00:00:00,33,2023-02,160.05,0.0,53760.05,trading_days,trading_days|profitable_days
2024-11-15 00:00:00,34,2023-03,160.05,0.0,53760.05,trading_days,trading_days|profitable_days
2024-11-15 00:00:00,39,2023-10,160.05,0.0,53760.05,trading_days,trading_days|profitable_days
2024-11-15 00:00:00,40,2023-10,160.05,0.0,53760.05,trading_days,trading_days|profitable_days
2024-11-15 00:00:00,41,2023-10,160.05,0.0,53760.05,trading_days,trading_days|profitable_days
2024-11-15 00:00:00,42,2023-10,160.05,0.0,53760.05,trading_days,trading_days|profitable_days
2024-11-16 00:00:00,17,2022-06,209.3,0.0,53809.3,trading_days,trading_days|profitable_days
2024-11-16 00:00:00,18,2022-06,209.3,0.0,53809.3,trading_days,trading_days|profitable_days
2024-11-16 00:00:00,19,2022-06,209.3,0.0,53809.3,trading_days,trading_days|profitable_days
2024-11-16 00:00:00,20,2022-06,209.3,0.0,53809.3,trading_days,trading_days|profitable_days
2024-11-16 00:00:00,21,2022-06,209.3,0.0,53809.3,trading_days,trading_days|profitable_days
2024-11-16 00:00:00,22,2022-06,209.3,0.0,53809.3,trading_days,trading_days|profitable_days
2024-11-16 00:00:00,23,2022-06,209.3,0.0,53809.3,trading_days,trading_days|profitable_days
2024-11-16 00:00:00,24,2022-07,209.3,0.0,53809.3,trading_days,trading_days|profitable_days
2024-11-16 00:00:00,25,2022-08,209.3,0.0,53809.3,trading_days,trading_days|profitable_days
2024-11-16 00:00:00,28,2022-11,209.3,0.0,53809.3,trading_days,trading_days|profitable_days
2024-11-16 00:00:00,29,2022-12,209.3,0.0,53809.3,trading_days,trading_days|profitable_days
2024-11-16 00:00:00,30,2023-01,209.3,0.0,53809.3,trading_days,trading_days|profitable_days
2024-11-16 00:00:00,31,2023-01,209.3,0.0,53809.3,trading_days,trading_days|profitable_days
2024-11-16 00:00:00,32,2023-01,209.3,0.0,53809.3,trading_days,trading_days|profitable_days
2024-11-16 00:00:00,33,2023-02,209.3,0.0,53809.3,trading_days,trading_days|profitable_days
2024-11-16 00:00:00,34,2023-03,209.3,0.0,53809.3,trading_days,trading_days|profitable_days
2024-11-16 00:00:00,39,2023-10,209.3,0.0,53809.3,trading_days,trading_days|profitable_days
2024-11-16 00:00:00,40,2023-10,209.3,0.0,53809.3,trading_days,trading_days|profitable_days
2024-11-16 00:00:00,41,2023-10,209.3,0.0,53809.3,trading_days,trading_days|profitable_days
2024-11-16 00:00:00,42,2023-10,209.3,0.0,53809.3,trading_days,trading_days|profitable_days
2024-11-17 00:00:00,17,2022-06,209.3,0.0,53809.3,trading_days,trading_days|profitable_days
2024-11-17 00:00:00,18,2022-06,209.3,0.0,53809.3,trading_days,trading_days|profitable_days
2024-11-17 00:00:00,19,2022-06,209.3,0.0,53809.3,trading_days,trading_days|profitable_days
2024-11-17 00:00:00,20,2022-06,209.3,0.0,53809.3,trading_days,trading_days|profitable_days
2024-11-17 00:00:00,21,2022-06,209.3,0.0,53809.3,trading_days,trading_days|profitable_days
2024-11-17 00:00:00,22,2022-06,209.3,0.0,53809.3,trading_days,trading_days|profitable_days
2024-11-17 00:00:00,23,2022-06,209.3,0.0,53809.3,trading_days,trading_days|profitable_days
2024-11-17 00:00:00,24,2022-07,209.3,0.0,53809.3,trading_days,trading_days|profitable_days
2024-11-17 00:00:00,25,2022-08,209.3,0.0,53809.3,trading_days,trading_days|profitable_days
2024-11-17 00:00:00,28,2022-11,209.3,0.0,53809.3,trading_days,trading_days|profitable_days
2024-11-17 00:00:00,29,2022-12,209.3,0.0,53809.3,trading_days,trading_days|profitable_days
2024-11-17 00:00:00,30,2023-01,209.3,0.0,53809.3,trading_days,trading_days|profitable_days
2024-11-17 00:00:00,31,2023-01,209.3,0.0,53809.3,trading_days,trading_days|profitable_days
2024-11-17 00:00:00,32,2023-01,209.3,0.0,53809.3,trading_days,trading_days|profitable_days
2024-11-17 00:00:00,33,2023-02,209.3,0.0,53809.3,trading_days,trading_days|profitable_days
2024-11-17 00:00:00,34,2023-03,209.3,0.0,53809.3,trading_days,trading_days|profitable_days
2024-11-17 00:00:00,39,2023-10,209.3,0.0,53809.3,trading_days,trading_days|profitable_days
2024-11-17 00:00:00,40,2023-10,209.3,0.0,53809.3,trading_days,trading_days|profitable_days
2024-11-17 00:00:00,41,2023-10,209.3,0.0,53809.3,trading_days,trading_days|profitable_days
2024-11-17 00:00:00,42,2023-10,209.3,0.0,53809.3,trading_days,trading_days|profitable_days
2024-11-18 00:00:00,17,2022-06,209.3,0.0,53809.3,trading_days,trading_days|profitable_days
2024-11-18 00:00:00,18,2022-06,209.3,0.0,53809.3,trading_days,trading_days|profitable_days
2024-11-18 00:00:00,19,2022-06,209.3,0.0,53809.3,trading_days,trading_days|profitable_days
2024-11-18 00:00:00,20,2022-06,209.3,0.0,53809.3,trading_days,trading_days|profitable_days
2024-11-18 00:00:00,21,2022-06,209.3,0.0,53809.3,trading_days,trading_days|profitable_days
2024-11-18 00:00:00,22,2022-06,209.3,0.0,53809.3,trading_days,trading_days|profitable_days
2024-11-18 00:00:00,23,2022-06,209.3,0.0,53809.3,trading_days,trading_days|profitable_days
2024-11-18 00:00:00,24,2022-07,209.3,0.0,53809.3,trading_days,trading_days|profitable_days
2024-11-18 00:00:00,25,2022-08,209.3,0.0,53809.3,trading_days,trading_days|profitable_days
2024-11-18 00:00:00,28,2022-11,209.3,0.0,53809.3,trading_days,trading_days|profitable_days
2024-11-18 00:00:00,29,2022-12,209.3,0.0,53809.3,trading_days,trading_days|profitable_days
2024-11-18 00:00:00,30,2023-01,209.3,0.0,53809.3,trading_days,trading_days|profitable_days
2024-11-18 00:00:00,31,2023-01,209.3,0.0,53809.3,trading_days,trading_days|profitable_days
2024-11-18 00:00:00,32,2023-01,209.3,0.0,53809.3,trading_days,trading_days|profitable_days
2024-11-18 00:00:00,33,2023-02,209.3,0.0,53809.3,trading_days,trading_days|profitable_days
2024-11-18 00:00:00,34,2023-03,209.3,0.0,53809.3,trading_days,trading_days|profitable_days
2024-11-18 00:00:00,39,2023-10,209.3,0.0,53809.3,trading_days,trading_days|profitable_days
2024-11-18 00:00:00,40,2023-10,209.3,0.0,53809.3,trading_days,trading_days|profitable_days
2024-11-18 00:00:00,41,2023-10,209.3,0.0,53809.3,trading_days,trading_days|profitable_days
2024-11-18 00:00:00,42,2023-10,209.3,0.0,53809.3,trading_days,trading_days|profitable_days
2024-11-19 00:00:00,17,2022-06,158.55,0.0,53758.55,profitable_days,profitable_days
2024-11-19 00:00:00,18,2022-06,158.55,0.0,53758.55,profitable_days,profitable_days
2024-11-19 00:00:00,19,2022-06,158.55,0.0,53758.55,profitable_days,profitable_days
2024-11-19 00:00:00,20,2022-06,158.55,0.0,53758.55,profitable_days,profitable_days
2024-11-19 00:00:00,21,2022-06,158.55,0.0,53758.55,profitable_days,profitable_days
2024-11-19 00:00:00,22,2022-06,158.55,0.0,53758.55,profitable_days,profitable_days
2024-11-19 00:00:00,23,2022-06,158.55,0.0,53758.55,profitable_days,profitable_days
2024-11-19 00:00:00,24,2022-07,158.55,0.0,53758.55,profitable_days,profitable_days
2024-11-19 00:00:00,25,2022-08,158.55,0.0,53758.55,profitable_days,profitable_days
2024-11-19 00:00:00,28,2022-11,158.55,0.0,53758.55,profitable_days,profitable_days
2024-11-19 00:00:00,29,2022-12,158.55,0.0,53758.55,profitable_days,profitable_days
2024-11-19 00:00:00,30,2023-01,158.55,0.0,53758.55,profitable_days,profitable_days
2024-11-19 00:00:00,31,2023-01,158.55,0.0,53758.55,profitable_days,profitable_days
2024-11-19 00:00:00,32,2023-01,158.55,0.0,53758.55,profitable_days,profitable_days
2024-11-19 00:00:00,33,2023-02,158.55,0.0,53758.55,profitable_days,profitable_days
2024-11-19 00:00:00,34,2023-03,158.55,0.0,53758.55,profitable_days,profitable_days
2024-11-19 00:00:00,39,2023-10,158.55,0.0,53758.55,profitable_days,profitable_days
2024-11-19 00:00:00,40,2023-10,158.55,0.0,53758.55,profitable_days,profitable_days
2024-11-19 00:00:00,41,2023-10,158.55,0.0,53758.55,profitable_days,profitable_days
2024-11-19 00:00:00,42,2023-10,158.55,0.0,53758.55,profitable_days,profitable_days
2024-11-20 00:00:00,17,2022-06,631.75,0.0,54231.75,profitable_days,profitable_days
2024-11-20 00:00:00,18,2022-06,631.75,0.0,54231.75,profitable_days,profitable_days
2024-11-20 00:00:00,19,2022-06,631.75,0.0,54231.75,profitable_days,profitable_days
2024-11-20 00:00:00,20,2022-06,631.75,0.0,54231.75,profitable_days,profitable_days
2024-11-20 00:00:00,21,2022-06,631.75,0.0,54231.75,profitable_days,profitable_days
2024-11-20 00:00:00,22,2022-06,631.75,0.0,54231.75,profitable_days,profitable_days
2024-11-20 00:00:00,23,2022-06,631.75,0.0,54231.75,profitable_days,profitable_days
2024-11-20 00:00:00,24,2022-07,631.75,0.0,54231.75,profitable_days,profitable_days
2024-11-20 00:00:00,25,2022-08,631.75,0.0,54231.75,profitable_days,profitable_days
2024-11-20 00:00:00,28,2022-11,631.75,0.0,54231.75,profitable_days,profitable_days
2024-11-20 00:00:00,29,2022-12,631.75,0.0,54231.75,profitable_days,profitable_days
2024-11-20 00:00:00,30,2023-01,631.75,0.0,54231.75,profitable_days,profitable_days
2024-11-20 00:00:00,31,2023-01,631.75,0.0,54231.75,profitable_days,profitable_days
2024-11-20 00:00:00,32,2023-01,631.75,0.0,54231.75,profitable_days,profitable_days
2024-11-20 00:00:00,33,2023-02,631.75,0.0,54231.75,profitable_days,profitable_days
2024-11-20 00:00:00,34,2023-03,631.75,0.0,54231.75,profitable_days,profitable_days
2024-11-20 00:00:00,39,2023-10,631.75,0.0,54231.75,profitable_days,profitable_days
2024-11-20 00:00:00,40,2023-10,631.75,0.0,54231.75,profitable_days,profitable_days
2024-11-20 00:00:00,41,2023-10,631.75,0.0,54231.75,profitable_days,profitable_days
2024-11-20 00:00:00,42,2023-10,631.75,0.0,54231.75,profitable_days,profitable_days
2024-11-22 00:00:00,17,2022-06,183.25,0.0,53783.25,trading_days,trading_days|profitable_days
2024-11-22 00:00:00,18,2022-06,183.25,0.0,53783.25,trading_days,trading_days|profitable_days
2024-11-22 00:00:00,19,2022-06,183.25,0.0,53783.25,trading_days,trading_days|profitable_days
2024-11-22 00:00:00,20,2022-06,183.25,0.0,53783.25,trading_days,trading_days|profitable_days
2024-11-22 00:00:00,21,2022-06,183.25,0.0,53783.25,trading_days,trading_days|profitable_days
2024-11-22 00:00:00,22,2022-06,183.25,0.0,53783.25,trading_days,trading_days|profitable_days
2024-11-22 00:00:00,23,2022-06,183.25,0.0,53783.25,trading_days,trading_days|profitable_days
2024-11-22 00:00:00,24,2022-07,183.25,0.0,53783.25,trading_days,trading_days|profitable_days
2024-11-22 00:00:00,25,2022-08,183.25,0.0,53783.25,trading_days,trading_days|profitable_days
2024-11-22 00:00:00,28,2022-11,183.25,0.0,53783.25,trading_days,trading_days|profitable_days
2024-11-22 00:00:00,29,2022-12,183.25,0.0,53783.25,trading_days,trading_days|profitable_days
2024-11-22 00:00:00,30,2023-01,183.25,0.0,53783.25,trading_days,trading_days|profitable_days
2024-11-22 00:00:00,31,2023-01,183.25,0.0,53783.25,trading_days,trading_days|profitable_days
2024-11-22 00:00:00,32,2023-01,183.25,0.0,53783.25,trading_days,trading_days|profitable_days
2024-11-22 00:00:00,33,2023-02,183.25,0.0,53783.25,trading_days,trading_days|profitable_days
2024-11-22 00:00:00,34,2023-03,183.25,0.0,53783.25,trading_days,trading_days|profitable_days
2024-11-22 00:00:00,39,2023-10,183.25,0.0,53783.25,trading_days,trading_days|profitable_days
2024-11-22 00:00:00,40,2023-10,183.25,0.0,53783.25,trading_days,trading_days|profitable_days
2024-11-22 00:00:00,41,2023-10,183.25,0.0,53783.25,trading_days,trading_days|profitable_days
2024-11-22 00:00:00,42,2023-10,183.25,0.0,53783.25,trading_days,trading_days|profitable_days
2024-11-23 00:00:00,17,2022-06,125.95,0.0,53725.95,trading_days,trading_days|profitable_days
2024-11-23 00:00:00,18,2022-06,125.95,0.0,53725.95,trading_days,trading_days|profitable_days
2024-11-23 00:00:00,19,2022-06,125.95,0.0,53725.95,trading_days,trading_days|profitable_days
2024-11-23 00:00:00,20,2022-06,125.95,0.0,53725.95,trading_days,trading_days|profitable_days
2024-11-23 00:00:00,21,2022-06,125.95,0.0,53725.95,trading_days,trading_days|profitable_days
2024-11-23 00:00:00,22,2022-06,125.95,0.0,53725.95,trading_days,trading_days|profitable_days
2024-11-23 00:00:00,23,2022-06,125.95,0.0,53725.95,trading_days,trading_days|profitable_days
2024-11-23 00:00:00,24,2022-07,125.95,0.0,53725.95,trading_days,trading_days|profitable_days
2024-11-23 00:00:00,25,2022-08,125.95,0.0,53725.95,trading_days,trading_days|profitable_days
2024-11-23 00:00:00,28,2022-11,125.95,0.0,53725.95,trading_days,trading_days|profitable_days
2024-11-23 00:00:00,29,2022-12,125.95,0.0,53725.95,trading_days,trading_days|profitable_days
2024-11-23 00:00:00,30,2023-01,125.95,0.0,53725.95,trading_days,trading_days|profitable_days
2024-11-23 00:00:00,31,2023-01,125.95,0.0,53725.95,trading_days,trading_days|profitable_days
2024-11-23 00:00:00,32,2023-01,125.95,0.0,53725.95,trading_days,trading_days|profitable_days
2024-11-23 00:00:00,33,2023-02,125.95,0.0,53725.95,trading_days,trading_days|profitable_days
2024-11-23 00:00:00,34,2023-03,125.95,0.0,53725.95,trading_days,trading_days|profitable_days
2024-11-23 00:00:00,39,2023-10,125.95,0.0,53725.95,trading_days,trading_days|profitable_days
2024-11-23 00:00:00,40,2023-10,125.95,0.0,53725.95,trading_days,trading_days|profitable_days
2024-11-23 00:00:00,41,2023-10,125.95,0.0,53725.95,trading_days,trading_days|profitable_days
2024-11-23 00:00:00,42,2023-10,125.95,0.0,53725.95,trading_days,trading_days|profitable_days
2024-11-24 00:00:00,17,2022-06,125.95,0.0,53725.95,trading_days,trading_days|profitable_days
2024-11-24 00:00:00,18,2022-06,125.95,0.0,53725.95,trading_days,trading_days|profitable_days
2024-11-24 00:00:00,19,2022-06,125.95,0.0,53725.95,trading_days,trading_days|profitable_days
2024-11-24 00:00:00,20,2022-06,125.95,0.0,53725.95,trading_days,trading_days|profitable_days
2024-11-24 00:00:00,21,2022-06,125.95,0.0,53725.95,trading_days,trading_days|profitable_days
2024-11-24 00:00:00,22,2022-06,125.95,0.0,53725.95,trading_days,trading_days|profitable_days
2024-11-24 00:00:00,23,2022-06,125.95,0.0,53725.95,trading_days,trading_days|profitable_days
2024-11-24 00:00:00,24,2022-07,125.95,0.0,53725.95,trading_days,trading_days|profitable_days
2024-11-24 00:00:00,25,2022-08,125.95,0.0,53725.95,trading_days,trading_days|profitable_days
2024-11-24 00:00:00,28,2022-11,125.95,0.0,53725.95,trading_days,trading_days|profitable_days
2024-11-24 00:00:00,29,2022-12,125.95,0.0,53725.95,trading_days,trading_days|profitable_days
2024-11-24 00:00:00,30,2023-01,125.95,0.0,53725.95,trading_days,trading_days|profitable_days
2024-11-24 00:00:00,31,2023-01,125.95,0.0,53725.95,trading_days,trading_days|profitable_days
2024-11-24 00:00:00,32,2023-01,125.95,0.0,53725.95,trading_days,trading_days|profitable_days
2024-11-24 00:00:00,33,2023-02,125.95,0.0,53725.95,trading_days,trading_days|profitable_days
2024-11-24 00:00:00,34,2023-03,125.95,0.0,53725.95,trading_days,trading_days|profitable_days
2024-11-24 00:00:00,39,2023-10,125.95,0.0,53725.95,trading_days,trading_days|profitable_days
2024-11-24 00:00:00,40,2023-10,125.95,0.0,53725.95,trading_days,trading_days|profitable_days
2024-11-24 00:00:00,41,2023-10,125.95,0.0,53725.95,trading_days,trading_days|profitable_days
2024-11-24 00:00:00,42,2023-10,125.95,0.0,53725.95,trading_days,trading_days|profitable_days
2024-11-25 00:00:00,17,2022-06,125.95,0.0,53725.95,trading_days,trading_days|profitable_days
2024-11-25 00:00:00,18,2022-06,125.95,0.0,53725.95,trading_days,trading_days|profitable_days
2024-11-25 00:00:00,19,2022-06,125.95,0.0,53725.95,trading_days,trading_days|profitable_days
2024-11-25 00:00:00,20,2022-06,125.95,0.0,53725.95,trading_days,trading_days|profitable_days
2024-11-25 00:00:00,21,2022-06,125.95,0.0,53725.95,trading_days,trading_days|profitable_days
2024-11-25 00:00:00,22,2022-06,125.95,0.0,53725.95,trading_days,trading_days|profitable_days
2024-11-25 00:00:00,23,2022-06,125.95,0.0,53725.95,trading_days,trading_days|profitable_days
2024-11-25 00:00:00,24,2022-07,125.95,0.0,53725.95,trading_days,trading_days|profitable_days
2024-11-25 00:00:00,25,2022-08,125.95,0.0,53725.95,trading_days,trading_days|profitable_days
2024-11-25 00:00:00,28,2022-11,125.95,0.0,53725.95,trading_days,trading_days|profitable_days
2024-11-25 00:00:00,29,2022-12,125.95,0.0,53725.95,trading_days,trading_days|profitable_days
2024-11-25 00:00:00,30,2023-01,125.95,0.0,53725.95,trading_days,trading_days|profitable_days
2024-11-25 00:00:00,31,2023-01,125.95,0.0,53725.95,trading_days,trading_days|profitable_days
2024-11-25 00:00:00,32,2023-01,125.95,0.0,53725.95,trading_days,trading_days|profitable_days
2024-11-25 00:00:00,33,2023-02,125.95,0.0,53725.95,trading_days,trading_days|profitable_days
2024-11-25 00:00:00,34,2023-03,125.95,0.0,53725.95,trading_days,trading_days|profitable_days
2024-11-25 00:00:00,39,2023-10,125.95,0.0,53725.95,trading_days,trading_days|profitable_days
2024-11-25 00:00:00,40,2023-10,125.95,0.0,53725.95,trading_days,trading_days|profitable_days
2024-11-25 00:00:00,41,2023-10,125.95,0.0,53725.95,trading_days,trading_days|profitable_days
2024-11-25 00:00:00,42,2023-10,125.95,0.0,53725.95,trading_days,trading_days|profitable_days
2024-11-26 00:00:00,17,2022-06,94.05,0.0,53694.05,trading_days,trading_days|profitable_days
2024-11-26 00:00:00,18,2022-06,94.05,0.0,53694.05,trading_days,trading_days|profitable_days
2024-11-26 00:00:00,19,2022-06,94.05,0.0,53694.05,trading_days,trading_days|profitable_days
2024-11-26 00:00:00,20,2022-06,94.05,0.0,53694.05,trading_days,trading_days|profitable_days
2024-11-26 00:00:00,21,2022-06,94.05,0.0,53694.05,trading_days,trading_days|profitable_days
2024-11-26 00:00:00,22,2022-06,94.05,0.0,53694.05,trading_days,trading_days|profitable_days
2024-11-26 00:00:00,23,2022-06,94.05,0.0,53694.05,trading_days,trading_days|profitable_days
2024-11-26 00:00:00,24,2022-07,94.05,0.0,53694.05,trading_days,trading_days|profitable_days
2024-11-26 00:00:00,25,2022-08,94.05,0.0,53694.05,trading_days,trading_days|profitable_days
2024-11-26 00:00:00,28,2022-11,94.05,0.0,53694.05,trading_days,trading_days|profitable_days
2024-11-26 00:00:00,29,2022-12,94.05,0.0,53694.05,trading_days,trading_days|profitable_days
2024-11-26 00:00:00,30,2023-01,94.05,0.0,53694.05,trading_days,trading_days|profitable_days
2024-11-26 00:00:00,31,2023-01,94.05,0.0,53694.05,trading_days,trading_days|profitable_days
2024-11-26 00:00:00,32,2023-01,94.05,0.0,53694.05,trading_days,trading_days|profitable_days
2024-11-26 00:00:00,33,2023-02,94.05,0.0,53694.05,trading_days,trading_days|profitable_days
2024-11-26 00:00:00,34,2023-03,94.05,0.0,53694.05,trading_days,trading_days|profitable_days
2024-11-26 00:00:00,39,2023-10,94.05,0.0,53694.05,trading_days,trading_days|profitable_days
2024-11-26 00:00:00,40,2023-10,94.05,0.0,53694.05,trading_days,trading_days|profitable_days
2024-11-26 00:00:00,41,2023-10,94.05,0.0,53694.05,trading_days,trading_days|profitable_days
2024-11-26 00:00:00,42,2023-10,94.05,0.0,53694.05,trading_days,trading_days|profitable_days
2024-12-17 00:00:00,17,2022-06,187.6,187.6,53787.6,minimum_payout,minimum_payout
2024-12-17 00:00:00,18,2022-06,187.6,187.6,53787.6,minimum_payout,minimum_payout
2024-12-17 00:00:00,19,2022-06,187.6,187.6,53787.6,minimum_payout,minimum_payout
2024-12-17 00:00:00,20,2022-06,187.6,187.6,53787.6,minimum_payout,minimum_payout
2024-12-17 00:00:00,21,2022-06,187.6,187.6,53787.6,minimum_payout,minimum_payout
2024-12-17 00:00:00,22,2022-06,187.6,187.6,53787.6,minimum_payout,minimum_payout
2024-12-17 00:00:00,23,2022-06,187.6,187.6,53787.6,minimum_payout,minimum_payout
2024-12-17 00:00:00,24,2022-07,187.6,187.6,53787.6,minimum_payout,minimum_payout
2024-12-17 00:00:00,25,2022-08,187.6,187.6,53787.6,minimum_payout,minimum_payout
2024-12-17 00:00:00,28,2022-11,187.6,187.6,53787.6,minimum_payout,minimum_payout
2024-12-17 00:00:00,29,2022-12,187.6,187.6,53787.6,minimum_payout,minimum_payout
2024-12-17 00:00:00,30,2023-01,187.6,187.6,53787.6,minimum_payout,minimum_payout
2024-12-17 00:00:00,31,2023-01,187.6,187.6,53787.6,minimum_payout,minimum_payout
2024-12-17 00:00:00,32,2023-01,187.6,187.6,53787.6,minimum_payout,minimum_payout
2024-12-17 00:00:00,33,2023-02,187.6,187.6,53787.6,minimum_payout,minimum_payout
2024-12-17 00:00:00,34,2023-03,187.6,187.6,53787.6,minimum_payout,minimum_payout
2024-12-17 00:00:00,39,2023-10,187.6,187.6,53787.6,minimum_payout,minimum_payout
2024-12-17 00:00:00,40,2023-10,187.6,187.6,53787.6,minimum_payout,minimum_payout
2024-12-17 00:00:00,41,2023-10,187.6,187.6,53787.6,minimum_payout,minimum_payout
2024-12-17 00:00:00,42,2023-10,187.6,187.6,53787.6,minimum_payout,minimum_payout
2024-12-18 00:00:00,17,2022-06,214.75,214.75,53814.75,minimum_payout,minimum_payout
2024-12-18 00:00:00,18,2022-06,214.75,214.75,53814.75,minimum_payout,minimum_payout
2024-12-18 00:00:00,19,2022-06,214.75,214.75,53814.75,minimum_payout,minimum_payout
2024-12-18 00:00:00,20,2022-06,214.75,214.75,53814.75,minimum_payout,minimum_payout
2024-12-18 00:00:00,21,2022-06,214.75,214.75,53814.75,minimum_payout,minimum_payout
2024-12-18 00:00:00,22,2022-06,214.75,214.75,53814.75,minimum_payout,minimum_payout
2024-12-18 00:00:00,23,2022-06,214.75,214.75,53814.75,minimum_payout,minimum_payout
2024-12-18 00:00:00,24,2022-07,214.75,214.75,53814.75,minimum_payout,minimum_payout
2024-12-18 00:00:00,25,2022-08,214.75,214.75,53814.75,minimum_payout,minimum_payout
2024-12-18 00:00:00,28,2022-11,214.75,214.75,53814.75,minimum_payout,minimum_payout
2024-12-18 00:00:00,29,2022-12,214.75,214.75,53814.75,minimum_payout,minimum_payout
2024-12-18 00:00:00,30,2023-01,214.75,214.75,53814.75,minimum_payout,minimum_payout
2024-12-18 00:00:00,31,2023-01,214.75,214.75,53814.75,minimum_payout,minimum_payout
2024-12-18 00:00:00,32,2023-01,214.75,214.75,53814.75,minimum_payout,minimum_payout
2024-12-18 00:00:00,33,2023-02,214.75,214.75,53814.75,minimum_payout,minimum_payout
2024-12-18 00:00:00,34,2023-03,214.75,214.75,53814.75,minimum_payout,minimum_payout
2024-12-18 00:00:00,39,2023-10,214.75,214.75,53814.75,minimum_payout,minimum_payout
2024-12-18 00:00:00,40,2023-10,214.75,214.75,53814.75,minimum_payout,minimum_payout
2024-12-18 00:00:00,41,2023-10,214.75,214.75,53814.75,minimum_payout,minimum_payout
2024-12-18 00:00:00,42,2023-10,214.75,214.75,53814.75,minimum_payout,minimum_payout
2024-12-19 00:00:00,17,2022-06,235.45,235.45,53835.45,minimum_payout,minimum_payout
2024-12-19 00:00:00,18,2022-06,235.45,235.45,53835.45,minimum_payout,minimum_payout
2024-12-19 00:00:00,19,2022-06,235.45,235.45,53835.45,minimum_payout,minimum_payout
2024-12-19 00:00:00,20,2022-06,235.45,235.45,53835.45,minimum_payout,minimum_payout
2024-12-19 00:00:00,21,2022-06,235.45,235.45,53835.45,minimum_payout,minimum_payout
2024-12-19 00:00:00,22,2022-06,235.45,235.45,53835.45,minimum_payout,minimum_payout
2024-12-19 00:00:00,23,2022-06,235.45,235.45,53835.45,minimum_payout,minimum_payout
2024-12-19 00:00:00,24,2022-07,235.45,235.45,53835.45,minimum_payout,minimum_payout
2024-12-19 00:00:00,25,2022-08,235.45,235.45,53835.45,minimum_payout,minimum_payout
2024-12-19 00:00:00,28,2022-11,235.45,235.45,53835.45,minimum_payout,minimum_payout
2024-12-19 00:00:00,29,2022-12,235.45,235.45,53835.45,minimum_payout,minimum_payout
2024-12-19 00:00:00,30,2023-01,235.45,235.45,53835.45,minimum_payout,minimum_payout
2024-12-19 00:00:00,31,2023-01,235.45,235.45,53835.45,minimum_payout,minimum_payout
2024-12-19 00:00:00,32,2023-01,235.45,235.45,53835.45,minimum_payout,minimum_payout
2024-12-19 00:00:00,33,2023-02,235.45,235.45,53835.45,minimum_payout,minimum_payout
2024-12-19 00:00:00,34,2023-03,235.45,235.45,53835.45,minimum_payout,minimum_payout
2024-12-19 00:00:00,39,2023-10,235.45,235.45,53835.45,minimum_payout,minimum_payout
2024-12-19 00:00:00,40,2023-10,235.45,235.45,53835.45,minimum_payout,minimum_payout
2024-12-19 00:00:00,41,2023-10,235.45,235.45,53835.45,minimum_payout,minimum_payout
2024-12-19 00:00:00,42,2023-10,235.45,235.45,53835.45,minimum_payout,minimum_payout
2024-12-20 00:00:00,17,2022-06,195.7,195.7,53795.7,minimum_payout,minimum_payout
2024-12-20 00:00:00,18,2022-06,195.7,195.7,53795.7,minimum_payout,minimum_payout
2024-12-20 00:00:00,19,2022-06,195.7,195.7,53795.7,minimum_payout,minimum_payout
2024-12-20 00:00:00,20,2022-06,195.7,195.7,53795.7,minimum_payout,minimum_payout
2024-12-20 00:00:00,21,2022-06,195.7,195.7,53795.7,minimum_payout,minimum_payout
2024-12-20 00:00:00,22,2022-06,195.7,195.7,53795.7,minimum_payout,minimum_payout
2024-12-20 00:00:00,23,2022-06,195.7,195.7,53795.7,minimum_payout,minimum_payout
2024-12-20 00:00:00,24,2022-07,195.7,195.7,53795.7,minimum_payout,minimum_payout
2024-12-20 00:00:00,25,2022-08,195.7,195.7,53795.7,minimum_payout,minimum_payout
2024-12-20 00:00:00,28,2022-11,195.7,195.7,53795.7,minimum_payout,minimum_payout
2024-12-20 00:00:00,29,2022-12,195.7,195.7,53795.7,minimum_payout,minimum_payout
2024-12-20 00:00:00,30,2023-01,195.7,195.7,53795.7,minimum_payout,minimum_payout
2024-12-20 00:00:00,31,2023-01,195.7,195.7,53795.7,minimum_payout,minimum_payout
2024-12-20 00:00:00,32,2023-01,195.7,195.7,53795.7,minimum_payout,minimum_payout
2024-12-20 00:00:00,33,2023-02,195.7,195.7,53795.7,minimum_payout,minimum_payout
2024-12-20 00:00:00,34,2023-03,195.7,195.7,53795.7,minimum_payout,minimum_payout
2024-12-20 00:00:00,39,2023-10,195.7,195.7,53795.7,minimum_payout,minimum_payout
2024-12-20 00:00:00,40,2023-10,195.7,195.7,53795.7,minimum_payout,minimum_payout
2024-12-20 00:00:00,41,2023-10,195.7,195.7,53795.7,minimum_payout,minimum_payout
2024-12-20 00:00:00,42,2023-10,195.7,195.7,53795.7,minimum_payout,minimum_payout
2024-12-21 00:00:00,17,2022-06,383.5,383.5,53983.5,minimum_payout,minimum_payout
2024-12-21 00:00:00,18,2022-06,383.5,383.5,53983.5,minimum_payout,minimum_payout
2024-12-21 00:00:00,19,2022-06,383.5,383.5,53983.5,minimum_payout,minimum_payout
2024-12-21 00:00:00,20,2022-06,383.5,383.5,53983.5,minimum_payout,minimum_payout
2024-12-21 00:00:00,21,2022-06,383.5,383.5,53983.5,minimum_payout,minimum_payout
2024-12-21 00:00:00,22,2022-06,383.5,383.5,53983.5,minimum_payout,minimum_payout
2024-12-21 00:00:00,23,2022-06,383.5,383.5,53983.5,minimum_payout,minimum_payout
2024-12-21 00:00:00,24,2022-07,383.5,383.5,53983.5,minimum_payout,minimum_payout
2024-12-21 00:00:00,25,2022-08,383.5,383.5,53983.5,minimum_payout,minimum_payout
2024-12-21 00:00:00,28,2022-11,383.5,383.5,53983.5,minimum_payout,minimum_payout
2024-12-21 00:00:00,29,2022-12,383.5,383.5,53983.5,minimum_payout,minimum_payout
2024-12-21 00:00:00,30,2023-01,383.5,383.5,53983.5,minimum_payout,minimum_payout
2024-12-21 00:00:00,31,2023-01,383.5,383.5,53983.5,minimum_payout,minimum_payout
2024-12-21 00:00:00,32,2023-01,383.5,383.5,53983.5,minimum_payout,minimum_payout
2024-12-21 00:00:00,33,2023-02,383.5,383.5,53983.5,minimum_payout,minimum_payout
2024-12-21 00:00:00,34,2023-03,383.5,383.5,53983.5,minimum_payout,minimum_payout
2024-12-21 00:00:00,39,2023-10,383.5,383.5,53983.5,minimum_payout,minimum_payout
2024-12-21 00:00:00,40,2023-10,383.5,383.5,53983.5,minimum_payout,minimum_payout
2024-12-21 00:00:00,41,2023-10,383.5,383.5,53983.5,minimum_payout,minimum_payout
2024-12-21 00:00:00,42,2023-10,383.5,383.5,53983.5,minimum_payout,minimum_payout
2024-12-22 00:00:00,17,2022-06,383.5,383.5,53983.5,minimum_payout,minimum_payout
2024-12-22 00:00:00,18,2022-06,383.5,383.5,53983.5,minimum_payout,minimum_payout
2024-12-22 00:00:00,19,2022-06,383.5,383.5,53983.5,minimum_payout,minimum_payout
2024-12-22 00:00:00,20,2022-06,383.5,383.5,53983.5,minimum_payout,minimum_payout
2024-12-22 00:00:00,21,2022-06,383.5,383.5,53983.5,minimum_payout,minimum_payout
2024-12-22 00:00:00,22,2022-06,383.5,383.5,53983.5,minimum_payout,minimum_payout
2024-12-22 00:00:00,23,2022-06,383.5,383.5,53983.5,minimum_payout,minimum_payout
2024-12-22 00:00:00,24,2022-07,383.5,383.5,53983.5,minimum_payout,minimum_payout
2024-12-22 00:00:00,25,2022-08,383.5,383.5,53983.5,minimum_payout,minimum_payout
2024-12-22 00:00:00,28,2022-11,383.5,383.5,53983.5,minimum_payout,minimum_payout
2024-12-22 00:00:00,29,2022-12,383.5,383.5,53983.5,minimum_payout,minimum_payout
2024-12-22 00:00:00,30,2023-01,383.5,383.5,53983.5,minimum_payout,minimum_payout
2024-12-22 00:00:00,31,2023-01,383.5,383.5,53983.5,minimum_payout,minimum_payout
2024-12-22 00:00:00,32,2023-01,383.5,383.5,53983.5,minimum_payout,minimum_payout
2024-12-22 00:00:00,33,2023-02,383.5,383.5,53983.5,minimum_payout,minimum_payout
2024-12-22 00:00:00,34,2023-03,383.5,383.5,53983.5,minimum_payout,minimum_payout
2024-12-22 00:00:00,39,2023-10,383.5,383.5,53983.5,minimum_payout,minimum_payout
2024-12-22 00:00:00,40,2023-10,383.5,383.5,53983.5,minimum_payout,minimum_payout
2024-12-22 00:00:00,41,2023-10,383.5,383.5,53983.5,minimum_payout,minimum_payout
2024-12-22 00:00:00,42,2023-10,383.5,383.5,53983.5,minimum_payout,minimum_payout
2024-12-23 00:00:00,17,2022-06,383.5,383.5,53983.5,minimum_payout,minimum_payout
2024-12-23 00:00:00,18,2022-06,383.5,383.5,53983.5,minimum_payout,minimum_payout
2024-12-23 00:00:00,19,2022-06,383.5,383.5,53983.5,minimum_payout,minimum_payout
2024-12-23 00:00:00,20,2022-06,383.5,383.5,53983.5,minimum_payout,minimum_payout
2024-12-23 00:00:00,21,2022-06,383.5,383.5,53983.5,minimum_payout,minimum_payout
2024-12-23 00:00:00,22,2022-06,383.5,383.5,53983.5,minimum_payout,minimum_payout
2024-12-23 00:00:00,23,2022-06,383.5,383.5,53983.5,minimum_payout,minimum_payout
2024-12-23 00:00:00,24,2022-07,383.5,383.5,53983.5,minimum_payout,minimum_payout
2024-12-23 00:00:00,25,2022-08,383.5,383.5,53983.5,minimum_payout,minimum_payout
2024-12-23 00:00:00,28,2022-11,383.5,383.5,53983.5,minimum_payout,minimum_payout
2024-12-23 00:00:00,29,2022-12,383.5,383.5,53983.5,minimum_payout,minimum_payout
2024-12-23 00:00:00,30,2023-01,383.5,383.5,53983.5,minimum_payout,minimum_payout
2024-12-23 00:00:00,31,2023-01,383.5,383.5,53983.5,minimum_payout,minimum_payout
2024-12-23 00:00:00,32,2023-01,383.5,383.5,53983.5,minimum_payout,minimum_payout
2024-12-23 00:00:00,33,2023-02,383.5,383.5,53983.5,minimum_payout,minimum_payout
2024-12-23 00:00:00,34,2023-03,383.5,383.5,53983.5,minimum_payout,minimum_payout
2024-12-23 00:00:00,39,2023-10,383.5,383.5,53983.5,minimum_payout,minimum_payout
2024-12-23 00:00:00,40,2023-10,383.5,383.5,53983.5,minimum_payout,minimum_payout
2024-12-23 00:00:00,41,2023-10,383.5,383.5,53983.5,minimum_payout,minimum_payout
2024-12-23 00:00:00,42,2023-10,383.5,383.5,53983.5,minimum_payout,minimum_payout
2024-12-24 00:00:00,17,2022-06,245.35,245.35,53845.35,minimum_payout,minimum_payout
2024-12-24 00:00:00,18,2022-06,245.35,245.35,53845.35,minimum_payout,minimum_payout
2024-12-24 00:00:00,19,2022-06,245.35,245.35,53845.35,minimum_payout,minimum_payout
2024-12-24 00:00:00,20,2022-06,245.35,245.35,53845.35,minimum_payout,minimum_payout
2024-12-24 00:00:00,21,2022-06,245.35,245.35,53845.35,minimum_payout,minimum_payout
2024-12-24 00:00:00,22,2022-06,245.35,245.35,53845.35,minimum_payout,minimum_payout
2024-12-24 00:00:00,23,2022-06,245.35,245.35,53845.35,minimum_payout,minimum_payout
2024-12-24 00:00:00,24,2022-07,245.35,245.35,53845.35,minimum_payout,minimum_payout
2024-12-24 00:00:00,25,2022-08,245.35,245.35,53845.35,minimum_payout,minimum_payout
2024-12-24 00:00:00,28,2022-11,245.35,245.35,53845.35,minimum_payout,minimum_payout
2024-12-24 00:00:00,29,2022-12,245.35,245.35,53845.35,minimum_payout,minimum_payout
2024-12-24 00:00:00,30,2023-01,245.35,245.35,53845.35,minimum_payout,minimum_payout
2024-12-24 00:00:00,31,2023-01,245.35,245.35,53845.35,minimum_payout,minimum_payout
2024-12-24 00:00:00,32,2023-01,245.35,245.35,53845.35,minimum_payout,minimum_payout
2024-12-24 00:00:00,33,2023-02,245.35,245.35,53845.35,minimum_payout,minimum_payout
2024-12-24 00:00:00,34,2023-03,245.35,245.35,53845.35,minimum_payout,minimum_payout
2024-12-24 00:00:00,39,2023-10,245.35,245.35,53845.35,minimum_payout,minimum_payout
2024-12-24 00:00:00,40,2023-10,245.35,245.35,53845.35,minimum_payout,minimum_payout
2024-12-24 00:00:00,41,2023-10,245.35,245.35,53845.35,minimum_payout,minimum_payout
2024-12-24 00:00:00,42,2023-10,245.35,245.35,53845.35,minimum_payout,minimum_payout
2024-12-25 00:00:00,17,2022-06,320.1,320.1,53920.1,minimum_payout,minimum_payout
2024-12-25 00:00:00,18,2022-06,320.1,320.1,53920.1,minimum_payout,minimum_payout
2024-12-25 00:00:00,19,2022-06,320.1,320.1,53920.1,minimum_payout,minimum_payout
2024-12-25 00:00:00,20,2022-06,320.1,320.1,53920.1,minimum_payout,minimum_payout
2024-12-25 00:00:00,21,2022-06,320.1,320.1,53920.1,minimum_payout,minimum_payout
2024-12-25 00:00:00,22,2022-06,320.1,320.1,53920.1,minimum_payout,minimum_payout
2024-12-25 00:00:00,23,2022-06,320.1,320.1,53920.1,minimum_payout,minimum_payout
2024-12-25 00:00:00,24,2022-07,320.1,320.1,53920.1,minimum_payout,minimum_payout
2024-12-25 00:00:00,25,2022-08,320.1,320.1,53920.1,minimum_payout,minimum_payout
2024-12-25 00:00:00,28,2022-11,320.1,320.1,53920.1,minimum_payout,minimum_payout
2024-12-25 00:00:00,29,2022-12,320.1,320.1,53920.1,minimum_payout,minimum_payout
2024-12-25 00:00:00,30,2023-01,320.1,320.1,53920.1,minimum_payout,minimum_payout
2024-12-25 00:00:00,31,2023-01,320.1,320.1,53920.1,minimum_payout,minimum_payout
2024-12-25 00:00:00,32,2023-01,320.1,320.1,53920.1,minimum_payout,minimum_payout
2024-12-25 00:00:00,33,2023-02,320.1,320.1,53920.1,minimum_payout,minimum_payout
2024-12-25 00:00:00,34,2023-03,320.1,320.1,53920.1,minimum_payout,minimum_payout
2024-12-25 00:00:00,39,2023-10,320.1,320.1,53920.1,minimum_payout,minimum_payout
2024-12-25 00:00:00,40,2023-10,320.1,320.1,53920.1,minimum_payout,minimum_payout
2024-12-25 00:00:00,41,2023-10,320.1,320.1,53920.1,minimum_payout,minimum_payout
2024-12-25 00:00:00,42,2023-10,320.1,320.1,53920.1,minimum_payout,minimum_payout
2024-12-26 00:00:00,17,2022-06,320.1,320.1,53920.1,minimum_payout,minimum_payout
2024-12-26 00:00:00,18,2022-06,320.1,320.1,53920.1,minimum_payout,minimum_payout
2024-12-26 00:00:00,19,2022-06,320.1,320.1,53920.1,minimum_payout,minimum_payout
2024-12-26 00:00:00,20,2022-06,320.1,320.1,53920.1,minimum_payout,minimum_payout
2024-12-26 00:00:00,21,2022-06,320.1,320.1,53920.1,minimum_payout,minimum_payout
2024-12-26 00:00:00,22,2022-06,320.1,320.1,53920.1,minimum_payout,minimum_payout
2024-12-26 00:00:00,23,2022-06,320.1,320.1,53920.1,minimum_payout,minimum_payout
2024-12-26 00:00:00,24,2022-07,320.1,320.1,53920.1,minimum_payout,minimum_payout
2024-12-26 00:00:00,25,2022-08,320.1,320.1,53920.1,minimum_payout,minimum_payout
2024-12-26 00:00:00,28,2022-11,320.1,320.1,53920.1,minimum_payout,minimum_payout
2024-12-26 00:00:00,29,2022-12,320.1,320.1,53920.1,minimum_payout,minimum_payout
2024-12-26 00:00:00,30,2023-01,320.1,320.1,53920.1,minimum_payout,minimum_payout
2024-12-26 00:00:00,31,2023-01,320.1,320.1,53920.1,minimum_payout,minimum_payout
2024-12-26 00:00:00,32,2023-01,320.1,320.1,53920.1,minimum_payout,minimum_payout
2024-12-26 00:00:00,33,2023-02,320.1,320.1,53920.1,minimum_payout,minimum_payout
2024-12-26 00:00:00,34,2023-03,320.1,320.1,53920.1,minimum_payout,minimum_payout
2024-12-26 00:00:00,39,2023-10,320.1,320.1,53920.1,minimum_payout,minimum_payout
2024-12-26 00:00:00,40,2023-10,320.1,320.1,53920.1,minimum_payout,minimum_payout
2024-12-26 00:00:00,41,2023-10,320.1,320.1,53920.1,minimum_payout,minimum_payout
2024-12-26 00:00:00,42,2023-10,320.1,320.1,53920.1,minimum_payout,minimum_payout
2024-12-27 00:00:00,17,2022-06,35.7,35.7,53635.7,minimum_payout,minimum_payout
2024-12-27 00:00:00,18,2022-06,35.7,35.7,53635.7,minimum_payout,minimum_payout
2024-12-27 00:00:00,19,2022-06,35.7,35.7,53635.7,minimum_payout,minimum_payout
2024-12-27 00:00:00,20,2022-06,35.7,35.7,53635.7,minimum_payout,minimum_payout
2024-12-27 00:00:00,21,2022-06,35.7,35.7,53635.7,minimum_payout,minimum_payout
2024-12-27 00:00:00,22,2022-06,35.7,35.7,53635.7,minimum_payout,minimum_payout
2024-12-27 00:00:00,23,2022-06,35.7,35.7,53635.7,minimum_payout,minimum_payout
2024-12-27 00:00:00,24,2022-07,35.7,35.7,53635.7,minimum_payout,minimum_payout
2024-12-27 00:00:00,25,2022-08,35.7,35.7,53635.7,minimum_payout,minimum_payout
2024-12-27 00:00:00,28,2022-11,35.7,35.7,53635.7,minimum_payout,minimum_payout
2024-12-27 00:00:00,29,2022-12,35.7,35.7,53635.7,minimum_payout,minimum_payout
2024-12-27 00:00:00,30,2023-01,35.7,35.7,53635.7,minimum_payout,minimum_payout
2024-12-27 00:00:00,31,2023-01,35.7,35.7,53635.7,minimum_payout,minimum_payout
2024-12-27 00:00:00,32,2023-01,35.7,35.7,53635.7,minimum_payout,minimum_payout
2024-12-27 00:00:00,33,2023-02,35.7,35.7,53635.7,minimum_payout,minimum_payout
2024-12-27 00:00:00,34,2023-03,35.7,35.7,53635.7,minimum_payout,minimum_payout
2024-12-27 00:00:00,39,2023-10,35.7,35.7,53635.7,minimum_payout,minimum_payout
2024-12-27 00:00:00,40,2023-10,35.7,35.7,53635.7,minimum_payout,minimum_payout
2024-12-27 00:00:00,41,2023-10,35.7,35.7,53635.7,minimum_payout,minimum_payout
2024-12-27 00:00:00,42,2023-10,35.7,35.7,53635.7,minimum_payout,minimum_payout
2024-12-28 00:00:00,17,2022-06,37.85,37.85,53637.85,minimum_payout,minimum_payout
2024-12-28 00:00:00,18,2022-06,37.85,37.85,53637.85,minimum_payout,minimum_payout
2024-12-28 00:00:00,19,2022-06,37.85,37.85,53637.85,minimum_payout,minimum_payout
2024-12-28 00:00:00,20,2022-06,37.85,37.85,53637.85,minimum_payout,minimum_payout
2024-12-28 00:00:00,21,2022-06,37.85,37.85,53637.85,minimum_payout,minimum_payout
2024-12-28 00:00:00,22,2022-06,37.85,37.85,53637.85,minimum_payout,minimum_payout
2024-12-28 00:00:00,23,2022-06,37.85,37.85,53637.85,minimum_payout,minimum_payout
2024-12-28 00:00:00,24,2022-07,37.85,37.85,53637.85,minimum_payout,minimum_payout
2024-12-28 00:00:00,25,2022-08,37.85,37.85,53637.85,minimum_payout,minimum_payout
2024-12-28 00:00:00,28,2022-11,37.85,37.85,53637.85,minimum_payout,minimum_payout
2024-12-28 00:00:00,29,2022-12,37.85,37.85,53637.85,minimum_payout,minimum_payout
2024-12-28 00:00:00,30,2023-01,37.85,37.85,53637.85,minimum_payout,minimum_payout
2024-12-28 00:00:00,31,2023-01,37.85,37.85,53637.85,minimum_payout,minimum_payout
2024-12-28 00:00:00,32,2023-01,37.85,37.85,53637.85,minimum_payout,minimum_payout
2024-12-28 00:00:00,33,2023-02,37.85,37.85,53637.85,minimum_payout,minimum_payout
2024-12-28 00:00:00,34,2023-03,37.85,37.85,53637.85,minimum_payout,minimum_payout
2024-12-28 00:00:00,39,2023-10,37.85,37.85,53637.85,minimum_payout,minimum_payout
2024-12-28 00:00:00,40,2023-10,37.85,37.85,53637.85,minimum_payout,minimum_payout
2024-12-28 00:00:00,41,2023-10,37.85,37.85,53637.85,minimum_payout,minimum_payout
2024-12-28 00:00:00,42,2023-10,37.85,37.85,53637.85,minimum_payout,minimum_payout
2024-12-29 00:00:00,17,2022-06,37.85,37.85,53637.85,minimum_payout,minimum_payout
2024-12-29 00:00:00,18,2022-06,37.85,37.85,53637.85,minimum_payout,minimum_payout
2024-12-29 00:00:00,19,2022-06,37.85,37.85,53637.85,minimum_payout,minimum_payout
2024-12-29 00:00:00,20,2022-06,37.85,37.85,53637.85,minimum_payout,minimum_payout
2024-12-29 00:00:00,21,2022-06,37.85,37.85,53637.85,minimum_payout,minimum_payout
2024-12-29 00:00:00,22,2022-06,37.85,37.85,53637.85,minimum_payout,minimum_payout
2024-12-29 00:00:00,23,2022-06,37.85,37.85,53637.85,minimum_payout,minimum_payout
2024-12-29 00:00:00,24,2022-07,37.85,37.85,53637.85,minimum_payout,minimum_payout
2024-12-29 00:00:00,25,2022-08,37.85,37.85,53637.85,minimum_payout,minimum_payout
2024-12-29 00:00:00,28,2022-11,37.85,37.85,53637.85,minimum_payout,minimum_payout
2024-12-29 00:00:00,29,2022-12,37.85,37.85,53637.85,minimum_payout,minimum_payout
2024-12-29 00:00:00,30,2023-01,37.85,37.85,53637.85,minimum_payout,minimum_payout
2024-12-29 00:00:00,31,2023-01,37.85,37.85,53637.85,minimum_payout,minimum_payout
2024-12-29 00:00:00,32,2023-01,37.85,37.85,53637.85,minimum_payout,minimum_payout
2024-12-29 00:00:00,33,2023-02,37.85,37.85,53637.85,minimum_payout,minimum_payout
2024-12-29 00:00:00,34,2023-03,37.85,37.85,53637.85,minimum_payout,minimum_payout
2024-12-29 00:00:00,39,2023-10,37.85,37.85,53637.85,minimum_payout,minimum_payout
2024-12-29 00:00:00,40,2023-10,37.85,37.85,53637.85,minimum_payout,minimum_payout
2024-12-29 00:00:00,41,2023-10,37.85,37.85,53637.85,minimum_payout,minimum_payout
2024-12-29 00:00:00,42,2023-10,37.85,37.85,53637.85,minimum_payout,minimum_payout
2024-12-30 00:00:00,17,2022-06,37.85,37.85,53637.85,minimum_payout,minimum_payout
2024-12-30 00:00:00,18,2022-06,37.85,37.85,53637.85,minimum_payout,minimum_payout
2024-12-30 00:00:00,19,2022-06,37.85,37.85,53637.85,minimum_payout,minimum_payout
2024-12-30 00:00:00,20,2022-06,37.85,37.85,53637.85,minimum_payout,minimum_payout
2024-12-30 00:00:00,21,2022-06,37.85,37.85,53637.85,minimum_payout,minimum_payout
2024-12-30 00:00:00,22,2022-06,37.85,37.85,53637.85,minimum_payout,minimum_payout
2024-12-30 00:00:00,23,2022-06,37.85,37.85,53637.85,minimum_payout,minimum_payout
2024-12-30 00:00:00,24,2022-07,37.85,37.85,53637.85,minimum_payout,minimum_payout
2024-12-30 00:00:00,25,2022-08,37.85,37.85,53637.85,minimum_payout,minimum_payout
2024-12-30 00:00:00,28,2022-11,37.85,37.85,53637.85,minimum_payout,minimum_payout
2024-12-30 00:00:00,29,2022-12,37.85,37.85,53637.85,minimum_payout,minimum_payout
2024-12-30 00:00:00,30,2023-01,37.85,37.85,53637.85,minimum_payout,minimum_payout
2024-12-30 00:00:00,31,2023-01,37.85,37.85,53637.85,minimum_payout,minimum_payout
2024-12-30 00:00:00,32,2023-01,37.85,37.85,53637.85,minimum_payout,minimum_payout
2024-12-30 00:00:00,33,2023-02,37.85,37.85,53637.85,minimum_payout,minimum_payout
2024-12-30 00:00:00,34,2023-03,37.85,37.85,53637.85,minimum_payout,minimum_payout
2024-12-30 00:00:00,39,2023-10,37.85,37.85,53637.85,minimum_payout,minimum_payout
2024-12-30 00:00:00,40,2023-10,37.85,37.85,53637.85,minimum_payout,minimum_payout
2024-12-30 00:00:00,41,2023-10,37.85,37.85,53637.85,minimum_payout,minimum_payout
2024-12-30 00:00:00,42,2023-10,37.85,37.85,53637.85,minimum_payout,minimum_payout
2025-01-07 00:00:00,17,2022-06,496.1,496.1,54096.1,minimum_payout,minimum_payout
2025-01-07 00:00:00,18,2022-06,496.1,496.1,54096.1,minimum_payout,minimum_payout
2025-01-07 00:00:00,19,2022-06,496.1,496.1,54096.1,minimum_payout,minimum_payout
2025-01-07 00:00:00,20,2022-06,496.1,496.1,54096.1,minimum_payout,minimum_payout
2025-01-07 00:00:00,21,2022-06,496.1,496.1,54096.1,minimum_payout,minimum_payout
2025-01-07 00:00:00,22,2022-06,496.1,496.1,54096.1,minimum_payout,minimum_payout
2025-01-07 00:00:00,23,2022-06,496.1,496.1,54096.1,minimum_payout,minimum_payout
2025-01-07 00:00:00,24,2022-07,496.1,496.1,54096.1,minimum_payout,minimum_payout
2025-01-07 00:00:00,25,2022-08,496.1,496.1,54096.1,minimum_payout,minimum_payout
2025-01-07 00:00:00,28,2022-11,496.1,496.1,54096.1,minimum_payout,minimum_payout
2025-01-07 00:00:00,29,2022-12,496.1,496.1,54096.1,minimum_payout,minimum_payout
2025-01-07 00:00:00,30,2023-01,496.1,496.1,54096.1,minimum_payout,minimum_payout
2025-01-07 00:00:00,31,2023-01,496.1,496.1,54096.1,minimum_payout,minimum_payout
2025-01-07 00:00:00,32,2023-01,496.1,496.1,54096.1,minimum_payout,minimum_payout
2025-01-07 00:00:00,33,2023-02,496.1,496.1,54096.1,minimum_payout,minimum_payout
2025-01-07 00:00:00,34,2023-03,496.1,496.1,54096.1,minimum_payout,minimum_payout
2025-01-07 00:00:00,39,2023-10,496.1,496.1,54096.1,minimum_payout,minimum_payout
2025-01-07 00:00:00,40,2023-10,496.1,496.1,54096.1,minimum_payout,minimum_payout
2025-01-07 00:00:00,41,2023-10,496.1,496.1,54096.1,minimum_payout,minimum_payout
2025-01-07 00:00:00,42,2023-10,496.1,496.1,54096.1,minimum_payout,minimum_payout
2025-01-11 00:00:00,17,2022-06,78.75,0.0,53678.75,trading_days,trading_days|profitable_days
2025-01-11 00:00:00,18,2022-06,78.75,0.0,53678.75,trading_days,trading_days|profitable_days
2025-01-11 00:00:00,19,2022-06,78.75,0.0,53678.75,trading_days,trading_days|profitable_days
2025-01-11 00:00:00,20,2022-06,78.75,0.0,53678.75,trading_days,trading_days|profitable_days
2025-01-11 00:00:00,21,2022-06,78.75,0.0,53678.75,trading_days,trading_days|profitable_days
2025-01-11 00:00:00,22,2022-06,78.75,0.0,53678.75,trading_days,trading_days|profitable_days
2025-01-11 00:00:00,23,2022-06,78.75,0.0,53678.75,trading_days,trading_days|profitable_days
2025-01-11 00:00:00,24,2022-07,78.75,0.0,53678.75,trading_days,trading_days|profitable_days
2025-01-11 00:00:00,25,2022-08,78.75,0.0,53678.75,trading_days,trading_days|profitable_days
2025-01-11 00:00:00,28,2022-11,78.75,0.0,53678.75,trading_days,trading_days|profitable_days
2025-01-11 00:00:00,29,2022-12,78.75,0.0,53678.75,trading_days,trading_days|profitable_days
2025-01-11 00:00:00,30,2023-01,78.75,0.0,53678.75,trading_days,trading_days|profitable_days
2025-01-11 00:00:00,31,2023-01,78.75,0.0,53678.75,trading_days,trading_days|profitable_days
2025-01-11 00:00:00,32,2023-01,78.75,0.0,53678.75,trading_days,trading_days|profitable_days
2025-01-11 00:00:00,33,2023-02,78.75,0.0,53678.75,trading_days,trading_days|profitable_days
2025-01-11 00:00:00,34,2023-03,78.75,0.0,53678.75,trading_days,trading_days|profitable_days
2025-01-11 00:00:00,39,2023-10,78.75,0.0,53678.75,trading_days,trading_days|profitable_days
2025-01-11 00:00:00,40,2023-10,78.75,0.0,53678.75,trading_days,trading_days|profitable_days
2025-01-11 00:00:00,41,2023-10,78.75,0.0,53678.75,trading_days,trading_days|profitable_days
2025-01-11 00:00:00,42,2023-10,78.75,0.0,53678.75,trading_days,trading_days|profitable_days
2025-01-12 00:00:00,17,2022-06,78.75,0.0,53678.75,trading_days,trading_days|profitable_days
2025-01-12 00:00:00,18,2022-06,78.75,0.0,53678.75,trading_days,trading_days|profitable_days
2025-01-12 00:00:00,19,2022-06,78.75,0.0,53678.75,trading_days,trading_days|profitable_days
2025-01-12 00:00:00,20,2022-06,78.75,0.0,53678.75,trading_days,trading_days|profitable_days
2025-01-12 00:00:00,21,2022-06,78.75,0.0,53678.75,trading_days,trading_days|profitable_days
2025-01-12 00:00:00,22,2022-06,78.75,0.0,53678.75,trading_days,trading_days|profitable_days
2025-01-12 00:00:00,23,2022-06,78.75,0.0,53678.75,trading_days,trading_days|profitable_days
2025-01-12 00:00:00,24,2022-07,78.75,0.0,53678.75,trading_days,trading_days|profitable_days
2025-01-12 00:00:00,25,2022-08,78.75,0.0,53678.75,trading_days,trading_days|profitable_days
2025-01-12 00:00:00,28,2022-11,78.75,0.0,53678.75,trading_days,trading_days|profitable_days
2025-01-12 00:00:00,29,2022-12,78.75,0.0,53678.75,trading_days,trading_days|profitable_days
2025-01-12 00:00:00,30,2023-01,78.75,0.0,53678.75,trading_days,trading_days|profitable_days
2025-01-12 00:00:00,31,2023-01,78.75,0.0,53678.75,trading_days,trading_days|profitable_days
2025-01-12 00:00:00,32,2023-01,78.75,0.0,53678.75,trading_days,trading_days|profitable_days
2025-01-12 00:00:00,33,2023-02,78.75,0.0,53678.75,trading_days,trading_days|profitable_days
2025-01-12 00:00:00,34,2023-03,78.75,0.0,53678.75,trading_days,trading_days|profitable_days
2025-01-12 00:00:00,39,2023-10,78.75,0.0,53678.75,trading_days,trading_days|profitable_days
2025-01-12 00:00:00,40,2023-10,78.75,0.0,53678.75,trading_days,trading_days|profitable_days
2025-01-12 00:00:00,41,2023-10,78.75,0.0,53678.75,trading_days,trading_days|profitable_days
2025-01-12 00:00:00,42,2023-10,78.75,0.0,53678.75,trading_days,trading_days|profitable_days
2025-01-13 00:00:00,17,2022-06,78.75,0.0,53678.75,trading_days,trading_days|profitable_days
2025-01-13 00:00:00,18,2022-06,78.75,0.0,53678.75,trading_days,trading_days|profitable_days
2025-01-13 00:00:00,19,2022-06,78.75,0.0,53678.75,trading_days,trading_days|profitable_days
2025-01-13 00:00:00,20,2022-06,78.75,0.0,53678.75,trading_days,trading_days|profitable_days
2025-01-13 00:00:00,21,2022-06,78.75,0.0,53678.75,trading_days,trading_days|profitable_days
2025-01-13 00:00:00,22,2022-06,78.75,0.0,53678.75,trading_days,trading_days|profitable_days
2025-01-13 00:00:00,23,2022-06,78.75,0.0,53678.75,trading_days,trading_days|profitable_days
2025-01-13 00:00:00,24,2022-07,78.75,0.0,53678.75,trading_days,trading_days|profitable_days
2025-01-13 00:00:00,25,2022-08,78.75,0.0,53678.75,trading_days,trading_days|profitable_days
2025-01-13 00:00:00,28,2022-11,78.75,0.0,53678.75,trading_days,trading_days|profitable_days
2025-01-13 00:00:00,29,2022-12,78.75,0.0,53678.75,trading_days,trading_days|profitable_days
2025-01-13 00:00:00,30,2023-01,78.75,0.0,53678.75,trading_days,trading_days|profitable_days
2025-01-13 00:00:00,31,2023-01,78.75,0.0,53678.75,trading_days,trading_days|profitable_days
2025-01-13 00:00:00,32,2023-01,78.75,0.0,53678.75,trading_days,trading_days|profitable_days
2025-01-13 00:00:00,33,2023-02,78.75,0.0,53678.75,trading_days,trading_days|profitable_days
2025-01-13 00:00:00,34,2023-03,78.75,0.0,53678.75,trading_days,trading_days|profitable_days
2025-01-13 00:00:00,39,2023-10,78.75,0.0,53678.75,trading_days,trading_days|profitable_days
2025-01-13 00:00:00,40,2023-10,78.75,0.0,53678.75,trading_days,trading_days|profitable_days
2025-01-13 00:00:00,41,2023-10,78.75,0.0,53678.75,trading_days,trading_days|profitable_days
2025-01-13 00:00:00,42,2023-10,78.75,0.0,53678.75,trading_days,trading_days|profitable_days
2025-01-14 00:00:00,17,2022-06,38.3,0.0,53638.3,trading_days,trading_days|profitable_days
2025-01-14 00:00:00,18,2022-06,38.3,0.0,53638.3,trading_days,trading_days|profitable_days
2025-01-14 00:00:00,19,2022-06,38.3,0.0,53638.3,trading_days,trading_days|profitable_days
2025-01-14 00:00:00,20,2022-06,38.3,0.0,53638.3,trading_days,trading_days|profitable_days
2025-01-14 00:00:00,21,2022-06,38.3,0.0,53638.3,trading_days,trading_days|profitable_days
2025-01-14 00:00:00,22,2022-06,38.3,0.0,53638.3,trading_days,trading_days|profitable_days
2025-01-14 00:00:00,23,2022-06,38.3,0.0,53638.3,trading_days,trading_days|profitable_days
2025-01-14 00:00:00,24,2022-07,38.3,0.0,53638.3,trading_days,trading_days|profitable_days
2025-01-14 00:00:00,25,2022-08,38.3,0.0,53638.3,trading_days,trading_days|profitable_days
2025-01-14 00:00:00,28,2022-11,38.3,0.0,53638.3,trading_days,trading_days|profitable_days
2025-01-14 00:00:00,29,2022-12,38.3,0.0,53638.3,trading_days,trading_days|profitable_days
2025-01-14 00:00:00,30,2023-01,38.3,0.0,53638.3,trading_days,trading_days|profitable_days
2025-01-14 00:00:00,31,2023-01,38.3,0.0,53638.3,trading_days,trading_days|profitable_days
2025-01-14 00:00:00,32,2023-01,38.3,0.0,53638.3,trading_days,trading_days|profitable_days
2025-01-14 00:00:00,33,2023-02,38.3,0.0,53638.3,trading_days,trading_days|profitable_days
2025-01-14 00:00:00,34,2023-03,38.3,0.0,53638.3,trading_days,trading_days|profitable_days
2025-01-14 00:00:00,39,2023-10,38.3,0.0,53638.3,trading_days,trading_days|profitable_days
2025-01-14 00:00:00,40,2023-10,38.3,0.0,53638.3,trading_days,trading_days|profitable_days
2025-01-14 00:00:00,41,2023-10,38.3,0.0,53638.3,trading_days,trading_days|profitable_days
2025-01-14 00:00:00,42,2023-10,38.3,0.0,53638.3,trading_days,trading_days|profitable_days
2025-01-15 00:00:00,17,2022-06,587.95,0.0,54187.95,trading_days,trading_days|profitable_days
2025-01-15 00:00:00,18,2022-06,587.95,0.0,54187.95,trading_days,trading_days|profitable_days
2025-01-15 00:00:00,19,2022-06,587.95,0.0,54187.95,trading_days,trading_days|profitable_days
2025-01-15 00:00:00,20,2022-06,587.95,0.0,54187.95,trading_days,trading_days|profitable_days
2025-01-15 00:00:00,21,2022-06,587.95,0.0,54187.95,trading_days,trading_days|profitable_days
2025-01-15 00:00:00,22,2022-06,587.95,0.0,54187.95,trading_days,trading_days|profitable_days
2025-01-15 00:00:00,23,2022-06,587.95,0.0,54187.95,trading_days,trading_days|profitable_days
2025-01-15 00:00:00,24,2022-07,587.95,0.0,54187.95,trading_days,trading_days|profitable_days
2025-01-15 00:00:00,25,2022-08,587.95,0.0,54187.95,trading_days,trading_days|profitable_days
2025-01-15 00:00:00,28,2022-11,587.95,0.0,54187.95,trading_days,trading_days|profitable_days
2025-01-15 00:00:00,29,2022-12,587.95,0.0,54187.95,trading_days,trading_days|profitable_days
2025-01-15 00:00:00,30,2023-01,587.95,0.0,54187.95,trading_days,trading_days|profitable_days
2025-01-15 00:00:00,31,2023-01,587.95,0.0,54187.95,trading_days,trading_days|profitable_days
2025-01-15 00:00:00,32,2023-01,587.95,0.0,54187.95,trading_days,trading_days|profitable_days
2025-01-15 00:00:00,33,2023-02,587.95,0.0,54187.95,trading_days,trading_days|profitable_days
2025-01-15 00:00:00,34,2023-03,587.95,0.0,54187.95,trading_days,trading_days|profitable_days
2025-01-15 00:00:00,39,2023-10,587.95,0.0,54187.95,trading_days,trading_days|profitable_days
2025-01-15 00:00:00,40,2023-10,587.95,0.0,54187.95,trading_days,trading_days|profitable_days
2025-01-15 00:00:00,41,2023-10,587.95,0.0,54187.95,trading_days,trading_days|profitable_days
2025-01-15 00:00:00,42,2023-10,587.95,0.0,54187.95,trading_days,trading_days|profitable_days
2025-01-16 00:00:00,17,2022-06,1761.9,0.0,55361.9,trading_days,trading_days|profitable_days
2025-01-16 00:00:00,18,2022-06,1761.9,0.0,55361.9,trading_days,trading_days|profitable_days
2025-01-16 00:00:00,19,2022-06,1761.9,0.0,55361.9,trading_days,trading_days|profitable_days
2025-01-16 00:00:00,20,2022-06,1761.9,0.0,55361.9,trading_days,trading_days|profitable_days
2025-01-16 00:00:00,21,2022-06,1761.9,0.0,55361.9,trading_days,trading_days|profitable_days
2025-01-16 00:00:00,22,2022-06,1761.9,0.0,55361.9,trading_days,trading_days|profitable_days
2025-01-16 00:00:00,23,2022-06,1761.9,0.0,55361.9,trading_days,trading_days|profitable_days
2025-01-16 00:00:00,24,2022-07,1761.9,0.0,55361.9,trading_days,trading_days|profitable_days
2025-01-16 00:00:00,25,2022-08,1761.9,0.0,55361.9,trading_days,trading_days|profitable_days
2025-01-16 00:00:00,28,2022-11,1761.9,0.0,55361.9,trading_days,trading_days|profitable_days
2025-01-16 00:00:00,29,2022-12,1761.9,0.0,55361.9,trading_days,trading_days|profitable_days
2025-01-16 00:00:00,30,2023-01,1761.9,0.0,55361.9,trading_days,trading_days|profitable_days
2025-01-16 00:00:00,31,2023-01,1761.9,0.0,55361.9,trading_days,trading_days|profitable_days
2025-01-16 00:00:00,32,2023-01,1761.9,0.0,55361.9,trading_days,trading_days|profitable_days
2025-01-16 00:00:00,33,2023-02,1761.9,0.0,55361.9,trading_days,trading_days|profitable_days
2025-01-16 00:00:00,34,2023-03,1761.9,0.0,55361.9,trading_days,trading_days|profitable_days
2025-01-16 00:00:00,39,2023-10,1761.9,0.0,55361.9,trading_days,trading_days|profitable_days
2025-01-16 00:00:00,40,2023-10,1761.9,0.0,55361.9,trading_days,trading_days|profitable_days
2025-01-16 00:00:00,41,2023-10,1761.9,0.0,55361.9,trading_days,trading_days|profitable_days
2025-01-16 00:00:00,42,2023-10,1761.9,0.0,55361.9,trading_days,trading_days|profitable_days
2025-01-17 00:00:00,17,2022-06,989.5,0.0,54589.5,trading_days,trading_days|profitable_days
2025-01-17 00:00:00,18,2022-06,989.5,0.0,54589.5,trading_days,trading_days|profitable_days
2025-01-17 00:00:00,19,2022-06,989.5,0.0,54589.5,trading_days,trading_days|profitable_days
2025-01-17 00:00:00,20,2022-06,989.5,0.0,54589.5,trading_days,trading_days|profitable_days
2025-01-17 00:00:00,21,2022-06,989.5,0.0,54589.5,trading_days,trading_days|profitable_days
2025-01-17 00:00:00,22,2022-06,989.5,0.0,54589.5,trading_days,trading_days|profitable_days
2025-01-17 00:00:00,23,2022-06,989.5,0.0,54589.5,trading_days,trading_days|profitable_days
2025-01-17 00:00:00,24,2022-07,989.5,0.0,54589.5,trading_days,trading_days|profitable_days
2025-01-17 00:00:00,25,2022-08,989.5,0.0,54589.5,trading_days,trading_days|profitable_days
2025-01-17 00:00:00,28,2022-11,989.5,0.0,54589.5,trading_days,trading_days|profitable_days
2025-01-17 00:00:00,29,2022-12,989.5,0.0,54589.5,trading_days,trading_days|profitable_days
2025-01-17 00:00:00,30,2023-01,989.5,0.0,54589.5,trading_days,trading_days|profitable_days
2025-01-17 00:00:00,31,2023-01,989.5,0.0,54589.5,trading_days,trading_days|profitable_days
2025-01-17 00:00:00,32,2023-01,989.5,0.0,54589.5,trading_days,trading_days|profitable_days
2025-01-17 00:00:00,33,2023-02,989.5,0.0,54589.5,trading_days,trading_days|profitable_days
2025-01-17 00:00:00,34,2023-03,989.5,0.0,54589.5,trading_days,trading_days|profitable_days
2025-01-17 00:00:00,39,2023-10,989.5,0.0,54589.5,trading_days,trading_days|profitable_days
2025-01-17 00:00:00,40,2023-10,989.5,0.0,54589.5,trading_days,trading_days|profitable_days
2025-01-17 00:00:00,41,2023-10,989.5,0.0,54589.5,trading_days,trading_days|profitable_days
2025-01-17 00:00:00,42,2023-10,989.5,0.0,54589.5,trading_days,trading_days|profitable_days
2025-01-18 00:00:00,17,2022-06,974.15,0.0,54574.15,profitable_days,profitable_days
2025-01-18 00:00:00,18,2022-06,974.15,0.0,54574.15,profitable_days,profitable_days
2025-01-18 00:00:00,19,2022-06,974.15,0.0,54574.15,profitable_days,profitable_days
2025-01-18 00:00:00,20,2022-06,974.15,0.0,54574.15,profitable_days,profitable_days
2025-01-18 00:00:00,21,2022-06,974.15,0.0,54574.15,profitable_days,profitable_days
2025-01-18 00:00:00,22,2022-06,974.15,0.0,54574.15,profitable_days,profitable_days
2025-01-18 00:00:00,23,2022-06,974.15,0.0,54574.15,profitable_days,profitable_days
2025-01-18 00:00:00,24,2022-07,974.15,0.0,54574.15,profitable_days,profitable_days
2025-01-18 00:00:00,25,2022-08,974.15,0.0,54574.15,profitable_days,profitable_days
2025-01-18 00:00:00,28,2022-11,974.15,0.0,54574.15,profitable_days,profitable_days
2025-01-18 00:00:00,29,2022-12,974.15,0.0,54574.15,profitable_days,profitable_days
2025-01-18 00:00:00,30,2023-01,974.15,0.0,54574.15,profitable_days,profitable_days
2025-01-18 00:00:00,31,2023-01,974.15,0.0,54574.15,profitable_days,profitable_days
2025-01-18 00:00:00,32,2023-01,974.15,0.0,54574.15,profitable_days,profitable_days
2025-01-18 00:00:00,33,2023-02,974.15,0.0,54574.15,profitable_days,profitable_days
2025-01-18 00:00:00,34,2023-03,974.15,0.0,54574.15,profitable_days,profitable_days
2025-01-18 00:00:00,39,2023-10,974.15,0.0,54574.15,profitable_days,profitable_days
2025-01-18 00:00:00,40,2023-10,974.15,0.0,54574.15,profitable_days,profitable_days
2025-01-18 00:00:00,41,2023-10,974.15,0.0,54574.15,profitable_days,profitable_days
2025-01-18 00:00:00,42,2023-10,974.15,0.0,54574.15,profitable_days,profitable_days
2025-01-19 00:00:00,17,2022-06,974.15,0.0,54574.15,profitable_days,profitable_days
2025-01-19 00:00:00,18,2022-06,974.15,0.0,54574.15,profitable_days,profitable_days
2025-01-19 00:00:00,19,2022-06,974.15,0.0,54574.15,profitable_days,profitable_days
2025-01-19 00:00:00,20,2022-06,974.15,0.0,54574.15,profitable_days,profitable_days
2025-01-19 00:00:00,21,2022-06,974.15,0.0,54574.15,profitable_days,profitable_days
2025-01-19 00:00:00,22,2022-06,974.15,0.0,54574.15,profitable_days,profitable_days
2025-01-19 00:00:00,23,2022-06,974.15,0.0,54574.15,profitable_days,profitable_days
2025-01-19 00:00:00,24,2022-07,974.15,0.0,54574.15,profitable_days,profitable_days
2025-01-19 00:00:00,25,2022-08,974.15,0.0,54574.15,profitable_days,profitable_days
2025-01-19 00:00:00,28,2022-11,974.15,0.0,54574.15,profitable_days,profitable_days
2025-01-19 00:00:00,29,2022-12,974.15,0.0,54574.15,profitable_days,profitable_days
2025-01-19 00:00:00,30,2023-01,974.15,0.0,54574.15,profitable_days,profitable_days
2025-01-19 00:00:00,31,2023-01,974.15,0.0,54574.15,profitable_days,profitable_days
2025-01-19 00:00:00,32,2023-01,974.15,0.0,54574.15,profitable_days,profitable_days
2025-01-19 00:00:00,33,2023-02,974.15,0.0,54574.15,profitable_days,profitable_days
2025-01-19 00:00:00,34,2023-03,974.15,0.0,54574.15,profitable_days,profitable_days
2025-01-19 00:00:00,39,2023-10,974.15,0.0,54574.15,profitable_days,profitable_days
2025-01-19 00:00:00,40,2023-10,974.15,0.0,54574.15,profitable_days,profitable_days
2025-01-19 00:00:00,41,2023-10,974.15,0.0,54574.15,profitable_days,profitable_days
2025-01-19 00:00:00,42,2023-10,974.15,0.0,54574.15,profitable_days,profitable_days
2025-01-20 00:00:00,17,2022-06,974.15,0.0,54574.15,profitable_days,profitable_days
2025-01-20 00:00:00,18,2022-06,974.15,0.0,54574.15,profitable_days,profitable_days
2025-01-20 00:00:00,19,2022-06,974.15,0.0,54574.15,profitable_days,profitable_days
2025-01-20 00:00:00,20,2022-06,974.15,0.0,54574.15,profitable_days,profitable_days
2025-01-20 00:00:00,21,2022-06,974.15,0.0,54574.15,profitable_days,profitable_days
2025-01-20 00:00:00,22,2022-06,974.15,0.0,54574.15,profitable_days,profitable_days
2025-01-20 00:00:00,23,2022-06,974.15,0.0,54574.15,profitable_days,profitable_days
2025-01-20 00:00:00,24,2022-07,974.15,0.0,54574.15,profitable_days,profitable_days
2025-01-20 00:00:00,25,2022-08,974.15,0.0,54574.15,profitable_days,profitable_days
2025-01-20 00:00:00,28,2022-11,974.15,0.0,54574.15,profitable_days,profitable_days
2025-01-20 00:00:00,29,2022-12,974.15,0.0,54574.15,profitable_days,profitable_days
2025-01-20 00:00:00,30,2023-01,974.15,0.0,54574.15,profitable_days,profitable_days
2025-01-20 00:00:00,31,2023-01,974.15,0.0,54574.15,profitable_days,profitable_days
2025-01-20 00:00:00,32,2023-01,974.15,0.0,54574.15,profitable_days,profitable_days
2025-01-20 00:00:00,33,2023-02,974.15,0.0,54574.15,profitable_days,profitable_days
2025-01-20 00:00:00,34,2023-03,974.15,0.0,54574.15,profitable_days,profitable_days
2025-01-20 00:00:00,39,2023-10,974.15,0.0,54574.15,profitable_days,profitable_days
2025-01-20 00:00:00,40,2023-10,974.15,0.0,54574.15,profitable_days,profitable_days
2025-01-20 00:00:00,41,2023-10,974.15,0.0,54574.15,profitable_days,profitable_days
2025-01-20 00:00:00,42,2023-10,974.15,0.0,54574.15,profitable_days,profitable_days
2025-01-21 00:00:00,17,2022-06,1189.35,0.0,54789.35,profitable_days,profitable_days
2025-01-21 00:00:00,18,2022-06,1189.35,0.0,54789.35,profitable_days,profitable_days
2025-01-21 00:00:00,19,2022-06,1189.35,0.0,54789.35,profitable_days,profitable_days
2025-01-21 00:00:00,20,2022-06,1189.35,0.0,54789.35,profitable_days,profitable_days
2025-01-21 00:00:00,21,2022-06,1189.35,0.0,54789.35,profitable_days,profitable_days
2025-01-21 00:00:00,22,2022-06,1189.35,0.0,54789.35,profitable_days,profitable_days
2025-01-21 00:00:00,23,2022-06,1189.35,0.0,54789.35,profitable_days,profitable_days
2025-01-21 00:00:00,24,2022-07,1189.35,0.0,54789.35,profitable_days,profitable_days
2025-01-21 00:00:00,25,2022-08,1189.35,0.0,54789.35,profitable_days,profitable_days
2025-01-21 00:00:00,28,2022-11,1189.35,0.0,54789.35,profitable_days,profitable_days
2025-01-21 00:00:00,29,2022-12,1189.35,0.0,54789.35,profitable_days,profitable_days
2025-01-21 00:00:00,30,2023-01,1189.35,0.0,54789.35,profitable_days,profitable_days
2025-01-21 00:00:00,31,2023-01,1189.35,0.0,54789.35,profitable_days,profitable_days
2025-01-21 00:00:00,32,2023-01,1189.35,0.0,54789.35,profitable_days,profitable_days
2025-01-21 00:00:00,33,2023-02,1189.35,0.0,54789.35,profitable_days,profitable_days
2025-01-21 00:00:00,34,2023-03,1189.35,0.0,54789.35,profitable_days,profitable_days
2025-01-21 00:00:00,39,2023-10,1189.35,0.0,54789.35,profitable_days,profitable_days
2025-01-21 00:00:00,40,2023-10,1189.35,0.0,54789.35,profitable_days,profitable_days
2025-01-21 00:00:00,41,2023-10,1189.35,0.0,54789.35,profitable_days,profitable_days
2025-01-21 00:00:00,42,2023-10,1189.35,0.0,54789.35,profitable_days,profitable_days
2025-01-23 00:00:00,17,2022-06,209.5,0.0,53809.5,trading_days,trading_days|profitable_days
2025-01-23 00:00:00,18,2022-06,209.5,0.0,53809.5,trading_days,trading_days|profitable_days
2025-01-23 00:00:00,19,2022-06,209.5,0.0,53809.5,trading_days,trading_days|profitable_days
2025-01-23 00:00:00,20,2022-06,209.5,0.0,53809.5,trading_days,trading_days|profitable_days
2025-01-23 00:00:00,21,2022-06,209.5,0.0,53809.5,trading_days,trading_days|profitable_days
2025-01-23 00:00:00,22,2022-06,209.5,0.0,53809.5,trading_days,trading_days|profitable_days
2025-01-23 00:00:00,23,2022-06,209.5,0.0,53809.5,trading_days,trading_days|profitable_days
2025-01-23 00:00:00,24,2022-07,209.5,0.0,53809.5,trading_days,trading_days|profitable_days
2025-01-23 00:00:00,25,2022-08,209.5,0.0,53809.5,trading_days,trading_days|profitable_days
2025-01-23 00:00:00,28,2022-11,209.5,0.0,53809.5,trading_days,trading_days|profitable_days
2025-01-23 00:00:00,29,2022-12,209.5,0.0,53809.5,trading_days,trading_days|profitable_days
2025-01-23 00:00:00,30,2023-01,209.5,0.0,53809.5,trading_days,trading_days|profitable_days
2025-01-23 00:00:00,31,2023-01,209.5,0.0,53809.5,trading_days,trading_days|profitable_days
2025-01-23 00:00:00,32,2023-01,209.5,0.0,53809.5,trading_days,trading_days|profitable_days
2025-01-23 00:00:00,33,2023-02,209.5,0.0,53809.5,trading_days,trading_days|profitable_days
2025-01-23 00:00:00,34,2023-03,209.5,0.0,53809.5,trading_days,trading_days|profitable_days
2025-01-23 00:00:00,39,2023-10,209.5,0.0,53809.5,trading_days,trading_days|profitable_days
2025-01-23 00:00:00,40,2023-10,209.5,0.0,53809.5,trading_days,trading_days|profitable_days
2025-01-23 00:00:00,41,2023-10,209.5,0.0,53809.5,trading_days,trading_days|profitable_days
2025-01-23 00:00:00,42,2023-10,209.5,0.0,53809.5,trading_days,trading_days|profitable_days
2025-01-24 00:00:00,17,2022-06,81.5,0.0,53681.5,trading_days,trading_days|profitable_days
2025-01-24 00:00:00,18,2022-06,81.5,0.0,53681.5,trading_days,trading_days|profitable_days
2025-01-24 00:00:00,19,2022-06,81.5,0.0,53681.5,trading_days,trading_days|profitable_days
2025-01-24 00:00:00,20,2022-06,81.5,0.0,53681.5,trading_days,trading_days|profitable_days
2025-01-24 00:00:00,21,2022-06,81.5,0.0,53681.5,trading_days,trading_days|profitable_days
2025-01-24 00:00:00,22,2022-06,81.5,0.0,53681.5,trading_days,trading_days|profitable_days
2025-01-24 00:00:00,23,2022-06,81.5,0.0,53681.5,trading_days,trading_days|profitable_days
2025-01-24 00:00:00,24,2022-07,81.5,0.0,53681.5,trading_days,trading_days|profitable_days
2025-01-24 00:00:00,25,2022-08,81.5,0.0,53681.5,trading_days,trading_days|profitable_days
2025-01-24 00:00:00,28,2022-11,81.5,0.0,53681.5,trading_days,trading_days|profitable_days
2025-01-24 00:00:00,29,2022-12,81.5,0.0,53681.5,trading_days,trading_days|profitable_days
2025-01-24 00:00:00,30,2023-01,81.5,0.0,53681.5,trading_days,trading_days|profitable_days
2025-01-24 00:00:00,31,2023-01,81.5,0.0,53681.5,trading_days,trading_days|profitable_days
2025-01-24 00:00:00,32,2023-01,81.5,0.0,53681.5,trading_days,trading_days|profitable_days
2025-01-24 00:00:00,33,2023-02,81.5,0.0,53681.5,trading_days,trading_days|profitable_days
2025-01-24 00:00:00,34,2023-03,81.5,0.0,53681.5,trading_days,trading_days|profitable_days
2025-01-24 00:00:00,39,2023-10,81.5,0.0,53681.5,trading_days,trading_days|profitable_days
2025-01-24 00:00:00,40,2023-10,81.5,0.0,53681.5,trading_days,trading_days|profitable_days
2025-01-24 00:00:00,41,2023-10,81.5,0.0,53681.5,trading_days,trading_days|profitable_days
2025-01-24 00:00:00,42,2023-10,81.5,0.0,53681.5,trading_days,trading_days|profitable_days
2025-01-25 00:00:00,17,2022-06,239.1,0.0,53839.1,trading_days,trading_days|profitable_days
2025-01-25 00:00:00,18,2022-06,239.1,0.0,53839.1,trading_days,trading_days|profitable_days
2025-01-25 00:00:00,19,2022-06,239.1,0.0,53839.1,trading_days,trading_days|profitable_days
2025-01-25 00:00:00,20,2022-06,239.1,0.0,53839.1,trading_days,trading_days|profitable_days
2025-01-25 00:00:00,21,2022-06,239.1,0.0,53839.1,trading_days,trading_days|profitable_days
2025-01-25 00:00:00,22,2022-06,239.1,0.0,53839.1,trading_days,trading_days|profitable_days
2025-01-25 00:00:00,23,2022-06,239.1,0.0,53839.1,trading_days,trading_days|profitable_days
2025-01-25 00:00:00,24,2022-07,239.1,0.0,53839.1,trading_days,trading_days|profitable_days
2025-01-25 00:00:00,25,2022-08,239.1,0.0,53839.1,trading_days,trading_days|profitable_days
2025-01-25 00:00:00,28,2022-11,239.1,0.0,53839.1,trading_days,trading_days|profitable_days
2025-01-25 00:00:00,29,2022-12,239.1,0.0,53839.1,trading_days,trading_days|profitable_days
2025-01-25 00:00:00,30,2023-01,239.1,0.0,53839.1,trading_days,trading_days|profitable_days
2025-01-25 00:00:00,31,2023-01,239.1,0.0,53839.1,trading_days,trading_days|profitable_days
2025-01-25 00:00:00,32,2023-01,239.1,0.0,53839.1,trading_days,trading_days|profitable_days
2025-01-25 00:00:00,33,2023-02,239.1,0.0,53839.1,trading_days,trading_days|profitable_days
2025-01-25 00:00:00,34,2023-03,239.1,0.0,53839.1,trading_days,trading_days|profitable_days
2025-01-25 00:00:00,39,2023-10,239.1,0.0,53839.1,trading_days,trading_days|profitable_days
2025-01-25 00:00:00,40,2023-10,239.1,0.0,53839.1,trading_days,trading_days|profitable_days
2025-01-25 00:00:00,41,2023-10,239.1,0.0,53839.1,trading_days,trading_days|profitable_days
2025-01-25 00:00:00,42,2023-10,239.1,0.0,53839.1,trading_days,trading_days|profitable_days
2025-01-26 00:00:00,17,2022-06,239.1,0.0,53839.1,trading_days,trading_days|profitable_days
2025-01-26 00:00:00,18,2022-06,239.1,0.0,53839.1,trading_days,trading_days|profitable_days
2025-01-26 00:00:00,19,2022-06,239.1,0.0,53839.1,trading_days,trading_days|profitable_days
2025-01-26 00:00:00,20,2022-06,239.1,0.0,53839.1,trading_days,trading_days|profitable_days
2025-01-26 00:00:00,21,2022-06,239.1,0.0,53839.1,trading_days,trading_days|profitable_days
2025-01-26 00:00:00,22,2022-06,239.1,0.0,53839.1,trading_days,trading_days|profitable_days
2025-01-26 00:00:00,23,2022-06,239.1,0.0,53839.1,trading_days,trading_days|profitable_days
2025-01-26 00:00:00,24,2022-07,239.1,0.0,53839.1,trading_days,trading_days|profitable_days
2025-01-26 00:00:00,25,2022-08,239.1,0.0,53839.1,trading_days,trading_days|profitable_days
2025-01-26 00:00:00,28,2022-11,239.1,0.0,53839.1,trading_days,trading_days|profitable_days
2025-01-26 00:00:00,29,2022-12,239.1,0.0,53839.1,trading_days,trading_days|profitable_days
2025-01-26 00:00:00,30,2023-01,239.1,0.0,53839.1,trading_days,trading_days|profitable_days
2025-01-26 00:00:00,31,2023-01,239.1,0.0,53839.1,trading_days,trading_days|profitable_days
2025-01-26 00:00:00,32,2023-01,239.1,0.0,53839.1,trading_days,trading_days|profitable_days
2025-01-26 00:00:00,33,2023-02,239.1,0.0,53839.1,trading_days,trading_days|profitable_days
2025-01-26 00:00:00,34,2023-03,239.1,0.0,53839.1,trading_days,trading_days|profitable_days
2025-01-26 00:00:00,39,2023-10,239.1,0.0,53839.1,trading_days,trading_days|profitable_days
2025-01-26 00:00:00,40,2023-10,239.1,0.0,53839.1,trading_days,trading_days|profitable_days
2025-01-26 00:00:00,41,2023-10,239.1,0.0,53839.1,trading_days,trading_days|profitable_days
2025-01-26 00:00:00,42,2023-10,239.1,0.0,53839.1,trading_days,trading_days|profitable_days
2025-01-27 00:00:00,17,2022-06,239.1,0.0,53839.1,trading_days,trading_days|profitable_days
2025-01-27 00:00:00,18,2022-06,239.1,0.0,53839.1,trading_days,trading_days|profitable_days
2025-01-27 00:00:00,19,2022-06,239.1,0.0,53839.1,trading_days,trading_days|profitable_days
2025-01-27 00:00:00,20,2022-06,239.1,0.0,53839.1,trading_days,trading_days|profitable_days
2025-01-27 00:00:00,21,2022-06,239.1,0.0,53839.1,trading_days,trading_days|profitable_days
2025-01-27 00:00:00,22,2022-06,239.1,0.0,53839.1,trading_days,trading_days|profitable_days
2025-01-27 00:00:00,23,2022-06,239.1,0.0,53839.1,trading_days,trading_days|profitable_days
2025-01-27 00:00:00,24,2022-07,239.1,0.0,53839.1,trading_days,trading_days|profitable_days
2025-01-27 00:00:00,25,2022-08,239.1,0.0,53839.1,trading_days,trading_days|profitable_days
2025-01-27 00:00:00,28,2022-11,239.1,0.0,53839.1,trading_days,trading_days|profitable_days
2025-01-27 00:00:00,29,2022-12,239.1,0.0,53839.1,trading_days,trading_days|profitable_days
2025-01-27 00:00:00,30,2023-01,239.1,0.0,53839.1,trading_days,trading_days|profitable_days
2025-01-27 00:00:00,31,2023-01,239.1,0.0,53839.1,trading_days,trading_days|profitable_days
2025-01-27 00:00:00,32,2023-01,239.1,0.0,53839.1,trading_days,trading_days|profitable_days
2025-01-27 00:00:00,33,2023-02,239.1,0.0,53839.1,trading_days,trading_days|profitable_days
2025-01-27 00:00:00,34,2023-03,239.1,0.0,53839.1,trading_days,trading_days|profitable_days
2025-01-27 00:00:00,39,2023-10,239.1,0.0,53839.1,trading_days,trading_days|profitable_days
2025-01-27 00:00:00,40,2023-10,239.1,0.0,53839.1,trading_days,trading_days|profitable_days
2025-01-27 00:00:00,41,2023-10,239.1,0.0,53839.1,trading_days,trading_days|profitable_days
2025-01-27 00:00:00,42,2023-10,239.1,0.0,53839.1,trading_days,trading_days|profitable_days
2025-01-28 00:00:00,17,2022-06,596.9,0.0,54196.9,trading_days,trading_days|profitable_days
2025-01-28 00:00:00,18,2022-06,596.9,0.0,54196.9,trading_days,trading_days|profitable_days
2025-01-28 00:00:00,19,2022-06,596.9,0.0,54196.9,trading_days,trading_days|profitable_days
2025-01-28 00:00:00,20,2022-06,596.9,0.0,54196.9,trading_days,trading_days|profitable_days
2025-01-28 00:00:00,21,2022-06,596.9,0.0,54196.9,trading_days,trading_days|profitable_days
2025-01-28 00:00:00,22,2022-06,596.9,0.0,54196.9,trading_days,trading_days|profitable_days
2025-01-28 00:00:00,23,2022-06,596.9,0.0,54196.9,trading_days,trading_days|profitable_days
2025-01-28 00:00:00,24,2022-07,596.9,0.0,54196.9,trading_days,trading_days|profitable_days
2025-01-28 00:00:00,25,2022-08,596.9,0.0,54196.9,trading_days,trading_days|profitable_days
2025-01-28 00:00:00,28,2022-11,596.9,0.0,54196.9,trading_days,trading_days|profitable_days
2025-01-28 00:00:00,29,2022-12,596.9,0.0,54196.9,trading_days,trading_days|profitable_days
2025-01-28 00:00:00,30,2023-01,596.9,0.0,54196.9,trading_days,trading_days|profitable_days
2025-01-28 00:00:00,31,2023-01,596.9,0.0,54196.9,trading_days,trading_days|profitable_days
2025-01-28 00:00:00,32,2023-01,596.9,0.0,54196.9,trading_days,trading_days|profitable_days
2025-01-28 00:00:00,33,2023-02,596.9,0.0,54196.9,trading_days,trading_days|profitable_days
2025-01-28 00:00:00,34,2023-03,596.9,0.0,54196.9,trading_days,trading_days|profitable_days
2025-01-28 00:00:00,39,2023-10,596.9,0.0,54196.9,trading_days,trading_days|profitable_days
2025-01-28 00:00:00,40,2023-10,596.9,0.0,54196.9,trading_days,trading_days|profitable_days
2025-01-28 00:00:00,41,2023-10,596.9,0.0,54196.9,trading_days,trading_days|profitable_days
2025-01-28 00:00:00,42,2023-10,596.9,0.0,54196.9,trading_days,trading_days|profitable_days
2025-01-29 00:00:00,17,2022-06,769.45,0.0,54369.45,trading_days,trading_days|profitable_days
2025-01-29 00:00:00,18,2022-06,769.45,0.0,54369.45,trading_days,trading_days|profitable_days
2025-01-29 00:00:00,19,2022-06,769.45,0.0,54369.45,trading_days,trading_days|profitable_days
2025-01-29 00:00:00,20,2022-06,769.45,0.0,54369.45,trading_days,trading_days|profitable_days
2025-01-29 00:00:00,21,2022-06,769.45,0.0,54369.45,trading_days,trading_days|profitable_days
2025-01-29 00:00:00,22,2022-06,769.45,0.0,54369.45,trading_days,trading_days|profitable_days
2025-01-29 00:00:00,23,2022-06,769.45,0.0,54369.45,trading_days,trading_days|profitable_days
2025-01-29 00:00:00,24,2022-07,769.45,0.0,54369.45,trading_days,trading_days|profitable_days
2025-01-29 00:00:00,25,2022-08,769.45,0.0,54369.45,trading_days,trading_days|profitable_days
2025-01-29 00:00:00,28,2022-11,769.45,0.0,54369.45,trading_days,trading_days|profitable_days
2025-01-29 00:00:00,29,2022-12,769.45,0.0,54369.45,trading_days,trading_days|profitable_days
2025-01-29 00:00:00,30,2023-01,769.45,0.0,54369.45,trading_days,trading_days|profitable_days
2025-01-29 00:00:00,31,2023-01,769.45,0.0,54369.45,trading_days,trading_days|profitable_days
2025-01-29 00:00:00,32,2023-01,769.45,0.0,54369.45,trading_days,trading_days|profitable_days
2025-01-29 00:00:00,33,2023-02,769.45,0.0,54369.45,trading_days,trading_days|profitable_days
2025-01-29 00:00:00,34,2023-03,769.45,0.0,54369.45,trading_days,trading_days|profitable_days
2025-01-29 00:00:00,39,2023-10,769.45,0.0,54369.45,trading_days,trading_days|profitable_days
2025-01-29 00:00:00,40,2023-10,769.45,0.0,54369.45,trading_days,trading_days|profitable_days
2025-01-29 00:00:00,41,2023-10,769.45,0.0,54369.45,trading_days,trading_days|profitable_days
2025-01-29 00:00:00,42,2023-10,769.45,0.0,54369.45,trading_days,trading_days|profitable_days
2025-01-30 00:00:00,17,2022-06,864.35,0.0,54464.35,trading_days,trading_days
2025-01-30 00:00:00,18,2022-06,864.35,0.0,54464.35,trading_days,trading_days
2025-01-30 00:00:00,19,2022-06,864.35,0.0,54464.35,trading_days,trading_days
2025-01-30 00:00:00,20,2022-06,864.35,0.0,54464.35,trading_days,trading_days
2025-01-30 00:00:00,21,2022-06,864.35,0.0,54464.35,trading_days,trading_days
2025-01-30 00:00:00,22,2022-06,864.35,0.0,54464.35,trading_days,trading_days
2025-01-30 00:00:00,23,2022-06,864.35,0.0,54464.35,trading_days,trading_days
2025-01-30 00:00:00,24,2022-07,864.35,0.0,54464.35,trading_days,trading_days
2025-01-30 00:00:00,25,2022-08,864.35,0.0,54464.35,trading_days,trading_days
2025-01-30 00:00:00,28,2022-11,864.35,0.0,54464.35,trading_days,trading_days
2025-01-30 00:00:00,29,2022-12,864.35,0.0,54464.35,trading_days,trading_days
2025-01-30 00:00:00,30,2023-01,864.35,0.0,54464.35,trading_days,trading_days
2025-01-30 00:00:00,31,2023-01,864.35,0.0,54464.35,trading_days,trading_days
2025-01-30 00:00:00,32,2023-01,864.35,0.0,54464.35,trading_days,trading_days
2025-01-30 00:00:00,33,2023-02,864.35,0.0,54464.35,trading_days,trading_days
2025-01-30 00:00:00,34,2023-03,864.35,0.0,54464.35,trading_days,trading_days
2025-01-30 00:00:00,39,2023-10,864.35,0.0,54464.35,trading_days,trading_days
2025-01-30 00:00:00,40,2023-10,864.35,0.0,54464.35,trading_days,trading_days
2025-01-30 00:00:00,41,2023-10,864.35,0.0,54464.35,trading_days,trading_days
2025-01-30 00:00:00,42,2023-10,864.35,0.0,54464.35,trading_days,trading_days
2025-01-31 00:00:00,17,2022-06,924.55,0.0,54524.55,trading_days,trading_days
2025-01-31 00:00:00,18,2022-06,924.55,0.0,54524.55,trading_days,trading_days
2025-01-31 00:00:00,19,2022-06,924.55,0.0,54524.55,trading_days,trading_days
2025-01-31 00:00:00,20,2022-06,924.55,0.0,54524.55,trading_days,trading_days
2025-01-31 00:00:00,21,2022-06,924.55,0.0,54524.55,trading_days,trading_days
2025-01-31 00:00:00,22,2022-06,924.55,0.0,54524.55,trading_days,trading_days
2025-01-31 00:00:00,23,2022-06,924.55,0.0,54524.55,trading_days,trading_days
2025-01-31 00:00:00,24,2022-07,924.55,0.0,54524.55,trading_days,trading_days
2025-01-31 00:00:00,25,2022-08,924.55,0.0,54524.55,trading_days,trading_days
2025-01-31 00:00:00,28,2022-11,924.55,0.0,54524.55,trading_days,trading_days
2025-01-31 00:00:00,29,2022-12,924.55,0.0,54524.55,trading_days,trading_days
2025-01-31 00:00:00,30,2023-01,924.55,0.0,54524.55,trading_days,trading_days
2025-01-31 00:00:00,31,2023-01,924.55,0.0,54524.55,trading_days,trading_days
2025-01-31 00:00:00,32,2023-01,924.55,0.0,54524.55,trading_days,trading_days
2025-01-31 00:00:00,33,2023-02,924.55,0.0,54524.55,trading_days,trading_days
2025-01-31 00:00:00,34,2023-03,924.55,0.0,54524.55,trading_days,trading_days
2025-01-31 00:00:00,39,2023-10,924.55,0.0,54524.55,trading_days,trading_days
2025-01-31 00:00:00,40,2023-10,924.55,0.0,54524.55,trading_days,trading_days
2025-01-31 00:00:00,41,2023-10,924.55,0.0,54524.55,trading_days,trading_days
2025-01-31 00:00:00,42,2023-10,924.55,0.0,54524.55,trading_days,trading_days
2025-02-04 00:00:00,17,2022-06,144.65,0.0,53744.65,trading_days,trading_days|profitable_days
2025-02-04 00:00:00,18,2022-06,144.65,0.0,53744.65,trading_days,trading_days|profitable_days
2025-02-04 00:00:00,19,2022-06,144.65,0.0,53744.65,trading_days,trading_days|profitable_days
2025-02-04 00:00:00,20,2022-06,144.65,0.0,53744.65,trading_days,trading_days|profitable_days
2025-02-04 00:00:00,21,2022-06,144.65,0.0,53744.65,trading_days,trading_days|profitable_days
2025-02-04 00:00:00,22,2022-06,144.65,0.0,53744.65,trading_days,trading_days|profitable_days
2025-02-04 00:00:00,23,2022-06,144.65,0.0,53744.65,trading_days,trading_days|profitable_days
2025-02-04 00:00:00,24,2022-07,144.65,0.0,53744.65,trading_days,trading_days|profitable_days
2025-02-04 00:00:00,25,2022-08,144.65,0.0,53744.65,trading_days,trading_days|profitable_days
2025-02-04 00:00:00,28,2022-11,144.65,0.0,53744.65,trading_days,trading_days|profitable_days
2025-02-04 00:00:00,29,2022-12,144.65,0.0,53744.65,trading_days,trading_days|profitable_days
2025-02-04 00:00:00,30,2023-01,144.65,0.0,53744.65,trading_days,trading_days|profitable_days
2025-02-04 00:00:00,31,2023-01,144.65,0.0,53744.65,trading_days,trading_days|profitable_days
2025-02-04 00:00:00,32,2023-01,144.65,0.0,53744.65,trading_days,trading_days|profitable_days
2025-02-04 00:00:00,33,2023-02,144.65,0.0,53744.65,trading_days,trading_days|profitable_days
2025-02-04 00:00:00,34,2023-03,144.65,0.0,53744.65,trading_days,trading_days|profitable_days
2025-02-04 00:00:00,39,2023-10,144.65,0.0,53744.65,trading_days,trading_days|profitable_days
2025-02-04 00:00:00,40,2023-10,144.65,0.0,53744.65,trading_days,trading_days|profitable_days
2025-02-04 00:00:00,41,2023-10,144.65,0.0,53744.65,trading_days,trading_days|profitable_days
2025-02-04 00:00:00,42,2023-10,144.65,0.0,53744.65,trading_days,trading_days|profitable_days
2025-02-05 00:00:00,17,2022-06,277.7,0.0,53877.7,trading_days,trading_days|profitable_days
2025-02-05 00:00:00,18,2022-06,277.7,0.0,53877.7,trading_days,trading_days|profitable_days
2025-02-05 00:00:00,19,2022-06,277.7,0.0,53877.7,trading_days,trading_days|profitable_days
2025-02-05 00:00:00,20,2022-06,277.7,0.0,53877.7,trading_days,trading_days|profitable_days
2025-02-05 00:00:00,21,2022-06,277.7,0.0,53877.7,trading_days,trading_days|profitable_days
2025-02-05 00:00:00,22,2022-06,277.7,0.0,53877.7,trading_days,trading_days|profitable_days
2025-02-05 00:00:00,23,2022-06,277.7,0.0,53877.7,trading_days,trading_days|profitable_days
2025-02-05 00:00:00,24,2022-07,277.7,0.0,53877.7,trading_days,trading_days|profitable_days
2025-02-05 00:00:00,25,2022-08,277.7,0.0,53877.7,trading_days,trading_days|profitable_days
2025-02-05 00:00:00,28,2022-11,277.7,0.0,53877.7,trading_days,trading_days|profitable_days
2025-02-05 00:00:00,29,2022-12,277.7,0.0,53877.7,trading_days,trading_days|profitable_days
2025-02-05 00:00:00,30,2023-01,277.7,0.0,53877.7,trading_days,trading_days|profitable_days
2025-02-05 00:00:00,31,2023-01,277.7,0.0,53877.7,trading_days,trading_days|profitable_days
2025-02-05 00:00:00,32,2023-01,277.7,0.0,53877.7,trading_days,trading_days|profitable_days
2025-02-05 00:00:00,33,2023-02,277.7,0.0,53877.7,trading_days,trading_days|profitable_days
2025-02-05 00:00:00,34,2023-03,277.7,0.0,53877.7,trading_days,trading_days|profitable_days
2025-02-05 00:00:00,39,2023-10,277.7,0.0,53877.7,trading_days,trading_days|profitable_days
2025-02-05 00:00:00,40,2023-10,277.7,0.0,53877.7,trading_days,trading_days|profitable_days
2025-02-05 00:00:00,41,2023-10,277.7,0.0,53877.7,trading_days,trading_days|profitable_days
2025-02-05 00:00:00,42,2023-10,277.7,0.0,53877.7,trading_days,trading_days|profitable_days
2025-02-06 00:00:00,17,2022-06,307.95,0.0,53907.95,trading_days,trading_days|profitable_days
2025-02-06 00:00:00,18,2022-06,307.95,0.0,53907.95,trading_days,trading_days|profitable_days
2025-02-06 00:00:00,19,2022-06,307.95,0.0,53907.95,trading_days,trading_days|profitable_days
2025-02-06 00:00:00,20,2022-06,307.95,0.0,53907.95,trading_days,trading_days|profitable_days
2025-02-06 00:00:00,21,2022-06,307.95,0.0,53907.95,trading_days,trading_days|profitable_days
2025-02-06 00:00:00,22,2022-06,307.95,0.0,53907.95,trading_days,trading_days|profitable_days
2025-02-06 00:00:00,23,2022-06,307.95,0.0,53907.95,trading_days,trading_days|profitable_days
2025-02-06 00:00:00,24,2022-07,307.95,0.0,53907.95,trading_days,trading_days|profitable_days
2025-02-06 00:00:00,25,2022-08,307.95,0.0,53907.95,trading_days,trading_days|profitable_days
2025-02-06 00:00:00,28,2022-11,307.95,0.0,53907.95,trading_days,trading_days|profitable_days
2025-02-06 00:00:00,29,2022-12,307.95,0.0,53907.95,trading_days,trading_days|profitable_days
2025-02-06 00:00:00,30,2023-01,307.95,0.0,53907.95,trading_days,trading_days|profitable_days
2025-02-06 00:00:00,31,2023-01,307.95,0.0,53907.95,trading_days,trading_days|profitable_days
2025-02-06 00:00:00,32,2023-01,307.95,0.0,53907.95,trading_days,trading_days|profitable_days
2025-02-06 00:00:00,33,2023-02,307.95,0.0,53907.95,trading_days,trading_days|profitable_days
2025-02-06 00:00:00,34,2023-03,307.95,0.0,53907.95,trading_days,trading_days|profitable_days
2025-02-06 00:00:00,39,2023-10,307.95,0.0,53907.95,trading_days,trading_days|profitable_days
2025-02-06 00:00:00,40,2023-10,307.95,0.0,53907.95,trading_days,trading_days|profitable_days
2025-02-06 00:00:00,41,2023-10,307.95,0.0,53907.95,trading_days,trading_days|profitable_days
2025-02-06 00:00:00,42,2023-10,307.95,0.0,53907.95,trading_days,trading_days|profitable_days
2025-02-07 00:00:00,17,2022-06,380.1,0.0,53980.1,trading_days,trading_days|profitable_days
2025-02-07 00:00:00,18,2022-06,380.1,0.0,53980.1,trading_days,trading_days|profitable_days
2025-02-07 00:00:00,19,2022-06,380.1,0.0,53980.1,trading_days,trading_days|profitable_days
2025-02-07 00:00:00,20,2022-06,380.1,0.0,53980.1,trading_days,trading_days|profitable_days
2025-02-07 00:00:00,21,2022-06,380.1,0.0,53980.1,trading_days,trading_days|profitable_days
2025-02-07 00:00:00,22,2022-06,380.1,0.0,53980.1,trading_days,trading_days|profitable_days
2025-02-07 00:00:00,23,2022-06,380.1,0.0,53980.1,trading_days,trading_days|profitable_days
2025-02-07 00:00:00,24,2022-07,380.1,0.0,53980.1,trading_days,trading_days|profitable_days
2025-02-07 00:00:00,25,2022-08,380.1,0.0,53980.1,trading_days,trading_days|profitable_days
2025-02-07 00:00:00,28,2022-11,380.1,0.0,53980.1,trading_days,trading_days|profitable_days
2025-02-07 00:00:00,29,2022-12,380.1,0.0,53980.1,trading_days,trading_days|profitable_days
2025-02-07 00:00:00,30,2023-01,380.1,0.0,53980.1,trading_days,trading_days|profitable_days
2025-02-07 00:00:00,31,2023-01,380.1,0.0,53980.1,trading_days,trading_days|profitable_days
2025-02-07 00:00:00,32,2023-01,380.1,0.0,53980.1,trading_days,trading_days|profitable_days
2025-02-07 00:00:00,33,2023-02,380.1,0.0,53980.1,trading_days,trading_days|profitable_days
2025-02-07 00:00:00,34,2023-03,380.1,0.0,53980.1,trading_days,trading_days|profitable_days
2025-02-07 00:00:00,39,2023-10,380.1,0.0,53980.1,trading_days,trading_days|profitable_days
2025-02-07 00:00:00,40,2023-10,380.1,0.0,53980.1,trading_days,trading_days|profitable_days
2025-02-07 00:00:00,41,2023-10,380.1,0.0,53980.1,trading_days,trading_days|profitable_days
2025-02-07 00:00:00,42,2023-10,380.1,0.0,53980.1,trading_days,trading_days|profitable_days
2025-02-08 00:00:00,17,2022-06,31.25,0.0,53631.25,trading_days,trading_days|profitable_days
2025-02-08 00:00:00,18,2022-06,31.25,0.0,53631.25,trading_days,trading_days|profitable_days
2025-02-08 00:00:00,19,2022-06,31.25,0.0,53631.25,trading_days,trading_days|profitable_days
2025-02-08 00:00:00,20,2022-06,31.25,0.0,53631.25,trading_days,trading_days|profitable_days
2025-02-08 00:00:00,21,2022-06,31.25,0.0,53631.25,trading_days,trading_days|profitable_days
2025-02-08 00:00:00,22,2022-06,31.25,0.0,53631.25,trading_days,trading_days|profitable_days
2025-02-08 00:00:00,23,2022-06,31.25,0.0,53631.25,trading_days,trading_days|profitable_days
2025-02-08 00:00:00,24,2022-07,31.25,0.0,53631.25,trading_days,trading_days|profitable_days
2025-02-08 00:00:00,25,2022-08,31.25,0.0,53631.25,trading_days,trading_days|profitable_days
2025-02-08 00:00:00,28,2022-11,31.25,0.0,53631.25,trading_days,trading_days|profitable_days
2025-02-08 00:00:00,29,2022-12,31.25,0.0,53631.25,trading_days,trading_days|profitable_days
2025-02-08 00:00:00,30,2023-01,31.25,0.0,53631.25,trading_days,trading_days|profitable_days
2025-02-08 00:00:00,31,2023-01,31.25,0.0,53631.25,trading_days,trading_days|profitable_days
2025-02-08 00:00:00,32,2023-01,31.25,0.0,53631.25,trading_days,trading_days|profitable_days
2025-02-08 00:00:00,33,2023-02,31.25,0.0,53631.25,trading_days,trading_days|profitable_days
2025-02-08 00:00:00,34,2023-03,31.25,0.0,53631.25,trading_days,trading_days|profitable_days
2025-02-08 00:00:00,39,2023-10,31.25,0.0,53631.25,trading_days,trading_days|profitable_days
2025-02-08 00:00:00,40,2023-10,31.25,0.0,53631.25,trading_days,trading_days|profitable_days
2025-02-08 00:00:00,41,2023-10,31.25,0.0,53631.25,trading_days,trading_days|profitable_days
2025-02-08 00:00:00,42,2023-10,31.25,0.0,53631.25,trading_days,trading_days|profitable_days
2025-02-09 00:00:00,17,2022-06,31.25,0.0,53631.25,trading_days,trading_days|profitable_days
2025-02-09 00:00:00,18,2022-06,31.25,0.0,53631.25,trading_days,trading_days|profitable_days
2025-02-09 00:00:00,19,2022-06,31.25,0.0,53631.25,trading_days,trading_days|profitable_days
2025-02-09 00:00:00,20,2022-06,31.25,0.0,53631.25,trading_days,trading_days|profitable_days
2025-02-09 00:00:00,21,2022-06,31.25,0.0,53631.25,trading_days,trading_days|profitable_days
2025-02-09 00:00:00,22,2022-06,31.25,0.0,53631.25,trading_days,trading_days|profitable_days
2025-02-09 00:00:00,23,2022-06,31.25,0.0,53631.25,trading_days,trading_days|profitable_days
2025-02-09 00:00:00,24,2022-07,31.25,0.0,53631.25,trading_days,trading_days|profitable_days
2025-02-09 00:00:00,25,2022-08,31.25,0.0,53631.25,trading_days,trading_days|profitable_days
2025-02-09 00:00:00,28,2022-11,31.25,0.0,53631.25,trading_days,trading_days|profitable_days
2025-02-09 00:00:00,29,2022-12,31.25,0.0,53631.25,trading_days,trading_days|profitable_days
2025-02-09 00:00:00,30,2023-01,31.25,0.0,53631.25,trading_days,trading_days|profitable_days
2025-02-09 00:00:00,31,2023-01,31.25,0.0,53631.25,trading_days,trading_days|profitable_days
2025-02-09 00:00:00,32,2023-01,31.25,0.0,53631.25,trading_days,trading_days|profitable_days
2025-02-09 00:00:00,33,2023-02,31.25,0.0,53631.25,trading_days,trading_days|profitable_days
2025-02-09 00:00:00,34,2023-03,31.25,0.0,53631.25,trading_days,trading_days|profitable_days
2025-02-09 00:00:00,39,2023-10,31.25,0.0,53631.25,trading_days,trading_days|profitable_days
2025-02-09 00:00:00,40,2023-10,31.25,0.0,53631.25,trading_days,trading_days|profitable_days
2025-02-09 00:00:00,41,2023-10,31.25,0.0,53631.25,trading_days,trading_days|profitable_days
2025-02-09 00:00:00,42,2023-10,31.25,0.0,53631.25,trading_days,trading_days|profitable_days
2025-02-10 00:00:00,17,2022-06,31.25,0.0,53631.25,trading_days,trading_days|profitable_days
2025-02-10 00:00:00,18,2022-06,31.25,0.0,53631.25,trading_days,trading_days|profitable_days
2025-02-10 00:00:00,19,2022-06,31.25,0.0,53631.25,trading_days,trading_days|profitable_days
2025-02-10 00:00:00,20,2022-06,31.25,0.0,53631.25,trading_days,trading_days|profitable_days
2025-02-10 00:00:00,21,2022-06,31.25,0.0,53631.25,trading_days,trading_days|profitable_days
2025-02-10 00:00:00,22,2022-06,31.25,0.0,53631.25,trading_days,trading_days|profitable_days
2025-02-10 00:00:00,23,2022-06,31.25,0.0,53631.25,trading_days,trading_days|profitable_days
2025-02-10 00:00:00,24,2022-07,31.25,0.0,53631.25,trading_days,trading_days|profitable_days
2025-02-10 00:00:00,25,2022-08,31.25,0.0,53631.25,trading_days,trading_days|profitable_days
2025-02-10 00:00:00,28,2022-11,31.25,0.0,53631.25,trading_days,trading_days|profitable_days
2025-02-10 00:00:00,29,2022-12,31.25,0.0,53631.25,trading_days,trading_days|profitable_days
2025-02-10 00:00:00,30,2023-01,31.25,0.0,53631.25,trading_days,trading_days|profitable_days
2025-02-10 00:00:00,31,2023-01,31.25,0.0,53631.25,trading_days,trading_days|profitable_days
2025-02-10 00:00:00,32,2023-01,31.25,0.0,53631.25,trading_days,trading_days|profitable_days
2025-02-10 00:00:00,33,2023-02,31.25,0.0,53631.25,trading_days,trading_days|profitable_days
2025-02-10 00:00:00,34,2023-03,31.25,0.0,53631.25,trading_days,trading_days|profitable_days
2025-02-10 00:00:00,39,2023-10,31.25,0.0,53631.25,trading_days,trading_days|profitable_days
2025-02-10 00:00:00,40,2023-10,31.25,0.0,53631.25,trading_days,trading_days|profitable_days
2025-02-10 00:00:00,41,2023-10,31.25,0.0,53631.25,trading_days,trading_days|profitable_days
2025-02-10 00:00:00,42,2023-10,31.25,0.0,53631.25,trading_days,trading_days|profitable_days
2025-02-11 00:00:00,17,2022-06,370.2,0.0,53970.2,trading_days,trading_days|profitable_days
2025-02-11 00:00:00,18,2022-06,370.2,0.0,53970.2,trading_days,trading_days|profitable_days
2025-02-11 00:00:00,19,2022-06,370.2,0.0,53970.2,trading_days,trading_days|profitable_days
2025-02-11 00:00:00,20,2022-06,370.2,0.0,53970.2,trading_days,trading_days|profitable_days
2025-02-11 00:00:00,21,2022-06,370.2,0.0,53970.2,trading_days,trading_days|profitable_days
2025-02-11 00:00:00,22,2022-06,370.2,0.0,53970.2,trading_days,trading_days|profitable_days
2025-02-11 00:00:00,23,2022-06,370.2,0.0,53970.2,trading_days,trading_days|profitable_days
2025-02-11 00:00:00,24,2022-07,370.2,0.0,53970.2,trading_days,trading_days|profitable_days
2025-02-11 00:00:00,25,2022-08,370.2,0.0,53970.2,trading_days,trading_days|profitable_days
2025-02-11 00:00:00,28,2022-11,370.2,0.0,53970.2,trading_days,trading_days|profitable_days
2025-02-11 00:00:00,29,2022-12,370.2,0.0,53970.2,trading_days,trading_days|profitable_days
2025-02-11 00:00:00,30,2023-01,370.2,0.0,53970.2,trading_days,trading_days|profitable_days
2025-02-11 00:00:00,31,2023-01,370.2,0.0,53970.2,trading_days,trading_days|profitable_days
2025-02-11 00:00:00,32,2023-01,370.2,0.0,53970.2,trading_days,trading_days|profitable_days
2025-02-11 00:00:00,33,2023-02,370.2,0.0,53970.2,trading_days,trading_days|profitable_days
2025-02-11 00:00:00,34,2023-03,370.2,0.0,53970.2,trading_days,trading_days|profitable_days
2025-02-11 00:00:00,39,2023-10,370.2,0.0,53970.2,trading_days,trading_days|profitable_days
2025-02-11 00:00:00,40,2023-10,370.2,0.0,53970.2,trading_days,trading_days|profitable_days
2025-02-11 00:00:00,41,2023-10,370.2,0.0,53970.2,trading_days,trading_days|profitable_days
2025-02-11 00:00:00,42,2023-10,370.2,0.0,53970.2,trading_days,trading_days|profitable_days
2025-02-12 00:00:00,17,2022-06,369.3,0.0,53969.3,trading_days,trading_days|profitable_days
2025-02-12 00:00:00,18,2022-06,369.3,0.0,53969.3,trading_days,trading_days|profitable_days
2025-02-12 00:00:00,19,2022-06,369.3,0.0,53969.3,trading_days,trading_days|profitable_days
2025-02-12 00:00:00,20,2022-06,369.3,0.0,53969.3,trading_days,trading_days|profitable_days
2025-02-12 00:00:00,21,2022-06,369.3,0.0,53969.3,trading_days,trading_days|profitable_days
2025-02-12 00:00:00,22,2022-06,369.3,0.0,53969.3,trading_days,trading_days|profitable_days
2025-02-12 00:00:00,23,2022-06,369.3,0.0,53969.3,trading_days,trading_days|profitable_days
2025-02-12 00:00:00,24,2022-07,369.3,0.0,53969.3,trading_days,trading_days|profitable_days
2025-02-12 00:00:00,25,2022-08,369.3,0.0,53969.3,trading_days,trading_days|profitable_days
2025-02-12 00:00:00,28,2022-11,369.3,0.0,53969.3,trading_days,trading_days|profitable_days
2025-02-12 00:00:00,29,2022-12,369.3,0.0,53969.3,trading_days,trading_days|profitable_days
2025-02-12 00:00:00,30,2023-01,369.3,0.0,53969.3,trading_days,trading_days|profitable_days
2025-02-12 00:00:00,31,2023-01,369.3,0.0,53969.3,trading_days,trading_days|profitable_days
2025-02-12 00:00:00,32,2023-01,369.3,0.0,53969.3,trading_days,trading_days|profitable_days
2025-02-12 00:00:00,33,2023-02,369.3,0.0,53969.3,trading_days,trading_days|profitable_days
2025-02-12 00:00:00,34,2023-03,369.3,0.0,53969.3,trading_days,trading_days|profitable_days
2025-02-12 00:00:00,39,2023-10,369.3,0.0,53969.3,trading_days,trading_days|profitable_days
2025-02-12 00:00:00,40,2023-10,369.3,0.0,53969.3,trading_days,trading_days|profitable_days
2025-02-12 00:00:00,41,2023-10,369.3,0.0,53969.3,trading_days,trading_days|profitable_days
2025-02-12 00:00:00,42,2023-10,369.3,0.0,53969.3,trading_days,trading_days|profitable_days
2025-02-13 00:00:00,17,2022-06,380.9,0.0,53980.9,profitable_days,profitable_days
2025-02-13 00:00:00,18,2022-06,380.9,0.0,53980.9,profitable_days,profitable_days
2025-02-13 00:00:00,19,2022-06,380.9,0.0,53980.9,profitable_days,profitable_days
2025-02-13 00:00:00,20,2022-06,380.9,0.0,53980.9,profitable_days,profitable_days
2025-02-13 00:00:00,21,2022-06,380.9,0.0,53980.9,profitable_days,profitable_days
2025-02-13 00:00:00,22,2022-06,380.9,0.0,53980.9,profitable_days,profitable_days
2025-02-13 00:00:00,23,2022-06,380.9,0.0,53980.9,profitable_days,profitable_days
2025-02-13 00:00:00,24,2022-07,380.9,0.0,53980.9,profitable_days,profitable_days
2025-02-13 00:00:00,25,2022-08,380.9,0.0,53980.9,profitable_days,profitable_days
2025-02-13 00:00:00,28,2022-11,380.9,0.0,53980.9,profitable_days,profitable_days
2025-02-13 00:00:00,29,2022-12,380.9,0.0,53980.9,profitable_days,profitable_days
2025-02-13 00:00:00,30,2023-01,380.9,0.0,53980.9,profitable_days,profitable_days
2025-02-13 00:00:00,31,2023-01,380.9,0.0,53980.9,profitable_days,profitable_days
2025-02-13 00:00:00,32,2023-01,380.9,0.0,53980.9,profitable_days,profitable_days
2025-02-13 00:00:00,33,2023-02,380.9,0.0,53980.9,profitable_days,profitable_days
2025-02-13 00:00:00,34,2023-03,380.9,0.0,53980.9,profitable_days,profitable_days
2025-02-13 00:00:00,39,2023-10,380.9,0.0,53980.9,profitable_days,profitable_days
2025-02-13 00:00:00,40,2023-10,380.9,0.0,53980.9,profitable_days,profitable_days
2025-02-13 00:00:00,41,2023-10,380.9,0.0,53980.9,profitable_days,profitable_days
2025-02-13 00:00:00,42,2023-10,380.9,0.0,53980.9,profitable_days,profitable_days
2025-02-15 00:00:00,17,2022-06,257.0,0.0,53857.0,trading_days,trading_days|profitable_days
2025-02-15 00:00:00,18,2022-06,257.0,0.0,53857.0,trading_days,trading_days|profitable_days
2025-02-15 00:00:00,19,2022-06,257.0,0.0,53857.0,trading_days,trading_days|profitable_days
2025-02-15 00:00:00,20,2022-06,257.0,0.0,53857.0,trading_days,trading_days|profitable_days
2025-02-15 00:00:00,21,2022-06,257.0,0.0,53857.0,trading_days,trading_days|profitable_days
2025-02-15 00:00:00,22,2022-06,257.0,0.0,53857.0,trading_days,trading_days|profitable_days
2025-02-15 00:00:00,23,2022-06,257.0,0.0,53857.0,trading_days,trading_days|profitable_days
2025-02-15 00:00:00,24,2022-07,257.0,0.0,53857.0,trading_days,trading_days|profitable_days
2025-02-15 00:00:00,25,2022-08,257.0,0.0,53857.0,trading_days,trading_days|profitable_days
2025-02-15 00:00:00,28,2022-11,257.0,0.0,53857.0,trading_days,trading_days|profitable_days
2025-02-15 00:00:00,29,2022-12,257.0,0.0,53857.0,trading_days,trading_days|profitable_days
2025-02-15 00:00:00,30,2023-01,257.0,0.0,53857.0,trading_days,trading_days|profitable_days
2025-02-15 00:00:00,31,2023-01,257.0,0.0,53857.0,trading_days,trading_days|profitable_days
2025-02-15 00:00:00,32,2023-01,257.0,0.0,53857.0,trading_days,trading_days|profitable_days
2025-02-15 00:00:00,33,2023-02,257.0,0.0,53857.0,trading_days,trading_days|profitable_days
2025-02-15 00:00:00,34,2023-03,257.0,0.0,53857.0,trading_days,trading_days|profitable_days
2025-02-15 00:00:00,39,2023-10,257.0,0.0,53857.0,trading_days,trading_days|profitable_days
2025-02-15 00:00:00,40,2023-10,257.0,0.0,53857.0,trading_days,trading_days|profitable_days
2025-02-15 00:00:00,41,2023-10,257.0,0.0,53857.0,trading_days,trading_days|profitable_days
2025-02-15 00:00:00,42,2023-10,257.0,0.0,53857.0,trading_days,trading_days|profitable_days
2025-02-16 00:00:00,17,2022-06,257.0,0.0,53857.0,trading_days,trading_days|profitable_days
2025-02-16 00:00:00,18,2022-06,257.0,0.0,53857.0,trading_days,trading_days|profitable_days
2025-02-16 00:00:00,19,2022-06,257.0,0.0,53857.0,trading_days,trading_days|profitable_days
2025-02-16 00:00:00,20,2022-06,257.0,0.0,53857.0,trading_days,trading_days|profitable_days
2025-02-16 00:00:00,21,2022-06,257.0,0.0,53857.0,trading_days,trading_days|profitable_days
2025-02-16 00:00:00,22,2022-06,257.0,0.0,53857.0,trading_days,trading_days|profitable_days
2025-02-16 00:00:00,23,2022-06,257.0,0.0,53857.0,trading_days,trading_days|profitable_days
2025-02-16 00:00:00,24,2022-07,257.0,0.0,53857.0,trading_days,trading_days|profitable_days
2025-02-16 00:00:00,25,2022-08,257.0,0.0,53857.0,trading_days,trading_days|profitable_days
2025-02-16 00:00:00,28,2022-11,257.0,0.0,53857.0,trading_days,trading_days|profitable_days
2025-02-16 00:00:00,29,2022-12,257.0,0.0,53857.0,trading_days,trading_days|profitable_days
2025-02-16 00:00:00,30,2023-01,257.0,0.0,53857.0,trading_days,trading_days|profitable_days
2025-02-16 00:00:00,31,2023-01,257.0,0.0,53857.0,trading_days,trading_days|profitable_days
2025-02-16 00:00:00,32,2023-01,257.0,0.0,53857.0,trading_days,trading_days|profitable_days
2025-02-16 00:00:00,33,2023-02,257.0,0.0,53857.0,trading_days,trading_days|profitable_days
2025-02-16 00:00:00,34,2023-03,257.0,0.0,53857.0,trading_days,trading_days|profitable_days
2025-02-16 00:00:00,39,2023-10,257.0,0.0,53857.0,trading_days,trading_days|profitable_days
2025-02-16 00:00:00,40,2023-10,257.0,0.0,53857.0,trading_days,trading_days|profitable_days
2025-02-16 00:00:00,41,2023-10,257.0,0.0,53857.0,trading_days,trading_days|profitable_days
2025-02-16 00:00:00,42,2023-10,257.0,0.0,53857.0,trading_days,trading_days|profitable_days
2025-02-17 00:00:00,17,2022-06,257.0,0.0,53857.0,trading_days,trading_days|profitable_days
2025-02-17 00:00:00,18,2022-06,257.0,0.0,53857.0,trading_days,trading_days|profitable_days
2025-02-17 00:00:00,19,2022-06,257.0,0.0,53857.0,trading_days,trading_days|profitable_days
2025-02-17 00:00:00,20,2022-06,257.0,0.0,53857.0,trading_days,trading_days|profitable_days
2025-02-17 00:00:00,21,2022-06,257.0,0.0,53857.0,trading_days,trading_days|profitable_days
2025-02-17 00:00:00,22,2022-06,257.0,0.0,53857.0,trading_days,trading_days|profitable_days
2025-02-17 00:00:00,23,2022-06,257.0,0.0,53857.0,trading_days,trading_days|profitable_days
2025-02-17 00:00:00,24,2022-07,257.0,0.0,53857.0,trading_days,trading_days|profitable_days
2025-02-17 00:00:00,25,2022-08,257.0,0.0,53857.0,trading_days,trading_days|profitable_days
2025-02-17 00:00:00,28,2022-11,257.0,0.0,53857.0,trading_days,trading_days|profitable_days
2025-02-17 00:00:00,29,2022-12,257.0,0.0,53857.0,trading_days,trading_days|profitable_days
2025-02-17 00:00:00,30,2023-01,257.0,0.0,53857.0,trading_days,trading_days|profitable_days
2025-02-17 00:00:00,31,2023-01,257.0,0.0,53857.0,trading_days,trading_days|profitable_days
2025-02-17 00:00:00,32,2023-01,257.0,0.0,53857.0,trading_days,trading_days|profitable_days
2025-02-17 00:00:00,33,2023-02,257.0,0.0,53857.0,trading_days,trading_days|profitable_days
2025-02-17 00:00:00,34,2023-03,257.0,0.0,53857.0,trading_days,trading_days|profitable_days
2025-02-17 00:00:00,39,2023-10,257.0,0.0,53857.0,trading_days,trading_days|profitable_days
2025-02-17 00:00:00,40,2023-10,257.0,0.0,53857.0,trading_days,trading_days|profitable_days
2025-02-17 00:00:00,41,2023-10,257.0,0.0,53857.0,trading_days,trading_days|profitable_days
2025-02-17 00:00:00,42,2023-10,257.0,0.0,53857.0,trading_days,trading_days|profitable_days
2025-02-18 00:00:00,17,2022-06,148.3,0.0,53748.3,trading_days,trading_days|profitable_days
2025-02-18 00:00:00,18,2022-06,148.3,0.0,53748.3,trading_days,trading_days|profitable_days
2025-02-18 00:00:00,19,2022-06,148.3,0.0,53748.3,trading_days,trading_days|profitable_days
2025-02-18 00:00:00,20,2022-06,148.3,0.0,53748.3,trading_days,trading_days|profitable_days
2025-02-18 00:00:00,21,2022-06,148.3,0.0,53748.3,trading_days,trading_days|profitable_days
2025-02-18 00:00:00,22,2022-06,148.3,0.0,53748.3,trading_days,trading_days|profitable_days
2025-02-18 00:00:00,23,2022-06,148.3,0.0,53748.3,trading_days,trading_days|profitable_days
2025-02-18 00:00:00,24,2022-07,148.3,0.0,53748.3,trading_days,trading_days|profitable_days
2025-02-18 00:00:00,25,2022-08,148.3,0.0,53748.3,trading_days,trading_days|profitable_days
2025-02-18 00:00:00,28,2022-11,148.3,0.0,53748.3,trading_days,trading_days|profitable_days
2025-02-18 00:00:00,29,2022-12,148.3,0.0,53748.3,trading_days,trading_days|profitable_days
2025-02-18 00:00:00,30,2023-01,148.3,0.0,53748.3,trading_days,trading_days|profitable_days
2025-02-18 00:00:00,31,2023-01,148.3,0.0,53748.3,trading_days,trading_days|profitable_days
2025-02-18 00:00:00,32,2023-01,148.3,0.0,53748.3,trading_days,trading_days|profitable_days
2025-02-18 00:00:00,33,2023-02,148.3,0.0,53748.3,trading_days,trading_days|profitable_days
2025-02-18 00:00:00,34,2023-03,148.3,0.0,53748.3,trading_days,trading_days|profitable_days
2025-02-18 00:00:00,39,2023-10,148.3,0.0,53748.3,trading_days,trading_days|profitable_days
2025-02-18 00:00:00,40,2023-10,148.3,0.0,53748.3,trading_days,trading_days|profitable_days
2025-02-18 00:00:00,41,2023-10,148.3,0.0,53748.3,trading_days,trading_days|profitable_days
2025-02-18 00:00:00,42,2023-10,148.3,0.0,53748.3,trading_days,trading_days|profitable_days
2025-02-19 00:00:00,17,2022-06,295.25,0.0,53895.25,trading_days,trading_days|profitable_days
2025-02-19 00:00:00,18,2022-06,295.25,0.0,53895.25,trading_days,trading_days|profitable_days
2025-02-19 00:00:00,19,2022-06,295.25,0.0,53895.25,trading_days,trading_days|profitable_days
2025-02-19 00:00:00,20,2022-06,295.25,0.0,53895.25,trading_days,trading_days|profitable_days
2025-02-19 00:00:00,21,2022-06,295.25,0.0,53895.25,trading_days,trading_days|profitable_days
2025-02-19 00:00:00,22,2022-06,295.25,0.0,53895.25,trading_days,trading_days|profitable_days
2025-02-19 00:00:00,23,2022-06,295.25,0.0,53895.25,trading_days,trading_days|profitable_days
2025-02-19 00:00:00,24,2022-07,295.25,0.0,53895.25,trading_days,trading_days|profitable_days
2025-02-19 00:00:00,25,2022-08,295.25,0.0,53895.25,trading_days,trading_days|profitable_days
2025-02-19 00:00:00,28,2022-11,295.25,0.0,53895.25,trading_days,trading_days|profitable_days
2025-02-19 00:00:00,29,2022-12,295.25,0.0,53895.25,trading_days,trading_days|profitable_days
2025-02-19 00:00:00,30,2023-01,295.25,0.0,53895.25,trading_days,trading_days|profitable_days
2025-02-19 00:00:00,31,2023-01,295.25,0.0,53895.25,trading_days,trading_days|profitable_days
2025-02-19 00:00:00,32,2023-01,295.25,0.0,53895.25,trading_days,trading_days|profitable_days
2025-02-19 00:00:00,33,2023-02,295.25,0.0,53895.25,trading_days,trading_days|profitable_days
2025-02-19 00:00:00,34,2023-03,295.25,0.0,53895.25,trading_days,trading_days|profitable_days
2025-02-19 00:00:00,39,2023-10,295.25,0.0,53895.25,trading_days,trading_days|profitable_days
2025-02-19 00:00:00,40,2023-10,295.25,0.0,53895.25,trading_days,trading_days|profitable_days
2025-02-19 00:00:00,41,2023-10,295.25,0.0,53895.25,trading_days,trading_days|profitable_days
2025-02-19 00:00:00,42,2023-10,295.25,0.0,53895.25,trading_days,trading_days|profitable_days
2025-02-20 00:00:00,17,2022-06,165.75,0.0,53765.75,trading_days,trading_days|profitable_days
2025-02-20 00:00:00,18,2022-06,165.75,0.0,53765.75,trading_days,trading_days|profitable_days
2025-02-20 00:00:00,19,2022-06,165.75,0.0,53765.75,trading_days,trading_days|profitable_days
2025-02-20 00:00:00,20,2022-06,165.75,0.0,53765.75,trading_days,trading_days|profitable_days
2025-02-20 00:00:00,21,2022-06,165.75,0.0,53765.75,trading_days,trading_days|profitable_days
2025-02-20 00:00:00,22,2022-06,165.75,0.0,53765.75,trading_days,trading_days|profitable_days
2025-02-20 00:00:00,23,2022-06,165.75,0.0,53765.75,trading_days,trading_days|profitable_days
2025-02-20 00:00:00,24,2022-07,165.75,0.0,53765.75,trading_days,trading_days|profitable_days
2025-02-20 00:00:00,25,2022-08,165.75,0.0,53765.75,trading_days,trading_days|profitable_days
2025-02-20 00:00:00,28,2022-11,165.75,0.0,53765.75,trading_days,trading_days|profitable_days
2025-02-20 00:00:00,29,2022-12,165.75,0.0,53765.75,trading_days,trading_days|profitable_days
2025-02-20 00:00:00,30,2023-01,165.75,0.0,53765.75,trading_days,trading_days|profitable_days
2025-02-20 00:00:00,31,2023-01,165.75,0.0,53765.75,trading_days,trading_days|profitable_days
2025-02-20 00:00:00,32,2023-01,165.75,0.0,53765.75,trading_days,trading_days|profitable_days
2025-02-20 00:00:00,33,2023-02,165.75,0.0,53765.75,trading_days,trading_days|profitable_days
2025-02-20 00:00:00,34,2023-03,165.75,0.0,53765.75,trading_days,trading_days|profitable_days
2025-02-20 00:00:00,39,2023-10,165.75,0.0,53765.75,trading_days,trading_days|profitable_days
2025-02-20 00:00:00,40,2023-10,165.75,0.0,53765.75,trading_days,trading_days|profitable_days
2025-02-20 00:00:00,41,2023-10,165.75,0.0,53765.75,trading_days,trading_days|profitable_days
2025-02-20 00:00:00,42,2023-10,165.75,0.0,53765.75,trading_days,trading_days|profitable_days
2025-02-21 00:00:00,17,2022-06,228.35,0.0,53828.35,trading_days,trading_days|profitable_days
2025-02-21 00:00:00,18,2022-06,228.35,0.0,53828.35,trading_days,trading_days|profitable_days
2025-02-21 00:00:00,19,2022-06,228.35,0.0,53828.35,trading_days,trading_days|profitable_days
2025-02-21 00:00:00,20,2022-06,228.35,0.0,53828.35,trading_days,trading_days|profitable_days
2025-02-21 00:00:00,21,2022-06,228.35,0.0,53828.35,trading_days,trading_days|profitable_days
2025-02-21 00:00:00,22,2022-06,228.35,0.0,53828.35,trading_days,trading_days|profitable_days
2025-02-21 00:00:00,23,2022-06,228.35,0.0,53828.35,trading_days,trading_days|profitable_days
2025-02-21 00:00:00,24,2022-07,228.35,0.0,53828.35,trading_days,trading_days|profitable_days
2025-02-21 00:00:00,25,2022-08,228.35,0.0,53828.35,trading_days,trading_days|profitable_days
2025-02-21 00:00:00,28,2022-11,228.35,0.0,53828.35,trading_days,trading_days|profitable_days
2025-02-21 00:00:00,29,2022-12,228.35,0.0,53828.35,trading_days,trading_days|profitable_days
2025-02-21 00:00:00,30,2023-01,228.35,0.0,53828.35,trading_days,trading_days|profitable_days
2025-02-21 00:00:00,31,2023-01,228.35,0.0,53828.35,trading_days,trading_days|profitable_days
2025-02-21 00:00:00,32,2023-01,228.35,0.0,53828.35,trading_days,trading_days|profitable_days
2025-02-21 00:00:00,33,2023-02,228.35,0.0,53828.35,trading_days,trading_days|profitable_days
2025-02-21 00:00:00,34,2023-03,228.35,0.0,53828.35,trading_days,trading_days|profitable_days
2025-02-21 00:00:00,39,2023-10,228.35,0.0,53828.35,trading_days,trading_days|profitable_days
2025-02-21 00:00:00,40,2023-10,228.35,0.0,53828.35,trading_days,trading_days|profitable_days
2025-02-21 00:00:00,41,2023-10,228.35,0.0,53828.35,trading_days,trading_days|profitable_days
2025-02-21 00:00:00,42,2023-10,228.35,0.0,53828.35,trading_days,trading_days|profitable_days
2025-02-22 00:00:00,17,2022-06,429.6,0.0,54029.6,trading_days,trading_days|profitable_days
2025-02-22 00:00:00,18,2022-06,429.6,0.0,54029.6,trading_days,trading_days|profitable_days
2025-02-22 00:00:00,19,2022-06,429.6,0.0,54029.6,trading_days,trading_days|profitable_days
2025-02-22 00:00:00,20,2022-06,429.6,0.0,54029.6,trading_days,trading_days|profitable_days
2025-02-22 00:00:00,21,2022-06,429.6,0.0,54029.6,trading_days,trading_days|profitable_days
2025-02-22 00:00:00,22,2022-06,429.6,0.0,54029.6,trading_days,trading_days|profitable_days
2025-02-22 00:00:00,23,2022-06,429.6,0.0,54029.6,trading_days,trading_days|profitable_days
2025-02-22 00:00:00,24,2022-07,429.6,0.0,54029.6,trading_days,trading_days|profitable_days
2025-02-22 00:00:00,25,2022-08,429.6,0.0,54029.6,trading_days,trading_days|profitable_days
2025-02-22 00:00:00,28,2022-11,429.6,0.0,54029.6,trading_days,trading_days|profitable_days
2025-02-22 00:00:00,29,2022-12,429.6,0.0,54029.6,trading_days,trading_days|profitable_days
2025-02-22 00:00:00,30,2023-01,429.6,0.0,54029.6,trading_days,trading_days|profitable_days
2025-02-22 00:00:00,31,2023-01,429.6,0.0,54029.6,trading_days,trading_days|profitable_days
2025-02-22 00:00:00,32,2023-01,429.6,0.0,54029.6,trading_days,trading_days|profitable_days
2025-02-22 00:00:00,33,2023-02,429.6,0.0,54029.6,trading_days,trading_days|profitable_days
2025-02-22 00:00:00,34,2023-03,429.6,0.0,54029.6,trading_days,trading_days|profitable_days
2025-02-22 00:00:00,39,2023-10,429.6,0.0,54029.6,trading_days,trading_days|profitable_days
2025-02-22 00:00:00,40,2023-10,429.6,0.0,54029.6,trading_days,trading_days|profitable_days
2025-02-22 00:00:00,41,2023-10,429.6,0.0,54029.6,trading_days,trading_days|profitable_days
2025-02-22 00:00:00,42,2023-10,429.6,0.0,54029.6,trading_days,trading_days|profitable_days
2025-02-23 00:00:00,17,2022-06,429.6,0.0,54029.6,trading_days,trading_days|profitable_days
2025-02-23 00:00:00,18,2022-06,429.6,0.0,54029.6,trading_days,trading_days|profitable_days
2025-02-23 00:00:00,19,2022-06,429.6,0.0,54029.6,trading_days,trading_days|profitable_days
2025-02-23 00:00:00,20,2022-06,429.6,0.0,54029.6,trading_days,trading_days|profitable_days
2025-02-23 00:00:00,21,2022-06,429.6,0.0,54029.6,trading_days,trading_days|profitable_days
2025-02-23 00:00:00,22,2022-06,429.6,0.0,54029.6,trading_days,trading_days|profitable_days
2025-02-23 00:00:00,23,2022-06,429.6,0.0,54029.6,trading_days,trading_days|profitable_days
2025-02-23 00:00:00,24,2022-07,429.6,0.0,54029.6,trading_days,trading_days|profitable_days
2025-02-23 00:00:00,25,2022-08,429.6,0.0,54029.6,trading_days,trading_days|profitable_days
2025-02-23 00:00:00,28,2022-11,429.6,0.0,54029.6,trading_days,trading_days|profitable_days
2025-02-23 00:00:00,29,2022-12,429.6,0.0,54029.6,trading_days,trading_days|profitable_days
2025-02-23 00:00:00,30,2023-01,429.6,0.0,54029.6,trading_days,trading_days|profitable_days
2025-02-23 00:00:00,31,2023-01,429.6,0.0,54029.6,trading_days,trading_days|profitable_days
2025-02-23 00:00:00,32,2023-01,429.6,0.0,54029.6,trading_days,trading_days|profitable_days
2025-02-23 00:00:00,33,2023-02,429.6,0.0,54029.6,trading_days,trading_days|profitable_days
2025-02-23 00:00:00,34,2023-03,429.6,0.0,54029.6,trading_days,trading_days|profitable_days
2025-02-23 00:00:00,39,2023-10,429.6,0.0,54029.6,trading_days,trading_days|profitable_days
2025-02-23 00:00:00,40,2023-10,429.6,0.0,54029.6,trading_days,trading_days|profitable_days
2025-02-23 00:00:00,41,2023-10,429.6,0.0,54029.6,trading_days,trading_days|profitable_days
2025-02-23 00:00:00,42,2023-10,429.6,0.0,54029.6,trading_days,trading_days|profitable_days
2025-02-24 00:00:00,17,2022-06,429.6,0.0,54029.6,trading_days,trading_days|profitable_days
2025-02-24 00:00:00,18,2022-06,429.6,0.0,54029.6,trading_days,trading_days|profitable_days
2025-02-24 00:00:00,19,2022-06,429.6,0.0,54029.6,trading_days,trading_days|profitable_days
2025-02-24 00:00:00,20,2022-06,429.6,0.0,54029.6,trading_days,trading_days|profitable_days
2025-02-24 00:00:00,21,2022-06,429.6,0.0,54029.6,trading_days,trading_days|profitable_days
2025-02-24 00:00:00,22,2022-06,429.6,0.0,54029.6,trading_days,trading_days|profitable_days
2025-02-24 00:00:00,23,2022-06,429.6,0.0,54029.6,trading_days,trading_days|profitable_days
2025-02-24 00:00:00,24,2022-07,429.6,0.0,54029.6,trading_days,trading_days|profitable_days
2025-02-24 00:00:00,25,2022-08,429.6,0.0,54029.6,trading_days,trading_days|profitable_days
2025-02-24 00:00:00,28,2022-11,429.6,0.0,54029.6,trading_days,trading_days|profitable_days
2025-02-24 00:00:00,29,2022-12,429.6,0.0,54029.6,trading_days,trading_days|profitable_days
2025-02-24 00:00:00,30,2023-01,429.6,0.0,54029.6,trading_days,trading_days|profitable_days
2025-02-24 00:00:00,31,2023-01,429.6,0.0,54029.6,trading_days,trading_days|profitable_days
2025-02-24 00:00:00,32,2023-01,429.6,0.0,54029.6,trading_days,trading_days|profitable_days
2025-02-24 00:00:00,33,2023-02,429.6,0.0,54029.6,trading_days,trading_days|profitable_days
2025-02-24 00:00:00,34,2023-03,429.6,0.0,54029.6,trading_days,trading_days|profitable_days
2025-02-24 00:00:00,39,2023-10,429.6,0.0,54029.6,trading_days,trading_days|profitable_days
2025-02-24 00:00:00,40,2023-10,429.6,0.0,54029.6,trading_days,trading_days|profitable_days
2025-02-24 00:00:00,41,2023-10,429.6,0.0,54029.6,trading_days,trading_days|profitable_days
2025-02-24 00:00:00,42,2023-10,429.6,0.0,54029.6,trading_days,trading_days|profitable_days
2025-02-25 00:00:00,17,2022-06,193.2,0.0,53793.2,trading_days,trading_days|profitable_days
2025-02-25 00:00:00,18,2022-06,193.2,0.0,53793.2,trading_days,trading_days|profitable_days
2025-02-25 00:00:00,19,2022-06,193.2,0.0,53793.2,trading_days,trading_days|profitable_days
2025-02-25 00:00:00,20,2022-06,193.2,0.0,53793.2,trading_days,trading_days|profitable_days
2025-02-25 00:00:00,21,2022-06,193.2,0.0,53793.2,trading_days,trading_days|profitable_days
2025-02-25 00:00:00,22,2022-06,193.2,0.0,53793.2,trading_days,trading_days|profitable_days
2025-02-25 00:00:00,23,2022-06,193.2,0.0,53793.2,trading_days,trading_days|profitable_days
2025-02-25 00:00:00,24,2022-07,193.2,0.0,53793.2,trading_days,trading_days|profitable_days
2025-02-25 00:00:00,25,2022-08,193.2,0.0,53793.2,trading_days,trading_days|profitable_days
2025-02-25 00:00:00,28,2022-11,193.2,0.0,53793.2,trading_days,trading_days|profitable_days
2025-02-25 00:00:00,29,2022-12,193.2,0.0,53793.2,trading_days,trading_days|profitable_days
2025-02-25 00:00:00,30,2023-01,193.2,0.0,53793.2,trading_days,trading_days|profitable_days
2025-02-25 00:00:00,31,2023-01,193.2,0.0,53793.2,trading_days,trading_days|profitable_days
2025-02-25 00:00:00,32,2023-01,193.2,0.0,53793.2,trading_days,trading_days|profitable_days
2025-02-25 00:00:00,33,2023-02,193.2,0.0,53793.2,trading_days,trading_days|profitable_days
2025-02-25 00:00:00,34,2023-03,193.2,0.0,53793.2,trading_days,trading_days|profitable_days
2025-02-25 00:00:00,39,2023-10,193.2,0.0,53793.2,trading_days,trading_days|profitable_days
2025-02-25 00:00:00,40,2023-10,193.2,0.0,53793.2,trading_days,trading_days|profitable_days
2025-02-25 00:00:00,41,2023-10,193.2,0.0,53793.2,trading_days,trading_days|profitable_days
2025-02-25 00:00:00,42,2023-10,193.2,0.0,53793.2,trading_days,trading_days|profitable_days
2025-05-01 00:00:00,43,2025-04,2517.6,0.0,56117.6,consistency,consistency
2025-05-01 00:00:00,44,2025-04,2517.6,0.0,56117.6,consistency,consistency
2025-05-01 00:00:00,45,2025-04,2517.6,0.0,56117.6,consistency,consistency
2025-05-01 00:00:00,46,2025-04,2517.6,0.0,56117.6,consistency,consistency
2025-05-01 00:00:00,47,2025-04,2517.6,0.0,56117.6,consistency,consistency
2025-05-01 00:00:00,48,2025-04,2517.6,0.0,56117.6,consistency,consistency
2025-05-01 00:00:00,49,2025-04,2517.6,0.0,56117.6,consistency,consistency
2025-05-01 00:00:00,50,2025-04,2517.6,0.0,56117.6,consistency,consistency
2025-05-01 00:00:00,51,2025-04,2517.6,0.0,56117.6,consistency,consistency
2025-05-01 00:00:00,52,2025-04,2517.6,0.0,56117.6,consistency,consistency
2025-05-01 00:00:00,53,2025-04,2517.6,0.0,56117.6,consistency,consistency
2025-05-01 00:00:00,54,2025-04,2517.6,0.0,56117.6,consistency,consistency
2025-05-01 00:00:00,55,2025-04,2517.6,0.0,56117.6,consistency,consistency
2025-05-01 00:00:00,56,2025-04,2517.6,0.0,56117.6,consistency,consistency
2025-05-01 00:00:00,57,2025-04,2517.6,0.0,56117.6,consistency,consistency
2025-05-01 00:00:00,58,2025-04,2517.6,0.0,56117.6,consistency,consistency
2025-05-01 00:00:00,59,2025-04,2517.6,0.0,56117.6,consistency,consistency
2025-05-01 00:00:00,60,2025-04,2517.6,0.0,56117.6,consistency,consistency
2025-05-01 00:00:00,61,2025-04,2517.6,0.0,56117.6,consistency,consistency
2025-05-01 00:00:00,62,2025-04,2517.6,0.0,56117.6,consistency,consistency
2025-05-02 00:00:00,43,2025-04,1654.15,0.0,55254.15,consistency,consistency
2025-05-02 00:00:00,44,2025-04,1654.15,0.0,55254.15,consistency,consistency
2025-05-02 00:00:00,45,2025-04,1654.15,0.0,55254.15,consistency,consistency
2025-05-02 00:00:00,46,2025-04,1654.15,0.0,55254.15,consistency,consistency
2025-05-02 00:00:00,47,2025-04,1654.15,0.0,55254.15,consistency,consistency
2025-05-02 00:00:00,48,2025-04,1654.15,0.0,55254.15,consistency,consistency
2025-05-02 00:00:00,49,2025-04,1654.15,0.0,55254.15,consistency,consistency
2025-05-02 00:00:00,50,2025-04,1654.15,0.0,55254.15,consistency,consistency
2025-05-02 00:00:00,51,2025-04,1654.15,0.0,55254.15,consistency,consistency
2025-05-02 00:00:00,52,2025-04,1654.15,0.0,55254.15,consistency,consistency
2025-05-02 00:00:00,53,2025-04,1654.15,0.0,55254.15,consistency,consistency
2025-05-02 00:00:00,54,2025-04,1654.15,0.0,55254.15,consistency,consistency
2025-05-02 00:00:00,55,2025-04,1654.15,0.0,55254.15,consistency,consistency
2025-05-02 00:00:00,56,2025-04,1654.15,0.0,55254.15,consistency,consistency
2025-05-02 00:00:00,57,2025-04,1654.15,0.0,55254.15,consistency,consistency
2025-05-02 00:00:00,58,2025-04,1654.15,0.0,55254.15,consistency,consistency
2025-05-02 00:00:00,59,2025-04,1654.15,0.0,55254.15,consistency,consistency
2025-05-02 00:00:00,60,2025-04,1654.15,0.0,55254.15,consistency,consistency
2025-05-02 00:00:00,61,2025-04,1654.15,0.0,55254.15,consistency,consistency
2025-05-02 00:00:00,62,2025-04,1654.15,0.0,55254.15,consistency,consistency
2025-05-03 00:00:00,43,2025-04,2102.25,0.0,55702.25,consistency,consistency
2025-05-03 00:00:00,44,2025-04,2102.25,0.0,55702.25,consistency,consistency
2025-05-03 00:00:00,45,2025-04,2102.25,0.0,55702.25,consistency,consistency
2025-05-03 00:00:00,46,2025-04,2102.25,0.0,55702.25,consistency,consistency
2025-05-03 00:00:00,47,2025-04,2102.25,0.0,55702.25,consistency,consistency
2025-05-03 00:00:00,48,2025-04,2102.25,0.0,55702.25,consistency,consistency
2025-05-03 00:00:00,49,2025-04,2102.25,0.0,55702.25,consistency,consistency
2025-05-03 00:00:00,50,2025-04,2102.25,0.0,55702.25,consistency,consistency
2025-05-03 00:00:00,51,2025-04,2102.25,0.0,55702.25,consistency,consistency
2025-05-03 00:00:00,52,2025-04,2102.25,0.0,55702.25,consistency,consistency
2025-05-03 00:00:00,53,2025-04,2102.25,0.0,55702.25,consistency,consistency
2025-05-03 00:00:00,54,2025-04,2102.25,0.0,55702.25,consistency,consistency
2025-05-03 00:00:00,55,2025-04,2102.25,0.0,55702.25,consistency,consistency
2025-05-03 00:00:00,56,2025-04,2102.25,0.0,55702.25,consistency,consistency
2025-05-03 00:00:00,57,2025-04,2102.25,0.0,55702.25,consistency,consistency
2025-05-03 00:00:00,58,2025-04,2102.25,0.0,55702.25,consistency,consistency
2025-05-03 00:00:00,59,2025-04,2102.25,0.0,55702.25,consistency,consistency
2025-05-03 00:00:00,60,2025-04,2102.25,0.0,55702.25,consistency,consistency
2025-05-03 00:00:00,61,2025-04,2102.25,0.0,55702.25,consistency,consistency
2025-05-03 00:00:00,62,2025-04,2102.25,0.0,55702.25,consistency,consistency
2025-05-04 00:00:00,43,2025-04,2102.25,0.0,55702.25,consistency,consistency
2025-05-04 00:00:00,44,2025-04,2102.25,0.0,55702.25,consistency,consistency
2025-05-04 00:00:00,45,2025-04,2102.25,0.0,55702.25,consistency,consistency
2025-05-04 00:00:00,46,2025-04,2102.25,0.0,55702.25,consistency,consistency
2025-05-04 00:00:00,47,2025-04,2102.25,0.0,55702.25,consistency,consistency
2025-05-04 00:00:00,48,2025-04,2102.25,0.0,55702.25,consistency,consistency
2025-05-04 00:00:00,49,2025-04,2102.25,0.0,55702.25,consistency,consistency
2025-05-04 00:00:00,50,2025-04,2102.25,0.0,55702.25,consistency,consistency
2025-05-04 00:00:00,51,2025-04,2102.25,0.0,55702.25,consistency,consistency
2025-05-04 00:00:00,52,2025-04,2102.25,0.0,55702.25,consistency,consistency
2025-05-04 00:00:00,53,2025-04,2102.25,0.0,55702.25,consistency,consistency
2025-05-04 00:00:00,54,2025-04,2102.25,0.0,55702.25,consistency,consistency
2025-05-04 00:00:00,55,2025-04,2102.25,0.0,55702.25,consistency,consistency
2025-05-04 00:00:00,56,2025-04,2102.25,0.0,55702.25,consistency,consistency
2025-05-04 00:00:00,57,2025-04,2102.25,0.0,55702.25,consistency,consistency
2025-05-04 00:00:00,58,2025-04,2102.25,0.0,55702.25,consistency,consistency
2025-05-04 00:00:00,59,2025-04,2102.25,0.0,55702.25,consistency,consistency
2025-05-04 00:00:00,60,2025-04,2102.25,0.0,55702.25,consistency,consistency
2025-05-04 00:00:00,61,2025-04,2102.25,0.0,55702.25,consistency,consistency
2025-05-04 00:00:00,62,2025-04,2102.25,0.0,55702.25,consistency,consistency
2025-05-05 00:00:00,43,2025-04,2102.25,0.0,55702.25,consistency,consistency
2025-05-05 00:00:00,44,2025-04,2102.25,0.0,55702.25,consistency,consistency
2025-05-05 00:00:00,45,2025-04,2102.25,0.0,55702.25,consistency,consistency
2025-05-05 00:00:00,46,2025-04,2102.25,0.0,55702.25,consistency,consistency
2025-05-05 00:00:00,47,2025-04,2102.25,0.0,55702.25,consistency,consistency
2025-05-05 00:00:00,48,2025-04,2102.25,0.0,55702.25,consistency,consistency
2025-05-05 00:00:00,49,2025-04,2102.25,0.0,55702.25,consistency,consistency
2025-05-05 00:00:00,50,2025-04,2102.25,0.0,55702.25,consistency,consistency
2025-05-05 00:00:00,51,2025-04,2102.25,0.0,55702.25,consistency,consistency
2025-05-05 00:00:00,52,2025-04,2102.25,0.0,55702.25,consistency,consistency
2025-05-05 00:00:00,53,2025-04,2102.25,0.0,55702.25,consistency,consistency
2025-05-05 00:00:00,54,2025-04,2102.25,0.0,55702.25,consistency,consistency
2025-05-05 00:00:00,55,2025-04,2102.25,0.0,55702.25,consistency,consistency
2025-05-05 00:00:00,56,2025-04,2102.25,0.0,55702.25,consistency,consistency
2025-05-05 00:00:00,57,2025-04,2102.25,0.0,55702.25,consistency,consistency
2025-05-05 00:00:00,58,2025-04,2102.25,0.0,55702.25,consistency,consistency
2025-05-05 00:00:00,59,2025-04,2102.25,0.0,55702.25,consistency,consistency
2025-05-05 00:00:00,60,2025-04,2102.25,0.0,55702.25,consistency,consistency
2025-05-05 00:00:00,61,2025-04,2102.25,0.0,55702.25,consistency,consistency
2025-05-05 00:00:00,62,2025-04,2102.25,0.0,55702.25,consistency,consistency
2025-05-06 00:00:00,43,2025-04,1958.95,0.0,55558.95,consistency,consistency
2025-05-06 00:00:00,44,2025-04,1958.95,0.0,55558.95,consistency,consistency
2025-05-06 00:00:00,45,2025-04,1958.95,0.0,55558.95,consistency,consistency
2025-05-06 00:00:00,46,2025-04,1958.95,0.0,55558.95,consistency,consistency
2025-05-06 00:00:00,47,2025-04,1958.95,0.0,55558.95,consistency,consistency
2025-05-06 00:00:00,48,2025-04,1958.95,0.0,55558.95,consistency,consistency
2025-05-06 00:00:00,49,2025-04,1958.95,0.0,55558.95,consistency,consistency
2025-05-06 00:00:00,50,2025-04,1958.95,0.0,55558.95,consistency,consistency
2025-05-06 00:00:00,51,2025-04,1958.95,0.0,55558.95,consistency,consistency
2025-05-06 00:00:00,52,2025-04,1958.95,0.0,55558.95,consistency,consistency
2025-05-06 00:00:00,53,2025-04,1958.95,0.0,55558.95,consistency,consistency
2025-05-06 00:00:00,54,2025-04,1958.95,0.0,55558.95,consistency,consistency
2025-05-06 00:00:00,55,2025-04,1958.95,0.0,55558.95,consistency,consistency
2025-05-06 00:00:00,56,2025-04,1958.95,0.0,55558.95,consistency,consistency
2025-05-06 00:00:00,57,2025-04,1958.95,0.0,55558.95,consistency,consistency
2025-05-06 00:00:00,58,2025-04,1958.95,0.0,55558.95,consistency,consistency
2025-05-06 00:00:00,59,2025-04,1958.95,0.0,55558.95,consistency,consistency
2025-05-06 00:00:00,60,2025-04,1958.95,0.0,55558.95,consistency,consistency
2025-05-06 00:00:00,61,2025-04,1958.95,0.0,55558.95,consistency,consistency
2025-05-06 00:00:00,62,2025-04,1958.95,0.0,55558.95,consistency,consistency
2025-05-07 00:00:00,43,2025-04,1198.55,0.0,54798.55,consistency,consistency
2025-05-07 00:00:00,44,2025-04,1198.55,0.0,54798.55,consistency,consistency
2025-05-07 00:00:00,45,2025-04,1198.55,0.0,54798.55,consistency,consistency
2025-05-07 00:00:00,46,2025-04,1198.55,0.0,54798.55,consistency,consistency
2025-05-07 00:00:00,47,2025-04,1198.55,0.0,54798.55,consistency,consistency
2025-05-07 00:00:00,48,2025-04,1198.55,0.0,54798.55,consistency,consistency
2025-05-07 00:00:00,49,2025-04,1198.55,0.0,54798.55,consistency,consistency
2025-05-07 00:00:00,50,2025-04,1198.55,0.0,54798.55,consistency,consistency
2025-05-07 00:00:00,51,2025-04,1198.55,0.0,54798.55,consistency,consistency
2025-05-07 00:00:00,52,2025-04,1198.55,0.0,54798.55,consistency,consistency
2025-05-07 00:00:00,53,2025-04,1198.55,0.0,54798.55,consistency,consistency
2025-05-07 00:00:00,54,2025-04,1198.55,0.0,54798.55,consistency,consistency
2025-05-07 00:00:00,55,2025-04,1198.55,0.0,54798.55,consistency,consistency
2025-05-07 00:00:00,56,2025-04,1198.55,0.0,54798.55,consistency,consistency
2025-05-07 00:00:00,57,2025-04,1198.55,0.0,54798.55,consistency,consistency
2025-05-07 00:00:00,58,2025-04,1198.55,0.0,54798.55,consistency,consistency
2025-05-07 00:00:00,59,2025-04,1198.55,0.0,54798.55,consistency,consistency
2025-05-07 00:00:00,60,2025-04,1198.55,0.0,54798.55,consistency,consistency
2025-05-07 00:00:00,61,2025-04,1198.55,0.0,54798.55,consistency,consistency
2025-05-07 00:00:00,62,2025-04,1198.55,0.0,54798.55,consistency,consistency
2025-05-08 00:00:00,43,2025-04,976.2,0.0,54576.2,consistency,consistency
2025-05-08 00:00:00,44,2025-04,976.2,0.0,54576.2,consistency,consistency
2025-05-08 00:00:00,45,2025-04,976.2,0.0,54576.2,consistency,consistency
2025-05-08 00:00:00,46,2025-04,976.2,0.0,54576.2,consistency,consistency
2025-05-08 00:00:00,47,2025-04,976.2,0.0,54576.2,consistency,consistency
2025-05-08 00:00:00,48,2025-04,976.2,0.0,54576.2,consistency,consistency
2025-05-08 00:00:00,49,2025-04,976.2,0.0,54576.2,consistency,consistency
2025-05-08 00:00:00,50,2025-04,976.2,0.0,54576.2,consistency,consistency
2025-05-08 00:00:00,51,2025-04,976.2,0.0,54576.2,consistency,consistency
2025-05-08 00:00:00,52,2025-04,976.2,0.0,54576.2,consistency,consistency
2025-05-08 00:00:00,53,2025-04,976.2,0.0,54576.2,consistency,consistency
2025-05-08 00:00:00,54,2025-04,976.2,0.0,54576.2,consistency,consistency
2025-05-08 00:00:00,55,2025-04,976.2,0.0,54576.2,consistency,consistency
2025-05-08 00:00:00,56,2025-04,976.2,0.0,54576.2,consistency,consistency
2025-05-08 00:00:00,57,2025-04,976.2,0.0,54576.2,consistency,consistency
2025-05-08 00:00:00,58,2025-04,976.2,0.0,54576.2,consistency,consistency
2025-05-08 00:00:00,59,2025-04,976.2,0.0,54576.2,consistency,consistency
2025-05-08 00:00:00,60,2025-04,976.2,0.0,54576.2,consistency,consistency
2025-05-08 00:00:00,61,2025-04,976.2,0.0,54576.2,consistency,consistency
2025-05-08 00:00:00,62,2025-04,976.2,0.0,54576.2,consistency,consistency
2025-05-09 00:00:00,43,2025-04,1380.75,0.0,54980.75,consistency,consistency
2025-05-09 00:00:00,44,2025-04,1380.75,0.0,54980.75,consistency,consistency
2025-05-09 00:00:00,45,2025-04,1380.75,0.0,54980.75,consistency,consistency
2025-05-09 00:00:00,46,2025-04,1380.75,0.0,54980.75,consistency,consistency
2025-05-09 00:00:00,47,2025-04,1380.75,0.0,54980.75,consistency,consistency
2025-05-09 00:00:00,48,2025-04,1380.75,0.0,54980.75,consistency,consistency
2025-05-09 00:00:00,49,2025-04,1380.75,0.0,54980.75,consistency,consistency
2025-05-09 00:00:00,50,2025-04,1380.75,0.0,54980.75,consistency,consistency
2025-05-09 00:00:00,51,2025-04,1380.75,0.0,54980.75,consistency,consistency
2025-05-09 00:00:00,52,2025-04,1380.75,0.0,54980.75,consistency,consistency
2025-05-09 00:00:00,53,2025-04,1380.75,0.0,54980.75,consistency,consistency
2025-05-09 00:00:00,54,2025-04,1380.75,0.0,54980.75,consistency,consistency
2025-05-09 00:00:00,55,2025-04,1380.75,0.0,54980.75,consistency,consistency
2025-05-09 00:00:00,56,2025-04,1380.75,0.0,54980.75,consistency,consistency
2025-05-09 00:00:00,57,2025-04,1380.75,0.0,54980.75,consistency,consistency
2025-05-09 00:00:00,58,2025-04,1380.75,0.0,54980.75,consistency,consistency
2025-05-09 00:00:00,59,2025-04,1380.75,0.0,54980.75,consistency,consistency
2025-05-09 00:00:00,60,2025-04,1380.75,0.0,54980.75,consistency,consistency
2025-05-09 00:00:00,61,2025-04,1380.75,0.0,54980.75,consistency,consistency
2025-05-09 00:00:00,62,2025-04,1380.75,0.0,54980.75,consistency,consistency
2025-05-10 00:00:00,43,2025-04,1307.45,0.0,54907.45,consistency,consistency
2025-05-10 00:00:00,44,2025-04,1307.45,0.0,54907.45,consistency,consistency
2025-05-10 00:00:00,45,2025-04,1307.45,0.0,54907.45,consistency,consistency
2025-05-10 00:00:00,46,2025-04,1307.45,0.0,54907.45,consistency,consistency
2025-05-10 00:00:00,47,2025-04,1307.45,0.0,54907.45,consistency,consistency
2025-05-10 00:00:00,48,2025-04,1307.45,0.0,54907.45,consistency,consistency
2025-05-10 00:00:00,49,2025-04,1307.45,0.0,54907.45,consistency,consistency
2025-05-10 00:00:00,50,2025-04,1307.45,0.0,54907.45,consistency,consistency
2025-05-10 00:00:00,51,2025-04,1307.45,0.0,54907.45,consistency,consistency
2025-05-10 00:00:00,52,2025-04,1307.45,0.0,54907.45,consistency,consistency
2025-05-10 00:00:00,53,2025-04,1307.45,0.0,54907.45,consistency,consistency
2025-05-10 00:00:00,54,2025-04,1307.45,0.0,54907.45,consistency,consistency
2025-05-10 00:00:00,55,2025-04,1307.45,0.0,54907.45,consistency,consistency
2025-05-10 00:00:00,56,2025-04,1307.45,0.0,54907.45,consistency,consistency
2025-05-10 00:00:00,57,2025-04,1307.45,0.0,54907.45,consistency,consistency
2025-05-10 00:00:00,58,2025-04,1307.45,0.0,54907.45,consistency,consistency
2025-05-10 00:00:00,59,2025-04,1307.45,0.0,54907.45,consistency,consistency
2025-05-10 00:00:00,60,2025-04,1307.45,0.0,54907.45,consistency,consistency
2025-05-10 00:00:00,61,2025-04,1307.45,0.0,54907.45,consistency,consistency
2025-05-10 00:00:00,62,2025-04,1307.45,0.0,54907.45,consistency,consistency
2025-05-11 00:00:00,43,2025-04,1307.45,0.0,54907.45,consistency,consistency
2025-05-11 00:00:00,44,2025-04,1307.45,0.0,54907.45,consistency,consistency
2025-05-11 00:00:00,45,2025-04,1307.45,0.0,54907.45,consistency,consistency
2025-05-11 00:00:00,46,2025-04,1307.45,0.0,54907.45,consistency,consistency
2025-05-11 00:00:00,47,2025-04,1307.45,0.0,54907.45,consistency,consistency
2025-05-11 00:00:00,48,2025-04,1307.45,0.0,54907.45,consistency,consistency
2025-05-11 00:00:00,49,2025-04,1307.45,0.0,54907.45,consistency,consistency
2025-05-11 00:00:00,50,2025-04,1307.45,0.0,54907.45,consistency,consistency
2025-05-11 00:00:00,51,2025-04,1307.45,0.0,54907.45,consistency,consistency
2025-05-11 00:00:00,52,2025-04,1307.45,0.0,54907.45,consistency,consistency
2025-05-11 00:00:00,53,2025-04,1307.45,0.0,54907.45,consistency,consistency
2025-05-11 00:00:00,54,2025-04,1307.45,0.0,54907.45,consistency,consistency
2025-05-11 00:00:00,55,2025-04,1307.45,0.0,54907.45,consistency,consistency
2025-05-11 00:00:00,56,2025-04,1307.45,0.0,54907.45,consistency,consistency
2025-05-11 00:00:00,57,2025-04,1307.45,0.0,54907.45,consistency,consistency
2025-05-11 00:00:00,58,2025-04,1307.45,0.0,54907.45,consistency,consistency
2025-05-11 00:00:00,59,2025-04,1307.45,0.0,54907.45,consistency,consistency
2025-05-11 00:00:00,60,2025-04,1307.45,0.0,54907.45,consistency,consistency
2025-05-11 00:00:00,61,2025-04,1307.45,0.0,54907.45,consistency,consistency
2025-05-11 00:00:00,62,2025-04,1307.45,0.0,54907.45,consistency,consistency
2025-05-12 00:00:00,43,2025-04,1307.45,0.0,54907.45,consistency,consistency
2025-05-12 00:00:00,44,2025-04,1307.45,0.0,54907.45,consistency,consistency
2025-05-12 00:00:00,45,2025-04,1307.45,0.0,54907.45,consistency,consistency
2025-05-12 00:00:00,46,2025-04,1307.45,0.0,54907.45,consistency,consistency
2025-05-12 00:00:00,47,2025-04,1307.45,0.0,54907.45,consistency,consistency
2025-05-12 00:00:00,48,2025-04,1307.45,0.0,54907.45,consistency,consistency
2025-05-12 00:00:00,49,2025-04,1307.45,0.0,54907.45,consistency,consistency
2025-05-12 00:00:00,50,2025-04,1307.45,0.0,54907.45,consistency,consistency
2025-05-12 00:00:00,51,2025-04,1307.45,0.0,54907.45,consistency,consistency
2025-05-12 00:00:00,52,2025-04,1307.45,0.0,54907.45,consistency,consistency
2025-05-12 00:00:00,53,2025-04,1307.45,0.0,54907.45,consistency,consistency
2025-05-12 00:00:00,54,2025-04,1307.45,0.0,54907.45,consistency,consistency
2025-05-12 00:00:00,55,2025-04,1307.45,0.0,54907.45,consistency,consistency
2025-05-12 00:00:00,56,2025-04,1307.45,0.0,54907.45,consistency,consistency
2025-05-12 00:00:00,57,2025-04,1307.45,0.0,54907.45,consistency,consistency
2025-05-12 00:00:00,58,2025-04,1307.45,0.0,54907.45,consistency,consistency
2025-05-12 00:00:00,59,2025-04,1307.45,0.0,54907.45,consistency,consistency
2025-05-12 00:00:00,60,2025-04,1307.45,0.0,54907.45,consistency,consistency
2025-05-12 00:00:00,61,2025-04,1307.45,0.0,54907.45,consistency,consistency
2025-05-12 00:00:00,62,2025-04,1307.45,0.0,54907.45,consistency,consistency
2025-05-13 00:00:00,43,2025-04,2309.6,0.0,55909.6,consistency,consistency
2025-05-13 00:00:00,44,2025-04,2309.6,0.0,55909.6,consistency,consistency
2025-05-13 00:00:00,45,2025-04,2309.6,0.0,55909.6,consistency,consistency
2025-05-13 00:00:00,46,2025-04,2309.6,0.0,55909.6,consistency,consistency
2025-05-13 00:00:00,47,2025-04,2309.6,0.0,55909.6,consistency,consistency
2025-05-13 00:00:00,48,2025-04,2309.6,0.0,55909.6,consistency,consistency
2025-05-13 00:00:00,49,2025-04,2309.6,0.0,55909.6,consistency,consistency
2025-05-13 00:00:00,50,2025-04,2309.6,0.0,55909.6,consistency,consistency
2025-05-13 00:00:00,51,2025-04,2309.6,0.0,55909.6,consistency,consistency
2025-05-13 00:00:00,52,2025-04,2309.6,0.0,55909.6,consistency,consistency
2025-05-13 00:00:00,53,2025-04,2309.6,0.0,55909.6,consistency,consistency
2025-05-13 00:00:00,54,2025-04,2309.6,0.0,55909.6,consistency,consistency
2025-05-13 00:00:00,55,2025-04,2309.6,0.0,55909.6,consistency,consistency
2025-05-13 00:00:00,56,2025-04,2309.6,0.0,55909.6,consistency,consistency
2025-05-13 00:00:00,57,2025-04,2309.6,0.0,55909.6,consistency,consistency
2025-05-13 00:00:00,58,2025-04,2309.6,0.0,55909.6,consistency,consistency
2025-05-13 00:00:00,59,2025-04,2309.6,0.0,55909.6,consistency,consistency
2025-05-13 00:00:00,60,2025-04,2309.6,0.0,55909.6,consistency,consistency
2025-05-13 00:00:00,61,2025-04,2309.6,0.0,55909.6,consistency,consistency
2025-05-13 00:00:00,62,2025-04,2309.6,0.0,55909.6,consistency,consistency
2025-05-14 00:00:00,43,2025-04,2526.6,0.0,56126.6,consistency,consistency
2025-05-14 00:00:00,44,2025-04,2526.6,0.0,56126.6,consistency,consistency
2025-05-14 00:00:00,45,2025-04,2526.6,0.0,56126.6,consistency,consistency
2025-05-14 00:00:00,46,2025-04,2526.6,0.0,56126.6,consistency,consistency
2025-05-14 00:00:00,47,2025-04,2526.6,0.0,56126.6,consistency,consistency
2025-05-14 00:00:00,48,2025-04,2526.6,0.0,56126.6,consistency,consistency
2025-05-14 00:00:00,49,2025-04,2526.6,0.0,56126.6,consistency,consistency
2025-05-14 00:00:00,50,2025-04,2526.6,0.0,56126.6,consistency,consistency
2025-05-14 00:00:00,51,2025-04,2526.6,0.0,56126.6,consistency,consistency
2025-05-14 00:00:00,52,2025-04,2526.6,0.0,56126.6,consistency,consistency
2025-05-14 00:00:00,53,2025-04,2526.6,0.0,56126.6,consistency,consistency
2025-05-14 00:00:00,54,2025-04,2526.6,0.0,56126.6,consistency,consistency
2025-05-14 00:00:00,55,2025-04,2526.6,0.0,56126.6,consistency,consistency
2025-05-14 00:00:00,56,2025-04,2526.6,0.0,56126.6,consistency,consistency
2025-05-14 00:00:00,57,2025-04,2526.6,0.0,56126.6,consistency,consistency
2025-05-14 00:00:00,58,2025-04,2526.6,0.0,56126.6,consistency,consistency
2025-05-14 00:00:00,59,2025-04,2526.6,0.0,56126.6,consistency,consistency
2025-05-14 00:00:00,60,2025-04,2526.6,0.0,56126.6,consistency,consistency
2025-05-14 00:00:00,61,2025-04,2526.6,0.0,56126.6,consistency,consistency
2025-05-14 00:00:00,62,2025-04,2526.6,0.0,56126.6,consistency,consistency
2025-05-15 00:00:00,43,2025-04,2823.1,0.0,56423.1,consistency,consistency
2025-05-15 00:00:00,44,2025-04,2823.1,0.0,56423.1,consistency,consistency
2025-05-15 00:00:00,45,2025-04,2823.1,0.0,56423.1,consistency,consistency
2025-05-15 00:00:00,46,2025-04,2823.1,0.0,56423.1,consistency,consistency
2025-05-15 00:00:00,47,2025-04,2823.1,0.0,56423.1,consistency,consistency
2025-05-15 00:00:00,48,2025-04,2823.1,0.0,56423.1,consistency,consistency
2025-05-15 00:00:00,49,2025-04,2823.1,0.0,56423.1,consistency,consistency
2025-05-15 00:00:00,50,2025-04,2823.1,0.0,56423.1,consistency,consistency
2025-05-15 00:00:00,51,2025-04,2823.1,0.0,56423.1,consistency,consistency
2025-05-15 00:00:00,52,2025-04,2823.1,0.0,56423.1,consistency,consistency
2025-05-15 00:00:00,53,2025-04,2823.1,0.0,56423.1,consistency,consistency
2025-05-15 00:00:00,54,2025-04,2823.1,0.0,56423.1,consistency,consistency
2025-05-15 00:00:00,55,2025-04,2823.1,0.0,56423.1,consistency,consistency
2025-05-15 00:00:00,56,2025-04,2823.1,0.0,56423.1,consistency,consistency
2025-05-15 00:00:00,57,2025-04,2823.1,0.0,56423.1,consistency,consistency
2025-05-15 00:00:00,58,2025-04,2823.1,0.0,56423.1,consistency,consistency
2025-05-15 00:00:00,59,2025-04,2823.1,0.0,56423.1,consistency,consistency
2025-05-15 00:00:00,60,2025-04,2823.1,0.0,56423.1,consistency,consistency
2025-05-15 00:00:00,61,2025-04,2823.1,0.0,56423.1,consistency,consistency
2025-05-15 00:00:00,62,2025-04,2823.1,0.0,56423.1,consistency,consistency
2025-05-16 00:00:00,43,2025-04,2972.8,0.0,56572.8,consistency,consistency
2025-05-16 00:00:00,44,2025-04,2972.8,0.0,56572.8,consistency,consistency
2025-05-16 00:00:00,45,2025-04,2972.8,0.0,56572.8,consistency,consistency
2025-05-16 00:00:00,46,2025-04,2972.8,0.0,56572.8,consistency,consistency
2025-05-16 00:00:00,47,2025-04,2972.8,0.0,56572.8,consistency,consistency
2025-05-16 00:00:00,48,2025-04,2972.8,0.0,56572.8,consistency,consistency
2025-05-16 00:00:00,49,2025-04,2972.8,0.0,56572.8,consistency,consistency
2025-05-16 00:00:00,50,2025-04,2972.8,0.0,56572.8,consistency,consistency
2025-05-16 00:00:00,51,2025-04,2972.8,0.0,56572.8,consistency,consistency
2025-05-16 00:00:00,52,2025-04,2972.8,0.0,56572.8,consistency,consistency
2025-05-16 00:00:00,53,2025-04,2972.8,0.0,56572.8,consistency,consistency
2025-05-16 00:00:00,54,2025-04,2972.8,0.0,56572.8,consistency,consistency
2025-05-16 00:00:00,55,2025-04,2972.8,0.0,56572.8,consistency,consistency
2025-05-16 00:00:00,56,2025-04,2972.8,0.0,56572.8,consistency,consistency
2025-05-16 00:00:00,57,2025-04,2972.8,0.0,56572.8,consistency,consistency
2025-05-16 00:00:00,58,2025-04,2972.8,0.0,56572.8,consistency,consistency
2025-05-16 00:00:00,59,2025-04,2972.8,0.0,56572.8,consistency,consistency
2025-05-16 00:00:00,60,2025-04,2972.8,0.0,56572.8,consistency,consistency
2025-05-16 00:00:00,61,2025-04,2972.8,0.0,56572.8,consistency,consistency
2025-05-16 00:00:00,62,2025-04,2972.8,0.0,56572.8,consistency,consistency
2025-05-17 00:00:00,43,2025-04,3167.85,0.0,56767.85,consistency,consistency
2025-05-17 00:00:00,44,2025-04,3167.85,0.0,56767.85,consistency,consistency
2025-05-17 00:00:00,45,2025-04,3167.85,0.0,56767.85,consistency,consistency
2025-05-17 00:00:00,46,2025-04,3167.85,0.0,56767.85,consistency,consistency
2025-05-17 00:00:00,47,2025-04,3167.85,0.0,56767.85,consistency,consistency
2025-05-17 00:00:00,48,2025-04,3167.85,0.0,56767.85,consistency,consistency
2025-05-17 00:00:00,49,2025-04,3167.85,0.0,56767.85,consistency,consistency
2025-05-17 00:00:00,50,2025-04,3167.85,0.0,56767.85,consistency,consistency
2025-05-17 00:00:00,51,2025-04,3167.85,0.0,56767.85,consistency,consistency
2025-05-17 00:00:00,52,2025-04,3167.85,0.0,56767.85,consistency,consistency
2025-05-17 00:00:00,53,2025-04,3167.85,0.0,56767.85,consistency,consistency
2025-05-17 00:00:00,54,2025-04,3167.85,0.0,56767.85,consistency,consistency
2025-05-17 00:00:00,55,2025-04,3167.85,0.0,56767.85,consistency,consistency
2025-05-17 00:00:00,56,2025-04,3167.85,0.0,56767.85,consistency,consistency
2025-05-17 00:00:00,57,2025-04,3167.85,0.0,56767.85,consistency,consistency
2025-05-17 00:00:00,58,2025-04,3167.85,0.0,56767.85,consistency,consistency
2025-05-17 00:00:00,59,2025-04,3167.85,0.0,56767.85,consistency,consistency
2025-05-17 00:00:00,60,2025-04,3167.85,0.0,56767.85,consistency,consistency
2025-05-17 00:00:00,61,2025-04,3167.85,0.0,56767.85,consistency,consistency
2025-05-17 00:00:00,62,2025-04,3167.85,0.0,56767.85,consistency,consistency
2025-05-18 00:00:00,43,2025-04,3167.85,0.0,56767.85,consistency,consistency
2025-05-18 00:00:00,44,2025-04,3167.85,0.0,56767.85,consistency,consistency
2025-05-18 00:00:00,45,2025-04,3167.85,0.0,56767.85,consistency,consistency
2025-05-18 00:00:00,46,2025-04,3167.85,0.0,56767.85,consistency,consistency
2025-05-18 00:00:00,47,2025-04,3167.85,0.0,56767.85,consistency,consistency
2025-05-18 00:00:00,48,2025-04,3167.85,0.0,56767.85,consistency,consistency
2025-05-18 00:00:00,49,2025-04,3167.85,0.0,56767.85,consistency,consistency
2025-05-18 00:00:00,50,2025-04,3167.85,0.0,56767.85,consistency,consistency
2025-05-18 00:00:00,51,2025-04,3167.85,0.0,56767.85,consistency,consistency
2025-05-18 00:00:00,52,2025-04,3167.85,0.0,56767.85,consistency,consistency
2025-05-18 00:00:00,53,2025-04,3167.85,0.0,56767.85,consistency,consistency
2025-05-18 00:00:00,54,2025-04,3167.85,0.0,56767.85,consistency,consistency
2025-05-18 00:00:00,55,2025-04,3167.85,0.0,56767.85,consistency,consistency
2025-05-18 00:00:00,56,2025-04,3167.85,0.0,56767.85,consistency,consistency
2025-05-18 00:00:00,57,2025-04,3167.85,0.0,56767.85,consistency,consistency
2025-05-18 00:00:00,58,2025-04,3167.85,0.0,56767.85,consistency,consistency
2025-05-18 00:00:00,59,2025-04,3167.85,0.0,56767.85,consistency,consistency
2025-05-18 00:00:00,60,2025-04,3167.85,0.0,56767.85,consistency,consistency
2025-05-18 00:00:00,61,2025-04,3167.85,0.0,56767.85,consistency,consistency
2025-05-18 00:00:00,62,2025-04,3167.85,0.0,56767.85,consistency,consistency
2025-05-19 00:00:00,43,2025-04,3167.85,0.0,56767.85,consistency,consistency
2025-05-19 00:00:00,44,2025-04,3167.85,0.0,56767.85,consistency,consistency
2025-05-19 00:00:00,45,2025-04,3167.85,0.0,56767.85,consistency,consistency
2025-05-19 00:00:00,46,2025-04,3167.85,0.0,56767.85,consistency,consistency
2025-05-19 00:00:00,47,2025-04,3167.85,0.0,56767.85,consistency,consistency
2025-05-19 00:00:00,48,2025-04,3167.85,0.0,56767.85,consistency,consistency
2025-05-19 00:00:00,49,2025-04,3167.85,0.0,56767.85,consistency,consistency
2025-05-19 00:00:00,50,2025-04,3167.85,0.0,56767.85,consistency,consistency
2025-05-19 00:00:00,51,2025-04,3167.85,0.0,56767.85,consistency,consistency
2025-05-19 00:00:00,52,2025-04,3167.85,0.0,56767.85,consistency,consistency
2025-05-19 00:00:00,53,2025-04,3167.85,0.0,56767.85,consistency,consistency
2025-05-19 00:00:00,54,2025-04,3167.85,0.0,56767.85,consistency,consistency
2025-05-19 00:00:00,55,2025-04,3167.85,0.0,56767.85,consistency,consistency
2025-05-19 00:00:00,56,2025-04,3167.85,0.0,56767.85,consistency,consistency
2025-05-19 00:00:00,57,2025-04,3167.85,0.0,56767.85,consistency,consistency
2025-05-19 00:00:00,58,2025-04,3167.85,0.0,56767.85,consistency,consistency
2025-05-19 00:00:00,59,2025-04,3167.85,0.0,56767.85,consistency,consistency
2025-05-19 00:00:00,60,2025-04,3167.85,0.0,56767.85,consistency,consistency
2025-05-19 00:00:00,61,2025-04,3167.85,0.0,56767.85,consistency,consistency
2025-05-19 00:00:00,62,2025-04,3167.85,0.0,56767.85,consistency,consistency
2025-05-20 00:00:00,43,2025-04,3509.05,0.0,57109.05,consistency,consistency
2025-05-20 00:00:00,44,2025-04,3509.05,0.0,57109.05,consistency,consistency
2025-05-20 00:00:00,45,2025-04,3509.05,0.0,57109.05,consistency,consistency
2025-05-20 00:00:00,46,2025-04,3509.05,0.0,57109.05,consistency,consistency
2025-05-20 00:00:00,47,2025-04,3509.05,0.0,57109.05,consistency,consistency
2025-05-20 00:00:00,48,2025-04,3509.05,0.0,57109.05,consistency,consistency
2025-05-20 00:00:00,49,2025-04,3509.05,0.0,57109.05,consistency,consistency
2025-05-20 00:00:00,50,2025-04,3509.05,0.0,57109.05,consistency,consistency
2025-05-20 00:00:00,51,2025-04,3509.05,0.0,57109.05,consistency,consistency
2025-05-20 00:00:00,52,2025-04,3509.05,0.0,57109.05,consistency,consistency
2025-05-20 00:00:00,53,2025-04,3509.05,0.0,57109.05,consistency,consistency
2025-05-20 00:00:00,54,2025-04,3509.05,0.0,57109.05,consistency,consistency
2025-05-20 00:00:00,55,2025-04,3509.05,0.0,57109.05,consistency,consistency
2025-05-20 00:00:00,56,2025-04,3509.05,0.0,57109.05,consistency,consistency
2025-05-20 00:00:00,57,2025-04,3509.05,0.0,57109.05,consistency,consistency
2025-05-20 00:00:00,58,2025-04,3509.05,0.0,57109.05,consistency,consistency
2025-05-20 00:00:00,59,2025-04,3509.05,0.0,57109.05,consistency,consistency
2025-05-20 00:00:00,60,2025-04,3509.05,0.0,57109.05,consistency,consistency
2025-05-20 00:00:00,61,2025-04,3509.05,0.0,57109.05,consistency,consistency
2025-05-20 00:00:00,62,2025-04,3509.05,0.0,57109.05,consistency,consistency
2025-05-21 00:00:00,43,2025-04,3314.05,0.0,56914.05,consistency,consistency
2025-05-21 00:00:00,44,2025-04,3314.05,0.0,56914.05,consistency,consistency
2025-05-21 00:00:00,45,2025-04,3314.05,0.0,56914.05,consistency,consistency
2025-05-21 00:00:00,46,2025-04,3314.05,0.0,56914.05,consistency,consistency
2025-05-21 00:00:00,47,2025-04,3314.05,0.0,56914.05,consistency,consistency
2025-05-21 00:00:00,48,2025-04,3314.05,0.0,56914.05,consistency,consistency
2025-05-21 00:00:00,49,2025-04,3314.05,0.0,56914.05,consistency,consistency
2025-05-21 00:00:00,50,2025-04,3314.05,0.0,56914.05,consistency,consistency
2025-05-21 00:00:00,51,2025-04,3314.05,0.0,56914.05,consistency,consistency
2025-05-21 00:00:00,52,2025-04,3314.05,0.0,56914.05,consistency,consistency
2025-05-21 00:00:00,53,2025-04,3314.05,0.0,56914.05,consistency,consistency
2025-05-21 00:00:00,54,2025-04,3314.05,0.0,56914.05,consistency,consistency
2025-05-21 00:00:00,55,2025-04,3314.05,0.0,56914.05,consistency,consistency
2025-05-21 00:00:00,56,2025-04,3314.05,0.0,56914.05,consistency,consistency
2025-05-21 00:00:00,57,2025-04,3314.05,0.0,56914.05,consistency,consistency
2025-05-21 00:00:00,58,2025-04,3314.05,0.0,56914.05,consistency,consistency
2025-05-21 00:00:00,59,2025-04,3314.05,0.0,56914.05,consistency,consistency
2025-05-21 00:00:00,60,2025-04,3314.05,0.0,56914.05,consistency,consistency
2025-05-21 00:00:00,61,2025-04,3314.05,0.0,56914.05,consistency,consistency
2025-05-21 00:00:00,62,2025-04,3314.05,0.0,56914.05,consistency,consistency
2025-05-22 00:00:00,43,2025-04,2959.7,0.0,56559.7,consistency,consistency
2025-05-22 00:00:00,44,2025-04,2959.7,0.0,56559.7,consistency,consistency
2025-05-22 00:00:00,45,2025-04,2959.7,0.0,56559.7,consistency,consistency
2025-05-22 00:00:00,46,2025-04,2959.7,0.0,56559.7,consistency,consistency
2025-05-22 00:00:00,47,2025-04,2959.7,0.0,56559.7,consistency,consistency
2025-05-22 00:00:00,48,2025-04,2959.7,0.0,56559.7,consistency,consistency
2025-05-22 00:00:00,49,2025-04,2959.7,0.0,56559.7,consistency,consistency
2025-05-22 00:00:00,50,2025-04,2959.7,0.0,56559.7,consistency,consistency
2025-05-22 00:00:00,51,2025-04,2959.7,0.0,56559.7,consistency,consistency
2025-05-22 00:00:00,52,2025-04,2959.7,0.0,56559.7,consistency,consistency
2025-05-22 00:00:00,53,2025-04,2959.7,0.0,56559.7,consistency,consistency
2025-05-22 00:00:00,54,2025-04,2959.7,0.0,56559.7,consistency,consistency
2025-05-22 00:00:00,55,2025-04,2959.7,0.0,56559.7,consistency,consistency
2025-05-22 00:00:00,56,2025-04,2959.7,0.0,56559.7,consistency,consistency
2025-05-22 00:00:00,57,2025-04,2959.7,0.0,56559.7,consistency,consistency
2025-05-22 00:00:00,58,2025-04,2959.7,0.0,56559.7,consistency,consistency
2025-05-22 00:00:00,59,2025-04,2959.7,0.0,56559.7,consistency,consistency
2025-05-22 00:00:00,60,2025-04,2959.7,0.0,56559.7,consistency,consistency
2025-05-22 00:00:00,61,2025-04,2959.7,0.0,56559.7,consistency,consistency
2025-05-22 00:00:00,62,2025-04,2959.7,0.0,56559.7,consistency,consistency
2025-05-23 00:00:00,43,2025-04,3032.2,0.0,56632.2,consistency,consistency
2025-05-23 00:00:00,44,2025-04,3032.2,0.0,56632.2,consistency,consistency
2025-05-23 00:00:00,45,2025-04,3032.2,0.0,56632.2,consistency,consistency
2025-05-23 00:00:00,46,2025-04,3032.2,0.0,56632.2,consistency,consistency
2025-05-23 00:00:00,47,2025-04,3032.2,0.0,56632.2,consistency,consistency
2025-05-23 00:00:00,48,2025-04,3032.2,0.0,56632.2,consistency,consistency
2025-05-23 00:00:00,49,2025-04,3032.2,0.0,56632.2,consistency,consistency
2025-05-23 00:00:00,50,2025-04,3032.2,0.0,56632.2,consistency,consistency
2025-05-23 00:00:00,51,2025-04,3032.2,0.0,56632.2,consistency,consistency
2025-05-23 00:00:00,52,2025-04,3032.2,0.0,56632.2,consistency,consistency
2025-05-23 00:00:00,53,2025-04,3032.2,0.0,56632.2,consistency,consistency
2025-05-23 00:00:00,54,2025-04,3032.2,0.0,56632.2,consistency,consistency
2025-05-23 00:00:00,55,2025-04,3032.2,0.0,56632.2,consistency,consistency
2025-05-23 00:00:00,56,2025-04,3032.2,0.0,56632.2,consistency,consistency
2025-05-23 00:00:00,57,2025-04,3032.2,0.0,56632.2,consistency,consistency
2025-05-23 00:00:00,58,2025-04,3032.2,0.0,56632.2,consistency,consistency
2025-05-23 00:00:00,59,2025-04,3032.2,0.0,56632.2,consistency,consistency
2025-05-23 00:00:00,60,2025-04,3032.2,0.0,56632.2,consistency,consistency
2025-05-23 00:00:00,61,2025-04,3032.2,0.0,56632.2,consistency,consistency
2025-05-23 00:00:00,62,2025-04,3032.2,0.0,56632.2,consistency,consistency
2025-05-24 00:00:00,43,2025-04,3086.35,0.0,56686.35,consistency,consistency
2025-05-24 00:00:00,44,2025-04,3086.35,0.0,56686.35,consistency,consistency
2025-05-24 00:00:00,45,2025-04,3086.35,0.0,56686.35,consistency,consistency
2025-05-24 00:00:00,46,2025-04,3086.35,0.0,56686.35,consistency,consistency
2025-05-24 00:00:00,47,2025-04,3086.35,0.0,56686.35,consistency,consistency
2025-05-24 00:00:00,48,2025-04,3086.35,0.0,56686.35,consistency,consistency
2025-05-24 00:00:00,49,2025-04,3086.35,0.0,56686.35,consistency,consistency
2025-05-24 00:00:00,50,2025-04,3086.35,0.0,56686.35,consistency,consistency
2025-05-24 00:00:00,51,2025-04,3086.35,0.0,56686.35,consistency,consistency
2025-05-24 00:00:00,52,2025-04,3086.35,0.0,56686.35,consistency,consistency
2025-05-24 00:00:00,53,2025-04,3086.35,0.0,56686.35,consistency,consistency
2025-05-24 00:00:00,54,2025-04,3086.35,0.0,56686.35,consistency,consistency
2025-05-24 00:00:00,55,2025-04,3086.35,0.0,56686.35,consistency,consistency
2025-05-24 00:00:00,56,2025-04,3086.35,0.0,56686.35,consistency,consistency
2025-05-24 00:00:00,57,2025-04,3086.35,0.0,56686.35,consistency,consistency
2025-05-24 00:00:00,58,2025-04,3086.35,0.0,56686.35,consistency,consistency
2025-05-24 00:00:00,59,2025-04,3086.35,0.0,56686.35,consistency,consistency
2025-05-24 00:00:00,60,2025-04,3086.35,0.0,56686.35,consistency,consistency
2025-05-24 00:00:00,61,2025-04,3086.35,0.0,56686.35,consistency,consistency
2025-05-24 00:00:00,62,2025-04,3086.35,0.0,56686.35,consistency,consistency
2025-05-25 00:00:00,43,2025-04,3086.35,0.0,56686.35,consistency,consistency
2025-05-25 00:00:00,44,2025-04,3086.35,0.0,56686.35,consistency,consistency
2025-05-25 00:00:00,45,2025-04,3086.35,0.0,56686.35,consistency,consistency
2025-05-25 00:00:00,46,2025-04,3086.35,0.0,56686.35,consistency,consistency
2025-05-25 00:00:00,47,2025-04,3086.35,0.0,56686.35,consistency,consistency
2025-05-25 00:00:00,48,2025-04,3086.35,0.0,56686.35,consistency,consistency
2025-05-25 00:00:00,49,2025-04,3086.35,0.0,56686.35,consistency,consistency
2025-05-25 00:00:00,50,2025-04,3086.35,0.0,56686.35,consistency,consistency
2025-05-25 00:00:00,51,2025-04,3086.35,0.0,56686.35,consistency,consistency
2025-05-25 00:00:00,52,2025-04,3086.35,0.0,56686.35,consistency,consistency
2025-05-25 00:00:00,53,2025-04,3086.35,0.0,56686.35,consistency,consistency
2025-05-25 00:00:00,54,2025-04,3086.35,0.0,56686.35,consistency,consistency
2025-05-25 00:00:00,55,2025-04,3086.35,0.0,56686.35,consistency,consistency
2025-05-25 00:00:00,56,2025-04,3086.35,0.0,56686.35,consistency,consistency
2025-05-25 00:00:00,57,2025-04,3086.35,0.0,56686.35,consistency,consistency
2025-05-25 00:00:00,58,2025-04,3086.35,0.0,56686.35,consistency,consistency
2025-05-25 00:00:00,59,2025-04,3086.35,0.0,56686.35,consistency,consistency
2025-05-25 00:00:00,60,2025-04,3086.35,0.0,56686.35,consistency,consistency
2025-05-25 00:00:00,61,2025-04,3086.35,0.0,56686.35,consistency,consistency
2025-05-25 00:00:00,62,2025-04,3086.35,0.0,56686.35,consistency,consistency
2025-05-26 00:00:00,43,2025-04,3086.35,0.0,56686.35,consistency,consistency
2025-05-26 00:00:00,44,2025-04,3086.35,0.0,56686.35,consistency,consistency
2025-05-26 00:00:00,45,2025-04,3086.35,0.0,56686.35,consistency,consistency
2025-05-26 00:00:00,46,2025-04,3086.35,0.0,56686.35,consistency,consistency
2025-05-26 00:00:00,47,2025-04,3086.35,0.0,56686.35,consistency,consistency
2025-05-26 00:00:00,48,2025-04,3086.35,0.0,56686.35,consistency,consistency
2025-05-26 00:00:00,49,2025-04,3086.35,0.0,56686.35,consistency,consistency
2025-05-26 00:00:00,50,2025-04,3086.35,0.0,56686.35,consistency,consistency
2025-05-26 00:00:00,51,2025-04,3086.35,0.0,56686.35,consistency,consistency
2025-05-26 00:00:00,52,2025-04,3086.35,0.0,56686.35,consistency,consistency
2025-05-26 00:00:00,53,2025-04,3086.35,0.0,56686.35,consistency,consistency
2025-05-26 00:00:00,54,2025-04,3086.35,0.0,56686.35,consistency,consistency
2025-05-26 00:00:00,55,2025-04,3086.35,0.0,56686.35,consistency,consistency
2025-05-26 00:00:00,56,2025-04,3086.35,0.0,56686.35,consistency,consistency
2025-05-26 00:00:00,57,2025-04,3086.35,0.0,56686.35,consistency,consistency
2025-05-26 00:00:00,58,2025-04,3086.35,0.0,56686.35,consistency,consistency
2025-05-26 00:00:00,59,2025-04,3086.35,0.0,56686.35,consistency,consistency
2025-05-26 00:00:00,60,2025-04,3086.35,0.0,56686.35,consistency,consistency
2025-05-26 00:00:00,61,2025-04,3086.35,0.0,56686.35,consistency,consistency
2025-05-26 00:00:00,62,2025-04,3086.35,0.0,56686.35,consistency,consistency
2025-05-27 00:00:00,43,2025-04,3232.05,0.0,56832.05,consistency,consistency
2025-05-27 00:00:00,44,2025-04,3232.05,0.0,56832.05,consistency,consistency
2025-05-27 00:00:00,45,2025-04,3232.05,0.0,56832.05,consistency,consistency
2025-05-27 00:00:00,46,2025-04,3232.05,0.0,56832.05,consistency,consistency
2025-05-27 00:00:00,47,2025-04,3232.05,0.0,56832.05,consistency,consistency
2025-05-27 00:00:00,48,2025-04,3232.05,0.0,56832.05,consistency,consistency
2025-05-27 00:00:00,49,2025-04,3232.05,0.0,56832.05,consistency,consistency
2025-05-27 00:00:00,50,2025-04,3232.05,0.0,56832.05,consistency,consistency
2025-05-27 00:00:00,51,2025-04,3232.05,0.0,56832.05,consistency,consistency
2025-05-27 00:00:00,52,2025-04,3232.05,0.0,56832.05,consistency,consistency
2025-05-27 00:00:00,53,2025-04,3232.05,0.0,56832.05,consistency,consistency
2025-05-27 00:00:00,54,2025-04,3232.05,0.0,56832.05,consistency,consistency
2025-05-27 00:00:00,55,2025-04,3232.05,0.0,56832.05,consistency,consistency
2025-05-27 00:00:00,56,2025-04,3232.05,0.0,56832.05,consistency,consistency
2025-05-27 00:00:00,57,2025-04,3232.05,0.0,56832.05,consistency,consistency
2025-05-27 00:00:00,58,2025-04,3232.05,0.0,56832.05,consistency,consistency
2025-05-27 00:00:00,59,2025-04,3232.05,0.0,56832.05,consistency,consistency
2025-05-27 00:00:00,60,2025-04,3232.05,0.0,56832.05,consistency,consistency
2025-05-27 00:00:00,61,2025-04,3232.05,0.0,56832.05,consistency,consistency
2025-05-27 00:00:00,62,2025-04,3232.05,0.0,56832.05,consistency,consistency
2025-05-28 00:00:00,43,2025-04,3021.65,0.0,56621.65,consistency,consistency
2025-05-28 00:00:00,44,2025-04,3021.65,0.0,56621.65,consistency,consistency
2025-05-28 00:00:00,45,2025-04,3021.65,0.0,56621.65,consistency,consistency
2025-05-28 00:00:00,46,2025-04,3021.65,0.0,56621.65,consistency,consistency
2025-05-28 00:00:00,47,2025-04,3021.65,0.0,56621.65,consistency,consistency
2025-05-28 00:00:00,48,2025-04,3021.65,0.0,56621.65,consistency,consistency
2025-05-28 00:00:00,49,2025-04,3021.65,0.0,56621.65,consistency,consistency
2025-05-28 00:00:00,50,2025-04,3021.65,0.0,56621.65,consistency,consistency
2025-05-28 00:00:00,51,2025-04,3021.65,0.0,56621.65,consistency,consistency
2025-05-28 00:00:00,52,2025-04,3021.65,0.0,56621.65,consistency,consistency
2025-05-28 00:00:00,53,2025-04,3021.65,0.0,56621.65,consistency,consistency
2025-05-28 00:00:00,54,2025-04,3021.65,0.0,56621.65,consistency,consistency
2025-05-28 00:00:00,55,2025-04,3021.65,0.0,56621.65,consistency,consistency
2025-05-28 00:00:00,56,2025-04,3021.65,0.0,56621.65,consistency,consistency
2025-05-28 00:00:00,57,2025-04,3021.65,0.0,56621.65,consistency,consistency
2025-05-28 00:00:00,58,2025-04,3021.65,0.0,56621.65,consistency,consistency
2025-05-28 00:00:00,59,2025-04,3021.65,0.0,56621.65,consistency,consistency
2025-05-28 00:00:00,60,2025-04,3021.65,0.0,56621.65,consistency,consistency
2025-05-28 00:00:00,61,2025-04,3021.65,0.0,56621.65,consistency,consistency
2025-05-28 00:00:00,62,2025-04,3021.65,0.0,56621.65,consistency,consistency
2025-05-29 00:00:00,43,2025-04,2362.6,0.0,55962.6,consistency,consistency
2025-05-29 00:00:00,44,2025-04,2362.6,0.0,55962.6,consistency,consistency
2025-05-29 00:00:00,45,2025-04,2362.6,0.0,55962.6,consistency,consistency
2025-05-29 00:00:00,46,2025-04,2362.6,0.0,55962.6,consistency,consistency
2025-05-29 00:00:00,47,2025-04,2362.6,0.0,55962.6,consistency,consistency
2025-05-29 00:00:00,48,2025-04,2362.6,0.0,55962.6,consistency,consistency
2025-05-29 00:00:00,49,2025-04,2362.6,0.0,55962.6,consistency,consistency
2025-05-29 00:00:00,50,2025-04,2362.6,0.0,55962.6,consistency,consistency
2025-05-29 00:00:00,51,2025-04,2362.6,0.0,55962.6,consistency,consistency
2025-05-29 00:00:00,52,2025-04,2362.6,0.0,55962.6,consistency,consistency
2025-05-29 00:00:00,53,2025-04,2362.6,0.0,55962.6,consistency,consistency
2025-05-29 00:00:00,54,2025-04,2362.6,0.0,55962.6,consistency,consistency
2025-05-29 00:00:00,55,2025-04,2362.6,0.0,55962.6,consistency,consistency
2025-05-29 00:00:00,56,2025-04,2362.6,0.0,55962.6,consistency,consistency
2025-05-29 00:00:00,57,2025-04,2362.6,0.0,55962.6,consistency,consistency
2025-05-29 00:00:00,58,2025-04,2362.6,0.0,55962.6,consistency,consistency
2025-05-29 00:00:00,59,2025-04,2362.6,0.0,55962.6,consistency,consistency
2025-05-29 00:00:00,60,2025-04,2362.6,0.0,55962.6,consistency,consistency
2025-05-29 00:00:00,61,2025-04,2362.6,0.0,55962.6,consistency,consistency
2025-05-29 00:00:00,62,2025-04,2362.6,0.0,55962.6,consistency,consistency
2025-05-30 00:00:00,43,2025-04,2421.35,0.0,56021.35,consistency,consistency
2025-05-30 00:00:00,44,2025-04,2421.35,0.0,56021.35,consistency,consistency
2025-05-30 00:00:00,45,2025-04,2421.35,0.0,56021.35,consistency,consistency
2025-05-30 00:00:00,46,2025-04,2421.35,0.0,56021.35,consistency,consistency
2025-05-30 00:00:00,47,2025-04,2421.35,0.0,56021.35,consistency,consistency
2025-05-30 00:00:00,48,2025-04,2421.35,0.0,56021.35,consistency,consistency
2025-05-30 00:00:00,49,2025-04,2421.35,0.0,56021.35,consistency,consistency
2025-05-30 00:00:00,50,2025-04,2421.35,0.0,56021.35,consistency,consistency
2025-05-30 00:00:00,51,2025-04,2421.35,0.0,56021.35,consistency,consistency
2025-05-30 00:00:00,52,2025-04,2421.35,0.0,56021.35,consistency,consistency
2025-05-30 00:00:00,53,2025-04,2421.35,0.0,56021.35,consistency,consistency
2025-05-30 00:00:00,54,2025-04,2421.35,0.0,56021.35,consistency,consistency
2025-05-30 00:00:00,55,2025-04,2421.35,0.0,56021.35,consistency,consistency
2025-05-30 00:00:00,56,2025-04,2421.35,0.0,56021.35,consistency,consistency
2025-05-30 00:00:00,57,2025-04,2421.35,0.0,56021.35,consistency,consistency
2025-05-30 00:00:00,58,2025-04,2421.35,0.0,56021.35,consistency,consistency
2025-05-30 00:00:00,59,2025-04,2421.35,0.0,56021.35,consistency,consistency
2025-05-30 00:00:00,60,2025-04,2421.35,0.0,56021.35,consistency,consistency
2025-05-30 00:00:00,61,2025-04,2421.35,0.0,56021.35,consistency,consistency
2025-05-30 00:00:00,62,2025-04,2421.35,0.0,56021.35,consistency,consistency
2025-05-31 00:00:00,43,2025-04,2267.05,0.0,55867.05,consistency,consistency
2025-05-31 00:00:00,44,2025-04,2267.05,0.0,55867.05,consistency,consistency
2025-05-31 00:00:00,45,2025-04,2267.05,0.0,55867.05,consistency,consistency
2025-05-31 00:00:00,46,2025-04,2267.05,0.0,55867.05,consistency,consistency
2025-05-31 00:00:00,47,2025-04,2267.05,0.0,55867.05,consistency,consistency
2025-05-31 00:00:00,48,2025-04,2267.05,0.0,55867.05,consistency,consistency
2025-05-31 00:00:00,49,2025-04,2267.05,0.0,55867.05,consistency,consistency
2025-05-31 00:00:00,50,2025-04,2267.05,0.0,55867.05,consistency,consistency
2025-05-31 00:00:00,51,2025-04,2267.05,0.0,55867.05,consistency,consistency
2025-05-31 00:00:00,52,2025-04,2267.05,0.0,55867.05,consistency,consistency
2025-05-31 00:00:00,53,2025-04,2267.05,0.0,55867.05,consistency,consistency
2025-05-31 00:00:00,54,2025-04,2267.05,0.0,55867.05,consistency,consistency
2025-05-31 00:00:00,55,2025-04,2267.05,0.0,55867.05,consistency,consistency
2025-05-31 00:00:00,56,2025-04,2267.05,0.0,55867.05,consistency,consistency
2025-05-31 00:00:00,57,2025-04,2267.05,0.0,55867.05,consistency,consistency
2025-05-31 00:00:00,58,2025-04,2267.05,0.0,55867.05,consistency,consistency
2025-05-31 00:00:00,59,2025-04,2267.05,0.0,55867.05,consistency,consistency
2025-05-31 00:00:00,60,2025-04,2267.05,0.0,55867.05,consistency,consistency
2025-05-31 00:00:00,61,2025-04,2267.05,0.0,55867.05,consistency,consistency
2025-05-31 00:00:00,62,2025-04,2267.05,0.0,55867.05,consistency,consistency
2025-06-01 00:00:00,43,2025-04,2267.05,0.0,55867.05,consistency,consistency
2025-06-01 00:00:00,44,2025-04,2267.05,0.0,55867.05,consistency,consistency
2025-06-01 00:00:00,45,2025-04,2267.05,0.0,55867.05,consistency,consistency
2025-06-01 00:00:00,46,2025-04,2267.05,0.0,55867.05,consistency,consistency
2025-06-01 00:00:00,47,2025-04,2267.05,0.0,55867.05,consistency,consistency
2025-06-01 00:00:00,48,2025-04,2267.05,0.0,55867.05,consistency,consistency
2025-06-01 00:00:00,49,2025-04,2267.05,0.0,55867.05,consistency,consistency
2025-06-01 00:00:00,50,2025-04,2267.05,0.0,55867.05,consistency,consistency
2025-06-01 00:00:00,51,2025-04,2267.05,0.0,55867.05,consistency,consistency
2025-06-01 00:00:00,52,2025-04,2267.05,0.0,55867.05,consistency,consistency
2025-06-01 00:00:00,53,2025-04,2267.05,0.0,55867.05,consistency,consistency
2025-06-01 00:00:00,54,2025-04,2267.05,0.0,55867.05,consistency,consistency
2025-06-01 00:00:00,55,2025-04,2267.05,0.0,55867.05,consistency,consistency
2025-06-01 00:00:00,56,2025-04,2267.05,0.0,55867.05,consistency,consistency
2025-06-01 00:00:00,57,2025-04,2267.05,0.0,55867.05,consistency,consistency
2025-06-01 00:00:00,58,2025-04,2267.05,0.0,55867.05,consistency,consistency
2025-06-01 00:00:00,59,2025-04,2267.05,0.0,55867.05,consistency,consistency
2025-06-01 00:00:00,60,2025-04,2267.05,0.0,55867.05,consistency,consistency
2025-06-01 00:00:00,61,2025-04,2267.05,0.0,55867.05,consistency,consistency
2025-06-01 00:00:00,62,2025-04,2267.05,0.0,55867.05,consistency,consistency
2025-06-02 00:00:00,43,2025-04,2267.05,0.0,55867.05,consistency,consistency
2025-06-02 00:00:00,44,2025-04,2267.05,0.0,55867.05,consistency,consistency
2025-06-02 00:00:00,45,2025-04,2267.05,0.0,55867.05,consistency,consistency
2025-06-02 00:00:00,46,2025-04,2267.05,0.0,55867.05,consistency,consistency
2025-06-02 00:00:00,47,2025-04,2267.05,0.0,55867.05,consistency,consistency
2025-06-02 00:00:00,48,2025-04,2267.05,0.0,55867.05,consistency,consistency
2025-06-02 00:00:00,49,2025-04,2267.05,0.0,55867.05,consistency,consistency
2025-06-02 00:00:00,50,2025-04,2267.05,0.0,55867.05,consistency,consistency
2025-06-02 00:00:00,51,2025-04,2267.05,0.0,55867.05,consistency,consistency
2025-06-02 00:00:00,52,2025-04,2267.05,0.0,55867.05,consistency,consistency
2025-06-02 00:00:00,53,2025-04,2267.05,0.0,55867.05,consistency,consistency
2025-06-02 00:00:00,54,2025-04,2267.05,0.0,55867.05,consistency,consistency
2025-06-02 00:00:00,55,2025-04,2267.05,0.0,55867.05,consistency,consistency
2025-06-02 00:00:00,56,2025-04,2267.05,0.0,55867.05,consistency,consistency
2025-06-02 00:00:00,57,2025-04,2267.05,0.0,55867.05,consistency,consistency
2025-06-02 00:00:00,58,2025-04,2267.05,0.0,55867.05,consistency,consistency
2025-06-02 00:00:00,59,2025-04,2267.05,0.0,55867.05,consistency,consistency
2025-06-02 00:00:00,60,2025-04,2267.05,0.0,55867.05,consistency,consistency
2025-06-02 00:00:00,61,2025-04,2267.05,0.0,55867.05,consistency,consistency
2025-06-02 00:00:00,62,2025-04,2267.05,0.0,55867.05,consistency,consistency
2025-06-03 00:00:00,43,2025-04,2457.6,0.0,56057.6,consistency,consistency
2025-06-03 00:00:00,44,2025-04,2457.6,0.0,56057.6,consistency,consistency
2025-06-03 00:00:00,45,2025-04,2457.6,0.0,56057.6,consistency,consistency
2025-06-03 00:00:00,46,2025-04,2457.6,0.0,56057.6,consistency,consistency
2025-06-03 00:00:00,47,2025-04,2457.6,0.0,56057.6,consistency,consistency
2025-06-03 00:00:00,48,2025-04,2457.6,0.0,56057.6,consistency,consistency
2025-06-03 00:00:00,49,2025-04,2457.6,0.0,56057.6,consistency,consistency
2025-06-03 00:00:00,50,2025-04,2457.6,0.0,56057.6,consistency,consistency
2025-06-03 00:00:00,51,2025-04,2457.6,0.0,56057.6,consistency,consistency
2025-06-03 00:00:00,52,2025-04,2457.6,0.0,56057.6,consistency,consistency
2025-06-03 00:00:00,53,2025-04,2457.6,0.0,56057.6,consistency,consistency
2025-06-03 00:00:00,54,2025-04,2457.6,0.0,56057.6,consistency,consistency
2025-06-03 00:00:00,55,2025-04,2457.6,0.0,56057.6,consistency,consistency
2025-06-03 00:00:00,56,2025-04,2457.6,0.0,56057.6,consistency,consistency
2025-06-03 00:00:00,57,2025-04,2457.6,0.0,56057.6,consistency,consistency
2025-06-03 00:00:00,58,2025-04,2457.6,0.0,56057.6,consistency,consistency
2025-06-03 00:00:00,59,2025-04,2457.6,0.0,56057.6,consistency,consistency
2025-06-03 00:00:00,60,2025-04,2457.6,0.0,56057.6,consistency,consistency
2025-06-03 00:00:00,61,2025-04,2457.6,0.0,56057.6,consistency,consistency
2025-06-03 00:00:00,62,2025-04,2457.6,0.0,56057.6,consistency,consistency
2025-06-04 00:00:00,43,2025-04,2599.45,0.0,56199.45,consistency,consistency
2025-06-04 00:00:00,44,2025-04,2599.45,0.0,56199.45,consistency,consistency
2025-06-04 00:00:00,45,2025-04,2599.45,0.0,56199.45,consistency,consistency
2025-06-04 00:00:00,46,2025-04,2599.45,0.0,56199.45,consistency,consistency
2025-06-04 00:00:00,47,2025-04,2599.45,0.0,56199.45,consistency,consistency
2025-06-04 00:00:00,48,2025-04,2599.45,0.0,56199.45,consistency,consistency
2025-06-04 00:00:00,49,2025-04,2599.45,0.0,56199.45,consistency,consistency
2025-06-04 00:00:00,50,2025-04,2599.45,0.0,56199.45,consistency,consistency
2025-06-04 00:00:00,51,2025-04,2599.45,0.0,56199.45,consistency,consistency
2025-06-04 00:00:00,52,2025-04,2599.45,0.0,56199.45,consistency,consistency
2025-06-04 00:00:00,53,2025-04,2599.45,0.0,56199.45,consistency,consistency
2025-06-04 00:00:00,54,2025-04,2599.45,0.0,56199.45,consistency,consistency
2025-06-04 00:00:00,55,2025-04,2599.45,0.0,56199.45,consistency,consistency
2025-06-04 00:00:00,56,2025-04,2599.45,0.0,56199.45,consistency,consistency
2025-06-04 00:00:00,57,2025-04,2599.45,0.0,56199.45,consistency,consistency
2025-06-04 00:00:00,58,2025-04,2599.45,0.0,56199.45,consistency,consistency
2025-06-04 00:00:00,59,2025-04,2599.45,0.0,56199.45,consistency,consistency
2025-06-04 00:00:00,60,2025-04,2599.45,0.0,56199.45,consistency,consistency
2025-06-04 00:00:00,61,2025-04,2599.45,0.0,56199.45,consistency,consistency
2025-06-04 00:00:00,62,2025-04,2599.45,0.0,56199.45,consistency,consistency
2025-06-05 00:00:00,43,2025-04,2520.1,0.0,56120.1,consistency,consistency
2025-06-05 00:00:00,44,2025-04,2520.1,0.0,56120.1,consistency,consistency
2025-06-05 00:00:00,45,2025-04,2520.1,0.0,56120.1,consistency,consistency
2025-06-05 00:00:00,46,2025-04,2520.1,0.0,56120.1,consistency,consistency
2025-06-05 00:00:00,47,2025-04,2520.1,0.0,56120.1,consistency,consistency
2025-06-05 00:00:00,48,2025-04,2520.1,0.0,56120.1,consistency,consistency
2025-06-05 00:00:00,49,2025-04,2520.1,0.0,56120.1,consistency,consistency
2025-06-05 00:00:00,50,2025-04,2520.1,0.0,56120.1,consistency,consistency
2025-06-05 00:00:00,51,2025-04,2520.1,0.0,56120.1,consistency,consistency
2025-06-05 00:00:00,52,2025-04,2520.1,0.0,56120.1,consistency,consistency
2025-06-05 00:00:00,53,2025-04,2520.1,0.0,56120.1,consistency,consistency
2025-06-05 00:00:00,54,2025-04,2520.1,0.0,56120.1,consistency,consistency
2025-06-05 00:00:00,55,2025-04,2520.1,0.0,56120.1,consistency,consistency
2025-06-05 00:00:00,56,2025-04,2520.1,0.0,56120.1,consistency,consistency
2025-06-05 00:00:00,57,2025-04,2520.1,0.0,56120.1,consistency,consistency
2025-06-05 00:00:00,58,2025-04,2520.1,0.0,56120.1,consistency,consistency
2025-06-05 00:00:00,59,2025-04,2520.1,0.0,56120.1,consistency,consistency
2025-06-05 00:00:00,60,2025-04,2520.1,0.0,56120.1,consistency,consistency
2025-06-05 00:00:00,61,2025-04,2520.1,0.0,56120.1,consistency,consistency
2025-06-05 00:00:00,62,2025-04,2520.1,0.0,56120.1,consistency,consistency
2025-06-06 00:00:00,43,2025-04,2143.8,0.0,55743.8,consistency,consistency
2025-06-06 00:00:00,44,2025-04,2143.8,0.0,55743.8,consistency,consistency
2025-06-06 00:00:00,45,2025-04,2143.8,0.0,55743.8,consistency,consistency
2025-06-06 00:00:00,46,2025-04,2143.8,0.0,55743.8,consistency,consistency
2025-06-06 00:00:00,47,2025-04,2143.8,0.0,55743.8,consistency,consistency
2025-06-06 00:00:00,48,2025-04,2143.8,0.0,55743.8,consistency,consistency
2025-06-06 00:00:00,49,2025-04,2143.8,0.0,55743.8,consistency,consistency
2025-06-06 00:00:00,50,2025-04,2143.8,0.0,55743.8,consistency,consistency
2025-06-06 00:00:00,51,2025-04,2143.8,0.0,55743.8,consistency,consistency
2025-06-06 00:00:00,52,2025-04,2143.8,0.0,55743.8,consistency,consistency
2025-06-06 00:00:00,53,2025-04,2143.8,0.0,55743.8,consistency,consistency
2025-06-06 00:00:00,54,2025-04,2143.8,0.0,55743.8,consistency,consistency
2025-06-06 00:00:00,55,2025-04,2143.8,0.0,55743.8,consistency,consistency
2025-06-06 00:00:00,56,2025-04,2143.8,0.0,55743.8,consistency,consistency
2025-06-06 00:00:00,57,2025-04,2143.8,0.0,55743.8,consistency,consistency
2025-06-06 00:00:00,58,2025-04,2143.8,0.0,55743.8,consistency,consistency
2025-06-06 00:00:00,59,2025-04,2143.8,0.0,55743.8,consistency,consistency
2025-06-06 00:00:00,60,2025-04,2143.8,0.0,55743.8,consistency,consistency
2025-06-06 00:00:00,61,2025-04,2143.8,0.0,55743.8,consistency,consistency
2025-06-06 00:00:00,62,2025-04,2143.8,0.0,55743.8,consistency,consistency
2025-06-07 00:00:00,43,2025-04,2328.1,0.0,55928.1,consistency,consistency
2025-06-07 00:00:00,44,2025-04,2328.1,0.0,55928.1,consistency,consistency
2025-06-07 00:00:00,45,2025-04,2328.1,0.0,55928.1,consistency,consistency
2025-06-07 00:00:00,46,2025-04,2328.1,0.0,55928.1,consistency,consistency
2025-06-07 00:00:00,47,2025-04,2328.1,0.0,55928.1,consistency,consistency
2025-06-07 00:00:00,48,2025-04,2328.1,0.0,55928.1,consistency,consistency
2025-06-07 00:00:00,49,2025-04,2328.1,0.0,55928.1,consistency,consistency
2025-06-07 00:00:00,50,2025-04,2328.1,0.0,55928.1,consistency,consistency
2025-06-07 00:00:00,51,2025-04,2328.1,0.0,55928.1,consistency,consistency
2025-06-07 00:00:00,52,2025-04,2328.1,0.0,55928.1,consistency,consistency
2025-06-07 00:00:00,53,2025-04,2328.1,0.0,55928.1,consistency,consistency
2025-06-07 00:00:00,54,2025-04,2328.1,0.0,55928.1,consistency,consistency
2025-06-07 00:00:00,55,2025-04,2328.1,0.0,55928.1,consistency,consistency
2025-06-07 00:00:00,56,2025-04,2328.1,0.0,55928.1,consistency,consistency
2025-06-07 00:00:00,57,2025-04,2328.1,0.0,55928.1,consistency,consistency
2025-06-07 00:00:00,58,2025-04,2328.1,0.0,55928.1,consistency,consistency
2025-06-07 00:00:00,59,2025-04,2328.1,0.0,55928.1,consistency,consistency
2025-06-07 00:00:00,60,2025-04,2328.1,0.0,55928.1,consistency,consistency
2025-06-07 00:00:00,61,2025-04,2328.1,0.0,55928.1,consistency,consistency
2025-06-07 00:00:00,62,2025-04,2328.1,0.0,55928.1,consistency,consistency
2025-06-08 00:00:00,43,2025-04,2328.1,0.0,55928.1,consistency,consistency
2025-06-08 00:00:00,44,2025-04,2328.1,0.0,55928.1,consistency,consistency
2025-06-08 00:00:00,45,2025-04,2328.1,0.0,55928.1,consistency,consistency
2025-06-08 00:00:00,46,2025-04,2328.1,0.0,55928.1,consistency,consistency
2025-06-08 00:00:00,47,2025-04,2328.1,0.0,55928.1,consistency,consistency
2025-06-08 00:00:00,48,2025-04,2328.1,0.0,55928.1,consistency,consistency
2025-06-08 00:00:00,49,2025-04,2328.1,0.0,55928.1,consistency,consistency
2025-06-08 00:00:00,50,2025-04,2328.1,0.0,55928.1,consistency,consistency
2025-06-08 00:00:00,51,2025-04,2328.1,0.0,55928.1,consistency,consistency
2025-06-08 00:00:00,52,2025-04,2328.1,0.0,55928.1,consistency,consistency
2025-06-08 00:00:00,53,2025-04,2328.1,0.0,55928.1,consistency,consistency
2025-06-08 00:00:00,54,2025-04,2328.1,0.0,55928.1,consistency,consistency
2025-06-08 00:00:00,55,2025-04,2328.1,0.0,55928.1,consistency,consistency
2025-06-08 00:00:00,56,2025-04,2328.1,0.0,55928.1,consistency,consistency
2025-06-08 00:00:00,57,2025-04,2328.1,0.0,55928.1,consistency,consistency
2025-06-08 00:00:00,58,2025-04,2328.1,0.0,55928.1,consistency,consistency
2025-06-08 00:00:00,59,2025-04,2328.1,0.0,55928.1,consistency,consistency
2025-06-08 00:00:00,60,2025-04,2328.1,0.0,55928.1,consistency,consistency
2025-06-08 00:00:00,61,2025-04,2328.1,0.0,55928.1,consistency,consistency
2025-06-08 00:00:00,62,2025-04,2328.1,0.0,55928.1,consistency,consistency
2025-06-09 00:00:00,43,2025-04,2328.1,0.0,55928.1,consistency,consistency
2025-06-09 00:00:00,44,2025-04,2328.1,0.0,55928.1,consistency,consistency
2025-06-09 00:00:00,45,2025-04,2328.1,0.0,55928.1,consistency,consistency
2025-06-09 00:00:00,46,2025-04,2328.1,0.0,55928.1,consistency,consistency
2025-06-09 00:00:00,47,2025-04,2328.1,0.0,55928.1,consistency,consistency
2025-06-09 00:00:00,48,2025-04,2328.1,0.0,55928.1,consistency,consistency
2025-06-09 00:00:00,49,2025-04,2328.1,0.0,55928.1,consistency,consistency
2025-06-09 00:00:00,50,2025-04,2328.1,0.0,55928.1,consistency,consistency
2025-06-09 00:00:00,51,2025-04,2328.1,0.0,55928.1,consistency,consistency
2025-06-09 00:00:00,52,2025-04,2328.1,0.0,55928.1,consistency,consistency
2025-06-09 00:00:00,53,2025-04,2328.1,0.0,55928.1,consistency,consistency
2025-06-09 00:00:00,54,2025-04,2328.1,0.0,55928.1,consistency,consistency
2025-06-09 00:00:00,55,2025-04,2328.1,0.0,55928.1,consistency,consistency
2025-06-09 00:00:00,56,2025-04,2328.1,0.0,55928.1,consistency,consistency
2025-06-09 00:00:00,57,2025-04,2328.1,0.0,55928.1,consistency,consistency
2025-06-09 00:00:00,58,2025-04,2328.1,0.0,55928.1,consistency,consistency
2025-06-09 00:00:00,59,2025-04,2328.1,0.0,55928.1,consistency,consistency
2025-06-09 00:00:00,60,2025-04,2328.1,0.0,55928.1,consistency,consistency
2025-06-09 00:00:00,61,2025-04,2328.1,0.0,55928.1,consistency,consistency
2025-06-09 00:00:00,62,2025-04,2328.1,0.0,55928.1,consistency,consistency
2025-06-10 00:00:00,43,2025-04,2363.55,0.0,55963.55,consistency,consistency
2025-06-10 00:00:00,44,2025-04,2363.55,0.0,55963.55,consistency,consistency
2025-06-10 00:00:00,45,2025-04,2363.55,0.0,55963.55,consistency,consistency
2025-06-10 00:00:00,46,2025-04,2363.55,0.0,55963.55,consistency,consistency
2025-06-10 00:00:00,47,2025-04,2363.55,0.0,55963.55,consistency,consistency
2025-06-10 00:00:00,48,2025-04,2363.55,0.0,55963.55,consistency,consistency
2025-06-10 00:00:00,49,2025-04,2363.55,0.0,55963.55,consistency,consistency
2025-06-10 00:00:00,50,2025-04,2363.55,0.0,55963.55,consistency,consistency
2025-06-10 00:00:00,51,2025-04,2363.55,0.0,55963.55,consistency,consistency
2025-06-10 00:00:00,52,2025-04,2363.55,0.0,55963.55,consistency,consistency
2025-06-10 00:00:00,53,2025-04,2363.55,0.0,55963.55,consistency,consistency
2025-06-10 00:00:00,54,2025-04,2363.55,0.0,55963.55,consistency,consistency
2025-06-10 00:00:00,55,2025-04,2363.55,0.0,55963.55,consistency,consistency
2025-06-10 00:00:00,56,2025-04,2363.55,0.0,55963.55,consistency,consistency
2025-06-10 00:00:00,57,2025-04,2363.55,0.0,55963.55,consistency,consistency
2025-06-10 00:00:00,58,2025-04,2363.55,0.0,55963.55,consistency,consistency
2025-06-10 00:00:00,59,2025-04,2363.55,0.0,55963.55,consistency,consistency
2025-06-10 00:00:00,60,2025-04,2363.55,0.0,55963.55,consistency,consistency
2025-06-10 00:00:00,61,2025-04,2363.55,0.0,55963.55,consistency,consistency
2025-06-10 00:00:00,62,2025-04,2363.55,0.0,55963.55,consistency,consistency
2025-06-11 00:00:00,43,2025-04,2491.7,0.0,56091.7,consistency,consistency
2025-06-11 00:00:00,44,2025-04,2491.7,0.0,56091.7,consistency,consistency
2025-06-11 00:00:00,45,2025-04,2491.7,0.0,56091.7,consistency,consistency
2025-06-11 00:00:00,46,2025-04,2491.7,0.0,56091.7,consistency,consistency
2025-06-11 00:00:00,47,2025-04,2491.7,0.0,56091.7,consistency,consistency
2025-06-11 00:00:00,48,2025-04,2491.7,0.0,56091.7,consistency,consistency
2025-06-11 00:00:00,49,2025-04,2491.7,0.0,56091.7,consistency,consistency
2025-06-11 00:00:00,50,2025-04,2491.7,0.0,56091.7,consistency,consistency
2025-06-11 00:00:00,51,2025-04,2491.7,0.0,56091.7,consistency,consistency
2025-06-11 00:00:00,52,2025-04,2491.7,0.0,56091.7,consistency,consistency
2025-06-11 00:00:00,53,2025-04,2491.7,0.0,56091.7,consistency,consistency
2025-06-11 00:00:00,54,2025-04,2491.7,0.0,56091.7,consistency,consistency
2025-06-11 00:00:00,55,2025-04,2491.7,0.0,56091.7,consistency,consistency
2025-06-11 00:00:00,56,2025-04,2491.7,0.0,56091.7,consistency,consistency
2025-06-11 00:00:00,57,2025-04,2491.7,0.0,56091.7,consistency,consistency
2025-06-11 00:00:00,58,2025-04,2491.7,0.0,56091.7,consistency,consistency
2025-06-11 00:00:00,59,2025-04,2491.7,0.0,56091.7,consistency,consistency
2025-06-11 00:00:00,60,2025-04,2491.7,0.0,56091.7,consistency,consistency
2025-06-11 00:00:00,61,2025-04,2491.7,0.0,56091.7,consistency,consistency
2025-06-11 00:00:00,62,2025-04,2491.7,0.0,56091.7,consistency,consistency
2025-06-12 00:00:00,43,2025-04,2668.85,0.0,56268.85,consistency,consistency
2025-06-12 00:00:00,44,2025-04,2668.85,0.0,56268.85,consistency,consistency
2025-06-12 00:00:00,45,2025-04,2668.85,0.0,56268.85,consistency,consistency
2025-06-12 00:00:00,46,2025-04,2668.85,0.0,56268.85,consistency,consistency
2025-06-12 00:00:00,47,2025-04,2668.85,0.0,56268.85,consistency,consistency
2025-06-12 00:00:00,48,2025-04,2668.85,0.0,56268.85,consistency,consistency
2025-06-12 00:00:00,49,2025-04,2668.85,0.0,56268.85,consistency,consistency
2025-06-12 00:00:00,50,2025-04,2668.85,0.0,56268.85,consistency,consistency
2025-06-12 00:00:00,51,2025-04,2668.85,0.0,56268.85,consistency,consistency
2025-06-12 00:00:00,52,2025-04,2668.85,0.0,56268.85,consistency,consistency
2025-06-12 00:00:00,53,2025-04,2668.85,0.0,56268.85,consistency,consistency
2025-06-12 00:00:00,54,2025-04,2668.85,0.0,56268.85,consistency,consistency
2025-06-12 00:00:00,55,2025-04,2668.85,0.0,56268.85,consistency,consistency
2025-06-12 00:00:00,56,2025-04,2668.85,0.0,56268.85,consistency,consistency
2025-06-12 00:00:00,57,2025-04,2668.85,0.0,56268.85,consistency,consistency
2025-06-12 00:00:00,58,2025-04,2668.85,0.0,56268.85,consistency,consistency
2025-06-12 00:00:00,59,2025-04,2668.85,0.0,56268.85,consistency,consistency
2025-06-12 00:00:00,60,2025-04,2668.85,0.0,56268.85,consistency,consistency
2025-06-12 00:00:00,61,2025-04,2668.85,0.0,56268.85,consistency,consistency
2025-06-12 00:00:00,62,2025-04,2668.85,0.0,56268.85,consistency,consistency
2025-06-13 00:00:00,43,2025-04,2934.45,0.0,56534.45,consistency,consistency
2025-06-13 00:00:00,44,2025-04,2934.45,0.0,56534.45,consistency,consistency
2025-06-13 00:00:00,45,2025-04,2934.45,0.0,56534.45,consistency,consistency
2025-06-13 00:00:00,46,2025-04,2934.45,0.0,56534.45,consistency,consistency
2025-06-13 00:00:00,47,2025-04,2934.45,0.0,56534.45,consistency,consistency
2025-06-13 00:00:00,48,2025-04,2934.45,0.0,56534.45,consistency,consistency
2025-06-13 00:00:00,49,2025-04,2934.45,0.0,56534.45,consistency,consistency
2025-06-13 00:00:00,50,2025-04,2934.45,0.0,56534.45,consistency,consistency
2025-06-13 00:00:00,51,2025-04,2934.45,0.0,56534.45,consistency,consistency
2025-06-13 00:00:00,52,2025-04,2934.45,0.0,56534.45,consistency,consistency
2025-06-13 00:00:00,53,2025-04,2934.45,0.0,56534.45,consistency,consistency
2025-06-13 00:00:00,54,2025-04,2934.45,0.0,56534.45,consistency,consistency
2025-06-13 00:00:00,55,2025-04,2934.45,0.0,56534.45,consistency,consistency
2025-06-13 00:00:00,56,2025-04,2934.45,0.0,56534.45,consistency,consistency
2025-06-13 00:00:00,57,2025-04,2934.45,0.0,56534.45,consistency,consistency
2025-06-13 00:00:00,58,2025-04,2934.45,0.0,56534.45,consistency,consistency
2025-06-13 00:00:00,59,2025-04,2934.45,0.0,56534.45,consistency,consistency
2025-06-13 00:00:00,60,2025-04,2934.45,0.0,56534.45,consistency,consistency
2025-06-13 00:00:00,61,2025-04,2934.45,0.0,56534.45,consistency,consistency
2025-06-13 00:00:00,62,2025-04,2934.45,0.0,56534.45,consistency,consistency
2025-06-14 00:00:00,43,2025-04,2358.6,0.0,55958.6,consistency,consistency
2025-06-14 00:00:00,44,2025-04,2358.6,0.0,55958.6,consistency,consistency
2025-06-14 00:00:00,45,2025-04,2358.6,0.0,55958.6,consistency,consistency
2025-06-14 00:00:00,46,2025-04,2358.6,0.0,55958.6,consistency,consistency
2025-06-14 00:00:00,47,2025-04,2358.6,0.0,55958.6,consistency,consistency
2025-06-14 00:00:00,48,2025-04,2358.6,0.0,55958.6,consistency,consistency
2025-06-14 00:00:00,49,2025-04,2358.6,0.0,55958.6,consistency,consistency
2025-06-14 00:00:00,50,2025-04,2358.6,0.0,55958.6,consistency,consistency
2025-06-14 00:00:00,51,2025-04,2358.6,0.0,55958.6,consistency,consistency
2025-06-14 00:00:00,52,2025-04,2358.6,0.0,55958.6,consistency,consistency
2025-06-14 00:00:00,53,2025-04,2358.6,0.0,55958.6,consistency,consistency
2025-06-14 00:00:00,54,2025-04,2358.6,0.0,55958.6,consistency,consistency
2025-06-14 00:00:00,55,2025-04,2358.6,0.0,55958.6,consistency,consistency
2025-06-14 00:00:00,56,2025-04,2358.6,0.0,55958.6,consistency,consistency
2025-06-14 00:00:00,57,2025-04,2358.6,0.0,55958.6,consistency,consistency
2025-06-14 00:00:00,58,2025-04,2358.6,0.0,55958.6,consistency,consistency
2025-06-14 00:00:00,59,2025-04,2358.6,0.0,55958.6,consistency,consistency
2025-06-14 00:00:00,60,2025-04,2358.6,0.0,55958.6,consistency,consistency
2025-06-14 00:00:00,61,2025-04,2358.6,0.0,55958.6,consistency,consistency
2025-06-14 00:00:00,62,2025-04,2358.6,0.0,55958.6,consistency,consistency
2025-06-15 00:00:00,43,2025-04,2358.6,0.0,55958.6,consistency,consistency
2025-06-15 00:00:00,44,2025-04,2358.6,0.0,55958.6,consistency,consistency
2025-06-15 00:00:00,45,2025-04,2358.6,0.0,55958.6,consistency,consistency
2025-06-15 00:00:00,46,2025-04,2358.6,0.0,55958.6,consistency,consistency
2025-06-15 00:00:00,47,2025-04,2358.6,0.0,55958.6,consistency,consistency
2025-06-15 00:00:00,48,2025-04,2358.6,0.0,55958.6,consistency,consistency
2025-06-15 00:00:00,49,2025-04,2358.6,0.0,55958.6,consistency,consistency
2025-06-15 00:00:00,50,2025-04,2358.6,0.0,55958.6,consistency,consistency
2025-06-15 00:00:00,51,2025-04,2358.6,0.0,55958.6,consistency,consistency
2025-06-15 00:00:00,52,2025-04,2358.6,0.0,55958.6,consistency,consistency
2025-06-15 00:00:00,53,2025-04,2358.6,0.0,55958.6,consistency,consistency
2025-06-15 00:00:00,54,2025-04,2358.6,0.0,55958.6,consistency,consistency
2025-06-15 00:00:00,55,2025-04,2358.6,0.0,55958.6,consistency,consistency
2025-06-15 00:00:00,56,2025-04,2358.6,0.0,55958.6,consistency,consistency
2025-06-15 00:00:00,57,2025-04,2358.6,0.0,55958.6,consistency,consistency
2025-06-15 00:00:00,58,2025-04,2358.6,0.0,55958.6,consistency,consistency
2025-06-15 00:00:00,59,2025-04,2358.6,0.0,55958.6,consistency,consistency
2025-06-15 00:00:00,60,2025-04,2358.6,0.0,55958.6,consistency,consistency
2025-06-15 00:00:00,61,2025-04,2358.6,0.0,55958.6,consistency,consistency
2025-06-15 00:00:00,62,2025-04,2358.6,0.0,55958.6,consistency,consistency
2025-06-16 00:00:00,43,2025-04,2358.6,0.0,55958.6,consistency,consistency
2025-06-16 00:00:00,44,2025-04,2358.6,0.0,55958.6,consistency,consistency
2025-06-16 00:00:00,45,2025-04,2358.6,0.0,55958.6,consistency,consistency
2025-06-16 00:00:00,46,2025-04,2358.6,0.0,55958.6,consistency,consistency
2025-06-16 00:00:00,47,2025-04,2358.6,0.0,55958.6,consistency,consistency
2025-06-16 00:00:00,48,2025-04,2358.6,0.0,55958.6,consistency,consistency
2025-06-16 00:00:00,49,2025-04,2358.6,0.0,55958.6,consistency,consistency
2025-06-16 00:00:00,50,2025-04,2358.6,0.0,55958.6,consistency,consistency
2025-06-16 00:00:00,51,2025-04,2358.6,0.0,55958.6,consistency,consistency
2025-06-16 00:00:00,52,2025-04,2358.6,0.0,55958.6,consistency,consistency
2025-06-16 00:00:00,53,2025-04,2358.6,0.0,55958.6,consistency,consistency
2025-06-16 00:00:00,54,2025-04,2358.6,0.0,55958.6,consistency,consistency
2025-06-16 00:00:00,55,2025-04,2358.6,0.0,55958.6,consistency,consistency
2025-06-16 00:00:00,56,2025-04,2358.6,0.0,55958.6,consistency,consistency
2025-06-16 00:00:00,57,2025-04,2358.6,0.0,55958.6,consistency,consistency
2025-06-16 00:00:00,58,2025-04,2358.6,0.0,55958.6,consistency,consistency
2025-06-16 00:00:00,59,2025-04,2358.6,0.0,55958.6,consistency,consistency
2025-06-16 00:00:00,60,2025-04,2358.6,0.0,55958.6,consistency,consistency
2025-06-16 00:00:00,61,2025-04,2358.6,0.0,55958.6,consistency,consistency
2025-06-16 00:00:00,62,2025-04,2358.6,0.0,55958.6,consistency,consistency
2025-06-17 00:00:00,43,2025-04,2738.05,0.0,56338.05,consistency,consistency
2025-06-17 00:00:00,44,2025-04,2738.05,0.0,56338.05,consistency,consistency
2025-06-17 00:00:00,45,2025-04,2738.05,0.0,56338.05,consistency,consistency
2025-06-17 00:00:00,46,2025-04,2738.05,0.0,56338.05,consistency,consistency
2025-06-17 00:00:00,47,2025-04,2738.05,0.0,56338.05,consistency,consistency
2025-06-17 00:00:00,48,2025-04,2738.05,0.0,56338.05,consistency,consistency
2025-06-17 00:00:00,49,2025-04,2738.05,0.0,56338.05,consistency,consistency
2025-06-17 00:00:00,50,2025-04,2738.05,0.0,56338.05,consistency,consistency
2025-06-17 00:00:00,51,2025-04,2738.05,0.0,56338.05,consistency,consistency
2025-06-17 00:00:00,52,2025-04,2738.05,0.0,56338.05,consistency,consistency
2025-06-17 00:00:00,53,2025-04,2738.05,0.0,56338.05,consistency,consistency
2025-06-17 00:00:00,54,2025-04,2738.05,0.0,56338.05,consistency,consistency
2025-06-17 00:00:00,55,2025-04,2738.05,0.0,56338.05,consistency,consistency
2025-06-17 00:00:00,56,2025-04,2738.05,0.0,56338.05,consistency,consistency
2025-06-17 00:00:00,57,2025-04,2738.05,0.0,56338.05,consistency,consistency
2025-06-17 00:00:00,58,2025-04,2738.05,0.0,56338.05,consistency,consistency
2025-06-17 00:00:00,59,2025-04,2738.05,0.0,56338.05,consistency,consistency
2025-06-17 00:00:00,60,2025-04,2738.05,0.0,56338.05,consistency,consistency
2025-06-17 00:00:00,61,2025-04,2738.05,0.0,56338.05,consistency,consistency
2025-06-17 00:00:00,62,2025-04,2738.05,0.0,56338.05,consistency,consistency
2025-06-18 00:00:00,43,2025-04,2222.7,0.0,55822.7,consistency,consistency
2025-06-18 00:00:00,44,2025-04,2222.7,0.0,55822.7,consistency,consistency
2025-06-18 00:00:00,45,2025-04,2222.7,0.0,55822.7,consistency,consistency
2025-06-18 00:00:00,46,2025-04,2222.7,0.0,55822.7,consistency,consistency
2025-06-18 00:00:00,47,2025-04,2222.7,0.0,55822.7,consistency,consistency
2025-06-18 00:00:00,48,2025-04,2222.7,0.0,55822.7,consistency,consistency
2025-06-18 00:00:00,49,2025-04,2222.7,0.0,55822.7,consistency,consistency
2025-06-18 00:00:00,50,2025-04,2222.7,0.0,55822.7,consistency,consistency
2025-06-18 00:00:00,51,2025-04,2222.7,0.0,55822.7,consistency,consistency
2025-06-18 00:00:00,52,2025-04,2222.7,0.0,55822.7,consistency,consistency
2025-06-18 00:00:00,53,2025-04,2222.7,0.0,55822.7,consistency,consistency
2025-06-18 00:00:00,54,2025-04,2222.7,0.0,55822.7,consistency,consistency
2025-06-18 00:00:00,55,2025-04,2222.7,0.0,55822.7,consistency,consistency
2025-06-18 00:00:00,56,2025-04,2222.7,0.0,55822.7,consistency,consistency
2025-06-18 00:00:00,57,2025-04,2222.7,0.0,55822.7,consistency,consistency
2025-06-18 00:00:00,58,2025-04,2222.7,0.0,55822.7,consistency,consistency
2025-06-18 00:00:00,59,2025-04,2222.7,0.0,55822.7,consistency,consistency
2025-06-18 00:00:00,60,2025-04,2222.7,0.0,55822.7,consistency,consistency
2025-06-18 00:00:00,61,2025-04,2222.7,0.0,55822.7,consistency,consistency
2025-06-18 00:00:00,62,2025-04,2222.7,0.0,55822.7,consistency,consistency
2025-06-19 00:00:00,43,2025-04,1863.25,0.0,55463.25,consistency,consistency
2025-06-19 00:00:00,44,2025-04,1863.25,0.0,55463.25,consistency,consistency
2025-06-19 00:00:00,45,2025-04,1863.25,0.0,55463.25,consistency,consistency
2025-06-19 00:00:00,46,2025-04,1863.25,0.0,55463.25,consistency,consistency
2025-06-19 00:00:00,47,2025-04,1863.25,0.0,55463.25,consistency,consistency
2025-06-19 00:00:00,48,2025-04,1863.25,0.0,55463.25,consistency,consistency
2025-06-19 00:00:00,49,2025-04,1863.25,0.0,55463.25,consistency,consistency
2025-06-19 00:00:00,50,2025-04,1863.25,0.0,55463.25,consistency,consistency
2025-06-19 00:00:00,51,2025-04,1863.25,0.0,55463.25,consistency,consistency
2025-06-19 00:00:00,52,2025-04,1863.25,0.0,55463.25,consistency,consistency
2025-06-19 00:00:00,53,2025-04,1863.25,0.0,55463.25,consistency,consistency
2025-06-19 00:00:00,54,2025-04,1863.25,0.0,55463.25,consistency,consistency
2025-06-19 00:00:00,55,2025-04,1863.25,0.0,55463.25,consistency,consistency
2025-06-19 00:00:00,56,2025-04,1863.25,0.0,55463.25,consistency,consistency
2025-06-19 00:00:00,57,2025-04,1863.25,0.0,55463.25,consistency,consistency
2025-06-19 00:00:00,58,2025-04,1863.25,0.0,55463.25,consistency,consistency
2025-06-19 00:00:00,59,2025-04,1863.25,0.0,55463.25,consistency,consistency
2025-06-19 00:00:00,60,2025-04,1863.25,0.0,55463.25,consistency,consistency
2025-06-19 00:00:00,61,2025-04,1863.25,0.0,55463.25,consistency,consistency
2025-06-19 00:00:00,62,2025-04,1863.25,0.0,55463.25,consistency,consistency
2025-06-20 00:00:00,43,2025-04,1673.5,0.0,55273.5,consistency,consistency
2025-06-20 00:00:00,44,2025-04,1673.5,0.0,55273.5,consistency,consistency
2025-06-20 00:00:00,45,2025-04,1673.5,0.0,55273.5,consistency,consistency
2025-06-20 00:00:00,46,2025-04,1673.5,0.0,55273.5,consistency,consistency
2025-06-20 00:00:00,47,2025-04,1673.5,0.0,55273.5,consistency,consistency
2025-06-20 00:00:00,48,2025-04,1673.5,0.0,55273.5,consistency,consistency
2025-06-20 00:00:00,49,2025-04,1673.5,0.0,55273.5,consistency,consistency
2025-06-20 00:00:00,50,2025-04,1673.5,0.0,55273.5,consistency,consistency
2025-06-20 00:00:00,51,2025-04,1673.5,0.0,55273.5,consistency,consistency
2025-06-20 00:00:00,52,2025-04,1673.5,0.0,55273.5,consistency,consistency
2025-06-20 00:00:00,53,2025-04,1673.5,0.0,55273.5,consistency,consistency
2025-06-20 00:00:00,54,2025-04,1673.5,0.0,55273.5,consistency,consistency
2025-06-20 00:00:00,55,2025-04,1673.5,0.0,55273.5,consistency,consistency
2025-06-20 00:00:00,56,2025-04,1673.5,0.0,55273.5,consistency,consistency
2025-06-20 00:00:00,57,2025-04,1673.5,0.0,55273.5,consistency,consistency
2025-06-20 00:00:00,58,2025-04,1673.5,0.0,55273.5,consistency,consistency
2025-06-20 00:00:00,59,2025-04,1673.5,0.0,55273.5,consistency,consistency
2025-06-20 00:00:00,60,2025-04,1673.5,0.0,55273.5,consistency,consistency
2025-06-20 00:00:00,61,2025-04,1673.5,0.0,55273.5,consistency,consistency
2025-06-20 00:00:00,62,2025-04,1673.5,0.0,55273.5,consistency,consistency
2025-06-21 00:00:00,43,2025-04,2103.25,0.0,55703.25,consistency,consistency
2025-06-21 00:00:00,44,2025-04,2103.25,0.0,55703.25,consistency,consistency
2025-06-21 00:00:00,45,2025-04,2103.25,0.0,55703.25,consistency,consistency
2025-06-21 00:00:00,46,2025-04,2103.25,0.0,55703.25,consistency,consistency
2025-06-21 00:00:00,47,2025-04,2103.25,0.0,55703.25,consistency,consistency
2025-06-21 00:00:00,48,2025-04,2103.25,0.0,55703.25,consistency,consistency
2025-06-21 00:00:00,49,2025-04,2103.25,0.0,55703.25,consistency,consistency
2025-06-21 00:00:00,50,2025-04,2103.25,0.0,55703.25,consistency,consistency
2025-06-21 00:00:00,51,2025-04,2103.25,0.0,55703.25,consistency,consistency
2025-06-21 00:00:00,52,2025-04,2103.25,0.0,55703.25,consistency,consistency
2025-06-21 00:00:00,53,2025-04,2103.25,0.0,55703.25,consistency,consistency
2025-06-21 00:00:00,54,2025-04,2103.25,0.0,55703.25,consistency,consistency
2025-06-21 00:00:00,55,2025-04,2103.25,0.0,55703.25,consistency,consistency
2025-06-21 00:00:00,56,2025-04,2103.25,0.0,55703.25,consistency,consistency
2025-06-21 00:00:00,57,2025-04,2103.25,0.0,55703.25,consistency,consistency
2025-06-21 00:00:00,58,2025-04,2103.25,0.0,55703.25,consistency,consistency
2025-06-21 00:00:00,59,2025-04,2103.25,0.0,55703.25,consistency,consistency
2025-06-21 00:00:00,60,2025-04,2103.25,0.0,55703.25,consistency,consistency
2025-06-21 00:00:00,61,2025-04,2103.25,0.0,55703.25,consistency,consistency
2025-06-21 00:00:00,62,2025-04,2103.25,0.0,55703.25,consistency,consistency
2025-06-22 00:00:00,43,2025-04,2103.25,0.0,55703.25,consistency,consistency
2025-06-22 00:00:00,44,2025-04,2103.25,0.0,55703.25,consistency,consistency
2025-06-22 00:00:00,45,2025-04,2103.25,0.0,55703.25,consistency,consistency
2025-06-22 00:00:00,46,2025-04,2103.25,0.0,55703.25,consistency,consistency
2025-06-22 00:00:00,47,2025-04,2103.25,0.0,55703.25,consistency,consistency
2025-06-22 00:00:00,48,2025-04,2103.25,0.0,55703.25,consistency,consistency
2025-06-22 00:00:00,49,2025-04,2103.25,0.0,55703.25,consistency,consistency
2025-06-22 00:00:00,50,2025-04,2103.25,0.0,55703.25,consistency,consistency
2025-06-22 00:00:00,51,2025-04,2103.25,0.0,55703.25,consistency,consistency
2025-06-22 00:00:00,52,2025-04,2103.25,0.0,55703.25,consistency,consistency
2025-06-22 00:00:00,53,2025-04,2103.25,0.0,55703.25,consistency,consistency
2025-06-22 00:00:00,54,2025-04,2103.25,0.0,55703.25,consistency,consistency
2025-06-22 00:00:00,55,2025-04,2103.25,0.0,55703.25,consistency,consistency
2025-06-22 00:00:00,56,2025-04,2103.25,0.0,55703.25,consistency,consistency
2025-06-22 00:00:00,57,2025-04,2103.25,0.0,55703.25,consistency,consistency
2025-06-22 00:00:00,58,2025-04,2103.25,0.0,55703.25,consistency,consistency
2025-06-22 00:00:00,59,2025-04,2103.25,0.0,55703.25,consistency,consistency
2025-06-22 00:00:00,60,2025-04,2103.25,0.0,55703.25,consistency,consistency
2025-06-22 00:00:00,61,2025-04,2103.25,0.0,55703.25,consistency,consistency
2025-06-22 00:00:00,62,2025-04,2103.25,0.0,55703.25,consistency,consistency
2025-06-23 00:00:00,43,2025-04,2103.25,0.0,55703.25,consistency,consistency
2025-06-23 00:00:00,44,2025-04,2103.25,0.0,55703.25,consistency,consistency
2025-06-23 00:00:00,45,2025-04,2103.25,0.0,55703.25,consistency,consistency
2025-06-23 00:00:00,46,2025-04,2103.25,0.0,55703.25,consistency,consistency
2025-06-23 00:00:00,47,2025-04,2103.25,0.0,55703.25,consistency,consistency
2025-06-23 00:00:00,48,2025-04,2103.25,0.0,55703.25,consistency,consistency
2025-06-23 00:00:00,49,2025-04,2103.25,0.0,55703.25,consistency,consistency
2025-06-23 00:00:00,50,2025-04,2103.25,0.0,55703.25,consistency,consistency
2025-06-23 00:00:00,51,2025-04,2103.25,0.0,55703.25,consistency,consistency
2025-06-23 00:00:00,52,2025-04,2103.25,0.0,55703.25,consistency,consistency
2025-06-23 00:00:00,53,2025-04,2103.25,0.0,55703.25,consistency,consistency
2025-06-23 00:00:00,54,2025-04,2103.25,0.0,55703.25,consistency,consistency
2025-06-23 00:00:00,55,2025-04,2103.25,0.0,55703.25,consistency,consistency
2025-06-23 00:00:00,56,2025-04,2103.25,0.0,55703.25,consistency,consistency
2025-06-23 00:00:00,57,2025-04,2103.25,0.0,55703.25,consistency,consistency
2025-06-23 00:00:00,58,2025-04,2103.25,0.0,55703.25,consistency,consistency
2025-06-23 00:00:00,59,2025-04,2103.25,0.0,55703.25,consistency,consistency
2025-06-23 00:00:00,60,2025-04,2103.25,0.0,55703.25,consistency,consistency
2025-06-23 00:00:00,61,2025-04,2103.25,0.0,55703.25,consistency,consistency
2025-06-23 00:00:00,62,2025-04,2103.25,0.0,55703.25,consistency,consistency
2025-06-24 00:00:00,43,2025-04,2534.35,0.0,56134.35,consistency,consistency
2025-06-24 00:00:00,44,2025-04,2534.35,0.0,56134.35,consistency,consistency
2025-06-24 00:00:00,45,2025-04,2534.35,0.0,56134.35,consistency,consistency
2025-06-24 00:00:00,46,2025-04,2534.35,0.0,56134.35,consistency,consistency
2025-06-24 00:00:00,47,2025-04,2534.35,0.0,56134.35,consistency,consistency
2025-06-24 00:00:00,48,2025-04,2534.35,0.0,56134.35,consistency,consistency
2025-06-24 00:00:00,49,2025-04,2534.35,0.0,56134.35,consistency,consistency
2025-06-24 00:00:00,50,2025-04,2534.35,0.0,56134.35,consistency,consistency
2025-06-24 00:00:00,51,2025-04,2534.35,0.0,56134.35,consistency,consistency
2025-06-24 00:00:00,52,2025-04,2534.35,0.0,56134.35,consistency,consistency
2025-06-24 00:00:00,53,2025-04,2534.35,0.0,56134.35,consistency,consistency
2025-06-24 00:00:00,54,2025-04,2534.35,0.0,56134.35,consistency,consistency
2025-06-24 00:00:00,55,2025-04,2534.35,0.0,56134.35,consistency,consistency
2025-06-24 00:00:00,56,2025-04,2534.35,0.0,56134.35,consistency,consistency
2025-06-24 00:00:00,57,2025-04,2534.35,0.0,56134.35,consistency,consistency
2025-06-24 00:00:00,58,2025-04,2534.35,0.0,56134.35,consistency,consistency
2025-06-24 00:00:00,59,2025-04,2534.35,0.0,56134.35,consistency,consistency
2025-06-24 00:00:00,60,2025-04,2534.35,0.0,56134.35,consistency,consistency
2025-06-24 00:00:00,61,2025-04,2534.35,0.0,56134.35,consistency,consistency
2025-06-24 00:00:00,62,2025-04,2534.35,0.0,56134.35,consistency,consistency
2025-06-25 00:00:00,43,2025-04,2942.85,0.0,56542.85,consistency,consistency
2025-06-25 00:00:00,44,2025-04,2942.85,0.0,56542.85,consistency,consistency
2025-06-25 00:00:00,45,2025-04,2942.85,0.0,56542.85,consistency,consistency
2025-06-25 00:00:00,46,2025-04,2942.85,0.0,56542.85,consistency,consistency
2025-06-25 00:00:00,47,2025-04,2942.85,0.0,56542.85,consistency,consistency
2025-06-25 00:00:00,48,2025-04,2942.85,0.0,56542.85,consistency,consistency
2025-06-25 00:00:00,49,2025-04,2942.85,0.0,56542.85,consistency,consistency
2025-06-25 00:00:00,50,2025-04,2942.85,0.0,56542.85,consistency,consistency
2025-06-25 00:00:00,51,2025-04,2942.85,0.0,56542.85,consistency,consistency
2025-06-25 00:00:00,52,2025-04,2942.85,0.0,56542.85,consistency,consistency
2025-06-25 00:00:00,53,2025-04,2942.85,0.0,56542.85,consistency,consistency
2025-06-25 00:00:00,54,2025-04,2942.85,0.0,56542.85,consistency,consistency
2025-06-25 00:00:00,55,2025-04,2942.85,0.0,56542.85,consistency,consistency
2025-06-25 00:00:00,56,2025-04,2942.85,0.0,56542.85,consistency,consistency
2025-06-25 00:00:00,57,2025-04,2942.85,0.0,56542.85,consistency,consistency
2025-06-25 00:00:00,58,2025-04,2942.85,0.0,56542.85,consistency,consistency
2025-06-25 00:00:00,59,2025-04,2942.85,0.0,56542.85,consistency,consistency
2025-06-25 00:00:00,60,2025-04,2942.85,0.0,56542.85,consistency,consistency
2025-06-25 00:00:00,61,2025-04,2942.85,0.0,56542.85,consistency,consistency
2025-06-25 00:00:00,62,2025-04,2942.85,0.0,56542.85,consistency,consistency
2025-06-26 00:00:00,43,2025-04,3065.45,0.0,56665.45,consistency,consistency
2025-06-26 00:00:00,44,2025-04,3065.45,0.0,56665.45,consistency,consistency
2025-06-26 00:00:00,45,2025-04,3065.45,0.0,56665.45,consistency,consistency
2025-06-26 00:00:00,46,2025-04,3065.45,0.0,56665.45,consistency,consistency
2025-06-26 00:00:00,47,2025-04,3065.45,0.0,56665.45,consistency,consistency
2025-06-26 00:00:00,48,2025-04,3065.45,0.0,56665.45,consistency,consistency
2025-06-26 00:00:00,49,2025-04,3065.45,0.0,56665.45,consistency,consistency
2025-06-26 00:00:00,50,2025-04,3065.45,0.0,56665.45,consistency,consistency
2025-06-26 00:00:00,51,2025-04,3065.45,0.0,56665.45,consistency,consistency
2025-06-26 00:00:00,52,2025-04,3065.45,0.0,56665.45,consistency,consistency
2025-06-26 00:00:00,53,2025-04,3065.45,0.0,56665.45,consistency,consistency
2025-06-26 00:00:00,54,2025-04,3065.45,0.0,56665.45,consistency,consistency
2025-06-26 00:00:00,55,2025-04,3065.45,0.0,56665.45,consistency,consistency
2025-06-26 00:00:00,56,2025-04,3065.45,0.0,56665.45,consistency,consistency
2025-06-26 00:00:00,57,2025-04,3065.45,0.0,56665.45,consistency,consistency
2025-06-26 00:00:00,58,2025-04,3065.45,0.0,56665.45,consistency,consistency
2025-06-26 00:00:00,59,2025-04,3065.45,0.0,56665.45,consistency,consistency
2025-06-26 00:00:00,60,2025-04,3065.45,0.0,56665.45,consistency,consistency
2025-06-26 00:00:00,61,2025-04,3065.45,0.0,56665.45,consistency,consistency
2025-06-26 00:00:00,62,2025-04,3065.45,0.0,56665.45,consistency,consistency
2025-06-27 00:00:00,43,2025-04,3468.45,0.0,57068.45,consistency,consistency
2025-06-27 00:00:00,44,2025-04,3468.45,0.0,57068.45,consistency,consistency
2025-06-27 00:00:00,45,2025-04,3468.45,0.0,57068.45,consistency,consistency
2025-06-27 00:00:00,46,2025-04,3468.45,0.0,57068.45,consistency,consistency
2025-06-27 00:00:00,47,2025-04,3468.45,0.0,57068.45,consistency,consistency
2025-06-27 00:00:00,48,2025-04,3468.45,0.0,57068.45,consistency,consistency
2025-06-27 00:00:00,49,2025-04,3468.45,0.0,57068.45,consistency,consistency
2025-06-27 00:00:00,50,2025-04,3468.45,0.0,57068.45,consistency,consistency
2025-06-27 00:00:00,51,2025-04,3468.45,0.0,57068.45,consistency,consistency
2025-06-27 00:00:00,52,2025-04,3468.45,0.0,57068.45,consistency,consistency
2025-06-27 00:00:00,53,2025-04,3468.45,0.0,57068.45,consistency,consistency
2025-06-27 00:00:00,54,2025-04,3468.45,0.0,57068.45,consistency,consistency
2025-06-27 00:00:00,55,2025-04,3468.45,0.0,57068.45,consistency,consistency
2025-06-27 00:00:00,56,2025-04,3468.45,0.0,57068.45,consistency,consistency
2025-06-27 00:00:00,57,2025-04,3468.45,0.0,57068.45,consistency,consistency
2025-06-27 00:00:00,58,2025-04,3468.45,0.0,57068.45,consistency,consistency
2025-06-27 00:00:00,59,2025-04,3468.45,0.0,57068.45,consistency,consistency
2025-06-27 00:00:00,60,2025-04,3468.45,0.0,57068.45,consistency,consistency
2025-06-27 00:00:00,61,2025-04,3468.45,0.0,57068.45,consistency,consistency
2025-06-27 00:00:00,62,2025-04,3468.45,0.0,57068.45,consistency,consistency
2025-06-28 00:00:00,43,2025-04,3704.55,0.0,57304.55,consistency,consistency
2025-06-28 00:00:00,44,2025-04,3704.55,0.0,57304.55,consistency,consistency
2025-06-28 00:00:00,45,2025-04,3704.55,0.0,57304.55,consistency,consistency
2025-06-28 00:00:00,46,2025-04,3704.55,0.0,57304.55,consistency,consistency
2025-06-28 00:00:00,47,2025-04,3704.55,0.0,57304.55,consistency,consistency
2025-06-28 00:00:00,48,2025-04,3704.55,0.0,57304.55,consistency,consistency
2025-06-28 00:00:00,49,2025-04,3704.55,0.0,57304.55,consistency,consistency
2025-06-28 00:00:00,50,2025-04,3704.55,0.0,57304.55,consistency,consistency
2025-06-28 00:00:00,51,2025-04,3704.55,0.0,57304.55,consistency,consistency
2025-06-28 00:00:00,52,2025-04,3704.55,0.0,57304.55,consistency,consistency
2025-06-28 00:00:00,53,2025-04,3704.55,0.0,57304.55,consistency,consistency
2025-06-28 00:00:00,54,2025-04,3704.55,0.0,57304.55,consistency,consistency
2025-06-28 00:00:00,55,2025-04,3704.55,0.0,57304.55,consistency,consistency
2025-06-28 00:00:00,56,2025-04,3704.55,0.0,57304.55,consistency,consistency
2025-06-28 00:00:00,57,2025-04,3704.55,0.0,57304.55,consistency,consistency
2025-06-28 00:00:00,58,2025-04,3704.55,0.0,57304.55,consistency,consistency
2025-06-28 00:00:00,59,2025-04,3704.55,0.0,57304.55,consistency,consistency
2025-06-28 00:00:00,60,2025-04,3704.55,0.0,57304.55,consistency,consistency
2025-06-28 00:00:00,61,2025-04,3704.55,0.0,57304.55,consistency,consistency
2025-06-28 00:00:00,62,2025-04,3704.55,0.0,57304.55,consistency,consistency
2025-06-29 00:00:00,43,2025-04,3704.55,0.0,57304.55,consistency,consistency
2025-06-29 00:00:00,44,2025-04,3704.55,0.0,57304.55,consistency,consistency
2025-06-29 00:00:00,45,2025-04,3704.55,0.0,57304.55,consistency,consistency
2025-06-29 00:00:00,46,2025-04,3704.55,0.0,57304.55,consistency,consistency
2025-06-29 00:00:00,47,2025-04,3704.55,0.0,57304.55,consistency,consistency
2025-06-29 00:00:00,48,2025-04,3704.55,0.0,57304.55,consistency,consistency
2025-06-29 00:00:00,49,2025-04,3704.55,0.0,57304.55,consistency,consistency
2025-06-29 00:00:00,50,2025-04,3704.55,0.0,57304.55,consistency,consistency
2025-06-29 00:00:00,51,2025-04,3704.55,0.0,57304.55,consistency,consistency
2025-06-29 00:00:00,52,2025-04,3704.55,0.0,57304.55,consistency,consistency
2025-06-29 00:00:00,53,2025-04,3704.55,0.0,57304.55,consistency,consistency
2025-06-29 00:00:00,54,2025-04,3704.55,0.0,57304.55,consistency,consistency
2025-06-29 00:00:00,55,2025-04,3704.55,0.0,57304.55,consistency,consistency
2025-06-29 00:00:00,56,2025-04,3704.55,0.0,57304.55,consistency,consistency
2025-06-29 00:00:00,57,2025-04,3704.55,0.0,57304.55,consistency,consistency
2025-06-29 00:00:00,58,2025-04,3704.55,0.0,57304.55,consistency,consistency
2025-06-29 00:00:00,59,2025-04,3704.55,0.0,57304.55,consistency,consistency
2025-06-29 00:00:00,60,2025-04,3704.55,0.0,57304.55,consistency,consistency
2025-06-29 00:00:00,61,2025-04,3704.55,0.0,57304.55,consistency,consistency
2025-06-29 00:00:00,62,2025-04,3704.55,0.0,57304.55,consistency,consistency
2025-06-30 00:00:00,43,2025-04,3704.55,0.0,57304.55,consistency,consistency
2025-06-30 00:00:00,44,2025-04,3704.55,0.0,57304.55,consistency,consistency
2025-06-30 00:00:00,45,2025-04,3704.55,0.0,57304.55,consistency,consistency
2025-06-30 00:00:00,46,2025-04,3704.55,0.0,57304.55,consistency,consistency
2025-06-30 00:00:00,47,2025-04,3704.55,0.0,57304.55,consistency,consistency
2025-06-30 00:00:00,48,2025-04,3704.55,0.0,57304.55,consistency,consistency
2025-06-30 00:00:00,49,2025-04,3704.55,0.0,57304.55,consistency,consistency
2025-06-30 00:00:00,50,2025-04,3704.55,0.0,57304.55,consistency,consistency
2025-06-30 00:00:00,51,2025-04,3704.55,0.0,57304.55,consistency,consistency
2025-06-30 00:00:00,52,2025-04,3704.55,0.0,57304.55,consistency,consistency
2025-06-30 00:00:00,53,2025-04,3704.55,0.0,57304.55,consistency,consistency
2025-06-30 00:00:00,54,2025-04,3704.55,0.0,57304.55,consistency,consistency
2025-06-30 00:00:00,55,2025-04,3704.55,0.0,57304.55,consistency,consistency
2025-06-30 00:00:00,56,2025-04,3704.55,0.0,57304.55,consistency,consistency
2025-06-30 00:00:00,57,2025-04,3704.55,0.0,57304.55,consistency,consistency
2025-06-30 00:00:00,58,2025-04,3704.55,0.0,57304.55,consistency,consistency
2025-06-30 00:00:00,59,2025-04,3704.55,0.0,57304.55,consistency,consistency
2025-06-30 00:00:00,60,2025-04,3704.55,0.0,57304.55,consistency,consistency
2025-06-30 00:00:00,61,2025-04,3704.55,0.0,57304.55,consistency,consistency
2025-06-30 00:00:00,62,2025-04,3704.55,0.0,57304.55,consistency,consistency
2025-07-01 00:00:00,43,2025-04,3723.2,0.0,57323.2,consistency,consistency
2025-07-01 00:00:00,44,2025-04,3723.2,0.0,57323.2,consistency,consistency
2025-07-01 00:00:00,45,2025-04,3723.2,0.0,57323.2,consistency,consistency
2025-07-01 00:00:00,46,2025-04,3723.2,0.0,57323.2,consistency,consistency
2025-07-01 00:00:00,47,2025-04,3723.2,0.0,57323.2,consistency,consistency
2025-07-01 00:00:00,48,2025-04,3723.2,0.0,57323.2,consistency,consistency
2025-07-01 00:00:00,49,2025-04,3723.2,0.0,57323.2,consistency,consistency
2025-07-01 00:00:00,50,2025-04,3723.2,0.0,57323.2,consistency,consistency
2025-07-01 00:00:00,51,2025-04,3723.2,0.0,57323.2,consistency,consistency
2025-07-01 00:00:00,52,2025-04,3723.2,0.0,57323.2,consistency,consistency
2025-07-01 00:00:00,53,2025-04,3723.2,0.0,57323.2,consistency,consistency
2025-07-01 00:00:00,54,2025-04,3723.2,0.0,57323.2,consistency,consistency
2025-07-01 00:00:00,55,2025-04,3723.2,0.0,57323.2,consistency,consistency
2025-07-01 00:00:00,56,2025-04,3723.2,0.0,57323.2,consistency,consistency
2025-07-01 00:00:00,57,2025-04,3723.2,0.0,57323.2,consistency,consistency
2025-07-01 00:00:00,58,2025-04,3723.2,0.0,57323.2,consistency,consistency
2025-07-01 00:00:00,59,2025-04,3723.2,0.0,57323.2,consistency,consistency
2025-07-01 00:00:00,60,2025-04,3723.2,0.0,57323.2,consistency,consistency
2025-07-01 00:00:00,61,2025-04,3723.2,0.0,57323.2,consistency,consistency
2025-07-01 00:00:00,62,2025-04,3723.2,0.0,57323.2,consistency,consistency
2025-07-02 00:00:00,43,2025-04,3603.95,0.0,57203.95,consistency,consistency
2025-07-02 00:00:00,44,2025-04,3603.95,0.0,57203.95,consistency,consistency
2025-07-02 00:00:00,45,2025-04,3603.95,0.0,57203.95,consistency,consistency
2025-07-02 00:00:00,46,2025-04,3603.95,0.0,57203.95,consistency,consistency
2025-07-02 00:00:00,47,2025-04,3603.95,0.0,57203.95,consistency,consistency
2025-07-02 00:00:00,48,2025-04,3603.95,0.0,57203.95,consistency,consistency
2025-07-02 00:00:00,49,2025-04,3603.95,0.0,57203.95,consistency,consistency
2025-07-02 00:00:00,50,2025-04,3603.95,0.0,57203.95,consistency,consistency
2025-07-02 00:00:00,51,2025-04,3603.95,0.0,57203.95,consistency,consistency
2025-07-02 00:00:00,52,2025-04,3603.95,0.0,57203.95,consistency,consistency
2025-07-02 00:00:00,53,2025-04,3603.95,0.0,57203.95,consistency,consistency
2025-07-02 00:00:00,54,2025-04,3603.95,0.0,57203.95,consistency,consistency
2025-07-02 00:00:00,55,2025-04,3603.95,0.0,57203.95,consistency,consistency
2025-07-02 00:00:00,56,2025-04,3603.95,0.0,57203.95,consistency,consistency
2025-07-02 00:00:00,57,2025-04,3603.95,0.0,57203.95,consistency,consistency
2025-07-02 00:00:00,58,2025-04,3603.95,0.0,57203.95,consistency,consistency
2025-07-02 00:00:00,59,2025-04,3603.95,0.0,57203.95,consistency,consistency
2025-07-02 00:00:00,60,2025-04,3603.95,0.0,57203.95,consistency,consistency
2025-07-02 00:00:00,61,2025-04,3603.95,0.0,57203.95,consistency,consistency
2025-07-02 00:00:00,62,2025-04,3603.95,0.0,57203.95,consistency,consistency
2025-07-03 00:00:00,43,2025-04,3686.15,0.0,57286.15,consistency,consistency
2025-07-03 00:00:00,44,2025-04,3686.15,0.0,57286.15,consistency,consistency
2025-07-03 00:00:00,45,2025-04,3686.15,0.0,57286.15,consistency,consistency
2025-07-03 00:00:00,46,2025-04,3686.15,0.0,57286.15,consistency,consistency
2025-07-03 00:00:00,47,2025-04,3686.15,0.0,57286.15,consistency,consistency
2025-07-03 00:00:00,48,2025-04,3686.15,0.0,57286.15,consistency,consistency
2025-07-03 00:00:00,49,2025-04,3686.15,0.0,57286.15,consistency,consistency
2025-07-03 00:00:00,50,2025-04,3686.15,0.0,57286.15,consistency,consistency
2025-07-03 00:00:00,51,2025-04,3686.15,0.0,57286.15,consistency,consistency
2025-07-03 00:00:00,52,2025-04,3686.15,0.0,57286.15,consistency,consistency
2025-07-03 00:00:00,53,2025-04,3686.15,0.0,57286.15,consistency,consistency
2025-07-03 00:00:00,54,2025-04,3686.15,0.0,57286.15,consistency,consistency
2025-07-03 00:00:00,55,2025-04,3686.15,0.0,57286.15,consistency,consistency
2025-07-03 00:00:00,56,2025-04,3686.15,0.0,57286.15,consistency,consistency
2025-07-03 00:00:00,57,2025-04,3686.15,0.0,57286.15,consistency,consistency
2025-07-03 00:00:00,58,2025-04,3686.15,0.0,57286.15,consistency,consistency
2025-07-03 00:00:00,59,2025-04,3686.15,0.0,57286.15,consistency,consistency
2025-07-03 00:00:00,60,2025-04,3686.15,0.0,57286.15,consistency,consistency
2025-07-03 00:00:00,61,2025-04,3686.15,0.0,57286.15,consistency,consistency
2025-07-03 00:00:00,62,2025-04,3686.15,0.0,57286.15,consistency,consistency
2025-07-04 00:00:00,43,2025-04,3773.35,0.0,57373.35,consistency,consistency
2025-07-04 00:00:00,44,2025-04,3773.35,0.0,57373.35,consistency,consistency
2025-07-04 00:00:00,45,2025-04,3773.35,0.0,57373.35,consistency,consistency
2025-07-04 00:00:00,46,2025-04,3773.35,0.0,57373.35,consistency,consistency
2025-07-04 00:00:00,47,2025-04,3773.35,0.0,57373.35,consistency,consistency
2025-07-04 00:00:00,48,2025-04,3773.35,0.0,57373.35,consistency,consistency
2025-07-04 00:00:00,49,2025-04,3773.35,0.0,57373.35,consistency,consistency
2025-07-04 00:00:00,50,2025-04,3773.35,0.0,57373.35,consistency,consistency
2025-07-04 00:00:00,51,2025-04,3773.35,0.0,57373.35,consistency,consistency
2025-07-04 00:00:00,52,2025-04,3773.35,0.0,57373.35,consistency,consistency
2025-07-04 00:00:00,53,2025-04,3773.35,0.0,57373.35,consistency,consistency
2025-07-04 00:00:00,54,2025-04,3773.35,0.0,57373.35,consistency,consistency
2025-07-04 00:00:00,55,2025-04,3773.35,0.0,57373.35,consistency,consistency
2025-07-04 00:00:00,56,2025-04,3773.35,0.0,57373.35,consistency,consistency
2025-07-04 00:00:00,57,2025-04,3773.35,0.0,57373.35,consistency,consistency
2025-07-04 00:00:00,58,2025-04,3773.35,0.0,57373.35,consistency,consistency
2025-07-04 00:00:00,59,2025-04,3773.35,0.0,57373.35,consistency,consistency
2025-07-04 00:00:00,60,2025-04,3773.35,0.0,57373.35,consistency,consistency
2025-07-04 00:00:00,61,2025-04,3773.35,0.0,57373.35,consistency,consistency
2025-07-04 00:00:00,62,2025-04,3773.35,0.0,57373.35,consistency,consistency
2025-07-05 00:00:00,43,2025-04,3580.65,0.0,57180.65,consistency,consistency
2025-07-05 00:00:00,44,2025-04,3580.65,0.0,57180.65,consistency,consistency
2025-07-05 00:00:00,45,2025-04,3580.65,0.0,57180.65,consistency,consistency
2025-07-05 00:00:00,46,2025-04,3580.65,0.0,57180.65,consistency,consistency
2025-07-05 00:00:00,47,2025-04,3580.65,0.0,57180.65,consistency,consistency
2025-07-05 00:00:00,48,2025-04,3580.65,0.0,57180.65,consistency,consistency
2025-07-05 00:00:00,49,2025-04,3580.65,0.0,57180.65,consistency,consistency
2025-07-05 00:00:00,50,2025-04,3580.65,0.0,57180.65,consistency,consistency
2025-07-05 00:00:00,51,2025-04,3580.65,0.0,57180.65,consistency,consistency
2025-07-05 00:00:00,52,2025-04,3580.65,0.0,57180.65,consistency,consistency
2025-07-05 00:00:00,53,2025-04,3580.65,0.0,57180.65,consistency,consistency
2025-07-05 00:00:00,54,2025-04,3580.65,0.0,57180.65,consistency,consistency
2025-07-05 00:00:00,55,2025-04,3580.65,0.0,57180.65,consistency,consistency
2025-07-05 00:00:00,56,2025-04,3580.65,0.0,57180.65,consistency,consistency
2025-07-05 00:00:00,57,2025-04,3580.65,0.0,57180.65,consistency,consistency
2025-07-05 00:00:00,58,2025-04,3580.65,0.0,57180.65,consistency,consistency
2025-07-05 00:00:00,59,2025-04,3580.65,0.0,57180.65,consistency,consistency
2025-07-05 00:00:00,60,2025-04,3580.65,0.0,57180.65,consistency,consistency
2025-07-05 00:00:00,61,2025-04,3580.65,0.0,57180.65,consistency,consistency
2025-07-05 00:00:00,62,2025-04,3580.65,0.0,57180.65,consistency,consistency
2025-07-06 00:00:00,43,2025-04,3580.65,0.0,57180.65,consistency,consistency
2025-07-06 00:00:00,44,2025-04,3580.65,0.0,57180.65,consistency,consistency
2025-07-06 00:00:00,45,2025-04,3580.65,0.0,57180.65,consistency,consistency
2025-07-06 00:00:00,46,2025-04,3580.65,0.0,57180.65,consistency,consistency
2025-07-06 00:00:00,47,2025-04,3580.65,0.0,57180.65,consistency,consistency
2025-07-06 00:00:00,48,2025-04,3580.65,0.0,57180.65,consistency,consistency
2025-07-06 00:00:00,49,2025-04,3580.65,0.0,57180.65,consistency,consistency
2025-07-06 00:00:00,50,2025-04,3580.65,0.0,57180.65,consistency,consistency
2025-07-06 00:00:00,51,2025-04,3580.65,0.0,57180.65,consistency,consistency
2025-07-06 00:00:00,52,2025-04,3580.65,0.0,57180.65,consistency,consistency
2025-07-06 00:00:00,53,2025-04,3580.65,0.0,57180.65,consistency,consistency
2025-07-06 00:00:00,54,2025-04,3580.65,0.0,57180.65,consistency,consistency
2025-07-06 00:00:00,55,2025-04,3580.65,0.0,57180.65,consistency,consistency
2025-07-06 00:00:00,56,2025-04,3580.65,0.0,57180.65,consistency,consistency
2025-07-06 00:00:00,57,2025-04,3580.65,0.0,57180.65,consistency,consistency
2025-07-06 00:00:00,58,2025-04,3580.65,0.0,57180.65,consistency,consistency
2025-07-06 00:00:00,59,2025-04,3580.65,0.0,57180.65,consistency,consistency
2025-07-06 00:00:00,60,2025-04,3580.65,0.0,57180.65,consistency,consistency
2025-07-06 00:00:00,61,2025-04,3580.65,0.0,57180.65,consistency,consistency
2025-07-06 00:00:00,62,2025-04,3580.65,0.0,57180.65,consistency,consistency
2025-07-07 00:00:00,43,2025-04,3580.65,0.0,57180.65,consistency,consistency
2025-07-07 00:00:00,44,2025-04,3580.65,0.0,57180.65,consistency,consistency
2025-07-07 00:00:00,45,2025-04,3580.65,0.0,57180.65,consistency,consistency
2025-07-07 00:00:00,46,2025-04,3580.65,0.0,57180.65,consistency,consistency
2025-07-07 00:00:00,47,2025-04,3580.65,0.0,57180.65,consistency,consistency
2025-07-07 00:00:00,48,2025-04,3580.65,0.0,57180.65,consistency,consistency
2025-07-07 00:00:00,49,2025-04,3580.65,0.0,57180.65,consistency,consistency
2025-07-07 00:00:00,50,2025-04,3580.65,0.0,57180.65,consistency,consistency
2025-07-07 00:00:00,51,2025-04,3580.65,0.0,57180.65,consistency,consistency
2025-07-07 00:00:00,52,2025-04,3580.65,0.0,57180.65,consistency,consistency
2025-07-07 00:00:00,53,2025-04,3580.65,0.0,57180.65,consistency,consistency
2025-07-07 00:00:00,54,2025-04,3580.65,0.0,57180.65,consistency,consistency
2025-07-07 00:00:00,55,2025-04,3580.65,0.0,57180.65,consistency,consistency
2025-07-07 00:00:00,56,2025-04,3580.65,0.0,57180.65,consistency,consistency
2025-07-07 00:00:00,57,2025-04,3580.65,0.0,57180.65,consistency,consistency
2025-07-07 00:00:00,58,2025-04,3580.65,0.0,57180.65,consistency,consistency
2025-07-07 00:00:00,59,2025-04,3580.65,0.0,57180.65,consistency,consistency
2025-07-07 00:00:00,60,2025-04,3580.65,0.0,57180.65,consistency,consistency
2025-07-07 00:00:00,61,2025-04,3580.65,0.0,57180.65,consistency,consistency
2025-07-07 00:00:00,62,2025-04,3580.65,0.0,57180.65,consistency,consistency
2025-07-08 00:00:00,43,2025-04,3298.2,0.0,56898.2,consistency,consistency
2025-07-08 00:00:00,44,2025-04,3298.2,0.0,56898.2,consistency,consistency
2025-07-08 00:00:00,45,2025-04,3298.2,0.0,56898.2,consistency,consistency
2025-07-08 00:00:00,46,2025-04,3298.2,0.0,56898.2,consistency,consistency
2025-07-08 00:00:00,47,2025-04,3298.2,0.0,56898.2,consistency,consistency
2025-07-08 00:00:00,48,2025-04,3298.2,0.0,56898.2,consistency,consistency
2025-07-08 00:00:00,49,2025-04,3298.2,0.0,56898.2,consistency,consistency
2025-07-08 00:00:00,50,2025-04,3298.2,0.0,56898.2,consistency,consistency
2025-07-08 00:00:00,51,2025-04,3298.2,0.0,56898.2,consistency,consistency
2025-07-08 00:00:00,52,2025-04,3298.2,0.0,56898.2,consistency,consistency
2025-07-08 00:00:00,53,2025-04,3298.2,0.0,56898.2,consistency,consistency
2025-07-08 00:00:00,54,2025-04,3298.2,0.0,56898.2,consistency,consistency
2025-07-08 00:00:00,55,2025-04,3298.2,0.0,56898.2,consistency,consistency
2025-07-08 00:00:00,56,2025-04,3298.2,0.0,56898.2,consistency,consistency
2025-07-08 00:00:00,57,2025-04,3298.2,0.0,56898.2,consistency,consistency
2025-07-08 00:00:00,58,2025-04,3298.2,0.0,56898.2,consistency,consistency
2025-07-08 00:00:00,59,2025-04,3298.2,0.0,56898.2,consistency,consistency
2025-07-08 00:00:00,60,2025-04,3298.2,0.0,56898.2,consistency,consistency
2025-07-08 00:00:00,61,2025-04,3298.2,0.0,56898.2,consistency,consistency
2025-07-08 00:00:00,62,2025-04,3298.2,0.0,56898.2,consistency,consistency
2025-07-09 00:00:00,43,2025-04,3064.65,0.0,56664.65,consistency,consistency
2025-07-09 00:00:00,44,2025-04,3064.65,0.0,56664.65,consistency,consistency
2025-07-09 00:00:00,45,2025-04,3064.65,0.0,56664.65,consistency,consistency
2025-07-09 00:00:00,46,2025-04,3064.65,0.0,56664.65,consistency,consistency
2025-07-09 00:00:00,47,2025-04,3064.65,0.0,56664.65,consistency,consistency
2025-07-09 00:00:00,48,2025-04,3064.65,0.0,56664.65,consistency,consistency
2025-07-09 00:00:00,49,2025-04,3064.65,0.0,56664.65,consistency,consistency
2025-07-09 00:00:00,50,2025-04,3064.65,0.0,56664.65,consistency,consistency
2025-07-09 00:00:00,51,2025-04,3064.65,0.0,56664.65,consistency,consistency
2025-07-09 00:00:00,52,2025-04,3064.65,0.0,56664.65,consistency,consistency
2025-07-09 00:00:00,53,2025-04,3064.65,0.0,56664.65,consistency,consistency
2025-07-09 00:00:00,54,2025-04,3064.65,0.0,56664.65,consistency,consistency
2025-07-09 00:00:00,55,2025-04,3064.65,0.0,56664.65,consistency,consistency
2025-07-09 00:00:00,56,2025-04,3064.65,0.0,56664.65,consistency,consistency
2025-07-09 00:00:00,57,2025-04,3064.65,0.0,56664.65,consistency,consistency
2025-07-09 00:00:00,58,2025-04,3064.65,0.0,56664.65,consistency,consistency
2025-07-09 00:00:00,59,2025-04,3064.65,0.0,56664.65,consistency,consistency
2025-07-09 00:00:00,60,2025-04,3064.65,0.0,56664.65,consistency,consistency
2025-07-09 00:00:00,61,2025-04,3064.65,0.0,56664.65,consistency,consistency
2025-07-09 00:00:00,62,2025-04,3064.65,0.0,56664.65,consistency,consistency
2025-07-10 00:00:00,43,2025-04,3767.65,0.0,57367.65,consistency,consistency
2025-07-10 00:00:00,44,2025-04,3767.65,0.0,57367.65,consistency,consistency
2025-07-10 00:00:00,45,2025-04,3767.65,0.0,57367.65,consistency,consistency
2025-07-10 00:00:00,46,2025-04,3767.65,0.0,57367.65,consistency,consistency
2025-07-10 00:00:00,47,2025-04,3767.65,0.0,57367.65,consistency,consistency
2025-07-10 00:00:00,48,2025-04,3767.65,0.0,57367.65,consistency,consistency
2025-07-10 00:00:00,49,2025-04,3767.65,0.0,57367.65,consistency,consistency
2025-07-10 00:00:00,50,2025-04,3767.65,0.0,57367.65,consistency,consistency
2025-07-10 00:00:00,51,2025-04,3767.65,0.0,57367.65,consistency,consistency
2025-07-10 00:00:00,52,2025-04,3767.65,0.0,57367.65,consistency,consistency
2025-07-10 00:00:00,53,2025-04,3767.65,0.0,57367.65,consistency,consistency
2025-07-10 00:00:00,54,2025-04,3767.65,0.0,57367.65,consistency,consistency
2025-07-10 00:00:00,55,2025-04,3767.65,0.0,57367.65,consistency,consistency
2025-07-10 00:00:00,56,2025-04,3767.65,0.0,57367.65,consistency,consistency
2025-07-10 00:00:00,57,2025-04,3767.65,0.0,57367.65,consistency,consistency
2025-07-10 00:00:00,58,2025-04,3767.65,0.0,57367.65,consistency,consistency
2025-07-10 00:00:00,59,2025-04,3767.65,0.0,57367.65,consistency,consistency
2025-07-10 00:00:00,60,2025-04,3767.65,0.0,57367.65,consistency,consistency
2025-07-10 00:00:00,61,2025-04,3767.65,0.0,57367.65,consistency,consistency
2025-07-10 00:00:00,62,2025-04,3767.65,0.0,57367.65,consistency,consistency
2025-07-11 00:00:00,43,2025-04,3767.8,0.0,57367.8,consistency,consistency
2025-07-11 00:00:00,44,2025-04,3767.8,0.0,57367.8,consistency,consistency
2025-07-11 00:00:00,45,2025-04,3767.8,0.0,57367.8,consistency,consistency
2025-07-11 00:00:00,46,2025-04,3767.8,0.0,57367.8,consistency,consistency
2025-07-11 00:00:00,47,2025-04,3767.8,0.0,57367.8,consistency,consistency
2025-07-11 00:00:00,48,2025-04,3767.8,0.0,57367.8,consistency,consistency
2025-07-11 00:00:00,49,2025-04,3767.8,0.0,57367.8,consistency,consistency
2025-07-11 00:00:00,50,2025-04,3767.8,0.0,57367.8,consistency,consistency
2025-07-11 00:00:00,51,2025-04,3767.8,0.0,57367.8,consistency,consistency
2025-07-11 00:00:00,52,2025-04,3767.8,0.0,57367.8,consistency,consistency
2025-07-11 00:00:00,53,2025-04,3767.8,0.0,57367.8,consistency,consistency
2025-07-11 00:00:00,54,2025-04,3767.8,0.0,57367.8,consistency,consistency
2025-07-11 00:00:00,55,2025-04,3767.8,0.0,57367.8,consistency,consistency
2025-07-11 00:00:00,56,2025-04,3767.8,0.0,57367.8,consistency,consistency
2025-07-11 00:00:00,57,2025-04,3767.8,0.0,57367.8,consistency,consistency
2025-07-11 00:00:00,58,2025-04,3767.8,0.0,57367.8,consistency,consistency
2025-07-11 00:00:00,59,2025-04,3767.8,0.0,57367.8,consistency,consistency
2025-07-11 00:00:00,60,2025-04,3767.8,0.0,57367.8,consistency,consistency
2025-07-11 00:00:00,61,2025-04,3767.8,0.0,57367.8,consistency,consistency
2025-07-11 00:00:00,62,2025-04,3767.8,0.0,57367.8,consistency,consistency
2025-07-12 00:00:00,43,2025-04,3619.45,0.0,57219.45,consistency,consistency
2025-07-12 00:00:00,44,2025-04,3619.45,0.0,57219.45,consistency,consistency
2025-07-12 00:00:00,45,2025-04,3619.45,0.0,57219.45,consistency,consistency
2025-07-12 00:00:00,46,2025-04,3619.45,0.0,57219.45,consistency,consistency
2025-07-12 00:00:00,47,2025-04,3619.45,0.0,57219.45,consistency,consistency
2025-07-12 00:00:00,48,2025-04,3619.45,0.0,57219.45,consistency,consistency
2025-07-12 00:00:00,49,2025-04,3619.45,0.0,57219.45,consistency,consistency
2025-07-12 00:00:00,50,2025-04,3619.45,0.0,57219.45,consistency,consistency
2025-07-12 00:00:00,51,2025-04,3619.45,0.0,57219.45,consistency,consistency
2025-07-12 00:00:00,52,2025-04,3619.45,0.0,57219.45,consistency,consistency
2025-07-12 00:00:00,53,2025-04,3619.45,0.0,57219.45,consistency,consistency
2025-07-12 00:00:00,54,2025-04,3619.45,0.0,57219.45,consistency,consistency
2025-07-12 00:00:00,55,2025-04,3619.45,0.0,57219.45,consistency,consistency
2025-07-12 00:00:00,56,2025-04,3619.45,0.0,57219.45,consistency,consistency
2025-07-12 00:00:00,57,2025-04,3619.45,0.0,57219.45,consistency,consistency
2025-07-12 00:00:00,58,2025-04,3619.45,0.0,57219.45,consistency,consistency
2025-07-12 00:00:00,59,2025-04,3619.45,0.0,57219.45,consistency,consistency
2025-07-12 00:00:00,60,2025-04,3619.45,0.0,57219.45,consistency,consistency
2025-07-12 00:00:00,61,2025-04,3619.45,0.0,57219.45,consistency,consistency
2025-07-12 00:00:00,62,2025-04,3619.45,0.0,57219.45,consistency,consistency
2025-07-13 00:00:00,43,2025-04,3619.45,0.0,57219.45,consistency,consistency
2025-07-13 00:00:00,44,2025-04,3619.45,0.0,57219.45,consistency,consistency
2025-07-13 00:00:00,45,2025-04,3619.45,0.0,57219.45,consistency,consistency
2025-07-13 00:00:00,46,2025-04,3619.45,0.0,57219.45,consistency,consistency
2025-07-13 00:00:00,47,2025-04,3619.45,0.0,57219.45,consistency,consistency
2025-07-13 00:00:00,48,2025-04,3619.45,0.0,57219.45,consistency,consistency
2025-07-13 00:00:00,49,2025-04,3619.45,0.0,57219.45,consistency,consistency
2025-07-13 00:00:00,50,2025-04,3619.45,0.0,57219.45,consistency,consistency
2025-07-13 00:00:00,51,2025-04,3619.45,0.0,57219.45,consistency,consistency
2025-07-13 00:00:00,52,2025-04,3619.45,0.0,57219.45,consistency,consistency
2025-07-13 00:00:00,53,2025-04,3619.45,0.0,57219.45,consistency,consistency
2025-07-13 00:00:00,54,2025-04,3619.45,0.0,57219.45,consistency,consistency
2025-07-13 00:00:00,55,2025-04,3619.45,0.0,57219.45,consistency,consistency
2025-07-13 00:00:00,56,2025-04,3619.45,0.0,57219.45,consistency,consistency
2025-07-13 00:00:00,57,2025-04,3619.45,0.0,57219.45,consistency,consistency
2025-07-13 00:00:00,58,2025-04,3619.45,0.0,57219.45,consistency,consistency
2025-07-13 00:00:00,59,2025-04,3619.45,0.0,57219.45,consistency,consistency
2025-07-13 00:00:00,60,2025-04,3619.45,0.0,57219.45,consistency,consistency
2025-07-13 00:00:00,61,2025-04,3619.45,0.0,57219.45,consistency,consistency
2025-07-13 00:00:00,62,2025-04,3619.45,0.0,57219.45,consistency,consistency
2025-07-14 00:00:00,43,2025-04,3619.45,0.0,57219.45,consistency,consistency
2025-07-14 00:00:00,44,2025-04,3619.45,0.0,57219.45,consistency,consistency
2025-07-14 00:00:00,45,2025-04,3619.45,0.0,57219.45,consistency,consistency
2025-07-14 00:00:00,46,2025-04,3619.45,0.0,57219.45,consistency,consistency
2025-07-14 00:00:00,47,2025-04,3619.45,0.0,57219.45,consistency,consistency
2025-07-14 00:00:00,48,2025-04,3619.45,0.0,57219.45,consistency,consistency
2025-07-14 00:00:00,49,2025-04,3619.45,0.0,57219.45,consistency,consistency
2025-07-14 00:00:00,50,2025-04,3619.45,0.0,57219.45,consistency,consistency
2025-07-14 00:00:00,51,2025-04,3619.45,0.0,57219.45,consistency,consistency
2025-07-14 00:00:00,52,2025-04,3619.45,0.0,57219.45,consistency,consistency
2025-07-14 00:00:00,53,2025-04,3619.45,0.0,57219.45,consistency,consistency
2025-07-14 00:00:00,54,2025-04,3619.45,0.0,57219.45,consistency,consistency
2025-07-14 00:00:00,55,2025-04,3619.45,0.0,57219.45,consistency,consistency
2025-07-14 00:00:00,56,2025-04,3619.45,0.0,57219.45,consistency,consistency
2025-07-14 00:00:00,57,2025-04,3619.45,0.0,57219.45,consistency,consistency
2025-07-14 00:00:00,58,2025-04,3619.45,0.0,57219.45,consistency,consistency
2025-07-14 00:00:00,59,2025-04,3619.45,0.0,57219.45,consistency,consistency
2025-07-14 00:00:00,60,2025-04,3619.45,0.0,57219.45,consistency,consistency
2025-07-14 00:00:00,61,2025-04,3619.45,0.0,57219.45,consistency,consistency
2025-07-14 00:00:00,62,2025-04,3619.45,0.0,57219.45,consistency,consistency
2025-07-15 00:00:00,43,2025-04,4048.45,0.0,57648.45,consistency,consistency
2025-07-15 00:00:00,44,2025-04,4048.45,0.0,57648.45,consistency,consistency
2025-07-15 00:00:00,45,2025-04,4048.45,0.0,57648.45,consistency,consistency
2025-07-15 00:00:00,46,2025-04,4048.45,0.0,57648.45,consistency,consistency
2025-07-15 00:00:00,47,2025-04,4048.45,0.0,57648.45,consistency,consistency
2025-07-15 00:00:00,48,2025-04,4048.45,0.0,57648.45,consistency,consistency
2025-07-15 00:00:00,49,2025-04,4048.45,0.0,57648.45,consistency,consistency
2025-07-15 00:00:00,50,2025-04,4048.45,0.0,57648.45,consistency,consistency
2025-07-15 00:00:00,51,2025-04,4048.45,0.0,57648.45,consistency,consistency
2025-07-15 00:00:00,52,2025-04,4048.45,0.0,57648.45,consistency,consistency
2025-07-15 00:00:00,53,2025-04,4048.45,0.0,57648.45,consistency,consistency
2025-07-15 00:00:00,54,2025-04,4048.45,0.0,57648.45,consistency,consistency
2025-07-15 00:00:00,55,2025-04,4048.45,0.0,57648.45,consistency,consistency
2025-07-15 00:00:00,56,2025-04,4048.45,0.0,57648.45,consistency,consistency
2025-07-15 00:00:00,57,2025-04,4048.45,0.0,57648.45,consistency,consistency
2025-07-15 00:00:00,58,2025-04,4048.45,0.0,57648.45,consistency,consistency
2025-07-15 00:00:00,59,2025-04,4048.45,0.0,57648.45,consistency,consistency
2025-07-15 00:00:00,60,2025-04,4048.45,0.0,57648.45,consistency,consistency
2025-07-15 00:00:00,61,2025-04,4048.45,0.0,57648.45,consistency,consistency
2025-07-15 00:00:00,62,2025-04,4048.45,0.0,57648.45,consistency,consistency
2025-07-16 00:00:00,43,2025-04,4073.05,0.0,57673.05,consistency,consistency
2025-07-16 00:00:00,44,2025-04,4073.05,0.0,57673.05,consistency,consistency
2025-07-16 00:00:00,45,2025-04,4073.05,0.0,57673.05,consistency,consistency
2025-07-16 00:00:00,46,2025-04,4073.05,0.0,57673.05,consistency,consistency
2025-07-16 00:00:00,47,2025-04,4073.05,0.0,57673.05,consistency,consistency
2025-07-16 00:00:00,48,2025-04,4073.05,0.0,57673.05,consistency,consistency
2025-07-16 00:00:00,49,2025-04,4073.05,0.0,57673.05,consistency,consistency
2025-07-16 00:00:00,50,2025-04,4073.05,0.0,57673.05,consistency,consistency
2025-07-16 00:00:00,51,2025-04,4073.05,0.0,57673.05,consistency,consistency
2025-07-16 00:00:00,52,2025-04,4073.05,0.0,57673.05,consistency,consistency
2025-07-16 00:00:00,53,2025-04,4073.05,0.0,57673.05,consistency,consistency
2025-07-16 00:00:00,54,2025-04,4073.05,0.0,57673.05,consistency,consistency
2025-07-16 00:00:00,55,2025-04,4073.05,0.0,57673.05,consistency,consistency
2025-07-16 00:00:00,56,2025-04,4073.05,0.0,57673.05,consistency,consistency
2025-07-16 00:00:00,57,2025-04,4073.05,0.0,57673.05,consistency,consistency
2025-07-16 00:00:00,58,2025-04,4073.05,0.0,57673.05,consistency,consistency
2025-07-16 00:00:00,59,2025-04,4073.05,0.0,57673.05,consistency,consistency
2025-07-16 00:00:00,60,2025-04,4073.05,0.0,57673.05,consistency,consistency
2025-07-16 00:00:00,61,2025-04,4073.05,0.0,57673.05,consistency,consistency
2025-07-16 00:00:00,62,2025-04,4073.05,0.0,57673.05,consistency,consistency
2025-07-17 00:00:00,43,2025-04,3848.05,0.0,57448.05,consistency,consistency
2025-07-17 00:00:00,44,2025-04,3848.05,0.0,57448.05,consistency,consistency
2025-07-17 00:00:00,45,2025-04,3848.05,0.0,57448.05,consistency,consistency
2025-07-17 00:00:00,46,2025-04,3848.05,0.0,57448.05,consistency,consistency
2025-07-17 00:00:00,47,2025-04,3848.05,0.0,57448.05,consistency,consistency
2025-07-17 00:00:00,48,2025-04,3848.05,0.0,57448.05,consistency,consistency
2025-07-17 00:00:00,49,2025-04,3848.05,0.0,57448.05,consistency,consistency
2025-07-17 00:00:00,50,2025-04,3848.05,0.0,57448.05,consistency,consistency
2025-07-17 00:00:00,51,2025-04,3848.05,0.0,57448.05,consistency,consistency
2025-07-17 00:00:00,52,2025-04,3848.05,0.0,57448.05,consistency,consistency
2025-07-17 00:00:00,53,2025-04,3848.05,0.0,57448.05,consistency,consistency
2025-07-17 00:00:00,54,2025-04,3848.05,0.0,57448.05,consistency,consistency
2025-07-17 00:00:00,55,2025-04,3848.05,0.0,57448.05,consistency,consistency
2025-07-17 00:00:00,56,2025-04,3848.05,0.0,57448.05,consistency,consistency
2025-07-17 00:00:00,57,2025-04,3848.05,0.0,57448.05,consistency,consistency
2025-07-17 00:00:00,58,2025-04,3848.05,0.0,57448.05,consistency,consistency
2025-07-17 00:00:00,59,2025-04,3848.05,0.0,57448.05,consistency,consistency
2025-07-17 00:00:00,60,2025-04,3848.05,0.0,57448.05,consistency,consistency
2025-07-17 00:00:00,61,2025-04,3848.05,0.0,57448.05,consistency,consistency
2025-07-17 00:00:00,62,2025-04,3848.05,0.0,57448.05,consistency,consistency
2025-07-18 00:00:00,43,2025-04,3941.25,0.0,57541.25,consistency,consistency
2025-07-18 00:00:00,44,2025-04,3941.25,0.0,57541.25,consistency,consistency
2025-07-18 00:00:00,45,2025-04,3941.25,0.0,57541.25,consistency,consistency
2025-07-18 00:00:00,46,2025-04,3941.25,0.0,57541.25,consistency,consistency
2025-07-18 00:00:00,47,2025-04,3941.25,0.0,57541.25,consistency,consistency
2025-07-18 00:00:00,48,2025-04,3941.25,0.0,57541.25,consistency,consistency
2025-07-18 00:00:00,49,2025-04,3941.25,0.0,57541.25,consistency,consistency
2025-07-18 00:00:00,50,2025-04,3941.25,0.0,57541.25,consistency,consistency
2025-07-18 00:00:00,51,2025-04,3941.25,0.0,57541.25,consistency,consistency
2025-07-18 00:00:00,52,2025-04,3941.25,0.0,57541.25,consistency,consistency
2025-07-18 00:00:00,53,2025-04,3941.25,0.0,57541.25,consistency,consistency
2025-07-18 00:00:00,54,2025-04,3941.25,0.0,57541.25,consistency,consistency
2025-07-18 00:00:00,55,2025-04,3941.25,0.0,57541.25,consistency,consistency
2025-07-18 00:00:00,56,2025-04,3941.25,0.0,57541.25,consistency,consistency
2025-07-18 00:00:00,57,2025-04,3941.25,0.0,57541.25,consistency,consistency
2025-07-18 00:00:00,58,2025-04,3941.25,0.0,57541.25,consistency,consistency
2025-07-18 00:00:00,59,2025-04,3941.25,0.0,57541.25,consistency,consistency
2025-07-18 00:00:00,60,2025-04,3941.25,0.0,57541.25,consistency,consistency
2025-07-18 00:00:00,61,2025-04,3941.25,0.0,57541.25,consistency,consistency
2025-07-18 00:00:00,62,2025-04,3941.25,0.0,57541.25,consistency,consistency
2025-07-19 00:00:00,43,2025-04,4040.4,0.0,57640.4,consistency,consistency
2025-07-19 00:00:00,44,2025-04,4040.4,0.0,57640.4,consistency,consistency
2025-07-19 00:00:00,45,2025-04,4040.4,0.0,57640.4,consistency,consistency
2025-07-19 00:00:00,46,2025-04,4040.4,0.0,57640.4,consistency,consistency
2025-07-19 00:00:00,47,2025-04,4040.4,0.0,57640.4,consistency,consistency
2025-07-19 00:00:00,48,2025-04,4040.4,0.0,57640.4,consistency,consistency
2025-07-19 00:00:00,49,2025-04,4040.4,0.0,57640.4,consistency,consistency
2025-07-19 00:00:00,50,2025-04,4040.4,0.0,57640.4,consistency,consistency
2025-07-19 00:00:00,51,2025-04,4040.4,0.0,57640.4,consistency,consistency
2025-07-19 00:00:00,52,2025-04,4040.4,0.0,57640.4,consistency,consistency
2025-07-19 00:00:00,53,2025-04,4040.4,0.0,57640.4,consistency,consistency
2025-07-19 00:00:00,54,2025-04,4040.4,0.0,57640.4,consistency,consistency
2025-07-19 00:00:00,55,2025-04,4040.4,0.0,57640.4,consistency,consistency
2025-07-19 00:00:00,56,2025-04,4040.4,0.0,57640.4,consistency,consistency
2025-07-19 00:00:00,57,2025-04,4040.4,0.0,57640.4,consistency,consistency
2025-07-19 00:00:00,58,2025-04,4040.4,0.0,57640.4,consistency,consistency
2025-07-19 00:00:00,59,2025-04,4040.4,0.0,57640.4,consistency,consistency
2025-07-19 00:00:00,60,2025-04,4040.4,0.0,57640.4,consistency,consistency
2025-07-19 00:00:00,61,2025-04,4040.4,0.0,57640.4,consistency,consistency
2025-07-19 00:00:00,62,2025-04,4040.4,0.0,57640.4,consistency,consistency
2025-07-20 00:00:00,43,2025-04,4040.4,0.0,57640.4,consistency,consistency
2025-07-20 00:00:00,44,2025-04,4040.4,0.0,57640.4,consistency,consistency
2025-07-20 00:00:00,45,2025-04,4040.4,0.0,57640.4,consistency,consistency
2025-07-20 00:00:00,46,2025-04,4040.4,0.0,57640.4,consistency,consistency
2025-07-20 00:00:00,47,2025-04,4040.4,0.0,57640.4,consistency,consistency
2025-07-20 00:00:00,48,2025-04,4040.4,0.0,57640.4,consistency,consistency
2025-07-20 00:00:00,49,2025-04,4040.4,0.0,57640.4,consistency,consistency
2025-07-20 00:00:00,50,2025-04,4040.4,0.0,57640.4,consistency,consistency
2025-07-20 00:00:00,51,2025-04,4040.4,0.0,57640.4,consistency,consistency
2025-07-20 00:00:00,52,2025-04,4040.4,0.0,57640.4,consistency,consistency
2025-07-20 00:00:00,53,2025-04,4040.4,0.0,57640.4,consistency,consistency
2025-07-20 00:00:00,54,2025-04,4040.4,0.0,57640.4,consistency,consistency
2025-07-20 00:00:00,55,2025-04,4040.4,0.0,57640.4,consistency,consistency
2025-07-20 00:00:00,56,2025-04,4040.4,0.0,57640.4,consistency,consistency
2025-07-20 00:00:00,57,2025-04,4040.4,0.0,57640.4,consistency,consistency
2025-07-20 00:00:00,58,2025-04,4040.4,0.0,57640.4,consistency,consistency
2025-07-20 00:00:00,59,2025-04,4040.4,0.0,57640.4,consistency,consistency
2025-07-20 00:00:00,60,2025-04,4040.4,0.0,57640.4,consistency,consistency
2025-07-20 00:00:00,61,2025-04,4040.4,0.0,57640.4,consistency,consistency
2025-07-20 00:00:00,62,2025-04,4040.4,0.0,57640.4,consistency,consistency
2025-07-21 00:00:00,43,2025-04,4040.4,0.0,57640.4,consistency,consistency
2025-07-21 00:00:00,44,2025-04,4040.4,0.0,57640.4,consistency,consistency
2025-07-21 00:00:00,45,2025-04,4040.4,0.0,57640.4,consistency,consistency
2025-07-21 00:00:00,46,2025-04,4040.4,0.0,57640.4,consistency,consistency
2025-07-21 00:00:00,47,2025-04,4040.4,0.0,57640.4,consistency,consistency
2025-07-21 00:00:00,48,2025-04,4040.4,0.0,57640.4,consistency,consistency
2025-07-21 00:00:00,49,2025-04,4040.4,0.0,57640.4,consistency,consistency
2025-07-21 00:00:00,50,2025-04,4040.4,0.0,57640.4,consistency,consistency
2025-07-21 00:00:00,51,2025-04,4040.4,0.0,57640.4,consistency,consistency
2025-07-21 00:00:00,52,2025-04,4040.4,0.0,57640.4,consistency,consistency
2025-07-21 00:00:00,53,2025-04,4040.4,0.0,57640.4,consistency,consistency
2025-07-21 00:00:00,54,2025-04,4040.4,0.0,57640.4,consistency,consistency
2025-07-21 00:00:00,55,2025-04,4040.4,0.0,57640.4,consistency,consistency
2025-07-21 00:00:00,56,2025-04,4040.4,0.0,57640.4,consistency,consistency
2025-07-21 00:00:00,57,2025-04,4040.4,0.0,57640.4,consistency,consistency
2025-07-21 00:00:00,58,2025-04,4040.4,0.0,57640.4,consistency,consistency
2025-07-21 00:00:00,59,2025-04,4040.4,0.0,57640.4,consistency,consistency
2025-07-21 00:00:00,60,2025-04,4040.4,0.0,57640.4,consistency,consistency
2025-07-21 00:00:00,61,2025-04,4040.4,0.0,57640.4,consistency,consistency
2025-07-21 00:00:00,62,2025-04,4040.4,0.0,57640.4,consistency,consistency
2025-07-22 00:00:00,43,2025-04,4135.4,0.0,57735.4,consistency,consistency
2025-07-22 00:00:00,44,2025-04,4135.4,0.0,57735.4,consistency,consistency
2025-07-22 00:00:00,45,2025-04,4135.4,0.0,57735.4,consistency,consistency
2025-07-22 00:00:00,46,2025-04,4135.4,0.0,57735.4,consistency,consistency
2025-07-22 00:00:00,47,2025-04,4135.4,0.0,57735.4,consistency,consistency
2025-07-22 00:00:00,48,2025-04,4135.4,0.0,57735.4,consistency,consistency
2025-07-22 00:00:00,49,2025-04,4135.4,0.0,57735.4,consistency,consistency
2025-07-22 00:00:00,50,2025-04,4135.4,0.0,57735.4,consistency,consistency
2025-07-22 00:00:00,51,2025-04,4135.4,0.0,57735.4,consistency,consistency
2025-07-22 00:00:00,52,2025-04,4135.4,0.0,57735.4,consistency,consistency
2025-07-22 00:00:00,53,2025-04,4135.4,0.0,57735.4,consistency,consistency
2025-07-22 00:00:00,54,2025-04,4135.4,0.0,57735.4,consistency,consistency
2025-07-22 00:00:00,55,2025-04,4135.4,0.0,57735.4,consistency,consistency
2025-07-22 00:00:00,56,2025-04,4135.4,0.0,57735.4,consistency,consistency
2025-07-22 00:00:00,57,2025-04,4135.4,0.0,57735.4,consistency,consistency
2025-07-22 00:00:00,58,2025-04,4135.4,0.0,57735.4,consistency,consistency
2025-07-22 00:00:00,59,2025-04,4135.4,0.0,57735.4,consistency,consistency
2025-07-22 00:00:00,60,2025-04,4135.4,0.0,57735.4,consistency,consistency
2025-07-22 00:00:00,61,2025-04,4135.4,0.0,57735.4,consistency,consistency
2025-07-22 00:00:00,62,2025-04,4135.4,0.0,57735.4,consistency,consistency
2025-07-23 00:00:00,43,2025-04,3935.05,0.0,57535.05,consistency,consistency
2025-07-23 00:00:00,44,2025-04,3935.05,0.0,57535.05,consistency,consistency
2025-07-23 00:00:00,45,2025-04,3935.05,0.0,57535.05,consistency,consistency
2025-07-23 00:00:00,46,2025-04,3935.05,0.0,57535.05,consistency,consistency
2025-07-23 00:00:00,47,2025-04,3935.05,0.0,57535.05,consistency,consistency
2025-07-23 00:00:00,48,2025-04,3935.05,0.0,57535.05,consistency,consistency
2025-07-23 00:00:00,49,2025-04,3935.05,0.0,57535.05,consistency,consistency
2025-07-23 00:00:00,50,2025-04,3935.05,0.0,57535.05,consistency,consistency
2025-07-23 00:00:00,51,2025-04,3935.05,0.0,57535.05,consistency,consistency
2025-07-23 00:00:00,52,2025-04,3935.05,0.0,57535.05,consistency,consistency
2025-07-23 00:00:00,53,2025-04,3935.05,0.0,57535.05,consistency,consistency
2025-07-23 00:00:00,54,2025-04,3935.05,0.0,57535.05,consistency,consistency
2025-07-23 00:00:00,55,2025-04,3935.05,0.0,57535.05,consistency,consistency
2025-07-23 00:00:00,56,2025-04,3935.05,0.0,57535.05,consistency,consistency
2025-07-23 00:00:00,57,2025-04,3935.05,0.0,57535.05,consistency,consistency
2025-07-23 00:00:00,58,2025-04,3935.05,0.0,57535.05,consistency,consistency
2025-07-23 00:00:00,59,2025-04,3935.05,0.0,57535.05,consistency,consistency
2025-07-23 00:00:00,60,2025-04,3935.05,0.0,57535.05,consistency,consistency
2025-07-23 00:00:00,61,2025-04,3935.05,0.0,57535.05,consistency,consistency
2025-07-23 00:00:00,62,2025-04,3935.05,0.0,57535.05,consistency,consistency
2025-07-24 00:00:00,43,2025-04,3908.8,0.0,57508.8,consistency,consistency
2025-07-24 00:00:00,44,2025-04,3908.8,0.0,57508.8,consistency,consistency
2025-07-24 00:00:00,45,2025-04,3908.8,0.0,57508.8,consistency,consistency
2025-07-24 00:00:00,46,2025-04,3908.8,0.0,57508.8,consistency,consistency
2025-07-24 00:00:00,47,2025-04,3908.8,0.0,57508.8,consistency,consistency
2025-07-24 00:00:00,48,2025-04,3908.8,0.0,57508.8,consistency,consistency
2025-07-24 00:00:00,49,2025-04,3908.8,0.0,57508.8,consistency,consistency
2025-07-24 00:00:00,50,2025-04,3908.8,0.0,57508.8,consistency,consistency
2025-07-24 00:00:00,51,2025-04,3908.8,0.0,57508.8,consistency,consistency
2025-07-24 00:00:00,52,2025-04,3908.8,0.0,57508.8,consistency,consistency
2025-07-24 00:00:00,53,2025-04,3908.8,0.0,57508.8,consistency,consistency
2025-07-24 00:00:00,54,2025-04,3908.8,0.0,57508.8,consistency,consistency
2025-07-24 00:00:00,55,2025-04,3908.8,0.0,57508.8,consistency,consistency
2025-07-24 00:00:00,56,2025-04,3908.8,0.0,57508.8,consistency,consistency
2025-07-24 00:00:00,57,2025-04,3908.8,0.0,57508.8,consistency,consistency
2025-07-24 00:00:00,58,2025-04,3908.8,0.0,57508.8,consistency,consistency
2025-07-24 00:00:00,59,2025-04,3908.8,0.0,57508.8,consistency,consistency
2025-07-24 00:00:00,60,2025-04,3908.8,0.0,57508.8,consistency,consistency
2025-07-24 00:00:00,61,2025-04,3908.8,0.0,57508.8,consistency,consistency
2025-07-24 00:00:00,62,2025-04,3908.8,0.0,57508.8,consistency,consistency
2025-07-25 00:00:00,43,2025-04,3598.85,0.0,57198.85,consistency,consistency
2025-07-25 00:00:00,44,2025-04,3598.85,0.0,57198.85,consistency,consistency
2025-07-25 00:00:00,45,2025-04,3598.85,0.0,57198.85,consistency,consistency
2025-07-25 00:00:00,46,2025-04,3598.85,0.0,57198.85,consistency,consistency
2025-07-25 00:00:00,47,2025-04,3598.85,0.0,57198.85,consistency,consistency
2025-07-25 00:00:00,48,2025-04,3598.85,0.0,57198.85,consistency,consistency
2025-07-25 00:00:00,49,2025-04,3598.85,0.0,57198.85,consistency,consistency
2025-07-25 00:00:00,50,2025-04,3598.85,0.0,57198.85,consistency,consistency
2025-07-25 00:00:00,51,2025-04,3598.85,0.0,57198.85,consistency,consistency
2025-07-25 00:00:00,52,2025-04,3598.85,0.0,57198.85,consistency,consistency
2025-07-25 00:00:00,53,2025-04,3598.85,0.0,57198.85,consistency,consistency
2025-07-25 00:00:00,54,2025-04,3598.85,0.0,57198.85,consistency,consistency
2025-07-25 00:00:00,55,2025-04,3598.85,0.0,57198.85,consistency,consistency
2025-07-25 00:00:00,56,2025-04,3598.85,0.0,57198.85,consistency,consistency
2025-07-25 00:00:00,57,2025-04,3598.85,0.0,57198.85,consistency,consistency
2025-07-25 00:00:00,58,2025-04,3598.85,0.0,57198.85,consistency,consistency
2025-07-25 00:00:00,59,2025-04,3598.85,0.0,57198.85,consistency,consistency
2025-07-25 00:00:00,60,2025-04,3598.85,0.0,57198.85,consistency,consistency
2025-07-25 00:00:00,61,2025-04,3598.85,0.0,57198.85,consistency,consistency
2025-07-25 00:00:00,62,2025-04,3598.85,0.0,57198.85,consistency,consistency
2025-07-26 00:00:00,43,2025-04,3376.9,0.0,56976.9,consistency,consistency
2025-07-26 00:00:00,44,2025-04,3376.9,0.0,56976.9,consistency,consistency
2025-07-26 00:00:00,45,2025-04,3376.9,0.0,56976.9,consistency,consistency
2025-07-26 00:00:00,46,2025-04,3376.9,0.0,56976.9,consistency,consistency
2025-07-26 00:00:00,47,2025-04,3376.9,0.0,56976.9,consistency,consistency
2025-07-26 00:00:00,48,2025-04,3376.9,0.0,56976.9,consistency,consistency
2025-07-26 00:00:00,49,2025-04,3376.9,0.0,56976.9,consistency,consistency
2025-07-26 00:00:00,50,2025-04,3376.9,0.0,56976.9,consistency,consistency
2025-07-26 00:00:00,51,2025-04,3376.9,0.0,56976.9,consistency,consistency
2025-07-26 00:00:00,52,2025-04,3376.9,0.0,56976.9,consistency,consistency
2025-07-26 00:00:00,53,2025-04,3376.9,0.0,56976.9,consistency,consistency
2025-07-26 00:00:00,54,2025-04,3376.9,0.0,56976.9,consistency,consistency
2025-07-26 00:00:00,55,2025-04,3376.9,0.0,56976.9,consistency,consistency
2025-07-26 00:00:00,56,2025-04,3376.9,0.0,56976.9,consistency,consistency
2025-07-26 00:00:00,57,2025-04,3376.9,0.0,56976.9,consistency,consistency
2025-07-26 00:00:00,58,2025-04,3376.9,0.0,56976.9,consistency,consistency
2025-07-26 00:00:00,59,2025-04,3376.9,0.0,56976.9,consistency,consistency
2025-07-26 00:00:00,60,2025-04,3376.9,0.0,56976.9,consistency,consistency
2025-07-26 00:00:00,61,2025-04,3376.9,0.0,56976.9,consistency,consistency
2025-07-26 00:00:00,62,2025-04,3376.9,0.0,56976.9,consistency,consistency
2025-07-27 00:00:00,43,2025-04,3376.9,0.0,56976.9,consistency,consistency
2025-07-27 00:00:00,44,2025-04,3376.9,0.0,56976.9,consistency,consistency
2025-07-27 00:00:00,45,2025-04,3376.9,0.0,56976.9,consistency,consistency
2025-07-27 00:00:00,46,2025-04,3376.9,0.0,56976.9,consistency,consistency
2025-07-27 00:00:00,47,2025-04,3376.9,0.0,56976.9,consistency,consistency
2025-07-27 00:00:00,48,2025-04,3376.9,0.0,56976.9,consistency,consistency
2025-07-27 00:00:00,49,2025-04,3376.9,0.0,56976.9,consistency,consistency
2025-07-27 00:00:00,50,2025-04,3376.9,0.0,56976.9,consistency,consistency
2025-07-27 00:00:00,51,2025-04,3376.9,0.0,56976.9,consistency,consistency
2025-07-27 00:00:00,52,2025-04,3376.9,0.0,56976.9,consistency,consistency
2025-07-27 00:00:00,53,2025-04,3376.9,0.0,56976.9,consistency,consistency
2025-07-27 00:00:00,54,2025-04,3376.9,0.0,56976.9,consistency,consistency
2025-07-27 00:00:00,55,2025-04,3376.9,0.0,56976.9,consistency,consistency
2025-07-27 00:00:00,56,2025-04,3376.9,0.0,56976.9,consistency,consistency
2025-07-27 00:00:00,57,2025-04,3376.9,0.0,56976.9,consistency,consistency
2025-07-27 00:00:00,58,2025-04,3376.9,0.0,56976.9,consistency,consistency
2025-07-27 00:00:00,59,2025-04,3376.9,0.0,56976.9,consistency,consistency
2025-07-27 00:00:00,60,2025-04,3376.9,0.0,56976.9,consistency,consistency
2025-07-27 00:00:00,61,2025-04,3376.9,0.0,56976.9,consistency,consistency
2025-07-27 00:00:00,62,2025-04,3376.9,0.0,56976.9,consistency,consistency
2025-07-28 00:00:00,43,2025-04,3376.9,0.0,56976.9,consistency,consistency
2025-07-28 00:00:00,44,2025-04,3376.9,0.0,56976.9,consistency,consistency
2025-07-28 00:00:00,45,2025-04,3376.9,0.0,56976.9,consistency,consistency
2025-07-28 00:00:00,46,2025-04,3376.9,0.0,56976.9,consistency,consistency
2025-07-28 00:00:00,47,2025-04,3376.9,0.0,56976.9,consistency,consistency
2025-07-28 00:00:00,48,2025-04,3376.9,0.0,56976.9,consistency,consistency
2025-07-28 00:00:00,49,2025-04,3376.9,0.0,56976.9,consistency,consistency
2025-07-28 00:00:00,50,2025-04,3376.9,0.0,56976.9,consistency,consistency
2025-07-28 00:00:00,51,2025-04,3376.9,0.0,56976.9,consistency,consistency
2025-07-28 00:00:00,52,2025-04,3376.9,0.0,56976.9,consistency,consistency
2025-07-28 00:00:00,53,2025-04,3376.9,0.0,56976.9,consistency,consistency
2025-07-28 00:00:00,54,2025-04,3376.9,0.0,56976.9,consistency,consistency
2025-07-28 00:00:00,55,2025-04,3376.9,0.0,56976.9,consistency,consistency
2025-07-28 00:00:00,56,2025-04,3376.9,0.0,56976.9,consistency,consistency
2025-07-28 00:00:00,57,2025-04,3376.9,0.0,56976.9,consistency,consistency
2025-07-28 00:00:00,58,2025-04,3376.9,0.0,56976.9,consistency,consistency
2025-07-28 00:00:00,59,2025-04,3376.9,0.0,56976.9,consistency,consistency
2025-07-28 00:00:00,60,2025-04,3376.9,0.0,56976.9,consistency,consistency
2025-07-28 00:00:00,61,2025-04,3376.9,0.0,56976.9,consistency,consistency
2025-07-28 00:00:00,62,2025-04,3376.9,0.0,56976.9,consistency,consistency
2025-07-29 00:00:00,43,2025-04,3336.25,0.0,56936.25,consistency,consistency
2025-07-29 00:00:00,44,2025-04,3336.25,0.0,56936.25,consistency,consistency
2025-07-29 00:00:00,45,2025-04,3336.25,0.0,56936.25,consistency,consistency
2025-07-29 00:00:00,46,2025-04,3336.25,0.0,56936.25,consistency,consistency
2025-07-29 00:00:00,47,2025-04,3336.25,0.0,56936.25,consistency,consistency
2025-07-29 00:00:00,48,2025-04,3336.25,0.0,56936.25,consistency,consistency
2025-07-29 00:00:00,49,2025-04,3336.25,0.0,56936.25,consistency,consistency
2025-07-29 00:00:00,50,2025-04,3336.25,0.0,56936.25,consistency,consistency
2025-07-29 00:00:00,51,2025-04,3336.25,0.0,56936.25,consistency,consistency
2025-07-29 00:00:00,52,2025-04,3336.25,0.0,56936.25,consistency,consistency
2025-07-29 00:00:00,53,2025-04,3336.25,0.0,56936.25,consistency,consistency
2025-07-29 00:00:00,54,2025-04,3336.25,0.0,56936.25,consistency,consistency
2025-07-29 00:00:00,55,2025-04,3336.25,0.0,56936.25,consistency,consistency
2025-07-29 00:00:00,56,2025-04,3336.25,0.0,56936.25,consistency,consistency
2025-07-29 00:00:00,57,2025-04,3336.25,0.0,56936.25,consistency,consistency
2025-07-29 00:00:00,58,2025-04,3336.25,0.0,56936.25,consistency,consistency
2025-07-29 00:00:00,59,2025-04,3336.25,0.0,56936.25,consistency,consistency
2025-07-29 00:00:00,60,2025-04,3336.25,0.0,56936.25,consistency,consistency
2025-07-29 00:00:00,61,2025-04,3336.25,0.0,56936.25,consistency,consistency
2025-07-29 00:00:00,62,2025-04,3336.25,0.0,56936.25,consistency,consistency
2025-07-30 00:00:00,43,2025-04,3209.55,0.0,56809.55,consistency,consistency
2025-07-30 00:00:00,44,2025-04,3209.55,0.0,56809.55,consistency,consistency
2025-07-30 00:00:00,45,2025-04,3209.55,0.0,56809.55,consistency,consistency
2025-07-30 00:00:00,46,2025-04,3209.55,0.0,56809.55,consistency,consistency
2025-07-30 00:00:00,47,2025-04,3209.55,0.0,56809.55,consistency,consistency
2025-07-30 00:00:00,48,2025-04,3209.55,0.0,56809.55,consistency,consistency
2025-07-30 00:00:00,49,2025-04,3209.55,0.0,56809.55,consistency,consistency
2025-07-30 00:00:00,50,2025-04,3209.55,0.0,56809.55,consistency,consistency
2025-07-30 00:00:00,51,2025-04,3209.55,0.0,56809.55,consistency,consistency
2025-07-30 00:00:00,52,2025-04,3209.55,0.0,56809.55,consistency,consistency
2025-07-30 00:00:00,53,2025-04,3209.55,0.0,56809.55,consistency,consistency
2025-07-30 00:00:00,54,2025-04,3209.55,0.0,56809.55,consistency,consistency
2025-07-30 00:00:00,55,2025-04,3209.55,0.0,56809.55,consistency,consistency
2025-07-30 00:00:00,56,2025-04,3209.55,0.0,56809.55,consistency,consistency
2025-07-30 00:00:00,57,2025-04,3209.55,0.0,56809.55,consistency,consistency
2025-07-30 00:00:00,58,2025-04,3209.55,0.0,56809.55,consistency,consistency
2025-07-30 00:00:00,59,2025-04,3209.55,0.0,56809.55,consistency,consistency
2025-07-30 00:00:00,60,2025-04,3209.55,0.0,56809.55,consistency,consistency
2025-07-30 00:00:00,61,2025-04,3209.55,0.0,56809.55,consistency,consistency
2025-07-30 00:00:00,62,2025-04,3209.55,0.0,56809.55,consistency,consistency
2025-07-31 00:00:00,43,2025-04,3239.1,0.0,56839.1,consistency,consistency
2025-07-31 00:00:00,44,2025-04,3239.1,0.0,56839.1,consistency,consistency
2025-07-31 00:00:00,45,2025-04,3239.1,0.0,56839.1,consistency,consistency
2025-07-31 00:00:00,46,2025-04,3239.1,0.0,56839.1,consistency,consistency
2025-07-31 00:00:00,47,2025-04,3239.1,0.0,56839.1,consistency,consistency
2025-07-31 00:00:00,48,2025-04,3239.1,0.0,56839.1,consistency,consistency
2025-07-31 00:00:00,49,2025-04,3239.1,0.0,56839.1,consistency,consistency
2025-07-31 00:00:00,50,2025-04,3239.1,0.0,56839.1,consistency,consistency
2025-07-31 00:00:00,51,2025-04,3239.1,0.0,56839.1,consistency,consistency
2025-07-31 00:00:00,52,2025-04,3239.1,0.0,56839.1,consistency,consistency
2025-07-31 00:00:00,53,2025-04,3239.1,0.0,56839.1,consistency,consistency
2025-07-31 00:00:00,54,2025-04,3239.1,0.0,56839.1,consistency,consistency
2025-07-31 00:00:00,55,2025-04,3239.1,0.0,56839.1,consistency,consistency
2025-07-31 00:00:00,56,2025-04,3239.1,0.0,56839.1,consistency,consistency
2025-07-31 00:00:00,57,2025-04,3239.1,0.0,56839.1,consistency,consistency
2025-07-31 00:00:00,58,2025-04,3239.1,0.0,56839.1,consistency,consistency
2025-07-31 00:00:00,59,2025-04,3239.1,0.0,56839.1,consistency,consistency
2025-07-31 00:00:00,60,2025-04,3239.1,0.0,56839.1,consistency,consistency
2025-07-31 00:00:00,61,2025-04,3239.1,0.0,56839.1,consistency,consistency
2025-07-31 00:00:00,62,2025-04,3239.1,0.0,56839.1,consistency,consistency
2025-08-01 00:00:00,43,2025-04,2773.25,0.0,56373.25,consistency,consistency
2025-08-01 00:00:00,44,2025-04,2773.25,0.0,56373.25,consistency,consistency
2025-08-01 00:00:00,45,2025-04,2773.25,0.0,56373.25,consistency,consistency
2025-08-01 00:00:00,46,2025-04,2773.25,0.0,56373.25,consistency,consistency
2025-08-01 00:00:00,47,2025-04,2773.25,0.0,56373.25,consistency,consistency
2025-08-01 00:00:00,48,2025-04,2773.25,0.0,56373.25,consistency,consistency
2025-08-01 00:00:00,49,2025-04,2773.25,0.0,56373.25,consistency,consistency
2025-08-01 00:00:00,50,2025-04,2773.25,0.0,56373.25,consistency,consistency
2025-08-01 00:00:00,51,2025-04,2773.25,0.0,56373.25,consistency,consistency
2025-08-01 00:00:00,52,2025-04,2773.25,0.0,56373.25,consistency,consistency
2025-08-01 00:00:00,53,2025-04,2773.25,0.0,56373.25,consistency,consistency
2025-08-01 00:00:00,54,2025-04,2773.25,0.0,56373.25,consistency,consistency
2025-08-01 00:00:00,55,2025-04,2773.25,0.0,56373.25,consistency,consistency
2025-08-01 00:00:00,56,2025-04,2773.25,0.0,56373.25,consistency,consistency
2025-08-01 00:00:00,57,2025-04,2773.25,0.0,56373.25,consistency,consistency
2025-08-01 00:00:00,58,2025-04,2773.25,0.0,56373.25,consistency,consistency
2025-08-01 00:00:00,59,2025-04,2773.25,0.0,56373.25,consistency,consistency
2025-08-01 00:00:00,60,2025-04,2773.25,0.0,56373.25,consistency,consistency
2025-08-01 00:00:00,61,2025-04,2773.25,0.0,56373.25,consistency,consistency
2025-08-01 00:00:00,62,2025-04,2773.25,0.0,56373.25,consistency,consistency
2025-08-02 00:00:00,43,2025-04,2338.0,0.0,55938.0,consistency,consistency
2025-08-02 00:00:00,44,2025-04,2338.0,0.0,55938.0,consistency,consistency
2025-08-02 00:00:00,45,2025-04,2338.0,0.0,55938.0,consistency,consistency
2025-08-02 00:00:00,46,2025-04,2338.0,0.0,55938.0,consistency,consistency
2025-08-02 00:00:00,47,2025-04,2338.0,0.0,55938.0,consistency,consistency
2025-08-02 00:00:00,48,2025-04,2338.0,0.0,55938.0,consistency,consistency
2025-08-02 00:00:00,49,2025-04,2338.0,0.0,55938.0,consistency,consistency
2025-08-02 00:00:00,50,2025-04,2338.0,0.0,55938.0,consistency,consistency
2025-08-02 00:00:00,51,2025-04,2338.0,0.0,55938.0,consistency,consistency
2025-08-02 00:00:00,52,2025-04,2338.0,0.0,55938.0,consistency,consistency
2025-08-02 00:00:00,53,2025-04,2338.0,0.0,55938.0,consistency,consistency
2025-08-02 00:00:00,54,2025-04,2338.0,0.0,55938.0,consistency,consistency
2025-08-02 00:00:00,55,2025-04,2338.0,0.0,55938.0,consistency,consistency
2025-08-02 00:00:00,56,2025-04,2338.0,0.0,55938.0,consistency,consistency
2025-08-02 00:00:00,57,2025-04,2338.0,0.0,55938.0,consistency,consistency
2025-08-02 00:00:00,58,2025-04,2338.0,0.0,55938.0,consistency,consistency
2025-08-02 00:00:00,59,2025-04,2338.0,0.0,55938.0,consistency,consistency
2025-08-02 00:00:00,60,2025-04,2338.0,0.0,55938.0,consistency,consistency
2025-08-02 00:00:00,61,2025-04,2338.0,0.0,55938.0,consistency,consistency
2025-08-02 00:00:00,62,2025-04,2338.0,0.0,55938.0,consistency,consistency
2025-08-03 00:00:00,43,2025-04,2338.0,0.0,55938.0,consistency,consistency
2025-08-03 00:00:00,44,2025-04,2338.0,0.0,55938.0,consistency,consistency
2025-08-03 00:00:00,45,2025-04,2338.0,0.0,55938.0,consistency,consistency
2025-08-03 00:00:00,46,2025-04,2338.0,0.0,55938.0,consistency,consistency
2025-08-03 00:00:00,47,2025-04,2338.0,0.0,55938.0,consistency,consistency
2025-08-03 00:00:00,48,2025-04,2338.0,0.0,55938.0,consistency,consistency
2025-08-03 00:00:00,49,2025-04,2338.0,0.0,55938.0,consistency,consistency
2025-08-03 00:00:00,50,2025-04,2338.0,0.0,55938.0,consistency,consistency
2025-08-03 00:00:00,51,2025-04,2338.0,0.0,55938.0,consistency,consistency
2025-08-03 00:00:00,52,2025-04,2338.0,0.0,55938.0,consistency,consistency
2025-08-03 00:00:00,53,2025-04,2338.0,0.0,55938.0,consistency,consistency
2025-08-03 00:00:00,54,2025-04,2338.0,0.0,55938.0,consistency,consistency
2025-08-03 00:00:00,55,2025-04,2338.0,0.0,55938.0,consistency,consistency
2025-08-03 00:00:00,56,2025-04,2338.0,0.0,55938.0,consistency,consistency
2025-08-03 00:00:00,57,2025-04,2338.0,0.0,55938.0,consistency,consistency
2025-08-03 00:00:00,58,2025-04,2338.0,0.0,55938.0,consistency,consistency
2025-08-03 00:00:00,59,2025-04,2338.0,0.0,55938.0,consistency,consistency
2025-08-03 00:00:00,60,2025-04,2338.0,0.0,55938.0,consistency,consistency
2025-08-03 00:00:00,61,2025-04,2338.0,0.0,55938.0,consistency,consistency
2025-08-03 00:00:00,62,2025-04,2338.0,0.0,55938.0,consistency,consistency
2025-08-04 00:00:00,43,2025-04,2338.0,0.0,55938.0,consistency,consistency
2025-08-04 00:00:00,44,2025-04,2338.0,0.0,55938.0,consistency,consistency
2025-08-04 00:00:00,45,2025-04,2338.0,0.0,55938.0,consistency,consistency
2025-08-04 00:00:00,46,2025-04,2338.0,0.0,55938.0,consistency,consistency
2025-08-04 00:00:00,47,2025-04,2338.0,0.0,55938.0,consistency,consistency
2025-08-04 00:00:00,48,2025-04,2338.0,0.0,55938.0,consistency,consistency
2025-08-04 00:00:00,49,2025-04,2338.0,0.0,55938.0,consistency,consistency
2025-08-04 00:00:00,50,2025-04,2338.0,0.0,55938.0,consistency,consistency
2025-08-04 00:00:00,51,2025-04,2338.0,0.0,55938.0,consistency,consistency
2025-08-04 00:00:00,52,2025-04,2338.0,0.0,55938.0,consistency,consistency
2025-08-04 00:00:00,53,2025-04,2338.0,0.0,55938.0,consistency,consistency
2025-08-04 00:00:00,54,2025-04,2338.0,0.0,55938.0,consistency,consistency
2025-08-04 00:00:00,55,2025-04,2338.0,0.0,55938.0,consistency,consistency
2025-08-04 00:00:00,56,2025-04,2338.0,0.0,55938.0,consistency,consistency
2025-08-04 00:00:00,57,2025-04,2338.0,0.0,55938.0,consistency,consistency
2025-08-04 00:00:00,58,2025-04,2338.0,0.0,55938.0,consistency,consistency
2025-08-04 00:00:00,59,2025-04,2338.0,0.0,55938.0,consistency,consistency
2025-08-04 00:00:00,60,2025-04,2338.0,0.0,55938.0,consistency,consistency
2025-08-04 00:00:00,61,2025-04,2338.0,0.0,55938.0,consistency,consistency
2025-08-04 00:00:00,62,2025-04,2338.0,0.0,55938.0,consistency,consistency
2025-08-05 00:00:00,43,2025-04,2811.5,0.0,56411.5,consistency,consistency
2025-08-05 00:00:00,44,2025-04,2811.5,0.0,56411.5,consistency,consistency
2025-08-05 00:00:00,45,2025-04,2811.5,0.0,56411.5,consistency,consistency
2025-08-05 00:00:00,46,2025-04,2811.5,0.0,56411.5,consistency,consistency
2025-08-05 00:00:00,47,2025-04,2811.5,0.0,56411.5,consistency,consistency
2025-08-05 00:00:00,48,2025-04,2811.5,0.0,56411.5,consistency,consistency
2025-08-05 00:00:00,49,2025-04,2811.5,0.0,56411.5,consistency,consistency
2025-08-05 00:00:00,50,2025-04,2811.5,0.0,56411.5,consistency,consistency
2025-08-05 00:00:00,51,2025-04,2811.5,0.0,56411.5,consistency,consistency
2025-08-05 00:00:00,52,2025-04,2811.5,0.0,56411.5,consistency,consistency
2025-08-05 00:00:00,53,2025-04,2811.5,0.0,56411.5,consistency,consistency
2025-08-05 00:00:00,54,2025-04,2811.5,0.0,56411.5,consistency,consistency
2025-08-05 00:00:00,55,2025-04,2811.5,0.0,56411.5,consistency,consistency
2025-08-05 00:00:00,56,2025-04,2811.5,0.0,56411.5,consistency,consistency
2025-08-05 00:00:00,57,2025-04,2811.5,0.0,56411.5,consistency,consistency
2025-08-05 00:00:00,58,2025-04,2811.5,0.0,56411.5,consistency,consistency
2025-08-05 00:00:00,59,2025-04,2811.5,0.0,56411.5,consistency,consistency
2025-08-05 00:00:00,60,2025-04,2811.5,0.0,56411.5,consistency,consistency
2025-08-05 00:00:00,61,2025-04,2811.5,0.0,56411.5,consistency,consistency
2025-08-05 00:00:00,62,2025-04,2811.5,0.0,56411.5,consistency,consistency
2025-08-06 00:00:00,43,2025-04,2501.55,0.0,56101.55,consistency,consistency
2025-08-06 00:00:00,44,2025-04,2501.55,0.0,56101.55,consistency,consistency
2025-08-06 00:00:00,45,2025-04,2501.55,0.0,56101.55,consistency,consistency
2025-08-06 00:00:00,46,2025-04,2501.55,0.0,56101.55,consistency,consistency
2025-08-06 00:00:00,47,2025-04,2501.55,0.0,56101.55,consistency,consistency
2025-08-06 00:00:00,48,2025-04,2501.55,0.0,56101.55,consistency,consistency
2025-08-06 00:00:00,49,2025-04,2501.55,0.0,56101.55,consistency,consistency
2025-08-06 00:00:00,50,2025-04,2501.55,0.0,56101.55,consistency,consistency
2025-08-06 00:00:00,51,2025-04,2501.55,0.0,56101.55,consistency,consistency
2025-08-06 00:00:00,52,2025-04,2501.55,0.0,56101.55,consistency,consistency
2025-08-06 00:00:00,53,2025-04,2501.55,0.0,56101.55,consistency,consistency
2025-08-06 00:00:00,54,2025-04,2501.55,0.0,56101.55,consistency,consistency
2025-08-06 00:00:00,55,2025-04,2501.55,0.0,56101.55,consistency,consistency
2025-08-06 00:00:00,56,2025-04,2501.55,0.0,56101.55,consistency,consistency
2025-08-06 00:00:00,57,2025-04,2501.55,0.0,56101.55,consistency,consistency
2025-08-06 00:00:00,58,2025-04,2501.55,0.0,56101.55,consistency,consistency
2025-08-06 00:00:00,59,2025-04,2501.55,0.0,56101.55,consistency,consistency
2025-08-06 00:00:00,60,2025-04,2501.55,0.0,56101.55,consistency,consistency
2025-08-06 00:00:00,61,2025-04,2501.55,0.0,56101.55,consistency,consistency
2025-08-06 00:00:00,62,2025-04,2501.55,0.0,56101.55,consistency,consistency
2025-08-07 00:00:00,43,2025-04,2882.0,0.0,56482.0,consistency,consistency
2025-08-07 00:00:00,44,2025-04,2882.0,0.0,56482.0,consistency,consistency
2025-08-07 00:00:00,45,2025-04,2882.0,0.0,56482.0,consistency,consistency
2025-08-07 00:00:00,46,2025-04,2882.0,0.0,56482.0,consistency,consistency
2025-08-07 00:00:00,47,2025-04,2882.0,0.0,56482.0,consistency,consistency
2025-08-07 00:00:00,48,2025-04,2882.0,0.0,56482.0,consistency,consistency
2025-08-07 00:00:00,49,2025-04,2882.0,0.0,56482.0,consistency,consistency
2025-08-07 00:00:00,50,2025-04,2882.0,0.0,56482.0,consistency,consistency
2025-08-07 00:00:00,51,2025-04,2882.0,0.0,56482.0,consistency,consistency
2025-08-07 00:00:00,52,2025-04,2882.0,0.0,56482.0,consistency,consistency
2025-08-07 00:00:00,53,2025-04,2882.0,0.0,56482.0,consistency,consistency
2025-08-07 00:00:00,54,2025-04,2882.0,0.0,56482.0,consistency,consistency
2025-08-07 00:00:00,55,2025-04,2882.0,0.0,56482.0,consistency,consistency
2025-08-07 00:00:00,56,2025-04,2882.0,0.0,56482.0,consistency,consistency
2025-08-07 00:00:00,57,2025-04,2882.0,0.0,56482.0,consistency,consistency
2025-08-07 00:00:00,58,2025-04,2882.0,0.0,56482.0,consistency,consistency
2025-08-07 00:00:00,59,2025-04,2882.0,0.0,56482.0,consistency,consistency
2025-08-07 00:00:00,60,2025-04,2882.0,0.0,56482.0,consistency,consistency
2025-08-07 00:00:00,61,2025-04,2882.0,0.0,56482.0,consistency,consistency
2025-08-07 00:00:00,62,2025-04,2882.0,0.0,56482.0,consistency,consistency
2025-08-08 00:00:00,43,2025-04,3218.7,0.0,56818.7,consistency,consistency
2025-08-08 00:00:00,44,2025-04,3218.7,0.0,56818.7,consistency,consistency
2025-08-08 00:00:00,45,2025-04,3218.7,0.0,56818.7,consistency,consistency
2025-08-08 00:00:00,46,2025-04,3218.7,0.0,56818.7,consistency,consistency
2025-08-08 00:00:00,47,2025-04,3218.7,0.0,56818.7,consistency,consistency
2025-08-08 00:00:00,48,2025-04,3218.7,0.0,56818.7,consistency,consistency
2025-08-08 00:00:00,49,2025-04,3218.7,0.0,56818.7,consistency,consistency
2025-08-08 00:00:00,50,2025-04,3218.7,0.0,56818.7,consistency,consistency
2025-08-08 00:00:00,51,2025-04,3218.7,0.0,56818.7,consistency,consistency
2025-08-08 00:00:00,52,2025-04,3218.7,0.0,56818.7,consistency,consistency
2025-08-08 00:00:00,53,2025-04,3218.7,0.0,56818.7,consistency,consistency
2025-08-08 00:00:00,54,2025-04,3218.7,0.0,56818.7,consistency,consistency
2025-08-08 00:00:00,55,2025-04,3218.7,0.0,56818.7,consistency,consistency
2025-08-08 00:00:00,56,2025-04,3218.7,0.0,56818.7,consistency,consistency
2025-08-08 00:00:00,57,2025-04,3218.7,0.0,56818.7,consistency,consistency
2025-08-08 00:00:00,58,2025-04,3218.7,0.0,56818.7,consistency,consistency
2025-08-08 00:00:00,59,2025-04,3218.7,0.0,56818.7,consistency,consistency
2025-08-08 00:00:00,60,2025-04,3218.7,0.0,56818.7,consistency,consistency
2025-08-08 00:00:00,61,2025-04,3218.7,0.0,56818.7,consistency,consistency
2025-08-08 00:00:00,62,2025-04,3218.7,0.0,56818.7,consistency,consistency
2025-08-09 00:00:00,43,2025-04,3499.35,0.0,57099.35,consistency,consistency
2025-08-09 00:00:00,44,2025-04,3499.35,0.0,57099.35,consistency,consistency
2025-08-09 00:00:00,45,2025-04,3499.35,0.0,57099.35,consistency,consistency
2025-08-09 00:00:00,46,2025-04,3499.35,0.0,57099.35,consistency,consistency
2025-08-09 00:00:00,47,2025-04,3499.35,0.0,57099.35,consistency,consistency
2025-08-09 00:00:00,48,2025-04,3499.35,0.0,57099.35,consistency,consistency
2025-08-09 00:00:00,49,2025-04,3499.35,0.0,57099.35,consistency,consistency
2025-08-09 00:00:00,50,2025-04,3499.35,0.0,57099.35,consistency,consistency
2025-08-09 00:00:00,51,2025-04,3499.35,0.0,57099.35,consistency,consistency
2025-08-09 00:00:00,52,2025-04,3499.35,0.0,57099.35,consistency,consistency
2025-08-09 00:00:00,53,2025-04,3499.35,0.0,57099.35,consistency,consistency
2025-08-09 00:00:00,54,2025-04,3499.35,0.0,57099.35,consistency,consistency
2025-08-09 00:00:00,55,2025-04,3499.35,0.0,57099.35,consistency,consistency
2025-08-09 00:00:00,56,2025-04,3499.35,0.0,57099.35,consistency,consistency
2025-08-09 00:00:00,57,2025-04,3499.35,0.0,57099.35,consistency,consistency
2025-08-09 00:00:00,58,2025-04,3499.35,0.0,57099.35,consistency,consistency
2025-08-09 00:00:00,59,2025-04,3499.35,0.0,57099.35,consistency,consistency
2025-08-09 00:00:00,60,2025-04,3499.35,0.0,57099.35,consistency,consistency
2025-08-09 00:00:00,61,2025-04,3499.35,0.0,57099.35,consistency,consistency
2025-08-09 00:00:00,62,2025-04,3499.35,0.0,57099.35,consistency,consistency
2025-08-10 00:00:00,43,2025-04,3499.35,0.0,57099.35,consistency,consistency
2025-08-10 00:00:00,44,2025-04,3499.35,0.0,57099.35,consistency,consistency
2025-08-10 00:00:00,45,2025-04,3499.35,0.0,57099.35,consistency,consistency
2025-08-10 00:00:00,46,2025-04,3499.35,0.0,57099.35,consistency,consistency
2025-08-10 00:00:00,47,2025-04,3499.35,0.0,57099.35,consistency,consistency
2025-08-10 00:00:00,48,2025-04,3499.35,0.0,57099.35,consistency,consistency
2025-08-10 00:00:00,49,2025-04,3499.35,0.0,57099.35,consistency,consistency
2025-08-10 00:00:00,50,2025-04,3499.35,0.0,57099.35,consistency,consistency
2025-08-10 00:00:00,51,2025-04,3499.35,0.0,57099.35,consistency,consistency
2025-08-10 00:00:00,52,2025-04,3499.35,0.0,57099.35,consistency,consistency
2025-08-10 00:00:00,53,2025-04,3499.35,0.0,57099.35,consistency,consistency
2025-08-10 00:00:00,54,2025-04,3499.35,0.0,57099.35,consistency,consistency
2025-08-10 00:00:00,55,2025-04,3499.35,0.0,57099.35,consistency,consistency
2025-08-10 00:00:00,56,2025-04,3499.35,0.0,57099.35,consistency,consistency
2025-08-10 00:00:00,57,2025-04,3499.35,0.0,57099.35,consistency,consistency
2025-08-10 00:00:00,58,2025-04,3499.35,0.0,57099.35,consistency,consistency
2025-08-10 00:00:00,59,2025-04,3499.35,0.0,57099.35,consistency,consistency
2025-08-10 00:00:00,60,2025-04,3499.35,0.0,57099.35,consistency,consistency
2025-08-10 00:00:00,61,2025-04,3499.35,0.0,57099.35,consistency,consistency
2025-08-10 00:00:00,62,2025-04,3499.35,0.0,57099.35,consistency,consistency
2025-08-11 00:00:00,43,2025-04,3499.35,0.0,57099.35,consistency,consistency
2025-08-11 00:00:00,44,2025-04,3499.35,0.0,57099.35,consistency,consistency
2025-08-11 00:00:00,45,2025-04,3499.35,0.0,57099.35,consistency,consistency
2025-08-11 00:00:00,46,2025-04,3499.35,0.0,57099.35,consistency,consistency
2025-08-11 00:00:00,47,2025-04,3499.35,0.0,57099.35,consistency,consistency
2025-08-11 00:00:00,48,2025-04,3499.35,0.0,57099.35,consistency,consistency
2025-08-11 00:00:00,49,2025-04,3499.35,0.0,57099.35,consistency,consistency
2025-08-11 00:00:00,50,2025-04,3499.35,0.0,57099.35,consistency,consistency
2025-08-11 00:00:00,51,2025-04,3499.35,0.0,57099.35,consistency,consistency
2025-08-11 00:00:00,52,2025-04,3499.35,0.0,57099.35,consistency,consistency
2025-08-11 00:00:00,53,2025-04,3499.35,0.0,57099.35,consistency,consistency
2025-08-11 00:00:00,54,2025-04,3499.35,0.0,57099.35,consistency,consistency
2025-08-11 00:00:00,55,2025-04,3499.35,0.0,57099.35,consistency,consistency
2025-08-11 00:00:00,56,2025-04,3499.35,0.0,57099.35,consistency,consistency
2025-08-11 00:00:00,57,2025-04,3499.35,0.0,57099.35,consistency,consistency
2025-08-11 00:00:00,58,2025-04,3499.35,0.0,57099.35,consistency,consistency
2025-08-11 00:00:00,59,2025-04,3499.35,0.0,57099.35,consistency,consistency
2025-08-11 00:00:00,60,2025-04,3499.35,0.0,57099.35,consistency,consistency
2025-08-11 00:00:00,61,2025-04,3499.35,0.0,57099.35,consistency,consistency
2025-08-11 00:00:00,62,2025-04,3499.35,0.0,57099.35,consistency,consistency
2025-08-12 00:00:00,43,2025-04,3242.95,0.0,56842.95,consistency,consistency
2025-08-12 00:00:00,44,2025-04,3242.95,0.0,56842.95,consistency,consistency
2025-08-12 00:00:00,45,2025-04,3242.95,0.0,56842.95,consistency,consistency
2025-08-12 00:00:00,46,2025-04,3242.95,0.0,56842.95,consistency,consistency
2025-08-12 00:00:00,47,2025-04,3242.95,0.0,56842.95,consistency,consistency
2025-08-12 00:00:00,48,2025-04,3242.95,0.0,56842.95,consistency,consistency
2025-08-12 00:00:00,49,2025-04,3242.95,0.0,56842.95,consistency,consistency
2025-08-12 00:00:00,50,2025-04,3242.95,0.0,56842.95,consistency,consistency
2025-08-12 00:00:00,51,2025-04,3242.95,0.0,56842.95,consistency,consistency
2025-08-12 00:00:00,52,2025-04,3242.95,0.0,56842.95,consistency,consistency
2025-08-12 00:00:00,53,2025-04,3242.95,0.0,56842.95,consistency,consistency
2025-08-12 00:00:00,54,2025-04,3242.95,0.0,56842.95,consistency,consistency
2025-08-12 00:00:00,55,2025-04,3242.95,0.0,56842.95,consistency,consistency
2025-08-12 00:00:00,56,2025-04,3242.95,0.0,56842.95,consistency,consistency
2025-08-12 00:00:00,57,2025-04,3242.95,0.0,56842.95,consistency,consistency
2025-08-12 00:00:00,58,2025-04,3242.95,0.0,56842.95,consistency,consistency
2025-08-12 00:00:00,59,2025-04,3242.95,0.0,56842.95,consistency,consistency
2025-08-12 00:00:00,60,2025-04,3242.95,0.0,56842.95,consistency,consistency
2025-08-12 00:00:00,61,2025-04,3242.95,0.0,56842.95,consistency,consistency
2025-08-12 00:00:00,62,2025-04,3242.95,0.0,56842.95,consistency,consistency
2025-08-13 00:00:00,43,2025-04,3484.05,0.0,57084.05,consistency,consistency
2025-08-13 00:00:00,44,2025-04,3484.05,0.0,57084.05,consistency,consistency
2025-08-13 00:00:00,45,2025-04,3484.05,0.0,57084.05,consistency,consistency
2025-08-13 00:00:00,46,2025-04,3484.05,0.0,57084.05,consistency,consistency
2025-08-13 00:00:00,47,2025-04,3484.05,0.0,57084.05,consistency,consistency
2025-08-13 00:00:00,48,2025-04,3484.05,0.0,57084.05,consistency,consistency
2025-08-13 00:00:00,49,2025-04,3484.05,0.0,57084.05,consistency,consistency
2025-08-13 00:00:00,50,2025-04,3484.05,0.0,57084.05,consistency,consistency
2025-08-13 00:00:00,51,2025-04,3484.05,0.0,57084.05,consistency,consistency
2025-08-13 00:00:00,52,2025-04,3484.05,0.0,57084.05,consistency,consistency
2025-08-13 00:00:00,53,2025-04,3484.05,0.0,57084.05,consistency,consistency
2025-08-13 00:00:00,54,2025-04,3484.05,0.0,57084.05,consistency,consistency
2025-08-13 00:00:00,55,2025-04,3484.05,0.0,57084.05,consistency,consistency
2025-08-13 00:00:00,56,2025-04,3484.05,0.0,57084.05,consistency,consistency
2025-08-13 00:00:00,57,2025-04,3484.05,0.0,57084.05,consistency,consistency
2025-08-13 00:00:00,58,2025-04,3484.05,0.0,57084.05,consistency,consistency
2025-08-13 00:00:00,59,2025-04,3484.05,0.0,57084.05,consistency,consistency
2025-08-13 00:00:00,60,2025-04,3484.05,0.0,57084.05,consistency,consistency
2025-08-13 00:00:00,61,2025-04,3484.05,0.0,57084.05,consistency,consistency
2025-08-13 00:00:00,62,2025-04,3484.05,0.0,57084.05,consistency,consistency
2025-08-14 00:00:00,43,2025-04,3454.7,0.0,57054.7,consistency,consistency
2025-08-14 00:00:00,44,2025-04,3454.7,0.0,57054.7,consistency,consistency
2025-08-14 00:00:00,45,2025-04,3454.7,0.0,57054.7,consistency,consistency
2025-08-14 00:00:00,46,2025-04,3454.7,0.0,57054.7,consistency,consistency
2025-08-14 00:00:00,47,2025-04,3454.7,0.0,57054.7,consistency,consistency
2025-08-14 00:00:00,48,2025-04,3454.7,0.0,57054.7,consistency,consistency
2025-08-14 00:00:00,49,2025-04,3454.7,0.0,57054.7,consistency,consistency
2025-08-14 00:00:00,50,2025-04,3454.7,0.0,57054.7,consistency,consistency
2025-08-14 00:00:00,51,2025-04,3454.7,0.0,57054.7,consistency,consistency
2025-08-14 00:00:00,52,2025-04,3454.7,0.0,57054.7,consistency,consistency
2025-08-14 00:00:00,53,2025-04,3454.7,0.0,57054.7,consistency,consistency
2025-08-14 00:00:00,54,2025-04,3454.7,0.0,57054.7,consistency,consistency
2025-08-14 00:00:00,55,2025-04,3454.7,0.0,57054.7,consistency,consistency
2025-08-14 00:00:00,56,2025-04,3454.7,0.0,57054.7,consistency,consistency
2025-08-14 00:00:00,57,2025-04,3454.7,0.0,57054.7,consistency,consistency
2025-08-14 00:00:00,58,2025-04,3454.7,0.0,57054.7,consistency,consistency
2025-08-14 00:00:00,59,2025-04,3454.7,0.0,57054.7,consistency,consistency
2025-08-14 00:00:00,60,2025-04,3454.7,0.0,57054.7,consistency,consistency
2025-08-14 00:00:00,61,2025-04,3454.7,0.0,57054.7,consistency,consistency
2025-08-14 00:00:00,62,2025-04,3454.7,0.0,57054.7,consistency,consistency
2025-08-15 00:00:00,43,2025-04,3308.45,0.0,56908.45,consistency,consistency
2025-08-15 00:00:00,44,2025-04,3308.45,0.0,56908.45,consistency,consistency
2025-08-15 00:00:00,45,2025-04,3308.45,0.0,56908.45,consistency,consistency
2025-08-15 00:00:00,46,2025-04,3308.45,0.0,56908.45,consistency,consistency
2025-08-15 00:00:00,47,2025-04,3308.45,0.0,56908.45,consistency,consistency
2025-08-15 00:00:00,48,2025-04,3308.45,0.0,56908.45,consistency,consistency
2025-08-15 00:00:00,49,2025-04,3308.45,0.0,56908.45,consistency,consistency
2025-08-15 00:00:00,50,2025-04,3308.45,0.0,56908.45,consistency,consistency
2025-08-15 00:00:00,51,2025-04,3308.45,0.0,56908.45,consistency,consistency
2025-08-15 00:00:00,52,2025-04,3308.45,0.0,56908.45,consistency,consistency
2025-08-15 00:00:00,53,2025-04,3308.45,0.0,56908.45,consistency,consistency
2025-08-15 00:00:00,54,2025-04,3308.45,0.0,56908.45,consistency,consistency
2025-08-15 00:00:00,55,2025-04,3308.45,0.0,56908.45,consistency,consistency
2025-08-15 00:00:00,56,2025-04,3308.45,0.0,56908.45,consistency,consistency
2025-08-15 00:00:00,57,2025-04,3308.45,0.0,56908.45,consistency,consistency
2025-08-15 00:00:00,58,2025-04,3308.45,0.0,56908.45,consistency,consistency
2025-08-15 00:00:00,59,2025-04,3308.45,0.0,56908.45,consistency,consistency
2025-08-15 00:00:00,60,2025-04,3308.45,0.0,56908.45,consistency,consistency
2025-08-15 00:00:00,61,2025-04,3308.45,0.0,56908.45,consistency,consistency
2025-08-15 00:00:00,62,2025-04,3308.45,0.0,56908.45,consistency,consistency
2025-08-16 00:00:00,43,2025-04,3217.05,0.0,56817.05,consistency,consistency
2025-08-16 00:00:00,44,2025-04,3217.05,0.0,56817.05,consistency,consistency
2025-08-16 00:00:00,45,2025-04,3217.05,0.0,56817.05,consistency,consistency
2025-08-16 00:00:00,46,2025-04,3217.05,0.0,56817.05,consistency,consistency
2025-08-16 00:00:00,47,2025-04,3217.05,0.0,56817.05,consistency,consistency
2025-08-16 00:00:00,48,2025-04,3217.05,0.0,56817.05,consistency,consistency
2025-08-16 00:00:00,49,2025-04,3217.05,0.0,56817.05,consistency,consistency
2025-08-16 00:00:00,50,2025-04,3217.05,0.0,56817.05,consistency,consistency
2025-08-16 00:00:00,51,2025-04,3217.05,0.0,56817.05,consistency,consistency
2025-08-16 00:00:00,52,2025-04,3217.05,0.0,56817.05,consistency,consistency
2025-08-16 00:00:00,53,2025-04,3217.05,0.0,56817.05,consistency,consistency
2025-08-16 00:00:00,54,2025-04,3217.05,0.0,56817.05,consistency,consistency
2025-08-16 00:00:00,55,2025-04,3217.05,0.0,56817.05,consistency,consistency
2025-08-16 00:00:00,56,2025-04,3217.05,0.0,56817.05,consistency,consistency
2025-08-16 00:00:00,57,2025-04,3217.05,0.0,56817.05,consistency,consistency
2025-08-16 00:00:00,58,2025-04,3217.05,0.0,56817.05,consistency,consistency
2025-08-16 00:00:00,59,2025-04,3217.05,0.0,56817.05,consistency,consistency
2025-08-16 00:00:00,60,2025-04,3217.05,0.0,56817.05,consistency,consistency
2025-08-16 00:00:00,61,2025-04,3217.05,0.0,56817.05,consistency,consistency
2025-08-16 00:00:00,62,2025-04,3217.05,0.0,56817.05,consistency,consistency
2025-08-17 00:00:00,43,2025-04,3217.05,0.0,56817.05,consistency,consistency
2025-08-17 00:00:00,44,2025-04,3217.05,0.0,56817.05,consistency,consistency
2025-08-17 00:00:00,45,2025-04,3217.05,0.0,56817.05,consistency,consistency
2025-08-17 00:00:00,46,2025-04,3217.05,0.0,56817.05,consistency,consistency
2025-08-17 00:00:00,47,2025-04,3217.05,0.0,56817.05,consistency,consistency
2025-08-17 00:00:00,48,2025-04,3217.05,0.0,56817.05,consistency,consistency
2025-08-17 00:00:00,49,2025-04,3217.05,0.0,56817.05,consistency,consistency
2025-08-17 00:00:00,50,2025-04,3217.05,0.0,56817.05,consistency,consistency
2025-08-17 00:00:00,51,2025-04,3217.05,0.0,56817.05,consistency,consistency
2025-08-17 00:00:00,52,2025-04,3217.05,0.0,56817.05,consistency,consistency
2025-08-17 00:00:00,53,2025-04,3217.05,0.0,56817.05,consistency,consistency
2025-08-17 00:00:00,54,2025-04,3217.05,0.0,56817.05,consistency,consistency
2025-08-17 00:00:00,55,2025-04,3217.05,0.0,56817.05,consistency,consistency
2025-08-17 00:00:00,56,2025-04,3217.05,0.0,56817.05,consistency,consistency
2025-08-17 00:00:00,57,2025-04,3217.05,0.0,56817.05,consistency,consistency
2025-08-17 00:00:00,58,2025-04,3217.05,0.0,56817.05,consistency,consistency
2025-08-17 00:00:00,59,2025-04,3217.05,0.0,56817.05,consistency,consistency
2025-08-17 00:00:00,60,2025-04,3217.05,0.0,56817.05,consistency,consistency
2025-08-17 00:00:00,61,2025-04,3217.05,0.0,56817.05,consistency,consistency
2025-08-17 00:00:00,62,2025-04,3217.05,0.0,56817.05,consistency,consistency
2025-08-18 00:00:00,43,2025-04,3217.05,0.0,56817.05,consistency,consistency
2025-08-18 00:00:00,44,2025-04,3217.05,0.0,56817.05,consistency,consistency
2025-08-18 00:00:00,45,2025-04,3217.05,0.0,56817.05,consistency,consistency
2025-08-18 00:00:00,46,2025-04,3217.05,0.0,56817.05,consistency,consistency
2025-08-18 00:00:00,47,2025-04,3217.05,0.0,56817.05,consistency,consistency
2025-08-18 00:00:00,48,2025-04,3217.05,0.0,56817.05,consistency,consistency
2025-08-18 00:00:00,49,2025-04,3217.05,0.0,56817.05,consistency,consistency
2025-08-18 00:00:00,50,2025-04,3217.05,0.0,56817.05,consistency,consistency
2025-08-18 00:00:00,51,2025-04,3217.05,0.0,56817.05,consistency,consistency
2025-08-18 00:00:00,52,2025-04,3217.05,0.0,56817.05,consistency,consistency
2025-08-18 00:00:00,53,2025-04,3217.05,0.0,56817.05,consistency,consistency
2025-08-18 00:00:00,54,2025-04,3217.05,0.0,56817.05,consistency,consistency
2025-08-18 00:00:00,55,2025-04,3217.05,0.0,56817.05,consistency,consistency
2025-08-18 00:00:00,56,2025-04,3217.05,0.0,56817.05,consistency,consistency
2025-08-18 00:00:00,57,2025-04,3217.05,0.0,56817.05,consistency,consistency
2025-08-18 00:00:00,58,2025-04,3217.05,0.0,56817.05,consistency,consistency
2025-08-18 00:00:00,59,2025-04,3217.05,0.0,56817.05,consistency,consistency
2025-08-18 00:00:00,60,2025-04,3217.05,0.0,56817.05,consistency,consistency
2025-08-18 00:00:00,61,2025-04,3217.05,0.0,56817.05,consistency,consistency
2025-08-18 00:00:00,62,2025-04,3217.05,0.0,56817.05,consistency,consistency
2025-08-19 00:00:00,43,2025-04,2952.15,0.0,56552.15,consistency,consistency
2025-08-19 00:00:00,44,2025-04,2952.15,0.0,56552.15,consistency,consistency
2025-08-19 00:00:00,45,2025-04,2952.15,0.0,56552.15,consistency,consistency
2025-08-19 00:00:00,46,2025-04,2952.15,0.0,56552.15,consistency,consistency
2025-08-19 00:00:00,47,2025-04,2952.15,0.0,56552.15,consistency,consistency
2025-08-19 00:00:00,48,2025-04,2952.15,0.0,56552.15,consistency,consistency
2025-08-19 00:00:00,49,2025-04,2952.15,0.0,56552.15,consistency,consistency
2025-08-19 00:00:00,50,2025-04,2952.15,0.0,56552.15,consistency,consistency
2025-08-19 00:00:00,51,2025-04,2952.15,0.0,56552.15,consistency,consistency
2025-08-19 00:00:00,52,2025-04,2952.15,0.0,56552.15,consistency,consistency
2025-08-19 00:00:00,53,2025-04,2952.15,0.0,56552.15,consistency,consistency
2025-08-19 00:00:00,54,2025-04,2952.15,0.0,56552.15,consistency,consistency
2025-08-19 00:00:00,55,2025-04,2952.15,0.0,56552.15,consistency,consistency
2025-08-19 00:00:00,56,2025-04,2952.15,0.0,56552.15,consistency,consistency
2025-08-19 00:00:00,57,2025-04,2952.15,0.0,56552.15,consistency,consistency
2025-08-19 00:00:00,58,2025-04,2952.15,0.0,56552.15,consistency,consistency
2025-08-19 00:00:00,59,2025-04,2952.15,0.0,56552.15,consistency,consistency
2025-08-19 00:00:00,60,2025-04,2952.15,0.0,56552.15,consistency,consistency
2025-08-19 00:00:00,61,2025-04,2952.15,0.0,56552.15,consistency,consistency
2025-08-19 00:00:00,62,2025-04,2952.15,0.0,56552.15,consistency,consistency
2025-08-20 00:00:00,43,2025-04,2854.35,0.0,56454.35,consistency,consistency
2025-08-20 00:00:00,44,2025-04,2854.35,0.0,56454.35,consistency,consistency
2025-08-20 00:00:00,45,2025-04,2854.35,0.0,56454.35,consistency,consistency
2025-08-20 00:00:00,46,2025-04,2854.35,0.0,56454.35,consistency,consistency
2025-08-20 00:00:00,47,2025-04,2854.35,0.0,56454.35,consistency,consistency
2025-08-20 00:00:00,48,2025-04,2854.35,0.0,56454.35,consistency,consistency
2025-08-20 00:00:00,49,2025-04,2854.35,0.0,56454.35,consistency,consistency
2025-08-20 00:00:00,50,2025-04,2854.35,0.0,56454.35,consistency,consistency
2025-08-20 00:00:00,51,2025-04,2854.35,0.0,56454.35,consistency,consistency
2025-08-20 00:00:00,52,2025-04,2854.35,0.0,56454.35,consistency,consistency
2025-08-20 00:00:00,53,2025-04,2854.35,0.0,56454.35,consistency,consistency
2025-08-20 00:00:00,54,2025-04,2854.35,0.0,56454.35,consistency,consistency
2025-08-20 00:00:00,55,2025-04,2854.35,0.0,56454.35,consistency,consistency
2025-08-20 00:00:00,56,2025-04,2854.35,0.0,56454.35,consistency,consistency
2025-08-20 00:00:00,57,2025-04,2854.35,0.0,56454.35,consistency,consistency
2025-08-20 00:00:00,58,2025-04,2854.35,0.0,56454.35,consistency,consistency
2025-08-20 00:00:00,59,2025-04,2854.35,0.0,56454.35,consistency,consistency
2025-08-20 00:00:00,60,2025-04,2854.35,0.0,56454.35,consistency,consistency
2025-08-20 00:00:00,61,2025-04,2854.35,0.0,56454.35,consistency,consistency
2025-08-20 00:00:00,62,2025-04,2854.35,0.0,56454.35,consistency,consistency
2025-08-21 00:00:00,43,2025-04,2943.8,0.0,56543.8,consistency,consistency
2025-08-21 00:00:00,44,2025-04,2943.8,0.0,56543.8,consistency,consistency
2025-08-21 00:00:00,45,2025-04,2943.8,0.0,56543.8,consistency,consistency
2025-08-21 00:00:00,46,2025-04,2943.8,0.0,56543.8,consistency,consistency
2025-08-21 00:00:00,47,2025-04,2943.8,0.0,56543.8,consistency,consistency
2025-08-21 00:00:00,48,2025-04,2943.8,0.0,56543.8,consistency,consistency
2025-08-21 00:00:00,49,2025-04,2943.8,0.0,56543.8,consistency,consistency
2025-08-21 00:00:00,50,2025-04,2943.8,0.0,56543.8,consistency,consistency
2025-08-21 00:00:00,51,2025-04,2943.8,0.0,56543.8,consistency,consistency
2025-08-21 00:00:00,52,2025-04,2943.8,0.0,56543.8,consistency,consistency
2025-08-21 00:00:00,53,2025-04,2943.8,0.0,56543.8,consistency,consistency
2025-08-21 00:00:00,54,2025-04,2943.8,0.0,56543.8,consistency,consistency
2025-08-21 00:00:00,55,2025-04,2943.8,0.0,56543.8,consistency,consistency
2025-08-21 00:00:00,56,2025-04,2943.8,0.0,56543.8,consistency,consistency
2025-08-21 00:00:00,57,2025-04,2943.8,0.0,56543.8,consistency,consistency
2025-08-21 00:00:00,58,2025-04,2943.8,0.0,56543.8,consistency,consistency
2025-08-21 00:00:00,59,2025-04,2943.8,0.0,56543.8,consistency,consistency
2025-08-21 00:00:00,60,2025-04,2943.8,0.0,56543.8,consistency,consistency
2025-08-21 00:00:00,61,2025-04,2943.8,0.0,56543.8,consistency,consistency
2025-08-21 00:00:00,62,2025-04,2943.8,0.0,56543.8,consistency,consistency
2025-08-22 00:00:00,43,2025-04,2506.5,0.0,56106.5,consistency,consistency
2025-08-22 00:00:00,44,2025-04,2506.5,0.0,56106.5,consistency,consistency
2025-08-22 00:00:00,45,2025-04,2506.5,0.0,56106.5,consistency,consistency
2025-08-22 00:00:00,46,2025-04,2506.5,0.0,56106.5,consistency,consistency
2025-08-22 00:00:00,47,2025-04,2506.5,0.0,56106.5,consistency,consistency
2025-08-22 00:00:00,48,2025-04,2506.5,0.0,56106.5,consistency,consistency
2025-08-22 00:00:00,49,2025-04,2506.5,0.0,56106.5,consistency,consistency
2025-08-22 00:00:00,50,2025-04,2506.5,0.0,56106.5,consistency,consistency
2025-08-22 00:00:00,51,2025-04,2506.5,0.0,56106.5,consistency,consistency
2025-08-22 00:00:00,52,2025-04,2506.5,0.0,56106.5,consistency,consistency
2025-08-22 00:00:00,53,2025-04,2506.5,0.0,56106.5,consistency,consistency
2025-08-22 00:00:00,54,2025-04,2506.5,0.0,56106.5,consistency,consistency
2025-08-22 00:00:00,55,2025-04,2506.5,0.0,56106.5,consistency,consistency
2025-08-22 00:00:00,56,2025-04,2506.5,0.0,56106.5,consistency,consistency
2025-08-22 00:00:00,57,2025-04,2506.5,0.0,56106.5,consistency,consistency
2025-08-22 00:00:00,58,2025-04,2506.5,0.0,56106.5,consistency,consistency
2025-08-22 00:00:00,59,2025-04,2506.5,0.0,56106.5,consistency,consistency
2025-08-22 00:00:00,60,2025-04,2506.5,0.0,56106.5,consistency,consistency
2025-08-22 00:00:00,61,2025-04,2506.5,0.0,56106.5,consistency,consistency
2025-08-22 00:00:00,62,2025-04,2506.5,0.0,56106.5,consistency,consistency
2025-08-23 00:00:00,43,2025-04,2492.0,0.0,56092.0,consistency,consistency
2025-08-23 00:00:00,44,2025-04,2492.0,0.0,56092.0,consistency,consistency
2025-08-23 00:00:00,45,2025-04,2492.0,0.0,56092.0,consistency,consistency
2025-08-23 00:00:00,46,2025-04,2492.0,0.0,56092.0,consistency,consistency
2025-08-23 00:00:00,47,2025-04,2492.0,0.0,56092.0,consistency,consistency
2025-08-23 00:00:00,48,2025-04,2492.0,0.0,56092.0,consistency,consistency
2025-08-23 00:00:00,49,2025-04,2492.0,0.0,56092.0,consistency,consistency
2025-08-23 00:00:00,50,2025-04,2492.0,0.0,56092.0,consistency,consistency
2025-08-23 00:00:00,51,2025-04,2492.0,0.0,56092.0,consistency,consistency
2025-08-23 00:00:00,52,2025-04,2492.0,0.0,56092.0,consistency,consistency
2025-08-23 00:00:00,53,2025-04,2492.0,0.0,56092.0,consistency,consistency
2025-08-23 00:00:00,54,2025-04,2492.0,0.0,56092.0,consistency,consistency
2025-08-23 00:00:00,55,2025-04,2492.0,0.0,56092.0,consistency,consistency
2025-08-23 00:00:00,56,2025-04,2492.0,0.0,56092.0,consistency,consistency
2025-08-23 00:00:00,57,2025-04,2492.0,0.0,56092.0,consistency,consistency
2025-08-23 00:00:00,58,2025-04,2492.0,0.0,56092.0,consistency,consistency
2025-08-23 00:00:00,59,2025-04,2492.0,0.0,56092.0,consistency,consistency
2025-08-23 00:00:00,60,2025-04,2492.0,0.0,56092.0,consistency,consistency
2025-08-23 00:00:00,61,2025-04,2492.0,0.0,56092.0,consistency,consistency
2025-08-23 00:00:00,62,2025-04,2492.0,0.0,56092.0,consistency,consistency
2025-08-24 00:00:00,43,2025-04,2492.0,0.0,56092.0,consistency,consistency
2025-08-24 00:00:00,44,2025-04,2492.0,0.0,56092.0,consistency,consistency
2025-08-24 00:00:00,45,2025-04,2492.0,0.0,56092.0,consistency,consistency
2025-08-24 00:00:00,46,2025-04,2492.0,0.0,56092.0,consistency,consistency
2025-08-24 00:00:00,47,2025-04,2492.0,0.0,56092.0,consistency,consistency
2025-08-24 00:00:00,48,2025-04,2492.0,0.0,56092.0,consistency,consistency
2025-08-24 00:00:00,49,2025-04,2492.0,0.0,56092.0,consistency,consistency
2025-08-24 00:00:00,50,2025-04,2492.0,0.0,56092.0,consistency,consistency
2025-08-24 00:00:00,51,2025-04,2492.0,0.0,56092.0,consistency,consistency
2025-08-24 00:00:00,52,2025-04,2492.0,0.0,56092.0,consistency,consistency
2025-08-24 00:00:00,53,2025-04,2492.0,0.0,56092.0,consistency,consistency
2025-08-24 00:00:00,54,2025-04,2492.0,0.0,56092.0,consistency,consistency
2025-08-24 00:00:00,55,2025-04,2492.0,0.0,56092.0,consistency,consistency
2025-08-24 00:00:00,56,2025-04,2492.0,0.0,56092.0,consistency,consistency
2025-08-24 00:00:00,57,2025-04,2492.0,0.0,56092.0,consistency,consistency
2025-08-24 00:00:00,58,2025-04,2492.0,0.0,56092.0,consistency,consistency
2025-08-24 00:00:00,59,2025-04,2492.0,0.0,56092.0,consistency,consistency
2025-08-24 00:00:00,60,2025-04,2492.0,0.0,56092.0,consistency,consistency
2025-08-24 00:00:00,61,2025-04,2492.0,0.0,56092.0,consistency,consistency
2025-08-24 00:00:00,62,2025-04,2492.0,0.0,56092.0,consistency,consistency
2025-08-25 00:00:00,43,2025-04,2492.0,0.0,56092.0,consistency,consistency
2025-08-25 00:00:00,44,2025-04,2492.0,0.0,56092.0,consistency,consistency
2025-08-25 00:00:00,45,2025-04,2492.0,0.0,56092.0,consistency,consistency
2025-08-25 00:00:00,46,2025-04,2492.0,0.0,56092.0,consistency,consistency
2025-08-25 00:00:00,47,2025-04,2492.0,0.0,56092.0,consistency,consistency
2025-08-25 00:00:00,48,2025-04,2492.0,0.0,56092.0,consistency,consistency
2025-08-25 00:00:00,49,2025-04,2492.0,0.0,56092.0,consistency,consistency
2025-08-25 00:00:00,50,2025-04,2492.0,0.0,56092.0,consistency,consistency
2025-08-25 00:00:00,51,2025-04,2492.0,0.0,56092.0,consistency,consistency
2025-08-25 00:00:00,52,2025-04,2492.0,0.0,56092.0,consistency,consistency
2025-08-25 00:00:00,53,2025-04,2492.0,0.0,56092.0,consistency,consistency
2025-08-25 00:00:00,54,2025-04,2492.0,0.0,56092.0,consistency,consistency
2025-08-25 00:00:00,55,2025-04,2492.0,0.0,56092.0,consistency,consistency
2025-08-25 00:00:00,56,2025-04,2492.0,0.0,56092.0,consistency,consistency
2025-08-25 00:00:00,57,2025-04,2492.0,0.0,56092.0,consistency,consistency
2025-08-25 00:00:00,58,2025-04,2492.0,0.0,56092.0,consistency,consistency
2025-08-25 00:00:00,59,2025-04,2492.0,0.0,56092.0,consistency,consistency
2025-08-25 00:00:00,60,2025-04,2492.0,0.0,56092.0,consistency,consistency
2025-08-25 00:00:00,61,2025-04,2492.0,0.0,56092.0,consistency,consistency
2025-08-25 00:00:00,62,2025-04,2492.0,0.0,56092.0,consistency,consistency
2025-08-26 00:00:00,43,2025-04,2384.85,0.0,55984.85,consistency,consistency
2025-08-26 00:00:00,44,2025-04,2384.85,0.0,55984.85,consistency,consistency
2025-08-26 00:00:00,45,2025-04,2384.85,0.0,55984.85,consistency,consistency
2025-08-26 00:00:00,46,2025-04,2384.85,0.0,55984.85,consistency,consistency
2025-08-26 00:00:00,47,2025-04,2384.85,0.0,55984.85,consistency,consistency
2025-08-26 00:00:00,48,2025-04,2384.85,0.0,55984.85,consistency,consistency
2025-08-26 00:00:00,49,2025-04,2384.85,0.0,55984.85,consistency,consistency
2025-08-26 00:00:00,50,2025-04,2384.85,0.0,55984.85,consistency,consistency
2025-08-26 00:00:00,51,2025-04,2384.85,0.0,55984.85,consistency,consistency
2025-08-26 00:00:00,52,2025-04,2384.85,0.0,55984.85,consistency,consistency
2025-08-26 00:00:00,53,2025-04,2384.85,0.0,55984.85,consistency,consistency
2025-08-26 00:00:00,54,2025-04,2384.85,0.0,55984.85,consistency,consistency
2025-08-26 00:00:00,55,2025-04,2384.85,0.0,55984.85,consistency,consistency
2025-08-26 00:00:00,56,2025-04,2384.85,0.0,55984.85,consistency,consistency
2025-08-26 00:00:00,57,2025-04,2384.85,0.0,55984.85,consistency,consistency
2025-08-26 00:00:00,58,2025-04,2384.85,0.0,55984.85,consistency,consistency
2025-08-26 00:00:00,59,2025-04,2384.85,0.0,55984.85,consistency,consistency
2025-08-26 00:00:00,60,2025-04,2384.85,0.0,55984.85,consistency,consistency
2025-08-26 00:00:00,61,2025-04,2384.85,0.0,55984.85,consistency,consistency
2025-08-26 00:00:00,62,2025-04,2384.85,0.0,55984.85,consistency,consistency
2025-08-27 00:00:00,43,2025-04,2401.35,0.0,56001.35,consistency,consistency
2025-08-27 00:00:00,44,2025-04,2401.35,0.0,56001.35,consistency,consistency
2025-08-27 00:00:00,45,2025-04,2401.35,0.0,56001.35,consistency,consistency
2025-08-27 00:00:00,46,2025-04,2401.35,0.0,56001.35,consistency,consistency
2025-08-27 00:00:00,47,2025-04,2401.35,0.0,56001.35,consistency,consistency
2025-08-27 00:00:00,48,2025-04,2401.35,0.0,56001.35,consistency,consistency
2025-08-27 00:00:00,49,2025-04,2401.35,0.0,56001.35,consistency,consistency
2025-08-27 00:00:00,50,2025-04,2401.35,0.0,56001.35,consistency,consistency
2025-08-27 00:00:00,51,2025-04,2401.35,0.0,56001.35,consistency,consistency
2025-08-27 00:00:00,52,2025-04,2401.35,0.0,56001.35,consistency,consistency
2025-08-27 00:00:00,53,2025-04,2401.35,0.0,56001.35,consistency,consistency
2025-08-27 00:00:00,54,2025-04,2401.35,0.0,56001.35,consistency,consistency
2025-08-27 00:00:00,55,2025-04,2401.35,0.0,56001.35,consistency,consistency
2025-08-27 00:00:00,56,2025-04,2401.35,0.0,56001.35,consistency,consistency
2025-08-27 00:00:00,57,2025-04,2401.35,0.0,56001.35,consistency,consistency
2025-08-27 00:00:00,58,2025-04,2401.35,0.0,56001.35,consistency,consistency
2025-08-27 00:00:00,59,2025-04,2401.35,0.0,56001.35,consistency,consistency
2025-08-27 00:00:00,60,2025-04,2401.35,0.0,56001.35,consistency,consistency
2025-08-27 00:00:00,61,2025-04,2401.35,0.0,56001.35,consistency,consistency
2025-08-27 00:00:00,62,2025-04,2401.35,0.0,56001.35,consistency,consistency
2025-08-28 00:00:00,43,2025-04,2340.95,0.0,55940.95,consistency,consistency
2025-08-28 00:00:00,44,2025-04,2340.95,0.0,55940.95,consistency,consistency
2025-08-28 00:00:00,45,2025-04,2340.95,0.0,55940.95,consistency,consistency
2025-08-28 00:00:00,46,2025-04,2340.95,0.0,55940.95,consistency,consistency
2025-08-28 00:00:00,47,2025-04,2340.95,0.0,55940.95,consistency,consistency
2025-08-28 00:00:00,48,2025-04,2340.95,0.0,55940.95,consistency,consistency
2025-08-28 00:00:00,49,2025-04,2340.95,0.0,55940.95,consistency,consistency
2025-08-28 00:00:00,50,2025-04,2340.95,0.0,55940.95,consistency,consistency
2025-08-28 00:00:00,51,2025-04,2340.95,0.0,55940.95,consistency,consistency
2025-08-28 00:00:00,52,2025-04,2340.95,0.0,55940.95,consistency,consistency
2025-08-28 00:00:00,53,2025-04,2340.95,0.0,55940.95,consistency,consistency
2025-08-28 00:00:00,54,2025-04,2340.95,0.0,55940.95,consistency,consistency
2025-08-28 00:00:00,55,2025-04,2340.95,0.0,55940.95,consistency,consistency
2025-08-28 00:00:00,56,2025-04,2340.95,0.0,55940.95,consistency,consistency
2025-08-28 00:00:00,57,2025-04,2340.95,0.0,55940.95,consistency,consistency
2025-08-28 00:00:00,58,2025-04,2340.95,0.0,55940.95,consistency,consistency
2025-08-28 00:00:00,59,2025-04,2340.95,0.0,55940.95,consistency,consistency
2025-08-28 00:00:00,60,2025-04,2340.95,0.0,55940.95,consistency,consistency
2025-08-28 00:00:00,61,2025-04,2340.95,0.0,55940.95,consistency,consistency
2025-08-28 00:00:00,62,2025-04,2340.95,0.0,55940.95,consistency,consistency
2025-08-29 00:00:00,43,2025-04,2298.65,0.0,55898.65,consistency,consistency
2025-08-29 00:00:00,44,2025-04,2298.65,0.0,55898.65,consistency,consistency
2025-08-29 00:00:00,45,2025-04,2298.65,0.0,55898.65,consistency,consistency
2025-08-29 00:00:00,46,2025-04,2298.65,0.0,55898.65,consistency,consistency
2025-08-29 00:00:00,47,2025-04,2298.65,0.0,55898.65,consistency,consistency
2025-08-29 00:00:00,48,2025-04,2298.65,0.0,55898.65,consistency,consistency
2025-08-29 00:00:00,49,2025-04,2298.65,0.0,55898.65,consistency,consistency
2025-08-29 00:00:00,50,2025-04,2298.65,0.0,55898.65,consistency,consistency
2025-08-29 00:00:00,51,2025-04,2298.65,0.0,55898.65,consistency,consistency
2025-08-29 00:00:00,52,2025-04,2298.65,0.0,55898.65,consistency,consistency
2025-08-29 00:00:00,53,2025-04,2298.65,0.0,55898.65,consistency,consistency
2025-08-29 00:00:00,54,2025-04,2298.65,0.0,55898.65,consistency,consistency
2025-08-29 00:00:00,55,2025-04,2298.65,0.0,55898.65,consistency,consistency
2025-08-29 00:00:00,56,2025-04,2298.65,0.0,55898.65,consistency,consistency
2025-08-29 00:00:00,57,2025-04,2298.65,0.0,55898.65,consistency,consistency
2025-08-29 00:00:00,58,2025-04,2298.65,0.0,55898.65,consistency,consistency
2025-08-29 00:00:00,59,2025-04,2298.65,0.0,55898.65,consistency,consistency
2025-08-29 00:00:00,60,2025-04,2298.65,0.0,55898.65,consistency,consistency
2025-08-29 00:00:00,61,2025-04,2298.65,0.0,55898.65,consistency,consistency
2025-08-29 00:00:00,62,2025-04,2298.65,0.0,55898.65,consistency,consistency
2025-08-30 00:00:00,43,2025-04,1936.8,0.0,55536.8,consistency,consistency
2025-08-30 00:00:00,44,2025-04,1936.8,0.0,55536.8,consistency,consistency
2025-08-30 00:00:00,45,2025-04,1936.8,0.0,55536.8,consistency,consistency
2025-08-30 00:00:00,46,2025-04,1936.8,0.0,55536.8,consistency,consistency
2025-08-30 00:00:00,47,2025-04,1936.8,0.0,55536.8,consistency,consistency
2025-08-30 00:00:00,48,2025-04,1936.8,0.0,55536.8,consistency,consistency
2025-08-30 00:00:00,49,2025-04,1936.8,0.0,55536.8,consistency,consistency
2025-08-30 00:00:00,50,2025-04,1936.8,0.0,55536.8,consistency,consistency
2025-08-30 00:00:00,51,2025-04,1936.8,0.0,55536.8,consistency,consistency
2025-08-30 00:00:00,52,2025-04,1936.8,0.0,55536.8,consistency,consistency
2025-08-30 00:00:00,53,2025-04,1936.8,0.0,55536.8,consistency,consistency
2025-08-30 00:00:00,54,2025-04,1936.8,0.0,55536.8,consistency,consistency
2025-08-30 00:00:00,55,2025-04,1936.8,0.0,55536.8,consistency,consistency
2025-08-30 00:00:00,56,2025-04,1936.8,0.0,55536.8,consistency,consistency
2025-08-30 00:00:00,57,2025-04,1936.8,0.0,55536.8,consistency,consistency
2025-08-30 00:00:00,58,2025-04,1936.8,0.0,55536.8,consistency,consistency
2025-08-30 00:00:00,59,2025-04,1936.8,0.0,55536.8,consistency,consistency
2025-08-30 00:00:00,60,2025-04,1936.8,0.0,55536.8,consistency,consistency
2025-08-30 00:00:00,61,2025-04,1936.8,0.0,55536.8,consistency,consistency
2025-08-30 00:00:00,62,2025-04,1936.8,0.0,55536.8,consistency,consistency
2025-08-31 00:00:00,43,2025-04,1936.8,0.0,55536.8,consistency,consistency
2025-08-31 00:00:00,44,2025-04,1936.8,0.0,55536.8,consistency,consistency
2025-08-31 00:00:00,45,2025-04,1936.8,0.0,55536.8,consistency,consistency
2025-08-31 00:00:00,46,2025-04,1936.8,0.0,55536.8,consistency,consistency
2025-08-31 00:00:00,47,2025-04,1936.8,0.0,55536.8,consistency,consistency
2025-08-31 00:00:00,48,2025-04,1936.8,0.0,55536.8,consistency,consistency
2025-08-31 00:00:00,49,2025-04,1936.8,0.0,55536.8,consistency,consistency
2025-08-31 00:00:00,50,2025-04,1936.8,0.0,55536.8,consistency,consistency
2025-08-31 00:00:00,51,2025-04,1936.8,0.0,55536.8,consistency,consistency
2025-08-31 00:00:00,52,2025-04,1936.8,0.0,55536.8,consistency,consistency
2025-08-31 00:00:00,53,2025-04,1936.8,0.0,55536.8,consistency,consistency
2025-08-31 00:00:00,54,2025-04,1936.8,0.0,55536.8,consistency,consistency
2025-08-31 00:00:00,55,2025-04,1936.8,0.0,55536.8,consistency,consistency
2025-08-31 00:00:00,56,2025-04,1936.8,0.0,55536.8,consistency,consistency
2025-08-31 00:00:00,57,2025-04,1936.8,0.0,55536.8,consistency,consistency
2025-08-31 00:00:00,58,2025-04,1936.8,0.0,55536.8,consistency,consistency
2025-08-31 00:00:00,59,2025-04,1936.8,0.0,55536.8,consistency,consistency
2025-08-31 00:00:00,60,2025-04,1936.8,0.0,55536.8,consistency,consistency
2025-08-31 00:00:00,61,2025-04,1936.8,0.0,55536.8,consistency,consistency
2025-08-31 00:00:00,62,2025-04,1936.8,0.0,55536.8,consistency,consistency
2025-09-01 00:00:00,43,2025-04,1936.8,0.0,55536.8,consistency,consistency
2025-09-01 00:00:00,44,2025-04,1936.8,0.0,55536.8,consistency,consistency
2025-09-01 00:00:00,45,2025-04,1936.8,0.0,55536.8,consistency,consistency
2025-09-01 00:00:00,46,2025-04,1936.8,0.0,55536.8,consistency,consistency
2025-09-01 00:00:00,47,2025-04,1936.8,0.0,55536.8,consistency,consistency
2025-09-01 00:00:00,48,2025-04,1936.8,0.0,55536.8,consistency,consistency
2025-09-01 00:00:00,49,2025-04,1936.8,0.0,55536.8,consistency,consistency
2025-09-01 00:00:00,50,2025-04,1936.8,0.0,55536.8,consistency,consistency
2025-09-01 00:00:00,51,2025-04,1936.8,0.0,55536.8,consistency,consistency
2025-09-01 00:00:00,52,2025-04,1936.8,0.0,55536.8,consistency,consistency
2025-09-01 00:00:00,53,2025-04,1936.8,0.0,55536.8,consistency,consistency
2025-09-01 00:00:00,54,2025-04,1936.8,0.0,55536.8,consistency,consistency
2025-09-01 00:00:00,55,2025-04,1936.8,0.0,55536.8,consistency,consistency
2025-09-01 00:00:00,56,2025-04,1936.8,0.0,55536.8,consistency,consistency
2025-09-01 00:00:00,57,2025-04,1936.8,0.0,55536.8,consistency,consistency
2025-09-01 00:00:00,58,2025-04,1936.8,0.0,55536.8,consistency,consistency
2025-09-01 00:00:00,59,2025-04,1936.8,0.0,55536.8,consistency,consistency
2025-09-01 00:00:00,60,2025-04,1936.8,0.0,55536.8,consistency,consistency
2025-09-01 00:00:00,61,2025-04,1936.8,0.0,55536.8,consistency,consistency
2025-09-01 00:00:00,62,2025-04,1936.8,0.0,55536.8,consistency,consistency
2025-09-02 00:00:00,43,2025-04,1933.05,0.0,55533.05,consistency,consistency
2025-09-02 00:00:00,44,2025-04,1933.05,0.0,55533.05,consistency,consistency
2025-09-02 00:00:00,45,2025-04,1933.05,0.0,55533.05,consistency,consistency
2025-09-02 00:00:00,46,2025-04,1933.05,0.0,55533.05,consistency,consistency
2025-09-02 00:00:00,47,2025-04,1933.05,0.0,55533.05,consistency,consistency
2025-09-02 00:00:00,48,2025-04,1933.05,0.0,55533.05,consistency,consistency
2025-09-02 00:00:00,49,2025-04,1933.05,0.0,55533.05,consistency,consistency
2025-09-02 00:00:00,50,2025-04,1933.05,0.0,55533.05,consistency,consistency
2025-09-02 00:00:00,51,2025-04,1933.05,0.0,55533.05,consistency,consistency
2025-09-02 00:00:00,52,2025-04,1933.05,0.0,55533.05,consistency,consistency
2025-09-02 00:00:00,53,2025-04,1933.05,0.0,55533.05,consistency,consistency
2025-09-02 00:00:00,54,2025-04,1933.05,0.0,55533.05,consistency,consistency
2025-09-02 00:00:00,55,2025-04,1933.05,0.0,55533.05,consistency,consistency
2025-09-02 00:00:00,56,2025-04,1933.05,0.0,55533.05,consistency,consistency
2025-09-02 00:00:00,57,2025-04,1933.05,0.0,55533.05,consistency,consistency
2025-09-02 00:00:00,58,2025-04,1933.05,0.0,55533.05,consistency,consistency
2025-09-02 00:00:00,59,2025-04,1933.05,0.0,55533.05,consistency,consistency
2025-09-02 00:00:00,60,2025-04,1933.05,0.0,55533.05,consistency,consistency
2025-09-02 00:00:00,61,2025-04,1933.05,0.0,55533.05,consistency,consistency
2025-09-02 00:00:00,62,2025-04,1933.05,0.0,55533.05,consistency,consistency
2025-09-03 00:00:00,43,2025-04,1954.25,0.0,55554.25,consistency,consistency
2025-09-03 00:00:00,44,2025-04,1954.25,0.0,55554.25,consistency,consistency
2025-09-03 00:00:00,45,2025-04,1954.25,0.0,55554.25,consistency,consistency
2025-09-03 00:00:00,46,2025-04,1954.25,0.0,55554.25,consistency,consistency
2025-09-03 00:00:00,47,2025-04,1954.25,0.0,55554.25,consistency,consistency
2025-09-03 00:00:00,48,2025-04,1954.25,0.0,55554.25,consistency,consistency
2025-09-03 00:00:00,49,2025-04,1954.25,0.0,55554.25,consistency,consistency
2025-09-03 00:00:00,50,2025-04,1954.25,0.0,55554.25,consistency,consistency
2025-09-03 00:00:00,51,2025-04,1954.25,0.0,55554.25,consistency,consistency
2025-09-03 00:00:00,52,2025-04,1954.25,0.0,55554.25,consistency,consistency
2025-09-03 00:00:00,53,2025-04,1954.25,0.0,55554.25,consistency,consistency
2025-09-03 00:00:00,54,2025-04,1954.25,0.0,55554.25,consistency,consistency
2025-09-03 00:00:00,55,2025-04,1954.25,0.0,55554.25,consistency,consistency
2025-09-03 00:00:00,56,2025-04,1954.25,0.0,55554.25,consistency,consistency
2025-09-03 00:00:00,57,2025-04,1954.25,0.0,55554.25,consistency,consistency
2025-09-03 00:00:00,58,2025-04,1954.25,0.0,55554.25,consistency,consistency
2025-09-03 00:00:00,59,2025-04,1954.25,0.0,55554.25,consistency,consistency
2025-09-03 00:00:00,60,2025-04,1954.25,0.0,55554.25,consistency,consistency
2025-09-03 00:00:00,61,2025-04,1954.25,0.0,55554.25,consistency,consistency
2025-09-03 00:00:00,62,2025-04,1954.25,0.0,55554.25,consistency,consistency
2025-09-04 00:00:00,43,2025-04,2158.2,0.0,55758.2,consistency,consistency
2025-09-04 00:00:00,44,2025-04,2158.2,0.0,55758.2,consistency,consistency
2025-09-04 00:00:00,45,2025-04,2158.2,0.0,55758.2,consistency,consistency
2025-09-04 00:00:00,46,2025-04,2158.2,0.0,55758.2,consistency,consistency
2025-09-04 00:00:00,47,2025-04,2158.2,0.0,55758.2,consistency,consistency
2025-09-04 00:00:00,48,2025-04,2158.2,0.0,55758.2,consistency,consistency
2025-09-04 00:00:00,49,2025-04,2158.2,0.0,55758.2,consistency,consistency
2025-09-04 00:00:00,50,2025-04,2158.2,0.0,55758.2,consistency,consistency
2025-09-04 00:00:00,51,2025-04,2158.2,0.0,55758.2,consistency,consistency
2025-09-04 00:00:00,52,2025-04,2158.2,0.0,55758.2,consistency,consistency
2025-09-04 00:00:00,53,2025-04,2158.2,0.0,55758.2,consistency,consistency
2025-09-04 00:00:00,54,2025-04,2158.2,0.0,55758.2,consistency,consistency
2025-09-04 00:00:00,55,2025-04,2158.2,0.0,55758.2,consistency,consistency
2025-09-04 00:00:00,56,2025-04,2158.2,0.0,55758.2,consistency,consistency
2025-09-04 00:00:00,57,2025-04,2158.2,0.0,55758.2,consistency,consistency
2025-09-04 00:00:00,58,2025-04,2158.2,0.0,55758.2,consistency,consistency
2025-09-04 00:00:00,59,2025-04,2158.2,0.0,55758.2,consistency,consistency
2025-09-04 00:00:00,60,2025-04,2158.2,0.0,55758.2,consistency,consistency
2025-09-04 00:00:00,61,2025-04,2158.2,0.0,55758.2,consistency,consistency
2025-09-04 00:00:00,62,2025-04,2158.2,0.0,55758.2,consistency,consistency
2025-09-05 00:00:00,43,2025-04,2218.2,0.0,55818.2,consistency,consistency
2025-09-05 00:00:00,44,2025-04,2218.2,0.0,55818.2,consistency,consistency
2025-09-05 00:00:00,45,2025-04,2218.2,0.0,55818.2,consistency,consistency
2025-09-05 00:00:00,46,2025-04,2218.2,0.0,55818.2,consistency,consistency
2025-09-05 00:00:00,47,2025-04,2218.2,0.0,55818.2,consistency,consistency
2025-09-05 00:00:00,48,2025-04,2218.2,0.0,55818.2,consistency,consistency
2025-09-05 00:00:00,49,2025-04,2218.2,0.0,55818.2,consistency,consistency
2025-09-05 00:00:00,50,2025-04,2218.2,0.0,55818.2,consistency,consistency
2025-09-05 00:00:00,51,2025-04,2218.2,0.0,55818.2,consistency,consistency
2025-09-05 00:00:00,52,2025-04,2218.2,0.0,55818.2,consistency,consistency
2025-09-05 00:00:00,53,2025-04,2218.2,0.0,55818.2,consistency,consistency
2025-09-05 00:00:00,54,2025-04,2218.2,0.0,55818.2,consistency,consistency
2025-09-05 00:00:00,55,2025-04,2218.2,0.0,55818.2,consistency,consistency
2025-09-05 00:00:00,56,2025-04,2218.2,0.0,55818.2,consistency,consistency
2025-09-05 00:00:00,57,2025-04,2218.2,0.0,55818.2,consistency,consistency
2025-09-05 00:00:00,58,2025-04,2218.2,0.0,55818.2,consistency,consistency
2025-09-05 00:00:00,59,2025-04,2218.2,0.0,55818.2,consistency,consistency
2025-09-05 00:00:00,60,2025-04,2218.2,0.0,55818.2,consistency,consistency
2025-09-05 00:00:00,61,2025-04,2218.2,0.0,55818.2,consistency,consistency
2025-09-05 00:00:00,62,2025-04,2218.2,0.0,55818.2,consistency,consistency
2025-09-06 00:00:00,43,2025-04,2296.75,0.0,55896.75,consistency,consistency
2025-09-06 00:00:00,44,2025-04,2296.75,0.0,55896.75,consistency,consistency
2025-09-06 00:00:00,45,2025-04,2296.75,0.0,55896.75,consistency,consistency
2025-09-06 00:00:00,46,2025-04,2296.75,0.0,55896.75,consistency,consistency
2025-09-06 00:00:00,47,2025-04,2296.75,0.0,55896.75,consistency,consistency
2025-09-06 00:00:00,48,2025-04,2296.75,0.0,55896.75,consistency,consistency
2025-09-06 00:00:00,49,2025-04,2296.75,0.0,55896.75,consistency,consistency
2025-09-06 00:00:00,50,2025-04,2296.75,0.0,55896.75,consistency,consistency
2025-09-06 00:00:00,51,2025-04,2296.75,0.0,55896.75,consistency,consistency
2025-09-06 00:00:00,52,2025-04,2296.75,0.0,55896.75,consistency,consistency
2025-09-06 00:00:00,53,2025-04,2296.75,0.0,55896.75,consistency,consistency
2025-09-06 00:00:00,54,2025-04,2296.75,0.0,55896.75,consistency,consistency
2025-09-06 00:00:00,55,2025-04,2296.75,0.0,55896.75,consistency,consistency
2025-09-06 00:00:00,56,2025-04,2296.75,0.0,55896.75,consistency,consistency
2025-09-06 00:00:00,57,2025-04,2296.75,0.0,55896.75,consistency,consistency
2025-09-06 00:00:00,58,2025-04,2296.75,0.0,55896.75,consistency,consistency
2025-09-06 00:00:00,59,2025-04,2296.75,0.0,55896.75,consistency,consistency
2025-09-06 00:00:00,60,2025-04,2296.75,0.0,55896.75,consistency,consistency
2025-09-06 00:00:00,61,2025-04,2296.75,0.0,55896.75,consistency,consistency
2025-09-06 00:00:00,62,2025-04,2296.75,0.0,55896.75,consistency,consistency
2025-09-07 00:00:00,43,2025-04,2296.75,0.0,55896.75,consistency,consistency
2025-09-07 00:00:00,44,2025-04,2296.75,0.0,55896.75,consistency,consistency
2025-09-07 00:00:00,45,2025-04,2296.75,0.0,55896.75,consistency,consistency
2025-09-07 00:00:00,46,2025-04,2296.75,0.0,55896.75,consistency,consistency
2025-09-07 00:00:00,47,2025-04,2296.75,0.0,55896.75,consistency,consistency
2025-09-07 00:00:00,48,2025-04,2296.75,0.0,55896.75,consistency,consistency
2025-09-07 00:00:00,49,2025-04,2296.75,0.0,55896.75,consistency,consistency
2025-09-07 00:00:00,50,2025-04,2296.75,0.0,55896.75,consistency,consistency
2025-09-07 00:00:00,51,2025-04,2296.75,0.0,55896.75,consistency,consistency
2025-09-07 00:00:00,52,2025-04,2296.75,0.0,55896.75,consistency,consistency
2025-09-07 00:00:00,53,2025-04,2296.75,0.0,55896.75,consistency,consistency
2025-09-07 00:00:00,54,2025-04,2296.75,0.0,55896.75,consistency,consistency
2025-09-07 00:00:00,55,2025-04,2296.75,0.0,55896.75,consistency,consistency
2025-09-07 00:00:00,56,2025-04,2296.75,0.0,55896.75,consistency,consistency
2025-09-07 00:00:00,57,2025-04,2296.75,0.0,55896.75,consistency,consistency
2025-09-07 00:00:00,58,2025-04,2296.75,0.0,55896.75,consistency,consistency
2025-09-07 00:00:00,59,2025-04,2296.75,0.0,55896.75,consistency,consistency
2025-09-07 00:00:00,60,2025-04,2296.75,0.0,55896.75,consistency,consistency
2025-09-07 00:00:00,61,2025-04,2296.75,0.0,55896.75,consistency,consistency
2025-09-07 00:00:00,62,2025-04,2296.75,0.0,55896.75,consistency,consistency
2025-09-08 00:00:00,43,2025-04,2296.75,0.0,55896.75,consistency,consistency
2025-09-08 00:00:00,44,2025-04,2296.75,0.0,55896.75,consistency,consistency
2025-09-08 00:00:00,45,2025-04,2296.75,0.0,55896.75,consistency,consistency
2025-09-08 00:00:00,46,2025-04,2296.75,0.0,55896.75,consistency,consistency
2025-09-08 00:00:00,47,2025-04,2296.75,0.0,55896.75,consistency,consistency
2025-09-08 00:00:00,48,2025-04,2296.75,0.0,55896.75,consistency,consistency
2025-09-08 00:00:00,49,2025-04,2296.75,0.0,55896.75,consistency,consistency
2025-09-08 00:00:00,50,2025-04,2296.75,0.0,55896.75,consistency,consistency
2025-09-08 00:00:00,51,2025-04,2296.75,0.0,55896.75,consistency,consistency
2025-09-08 00:00:00,52,2025-04,2296.75,0.0,55896.75,consistency,consistency
2025-09-08 00:00:00,53,2025-04,2296.75,0.0,55896.75,consistency,consistency
2025-09-08 00:00:00,54,2025-04,2296.75,0.0,55896.75,consistency,consistency
2025-09-08 00:00:00,55,2025-04,2296.75,0.0,55896.75,consistency,consistency
2025-09-08 00:00:00,56,2025-04,2296.75,0.0,55896.75,consistency,consistency
2025-09-08 00:00:00,57,2025-04,2296.75,0.0,55896.75,consistency,consistency
2025-09-08 00:00:00,58,2025-04,2296.75,0.0,55896.75,consistency,consistency
2025-09-08 00:00:00,59,2025-04,2296.75,0.0,55896.75,consistency,consistency
2025-09-08 00:00:00,60,2025-04,2296.75,0.0,55896.75,consistency,consistency
2025-09-08 00:00:00,61,2025-04,2296.75,0.0,55896.75,consistency,consistency
2025-09-08 00:00:00,62,2025-04,2296.75,0.0,55896.75,consistency,consistency
2025-09-09 00:00:00,43,2025-04,2308.75,0.0,55908.75,consistency,consistency
2025-09-09 00:00:00,44,2025-04,2308.75,0.0,55908.75,consistency,consistency
2025-09-09 00:00:00,45,2025-04,2308.75,0.0,55908.75,consistency,consistency
2025-09-09 00:00:00,46,2025-04,2308.75,0.0,55908.75,consistency,consistency
2025-09-09 00:00:00,47,2025-04,2308.75,0.0,55908.75,consistency,consistency
2025-09-09 00:00:00,48,2025-04,2308.75,0.0,55908.75,consistency,consistency
2025-09-09 00:00:00,49,2025-04,2308.75,0.0,55908.75,consistency,consistency
2025-09-09 00:00:00,50,2025-04,2308.75,0.0,55908.75,consistency,consistency
2025-09-09 00:00:00,51,2025-04,2308.75,0.0,55908.75,consistency,consistency
2025-09-09 00:00:00,52,2025-04,2308.75,0.0,55908.75,consistency,consistency
2025-09-09 00:00:00,53,2025-04,2308.75,0.0,55908.75,consistency,consistency
2025-09-09 00:00:00,54,2025-04,2308.75,0.0,55908.75,consistency,consistency
2025-09-09 00:00:00,55,2025-04,2308.75,0.0,55908.75,consistency,consistency
2025-09-09 00:00:00,56,2025-04,2308.75,0.0,55908.75,consistency,consistency
2025-09-09 00:00:00,57,2025-04,2308.75,0.0,55908.75,consistency,consistency
2025-09-09 00:00:00,58,2025-04,2308.75,0.0,55908.75,consistency,consistency
2025-09-09 00:00:00,59,2025-04,2308.75,0.0,55908.75,consistency,consistency
2025-09-09 00:00:00,60,2025-04,2308.75,0.0,55908.75,consistency,consistency
2025-09-09 00:00:00,61,2025-04,2308.75,0.0,55908.75,consistency,consistency
2025-09-09 00:00:00,62,2025-04,2308.75,0.0,55908.75,consistency,consistency
2025-09-10 00:00:00,43,2025-04,2338.7,0.0,55938.7,consistency,consistency
2025-09-10 00:00:00,44,2025-04,2338.7,0.0,55938.7,consistency,consistency
2025-09-10 00:00:00,45,2025-04,2338.7,0.0,55938.7,consistency,consistency
2025-09-10 00:00:00,46,2025-04,2338.7,0.0,55938.7,consistency,consistency
2025-09-10 00:00:00,47,2025-04,2338.7,0.0,55938.7,consistency,consistency
2025-09-10 00:00:00,48,2025-04,2338.7,0.0,55938.7,consistency,consistency
2025-09-10 00:00:00,49,2025-04,2338.7,0.0,55938.7,consistency,consistency
2025-09-10 00:00:00,50,2025-04,2338.7,0.0,55938.7,consistency,consistency
2025-09-10 00:00:00,51,2025-04,2338.7,0.0,55938.7,consistency,consistency
2025-09-10 00:00:00,52,2025-04,2338.7,0.0,55938.7,consistency,consistency
2025-09-10 00:00:00,53,2025-04,2338.7,0.0,55938.7,consistency,consistency
2025-09-10 00:00:00,54,2025-04,2338.7,0.0,55938.7,consistency,consistency
2025-09-10 00:00:00,55,2025-04,2338.7,0.0,55938.7,consistency,consistency
2025-09-10 00:00:00,56,2025-04,2338.7,0.0,55938.7,consistency,consistency
2025-09-10 00:00:00,57,2025-04,2338.7,0.0,55938.7,consistency,consistency
2025-09-10 00:00:00,58,2025-04,2338.7,0.0,55938.7,consistency,consistency
2025-09-10 00:00:00,59,2025-04,2338.7,0.0,55938.7,consistency,consistency
2025-09-10 00:00:00,60,2025-04,2338.7,0.0,55938.7,consistency,consistency
2025-09-10 00:00:00,61,2025-04,2338.7,0.0,55938.7,consistency,consistency
2025-09-10 00:00:00,62,2025-04,2338.7,0.0,55938.7,consistency,consistency
2025-09-11 00:00:00,43,2025-04,2495.4,0.0,56095.4,consistency,consistency
2025-09-11 00:00:00,44,2025-04,2495.4,0.0,56095.4,consistency,consistency
2025-09-11 00:00:00,45,2025-04,2495.4,0.0,56095.4,consistency,consistency
2025-09-11 00:00:00,46,2025-04,2495.4,0.0,56095.4,consistency,consistency
2025-09-11 00:00:00,47,2025-04,2495.4,0.0,56095.4,consistency,consistency
2025-09-11 00:00:00,48,2025-04,2495.4,0.0,56095.4,consistency,consistency
2025-09-11 00:00:00,49,2025-04,2495.4,0.0,56095.4,consistency,consistency
2025-09-11 00:00:00,50,2025-04,2495.4,0.0,56095.4,consistency,consistency
2025-09-11 00:00:00,51,2025-04,2495.4,0.0,56095.4,consistency,consistency
2025-09-11 00:00:00,52,2025-04,2495.4,0.0,56095.4,consistency,consistency
2025-09-11 00:00:00,53,2025-04,2495.4,0.0,56095.4,consistency,consistency
2025-09-11 00:00:00,54,2025-04,2495.4,0.0,56095.4,consistency,consistency
2025-09-11 00:00:00,55,2025-04,2495.4,0.0,56095.4,consistency,consistency
2025-09-11 00:00:00,56,2025-04,2495.4,0.0,56095.4,consistency,consistency
2025-09-11 00:00:00,57,2025-04,2495.4,0.0,56095.4,consistency,consistency
2025-09-11 00:00:00,58,2025-04,2495.4,0.0,56095.4,consistency,consistency
2025-09-11 00:00:00,59,2025-04,2495.4,0.0,56095.4,consistency,consistency
2025-09-11 00:00:00,60,2025-04,2495.4,0.0,56095.4,consistency,consistency
2025-09-11 00:00:00,61,2025-04,2495.4,0.0,56095.4,consistency,consistency
2025-09-11 00:00:00,62,2025-04,2495.4,0.0,56095.4,consistency,consistency
2025-09-12 00:00:00,43,2025-04,2418.7,0.0,56018.7,consistency,consistency
2025-09-12 00:00:00,44,2025-04,2418.7,0.0,56018.7,consistency,consistency
2025-09-12 00:00:00,45,2025-04,2418.7,0.0,56018.7,consistency,consistency
2025-09-12 00:00:00,46,2025-04,2418.7,0.0,56018.7,consistency,consistency
2025-09-12 00:00:00,47,2025-04,2418.7,0.0,56018.7,consistency,consistency
2025-09-12 00:00:00,48,2025-04,2418.7,0.0,56018.7,consistency,consistency
2025-09-12 00:00:00,49,2025-04,2418.7,0.0,56018.7,consistency,consistency
2025-09-12 00:00:00,50,2025-04,2418.7,0.0,56018.7,consistency,consistency
2025-09-12 00:00:00,51,2025-04,2418.7,0.0,56018.7,consistency,consistency
2025-09-12 00:00:00,52,2025-04,2418.7,0.0,56018.7,consistency,consistency
2025-09-12 00:00:00,53,2025-04,2418.7,0.0,56018.7,consistency,consistency
2025-09-12 00:00:00,54,2025-04,2418.7,0.0,56018.7,consistency,consistency
2025-09-12 00:00:00,55,2025-04,2418.7,0.0,56018.7,consistency,consistency
2025-09-12 00:00:00,56,2025-04,2418.7,0.0,56018.7,consistency,consistency
2025-09-12 00:00:00,57,2025-04,2418.7,0.0,56018.7,consistency,consistency
2025-09-12 00:00:00,58,2025-04,2418.7,0.0,56018.7,consistency,consistency
2025-09-12 00:00:00,59,2025-04,2418.7,0.0,56018.7,consistency,consistency
2025-09-12 00:00:00,60,2025-04,2418.7,0.0,56018.7,consistency,consistency
2025-09-12 00:00:00,61,2025-04,2418.7,0.0,56018.7,consistency,consistency
2025-09-12 00:00:00,62,2025-04,2418.7,0.0,56018.7,consistency,consistency
2025-09-13 00:00:00,43,2025-04,2539.85,0.0,56139.85,consistency,consistency
2025-09-13 00:00:00,44,2025-04,2539.85,0.0,56139.85,consistency,consistency
2025-09-13 00:00:00,45,2025-04,2539.85,0.0,56139.85,consistency,consistency
2025-09-13 00:00:00,46,2025-04,2539.85,0.0,56139.85,consistency,consistency
2025-09-13 00:00:00,47,2025-04,2539.85,0.0,56139.85,consistency,consistency
2025-09-13 00:00:00,48,2025-04,2539.85,0.0,56139.85,consistency,consistency
2025-09-13 00:00:00,49,2025-04,2539.85,0.0,56139.85,consistency,consistency
2025-09-13 00:00:00,50,2025-04,2539.85,0.0,56139.85,consistency,consistency
2025-09-13 00:00:00,51,2025-04,2539.85,0.0,56139.85,consistency,consistency
2025-09-13 00:00:00,52,2025-04,2539.85,0.0,56139.85,consistency,consistency
2025-09-13 00:00:00,53,2025-04,2539.85,0.0,56139.85,consistency,consistency
2025-09-13 00:00:00,54,2025-04,2539.85,0.0,56139.85,consistency,consistency
2025-09-13 00:00:00,55,2025-04,2539.85,0.0,56139.85,consistency,consistency
2025-09-13 00:00:00,56,2025-04,2539.85,0.0,56139.85,consistency,consistency
2025-09-13 00:00:00,57,2025-04,2539.85,0.0,56139.85,consistency,consistency
2025-09-13 00:00:00,58,2025-04,2539.85,0.0,56139.85,consistency,consistency
2025-09-13 00:00:00,59,2025-04,2539.85,0.0,56139.85,consistency,consistency
2025-09-13 00:00:00,60,2025-04,2539.85,0.0,56139.85,consistency,consistency
2025-09-13 00:00:00,61,2025-04,2539.85,0.0,56139.85,consistency,consistency
2025-09-13 00:00:00,62,2025-04,2539.85,0.0,56139.85,consistency,consistency
2025-09-14 00:00:00,43,2025-04,2539.85,0.0,56139.85,consistency,consistency
2025-09-14 00:00:00,44,2025-04,2539.85,0.0,56139.85,consistency,consistency
2025-09-14 00:00:00,45,2025-04,2539.85,0.0,56139.85,consistency,consistency
2025-09-14 00:00:00,46,2025-04,2539.85,0.0,56139.85,consistency,consistency
2025-09-14 00:00:00,47,2025-04,2539.85,0.0,56139.85,consistency,consistency
2025-09-14 00:00:00,48,2025-04,2539.85,0.0,56139.85,consistency,consistency
2025-09-14 00:00:00,49,2025-04,2539.85,0.0,56139.85,consistency,consistency
2025-09-14 00:00:00,50,2025-04,2539.85,0.0,56139.85,consistency,consistency
2025-09-14 00:00:00,51,2025-04,2539.85,0.0,56139.85,consistency,consistency
2025-09-14 00:00:00,52,2025-04,2539.85,0.0,56139.85,consistency,consistency
2025-09-14 00:00:00,53,2025-04,2539.85,0.0,56139.85,consistency,consistency
2025-09-14 00:00:00,54,2025-04,2539.85,0.0,56139.85,consistency,consistency
2025-09-14 00:00:00,55,2025-04,2539.85,0.0,56139.85,consistency,consistency
2025-09-14 00:00:00,56,2025-04,2539.85,0.0,56139.85,consistency,consistency
2025-09-14 00:00:00,57,2025-04,2539.85,0.0,56139.85,consistency,consistency
2025-09-14 00:00:00,58,2025-04,2539.85,0.0,56139.85,consistency,consistency
2025-09-14 00:00:00,59,2025-04,2539.85,0.0,56139.85,consistency,consistency
2025-09-14 00:00:00,60,2025-04,2539.85,0.0,56139.85,consistency,consistency
2025-09-14 00:00:00,61,2025-04,2539.85,0.0,56139.85,consistency,consistency
2025-09-14 00:00:00,62,2025-04,2539.85,0.0,56139.85,consistency,consistency
2025-09-15 00:00:00,43,2025-04,2539.85,0.0,56139.85,consistency,consistency
2025-09-15 00:00:00,44,2025-04,2539.85,0.0,56139.85,consistency,consistency
2025-09-15 00:00:00,45,2025-04,2539.85,0.0,56139.85,consistency,consistency
2025-09-15 00:00:00,46,2025-04,2539.85,0.0,56139.85,consistency,consistency
2025-09-15 00:00:00,47,2025-04,2539.85,0.0,56139.85,consistency,consistency
2025-09-15 00:00:00,48,2025-04,2539.85,0.0,56139.85,consistency,consistency
2025-09-15 00:00:00,49,2025-04,2539.85,0.0,56139.85,consistency,consistency
2025-09-15 00:00:00,50,2025-04,2539.85,0.0,56139.85,consistency,consistency
2025-09-15 00:00:00,51,2025-04,2539.85,0.0,56139.85,consistency,consistency
2025-09-15 00:00:00,52,2025-04,2539.85,0.0,56139.85,consistency,consistency
2025-09-15 00:00:00,53,2025-04,2539.85,0.0,56139.85,consistency,consistency
2025-09-15 00:00:00,54,2025-04,2539.85,0.0,56139.85,consistency,consistency
2025-09-15 00:00:00,55,2025-04,2539.85,0.0,56139.85,consistency,consistency
2025-09-15 00:00:00,56,2025-04,2539.85,0.0,56139.85,consistency,consistency
2025-09-15 00:00:00,57,2025-04,2539.85,0.0,56139.85,consistency,consistency
2025-09-15 00:00:00,58,2025-04,2539.85,0.0,56139.85,consistency,consistency
2025-09-15 00:00:00,59,2025-04,2539.85,0.0,56139.85,consistency,consistency
2025-09-15 00:00:00,60,2025-04,2539.85,0.0,56139.85,consistency,consistency
2025-09-15 00:00:00,61,2025-04,2539.85,0.0,56139.85,consistency,consistency
2025-09-15 00:00:00,62,2025-04,2539.85,0.0,56139.85,consistency,consistency
2025-09-16 00:00:00,43,2025-04,2574.95,0.0,56174.95,consistency,consistency
2025-09-16 00:00:00,44,2025-04,2574.95,0.0,56174.95,consistency,consistency
2025-09-16 00:00:00,45,2025-04,2574.95,0.0,56174.95,consistency,consistency
2025-09-16 00:00:00,46,2025-04,2574.95,0.0,56174.95,consistency,consistency
2025-09-16 00:00:00,47,2025-04,2574.95,0.0,56174.95,consistency,consistency
2025-09-16 00:00:00,48,2025-04,2574.95,0.0,56174.95,consistency,consistency
2025-09-16 00:00:00,49,2025-04,2574.95,0.0,56174.95,consistency,consistency
2025-09-16 00:00:00,50,2025-04,2574.95,0.0,56174.95,consistency,consistency
2025-09-16 00:00:00,51,2025-04,2574.95,0.0,56174.95,consistency,consistency
2025-09-16 00:00:00,52,2025-04,2574.95,0.0,56174.95,consistency,consistency
2025-09-16 00:00:00,53,2025-04,2574.95,0.0,56174.95,consistency,consistency
2025-09-16 00:00:00,54,2025-04,2574.95,0.0,56174.95,consistency,consistency
2025-09-16 00:00:00,55,2025-04,2574.95,0.0,56174.95,consistency,consistency
2025-09-16 00:00:00,56,2025-04,2574.95,0.0,56174.95,consistency,consistency
2025-09-16 00:00:00,57,2025-04,2574.95,0.0,56174.95,consistency,consistency
2025-09-16 00:00:00,58,2025-04,2574.95,0.0,56174.95,consistency,consistency
2025-09-16 00:00:00,59,2025-04,2574.95,0.0,56174.95,consistency,consistency
2025-09-16 00:00:00,60,2025-04,2574.95,0.0,56174.95,consistency,consistency
2025-09-16 00:00:00,61,2025-04,2574.95,0.0,56174.95,consistency,consistency
2025-09-16 00:00:00,62,2025-04,2574.95,0.0,56174.95,consistency,consistency
2025-09-17 00:00:00,43,2025-04,2436.55,0.0,56036.55,consistency,consistency
2025-09-17 00:00:00,44,2025-04,2436.55,0.0,56036.55,consistency,consistency
2025-09-17 00:00:00,45,2025-04,2436.55,0.0,56036.55,consistency,consistency
2025-09-17 00:00:00,46,2025-04,2436.55,0.0,56036.55,consistency,consistency
2025-09-17 00:00:00,47,2025-04,2436.55,0.0,56036.55,consistency,consistency
2025-09-17 00:00:00,48,2025-04,2436.55,0.0,56036.55,consistency,consistency
2025-09-17 00:00:00,49,2025-04,2436.55,0.0,56036.55,consistency,consistency
2025-09-17 00:00:00,50,2025-04,2436.55,0.0,56036.55,consistency,consistency
2025-09-17 00:00:00,51,2025-04,2436.55,0.0,56036.55,consistency,consistency
2025-09-17 00:00:00,52,2025-04,2436.55,0.0,56036.55,consistency,consistency
2025-09-17 00:00:00,53,2025-04,2436.55,0.0,56036.55,consistency,consistency
2025-09-17 00:00:00,54,2025-04,2436.55,0.0,56036.55,consistency,consistency
2025-09-17 00:00:00,55,2025-04,2436.55,0.0,56036.55,consistency,consistency
2025-09-17 00:00:00,56,2025-04,2436.55,0.0,56036.55,consistency,consistency
2025-09-17 00:00:00,57,2025-04,2436.55,0.0,56036.55,consistency,consistency
2025-09-17 00:00:00,58,2025-04,2436.55,0.0,56036.55,consistency,consistency
2025-09-17 00:00:00,59,2025-04,2436.55,0.0,56036.55,consistency,consistency
2025-09-17 00:00:00,60,2025-04,2436.55,0.0,56036.55,consistency,consistency
2025-09-17 00:00:00,61,2025-04,2436.55,0.0,56036.55,consistency,consistency
2025-09-17 00:00:00,62,2025-04,2436.55,0.0,56036.55,consistency,consistency
2025-09-18 00:00:00,43,2025-04,2304.25,0.0,55904.25,consistency,consistency
2025-09-18 00:00:00,44,2025-04,2304.25,0.0,55904.25,consistency,consistency
2025-09-18 00:00:00,45,2025-04,2304.25,0.0,55904.25,consistency,consistency
2025-09-18 00:00:00,46,2025-04,2304.25,0.0,55904.25,consistency,consistency
2025-09-18 00:00:00,47,2025-04,2304.25,0.0,55904.25,consistency,consistency
2025-09-18 00:00:00,48,2025-04,2304.25,0.0,55904.25,consistency,consistency
2025-09-18 00:00:00,49,2025-04,2304.25,0.0,55904.25,consistency,consistency
2025-09-18 00:00:00,50,2025-04,2304.25,0.0,55904.25,consistency,consistency
2025-09-18 00:00:00,51,2025-04,2304.25,0.0,55904.25,consistency,consistency
2025-09-18 00:00:00,52,2025-04,2304.25,0.0,55904.25,consistency,consistency
2025-09-18 00:00:00,53,2025-04,2304.25,0.0,55904.25,consistency,consistency
2025-09-18 00:00:00,54,2025-04,2304.25,0.0,55904.25,consistency,consistency
2025-09-18 00:00:00,55,2025-04,2304.25,0.0,55904.25,consistency,consistency
2025-09-18 00:00:00,56,2025-04,2304.25,0.0,55904.25,consistency,consistency
2025-09-18 00:00:00,57,2025-04,2304.25,0.0,55904.25,consistency,consistency
2025-09-18 00:00:00,58,2025-04,2304.25,0.0,55904.25,consistency,consistency
2025-09-18 00:00:00,59,2025-04,2304.25,0.0,55904.25,consistency,consistency
2025-09-18 00:00:00,60,2025-04,2304.25,0.0,55904.25,consistency,consistency
2025-09-18 00:00:00,61,2025-04,2304.25,0.0,55904.25,consistency,consistency
2025-09-18 00:00:00,62,2025-04,2304.25,0.0,55904.25,consistency,consistency
2025-09-19 00:00:00,43,2025-04,2191.4,0.0,55791.4,consistency,consistency
2025-09-19 00:00:00,44,2025-04,2191.4,0.0,55791.4,consistency,consistency
2025-09-19 00:00:00,45,2025-04,2191.4,0.0,55791.4,consistency,consistency
2025-09-19 00:00:00,46,2025-04,2191.4,0.0,55791.4,consistency,consistency
2025-09-19 00:00:00,47,2025-04,2191.4,0.0,55791.4,consistency,consistency
2025-09-19 00:00:00,48,2025-04,2191.4,0.0,55791.4,consistency,consistency
2025-09-19 00:00:00,49,2025-04,2191.4,0.0,55791.4,consistency,consistency
2025-09-19 00:00:00,50,2025-04,2191.4,0.0,55791.4,consistency,consistency
2025-09-19 00:00:00,51,2025-04,2191.4,0.0,55791.4,consistency,consistency
2025-09-19 00:00:00,52,2025-04,2191.4,0.0,55791.4,consistency,consistency
2025-09-19 00:00:00,53,2025-04,2191.4,0.0,55791.4,consistency,consistency
2025-09-19 00:00:00,54,2025-04,2191.4,0.0,55791.4,consistency,consistency
2025-09-19 00:00:00,55,2025-04,2191.4,0.0,55791.4,consistency,consistency
2025-09-19 00:00:00,56,2025-04,2191.4,0.0,55791.4,consistency,consistency
2025-09-19 00:00:00,57,2025-04,2191.4,0.0,55791.4,consistency,consistency
2025-09-19 00:00:00,58,2025-04,2191.4,0.0,55791.4,consistency,consistency
2025-09-19 00:00:00,59,2025-04,2191.4,0.0,55791.4,consistency,consistency
2025-09-19 00:00:00,60,2025-04,2191.4,0.0,55791.4,consistency,consistency
2025-09-19 00:00:00,61,2025-04,2191.4,0.0,55791.4,consistency,consistency
2025-09-19 00:00:00,62,2025-04,2191.4,0.0,55791.4,consistency,consistency
2025-09-20 00:00:00,43,2025-04,2424.4,0.0,56024.4,consistency,consistency
2025-09-20 00:00:00,44,2025-04,2424.4,0.0,56024.4,consistency,consistency
2025-09-20 00:00:00,45,2025-04,2424.4,0.0,56024.4,consistency,consistency
2025-09-20 00:00:00,46,2025-04,2424.4,0.0,56024.4,consistency,consistency
2025-09-20 00:00:00,47,2025-04,2424.4,0.0,56024.4,consistency,consistency
2025-09-20 00:00:00,48,2025-04,2424.4,0.0,56024.4,consistency,consistency
2025-09-20 00:00:00,49,2025-04,2424.4,0.0,56024.4,consistency,consistency
2025-09-20 00:00:00,50,2025-04,2424.4,0.0,56024.4,consistency,consistency
2025-09-20 00:00:00,51,2025-04,2424.4,0.0,56024.4,consistency,consistency
2025-09-20 00:00:00,52,2025-04,2424.4,0.0,56024.4,consistency,consistency
2025-09-20 00:00:00,53,2025-04,2424.4,0.0,56024.4,consistency,consistency
2025-09-20 00:00:00,54,2025-04,2424.4,0.0,56024.4,consistency,consistency
2025-09-20 00:00:00,55,2025-04,2424.4,0.0,56024.4,consistency,consistency
2025-09-20 00:00:00,56,2025-04,2424.4,0.0,56024.4,consistency,consistency
2025-09-20 00:00:00,57,2025-04,2424.4,0.0,56024.4,consistency,consistency
2025-09-20 00:00:00,58,2025-04,2424.4,0.0,56024.4,consistency,consistency
2025-09-20 00:00:00,59,2025-04,2424.4,0.0,56024.4,consistency,consistency
2025-09-20 00:00:00,60,2025-04,2424.4,0.0,56024.4,consistency,consistency
2025-09-20 00:00:00,61,2025-04,2424.4,0.0,56024.4,consistency,consistency
2025-09-20 00:00:00,62,2025-04,2424.4,0.0,56024.4,consistency,consistency
2025-09-21 00:00:00,43,2025-04,2424.4,0.0,56024.4,consistency,consistency
2025-09-21 00:00:00,44,2025-04,2424.4,0.0,56024.4,consistency,consistency
2025-09-21 00:00:00,45,2025-04,2424.4,0.0,56024.4,consistency,consistency
2025-09-21 00:00:00,46,2025-04,2424.4,0.0,56024.4,consistency,consistency
2025-09-21 00:00:00,47,2025-04,2424.4,0.0,56024.4,consistency,consistency
2025-09-21 00:00:00,48,2025-04,2424.4,0.0,56024.4,consistency,consistency
2025-09-21 00:00:00,49,2025-04,2424.4,0.0,56024.4,consistency,consistency
2025-09-21 00:00:00,50,2025-04,2424.4,0.0,56024.4,consistency,consistency
2025-09-21 00:00:00,51,2025-04,2424.4,0.0,56024.4,consistency,consistency
2025-09-21 00:00:00,52,2025-04,2424.4,0.0,56024.4,consistency,consistency
2025-09-21 00:00:00,53,2025-04,2424.4,0.0,56024.4,consistency,consistency
2025-09-21 00:00:00,54,2025-04,2424.4,0.0,56024.4,consistency,consistency
2025-09-21 00:00:00,55,2025-04,2424.4,0.0,56024.4,consistency,consistency
2025-09-21 00:00:00,56,2025-04,2424.4,0.0,56024.4,consistency,consistency
2025-09-21 00:00:00,57,2025-04,2424.4,0.0,56024.4,consistency,consistency
2025-09-21 00:00:00,58,2025-04,2424.4,0.0,56024.4,consistency,consistency
2025-09-21 00:00:00,59,2025-04,2424.4,0.0,56024.4,consistency,consistency
2025-09-21 00:00:00,60,2025-04,2424.4,0.0,56024.4,consistency,consistency
2025-09-21 00:00:00,61,2025-04,2424.4,0.0,56024.4,consistency,consistency
2025-09-21 00:00:00,62,2025-04,2424.4,0.0,56024.4,consistency,consistency
2025-09-22 00:00:00,43,2025-04,2424.4,0.0,56024.4,consistency,consistency
2025-09-22 00:00:00,44,2025-04,2424.4,0.0,56024.4,consistency,consistency
2025-09-22 00:00:00,45,2025-04,2424.4,0.0,56024.4,consistency,consistency
2025-09-22 00:00:00,46,2025-04,2424.4,0.0,56024.4,consistency,consistency
2025-09-22 00:00:00,47,2025-04,2424.4,0.0,56024.4,consistency,consistency
2025-09-22 00:00:00,48,2025-04,2424.4,0.0,56024.4,consistency,consistency
2025-09-22 00:00:00,49,2025-04,2424.4,0.0,56024.4,consistency,consistency
2025-09-22 00:00:00,50,2025-04,2424.4,0.0,56024.4,consistency,consistency
2025-09-22 00:00:00,51,2025-04,2424.4,0.0,56024.4,consistency,consistency
2025-09-22 00:00:00,52,2025-04,2424.4,0.0,56024.4,consistency,consistency
2025-09-22 00:00:00,53,2025-04,2424.4,0.0,56024.4,consistency,consistency
2025-09-22 00:00:00,54,2025-04,2424.4,0.0,56024.4,consistency,consistency
2025-09-22 00:00:00,55,2025-04,2424.4,0.0,56024.4,consistency,consistency
2025-09-22 00:00:00,56,2025-04,2424.4,0.0,56024.4,consistency,consistency
2025-09-22 00:00:00,57,2025-04,2424.4,0.0,56024.4,consistency,consistency
2025-09-22 00:00:00,58,2025-04,2424.4,0.0,56024.4,consistency,consistency
2025-09-22 00:00:00,59,2025-04,2424.4,0.0,56024.4,consistency,consistency
2025-09-22 00:00:00,60,2025-04,2424.4,0.0,56024.4,consistency,consistency
2025-09-22 00:00:00,61,2025-04,2424.4,0.0,56024.4,consistency,consistency
2025-09-22 00:00:00,62,2025-04,2424.4,0.0,56024.4,consistency,consistency
2025-09-23 00:00:00,43,2025-04,2546.65,0.0,56146.65,consistency,consistency
2025-09-23 00:00:00,44,2025-04,2546.65,0.0,56146.65,consistency,consistency
2025-09-23 00:00:00,45,2025-04,2546.65,0.0,56146.65,consistency,consistency
2025-09-23 00:00:00,46,2025-04,2546.65,0.0,56146.65,consistency,consistency
2025-09-23 00:00:00,47,2025-04,2546.65,0.0,56146.65,consistency,consistency
2025-09-23 00:00:00,48,2025-04,2546.65,0.0,56146.65,consistency,consistency
2025-09-23 00:00:00,49,2025-04,2546.65,0.0,56146.65,consistency,consistency
2025-09-23 00:00:00,50,2025-04,2546.65,0.0,56146.65,consistency,consistency
2025-09-23 00:00:00,51,2025-04,2546.65,0.0,56146.65,consistency,consistency
2025-09-23 00:00:00,52,2025-04,2546.65,0.0,56146.65,consistency,consistency
2025-09-23 00:00:00,53,2025-04,2546.65,0.0,56146.65,consistency,consistency
2025-09-23 00:00:00,54,2025-04,2546.65,0.0,56146.65,consistency,consistency
2025-09-23 00:00:00,55,2025-04,2546.65,0.0,56146.65,consistency,consistency
2025-09-23 00:00:00,56,2025-04,2546.65,0.0,56146.65,consistency,consistency
2025-09-23 00:00:00,57,2025-04,2546.65,0.0,56146.65,consistency,consistency
2025-09-23 00:00:00,58,2025-04,2546.65,0.0,56146.65,consistency,consistency
2025-09-23 00:00:00,59,2025-04,2546.65,0.0,56146.65,consistency,consistency
2025-09-23 00:00:00,60,2025-04,2546.65,0.0,56146.65,consistency,consistency
2025-09-23 00:00:00,61,2025-04,2546.65,0.0,56146.65,consistency,consistency
2025-09-23 00:00:00,62,2025-04,2546.65,0.0,56146.65,consistency,consistency
2025-09-24 00:00:00,43,2025-04,2398.35,0.0,55998.35,consistency,consistency
2025-09-24 00:00:00,44,2025-04,2398.35,0.0,55998.35,consistency,consistency
2025-09-24 00:00:00,45,2025-04,2398.35,0.0,55998.35,consistency,consistency
2025-09-24 00:00:00,46,2025-04,2398.35,0.0,55998.35,consistency,consistency
2025-09-24 00:00:00,47,2025-04,2398.35,0.0,55998.35,consistency,consistency
2025-09-24 00:00:00,48,2025-04,2398.35,0.0,55998.35,consistency,consistency
2025-09-24 00:00:00,49,2025-04,2398.35,0.0,55998.35,consistency,consistency
2025-09-24 00:00:00,50,2025-04,2398.35,0.0,55998.35,consistency,consistency
2025-09-24 00:00:00,51,2025-04,2398.35,0.0,55998.35,consistency,consistency
2025-09-24 00:00:00,52,2025-04,2398.35,0.0,55998.35,consistency,consistency
2025-09-24 00:00:00,53,2025-04,2398.35,0.0,55998.35,consistency,consistency
2025-09-24 00:00:00,54,2025-04,2398.35,0.0,55998.35,consistency,consistency
2025-09-24 00:00:00,55,2025-04,2398.35,0.0,55998.35,consistency,consistency
2025-09-24 00:00:00,56,2025-04,2398.35,0.0,55998.35,consistency,consistency
2025-09-24 00:00:00,57,2025-04,2398.35,0.0,55998.35,consistency,consistency
2025-09-24 00:00:00,58,2025-04,2398.35,0.0,55998.35,consistency,consistency
2025-09-24 00:00:00,59,2025-04,2398.35,0.0,55998.35,consistency,consistency
2025-09-24 00:00:00,60,2025-04,2398.35,0.0,55998.35,consistency,consistency
2025-09-24 00:00:00,61,2025-04,2398.35,0.0,55998.35,consistency,consistency
2025-09-24 00:00:00,62,2025-04,2398.35,0.0,55998.35,consistency,consistency
2025-09-25 00:00:00,43,2025-04,2478.6,0.0,56078.6,consistency,consistency
2025-09-25 00:00:00,44,2025-04,2478.6,0.0,56078.6,consistency,consistency
2025-09-25 00:00:00,45,2025-04,2478.6,0.0,56078.6,consistency,consistency
2025-09-25 00:00:00,46,2025-04,2478.6,0.0,56078.6,consistency,consistency
2025-09-25 00:00:00,47,2025-04,2478.6,0.0,56078.6,consistency,consistency
2025-09-25 00:00:00,48,2025-04,2478.6,0.0,56078.6,consistency,consistency
2025-09-25 00:00:00,49,2025-04,2478.6,0.0,56078.6,consistency,consistency
2025-09-25 00:00:00,50,2025-04,2478.6,0.0,56078.6,consistency,consistency
2025-09-25 00:00:00,51,2025-04,2478.6,0.0,56078.6,consistency,consistency
2025-09-25 00:00:00,52,2025-04,2478.6,0.0,56078.6,consistency,consistency
2025-09-25 00:00:00,53,2025-04,2478.6,0.0,56078.6,consistency,consistency
2025-09-25 00:00:00,54,2025-04,2478.6,0.0,56078.6,consistency,consistency
2025-09-25 00:00:00,55,2025-04,2478.6,0.0,56078.6,consistency,consistency
2025-09-25 00:00:00,56,2025-04,2478.6,0.0,56078.6,consistency,consistency
2025-09-25 00:00:00,57,2025-04,2478.6,0.0,56078.6,consistency,consistency
2025-09-25 00:00:00,58,2025-04,2478.6,0.0,56078.6,consistency,consistency
2025-09-25 00:00:00,59,2025-04,2478.6,0.0,56078.6,consistency,consistency
2025-09-25 00:00:00,60,2025-04,2478.6,0.0,56078.6,consistency,consistency
2025-09-25 00:00:00,61,2025-04,2478.6,0.0,56078.6,consistency,consistency
2025-09-25 00:00:00,62,2025-04,2478.6,0.0,56078.6,consistency,consistency
2025-09-26 00:00:00,43,2025-04,2369.2,0.0,55969.2,consistency,consistency
2025-09-26 00:00:00,44,2025-04,2369.2,0.0,55969.2,consistency,consistency
2025-09-26 00:00:00,45,2025-04,2369.2,0.0,55969.2,consistency,consistency
2025-09-26 00:00:00,46,2025-04,2369.2,0.0,55969.2,consistency,consistency
2025-09-26 00:00:00,47,2025-04,2369.2,0.0,55969.2,consistency,consistency
2025-09-26 00:00:00,48,2025-04,2369.2,0.0,55969.2,consistency,consistency
2025-09-26 00:00:00,49,2025-04,2369.2,0.0,55969.2,consistency,consistency
2025-09-26 00:00:00,50,2025-04,2369.2,0.0,55969.2,consistency,consistency
2025-09-26 00:00:00,51,2025-04,2369.2,0.0,55969.2,consistency,consistency
2025-09-26 00:00:00,52,2025-04,2369.2,0.0,55969.2,consistency,consistency
2025-09-26 00:00:00,53,2025-04,2369.2,0.0,55969.2,consistency,consistency
2025-09-26 00:00:00,54,2025-04,2369.2,0.0,55969.2,consistency,consistency
2025-09-26 00:00:00,55,2025-04,2369.2,0.0,55969.2,consistency,consistency
2025-09-26 00:00:00,56,2025-04,2369.2,0.0,55969.2,consistency,consistency
2025-09-26 00:00:00,57,2025-04,2369.2,0.0,55969.2,consistency,consistency
2025-09-26 00:00:00,58,2025-04,2369.2,0.0,55969.2,consistency,consistency
2025-09-26 00:00:00,59,2025-04,2369.2,0.0,55969.2,consistency,consistency
2025-09-26 00:00:00,60,2025-04,2369.2,0.0,55969.2,consistency,consistency
2025-09-26 00:00:00,61,2025-04,2369.2,0.0,55969.2,consistency,consistency
2025-09-26 00:00:00,62,2025-04,2369.2,0.0,55969.2,consistency,consistency
2025-09-27 00:00:00,43,2025-04,2490.9,0.0,56090.9,consistency,consistency
2025-09-27 00:00:00,44,2025-04,2490.9,0.0,56090.9,consistency,consistency
2025-09-27 00:00:00,45,2025-04,2490.9,0.0,56090.9,consistency,consistency
2025-09-27 00:00:00,46,2025-04,2490.9,0.0,56090.9,consistency,consistency
2025-09-27 00:00:00,47,2025-04,2490.9,0.0,56090.9,consistency,consistency
2025-09-27 00:00:00,48,2025-04,2490.9,0.0,56090.9,consistency,consistency
2025-09-27 00:00:00,49,2025-04,2490.9,0.0,56090.9,consistency,consistency
2025-09-27 00:00:00,50,2025-04,2490.9,0.0,56090.9,consistency,consistency
2025-09-27 00:00:00,51,2025-04,2490.9,0.0,56090.9,consistency,consistency
2025-09-27 00:00:00,52,2025-04,2490.9,0.0,56090.9,consistency,consistency
2025-09-27 00:00:00,53,2025-04,2490.9,0.0,56090.9,consistency,consistency
2025-09-27 00:00:00,54,2025-04,2490.9,0.0,56090.9,consistency,consistency
2025-09-27 00:00:00,55,2025-04,2490.9,0.0,56090.9,consistency,consistency
2025-09-27 00:00:00,56,2025-04,2490.9,0.0,56090.9,consistency,consistency
2025-09-27 00:00:00,57,2025-04,2490.9,0.0,56090.9,consistency,consistency
2025-09-27 00:00:00,58,2025-04,2490.9,0.0,56090.9,consistency,consistency
2025-09-27 00:00:00,59,2025-04,2490.9,0.0,56090.9,consistency,consistency
2025-09-27 00:00:00,60,2025-04,2490.9,0.0,56090.9,consistency,consistency
2025-09-27 00:00:00,61,2025-04,2490.9,0.0,56090.9,consistency,consistency
2025-09-27 00:00:00,62,2025-04,2490.9,0.0,56090.9,consistency,consistency
2025-09-28 00:00:00,43,2025-04,2490.9,0.0,56090.9,consistency,consistency
2025-09-28 00:00:00,44,2025-04,2490.9,0.0,56090.9,consistency,consistency
2025-09-28 00:00:00,45,2025-04,2490.9,0.0,56090.9,consistency,consistency
2025-09-28 00:00:00,46,2025-04,2490.9,0.0,56090.9,consistency,consistency
2025-09-28 00:00:00,47,2025-04,2490.9,0.0,56090.9,consistency,consistency
2025-09-28 00:00:00,48,2025-04,2490.9,0.0,56090.9,consistency,consistency
2025-09-28 00:00:00,49,2025-04,2490.9,0.0,56090.9,consistency,consistency
2025-09-28 00:00:00,50,2025-04,2490.9,0.0,56090.9,consistency,consistency
2025-09-28 00:00:00,51,2025-04,2490.9,0.0,56090.9,consistency,consistency
2025-09-28 00:00:00,52,2025-04,2490.9,0.0,56090.9,consistency,consistency
2025-09-28 00:00:00,53,2025-04,2490.9,0.0,56090.9,consistency,consistency
2025-09-28 00:00:00,54,2025-04,2490.9,0.0,56090.9,consistency,consistency
2025-09-28 00:00:00,55,2025-04,2490.9,0.0,56090.9,consistency,consistency
2025-09-28 00:00:00,56,2025-04,2490.9,0.0,56090.9,consistency,consistency
2025-09-28 00:00:00,57,2025-04,2490.9,0.0,56090.9,consistency,consistency
2025-09-28 00:00:00,58,2025-04,2490.9,0.0,56090.9,consistency,consistency
2025-09-28 00:00:00,59,2025-04,2490.9,0.0,56090.9,consistency,consistency
2025-09-28 00:00:00,60,2025-04,2490.9,0.0,56090.9,consistency,consistency
2025-09-28 00:00:00,61,2025-04,2490.9,0.0,56090.9,consistency,consistency
2025-09-28 00:00:00,62,2025-04,2490.9,0.0,56090.9,consistency,consistency
2025-09-29 00:00:00,43,2025-04,2490.9,0.0,56090.9,consistency,consistency
2025-09-29 00:00:00,44,2025-04,2490.9,0.0,56090.9,consistency,consistency
2025-09-29 00:00:00,45,2025-04,2490.9,0.0,56090.9,consistency,consistency
2025-09-29 00:00:00,46,2025-04,2490.9,0.0,56090.9,consistency,consistency
2025-09-29 00:00:00,47,2025-04,2490.9,0.0,56090.9,consistency,consistency
2025-09-29 00:00:00,48,2025-04,2490.9,0.0,56090.9,consistency,consistency
2025-09-29 00:00:00,49,2025-04,2490.9,0.0,56090.9,consistency,consistency
2025-09-29 00:00:00,50,2025-04,2490.9,0.0,56090.9,consistency,consistency
2025-09-29 00:00:00,51,2025-04,2490.9,0.0,56090.9,consistency,consistency
2025-09-29 00:00:00,52,2025-04,2490.9,0.0,56090.9,consistency,consistency
2025-09-29 00:00:00,53,2025-04,2490.9,0.0,56090.9,consistency,consistency
2025-09-29 00:00:00,54,2025-04,2490.9,0.0,56090.9,consistency,consistency
2025-09-29 00:00:00,55,2025-04,2490.9,0.0,56090.9,consistency,consistency
2025-09-29 00:00:00,56,2025-04,2490.9,0.0,56090.9,consistency,consistency
2025-09-29 00:00:00,57,2025-04,2490.9,0.0,56090.9,consistency,consistency
2025-09-29 00:00:00,58,2025-04,2490.9,0.0,56090.9,consistency,consistency
2025-09-29 00:00:00,59,2025-04,2490.9,0.0,56090.9,consistency,consistency
2025-09-29 00:00:00,60,2025-04,2490.9,0.0,56090.9,consistency,consistency
2025-09-29 00:00:00,61,2025-04,2490.9,0.0,56090.9,consistency,consistency
2025-09-29 00:00:00,62,2025-04,2490.9,0.0,56090.9,consistency,consistency
2025-09-30 00:00:00,43,2025-04,2411.4,0.0,56011.4,consistency,consistency
2025-09-30 00:00:00,44,2025-04,2411.4,0.0,56011.4,consistency,consistency
2025-09-30 00:00:00,45,2025-04,2411.4,0.0,56011.4,consistency,consistency
2025-09-30 00:00:00,46,2025-04,2411.4,0.0,56011.4,consistency,consistency
2025-09-30 00:00:00,47,2025-04,2411.4,0.0,56011.4,consistency,consistency
2025-09-30 00:00:00,48,2025-04,2411.4,0.0,56011.4,consistency,consistency
2025-09-30 00:00:00,49,2025-04,2411.4,0.0,56011.4,consistency,consistency
2025-09-30 00:00:00,50,2025-04,2411.4,0.0,56011.4,consistency,consistency
2025-09-30 00:00:00,51,2025-04,2411.4,0.0,56011.4,consistency,consistency
2025-09-30 00:00:00,52,2025-04,2411.4,0.0,56011.4,consistency,consistency
2025-09-30 00:00:00,53,2025-04,2411.4,0.0,56011.4,consistency,consistency
2025-09-30 00:00:00,54,2025-04,2411.4,0.0,56011.4,consistency,consistency
2025-09-30 00:00:00,55,2025-04,2411.4,0.0,56011.4,consistency,consistency
2025-09-30 00:00:00,56,2025-04,2411.4,0.0,56011.4,consistency,consistency
2025-09-30 00:00:00,57,2025-04,2411.4,0.0,56011.4,consistency,consistency
2025-09-30 00:00:00,58,2025-04,2411.4,0.0,56011.4,consistency,consistency
2025-09-30 00:00:00,59,2025-04,2411.4,0.0,56011.4,consistency,consistency
2025-09-30 00:00:00,60,2025-04,2411.4,0.0,56011.4,consistency,consistency
2025-09-30 00:00:00,61,2025-04,2411.4,0.0,56011.4,consistency,consistency
2025-09-30 00:00:00,62,2025-04,2411.4,0.0,56011.4,consistency,consistency
2025-10-01 00:00:00,43,2025-04,2235.85,0.0,55835.85,consistency,consistency
2025-10-01 00:00:00,44,2025-04,2235.85,0.0,55835.85,consistency,consistency
2025-10-01 00:00:00,45,2025-04,2235.85,0.0,55835.85,consistency,consistency
2025-10-01 00:00:00,46,2025-04,2235.85,0.0,55835.85,consistency,consistency
2025-10-01 00:00:00,47,2025-04,2235.85,0.0,55835.85,consistency,consistency
2025-10-01 00:00:00,48,2025-04,2235.85,0.0,55835.85,consistency,consistency
2025-10-01 00:00:00,49,2025-04,2235.85,0.0,55835.85,consistency,consistency
2025-10-01 00:00:00,50,2025-04,2235.85,0.0,55835.85,consistency,consistency
2025-10-01 00:00:00,51,2025-04,2235.85,0.0,55835.85,consistency,consistency
2025-10-01 00:00:00,52,2025-04,2235.85,0.0,55835.85,consistency,consistency
2025-10-01 00:00:00,53,2025-04,2235.85,0.0,55835.85,consistency,consistency
2025-10-01 00:00:00,54,2025-04,2235.85,0.0,55835.85,consistency,consistency
2025-10-01 00:00:00,55,2025-04,2235.85,0.0,55835.85,consistency,consistency
2025-10-01 00:00:00,56,2025-04,2235.85,0.0,55835.85,consistency,consistency
2025-10-01 00:00:00,57,2025-04,2235.85,0.0,55835.85,consistency,consistency
2025-10-01 00:00:00,58,2025-04,2235.85,0.0,55835.85,consistency,consistency
2025-10-01 00:00:00,59,2025-04,2235.85,0.0,55835.85,consistency,consistency
2025-10-01 00:00:00,60,2025-04,2235.85,0.0,55835.85,consistency,consistency
2025-10-01 00:00:00,61,2025-04,2235.85,0.0,55835.85,consistency,consistency
2025-10-01 00:00:00,62,2025-04,2235.85,0.0,55835.85,consistency,consistency
2025-10-02 00:00:00,43,2025-04,2423.95,0.0,56023.95,consistency,consistency
2025-10-02 00:00:00,44,2025-04,2423.95,0.0,56023.95,consistency,consistency
2025-10-02 00:00:00,45,2025-04,2423.95,0.0,56023.95,consistency,consistency
2025-10-02 00:00:00,46,2025-04,2423.95,0.0,56023.95,consistency,consistency
2025-10-02 00:00:00,47,2025-04,2423.95,0.0,56023.95,consistency,consistency
2025-10-02 00:00:00,48,2025-04,2423.95,0.0,56023.95,consistency,consistency
2025-10-02 00:00:00,49,2025-04,2423.95,0.0,56023.95,consistency,consistency
2025-10-02 00:00:00,50,2025-04,2423.95,0.0,56023.95,consistency,consistency
2025-10-02 00:00:00,51,2025-04,2423.95,0.0,56023.95,consistency,consistency
2025-10-02 00:00:00,52,2025-04,2423.95,0.0,56023.95,consistency,consistency
2025-10-02 00:00:00,53,2025-04,2423.95,0.0,56023.95,consistency,consistency
2025-10-02 00:00:00,54,2025-04,2423.95,0.0,56023.95,consistency,consistency
2025-10-02 00:00:00,55,2025-04,2423.95,0.0,56023.95,consistency,consistency
2025-10-02 00:00:00,56,2025-04,2423.95,0.0,56023.95,consistency,consistency
2025-10-02 00:00:00,57,2025-04,2423.95,0.0,56023.95,consistency,consistency
2025-10-02 00:00:00,58,2025-04,2423.95,0.0,56023.95,consistency,consistency
2025-10-02 00:00:00,59,2025-04,2423.95,0.0,56023.95,consistency,consistency
2025-10-02 00:00:00,60,2025-04,2423.95,0.0,56023.95,consistency,consistency
2025-10-02 00:00:00,61,2025-04,2423.95,0.0,56023.95,consistency,consistency
2025-10-02 00:00:00,62,2025-04,2423.95,0.0,56023.95,consistency,consistency
2025-10-03 00:00:00,43,2025-04,2552.75,0.0,56152.75,consistency,consistency
2025-10-03 00:00:00,44,2025-04,2552.75,0.0,56152.75,consistency,consistency
2025-10-03 00:00:00,45,2025-04,2552.75,0.0,56152.75,consistency,consistency
2025-10-03 00:00:00,46,2025-04,2552.75,0.0,56152.75,consistency,consistency
2025-10-03 00:00:00,47,2025-04,2552.75,0.0,56152.75,consistency,consistency
2025-10-03 00:00:00,48,2025-04,2552.75,0.0,56152.75,consistency,consistency
2025-10-03 00:00:00,49,2025-04,2552.75,0.0,56152.75,consistency,consistency
2025-10-03 00:00:00,50,2025-04,2552.75,0.0,56152.75,consistency,consistency
2025-10-03 00:00:00,51,2025-04,2552.75,0.0,56152.75,consistency,consistency
2025-10-03 00:00:00,52,2025-04,2552.75,0.0,56152.75,consistency,consistency
2025-10-03 00:00:00,53,2025-04,2552.75,0.0,56152.75,consistency,consistency
2025-10-03 00:00:00,54,2025-04,2552.75,0.0,56152.75,consistency,consistency
2025-10-03 00:00:00,55,2025-04,2552.75,0.0,56152.75,consistency,consistency
2025-10-03 00:00:00,56,2025-04,2552.75,0.0,56152.75,consistency,consistency
2025-10-03 00:00:00,57,2025-04,2552.75,0.0,56152.75,consistency,consistency
2025-10-03 00:00:00,58,2025-04,2552.75,0.0,56152.75,consistency,consistency
2025-10-03 00:00:00,59,2025-04,2552.75,0.0,56152.75,consistency,consistency
2025-10-03 00:00:00,60,2025-04,2552.75,0.0,56152.75,consistency,consistency
2025-10-03 00:00:00,61,2025-04,2552.75,0.0,56152.75,consistency,consistency
2025-10-03 00:00:00,62,2025-04,2552.75,0.0,56152.75,consistency,consistency
2025-10-04 00:00:00,43,2025-04,2391.5,0.0,55991.5,consistency,consistency
2025-10-04 00:00:00,44,2025-04,2391.5,0.0,55991.5,consistency,consistency
2025-10-04 00:00:00,45,2025-04,2391.5,0.0,55991.5,consistency,consistency
2025-10-04 00:00:00,46,2025-04,2391.5,0.0,55991.5,consistency,consistency
2025-10-04 00:00:00,47,2025-04,2391.5,0.0,55991.5,consistency,consistency
2025-10-04 00:00:00,48,2025-04,2391.5,0.0,55991.5,consistency,consistency
2025-10-04 00:00:00,49,2025-04,2391.5,0.0,55991.5,consistency,consistency
2025-10-04 00:00:00,50,2025-04,2391.5,0.0,55991.5,consistency,consistency
2025-10-04 00:00:00,51,2025-04,2391.5,0.0,55991.5,consistency,consistency
2025-10-04 00:00:00,52,2025-04,2391.5,0.0,55991.5,consistency,consistency
2025-10-04 00:00:00,53,2025-04,2391.5,0.0,55991.5,consistency,consistency
2025-10-04 00:00:00,54,2025-04,2391.5,0.0,55991.5,consistency,consistency
2025-10-04 00:00:00,55,2025-04,2391.5,0.0,55991.5,consistency,consistency
2025-10-04 00:00:00,56,2025-04,2391.5,0.0,55991.5,consistency,consistency
2025-10-04 00:00:00,57,2025-04,2391.5,0.0,55991.5,consistency,consistency
2025-10-04 00:00:00,58,2025-04,2391.5,0.0,55991.5,consistency,consistency
2025-10-04 00:00:00,59,2025-04,2391.5,0.0,55991.5,consistency,consistency
2025-10-04 00:00:00,60,2025-04,2391.5,0.0,55991.5,consistency,consistency
2025-10-04 00:00:00,61,2025-04,2391.5,0.0,55991.5,consistency,consistency
2025-10-04 00:00:00,62,2025-04,2391.5,0.0,55991.5,consistency,consistency
2025-10-05 00:00:00,43,2025-04,2391.5,0.0,55991.5,consistency,consistency
2025-10-05 00:00:00,44,2025-04,2391.5,0.0,55991.5,consistency,consistency
2025-10-05 00:00:00,45,2025-04,2391.5,0.0,55991.5,consistency,consistency
2025-10-05 00:00:00,46,2025-04,2391.5,0.0,55991.5,consistency,consistency
2025-10-05 00:00:00,47,2025-04,2391.5,0.0,55991.5,consistency,consistency
2025-10-05 00:00:00,48,2025-04,2391.5,0.0,55991.5,consistency,consistency
2025-10-05 00:00:00,49,2025-04,2391.5,0.0,55991.5,consistency,consistency
2025-10-05 00:00:00,50,2025-04,2391.5,0.0,55991.5,consistency,consistency
2025-10-05 00:00:00,51,2025-04,2391.5,0.0,55991.5,consistency,consistency
2025-10-05 00:00:00,52,2025-04,2391.5,0.0,55991.5,consistency,consistency
2025-10-05 00:00:00,53,2025-04,2391.5,0.0,55991.5,consistency,consistency
2025-10-05 00:00:00,54,2025-04,2391.5,0.0,55991.5,consistency,consistency
2025-10-05 00:00:00,55,2025-04,2391.5,0.0,55991.5,consistency,consistency
2025-10-05 00:00:00,56,2025-04,2391.5,0.0,55991.5,consistency,consistency
2025-10-05 00:00:00,57,2025-04,2391.5,0.0,55991.5,consistency,consistency
2025-10-05 00:00:00,58,2025-04,2391.5,0.0,55991.5,consistency,consistency
2025-10-05 00:00:00,59,2025-04,2391.5,0.0,55991.5,consistency,consistency
2025-10-05 00:00:00,60,2025-04,2391.5,0.0,55991.5,consistency,consistency
2025-10-05 00:00:00,61,2025-04,2391.5,0.0,55991.5,consistency,consistency
2025-10-05 00:00:00,62,2025-04,2391.5,0.0,55991.5,consistency,consistency
2025-10-06 00:00:00,43,2025-04,2391.5,0.0,55991.5,consistency,consistency
2025-10-06 00:00:00,44,2025-04,2391.5,0.0,55991.5,consistency,consistency
2025-10-06 00:00:00,45,2025-04,2391.5,0.0,55991.5,consistency,consistency
2025-10-06 00:00:00,46,2025-04,2391.5,0.0,55991.5,consistency,consistency
2025-10-06 00:00:00,47,2025-04,2391.5,0.0,55991.5,consistency,consistency
2025-10-06 00:00:00,48,2025-04,2391.5,0.0,55991.5,consistency,consistency
2025-10-06 00:00:00,49,2025-04,2391.5,0.0,55991.5,consistency,consistency
2025-10-06 00:00:00,50,2025-04,2391.5,0.0,55991.5,consistency,consistency
2025-10-06 00:00:00,51,2025-04,2391.5,0.0,55991.5,consistency,consistency
2025-10-06 00:00:00,52,2025-04,2391.5,0.0,55991.5,consistency,consistency
2025-10-06 00:00:00,53,2025-04,2391.5,0.0,55991.5,consistency,consistency
2025-10-06 00:00:00,54,2025-04,2391.5,0.0,55991.5,consistency,consistency
2025-10-06 00:00:00,55,2025-04,2391.5,0.0,55991.5,consistency,consistency
2025-10-06 00:00:00,56,2025-04,2391.5,0.0,55991.5,consistency,consistency
2025-10-06 00:00:00,57,2025-04,2391.5,0.0,55991.5,consistency,consistency
2025-10-06 00:00:00,58,2025-04,2391.5,0.0,55991.5,consistency,consistency
2025-10-06 00:00:00,59,2025-04,2391.5,0.0,55991.5,consistency,consistency
2025-10-06 00:00:00,60,2025-04,2391.5,0.0,55991.5,consistency,consistency
2025-10-06 00:00:00,61,2025-04,2391.5,0.0,55991.5,consistency,consistency
2025-10-06 00:00:00,62,2025-04,2391.5,0.0,55991.5,consistency,consistency
2025-10-07 00:00:00,43,2025-04,2643.2,0.0,56243.2,consistency,consistency
2025-10-07 00:00:00,44,2025-04,2643.2,0.0,56243.2,consistency,consistency
2025-10-07 00:00:00,45,2025-04,2643.2,0.0,56243.2,consistency,consistency
2025-10-07 00:00:00,46,2025-04,2643.2,0.0,56243.2,consistency,consistency
2025-10-07 00:00:00,47,2025-04,2643.2,0.0,56243.2,consistency,consistency
2025-10-07 00:00:00,48,2025-04,2643.2,0.0,56243.2,consistency,consistency
2025-10-07 00:00:00,49,2025-04,2643.2,0.0,56243.2,consistency,consistency
2025-10-07 00:00:00,50,2025-04,2643.2,0.0,56243.2,consistency,consistency
2025-10-07 00:00:00,51,2025-04,2643.2,0.0,56243.2,consistency,consistency
2025-10-07 00:00:00,52,2025-04,2643.2,0.0,56243.2,consistency,consistency
2025-10-07 00:00:00,53,2025-04,2643.2,0.0,56243.2,consistency,consistency
2025-10-07 00:00:00,54,2025-04,2643.2,0.0,56243.2,consistency,consistency
2025-10-07 00:00:00,55,2025-04,2643.2,0.0,56243.2,consistency,consistency
2025-10-07 00:00:00,56,2025-04,2643.2,0.0,56243.2,consistency,consistency
2025-10-07 00:00:00,57,2025-04,2643.2,0.0,56243.2,consistency,consistency
2025-10-07 00:00:00,58,2025-04,2643.2,0.0,56243.2,consistency,consistency
2025-10-07 00:00:00,59,2025-04,2643.2,0.0,56243.2,consistency,consistency
2025-10-07 00:00:00,60,2025-04,2643.2,0.0,56243.2,consistency,consistency
2025-10-07 00:00:00,61,2025-04,2643.2,0.0,56243.2,consistency,consistency
2025-10-07 00:00:00,62,2025-04,2643.2,0.0,56243.2,consistency,consistency
2025-10-08 00:00:00,43,2025-04,2805.85,0.0,56405.85,consistency,consistency
2025-10-08 00:00:00,44,2025-04,2805.85,0.0,56405.85,consistency,consistency
2025-10-08 00:00:00,45,2025-04,2805.85,0.0,56405.85,consistency,consistency
2025-10-08 00:00:00,46,2025-04,2805.85,0.0,56405.85,consistency,consistency
2025-10-08 00:00:00,47,2025-04,2805.85,0.0,56405.85,consistency,consistency
2025-10-08 00:00:00,48,2025-04,2805.85,0.0,56405.85,consistency,consistency
2025-10-08 00:00:00,49,2025-04,2805.85,0.0,56405.85,consistency,consistency
2025-10-08 00:00:00,50,2025-04,2805.85,0.0,56405.85,consistency,consistency
2025-10-08 00:00:00,51,2025-04,2805.85,0.0,56405.85,consistency,consistency
2025-10-08 00:00:00,52,2025-04,2805.85,0.0,56405.85,consistency,consistency
2025-10-08 00:00:00,53,2025-04,2805.85,0.0,56405.85,consistency,consistency
2025-10-08 00:00:00,54,2025-04,2805.85,0.0,56405.85,consistency,consistency
2025-10-08 00:00:00,55,2025-04,2805.85,0.0,56405.85,consistency,consistency
2025-10-08 00:00:00,56,2025-04,2805.85,0.0,56405.85,consistency,consistency
2025-10-08 00:00:00,57,2025-04,2805.85,0.0,56405.85,consistency,consistency
2025-10-08 00:00:00,58,2025-04,2805.85,0.0,56405.85,consistency,consistency
2025-10-08 00:00:00,59,2025-04,2805.85,0.0,56405.85,consistency,consistency
2025-10-08 00:00:00,60,2025-04,2805.85,0.0,56405.85,consistency,consistency
2025-10-08 00:00:00,61,2025-04,2805.85,0.0,56405.85,consistency,consistency
2025-10-08 00:00:00,62,2025-04,2805.85,0.0,56405.85,consistency,consistency
2025-10-09 00:00:00,43,2025-04,3121.85,0.0,56721.85,consistency,consistency
2025-10-09 00:00:00,44,2025-04,3121.85,0.0,56721.85,consistency,consistency
2025-10-09 00:00:00,45,2025-04,3121.85,0.0,56721.85,consistency,consistency
2025-10-09 00:00:00,46,2025-04,3121.85,0.0,56721.85,consistency,consistency
2025-10-09 00:00:00,47,2025-04,3121.85,0.0,56721.85,consistency,consistency
2025-10-09 00:00:00,48,2025-04,3121.85,0.0,56721.85,consistency,consistency
2025-10-09 00:00:00,49,2025-04,3121.85,0.0,56721.85,consistency,consistency
2025-10-09 00:00:00,50,2025-04,3121.85,0.0,56721.85,consistency,consistency
2025-10-09 00:00:00,51,2025-04,3121.85,0.0,56721.85,consistency,consistency
2025-10-09 00:00:00,52,2025-04,3121.85,0.0,56721.85,consistency,consistency
2025-10-09 00:00:00,53,2025-04,3121.85,0.0,56721.85,consistency,consistency
2025-10-09 00:00:00,54,2025-04,3121.85,0.0,56721.85,consistency,consistency
2025-10-09 00:00:00,55,2025-04,3121.85,0.0,56721.85,consistency,consistency
2025-10-09 00:00:00,56,2025-04,3121.85,0.0,56721.85,consistency,consistency
2025-10-09 00:00:00,57,2025-04,3121.85,0.0,56721.85,consistency,consistency
2025-10-09 00:00:00,58,2025-04,3121.85,0.0,56721.85,consistency,consistency
2025-10-09 00:00:00,59,2025-04,3121.85,0.0,56721.85,consistency,consistency
2025-10-09 00:00:00,60,2025-04,3121.85,0.0,56721.85,consistency,consistency
2025-10-09 00:00:00,61,2025-04,3121.85,0.0,56721.85,consistency,consistency
2025-10-09 00:00:00,62,2025-04,3121.85,0.0,56721.85,consistency,consistency
2025-10-10 00:00:00,43,2025-04,2917.45,0.0,56517.45,consistency,consistency
2025-10-10 00:00:00,44,2025-04,2917.45,0.0,56517.45,consistency,consistency
2025-10-10 00:00:00,45,2025-04,2917.45,0.0,56517.45,consistency,consistency
2025-10-10 00:00:00,46,2025-04,2917.45,0.0,56517.45,consistency,consistency
2025-10-10 00:00:00,47,2025-04,2917.45,0.0,56517.45,consistency,consistency
2025-10-10 00:00:00,48,2025-04,2917.45,0.0,56517.45,consistency,consistency
2025-10-10 00:00:00,49,2025-04,2917.45,0.0,56517.45,consistency,consistency
2025-10-10 00:00:00,50,2025-04,2917.45,0.0,56517.45,consistency,consistency
2025-10-10 00:00:00,51,2025-04,2917.45,0.0,56517.45,consistency,consistency
2025-10-10 00:00:00,52,2025-04,2917.45,0.0,56517.45,consistency,consistency
2025-10-10 00:00:00,53,2025-04,2917.45,0.0,56517.45,consistency,consistency
2025-10-10 00:00:00,54,2025-04,2917.45,0.0,56517.45,consistency,consistency
2025-10-10 00:00:00,55,2025-04,2917.45,0.0,56517.45,consistency,consistency
2025-10-10 00:00:00,56,2025-04,2917.45,0.0,56517.45,consistency,consistency
2025-10-10 00:00:00,57,2025-04,2917.45,0.0,56517.45,consistency,consistency
2025-10-10 00:00:00,58,2025-04,2917.45,0.0,56517.45,consistency,consistency
2025-10-10 00:00:00,59,2025-04,2917.45,0.0,56517.45,consistency,consistency
2025-10-10 00:00:00,60,2025-04,2917.45,0.0,56517.45,consistency,consistency
2025-10-10 00:00:00,61,2025-04,2917.45,0.0,56517.45,consistency,consistency
2025-10-10 00:00:00,62,2025-04,2917.45,0.0,56517.45,consistency,consistency
2025-10-11 00:00:00,43,2025-04,2808.75,0.0,56408.75,consistency,consistency
2025-10-11 00:00:00,44,2025-04,2808.75,0.0,56408.75,consistency,consistency
2025-10-11 00:00:00,45,2025-04,2808.75,0.0,56408.75,consistency,consistency
2025-10-11 00:00:00,46,2025-04,2808.75,0.0,56408.75,consistency,consistency
2025-10-11 00:00:00,47,2025-04,2808.75,0.0,56408.75,consistency,consistency
2025-10-11 00:00:00,48,2025-04,2808.75,0.0,56408.75,consistency,consistency
2025-10-11 00:00:00,49,2025-04,2808.75,0.0,56408.75,consistency,consistency
2025-10-11 00:00:00,50,2025-04,2808.75,0.0,56408.75,consistency,consistency
2025-10-11 00:00:00,51,2025-04,2808.75,0.0,56408.75,consistency,consistency
2025-10-11 00:00:00,52,2025-04,2808.75,0.0,56408.75,consistency,consistency
2025-10-11 00:00:00,53,2025-04,2808.75,0.0,56408.75,consistency,consistency
2025-10-11 00:00:00,54,2025-04,2808.75,0.0,56408.75,consistency,consistency
2025-10-11 00:00:00,55,2025-04,2808.75,0.0,56408.75,consistency,consistency
2025-10-11 00:00:00,56,2025-04,2808.75,0.0,56408.75,consistency,consistency
2025-10-11 00:00:00,57,2025-04,2808.75,0.0,56408.75,consistency,consistency
2025-10-11 00:00:00,58,2025-04,2808.75,0.0,56408.75,consistency,consistency
2025-10-11 00:00:00,59,2025-04,2808.75,0.0,56408.75,consistency,consistency
2025-10-11 00:00:00,60,2025-04,2808.75,0.0,56408.75,consistency,consistency
2025-10-11 00:00:00,61,2025-04,2808.75,0.0,56408.75,consistency,consistency
2025-10-11 00:00:00,62,2025-04,2808.75,0.0,56408.75,consistency,consistency
2025-10-12 00:00:00,43,2025-04,2808.75,0.0,56408.75,consistency,consistency
2025-10-12 00:00:00,44,2025-04,2808.75,0.0,56408.75,consistency,consistency
2025-10-12 00:00:00,45,2025-04,2808.75,0.0,56408.75,consistency,consistency
2025-10-12 00:00:00,46,2025-04,2808.75,0.0,56408.75,consistency,consistency
2025-10-12 00:00:00,47,2025-04,2808.75,0.0,56408.75,consistency,consistency
2025-10-12 00:00:00,48,2025-04,2808.75,0.0,56408.75,consistency,consistency
2025-10-12 00:00:00,49,2025-04,2808.75,0.0,56408.75,consistency,consistency
2025-10-12 00:00:00,50,2025-04,2808.75,0.0,56408.75,consistency,consistency
2025-10-12 00:00:00,51,2025-04,2808.75,0.0,56408.75,consistency,consistency
2025-10-12 00:00:00,52,2025-04,2808.75,0.0,56408.75,consistency,consistency
2025-10-12 00:00:00,53,2025-04,2808.75,0.0,56408.75,consistency,consistency
2025-10-12 00:00:00,54,2025-04,2808.75,0.0,56408.75,consistency,consistency
2025-10-12 00:00:00,55,2025-04,2808.75,0.0,56408.75,consistency,consistency
2025-10-12 00:00:00,56,2025-04,2808.75,0.0,56408.75,consistency,consistency
2025-10-12 00:00:00,57,2025-04,2808.75,0.0,56408.75,consistency,consistency
2025-10-12 00:00:00,58,2025-04,2808.75,0.0,56408.75,consistency,consistency
2025-10-12 00:00:00,59,2025-04,2808.75,0.0,56408.75,consistency,consistency
2025-10-12 00:00:00,60,2025-04,2808.75,0.0,56408.75,consistency,consistency
2025-10-12 00:00:00,61,2025-04,2808.75,0.0,56408.75,consistency,consistency
2025-10-12 00:00:00,62,2025-04,2808.75,0.0,56408.75,consistency,consistency
2025-10-13 00:00:00,43,2025-04,2808.75,0.0,56408.75,consistency,consistency
2025-10-13 00:00:00,44,2025-04,2808.75,0.0,56408.75,consistency,consistency
2025-10-13 00:00:00,45,2025-04,2808.75,0.0,56408.75,consistency,consistency
2025-10-13 00:00:00,46,2025-04,2808.75,0.0,56408.75,consistency,consistency
2025-10-13 00:00:00,47,2025-04,2808.75,0.0,56408.75,consistency,consistency
2025-10-13 00:00:00,48,2025-04,2808.75,0.0,56408.75,consistency,consistency
2025-10-13 00:00:00,49,2025-04,2808.75,0.0,56408.75,consistency,consistency
2025-10-13 00:00:00,50,2025-04,2808.75,0.0,56408.75,consistency,consistency
2025-10-13 00:00:00,51,2025-04,2808.75,0.0,56408.75,consistency,consistency
2025-10-13 00:00:00,52,2025-04,2808.75,0.0,56408.75,consistency,consistency
2025-10-13 00:00:00,53,2025-04,2808.75,0.0,56408.75,consistency,consistency
2025-10-13 00:00:00,54,2025-04,2808.75,0.0,56408.75,consistency,consistency
2025-10-13 00:00:00,55,2025-04,2808.75,0.0,56408.75,consistency,consistency
2025-10-13 00:00:00,56,2025-04,2808.75,0.0,56408.75,consistency,consistency
2025-10-13 00:00:00,57,2025-04,2808.75,0.0,56408.75,consistency,consistency
2025-10-13 00:00:00,58,2025-04,2808.75,0.0,56408.75,consistency,consistency
2025-10-13 00:00:00,59,2025-04,2808.75,0.0,56408.75,consistency,consistency
2025-10-13 00:00:00,60,2025-04,2808.75,0.0,56408.75,consistency,consistency
2025-10-13 00:00:00,61,2025-04,2808.75,0.0,56408.75,consistency,consistency
2025-10-13 00:00:00,62,2025-04,2808.75,0.0,56408.75,consistency,consistency
2025-10-14 00:00:00,43,2025-04,3234.95,0.0,56834.95,consistency,consistency
2025-10-14 00:00:00,44,2025-04,3234.95,0.0,56834.95,consistency,consistency
2025-10-14 00:00:00,45,2025-04,3234.95,0.0,56834.95,consistency,consistency
2025-10-14 00:00:00,46,2025-04,3234.95,0.0,56834.95,consistency,consistency
2025-10-14 00:00:00,47,2025-04,3234.95,0.0,56834.95,consistency,consistency
2025-10-14 00:00:00,48,2025-04,3234.95,0.0,56834.95,consistency,consistency
2025-10-14 00:00:00,49,2025-04,3234.95,0.0,56834.95,consistency,consistency
2025-10-14 00:00:00,50,2025-04,3234.95,0.0,56834.95,consistency,consistency
2025-10-14 00:00:00,51,2025-04,3234.95,0.0,56834.95,consistency,consistency
2025-10-14 00:00:00,52,2025-04,3234.95,0.0,56834.95,consistency,consistency
2025-10-14 00:00:00,53,2025-04,3234.95,0.0,56834.95,consistency,consistency
2025-10-14 00:00:00,54,2025-04,3234.95,0.0,56834.95,consistency,consistency
2025-10-14 00:00:00,55,2025-04,3234.95,0.0,56834.95,consistency,consistency
2025-10-14 00:00:00,56,2025-04,3234.95,0.0,56834.95,consistency,consistency
2025-10-14 00:00:00,57,2025-04,3234.95,0.0,56834.95,consistency,consistency
2025-10-14 00:00:00,58,2025-04,3234.95,0.0,56834.95,consistency,consistency
2025-10-14 00:00:00,59,2025-04,3234.95,0.0,56834.95,consistency,consistency
2025-10-14 00:00:00,60,2025-04,3234.95,0.0,56834.95,consistency,consistency
2025-10-14 00:00:00,61,2025-04,3234.95,0.0,56834.95,consistency,consistency
2025-10-14 00:00:00,62,2025-04,3234.95,0.0,56834.95,consistency,consistency
2025-10-15 00:00:00,43,2025-04,3679.0,0.0,57279.0,consistency,consistency
2025-10-15 00:00:00,44,2025-04,3679.0,0.0,57279.0,consistency,consistency
2025-10-15 00:00:00,45,2025-04,3679.0,0.0,57279.0,consistency,consistency
2025-10-15 00:00:00,46,2025-04,3679.0,0.0,57279.0,consistency,consistency
2025-10-15 00:00:00,47,2025-04,3679.0,0.0,57279.0,consistency,consistency
2025-10-15 00:00:00,48,2025-04,3679.0,0.0,57279.0,consistency,consistency
2025-10-15 00:00:00,49,2025-04,3679.0,0.0,57279.0,consistency,consistency
2025-10-15 00:00:00,50,2025-04,3679.0,0.0,57279.0,consistency,consistency
2025-10-15 00:00:00,51,2025-04,3679.0,0.0,57279.0,consistency,consistency
2025-10-15 00:00:00,52,2025-04,3679.0,0.0,57279.0,consistency,consistency
2025-10-15 00:00:00,53,2025-04,3679.0,0.0,57279.0,consistency,consistency
2025-10-15 00:00:00,54,2025-04,3679.0,0.0,57279.0,consistency,consistency
2025-10-15 00:00:00,55,2025-04,3679.0,0.0,57279.0,consistency,consistency
2025-10-15 00:00:00,56,2025-04,3679.0,0.0,57279.0,consistency,consistency
2025-10-15 00:00:00,57,2025-04,3679.0,0.0,57279.0,consistency,consistency
2025-10-15 00:00:00,58,2025-04,3679.0,0.0,57279.0,consistency,consistency
2025-10-15 00:00:00,59,2025-04,3679.0,0.0,57279.0,consistency,consistency
2025-10-15 00:00:00,60,2025-04,3679.0,0.0,57279.0,consistency,consistency
2025-10-15 00:00:00,61,2025-04,3679.0,0.0,57279.0,consistency,consistency
2025-10-15 00:00:00,62,2025-04,3679.0,0.0,57279.0,consistency,consistency
2025-10-16 00:00:00,43,2025-04,4154.0,0.0,57754.0,consistency,consistency
2025-10-16 00:00:00,44,2025-04,4154.0,0.0,57754.0,consistency,consistency
2025-10-16 00:00:00,45,2025-04,4154.0,0.0,57754.0,consistency,consistency
2025-10-16 00:00:00,46,2025-04,4154.0,0.0,57754.0,consistency,consistency
2025-10-16 00:00:00,47,2025-04,4154.0,0.0,57754.0,consistency,consistency
2025-10-16 00:00:00,48,2025-04,4154.0,0.0,57754.0,consistency,consistency
2025-10-16 00:00:00,49,2025-04,4154.0,0.0,57754.0,consistency,consistency
2025-10-16 00:00:00,50,2025-04,4154.0,0.0,57754.0,consistency,consistency
2025-10-16 00:00:00,51,2025-04,4154.0,0.0,57754.0,consistency,consistency
2025-10-16 00:00:00,52,2025-04,4154.0,0.0,57754.0,consistency,consistency
2025-10-16 00:00:00,53,2025-04,4154.0,0.0,57754.0,consistency,consistency
2025-10-16 00:00:00,54,2025-04,4154.0,0.0,57754.0,consistency,consistency
2025-10-16 00:00:00,55,2025-04,4154.0,0.0,57754.0,consistency,consistency
2025-10-16 00:00:00,56,2025-04,4154.0,0.0,57754.0,consistency,consistency
2025-10-16 00:00:00,57,2025-04,4154.0,0.0,57754.0,consistency,consistency
2025-10-16 00:00:00,58,2025-04,4154.0,0.0,57754.0,consistency,consistency
2025-10-16 00:00:00,59,2025-04,4154.0,0.0,57754.0,consistency,consistency
2025-10-16 00:00:00,60,2025-04,4154.0,0.0,57754.0,consistency,consistency
2025-10-16 00:00:00,61,2025-04,4154.0,0.0,57754.0,consistency,consistency
2025-10-16 00:00:00,62,2025-04,4154.0,0.0,57754.0,consistency,consistency
2025-10-17 00:00:00,43,2025-04,4158.15,0.0,57758.15,consistency,consistency
2025-10-17 00:00:00,44,2025-04,4158.15,0.0,57758.15,consistency,consistency
2025-10-17 00:00:00,45,2025-04,4158.15,0.0,57758.15,consistency,consistency
2025-10-17 00:00:00,46,2025-04,4158.15,0.0,57758.15,consistency,consistency
2025-10-17 00:00:00,47,2025-04,4158.15,0.0,57758.15,consistency,consistency
2025-10-17 00:00:00,48,2025-04,4158.15,0.0,57758.15,consistency,consistency
2025-10-17 00:00:00,49,2025-04,4158.15,0.0,57758.15,consistency,consistency
2025-10-17 00:00:00,50,2025-04,4158.15,0.0,57758.15,consistency,consistency
2025-10-17 00:00:00,51,2025-04,4158.15,0.0,57758.15,consistency,consistency
2025-10-17 00:00:00,52,2025-04,4158.15,0.0,57758.15,consistency,consistency
2025-10-17 00:00:00,53,2025-04,4158.15,0.0,57758.15,consistency,consistency
2025-10-17 00:00:00,54,2025-04,4158.15,0.0,57758.15,consistency,consistency
2025-10-17 00:00:00,55,2025-04,4158.15,0.0,57758.15,consistency,consistency
2025-10-17 00:00:00,56,2025-04,4158.15,0.0,57758.15,consistency,consistency
2025-10-17 00:00:00,57,2025-04,4158.15,0.0,57758.15,consistency,consistency
2025-10-17 00:00:00,58,2025-04,4158.15,0.0,57758.15,consistency,consistency
2025-10-17 00:00:00,59,2025-04,4158.15,0.0,57758.15,consistency,consistency
2025-10-17 00:00:00,60,2025-04,4158.15,0.0,57758.15,consistency,consistency
2025-10-17 00:00:00,61,2025-04,4158.15,0.0,57758.15,consistency,consistency
2025-10-17 00:00:00,62,2025-04,4158.15,0.0,57758.15,consistency,consistency
2025-10-19 00:00:00,43,2025-04,2916.15,0.0,56516.15,trading_days,trading_days|profitable_days
2025-10-19 00:00:00,44,2025-04,2916.15,0.0,56516.15,trading_days,trading_days|profitable_days
2025-10-19 00:00:00,45,2025-04,2916.15,0.0,56516.15,trading_days,trading_days|profitable_days
2025-10-19 00:00:00,46,2025-04,2916.15,0.0,56516.15,trading_days,trading_days|profitable_days
2025-10-19 00:00:00,47,2025-04,2916.15,0.0,56516.15,trading_days,trading_days|profitable_days
2025-10-19 00:00:00,48,2025-04,2916.15,0.0,56516.15,trading_days,trading_days|profitable_days
2025-10-19 00:00:00,49,2025-04,2916.15,0.0,56516.15,trading_days,trading_days|profitable_days
2025-10-19 00:00:00,50,2025-04,2916.15,0.0,56516.15,trading_days,trading_days|profitable_days
2025-10-19 00:00:00,51,2025-04,2916.15,0.0,56516.15,trading_days,trading_days|profitable_days
2025-10-19 00:00:00,52,2025-04,2916.15,0.0,56516.15,trading_days,trading_days|profitable_days
2025-10-19 00:00:00,53,2025-04,2916.15,0.0,56516.15,trading_days,trading_days|profitable_days
2025-10-19 00:00:00,54,2025-04,2916.15,0.0,56516.15,trading_days,trading_days|profitable_days
2025-10-19 00:00:00,55,2025-04,2916.15,0.0,56516.15,trading_days,trading_days|profitable_days
2025-10-19 00:00:00,56,2025-04,2916.15,0.0,56516.15,trading_days,trading_days|profitable_days
2025-10-19 00:00:00,57,2025-04,2916.15,0.0,56516.15,trading_days,trading_days|profitable_days
2025-10-19 00:00:00,58,2025-04,2916.15,0.0,56516.15,trading_days,trading_days|profitable_days
2025-10-19 00:00:00,59,2025-04,2916.15,0.0,56516.15,trading_days,trading_days|profitable_days
2025-10-19 00:00:00,60,2025-04,2916.15,0.0,56516.15,trading_days,trading_days|profitable_days
2025-10-19 00:00:00,61,2025-04,2916.15,0.0,56516.15,trading_days,trading_days|profitable_days
2025-10-19 00:00:00,62,2025-04,2916.15,0.0,56516.15,trading_days,trading_days|profitable_days
2025-10-20 00:00:00,43,2025-04,2916.15,0.0,56516.15,trading_days,trading_days|profitable_days
2025-10-20 00:00:00,44,2025-04,2916.15,0.0,56516.15,trading_days,trading_days|profitable_days
2025-10-20 00:00:00,45,2025-04,2916.15,0.0,56516.15,trading_days,trading_days|profitable_days
2025-10-20 00:00:00,46,2025-04,2916.15,0.0,56516.15,trading_days,trading_days|profitable_days
2025-10-20 00:00:00,47,2025-04,2916.15,0.0,56516.15,trading_days,trading_days|profitable_days
2025-10-20 00:00:00,48,2025-04,2916.15,0.0,56516.15,trading_days,trading_days|profitable_days
2025-10-20 00:00:00,49,2025-04,2916.15,0.0,56516.15,trading_days,trading_days|profitable_days
2025-10-20 00:00:00,50,2025-04,2916.15,0.0,56516.15,trading_days,trading_days|profitable_days
2025-10-20 00:00:00,51,2025-04,2916.15,0.0,56516.15,trading_days,trading_days|profitable_days
2025-10-20 00:00:00,52,2025-04,2916.15,0.0,56516.15,trading_days,trading_days|profitable_days
2025-10-20 00:00:00,53,2025-04,2916.15,0.0,56516.15,trading_days,trading_days|profitable_days
2025-10-20 00:00:00,54,2025-04,2916.15,0.0,56516.15,trading_days,trading_days|profitable_days
2025-10-20 00:00:00,55,2025-04,2916.15,0.0,56516.15,trading_days,trading_days|profitable_days
2025-10-20 00:00:00,56,2025-04,2916.15,0.0,56516.15,trading_days,trading_days|profitable_days
2025-10-20 00:00:00,57,2025-04,2916.15,0.0,56516.15,trading_days,trading_days|profitable_days
2025-10-20 00:00:00,58,2025-04,2916.15,0.0,56516.15,trading_days,trading_days|profitable_days
2025-10-20 00:00:00,59,2025-04,2916.15,0.0,56516.15,trading_days,trading_days|profitable_days
2025-10-20 00:00:00,60,2025-04,2916.15,0.0,56516.15,trading_days,trading_days|profitable_days
2025-10-20 00:00:00,61,2025-04,2916.15,0.0,56516.15,trading_days,trading_days|profitable_days
2025-10-20 00:00:00,62,2025-04,2916.15,0.0,56516.15,trading_days,trading_days|profitable_days
2025-10-21 00:00:00,43,2025-04,3118.85,0.0,56718.85,trading_days,trading_days|profitable_days
2025-10-21 00:00:00,44,2025-04,3118.85,0.0,56718.85,trading_days,trading_days|profitable_days
2025-10-21 00:00:00,45,2025-04,3118.85,0.0,56718.85,trading_days,trading_days|profitable_days
2025-10-21 00:00:00,46,2025-04,3118.85,0.0,56718.85,trading_days,trading_days|profitable_days
2025-10-21 00:00:00,47,2025-04,3118.85,0.0,56718.85,trading_days,trading_days|profitable_days
2025-10-21 00:00:00,48,2025-04,3118.85,0.0,56718.85,trading_days,trading_days|profitable_days
2025-10-21 00:00:00,49,2025-04,3118.85,0.0,56718.85,trading_days,trading_days|profitable_days
2025-10-21 00:00:00,50,2025-04,3118.85,0.0,56718.85,trading_days,trading_days|profitable_days
2025-10-21 00:00:00,51,2025-04,3118.85,0.0,56718.85,trading_days,trading_days|profitable_days
2025-10-21 00:00:00,52,2025-04,3118.85,0.0,56718.85,trading_days,trading_days|profitable_days
2025-10-21 00:00:00,53,2025-04,3118.85,0.0,56718.85,trading_days,trading_days|profitable_days
2025-10-21 00:00:00,54,2025-04,3118.85,0.0,56718.85,trading_days,trading_days|profitable_days
2025-10-21 00:00:00,55,2025-04,3118.85,0.0,56718.85,trading_days,trading_days|profitable_days
2025-10-21 00:00:00,56,2025-04,3118.85,0.0,56718.85,trading_days,trading_days|profitable_days
2025-10-21 00:00:00,57,2025-04,3118.85,0.0,56718.85,trading_days,trading_days|profitable_days
2025-10-21 00:00:00,58,2025-04,3118.85,0.0,56718.85,trading_days,trading_days|profitable_days
2025-10-21 00:00:00,59,2025-04,3118.85,0.0,56718.85,trading_days,trading_days|profitable_days
2025-10-21 00:00:00,60,2025-04,3118.85,0.0,56718.85,trading_days,trading_days|profitable_days
2025-10-21 00:00:00,61,2025-04,3118.85,0.0,56718.85,trading_days,trading_days|profitable_days
2025-10-21 00:00:00,62,2025-04,3118.85,0.0,56718.85,trading_days,trading_days|profitable_days
2025-10-22 00:00:00,43,2025-04,2625.0,0.0,56225.0,trading_days,trading_days|profitable_days
2025-10-22 00:00:00,44,2025-04,2625.0,0.0,56225.0,trading_days,trading_days|profitable_days
2025-10-22 00:00:00,45,2025-04,2625.0,0.0,56225.0,trading_days,trading_days|profitable_days
2025-10-22 00:00:00,46,2025-04,2625.0,0.0,56225.0,trading_days,trading_days|profitable_days
2025-10-22 00:00:00,47,2025-04,2625.0,0.0,56225.0,trading_days,trading_days|profitable_days
2025-10-22 00:00:00,48,2025-04,2625.0,0.0,56225.0,trading_days,trading_days|profitable_days
2025-10-22 00:00:00,49,2025-04,2625.0,0.0,56225.0,trading_days,trading_days|profitable_days
2025-10-22 00:00:00,50,2025-04,2625.0,0.0,56225.0,trading_days,trading_days|profitable_days
2025-10-22 00:00:00,51,2025-04,2625.0,0.0,56225.0,trading_days,trading_days|profitable_days
2025-10-22 00:00:00,52,2025-04,2625.0,0.0,56225.0,trading_days,trading_days|profitable_days
2025-10-22 00:00:00,53,2025-04,2625.0,0.0,56225.0,trading_days,trading_days|profitable_days
2025-10-22 00:00:00,54,2025-04,2625.0,0.0,56225.0,trading_days,trading_days|profitable_days
2025-10-22 00:00:00,55,2025-04,2625.0,0.0,56225.0,trading_days,trading_days|profitable_days
2025-10-22 00:00:00,56,2025-04,2625.0,0.0,56225.0,trading_days,trading_days|profitable_days
2025-10-22 00:00:00,57,2025-04,2625.0,0.0,56225.0,trading_days,trading_days|profitable_days
2025-10-22 00:00:00,58,2025-04,2625.0,0.0,56225.0,trading_days,trading_days|profitable_days
2025-10-22 00:00:00,59,2025-04,2625.0,0.0,56225.0,trading_days,trading_days|profitable_days
2025-10-22 00:00:00,60,2025-04,2625.0,0.0,56225.0,trading_days,trading_days|profitable_days
2025-10-22 00:00:00,61,2025-04,2625.0,0.0,56225.0,trading_days,trading_days|profitable_days
2025-10-22 00:00:00,62,2025-04,2625.0,0.0,56225.0,trading_days,trading_days|profitable_days
2025-10-23 00:00:00,43,2025-04,2767.15,0.0,56367.15,trading_days,trading_days|profitable_days
2025-10-23 00:00:00,44,2025-04,2767.15,0.0,56367.15,trading_days,trading_days|profitable_days
2025-10-23 00:00:00,45,2025-04,2767.15,0.0,56367.15,trading_days,trading_days|profitable_days
2025-10-23 00:00:00,46,2025-04,2767.15,0.0,56367.15,trading_days,trading_days|profitable_days
2025-10-23 00:00:00,47,2025-04,2767.15,0.0,56367.15,trading_days,trading_days|profitable_days
2025-10-23 00:00:00,48,2025-04,2767.15,0.0,56367.15,trading_days,trading_days|profitable_days
2025-10-23 00:00:00,49,2025-04,2767.15,0.0,56367.15,trading_days,trading_days|profitable_days
2025-10-23 00:00:00,50,2025-04,2767.15,0.0,56367.15,trading_days,trading_days|profitable_days
2025-10-23 00:00:00,51,2025-04,2767.15,0.0,56367.15,trading_days,trading_days|profitable_days
2025-10-23 00:00:00,52,2025-04,2767.15,0.0,56367.15,trading_days,trading_days|profitable_days
2025-10-23 00:00:00,53,2025-04,2767.15,0.0,56367.15,trading_days,trading_days|profitable_days
2025-10-23 00:00:00,54,2025-04,2767.15,0.0,56367.15,trading_days,trading_days|profitable_days
2025-10-23 00:00:00,55,2025-04,2767.15,0.0,56367.15,trading_days,trading_days|profitable_days
2025-10-23 00:00:00,56,2025-04,2767.15,0.0,56367.15,trading_days,trading_days|profitable_days
2025-10-23 00:00:00,57,2025-04,2767.15,0.0,56367.15,trading_days,trading_days|profitable_days
2025-10-23 00:00:00,58,2025-04,2767.15,0.0,56367.15,trading_days,trading_days|profitable_days
2025-10-23 00:00:00,59,2025-04,2767.15,0.0,56367.15,trading_days,trading_days|profitable_days
2025-10-23 00:00:00,60,2025-04,2767.15,0.0,56367.15,trading_days,trading_days|profitable_days
2025-10-23 00:00:00,61,2025-04,2767.15,0.0,56367.15,trading_days,trading_days|profitable_days
2025-10-23 00:00:00,62,2025-04,2767.15,0.0,56367.15,trading_days,trading_days|profitable_days
2025-10-24 00:00:00,43,2025-04,2767.65,0.0,56367.65,trading_days,trading_days|profitable_days
2025-10-24 00:00:00,44,2025-04,2767.65,0.0,56367.65,trading_days,trading_days|profitable_days
2025-10-24 00:00:00,45,2025-04,2767.65,0.0,56367.65,trading_days,trading_days|profitable_days
2025-10-24 00:00:00,46,2025-04,2767.65,0.0,56367.65,trading_days,trading_days|profitable_days
2025-10-24 00:00:00,47,2025-04,2767.65,0.0,56367.65,trading_days,trading_days|profitable_days
2025-10-24 00:00:00,48,2025-04,2767.65,0.0,56367.65,trading_days,trading_days|profitable_days
2025-10-24 00:00:00,49,2025-04,2767.65,0.0,56367.65,trading_days,trading_days|profitable_days
2025-10-24 00:00:00,50,2025-04,2767.65,0.0,56367.65,trading_days,trading_days|profitable_days
2025-10-24 00:00:00,51,2025-04,2767.65,0.0,56367.65,trading_days,trading_days|profitable_days
2025-10-24 00:00:00,52,2025-04,2767.65,0.0,56367.65,trading_days,trading_days|profitable_days
2025-10-24 00:00:00,53,2025-04,2767.65,0.0,56367.65,trading_days,trading_days|profitable_days
2025-10-24 00:00:00,54,2025-04,2767.65,0.0,56367.65,trading_days,trading_days|profitable_days
2025-10-24 00:00:00,55,2025-04,2767.65,0.0,56367.65,trading_days,trading_days|profitable_days
2025-10-24 00:00:00,56,2025-04,2767.65,0.0,56367.65,trading_days,trading_days|profitable_days
2025-10-24 00:00:00,57,2025-04,2767.65,0.0,56367.65,trading_days,trading_days|profitable_days
2025-10-24 00:00:00,58,2025-04,2767.65,0.0,56367.65,trading_days,trading_days|profitable_days
2025-10-24 00:00:00,59,2025-04,2767.65,0.0,56367.65,trading_days,trading_days|profitable_days
2025-10-24 00:00:00,60,2025-04,2767.65,0.0,56367.65,trading_days,trading_days|profitable_days
2025-10-24 00:00:00,61,2025-04,2767.65,0.0,56367.65,trading_days,trading_days|profitable_days
2025-10-24 00:00:00,62,2025-04,2767.65,0.0,56367.65,trading_days,trading_days|profitable_days
2025-10-25 00:00:00,43,2025-04,2859.05,0.0,56459.05,trading_days,trading_days|profitable_days
2025-10-25 00:00:00,44,2025-04,2859.05,0.0,56459.05,trading_days,trading_days|profitable_days
2025-10-25 00:00:00,45,2025-04,2859.05,0.0,56459.05,trading_days,trading_days|profitable_days
2025-10-25 00:00:00,46,2025-04,2859.05,0.0,56459.05,trading_days,trading_days|profitable_days
2025-10-25 00:00:00,47,2025-04,2859.05,0.0,56459.05,trading_days,trading_days|profitable_days
2025-10-25 00:00:00,48,2025-04,2859.05,0.0,56459.05,trading_days,trading_days|profitable_days
2025-10-25 00:00:00,49,2025-04,2859.05,0.0,56459.05,trading_days,trading_days|profitable_days
2025-10-25 00:00:00,50,2025-04,2859.05,0.0,56459.05,trading_days,trading_days|profitable_days
2025-10-25 00:00:00,51,2025-04,2859.05,0.0,56459.05,trading_days,trading_days|profitable_days
2025-10-25 00:00:00,52,2025-04,2859.05,0.0,56459.05,trading_days,trading_days|profitable_days
2025-10-25 00:00:00,53,2025-04,2859.05,0.0,56459.05,trading_days,trading_days|profitable_days
2025-10-25 00:00:00,54,2025-04,2859.05,0.0,56459.05,trading_days,trading_days|profitable_days
2025-10-25 00:00:00,55,2025-04,2859.05,0.0,56459.05,trading_days,trading_days|profitable_days
2025-10-25 00:00:00,56,2025-04,2859.05,0.0,56459.05,trading_days,trading_days|profitable_days
2025-10-25 00:00:00,57,2025-04,2859.05,0.0,56459.05,trading_days,trading_days|profitable_days
2025-10-25 00:00:00,58,2025-04,2859.05,0.0,56459.05,trading_days,trading_days|profitable_days
2025-10-25 00:00:00,59,2025-04,2859.05,0.0,56459.05,trading_days,trading_days|profitable_days
2025-10-25 00:00:00,60,2025-04,2859.05,0.0,56459.05,trading_days,trading_days|profitable_days
2025-10-25 00:00:00,61,2025-04,2859.05,0.0,56459.05,trading_days,trading_days|profitable_days
2025-10-25 00:00:00,62,2025-04,2859.05,0.0,56459.05,trading_days,trading_days|profitable_days
2025-10-26 00:00:00,43,2025-04,2859.05,0.0,56459.05,trading_days,trading_days|profitable_days
2025-10-26 00:00:00,44,2025-04,2859.05,0.0,56459.05,trading_days,trading_days|profitable_days
2025-10-26 00:00:00,45,2025-04,2859.05,0.0,56459.05,trading_days,trading_days|profitable_days
2025-10-26 00:00:00,46,2025-04,2859.05,0.0,56459.05,trading_days,trading_days|profitable_days
2025-10-26 00:00:00,47,2025-04,2859.05,0.0,56459.05,trading_days,trading_days|profitable_days
2025-10-26 00:00:00,48,2025-04,2859.05,0.0,56459.05,trading_days,trading_days|profitable_days
2025-10-26 00:00:00,49,2025-04,2859.05,0.0,56459.05,trading_days,trading_days|profitable_days
2025-10-26 00:00:00,50,2025-04,2859.05,0.0,56459.05,trading_days,trading_days|profitable_days
2025-10-26 00:00:00,51,2025-04,2859.05,0.0,56459.05,trading_days,trading_days|profitable_days
2025-10-26 00:00:00,52,2025-04,2859.05,0.0,56459.05,trading_days,trading_days|profitable_days
2025-10-26 00:00:00,53,2025-04,2859.05,0.0,56459.05,trading_days,trading_days|profitable_days
2025-10-26 00:00:00,54,2025-04,2859.05,0.0,56459.05,trading_days,trading_days|profitable_days
2025-10-26 00:00:00,55,2025-04,2859.05,0.0,56459.05,trading_days,trading_days|profitable_days
2025-10-26 00:00:00,56,2025-04,2859.05,0.0,56459.05,trading_days,trading_days|profitable_days
2025-10-26 00:00:00,57,2025-04,2859.05,0.0,56459.05,trading_days,trading_days|profitable_days
2025-10-26 00:00:00,58,2025-04,2859.05,0.0,56459.05,trading_days,trading_days|profitable_days
2025-10-26 00:00:00,59,2025-04,2859.05,0.0,56459.05,trading_days,trading_days|profitable_days
2025-10-26 00:00:00,60,2025-04,2859.05,0.0,56459.05,trading_days,trading_days|profitable_days
2025-10-26 00:00:00,61,2025-04,2859.05,0.0,56459.05,trading_days,trading_days|profitable_days
2025-10-26 00:00:00,62,2025-04,2859.05,0.0,56459.05,trading_days,trading_days|profitable_days
2025-10-27 00:00:00,43,2025-04,2859.05,0.0,56459.05,trading_days,trading_days|profitable_days
2025-10-27 00:00:00,44,2025-04,2859.05,0.0,56459.05,trading_days,trading_days|profitable_days
2025-10-27 00:00:00,45,2025-04,2859.05,0.0,56459.05,trading_days,trading_days|profitable_days
2025-10-27 00:00:00,46,2025-04,2859.05,0.0,56459.05,trading_days,trading_days|profitable_days
2025-10-27 00:00:00,47,2025-04,2859.05,0.0,56459.05,trading_days,trading_days|profitable_days
2025-10-27 00:00:00,48,2025-04,2859.05,0.0,56459.05,trading_days,trading_days|profitable_days
2025-10-27 00:00:00,49,2025-04,2859.05,0.0,56459.05,trading_days,trading_days|profitable_days
2025-10-27 00:00:00,50,2025-04,2859.05,0.0,56459.05,trading_days,trading_days|profitable_days
2025-10-27 00:00:00,51,2025-04,2859.05,0.0,56459.05,trading_days,trading_days|profitable_days
2025-10-27 00:00:00,52,2025-04,2859.05,0.0,56459.05,trading_days,trading_days|profitable_days
2025-10-27 00:00:00,53,2025-04,2859.05,0.0,56459.05,trading_days,trading_days|profitable_days
2025-10-27 00:00:00,54,2025-04,2859.05,0.0,56459.05,trading_days,trading_days|profitable_days
2025-10-27 00:00:00,55,2025-04,2859.05,0.0,56459.05,trading_days,trading_days|profitable_days
2025-10-27 00:00:00,56,2025-04,2859.05,0.0,56459.05,trading_days,trading_days|profitable_days
2025-10-27 00:00:00,57,2025-04,2859.05,0.0,56459.05,trading_days,trading_days|profitable_days
2025-10-27 00:00:00,58,2025-04,2859.05,0.0,56459.05,trading_days,trading_days|profitable_days
2025-10-27 00:00:00,59,2025-04,2859.05,0.0,56459.05,trading_days,trading_days|profitable_days
2025-10-27 00:00:00,60,2025-04,2859.05,0.0,56459.05,trading_days,trading_days|profitable_days
2025-10-27 00:00:00,61,2025-04,2859.05,0.0,56459.05,trading_days,trading_days|profitable_days
2025-10-27 00:00:00,62,2025-04,2859.05,0.0,56459.05,trading_days,trading_days|profitable_days
2025-10-28 00:00:00,43,2025-04,3268.4,0.0,56868.4,trading_days,trading_days|profitable_days
2025-10-28 00:00:00,44,2025-04,3268.4,0.0,56868.4,trading_days,trading_days|profitable_days
2025-10-28 00:00:00,45,2025-04,3268.4,0.0,56868.4,trading_days,trading_days|profitable_days
2025-10-28 00:00:00,46,2025-04,3268.4,0.0,56868.4,trading_days,trading_days|profitable_days
2025-10-28 00:00:00,47,2025-04,3268.4,0.0,56868.4,trading_days,trading_days|profitable_days
2025-10-28 00:00:00,48,2025-04,3268.4,0.0,56868.4,trading_days,trading_days|profitable_days
2025-10-28 00:00:00,49,2025-04,3268.4,0.0,56868.4,trading_days,trading_days|profitable_days
2025-10-28 00:00:00,50,2025-04,3268.4,0.0,56868.4,trading_days,trading_days|profitable_days
2025-10-28 00:00:00,51,2025-04,3268.4,0.0,56868.4,trading_days,trading_days|profitable_days
2025-10-28 00:00:00,52,2025-04,3268.4,0.0,56868.4,trading_days,trading_days|profitable_days
2025-10-28 00:00:00,53,2025-04,3268.4,0.0,56868.4,trading_days,trading_days|profitable_days
2025-10-28 00:00:00,54,2025-04,3268.4,0.0,56868.4,trading_days,trading_days|profitable_days
2025-10-28 00:00:00,55,2025-04,3268.4,0.0,56868.4,trading_days,trading_days|profitable_days
2025-10-28 00:00:00,56,2025-04,3268.4,0.0,56868.4,trading_days,trading_days|profitable_days
2025-10-28 00:00:00,57,2025-04,3268.4,0.0,56868.4,trading_days,trading_days|profitable_days
2025-10-28 00:00:00,58,2025-04,3268.4,0.0,56868.4,trading_days,trading_days|profitable_days
2025-10-28 00:00:00,59,2025-04,3268.4,0.0,56868.4,trading_days,trading_days|profitable_days
2025-10-28 00:00:00,60,2025-04,3268.4,0.0,56868.4,trading_days,trading_days|profitable_days
2025-10-28 00:00:00,61,2025-04,3268.4,0.0,56868.4,trading_days,trading_days|profitable_days
2025-10-28 00:00:00,62,2025-04,3268.4,0.0,56868.4,trading_days,trading_days|profitable_days
2025-10-29 00:00:00,43,2025-04,3312.55,0.0,56912.55,trading_days,trading_days|profitable_days
2025-10-29 00:00:00,44,2025-04,3312.55,0.0,56912.55,trading_days,trading_days|profitable_days
2025-10-29 00:00:00,45,2025-04,3312.55,0.0,56912.55,trading_days,trading_days|profitable_days
2025-10-29 00:00:00,46,2025-04,3312.55,0.0,56912.55,trading_days,trading_days|profitable_days
2025-10-29 00:00:00,47,2025-04,3312.55,0.0,56912.55,trading_days,trading_days|profitable_days
2025-10-29 00:00:00,48,2025-04,3312.55,0.0,56912.55,trading_days,trading_days|profitable_days
2025-10-29 00:00:00,49,2025-04,3312.55,0.0,56912.55,trading_days,trading_days|profitable_days
2025-10-29 00:00:00,50,2025-04,3312.55,0.0,56912.55,trading_days,trading_days|profitable_days
2025-10-29 00:00:00,51,2025-04,3312.55,0.0,56912.55,trading_days,trading_days|profitable_days
2025-10-29 00:00:00,52,2025-04,3312.55,0.0,56912.55,trading_days,trading_days|profitable_days
2025-10-29 00:00:00,53,2025-04,3312.55,0.0,56912.55,trading_days,trading_days|profitable_days
2025-10-29 00:00:00,54,2025-04,3312.55,0.0,56912.55,trading_days,trading_days|profitable_days
2025-10-29 00:00:00,55,2025-04,3312.55,0.0,56912.55,trading_days,trading_days|profitable_days
2025-10-29 00:00:00,56,2025-04,3312.55,0.0,56912.55,trading_days,trading_days|profitable_days
2025-10-29 00:00:00,57,2025-04,3312.55,0.0,56912.55,trading_days,trading_days|profitable_days
2025-10-29 00:00:00,58,2025-04,3312.55,0.0,56912.55,trading_days,trading_days|profitable_days
2025-10-29 00:00:00,59,2025-04,3312.55,0.0,56912.55,trading_days,trading_days|profitable_days
2025-10-29 00:00:00,60,2025-04,3312.55,0.0,56912.55,trading_days,trading_days|profitable_days
2025-10-29 00:00:00,61,2025-04,3312.55,0.0,56912.55,trading_days,trading_days|profitable_days
2025-10-29 00:00:00,62,2025-04,3312.55,0.0,56912.55,trading_days,trading_days|profitable_days
2025-10-30 00:00:00,43,2025-04,3329.15,0.0,56929.15,profitable_days,profitable_days
2025-10-30 00:00:00,44,2025-04,3329.15,0.0,56929.15,profitable_days,profitable_days
2025-10-30 00:00:00,45,2025-04,3329.15,0.0,56929.15,profitable_days,profitable_days
2025-10-30 00:00:00,46,2025-04,3329.15,0.0,56929.15,profitable_days,profitable_days
2025-10-30 00:00:00,47,2025-04,3329.15,0.0,56929.15,profitable_days,profitable_days
2025-10-30 00:00:00,48,2025-04,3329.15,0.0,56929.15,profitable_days,profitable_days
2025-10-30 00:00:00,49,2025-04,3329.15,0.0,56929.15,profitable_days,profitable_days
2025-10-30 00:00:00,50,2025-04,3329.15,0.0,56929.15,profitable_days,profitable_days
2025-10-30 00:00:00,51,2025-04,3329.15,0.0,56929.15,profitable_days,profitable_days
2025-10-30 00:00:00,52,2025-04,3329.15,0.0,56929.15,profitable_days,profitable_days
2025-10-30 00:00:00,53,2025-04,3329.15,0.0,56929.15,profitable_days,profitable_days
2025-10-30 00:00:00,54,2025-04,3329.15,0.0,56929.15,profitable_days,profitable_days
2025-10-30 00:00:00,55,2025-04,3329.15,0.0,56929.15,profitable_days,profitable_days
2025-10-30 00:00:00,56,2025-04,3329.15,0.0,56929.15,profitable_days,profitable_days
2025-10-30 00:00:00,57,2025-04,3329.15,0.0,56929.15,profitable_days,profitable_days
2025-10-30 00:00:00,58,2025-04,3329.15,0.0,56929.15,profitable_days,profitable_days
2025-10-30 00:00:00,59,2025-04,3329.15,0.0,56929.15,profitable_days,profitable_days
2025-10-30 00:00:00,60,2025-04,3329.15,0.0,56929.15,profitable_days,profitable_days
2025-10-30 00:00:00,61,2025-04,3329.15,0.0,56929.15,profitable_days,profitable_days
2025-10-30 00:00:00,62,2025-04,3329.15,0.0,56929.15,profitable_days,profitable_days
2025-11-01 00:00:00,43,2025-04,956.5,0.0,54556.5,trading_days,trading_days|profitable_days
2025-11-01 00:00:00,44,2025-04,956.5,0.0,54556.5,trading_days,trading_days|profitable_days
2025-11-01 00:00:00,45,2025-04,956.5,0.0,54556.5,trading_days,trading_days|profitable_days
2025-11-01 00:00:00,46,2025-04,956.5,0.0,54556.5,trading_days,trading_days|profitable_days
2025-11-01 00:00:00,47,2025-04,956.5,0.0,54556.5,trading_days,trading_days|profitable_days
2025-11-01 00:00:00,48,2025-04,956.5,0.0,54556.5,trading_days,trading_days|profitable_days
2025-11-01 00:00:00,49,2025-04,956.5,0.0,54556.5,trading_days,trading_days|profitable_days
2025-11-01 00:00:00,50,2025-04,956.5,0.0,54556.5,trading_days,trading_days|profitable_days
2025-11-01 00:00:00,51,2025-04,956.5,0.0,54556.5,trading_days,trading_days|profitable_days
2025-11-01 00:00:00,52,2025-04,956.5,0.0,54556.5,trading_days,trading_days|profitable_days
2025-11-01 00:00:00,53,2025-04,956.5,0.0,54556.5,trading_days,trading_days|profitable_days
2025-11-01 00:00:00,54,2025-04,956.5,0.0,54556.5,trading_days,trading_days|profitable_days
2025-11-01 00:00:00,55,2025-04,956.5,0.0,54556.5,trading_days,trading_days|profitable_days
2025-11-01 00:00:00,56,2025-04,956.5,0.0,54556.5,trading_days,trading_days|profitable_days
2025-11-01 00:00:00,57,2025-04,956.5,0.0,54556.5,trading_days,trading_days|profitable_days
2025-11-01 00:00:00,58,2025-04,956.5,0.0,54556.5,trading_days,trading_days|profitable_days
2025-11-01 00:00:00,59,2025-04,956.5,0.0,54556.5,trading_days,trading_days|profitable_days
2025-11-01 00:00:00,60,2025-04,956.5,0.0,54556.5,trading_days,trading_days|profitable_days
2025-11-01 00:00:00,61,2025-04,956.5,0.0,54556.5,trading_days,trading_days|profitable_days
2025-11-01 00:00:00,62,2025-04,956.5,0.0,54556.5,trading_days,trading_days|profitable_days
2025-11-02 00:00:00,43,2025-04,956.5,0.0,54556.5,trading_days,trading_days|profitable_days
2025-11-02 00:00:00,44,2025-04,956.5,0.0,54556.5,trading_days,trading_days|profitable_days
2025-11-02 00:00:00,45,2025-04,956.5,0.0,54556.5,trading_days,trading_days|profitable_days
2025-11-02 00:00:00,46,2025-04,956.5,0.0,54556.5,trading_days,trading_days|profitable_days
2025-11-02 00:00:00,47,2025-04,956.5,0.0,54556.5,trading_days,trading_days|profitable_days
2025-11-02 00:00:00,48,2025-04,956.5,0.0,54556.5,trading_days,trading_days|profitable_days
2025-11-02 00:00:00,49,2025-04,956.5,0.0,54556.5,trading_days,trading_days|profitable_days
2025-11-02 00:00:00,50,2025-04,956.5,0.0,54556.5,trading_days,trading_days|profitable_days
2025-11-02 00:00:00,51,2025-04,956.5,0.0,54556.5,trading_days,trading_days|profitable_days
2025-11-02 00:00:00,52,2025-04,956.5,0.0,54556.5,trading_days,trading_days|profitable_days
2025-11-02 00:00:00,53,2025-04,956.5,0.0,54556.5,trading_days,trading_days|profitable_days
2025-11-02 00:00:00,54,2025-04,956.5,0.0,54556.5,trading_days,trading_days|profitable_days
2025-11-02 00:00:00,55,2025-04,956.5,0.0,54556.5,trading_days,trading_days|profitable_days
2025-11-02 00:00:00,56,2025-04,956.5,0.0,54556.5,trading_days,trading_days|profitable_days
2025-11-02 00:00:00,57,2025-04,956.5,0.0,54556.5,trading_days,trading_days|profitable_days
2025-11-02 00:00:00,58,2025-04,956.5,0.0,54556.5,trading_days,trading_days|profitable_days
2025-11-02 00:00:00,59,2025-04,956.5,0.0,54556.5,trading_days,trading_days|profitable_days
2025-11-02 00:00:00,60,2025-04,956.5,0.0,54556.5,trading_days,trading_days|profitable_days
2025-11-02 00:00:00,61,2025-04,956.5,0.0,54556.5,trading_days,trading_days|profitable_days
2025-11-02 00:00:00,62,2025-04,956.5,0.0,54556.5,trading_days,trading_days|profitable_days
2025-11-03 00:00:00,43,2025-04,956.5,0.0,54556.5,trading_days,trading_days|profitable_days
2025-11-03 00:00:00,44,2025-04,956.5,0.0,54556.5,trading_days,trading_days|profitable_days
2025-11-03 00:00:00,45,2025-04,956.5,0.0,54556.5,trading_days,trading_days|profitable_days
2025-11-03 00:00:00,46,2025-04,956.5,0.0,54556.5,trading_days,trading_days|profitable_days
2025-11-03 00:00:00,47,2025-04,956.5,0.0,54556.5,trading_days,trading_days|profitable_days
2025-11-03 00:00:00,48,2025-04,956.5,0.0,54556.5,trading_days,trading_days|profitable_days
2025-11-03 00:00:00,49,2025-04,956.5,0.0,54556.5,trading_days,trading_days|profitable_days
2025-11-03 00:00:00,50,2025-04,956.5,0.0,54556.5,trading_days,trading_days|profitable_days
2025-11-03 00:00:00,51,2025-04,956.5,0.0,54556.5,trading_days,trading_days|profitable_days
2025-11-03 00:00:00,52,2025-04,956.5,0.0,54556.5,trading_days,trading_days|profitable_days
2025-11-03 00:00:00,53,2025-04,956.5,0.0,54556.5,trading_days,trading_days|profitable_days
2025-11-03 00:00:00,54,2025-04,956.5,0.0,54556.5,trading_days,trading_days|profitable_days
2025-11-03 00:00:00,55,2025-04,956.5,0.0,54556.5,trading_days,trading_days|profitable_days
2025-11-03 00:00:00,56,2025-04,956.5,0.0,54556.5,trading_days,trading_days|profitable_days
2025-11-03 00:00:00,57,2025-04,956.5,0.0,54556.5,trading_days,trading_days|profitable_days
2025-11-03 00:00:00,58,2025-04,956.5,0.0,54556.5,trading_days,trading_days|profitable_days
2025-11-03 00:00:00,59,2025-04,956.5,0.0,54556.5,trading_days,trading_days|profitable_days
2025-11-03 00:00:00,60,2025-04,956.5,0.0,54556.5,trading_days,trading_days|profitable_days
2025-11-03 00:00:00,61,2025-04,956.5,0.0,54556.5,trading_days,trading_days|profitable_days
2025-11-03 00:00:00,62,2025-04,956.5,0.0,54556.5,trading_days,trading_days|profitable_days
2025-11-04 00:00:00,43,2025-04,1130.5,0.0,54730.5,trading_days,trading_days|profitable_days
2025-11-04 00:00:00,44,2025-04,1130.5,0.0,54730.5,trading_days,trading_days|profitable_days
2025-11-04 00:00:00,45,2025-04,1130.5,0.0,54730.5,trading_days,trading_days|profitable_days
2025-11-04 00:00:00,46,2025-04,1130.5,0.0,54730.5,trading_days,trading_days|profitable_days
2025-11-04 00:00:00,47,2025-04,1130.5,0.0,54730.5,trading_days,trading_days|profitable_days
2025-11-04 00:00:00,48,2025-04,1130.5,0.0,54730.5,trading_days,trading_days|profitable_days
2025-11-04 00:00:00,49,2025-04,1130.5,0.0,54730.5,trading_days,trading_days|profitable_days
2025-11-04 00:00:00,50,2025-04,1130.5,0.0,54730.5,trading_days,trading_days|profitable_days
2025-11-04 00:00:00,51,2025-04,1130.5,0.0,54730.5,trading_days,trading_days|profitable_days
2025-11-04 00:00:00,52,2025-04,1130.5,0.0,54730.5,trading_days,trading_days|profitable_days
2025-11-04 00:00:00,53,2025-04,1130.5,0.0,54730.5,trading_days,trading_days|profitable_days
2025-11-04 00:00:00,54,2025-04,1130.5,0.0,54730.5,trading_days,trading_days|profitable_days
2025-11-04 00:00:00,55,2025-04,1130.5,0.0,54730.5,trading_days,trading_days|profitable_days
2025-11-04 00:00:00,56,2025-04,1130.5,0.0,54730.5,trading_days,trading_days|profitable_days
2025-11-04 00:00:00,57,2025-04,1130.5,0.0,54730.5,trading_days,trading_days|profitable_days
2025-11-04 00:00:00,58,2025-04,1130.5,0.0,54730.5,trading_days,trading_days|profitable_days
2025-11-04 00:00:00,59,2025-04,1130.5,0.0,54730.5,trading_days,trading_days|profitable_days
2025-11-04 00:00:00,60,2025-04,1130.5,0.0,54730.5,trading_days,trading_days|profitable_days
2025-11-04 00:00:00,61,2025-04,1130.5,0.0,54730.5,trading_days,trading_days|profitable_days
2025-11-04 00:00:00,62,2025-04,1130.5,0.0,54730.5,trading_days,trading_days|profitable_days
2025-11-05 00:00:00,43,2025-04,698.35,0.0,54298.35,trading_days,trading_days|profitable_days
2025-11-05 00:00:00,44,2025-04,698.35,0.0,54298.35,trading_days,trading_days|profitable_days
2025-11-05 00:00:00,45,2025-04,698.35,0.0,54298.35,trading_days,trading_days|profitable_days
2025-11-05 00:00:00,46,2025-04,698.35,0.0,54298.35,trading_days,trading_days|profitable_days
2025-11-05 00:00:00,47,2025-04,698.35,0.0,54298.35,trading_days,trading_days|profitable_days
2025-11-05 00:00:00,48,2025-04,698.35,0.0,54298.35,trading_days,trading_days|profitable_days
2025-11-05 00:00:00,49,2025-04,698.35,0.0,54298.35,trading_days,trading_days|profitable_days
2025-11-05 00:00:00,50,2025-04,698.35,0.0,54298.35,trading_days,trading_days|profitable_days
2025-11-05 00:00:00,51,2025-04,698.35,0.0,54298.35,trading_days,trading_days|profitable_days
2025-11-05 00:00:00,52,2025-04,698.35,0.0,54298.35,trading_days,trading_days|profitable_days
2025-11-05 00:00:00,53,2025-04,698.35,0.0,54298.35,trading_days,trading_days|profitable_days
2025-11-05 00:00:00,54,2025-04,698.35,0.0,54298.35,trading_days,trading_days|profitable_days
2025-11-05 00:00:00,55,2025-04,698.35,0.0,54298.35,trading_days,trading_days|profitable_days
2025-11-05 00:00:00,56,2025-04,698.35,0.0,54298.35,trading_days,trading_days|profitable_days
2025-11-05 00:00:00,57,2025-04,698.35,0.0,54298.35,trading_days,trading_days|profitable_days
2025-11-05 00:00:00,58,2025-04,698.35,0.0,54298.35,trading_days,trading_days|profitable_days
2025-11-05 00:00:00,59,2025-04,698.35,0.0,54298.35,trading_days,trading_days|profitable_days
2025-11-05 00:00:00,60,2025-04,698.35,0.0,54298.35,trading_days,trading_days|profitable_days
2025-11-05 00:00:00,61,2025-04,698.35,0.0,54298.35,trading_days,trading_days|profitable_days
2025-11-05 00:00:00,62,2025-04,698.35,0.0,54298.35,trading_days,trading_days|profitable_days
2025-11-06 00:00:00,43,2025-04,635.0,0.0,54235.0,trading_days,trading_days|profitable_days
2025-11-06 00:00:00,44,2025-04,635.0,0.0,54235.0,trading_days,trading_days|profitable_days
2025-11-06 00:00:00,45,2025-04,635.0,0.0,54235.0,trading_days,trading_days|profitable_days
2025-11-06 00:00:00,46,2025-04,635.0,0.0,54235.0,trading_days,trading_days|profitable_days
2025-11-06 00:00:00,47,2025-04,635.0,0.0,54235.0,trading_days,trading_days|profitable_days
2025-11-06 00:00:00,48,2025-04,635.0,0.0,54235.0,trading_days,trading_days|profitable_days
2025-11-06 00:00:00,49,2025-04,635.0,0.0,54235.0,trading_days,trading_days|profitable_days
2025-11-06 00:00:00,50,2025-04,635.0,0.0,54235.0,trading_days,trading_days|profitable_days
2025-11-06 00:00:00,51,2025-04,635.0,0.0,54235.0,trading_days,trading_days|profitable_days
2025-11-06 00:00:00,52,2025-04,635.0,0.0,54235.0,trading_days,trading_days|profitable_days
2025-11-06 00:00:00,53,2025-04,635.0,0.0,54235.0,trading_days,trading_days|profitable_days
2025-11-06 00:00:00,54,2025-04,635.0,0.0,54235.0,trading_days,trading_days|profitable_days
2025-11-06 00:00:00,55,2025-04,635.0,0.0,54235.0,trading_days,trading_days|profitable_days
2025-11-06 00:00:00,56,2025-04,635.0,0.0,54235.0,trading_days,trading_days|profitable_days
2025-11-06 00:00:00,57,2025-04,635.0,0.0,54235.0,trading_days,trading_days|profitable_days
2025-11-06 00:00:00,58,2025-04,635.0,0.0,54235.0,trading_days,trading_days|profitable_days
2025-11-06 00:00:00,59,2025-04,635.0,0.0,54235.0,trading_days,trading_days|profitable_days
2025-11-06 00:00:00,60,2025-04,635.0,0.0,54235.0,trading_days,trading_days|profitable_days
2025-11-06 00:00:00,61,2025-04,635.0,0.0,54235.0,trading_days,trading_days|profitable_days
2025-11-06 00:00:00,62,2025-04,635.0,0.0,54235.0,trading_days,trading_days|profitable_days
2025-11-07 00:00:00,43,2025-04,580.1,0.0,54180.1,trading_days,trading_days|profitable_days
2025-11-07 00:00:00,44,2025-04,580.1,0.0,54180.1,trading_days,trading_days|profitable_days
2025-11-07 00:00:00,45,2025-04,580.1,0.0,54180.1,trading_days,trading_days|profitable_days
2025-11-07 00:00:00,46,2025-04,580.1,0.0,54180.1,trading_days,trading_days|profitable_days
2025-11-07 00:00:00,47,2025-04,580.1,0.0,54180.1,trading_days,trading_days|profitable_days
2025-11-07 00:00:00,48,2025-04,580.1,0.0,54180.1,trading_days,trading_days|profitable_days
2025-11-07 00:00:00,49,2025-04,580.1,0.0,54180.1,trading_days,trading_days|profitable_days
2025-11-07 00:00:00,50,2025-04,580.1,0.0,54180.1,trading_days,trading_days|profitable_days
2025-11-07 00:00:00,51,2025-04,580.1,0.0,54180.1,trading_days,trading_days|profitable_days
2025-11-07 00:00:00,52,2025-04,580.1,0.0,54180.1,trading_days,trading_days|profitable_days
2025-11-07 00:00:00,53,2025-04,580.1,0.0,54180.1,trading_days,trading_days|profitable_days
2025-11-07 00:00:00,54,2025-04,580.1,0.0,54180.1,trading_days,trading_days|profitable_days
2025-11-07 00:00:00,55,2025-04,580.1,0.0,54180.1,trading_days,trading_days|profitable_days
2025-11-07 00:00:00,56,2025-04,580.1,0.0,54180.1,trading_days,trading_days|profitable_days
2025-11-07 00:00:00,57,2025-04,580.1,0.0,54180.1,trading_days,trading_days|profitable_days
2025-11-07 00:00:00,58,2025-04,580.1,0.0,54180.1,trading_days,trading_days|profitable_days
2025-11-07 00:00:00,59,2025-04,580.1,0.0,54180.1,trading_days,trading_days|profitable_days
2025-11-07 00:00:00,60,2025-04,580.1,0.0,54180.1,trading_days,trading_days|profitable_days
2025-11-07 00:00:00,61,2025-04,580.1,0.0,54180.1,trading_days,trading_days|profitable_days
2025-11-07 00:00:00,62,2025-04,580.1,0.0,54180.1,trading_days,trading_days|profitable_days
2025-11-08 00:00:00,43,2025-04,943.25,0.0,54543.25,trading_days,trading_days|profitable_days
2025-11-08 00:00:00,44,2025-04,943.25,0.0,54543.25,trading_days,trading_days|profitable_days
2025-11-08 00:00:00,45,2025-04,943.25,0.0,54543.25,trading_days,trading_days|profitable_days
2025-11-08 00:00:00,46,2025-04,943.25,0.0,54543.25,trading_days,trading_days|profitable_days
2025-11-08 00:00:00,47,2025-04,943.25,0.0,54543.25,trading_days,trading_days|profitable_days
2025-11-08 00:00:00,48,2025-04,943.25,0.0,54543.25,trading_days,trading_days|profitable_days
2025-11-08 00:00:00,49,2025-04,943.25,0.0,54543.25,trading_days,trading_days|profitable_days
2025-11-08 00:00:00,50,2025-04,943.25,0.0,54543.25,trading_days,trading_days|profitable_days
2025-11-08 00:00:00,51,2025-04,943.25,0.0,54543.25,trading_days,trading_days|profitable_days
2025-11-08 00:00:00,52,2025-04,943.25,0.0,54543.25,trading_days,trading_days|profitable_days
2025-11-08 00:00:00,53,2025-04,943.25,0.0,54543.25,trading_days,trading_days|profitable_days
2025-11-08 00:00:00,54,2025-04,943.25,0.0,54543.25,trading_days,trading_days|profitable_days
2025-11-08 00:00:00,55,2025-04,943.25,0.0,54543.25,trading_days,trading_days|profitable_days
2025-11-08 00:00:00,56,2025-04,943.25,0.0,54543.25,trading_days,trading_days|profitable_days
2025-11-08 00:00:00,57,2025-04,943.25,0.0,54543.25,trading_days,trading_days|profitable_days
2025-11-08 00:00:00,58,2025-04,943.25,0.0,54543.25,trading_days,trading_days|profitable_days
2025-11-08 00:00:00,59,2025-04,943.25,0.0,54543.25,trading_days,trading_days|profitable_days
2025-11-08 00:00:00,60,2025-04,943.25,0.0,54543.25,trading_days,trading_days|profitable_days
2025-11-08 00:00:00,61,2025-04,943.25,0.0,54543.25,trading_days,trading_days|profitable_days
2025-11-08 00:00:00,62,2025-04,943.25,0.0,54543.25,trading_days,trading_days|profitable_days
2025-11-09 00:00:00,43,2025-04,943.25,0.0,54543.25,trading_days,trading_days|profitable_days
2025-11-09 00:00:00,44,2025-04,943.25,0.0,54543.25,trading_days,trading_days|profitable_days
2025-11-09 00:00:00,45,2025-04,943.25,0.0,54543.25,trading_days,trading_days|profitable_days
2025-11-09 00:00:00,46,2025-04,943.25,0.0,54543.25,trading_days,trading_days|profitable_days
2025-11-09 00:00:00,47,2025-04,943.25,0.0,54543.25,trading_days,trading_days|profitable_days
2025-11-09 00:00:00,48,2025-04,943.25,0.0,54543.25,trading_days,trading_days|profitable_days
2025-11-09 00:00:00,49,2025-04,943.25,0.0,54543.25,trading_days,trading_days|profitable_days
2025-11-09 00:00:00,50,2025-04,943.25,0.0,54543.25,trading_days,trading_days|profitable_days
2025-11-09 00:00:00,51,2025-04,943.25,0.0,54543.25,trading_days,trading_days|profitable_days
2025-11-09 00:00:00,52,2025-04,943.25,0.0,54543.25,trading_days,trading_days|profitable_days
2025-11-09 00:00:00,53,2025-04,943.25,0.0,54543.25,trading_days,trading_days|profitable_days
2025-11-09 00:00:00,54,2025-04,943.25,0.0,54543.25,trading_days,trading_days|profitable_days
2025-11-09 00:00:00,55,2025-04,943.25,0.0,54543.25,trading_days,trading_days|profitable_days
2025-11-09 00:00:00,56,2025-04,943.25,0.0,54543.25,trading_days,trading_days|profitable_days
2025-11-09 00:00:00,57,2025-04,943.25,0.0,54543.25,trading_days,trading_days|profitable_days
2025-11-09 00:00:00,58,2025-04,943.25,0.0,54543.25,trading_days,trading_days|profitable_days
2025-11-09 00:00:00,59,2025-04,943.25,0.0,54543.25,trading_days,trading_days|profitable_days
2025-11-09 00:00:00,60,2025-04,943.25,0.0,54543.25,trading_days,trading_days|profitable_days
2025-11-09 00:00:00,61,2025-04,943.25,0.0,54543.25,trading_days,trading_days|profitable_days
2025-11-09 00:00:00,62,2025-04,943.25,0.0,54543.25,trading_days,trading_days|profitable_days
2025-11-10 00:00:00,43,2025-04,943.25,0.0,54543.25,trading_days,trading_days|profitable_days
2025-11-10 00:00:00,44,2025-04,943.25,0.0,54543.25,trading_days,trading_days|profitable_days
2025-11-10 00:00:00,45,2025-04,943.25,0.0,54543.25,trading_days,trading_days|profitable_days
2025-11-10 00:00:00,46,2025-04,943.25,0.0,54543.25,trading_days,trading_days|profitable_days
2025-11-10 00:00:00,47,2025-04,943.25,0.0,54543.25,trading_days,trading_days|profitable_days
2025-11-10 00:00:00,48,2025-04,943.25,0.0,54543.25,trading_days,trading_days|profitable_days
2025-11-10 00:00:00,49,2025-04,943.25,0.0,54543.25,trading_days,trading_days|profitable_days
2025-11-10 00:00:00,50,2025-04,943.25,0.0,54543.25,trading_days,trading_days|profitable_days
2025-11-10 00:00:00,51,2025-04,943.25,0.0,54543.25,trading_days,trading_days|profitable_days
2025-11-10 00:00:00,52,2025-04,943.25,0.0,54543.25,trading_days,trading_days|profitable_days
2025-11-10 00:00:00,53,2025-04,943.25,0.0,54543.25,trading_days,trading_days|profitable_days
2025-11-10 00:00:00,54,2025-04,943.25,0.0,54543.25,trading_days,trading_days|profitable_days
2025-11-10 00:00:00,55,2025-04,943.25,0.0,54543.25,trading_days,trading_days|profitable_days
2025-11-10 00:00:00,56,2025-04,943.25,0.0,54543.25,trading_days,trading_days|profitable_days
2025-11-10 00:00:00,57,2025-04,943.25,0.0,54543.25,trading_days,trading_days|profitable_days
2025-11-10 00:00:00,58,2025-04,943.25,0.0,54543.25,trading_days,trading_days|profitable_days
2025-11-10 00:00:00,59,2025-04,943.25,0.0,54543.25,trading_days,trading_days|profitable_days
2025-11-10 00:00:00,60,2025-04,943.25,0.0,54543.25,trading_days,trading_days|profitable_days
2025-11-10 00:00:00,61,2025-04,943.25,0.0,54543.25,trading_days,trading_days|profitable_days
2025-11-10 00:00:00,62,2025-04,943.25,0.0,54543.25,trading_days,trading_days|profitable_days
2025-11-11 00:00:00,43,2025-04,1746.8,0.0,55346.8,trading_days,trading_days|profitable_days
2025-11-11 00:00:00,44,2025-04,1746.8,0.0,55346.8,trading_days,trading_days|profitable_days
2025-11-11 00:00:00,45,2025-04,1746.8,0.0,55346.8,trading_days,trading_days|profitable_days
2025-11-11 00:00:00,46,2025-04,1746.8,0.0,55346.8,trading_days,trading_days|profitable_days
2025-11-11 00:00:00,47,2025-04,1746.8,0.0,55346.8,trading_days,trading_days|profitable_days
2025-11-11 00:00:00,48,2025-04,1746.8,0.0,55346.8,trading_days,trading_days|profitable_days
2025-11-11 00:00:00,49,2025-04,1746.8,0.0,55346.8,trading_days,trading_days|profitable_days
2025-11-11 00:00:00,50,2025-04,1746.8,0.0,55346.8,trading_days,trading_days|profitable_days
2025-11-11 00:00:00,51,2025-04,1746.8,0.0,55346.8,trading_days,trading_days|profitable_days
2025-11-11 00:00:00,52,2025-04,1746.8,0.0,55346.8,trading_days,trading_days|profitable_days
2025-11-11 00:00:00,53,2025-04,1746.8,0.0,55346.8,trading_days,trading_days|profitable_days
2025-11-11 00:00:00,54,2025-04,1746.8,0.0,55346.8,trading_days,trading_days|profitable_days
2025-11-11 00:00:00,55,2025-04,1746.8,0.0,55346.8,trading_days,trading_days|profitable_days
2025-11-11 00:00:00,56,2025-04,1746.8,0.0,55346.8,trading_days,trading_days|profitable_days
2025-11-11 00:00:00,57,2025-04,1746.8,0.0,55346.8,trading_days,trading_days|profitable_days
2025-11-11 00:00:00,58,2025-04,1746.8,0.0,55346.8,trading_days,trading_days|profitable_days
2025-11-11 00:00:00,59,2025-04,1746.8,0.0,55346.8,trading_days,trading_days|profitable_days
2025-11-11 00:00:00,60,2025-04,1746.8,0.0,55346.8,trading_days,trading_days|profitable_days
2025-11-11 00:00:00,61,2025-04,1746.8,0.0,55346.8,trading_days,trading_days|profitable_days
2025-11-11 00:00:00,62,2025-04,1746.8,0.0,55346.8,trading_days,trading_days|profitable_days
2025-11-12 00:00:00,43,2025-04,1171.7,0.0,54771.7,profitable_days,profitable_days
2025-11-12 00:00:00,44,2025-04,1171.7,0.0,54771.7,profitable_days,profitable_days
2025-11-12 00:00:00,45,2025-04,1171.7,0.0,54771.7,profitable_days,profitable_days
2025-11-12 00:00:00,46,2025-04,1171.7,0.0,54771.7,profitable_days,profitable_days
2025-11-12 00:00:00,47,2025-04,1171.7,0.0,54771.7,profitable_days,profitable_days
2025-11-12 00:00:00,48,2025-04,1171.7,0.0,54771.7,profitable_days,profitable_days
2025-11-12 00:00:00,49,2025-04,1171.7,0.0,54771.7,profitable_days,profitable_days
2025-11-12 00:00:00,50,2025-04,1171.7,0.0,54771.7,profitable_days,profitable_days
2025-11-12 00:00:00,51,2025-04,1171.7,0.0,54771.7,profitable_days,profitable_days
2025-11-12 00:00:00,52,2025-04,1171.7,0.0,54771.7,profitable_days,profitable_days
2025-11-12 00:00:00,53,2025-04,1171.7,0.0,54771.7,profitable_days,profitable_days
2025-11-12 00:00:00,54,2025-04,1171.7,0.0,54771.7,profitable_days,profitable_days
2025-11-12 00:00:00,55,2025-04,1171.7,0.0,54771.7,profitable_days,profitable_days
2025-11-12 00:00:00,56,2025-04,1171.7,0.0,54771.7,profitable_days,profitable_days
2025-11-12 00:00:00,57,2025-04,1171.7,0.0,54771.7,profitable_days,profitable_days
2025-11-12 00:00:00,58,2025-04,1171.7,0.0,54771.7,profitable_days,profitable_days
2025-11-12 00:00:00,59,2025-04,1171.7,0.0,54771.7,profitable_days,profitable_days
2025-11-12 00:00:00,60,2025-04,1171.7,0.0,54771.7,profitable_days,profitable_days
2025-11-12 00:00:00,61,2025-04,1171.7,0.0,54771.7,profitable_days,profitable_days
2025-11-12 00:00:00,62,2025-04,1171.7,0.0,54771.7,profitable_days,profitable_days
2025-11-13 00:00:00,43,2025-04,1177.35,0.0,54777.35,profitable_days,profitable_days
2025-11-13 00:00:00,44,2025-04,1177.35,0.0,54777.35,profitable_days,profitable_days
2025-11-13 00:00:00,45,2025-04,1177.35,0.0,54777.35,profitable_days,profitable_days
2025-11-13 00:00:00,46,2025-04,1177.35,0.0,54777.35,profitable_days,profitable_days
2025-11-13 00:00:00,47,2025-04,1177.35,0.0,54777.35,profitable_days,profitable_days
2025-11-13 00:00:00,48,2025-04,1177.35,0.0,54777.35,profitable_days,profitable_days
2025-11-13 00:00:00,49,2025-04,1177.35,0.0,54777.35,profitable_days,profitable_days
2025-11-13 00:00:00,50,2025-04,1177.35,0.0,54777.35,profitable_days,profitable_days
2025-11-13 00:00:00,51,2025-04,1177.35,0.0,54777.35,profitable_days,profitable_days
2025-11-13 00:00:00,52,2025-04,1177.35,0.0,54777.35,profitable_days,profitable_days
2025-11-13 00:00:00,53,2025-04,1177.35,0.0,54777.35,profitable_days,profitable_days
2025-11-13 00:00:00,54,2025-04,1177.35,0.0,54777.35,profitable_days,profitable_days
2025-11-13 00:00:00,55,2025-04,1177.35,0.0,54777.35,profitable_days,profitable_days
2025-11-13 00:00:00,56,2025-04,1177.35,0.0,54777.35,profitable_days,profitable_days
2025-11-13 00:00:00,57,2025-04,1177.35,0.0,54777.35,profitable_days,profitable_days
2025-11-13 00:00:00,58,2025-04,1177.35,0.0,54777.35,profitable_days,profitable_days
2025-11-13 00:00:00,59,2025-04,1177.35,0.0,54777.35,profitable_days,profitable_days
2025-11-13 00:00:00,60,2025-04,1177.35,0.0,54777.35,profitable_days,profitable_days
2025-11-13 00:00:00,61,2025-04,1177.35,0.0,54777.35,profitable_days,profitable_days
2025-11-13 00:00:00,62,2025-04,1177.35,0.0,54777.35,profitable_days,profitable_days
2025-11-25 00:00:00,43,2025-04,214.25,0.0,53814.25,trading_days,trading_days|profitable_days
2025-11-25 00:00:00,44,2025-04,214.25,0.0,53814.25,trading_days,trading_days|profitable_days
2025-11-25 00:00:00,45,2025-04,214.25,0.0,53814.25,trading_days,trading_days|profitable_days
2025-11-25 00:00:00,46,2025-04,214.25,0.0,53814.25,trading_days,trading_days|profitable_days
2025-11-25 00:00:00,47,2025-04,214.25,0.0,53814.25,trading_days,trading_days|profitable_days
2025-11-25 00:00:00,48,2025-04,214.25,0.0,53814.25,trading_days,trading_days|profitable_days
2025-11-25 00:00:00,49,2025-04,214.25,0.0,53814.25,trading_days,trading_days|profitable_days
2025-11-25 00:00:00,50,2025-04,214.25,0.0,53814.25,trading_days,trading_days|profitable_days
2025-11-25 00:00:00,51,2025-04,214.25,0.0,53814.25,trading_days,trading_days|profitable_days
2025-11-25 00:00:00,52,2025-04,214.25,0.0,53814.25,trading_days,trading_days|profitable_days
2025-11-25 00:00:00,53,2025-04,214.25,0.0,53814.25,trading_days,trading_days|profitable_days
2025-11-25 00:00:00,54,2025-04,214.25,0.0,53814.25,trading_days,trading_days|profitable_days
2025-11-25 00:00:00,55,2025-04,214.25,0.0,53814.25,trading_days,trading_days|profitable_days
2025-11-25 00:00:00,56,2025-04,214.25,0.0,53814.25,trading_days,trading_days|profitable_days
2025-11-25 00:00:00,57,2025-04,214.25,0.0,53814.25,trading_days,trading_days|profitable_days
2025-11-25 00:00:00,58,2025-04,214.25,0.0,53814.25,trading_days,trading_days|profitable_days
2025-11-25 00:00:00,59,2025-04,214.25,0.0,53814.25,trading_days,trading_days|profitable_days
2025-11-25 00:00:00,60,2025-04,214.25,0.0,53814.25,trading_days,trading_days|profitable_days
2025-11-25 00:00:00,61,2025-04,214.25,0.0,53814.25,trading_days,trading_days|profitable_days
2025-11-25 00:00:00,62,2025-04,214.25,0.0,53814.25,trading_days,trading_days|profitable_days
2025-11-26 00:00:00,43,2025-04,183.9,0.0,53783.9,profitable_days,profitable_days
2025-11-26 00:00:00,44,2025-04,183.9,0.0,53783.9,profitable_days,profitable_days
2025-11-26 00:00:00,45,2025-04,183.9,0.0,53783.9,profitable_days,profitable_days
2025-11-26 00:00:00,46,2025-04,183.9,0.0,53783.9,profitable_days,profitable_days
2025-11-26 00:00:00,47,2025-04,183.9,0.0,53783.9,profitable_days,profitable_days
2025-11-26 00:00:00,48,2025-04,183.9,0.0,53783.9,profitable_days,profitable_days
2025-11-26 00:00:00,49,2025-04,183.9,0.0,53783.9,profitable_days,profitable_days
2025-11-26 00:00:00,50,2025-04,183.9,0.0,53783.9,profitable_days,profitable_days
2025-11-26 00:00:00,51,2025-04,183.9,0.0,53783.9,profitable_days,profitable_days
2025-11-26 00:00:00,52,2025-04,183.9,0.0,53783.9,profitable_days,profitable_days
2025-11-26 00:00:00,53,2025-04,183.9,0.0,53783.9,profitable_days,profitable_days
2025-11-26 00:00:00,54,2025-04,183.9,0.0,53783.9,profitable_days,profitable_days
2025-11-26 00:00:00,55,2025-04,183.9,0.0,53783.9,profitable_days,profitable_days
2025-11-26 00:00:00,56,2025-04,183.9,0.0,53783.9,profitable_days,profitable_days
2025-11-26 00:00:00,57,2025-04,183.9,0.0,53783.9,profitable_days,profitable_days
2025-11-26 00:00:00,58,2025-04,183.9,0.0,53783.9,profitable_days,profitable_days
2025-11-26 00:00:00,59,2025-04,183.9,0.0,53783.9,profitable_days,profitable_days
2025-11-26 00:00:00,60,2025-04,183.9,0.0,53783.9,profitable_days,profitable_days
2025-11-26 00:00:00,61,2025-04,183.9,0.0,53783.9,profitable_days,profitable_days
2025-11-26 00:00:00,62,2025-04,183.9,0.0,53783.9,profitable_days,profitable_days
2025-11-27 00:00:00,43,2025-04,123.55,0.0,53723.55,profitable_days,profitable_days
2025-11-27 00:00:00,44,2025-04,123.55,0.0,53723.55,profitable_days,profitable_days
2025-11-27 00:00:00,45,2025-04,123.55,0.0,53723.55,profitable_days,profitable_days
2025-11-27 00:00:00,46,2025-04,123.55,0.0,53723.55,profitable_days,profitable_days
2025-11-27 00:00:00,47,2025-04,123.55,0.0,53723.55,profitable_days,profitable_days
2025-11-27 00:00:00,48,2025-04,123.55,0.0,53723.55,profitable_days,profitable_days
2025-11-27 00:00:00,49,2025-04,123.55,0.0,53723.55,profitable_days,profitable_days
2025-11-27 00:00:00,50,2025-04,123.55,0.0,53723.55,profitable_days,profitable_days
2025-11-27 00:00:00,51,2025-04,123.55,0.0,53723.55,profitable_days,profitable_days
2025-11-27 00:00:00,52,2025-04,123.55,0.0,53723.55,profitable_days,profitable_days
2025-11-27 00:00:00,53,2025-04,123.55,0.0,53723.55,profitable_days,profitable_days
2025-11-27 00:00:00,54,2025-04,123.55,0.0,53723.55,profitable_days,profitable_days
2025-11-27 00:00:00,55,2025-04,123.55,0.0,53723.55,profitable_days,profitable_days
2025-11-27 00:00:00,56,2025-04,123.55,0.0,53723.55,profitable_days,profitable_days
2025-11-27 00:00:00,57,2025-04,123.55,0.0,53723.55,profitable_days,profitable_days
2025-11-27 00:00:00,58,2025-04,123.55,0.0,53723.55,profitable_days,profitable_days
2025-11-27 00:00:00,59,2025-04,123.55,0.0,53723.55,profitable_days,profitable_days
2025-11-27 00:00:00,60,2025-04,123.55,0.0,53723.55,profitable_days,profitable_days
2025-11-27 00:00:00,61,2025-04,123.55,0.0,53723.55,profitable_days,profitable_days
2025-11-27 00:00:00,62,2025-04,123.55,0.0,53723.55,profitable_days,profitable_days
2025-11-29 00:00:00,43,2025-04,178.95,178.95,53778.95,minimum_payout,minimum_payout
2025-11-29 00:00:00,44,2025-04,178.95,178.95,53778.95,minimum_payout,minimum_payout
2025-11-29 00:00:00,45,2025-04,178.95,178.95,53778.95,minimum_payout,minimum_payout
2025-11-29 00:00:00,46,2025-04,178.95,178.95,53778.95,minimum_payout,minimum_payout
2025-11-29 00:00:00,47,2025-04,178.95,178.95,53778.95,minimum_payout,minimum_payout
2025-11-29 00:00:00,48,2025-04,178.95,178.95,53778.95,minimum_payout,minimum_payout
2025-11-29 00:00:00,49,2025-04,178.95,178.95,53778.95,minimum_payout,minimum_payout
2025-11-29 00:00:00,50,2025-04,178.95,178.95,53778.95,minimum_payout,minimum_payout
2025-11-29 00:00:00,51,2025-04,178.95,178.95,53778.95,minimum_payout,minimum_payout
2025-11-29 00:00:00,52,2025-04,178.95,178.95,53778.95,minimum_payout,minimum_payout
2025-11-29 00:00:00,53,2025-04,178.95,178.95,53778.95,minimum_payout,minimum_payout
2025-11-29 00:00:00,54,2025-04,178.95,178.95,53778.95,minimum_payout,minimum_payout
2025-11-29 00:00:00,55,2025-04,178.95,178.95,53778.95,minimum_payout,minimum_payout
2025-11-29 00:00:00,56,2025-04,178.95,178.95,53778.95,minimum_payout,minimum_payout
2025-11-29 00:00:00,57,2025-04,178.95,178.95,53778.95,minimum_payout,minimum_payout
2025-11-29 00:00:00,58,2025-04,178.95,178.95,53778.95,minimum_payout,minimum_payout
2025-11-29 00:00:00,59,2025-04,178.95,178.95,53778.95,minimum_payout,minimum_payout
2025-11-29 00:00:00,60,2025-04,178.95,178.95,53778.95,minimum_payout,minimum_payout
2025-11-29 00:00:00,61,2025-04,178.95,178.95,53778.95,minimum_payout,minimum_payout
2025-11-29 00:00:00,62,2025-04,178.95,178.95,53778.95,minimum_payout,minimum_payout
2025-11-30 00:00:00,43,2025-04,178.95,178.95,53778.95,minimum_payout,minimum_payout
2025-11-30 00:00:00,44,2025-04,178.95,178.95,53778.95,minimum_payout,minimum_payout
2025-11-30 00:00:00,45,2025-04,178.95,178.95,53778.95,minimum_payout,minimum_payout
2025-11-30 00:00:00,46,2025-04,178.95,178.95,53778.95,minimum_payout,minimum_payout
2025-11-30 00:00:00,47,2025-04,178.95,178.95,53778.95,minimum_payout,minimum_payout
2025-11-30 00:00:00,48,2025-04,178.95,178.95,53778.95,minimum_payout,minimum_payout
2025-11-30 00:00:00,49,2025-04,178.95,178.95,53778.95,minimum_payout,minimum_payout
2025-11-30 00:00:00,50,2025-04,178.95,178.95,53778.95,minimum_payout,minimum_payout
2025-11-30 00:00:00,51,2025-04,178.95,178.95,53778.95,minimum_payout,minimum_payout
2025-11-30 00:00:00,52,2025-04,178.95,178.95,53778.95,minimum_payout,minimum_payout
2025-11-30 00:00:00,53,2025-04,178.95,178.95,53778.95,minimum_payout,minimum_payout
2025-11-30 00:00:00,54,2025-04,178.95,178.95,53778.95,minimum_payout,minimum_payout
2025-11-30 00:00:00,55,2025-04,178.95,178.95,53778.95,minimum_payout,minimum_payout
2025-11-30 00:00:00,56,2025-04,178.95,178.95,53778.95,minimum_payout,minimum_payout
2025-11-30 00:00:00,57,2025-04,178.95,178.95,53778.95,minimum_payout,minimum_payout
2025-11-30 00:00:00,58,2025-04,178.95,178.95,53778.95,minimum_payout,minimum_payout
2025-11-30 00:00:00,59,2025-04,178.95,178.95,53778.95,minimum_payout,minimum_payout
2025-11-30 00:00:00,60,2025-04,178.95,178.95,53778.95,minimum_payout,minimum_payout
2025-11-30 00:00:00,61,2025-04,178.95,178.95,53778.95,minimum_payout,minimum_payout
2025-11-30 00:00:00,62,2025-04,178.95,178.95,53778.95,minimum_payout,minimum_payout
2025-12-01 00:00:00,43,2025-04,178.95,178.95,53778.95,minimum_payout,minimum_payout
2025-12-01 00:00:00,44,2025-04,178.95,178.95,53778.95,minimum_payout,minimum_payout
2025-12-01 00:00:00,45,2025-04,178.95,178.95,53778.95,minimum_payout,minimum_payout
2025-12-01 00:00:00,46,2025-04,178.95,178.95,53778.95,minimum_payout,minimum_payout
2025-12-01 00:00:00,47,2025-04,178.95,178.95,53778.95,minimum_payout,minimum_payout
2025-12-01 00:00:00,48,2025-04,178.95,178.95,53778.95,minimum_payout,minimum_payout
2025-12-01 00:00:00,49,2025-04,178.95,178.95,53778.95,minimum_payout,minimum_payout
2025-12-01 00:00:00,50,2025-04,178.95,178.95,53778.95,minimum_payout,minimum_payout
2025-12-01 00:00:00,51,2025-04,178.95,178.95,53778.95,minimum_payout,minimum_payout
2025-12-01 00:00:00,52,2025-04,178.95,178.95,53778.95,minimum_payout,minimum_payout
2025-12-01 00:00:00,53,2025-04,178.95,178.95,53778.95,minimum_payout,minimum_payout
2025-12-01 00:00:00,54,2025-04,178.95,178.95,53778.95,minimum_payout,minimum_payout
2025-12-01 00:00:00,55,2025-04,178.95,178.95,53778.95,minimum_payout,minimum_payout
2025-12-01 00:00:00,56,2025-04,178.95,178.95,53778.95,minimum_payout,minimum_payout
2025-12-01 00:00:00,57,2025-04,178.95,178.95,53778.95,minimum_payout,minimum_payout
2025-12-01 00:00:00,58,2025-04,178.95,178.95,53778.95,minimum_payout,minimum_payout
2025-12-01 00:00:00,59,2025-04,178.95,178.95,53778.95,minimum_payout,minimum_payout
2025-12-01 00:00:00,60,2025-04,178.95,178.95,53778.95,minimum_payout,minimum_payout
2025-12-01 00:00:00,61,2025-04,178.95,178.95,53778.95,minimum_payout,minimum_payout
2025-12-01 00:00:00,62,2025-04,178.95,178.95,53778.95,minimum_payout,minimum_payout
2025-12-12 00:00:00,43,2025-04,95.85,95.85,53695.85,minimum_payout,minimum_payout
2025-12-12 00:00:00,44,2025-04,95.85,95.85,53695.85,minimum_payout,minimum_payout
2025-12-12 00:00:00,45,2025-04,95.85,95.85,53695.85,minimum_payout,minimum_payout
2025-12-12 00:00:00,46,2025-04,95.85,95.85,53695.85,minimum_payout,minimum_payout
2025-12-12 00:00:00,47,2025-04,95.85,95.85,53695.85,minimum_payout,minimum_payout
2025-12-12 00:00:00,48,2025-04,95.85,95.85,53695.85,minimum_payout,minimum_payout
2025-12-12 00:00:00,49,2025-04,95.85,95.85,53695.85,minimum_payout,minimum_payout
2025-12-12 00:00:00,50,2025-04,95.85,95.85,53695.85,minimum_payout,minimum_payout
2025-12-12 00:00:00,51,2025-04,95.85,95.85,53695.85,minimum_payout,minimum_payout
2025-12-12 00:00:00,52,2025-04,95.85,95.85,53695.85,minimum_payout,minimum_payout
2025-12-12 00:00:00,53,2025-04,95.85,95.85,53695.85,minimum_payout,minimum_payout
2025-12-12 00:00:00,54,2025-04,95.85,95.85,53695.85,minimum_payout,minimum_payout
2025-12-12 00:00:00,55,2025-04,95.85,95.85,53695.85,minimum_payout,minimum_payout
2025-12-12 00:00:00,56,2025-04,95.85,95.85,53695.85,minimum_payout,minimum_payout
2025-12-12 00:00:00,57,2025-04,95.85,95.85,53695.85,minimum_payout,minimum_payout
2025-12-12 00:00:00,58,2025-04,95.85,95.85,53695.85,minimum_payout,minimum_payout
2025-12-12 00:00:00,59,2025-04,95.85,95.85,53695.85,minimum_payout,minimum_payout
2025-12-12 00:00:00,60,2025-04,95.85,95.85,53695.85,minimum_payout,minimum_payout
2025-12-12 00:00:00,61,2025-04,95.85,95.85,53695.85,minimum_payout,minimum_payout
2025-12-12 00:00:00,62,2025-04,95.85,95.85,53695.85,minimum_payout,minimum_payout
2026-01-30 00:00:00,43,2025-04,406.65,406.65,54006.65,minimum_payout,minimum_payout
2026-01-30 00:00:00,44,2025-04,406.65,406.65,54006.65,minimum_payout,minimum_payout
2026-01-30 00:00:00,45,2025-04,406.65,406.65,54006.65,minimum_payout,minimum_payout
2026-01-30 00:00:00,46,2025-04,406.65,406.65,54006.65,minimum_payout,minimum_payout
2026-01-30 00:00:00,47,2025-04,406.65,406.65,54006.65,minimum_payout,minimum_payout
2026-01-30 00:00:00,48,2025-04,406.65,406.65,54006.65,minimum_payout,minimum_payout
2026-01-30 00:00:00,49,2025-04,406.65,406.65,54006.65,minimum_payout,minimum_payout
2026-01-30 00:00:00,50,2025-04,406.65,406.65,54006.65,minimum_payout,minimum_payout
2026-01-30 00:00:00,51,2025-04,406.65,406.65,54006.65,minimum_payout,minimum_payout
2026-01-30 00:00:00,52,2025-04,406.65,406.65,54006.65,minimum_payout,minimum_payout
2026-01-30 00:00:00,53,2025-04,406.65,406.65,54006.65,minimum_payout,minimum_payout
2026-01-30 00:00:00,54,2025-04,406.65,406.65,54006.65,minimum_payout,minimum_payout
2026-01-30 00:00:00,55,2025-04,406.65,406.65,54006.65,minimum_payout,minimum_payout
2026-01-30 00:00:00,56,2025-04,406.65,406.65,54006.65,minimum_payout,minimum_payout
2026-01-30 00:00:00,57,2025-04,406.65,406.65,54006.65,minimum_payout,minimum_payout
2026-01-30 00:00:00,58,2025-04,406.65,406.65,54006.65,minimum_payout,minimum_payout
2026-01-30 00:00:00,59,2025-04,406.65,406.65,54006.65,minimum_payout,minimum_payout
2026-01-30 00:00:00,60,2025-04,406.65,406.65,54006.65,minimum_payout,minimum_payout
2026-01-30 00:00:00,61,2025-04,406.65,406.65,54006.65,minimum_payout,minimum_payout
2026-01-30 00:00:00,62,2025-04,406.65,406.65,54006.65,minimum_payout,minimum_payout
2026-05-09 00:00:00,83,2026-03,231.85,0.0,53831.85,consistency,consistency
2026-05-09 00:00:00,84,2026-03,231.85,0.0,53831.85,consistency,consistency
2026-05-09 00:00:00,85,2026-03,231.85,0.0,53831.85,consistency,consistency
2026-05-09 00:00:00,86,2026-03,231.85,0.0,53831.85,consistency,consistency
2026-05-09 00:00:00,87,2026-03,231.85,0.0,53831.85,consistency,consistency
2026-05-09 00:00:00,88,2026-03,231.85,0.0,53831.85,consistency,consistency
2026-05-09 00:00:00,89,2026-03,231.85,0.0,53831.85,consistency,consistency
2026-05-09 00:00:00,90,2026-03,231.85,0.0,53831.85,consistency,consistency
2026-05-09 00:00:00,91,2026-03,231.85,0.0,53831.85,consistency,consistency
2026-05-09 00:00:00,92,2026-03,231.85,0.0,53831.85,consistency,consistency
2026-05-09 00:00:00,93,2026-03,231.85,0.0,53831.85,consistency,consistency
2026-05-09 00:00:00,94,2026-03,231.85,0.0,53831.85,consistency,consistency
2026-05-09 00:00:00,95,2026-03,231.85,0.0,53831.85,consistency,consistency
2026-05-09 00:00:00,96,2026-03,231.85,0.0,53831.85,consistency,consistency
2026-05-09 00:00:00,97,2026-03,231.85,0.0,53831.85,consistency,consistency
2026-05-09 00:00:00,98,2026-03,231.85,0.0,53831.85,consistency,consistency
2026-05-09 00:00:00,99,2026-03,231.85,0.0,53831.85,consistency,consistency
2026-05-09 00:00:00,100,2026-03,231.85,0.0,53831.85,consistency,consistency
2026-05-09 00:00:00,101,2026-03,231.85,0.0,53831.85,consistency,consistency
2026-05-09 00:00:00,102,2026-03,231.85,0.0,53831.85,consistency,consistency
2026-05-10 00:00:00,83,2026-03,231.85,0.0,53831.85,consistency,consistency
2026-05-10 00:00:00,84,2026-03,231.85,0.0,53831.85,consistency,consistency
2026-05-10 00:00:00,85,2026-03,231.85,0.0,53831.85,consistency,consistency
2026-05-10 00:00:00,86,2026-03,231.85,0.0,53831.85,consistency,consistency
2026-05-10 00:00:00,87,2026-03,231.85,0.0,53831.85,consistency,consistency
2026-05-10 00:00:00,88,2026-03,231.85,0.0,53831.85,consistency,consistency
2026-05-10 00:00:00,89,2026-03,231.85,0.0,53831.85,consistency,consistency
2026-05-10 00:00:00,90,2026-03,231.85,0.0,53831.85,consistency,consistency
2026-05-10 00:00:00,91,2026-03,231.85,0.0,53831.85,consistency,consistency
2026-05-10 00:00:00,92,2026-03,231.85,0.0,53831.85,consistency,consistency
2026-05-10 00:00:00,93,2026-03,231.85,0.0,53831.85,consistency,consistency
2026-05-10 00:00:00,94,2026-03,231.85,0.0,53831.85,consistency,consistency
2026-05-10 00:00:00,95,2026-03,231.85,0.0,53831.85,consistency,consistency
2026-05-10 00:00:00,96,2026-03,231.85,0.0,53831.85,consistency,consistency
2026-05-10 00:00:00,97,2026-03,231.85,0.0,53831.85,consistency,consistency
2026-05-10 00:00:00,98,2026-03,231.85,0.0,53831.85,consistency,consistency
2026-05-10 00:00:00,99,2026-03,231.85,0.0,53831.85,consistency,consistency
2026-05-10 00:00:00,100,2026-03,231.85,0.0,53831.85,consistency,consistency
2026-05-10 00:00:00,101,2026-03,231.85,0.0,53831.85,consistency,consistency
2026-05-10 00:00:00,102,2026-03,231.85,0.0,53831.85,consistency,consistency
2026-05-11 00:00:00,83,2026-03,231.85,0.0,53831.85,consistency,consistency
2026-05-11 00:00:00,84,2026-03,231.85,0.0,53831.85,consistency,consistency
2026-05-11 00:00:00,85,2026-03,231.85,0.0,53831.85,consistency,consistency
2026-05-11 00:00:00,86,2026-03,231.85,0.0,53831.85,consistency,consistency
2026-05-11 00:00:00,87,2026-03,231.85,0.0,53831.85,consistency,consistency
2026-05-11 00:00:00,88,2026-03,231.85,0.0,53831.85,consistency,consistency
2026-05-11 00:00:00,89,2026-03,231.85,0.0,53831.85,consistency,consistency
2026-05-11 00:00:00,90,2026-03,231.85,0.0,53831.85,consistency,consistency
2026-05-11 00:00:00,91,2026-03,231.85,0.0,53831.85,consistency,consistency
2026-05-11 00:00:00,92,2026-03,231.85,0.0,53831.85,consistency,consistency
2026-05-11 00:00:00,93,2026-03,231.85,0.0,53831.85,consistency,consistency
2026-05-11 00:00:00,94,2026-03,231.85,0.0,53831.85,consistency,consistency
2026-05-11 00:00:00,95,2026-03,231.85,0.0,53831.85,consistency,consistency
2026-05-11 00:00:00,96,2026-03,231.85,0.0,53831.85,consistency,consistency
2026-05-11 00:00:00,97,2026-03,231.85,0.0,53831.85,consistency,consistency
2026-05-11 00:00:00,98,2026-03,231.85,0.0,53831.85,consistency,consistency
2026-05-11 00:00:00,99,2026-03,231.85,0.0,53831.85,consistency,consistency
2026-05-11 00:00:00,100,2026-03,231.85,0.0,53831.85,consistency,consistency
2026-05-11 00:00:00,101,2026-03,231.85,0.0,53831.85,consistency,consistency
2026-05-11 00:00:00,102,2026-03,231.85,0.0,53831.85,consistency,consistency
2026-05-12 00:00:00,83,2026-03,83.15,0.0,53683.15,consistency,consistency
2026-05-12 00:00:00,84,2026-03,83.15,0.0,53683.15,consistency,consistency
2026-05-12 00:00:00,85,2026-03,83.15,0.0,53683.15,consistency,consistency
2026-05-12 00:00:00,86,2026-03,83.15,0.0,53683.15,consistency,consistency
2026-05-12 00:00:00,87,2026-03,83.15,0.0,53683.15,consistency,consistency
2026-05-12 00:00:00,88,2026-03,83.15,0.0,53683.15,consistency,consistency
2026-05-12 00:00:00,89,2026-03,83.15,0.0,53683.15,consistency,consistency
2026-05-12 00:00:00,90,2026-03,83.15,0.0,53683.15,consistency,consistency
2026-05-12 00:00:00,91,2026-03,83.15,0.0,53683.15,consistency,consistency
2026-05-12 00:00:00,92,2026-03,83.15,0.0,53683.15,consistency,consistency
2026-05-12 00:00:00,93,2026-03,83.15,0.0,53683.15,consistency,consistency
2026-05-12 00:00:00,94,2026-03,83.15,0.0,53683.15,consistency,consistency
2026-05-12 00:00:00,95,2026-03,83.15,0.0,53683.15,consistency,consistency
2026-05-12 00:00:00,96,2026-03,83.15,0.0,53683.15,consistency,consistency
2026-05-12 00:00:00,97,2026-03,83.15,0.0,53683.15,consistency,consistency
2026-05-12 00:00:00,98,2026-03,83.15,0.0,53683.15,consistency,consistency
2026-05-12 00:00:00,99,2026-03,83.15,0.0,53683.15,consistency,consistency
2026-05-12 00:00:00,100,2026-03,83.15,0.0,53683.15,consistency,consistency
2026-05-12 00:00:00,101,2026-03,83.15,0.0,53683.15,consistency,consistency
2026-05-12 00:00:00,102,2026-03,83.15,0.0,53683.15,consistency,consistency
2026-05-13 00:00:00,83,2026-03,191.35,0.0,53791.35,consistency,consistency
2026-05-13 00:00:00,84,2026-03,191.35,0.0,53791.35,consistency,consistency
2026-05-13 00:00:00,85,2026-03,191.35,0.0,53791.35,consistency,consistency
2026-05-13 00:00:00,86,2026-03,191.35,0.0,53791.35,consistency,consistency
2026-05-13 00:00:00,87,2026-03,191.35,0.0,53791.35,consistency,consistency
2026-05-13 00:00:00,88,2026-03,191.35,0.0,53791.35,consistency,consistency
2026-05-13 00:00:00,89,2026-03,191.35,0.0,53791.35,consistency,consistency
2026-05-13 00:00:00,90,2026-03,191.35,0.0,53791.35,consistency,consistency
2026-05-13 00:00:00,91,2026-03,191.35,0.0,53791.35,consistency,consistency
2026-05-13 00:00:00,92,2026-03,191.35,0.0,53791.35,consistency,consistency
2026-05-13 00:00:00,93,2026-03,191.35,0.0,53791.35,consistency,consistency
2026-05-13 00:00:00,94,2026-03,191.35,0.0,53791.35,consistency,consistency
2026-05-13 00:00:00,95,2026-03,191.35,0.0,53791.35,consistency,consistency
2026-05-13 00:00:00,96,2026-03,191.35,0.0,53791.35,consistency,consistency
2026-05-13 00:00:00,97,2026-03,191.35,0.0,53791.35,consistency,consistency
2026-05-13 00:00:00,98,2026-03,191.35,0.0,53791.35,consistency,consistency
2026-05-13 00:00:00,99,2026-03,191.35,0.0,53791.35,consistency,consistency
2026-05-13 00:00:00,100,2026-03,191.35,0.0,53791.35,consistency,consistency
2026-05-13 00:00:00,101,2026-03,191.35,0.0,53791.35,consistency,consistency
2026-05-13 00:00:00,102,2026-03,191.35,0.0,53791.35,consistency,consistency
2026-05-14 00:00:00,83,2026-03,1529.9,0.0,55129.9,consistency,consistency
2026-05-14 00:00:00,84,2026-03,1529.9,0.0,55129.9,consistency,consistency
2026-05-14 00:00:00,85,2026-03,1529.9,0.0,55129.9,consistency,consistency
2026-05-14 00:00:00,86,2026-03,1529.9,0.0,55129.9,consistency,consistency
2026-05-14 00:00:00,87,2026-03,1529.9,0.0,55129.9,consistency,consistency
2026-05-14 00:00:00,88,2026-03,1529.9,0.0,55129.9,consistency,consistency
2026-05-14 00:00:00,89,2026-03,1529.9,0.0,55129.9,consistency,consistency
2026-05-14 00:00:00,90,2026-03,1529.9,0.0,55129.9,consistency,consistency
2026-05-14 00:00:00,91,2026-03,1529.9,0.0,55129.9,consistency,consistency
2026-05-14 00:00:00,92,2026-03,1529.9,0.0,55129.9,consistency,consistency
2026-05-14 00:00:00,93,2026-03,1529.9,0.0,55129.9,consistency,consistency
2026-05-14 00:00:00,94,2026-03,1529.9,0.0,55129.9,consistency,consistency
2026-05-14 00:00:00,95,2026-03,1529.9,0.0,55129.9,consistency,consistency
2026-05-14 00:00:00,96,2026-03,1529.9,0.0,55129.9,consistency,consistency
2026-05-14 00:00:00,97,2026-03,1529.9,0.0,55129.9,consistency,consistency
2026-05-14 00:00:00,98,2026-03,1529.9,0.0,55129.9,consistency,consistency
2026-05-14 00:00:00,99,2026-03,1529.9,0.0,55129.9,consistency,consistency
2026-05-14 00:00:00,100,2026-03,1529.9,0.0,55129.9,consistency,consistency
2026-05-14 00:00:00,101,2026-03,1529.9,0.0,55129.9,consistency,consistency
2026-05-14 00:00:00,102,2026-03,1529.9,0.0,55129.9,consistency,consistency
2026-05-15 00:00:00,83,2026-03,963.95,0.0,54563.95,consistency,consistency
2026-05-15 00:00:00,84,2026-03,963.95,0.0,54563.95,consistency,consistency
2026-05-15 00:00:00,85,2026-03,963.95,0.0,54563.95,consistency,consistency
2026-05-15 00:00:00,86,2026-03,963.95,0.0,54563.95,consistency,consistency
2026-05-15 00:00:00,87,2026-03,963.95,0.0,54563.95,consistency,consistency
2026-05-15 00:00:00,88,2026-03,963.95,0.0,54563.95,consistency,consistency
2026-05-15 00:00:00,89,2026-03,963.95,0.0,54563.95,consistency,consistency
2026-05-15 00:00:00,90,2026-03,963.95,0.0,54563.95,consistency,consistency
2026-05-15 00:00:00,91,2026-03,963.95,0.0,54563.95,consistency,consistency
2026-05-15 00:00:00,92,2026-03,963.95,0.0,54563.95,consistency,consistency
2026-05-15 00:00:00,93,2026-03,963.95,0.0,54563.95,consistency,consistency
2026-05-15 00:00:00,94,2026-03,963.95,0.0,54563.95,consistency,consistency
2026-05-15 00:00:00,95,2026-03,963.95,0.0,54563.95,consistency,consistency
2026-05-15 00:00:00,96,2026-03,963.95,0.0,54563.95,consistency,consistency
2026-05-15 00:00:00,97,2026-03,963.95,0.0,54563.95,consistency,consistency
2026-05-15 00:00:00,98,2026-03,963.95,0.0,54563.95,consistency,consistency
2026-05-15 00:00:00,99,2026-03,963.95,0.0,54563.95,consistency,consistency
2026-05-15 00:00:00,100,2026-03,963.95,0.0,54563.95,consistency,consistency
2026-05-15 00:00:00,101,2026-03,963.95,0.0,54563.95,consistency,consistency
2026-05-15 00:00:00,102,2026-03,963.95,0.0,54563.95,consistency,consistency
2026-05-16 00:00:00,83,2026-03,667.7,0.0,54267.7,consistency,consistency
2026-05-16 00:00:00,84,2026-03,667.7,0.0,54267.7,consistency,consistency
2026-05-16 00:00:00,85,2026-03,667.7,0.0,54267.7,consistency,consistency
2026-05-16 00:00:00,86,2026-03,667.7,0.0,54267.7,consistency,consistency
2026-05-16 00:00:00,87,2026-03,667.7,0.0,54267.7,consistency,consistency
2026-05-16 00:00:00,88,2026-03,667.7,0.0,54267.7,consistency,consistency
2026-05-16 00:00:00,89,2026-03,667.7,0.0,54267.7,consistency,consistency
2026-05-16 00:00:00,90,2026-03,667.7,0.0,54267.7,consistency,consistency
2026-05-16 00:00:00,91,2026-03,667.7,0.0,54267.7,consistency,consistency
2026-05-16 00:00:00,92,2026-03,667.7,0.0,54267.7,consistency,consistency
2026-05-16 00:00:00,93,2026-03,667.7,0.0,54267.7,consistency,consistency
2026-05-16 00:00:00,94,2026-03,667.7,0.0,54267.7,consistency,consistency
2026-05-16 00:00:00,95,2026-03,667.7,0.0,54267.7,consistency,consistency
2026-05-16 00:00:00,96,2026-03,667.7,0.0,54267.7,consistency,consistency
2026-05-16 00:00:00,97,2026-03,667.7,0.0,54267.7,consistency,consistency
2026-05-16 00:00:00,98,2026-03,667.7,0.0,54267.7,consistency,consistency
2026-05-16 00:00:00,99,2026-03,667.7,0.0,54267.7,consistency,consistency
2026-05-16 00:00:00,100,2026-03,667.7,0.0,54267.7,consistency,consistency
2026-05-16 00:00:00,101,2026-03,667.7,0.0,54267.7,consistency,consistency
2026-05-16 00:00:00,102,2026-03,667.7,0.0,54267.7,consistency,consistency
2026-05-17 00:00:00,83,2026-03,667.7,0.0,54267.7,consistency,consistency
2026-05-17 00:00:00,84,2026-03,667.7,0.0,54267.7,consistency,consistency
2026-05-17 00:00:00,85,2026-03,667.7,0.0,54267.7,consistency,consistency
2026-05-17 00:00:00,86,2026-03,667.7,0.0,54267.7,consistency,consistency
2026-05-17 00:00:00,87,2026-03,667.7,0.0,54267.7,consistency,consistency
2026-05-17 00:00:00,88,2026-03,667.7,0.0,54267.7,consistency,consistency
2026-05-17 00:00:00,89,2026-03,667.7,0.0,54267.7,consistency,consistency
2026-05-17 00:00:00,90,2026-03,667.7,0.0,54267.7,consistency,consistency
2026-05-17 00:00:00,91,2026-03,667.7,0.0,54267.7,consistency,consistency
2026-05-17 00:00:00,92,2026-03,667.7,0.0,54267.7,consistency,consistency
2026-05-17 00:00:00,93,2026-03,667.7,0.0,54267.7,consistency,consistency
2026-05-17 00:00:00,94,2026-03,667.7,0.0,54267.7,consistency,consistency
2026-05-17 00:00:00,95,2026-03,667.7,0.0,54267.7,consistency,consistency
2026-05-17 00:00:00,96,2026-03,667.7,0.0,54267.7,consistency,consistency
2026-05-17 00:00:00,97,2026-03,667.7,0.0,54267.7,consistency,consistency
2026-05-17 00:00:00,98,2026-03,667.7,0.0,54267.7,consistency,consistency
2026-05-17 00:00:00,99,2026-03,667.7,0.0,54267.7,consistency,consistency
2026-05-17 00:00:00,100,2026-03,667.7,0.0,54267.7,consistency,consistency
2026-05-17 00:00:00,101,2026-03,667.7,0.0,54267.7,consistency,consistency
2026-05-17 00:00:00,102,2026-03,667.7,0.0,54267.7,consistency,consistency
2026-05-18 00:00:00,83,2026-03,667.7,0.0,54267.7,consistency,consistency
2026-05-18 00:00:00,84,2026-03,667.7,0.0,54267.7,consistency,consistency
2026-05-18 00:00:00,85,2026-03,667.7,0.0,54267.7,consistency,consistency
2026-05-18 00:00:00,86,2026-03,667.7,0.0,54267.7,consistency,consistency
2026-05-18 00:00:00,87,2026-03,667.7,0.0,54267.7,consistency,consistency
2026-05-18 00:00:00,88,2026-03,667.7,0.0,54267.7,consistency,consistency
2026-05-18 00:00:00,89,2026-03,667.7,0.0,54267.7,consistency,consistency
2026-05-18 00:00:00,90,2026-03,667.7,0.0,54267.7,consistency,consistency
2026-05-18 00:00:00,91,2026-03,667.7,0.0,54267.7,consistency,consistency
2026-05-18 00:00:00,92,2026-03,667.7,0.0,54267.7,consistency,consistency
2026-05-18 00:00:00,93,2026-03,667.7,0.0,54267.7,consistency,consistency
2026-05-18 00:00:00,94,2026-03,667.7,0.0,54267.7,consistency,consistency
2026-05-18 00:00:00,95,2026-03,667.7,0.0,54267.7,consistency,consistency
2026-05-18 00:00:00,96,2026-03,667.7,0.0,54267.7,consistency,consistency
2026-05-18 00:00:00,97,2026-03,667.7,0.0,54267.7,consistency,consistency
2026-05-18 00:00:00,98,2026-03,667.7,0.0,54267.7,consistency,consistency
2026-05-18 00:00:00,99,2026-03,667.7,0.0,54267.7,consistency,consistency
2026-05-18 00:00:00,100,2026-03,667.7,0.0,54267.7,consistency,consistency
2026-05-18 00:00:00,101,2026-03,667.7,0.0,54267.7,consistency,consistency
2026-05-18 00:00:00,102,2026-03,667.7,0.0,54267.7,consistency,consistency
2026-05-19 00:00:00,83,2026-03,1476.95,0.0,55076.95,consistency,consistency
2026-05-19 00:00:00,84,2026-03,1476.95,0.0,55076.95,consistency,consistency
2026-05-19 00:00:00,85,2026-03,1476.95,0.0,55076.95,consistency,consistency
2026-05-19 00:00:00,86,2026-03,1476.95,0.0,55076.95,consistency,consistency
2026-05-19 00:00:00,87,2026-03,1476.95,0.0,55076.95,consistency,consistency
2026-05-19 00:00:00,88,2026-03,1476.95,0.0,55076.95,consistency,consistency
2026-05-19 00:00:00,89,2026-03,1476.95,0.0,55076.95,consistency,consistency
2026-05-19 00:00:00,90,2026-03,1476.95,0.0,55076.95,consistency,consistency
2026-05-19 00:00:00,91,2026-03,1476.95,0.0,55076.95,consistency,consistency
2026-05-19 00:00:00,92,2026-03,1476.95,0.0,55076.95,consistency,consistency
2026-05-19 00:00:00,93,2026-03,1476.95,0.0,55076.95,consistency,consistency
2026-05-19 00:00:00,94,2026-03,1476.95,0.0,55076.95,consistency,consistency
2026-05-19 00:00:00,95,2026-03,1476.95,0.0,55076.95,consistency,consistency
2026-05-19 00:00:00,96,2026-03,1476.95,0.0,55076.95,consistency,consistency
2026-05-19 00:00:00,97,2026-03,1476.95,0.0,55076.95,consistency,consistency
2026-05-19 00:00:00,98,2026-03,1476.95,0.0,55076.95,consistency,consistency
2026-05-19 00:00:00,99,2026-03,1476.95,0.0,55076.95,consistency,consistency
2026-05-19 00:00:00,100,2026-03,1476.95,0.0,55076.95,consistency,consistency
2026-05-19 00:00:00,101,2026-03,1476.95,0.0,55076.95,consistency,consistency
2026-05-19 00:00:00,102,2026-03,1476.95,0.0,55076.95,consistency,consistency
2026-05-20 00:00:00,83,2026-03,1259.1,0.0,54859.1,consistency,consistency
2026-05-20 00:00:00,84,2026-03,1259.1,0.0,54859.1,consistency,consistency
2026-05-20 00:00:00,85,2026-03,1259.1,0.0,54859.1,consistency,consistency
2026-05-20 00:00:00,86,2026-03,1259.1,0.0,54859.1,consistency,consistency
2026-05-20 00:00:00,87,2026-03,1259.1,0.0,54859.1,consistency,consistency
2026-05-20 00:00:00,88,2026-03,1259.1,0.0,54859.1,consistency,consistency
2026-05-20 00:00:00,89,2026-03,1259.1,0.0,54859.1,consistency,consistency
2026-05-20 00:00:00,90,2026-03,1259.1,0.0,54859.1,consistency,consistency
2026-05-20 00:00:00,91,2026-03,1259.1,0.0,54859.1,consistency,consistency
2026-05-20 00:00:00,92,2026-03,1259.1,0.0,54859.1,consistency,consistency
2026-05-20 00:00:00,93,2026-03,1259.1,0.0,54859.1,consistency,consistency
2026-05-20 00:00:00,94,2026-03,1259.1,0.0,54859.1,consistency,consistency
2026-05-20 00:00:00,95,2026-03,1259.1,0.0,54859.1,consistency,consistency
2026-05-20 00:00:00,96,2026-03,1259.1,0.0,54859.1,consistency,consistency
2026-05-20 00:00:00,97,2026-03,1259.1,0.0,54859.1,consistency,consistency
2026-05-20 00:00:00,98,2026-03,1259.1,0.0,54859.1,consistency,consistency
2026-05-20 00:00:00,99,2026-03,1259.1,0.0,54859.1,consistency,consistency
2026-05-20 00:00:00,100,2026-03,1259.1,0.0,54859.1,consistency,consistency
2026-05-20 00:00:00,101,2026-03,1259.1,0.0,54859.1,consistency,consistency
2026-05-20 00:00:00,102,2026-03,1259.1,0.0,54859.1,consistency,consistency
2026-05-21 00:00:00,83,2026-03,1400.15,0.0,55000.15,consistency,consistency
2026-05-21 00:00:00,84,2026-03,1400.15,0.0,55000.15,consistency,consistency
2026-05-21 00:00:00,85,2026-03,1400.15,0.0,55000.15,consistency,consistency
2026-05-21 00:00:00,86,2026-03,1400.15,0.0,55000.15,consistency,consistency
2026-05-21 00:00:00,87,2026-03,1400.15,0.0,55000.15,consistency,consistency
2026-05-21 00:00:00,88,2026-03,1400.15,0.0,55000.15,consistency,consistency
2026-05-21 00:00:00,89,2026-03,1400.15,0.0,55000.15,consistency,consistency
2026-05-21 00:00:00,90,2026-03,1400.15,0.0,55000.15,consistency,consistency
2026-05-21 00:00:00,91,2026-03,1400.15,0.0,55000.15,consistency,consistency
2026-05-21 00:00:00,92,2026-03,1400.15,0.0,55000.15,consistency,consistency
2026-05-21 00:00:00,93,2026-03,1400.15,0.0,55000.15,consistency,consistency
2026-05-21 00:00:00,94,2026-03,1400.15,0.0,55000.15,consistency,consistency
2026-05-21 00:00:00,95,2026-03,1400.15,0.0,55000.15,consistency,consistency
2026-05-21 00:00:00,96,2026-03,1400.15,0.0,55000.15,consistency,consistency
2026-05-21 00:00:00,97,2026-03,1400.15,0.0,55000.15,consistency,consistency
2026-05-21 00:00:00,98,2026-03,1400.15,0.0,55000.15,consistency,consistency
2026-05-21 00:00:00,99,2026-03,1400.15,0.0,55000.15,consistency,consistency
2026-05-21 00:00:00,100,2026-03,1400.15,0.0,55000.15,consistency,consistency
2026-05-21 00:00:00,101,2026-03,1400.15,0.0,55000.15,consistency,consistency
2026-05-21 00:00:00,102,2026-03,1400.15,0.0,55000.15,consistency,consistency
2026-05-22 00:00:00,83,2026-03,1272.9,0.0,54872.9,consistency,consistency
2026-05-22 00:00:00,84,2026-03,1272.9,0.0,54872.9,consistency,consistency
2026-05-22 00:00:00,85,2026-03,1272.9,0.0,54872.9,consistency,consistency
2026-05-22 00:00:00,86,2026-03,1272.9,0.0,54872.9,consistency,consistency
2026-05-22 00:00:00,87,2026-03,1272.9,0.0,54872.9,consistency,consistency
2026-05-22 00:00:00,88,2026-03,1272.9,0.0,54872.9,consistency,consistency
2026-05-22 00:00:00,89,2026-03,1272.9,0.0,54872.9,consistency,consistency
2026-05-22 00:00:00,90,2026-03,1272.9,0.0,54872.9,consistency,consistency
2026-05-22 00:00:00,91,2026-03,1272.9,0.0,54872.9,consistency,consistency
2026-05-22 00:00:00,92,2026-03,1272.9,0.0,54872.9,consistency,consistency
2026-05-22 00:00:00,93,2026-03,1272.9,0.0,54872.9,consistency,consistency
2026-05-22 00:00:00,94,2026-03,1272.9,0.0,54872.9,consistency,consistency
2026-05-22 00:00:00,95,2026-03,1272.9,0.0,54872.9,consistency,consistency
2026-05-22 00:00:00,96,2026-03,1272.9,0.0,54872.9,consistency,consistency
2026-05-22 00:00:00,97,2026-03,1272.9,0.0,54872.9,consistency,consistency
2026-05-22 00:00:00,98,2026-03,1272.9,0.0,54872.9,consistency,consistency
2026-05-22 00:00:00,99,2026-03,1272.9,0.0,54872.9,consistency,consistency
2026-05-22 00:00:00,100,2026-03,1272.9,0.0,54872.9,consistency,consistency
2026-05-22 00:00:00,101,2026-03,1272.9,0.0,54872.9,consistency,consistency
2026-05-22 00:00:00,102,2026-03,1272.9,0.0,54872.9,consistency,consistency
2026-05-23 00:00:00,83,2026-03,1128.7,0.0,54728.7,consistency,consistency
2026-05-23 00:00:00,84,2026-03,1128.7,0.0,54728.7,consistency,consistency
2026-05-23 00:00:00,85,2026-03,1128.7,0.0,54728.7,consistency,consistency
2026-05-23 00:00:00,86,2026-03,1128.7,0.0,54728.7,consistency,consistency
2026-05-23 00:00:00,87,2026-03,1128.7,0.0,54728.7,consistency,consistency
2026-05-23 00:00:00,88,2026-03,1128.7,0.0,54728.7,consistency,consistency
2026-05-23 00:00:00,89,2026-03,1128.7,0.0,54728.7,consistency,consistency
2026-05-23 00:00:00,90,2026-03,1128.7,0.0,54728.7,consistency,consistency
2026-05-23 00:00:00,91,2026-03,1128.7,0.0,54728.7,consistency,consistency
2026-05-23 00:00:00,92,2026-03,1128.7,0.0,54728.7,consistency,consistency
2026-05-23 00:00:00,93,2026-03,1128.7,0.0,54728.7,consistency,consistency
2026-05-23 00:00:00,94,2026-03,1128.7,0.0,54728.7,consistency,consistency
2026-05-23 00:00:00,95,2026-03,1128.7,0.0,54728.7,consistency,consistency
2026-05-23 00:00:00,96,2026-03,1128.7,0.0,54728.7,consistency,consistency
2026-05-23 00:00:00,97,2026-03,1128.7,0.0,54728.7,consistency,consistency
2026-05-23 00:00:00,98,2026-03,1128.7,0.0,54728.7,consistency,consistency
2026-05-23 00:00:00,99,2026-03,1128.7,0.0,54728.7,consistency,consistency
2026-05-23 00:00:00,100,2026-03,1128.7,0.0,54728.7,consistency,consistency
2026-05-23 00:00:00,101,2026-03,1128.7,0.0,54728.7,consistency,consistency
2026-05-23 00:00:00,102,2026-03,1128.7,0.0,54728.7,consistency,consistency
2026-05-24 00:00:00,83,2026-03,1128.7,0.0,54728.7,consistency,consistency
2026-05-24 00:00:00,84,2026-03,1128.7,0.0,54728.7,consistency,consistency
2026-05-24 00:00:00,85,2026-03,1128.7,0.0,54728.7,consistency,consistency
2026-05-24 00:00:00,86,2026-03,1128.7,0.0,54728.7,consistency,consistency
2026-05-24 00:00:00,87,2026-03,1128.7,0.0,54728.7,consistency,consistency
2026-05-24 00:00:00,88,2026-03,1128.7,0.0,54728.7,consistency,consistency
2026-05-24 00:00:00,89,2026-03,1128.7,0.0,54728.7,consistency,consistency
2026-05-24 00:00:00,90,2026-03,1128.7,0.0,54728.7,consistency,consistency
2026-05-24 00:00:00,91,2026-03,1128.7,0.0,54728.7,consistency,consistency
2026-05-24 00:00:00,92,2026-03,1128.7,0.0,54728.7,consistency,consistency
2026-05-24 00:00:00,93,2026-03,1128.7,0.0,54728.7,consistency,consistency
2026-05-24 00:00:00,94,2026-03,1128.7,0.0,54728.7,consistency,consistency
2026-05-24 00:00:00,95,2026-03,1128.7,0.0,54728.7,consistency,consistency
2026-05-24 00:00:00,96,2026-03,1128.7,0.0,54728.7,consistency,consistency
2026-05-24 00:00:00,97,2026-03,1128.7,0.0,54728.7,consistency,consistency
2026-05-24 00:00:00,98,2026-03,1128.7,0.0,54728.7,consistency,consistency
2026-05-24 00:00:00,99,2026-03,1128.7,0.0,54728.7,consistency,consistency
2026-05-24 00:00:00,100,2026-03,1128.7,0.0,54728.7,consistency,consistency
2026-05-24 00:00:00,101,2026-03,1128.7,0.0,54728.7,consistency,consistency
2026-05-24 00:00:00,102,2026-03,1128.7,0.0,54728.7,consistency,consistency
2026-05-25 00:00:00,83,2026-03,1128.7,0.0,54728.7,consistency,consistency
2026-05-25 00:00:00,84,2026-03,1128.7,0.0,54728.7,consistency,consistency
2026-05-25 00:00:00,85,2026-03,1128.7,0.0,54728.7,consistency,consistency
2026-05-25 00:00:00,86,2026-03,1128.7,0.0,54728.7,consistency,consistency
2026-05-25 00:00:00,87,2026-03,1128.7,0.0,54728.7,consistency,consistency
2026-05-25 00:00:00,88,2026-03,1128.7,0.0,54728.7,consistency,consistency
2026-05-25 00:00:00,89,2026-03,1128.7,0.0,54728.7,consistency,consistency
2026-05-25 00:00:00,90,2026-03,1128.7,0.0,54728.7,consistency,consistency
2026-05-25 00:00:00,91,2026-03,1128.7,0.0,54728.7,consistency,consistency
2026-05-25 00:00:00,92,2026-03,1128.7,0.0,54728.7,consistency,consistency
2026-05-25 00:00:00,93,2026-03,1128.7,0.0,54728.7,consistency,consistency
2026-05-25 00:00:00,94,2026-03,1128.7,0.0,54728.7,consistency,consistency
2026-05-25 00:00:00,95,2026-03,1128.7,0.0,54728.7,consistency,consistency
2026-05-25 00:00:00,96,2026-03,1128.7,0.0,54728.7,consistency,consistency
2026-05-25 00:00:00,97,2026-03,1128.7,0.0,54728.7,consistency,consistency
2026-05-25 00:00:00,98,2026-03,1128.7,0.0,54728.7,consistency,consistency
2026-05-25 00:00:00,99,2026-03,1128.7,0.0,54728.7,consistency,consistency
2026-05-25 00:00:00,100,2026-03,1128.7,0.0,54728.7,consistency,consistency
2026-05-25 00:00:00,101,2026-03,1128.7,0.0,54728.7,consistency,consistency
2026-05-25 00:00:00,102,2026-03,1128.7,0.0,54728.7,consistency,consistency
2026-05-26 00:00:00,83,2026-03,1145.45,0.0,54745.45,consistency,consistency
2026-05-26 00:00:00,84,2026-03,1145.45,0.0,54745.45,consistency,consistency
2026-05-26 00:00:00,85,2026-03,1145.45,0.0,54745.45,consistency,consistency
2026-05-26 00:00:00,86,2026-03,1145.45,0.0,54745.45,consistency,consistency
2026-05-26 00:00:00,87,2026-03,1145.45,0.0,54745.45,consistency,consistency
2026-05-26 00:00:00,88,2026-03,1145.45,0.0,54745.45,consistency,consistency
2026-05-26 00:00:00,89,2026-03,1145.45,0.0,54745.45,consistency,consistency
2026-05-26 00:00:00,90,2026-03,1145.45,0.0,54745.45,consistency,consistency
2026-05-26 00:00:00,91,2026-03,1145.45,0.0,54745.45,consistency,consistency
2026-05-26 00:00:00,92,2026-03,1145.45,0.0,54745.45,consistency,consistency
2026-05-26 00:00:00,93,2026-03,1145.45,0.0,54745.45,consistency,consistency
2026-05-26 00:00:00,94,2026-03,1145.45,0.0,54745.45,consistency,consistency
2026-05-26 00:00:00,95,2026-03,1145.45,0.0,54745.45,consistency,consistency
2026-05-26 00:00:00,96,2026-03,1145.45,0.0,54745.45,consistency,consistency
2026-05-26 00:00:00,97,2026-03,1145.45,0.0,54745.45,consistency,consistency
2026-05-26 00:00:00,98,2026-03,1145.45,0.0,54745.45,consistency,consistency
2026-05-26 00:00:00,99,2026-03,1145.45,0.0,54745.45,consistency,consistency
2026-05-26 00:00:00,100,2026-03,1145.45,0.0,54745.45,consistency,consistency
2026-05-26 00:00:00,101,2026-03,1145.45,0.0,54745.45,consistency,consistency
2026-05-26 00:00:00,102,2026-03,1145.45,0.0,54745.45,consistency,consistency
2026-05-27 00:00:00,83,2026-03,917.55,0.0,54517.55,consistency,consistency
2026-05-27 00:00:00,84,2026-03,917.55,0.0,54517.55,consistency,consistency
2026-05-27 00:00:00,85,2026-03,917.55,0.0,54517.55,consistency,consistency
2026-05-27 00:00:00,86,2026-03,917.55,0.0,54517.55,consistency,consistency
2026-05-27 00:00:00,87,2026-03,917.55,0.0,54517.55,consistency,consistency
2026-05-27 00:00:00,88,2026-03,917.55,0.0,54517.55,consistency,consistency
2026-05-27 00:00:00,89,2026-03,917.55,0.0,54517.55,consistency,consistency
2026-05-27 00:00:00,90,2026-03,917.55,0.0,54517.55,consistency,consistency
2026-05-27 00:00:00,91,2026-03,917.55,0.0,54517.55,consistency,consistency
2026-05-27 00:00:00,92,2026-03,917.55,0.0,54517.55,consistency,consistency
2026-05-27 00:00:00,93,2026-03,917.55,0.0,54517.55,consistency,consistency
2026-05-27 00:00:00,94,2026-03,917.55,0.0,54517.55,consistency,consistency
2026-05-27 00:00:00,95,2026-03,917.55,0.0,54517.55,consistency,consistency
2026-05-27 00:00:00,96,2026-03,917.55,0.0,54517.55,consistency,consistency
2026-05-27 00:00:00,97,2026-03,917.55,0.0,54517.55,consistency,consistency
2026-05-27 00:00:00,98,2026-03,917.55,0.0,54517.55,consistency,consistency
2026-05-27 00:00:00,99,2026-03,917.55,0.0,54517.55,consistency,consistency
2026-05-27 00:00:00,100,2026-03,917.55,0.0,54517.55,consistency,consistency
2026-05-27 00:00:00,101,2026-03,917.55,0.0,54517.55,consistency,consistency
2026-05-27 00:00:00,102,2026-03,917.55,0.0,54517.55,consistency,consistency
2026-05-28 00:00:00,83,2026-03,1260.55,0.0,54860.55,consistency,consistency
2026-05-28 00:00:00,84,2026-03,1260.55,0.0,54860.55,consistency,consistency
2026-05-28 00:00:00,85,2026-03,1260.55,0.0,54860.55,consistency,consistency
2026-05-28 00:00:00,86,2026-03,1260.55,0.0,54860.55,consistency,consistency
2026-05-28 00:00:00,87,2026-03,1260.55,0.0,54860.55,consistency,consistency
2026-05-28 00:00:00,88,2026-03,1260.55,0.0,54860.55,consistency,consistency
2026-05-28 00:00:00,89,2026-03,1260.55,0.0,54860.55,consistency,consistency
2026-05-28 00:00:00,90,2026-03,1260.55,0.0,54860.55,consistency,consistency
2026-05-28 00:00:00,91,2026-03,1260.55,0.0,54860.55,consistency,consistency
2026-05-28 00:00:00,92,2026-03,1260.55,0.0,54860.55,consistency,consistency
2026-05-28 00:00:00,93,2026-03,1260.55,0.0,54860.55,consistency,consistency
2026-05-28 00:00:00,94,2026-03,1260.55,0.0,54860.55,consistency,consistency
2026-05-28 00:00:00,95,2026-03,1260.55,0.0,54860.55,consistency,consistency
2026-05-28 00:00:00,96,2026-03,1260.55,0.0,54860.55,consistency,consistency
2026-05-28 00:00:00,97,2026-03,1260.55,0.0,54860.55,consistency,consistency
2026-05-28 00:00:00,98,2026-03,1260.55,0.0,54860.55,consistency,consistency
2026-05-28 00:00:00,99,2026-03,1260.55,0.0,54860.55,consistency,consistency
2026-05-28 00:00:00,100,2026-03,1260.55,0.0,54860.55,consistency,consistency
2026-05-28 00:00:00,101,2026-03,1260.55,0.0,54860.55,consistency,consistency
2026-05-28 00:00:00,102,2026-03,1260.55,0.0,54860.55,consistency,consistency
2026-05-29 00:00:00,83,2026-03,1449.75,0.0,55049.75,consistency,consistency
2026-05-29 00:00:00,84,2026-03,1449.75,0.0,55049.75,consistency,consistency
2026-05-29 00:00:00,85,2026-03,1449.75,0.0,55049.75,consistency,consistency
2026-05-29 00:00:00,86,2026-03,1449.75,0.0,55049.75,consistency,consistency
2026-05-29 00:00:00,87,2026-03,1449.75,0.0,55049.75,consistency,consistency
2026-05-29 00:00:00,88,2026-03,1449.75,0.0,55049.75,consistency,consistency
2026-05-29 00:00:00,89,2026-03,1449.75,0.0,55049.75,consistency,consistency
2026-05-29 00:00:00,90,2026-03,1449.75,0.0,55049.75,consistency,consistency
2026-05-29 00:00:00,91,2026-03,1449.75,0.0,55049.75,consistency,consistency
2026-05-29 00:00:00,92,2026-03,1449.75,0.0,55049.75,consistency,consistency
2026-05-29 00:00:00,93,2026-03,1449.75,0.0,55049.75,consistency,consistency
2026-05-29 00:00:00,94,2026-03,1449.75,0.0,55049.75,consistency,consistency
2026-05-29 00:00:00,95,2026-03,1449.75,0.0,55049.75,consistency,consistency
2026-05-29 00:00:00,96,2026-03,1449.75,0.0,55049.75,consistency,consistency
2026-05-29 00:00:00,97,2026-03,1449.75,0.0,55049.75,consistency,consistency
2026-05-29 00:00:00,98,2026-03,1449.75,0.0,55049.75,consistency,consistency
2026-05-29 00:00:00,99,2026-03,1449.75,0.0,55049.75,consistency,consistency
2026-05-29 00:00:00,100,2026-03,1449.75,0.0,55049.75,consistency,consistency
2026-05-29 00:00:00,101,2026-03,1449.75,0.0,55049.75,consistency,consistency
2026-05-29 00:00:00,102,2026-03,1449.75,0.0,55049.75,consistency,consistency
2026-05-30 00:00:00,83,2026-03,1197.8,0.0,54797.8,consistency,consistency
2026-05-30 00:00:00,84,2026-03,1197.8,0.0,54797.8,consistency,consistency
2026-05-30 00:00:00,85,2026-03,1197.8,0.0,54797.8,consistency,consistency
2026-05-30 00:00:00,86,2026-03,1197.8,0.0,54797.8,consistency,consistency
2026-05-30 00:00:00,87,2026-03,1197.8,0.0,54797.8,consistency,consistency
2026-05-30 00:00:00,88,2026-03,1197.8,0.0,54797.8,consistency,consistency
2026-05-30 00:00:00,89,2026-03,1197.8,0.0,54797.8,consistency,consistency
2026-05-30 00:00:00,90,2026-03,1197.8,0.0,54797.8,consistency,consistency
2026-05-30 00:00:00,91,2026-03,1197.8,0.0,54797.8,consistency,consistency
2026-05-30 00:00:00,92,2026-03,1197.8,0.0,54797.8,consistency,consistency
2026-05-30 00:00:00,93,2026-03,1197.8,0.0,54797.8,consistency,consistency
2026-05-30 00:00:00,94,2026-03,1197.8,0.0,54797.8,consistency,consistency
2026-05-30 00:00:00,95,2026-03,1197.8,0.0,54797.8,consistency,consistency
2026-05-30 00:00:00,96,2026-03,1197.8,0.0,54797.8,consistency,consistency
2026-05-30 00:00:00,97,2026-03,1197.8,0.0,54797.8,consistency,consistency
2026-05-30 00:00:00,98,2026-03,1197.8,0.0,54797.8,consistency,consistency
2026-05-30 00:00:00,99,2026-03,1197.8,0.0,54797.8,consistency,consistency
2026-05-30 00:00:00,100,2026-03,1197.8,0.0,54797.8,consistency,consistency
2026-05-30 00:00:00,101,2026-03,1197.8,0.0,54797.8,consistency,consistency
2026-05-30 00:00:00,102,2026-03,1197.8,0.0,54797.8,consistency,consistency
2026-05-31 00:00:00,83,2026-03,1197.8,0.0,54797.8,consistency,consistency
2026-05-31 00:00:00,84,2026-03,1197.8,0.0,54797.8,consistency,consistency
2026-05-31 00:00:00,85,2026-03,1197.8,0.0,54797.8,consistency,consistency
2026-05-31 00:00:00,86,2026-03,1197.8,0.0,54797.8,consistency,consistency
2026-05-31 00:00:00,87,2026-03,1197.8,0.0,54797.8,consistency,consistency
2026-05-31 00:00:00,88,2026-03,1197.8,0.0,54797.8,consistency,consistency
2026-05-31 00:00:00,89,2026-03,1197.8,0.0,54797.8,consistency,consistency
2026-05-31 00:00:00,90,2026-03,1197.8,0.0,54797.8,consistency,consistency
2026-05-31 00:00:00,91,2026-03,1197.8,0.0,54797.8,consistency,consistency
2026-05-31 00:00:00,92,2026-03,1197.8,0.0,54797.8,consistency,consistency
2026-05-31 00:00:00,93,2026-03,1197.8,0.0,54797.8,consistency,consistency
2026-05-31 00:00:00,94,2026-03,1197.8,0.0,54797.8,consistency,consistency
2026-05-31 00:00:00,95,2026-03,1197.8,0.0,54797.8,consistency,consistency
2026-05-31 00:00:00,96,2026-03,1197.8,0.0,54797.8,consistency,consistency
2026-05-31 00:00:00,97,2026-03,1197.8,0.0,54797.8,consistency,consistency
2026-05-31 00:00:00,98,2026-03,1197.8,0.0,54797.8,consistency,consistency
2026-05-31 00:00:00,99,2026-03,1197.8,0.0,54797.8,consistency,consistency
2026-05-31 00:00:00,100,2026-03,1197.8,0.0,54797.8,consistency,consistency
2026-05-31 00:00:00,101,2026-03,1197.8,0.0,54797.8,consistency,consistency
2026-05-31 00:00:00,102,2026-03,1197.8,0.0,54797.8,consistency,consistency
2026-06-01 00:00:00,83,2026-03,1197.8,0.0,54797.8,consistency,consistency
2026-06-01 00:00:00,84,2026-03,1197.8,0.0,54797.8,consistency,consistency
2026-06-01 00:00:00,85,2026-03,1197.8,0.0,54797.8,consistency,consistency
2026-06-01 00:00:00,86,2026-03,1197.8,0.0,54797.8,consistency,consistency
2026-06-01 00:00:00,87,2026-03,1197.8,0.0,54797.8,consistency,consistency
2026-06-01 00:00:00,88,2026-03,1197.8,0.0,54797.8,consistency,consistency
2026-06-01 00:00:00,89,2026-03,1197.8,0.0,54797.8,consistency,consistency
2026-06-01 00:00:00,90,2026-03,1197.8,0.0,54797.8,consistency,consistency
2026-06-01 00:00:00,91,2026-03,1197.8,0.0,54797.8,consistency,consistency
2026-06-01 00:00:00,92,2026-03,1197.8,0.0,54797.8,consistency,consistency
2026-06-01 00:00:00,93,2026-03,1197.8,0.0,54797.8,consistency,consistency
2026-06-01 00:00:00,94,2026-03,1197.8,0.0,54797.8,consistency,consistency
2026-06-01 00:00:00,95,2026-03,1197.8,0.0,54797.8,consistency,consistency
2026-06-01 00:00:00,96,2026-03,1197.8,0.0,54797.8,consistency,consistency
2026-06-01 00:00:00,97,2026-03,1197.8,0.0,54797.8,consistency,consistency
2026-06-01 00:00:00,98,2026-03,1197.8,0.0,54797.8,consistency,consistency
2026-06-01 00:00:00,99,2026-03,1197.8,0.0,54797.8,consistency,consistency
2026-06-01 00:00:00,100,2026-03,1197.8,0.0,54797.8,consistency,consistency
2026-06-01 00:00:00,101,2026-03,1197.8,0.0,54797.8,consistency,consistency
2026-06-01 00:00:00,102,2026-03,1197.8,0.0,54797.8,consistency,consistency
2026-06-02 00:00:00,83,2026-03,1198.45,0.0,54798.45,consistency,consistency
2026-06-02 00:00:00,84,2026-03,1198.45,0.0,54798.45,consistency,consistency
2026-06-02 00:00:00,85,2026-03,1198.45,0.0,54798.45,consistency,consistency
2026-06-02 00:00:00,86,2026-03,1198.45,0.0,54798.45,consistency,consistency
2026-06-02 00:00:00,87,2026-03,1198.45,0.0,54798.45,consistency,consistency
2026-06-02 00:00:00,88,2026-03,1198.45,0.0,54798.45,consistency,consistency
2026-06-02 00:00:00,89,2026-03,1198.45,0.0,54798.45,consistency,consistency
2026-06-02 00:00:00,90,2026-03,1198.45,0.0,54798.45,consistency,consistency
2026-06-02 00:00:00,91,2026-03,1198.45,0.0,54798.45,consistency,consistency
2026-06-02 00:00:00,92,2026-03,1198.45,0.0,54798.45,consistency,consistency
2026-06-02 00:00:00,93,2026-03,1198.45,0.0,54798.45,consistency,consistency
2026-06-02 00:00:00,94,2026-03,1198.45,0.0,54798.45,consistency,consistency
2026-06-02 00:00:00,95,2026-03,1198.45,0.0,54798.45,consistency,consistency
2026-06-02 00:00:00,96,2026-03,1198.45,0.0,54798.45,consistency,consistency
2026-06-02 00:00:00,97,2026-03,1198.45,0.0,54798.45,consistency,consistency
2026-06-02 00:00:00,98,2026-03,1198.45,0.0,54798.45,consistency,consistency
2026-06-02 00:00:00,99,2026-03,1198.45,0.0,54798.45,consistency,consistency
2026-06-02 00:00:00,100,2026-03,1198.45,0.0,54798.45,consistency,consistency
2026-06-02 00:00:00,101,2026-03,1198.45,0.0,54798.45,consistency,consistency
2026-06-02 00:00:00,102,2026-03,1198.45,0.0,54798.45,consistency,consistency
2026-06-03 00:00:00,83,2026-03,826.15,0.0,54426.15,consistency,consistency
2026-06-03 00:00:00,84,2026-03,826.15,0.0,54426.15,consistency,consistency
2026-06-03 00:00:00,85,2026-03,826.15,0.0,54426.15,consistency,consistency
2026-06-03 00:00:00,86,2026-03,826.15,0.0,54426.15,consistency,consistency
2026-06-03 00:00:00,87,2026-03,826.15,0.0,54426.15,consistency,consistency
2026-06-03 00:00:00,88,2026-03,826.15,0.0,54426.15,consistency,consistency
2026-06-03 00:00:00,89,2026-03,826.15,0.0,54426.15,consistency,consistency
2026-06-03 00:00:00,90,2026-03,826.15,0.0,54426.15,consistency,consistency
2026-06-03 00:00:00,91,2026-03,826.15,0.0,54426.15,consistency,consistency
2026-06-03 00:00:00,92,2026-03,826.15,0.0,54426.15,consistency,consistency
2026-06-03 00:00:00,93,2026-03,826.15,0.0,54426.15,consistency,consistency
2026-06-03 00:00:00,94,2026-03,826.15,0.0,54426.15,consistency,consistency
2026-06-03 00:00:00,95,2026-03,826.15,0.0,54426.15,consistency,consistency
2026-06-03 00:00:00,96,2026-03,826.15,0.0,54426.15,consistency,consistency
2026-06-03 00:00:00,97,2026-03,826.15,0.0,54426.15,consistency,consistency
2026-06-03 00:00:00,98,2026-03,826.15,0.0,54426.15,consistency,consistency
2026-06-03 00:00:00,99,2026-03,826.15,0.0,54426.15,consistency,consistency
2026-06-03 00:00:00,100,2026-03,826.15,0.0,54426.15,consistency,consistency
2026-06-03 00:00:00,101,2026-03,826.15,0.0,54426.15,consistency,consistency
2026-06-03 00:00:00,102,2026-03,826.15,0.0,54426.15,consistency,consistency
2026-06-05 00:00:00,83,2026-03,45.7,0.0,53645.7,consistency,consistency
2026-06-05 00:00:00,84,2026-03,45.7,0.0,53645.7,consistency,consistency
2026-06-05 00:00:00,85,2026-03,45.7,0.0,53645.7,consistency,consistency
2026-06-05 00:00:00,86,2026-03,45.7,0.0,53645.7,consistency,consistency
2026-06-05 00:00:00,87,2026-03,45.7,0.0,53645.7,consistency,consistency
2026-06-05 00:00:00,88,2026-03,45.7,0.0,53645.7,consistency,consistency
2026-06-05 00:00:00,89,2026-03,45.7,0.0,53645.7,consistency,consistency
2026-06-05 00:00:00,90,2026-03,45.7,0.0,53645.7,consistency,consistency
2026-06-05 00:00:00,91,2026-03,45.7,0.0,53645.7,consistency,consistency
2026-06-05 00:00:00,92,2026-03,45.7,0.0,53645.7,consistency,consistency
2026-06-05 00:00:00,93,2026-03,45.7,0.0,53645.7,consistency,consistency
2026-06-05 00:00:00,94,2026-03,45.7,0.0,53645.7,consistency,consistency
2026-06-05 00:00:00,95,2026-03,45.7,0.0,53645.7,consistency,consistency
2026-06-05 00:00:00,96,2026-03,45.7,0.0,53645.7,consistency,consistency
2026-06-05 00:00:00,97,2026-03,45.7,0.0,53645.7,consistency,consistency
2026-06-05 00:00:00,98,2026-03,45.7,0.0,53645.7,consistency,consistency
2026-06-05 00:00:00,99,2026-03,45.7,0.0,53645.7,consistency,consistency
2026-06-05 00:00:00,100,2026-03,45.7,0.0,53645.7,consistency,consistency
2026-06-05 00:00:00,101,2026-03,45.7,0.0,53645.7,consistency,consistency
2026-06-05 00:00:00,102,2026-03,45.7,0.0,53645.7,consistency,consistency
2026-06-09 00:00:00,83,2026-03,411.45,0.0,54011.45,consistency,consistency
2026-06-09 00:00:00,84,2026-03,411.45,0.0,54011.45,consistency,consistency
2026-06-09 00:00:00,85,2026-03,411.45,0.0,54011.45,consistency,consistency
2026-06-09 00:00:00,86,2026-03,411.45,0.0,54011.45,consistency,consistency
2026-06-09 00:00:00,87,2026-03,411.45,0.0,54011.45,consistency,consistency
2026-06-09 00:00:00,88,2026-03,411.45,0.0,54011.45,consistency,consistency
2026-06-09 00:00:00,89,2026-03,411.45,0.0,54011.45,consistency,consistency
2026-06-09 00:00:00,90,2026-03,411.45,0.0,54011.45,consistency,consistency
2026-06-09 00:00:00,91,2026-03,411.45,0.0,54011.45,consistency,consistency
2026-06-09 00:00:00,92,2026-03,411.45,0.0,54011.45,consistency,consistency
2026-06-09 00:00:00,93,2026-03,411.45,0.0,54011.45,consistency,consistency
2026-06-09 00:00:00,94,2026-03,411.45,0.0,54011.45,consistency,consistency
2026-06-09 00:00:00,95,2026-03,411.45,0.0,54011.45,consistency,consistency
2026-06-09 00:00:00,96,2026-03,411.45,0.0,54011.45,consistency,consistency
2026-06-09 00:00:00,97,2026-03,411.45,0.0,54011.45,consistency,consistency
2026-06-09 00:00:00,98,2026-03,411.45,0.0,54011.45,consistency,consistency
2026-06-09 00:00:00,99,2026-03,411.45,0.0,54011.45,consistency,consistency
2026-06-09 00:00:00,100,2026-03,411.45,0.0,54011.45,consistency,consistency
2026-06-09 00:00:00,101,2026-03,411.45,0.0,54011.45,consistency,consistency
2026-06-09 00:00:00,102,2026-03,411.45,0.0,54011.45,consistency,consistency
2026-06-10 00:00:00,83,2026-03,1029.95,0.0,54629.95,consistency,consistency
2026-06-10 00:00:00,84,2026-03,1029.95,0.0,54629.95,consistency,consistency
2026-06-10 00:00:00,85,2026-03,1029.95,0.0,54629.95,consistency,consistency
2026-06-10 00:00:00,86,2026-03,1029.95,0.0,54629.95,consistency,consistency
2026-06-10 00:00:00,87,2026-03,1029.95,0.0,54629.95,consistency,consistency
2026-06-10 00:00:00,88,2026-03,1029.95,0.0,54629.95,consistency,consistency
2026-06-10 00:00:00,89,2026-03,1029.95,0.0,54629.95,consistency,consistency
2026-06-10 00:00:00,90,2026-03,1029.95,0.0,54629.95,consistency,consistency
2026-06-10 00:00:00,91,2026-03,1029.95,0.0,54629.95,consistency,consistency
2026-06-10 00:00:00,92,2026-03,1029.95,0.0,54629.95,consistency,consistency
2026-06-10 00:00:00,93,2026-03,1029.95,0.0,54629.95,consistency,consistency
2026-06-10 00:00:00,94,2026-03,1029.95,0.0,54629.95,consistency,consistency
2026-06-10 00:00:00,95,2026-03,1029.95,0.0,54629.95,consistency,consistency
2026-06-10 00:00:00,96,2026-03,1029.95,0.0,54629.95,consistency,consistency
2026-06-10 00:00:00,97,2026-03,1029.95,0.0,54629.95,consistency,consistency
2026-06-10 00:00:00,98,2026-03,1029.95,0.0,54629.95,consistency,consistency
2026-06-10 00:00:00,99,2026-03,1029.95,0.0,54629.95,consistency,consistency
2026-06-10 00:00:00,100,2026-03,1029.95,0.0,54629.95,consistency,consistency
2026-06-10 00:00:00,101,2026-03,1029.95,0.0,54629.95,consistency,consistency
2026-06-10 00:00:00,102,2026-03,1029.95,0.0,54629.95,consistency,consistency
2026-06-11 00:00:00,83,2026-03,54.2,0.0,53654.2,consistency,consistency
2026-06-11 00:00:00,84,2026-03,54.2,0.0,53654.2,consistency,consistency
2026-06-11 00:00:00,85,2026-03,54.2,0.0,53654.2,consistency,consistency
2026-06-11 00:00:00,86,2026-03,54.2,0.0,53654.2,consistency,consistency
2026-06-11 00:00:00,87,2026-03,54.2,0.0,53654.2,consistency,consistency
2026-06-11 00:00:00,88,2026-03,54.2,0.0,53654.2,consistency,consistency
2026-06-11 00:00:00,89,2026-03,54.2,0.0,53654.2,consistency,consistency
2026-06-11 00:00:00,90,2026-03,54.2,0.0,53654.2,consistency,consistency
2026-06-11 00:00:00,91,2026-03,54.2,0.0,53654.2,consistency,consistency
2026-06-11 00:00:00,92,2026-03,54.2,0.0,53654.2,consistency,consistency
2026-06-11 00:00:00,93,2026-03,54.2,0.0,53654.2,consistency,consistency
2026-06-11 00:00:00,94,2026-03,54.2,0.0,53654.2,consistency,consistency
2026-06-11 00:00:00,95,2026-03,54.2,0.0,53654.2,consistency,consistency
2026-06-11 00:00:00,96,2026-03,54.2,0.0,53654.2,consistency,consistency
2026-06-11 00:00:00,97,2026-03,54.2,0.0,53654.2,consistency,consistency
2026-06-11 00:00:00,98,2026-03,54.2,0.0,53654.2,consistency,consistency
2026-06-11 00:00:00,99,2026-03,54.2,0.0,53654.2,consistency,consistency
2026-06-11 00:00:00,100,2026-03,54.2,0.0,53654.2,consistency,consistency
2026-06-11 00:00:00,101,2026-03,54.2,0.0,53654.2,consistency,consistency
2026-06-11 00:00:00,102,2026-03,54.2,0.0,53654.2,consistency,consistency
2026-06-12 00:00:00,83,2026-03,1263.8,0.0,54863.8,consistency,consistency
2026-06-12 00:00:00,84,2026-03,1263.8,0.0,54863.8,consistency,consistency
2026-06-12 00:00:00,85,2026-03,1263.8,0.0,54863.8,consistency,consistency
2026-06-12 00:00:00,86,2026-03,1263.8,0.0,54863.8,consistency,consistency
2026-06-12 00:00:00,87,2026-03,1263.8,0.0,54863.8,consistency,consistency
2026-06-12 00:00:00,88,2026-03,1263.8,0.0,54863.8,consistency,consistency
2026-06-12 00:00:00,89,2026-03,1263.8,0.0,54863.8,consistency,consistency
2026-06-12 00:00:00,90,2026-03,1263.8,0.0,54863.8,consistency,consistency
2026-06-12 00:00:00,91,2026-03,1263.8,0.0,54863.8,consistency,consistency
2026-06-12 00:00:00,92,2026-03,1263.8,0.0,54863.8,consistency,consistency
2026-06-12 00:00:00,93,2026-03,1263.8,0.0,54863.8,consistency,consistency
2026-06-12 00:00:00,94,2026-03,1263.8,0.0,54863.8,consistency,consistency
2026-06-12 00:00:00,95,2026-03,1263.8,0.0,54863.8,consistency,consistency
2026-06-12 00:00:00,96,2026-03,1263.8,0.0,54863.8,consistency,consistency
2026-06-12 00:00:00,97,2026-03,1263.8,0.0,54863.8,consistency,consistency
2026-06-12 00:00:00,98,2026-03,1263.8,0.0,54863.8,consistency,consistency
2026-06-12 00:00:00,99,2026-03,1263.8,0.0,54863.8,consistency,consistency
2026-06-12 00:00:00,100,2026-03,1263.8,0.0,54863.8,consistency,consistency
2026-06-12 00:00:00,101,2026-03,1263.8,0.0,54863.8,consistency,consistency
2026-06-12 00:00:00,102,2026-03,1263.8,0.0,54863.8,consistency,consistency
2026-06-16 00:00:00,83,2026-03,42.15,0.0,53642.15,trading_days,trading_days|profitable_days
2026-06-16 00:00:00,84,2026-03,42.15,0.0,53642.15,trading_days,trading_days|profitable_days
2026-06-16 00:00:00,85,2026-03,42.15,0.0,53642.15,trading_days,trading_days|profitable_days
2026-06-16 00:00:00,86,2026-03,42.15,0.0,53642.15,trading_days,trading_days|profitable_days
2026-06-16 00:00:00,87,2026-03,42.15,0.0,53642.15,trading_days,trading_days|profitable_days
2026-06-16 00:00:00,88,2026-03,42.15,0.0,53642.15,trading_days,trading_days|profitable_days
2026-06-16 00:00:00,89,2026-03,42.15,0.0,53642.15,trading_days,trading_days|profitable_days
2026-06-16 00:00:00,90,2026-03,42.15,0.0,53642.15,trading_days,trading_days|profitable_days
2026-06-16 00:00:00,91,2026-03,42.15,0.0,53642.15,trading_days,trading_days|profitable_days
2026-06-16 00:00:00,92,2026-03,42.15,0.0,53642.15,trading_days,trading_days|profitable_days
2026-06-16 00:00:00,93,2026-03,42.15,0.0,53642.15,trading_days,trading_days|profitable_days
2026-06-16 00:00:00,94,2026-03,42.15,0.0,53642.15,trading_days,trading_days|profitable_days
2026-06-16 00:00:00,95,2026-03,42.15,0.0,53642.15,trading_days,trading_days|profitable_days
2026-06-16 00:00:00,96,2026-03,42.15,0.0,53642.15,trading_days,trading_days|profitable_days
2026-06-16 00:00:00,97,2026-03,42.15,0.0,53642.15,trading_days,trading_days|profitable_days
2026-06-16 00:00:00,98,2026-03,42.15,0.0,53642.15,trading_days,trading_days|profitable_days
2026-06-16 00:00:00,99,2026-03,42.15,0.0,53642.15,trading_days,trading_days|profitable_days
2026-06-16 00:00:00,100,2026-03,42.15,0.0,53642.15,trading_days,trading_days|profitable_days
2026-06-16 00:00:00,101,2026-03,42.15,0.0,53642.15,trading_days,trading_days|profitable_days
2026-06-16 00:00:00,102,2026-03,42.15,0.0,53642.15,trading_days,trading_days|profitable_days
2026-07-13 21:30:40,103,2026-06,1000000000.0,0.0,51286.2,minimum_balance,minimum_balance|consistency
2026-07-13 21:30:40,104,2026-06,1000000000.0,0.0,51286.2,minimum_balance,minimum_balance|consistency
2026-07-13 21:30:40,105,2026-06,1000000000.0,0.0,51286.2,minimum_balance,minimum_balance|consistency
2026-07-13 21:30:40,106,2026-06,1000000000.0,0.0,51286.2,minimum_balance,minimum_balance|consistency
2026-07-13 21:30:40,107,2026-06,1000000000.0,0.0,51286.2,minimum_balance,minimum_balance|consistency
2026-07-13 21:30:40,108,2026-06,1000000000.0,0.0,51286.2,minimum_balance,minimum_balance|consistency
2026-07-13 21:30:40,109,2026-06,1000000000.0,0.0,51286.2,minimum_balance,minimum_balance|consistency
2026-07-13 21:30:40,110,2026-06,1000000000.0,0.0,51286.2,minimum_balance,minimum_balance|consistency
2026-07-13 21:30:40,111,2026-06,1000000000.0,0.0,51286.2,minimum_balance,minimum_balance|consistency
2026-07-13 21:30:40,112,2026-06,1000000000.0,0.0,51286.2,minimum_balance,minimum_balance|consistency
2026-07-13 21:30:40,113,2026-06,1000000000.0,0.0,51286.2,minimum_balance,minimum_balance|consistency
2026-07-13 21:30:40,114,2026-06,1000000000.0,0.0,51286.2,minimum_balance,minimum_balance|consistency
2026-07-13 21:30:40,115,2026-06,1000000000.0,0.0,51286.2,minimum_balance,minimum_balance|consistency
2026-07-13 21:30:40,116,2026-06,1000000000.0,0.0,51286.2,minimum_balance,minimum_balance|consistency
2026-07-13 21:30:40,117,2026-06,1000000000.0,0.0,51286.2,minimum_balance,minimum_balance|consistency
2026-07-13 21:30:40,118,2026-06,1000000000.0,0.0,51286.2,minimum_balance,minimum_balance|consistency
2026-07-13 21:30:40,119,2026-06,1000000000.0,0.0,51286.2,minimum_balance,minimum_balance|consistency
2026-07-13 21:30:40,120,2026-06,1000000000.0,0.0,51286.2,minimum_balance,minimum_balance|consistency
2026-07-13 21:30:40,121,2026-06,1000000000.0,0.0,51286.2,minimum_balance,minimum_balance|consistency
2026-07-13 21:30:40,122,2026-06,1000000000.0,0.0,51286.2,minimum_balance,minimum_balance|consistency
