case,experiment,phase,start_year,path_order,portfolio,nominal_sleeves,rr_count,rr_width,mean_target,net_operating_cash,receipts,total_costs,copies,prior_control_reproduced,max_same_signal_deaths,same_signal_multi_death_events,worst_1d_cohort_deaths,worst_1d_fraction,worst_1d_at,half_loss_1d_episodes_min5,peak_1d_replacement_demand,possible_1d_death_cluster,worst_5d_cohort_deaths,worst_5d_fraction,worst_5d_at,half_loss_5d_episodes_min5,peak_5d_replacement_demand,possible_5d_death_cluster,worst_20d_cohort_deaths,worst_20d_fraction,worst_20d_at,half_loss_20d_episodes_min5,peak_20d_replacement_demand,possible_20d_death_cluster,book_wipeouts,days_empty_after_first_activation,deaths,accounts,alive,largest_within_sleeve_signal_loss,max_sleeves_lost_same_signal,multi_sleeve_signal_events,max_sleeves_lost_same_day,multi_sleeve_day_events,sleeve_loss_events,full_copier_sleeve_loss_events,observed_live_days,mean_live_accounts,mean_occupied_sleeves,mean_equal_headroom_fraction,mean_effective_headroom_groups,mean_total_headroom,mean_total_positive_equity,march1_alive,march_cohort_deaths,march_total_deaths,march31_alive
primary__isolation__2020__mae_first__rr_0.50,primary,isolation,2020,mae_first,rr_0.50,1,1,0.0,6800.0,-4000.0,0.0,4000.0,44860,True,20,1,20,1.0,2021-06-04T00:00:00,1,20,20,20,1.0,2021-05-31T00:00:00,1,20,20,20,1.0,2021-05-10T00:00:00,1,20,20,1,1865.2451,20,20,0,20,1,0,1,0,1,1,521,20.0,1.0,1.0,1.0,39473.19769673704,38249.09404990403,0,0,0,0
primary__isolation__2020__mae_first__rr_0.66,primary,isolation,2020,mae_first,rr_0.66,1,1,0.0,6800.0,336000.0,340000.0,4000.0,201700,False,0,0,0,0.0,,0,0,0,0,0.0,,0,0,0,0,0.0,,0,0,0,0,0.0,0,20,20,0,0,0,0,0,0,0,2386,20.0,1.0,1.0,1.0,95054.40863369657,96356.5515507125,20,0,0,20
primary__isolation__2020__mae_first__rr_0.75,primary,isolation,2020,mae_first,rr_0.75,1,1,0.0,6800.0,-4000.0,0.0,4000.0,6020,True,20,1,20,1.0,2020-03-12T00:00:00,1,20,20,20,1.0,2020-03-06T00:00:00,1,20,20,20,1.0,2020-02-14T00:00:00,1,20,20,1,2314.0167,20,20,0,20,1,0,1,0,1,1,72,20.0,1.0,1.0,1.0,26032.01388888889,5338.444444444444,0,0,0,0
primary__isolation__2020__mae_first__rr_0.82,primary,isolation,2020,mae_first,rr_0.82,1,1,0.0,6800.0,-4000.0,0.0,4000.0,5980,False,20,1,20,1.0,2020-03-18T00:00:00,1,20,20,20,1.0,2020-03-12T00:00:00,1,20,20,20,1.0,2020-02-20T00:00:00,1,20,20,1,2308.0847,20,20,0,20,1,0,1,0,1,1,78,20.0,1.0,1.0,1.0,25080.44871794872,4706.807692307692,0,0,0,0
primary__isolation__2020__mae_first__rr_0.83,primary,isolation,2020,mae_first,rr_0.83,1,1,0.0,6800.0,-4000.0,0.0,4000.0,5980,False,20,1,20,1.0,2020-03-18T00:00:00,1,20,20,20,1.0,2020-03-12T00:00:00,1,20,20,20,1.0,2020-02-20T00:00:00,1,20,20,1,2308.0847,20,20,0,20,1,0,1,0,1,1,78,20.0,1.0,1.0,1.0,25047.75641025641,4454.910256410257,0,0,0,0
primary__isolation__2020__mae_first__rr_0.97,primary,isolation,2020,mae_first,rr_0.97,1,1,0.0,6800.0,-4000.0,0.0,4000.0,5660,False,20,1,20,1.0,2020-03-13T00:00:00,1,20,20,20,1.0,2020-03-09T00:00:00,1,20,20,20,1.0,2020-02-17T00:00:00,1,20,20,1,2313.7639,20,20,0,20,1,0,1,0,1,1,73,20.0,1.0,1.0,1.0,25478.15068493151,5181.767123287671,0,0,0,0
primary__isolation__2020__mae_first__rr_1.00,primary,isolation,2020,mae_first,rr_1.00,1,1,0.0,6800.0,-4000.0,0.0,4000.0,5640,True,20,1,20,1.0,2020-03-12T00:00:00,1,20,20,20,1.0,2020-03-06T00:00:00,1,20,20,20,1.0,2020-02-14T00:00:00,1,20,20,1,2314.0167,20,20,0,20,1,0,1,0,1,1,72,20.0,1.0,1.0,1.0,25935.75,5454.430555555556,0,0,0,0
primary__isolation__2020__mae_first__rr_1.13,primary,isolation,2020,mae_first,rr_1.13,1,1,0.0,6800.0,-4000.0,0.0,4000.0,4440,False,20,1,20,1.0,2020-03-02T00:00:00,1,20,20,20,1.0,2020-02-25T00:00:00,1,20,20,20,1.0,2020-02-04T00:00:00,1,20,20,1,2324.7505,20,20,0,20,1,0,1,0,1,1,62,20.0,1.0,1.0,1.0,25921.41935483871,7411.193548387097,0,0,0,0
primary__isolation__2020__mae_first__rr_1.17,primary,isolation,2020,mae_first,rr_1.17,1,1,0.0,6800.0,-4000.0,0.0,4000.0,4360,False,20,1,20,1.0,2020-03-02T00:00:00,1,20,20,20,1.0,2020-02-25T00:00:00,1,20,20,20,1.0,2020-02-04T00:00:00,1,20,20,1,2324.7505,20,20,0,20,1,0,1,0,1,1,62,20.0,1.0,1.0,1.0,25761.887096774193,6662.241935483871,0,0,0,0
primary__isolation__2020__mae_first__rr_1.25,primary,isolation,2020,mae_first,rr_1.25,1,1,0.0,6800.0,-4000.0,0.0,4000.0,4340,True,20,1,20,1.0,2020-03-02T00:00:00,1,20,20,20,1.0,2020-02-25T00:00:00,1,20,20,20,1.0,2020-02-04T00:00:00,1,20,20,1,2324.7505,20,20,0,20,1,0,1,0,1,1,62,20.0,1.0,1.0,1.0,25255.548387096773,7013.258064516129,0,0,0,0
primary__isolation__2020__mae_first__rr_1.29,primary,isolation,2020,mae_first,rr_1.29,1,1,0.0,6800.0,-4000.0,0.0,4000.0,4320,False,20,1,20,1.0,2020-03-02T00:00:00,1,20,20,20,1.0,2020-02-25T00:00:00,1,20,20,20,1.0,2020-02-04T00:00:00,1,20,20,1,2324.7296,20,20,0,20,1,0,1,0,1,1,62,20.0,1.0,1.0,1.0,25182.09677419355,6547.177419354839,0,0,0,0
primary__isolation__2020__mae_first__rr_1.45,primary,isolation,2020,mae_first,rr_1.45,1,1,0.0,6800.0,-4000.0,0.0,4000.0,4200,False,20,1,20,1.0,2020-03-02T00:00:00,1,20,20,20,1.0,2020-02-25T00:00:00,1,20,20,20,1.0,2020-02-04T00:00:00,1,20,20,1,2324.7088,20,20,0,20,1,0,1,0,1,1,62,20.0,1.0,1.0,1.0,25747.983870967742,6193.096774193548,0,0,0,0
primary__isolation__2020__mae_first__rr_1.50,primary,isolation,2020,mae_first,rr_1.50,1,1,0.0,6800.0,-4000.0,0.0,4000.0,4200,True,20,1,20,1.0,2020-03-02T00:00:00,1,20,20,20,1.0,2020-02-25T00:00:00,1,20,20,20,1.0,2020-02-04T00:00:00,1,20,20,1,2324.7088,20,20,0,20,1,0,1,0,1,1,62,20.0,1.0,1.0,1.0,25740.887096774193,7184.870967741936,0,0,0,0
primary__isolation__2020__mae_first__rr_1.61,primary,isolation,2020,mae_first,rr_1.61,1,1,0.0,6800.0,-4000.0,0.0,4000.0,4120,False,20,1,20,1.0,2020-03-02T00:00:00,1,20,20,20,1.0,2020-02-25T00:00:00,1,20,20,20,1.0,2020-02-04T00:00:00,1,20,20,1,2324.7088,20,20,0,20,1,0,1,0,1,1,62,20.0,1.0,1.0,1.0,25603.354838709678,6970.032258064516,0,0,0,0
primary__isolation__2020__mae_first__rr_1.75,primary,isolation,2020,mae_first,rr_1.75,1,1,0.0,6800.0,-4000.0,0.0,4000.0,4940,False,20,1,20,1.0,2020-03-12T00:00:00,1,20,20,20,1.0,2020-03-06T00:00:00,1,20,20,20,1.0,2020-02-14T00:00:00,1,20,20,1,2314.0167,20,20,0,20,1,0,1,0,1,1,72,20.0,1.0,1.0,1.0,25301.13888888889,7713.305555555556,0,0,0,0
primary__isolation__2020__mae_first__rr_1.76,primary,isolation,2020,mae_first,rr_1.76,1,1,0.0,6800.0,-4000.0,0.0,4000.0,4940,False,20,1,20,1.0,2020-03-12T00:00:00,1,20,20,20,1.0,2020-03-06T00:00:00,1,20,20,20,1.0,2020-02-14T00:00:00,1,20,20,1,2314.0167,20,20,0,20,1,0,1,0,1,1,72,20.0,1.0,1.0,1.0,25304.333333333332,7879.416666666667,0,0,0,0
primary__isolation__2020__mae_first__rr_1.83,primary,isolation,2020,mae_first,rr_1.83,1,1,0.0,6800.0,-4000.0,0.0,4000.0,4880,False,20,1,20,1.0,2020-03-12T00:00:00,1,20,20,20,1.0,2020-03-06T00:00:00,1,20,20,20,1.0,2020-02-14T00:00:00,1,20,20,1,2314.0167,20,20,0,20,1,0,1,0,1,1,72,20.0,1.0,1.0,1.0,25238.0,7923.583333333333,0,0,0,0
primary__isolation__2020__mae_first__rr_1.92,primary,isolation,2020,mae_first,rr_1.92,1,1,0.0,6800.0,-4000.0,0.0,4000.0,4840,False,20,1,20,1.0,2020-03-12T00:00:00,1,20,20,20,1.0,2020-03-06T00:00:00,1,20,20,20,1.0,2020-02-14T00:00:00,1,20,20,1,2314.0167,20,20,0,20,1,0,1,0,1,1,72,20.0,1.0,1.0,1.0,25431.125,9085.194444444445,0,0,0,0
primary__isolation__2020__mae_first__rr_2.00,primary,isolation,2020,mae_first,rr_2.00,1,1,0.0,6800.0,-4000.0,0.0,4000.0,4700,True,20,1,20,1.0,2020-03-12T00:00:00,1,20,20,20,1.0,2020-03-06T00:00:00,1,20,20,20,1.0,2020-02-14T00:00:00,1,20,20,1,2314.0167,20,20,0,20,1,0,1,0,1,1,72,20.0,1.0,1.0,1.0,25307.625,9404.611111111111,0,0,0,0
primary__isolation__2020__mae_first__rr_2.08,primary,isolation,2020,mae_first,rr_2.08,1,1,0.0,6800.0,-4000.0,0.0,4000.0,4640,False,20,1,20,1.0,2020-03-12T00:00:00,1,20,20,20,1.0,2020-03-06T00:00:00,1,20,20,20,1.0,2020-02-14T00:00:00,1,20,20,1,2314.0167,20,20,0,20,1,0,1,0,1,1,72,20.0,1.0,1.0,1.0,25541.166666666668,10719.041666666666,0,0,0,0
primary__isolation__2020__mae_first__rr_2.17,primary,isolation,2020,mae_first,rr_2.17,1,1,0.0,6800.0,-4000.0,0.0,4000.0,4560,False,20,1,20,1.0,2020-03-12T00:00:00,1,20,20,20,1.0,2020-03-06T00:00:00,1,20,20,20,1.0,2020-02-14T00:00:00,1,20,20,1,2314.1743,20,20,0,20,1,0,1,0,1,1,72,20.0,1.0,1.0,1.0,25492.944444444445,10976.402777777777,0,0,0,0
primary__isolation__2020__mae_first__rr_2.24,primary,isolation,2020,mae_first,rr_2.24,1,1,0.0,6800.0,-4000.0,0.0,4000.0,4540,False,20,1,20,1.0,2020-03-12T00:00:00,1,20,20,20,1.0,2020-03-06T00:00:00,1,20,20,20,1.0,2020-02-14T00:00:00,1,20,20,1,2314.1743,20,20,0,20,1,0,1,0,1,1,72,20.0,1.0,1.0,1.0,25477.569444444445,9890.430555555555,0,0,0,0
primary__isolation__2020__mae_first__rr_2.25,primary,isolation,2020,mae_first,rr_2.25,1,1,0.0,6800.0,-4000.0,0.0,4000.0,4540,False,20,1,20,1.0,2020-03-12T00:00:00,1,20,20,20,1.0,2020-03-06T00:00:00,1,20,20,20,1.0,2020-02-14T00:00:00,1,20,20,1,2314.1743,20,20,0,20,1,0,1,0,1,1,72,20.0,1.0,1.0,1.0,25479.652777777777,9915.847222222223,0,0,0,0
primary__isolation__2020__mae_first__rr_2.39,primary,isolation,2020,mae_first,rr_2.39,1,1,0.0,6800.0,-4000.0,0.0,4000.0,3720,False,20,1,20,1.0,2020-02-28T00:00:00,1,20,20,20,1.0,2020-02-24T00:00:00,1,20,20,20,1.0,2020-02-03T00:00:00,1,20,20,1,2327.2405,20,20,0,20,1,0,1,0,1,1,59,20.0,1.0,1.0,1.0,26700.627118644068,6649.762711864407,0,0,0,0
primary__isolation__2020__mae_first__rr_2.50,primary,isolation,2020,mae_first,rr_2.50,1,1,0.0,6800.0,-4000.0,0.0,4000.0,3700,True,20,1,20,1.0,2020-02-28T00:00:00,1,20,20,20,1.0,2020-02-24T00:00:00,1,20,20,20,1.0,2020-02-03T00:00:00,1,20,20,1,2327.2405,20,20,0,20,1,0,1,0,1,1,59,20.0,1.0,1.0,1.0,26440.5593220339,6295.64406779661,0,0,0,0
primary__isolation__2020__mae_first__rr_2.55,primary,isolation,2020,mae_first,rr_2.55,1,1,0.0,6800.0,-4000.0,0.0,4000.0,3680,False,20,1,20,1.0,2020-02-28T00:00:00,1,20,20,20,1.0,2020-02-24T00:00:00,1,20,20,20,1.0,2020-02-03T00:00:00,1,20,20,1,2327.2405,20,20,0,20,1,0,1,0,1,1,59,20.0,1.0,1.0,1.0,26693.949152542373,7116.847457627118,0,0,0,0
primary__isolation__2020__mae_first__rr_2.71,primary,isolation,2020,mae_first,rr_2.71,1,1,0.0,6800.0,-4000.0,0.0,4000.0,3620,False,20,1,20,1.0,2020-02-28T00:00:00,1,20,20,20,1.0,2020-02-24T00:00:00,1,20,20,20,1.0,2020-02-03T00:00:00,1,20,20,1,2327.4201,20,20,0,20,1,0,1,0,1,1,59,20.0,1.0,1.0,1.0,26477.610169491527,5403.728813559322,0,0,0,0
primary__isolation__2020__mae_first__rr_2.75,primary,isolation,2020,mae_first,rr_2.75,1,1,0.0,6800.0,-4000.0,0.0,4000.0,3620,False,20,1,20,1.0,2020-02-28T00:00:00,1,20,20,20,1.0,2020-02-24T00:00:00,1,20,20,20,1.0,2020-02-03T00:00:00,1,20,20,1,2327.4201,20,20,0,20,1,0,1,0,1,1,59,20.0,1.0,1.0,1.0,26477.610169491527,5467.593220338983,0,0,0,0
primary__isolation__2020__mae_first__rr_2.83,primary,isolation,2020,mae_first,rr_2.83,1,1,0.0,6800.0,-4000.0,0.0,4000.0,3600,False,20,1,20,1.0,2020-02-28T00:00:00,1,20,20,20,1.0,2020-02-24T00:00:00,1,20,20,20,1.0,2020-02-03T00:00:00,1,20,20,1,2327.4201,20,20,0,20,1,0,1,0,1,1,59,20.0,1.0,1.0,1.0,26312.64406779661,5674.135593220339,0,0,0,0
primary__isolation__2020__mae_first__rr_2.87,primary,isolation,2020,mae_first,rr_2.87,1,1,0.0,6800.0,-4000.0,0.0,4000.0,3520,False,20,1,20,1.0,2020-02-28T00:00:00,1,20,20,20,1.0,2020-02-24T00:00:00,1,20,20,20,1.0,2020-02-03T00:00:00,1,20,20,1,2327.4201,20,20,0,20,1,0,1,0,1,1,59,20.0,1.0,1.0,1.0,26414.677966101695,6395.169491525424,0,0,0,0
primary__isolation__2020__mae_first__rr_3.03,primary,isolation,2020,mae_first,rr_3.03,1,1,0.0,6800.0,-4000.0,0.0,4000.0,3420,False,20,1,20,1.0,2020-02-28T00:00:00,1,20,20,20,1.0,2020-02-24T00:00:00,1,20,20,20,1.0,2020-02-03T00:00:00,1,20,20,1,2327.4201,20,20,0,20,1,0,1,0,1,1,59,20.0,1.0,1.0,1.0,26269.71186440678,7233.169491525424,0,0,0,0
primary__isolation__2020__mae_first__rr_3.17,primary,isolation,2020,mae_first,rr_3.17,1,1,0.0,6800.0,-4000.0,0.0,4000.0,3340,False,20,1,20,1.0,2020-02-28T00:00:00,1,20,20,20,1.0,2020-02-24T00:00:00,1,20,20,20,1.0,2020-02-03T00:00:00,1,20,20,1,2327.4201,20,20,0,20,1,0,1,0,1,1,59,20.0,1.0,1.0,1.0,26297.050847457627,8419.06779661017,0,0,0,0
primary__isolation__2020__mae_first__rr_3.18,primary,isolation,2020,mae_first,rr_3.18,1,1,0.0,6800.0,-4000.0,0.0,4000.0,3340,False,20,1,20,1.0,2020-02-28T00:00:00,1,20,20,20,1.0,2020-02-24T00:00:00,1,20,20,20,1.0,2020-02-03T00:00:00,1,20,20,1,2327.4201,20,20,0,20,1,0,1,0,1,1,59,20.0,1.0,1.0,1.0,26315.694915254237,8866.525423728814,0,0,0,0
primary__isolation__2020__mae_first__rr_3.25,primary,isolation,2020,mae_first,rr_3.25,1,1,0.0,6800.0,-4000.0,0.0,4000.0,3340,False,20,1,20,1.0,2020-02-28T00:00:00,1,20,20,20,1.0,2020-02-24T00:00:00,1,20,20,20,1.0,2020-02-03T00:00:00,1,20,20,1,2327.4201,20,20,0,20,1,0,1,0,1,1,59,20.0,1.0,1.0,1.0,26298.762711864405,9039.254237288136,0,0,0,0
primary__isolation__2020__mae_first__rr_3.34,primary,isolation,2020,mae_first,rr_3.34,1,1,0.0,6800.0,-4000.0,0.0,4000.0,3320,False,20,1,20,1.0,2020-02-28T00:00:00,1,20,20,20,1.0,2020-02-24T00:00:00,1,20,20,20,1.0,2020-02-03T00:00:00,1,20,20,1,2327.4201,20,20,0,20,1,0,1,0,1,1,59,20.0,1.0,1.0,1.0,26422.745762711864,9062.881355932202,0,0,0,0
primary__isolation__2020__mae_first__rr_3.50,primary,isolation,2020,mae_first,rr_3.50,1,1,0.0,6800.0,-4000.0,0.0,4000.0,3300,True,20,1,20,1.0,2020-02-28T00:00:00,1,20,20,20,1.0,2020-02-24T00:00:00,1,20,20,20,1.0,2020-02-03T00:00:00,1,20,20,1,2327.4201,20,20,0,20,1,0,1,0,1,1,59,20.0,1.0,1.0,1.0,26440.20338983051,8957.101694915254,0,0,0,0
primary__isolation__2020__mae_first__wide4,primary,isolation,2020,mae_first,wide4,4,4,3.0,6800.0,-4000.0,0.0,4000.0,14015,True,5,4,10,1.0,2021-06-04T00:00:00,3,10,15,15,1.0,2021-05-31T00:00:00,3,15,15,15,1.0,2021-05-10T00:00:00,3,15,15,1,1865.2451,20,20,0,5,1,0,2,1,4,4,521,6.727447216890595,1.345489443378119,0.9265834932821497,1.2756238080614204,12131.207293666026,10207.846449136276,0,0,0,0
primary__isolation__2020__mae_first__center4,primary,isolation,2020,mae_first,center4,4,4,1.5,6800.0,-4000.0,0.0,4000.0,4360,False,5,4,10,1.0,2020-03-12T00:00:00,1,10,10,10,1.0,2020-03-06T00:00:00,2,10,10,20,1.0,2020-02-14T00:00:00,2,20,20,1,2314.0167,20,20,0,5,1,0,2,1,4,4,72,18.40277777777778,3.6805555555555554,0.4791666666666667,2.836111166666667,23556.38888888889,7037.184027777777,0,0,0,0
primary__isolation__2020__mae_first__edge4,primary,isolation,2020,mae_first,edge4,4,4,3.0,6800.0,-4000.0,0.0,4000.0,14380,False,10,3,10,1.0,2021-06-04T00:00:00,3,10,10,10,1.0,2021-05-31T00:00:00,3,10,10,15,1.0,2021-05-10T00:00:00,3,15,15,1,1865.2451,20,20,0,5,2,1,2,1,4,4,521,6.823416506717851,1.36468330134357,0.9328214971209213,1.2088292015355087,12260.767754318618,10256.20489443378,0,0,0,0
primary__isolation__2020__mae_first__without050,primary,isolation,2020,mae_first,without050,4,4,2.75,6800.0,-4000.0,0.0,4000.0,4305,False,5,4,10,1.0,2020-03-12T00:00:00,3,10,15,15,1.0,2020-03-06T00:00:00,3,15,15,20,1.0,2020-02-14T00:00:00,2,20,20,1,2314.0167,20,20,0,5,1,0,2,1,4,4,72,17.5,3.5,0.4930555555555556,2.8685185972222222,22882.65625,6006.048611111111,0,0,0,0
primary__isolation__2020__mae_first__extremes2,primary,isolation,2020,mae_first,extremes2,2,2,3.0,6800.0,-4000.0,0.0,4000.0,24080,False,10,2,10,1.0,2021-06-04T00:00:00,2,10,10,10,1.0,2021-05-31T00:00:00,2,10,10,10,1.0,2021-05-10T00:00:00,2,10,10,1,1865.2451,20,20,0,10,1,0,1,0,2,2,521,11.132437619961612,1.1132437619961613,0.9452975047984645,1.109404990403071,21233.69289827255,19631.714971209214,0,0,0,0
primary__isolation__2020__mae_first__grid5,primary,isolation,2020,mae_first,grid5,5,5,3.0,6800.0,-4000.0,0.0,4000.0,12164,False,8,4,8,1.0,2021-06-04T00:00:00,1,8,12,12,1.0,2021-05-31T00:00:00,2,12,12,16,1.0,2021-05-10T00:00:00,2,16,16,1,1865.2451,20,20,0,4,2,1,2,1,5,5,521,5.934740882917467,1.4836852207293667,0.9168905950095969,1.343987800383877,10393.735124760076,8403.373896353167,0,0,0,0
primary__isolation__2020__mae_first__grid10,primary,isolation,2020,mae_first,grid10,10,10,3.0,6800.0,-4000.0,0.0,4000.0,8278,False,6,7,8,1.0,2021-06-04T00:00:00,1,8,12,12,1.0,2021-05-31T00:00:00,2,12,12,18,1.0,2021-05-10T00:00:00,2,18,18,1,1865.2451,20,20,0,2,3,2,4,3,10,10,521,4.234165067178503,2.1170825335892514,0.9068138195777351,1.5650127274472168,6830.901727447216,4649.902495201536,0,0,0,0
primary__isolation__2020__mae_first__grid20,primary,isolation,2020,mae_first,grid20,20,20,3.0,6800.0,13000.0,17000.0,4000.0,16108,False,6,4,8,0.5,2020-03-12T00:00:00,1,8,12,12,0.75,2020-03-12T00:00:00,2,12,12,18,0.9,2020-02-20T00:00:00,2,18,18,0,0.0,19,20,1,1,6,4,8,3,19,19,2386,1.7041072925398155,1.7041072925398155,0.8866582844369936,1.3526373260687343,5812.079128248114,5416.768713327745,1,0,0,1
primary__isolation__2020__mae_first__ladder4,primary,isolation,2020,mae_first,ladder4,4,1,0.0,6800.0,-4000.0,0.0,4000.0,5640,False,20,1,20,1.0,2020-03-12T00:00:00,1,20,20,20,1.0,2020-03-06T00:00:00,1,20,20,20,1.0,2020-02-14T00:00:00,1,20,20,1,2314.0167,20,20,0,5,4,1,4,1,4,4,72,20.0,4.0,1.0,1.0,25935.75,5454.430555555556,0,0,0,0
primary__isolation__2020__mae_first__ladder20,primary,isolation,2020,mae_first,ladder20,20,1,0.0,6800.0,-4000.0,0.0,4000.0,5640,False,20,1,20,1.0,2020-03-12T00:00:00,1,20,20,20,1.0,2020-03-06T00:00:00,1,20,20,20,1.0,2020-02-14T00:00:00,1,20,20,1,2314.0167,20,20,0,1,20,1,20,1,20,20,72,20.0,20.0,1.0,1.0,25935.75,5454.430555555556,0,0,0,0
primary__isolation__2020__mae_first__uniform_low,primary,isolation,2020,mae_first,uniform_low,1,1,0.0,5300.0,-4000.0,0.0,4000.0,5640,False,20,1,20,1.0,2020-03-12T00:00:00,1,20,20,20,1.0,2020-03-06T00:00:00,1,20,20,20,1.0,2020-02-14T00:00:00,1,20,20,1,2314.0167,20,20,0,20,1,0,1,0,1,1,72,20.0,1.0,1.0,1.0,25935.75,5454.430555555556,0,0,0,0
primary__isolation__2020__mae_first__uniform_high,primary,isolation,2020,mae_first,uniform_high,1,1,0.0,8300.0,-4000.0,0.0,4000.0,5640,False,20,1,20,1.0,2020-03-12T00:00:00,1,20,20,20,1.0,2020-03-06T00:00:00,1,20,20,20,1.0,2020-02-14T00:00:00,1,20,20,1,2314.0167,20,20,0,20,1,0,1,0,1,1,72,20.0,1.0,1.0,1.0,25935.75,5454.430555555556,0,0,0,0
primary__isolation__2020__mae_first__grid20_reverse,primary,isolation,2020,mae_first,grid20_reverse,20,20,3.0,6800.0,13000.0,17000.0,4000.0,16108,False,6,4,8,0.5,2020-03-12T00:00:00,1,8,12,12,0.75,2020-03-12T00:00:00,2,12,12,18,0.9,2020-02-20T00:00:00,2,18,18,0,0.0,19,20,1,1,6,4,8,3,19,19,2386,1.7041072925398155,1.7041072925398155,0.8866582844369936,1.3526373260687343,5812.079128248114,5416.768713327745,1,0,0,1
primary__isolation__2020__mae_first__ladder20_reverse,primary,isolation,2020,mae_first,ladder20_reverse,20,1,0.0,6800.0,-4000.0,0.0,4000.0,5640,False,20,1,20,1.0,2020-03-12T00:00:00,1,20,20,20,1.0,2020-03-06T00:00:00,1,20,20,20,1.0,2020-02-14T00:00:00,1,20,20,1,2314.0167,20,20,0,1,20,1,20,1,20,20,72,20.0,20.0,1.0,1.0,25935.75,5454.430555555556,0,0,0,0
primary__operating__2020__mae_first__rr_0.50,primary,operating,2020,mae_first,rr_0.50,1,1,0.0,6800.0,137320.0,156500.0,19180.0,101986,True,10,17,10,1.0,2021-06-04T00:00:00,6,10,10,10,1.0,2021-05-31T00:00:00,7,10,10,10,1.0,2021-05-10T00:00:00,8,10,10,1,32.9072,78,98,20,10,1,0,1,0,34,1,2294,10.021360069747166,1.0,0.3992246277500447,5.515808058413252,38331.90407585004,37111.57755013078,20,0,0,20
primary__operating__2020__mae_first__rr_0.66,primary,operating,2020,mae_first,rr_0.66,1,1,0.0,6800.0,220661.0,236000.0,15339.0,134678,False,7,14,10,0.777778,2021-05-17T00:00:00,4,10,10,10,0.833333,2021-11-29T00:00:00,6,10,10,10,0.888889,2021-05-11T00:00:00,6,10,10,0,0.0,61,81,20,7,1,0,1,0,20,0,2326,13.615219260533104,1.0,0.31913475853680007,7.279873467755804,57246.57224849528,56665.03579105761,20,0,0,20
primary__operating__2020__mae_first__rr_0.75,primary,operating,2020,mae_first,rr_0.75,1,1,0.0,6800.0,222784.0,239500.0,16716.0,123050,True,7,16,9,1.0,2020-03-12T00:00:00,5,9,9,10,1.0,2020-03-06T00:00:00,6,10,10,10,1.0,2020-03-02T00:00:00,6,10,10,3,40.6838,67,87,20,7,1,0,1,0,31,3,2286,12.932633420822397,1.0,0.3201238019680606,8.263710135170605,53317.8747375328,52750.54365704287,20,0,0,20
primary__operating__2020__mae_first__rr_0.82,primary,operating,2020,mae_first,rr_0.82,1,1,0.0,6800.0,274258.0,290000.0,15742.0,121797,False,6,15,8,1.0,2020-03-18T00:00:00,2,8,8,8,1.0,2020-03-12T00:00:00,4,8,8,9,1.0,2020-03-02T00:00:00,5,9,9,3,54.7567,60,80,20,6,1,0,1,0,28,3,2272,13.085827464788732,1.0,0.3182629370663706,8.281641753961267,58734.17218309859,58328.908428697185,20,0,0,20
primary__operating__2020__mae_first__rr_0.83,primary,operating,2020,mae_first,rr_0.83,1,1,0.0,6800.0,293149.0,307500.0,14351.0,128541,False,6,13,6,1.0,2020-03-18T00:00:00,3,6,6,9,1.0,2020-03-12T00:00:00,5,9,9,10,1.0,2020-03-02T00:00:00,7,10,10,2,29.4942,56,76,20,6,1,0,1,0,22,2,2297,13.686112320417937,1.0,0.30820871316217247,9.021461368741837,60997.34930343927,60640.93613408795,20,0,0,20
primary__operating__2020__mae_first__rr_0.97,primary,operating,2020,mae_first,rr_0.97,1,1,0.0,6800.0,303831.0,320000.0,16169.0,114852,False,7,18,7,1.0,2020-03-13T00:00:00,3,7,7,9,1.0,2020-03-09T00:00:00,6,9,9,12,1.0,2020-03-02T00:00:00,6,13,13,2,1.056,65,85,20,7,1,0,1,0,29,2,2326,12.541702493551162,1.0,0.33660171936331995,6.8225487901977635,59160.4086844368,58951.906835769565,20,0,0,20
primary__operating__2020__mae_first__rr_1.00,primary,operating,2020,mae_first,rr_1.00,1,1,0.0,6800.0,312147.0,328000.0,15853.0,117000,True,7,15,8,1.0,2020-03-12T00:00:00,4,8,8,11,1.0,2020-03-06T00:00:00,6,11,11,12,1.0,2020-03-02T00:00:00,5,13,13,2,0.3088,63,83,20,7,1,0,1,0,30,2,2326,12.850816852966465,1.0,0.3385156807547623,7.022597779449699,61009.32504299227,60837.73611349958,20,0,0,20
primary__operating__2020__mae_first__rr_1.13,primary,operating,2020,mae_first,rr_1.13,1,1,0.0,6800.0,405887.0,421200.0,15313.0,122353,False,7,14,8,1.0,2020-03-12T00:00:00,3,8,8,8,1.0,2020-03-06T00:00:00,4,8,8,10,1.0,2020-03-02T00:00:00,4,11,11,2,0.4664,60,80,20,7,1,0,1,0,23,2,2326,13.791917454858126,1.0,0.29364084673342783,7.997811923903697,67268.49864574376,67102.17684866724,20,0,0,20
primary__operating__2020__mae_first__rr_1.17,primary,operating,2020,mae_first,rr_1.17,1,1,0.0,6800.0,407520.0,422800.0,15280.0,123455,False,6,13,6,1.0,2020-03-12T00:00:00,1,6,6,7,1.0,2020-03-06T00:00:00,3,7,7,10,1.0,2020-03-02T00:00:00,4,10,10,2,0.4664,60,80,20,6,1,0,1,0,26,2,2326,14.020206362854687,1.0,0.232692572402348,9.115236855975924,69609.43518916595,69601.71171539124,20,0,0,20
primary__operating__2020__mae_first__rr_1.25,primary,operating,2020,mae_first,rr_1.25,1,1,0.0,6800.0,370314.0,384000.0,13686.0,125786,True,5,14,6,1.0,2020-03-12T00:00:00,0,6,6,6,1.0,2020-03-06T00:00:00,0,6,6,9,1.0,2020-03-02T00:00:00,4,9,9,2,0.4664,52,72,20,5,1,0,1,0,26,2,2326,14.51633705932932,1.0,0.2140016130114267,11.65630469733448,71143.56614359414,71363.52687016338,20,0,0,20
primary__operating__2020__mae_first__rr_1.29,primary,operating,2020,mae_first,rr_1.29,1,1,0.0,6800.0,410942.0,422600.0,11658.0,128340,False,4,11,4,1.0,2020-03-12T00:00:00,0,4,4,5,1.0,2020-03-06T00:00:00,0,5,5,6,1.0,2020-03-02T00:00:00,0,6,6,2,0.4664,40,60,20,4,1,0,1,0,24,2,2326,14.913155631986243,1.0,0.21183700720973214,10.094709447549441,75020.982566638,75474.45670679277,20,0,0,20
primary__operating__2020__mae_first__rr_1.45,primary,operating,2020,mae_first,rr_1.45,1,1,0.0,6800.0,389637.0,402500.0,12863.0,117902,False,7,9,7,1.0,2020-03-12T00:00:00,1,7,7,7,1.0,2020-03-06T00:00:00,2,7,7,8,1.0,2020-03-02T00:00:00,3,9,9,2,0.4664,47,67,20,7,1,0,1,0,29,2,2326,14.063628546861565,1.0,0.20557365001245792,10.149181893809114,70473.0497205503,70818.72628976784,20,0,0,20
primary__operating__2020__mae_first__rr_1.50,primary,operating,2020,mae_first,rr_1.50,1,1,0.0,6800.0,397579.0,410850.0,13271.0,117474,True,7,12,7,1.0,2020-03-12T00:00:00,1,7,7,8,1.0,2020-03-06T00:00:00,2,8,8,8,1.0,2020-03-02T00:00:00,3,10,10,2,0.4664,50,70,20,7,1,0,1,0,25,2,2326,14.119088564058469,1.0,0.20775655141404484,10.159860963456577,71768.632072227,72079.11829320723,20,0,0,20
primary__operating__2020__mae_first__rr_1.61,primary,operating,2020,mae_first,rr_1.61,1,1,0.0,6800.0,401349.0,413000.0,11651.0,125010,False,4,11,4,1.0,2020-03-12T00:00:00,0,4,4,6,1.0,2020-03-06T00:00:00,0,6,6,9,1.0,2020-03-02T00:00:00,0,9,9,2,0.3088,41,61,20,4,1,0,1,0,28,2,2326,15.245915735167669,1.0,0.185125287131332,11.659874728288909,78937.40640584694,79492.72317282889,20,0,0,20
primary__operating__2020__mae_first__rr_1.75,primary,operating,2020,mae_first,rr_1.75,1,1,0.0,6800.0,419567.0,431850.0,12283.0,120441,False,4,12,5,1.0,2020-03-12T00:00:00,0,5,5,9,1.0,2020-03-06T00:00:00,0,9,9,9,1.0,2020-03-02T00:00:00,0,9,9,2,0.3088,45,65,20,4,1,0,1,0,29,2,2326,14.976784178847808,1.0,0.18270236790750624,12.257835951418745,82574.39178847807,83129.86539122958,20,0,0,20
primary__operating__2020__mae_first__rr_1.76,primary,operating,2020,mae_first,rr_1.76,1,1,0.0,6800.0,420200.0,432450.0,12250.0,120518,False,4,12,5,1.0,2020-03-12T00:00:00,0,5,5,9,1.0,2020-03-06T00:00:00,0,9,9,9,1.0,2020-03-02T00:00:00,0,9,9,2,0.3088,45,65,20,4,1,0,1,0,29,2,2326,15.006878761822872,1.0,0.1828996590740932,11.688160604471195,83006.59243336199,83554.61044711951,20,0,0,20
primary__operating__2020__mae_first__rr_1.83,primary,operating,2020,mae_first,rr_1.83,1,1,0.0,6800.0,426008.0,438100.0,12092.0,121467,False,4,12,5,1.0,2020-03-12T00:00:00,0,5,5,8,1.0,2020-03-06T00:00:00,0,8,8,8,1.0,2020-03-02T00:00:00,0,8,8,2,0.3088,44,64,20,4,1,0,1,0,27,2,2326,15.276010318142735,1.0,0.20020996975512692,10.681906090283748,83420.1171539123,83970.04211092004,20,0,0,20
primary__operating__2020__mae_first__rr_1.92,primary,operating,2020,mae_first,rr_1.92,1,1,0.0,6800.0,384920.0,398250.0,13330.0,119619,False,7,11,8,1.0,2020-03-12T00:00:00,0,8,8,9,1.0,2020-03-06T00:00:00,0,9,9,9,1.0,2020-03-02T00:00:00,0,9,9,2,0.3088,51,71,20,7,1,0,1,0,25,2,2326,15.227429062768701,1.0,0.18016115480585304,11.770661842648323,81806.3018916595,82281.59189595873,20,0,0,20
primary__operating__2020__mae_first__rr_2.00,primary,operating,2020,mae_first,rr_2.00,1,1,0.0,6800.0,379572.0,393100.0,13528.0,115393,True,7,10,8,1.0,2020-03-12T00:00:00,0,8,8,8,1.0,2020-03-06T00:00:00,0,8,8,8,1.0,2020-03-02T00:00:00,0,8,8,2,0.3088,51,71,20,7,1,0,1,0,28,2,2326,14.887790197764403,1.0,0.23632478256838363,8.919555459157351,82717.80070937231,83110.14331470335,20,0,0,20
primary__operating__2020__mae_first__rr_2.08,primary,operating,2020,mae_first,rr_2.08,1,1,0.0,6800.0,399919.0,412400.0,12481.0,111907,False,5,13,7,1.0,2020-03-12T00:00:00,0,7,7,8,1.0,2020-03-06T00:00:00,0,8,8,8,1.0,2020-03-02T00:00:00,0,8,8,2,0.3088,45,65,20,5,1,0,1,0,23,2,2326,14.598882201203784,1.0,0.2123923850357303,9.8122805855546,81955.14434651763,82400.89759243336,20,0,0,20
primary__operating__2020__mae_first__rr_2.17,primary,operating,2020,mae_first,rr_2.17,1,1,0.0,6800.0,374750.0,388700.0,13950.0,111766,False,8,10,8,1.0,2020-03-12T00:00:00,0,8,8,9,1.0,2020-03-06T00:00:00,1,9,9,9,1.0,2020-03-02T00:00:00,1,9,9,2,0.4664,52,72,20,8,1,0,1,0,26,2,2326,14.73645743766122,1.0,0.20289851161274683,10.538408224419605,79791.46294067068,80198.14165950129,20,0,0,20
primary__operating__2020__mae_first__rr_2.24,primary,operating,2020,mae_first,rr_2.24,1,1,0.0,6800.0,393346.0,406400.0,13054.0,113029,False,6,12,6,1.0,2020-03-12T00:00:00,0,6,6,9,1.0,2020-03-06T00:00:00,1,9,9,9,1.0,2020-03-02T00:00:00,1,9,9,2,0.4664,48,68,20,6,1,0,1,0,25,2,2326,14.990111779879621,1.0,0.22202067755935861,9.980120332760103,83581.64226139295,84101.4097377472,20,0,0,20
primary__operating__2020__mae_first__rr_2.25,primary,operating,2020,mae_first,rr_2.25,1,1,0.0,6800.0,401196.0,414250.0,13054.0,112821,False,6,12,6,1.0,2020-03-12T00:00:00,0,6,6,9,1.0,2020-03-06T00:00:00,1,9,9,9,1.0,2020-03-02T00:00:00,1,9,9,2,0.4664,48,68,20,6,1,0,1,0,25,2,2326,14.99183147033534,1.0,0.22220740239366005,9.960879936801375,84161.08957437662,84685.48933791916,20,0,0,20
primary__operating__2020__mae_first__rr_2.39,primary,operating,2020,mae_first,rr_2.39,1,1,0.0,6800.0,418308.0,433800.0,15492.0,98904,False,7,12,7,1.0,2020-03-12T00:00:00,1,7,7,7,1.0,2020-03-06T00:00:00,3,7,7,8,1.0,2020-03-02T00:00:00,4,9,9,2,0.4664,58,78,20,7,1,0,1,0,29,2,2326,13.35511607910576,1.0,0.23232982584045678,8.270505223129836,79349.60616938952,79675.67330180567,20,0,0,20
primary__operating__2020__mae_first__rr_2.50,primary,operating,2020,mae_first,rr_2.50,1,1,0.0,6800.0,437322.0,452300.0,14978.0,103326,True,7,11,7,1.0,2020-03-12T00:00:00,0,7,7,7,1.0,2020-03-06T00:00:00,1,7,7,8,1.0,2020-03-02T00:00:00,2,8,8,2,0.4664,56,76,20,7,1,0,1,0,27,2,2326,14.142734307824592,1.0,0.21927511938002117,8.89074384565778,83988.36040412725,84317.64458297506,20,0,0,20
primary__operating__2020__mae_first__rr_2.55,primary,operating,2020,mae_first,rr_2.55,1,1,0.0,6800.0,445619.0,460050.0,14431.0,105328,False,7,11,7,1.0,2020-03-12T00:00:00,0,7,7,7,1.0,2020-03-06T00:00:00,0,7,7,8,1.0,2020-03-02T00:00:00,1,8,8,2,0.4664,54,74,20,7,1,0,1,0,26,2,2326,14.495700773860705,1.0,0.20735200654691655,9.2887973783319,84538.39539982802,84949.24099312125,20,0,0,20
primary__operating__2020__mae_first__rr_2.71,primary,operating,2020,mae_first,rr_2.71,1,1,0.0,6800.0,426165.0,441400.0,15235.0,97652,False,7,11,7,1.0,2020-03-12T00:00:00,2,7,7,7,1.0,2020-03-06T00:00:00,3,7,7,7,1.0,2020-03-02T00:00:00,4,7,7,2,0.6102,57,77,20,7,1,0,1,0,26,2,2326,13.647033533963887,1.0,0.22304150145361287,9.13038447377472,79330.21769131556,79595.75346087704,20,0,0,20
primary__operating__2020__mae_first__rr_2.75,primary,operating,2020,mae_first,rr_2.75,1,1,0.0,6800.0,389582.0,404850.0,15268.0,96772,False,7,13,7,1.0,2020-03-12T00:00:00,1,7,7,7,1.0,2020-03-06T00:00:00,2,7,7,7,1.0,2020-03-02T00:00:00,2,7,7,2,0.6102,57,77,20,7,1,0,1,0,29,2,2326,13.55073086844368,1.0,0.21360535907351885,9.275950057179706,76070.1383061049,76408.7928632846,20,0,0,20
primary__operating__2020__mae_first__rr_2.83,primary,operating,2020,mae_first,rr_2.83,1,1,0.0,6800.0,405663.0,420450.0,14787.0,98203,False,7,12,7,1.0,2020-03-12T00:00:00,2,7,7,7,1.0,2020-03-06T00:00:00,3,7,7,7,1.0,2020-03-02T00:00:00,3,7,7,2,0.6102,55,75,20,7,1,0,1,0,24,2,2326,13.819432502149613,1.0,0.2231255411663186,9.304807991401548,79260.896216681,79594.79909716251,20,0,0,20
primary__operating__2020__mae_first__rr_2.87,primary,operating,2020,mae_first,rr_2.87,1,1,0.0,6800.0,403114.0,418000.0,14886.0,94640,False,7,13,7,1.0,2020-03-12T00:00:00,3,7,7,7,1.0,2020-03-06T00:00:00,4,7,7,7,1.0,2020-03-02T00:00:00,4,7,7,2,0.6102,55,75,20,7,1,0,1,0,27,2,2326,13.362854686156492,1.0,0.23119177499200472,8.958350227429063,79350.60709372313,79656.95849097164,20,0,0,20
primary__operating__2020__mae_first__rr_3.03,primary,operating,2020,mae_first,rr_3.03,1,1,0.0,6800.0,403697.0,419050.0,15353.0,95491,False,6,13,6,1.0,2020-03-11T00:00:00,2,6,6,7,1.0,2020-03-05T00:00:00,2,7,7,7,1.0,2020-03-02T00:00:00,3,7,7,2,0.3984,59,79,20,6,1,0,1,0,31,2,2326,13.675408426483234,1.0,0.2053165729879231,10.240872707222701,79646.97618228718,79975.22476354257,20,0,0,20
primary__operating__2020__mae_first__rr_3.17,primary,operating,2020,mae_first,rr_3.17,1,1,0.0,6800.0,394666.0,410500.0,15834.0,92807,False,6,15,6,1.0,2020-03-11T00:00:00,1,6,6,7,1.0,2020-03-05T00:00:00,4,7,7,7,1.0,2020-03-02T00:00:00,5,7,7,2,0.3984,61,81,20,6,1,0,1,0,30,2,2326,13.42347377472055,1.0,0.2539917452788078,8.315506841788478,77943.92325881342,78214.20264402407,20,0,0,20
primary__operating__2020__mae_first__rr_3.18,primary,operating,2020,mae_first,rr_3.18,1,1,0.0,6800.0,400690.0,416550.0,15860.0,93711,False,6,15,6,1.0,2020-03-12T00:00:00,1,6,6,7,1.0,2020-03-06T00:00:00,3,7,7,7,1.0,2020-03-02T00:00:00,4,7,7,2,1.0595,62,82,20,6,1,0,1,0,30,2,2326,13.567067927773001,1.0,0.2314542938177468,9.055544088134136,79173.98469475495,79448.63785468615,20,0,0,20
primary__operating__2020__mae_first__rr_3.25,primary,operating,2020,mae_first,rr_3.25,1,1,0.0,6800.0,434097.0,447000.0,12903.0,100112,False,5,11,5,1.0,2020-03-12T00:00:00,1,5,5,5,1.0,2020-03-06T00:00:00,2,5,5,5,1.0,2020-03-02T00:00:00,2,5,5,2,1.0595,46,66,20,5,1,0,1,0,27,2,2326,14.581685296646604,1.0,0.23198396870955895,9.927103642304386,88786.8818572657,89350.86782029235,20,0,0,20
primary__operating__2020__mae_first__rr_3.34,primary,operating,2020,mae_first,rr_3.34,1,1,0.0,6800.0,405607.0,418800.0,13193.0,98893,False,4,12,5,1.0,2020-03-12T00:00:00,1,5,5,5,1.0,2020-03-06T00:00:00,1,5,5,6,1.0,2020-03-02T00:00:00,2,6,6,2,1.0595,47,67,20,4,1,0,1,0,29,2,2326,14.484522785898537,1.0,0.24101518481283568,9.273118880481514,83776.53686586414,84349.7367583835,20,0,0,20
primary__operating__2020__mae_first__rr_3.50,primary,operating,2020,mae_first,rr_3.50,1,1,0.0,6800.0,356135.0,372950.0,16815.0,89614,True,6,16,6,1.0,2020-03-12T00:00:00,0,6,6,10,1.0,2020-03-06T00:00:00,6,10,10,10,1.0,2020-03-02T00:00:00,6,10,10,2,1.0595,67,87,20,6,1,0,1,0,35,2,2326,13.294926913155631,1.0,0.22623544778428728,9.513999540412726,74696.664144454,74846.3899828031,20,0,0,20
primary__operating__2020__mae_first__wide4,primary,operating,2020,mae_first,wide4,4,4,3.0,6800.0,375816.0,389200.0,13384.0,119205,True,3,10,3,0.5,2020-06-26T00:00:00,0,3,3,4,0.5,2020-06-22T00:00:00,0,4,4,7,0.5,2020-06-01T00:00:00,0,7,7,0,0.0,48,68,20,3,2,3,2,6,39,3,2326,14.520206362854687,3.9062768701633708,0.15990660091895553,12.72364590283749,75236.88521066208,75269.42214101461,20,0,0,20
primary__operating__2020__mae_first__center4,primary,operating,2020,mae_first,center4,4,4,1.5,6800.0,393989.0,407550.0,13561.0,114106,False,5,9,7,1.0,2020-03-12T00:00:00,0,7,7,8,1.0,2020-03-06T00:00:00,0,8,8,8,1.0,2020-03-02T00:00:00,0,8,8,2,0.4664,51,71,20,3,3,5,4,11,44,4,2326,14.493981083404988,3.8654342218400686,0.13125805770536955,13.828302118658641,78446.10879191746,78835.29604471195,20,0,0,20
primary__operating__2020__mae_first__edge4,primary,operating,2020,mae_first,edge4,4,4,3.0,6800.0,310474.0,326900.0,16426.0,114827,False,4,14,4,0.4,2021-05-17T00:00:00,0,4,4,6,0.666667,2021-05-11T00:00:00,3,6,6,10,0.777778,2021-05-10T00:00:00,5,10,11,0,0.0,66,86,20,4,2,7,2,10,52,8,2326,13.588134135855546,3.844368013757524,0.1869419012641642,11.454452311263973,66146.26951848668,65631.83572656922,20,0,0,20
primary__operating__2020__mae_first__without050,primary,operating,2020,mae_first,without050,4,4,2.75,6800.0,352422.0,368400.0,15978.0,107500,False,4,11,6,1.0,2020-03-12T00:00:00,2,6,6,9,1.0,2020-03-06T00:00:00,3,9,9,9,1.0,2020-03-02T00:00:00,6,9,9,2,0.3088,64,84,20,3,3,4,3,9,54,10,2326,13.312123817712811,3.8198624247635427,0.15082260538930195,12.551156969475494,68972.35696474634,68945.2736027515,20,0,0,20
primary__operating__2020__mae_first__extremes2,primary,operating,2020,mae_first,extremes2,2,2,3.0,6800.0,282575.0,301550.0,18975.0,109825,False,7,15,7,0.571429,2021-05-13T00:00:00,3,7,7,7,0.666667,2021-05-07T00:00:00,5,7,7,12,0.777778,2021-05-10T00:00:00,7,12,12,0,0.0,79,99,20,7,2,2,2,4,46,2,2326,12.825021496130697,1.9724849527085124,0.23572403549807658,9.069428632416166,61221.06442390369,60416.717089423895,20,0,0,20
primary__operating__2020__mae_first__grid5,primary,operating,2020,mae_first,grid5,5,5,3.0,6800.0,335225.0,351750.0,16525.0,110169,False,3,11,6,0.555556,2022-01-10T00:00:00,1,6,6,7,0.6,2022-01-04T00:00:00,2,7,7,8,0.7,2021-12-28T00:00:00,3,8,8,0,0.0,66,86,20,3,3,7,4,13,58,8,2326,13.459587274290628,4.825021496130696,0.13844991013844118,12.801949860705072,69222.56248925193,69052.9176483233,20,0,0,20
primary__operating__2020__mae_first__grid10,primary,operating,2020,mae_first,grid10,10,10,3.0,6800.0,382065.0,395100.0,13035.0,117411,False,3,8,3,0.375,2022-01-10T00:00:00,0,3,3,6,0.545455,2022-01-04T00:00:00,1,6,6,6,0.545455,2021-12-13T00:00:00,1,6,6,0,0.0,46,66,20,2,3,6,3,9,44,29,2326,14.38134135855546,8.948409286328461,0.11899023642862307,14.074060553740326,75587.88174978504,75873.90513757523,20,0,0,20
primary__operating__2020__mae_first__grid20,primary,operating,2020,mae_first,grid20,20,20,3.0,6800.0,382552.0,396950.0,14398.0,124300,False,4,8,5,0.3125,2022-03-04T00:00:00,0,5,5,6,0.384615,2022-01-04T00:00:00,0,6,6,6,0.461538,2021-05-14T00:00:00,0,6,6,0,0.0,54,74,20,1,4,8,5,10,54,54,2326,15.098452278589853,15.098452278589853,0.11314235573445966,14.626735120808254,77452.63475924333,77744.96177987962,20,0,0,20
primary__operating__2020__mae_first__ladder4,primary,operating,2020,mae_first,ladder4,4,1,0.0,6800.0,317666.0,334500.0,16834.0,119077,False,7,16,8,1.0,2020-03-12T00:00:00,4,8,8,11,1.0,2020-03-06T00:00:00,6,11,11,12,1.0,2020-03-02T00:00:00,5,13,13,2,0.3088,71,89,18,2,4,14,4,17,61,14,2326,13.07609630266552,3.7884780739466897,0.28999397283453676,9.946228333619947,61252.18763972484,61065.51285468616,20,7,7,13
primary__operating__2020__mae_first__ladder20,primary,operating,2020,mae_first,ladder20,20,1,0.0,6800.0,318324.0,335000.0,16676.0,119271,False,7,15,8,1.0,2020-03-12T00:00:00,4,8,8,11,1.0,2020-03-06T00:00:00,6,11,11,12,1.0,2020-03-02T00:00:00,5,13,13,2,0.3088,70,88,18,1,7,15,8,18,70,70,2326,13.09372312983663,13.09372312983663,0.30657330609188926,8.456261669389509,60905.963907996564,60722.39346517626,20,6,6,14
primary__operating__2020__mae_first__uniform_low,primary,operating,2020,mae_first,uniform_low,1,1,0.0,5300.0,334027.0,351500.0,17473.0,113347,False,8,19,11,1.0,2020-03-12T00:00:00,5,11,11,20,1.0,2020-03-06T00:00:00,7,20,20,20,1.0,2020-03-02T00:00:00,6,20,20,3,7.4681,86,92,6,8,1,0,1,0,37,3,2319,12.495903406640794,1.0,0.3307766337385869,7.249303489866322,49607.12686502803,49344.62878395861,20,20,20,0
primary__operating__2020__mae_first__uniform_high,primary,operating,2020,mae_first,uniform_high,1,1,0.0,8300.0,276114.0,292000.0,15886.0,115498,False,7,15,8,1.0,2020-03-12T00:00:00,4,8,8,11,1.0,2020-03-06T00:00:00,6,11,11,12,1.0,2020-03-02T00:00:00,5,13,13,2,0.3088,63,83,20,7,1,0,1,0,31,2,2326,12.686586414445399,1.0,0.29733417561551334,7.872598128116939,69116.80975924333,68978.88136285469,20,0,0,20
primary__operating__2020__mae_first__grid20_reverse,primary,operating,2020,mae_first,grid20_reverse,20,20,3.0,6800.0,428932.0,439350.0,10418.0,128011,False,3,5,3,1.0,2020-03-12T00:00:00,0,3,3,6,1.0,2020-03-06T00:00:00,0,6,6,6,1.0,2020-03-02T00:00:00,0,7,7,2,1.0595,38,58,20,1,3,5,3,9,38,38,2326,16.291487532244197,16.291487532244197,0.10689997737208032,15.967038945399826,87057.83432932073,87814.43447979364,20,0,0,20
primary__operating__2020__mae_first__ladder20_reverse,primary,operating,2020,mae_first,ladder20_reverse,20,1,0.0,6800.0,298652.0,316000.0,17348.0,114437,False,7,17,8,1.0,2020-03-12T00:00:00,4,8,8,11,1.0,2020-03-06T00:00:00,6,11,11,12,1.0,2020-03-02T00:00:00,5,13,13,2,0.3088,73,91,18,1,7,17,8,20,73,73,2326,12.572226999140154,12.572226999140154,0.29810928495327027,8.324850732158213,60592.14907566638,60406.54475494411,20,6,6,14
primary__isolation__2021__mae_first__rr_0.50,primary,isolation,2021,mae_first,rr_0.50,1,1,0.0,6800.0,-4000.0,0.0,4000.0,5700,True,20,1,20,1.0,2021-03-08T00:00:00,1,20,20,20,1.0,2021-03-02T00:00:00,1,20,20,20,1.0,2021-02-09T00:00:00,1,20,20,1,1953.2505,20,20,0,20,1,0,1,0,1,1,67,20.0,1.0,1.0,1.0,17472.44776119403,1458.089552238806,0,0,0,0
primary__isolation__2021__mae_first__rr_0.66,primary,isolation,2021,mae_first,rr_0.66,1,1,0.0,6800.0,-4000.0,0.0,4000.0,4380,False,20,1,20,1.0,2021-02-23T00:00:00,1,20,20,20,1.0,2021-02-17T00:00:00,1,20,20,20,1.0,2021-01-27T00:00:00,1,20,20,1,1965.9588,20,20,0,20,1,0,1,0,1,1,54,20.0,1.0,1.0,1.0,18680.40740740741,1350.7962962962963,0,0,0,0
primary__isolation__2021__mae_first__rr_0.75,primary,isolation,2021,mae_first,rr_0.75,1,1,0.0,6800.0,-4000.0,0.0,4000.0,4320,True,20,1,20,1.0,2021-02-23T00:00:00,1,20,20,20,1.0,2021-02-17T00:00:00,1,20,20,20,1.0,2021-01-27T00:00:00,1,20,20,1,1966.2056,20,20,0,20,1,0,1,0,1,1,54,20.0,1.0,1.0,1.0,16638.61111111111,2270.962962962963,0,0,0,0
primary__isolation__2021__mae_first__rr_0.82,primary,isolation,2021,mae_first,rr_0.82,1,1,0.0,6800.0,-4000.0,0.0,4000.0,4180,False,20,1,20,1.0,2021-02-22T00:00:00,1,20,20,20,1.0,2021-02-16T00:00:00,1,20,20,20,1.0,2021-01-26T00:00:00,1,20,20,1,1967.2002,20,20,0,20,1,0,1,0,1,1,53,20.0,1.0,1.0,1.0,15571.358490566037,2181.169811320755,0,0,0,0
primary__isolation__2021__mae_first__rr_0.83,primary,isolation,2021,mae_first,rr_0.83,1,1,0.0,6800.0,-4000.0,0.0,4000.0,4140,False,20,1,20,1.0,2021-02-22T00:00:00,1,20,20,20,1.0,2021-02-16T00:00:00,1,20,20,20,1.0,2021-01-26T00:00:00,1,20,20,1,1967.0421,20,20,0,20,1,0,1,0,1,1,53,20.0,1.0,1.0,1.0,16006.452830188678,2181.169811320755,0,0,0,0
primary__isolation__2021__mae_first__rr_0.97,primary,isolation,2021,mae_first,rr_0.97,1,1,0.0,6800.0,-4000.0,0.0,4000.0,3800,False,20,1,20,1.0,2021-02-18T00:00:00,1,20,20,20,1.0,2021-02-12T00:00:00,1,20,20,20,1.0,2021-01-22T00:00:00,1,20,20,1,1971.0005,20,20,0,20,1,0,1,0,1,1,49,20.0,1.0,1.0,1.0,16988.448979591838,4650.244897959184,0,0,0,0
primary__isolation__2021__mae_first__rr_1.00,primary,isolation,2021,mae_first,rr_1.00,1,1,0.0,6800.0,-4000.0,0.0,4000.0,4000,True,20,1,20,1.0,2021-02-22T00:00:00,1,20,20,20,1.0,2021-02-16T00:00:00,1,20,20,20,1.0,2021-01-26T00:00:00,1,20,20,1,1967.2002,20,20,0,20,1,0,1,0,1,1,53,20.0,1.0,1.0,1.0,16428.77358490566,4297.207547169812,0,0,0,0
primary__isolation__2021__mae_first__rr_1.13,primary,isolation,2021,mae_first,rr_1.13,1,1,0.0,6800.0,-4000.0,0.0,4000.0,3840,False,20,1,20,1.0,2021-02-22T00:00:00,1,20,20,20,1.0,2021-02-16T00:00:00,1,20,20,20,1.0,2021-01-26T00:00:00,1,20,20,1,1967.2056,20,20,0,20,1,0,1,0,1,1,53,20.0,1.0,1.0,1.0,16172.075471698114,4860.962264150943,0,0,0,0
primary__isolation__2021__mae_first__rr_1.17,primary,isolation,2021,mae_first,rr_1.17,1,1,0.0,6800.0,-4000.0,0.0,4000.0,3820,False,20,1,20,1.0,2021-02-22T00:00:00,1,20,20,20,1.0,2021-02-16T00:00:00,1,20,20,20,1.0,2021-01-26T00:00:00,1,20,20,1,1967.2002,20,20,0,20,1,0,1,0,1,1,53,20.0,1.0,1.0,1.0,16655.01886792453,3021.6603773584907,0,0,0,0
primary__isolation__2021__mae_first__rr_1.25,primary,isolation,2021,mae_first,rr_1.25,1,1,0.0,6800.0,-4000.0,0.0,4000.0,3800,True,20,1,20,1.0,2021-02-22T00:00:00,1,20,20,20,1.0,2021-02-16T00:00:00,1,20,20,20,1.0,2021-01-26T00:00:00,1,20,20,1,1966.9625,20,20,0,20,1,0,1,0,1,1,53,20.0,1.0,1.0,1.0,17177.32075471698,3106.566037735849,0,0,0,0
primary__isolation__2021__mae_first__rr_1.29,primary,isolation,2021,mae_first,rr_1.29,1,1,0.0,6800.0,-4000.0,0.0,4000.0,3840,False,20,1,20,1.0,2021-02-23T00:00:00,1,20,20,20,1.0,2021-02-17T00:00:00,1,20,20,20,1.0,2021-01-27T00:00:00,1,20,20,1,1966.2056,20,20,0,20,1,0,1,0,1,1,54,20.0,1.0,1.0,1.0,17377.11111111111,3895.814814814815,0,0,0,0
primary__isolation__2021__mae_first__rr_1.45,primary,isolation,2021,mae_first,rr_1.45,1,1,0.0,6800.0,-4000.0,0.0,4000.0,3740,False,20,1,20,1.0,2021-02-23T00:00:00,1,20,20,20,1.0,2021-02-17T00:00:00,1,20,20,20,1.0,2021-01-27T00:00:00,1,20,20,1,1965.9171,20,20,0,20,1,0,1,0,1,1,54,20.0,1.0,1.0,1.0,20059.59259259259,8322.518518518518,0,0,0,0
primary__isolation__2021__mae_first__rr_1.50,primary,isolation,2021,mae_first,rr_1.50,1,1,0.0,6800.0,-4000.0,0.0,4000.0,3660,True,20,1,20,1.0,2021-02-23T00:00:00,1,20,20,20,1.0,2021-02-17T00:00:00,1,20,20,20,1.0,2021-01-27T00:00:00,1,20,20,1,1965.9171,20,20,0,20,1,0,1,0,1,1,54,20.0,1.0,1.0,1.0,19404.425925925927,7009.555555555556,0,0,0,0
primary__isolation__2021__mae_first__rr_1.61,primary,isolation,2021,mae_first,rr_1.61,1,1,0.0,6800.0,-4000.0,0.0,4000.0,3880,False,20,1,20,1.0,2021-02-26T00:00:00,1,20,20,20,1.0,2021-02-22T00:00:00,1,20,20,20,1.0,2021-02-01T00:00:00,1,20,20,1,1963.8139,20,20,0,20,1,0,1,0,1,1,57,20.0,1.0,1.0,1.0,20055.98245614035,11310.771929824561,0,0,0,0
primary__isolation__2021__mae_first__rr_1.75,primary,isolation,2021,mae_first,rr_1.75,1,1,0.0,6800.0,-4000.0,0.0,4000.0,4260,False,20,1,20,1.0,2021-03-05T00:00:00,1,20,20,20,1.0,2021-03-01T00:00:00,1,20,20,20,1.0,2021-02-08T00:00:00,1,20,20,1,1956.2088,20,20,0,20,1,0,1,0,1,1,64,20.0,1.0,1.0,1.0,22466.671875,17221.578125,0,0,0,0
primary__isolation__2021__mae_first__rr_1.76,primary,isolation,2021,mae_first,rr_1.76,1,1,0.0,6800.0,-4000.0,0.0,4000.0,4260,False,20,1,20,1.0,2021-03-05T00:00:00,1,20,20,20,1.0,2021-03-01T00:00:00,1,20,20,20,1.0,2021-02-08T00:00:00,1,20,20,1,1956.2088,20,20,0,20,1,0,1,0,1,1,64,20.0,1.0,1.0,1.0,22577.609375,17576.578125,0,0,0,0
primary__isolation__2021__mae_first__rr_1.83,primary,isolation,2021,mae_first,rr_1.83,1,1,0.0,6800.0,466000.0,470000.0,4000.0,137780,False,0,0,0,0.0,,0,0,0,0,0.0,,0,0,0,0,0.0,,0,0,0,0,0.0,0,20,20,0,0,0,0,0,0,0,2020,20.0,1.0,1.0,1.0,110958.48217821782,112657.40643564357,20,0,0,20
primary__isolation__2021__mae_first__rr_1.92,primary,isolation,2021,mae_first,rr_1.92,1,1,0.0,6800.0,416000.0,420000.0,4000.0,136120,False,0,0,0,0.0,,0,0,0,0,0.0,,0,0,0,0,0.0,,0,0,0,0,0.0,0,20,20,0,0,0,0,0,0,0,2020,20.0,1.0,1.0,1.0,103338.82475247525,104986.15346534654,20,0,0,20
primary__isolation__2021__mae_first__rr_2.00,primary,isolation,2021,mae_first,rr_2.00,1,1,0.0,6800.0,-4000.0,0.0,4000.0,10720,True,20,1,20,1.0,2021-06-21T00:00:00,1,20,20,20,1.0,2021-06-15T00:00:00,1,20,20,20,1.0,2021-05-25T00:00:00,1,20,20,1,1848.5005,20,20,0,20,1,0,1,0,1,1,172,20.0,1.0,1.0,1.0,21973.488372093023,19866.424418604653,0,0,0,0
primary__isolation__2021__mae_first__rr_2.08,primary,isolation,2021,mae_first,rr_2.08,1,1,0.0,6800.0,-4000.0,0.0,4000.0,4080,False,20,1,20,1.0,2021-03-05T00:00:00,1,20,20,20,1.0,2021-03-01T00:00:00,1,20,20,20,1.0,2021-02-08T00:00:00,1,20,20,1,1956.2088,20,20,0,20,1,0,1,0,1,1,64,20.0,1.0,1.0,1.0,20809.953125,13189.203125,0,0,0,0
primary__isolation__2021__mae_first__rr_2.17,primary,isolation,2021,mae_first,rr_2.17,1,1,0.0,6800.0,416000.0,420000.0,4000.0,131500,False,0,0,0,0.0,,0,0,0,0,0.0,,0,0,0,0,0.0,,0,0,0,0,0.0,0,20,20,0,0,0,0,0,0,0,2020,20.0,1.0,1.0,1.0,101445.33366336634,103123.45198019802,20,0,0,20
primary__isolation__2021__mae_first__rr_2.24,primary,isolation,2021,mae_first,rr_2.24,1,1,0.0,6800.0,436000.0,440000.0,4000.0,130680,False,0,0,0,0.0,,0,0,0,0,0.0,,0,0,0,0,0.0,,0,0,0,0,0.0,0,20,20,0,0,0,0,0,0,0,2020,20.0,1.0,1.0,1.0,108200.39752475248,109884.63514851485,20,0,0,20
primary__isolation__2021__mae_first__rr_2.25,primary,isolation,2021,mae_first,rr_2.25,1,1,0.0,6800.0,446000.0,450000.0,4000.0,130420,False,0,0,0,0.0,,0,0,0,0,0.0,,0,0,0,0,0.0,,0,0,0,0,0.0,0,20,20,0,0,0,0,0,0,0,2020,20.0,1.0,1.0,1.0,109176.32623762377,110880.5599009901,20,0,0,20
primary__isolation__2021__mae_first__rr_2.39,primary,isolation,2021,mae_first,rr_2.39,1,1,0.0,6800.0,486000.0,490000.0,4000.0,128400,False,0,0,0,0.0,,0,0,0,0,0.0,,0,0,0,0,0.0,,0,0,0,0,0.0,0,20,20,0,0,0,0,0,0,0,2020,20.0,1.0,1.0,1.0,110228.87475247525,111943.91683168316,20,0,0,20
primary__isolation__2021__mae_first__rr_2.50,primary,isolation,2021,mae_first,rr_2.50,1,1,0.0,6800.0,-4000.0,0.0,4000.0,17080,True,20,1,20,1.0,2021-10-01T00:00:00,1,20,20,20,1.0,2021-09-27T00:00:00,1,20,20,20,1.0,2021-09-06T00:00:00,1,20,20,1,1746.2505,20,20,0,20,1,0,1,0,1,1,274,20.0,1.0,1.0,1.0,23851.131386861314,24013.503649635037,0,0,0,0
primary__isolation__2021__mae_first__rr_2.55,primary,isolation,2021,mae_first,rr_2.55,1,1,0.0,6800.0,505000.0,509000.0,4000.0,126220,False,0,0,0,0.0,,0,0,0,0,0.0,,0,0,0,0,0.0,,0,0,0,0,0.0,0,20,20,0,0,0,0,0,0,0,2020,20.0,1.0,1.0,1.0,113321.5896039604,115107.40742574257,20,0,0,20
primary__isolation__2021__mae_first__rr_2.71,primary,isolation,2021,mae_first,rr_2.71,1,1,0.0,6800.0,-4000.0,0.0,4000.0,3300,False,20,1,20,1.0,2021-02-26T00:00:00,1,20,20,20,1.0,2021-02-22T00:00:00,1,20,20,20,1.0,2021-02-01T00:00:00,1,20,20,1,1963.2296,20,20,0,20,1,0,1,0,1,1,57,20.0,1.0,1.0,1.0,19478.877192982458,13255.666666666666,0,0,0,0
primary__isolation__2021__mae_first__rr_2.75,primary,isolation,2021,mae_first,rr_2.75,1,1,0.0,6800.0,-4000.0,0.0,4000.0,3000,False,20,1,20,1.0,2021-02-23T00:00:00,1,20,20,20,1.0,2021-02-17T00:00:00,1,20,20,20,1.0,2021-01-27T00:00:00,1,20,20,1,1965.9171,20,20,0,20,1,0,1,0,1,1,54,20.0,1.0,1.0,1.0,19478.833333333332,13193.666666666666,0,0,0,0
primary__isolation__2021__mae_first__rr_2.83,primary,isolation,2021,mae_first,rr_2.83,1,1,0.0,6800.0,-4000.0,0.0,4000.0,2980,False,20,1,20,1.0,2021-02-23T00:00:00,1,20,20,20,1.0,2021-02-17T00:00:00,1,20,20,20,1.0,2021-01-27T00:00:00,1,20,20,1,1965.9171,20,20,0,20,1,0,1,0,1,1,54,20.0,1.0,1.0,1.0,19811.296296296296,14242.203703703704,0,0,0,0
primary__isolation__2021__mae_first__rr_2.87,primary,isolation,2021,mae_first,rr_2.87,1,1,0.0,6800.0,-4000.0,0.0,4000.0,2980,False,20,1,20,1.0,2021-02-23T00:00:00,1,20,20,20,1.0,2021-02-17T00:00:00,1,20,20,20,1.0,2021-01-27T00:00:00,1,20,20,1,1965.9171,20,20,0,20,1,0,1,0,1,1,54,20.0,1.0,1.0,1.0,19816.685185185186,11600.833333333334,0,0,0,0
primary__isolation__2021__mae_first__rr_3.03,primary,isolation,2021,mae_first,rr_3.03,1,1,0.0,6800.0,-4000.0,0.0,4000.0,2960,False,20,1,20,1.0,2021-02-23T00:00:00,1,20,20,20,1.0,2021-02-17T00:00:00,1,20,20,20,1.0,2021-01-27T00:00:00,1,20,20,1,1965.9171,20,20,0,20,1,0,1,0,1,1,54,20.0,1.0,1.0,1.0,20048.333333333332,10440.833333333334,0,0,0,0
primary__isolation__2021__mae_first__rr_3.17,primary,isolation,2021,mae_first,rr_3.17,1,1,0.0,6800.0,-4000.0,0.0,4000.0,2960,False,20,1,20,1.0,2021-02-23T00:00:00,1,20,20,20,1.0,2021-02-17T00:00:00,1,20,20,20,1.0,2021-01-27T00:00:00,1,20,20,1,1965.9171,20,20,0,20,1,0,1,0,1,1,54,20.0,1.0,1.0,1.0,20129.814814814814,10514.907407407407,0,0,0,0
primary__isolation__2021__mae_first__rr_3.18,primary,isolation,2021,mae_first,rr_3.18,1,1,0.0,6800.0,-4000.0,0.0,4000.0,2960,False,20,1,20,1.0,2021-02-23T00:00:00,1,20,20,20,1.0,2021-02-17T00:00:00,1,20,20,20,1.0,2021-01-27T00:00:00,1,20,20,1,1965.9171,20,20,0,20,1,0,1,0,1,1,54,20.0,1.0,1.0,1.0,20129.814814814814,10514.907407407407,0,0,0,0
primary__isolation__2021__mae_first__rr_3.25,primary,isolation,2021,mae_first,rr_3.25,1,1,0.0,6800.0,-4000.0,0.0,4000.0,3100,False,20,1,20,1.0,2021-02-25T00:00:00,1,20,20,20,1.0,2021-02-19T00:00:00,1,20,20,20,1.0,2021-01-29T00:00:00,1,20,20,1,1963.9688,20,20,0,20,1,0,1,0,1,1,56,20.0,1.0,1.0,1.0,20429.089285714286,9168.17857142857,0,0,0,0
primary__isolation__2021__mae_first__rr_3.34,primary,isolation,2021,mae_first,rr_3.34,1,1,0.0,6800.0,-4000.0,0.0,4000.0,3080,False,20,1,20,1.0,2021-02-25T00:00:00,1,20,20,20,1.0,2021-02-19T00:00:00,1,20,20,20,1.0,2021-01-29T00:00:00,1,20,20,1,1963.9688,20,20,0,20,1,0,1,0,1,1,56,20.0,1.0,1.0,1.0,20673.089285714286,13780.69642857143,0,0,0,0
primary__isolation__2021__mae_first__rr_3.50,primary,isolation,2021,mae_first,rr_3.50,1,1,0.0,6800.0,-4000.0,0.0,4000.0,3080,True,20,1,20,1.0,2021-02-25T00:00:00,1,20,20,20,1.0,2021-02-19T00:00:00,1,20,20,20,1.0,2021-01-29T00:00:00,1,20,20,1,1963.9688,20,20,0,20,1,0,1,0,1,1,56,20.0,1.0,1.0,1.0,20806.660714285714,14037.482142857143,0,0,0,0
primary__isolation__2021__mae_first__wide4,primary,isolation,2021,mae_first,wide4,4,4,3.0,6800.0,-4000.0,0.0,4000.0,7380,True,5,4,5,1.0,2021-10-01T00:00:00,2,5,5,10,1.0,2021-09-27T00:00:00,3,10,10,15,1.0,2021-09-06T00:00:00,3,15,15,1,1746.2505,20,20,0,5,1,0,1,0,4,4,274,8.22992700729927,1.645985401459854,0.857360097323601,1.513138689781022,9050.069343065694,7155.115875912409,0,0,0,0
primary__isolation__2021__mae_first__center4,primary,isolation,2021,mae_first,center4,4,4,1.5,6800.0,108500.0,112500.0,4000.0,35370,False,5,3,5,0.5,2021-03-05T00:00:00,1,5,5,10,0.5,2021-02-17T00:00:00,2,10,10,15,0.75,2021-02-08T00:00:00,2,15,15,0,0.0,15,20,5,5,1,0,1,0,3,3,2020,5.423267326732673,1.0846534653465347,0.9818481848184818,1.0651155118811881,27714.88873762376,27965.101237623763,5,0,0,5
primary__isolation__2021__mae_first__edge4,primary,isolation,2021,mae_first,edge4,4,4,3.0,6800.0,-4000.0,0.0,4000.0,4050,False,10,3,10,1.0,2021-03-08T00:00:00,2,10,10,15,1.0,2021-03-02T00:00:00,2,15,15,20,1.0,2021-02-09T00:00:00,2,20,20,1,1953.2505,20,20,0,5,2,1,2,1,4,4,67,17.388059701492537,3.4776119402985075,0.5024875621890547,2.8835821641791046,16337.09328358209,5671.048507462687,0,0,0,0
primary__isolation__2021__mae_first__without050,primary,isolation,2021,mae_first,without050,4,4,2.75,6800.0,-4000.0,0.0,4000.0,7035,False,5,4,10,1.0,2021-10-01T00:00:00,3,10,10,15,1.0,2021-09-27T00:00:00,3,15,15,15,1.0,2021-09-06T00:00:00,3,15,15,1,1746.2505,20,20,0,5,1,0,2,1,4,4,274,7.992700729927007,1.5985401459854014,0.8795620437956204,1.4610705620437956,8801.739963503649,7177.871350364963,0,0,0,0
primary__isolation__2021__mae_first__extremes2,primary,isolation,2021,mae_first,extremes2,2,2,3.0,6800.0,-4000.0,0.0,4000.0,4390,False,10,2,10,1.0,2021-03-08T00:00:00,2,10,10,10,1.0,2021-03-02T00:00:00,2,10,10,20,1.0,2021-02-09T00:00:00,2,20,20,1,1953.2505,20,20,0,10,1,0,1,0,2,2,67,18.35820895522388,1.835820895522388,0.6268656716417911,1.7462686567164178,17431.544776119405,6595.455223880597,0,0,0,0
primary__isolation__2021__mae_first__grid5,primary,isolation,2021,mae_first,grid5,5,5,3.0,6800.0,-4000.0,0.0,4000.0,5260,False,4,5,4,1.0,2021-06-21T00:00:00,1,4,4,12,1.0,2021-06-15T00:00:00,2,12,12,16,1.0,2021-05-25T00:00:00,2,16,16,1,1848.5005,20,20,0,4,1,0,1,0,5,5,172,9.348837209302326,2.3372093023255816,0.758236434108527,2.0476713488372096,9392.467441860465,6020.839534883721,0,0,0,0
primary__isolation__2021__mae_first__grid10,primary,isolation,2021,mae_first,grid10,10,10,3.0,6800.0,85000.0,89000.0,4000.0,31270,False,6,6,6,0.375,2021-02-23T00:00:00,0,6,6,12,0.6,2021-02-19T00:00:00,1,12,12,14,0.7,2021-02-09T00:00:00,1,14,14,0,0.0,16,20,4,2,3,1,3,2,8,8,2020,4.658415841584159,2.3292079207920793,0.47678630363036306,2.2495674435643567,21923.884257425743,22046.137376237624,4,0,0,4
primary__isolation__2021__mae_first__grid20,primary,isolation,2021,mae_first,grid20,20,20,3.0,6800.0,88950.0,92950.0,4000.0,29074,False,5,3,6,0.352941,2021-02-23T00:00:00,0,6,6,12,0.631579,2021-02-22T00:00:00,1,12,12,16,0.8,2021-02-09T00:00:00,2,16,16,0,0.0,16,20,4,1,5,3,6,5,16,16,2020,4.445544554455446,4.445544554455446,0.25109518769214384,4.204540022772278,22182.9173019802,22297.01381188119,4,0,0,4
primary__isolation__2021__mae_first__ladder4,primary,isolation,2021,mae_first,ladder4,4,1,0.0,6800.0,-4000.0,0.0,4000.0,4000,False,20,1,20,1.0,2021-02-22T00:00:00,1,20,20,20,1.0,2021-02-16T00:00:00,1,20,20,20,1.0,2021-01-26T00:00:00,1,20,20,1,1967.2002,20,20,0,5,4,1,4,1,4,4,53,20.0,4.0,1.0,1.0,16428.77358490566,4297.207547169812,0,0,0,0
primary__isolation__2021__mae_first__ladder20,primary,isolation,2021,mae_first,ladder20,20,1,0.0,6800.0,-4000.0,0.0,4000.0,4000,False,20,1,20,1.0,2021-02-22T00:00:00,1,20,20,20,1.0,2021-02-16T00:00:00,1,20,20,20,1.0,2021-01-26T00:00:00,1,20,20,1,1967.2002,20,20,0,1,20,1,20,1,20,20,53,20.0,20.0,1.0,1.0,16428.77358490566,4297.207547169812,0,0,0,0
primary__isolation__2021__mae_first__uniform_low,primary,isolation,2021,mae_first,uniform_low,1,1,0.0,5300.0,-4000.0,0.0,4000.0,4000,False,20,1,20,1.0,2021-02-22T00:00:00,1,20,20,20,1.0,2021-02-16T00:00:00,1,20,20,20,1.0,2021-01-26T00:00:00,1,20,20,1,1967.2002,20,20,0,20,1,0,1,0,1,1,53,20.0,1.0,1.0,1.0,16428.77358490566,4297.207547169812,0,0,0,0
primary__isolation__2021__mae_first__uniform_high,primary,isolation,2021,mae_first,uniform_high,1,1,0.0,8300.0,-4000.0,0.0,4000.0,4000,False,20,1,20,1.0,2021-02-22T00:00:00,1,20,20,20,1.0,2021-02-16T00:00:00,1,20,20,20,1.0,2021-01-26T00:00:00,1,20,20,1,1967.2002,20,20,0,20,1,0,1,0,1,1,53,20.0,1.0,1.0,1.0,16428.77358490566,4297.207547169812,0,0,0,0
primary__isolation__2021__mae_first__grid20_reverse,primary,isolation,2021,mae_first,grid20_reverse,20,20,3.0,6800.0,88950.0,92950.0,4000.0,29074,False,5,3,6,0.352941,2021-02-23T00:00:00,0,6,6,12,0.631579,2021-02-22T00:00:00,1,12,12,16,0.8,2021-02-09T00:00:00,2,16,16,0,0.0,16,20,4,1,5,3,6,5,16,16,2020,4.445544554455446,4.445544554455446,0.25109518769214384,4.204540022772278,22182.9173019802,22297.01381188119,4,0,0,4
primary__isolation__2021__mae_first__ladder20_reverse,primary,isolation,2021,mae_first,ladder20_reverse,20,1,0.0,6800.0,-4000.0,0.0,4000.0,4000,False,20,1,20,1.0,2021-02-22T00:00:00,1,20,20,20,1.0,2021-02-16T00:00:00,1,20,20,20,1.0,2021-01-26T00:00:00,1,20,20,1,1967.2002,20,20,0,1,20,1,20,1,20,20,53,20.0,20.0,1.0,1.0,16428.77358490566,4297.207547169812,0,0,0,0
primary__operating__2021__mae_first__rr_0.50,primary,operating,2021,mae_first,rr_0.50,1,1,0.0,6800.0,152468.0,169000.0,16532.0,95520,True,11,15,11,1.0,2021-06-07T00:00:00,4,11,11,11,1.0,2021-05-12T00:00:00,5,11,11,13,1.0,2021-04-16T00:00:00,5,13,13,1,25.3051,65,85,20,11,1,0,1,0,27,1,1964,10.919551934826885,1.0,0.4399259998991702,5.287423898676171,45085.77352342159,43687.45038187373,20,0,0,20
primary__operating__2021__mae_first__rr_0.66,primary,operating,2021,mae_first,rr_0.66,1,1,0.0,6800.0,218632.0,230000.0,11368.0,115507,False,6,11,9,1.0,2021-06-18T00:00:00,3,9,9,10,1.0,2021-05-13T00:00:00,3,10,10,10,1.0,2021-04-20T00:00:00,3,10,10,1,19.312,39,59,20,6,1,0,1,0,17,1,1970,13.736548223350253,1.0,0.327939208643818,7.805174839593908,62097.50464467005,61911.360710659894,20,0,0,20
primary__operating__2021__mae_first__rr_0.75,primary,operating,2021,mae_first,rr_0.75,1,1,0.0,6800.0,250120.0,261000.0,10880.0,115782,True,6,9,9,1.0,2021-06-17T00:00:00,2,9,9,10,1.0,2021-06-11T00:00:00,3,10,10,10,1.0,2021-02-09T00:00:00,4,10,10,2,24.4167,38,58,20,6,1,0,1,0,19,2,1965,14.126208651399491,1.0,0.32087288288869364,8.111151921119593,63353.273002544534,63142.30872773536,20,0,0,20
primary__operating__2021__mae_first__rr_0.82,primary,operating,2021,mae_first,rr_0.82,1,1,0.0,6800.0,294120.0,304500.0,10380.0,115109,False,5,7,5,1.0,2021-06-15T00:00:00,1,5,5,6,1.0,2021-06-09T00:00:00,2,6,6,6,1.0,2021-02-08T00:00:00,3,6,6,1,22.0208,34,54,20,5,1,0,1,0,20,1,1967,14.244534824606,1.0,0.2893559967045308,8.624908703609558,69124.11021860702,69260.48362989325,20,0,0,20
primary__operating__2021__mae_first__rr_0.83,primary,operating,2021,mae_first,rr_0.83,1,1,0.0,6800.0,296726.0,306500.0,9774.0,115590,False,6,5,6,1.0,2021-06-15T00:00:00,2,6,6,7,1.0,2021-06-09T00:00:00,2,7,7,7,1.0,2021-02-08T00:00:00,2,7,7,2,23.3322,31,51,20,6,1,0,1,0,17,2,1966,14.333672431332655,1.0,0.3023278789070074,8.601472079348932,69511.58975076299,69669.63827568667,20,0,0,20
primary__operating__2021__mae_first__rr_0.97,primary,operating,2021,mae_first,rr_0.97,1,1,0.0,6800.0,305059.0,317000.0,11941.0,103071,False,5,9,6,1.0,2021-06-21T00:00:00,2,6,6,7,1.0,2021-02-26T00:00:00,2,7,7,7,1.0,2021-02-05T00:00:00,2,7,7,3,35.1234,42,62,20,5,1,0,1,0,24,3,1955,13.351406649616369,1.0,0.3750979603709169,6.20222155652174,66575.69511508952,66593.61273657289,20,0,0,20
primary__operating__2021__mae_first__rr_1.00,primary,operating,2021,mae_first,rr_1.00,1,1,0.0,6800.0,321830.0,333000.0,11170.0,107965,True,5,11,5,1.0,2022-01-10T00:00:00,2,5,5,8,1.0,2021-02-26T00:00:00,2,8,8,8,1.0,2021-02-05T00:00:00,2,8,8,2,23.1667,39,59,20,5,1,0,1,0,21,2,1966,14.003560528992878,1.0,0.3268382997728662,7.413927728382502,70320.66561546287,70423.97795015259,20,0,0,20
primary__operating__2021__mae_first__rr_1.13,primary,operating,2021,mae_first,rr_1.13,1,1,0.0,6800.0,379118.0,391000.0,11882.0,98965,False,5,11,5,1.0,2021-02-26T00:00:00,2,5,5,7,1.0,2021-02-22T00:00:00,4,7,7,7,1.0,2021-02-01T00:00:00,4,8,8,3,31.5322,41,61,20,5,1,0,1,0,20,3,1959,13.22766717713119,1.0,0.38557780051629587,6.419698946401225,67794.88961204696,67851.49308320571,20,0,0,20
primary__operating__2021__mae_first__rr_1.17,primary,operating,2021,mae_first,rr_1.17,1,1,0.0,6800.0,370821.0,383500.0,12679.0,96949,False,4,11,4,1.0,2021-02-26T00:00:00,2,4,4,8,1.0,2021-02-22T00:00:00,4,8,8,8,1.0,2021-02-01T00:00:00,4,8,8,2,25.8676,45,65,20,4,1,0,1,0,24,2,1964,13.024949083503055,1.0,0.35621638315010656,8.043668126782077,68031.77069755601,68067.20855397149,20,0,0,20
primary__operating__2021__mae_first__rr_1.25,primary,operating,2021,mae_first,rr_1.25,1,1,0.0,6800.0,325651.0,338000.0,12349.0,99815,True,4,14,6,1.0,2022-06-17T00:00:00,3,6,6,6,1.0,2021-02-26T00:00:00,3,6,6,8,1.0,2021-02-05T00:00:00,3,8,8,2,10.091,45,65,20,4,1,0,1,0,22,2,1980,13.52878787878788,1.0,0.328455948534462,9.0166384,67339.58171717172,67384.42575757575,20,0,0,20
primary__operating__2021__mae_first__rr_1.29,primary,operating,2021,mae_first,rr_1.29,1,1,0.0,6800.0,355474.0,367000.0,11526.0,99875,False,4,9,4,1.0,2022-06-17T00:00:00,0,4,4,5,1.0,2021-02-26T00:00:00,3,5,5,7,1.0,2021-02-05T00:00:00,3,7,7,1,19.2683,40,60,20,4,1,0,1,0,25,1,1970,13.713705583756346,1.0,0.3288782270601078,7.322530065482233,68427.2102284264,68556.99911167513,20,0,0,20
primary__operating__2021__mae_first__rr_1.45,primary,operating,2021,mae_first,rr_1.45,1,1,0.0,6800.0,347283.0,359500.0,12217.0,97892,False,7,9,7,0.875,2022-05-02T00:00:00,3,7,7,8,0.888889,2022-01-04T00:00:00,3,8,8,8,1.0,2021-05-19T00:00:00,3,10,10,0,0.0,45,65,20,7,1,0,1,0,27,0,1989,13.655103066867772,1.0,0.2969522585496744,8.588120572146808,66695.1591503268,66812.42013574661,20,0,0,20
primary__operating__2021__mae_first__rr_1.50,primary,operating,2021,mae_first,rr_1.50,1,1,0.0,6800.0,363474.0,375500.0,12026.0,99630,True,7,10,7,0.777778,2022-05-02T00:00:00,3,7,7,7,0.777778,2022-04-26T00:00:00,4,7,7,8,0.8,2022-03-01T00:00:00,3,8,8,0,0.0,44,64,20,7,1,0,1,0,24,0,1989,13.992458521870287,1.0,0.2777179238351133,8.395147362493715,70603.31440422323,70805.584364002,20,0,0,20
primary__operating__2021__mae_first__rr_1.61,primary,operating,2021,mae_first,rr_1.61,1,1,0.0,6800.0,334585.0,347000.0,12415.0,98203,False,4,12,6,0.5,2021-03-04T00:00:00,0,6,6,7,1.0,2021-02-26T00:00:00,1,7,7,12,1.0,2021-02-05T00:00:00,3,12,12,0,0.0,45,65,20,4,1,0,1,0,27,0,1989,13.98139768728004,1.0,0.2659034419735497,8.974152027149321,69961.13459024635,70045.6079436903,20,0,0,20
primary__operating__2021__mae_first__rr_1.75,primary,operating,2021,mae_first,rr_1.75,1,1,0.0,6800.0,346078.0,359000.0,12922.0,91939,False,5,13,5,0.833333,2021-09-30T00:00:00,1,5,5,9,0.833333,2021-09-24T00:00:00,5,9,9,11,1.0,2021-02-08T00:00:00,5,11,11,0,0.0,48,68,20,5,1,0,1,0,28,0,1989,13.34439416792358,1.0,0.27877482467890313,8.189999232277525,72798.41694318753,72885.7943438914,20,0,0,20
primary__operating__2021__mae_first__rr_1.76,primary,operating,2021,mae_first,rr_1.76,1,1,0.0,6800.0,351210.0,364000.0,12790.0,92270,False,5,13,5,0.833333,2021-09-30T00:00:00,1,5,5,9,0.833333,2021-09-24T00:00:00,4,9,9,10,1.0,2021-02-08T00:00:00,5,10,10,0,0.0,48,68,20,5,1,0,1,0,28,0,1989,13.414781297134239,1.0,0.27789658424841174,8.67582925691302,73684.8695072901,73767.5689291101,20,0,0,20
primary__operating__2021__mae_first__rr_1.83,primary,operating,2021,mae_first,rr_1.83,1,1,0.0,6800.0,359861.0,372500.0,12639.0,92780,False,4,13,4,0.666667,2021-09-30T00:00:00,1,4,4,8,0.666667,2021-09-24T00:00:00,2,8,8,11,0.666667,2021-09-03T00:00:00,4,11,11,0,0.0,46,66,20,4,1,0,1,0,27,0,1989,13.626445449974861,1.0,0.26366489653430053,8.18979292458522,74617.95276520865,74788.28961789845,20,0,0,20
primary__operating__2021__mae_first__rr_1.92,primary,operating,2021,mae_first,rr_1.92,1,1,0.0,6800.0,266442.0,283500.0,17058.0,82655,False,6,16,7,1.0,2021-09-30T00:00:00,4,7,7,7,1.0,2021-09-24T00:00:00,5,7,7,7,1.0,2021-09-03T00:00:00,6,9,9,1,0.3308,70,90,20,6,1,0,1,0,35,1,1989,12.291101055806939,1.0,0.35034360430544864,7.113462718954248,60225.10505279035,59865.36618903971,20,0,0,20
primary__operating__2021__mae_first__rr_2.00,primary,operating,2021,mae_first,rr_2.00,1,1,0.0,6800.0,257383.0,274000.0,16617.0,76989,True,7,15,8,1.0,2021-09-30T00:00:00,4,8,8,8,1.0,2021-09-24T00:00:00,6,8,8,8,1.0,2021-05-14T00:00:00,7,8,8,1,0.3308,67,87,20,7,1,0,1,0,38,1,1989,11.650578179989944,1.0,0.32573710053000177,7.515350470588236,61055.70087983911,60837.59713423831,20,0,0,20
primary__operating__2021__mae_first__rr_2.08,primary,operating,2021,mae_first,rr_2.08,1,1,0.0,6800.0,331019.0,343500.0,12481.0,85213,False,5,13,7,1.0,2021-09-30T00:00:00,3,7,7,8,1.0,2021-09-24T00:00:00,3,8,8,8,1.0,2021-05-12T00:00:00,5,8,8,1,0.2704,45,65,20,5,1,0,1,0,23,1,1989,12.997486173956762,1.0,0.32834987545329414,7.637729957264957,72349.0384364002,72403.22156862744,20,0,0,20
primary__operating__2021__mae_first__rr_2.17,primary,operating,2021,mae_first,rr_2.17,1,1,0.0,6800.0,260272.0,276000.0,15728.0,72774,False,8,11,8,1.0,2021-09-30T00:00:00,4,8,8,9,1.0,2021-09-24T00:00:00,6,9,9,9,1.0,2021-05-14T00:00:00,6,9,9,3,8.0125,62,82,20,8,1,0,1,0,35,3,1982,11.266902119071645,1.0,0.3692262623664591,8.467584933905146,58999.216321897075,58804.55403632694,20,0,0,20
primary__operating__2021__mae_first__rr_2.24,primary,operating,2021,mae_first,rr_2.24,1,1,0.0,6800.0,296076.0,310500.0,14424.0,76814,False,6,12,6,1.0,2022-06-30T00:00:00,2,6,6,9,1.0,2022-06-24T00:00:00,4,9,9,9,1.0,2022-06-03T00:00:00,5,9,9,2,7.5829,55,75,20,6,1,0,1,0,32,2,1982,11.957618567103935,1.0,0.34689313124361687,7.348494672048436,65551.02752270433,65483.65976286579,20,0,0,20
primary__operating__2021__mae_first__rr_2.25,primary,operating,2021,mae_first,rr_2.25,1,1,0.0,6800.0,302576.0,317000.0,14424.0,76698,False,6,12,6,1.0,2022-07-01T00:00:00,2,6,6,9,1.0,2022-06-27T00:00:00,4,9,9,9,1.0,2022-06-06T00:00:00,5,9,9,2,6.6618,55,75,20,6,1,0,1,0,32,2,1983,11.957135653050933,1.0,0.3510940706516413,7.309062825516894,66123.14712556732,66065.7712304589,20,0,0,20
primary__operating__2021__mae_first__rr_2.39,primary,operating,2021,mae_first,rr_2.39,1,1,0.0,6800.0,261008.0,278000.0,16992.0,61018,False,7,14,7,1.0,2022-01-10T00:00:00,5,7,7,7,1.0,2021-09-27T00:00:00,7,7,7,8,1.0,2021-09-06T00:00:00,7,9,9,4,40.9512,70,90,20,7,1,0,1,0,38,4,1949,9.822473063109287,1.0,0.36994855892544154,8.033040149307338,56686.68701898409,56517.15171883017,20,1,1,19
primary__operating__2021__mae_first__rr_2.50,primary,operating,2021,mae_first,rr_2.50,1,1,0.0,6800.0,260074.0,277000.0,16926.0,57962,True,6,13,7,1.0,2021-09-28T00:00:00,6,7,7,7,1.0,2021-09-22T00:00:00,7,7,7,8,1.0,2021-04-22T00:00:00,7,8,8,6,54.1889,70,90,20,6,1,0,1,0,40,6,1936,9.522727272727273,1.0,0.41417476043748175,7.4283422990702475,55176.18442665289,54896.439101239666,20,2,2,18
primary__operating__2021__mae_first__rr_2.55,primary,operating,2021,mae_first,rr_2.55,1,1,0.0,6800.0,263119.0,280000.0,16881.0,59273,False,7,14,7,1.0,2021-09-28T00:00:00,3,7,7,7,1.0,2021-09-22T00:00:00,7,7,7,8,1.0,2021-09-01T00:00:00,7,8,8,4,44.5104,67,87,20,7,1,0,1,0,35,4,1945,9.7573264781491,1.0,0.385900678399405,8.251746824678664,54917.18424164524,54639.56742930591,20,2,2,18
primary__operating__2021__mae_first__rr_2.71,primary,operating,2021,mae_first,rr_2.71,1,1,0.0,6800.0,245572.0,263000.0,17428.0,56242,False,7,13,7,1.0,2021-09-28T00:00:00,3,7,7,7,1.0,2021-02-26T00:00:00,7,7,7,7,1.0,2021-02-05T00:00:00,7,7,7,4,43.8083,70,89,19,7,1,0,1,0,36,4,1946,9.3792394655704,1.0,0.38143760711729774,7.899348207605344,51643.82623329907,51300.04935765673,19,2,2,17
primary__operating__2021__mae_first__rr_2.75,primary,operating,2021,mae_first,rr_2.75,1,1,0.0,6800.0,243468.0,260500.0,17032.0,59409,False,7,14,7,1.0,2021-09-28T00:00:00,3,7,7,7,1.0,2021-02-26T00:00:00,7,7,7,7,1.0,2021-02-05T00:00:00,7,7,7,4,43.6264,69,89,20,7,1,0,1,0,34,4,1946,9.932682425488181,1.0,0.37914574264386053,7.816037340184995,52632.686408016445,52309.98494347379,20,1,1,19
primary__operating__2021__mae_first__rr_2.83,primary,operating,2021,mae_first,rr_2.83,1,1,0.0,6800.0,277909.0,294500.0,16591.0,63721,False,7,15,7,1.0,2021-09-28T00:00:00,3,7,7,7,1.0,2021-02-26T00:00:00,5,7,7,7,1.0,2021-02-05T00:00:00,6,7,7,3,24.0095,66,86,20,7,1,0,1,0,33,3,1966,10.618006103763987,1.0,0.3607072779515135,8.125787452187183,58821.19275178027,58637.9981180061,20,0,0,20
primary__operating__2021__mae_first__rr_2.87,primary,operating,2021,mae_first,rr_2.87,1,1,0.0,6800.0,270520.0,288000.0,17480.0,62862,False,7,16,7,1.0,2021-09-28T00:00:00,3,7,7,7,1.0,2021-02-26T00:00:00,5,7,7,7,1.0,2021-02-05T00:00:00,6,7,7,3,9.4444,71,91,20,7,1,0,1,0,36,3,1980,10.41868686868687,1.0,0.37040284195118134,8.386505474242425,57973.1677020202,57688.603484848485,20,0,0,20
primary__operating__2021__mae_first__rr_3.03,primary,operating,2021,mae_first,rr_3.03,1,1,0.0,6800.0,347991.0,361500.0,13509.0,74580,False,6,11,6,1.0,2021-02-26T00:00:00,3,6,6,6,1.0,2021-02-22T00:00:00,6,6,6,6,1.0,2021-02-01T00:00:00,6,6,6,3,5.0539,49,69,20,6,1,0,1,0,28,3,1985,12.517884130982369,1.0,0.35678845903269013,7.505344944080605,73800.79624685137,73913.61168765742,20,0,0,20
primary__operating__2021__mae_first__rr_3.17,primary,operating,2021,mae_first,rr_3.17,1,1,0.0,6800.0,340767.0,354500.0,13733.0,71640,False,5,13,5,1.0,2021-02-26T00:00:00,4,5,5,6,1.0,2021-02-22T00:00:00,5,6,6,6,1.0,2021-02-01T00:00:00,6,6,6,3,2.475,50,70,20,5,1,0,1,0,28,3,1988,12.137323943661972,1.0,0.39402468710635824,6.151970986418511,72686.74336016095,72804.14195171026,20,0,0,20
primary__operating__2021__mae_first__rr_3.18,primary,operating,2021,mae_first,rr_3.18,1,1,0.0,6800.0,341767.0,355500.0,13733.0,71595,False,5,13,5,1.0,2021-02-26T00:00:00,3,5,5,5,1.0,2021-02-22T00:00:00,5,5,5,6,1.0,2021-02-01T00:00:00,6,6,6,3,2.475,50,70,20,5,1,0,1,0,29,3,1988,12.140845070422536,1.0,0.39400791983606986,6.155691949195171,73000.07019617707,73117.86609657948,20,0,0,20
primary__operating__2021__mae_first__rr_3.25,primary,operating,2021,mae_first,rr_3.25,1,1,0.0,6800.0,355221.0,367900.0,12679.0,76331,False,5,9,5,1.0,2021-02-26T00:00:00,2,5,5,5,1.0,2021-02-22T00:00:00,3,5,5,6,1.0,2021-02-01T00:00:00,4,6,6,3,12.5748,45,65,20,5,1,0,1,0,28,3,1978,13.088473205257836,1.0,0.33456589511858464,6.950904859453994,80342.87189079878,80649.29524772498,20,0,0,20
primary__operating__2021__mae_first__rr_3.34,primary,operating,2021,mae_first,rr_3.34,1,1,0.0,6800.0,322498.0,335500.0,13002.0,74401,False,4,10,5,1.0,2021-02-26T00:00:00,2,5,5,7,1.0,2021-02-22T00:00:00,3,7,7,7,1.0,2021-02-01T00:00:00,4,7,7,2,0.9664,46,66,20,4,1,0,1,0,29,2,1989,12.7526395173454,1.0,0.317668746777685,7.186200772247361,73451.83149824032,73666.52692307693,20,0,0,20
primary__operating__2021__mae_first__rr_3.50,primary,operating,2021,mae_first,rr_3.50,1,1,0.0,6800.0,297786.0,312500.0,14714.0,68722,True,5,12,5,1.0,2021-02-26T00:00:00,5,5,5,9,1.0,2021-02-22T00:00:00,7,9,9,9,1.0,2021-02-01T00:00:00,7,9,9,2,1.9593,56,76,20,5,1,0,1,0,34,2,1988,11.940140845070422,1.0,0.3444070961463046,7.141129786217304,68259.53143863179,68260.68501006036,20,0,0,20
primary__operating__2021__mae_first__wide4,primary,operating,2021,mae_first,wide4,4,4,3.0,6800.0,303562.0,318500.0,14938.0,88707,True,4,8,4,0.5,2021-05-13T00:00:00,0,4,4,7,0.666667,2022-06-27T00:00:00,3,7,7,10,0.8,2021-12-13T00:00:00,5,10,10,0,0.0,57,77,20,3,3,4,3,8,51,19,1989,12.565610859728507,3.7194570135746607,0.22269582525292336,9.69935846907994,65250.127124183,64838.55545500251,20,0,0,20
primary__operating__2021__mae_first__center4,primary,operating,2021,mae_first,center4,4,4,1.5,6800.0,335781.0,349000.0,13219.0,88253,False,6,5,7,0.666667,2022-06-17T00:00:00,2,7,7,8,1.0,2021-02-26T00:00:00,5,8,8,8,1.0,2021-02-05T00:00:00,7,8,8,0,0.0,48,68,20,2,3,4,4,9,43,14,1989,13.106083459024635,3.8109602815485166,0.19101549688208977,10.99262050879839,70862.64748617396,70812.785520362,20,0,0,20
primary__operating__2021__mae_first__edge4,primary,operating,2021,mae_first,edge4,4,4,3.0,6800.0,275677.0,290450.0,14773.0,94415,False,4,10,4,0.4,2022-01-07T00:00:00,0,4,4,6,0.75,2021-05-11T00:00:00,2,6,6,10,1.0,2021-04-20T00:00:00,5,10,11,0,0.0,57,77,20,4,3,6,3,9,50,14,1989,13.007038712921066,3.7571644042232277,0.2208483455421335,9.968026536450479,65317.48702865762,64734.36792357969,20,0,0,20
primary__operating__2021__mae_first__without050,primary,operating,2021,mae_first,without050,4,4,2.75,6800.0,326097.0,339500.0,13403.0,92120,False,4,10,4,0.75,2022-01-10T00:00:00,0,4,4,6,0.857143,2022-01-04T00:00:00,2,6,6,8,1.0,2021-02-09T00:00:00,3,8,8,0,0.0,50,70,20,3,3,6,3,11,43,14,1989,13.329813976872801,3.8019105077928605,0.1647684428872994,12.528289808949221,70476.2678481649,70373.22156862746,20,0,0,20
primary__operating__2021__mae_first__extremes2,primary,operating,2021,mae_first,extremes2,2,2,3.0,6800.0,246225.0,263000.0,16775.0,89929,False,6,15,6,0.75,2022-01-10T00:00:00,1,6,6,7,0.75,2021-05-07T00:00:00,5,7,7,11,1.0,2021-04-16T00:00:00,7,11,11,0,0.0,68,88,20,6,2,2,2,3,44,6,1989,12.254399195575667,1.9286073403720463,0.27053626713886625,8.604214343388639,60425.55100553042,59642.80389643037,20,0,0,20
primary__operating__2021__mae_first__grid5,primary,operating,2021,mae_first,grid5,5,5,3.0,6800.0,295517.0,309500.0,13983.0,89403,False,3,8,4,0.6,2022-01-10T00:00:00,1,4,4,6,0.75,2021-05-13T00:00:00,4,6,6,8,1.0,2021-04-22T00:00:00,5,8,8,0,0.0,52,72,20,3,2,5,3,8,46,20,1989,12.734539969834087,4.617898441427853,0.19444431258098377,11.304054683257919,66290.38863750629,65993.2326546003,20,0,0,20
primary__operating__2021__mae_first__grid10,primary,operating,2021,mae_first,grid10,10,10,3.0,6800.0,333189.0,346000.0,12811.0,91047,False,4,5,4,1.0,2021-06-15T00:00:00,1,4,4,5,1.0,2021-06-09T00:00:00,2,5,5,7,1.0,2021-04-22T00:00:00,4,7,7,1,17.0208,45,65,20,1,4,5,4,9,45,33,1972,13.07657200811359,8.170892494929006,0.15578370772147893,12.777351419371197,70997.50007606491,70898.8165821501,20,0,0,20
primary__operating__2021__mae_first__grid20,primary,operating,2021,mae_first,grid20,20,20,3.0,6800.0,353889.0,364500.0,10611.0,98012,False,3,6,4,1.0,2021-06-07T00:00:00,1,4,4,6,1.0,2021-06-01T00:00:00,3,6,6,6,1.0,2021-04-20T00:00:00,3,6,6,1,25.3051,34,54,20,1,3,6,4,8,34,34,1964,14.070773930753564,14.070773930753564,0.15451362216584358,13.642133680753565,76577.60346232179,76853.51145621181,20,0,0,20
primary__operating__2021__mae_first__ladder4,primary,operating,2021,mae_first,ladder4,4,1,0.0,6800.0,317026.0,329500.0,12474.0,106984,False,5,13,5,1.0,2022-01-10T00:00:00,2,5,5,8,1.0,2021-02-26T00:00:00,2,8,8,8,1.0,2021-02-05T00:00:00,2,8,8,2,23.1667,48,66,18,3,4,11,4,11,43,14,1966,13.880467955239064,3.7609359104781284,0.2920533277983185,10.778863460325534,69229.39992370295,69281.43685147507,20,5,5,15
primary__operating__2021__mae_first__ladder20,primary,operating,2021,mae_first,ladder20,20,1,0.0,6800.0,315868.0,328500.0,12632.0,106882,False,5,14,5,1.0,2022-01-10T00:00:00,2,5,5,8,1.0,2021-02-26T00:00:00,2,8,8,8,1.0,2021-02-05T00:00:00,2,8,8,2,23.1667,49,67,18,1,5,14,5,14,49,49,1966,13.865717192268566,13.865717192268566,0.3211114879794547,8.337230977619532,68483.10854526958,68529.76055442523,20,6,6,14
primary__operating__2021__mae_first__uniform_low,primary,operating,2021,mae_first,uniform_low,1,1,0.0,5300.0,331071.0,344500.0,13429.0,100987,False,10,16,13,1.0,2022-01-10T00:00:00,3,13,13,20,1.0,2021-02-26T00:00:00,3,20,20,20,1.0,2021-02-05T00:00:00,3,20,20,3,30.3259,65,71,6,10,1,0,1,0,28,3,1959,13.163348647269014,1.0,0.33994852082619187,7.042987120469627,55405.098519652885,55359.39645227156,20,20,20,0
primary__operating__2021__mae_first__uniform_high,primary,operating,2021,mae_first,uniform_high,1,1,0.0,8300.0,291830.0,303000.0,11170.0,107965,False,5,11,5,1.0,2022-01-10T00:00:00,2,5,5,8,1.0,2021-02-26T00:00:00,2,8,8,8,1.0,2021-02-05T00:00:00,2,8,8,2,23.1667,39,59,20,5,1,0,1,0,21,2,1966,14.003560528992878,1.0,0.3268382997728662,7.413927728382502,81199.35330620549,81302.66564089523,20,0,0,20
primary__operating__2021__mae_first__grid20_reverse,primary,operating,2021,mae_first,grid20_reverse,20,20,3.0,6800.0,343564.0,356500.0,12936.0,83477,False,4,10,6,1.0,2021-02-26T00:00:00,3,6,6,6,1.0,2021-02-22T00:00:00,6,6,6,6,1.0,2021-02-01T00:00:00,6,6,6,2,0.9664,46,66,20,1,4,10,6,11,46,46,1989,12.585721468074409,12.585721468074409,0.21659700093226517,12.01136205882353,73061.62714932127,73235.65952740071,20,0,0,20
primary__operating__2021__mae_first__ladder20_reverse,primary,operating,2021,mae_first,ladder20_reverse,20,1,0.0,6800.0,315368.0,328000.0,12632.0,106891,False,5,13,5,1.0,2022-01-10T00:00:00,2,5,5,8,1.0,2021-02-26T00:00:00,2,8,8,8,1.0,2021-02-05T00:00:00,2,8,8,2,23.1667,49,67,18,1,5,13,5,14,49,49,1966,13.86673448626653,13.86673448626653,0.3198288078034597,8.134721843845371,70346.20623092573,70392.95996948118,20,6,6,14
primary__isolation__2022__mae_first__rr_0.50,primary,isolation,2022,mae_first,rr_0.50,1,1,0.0,6800.0,296000.0,300000.0,4000.0,147460,True,0,0,0,0.0,,0,0,0,0,0.0,,0,0,0,0,0.0,,0,0,0,0,0.0,0,20,20,0,0,0,0,0,0,0,1655,20.0,1.0,1.0,1.0,94350.63081570997,95846.53897280966,20,0,0,20
primary__isolation__2022__mae_first__rr_0.66,primary,isolation,2022,mae_first,rr_0.66,1,1,0.0,6800.0,306000.0,310000.0,4000.0,141420,False,0,0,0,0.0,,0,0,0,0,0.0,,0,0,0,0,0.0,,0,0,0,0,0.0,0,20,20,0,0,0,0,0,0,0,1655,20.0,1.0,1.0,1.0,105762.94380664652,107340.93776435046,20,0,0,20
primary__isolation__2022__mae_first__rr_0.75,primary,isolation,2022,mae_first,rr_0.75,1,1,0.0,6800.0,326000.0,330000.0,4000.0,138320,True,0,0,0,0.0,,0,0,0,0,0.0,,0,0,0,0,0.0,,0,0,0,0,0.0,0,20,20,0,0,0,0,0,0,0,1655,20.0,1.0,1.0,1.0,102268.33232628398,103788.54864048338,20,0,0,20
primary__isolation__2022__mae_first__rr_0.82,primary,isolation,2022,mae_first,rr_0.82,1,1,0.0,6800.0,366000.0,370000.0,4000.0,136240,False,0,0,0,0.0,,0,0,0,0,0.0,,0,0,0,0,0.0,,0,0,0,0,0.0,0,20,20,0,0,0,0,0,0,0,1655,20.0,1.0,1.0,1.0,108777.49909365558,110317.66586102718,20,0,0,20
primary__isolation__2022__mae_first__rr_0.83,primary,isolation,2022,mae_first,rr_0.83,1,1,0.0,6800.0,-4000.0,0.0,4000.0,15120,False,20,1,20,1.0,2022-07-01T00:00:00,1,20,20,20,1.0,2022-06-27T00:00:00,1,20,20,20,1.0,2022-06-06T00:00:00,1,20,20,1,1473.2044,20,20,0,20,1,0,1,0,1,1,182,20.0,1.0,1.0,1.0,41277.24725274725,38882.83516483517,0,0,0,0
primary__isolation__2022__mae_first__rr_0.97,primary,isolation,2022,mae_first,rr_0.97,1,1,0.0,6800.0,-4000.0,0.0,4000.0,10020,False,20,1,20,1.0,2022-05-12T00:00:00,1,20,20,20,1.0,2022-05-06T00:00:00,1,20,20,20,1.0,2022-04-14T00:00:00,1,20,20,1,1523.4062,20,20,0,20,1,0,1,0,1,1,132,20.0,1.0,1.0,1.0,31694.045454545456,27342.446969696968,0,0,0,0
primary__isolation__2022__mae_first__rr_1.00,primary,isolation,2022,mae_first,rr_1.00,1,1,0.0,6800.0,-4000.0,0.0,4000.0,9940,True,20,1,20,1.0,2022-05-12T00:00:00,1,20,20,20,1.0,2022-05-06T00:00:00,1,20,20,20,1.0,2022-04-14T00:00:00,1,20,20,1,1523.2069,20,20,0,20,1,0,1,0,1,1,132,20.0,1.0,1.0,1.0,35146.931818181816,30704.71212121212,0,0,0,0
primary__isolation__2022__mae_first__rr_1.13,primary,isolation,2022,mae_first,rr_1.13,1,1,0.0,6800.0,-4000.0,0.0,4000.0,1740,False,20,1,20,1.0,2022-01-21T00:00:00,1,20,20,20,1.0,2022-01-17T00:00:00,1,20,20,20,1.0,2022-01-03T00:00:00,1,20,20,1,1633.9417,20,20,0,20,1,0,1,0,1,1,21,20.0,1.0,1.0,1.0,20538.666666666668,334.5238095238095,0,0,0,0
primary__isolation__2022__mae_first__rr_1.17,primary,isolation,2022,mae_first,rr_1.17,1,1,0.0,6800.0,-4000.0,0.0,4000.0,1740,False,20,1,20,1.0,2022-01-21T00:00:00,1,20,20,20,1.0,2022-01-17T00:00:00,1,20,20,20,1.0,2022-01-03T00:00:00,1,20,20,1,1633.9417,20,20,0,20,1,0,1,0,1,1,21,20.0,1.0,1.0,1.0,20751.52380952381,439.2857142857143,0,0,0,0
primary__isolation__2022__mae_first__rr_1.25,primary,isolation,2022,mae_first,rr_1.25,1,1,0.0,6800.0,-4000.0,0.0,4000.0,1740,True,20,1,20,1.0,2022-01-21T00:00:00,1,20,20,20,1.0,2022-01-17T00:00:00,1,20,20,20,1.0,2022-01-03T00:00:00,1,20,20,1,1633.9417,20,20,0,20,1,0,1,0,1,1,21,20.0,1.0,1.0,1.0,21119.14285714286,849.7619047619048,0,0,0,0
primary__isolation__2022__mae_first__rr_1.29,primary,isolation,2022,mae_first,rr_1.29,1,1,0.0,6800.0,-4000.0,0.0,4000.0,1800,False,20,1,20,1.0,2022-01-24T00:00:00,1,20,20,20,1.0,2022-01-18T00:00:00,1,20,20,20,1.0,2022-01-03T00:00:00,1,20,20,1,1630.9588,20,20,0,20,1,0,1,0,1,1,24,20.0,1.0,1.0,1.0,18925.916666666668,803.9583333333334,0,0,0,0
primary__isolation__2022__mae_first__rr_1.45,primary,isolation,2022,mae_first,rr_1.45,1,1,0.0,6800.0,-4000.0,0.0,4000.0,1660,False,20,1,20,1.0,2022-01-21T00:00:00,1,20,20,20,1.0,2022-01-17T00:00:00,1,20,20,20,1.0,2022-01-03T00:00:00,1,20,20,1,1633.9417,20,20,0,20,1,0,1,0,1,1,21,20.0,1.0,1.0,1.0,20681.619047619046,1047.8095238095239,0,0,0,0
primary__isolation__2022__mae_first__rr_1.50,primary,isolation,2022,mae_first,rr_1.50,1,1,0.0,6800.0,-4000.0,0.0,4000.0,1720,True,20,1,20,1.0,2022-01-24T00:00:00,1,20,20,20,1.0,2022-01-18T00:00:00,1,20,20,20,1.0,2022-01-03T00:00:00,1,20,20,1,1631.2,20,20,0,20,1,0,1,0,1,1,24,20.0,1.0,1.0,1.0,18699.583333333332,2049.9166666666665,0,0,0,0
primary__isolation__2022__mae_first__rr_1.61,primary,isolation,2022,mae_first,rr_1.61,1,1,0.0,6800.0,-4000.0,0.0,4000.0,11620,False,20,1,20,1.0,2022-06-13T00:00:00,1,20,20,20,1.0,2022-06-07T00:00:00,1,20,20,20,1.0,2022-05-17T00:00:00,1,20,20,1,1491.1799,20,20,0,20,1,0,1,0,1,1,164,20.0,1.0,1.0,1.0,37688.78048780488,36197.62804878049,0,0,0,0
primary__isolation__2022__mae_first__rr_1.75,primary,isolation,2022,mae_first,rr_1.75,1,1,0.0,6800.0,-4000.0,0.0,4000.0,11360,False,20,1,20,1.0,2022-06-13T00:00:00,1,20,20,20,1.0,2022-06-07T00:00:00,1,20,20,20,1.0,2022-05-17T00:00:00,1,20,20,1,1490.9722,20,20,0,20,1,0,1,0,1,1,164,20.0,1.0,1.0,1.0,42136.89634146341,40876.01829268293,0,0,0,0
primary__isolation__2022__mae_first__rr_1.76,primary,isolation,2022,mae_first,rr_1.76,1,1,0.0,6800.0,-4000.0,0.0,4000.0,11360,False,20,1,20,1.0,2022-06-13T00:00:00,1,20,20,20,1.0,2022-06-07T00:00:00,1,20,20,20,1.0,2022-05-17T00:00:00,1,20,20,1,1490.9722,20,20,0,20,1,0,1,0,1,1,164,20.0,1.0,1.0,1.0,42671.7743902439,41492.829268292684,0,0,0,0
primary__isolation__2022__mae_first__rr_1.83,primary,isolation,2022,mae_first,rr_1.83,1,1,0.0,6800.0,-4000.0,0.0,4000.0,11280,False,20,1,20,1.0,2022-06-13T00:00:00,1,20,20,20,1.0,2022-06-07T00:00:00,1,20,20,20,1.0,2022-05-17T00:00:00,1,20,20,1,1490.9722,20,20,0,20,1,0,1,0,1,1,164,20.0,1.0,1.0,1.0,42834.09146341463,41820.310975609755,0,0,0,0
primary__isolation__2022__mae_first__rr_1.92,primary,isolation,2022,mae_first,rr_1.92,1,1,0.0,6800.0,-4000.0,0.0,4000.0,11080,False,20,1,20,1.0,2022-06-13T00:00:00,1,20,20,20,1.0,2022-06-07T00:00:00,1,20,20,20,1.0,2022-05-17T00:00:00,1,20,20,1,1491.575,20,20,0,20,1,0,1,0,1,1,164,20.0,1.0,1.0,1.0,39315.256097560974,38237.21341463415,0,0,0,0
primary__isolation__2022__mae_first__rr_2.00,primary,isolation,2022,mae_first,rr_2.00,1,1,0.0,6800.0,-4000.0,0.0,4000.0,11140,True,20,1,20,1.0,2022-06-14T00:00:00,1,20,20,20,1.0,2022-06-08T00:00:00,1,20,20,20,1.0,2022-05-18T00:00:00,1,20,20,1,1490.2812,20,20,0,20,1,0,1,0,1,1,165,20.0,1.0,1.0,1.0,42234.93939393939,41180.01212121212,0,0,0,0
primary__isolation__2022__mae_first__rr_2.08,primary,isolation,2022,mae_first,rr_2.08,1,1,0.0,6800.0,-4000.0,0.0,4000.0,520,False,20,1,20,1.0,2022-01-10T00:00:00,1,20,20,20,1.0,2022-01-04T00:00:00,1,20,20,20,1.0,2022-01-03T00:00:00,1,20,20,1,1645.0005,20,20,0,20,1,0,1,0,1,1,10,20.0,1.0,1.0,1.0,18396.8,0.0,0,0,0,0
primary__isolation__2022__mae_first__rr_2.17,primary,isolation,2022,mae_first,rr_2.17,1,1,0.0,6800.0,-4000.0,0.0,4000.0,520,False,20,1,20,1.0,2022-01-10T00:00:00,1,20,20,20,1.0,2022-01-04T00:00:00,1,20,20,20,1.0,2022-01-03T00:00:00,1,20,20,1,1645.0005,20,20,0,20,1,0,1,0,1,1,10,20.0,1.0,1.0,1.0,18396.8,0.0,0,0,0,0
primary__isolation__2022__mae_first__rr_2.24,primary,isolation,2022,mae_first,rr_2.24,1,1,0.0,6800.0,-4000.0,0.0,4000.0,520,False,20,1,20,1.0,2022-01-10T00:00:00,1,20,20,20,1.0,2022-01-04T00:00:00,1,20,20,20,1.0,2022-01-03T00:00:00,1,20,20,1,1645.0005,20,20,0,20,1,0,1,0,1,1,10,20.0,1.0,1.0,1.0,18396.8,0.0,0,0,0,0
primary__isolation__2022__mae_first__rr_2.25,primary,isolation,2022,mae_first,rr_2.25,1,1,0.0,6800.0,-4000.0,0.0,4000.0,520,False,20,1,20,1.0,2022-01-10T00:00:00,1,20,20,20,1.0,2022-01-04T00:00:00,1,20,20,20,1.0,2022-01-03T00:00:00,1,20,20,1,1645.0005,20,20,0,20,1,0,1,0,1,1,10,20.0,1.0,1.0,1.0,18396.8,0.0,0,0,0,0
primary__isolation__2022__mae_first__rr_2.39,primary,isolation,2022,mae_first,rr_2.39,1,1,0.0,6800.0,-4000.0,0.0,4000.0,480,False,20,1,20,1.0,2022-01-10T00:00:00,1,20,20,20,1.0,2022-01-04T00:00:00,1,20,20,20,1.0,2022-01-03T00:00:00,1,20,20,1,1645.3382,20,20,0,20,1,0,1,0,1,1,10,20.0,1.0,1.0,1.0,18396.8,0.0,0,0,0,0
primary__isolation__2022__mae_first__rr_2.50,primary,isolation,2022,mae_first,rr_2.50,1,1,0.0,6800.0,-4000.0,0.0,4000.0,480,True,20,1,20,1.0,2022-01-10T00:00:00,1,20,20,20,1.0,2022-01-04T00:00:00,1,20,20,20,1.0,2022-01-03T00:00:00,1,20,20,1,1645.3382,20,20,0,20,1,0,1,0,1,1,10,20.0,1.0,1.0,1.0,18396.8,0.0,0,0,0,0
primary__isolation__2022__mae_first__rr_2.55,primary,isolation,2022,mae_first,rr_2.55,1,1,0.0,6800.0,-4000.0,0.0,4000.0,480,False,20,1,20,1.0,2022-01-10T00:00:00,1,20,20,20,1.0,2022-01-04T00:00:00,1,20,20,20,1.0,2022-01-03T00:00:00,1,20,20,1,1645.3382,20,20,0,20,1,0,1,0,1,1,10,20.0,1.0,1.0,1.0,18396.8,0.0,0,0,0,0
primary__isolation__2022__mae_first__rr_2.71,primary,isolation,2022,mae_first,rr_2.71,1,1,0.0,6800.0,-4000.0,0.0,4000.0,480,False,20,1,20,1.0,2022-01-10T00:00:00,1,20,20,20,1.0,2022-01-04T00:00:00,1,20,20,20,1.0,2022-01-03T00:00:00,1,20,20,1,1645.3382,20,20,0,20,1,0,1,0,1,1,10,20.0,1.0,1.0,1.0,18466.8,0.0,0,0,0,0
primary__isolation__2022__mae_first__rr_2.75,primary,isolation,2022,mae_first,rr_2.75,1,1,0.0,6800.0,-4000.0,0.0,4000.0,480,False,20,1,20,1.0,2022-01-10T00:00:00,1,20,20,20,1.0,2022-01-04T00:00:00,1,20,20,20,1.0,2022-01-03T00:00:00,1,20,20,1,1645.3382,20,20,0,20,1,0,1,0,1,1,10,20.0,1.0,1.0,1.0,18466.8,0.0,0,0,0,0
primary__isolation__2022__mae_first__rr_2.83,primary,isolation,2022,mae_first,rr_2.83,1,1,0.0,6800.0,-4000.0,0.0,4000.0,480,False,20,1,20,1.0,2022-01-10T00:00:00,1,20,20,20,1.0,2022-01-04T00:00:00,1,20,20,20,1.0,2022-01-03T00:00:00,1,20,20,1,1645.3382,20,20,0,20,1,0,1,0,1,1,10,20.0,1.0,1.0,1.0,18506.8,0.0,0,0,0,0
primary__isolation__2022__mae_first__rr_2.87,primary,isolation,2022,mae_first,rr_2.87,1,1,0.0,6800.0,-4000.0,0.0,4000.0,480,False,20,1,20,1.0,2022-01-10T00:00:00,1,20,20,20,1.0,2022-01-04T00:00:00,1,20,20,20,1.0,2022-01-03T00:00:00,1,20,20,1,1645.3382,20,20,0,20,1,0,1,0,1,1,10,20.0,1.0,1.0,1.0,18506.8,0.0,0,0,0,0
primary__isolation__2022__mae_first__rr_3.03,primary,isolation,2022,mae_first,rr_3.03,1,1,0.0,6800.0,-4000.0,0.0,4000.0,460,False,20,1,20,1.0,2022-01-10T00:00:00,1,20,20,20,1.0,2022-01-04T00:00:00,1,20,20,20,1.0,2022-01-03T00:00:00,1,20,20,1,1645.3382,20,20,0,20,1,0,1,0,1,1,10,20.0,1.0,1.0,1.0,18506.8,0.0,0,0,0,0
primary__isolation__2022__mae_first__rr_3.17,primary,isolation,2022,mae_first,rr_3.17,1,1,0.0,6800.0,-4000.0,0.0,4000.0,460,False,20,1,20,1.0,2022-01-10T00:00:00,1,20,20,20,1.0,2022-01-04T00:00:00,1,20,20,20,1.0,2022-01-03T00:00:00,1,20,20,1,1645.3382,20,20,0,20,1,0,1,0,1,1,10,20.0,1.0,1.0,1.0,18696.8,0.0,0,0,0,0
primary__isolation__2022__mae_first__rr_3.18,primary,isolation,2022,mae_first,rr_3.18,1,1,0.0,6800.0,-4000.0,0.0,4000.0,460,False,20,1,20,1.0,2022-01-10T00:00:00,1,20,20,20,1.0,2022-01-04T00:00:00,1,20,20,20,1.0,2022-01-03T00:00:00,1,20,20,1,1645.3382,20,20,0,20,1,0,1,0,1,1,10,20.0,1.0,1.0,1.0,18840.8,0.0,0,0,0,0
primary__isolation__2022__mae_first__rr_3.25,primary,isolation,2022,mae_first,rr_3.25,1,1,0.0,6800.0,-4000.0,0.0,4000.0,460,False,20,1,20,1.0,2022-01-10T00:00:00,1,20,20,20,1.0,2022-01-04T00:00:00,1,20,20,20,1.0,2022-01-03T00:00:00,1,20,20,1,1645.3382,20,20,0,20,1,0,1,0,1,1,10,20.0,1.0,1.0,1.0,18840.8,0.0,0,0,0,0
primary__isolation__2022__mae_first__rr_3.34,primary,isolation,2022,mae_first,rr_3.34,1,1,0.0,6800.0,-4000.0,0.0,4000.0,460,False,20,1,20,1.0,2022-01-10T00:00:00,1,20,20,20,1.0,2022-01-04T00:00:00,1,20,20,20,1.0,2022-01-03T00:00:00,1,20,20,1,1645.3382,20,20,0,20,1,0,1,0,1,1,10,20.0,1.0,1.0,1.0,18840.8,0.0,0,0,0,0
primary__isolation__2022__mae_first__rr_3.50,primary,isolation,2022,mae_first,rr_3.50,1,1,0.0,6800.0,-4000.0,0.0,4000.0,460,True,20,1,20,1.0,2022-01-10T00:00:00,1,20,20,20,1.0,2022-01-04T00:00:00,1,20,20,20,1.0,2022-01-03T00:00:00,1,20,20,1,1645.3382,20,20,0,20,1,0,1,0,1,1,10,20.0,1.0,1.0,1.0,18840.8,0.0,0,0,0,0
primary__isolation__2022__mae_first__wide4,primary,isolation,2022,mae_first,wide4,4,4,3.0,6800.0,71000.0,75000.0,4000.0,37530,True,10,2,10,0.5,2022-01-10T00:00:00,2,10,10,10,0.5,2022-01-04T00:00:00,2,10,10,15,0.75,2022-01-03T00:00:00,1,15,15,0,0.0,15,20,5,5,2,1,2,1,3,3,1655,5.132930513595166,1.0265861027190333,0.9930513595166163,1.0193353474320241,23711.70090634441,23969.066465256798,5,0,0,5
primary__isolation__2022__mae_first__center4,primary,isolation,2022,mae_first,center4,4,4,1.5,6800.0,-4000.0,0.0,4000.0,3525,False,5,4,10,1.0,2022-06-13T00:00:00,3,10,10,10,1.0,2022-06-07T00:00:00,3,10,10,15,1.0,2022-05-17T00:00:00,2,15,15,1,1490.9722,20,20,0,5,1,0,2,1,4,4,164,6.25,1.25,0.9420731707317073,1.1621951219512194,11772.239329268292,10246.207317073171,0,0,0,0
primary__isolation__2022__mae_first__edge4,primary,isolation,2022,mae_first,edge4,4,4,3.0,6800.0,153500.0,157500.0,4000.0,71675,False,10,1,10,0.5,2022-01-10T00:00:00,1,10,10,10,0.5,2022-01-04T00:00:00,1,10,10,10,0.5,2022-01-03T00:00:00,1,10,10,0,0.0,10,20,10,5,2,1,2,1,2,2,1655,10.060422960725075,2.012084592145015,0.5030211480362538,1.9963746235649549,49211.66163141994,49908.771903323264,10,0,0,10
primary__isolation__2022__mae_first__without050,primary,isolation,2022,mae_first,without050,4,4,2.75,6800.0,78500.0,82500.0,4000.0,35245,False,10,2,10,0.5,2022-01-10T00:00:00,2,10,10,10,0.5,2022-01-04T00:00:00,2,10,10,15,0.75,2022-01-03T00:00:00,1,15,15,0,0.0,15,20,5,5,2,1,2,1,3,3,1655,5.132930513595166,1.0265861027190333,0.9933534743202417,1.0187311178247733,25691.126283987916,25954.568882175226,5,0,0,5
primary__isolation__2022__mae_first__extremes2,primary,isolation,2022,mae_first,extremes2,2,2,3.0,6800.0,146000.0,150000.0,4000.0,73960,False,10,1,10,0.5,2022-01-10T00:00:00,1,10,10,10,0.5,2022-01-04T00:00:00,1,10,10,10,0.5,2022-01-03T00:00:00,1,10,10,0,0.0,10,20,10,10,1,0,1,0,1,1,1655,10.060422960725075,1.0060422960725075,0.9981873111782478,1.0036253776435045,47232.236253776435,47923.26948640483,10,0,0,10
primary__isolation__2022__mae_first__grid5,primary,isolation,2022,mae_first,grid5,5,5,3.0,6800.0,56000.0,60000.0,4000.0,32256,False,8,3,8,0.5,2022-06-14T00:00:00,1,8,8,8,0.5,2022-06-08T00:00:00,1,8,8,12,0.6,2022-01-03T00:00:00,2,12,12,0,0.0,16,20,4,4,2,1,2,1,4,4,1655,4.4978851963746225,1.1244712990936556,0.9495871097683786,1.1133362108761329,19810.953111782477,19992.576314199396,4,0,0,4
primary__isolation__2022__mae_first__grid10,primary,isolation,2022,mae_first,grid10,10,10,3.0,6800.0,26000.0,30000.0,4000.0,17972,False,8,6,10,0.5,2022-01-10T00:00:00,1,10,10,10,0.5,2022-01-04T00:00:00,1,10,10,14,0.7,2022-01-03T00:00:00,2,14,14,0,0.0,18,20,2,2,4,1,5,1,9,9,1655,2.5329305135951663,1.2664652567975831,0.930845921450151,1.2235606386706948,10422.99069486405,10430.190453172205,2,0,0,2
primary__isolation__2022__mae_first__grid20,primary,isolation,2022,mae_first,grid20,20,20,3.0,6800.0,45000.0,49000.0,4000.0,23960,False,8,3,10,0.5,2022-01-10T00:00:00,2,10,10,10,0.5,2022-01-04T00:00:00,2,10,10,13,0.65,2022-01-03T00:00:00,2,13,13,0,0.0,17,20,3,1,8,3,10,3,17,17,1655,3.4773413897280965,3.4773413897280965,0.32055747374478494,3.342854602416918,16259.84658610272,16360.141268882177,3,0,0,3
primary__isolation__2022__mae_first__ladder4,primary,isolation,2022,mae_first,ladder4,4,1,0.0,6800.0,-4000.0,0.0,4000.0,9940,False,20,1,20,1.0,2022-05-12T00:00:00,1,20,20,20,1.0,2022-05-06T00:00:00,1,20,20,20,1.0,2022-04-14T00:00:00,1,20,20,1,1523.2069,20,20,0,5,4,1,4,1,4,4,132,20.0,4.0,1.0,1.0,35146.931818181816,30704.71212121212,0,0,0,0
primary__isolation__2022__mae_first__ladder20,primary,isolation,2022,mae_first,ladder20,20,1,0.0,6800.0,-4000.0,0.0,4000.0,9940,False,20,1,20,1.0,2022-05-12T00:00:00,1,20,20,20,1.0,2022-05-06T00:00:00,1,20,20,20,1.0,2022-04-14T00:00:00,1,20,20,1,1523.2069,20,20,0,1,20,1,20,1,20,20,132,20.0,20.0,1.0,1.0,35146.931818181816,30704.71212121212,0,0,0,0
primary__isolation__2022__mae_first__uniform_low,primary,isolation,2022,mae_first,uniform_low,1,1,0.0,5300.0,-4000.0,0.0,4000.0,9940,False,20,1,20,1.0,2022-05-12T00:00:00,1,20,20,20,1.0,2022-05-06T00:00:00,1,20,20,20,1.0,2022-04-14T00:00:00,1,20,20,1,1523.2069,20,20,0,20,1,0,1,0,1,1,132,20.0,1.0,1.0,1.0,35146.931818181816,30704.71212121212,0,0,0,0
primary__isolation__2022__mae_first__uniform_high,primary,isolation,2022,mae_first,uniform_high,1,1,0.0,8300.0,-4000.0,0.0,4000.0,9940,False,20,1,20,1.0,2022-05-12T00:00:00,1,20,20,20,1.0,2022-05-06T00:00:00,1,20,20,20,1.0,2022-04-14T00:00:00,1,20,20,1,1523.2069,20,20,0,20,1,0,1,0,1,1,132,20.0,1.0,1.0,1.0,35146.931818181816,30704.71212121212,0,0,0,0
primary__isolation__2022__mae_first__grid20_reverse,primary,isolation,2022,mae_first,grid20_reverse,20,20,3.0,6800.0,45000.0,49000.0,4000.0,23960,False,8,3,10,0.5,2022-01-10T00:00:00,2,10,10,10,0.5,2022-01-04T00:00:00,2,10,10,13,0.65,2022-01-03T00:00:00,2,13,13,0,0.0,17,20,3,1,8,3,10,3,17,17,1655,3.4773413897280965,3.4773413897280965,0.32055747374478494,3.342854602416918,16259.84658610272,16360.141268882177,3,0,0,3
primary__isolation__2022__mae_first__ladder20_reverse,primary,isolation,2022,mae_first,ladder20_reverse,20,1,0.0,6800.0,-4000.0,0.0,4000.0,9940,False,20,1,20,1.0,2022-05-12T00:00:00,1,20,20,20,1.0,2022-05-06T00:00:00,1,20,20,20,1.0,2022-04-14T00:00:00,1,20,20,1,1523.2069,20,20,0,1,20,1,20,1,20,20,132,20.0,20.0,1.0,1.0,35146.931818181816,30704.71212121212,0,0,0,0
primary__operating__2022__mae_first__rr_0.50,primary,operating,2022,mae_first,rr_0.50,1,1,0.0,6800.0,198870.0,209000.0,10130.0,91483,True,11,8,11,0.846154,2023-10-04T00:00:00,2,11,11,11,0.846154,2023-09-28T00:00:00,2,11,11,12,0.923077,2023-10-03T00:00:00,3,12,12,0,0.0,32,52,20,11,1,0,1,0,12,0,1624,12.666256157635468,1.0,0.4179094303334608,5.813492530172414,60047.37459975369,59278.594981527094,20,0,0,20
primary__operating__2022__mae_first__rr_0.66,primary,operating,2022,mae_first,rr_0.66,1,1,0.0,6800.0,196820.0,205000.0,8180.0,94438,False,5,6,8,1.0,2022-06-30T00:00:00,2,8,8,9,1.0,2022-06-24T00:00:00,2,9,9,9,1.0,2022-06-03T00:00:00,2,9,9,1,6.3884,23,43,20,5,1,0,1,0,11,1,1618,13.663164400494438,1.0,0.34896504650036897,7.163942739802224,66307.94147095179,66475.20377008653,20,0,0,20
primary__operating__2022__mae_first__rr_0.75,primary,operating,2022,mae_first,rr_0.75,1,1,0.0,6800.0,224011.0,232000.0,7989.0,94605,True,6,5,8,1.0,2022-06-17T00:00:00,1,8,8,9,1.0,2022-06-13T00:00:00,1,9,9,9,1.0,2022-05-23T00:00:00,1,9,9,1,19.8731,22,42,20,6,1,0,1,0,13,1,1605,14.12398753894081,1.0,0.34201014413327424,7.004414940186916,67648.71037383178,67654.26127725856,20,0,0,20
primary__operating__2022__mae_first__rr_0.82,primary,operating,2022,mae_first,rr_0.82,1,1,0.0,6800.0,258308.0,265500.0,7192.0,91264,False,5,3,5,0.666667,2022-05-11T00:00:00,0,5,5,6,0.666667,2022-05-05T00:00:00,0,6,6,6,1.0,2022-06-02T00:00:00,0,6,6,0,0.0,18,38,20,5,1,0,1,0,12,0,1624,13.67179802955665,1.0,0.3128851963464643,7.341828761699507,71275.02216748768,71643.48417487685,20,0,0,20
primary__operating__2022__mae_first__rr_0.83,primary,operating,2022,mae_first,rr_0.83,1,1,0.0,6800.0,258690.0,265500.0,6810.0,91679,False,5,2,6,0.666667,2022-05-11T00:00:00,0,6,6,6,0.666667,2022-05-05T00:00:00,0,6,6,6,1.0,2022-06-02T00:00:00,0,6,6,0,0.0,16,36,20,5,1,0,1,0,11,0,1624,13.748768472906404,1.0,0.31101615850144115,7.834117946428572,71108.67678571428,71450.92764778325,20,0,0,20
primary__operating__2022__mae_first__rr_0.97,primary,operating,2022,mae_first,rr_0.97,1,1,0.0,6800.0,288360.0,296000.0,7640.0,86522,False,5,6,5,1.0,2022-06-13T00:00:00,0,5,5,5,1.0,2022-05-06T00:00:00,1,5,5,5,1.0,2022-04-14T00:00:00,1,5,5,1,8.2836,20,40,20,5,1,0,1,0,10,1,1616,13.532178217821782,1.0,0.33900541392255445,6.341904734529702,73378.11058168317,73825.50194925744,20,0,0,20
primary__operating__2022__mae_first__rr_1.00,primary,operating,2022,mae_first,rr_1.00,1,1,0.0,6800.0,285959.0,293500.0,7541.0,86959,True,5,4,5,1.0,2022-05-12T00:00:00,0,5,5,6,1.0,2022-05-06T00:00:00,0,6,6,6,1.0,2022-04-14T00:00:00,0,6,6,2,23.6664,20,40,20,5,1,0,1,0,12,2,1601,13.817613991255465,1.0,0.3188414687422177,7.1227619494066206,74101.24147407869,74562.52663960026,20,0,0,20
primary__operating__2022__mae_first__rr_1.13,primary,operating,2022,mae_first,rr_1.13,1,1,0.0,6800.0,360485.0,368000.0,7515.0,83230,False,5,4,5,1.0,2022-05-12T00:00:00,0,5,5,5,1.0,2022-05-06T00:00:00,1,5,5,5,1.0,2022-04-14T00:00:00,1,5,5,3,28.9958,19,39,20,5,1,0,1,0,11,3,1596,13.657268170426065,1.0,0.3583711496068336,5.8881665307017546,76312.00037593985,76791.8826754386,20,0,0,20
primary__operating__2022__mae_first__rr_1.17,primary,operating,2022,mae_first,rr_1.17,1,1,0.0,6800.0,345721.0,354000.0,8279.0,82578,False,4,4,4,1.0,2022-05-12T00:00:00,1,4,4,5,1.0,2022-05-06T00:00:00,2,5,5,6,1.0,2022-04-14T00:00:00,2,6,6,3,28.9236,23,43,20,4,1,0,1,0,16,3,1596,13.649122807017545,1.0,0.3328214798759388,7.376562800125313,75736.1932330827,76152.71488095238,20,0,0,20
primary__operating__2022__mae_first__rr_1.25,primary,operating,2022,mae_first,rr_1.25,1,1,0.0,6800.0,295301.0,303000.0,7699.0,82385,True,2,3,3,1.0,2022-05-12T00:00:00,0,3,3,6,1.0,2022-05-06T00:00:00,1,6,6,6,1.0,2022-04-14T00:00:00,1,6,6,3,29.1229,21,41,20,2,1,0,1,0,18,3,1596,13.865288220551378,1.0,0.30327414723452223,8.073957721804511,74481.09965538848,74945.26691729324,20,0,0,20
primary__operating__2022__mae_first__rr_1.29,primary,operating,2022,mae_first,rr_1.29,1,1,0.0,6800.0,329768.0,337500.0,7732.0,81496,False,3,3,3,1.0,2022-05-12T00:00:00,0,3,3,3,1.0,2022-05-06T00:00:00,0,4,4,6,1.0,2022-04-14T00:00:00,0,6,6,3,32.0979,21,41,20,3,1,0,1,0,17,3,1593,13.848085373509102,1.0,0.33197753626044774,6.712565040803516,75506.51980539862,76013.32015065913,20,0,0,20
primary__operating__2022__mae_first__rr_1.45,primary,operating,2022,mae_first,rr_1.45,1,1,0.0,6800.0,319886.0,327500.0,7614.0,81296,False,2,2,3,1.0,2022-05-12T00:00:00,0,3,3,7,1.0,2022-05-06T00:00:00,1,7,7,7,1.0,2022-04-14T00:00:00,2,7,7,1,55.6502,19,39,20,2,1,0,1,0,17,1,1569,14.38623326959847,1.0,0.2551771876339446,9.253840565328234,74441.12476099427,74966.85038240917,20,0,0,20
primary__operating__2022__mae_first__rr_1.50,primary,operating,2022,mae_first,rr_1.50,1,1,0.0,6800.0,329195.0,337000.0,7805.0,80448,True,5,3,5,1.0,2022-05-12T00:00:00,0,5,5,6,1.0,2022-05-06T00:00:00,1,6,6,7,1.0,2022-04-14T00:00:00,2,7,7,1,55.6502,20,40,20,5,1,0,1,0,14,1,1569,14.344168260038241,1.0,0.288965110965922,8.239644917144679,76572.72488846398,77047.50803059273,20,0,0,20
primary__operating__2022__mae_first__rr_1.61,primary,operating,2022,mae_first,rr_1.61,1,1,0.0,6800.0,270283.0,281500.0,11217.0,72116,False,3,9,5,1.0,2022-05-12T00:00:00,0,5,5,5,1.0,2022-05-06T00:00:00,2,5,5,10,1.0,2022-04-14T00:00:00,2,10,10,1,55.8731,38,57,19,3,1,0,1,0,25,1,1569,13.046526449968132,1.0,0.3438836600833653,6.827192093690248,67348.24904397706,67393.08355640536,20,1,1,19
primary__operating__2022__mae_first__rr_1.75,primary,operating,2022,mae_first,rr_1.75,1,1,0.0,6800.0,312693.0,322500.0,9807.0,74006,False,3,6,4,1.0,2022-05-11T00:00:00,1,4,4,7,1.0,2022-05-05T00:00:00,2,7,7,9,1.0,2022-04-13T00:00:00,2,9,9,1,56.1627,31,51,20,3,1,0,1,0,23,1,1568,13.654336734693878,1.0,0.3256132990202934,7.468518204719388,78162.98695790816,78464.58750000001,20,0,0,20
primary__operating__2022__mae_first__rr_1.76,primary,operating,2022,mae_first,rr_1.76,1,1,0.0,6800.0,316226.0,326000.0,9774.0,74150,False,3,6,4,1.0,2022-05-11T00:00:00,1,4,4,7,1.0,2022-05-05T00:00:00,2,7,7,8,1.0,2022-04-13T00:00:00,2,8,8,1,56.1627,31,51,20,3,1,0,1,0,23,1,1568,13.699617346938776,1.0,0.3246405154263363,7.857837522321428,78850.44620535713,79149.73778698979,20,0,0,20
primary__operating__2022__mae_first__rr_1.83,primary,operating,2022,mae_first,rr_1.83,1,1,0.0,6800.0,299547.0,310500.0,10953.0,70802,False,3,7,4,1.0,2022-05-11T00:00:00,2,4,4,7,1.0,2022-05-05T00:00:00,2,7,7,10,1.0,2022-04-13T00:00:00,2,10,10,1,56.1627,37,57,20,3,1,0,1,0,27,1,1568,13.214285714285714,1.0,0.32519391290745225,7.1730742946428565,74780.5302614796,74940.79352678571,20,0,0,20
primary__operating__2022__mae_first__rr_1.92,primary,operating,2022,mae_first,rr_1.92,1,1,0.0,6800.0,264264.0,275500.0,11236.0,69747,False,4,8,5,1.0,2022-05-11T00:00:00,2,5,5,6,1.0,2022-05-05T00:00:00,3,6,6,7,1.0,2022-04-13T00:00:00,3,8,8,1,56.1627,39,59,20,4,1,0,1,0,27,1,1568,13.193239795918368,1.0,0.35961284471013194,6.378327011479591,70706.4453762755,70786.59068877551,20,0,0,20
primary__operating__2022__mae_first__rr_2.00,primary,operating,2022,mae_first,rr_2.00,1,1,0.0,6800.0,283693.0,293500.0,9807.0,70794,True,4,7,5,1.0,2022-05-11T00:00:00,1,5,5,6,1.0,2022-05-05T00:00:00,2,6,6,6,1.0,2022-04-13T00:00:00,2,6,6,2,57.1206,31,51,20,4,1,0,1,0,21,2,1567,13.615188257817486,1.0,0.3238725660142321,7.566390472878111,78519.47083599234,78804.88749202297,20,0,0,20
primary__operating__2022__mae_first__rr_2.08,primary,operating,2022,mae_first,rr_2.08,1,1,0.0,6800.0,311424.0,320500.0,9076.0,72412,False,3,7,6,1.0,2022-05-11T00:00:00,1,6,6,7,1.0,2022-05-05T00:00:00,1,7,7,7,1.0,2022-04-13T00:00:00,1,7,7,2,57.2109,27,47,20,3,1,0,1,0,17,2,1567,14.04977664326739,1.0,0.25125701703878534,9.702999578813019,82522.77338864072,82885.53870453096,20,0,0,20
primary__operating__2022__mae_first__rr_2.17,primary,operating,2022,mae_first,rr_2.17,1,1,0.0,6800.0,294391.0,303500.0,9109.0,69459,False,5,5,5,1.0,2022-03-08T00:00:00,1,5,5,6,1.0,2022-03-02T00:00:00,1,6,6,6,1.0,2022-02-09T00:00:00,1,6,6,3,57.7437,27,47,20,5,1,0,1,0,18,3,1567,13.628589661774091,1.0,0.2675219904017314,10.068125369495851,78428.99936183791,78862.09097000638,20,0,0,20
primary__operating__2022__mae_first__rr_2.24,primary,operating,2022,mae_first,rr_2.24,1,1,0.0,6800.0,306891.0,316000.0,9109.0,69174,False,3,6,3,1.0,2022-03-08T00:00:00,1,3,3,6,1.0,2022-03-02T00:00:00,2,6,6,6,1.0,2022-02-09T00:00:00,2,6,6,3,57.7125,27,47,20,3,1,0,1,0,19,3,1567,13.641991065730696,1.0,0.2626688424360417,10.032993845564773,81922.67383535417,82395.371346522,20,0,0,20
primary__operating__2022__mae_first__rr_2.25,primary,operating,2022,mae_first,rr_2.25,1,1,0.0,6800.0,312391.0,321500.0,9109.0,69043,False,3,6,3,1.0,2022-03-08T00:00:00,1,3,3,6,1.0,2022-03-02T00:00:00,2,6,6,6,1.0,2022-02-09T00:00:00,2,6,6,3,57.7125,27,47,20,3,1,0,1,0,19,3,1567,13.641991065730696,1.0,0.26658846807194797,10.01375981110402,82912.77791959158,83394.2485960434,20,0,0,20
primary__operating__2022__mae_first__rr_2.39,primary,operating,2022,mae_first,rr_2.39,1,1,0.0,6800.0,322488.0,333000.0,10512.0,62495,False,4,7,4,1.0,2022-03-04T00:00:00,2,4,4,4,1.0,2022-02-28T00:00:00,2,4,4,5,1.0,2022-02-07T00:00:00,2,5,5,3,119.2317,34,54,20,4,1,0,1,0,23,3,1505,13.097009966777408,1.0,0.3380840099675663,7.809035885714286,84190.36222591362,84519.88415282391,20,0,0,20
primary__operating__2022__mae_first__rr_2.50,primary,operating,2022,mae_first,rr_2.50,1,1,0.0,6800.0,360549.0,369500.0,8951.0,66699,True,3,5,3,1.0,2022-05-12T00:00:00,0,3,3,5,1.0,2022-05-06T00:00:00,1,5,5,7,1.0,2022-04-14T00:00:00,2,7,7,4,34.0921,26,46,20,3,1,0,1,0,20,4,1591,13.387806411062225,1.0,0.31078825677788885,8.704751384663734,86769.28368950346,87248.56939032055,20,0,0,20
primary__operating__2022__mae_first__rr_2.55,primary,operating,2022,mae_first,rr_2.55,1,1,0.0,6800.0,359049.0,368000.0,8951.0,66311,False,3,5,3,1.0,2022-05-12T00:00:00,0,3,3,5,1.0,2022-05-06T00:00:00,1,5,5,7,1.0,2022-04-14T00:00:00,2,7,7,4,34.0921,26,46,20,3,1,0,1,0,20,4,1591,13.389063482086739,1.0,0.30879444083058455,8.700984912633563,84813.25923947203,85293.70351979887,20,0,0,20
primary__operating__2022__mae_first__rr_2.71,primary,operating,2022,mae_first,rr_2.71,1,1,0.0,6800.0,346108.0,355500.0,9392.0,63362,False,3,9,3,1.0,2022-06-09T00:00:00,2,3,3,4,1.0,2022-05-06T00:00:00,2,4,4,5,1.0,2022-04-14T00:00:00,2,5,5,3,39.5002,29,49,20,3,1,0,1,0,19,3,1585,13.032807570977917,1.0,0.3373637601260879,8.18671270977918,81433.5490851735,81804.8119873817,20,0,0,20
primary__operating__2022__mae_first__rr_2.75,primary,operating,2022,mae_first,rr_2.75,1,1,0.0,6800.0,300094.0,310500.0,10406.0,62844,False,4,10,4,1.0,2022-06-09T00:00:00,1,4,4,5,1.0,2022-05-06T00:00:00,1,5,5,5,1.0,2022-04-14T00:00:00,2,6,6,3,39.5002,35,55,20,4,1,0,1,0,22,3,1585,12.943217665615142,1.0,0.2833381239674273,9.444464931230284,74731.24681388013,75062.45208201892,20,0,0,20
primary__operating__2022__mae_first__rr_2.83,primary,operating,2022,mae_first,rr_2.83,1,1,0.0,6800.0,324674.0,334000.0,9326.0,63687,False,3,7,3,1.0,2022-06-10T00:00:00,1,3,3,4,1.0,2022-05-06T00:00:00,1,4,4,4,1.0,2022-04-14T00:00:00,2,4,4,2,16.8764,29,49,20,3,1,0,1,0,21,2,1608,13.019278606965175,1.0,0.27046474142214,8.872517932835821,79618.04651741293,80088.48877487563,20,0,0,20
primary__operating__2022__mae_first__rr_2.87,primary,operating,2022,mae_first,rr_2.87,1,1,0.0,6800.0,329174.0,338500.0,9326.0,63557,False,2,8,2,1.0,2022-06-10T00:00:00,0,2,2,4,1.0,2022-05-06T00:00:00,1,4,4,4,1.0,2022-04-14T00:00:00,2,4,4,2,16.4653,29,49,20,2,1,0,1,0,21,2,1608,13.021144278606965,1.0,0.26990331245586024,8.874295484452736,81917.932960199,82398.13078358209,20,0,0,20
primary__operating__2022__mae_first__rr_3.03,primary,operating,2022,mae_first,rr_3.03,1,1,0.0,6800.0,342162.0,350500.0,8338.0,66776,False,3,4,3,1.0,2022-05-12T00:00:00,1,3,3,4,1.0,2022-05-06T00:00:00,1,4,4,4,1.0,2022-04-14T00:00:00,1,4,4,3,31.9752,24,44,20,3,1,0,1,0,18,3,1593,14.01129943502825,1.0,0.2672341920927305,8.147630070935342,87523.19598242309,88176.08750784684,20,0,0,20
primary__operating__2022__mae_first__rr_3.17,primary,operating,2022,mae_first,rr_3.17,1,1,0.0,6800.0,300915.0,312500.0,11585.0,60318,False,3,10,3,1.0,2022-05-11T00:00:00,2,3,3,4,1.0,2022-05-05T00:00:00,2,4,4,5,1.0,2022-04-13T00:00:00,2,5,5,2,71.1836,41,61,20,3,1,0,1,0,28,2,1553,13.122343850611719,1.0,0.3276302063853971,7.867562119124275,80150.40695428204,80441.20473277528,20,0,0,20
primary__operating__2022__mae_first__rr_3.18,primary,operating,2022,mae_first,rr_3.18,1,1,0.0,6800.0,300915.0,312500.0,11585.0,60280,False,3,11,3,1.0,2022-05-11T00:00:00,1,3,3,4,1.0,2022-05-05T00:00:00,2,4,4,5,1.0,2022-04-13T00:00:00,2,5,5,2,71.1836,41,61,20,3,1,0,1,0,28,2,1553,13.126851255634257,1.0,0.32676092113105065,7.875433213135866,80521.10573084353,80818.59185447522,20,0,0,20
primary__operating__2022__mae_first__rr_3.25,primary,operating,2022,mae_first,rr_3.25,1,1,0.0,6800.0,299139.0,310500.0,11361.0,59990,False,3,8,3,1.0,2022-05-12T00:00:00,1,3,3,4,1.0,2022-05-06T00:00:00,3,4,4,6,1.0,2022-04-14T00:00:00,4,6,6,1,56.6502,40,60,20,3,1,0,1,0,28,1,1568,13.028061224489797,1.0,0.34644740469206764,7.039135445153061,80559.7649234694,80845.75159438775,20,0,0,20
primary__operating__2022__mae_first__rr_3.34,primary,operating,2022,mae_first,rr_3.34,1,1,0.0,6800.0,248920.0,261500.0,12580.0,57234,False,5,8,5,1.0,2022-05-12T00:00:00,1,5,5,6,1.0,2022-05-06T00:00:00,3,6,6,6,1.0,2022-04-14T00:00:00,3,6,6,2,57.431,45,65,20,5,1,0,1,0,32,2,1567,12.509253350350988,1.0,0.3165908177787279,8.257791001914487,70798.11110402041,70911.90303126995,20,0,0,20
primary__operating__2022__mae_first__rr_3.50,primary,operating,2022,mae_first,rr_3.50,1,1,0.0,6800.0,248262.0,261000.0,12738.0,56201,True,5,9,5,1.0,2022-05-12T00:00:00,2,5,5,7,1.0,2022-05-06T00:00:00,3,7,7,7,1.0,2022-04-14T00:00:00,3,7,7,2,65.6711,46,66,20,5,1,0,1,0,30,2,1559,12.506093649775497,1.0,0.33076758901598496,7.671023091725465,72133.92482360487,72191.37386144964,20,0,0,20
primary__operating__2022__mae_first__wide4,primary,operating,2022,mae_first,wide4,4,4,3.0,6800.0,301200.0,310500.0,9300.0,75070,True,3,3,3,0.75,2022-05-11T00:00:00,0,3,3,5,0.75,2022-05-05T00:00:00,1,5,5,7,0.75,2022-05-02T00:00:00,2,7,7,0,0.0,28,48,20,2,3,2,3,3,27,11,1624,13.055418719211822,3.7383004926108376,0.2017372706457392,11.811038623768471,74798.60415640393,75030.43589901477,20,0,0,20
primary__operating__2022__mae_first__center4,primary,operating,2022,mae_first,center4,4,4,1.5,6800.0,311417.0,321000.0,9583.0,72483,False,2,3,3,1.0,2022-05-12T00:00:00,1,3,3,6,1.0,2022-05-06T00:00:00,2,6,6,6,1.0,2022-04-14T00:00:00,2,6,6,1,55.5919,30,50,20,1,2,3,3,7,30,13,1569,13.674314850223071,3.7966857871255577,0.15495507018313937,13.383039327597196,78783.91848311026,79185.43196303378,20,0,0,20
primary__operating__2022__mae_first__edge4,primary,operating,2022,mae_first,edge4,4,4,3.0,6800.0,253443.0,263500.0,10057.0,77430,False,2,4,3,0.666667,2022-05-11T00:00:00,0,3,3,5,0.666667,2022-04-26T00:00:00,2,5,5,7,0.75,2022-05-02T00:00:00,2,7,7,0,0.0,33,53,20,2,2,3,2,7,32,9,1624,13.056650246305418,3.6921182266009853,0.20462953792518832,11.713972905172415,70738.27749384237,70747.60286330049,20,0,0,20
primary__operating__2022__mae_first__without050,primary,operating,2022,mae_first,without050,4,4,2.75,6800.0,300384.0,310000.0,9616.0,75152,False,3,4,4,1.0,2022-06-17T00:00:00,0,4,4,6,1.0,2022-06-13T00:00:00,2,6,6,8,1.0,2022-05-23T00:00:00,2,8,8,1,19.8731,30,50,20,2,3,3,3,4,29,12,1605,13.484735202492212,3.7626168224299064,0.17027769052081138,13.0795228105919,76021.59355140188,76199.62024922119,20,0,0,20
primary__operating__2022__mae_first__extremes2,primary,operating,2022,mae_first,extremes2,2,2,3.0,6800.0,244969.0,255500.0,10531.0,78702,False,5,6,5,0.5,2022-03-04T00:00:00,0,5,5,5,0.666667,2022-05-06T00:00:00,1,5,5,9,0.692308,2023-10-03T00:00:00,2,9,9,0,0.0,36,56,20,5,2,2,2,2,29,4,1624,13.142857142857142,1.9328817733990147,0.25826824083526945,9.86530810036946,69779.16403940888,69688.86120689654,20,0,0,20
primary__operating__2022__mae_first__grid5,primary,operating,2022,mae_first,grid5,5,5,3.0,6800.0,292063.0,300500.0,8437.0,77951,False,2,2,3,0.666667,2022-05-11T00:00:00,0,3,3,3,0.666667,2022-05-05T00:00:00,1,3,3,5,0.666667,2022-05-02T00:00:00,1,5,5,0,0.0,24,44,20,2,2,1,2,4,23,11,1624,13.617610837438423,4.527709359605911,0.18375574981874263,12.351234867610838,75840.40206280789,76202.08094211823,20,0,0,20
primary__operating__2022__mae_first__grid10,primary,operating,2022,mae_first,grid10,10,10,3.0,6800.0,304806.0,313500.0,8694.0,75237,False,1,0,2,0.5,2022-03-14T00:00:00,0,2,2,4,0.666667,2022-05-05T00:00:00,0,4,4,5,0.666667,2022-05-02T00:00:00,1,5,5,0,0.0,25,45,20,1,1,0,2,2,25,14,1624,13.129926108374384,8.143472906403941,0.16185411234040825,12.93740800184729,74247.86674876847,74679.060591133,20,0,0,20
primary__operating__2022__mae_first__grid20,primary,operating,2022,mae_first,grid20,20,20,3.0,6800.0,313320.0,321500.0,8180.0,80878,False,2,3,2,0.5,2022-05-02T00:00:00,0,2,2,4,0.666667,2022-04-26T00:00:00,0,4,6,6,0.75,2022-05-02T00:00:00,0,6,6,0,0.0,23,43,20,1,2,3,2,7,23,23,1624,14.010467980295566,14.010467980295566,0.16929820357519135,13.558365894704433,77788.11034482758,78330.53168103448,20,0,0,20
primary__operating__2022__mae_first__ladder4,primary,operating,2022,mae_first,ladder4,4,1,0.0,6800.0,278839.0,288000.0,9161.0,85708,False,5,8,5,1.0,2022-05-12T00:00:00,0,5,5,6,1.0,2022-05-06T00:00:00,0,6,6,7,1.0,2022-04-14T00:00:00,0,7,7,2,23.6664,31,49,18,2,4,5,4,7,27,7,1601,13.625858838226108,3.7826358525921298,0.2567964542203988,11.02955824734541,72460.85630855715,72848.36577139287,20,7,7,13
primary__operating__2022__mae_first__ladder20,primary,operating,2022,mae_first,ladder20,20,1,0.0,6800.0,277997.0,287000.0,9003.0,85672,False,5,6,5,1.0,2022-05-12T00:00:00,0,5,5,7,1.0,2022-05-06T00:00:00,0,7,7,7,1.0,2022-04-14T00:00:00,0,7,7,2,23.6664,30,48,18,1,5,6,5,8,30,30,1601,13.619612742036228,13.619612742036228,0.2958173632479842,8.121623613366646,71369.71773891317,71758.41186758276,20,7,7,13
primary__operating__2022__mae_first__uniform_low,primary,operating,2022,mae_first,uniform_low,1,1,0.0,5300.0,295200.0,305000.0,9800.0,79958,False,10,9,11,1.0,2022-05-12T00:00:00,2,11,11,20,1.0,2022-05-06T00:00:00,2,20,20,20,1.0,2022-04-14T00:00:00,2,20,20,3,30.8257,46,52,6,10,1,0,1,0,20,3,1594,12.78168130489335,1.0,0.33153947403702677,6.704871969259725,57503.36398996236,57782.83397114178,20,20,20,0
primary__operating__2022__mae_first__uniform_high,primary,operating,2022,mae_first,uniform_high,1,1,0.0,8300.0,255959.0,263500.0,7541.0,86959,False,5,4,5,1.0,2022-05-12T00:00:00,0,5,5,6,1.0,2022-05-06T00:00:00,0,6,6,6,1.0,2022-04-14T00:00:00,0,6,6,2,23.6664,20,40,20,5,1,0,1,0,12,2,1601,13.817613991255465,1.0,0.3188414687422177,7.1227619494066206,86016.6068707058,86477.89203622736,20,0,0,20
primary__operating__2022__mae_first__grid20_reverse,primary,operating,2022,mae_first,grid20_reverse,20,20,3.0,6800.0,307780.0,316000.0,8220.0,69647,False,2,3,2,1.0,2022-05-12T00:00:00,0,2,2,4,1.0,2022-05-06T00:00:00,2,4,4,5,1.0,2022-04-14T00:00:00,2,5,5,2,65.6711,22,42,20,1,2,3,2,3,22,22,1559,13.379730596536241,13.379730596536241,0.21028081632417386,12.964530726747915,79895.54474021809,80398.44801154587,20,0,0,20
primary__operating__2022__mae_first__ladder20_reverse,primary,operating,2022,mae_first,ladder20_reverse,20,1,0.0,6800.0,281412.0,290000.0,8588.0,86421,False,5,4,5,1.0,2022-05-12T00:00:00,0,5,5,6,1.0,2022-05-06T00:00:00,0,6,6,6,1.0,2022-04-14T00:00:00,0,6,6,2,23.6664,27,46,19,1,5,4,5,7,27,27,1601,13.73579013116802,13.73579013116802,0.29458904233689437,8.079078386633354,75042.35683947532,75449.45112429731,20,4,4,16
primary__isolation__2023__mae_first__rr_0.50,primary,isolation,2023,mae_first,rr_0.50,1,1,0.0,6800.0,-4000.0,0.0,4000.0,4720,True,20,1,20,1.0,2023-03-01T00:00:00,1,20,20,20,1.0,2023-02-23T00:00:00,1,20,20,20,1.0,2023-02-02T00:00:00,1,20,20,1,1229.9171,20,20,0,20,1,0,1,0,1,1,60,20.0,1.0,1.0,1.0,20962.916666666668,5067.116666666667,0,0,0,0
primary__isolation__2023__mae_first__rr_0.66,primary,isolation,2023,mae_first,rr_0.66,1,1,0.0,6800.0,-4000.0,0.0,4000.0,26280,False,20,1,20,1.0,2023-10-30T00:00:00,1,20,20,20,1.0,2023-10-24T00:00:00,1,20,20,20,1.0,2023-10-03T00:00:00,1,20,20,1,987.116,20,20,0,20,1,0,1,0,1,1,303,20.0,1.0,1.0,1.0,23546.194719471947,18585.254125412543,0,0,0,0
primary__isolation__2023__mae_first__rr_0.75,primary,isolation,2023,mae_first,rr_0.75,1,1,0.0,6800.0,266000.0,270000.0,4000.0,107620,True,0,0,0,0.0,,0,0,0,0,0.0,,0,0,0,0,0.0,,0,0,0,0,0.0,0,20,20,0,0,0,0,0,0,0,1290,20.0,1.0,1.0,1.0,94478.62713178295,95420.0976744186,20,0,0,20
primary__isolation__2023__mae_first__rr_0.82,primary,isolation,2023,mae_first,rr_0.82,1,1,0.0,6800.0,316000.0,320000.0,4000.0,106080,False,0,0,0,0.0,,0,0,0,0,0.0,,0,0,0,0,0.0,,0,0,0,0,0.0,0,20,20,0,0,0,0,0,0,0,1290,20.0,1.0,1.0,1.0,105482.20775193798,106687.6968992248,20,0,0,20
primary__isolation__2023__mae_first__rr_0.83,primary,isolation,2023,mae_first,rr_0.83,1,1,0.0,6800.0,316000.0,320000.0,4000.0,105960,False,0,0,0,0.0,,0,0,0,0,0.0,,0,0,0,0,0.0,,0,0,0,0,0.0,0,20,20,0,0,0,0,0,0,0,1290,20.0,1.0,1.0,1.0,103911.54186046512,105133.77906976744,20,0,0,20
primary__isolation__2023__mae_first__rr_0.97,primary,isolation,2023,mae_first,rr_0.97,1,1,0.0,6800.0,356000.0,360000.0,4000.0,102160,False,0,0,0,0.0,,0,0,0,0,0.0,,0,0,0,0,0.0,,0,0,0,0,0.0,0,20,20,0,0,0,0,0,0,0,1290,20.0,1.0,1.0,1.0,107809.4488372093,109165.9496124031,20,0,0,20
primary__isolation__2023__mae_first__rr_1.00,primary,isolation,2023,mae_first,rr_1.00,1,1,0.0,6800.0,356000.0,360000.0,4000.0,101420,True,0,0,0,0.0,,0,0,0,0,0.0,,0,0,0,0,0.0,,0,0,0,0,0.0,0,20,20,0,0,0,0,0,0,0,1290,20.0,1.0,1.0,1.0,110667.24186046512,112156.67054263566,20,0,0,20
primary__isolation__2023__mae_first__rr_1.13,primary,isolation,2023,mae_first,rr_1.13,1,1,0.0,6800.0,426000.0,430000.0,4000.0,98660,False,0,0,0,0.0,,0,0,0,0,0.0,,0,0,0,0,0.0,,0,0,0,0,0.0,0,20,20,0,0,0,0,0,0,0,1290,20.0,1.0,1.0,1.0,110650.11317829457,112069.21085271318,20,0,0,20
primary__isolation__2023__mae_first__rr_1.17,primary,isolation,2023,mae_first,rr_1.17,1,1,0.0,6800.0,416000.0,420000.0,4000.0,97780,False,0,0,0,0.0,,0,0,0,0,0.0,,0,0,0,0,0.0,,0,0,0,0,0.0,0,20,20,0,0,0,0,0,0,0,1290,20.0,1.0,1.0,1.0,112137.77674418605,113324.06589147287,20,0,0,20
primary__isolation__2023__mae_first__rr_1.25,primary,isolation,2023,mae_first,rr_1.25,1,1,0.0,6800.0,366000.0,370000.0,4000.0,96200,True,0,0,0,0.0,,0,0,0,0,0.0,,0,0,0,0,0.0,,0,0,0,0,0.0,0,20,20,0,0,0,0,0,0,0,1290,20.0,1.0,1.0,1.0,108678.28062015504,109884.32403100775,20,0,0,20
primary__isolation__2023__mae_first__rr_1.29,primary,isolation,2023,mae_first,rr_1.29,1,1,0.0,6800.0,386000.0,390000.0,4000.0,95520,False,0,0,0,0.0,,0,0,0,0,0.0,,0,0,0,0,0.0,,0,0,0,0,0.0,0,20,20,0,0,0,0,0,0,0,1290,20.0,1.0,1.0,1.0,107590.07674418605,108767.50155038759,20,0,0,20
primary__isolation__2023__mae_first__rr_1.45,primary,isolation,2023,mae_first,rr_1.45,1,1,0.0,6800.0,366000.0,370000.0,4000.0,93100,False,0,0,0,0.0,,0,0,0,0,0.0,,0,0,0,0,0.0,,0,0,0,0,0.0,0,20,20,0,0,0,0,0,0,0,1290,20.0,1.0,1.0,1.0,103561.54108527132,104873.83178294574,20,0,0,20
primary__isolation__2023__mae_first__rr_1.50,primary,isolation,2023,mae_first,rr_1.50,1,1,0.0,6800.0,376000.0,380000.0,4000.0,92420,True,0,0,0,0.0,,0,0,0,0,0.0,,0,0,0,0,0.0,,0,0,0,0,0.0,0,20,20,0,0,0,0,0,0,0,1290,20.0,1.0,1.0,1.0,106558.4976744186,107782.51705426356,20,0,0,20
primary__isolation__2023__mae_first__rr_1.61,primary,isolation,2023,mae_first,rr_1.61,1,1,0.0,6800.0,376000.0,380000.0,4000.0,90900,False,0,0,0,0.0,,0,0,0,0,0.0,,0,0,0,0,0.0,,0,0,0,0,0.0,0,20,20,0,0,0,0,0,0,0,1290,20.0,1.0,1.0,1.0,107648.35271317829,109049.31395348837,20,0,0,20
primary__isolation__2023__mae_first__rr_1.75,primary,isolation,2023,mae_first,rr_1.75,1,1,0.0,6800.0,396000.0,400000.0,4000.0,89120,False,0,0,0,0.0,,0,0,0,0,0.0,,0,0,0,0,0.0,,0,0,0,0,0.0,0,20,20,0,0,0,0,0,0,0,1290,20.0,1.0,1.0,1.0,120867.36124031007,122371.41472868217,20,0,0,20
primary__isolation__2023__mae_first__rr_1.76,primary,isolation,2023,mae_first,rr_1.76,1,1,0.0,6800.0,406000.0,410000.0,4000.0,89020,False,0,0,0,0.0,,0,0,0,0,0.0,,0,0,0,0,0.0,,0,0,0,0,0.0,0,20,20,0,0,0,0,0,0,0,1290,20.0,1.0,1.0,1.0,119883.89224806201,121387.9457364341,20,0,0,20
primary__isolation__2023__mae_first__rr_1.83,primary,isolation,2023,mae_first,rr_1.83,1,1,0.0,6800.0,406000.0,410000.0,4000.0,88180,False,0,0,0,0.0,,0,0,0,0,0.0,,0,0,0,0,0.0,,0,0,0,0,0.0,0,20,20,0,0,0,0,0,0,0,1290,20.0,1.0,1.0,1.0,120263.59147286821,121771.86976744187,20,0,0,20
primary__isolation__2023__mae_first__rr_1.92,primary,isolation,2023,mae_first,rr_1.92,1,1,0.0,6800.0,366000.0,370000.0,4000.0,87120,False,0,0,0,0.0,,0,0,0,0,0.0,,0,0,0,0,0.0,,0,0,0,0,0.0,0,20,20,0,0,0,0,0,0,0,1290,20.0,1.0,1.0,1.0,118600.67054263566,120143.24341085271,20,0,0,20
primary__isolation__2023__mae_first__rr_2.00,primary,isolation,2023,mae_first,rr_2.00,1,1,0.0,6800.0,366000.0,370000.0,4000.0,85820,True,0,0,0,0.0,,0,0,0,0,0.0,,0,0,0,0,0.0,,0,0,0,0,0.0,0,20,20,0,0,0,0,0,0,0,1290,20.0,1.0,1.0,1.0,123200.69302325581,124700.72635658915,20,0,0,20
primary__isolation__2023__mae_first__rr_2.08,primary,isolation,2023,mae_first,rr_2.08,1,1,0.0,6800.0,396000.0,400000.0,4000.0,84860,False,0,0,0,0.0,,0,0,0,0,0.0,,0,0,0,0,0.0,,0,0,0,0,0.0,0,20,20,0,0,0,0,0,0,0,1290,20.0,1.0,1.0,1.0,126938.79534883721,128421.0542635659,20,0,0,20
primary__isolation__2023__mae_first__rr_2.17,primary,isolation,2023,mae_first,rr_2.17,1,1,0.0,6800.0,386000.0,390000.0,4000.0,83800,False,0,0,0,0.0,,0,0,0,0,0.0,,0,0,0,0,0.0,,0,0,0,0,0.0,0,20,20,0,0,0,0,0,0,0,1290,20.0,1.0,1.0,1.0,125042.65736434108,126478.76511627907,20,0,0,20
primary__isolation__2023__mae_first__rr_2.24,primary,isolation,2023,mae_first,rr_2.24,1,1,0.0,6800.0,406000.0,410000.0,4000.0,83320,False,0,0,0,0.0,,0,0,0,0,0.0,,0,0,0,0,0.0,,0,0,0,0,0.0,0,20,20,0,0,0,0,0,0,0,1290,20.0,1.0,1.0,1.0,131884.16821705428,133369.8573643411,20,0,0,20
primary__isolation__2023__mae_first__rr_2.25,primary,isolation,2023,mae_first,rr_2.25,1,1,0.0,6800.0,406000.0,410000.0,4000.0,83120,False,0,0,0,0.0,,0,0,0,0,0.0,,0,0,0,0,0.0,,0,0,0,0,0.0,0,20,20,0,0,0,0,0,0,0,1290,20.0,1.0,1.0,1.0,132523.03565891474,133996.36046511628,20,0,0,20
primary__isolation__2023__mae_first__rr_2.39,primary,isolation,2023,mae_first,rr_2.39,1,1,0.0,6800.0,456000.0,460000.0,4000.0,81660,False,0,0,0,0.0,,0,0,0,0,0.0,,0,0,0,0,0.0,,0,0,0,0,0.0,0,20,20,0,0,0,0,0,0,0,1290,20.0,1.0,1.0,1.0,138053.0069767442,139549.02480620155,20,0,0,20
primary__isolation__2023__mae_first__rr_2.50,primary,isolation,2023,mae_first,rr_2.50,1,1,0.0,6800.0,466000.0,470000.0,4000.0,80660,True,0,0,0,0.0,,0,0,0,0,0.0,,0,0,0,0,0.0,,0,0,0,0,0.0,0,20,20,0,0,0,0,0,0,0,1290,20.0,1.0,1.0,1.0,138538.7519379845,140044.1,20,0,0,20
primary__isolation__2023__mae_first__rr_2.55,primary,isolation,2023,mae_first,rr_2.55,1,1,0.0,6800.0,456000.0,460000.0,4000.0,80240,False,0,0,0,0.0,,0,0,0,0,0.0,,0,0,0,0,0.0,,0,0,0,0,0.0,0,20,20,0,0,0,0,0,0,0,1290,20.0,1.0,1.0,1.0,137520.8465116279,139034.6015503876,20,0,0,20
primary__isolation__2023__mae_first__rr_2.71,primary,isolation,2023,mae_first,rr_2.71,1,1,0.0,6800.0,466000.0,470000.0,4000.0,79040,False,0,0,0,0.0,,0,0,0,0,0.0,,0,0,0,0,0.0,,0,0,0,0,0.0,0,20,20,0,0,0,0,0,0,0,1290,20.0,1.0,1.0,1.0,139270.94263565892,140786.2093023256,20,0,0,20
primary__isolation__2023__mae_first__rr_2.75,primary,isolation,2023,mae_first,rr_2.75,1,1,0.0,6800.0,426000.0,430000.0,4000.0,78860,False,0,0,0,0.0,,0,0,0,0,0.0,,0,0,0,0,0.0,,0,0,0,0,0.0,0,20,20,0,0,0,0,0,0,0,1290,20.0,1.0,1.0,1.0,133233.75813953488,134749.02480620155,20,0,0,20
primary__isolation__2023__mae_first__rr_2.83,primary,isolation,2023,mae_first,rr_2.83,1,1,0.0,6800.0,426000.0,430000.0,4000.0,78340,False,0,0,0,0.0,,0,0,0,0,0.0,,0,0,0,0,0.0,,0,0,0,0,0.0,0,20,20,0,0,0,0,0,0,0,1290,20.0,1.0,1.0,1.0,135926.2573643411,137482.6984496124,20,0,0,20
primary__isolation__2023__mae_first__rr_2.87,primary,isolation,2023,mae_first,rr_2.87,1,1,0.0,6800.0,426000.0,430000.0,4000.0,78180,False,0,0,0,0.0,,0,0,0,0,0.0,,0,0,0,0,0.0,,0,0,0,0,0.0,0,20,20,0,0,0,0,0,0,0,1290,20.0,1.0,1.0,1.0,139561.50852713178,141092.52325581395,20,0,0,20
primary__isolation__2023__mae_first__rr_3.03,primary,isolation,2023,mae_first,rr_3.03,1,1,0.0,6800.0,426000.0,430000.0,4000.0,77120,False,0,0,0,0.0,,0,0,0,0,0.0,,0,0,0,0,0.0,,0,0,0,0,0.0,0,20,20,0,0,0,0,0,0,0,1290,20.0,1.0,1.0,1.0,134620.20620155038,136150.94186046513,20,0,0,20
primary__isolation__2023__mae_first__rr_3.17,primary,isolation,2023,mae_first,rr_3.17,1,1,0.0,6800.0,436000.0,440000.0,4000.0,76300,False,0,0,0,0.0,,0,0,0,0,0.0,,0,0,0,0,0.0,,0,0,0,0,0.0,0,20,20,0,0,0,0,0,0,0,1290,20.0,1.0,1.0,1.0,138059.94341085272,139631.3984496124,20,0,0,20
primary__isolation__2023__mae_first__rr_3.18,primary,isolation,2023,mae_first,rr_3.18,1,1,0.0,6800.0,436000.0,440000.0,4000.0,76240,False,0,0,0,0.0,,0,0,0,0,0.0,,0,0,0,0,0.0,,0,0,0,0,0.0,0,20,20,0,0,0,0,0,0,0,1290,20.0,1.0,1.0,1.0,138038.52713178293,139609.98217054264,20,0,0,20
primary__isolation__2023__mae_first__rr_3.25,primary,isolation,2023,mae_first,rr_3.25,1,1,0.0,6800.0,406000.0,410000.0,4000.0,75680,False,0,0,0,0.0,,0,0,0,0,0.0,,0,0,0,0,0.0,,0,0,0,0,0.0,0,20,20,0,0,0,0,0,0,0,1290,20.0,1.0,1.0,1.0,138206.63953488372,139758.2914728682,20,0,0,20
primary__isolation__2023__mae_first__rr_3.34,primary,isolation,2023,mae_first,rr_3.34,1,1,0.0,6800.0,386000.0,390000.0,4000.0,75200,False,0,0,0,0.0,,0,0,0,0,0.0,,0,0,0,0,0.0,,0,0,0,0,0.0,0,20,20,0,0,0,0,0,0,0,1290,20.0,1.0,1.0,1.0,127928.35813953489,129491.49069767442,20,0,0,20
primary__isolation__2023__mae_first__rr_3.50,primary,isolation,2023,mae_first,rr_3.50,1,1,0.0,6800.0,386000.0,390000.0,4000.0,74320,True,0,0,0,0.0,,0,0,0,0,0.0,,0,0,0,0,0.0,,0,0,0,0,0.0,0,20,20,0,0,0,0,0,0,0,1290,20.0,1.0,1.0,1.0,129373.59612403101,130933.8449612403,20,0,0,20
primary__isolation__2023__mae_first__wide4,primary,isolation,2023,mae_first,wide4,4,4,3.0,6800.0,306000.0,310000.0,4000.0,63030,True,5,1,5,0.25,2023-03-01T00:00:00,0,5,5,5,0.25,2023-02-23T00:00:00,0,5,5,5,0.25,2023-02-02T00:00:00,0,5,5,0,0.0,5,20,15,5,1,0,1,0,1,1,1290,15.232558139534884,3.046511627906977,0.3354651162790698,3.0184496139534884,93861.46627906976,94749.03546511628,15,0,0,15
primary__isolation__2023__mae_first__center4,primary,isolation,2023,mae_first,center4,4,4,1.5,6800.0,398500.0,402500.0,4000.0,86825,False,0,0,0,0.0,,0,0,0,0,0.0,,0,0,0,0,0.0,,0,0,0,0,0.0,0,20,20,0,0,0,0,0,0,0,1290,20.0,4.0,0.25910852713178295,3.9603617596899228,123825.60891472868,125250.28100775194,20,0,0,20
primary__isolation__2023__mae_first__edge4,primary,isolation,2023,mae_first,edge4,4,4,3.0,6800.0,263500.0,267500.0,4000.0,65585,False,5,1,5,0.25,2023-03-01T00:00:00,0,5,5,5,0.25,2023-02-23T00:00:00,0,5,5,5,0.25,2023-02-02T00:00:00,0,5,5,0,0.0,5,20,15,5,1,0,1,0,1,1,1290,15.232558139534884,3.046511627906977,0.335077519379845,3.0185529759689924,90758.47054263565,91586.97848837209,15,0,0,15
primary__isolation__2023__mae_first__without050,primary,isolation,2023,mae_first,without050,4,4,2.75,6800.0,373500.0,377500.0,4000.0,88755,False,0,0,0,0.0,,0,0,0,0,0.0,,0,0,0,0,0.0,,0,0,0,0,0.0,0,20,20,0,0,0,0,0,0,0,1290,20.0,4.0,0.2563953488372093,3.9704392782945734,117237.36821705426,118545.13992248062,20,0,0,20
primary__isolation__2023__mae_first__extremes2,primary,isolation,2023,mae_first,extremes2,2,2,3.0,6800.0,191000.0,195000.0,4000.0,39520,False,10,1,10,0.5,2023-03-01T00:00:00,1,10,10,10,0.5,2023-02-23T00:00:00,1,10,10,10,0.5,2023-02-02T00:00:00,1,10,10,0,0.0,10,20,10,10,1,0,1,0,1,1,1290,10.465116279069768,1.0465116279069768,0.977906976744186,1.044186046511628,65174.30775193799,65584.76240310077,10,0,0,10
primary__isolation__2023__mae_first__grid5,primary,isolation,2023,mae_first,grid5,5,5,3.0,6800.0,308000.0,312000.0,4000.0,67984,False,4,1,4,0.2,2023-03-01T00:00:00,0,4,4,4,0.2,2023-02-23T00:00:00,0,4,4,4,0.2,2023-02-02T00:00:00,0,4,4,0,0.0,4,20,16,4,1,0,1,0,1,1,1290,16.186046511627907,4.046511627906977,0.2554263565891473,4.000018951937984,99092.26945736434,100100.72,16,0,0,16
primary__isolation__2023__mae_first__grid10,primary,isolation,2023,mae_first,grid10,10,10,3.0,6800.0,361000.0,365000.0,4000.0,78248,False,2,1,2,0.1,2023-03-01T00:00:00,0,2,2,2,0.1,2023-02-23T00:00:00,0,2,2,2,0.1,2023-02-02T00:00:00,0,2,2,0,0.0,2,20,18,2,1,0,1,0,1,1,1290,18.093023255813954,9.046511627906977,0.12031007751937983,8.897752680620156,111078.76333333332,112281.87186046511,18,0,0,18
primary__isolation__2023__mae_first__grid20,primary,isolation,2023,mae_first,grid20,20,20,3.0,6800.0,361500.0,365500.0,4000.0,79187,False,1,0,1,0.052632,2023-10-30T00:00:00,0,1,1,1,0.052632,2023-10-24T00:00:00,0,1,1,1,0.052632,2023-10-03T00:00:00,0,1,1,0,0.0,2,20,18,1,1,0,1,0,2,2,1290,18.281395348837208,18.281395348837208,0.06673353279840427,17.83821029379845,111546.09480620157,112759.263875969,18,0,0,18
primary__isolation__2023__mae_first__ladder4,primary,isolation,2023,mae_first,ladder4,4,1,0.0,6800.0,346000.0,350000.0,4000.0,97065,False,5,2,5,0.333333,2026-03-30T00:00:00,0,5,5,5,0.333333,2026-03-24T00:00:00,0,5,5,10,0.5,2026-03-03T00:00:00,1,10,10,0,0.0,10,20,10,5,1,0,1,0,2,2,1290,19.15891472868217,3.831782945736434,0.542312661498708,2.716640842635659,106027.44631782945,107432.76647286821,20,10,10,10
primary__isolation__2023__mae_first__ladder20,primary,isolation,2023,mae_first,ladder20,20,1,0.0,6800.0,345000.0,349000.0,4000.0,98404,False,3,2,3,0.1875,2026-03-30T00:00:00,0,3,3,6,0.315789,2026-03-24T00:00:00,0,6,6,7,0.35,2026-03-03T00:00:00,0,7,7,0,0.0,7,20,13,1,3,2,3,2,7,7,1290,19.41550387596899,19.41550387596899,0.5095265668643881,4.0125610434108525,107909.65062015505,109340.62968992248,20,7,7,13
primary__isolation__2023__mae_first__uniform_low,primary,isolation,2023,mae_first,uniform_low,1,1,0.0,5300.0,366000.0,370000.0,4000.0,92460,False,20,1,20,1.0,2026-03-23T00:00:00,1,20,20,20,1.0,2026-03-17T00:00:00,1,20,20,20,1.0,2026-02-24T00:00:00,1,20,20,1,112.1208,20,20,0,20,1,0,1,0,1,1,1178,20.0,1.0,1.0,1.0,93705.62818336162,95146.51358234296,20,20,20,0
primary__isolation__2023__mae_first__uniform_high,primary,isolation,2023,mae_first,uniform_high,1,1,0.0,8300.0,326000.0,330000.0,4000.0,101420,False,0,0,0,0.0,,0,0,0,0,0.0,,0,0,0,0,0.0,,0,0,0,0,0.0,0,20,20,0,0,0,0,0,0,0,1290,20.0,1.0,1.0,1.0,126651.73798449613,128141.16666666667,20,0,0,20
primary__isolation__2023__mae_first__grid20_reverse,primary,isolation,2023,mae_first,grid20_reverse,20,20,3.0,6800.0,361500.0,365500.0,4000.0,79187,False,1,0,1,0.052632,2023-10-30T00:00:00,0,1,1,1,0.052632,2023-10-24T00:00:00,0,1,1,1,0.052632,2023-10-03T00:00:00,0,1,1,0,0.0,2,20,18,1,1,0,1,0,2,2,1290,18.281395348837208,18.281395348837208,0.06673353279840427,17.83821029379845,111546.09480620157,112759.263875969,18,0,0,18
primary__isolation__2023__mae_first__ladder20_reverse,primary,isolation,2023,mae_first,ladder20_reverse,20,1,0.0,6800.0,345000.0,349000.0,4000.0,98404,False,3,2,3,0.1875,2026-03-30T00:00:00,0,3,3,6,0.315789,2026-03-24T00:00:00,0,6,6,7,0.35,2026-03-03T00:00:00,0,7,7,0,0.0,7,20,13,1,3,2,3,2,7,7,1290,19.41550387596899,19.41550387596899,0.5095265668643881,4.0125610434108525,107909.65062015505,109340.62968992248,20,7,7,13
primary__operating__2023__mae_first__rr_0.50,primary,operating,2023,mae_first,rr_0.50,1,1,0.0,6800.0,158459.0,165500.0,7041.0,67460,True,6,4,6,1.0,2023-10-04T00:00:00,1,6,6,6,1.0,2023-09-28T00:00:00,1,6,6,6,1.0,2023-09-07T00:00:00,1,6,6,1,69.5417,16,36,20,6,1,0,1,0,7,1,1131,13.416445623342176,1.0,0.35109117320768696,6.444876549955791,68858.70508399646,68676.40698496906,20,0,0,20
primary__operating__2023__mae_first__rr_0.66,primary,operating,2023,mae_first,rr_0.66,1,1,0.0,6800.0,129334.0,137000.0,7666.0,65800,False,6,3,6,1.0,2023-10-25T00:00:00,1,6,6,6,1.0,2023-10-19T00:00:00,1,6,6,6,1.0,2023-09-28T00:00:00,1,6,6,1,47.585,22,41,19,6,1,0,1,0,14,1,1153,13.35993061578491,1.0,0.41261449308675685,7.070800216825671,67289.08993928881,67265.98304423245,20,3,3,17
primary__operating__2023__mae_first__rr_0.75,primary,operating,2023,mae_first,rr_0.75,1,1,0.0,6800.0,149629.0,157500.0,7871.0,63114,True,6,3,6,1.0,2023-10-25T00:00:00,1,6,6,6,1.0,2023-10-19T00:00:00,1,6,6,6,1.0,2023-09-28T00:00:00,1,6,6,1,47.2204,20,40,20,6,1,0,1,0,12,1,1153,13.123156981786643,1.0,0.4072111278636724,6.544609139635733,67124.98222029489,67079.84189071986,19,2,2,17
primary__operating__2023__mae_first__rr_0.82,primary,operating,2023,mae_first,rr_0.82,1,1,0.0,6800.0,163985.0,171500.0,7515.0,62750,False,5,3,5,1.0,2023-10-26T00:00:00,1,5,5,6,1.0,2023-10-20T00:00:00,1,6,6,6,1.0,2023-09-29T00:00:00,1,6,6,1,46.1454,21,39,18,5,1,0,1,0,15,1,1154,13.238301559792028,1.0,0.40266764988878406,6.549858378682842,68936.68041594455,69055.97911611786,20,3,3,17
primary__operating__2023__mae_first__rr_0.83,primary,operating,2023,mae_first,rr_0.83,1,1,0.0,6800.0,162893.0,170500.0,7607.0,63044,False,5,3,6,1.0,2023-10-25T00:00:00,1,6,6,6,1.0,2023-10-19T00:00:00,1,6,6,6,1.0,2023-09-28T00:00:00,1,6,6,1,47.0301,21,40,19,5,1,0,1,0,14,1,1153,13.320034692107546,1.0,0.4016743214580865,7.074389037294016,68685.74761491761,68754.17983521249,20,2,2,18
primary__operating__2023__mae_first__rr_0.97,primary,operating,2023,mae_first,rr_0.97,1,1,0.0,6800.0,184091.0,191000.0,6909.0,60998,False,5,2,6,1.0,2023-10-25T00:00:00,1,6,6,6,1.0,2023-10-19T00:00:00,1,6,6,6,1.0,2023-09-28T00:00:00,1,6,6,1,47.0301,17,36,19,5,1,0,1,0,12,1,1153,13.35993061578491,1.0,0.4014638463732092,7.010638357328708,71588.44575021682,71750.76695576755,20,3,3,17
primary__operating__2023__mae_first__rr_1.00,primary,operating,2023,mae_first,rr_1.00,1,1,0.0,6800.0,176775.0,184000.0,7225.0,60583,True,5,2,5,1.0,2023-10-30T00:00:00,1,5,5,6,1.0,2023-10-24T00:00:00,1,6,6,6,1.0,2023-10-03T00:00:00,1,6,6,1,42.2197,19,38,19,5,1,0,1,0,14,1,1158,13.301381692573402,1.0,0.4071482358557865,6.721830699481865,69819.35259067357,70027.1841537133,20,3,4,17
primary__operating__2023__mae_first__rr_1.13,primary,operating,2023,mae_first,rr_1.13,1,1,0.0,6800.0,259447.0,265500.0,6053.0,60310,False,5,1,5,1.0,2023-10-25T00:00:00,1,5,5,6,1.0,2023-10-19T00:00:00,1,6,6,6,1.0,2023-09-28T00:00:00,1,6,6,1,9.09,11,31,20,5,1,0,1,0,7,1,1191,13.272879932829555,1.0,0.4146754842160009,7.458660937867338,75546.88484466834,75925.85482787572,20,2,2,18
primary__operating__2023__mae_first__rr_1.17,primary,operating,2023,mae_first,rr_1.17,1,1,0.0,6800.0,218268.0,225500.0,7232.0,54947,False,3,1,3,1.0,2023-10-27T00:00:00,1,3,3,5,1.0,2023-10-23T00:00:00,1,5,5,6,1.0,2023-10-02T00:00:00,1,6,6,1,45.262,17,37,20,3,1,0,1,0,15,1,1155,12.58095238095238,1.0,0.35226364188619425,8.285801897835498,70607.17458874459,70886.95324675324,19,2,2,17
primary__operating__2023__mae_first__rr_1.25,primary,operating,2023,mae_first,rr_1.25,1,1,0.0,6800.0,176669.0,184000.0,7331.0,55210,True,2,4,3,1.0,2023-10-26T00:00:00,0,3,3,6,1.0,2023-10-20T00:00:00,1,6,6,6,1.0,2023-09-29T00:00:00,1,6,6,1,46.1454,19,37,18,2,1,0,1,0,15,1,1154,12.862218370883882,1.0,0.33096515497190765,7.900138928942808,68384.92655979203,68692.56585788561,20,3,3,17
primary__operating__2023__mae_first__rr_1.29,primary,operating,2023,mae_first,rr_1.29,1,1,0.0,6800.0,210610.0,218000.0,7390.0,54952,False,3,2,3,1.0,2023-10-23T00:00:00,1,3,3,3,1.0,2023-10-17T00:00:00,1,4,4,6,1.0,2023-09-26T00:00:00,1,6,6,1,50.0745,19,38,19,3,1,0,1,0,16,1,1150,12.961739130434783,1.0,0.3839975966660581,6.5615693626086955,70027.9242173913,70370.12182608695,20,2,2,18
primary__operating__2023__mae_first__rr_1.45,primary,operating,2023,mae_first,rr_1.45,1,1,0.0,6800.0,191549.0,200500.0,8951.0,51172,False,2,3,3,1.0,2023-10-23T00:00:00,1,3,3,6,1.0,2023-10-17T00:00:00,1,6,6,6,1.0,2023-09-26T00:00:00,1,6,6,1,49.0208,30,46,16,2,1,0,1,0,27,1,1151,12.38575152041703,1.0,0.3359026434138129,8.19844084187663,64361.05060816681,64560.86051259774,19,3,3,16
primary__operating__2023__mae_first__rr_1.50,primary,operating,2023,mae_first,rr_1.50,1,1,0.0,6800.0,206563.0,214500.0,7937.0,50941,True,5,2,5,1.0,2023-10-20T00:00:00,1,5,5,6,1.0,2023-10-16T00:00:00,1,6,6,6,1.0,2023-09-25T00:00:00,1,6,6,1,53.0516,22,40,18,5,1,0,1,0,17,1,1147,12.457715780296425,1.0,0.40435940645168644,6.528519256320837,68441.02079337402,68674.30274629468,19,2,2,17
primary__operating__2023__mae_first__rr_1.61,primary,operating,2023,mae_first,rr_1.61,1,1,0.0,6800.0,200004.0,208000.0,7996.0,51607,False,3,2,4,1.0,2023-10-23T00:00:00,1,4,4,4,1.0,2023-10-17T00:00:00,1,4,4,6,1.0,2023-09-26T00:00:00,1,6,6,1,50.0745,23,41,18,3,1,0,1,0,19,1,1150,12.772173913043478,1.0,0.3923009175506147,6.400951092173913,68934.71434782608,69262.69386956522,20,3,3,17
primary__operating__2023__mae_first__rr_1.75,primary,operating,2023,mae_first,rr_1.75,1,1,0.0,6800.0,215143.0,222500.0,7357.0,51298,False,2,2,2,1.0,2023-10-26T00:00:00,0,2,2,4,1.0,2023-10-20T00:00:00,0,4,4,6,1.0,2023-09-29T00:00:00,1,6,6,1,47.1454,19,38,19,2,1,0,1,0,17,1,1153,12.88031222896791,1.0,0.38545618353469185,7.2860248230702505,74374.3517779705,74832.05464006939,20,2,3,18
primary__operating__2023__mae_first__rr_1.76,primary,operating,2023,mae_first,rr_1.76,1,1,0.0,6800.0,218433.0,225500.0,7067.0,51591,False,2,2,2,1.0,2023-10-31T00:00:00,0,2,2,3,1.0,2023-10-25T00:00:00,0,3,3,6,1.0,2023-10-04T00:00:00,1,6,6,1,42.125,17,37,20,2,1,0,1,0,15,1,1158,12.918825561312607,1.0,0.38666003855331565,7.335301,75139.62284110536,75600.51502590674,20,2,2,18
primary__operating__2023__mae_first__rr_1.83,primary,operating,2023,mae_first,rr_1.83,1,1,0.0,6800.0,222169.0,230000.0,7831.0,50662,False,2,3,3,1.0,2023-10-25T00:00:00,1,3,3,3,1.0,2023-10-19T00:00:00,1,4,4,6,1.0,2023-09-28T00:00:00,1,6,6,1,48.2204,23,41,18,2,1,0,1,0,20,1,1152,12.90017361111111,1.0,0.37780695416184645,6.869609947916667,76075.7650173611,76497.11888020833,20,2,2,18
primary__operating__2023__mae_first__rr_1.92,primary,operating,2023,mae_first,rr_1.92,1,1,0.0,6800.0,192346.0,201000.0,8654.0,49631,False,3,4,3,1.0,2023-10-25T00:00:00,0,3,3,5,1.0,2023-10-19T00:00:00,0,5,5,6,1.0,2023-09-28T00:00:00,1,8,8,1,48.0301,27,46,19,3,1,0,1,0,22,1,1152,12.7890625,1.0,0.4451835471992569,5.235798846354167,69598.94678819444,69781.8216579861,20,2,2,18
primary__operating__2023__mae_first__rr_2.00,primary,operating,2023,mae_first,rr_2.00,1,1,0.0,6800.0,209228.0,217500.0,8272.0,51749,True,2,4,3,0.333333,2023-10-04T00:00:00,0,3,3,3,0.333333,2023-09-28T00:00:00,0,4,4,3,0.5,2023-09-28T00:00:00,1,6,6,0,0.0,25,44,19,2,1,0,1,0,21,0,1200,13.036666666666667,1.0,0.34589614940872676,7.092298270833333,76442.1625,76852.48795833332,20,1,1,19
primary__operating__2023__mae_first__rr_2.08,primary,operating,2023,mae_first,rr_2.08,1,1,0.0,6800.0,220952.0,229000.0,8048.0,51616,False,2,4,3,0.333333,2023-10-23T00:00:00,0,3,3,3,0.5,2023-10-19T00:00:00,1,4,4,3,0.5,2023-09-28T00:00:00,1,6,6,0,0.0,24,43,19,2,1,0,1,0,20,0,1200,13.109166666666667,1.0,0.23138269618668222,10.340318214166667,78397.30325000001,78837.64383333334,20,1,1,19
primary__operating__2023__mae_first__rr_2.17,primary,operating,2023,mae_first,rr_2.17,1,1,0.0,6800.0,221301.0,229000.0,7699.0,51272,False,2,3,3,0.333333,2023-10-23T00:00:00,0,3,3,3,0.5,2023-10-19T00:00:00,1,3,3,3,0.5,2023-09-28T00:00:00,1,5,5,0,0.0,22,41,19,2,1,0,1,0,19,0,1200,13.1475,1.0,0.2298851061219482,9.945460413333334,76856.64170833334,77335.06420833334,20,1,1,19
primary__operating__2023__mae_first__rr_2.24,primary,operating,2023,mae_first,rr_2.24,1,1,0.0,6800.0,232716.0,240000.0,7284.0,51251,False,2,3,3,0.333333,2023-10-23T00:00:00,0,3,3,3,0.5,2023-10-19T00:00:00,1,3,3,3,0.5,2023-09-28T00:00:00,1,5,5,0,0.0,19,39,20,2,1,0,1,0,16,0,1200,13.204166666666667,1.0,0.24554077464932728,9.923173705833333,80616.048875,81115.249,20,1,1,19
primary__operating__2023__mae_first__rr_2.25,primary,operating,2023,mae_first,rr_2.25,1,1,0.0,6800.0,236216.0,243500.0,7284.0,51163,False,2,3,3,0.333333,2023-10-23T00:00:00,0,3,3,3,0.5,2023-10-19T00:00:00,1,3,3,3,0.5,2023-09-28T00:00:00,1,5,5,0,0.0,19,39,20,2,1,0,1,0,16,0,1200,13.204166666666667,1.0,0.24082017580372844,9.952571567500001,81634.83770833333,82153.42566666666,20,1,1,19
primary__operating__2023__mae_first__rr_2.39,primary,operating,2023,mae_first,rr_2.39,1,1,0.0,6800.0,260308.0,267500.0,7192.0,50033,False,2,3,2,0.333333,2023-10-24T00:00:00,0,2,2,3,0.5,2023-10-24T00:00:00,1,3,3,3,0.5,2023-10-03T00:00:00,1,5,5,0,0.0,18,38,20,2,1,0,1,0,15,0,1200,13.159166666666666,1.0,0.28885102949595987,8.866354706666666,85843.53458333333,86450.507625,20,1,1,19
primary__operating__2023__mae_first__rr_2.50,primary,operating,2023,mae_first,rr_2.50,1,1,0.0,6800.0,263867.0,271000.0,7133.0,48332,True,2,3,2,0.333333,2023-10-24T00:00:00,0,2,2,2,0.333333,2023-10-18T00:00:00,0,2,3,3,0.5,2023-10-05T00:00:00,1,4,4,0,0.0,17,37,20,2,1,0,1,0,14,0,1200,12.8775,1.0,0.296981852437638,8.253525,84132.91829166668,84681.03600000001,20,2,2,18
primary__operating__2023__mae_first__rr_2.55,primary,operating,2023,mae_first,rr_2.55,1,1,0.0,6800.0,263867.0,271000.0,7133.0,48026,False,2,3,2,0.333333,2023-10-24T00:00:00,0,2,2,3,0.5,2023-10-23T00:00:00,1,3,3,3,0.5,2023-10-02T00:00:00,1,4,4,0,0.0,17,37,20,2,1,0,1,0,14,0,1200,12.875833333333333,1.0,0.2996880972162513,8.2428280675,82857.06387499999,83406.7775,20,2,2,18
primary__operating__2023__mae_first__rr_2.71,primary,operating,2023,mae_first,rr_2.71,1,1,0.0,6800.0,262150.0,269000.0,6850.0,46956,False,2,3,2,0.333333,2023-10-23T00:00:00,0,2,2,3,0.5,2023-10-20T00:00:00,1,3,3,3,0.5,2023-09-29T00:00:00,1,3,3,0,0.0,16,35,19,2,1,0,1,0,13,0,1200,12.790833333333333,1.0,0.2448375059681174,9.618710418333334,81989.86125,82513.77591666667,20,2,2,18
primary__operating__2023__mae_first__rr_2.75,primary,operating,2023,mae_first,rr_2.75,1,1,0.0,6800.0,229518.0,237000.0,7482.0,46603,False,2,5,2,0.333333,2023-10-23T00:00:00,0,2,2,5,0.5,2023-10-20T00:00:00,1,5,5,5,0.5,2023-09-29T00:00:00,1,6,6,0,0.0,20,39,19,2,1,0,1,0,15,0,1200,12.705,1.0,0.24799655293966438,9.469433443333333,74864.125625,75294.61025,20,2,2,18
primary__operating__2023__mae_first__rr_2.83,primary,operating,2023,mae_first,rr_2.83,1,1,0.0,6800.0,258315.0,265000.0,6685.0,48232,False,2,3,2,0.333333,2023-10-23T00:00:00,0,2,2,3,0.5,2023-10-23T00:00:00,1,3,3,3,0.5,2023-10-02T00:00:00,1,4,4,0,0.0,15,35,20,2,1,0,1,0,12,0,1200,13.25,1.0,0.23601558297223932,10.087586386666667,82165.03550000001,82753.29258333334,20,0,0,20
primary__operating__2023__mae_first__rr_2.87,primary,operating,2023,mae_first,rr_2.87,1,1,0.0,6800.0,262624.0,269500.0,6876.0,47945,False,2,3,2,0.333333,2023-10-23T00:00:00,0,2,2,3,0.5,2023-10-19T00:00:00,1,3,3,3,0.5,2023-09-28T00:00:00,1,4,4,0,0.0,16,36,20,2,1,0,1,0,13,0,1200,13.200833333333334,1.0,0.2366508088574652,10.025535302500002,84085.27083333333,84669.18566666666,20,0,0,20
primary__operating__2023__mae_first__rr_3.03,primary,operating,2023,mae_first,rr_3.03,1,1,0.0,6800.0,249834.0,257500.0,7666.0,47224,False,2,5,3,0.333333,2023-10-23T00:00:00,0,3,3,4,0.5,2023-10-19T00:00:00,1,5,5,4,0.666667,2023-10-05T00:00:00,1,7,7,0,0.0,21,41,20,2,1,0,1,0,16,0,1200,13.190833333333334,1.0,0.2832956377987338,8.893873025833333,81741.68133333333,82278.318625,20,0,0,20
primary__operating__2023__mae_first__rr_3.17,primary,operating,2023,mae_first,rr_3.17,1,1,0.0,6800.0,237662.0,246500.0,8838.0,46071,False,3,8,3,0.5,2023-10-23T00:00:00,1,3,3,6,0.666667,2023-10-20T00:00:00,1,6,6,6,0.833333,2023-10-05T00:00:00,1,8,8,0,0.0,28,48,20,3,1,0,1,0,18,0,1200,13.014166666666666,1.0,0.3459584725416769,6.753879461666666,80049.75600000001,80530.76137499999,20,0,0,20
primary__operating__2023__mae_first__rr_3.18,primary,operating,2023,mae_first,rr_3.18,1,1,0.0,6800.0,247577.0,256000.0,8423.0,46454,False,3,7,3,0.5,2023-10-23T00:00:00,1,3,3,5,0.666667,2023-10-20T00:00:00,1,5,5,5,0.833333,2023-10-05T00:00:00,1,7,7,0,0.0,26,46,20,3,1,0,1,0,18,0,1200,13.136666666666667,1.0,0.3443108503983117,6.9561900125,82550.06054166667,83071.35495833334,20,0,0,20
primary__operating__2023__mae_first__rr_3.25,primary,operating,2023,mae_first,rr_3.25,1,1,0.0,6800.0,219438.0,228500.0,9062.0,44966,False,3,5,3,0.5,2023-10-23T00:00:00,1,3,3,4,0.666667,2023-10-20T00:00:00,1,5,5,5,0.833333,2023-10-05T00:00:00,1,7,7,0,0.0,29,49,20,3,1,0,1,0,21,0,1200,12.8,1.0,0.344397323021549,6.6571808575,78171.86533333334,78550.338875,20,0,0,20
primary__operating__2023__mae_first__rr_3.34,primary,operating,2023,mae_first,rr_3.34,1,1,0.0,6800.0,180377.0,190500.0,10123.0,40554,False,4,5,4,1.0,2023-11-01T00:00:00,1,4,4,5,1.0,2023-10-26T00:00:00,1,5,5,6,1.0,2023-10-05T00:00:00,1,6,6,1,40.3125,34,53,19,4,1,0,1,0,25,1,1160,12.01896551724138,1.0,0.3195548709168665,7.3344182655172405,69482.9048275862,69780.11607758621,18,0,0,18
primary__operating__2023__mae_first__rr_3.50,primary,operating,2023,mae_first,rr_3.50,1,1,0.0,6800.0,180528.0,191000.0,10472.0,39911,True,3,4,4,1.0,2023-10-26T00:00:00,1,4,4,6,1.0,2023-10-20T00:00:00,1,6,6,6,1.0,2023-09-29T00:00:00,1,6,6,1,46.1454,36,55,19,3,1,0,1,0,29,1,1154,12.051126516464471,1.0,0.32379084997397395,7.318407964471404,71286.52881282495,71547.64735701906,18,1,1,17
primary__operating__2023__mae_first__wide4,primary,operating,2023,mae_first,wide4,4,4,3.0,6800.0,188417.0,197500.0,9083.0,50628,True,4,4,4,0.5,2023-10-18T00:00:00,0,4,4,4,0.75,2023-10-16T00:00:00,0,4,4,5,0.833333,2023-09-25T00:00:00,1,6,6,0,0.0,28,46,18,2,4,2,4,3,26,3,1200,11.875833333333333,3.700833333333333,0.248031021817593,10.347219105,67355.340875,67423.01341666667,19,2,2,17
primary__operating__2023__mae_first__center4,primary,operating,2023,mae_first,center4,4,4,1.5,6800.0,197339.0,205500.0,8161.0,48555,False,1,0,2,0.666667,2023-10-26T00:00:00,0,2,2,4,0.8,2023-10-20T00:00:00,1,4,4,5,0.833333,2023-09-29T00:00:00,1,5,5,0,0.0,23,41,18,1,1,0,2,2,23,3,1200,11.9325,3.7308333333333334,0.18808880414820817,11.747171145833333,68357.271125,68675.57379166667,19,3,3,16
primary__operating__2023__mae_first__edge4,primary,operating,2023,mae_first,edge4,4,4,3.0,6800.0,156929.0,167000.0,10071.0,51535,False,2,5,3,1.0,2023-10-26T00:00:00,0,3,3,4,1.0,2023-10-20T00:00:00,0,4,4,6,1.0,2023-09-29T00:00:00,1,7,7,1,47.2336,32,51,19,2,2,3,3,6,30,4,1153,12.165654813529923,3.8169991326973114,0.16615890293750446,11.838898276669557,64856.714223764095,64741.554856895054,18,2,2,16
primary__operating__2023__mae_first__without050,primary,operating,2023,mae_first,without050,4,4,2.75,6800.0,184075.0,193000.0,8925.0,49576,False,4,3,4,0.666667,2023-10-25T00:00:00,0,4,4,4,0.75,2023-10-19T00:00:00,1,4,4,5,0.833333,2023-09-28T00:00:00,1,6,6,0,0.0,27,45,18,2,4,1,4,3,25,3,1200,11.874166666666667,3.7183333333333333,0.24695033705830918,10.323906609166666,66603.55708333333,66677.76608333334,19,3,3,16
primary__operating__2023__mae_first__extremes2,primary,operating,2023,mae_first,extremes2,2,2,3.0,6800.0,155870.0,165500.0,9630.0,50140,False,3,5,3,1.0,2023-10-25T00:00:00,1,3,3,3,1.0,2023-10-19T00:00:00,1,4,4,6,1.0,2023-09-28T00:00:00,1,6,6,1,48.09,29,48,19,3,2,1,2,3,24,2,1152,11.788194444444445,1.9557291666666667,0.23328969313029876,9.024564855034722,63701.36831597222,63510.64774305556,18,1,1,17
primary__operating__2023__mae_first__grid5,primary,operating,2023,mae_first,grid5,5,5,3.0,6800.0,180740.0,189500.0,8760.0,50703,False,2,4,3,1.0,2023-12-04T00:00:00,0,3,3,3,1.0,2023-11-28T00:00:00,0,3,3,5,1.0,2023-11-07T00:00:00,1,5,5,1,8.1667,26,45,19,2,2,3,3,5,25,5,1192,12.000838926174497,4.582214765100671,0.18474084675508773,11.812993365771812,66470.50885067113,66632.0918204698,19,3,3,16
primary__operating__2023__mae_first__grid10,primary,operating,2023,mae_first,grid10,10,10,3.0,6800.0,233782.0,240500.0,6718.0,54581,False,2,1,2,1.0,2023-10-25T00:00:00,0,2,2,3,1.0,2023-10-19T00:00:00,0,3,3,6,1.0,2023-09-28T00:00:00,1,6,6,1,48.2204,15,35,20,1,2,1,2,5,15,8,1152,13.409722222222221,8.47482638888889,0.1542640696175671,13.219556091145833,79479.01063368056,79847.10013020833,20,0,0,20
primary__operating__2023__mae_first__grid20,primary,operating,2023,mae_first,grid20,20,20,3.0,6800.0,217393.0,225000.0,7607.0,53640,False,2,4,3,1.0,2023-10-25T00:00:00,0,3,3,4,1.0,2023-10-19T00:00:00,0,4,4,6,1.0,2023-09-28T00:00:00,1,6,6,1,48.2204,21,40,19,1,2,4,3,4,21,21,1152,12.940104166666666,12.940104166666666,0.16155208972284404,12.606601964409723,73511.64036458333,73633.55416666667,20,1,1,19
primary__operating__2023__mae_first__ladder4,primary,operating,2023,mae_first,ladder4,4,1,0.0,6800.0,173188.0,181500.0,8312.0,59150,False,5,4,5,1.0,2023-10-30T00:00:00,1,5,5,6,1.0,2023-10-24T00:00:00,1,6,6,8,1.0,2023-10-03T00:00:00,1,9,9,1,42.2197,27,43,16,3,4,3,4,4,24,4,1158,12.993091537132988,3.8272884283246977,0.31385606504061647,10.96938030656304,67449.20544041452,67584.23924870466,20,8,9,12
primary__operating__2023__mae_first__ladder20,primary,operating,2023,mae_first,ladder20,20,1,0.0,6800.0,175122.0,183500.0,8378.0,58780,False,5,4,5,1.0,2023-10-30T00:00:00,1,5,5,6,1.0,2023-10-24T00:00:00,1,6,6,9,1.0,2023-10-03T00:00:00,1,10,10,1,42.2197,28,43,15,1,5,4,5,5,28,28,1158,12.905872193436961,12.905872193436961,0.3643782747067809,8.04584579447323,64296.50103626943,64421.98182210708,20,9,10,11
primary__operating__2023__mae_first__uniform_low,primary,operating,2023,mae_first,uniform_low,1,1,0.0,5300.0,186898.0,195500.0,8602.0,55176,False,7,5,8,1.0,2023-10-30T00:00:00,2,8,8,15,1.0,2023-10-24T00:00:00,2,15,15,17,1.0,2023-10-03T00:00:00,2,18,18,1,42.2197,36,44,8,7,1,0,1,0,20,1,1158,12.132124352331607,1.0,0.4193449959314827,6.225911542314336,54487.695164075994,54524.35038860104,20,17,18,3
primary__operating__2023__mae_first__uniform_high,primary,operating,2023,mae_first,uniform_high,1,1,0.0,8300.0,151275.0,158500.0,7225.0,60583,False,5,2,5,1.0,2023-10-30T00:00:00,1,5,5,6,1.0,2023-10-24T00:00:00,1,6,6,6,1.0,2023-10-03T00:00:00,1,6,6,1,42.2197,19,38,19,5,1,0,1,0,14,1,1158,13.301381692573402,1.0,0.4071482358557865,6.721830699481865,80422.54775474957,80630.3793177893,20,3,4,17
primary__operating__2023__mae_first__grid20_reverse,primary,operating,2023,mae_first,grid20_reverse,20,20,3.0,6800.0,210596.0,219000.0,8404.0,50333,False,2,2,3,1.0,2023-10-26T00:00:00,0,3,3,6,1.0,2023-10-20T00:00:00,1,6,6,6,1.0,2023-09-29T00:00:00,1,6,6,1,8.1454,24,44,20,1,2,2,3,4,24,24,1192,12.919463087248323,12.919463087248323,0.19799539250493886,12.509387385906042,75022.98687080537,75280.54999999999,19,2,2,17
primary__operating__2023__mae_first__ladder20_reverse,primary,operating,2023,mae_first,ladder20_reverse,20,1,0.0,6800.0,172775.0,180000.0,7225.0,60583,False,5,2,5,1.0,2023-10-30T00:00:00,1,5,5,6,1.0,2023-10-24T00:00:00,1,6,6,6,1.0,2023-10-03T00:00:00,1,6,6,1,42.2197,19,38,19,1,5,2,5,3,19,19,1158,13.301381692573402,13.301381692573402,0.37549174747186825,7.976210445595855,73592.23687392056,73800.06843696028,20,3,4,17
primary__isolation__2024__mae_first__rr_0.50,primary,isolation,2024,mae_first,rr_0.50,1,1,0.0,6800.0,246000.0,250000.0,4000.0,81880,True,0,0,0,0.0,,0,0,0,0,0.0,,0,0,0,0,0.0,,0,0,0,0,0.0,0,20,20,0,0,0,0,0,0,0,925,20.0,1.0,1.0,1.0,111176.76864864865,112180.16324324324,20,0,0,20
primary__isolation__2024__mae_first__rr_0.66,primary,isolation,2024,mae_first,rr_0.66,1,1,0.0,6800.0,206000.0,210000.0,4000.0,78700,False,0,0,0,0.0,,0,0,0,0,0.0,,0,0,0,0,0.0,,0,0,0,0,0.0,0,20,20,0,0,0,0,0,0,0,925,20.0,1.0,1.0,1.0,111420.4118918919,112718.86702702702,20,0,0,20
primary__isolation__2024__mae_first__rr_0.75,primary,isolation,2024,mae_first,rr_0.75,1,1,0.0,6800.0,236000.0,240000.0,4000.0,76760,True,0,0,0,0.0,,0,0,0,0,0.0,,0,0,0,0,0.0,,0,0,0,0,0.0,0,20,20,0,0,0,0,0,0,0,925,20.0,1.0,1.0,1.0,108677.28972972973,109918.4108108108,20,0,0,20
primary__isolation__2024__mae_first__rr_0.82,primary,isolation,2024,mae_first,rr_0.82,1,1,0.0,6800.0,256000.0,260000.0,4000.0,75540,False,0,0,0,0.0,,0,0,0,0,0.0,,0,0,0,0,0.0,,0,0,0,0,0.0,0,20,20,0,0,0,0,0,0,0,925,20.0,1.0,1.0,1.0,115795.41405405405,117100.31783783784,20,0,0,20
primary__isolation__2024__mae_first__rr_0.83,primary,isolation,2024,mae_first,rr_0.83,1,1,0.0,6800.0,256000.0,260000.0,4000.0,75520,False,0,0,0,0.0,,0,0,0,0,0.0,,0,0,0,0,0.0,,0,0,0,0,0.0,0,20,20,0,0,0,0,0,0,0,925,20.0,1.0,1.0,1.0,114130.6681081081,115368.45513513514,20,0,0,20
primary__isolation__2024__mae_first__rr_0.97,primary,isolation,2024,mae_first,rr_0.97,1,1,0.0,6800.0,286000.0,290000.0,4000.0,72820,False,0,0,0,0.0,,0,0,0,0,0.0,,0,0,0,0,0.0,,0,0,0,0,0.0,0,20,20,0,0,0,0,0,0,0,925,20.0,1.0,1.0,1.0,120539.9772972973,121943.34810810811,20,0,0,20
primary__isolation__2024__mae_first__rr_1.00,primary,isolation,2024,mae_first,rr_1.00,1,1,0.0,6800.0,276000.0,280000.0,4000.0,72300,True,0,0,0,0.0,,0,0,0,0,0.0,,0,0,0,0,0.0,,0,0,0,0,0.0,0,20,20,0,0,0,0,0,0,0,925,20.0,1.0,1.0,1.0,118459.80864864864,119866.8972972973,20,0,0,20
primary__isolation__2024__mae_first__rr_1.13,primary,isolation,2024,mae_first,rr_1.13,1,1,0.0,6800.0,366000.0,370000.0,4000.0,70180,False,0,0,0,0.0,,0,0,0,0,0.0,,0,0,0,0,0.0,,0,0,0,0,0.0,0,20,20,0,0,0,0,0,0,0,925,20.0,1.0,1.0,1.0,125707.6972972973,127139.19459459459,20,0,0,20
primary__isolation__2024__mae_first__rr_1.17,primary,isolation,2024,mae_first,rr_1.17,1,1,0.0,6800.0,356000.0,360000.0,4000.0,69400,False,0,0,0,0.0,,0,0,0,0,0.0,,0,0,0,0,0.0,,0,0,0,0,0.0,0,20,20,0,0,0,0,0,0,0,925,20.0,1.0,1.0,1.0,123720.49729729729,125165.3881081081,20,0,0,20
primary__isolation__2024__mae_first__rr_1.25,primary,isolation,2024,mae_first,rr_1.25,1,1,0.0,6800.0,306000.0,310000.0,4000.0,68220,True,0,0,0,0.0,,0,0,0,0,0.0,,0,0,0,0,0.0,,0,0,0,0,0.0,0,20,20,0,0,0,0,0,0,0,925,20.0,1.0,1.0,1.0,120407.12,121971.41837837838,20,0,0,20
primary__isolation__2024__mae_first__rr_1.29,primary,isolation,2024,mae_first,rr_1.29,1,1,0.0,6800.0,346000.0,350000.0,4000.0,67680,False,0,0,0,0.0,,0,0,0,0,0.0,,0,0,0,0,0.0,,0,0,0,0,0.0,0,20,20,0,0,0,0,0,0,0,925,20.0,1.0,1.0,1.0,123078.78378378379,124681.16540540541,20,0,0,20
primary__isolation__2024__mae_first__rr_1.45,primary,isolation,2024,mae_first,rr_1.45,1,1,0.0,6800.0,326000.0,330000.0,4000.0,65840,False,0,0,0,0.0,,0,0,0,0,0.0,,0,0,0,0,0.0,,0,0,0,0,0.0,0,20,20,0,0,0,0,0,0,0,925,20.0,1.0,1.0,1.0,118064.75351351351,119517.97945945946,20,0,0,20
primary__isolation__2024__mae_first__rr_1.50,primary,isolation,2024,mae_first,rr_1.50,1,1,0.0,6800.0,336000.0,340000.0,4000.0,65300,True,0,0,0,0.0,,0,0,0,0,0.0,,0,0,0,0,0.0,,0,0,0,0,0.0,0,20,20,0,0,0,0,0,0,0,925,20.0,1.0,1.0,1.0,124819.93297297298,126162.26810810811,20,0,0,20
primary__isolation__2024__mae_first__rr_1.61,primary,isolation,2024,mae_first,rr_1.61,1,1,0.0,6800.0,316000.0,320000.0,4000.0,64420,False,0,0,0,0.0,,0,0,0,0,0.0,,0,0,0,0,0.0,,0,0,0,0,0.0,0,20,20,0,0,0,0,0,0,0,925,20.0,1.0,1.0,1.0,121494.68864864865,122670.75567567568,20,0,0,20
primary__isolation__2024__mae_first__rr_1.75,primary,isolation,2024,mae_first,rr_1.75,1,1,0.0,6800.0,336000.0,340000.0,4000.0,63120,False,0,0,0,0.0,,0,0,0,0,0.0,,0,0,0,0,0.0,,0,0,0,0,0.0,0,20,20,0,0,0,0,0,0,0,925,20.0,1.0,1.0,1.0,133805.0291891892,135170.28972972973,20,0,0,20
primary__isolation__2024__mae_first__rr_1.76,primary,isolation,2024,mae_first,rr_1.76,1,1,0.0,6800.0,336000.0,340000.0,4000.0,63060,False,0,0,0,0.0,,0,0,0,0,0.0,,0,0,0,0,0.0,,0,0,0,0,0.0,0,20,20,0,0,0,0,0,0,0,925,20.0,1.0,1.0,1.0,134281.7535135135,135647.23027027026,20,0,0,20
primary__isolation__2024__mae_first__rr_1.83,primary,isolation,2024,mae_first,rr_1.83,1,1,0.0,6800.0,346000.0,350000.0,4000.0,62360,False,0,0,0,0.0,,0,0,0,0,0.0,,0,0,0,0,0.0,,0,0,0,0,0.0,0,20,20,0,0,0,0,0,0,0,925,20.0,1.0,1.0,1.0,137969.2227027027,139280.6345945946,20,0,0,20
primary__isolation__2024__mae_first__rr_1.92,primary,isolation,2024,mae_first,rr_1.92,1,1,0.0,6800.0,296000.0,300000.0,4000.0,61620,False,0,0,0,0.0,,0,0,0,0,0.0,,0,0,0,0,0.0,,0,0,0,0,0.0,0,20,20,0,0,0,0,0,0,0,925,20.0,1.0,1.0,1.0,128224.29837837837,129563.11567567568,20,0,0,20
primary__isolation__2024__mae_first__rr_2.00,primary,isolation,2024,mae_first,rr_2.00,1,1,0.0,6800.0,296000.0,300000.0,4000.0,60620,True,0,0,0,0.0,,0,0,0,0,0.0,,0,0,0,0,0.0,,0,0,0,0,0.0,0,20,20,0,0,0,0,0,0,0,925,20.0,1.0,1.0,1.0,134971.7837837838,136352.89729729728,20,0,0,20
primary__isolation__2024__mae_first__rr_2.08,primary,isolation,2024,mae_first,rr_2.08,1,1,0.0,6800.0,306000.0,310000.0,4000.0,60160,False,0,0,0,0.0,,0,0,0,0,0.0,,0,0,0,0,0.0,,0,0,0,0,0.0,0,20,20,0,0,0,0,0,0,0,925,20.0,1.0,1.0,1.0,131293.98702702703,132655.3545945946,20,0,0,20
primary__isolation__2024__mae_first__rr_2.17,primary,isolation,2024,mae_first,rr_2.17,1,1,0.0,6800.0,286000.0,290000.0,4000.0,59620,False,0,0,0,0.0,,0,0,0,0,0.0,,0,0,0,0,0.0,,0,0,0,0,0.0,0,20,20,0,0,0,0,0,0,0,925,20.0,1.0,1.0,1.0,128604.80540540541,129717.44,20,0,0,20
primary__isolation__2024__mae_first__rr_2.24,primary,isolation,2024,mae_first,rr_2.24,1,1,0.0,6800.0,296000.0,300000.0,4000.0,59360,False,0,0,0,0.0,,0,0,0,0,0.0,,0,0,0,0,0.0,,0,0,0,0,0.0,0,20,20,0,0,0,0,0,0,0,925,20.0,1.0,1.0,1.0,132163.1827027027,133342.90486486486,20,0,0,20
primary__isolation__2024__mae_first__rr_2.25,primary,isolation,2024,mae_first,rr_2.25,1,1,0.0,6800.0,306000.0,310000.0,4000.0,59240,False,0,0,0,0.0,,0,0,0,0,0.0,,0,0,0,0,0.0,,0,0,0,0,0.0,0,20,20,0,0,0,0,0,0,0,925,20.0,1.0,1.0,1.0,130650.94054054054,131830.6627027027,20,0,0,20
primary__isolation__2024__mae_first__rr_2.39,primary,isolation,2024,mae_first,rr_2.39,1,1,0.0,6800.0,346000.0,350000.0,4000.0,58140,False,0,0,0,0.0,,0,0,0,0,0.0,,0,0,0,0,0.0,,0,0,0,0,0.0,0,20,20,0,0,0,0,0,0,0,925,20.0,1.0,1.0,1.0,141728.34702702702,142908.34054054055,20,0,0,20
primary__isolation__2024__mae_first__rr_2.50,primary,isolation,2024,mae_first,rr_2.50,1,1,0.0,6800.0,346000.0,350000.0,4000.0,57320,True,0,0,0,0.0,,0,0,0,0,0.0,,0,0,0,0,0.0,,0,0,0,0,0.0,0,20,20,0,0,0,0,0,0,0,925,20.0,1.0,1.0,1.0,140780.27783783784,141991.44108108108,20,0,0,20
primary__isolation__2024__mae_first__rr_2.55,primary,isolation,2024,mae_first,rr_2.55,1,1,0.0,6800.0,346000.0,350000.0,4000.0,56940,False,0,0,0,0.0,,0,0,0,0,0.0,,0,0,0,0,0.0,,0,0,0,0,0.0,0,20,20,0,0,0,0,0,0,0,925,20.0,1.0,1.0,1.0,138865.60864864866,140076.7718918919,20,0,0,20
primary__isolation__2024__mae_first__rr_2.71,primary,isolation,2024,mae_first,rr_2.71,1,1,0.0,6800.0,346000.0,350000.0,4000.0,56060,False,0,0,0,0.0,,0,0,0,0,0.0,,0,0,0,0,0.0,,0,0,0,0,0.0,0,20,20,0,0,0,0,0,0,0,925,20.0,1.0,1.0,1.0,137544.36756756756,138733.88216216216,20,0,0,20
primary__isolation__2024__mae_first__rr_2.75,primary,isolation,2024,mae_first,rr_2.75,1,1,0.0,6800.0,316000.0,320000.0,4000.0,56000,False,0,0,0,0.0,,0,0,0,0,0.0,,0,0,0,0,0.0,,0,0,0,0,0.0,0,20,20,0,0,0,0,0,0,0,925,20.0,1.0,1.0,1.0,127535.5145945946,128855.34702702703,20,0,0,20
primary__isolation__2024__mae_first__rr_2.83,primary,isolation,2024,mae_first,rr_2.83,1,1,0.0,6800.0,316000.0,320000.0,4000.0,55620,False,0,0,0,0.0,,0,0,0,0,0.0,,0,0,0,0,0.0,,0,0,0,0,0.0,0,20,20,0,0,0,0,0,0,0,925,20.0,1.0,1.0,1.0,130369.06054054054,131621.11351351353,20,0,0,20
primary__isolation__2024__mae_first__rr_2.87,primary,isolation,2024,mae_first,rr_2.87,1,1,0.0,6800.0,326000.0,330000.0,4000.0,55520,False,0,0,0,0.0,,0,0,0,0,0.0,,0,0,0,0,0.0,,0,0,0,0,0.0,0,20,20,0,0,0,0,0,0,0,925,20.0,1.0,1.0,1.0,133613.84756756757,134865.90054054055,20,0,0,20
primary__isolation__2024__mae_first__rr_3.03,primary,isolation,2024,mae_first,rr_3.03,1,1,0.0,6800.0,316000.0,320000.0,4000.0,54760,False,0,0,0,0.0,,0,0,0,0,0.0,,0,0,0,0,0.0,,0,0,0,0,0.0,0,20,20,0,0,0,0,0,0,0,925,20.0,1.0,1.0,1.0,135035.29513513512,136363.90378378378,20,0,0,20
primary__isolation__2024__mae_first__rr_3.17,primary,isolation,2024,mae_first,rr_3.17,1,1,0.0,6800.0,316000.0,320000.0,4000.0,54200,False,0,0,0,0.0,,0,0,0,0,0.0,,0,0,0,0,0.0,,0,0,0,0,0.0,0,20,20,0,0,0,0,0,0,0,925,20.0,1.0,1.0,1.0,136454.0572972973,137788.14702702704,20,0,0,20
primary__isolation__2024__mae_first__rr_3.18,primary,isolation,2024,mae_first,rr_3.18,1,1,0.0,6800.0,316000.0,320000.0,4000.0,54140,False,0,0,0,0.0,,0,0,0,0,0.0,,0,0,0,0,0.0,,0,0,0,0,0.0,0,20,20,0,0,0,0,0,0,0,925,20.0,1.0,1.0,1.0,138464.28756756758,139798.3772972973,20,0,0,20
primary__isolation__2024__mae_first__rr_3.25,primary,isolation,2024,mae_first,rr_3.25,1,1,0.0,6800.0,306000.0,310000.0,4000.0,53720,False,0,0,0,0.0,,0,0,0,0,0.0,,0,0,0,0,0.0,,0,0,0,0,0.0,0,20,20,0,0,0,0,0,0,0,925,20.0,1.0,1.0,1.0,139076.15459459458,140447.95027027026,20,0,0,20
primary__isolation__2024__mae_first__rr_3.34,primary,isolation,2024,mae_first,rr_3.34,1,1,0.0,6800.0,296000.0,300000.0,4000.0,53280,False,0,0,0,0.0,,0,0,0,0,0.0,,0,0,0,0,0.0,,0,0,0,0,0.0,0,20,20,0,0,0,0,0,0,0,925,20.0,1.0,1.0,1.0,133355.40972972973,134763.69297297296,20,0,0,20
primary__isolation__2024__mae_first__rr_3.50,primary,isolation,2024,mae_first,rr_3.50,1,1,0.0,6800.0,296000.0,300000.0,4000.0,52500,True,0,0,0,0.0,,0,0,0,0,0.0,,0,0,0,0,0.0,,0,0,0,0,0.0,0,20,20,0,0,0,0,0,0,0,925,20.0,1.0,1.0,1.0,135842.61513513513,137058.5664864865,20,0,0,20
primary__isolation__2024__mae_first__wide4,primary,isolation,2024,mae_first,wide4,4,4,3.0,6800.0,306000.0,310000.0,4000.0,64250,True,0,0,0,0.0,,0,0,0,0,0.0,,0,0,0,0,0.0,,0,0,0,0,0.0,0,20,20,0,0,0,0,0,0,0,925,20.0,4.0,0.25594594594594594,3.9707387437837838,128154.89864864865,129348.10972972972,20,0,0,20
primary__isolation__2024__mae_first__center4,primary,isolation,2024,mae_first,center4,4,4,1.5,6800.0,316000.0,320000.0,4000.0,61645,False,0,0,0,0.0,,0,0,0,0,0.0,,0,0,0,0,0.0,,0,0,0,0,0.0,0,20,20,0,0,0,0,0,0,0,925,20.0,4.0,0.2627027027027027,3.93787388,128099.65108108109,129456.92945945945,20,0,0,20
primary__isolation__2024__mae_first__edge4,primary,isolation,2024,mae_first,edge4,4,4,3.0,6800.0,271000.0,275000.0,4000.0,66215,False,0,0,0,0.0,,0,0,0,0,0.0,,0,0,0,0,0.0,,0,0,0,0,0.0,0,20,20,0,0,0,0,0,0,0,925,20.0,4.0,0.25891891891891894,3.9473873935135133,123693.20702702703,124901.2727027027,20,0,0,20
primary__isolation__2024__mae_first__without050,primary,isolation,2024,mae_first,without050,4,4,2.75,6800.0,303500.0,307500.0,4000.0,62970,False,0,0,0,0.0,,0,0,0,0,0.0,,0,0,0,0,0.0,,0,0,0,0,0.0,0,20,20,0,0,0,0,0,0,0,925,20.0,4.0,0.257027027027027,3.965261267027027,127530.02891891892,128782.67162162162,20,0,0,20
primary__isolation__2024__mae_first__extremes2,primary,isolation,2024,mae_first,extremes2,2,2,3.0,6800.0,271000.0,275000.0,4000.0,67190,False,0,0,0,0.0,,0,0,0,0,0.0,,0,0,0,0,0.0,,0,0,0,0,0.0,0,20,20,0,0,0,0,0,0,0,925,20.0,2.0,0.5010810810810811,1.9978378378378379,123509.6918918919,124619.36486486487,20,0,0,20
primary__isolation__2024__mae_first__grid5,primary,isolation,2024,mae_first,grid5,5,5,3.0,6800.0,292000.0,296000.0,4000.0,63844,False,0,0,0,0.0,,0,0,0,0,0.0,,0,0,0,0,0.0,,0,0,0,0,0.0,0,20,20,0,0,0,0,0,0,0,925,20.0,5.0,0.20951351351351352,4.9362605027027024,125986.76043243243,127283.67848648647,20,0,0,20
primary__isolation__2024__mae_first__grid10,primary,isolation,2024,mae_first,grid10,10,10,3.0,6800.0,310000.0,314000.0,4000.0,63372,False,0,0,0,0.0,,0,0,0,0,0.0,,0,0,0,0,0.0,,0,0,0,0,0.0,0,20,20,0,0,0,0,0,0,0,925,20.0,10.0,0.11416216216216217,9.747317555675675,128386.7905945946,129633.36172972972,20,0,0,20
primary__isolation__2024__mae_first__grid20,primary,isolation,2024,mae_first,grid20,20,20,3.0,6800.0,308500.0,312500.0,4000.0,63130,False,0,0,0,0.0,,0,0,0,0,0.0,,0,0,0,0,0.0,,0,0,0,0,0.0,0,20,20,0,0,0,0,0,0,0,925,20.0,20.0,0.0672972972972973,19.300887114594595,128384.57475675676,129686.49162162162,20,0,0,20
primary__isolation__2024__mae_first__ladder4,primary,isolation,2024,mae_first,ladder4,4,1,0.0,6800.0,271000.0,275000.0,4000.0,70090,False,5,1,5,0.25,2026-03-24T00:00:00,0,5,5,5,0.25,2026-03-18T00:00:00,0,5,5,5,0.25,2026-02-25T00:00:00,0,5,5,0,0.0,5,20,15,5,1,0,1,0,1,1,925,19.4,3.88,0.4437837837837838,3.1128648756756756,115347.04054054055,116694.12918918919,20,5,5,15
primary__isolation__2024__mae_first__ladder20,primary,isolation,2024,mae_first,ladder20,20,1,0.0,6800.0,273000.0,277000.0,4000.0,69278,False,4,2,4,0.235294,2026-03-27T00:00:00,0,4,4,7,0.35,2026-03-23T00:00:00,0,7,7,7,0.35,2026-03-02T00:00:00,0,7,7,0,0.0,7,20,13,1,4,2,4,2,7,7,925,19.17297297297297,19.17297297297297,0.4009502262443439,4.722933663783784,113900.84616216217,115225.23210810812,20,7,7,13
primary__isolation__2024__mae_first__uniform_low,primary,isolation,2024,mae_first,uniform_low,1,1,0.0,5300.0,286000.0,290000.0,4000.0,63460,False,20,1,20,1.0,2026-03-24T00:00:00,1,20,20,20,1.0,2026-03-18T00:00:00,1,20,20,20,1.0,2026-02-25T00:00:00,1,20,20,1,111.0556,20,20,0,20,1,0,1,0,1,1,814,20.0,1.0,1.0,1.0,98216.31572481572,99542.55282555282,20,20,20,0
primary__isolation__2024__mae_first__uniform_high,primary,isolation,2024,mae_first,uniform_high,1,1,0.0,8300.0,246000.0,250000.0,4000.0,72300,False,0,0,0,0.0,,0,0,0,0,0.0,,0,0,0,0,0.0,,0,0,0,0,0.0,0,20,20,0,0,0,0,0,0,0,925,20.0,1.0,1.0,1.0,138524.67351351352,139931.76216216217,20,0,0,20
primary__isolation__2024__mae_first__grid20_reverse,primary,isolation,2024,mae_first,grid20_reverse,20,20,3.0,6800.0,308500.0,312500.0,4000.0,63130,False,0,0,0,0.0,,0,0,0,0,0.0,,0,0,0,0,0.0,,0,0,0,0,0.0,0,20,20,0,0,0,0,0,0,0,925,20.0,20.0,0.0672972972972973,19.300887114594595,128384.57475675676,129686.49162162162,20,0,0,20
primary__isolation__2024__mae_first__ladder20_reverse,primary,isolation,2024,mae_first,ladder20_reverse,20,1,0.0,6800.0,273000.0,277000.0,4000.0,69278,False,4,2,4,0.235294,2026-03-27T00:00:00,0,4,4,7,0.35,2026-03-23T00:00:00,0,7,7,7,0.35,2026-03-02T00:00:00,0,7,7,0,0.0,7,20,13,1,4,2,4,2,7,7,925,19.17297297297297,19.17297297297297,0.4009502262443439,4.722933663783784,113900.84616216217,115225.23210810812,20,7,7,13
primary__operating__2024__mae_first__rr_0.50,primary,operating,2024,mae_first,rr_0.50,1,1,0.0,6800.0,84485.0,91500.0,7015.0,41161,True,3,4,3,0.666667,2024-04-18T00:00:00,0,3,3,3,0.666667,2024-04-12T00:00:00,0,3,3,3,0.666667,2024-04-01T00:00:00,0,5,5,0,0.0,19,35,16,3,1,0,1,0,13,0,894,10.379194630872483,1.0,0.2710814769736996,7.591425812080537,52094.806935123044,52171.3802572707,14,0,1,14
primary__operating__2024__mae_first__rr_0.66,primary,operating,2024,mae_first,rr_0.66,1,1,0.0,6800.0,63162.0,71500.0,8338.0,41004,False,3,6,3,0.333333,2024-04-18T00:00:00,0,3,3,4,0.333333,2024-04-12T00:00:00,0,4,4,5,0.333333,2024-04-01T00:00:00,0,6,6,0,0.0,28,44,16,3,1,0,1,0,21,0,894,10.753914988814318,1.0,0.2132081929234515,9.218159397091723,52481.4855704698,52482.11772930649,16,5,6,11
primary__operating__2024__mae_first__rr_0.75,primary,operating,2024,mae_first,rr_0.75,1,1,0.0,6800.0,77247.0,86000.0,8753.0,39833,True,3,7,3,0.666667,2024-04-18T00:00:00,0,3,3,4,0.666667,2024-04-12T00:00:00,0,4,4,6,0.666667,2024-04-01T00:00:00,0,7,7,0,0.0,30,46,16,3,1,0,1,0,22,0,894,10.68903803131991,1.0,0.27827771138075125,7.974406898210291,53258.59474272931,53259.17975391499,16,5,7,11
primary__operating__2024__mae_first__rr_0.82,primary,operating,2024,mae_first,rr_0.82,1,1,0.0,6800.0,84919.0,93000.0,8081.0,40127,False,3,6,3,0.333333,2024-04-18T00:00:00,0,3,3,4,0.666667,2024-04-15T00:00:00,0,4,4,6,0.666667,2024-04-01T00:00:00,0,7,7,0,0.0,26,43,17,3,1,0,1,0,19,0,894,10.93400447427293,1.0,0.26232880124510605,7.887382383668904,54824.41303131991,54823.21655480984,17,6,7,11
primary__operating__2024__mae_first__rr_0.83,primary,operating,2024,mae_first,rr_0.83,1,1,0.0,6800.0,85242.0,93000.0,7758.0,40910,False,3,5,3,0.333333,2024-04-18T00:00:00,0,3,3,3,0.666667,2024-04-15T00:00:00,0,3,3,3,0.666667,2024-04-01T00:00:00,0,5,5,0,0.0,22,42,20,3,1,0,1,0,16,0,894,11.146532438478747,1.0,0.2279573731066656,9.080316488814317,55362.30061521253,55403.09966442953,17,3,4,14
primary__operating__2024__mae_first__rr_0.97,primary,operating,2024,mae_first,rr_0.97,1,1,0.0,6800.0,93794.0,101500.0,7706.0,37902,False,3,5,3,0.666667,2024-04-19T00:00:00,0,3,3,4,0.666667,2024-04-15T00:00:00,0,4,4,5,0.666667,2024-04-01T00:00:00,0,7,7,0,0.0,24,40,16,3,1,0,1,0,18,0,894,10.720357941834452,1.0,0.2613208464891252,8.805591705816555,54800.095078299775,54961.757438478744,16,5,7,11
primary__operating__2024__mae_first__rr_1.00,primary,operating,2024,mae_first,rr_1.00,1,1,0.0,6800.0,89136.0,97000.0,7864.0,37585,True,2,4,2,0.666667,2024-04-19T00:00:00,0,2,2,3,0.666667,2024-04-15T00:00:00,0,3,3,5,0.666667,2024-04-01T00:00:00,0,7,7,0,0.0,25,41,16,2,1,0,1,0,21,0,894,10.706935123042506,1.0,0.26100290763980066,8.137137730425057,53812.71996644295,53982.12578299777,16,5,7,11
primary__operating__2024__mae_first__rr_1.13,primary,operating,2024,mae_first,rr_1.13,1,1,0.0,6800.0,128926.0,135500.0,6574.0,34163,False,2,3,3,0.176471,2026-02-05T00:00:00,0,3,3,3,0.1875,2026-03-13T00:00:00,0,3,3,5,0.3125,2026-03-10T00:00:00,0,6,6,0,0.0,17,32,15,2,1,0,1,0,14,0,894,10.020134228187919,1.0,0.1914990567181645,9.531295297539149,55361.8096196868,55679.67964205817,15,4,6,11
primary__operating__2024__mae_first__rr_1.17,primary,operating,2024,mae_first,rr_1.17,1,1,0.0,6800.0,110334.0,117000.0,6666.0,31501,False,2,4,2,0.222222,2025-04-04T00:00:00,0,2,2,2,0.333333,2024-07-22T00:00:00,0,2,2,4,0.333333,2024-07-01T00:00:00,0,5,5,0,0.0,18,33,15,2,1,0,1,0,14,0,894,9.33668903803132,1.0,0.22796175984095446,8.036614761744968,51437.87863534676,51668.76717002237,14,3,5,11
primary__operating__2024__mae_first__rr_1.25,primary,operating,2024,mae_first,rr_1.25,1,1,0.0,6800.0,83978.0,91500.0,7522.0,33045,True,2,6,3,0.333333,2024-08-08T00:00:00,0,3,3,3,0.428571,2024-08-02T00:00:00,0,3,3,5,0.428571,2024-08-01T00:00:00,0,6,6,0,0.0,23,38,15,2,1,0,1,0,17,0,894,9.96420581655481,1.0,0.26284192350615565,7.446485996644296,50570.707550335566,50699.11448545862,15,4,6,11
primary__operating__2024__mae_first__rr_1.29,primary,operating,2024,mae_first,rr_1.29,1,1,0.0,6800.0,105044.0,112500.0,7456.0,33077,False,2,4,2,0.333333,2024-08-08T00:00:00,0,2,2,3,0.428571,2024-08-02T00:00:00,0,4,4,4,0.428571,2024-08-01T00:00:00,0,5,5,0,0.0,22,38,16,2,1,0,1,0,18,0,894,10.06599552572707,1.0,0.2216070220190828,8.728642701342283,51629.197874720354,51829.20341163311,15,3,5,12
primary__operating__2024__mae_first__rr_1.45,primary,operating,2024,mae_first,rr_1.45,1,1,0.0,6800.0,91813.0,100000.0,8187.0,28905,False,3,6,3,0.333333,2025-04-04T00:00:00,0,3,3,3,0.333333,2024-07-22T00:00:00,0,4,4,4,0.333333,2024-07-01T00:00:00,0,6,6,0,0.0,29,42,13,3,1,0,1,0,22,0,894,9.038031319910514,1.0,0.21636755302862687,7.989545,45432.22136465324,45607.35827740492,14,4,6,10
primary__operating__2024__mae_first__rr_1.50,primary,operating,2024,mae_first,rr_1.50,1,1,0.0,6800.0,103485.0,110500.0,7015.0,28751,True,2,3,2,0.222222,2025-04-04T00:00:00,0,2,2,3,0.333333,2024-07-19T00:00:00,0,3,3,3,0.333333,2024-07-01T00:00:00,0,5,5,0,0.0,22,35,13,2,1,0,1,0,19,0,894,9.054809843400447,1.0,0.21426411334129453,8.08909526510067,48156.306655480985,48434.69256152125,14,3,4,11
primary__operating__2024__mae_first__rr_1.61,primary,operating,2024,mae_first,rr_1.61,1,1,0.0,6800.0,101346.0,109000.0,7654.0,29880,False,3,3,3,0.5,2024-08-08T00:00:00,1,3,3,3,0.5,2024-08-02T00:00:00,1,3,3,3,0.5,2024-07-12T00:00:00,1,6,6,0,0.0,25,38,13,3,1,0,1,0,21,0,894,9.531319910514542,1.0,0.2347612491907794,8.335778416107383,49321.6942393736,49647.88601789709,14,3,4,11
primary__operating__2024__mae_first__rr_1.75,primary,operating,2024,mae_first,rr_1.75,1,1,0.0,6800.0,111761.0,119000.0,7239.0,29794,False,2,3,2,0.333333,2024-08-08T00:00:00,0,2,2,2,0.333333,2024-07-19T00:00:00,0,3,3,3,0.333333,2024-07-01T00:00:00,0,5,5,0,0.0,23,36,13,2,1,0,1,0,20,0,894,9.666666666666666,1.0,0.18630969918721596,9.460137329977629,53471.20078299776,53874.79972035794,14,2,3,12
primary__operating__2024__mae_first__rr_1.76,primary,operating,2024,mae_first,rr_1.76,1,1,0.0,6800.0,113985.0,121000.0,7015.0,30008,False,2,2,2,0.333333,2024-08-08T00:00:00,0,2,2,2,0.333333,2024-07-19T00:00:00,0,3,3,2,0.333333,2024-07-01T00:00:00,0,5,5,0,0.0,21,35,14,2,1,0,1,0,19,0,894,9.749440715883669,1.0,0.1736405823234682,9.61609395525727,54220.1754474273,54643.0351230425,14,2,2,12
primary__operating__2024__mae_first__rr_1.83,primary,operating,2024,mae_first,rr_1.83,1,1,0.0,6800.0,115478.0,123000.0,7522.0,29602,False,2,3,2,0.333333,2024-08-08T00:00:00,0,2,2,3,0.333333,2024-07-19T00:00:00,0,4,4,3,0.333333,2024-07-01T00:00:00,0,5,5,0,0.0,25,38,13,2,1,0,1,0,22,0,894,9.730425055928412,1.0,0.17465917595951155,9.524188004474272,54770.598210290824,55193.75369127517,14,2,2,12
primary__operating__2024__mae_first__rr_1.92,primary,operating,2024,mae_first,rr_1.92,1,1,0.0,6800.0,100155.0,108500.0,8345.0,28750,False,2,4,3,0.75,2024-08-08T00:00:00,0,3,3,5,0.833333,2024-08-02T00:00:00,1,5,5,5,0.833333,2024-07-12T00:00:00,1,8,8,0,0.0,28,43,15,2,1,0,1,0,24,0,894,9.573825503355705,1.0,0.3177117314701207,7.128937421700224,49010.711409395975,49139.35844519016,14,2,2,12
primary__operating__2024__mae_first__rr_2.00,primary,operating,2024,mae_first,rr_2.00,1,1,0.0,6800.0,100964.0,109500.0,8536.0,28572,True,2,4,3,0.666667,2024-04-18T00:00:00,0,3,3,3,0.666667,2024-04-12T00:00:00,1,4,4,3,0.666667,2024-04-01T00:00:00,1,6,6,0,0.0,29,44,15,2,1,0,1,0,25,0,894,9.681208053691275,1.0,0.2932951897716998,7.772057327740493,52359.68036912752,52566.88131991051,14,2,2,12
primary__operating__2024__mae_first__rr_2.08,primary,operating,2024,mae_first,rr_2.08,1,1,0.0,6800.0,105589.0,114000.0,8411.0,28339,False,2,4,3,0.666667,2024-04-18T00:00:00,0,3,3,3,0.666667,2024-04-12T00:00:00,1,4,4,3,0.666667,2024-04-01T00:00:00,1,6,6,0,0.0,28,43,15,2,1,0,1,0,24,0,894,9.667785234899329,1.0,0.2911435848516385,7.833003328859061,54742.21549217002,54985.39233780761,14,2,2,12
primary__operating__2024__mae_first__rr_2.17,primary,operating,2024,mae_first,rr_2.17,1,1,0.0,6800.0,111596.0,119500.0,7904.0,28271,False,2,3,3,0.666667,2024-04-18T00:00:00,0,3,3,3,0.666667,2024-04-12T00:00:00,0,3,3,3,0.666667,2024-04-01T00:00:00,0,5,5,0,0.0,25,40,15,2,1,0,1,0,22,0,894,9.721476510067115,1.0,0.27869599639733866,7.298055635346756,55479.18629753915,55823.79239373602,14,2,2,12
primary__operating__2024__mae_first__rr_2.24,primary,operating,2024,mae_first,rr_2.24,1,1,0.0,6800.0,120136.0,127500.0,7364.0,28392,False,2,2,3,0.666667,2024-04-18T00:00:00,0,3,3,3,0.666667,2024-04-12T00:00:00,0,3,3,3,0.666667,2024-04-01T00:00:00,0,5,5,0,0.0,21,37,16,2,1,0,1,0,19,0,894,9.815436241610739,1.0,0.27473491273826844,7.2880241644295305,58022.412416107385,58358.664373601794,14,2,2,12
primary__operating__2024__mae_first__rr_2.25,primary,operating,2024,mae_first,rr_2.25,1,1,0.0,6800.0,121636.0,129000.0,7364.0,28346,False,2,2,3,0.666667,2024-04-18T00:00:00,0,3,3,3,0.666667,2024-04-12T00:00:00,0,3,3,3,0.666667,2024-04-01T00:00:00,0,5,5,0,0.0,21,37,16,2,1,0,1,0,19,0,894,9.815436241610739,1.0,0.2744552706801029,7.289217304250559,58618.12058165548,58958.58277404922,14,2,2,12
primary__operating__2024__mae_first__rr_2.39,primary,operating,2024,mae_first,rr_2.39,1,1,0.0,6800.0,128044.0,135500.0,7456.0,27960,False,2,2,2,0.666667,2024-04-18T00:00:00,0,2,2,3,0.666667,2024-04-12T00:00:00,0,3,3,3,0.666667,2024-04-01T00:00:00,0,5,5,0,0.0,21,38,17,2,1,0,1,0,19,0,894,9.865771812080537,1.0,0.2710248591935327,8.09113901230425,61163.22662192394,61543.250447427294,15,3,3,12
primary__operating__2024__mae_first__rr_2.50,primary,operating,2024,mae_first,rr_2.50,1,1,0.0,6800.0,131669.0,139000.0,7331.0,25721,True,2,2,2,0.666667,2024-04-18T00:00:00,0,2,2,2,0.666667,2024-04-12T00:00:00,0,2,2,3,0.666667,2024-04-01T00:00:00,0,4,4,0,0.0,22,37,15,2,1,0,1,0,20,0,894,9.184563758389261,1.0,0.28333146470730364,6.85911533557047,58351.96375838926,58680.27600671141,14,3,3,11
primary__operating__2024__mae_first__rr_2.55,primary,operating,2024,mae_first,rr_2.55,1,1,0.0,6800.0,132169.0,139500.0,7331.0,25558,False,2,2,2,0.666667,2024-04-18T00:00:00,0,2,2,2,0.666667,2024-04-12T00:00:00,0,2,2,3,0.666667,2024-04-01T00:00:00,0,4,4,0,0.0,22,37,15,2,1,0,1,0,20,0,894,9.187919463087248,1.0,0.2832806206967281,6.862247325503356,58417.561409395974,58758.36918344519,14,3,3,11
primary__operating__2024__mae_first__rr_2.71,primary,operating,2024,mae_first,rr_2.71,1,1,0.0,6800.0,130676.0,137500.0,6824.0,25177,False,2,2,2,0.666667,2024-04-18T00:00:00,0,2,2,2,0.666667,2024-04-12T00:00:00,0,2,2,3,1.0,2024-04-04T00:00:00,0,3,3,0,0.0,18,34,16,2,1,0,1,0,16,0,894,9.213646532438478,1.0,0.29289780564948353,6.85839304474273,57821.88165548099,58153.842058165545,14,3,3,11
primary__operating__2024__mae_first__rr_2.75,primary,operating,2024,mae_first,rr_2.75,1,1,0.0,6800.0,110544.0,118000.0,7456.0,24867,False,2,4,2,0.666667,2024-04-18T00:00:00,0,2,2,5,0.833333,2024-08-02T00:00:00,1,5,5,5,1.0,2024-04-04T00:00:00,1,6,6,0,0.0,22,38,16,2,1,0,1,0,18,0,894,9.098434004474273,1.0,0.31051703081904425,6.666718751677853,51164.31409395973,51363.098378076065,14,3,3,11
primary__operating__2024__mae_first__rr_2.83,primary,operating,2024,mae_first,rr_2.83,1,1,0.0,6800.0,137577.0,145000.0,7423.0,27302,False,2,2,2,0.666667,2024-04-18T00:00:00,0,2,2,3,0.666667,2024-04-12T00:00:00,0,3,3,3,0.666667,2024-04-01T00:00:00,0,4,4,0,0.0,21,38,17,2,1,0,1,0,19,0,894,10.06711409395973,1.0,0.2685613387942642,7.656559077181208,61045.01168903804,61443.48685682326,15,2,2,13
primary__operating__2024__mae_first__rr_2.87,primary,operating,2024,mae_first,rr_2.87,1,1,0.0,6800.0,140537.0,148500.0,7963.0,26723,False,3,3,3,0.666667,2024-04-18T00:00:00,0,3,3,3,0.666667,2024-04-12T00:00:00,0,3,3,3,0.666667,2024-04-01T00:00:00,0,4,4,0,0.0,25,41,16,3,1,0,1,0,21,0,894,9.869127516778523,1.0,0.2726982506863083,7.584414393736019,61208.196476510064,61586.52231543625,15,2,2,13
primary__operating__2024__mae_first__rr_3.03,primary,operating,2024,mae_first,rr_3.03,1,1,0.0,6800.0,134787.0,143000.0,8213.0,27685,False,2,5,3,0.666667,2024-04-18T00:00:00,0,3,3,4,0.666667,2024-04-12T00:00:00,0,5,5,4,0.666667,2024-04-01T00:00:00,0,7,7,0,0.0,25,43,18,2,1,0,1,0,20,0,894,10.374720357941834,1.0,0.26853944350515924,8.728506634228188,61385.9879753915,61778.84882550336,16,1,1,15
primary__operating__2024__mae_first__rr_3.17,primary,operating,2024,mae_first,rr_3.17,1,1,0.0,6800.0,121681.0,131000.0,9319.0,25794,False,3,8,3,0.666667,2024-04-18T00:00:00,0,3,3,6,0.666667,2024-04-12T00:00:00,1,6,6,6,0.666667,2024-04-01T00:00:00,1,8,8,0,0.0,34,50,16,3,1,0,1,0,24,0,894,9.781879194630873,1.0,0.2964508906820395,7.092189227069351,57482.26174496644,57804.779138702455,15,1,1,14
primary__operating__2024__mae_first__rr_3.18,primary,operating,2024,mae_first,rr_3.18,1,1,0.0,6800.0,133872.0,143000.0,9128.0,27152,False,3,7,3,0.666667,2024-04-18T00:00:00,0,3,3,5,0.666667,2024-04-12T00:00:00,1,5,5,5,0.666667,2024-04-01T00:00:00,1,7,7,0,0.0,32,49,17,3,1,0,1,0,24,0,894,10.299776286353467,1.0,0.270032254413423,7.808615881431768,61920.54155480984,62303.736689038036,16,1,1,15
primary__operating__2024__mae_first__rr_3.25,primary,operating,2024,mae_first,rr_3.25,1,1,0.0,6800.0,106148.0,115500.0,9352.0,23995,False,3,5,3,0.666667,2024-04-18T00:00:00,0,3,3,4,0.666667,2024-04-12T00:00:00,1,5,5,5,0.666667,2024-04-01T00:00:00,2,7,7,0,0.0,35,50,15,3,1,0,1,0,28,0,894,9.17337807606264,1.0,0.2970540800238787,6.753330306487696,52739.65844519016,52914.91398210291,14,1,1,13
primary__operating__2024__mae_first__rr_3.34,primary,operating,2024,mae_first,rr_3.34,1,1,0.0,6800.0,90464.0,99500.0,9036.0,22404,False,4,6,4,0.666667,2024-04-18T00:00:00,1,4,4,4,0.666667,2024-04-12T00:00:00,1,5,5,4,0.666667,2024-04-01T00:00:00,1,6,6,0,0.0,34,48,14,4,1,0,1,0,25,0,894,8.635346756152126,1.0,0.30141080644436347,6.310080974272931,47662.27695749441,47821.23087248322,13,1,1,12
primary__operating__2024__mae_first__rr_3.50,primary,operating,2024,mae_first,rr_3.50,1,1,0.0,6800.0,90490.0,99500.0,9010.0,21617,True,3,4,4,0.666667,2024-04-18T00:00:00,0,4,4,4,0.666667,2024-04-12T00:00:00,1,5,5,4,0.666667,2024-04-01T00:00:00,1,6,6,0,0.0,34,47,13,3,1,0,1,0,28,0,894,8.472035794183444,1.0,0.3029751164818279,6.151145325503356,48240.583557046986,48397.629362416104,12,1,1,11
primary__operating__2024__mae_first__wide4,primary,operating,2024,mae_first,wide4,4,4,3.0,6800.0,112150.0,119000.0,6850.0,29854,True,2,1,2,0.333333,2024-04-18T00:00:00,0,2,2,2,0.333333,2024-04-12T00:00:00,0,2,2,2,0.333333,2024-04-01T00:00:00,0,3,3,0,0.0,20,35,15,1,2,1,2,2,20,1,894,9.338926174496644,3.7997762863534676,0.16719603103831293,9.316027030201342,54336.093400447426,54717.39541387025,14,1,2,13
primary__operating__2024__mae_first__center4,primary,operating,2024,mae_first,center4,4,4,1.5,6800.0,121853.0,129500.0,7647.0,31926,False,2,1,2,0.333333,2024-04-18T00:00:00,0,2,2,3,0.428571,2024-08-02T00:00:00,0,3,3,4,0.428571,2024-08-01T00:00:00,0,5,5,0,0.0,23,39,16,1,2,1,2,3,23,1,894,10.549217002237137,3.7997762863534676,0.16068794391188787,10.460185667785234,59560.62992170022,59929.504586129755,16,4,4,12
primary__operating__2024__mae_first__edge4,primary,operating,2024,mae_first,edge4,4,4,3.0,6800.0,88964.0,97500.0,8536.0,32628,False,3,2,4,0.666667,2024-04-18T00:00:00,0,4,4,5,0.666667,2024-04-12T00:00:00,0,6,6,5,0.666667,2024-04-01T00:00:00,0,8,8,0,0.0,28,44,16,1,3,2,4,4,28,2,894,9.941834451901565,3.7997762863534676,0.18124168119973488,9.501203343400448,50259.794742729304,50269.5879753915,15,3,3,12
primary__operating__2024__mae_first__without050,primary,operating,2024,mae_first,without050,4,4,2.75,6800.0,108709.0,115500.0,6791.0,28743,False,2,1,2,0.333333,2024-04-18T00:00:00,0,2,2,2,0.333333,2024-04-12T00:00:00,0,2,2,2,0.333333,2024-04-01T00:00:00,0,3,3,0,0.0,20,34,14,1,2,1,2,2,20,1,894,9.18903803131991,3.7997762863534676,0.16856023357701208,9.160858587248322,53087.562248322145,53452.97829977629,14,2,3,12
primary__operating__2024__mae_first__extremes2,primary,operating,2024,mae_first,extremes2,2,2,3.0,6800.0,76096.0,83500.0,7404.0,27142,False,2,3,3,0.666667,2024-04-18T00:00:00,0,3,3,3,0.666667,2024-04-12T00:00:00,0,4,4,4,0.666667,2024-04-01T00:00:00,0,6,6,0,0.0,22,36,14,2,2,1,2,3,20,1,894,8.202460850111857,1.9675615212527964,0.1851985728663581,8.10534822818792,42844.95648769575,42806.402740492165,11,0,0,11
primary__operating__2024__mae_first__grid5,primary,operating,2024,mae_first,grid5,5,5,3.0,6800.0,117973.0,125500.0,7527.0,36352,False,2,2,3,0.333333,2024-04-18T00:00:00,0,3,3,3,0.333333,2024-04-12T00:00:00,0,5,5,3,0.333333,2024-04-01T00:00:00,0,5,5,0,0.0,23,42,19,1,2,2,3,3,23,2,894,11.479865771812081,4.6644295302013425,0.15293812131229279,11.41505724049217,62577.88825503356,62917.8629753915,18,2,3,16
primary__operating__2024__mae_first__grid10,primary,operating,2024,mae_first,grid10,10,10,3.0,6800.0,118294.0,125500.0,7206.0,31383,False,1,0,2,0.333333,2024-04-19T00:00:00,0,2,2,2,0.333333,2024-04-15T00:00:00,0,3,3,2,0.5,2024-03-22T00:00:00,0,5,5,0,0.0,22,36,14,1,1,0,2,2,22,12,894,9.736017897091722,8.017897091722595,0.17478298329808395,9.618779515659956,54319.80715883669,54540.61029082774,14,2,2,12
primary__operating__2024__mae_first__grid20,primary,operating,2024,mae_first,grid20,20,20,3.0,6800.0,101518.0,108500.0,6982.0,33473,False,2,1,2,0.333333,2024-04-18T00:00:00,0,2,2,2,0.333333,2024-04-12T00:00:00,0,2,2,3,0.333333,2024-04-01T00:00:00,0,3,3,0,0.0,19,35,16,1,2,1,2,4,19,19,894,9.973154362416107,9.973154362416107,0.17238732977481497,9.863297013422818,52970.0172818792,53360.29569351231,15,3,3,12
primary__operating__2024__mae_first__ladder4,primary,operating,2024,mae_first,ladder4,4,1,0.0,6800.0,89662.0,97500.0,7838.0,36650,False,2,4,2,0.666667,2024-04-19T00:00:00,0,2,2,3,0.666667,2024-04-15T00:00:00,0,3,3,7,0.666667,2024-04-01T00:00:00,0,9,9,0,0.0,26,40,14,1,2,4,2,6,26,2,894,10.447427293064877,3.7997762863534676,0.2418468407241601,9.156508105145415,52333.72410514542,52479.914373601794,16,7,9,9
primary__operating__2024__mae_first__ladder20,primary,operating,2024,mae_first,ladder20,20,1,0.0,6800.0,92662.0,100500.0,7838.0,35365,False,2,5,4,0.666667,2024-04-19T00:00:00,0,4,4,6,0.666667,2024-04-15T00:00:00,1,6,6,10,0.666667,2024-04-01T00:00:00,1,12,12,0,0.0,29,40,11,1,2,5,4,7,29,29,894,10.083892617449665,10.083892617449665,0.26472977480182375,7.9864744217002235,46672.68685682326,46782.52365771812,16,10,12,6
primary__operating__2024__mae_first__uniform_low,primary,operating,2024,mae_first,uniform_low,1,1,0.0,5300.0,98162.0,106000.0,7838.0,33969,False,4,6,5,0.666667,2024-04-19T00:00:00,1,5,5,9,0.75,2026-03-18T00:00:00,2,9,9,13,0.8125,2026-02-27T00:00:00,2,15,15,0,0.0,32,40,8,4,1,0,1,0,24,0,894,9.696868008948545,1.0,0.2830299465415928,7.351822960850112,43068.81375838926,43139.948098434004,16,13,15,3
primary__operating__2024__mae_first__uniform_high,primary,operating,2024,mae_first,uniform_high,1,1,0.0,8300.0,72636.0,80500.0,7864.0,37585,False,2,4,2,0.666667,2024-04-19T00:00:00,0,2,2,3,0.666667,2024-04-15T00:00:00,0,3,3,5,0.666667,2024-04-01T00:00:00,0,7,7,0,0.0,25,41,16,2,1,0,1,0,21,0,894,10.706935123042506,1.0,0.26100290763980066,8.137137730425057,61033.63719239373,61203.04300894855,16,5,7,11
primary__operating__2024__mae_first__grid20_reverse,primary,operating,2024,mae_first,grid20_reverse,20,20,3.0,6800.0,120181.0,129000.0,8819.0,27529,False,2,3,2,0.666667,2024-04-18T00:00:00,0,2,2,3,0.666667,2024-04-12T00:00:00,0,3,3,3,0.666667,2024-04-01T00:00:00,0,5,5,0,0.0,30,46,16,1,2,3,2,7,30,30,894,9.86241610738255,9.86241610738255,0.1810905436078156,9.702170810961968,57377.98255033557,57551.26812080537,15,3,5,12
primary__operating__2024__mae_first__ladder20_reverse,primary,operating,2024,mae_first,ladder20_reverse,20,1,0.0,6800.0,80636.0,88500.0,7864.0,37585,False,2,4,2,0.666667,2024-04-19T00:00:00,0,2,2,3,0.666667,2024-04-15T00:00:00,0,3,3,5,0.666667,2024-04-01T00:00:00,0,7,7,0,0.0,25,41,16,1,2,4,2,6,25,25,894,10.706935123042506,10.706935123042506,0.26100290763980066,8.203004972035794,57985.53875838926,58154.94457494408,16,5,7,11
primary__isolation__2025__mae_first__rr_0.50,primary,isolation,2025,mae_first,rr_0.50,1,1,0.0,6800.0,-4000.0,0.0,4000.0,5960,True,20,1,20,1.0,2025-03-10T00:00:00,1,20,20,20,1.0,2025-03-04T00:00:00,1,20,20,20,1.0,2025-02-11T00:00:00,1,20,20,1,490.1028,20,20,0,20,1,0,1,0,1,1,69,20.0,1.0,1.0,1.0,33391.10144927536,28760.376811594204,0,0,0,0
primary__isolation__2025__mae_first__rr_0.66,primary,isolation,2025,mae_first,rr_0.66,1,1,0.0,6800.0,-4000.0,0.0,4000.0,5780,False,20,1,20,1.0,2025-03-11T00:00:00,1,20,20,20,1.0,2025-03-05T00:00:00,1,20,20,20,1.0,2025-02-12T00:00:00,1,20,20,1,489.8431,20,20,0,20,1,0,1,0,1,1,70,20.0,1.0,1.0,1.0,29716.928571428572,24765.97142857143,0,0,0,0
primary__isolation__2025__mae_first__rr_0.75,primary,isolation,2025,mae_first,rr_0.75,1,1,0.0,6800.0,-4000.0,0.0,4000.0,5600,True,20,1,20,1.0,2025-03-11T00:00:00,1,20,20,20,1.0,2025-03-05T00:00:00,1,20,20,20,1.0,2025-02-12T00:00:00,1,20,20,1,489.8431,20,20,0,20,1,0,1,0,1,1,70,20.0,1.0,1.0,1.0,30872.242857142857,25854.02857142857,0,0,0,0
primary__isolation__2025__mae_first__rr_0.82,primary,isolation,2025,mae_first,rr_0.82,1,1,0.0,6800.0,-4000.0,0.0,4000.0,5660,False,20,1,20,1.0,2025-03-11T00:00:00,1,20,20,20,1.0,2025-03-05T00:00:00,1,20,20,20,1.0,2025-02-12T00:00:00,1,20,20,1,489.0896,20,20,0,20,1,0,1,0,1,1,70,20.0,1.0,1.0,1.0,35591.014285714286,31433.67142857143,0,0,0,0
primary__isolation__2025__mae_first__rr_0.83,primary,isolation,2025,mae_first,rr_0.83,1,1,0.0,6800.0,-4000.0,0.0,4000.0,5660,False,20,1,20,1.0,2025-03-11T00:00:00,1,20,20,20,1.0,2025-03-05T00:00:00,1,20,20,20,1.0,2025-02-12T00:00:00,1,20,20,1,489.0896,20,20,0,20,1,0,1,0,1,1,70,20.0,1.0,1.0,1.0,34221.014285714286,30063.67142857143,0,0,0,0
primary__isolation__2025__mae_first__rr_0.97,primary,isolation,2025,mae_first,rr_0.97,1,1,0.0,6800.0,-4000.0,0.0,4000.0,7500,False,20,1,20,1.0,2025-04-07T00:00:00,1,20,20,20,1.0,2025-04-01T00:00:00,1,20,20,20,1.0,2025-03-11T00:00:00,1,20,20,1,462.688,20,20,0,20,1,0,1,0,1,1,97,20.0,1.0,1.0,1.0,39401.762886597935,37256.44329896907,0,0,0,0
primary__isolation__2025__mae_first__rr_1.00,primary,isolation,2025,mae_first,rr_1.00,1,1,0.0,6800.0,-4000.0,0.0,4000.0,7380,True,20,1,20,1.0,2025-04-04T00:00:00,1,20,20,20,1.0,2025-03-31T00:00:00,1,20,20,20,1.0,2025-03-10T00:00:00,1,20,20,1,464.941,20,20,0,20,1,0,1,0,1,1,94,20.0,1.0,1.0,1.0,39351.085106382976,37149.755319148935,0,0,0,0
primary__isolation__2025__mae_first__rr_1.13,primary,isolation,2025,mae_first,rr_1.13,1,1,0.0,6800.0,156000.0,160000.0,4000.0,42880,False,0,0,0,0.0,,0,0,0,0,0.0,,0,0,0,0,0.0,,0,0,0,0,0.0,0,20,20,0,0,0,0,0,0,0,559,20.0,1.0,1.0,1.0,113375.09302325582,114738.74776386404,20,0,0,20
primary__isolation__2025__mae_first__rr_1.17,primary,isolation,2025,mae_first,rr_1.17,1,1,0.0,6800.0,-4000.0,0.0,4000.0,5200,False,20,1,20,1.0,2025-03-11T00:00:00,1,20,20,20,1.0,2025-03-05T00:00:00,1,20,20,20,1.0,2025-02-12T00:00:00,1,20,20,1,489.0421,20,20,0,20,1,0,1,0,1,1,70,20.0,1.0,1.0,1.0,39800.3,35437.68571428571,0,0,0,0
primary__isolation__2025__mae_first__rr_1.25,primary,isolation,2025,mae_first,rr_1.25,1,1,0.0,6800.0,-4000.0,0.0,4000.0,6820,True,20,1,20,1.0,2025-04-04T00:00:00,1,20,20,20,1.0,2025-03-31T00:00:00,1,20,20,20,1.0,2025-03-10T00:00:00,1,20,20,1,465.0514,20,20,0,20,1,0,1,0,1,1,94,20.0,1.0,1.0,1.0,37422.84042553192,34463.425531914894,0,0,0,0
primary__isolation__2025__mae_first__rr_1.29,primary,isolation,2025,mae_first,rr_1.29,1,1,0.0,6800.0,-4000.0,0.0,4000.0,6780,False,20,1,20,1.0,2025-04-04T00:00:00,1,20,20,20,1.0,2025-03-31T00:00:00,1,20,20,20,1.0,2025-03-10T00:00:00,1,20,20,1,464.9958,20,20,0,20,1,0,1,0,1,1,94,20.0,1.0,1.0,1.0,38361.46808510638,35675.98936170213,0,0,0,0
primary__isolation__2025__mae_first__rr_1.45,primary,isolation,2025,mae_first,rr_1.45,1,1,0.0,6800.0,-4000.0,0.0,4000.0,4940,False,20,1,20,1.0,2025-03-11T00:00:00,1,20,20,20,1.0,2025-03-05T00:00:00,1,20,20,20,1.0,2025-02-12T00:00:00,1,20,20,1,489.0896,20,20,0,20,1,0,1,0,1,1,70,20.0,1.0,1.0,1.0,36594.72857142857,32091.071428571428,0,0,0,0
primary__isolation__2025__mae_first__rr_1.50,primary,isolation,2025,mae_first,rr_1.50,1,1,0.0,6800.0,-4000.0,0.0,4000.0,6540,True,20,1,20,1.0,2025-04-04T00:00:00,1,20,20,20,1.0,2025-03-31T00:00:00,1,20,20,20,1.0,2025-03-10T00:00:00,1,20,20,1,465.0514,20,20,0,20,1,0,1,0,1,1,94,20.0,1.0,1.0,1.0,37705.6914893617,34803.97872340425,0,0,0,0
primary__isolation__2025__mae_first__rr_1.61,primary,isolation,2025,mae_first,rr_1.61,1,1,0.0,6800.0,-4000.0,0.0,4000.0,700,False,20,1,20,1.0,2025-01-13T00:00:00,1,20,20,20,1.0,2025-01-07T00:00:00,1,20,20,20,1.0,2025-01-02T00:00:00,1,20,20,1,545.9171,20,20,0,20,1,0,1,0,1,1,13,20.0,1.0,1.0,1.0,21435.384615384617,1788.3846153846155,0,0,0,0
primary__isolation__2025__mae_first__rr_1.75,primary,isolation,2025,mae_first,rr_1.75,1,1,0.0,6800.0,-4000.0,0.0,4000.0,660,False,20,1,20,1.0,2025-01-13T00:00:00,1,20,20,20,1.0,2025-01-07T00:00:00,1,20,20,20,1.0,2025-01-02T00:00:00,1,20,20,1,546.1771,20,20,0,20,1,0,1,0,1,1,13,20.0,1.0,1.0,1.0,19913.153846153848,2530.6923076923076,0,0,0,0
primary__isolation__2025__mae_first__rr_1.76,primary,isolation,2025,mae_first,rr_1.76,1,1,0.0,6800.0,-4000.0,0.0,4000.0,660,False,20,1,20,1.0,2025-01-13T00:00:00,1,20,20,20,1.0,2025-01-07T00:00:00,1,20,20,20,1.0,2025-01-02T00:00:00,1,20,20,1,546.1771,20,20,0,20,1,0,1,0,1,1,13,20.0,1.0,1.0,1.0,19913.153846153848,2530.6923076923076,0,0,0,0
primary__isolation__2025__mae_first__rr_1.83,primary,isolation,2025,mae_first,rr_1.83,1,1,0.0,6800.0,-4000.0,0.0,4000.0,640,False,20,1,20,1.0,2025-01-13T00:00:00,1,20,20,20,1.0,2025-01-07T00:00:00,1,20,20,20,1.0,2025-01-02T00:00:00,1,20,20,1,546.1771,20,20,0,20,1,0,1,0,1,1,13,20.0,1.0,1.0,1.0,20767.46153846154,2673.076923076923,0,0,0,0
primary__isolation__2025__mae_first__rr_1.92,primary,isolation,2025,mae_first,rr_1.92,1,1,0.0,6800.0,-4000.0,0.0,4000.0,640,False,20,1,20,1.0,2025-01-13T00:00:00,1,20,20,20,1.0,2025-01-07T00:00:00,1,20,20,20,1.0,2025-01-02T00:00:00,1,20,20,1,545.9171,20,20,0,20,1,0,1,0,1,1,13,20.0,1.0,1.0,1.0,20924.384615384617,3049.3076923076924,0,0,0,0
primary__isolation__2025__mae_first__rr_2.00,primary,isolation,2025,mae_first,rr_2.00,1,1,0.0,6800.0,-4000.0,0.0,4000.0,640,True,20,1,20,1.0,2025-01-13T00:00:00,1,20,20,20,1.0,2025-01-07T00:00:00,1,20,20,20,1.0,2025-01-02T00:00:00,1,20,20,1,545.9171,20,20,0,20,1,0,1,0,1,1,13,20.0,1.0,1.0,1.0,21012.076923076922,3049.3076923076924,0,0,0,0
primary__isolation__2025__mae_first__rr_2.08,primary,isolation,2025,mae_first,rr_2.08,1,1,0.0,6800.0,-4000.0,0.0,4000.0,640,False,20,1,20,1.0,2025-01-13T00:00:00,1,20,20,20,1.0,2025-01-07T00:00:00,1,20,20,20,1.0,2025-01-02T00:00:00,1,20,20,1,545.9171,20,20,0,20,1,0,1,0,1,1,13,20.0,1.0,1.0,1.0,21012.076923076922,3049.3076923076924,0,0,0,0
primary__isolation__2025__mae_first__rr_2.17,primary,isolation,2025,mae_first,rr_2.17,1,1,0.0,6800.0,-4000.0,0.0,4000.0,640,False,20,1,20,1.0,2025-01-13T00:00:00,1,20,20,20,1.0,2025-01-07T00:00:00,1,20,20,20,1.0,2025-01-02T00:00:00,1,20,20,1,545.9171,20,20,0,20,1,0,1,0,1,1,13,20.0,1.0,1.0,1.0,21012.076923076922,3123.0,0,0,0,0
primary__isolation__2025__mae_first__rr_2.24,primary,isolation,2025,mae_first,rr_2.24,1,1,0.0,6800.0,-4000.0,0.0,4000.0,600,False,20,1,20,1.0,2025-01-13T00:00:00,1,20,20,20,1.0,2025-01-07T00:00:00,1,20,20,20,1.0,2025-01-02T00:00:00,1,20,20,1,545.9171,20,20,0,20,1,0,1,0,1,1,13,20.0,1.0,1.0,1.0,22035.076923076922,3508.6153846153848,0,0,0,0
primary__isolation__2025__mae_first__rr_2.25,primary,isolation,2025,mae_first,rr_2.25,1,1,0.0,6800.0,-4000.0,0.0,4000.0,600,False,20,1,20,1.0,2025-01-13T00:00:00,1,20,20,20,1.0,2025-01-07T00:00:00,1,20,20,20,1.0,2025-01-02T00:00:00,1,20,20,1,545.9171,20,20,0,20,1,0,1,0,1,1,13,20.0,1.0,1.0,1.0,22150.46153846154,3615.923076923077,0,0,0,0
primary__isolation__2025__mae_first__rr_2.39,primary,isolation,2025,mae_first,rr_2.39,1,1,0.0,6800.0,-4000.0,0.0,4000.0,580,False,20,1,20,1.0,2025-01-13T00:00:00,1,20,20,20,1.0,2025-01-07T00:00:00,1,20,20,20,1.0,2025-01-02T00:00:00,1,20,20,1,545.9171,20,20,0,20,1,0,1,0,1,1,13,20.0,1.0,1.0,1.0,22643.53846153846,6512.923076923077,0,0,0,0
primary__isolation__2025__mae_first__rr_2.50,primary,isolation,2025,mae_first,rr_2.50,1,1,0.0,6800.0,-4000.0,0.0,4000.0,560,True,20,1,20,1.0,2025-01-13T00:00:00,1,20,20,20,1.0,2025-01-07T00:00:00,1,20,20,20,1.0,2025-01-02T00:00:00,1,20,20,1,545.9171,20,20,0,20,1,0,1,0,1,1,13,20.0,1.0,1.0,1.0,22695.46153846154,2892.846153846154,0,0,0,0
primary__isolation__2025__mae_first__rr_2.55,primary,isolation,2025,mae_first,rr_2.55,1,1,0.0,6800.0,-4000.0,0.0,4000.0,560,False,20,1,20,1.0,2025-01-13T00:00:00,1,20,20,20,1.0,2025-01-07T00:00:00,1,20,20,20,1.0,2025-01-02T00:00:00,1,20,20,1,545.9171,20,20,0,20,1,0,1,0,1,1,13,20.0,1.0,1.0,1.0,22695.46153846154,2892.846153846154,0,0,0,0
primary__isolation__2025__mae_first__rr_2.71,primary,isolation,2025,mae_first,rr_2.71,1,1,0.0,6800.0,-4000.0,0.0,4000.0,3960,False,20,1,20,1.0,2025-03-11T00:00:00,1,20,20,20,1.0,2025-03-05T00:00:00,1,20,20,20,1.0,2025-02-12T00:00:00,1,20,20,1,489.8431,20,20,0,20,1,0,1,0,1,1,70,20.0,1.0,1.0,1.0,34519.5,29763.428571428572,0,0,0,0
primary__isolation__2025__mae_first__rr_2.75,primary,isolation,2025,mae_first,rr_2.75,1,1,0.0,6800.0,-4000.0,0.0,4000.0,3740,False,20,1,20,1.0,2025-03-06T00:00:00,1,20,20,20,1.0,2025-02-28T00:00:00,1,20,20,20,1.0,2025-02-07T00:00:00,1,20,20,1,493.9171,20,20,0,20,1,0,1,0,1,1,65,20.0,1.0,1.0,1.0,32118.061538461538,25931.415384615386,0,0,0,0
primary__isolation__2025__mae_first__rr_2.83,primary,isolation,2025,mae_first,rr_2.83,1,1,0.0,6800.0,-4000.0,0.0,4000.0,3820,False,20,1,20,1.0,2025-03-07T00:00:00,1,20,20,20,1.0,2025-03-03T00:00:00,1,20,20,20,1.0,2025-02-10T00:00:00,1,20,20,1,493.0005,20,20,0,20,1,0,1,0,1,1,66,20.0,1.0,1.0,1.0,33745.51515151515,28387.89393939394,0,0,0,0
primary__isolation__2025__mae_first__rr_2.87,primary,isolation,2025,mae_first,rr_2.87,1,1,0.0,6800.0,-4000.0,0.0,4000.0,3820,False,20,1,20,1.0,2025-03-07T00:00:00,1,20,20,20,1.0,2025-03-03T00:00:00,1,20,20,20,1.0,2025-02-10T00:00:00,1,20,20,1,493.0005,20,20,0,20,1,0,1,0,1,1,66,20.0,1.0,1.0,1.0,33745.51515151515,28387.89393939394,0,0,0,0
primary__isolation__2025__mae_first__rr_3.03,primary,isolation,2025,mae_first,rr_3.03,1,1,0.0,6800.0,-4000.0,0.0,4000.0,3840,False,20,1,20,1.0,2025-03-11T00:00:00,1,20,20,20,1.0,2025-03-05T00:00:00,1,20,20,20,1.0,2025-02-12T00:00:00,1,20,20,1,489.8431,20,20,0,20,1,0,1,0,1,1,70,20.0,1.0,1.0,1.0,35026.18571428571,30727.2,0,0,0,0
primary__isolation__2025__mae_first__rr_3.17,primary,isolation,2025,mae_first,rr_3.17,1,1,0.0,6800.0,-4000.0,0.0,4000.0,520,False,20,1,20,1.0,2025-01-13T00:00:00,1,20,20,20,1.0,2025-01-07T00:00:00,1,20,20,20,1.0,2025-01-02T00:00:00,1,20,20,1,545.9171,20,20,0,20,1,0,1,0,1,1,13,20.0,1.0,1.0,1.0,21670.76923076923,3172.0,0,0,0,0
primary__isolation__2025__mae_first__rr_3.18,primary,isolation,2025,mae_first,rr_3.18,1,1,0.0,6800.0,-4000.0,0.0,4000.0,520,False,20,1,20,1.0,2025-01-13T00:00:00,1,20,20,20,1.0,2025-01-07T00:00:00,1,20,20,20,1.0,2025-01-02T00:00:00,1,20,20,1,545.9171,20,20,0,20,1,0,1,0,1,1,13,20.0,1.0,1.0,1.0,21670.76923076923,3172.0,0,0,0,0
primary__isolation__2025__mae_first__rr_3.25,primary,isolation,2025,mae_first,rr_3.25,1,1,0.0,6800.0,-4000.0,0.0,4000.0,520,False,20,1,20,1.0,2025-01-13T00:00:00,1,20,20,20,1.0,2025-01-07T00:00:00,1,20,20,20,1.0,2025-01-02T00:00:00,1,20,20,1,545.9171,20,20,0,20,1,0,1,0,1,1,13,20.0,1.0,1.0,1.0,21670.76923076923,3172.0,0,0,0,0
primary__isolation__2025__mae_first__rr_3.34,primary,isolation,2025,mae_first,rr_3.34,1,1,0.0,6800.0,-4000.0,0.0,4000.0,520,False,20,1,20,1.0,2025-01-13T00:00:00,1,20,20,20,1.0,2025-01-07T00:00:00,1,20,20,20,1.0,2025-01-02T00:00:00,1,20,20,1,545.9171,20,20,0,20,1,0,1,0,1,1,13,20.0,1.0,1.0,1.0,21670.76923076923,3172.0,0,0,0,0
primary__isolation__2025__mae_first__rr_3.50,primary,isolation,2025,mae_first,rr_3.50,1,1,0.0,6800.0,-4000.0,0.0,4000.0,480,True,20,1,20,1.0,2025-01-13T00:00:00,1,20,20,20,1.0,2025-01-07T00:00:00,1,20,20,20,1.0,2025-01-02T00:00:00,1,20,20,1,546.2285,20,20,0,20,1,0,1,0,1,1,13,20.0,1.0,1.0,1.0,19824.615384615383,4576.846153846154,0,0,0,0
primary__isolation__2025__mae_first__wide4,primary,isolation,2025,mae_first,wide4,4,4,3.0,6800.0,-4000.0,0.0,4000.0,3385,True,5,4,10,1.0,2025-04-04T00:00:00,3,10,10,10,1.0,2025-03-31T00:00:00,3,10,10,10,1.0,2025-03-10T00:00:00,3,10,10,1,465.0514,20,20,0,5,1,0,2,1,4,4,94,10.053191489361701,2.0106382978723403,0.6462765957446809,1.823404255319149,17024.15425531915,14237.090425531915,0,0,0,0
primary__isolation__2025__mae_first__center4,primary,isolation,2025,mae_first,center4,4,4,1.5,6800.0,-4000.0,0.0,4000.0,2955,False,5,4,10,1.0,2025-04-04T00:00:00,3,10,10,10,1.0,2025-03-31T00:00:00,3,10,10,10,1.0,2025-03-10T00:00:00,3,10,10,1,465.0514,20,20,0,5,1,0,2,1,4,4,94,9.840425531914894,1.9680851063829787,0.6675531914893617,1.770921989361702,16362.36170212766,13311.196808510638,0,0,0,0
primary__isolation__2025__mae_first__edge4,primary,isolation,2025,mae_first,edge4,4,4,3.0,6800.0,-4000.0,0.0,4000.0,3140,False,5,4,10,1.0,2025-03-11T00:00:00,3,10,10,10,1.0,2025-03-05T00:00:00,3,10,10,10,1.0,2025-02-12T00:00:00,3,10,10,1,489.8431,20,20,0,5,1,0,2,1,4,4,70,11.785714285714286,2.357142857142857,0.5535714285714286,2.0333333714285713,17873.15357142857,13910.653571428571,0,0,0,0
primary__isolation__2025__mae_first__without050,primary,isolation,2025,mae_first,without050,4,4,2.75,6800.0,-4000.0,0.0,4000.0,3295,False,5,4,10,1.0,2025-04-04T00:00:00,3,10,10,10,1.0,2025-03-31T00:00:00,3,10,10,10,1.0,2025-03-10T00:00:00,3,10,10,1,465.0514,20,20,0,5,1,0,2,1,4,4,94,10.106382978723405,2.021276595744681,0.6436170212765957,1.8468085212765957,16644.02393617021,13772.505319148937,0,0,0,0
primary__isolation__2025__mae_first__extremes2,primary,isolation,2025,mae_first,extremes2,2,2,3.0,6800.0,-4000.0,0.0,4000.0,3220,False,10,2,10,1.0,2025-03-10T00:00:00,2,10,10,10,1.0,2025-03-04T00:00:00,2,10,10,10,1.0,2025-02-11T00:00:00,2,10,10,1,490.1028,20,20,0,10,1,0,1,0,2,2,69,11.884057971014492,1.1884057971014492,0.9420289855072463,1.1159420289855073,18563.08695652174,14811.340579710144,0,0,0,0
primary__isolation__2025__mae_first__grid5,primary,isolation,2025,mae_first,grid5,5,5,3.0,6800.0,-4000.0,0.0,4000.0,3528,False,4,5,8,1.0,2025-04-04T00:00:00,1,8,8,8,1.0,2025-03-31T00:00:00,1,8,8,8,1.0,2025-03-10T00:00:00,1,8,8,1,465.0514,20,20,0,4,1,0,2,1,5,5,94,10.808510638297872,2.702127659574468,0.5524822695035461,2.428535659574468,17958.05106382979,14912.148936170213,0,0,0,0
primary__isolation__2025__mae_first__grid10,primary,isolation,2025,mae_first,grid10,10,10,3.0,6800.0,-4000.0,0.0,4000.0,3002,False,6,8,10,1.0,2025-04-04T00:00:00,2,10,10,10,1.0,2025-03-31T00:00:00,2,10,10,10,1.0,2025-03-10T00:00:00,2,10,10,1,465.0514,20,20,0,2,3,1,5,2,10,10,94,9.23404255319149,4.617021276595745,0.4774822695035461,3.720502914893617,15568.75744680851,12689.815957446808,0,0,0,0
primary__isolation__2025__mae_first__grid20,primary,isolation,2025,mae_first,grid20,20,20,3.0,6800.0,4000.0,8000.0,4000.0,4851,False,8,3,10,0.625,2025-03-11T00:00:00,2,10,10,10,0.7,2025-03-05T00:00:00,2,10,10,10,0.875,2025-03-11T00:00:00,2,10,10,0,0.0,19,20,1,1,8,3,10,2,19,19,559,2.441860465116279,2.441860465116279,0.8725551580202743,1.9691896135957068,8060.548211091234,7676.603488372092,1,0,0,1
primary__isolation__2025__mae_first__ladder4,primary,isolation,2025,mae_first,ladder4,4,1,0.0,6800.0,-4000.0,0.0,4000.0,7380,False,20,1,20,1.0,2025-04-04T00:00:00,1,20,20,20,1.0,2025-03-31T00:00:00,1,20,20,20,1.0,2025-03-10T00:00:00,1,20,20,1,464.941,20,20,0,5,4,1,4,1,4,4,94,20.0,4.0,1.0,1.0,39351.085106382976,37149.755319148935,0,0,0,0
primary__isolation__2025__mae_first__ladder20,primary,isolation,2025,mae_first,ladder20,20,1,0.0,6800.0,-4000.0,0.0,4000.0,7380,False,20,1,20,1.0,2025-04-04T00:00:00,1,20,20,20,1.0,2025-03-31T00:00:00,1,20,20,20,1.0,2025-03-10T00:00:00,1,20,20,1,464.941,20,20,0,1,20,1,20,1,20,20,94,20.0,20.0,1.0,1.0,39351.085106382976,37149.755319148935,0,0,0,0
primary__isolation__2025__mae_first__uniform_low,primary,isolation,2025,mae_first,uniform_low,1,1,0.0,5300.0,-4000.0,0.0,4000.0,7380,False,20,1,20,1.0,2025-04-04T00:00:00,1,20,20,20,1.0,2025-03-31T00:00:00,1,20,20,20,1.0,2025-03-10T00:00:00,1,20,20,1,464.941,20,20,0,20,1,0,1,0,1,1,94,20.0,1.0,1.0,1.0,39351.085106382976,37149.755319148935,0,0,0,0
primary__isolation__2025__mae_first__uniform_high,primary,isolation,2025,mae_first,uniform_high,1,1,0.0,8300.0,-4000.0,0.0,4000.0,7380,False,20,1,20,1.0,2025-04-04T00:00:00,1,20,20,20,1.0,2025-03-31T00:00:00,1,20,20,20,1.0,2025-03-10T00:00:00,1,20,20,1,464.941,20,20,0,20,1,0,1,0,1,1,94,20.0,1.0,1.0,1.0,39351.085106382976,37149.755319148935,0,0,0,0
primary__isolation__2025__mae_first__grid20_reverse,primary,isolation,2025,mae_first,grid20_reverse,20,20,3.0,6800.0,4000.0,8000.0,4000.0,4851,False,8,3,10,0.625,2025-03-11T00:00:00,2,10,10,10,0.7,2025-03-05T00:00:00,2,10,10,10,0.875,2025-03-11T00:00:00,2,10,10,0,0.0,19,20,1,1,8,3,10,2,19,19,559,2.441860465116279,2.441860465116279,0.8725551580202743,1.9691896135957068,8060.548211091234,7676.603488372092,1,0,0,1
primary__isolation__2025__mae_first__ladder20_reverse,primary,isolation,2025,mae_first,ladder20_reverse,20,1,0.0,6800.0,-4000.0,0.0,4000.0,7380,False,20,1,20,1.0,2025-04-04T00:00:00,1,20,20,20,1.0,2025-03-31T00:00:00,1,20,20,20,1.0,2025-03-10T00:00:00,1,20,20,1,464.941,20,20,0,1,20,1,20,1,20,20,94,20.0,20.0,1.0,1.0,39351.085106382976,37149.755319148935,0,0,0,0
primary__operating__2025__mae_first__rr_0.50,primary,operating,2025,mae_first,rr_0.50,1,1,0.0,6800.0,949.0,4500.0,3551.0,10026,True,3,1,3,0.375,2026-02-17T00:00:00,0,3,3,3,0.375,2026-02-11T00:00:00,0,3,3,3,0.375,2026-02-02T00:00:00,0,4,4,0,0.0,9,16,7,3,1,0,1,0,7,0,439,5.109339407744875,1.0,0.3435215316194815,4.7628329931662865,14580.514123006835,14133.112528473805,5,0,1,5
primary__operating__2025__mae_first__rr_0.66,primary,operating,2025,mae_first,rr_0.66,1,1,0.0,6800.0,-5131.0,0.0,5131.0,8716,False,2,5,2,1.0,2026-03-27T00:00:00,0,2,2,4,1.0,2025-06-16T00:00:00,1,4,4,6,1.0,2025-05-21T00:00:00,1,7,7,1,5.1544,20,26,6,2,1,0,1,0,15,1,434,4.658986175115207,1.0,0.5161180601272767,3.610430642857143,10274.39147465438,9466.890437788019,6,6,7,0
primary__operating__2025__mae_first__rr_0.75,primary,operating,2025,mae_first,rr_0.75,1,1,0.0,6800.0,-5039.0,0.0,5039.0,7147,True,2,5,2,1.0,2026-03-26T00:00:00,0,2,2,3,1.0,2025-06-16T00:00:00,1,3,3,6,1.0,2025-05-22T00:00:00,1,7,7,1,6.3058,20,25,5,2,1,0,1,0,15,1,433,3.907621247113164,1.0,0.5532002639392939,2.9904585519630484,8467.837182448036,7771.629676674364,5,5,7,0
primary__operating__2025__mae_first__rr_0.82,primary,operating,2025,mae_first,rr_0.82,1,1,0.0,6800.0,-4881.0,0.0,4881.0,7803,False,3,5,3,1.0,2026-03-27T00:00:00,0,3,3,4,1.0,2025-08-27T00:00:00,0,4,4,6,1.0,2025-05-23T00:00:00,1,7,7,1,4.1544,18,24,6,3,1,0,1,0,11,1,435,4.317241379310345,1.0,0.5970935960591133,2.531839816091954,10352.719770114942,9382.262183908046,6,6,7,0
primary__operating__2025__mae_first__rr_0.83,primary,operating,2025,mae_first,rr_0.83,1,1,0.0,6800.0,-2966.0,1500.0,4466.0,8738,False,3,4,3,0.75,2025-09-02T00:00:00,0,3,3,3,1.0,2025-08-27T00:00:00,0,3,3,3,1.0,2025-05-26T00:00:00,1,5,5,0,0.0,14,22,8,3,1,0,1,0,9,0,439,4.7972665148063784,1.0,0.5646219763531837,2.9241083075170846,12268.491230068337,11370.929271070616,6,3,4,3
primary__operating__2025__mae_first__rr_0.97,primary,operating,2025,mae_first,rr_0.97,1,1,0.0,6800.0,-5171.0,0.0,5171.0,7488,False,3,6,3,1.0,2026-03-23T00:00:00,1,3,3,4,1.0,2026-03-17T00:00:00,2,4,4,6,1.0,2026-02-24T00:00:00,2,8,8,1,9.6433,20,25,5,3,1,0,1,0,13,1,430,4.348837209302325,1.0,0.5188870431893687,3.0383239372093027,9513.550930232557,8577.942558139535,6,6,8,0
primary__operating__2025__mae_first__rr_1.00,primary,operating,2025,mae_first,rr_1.00,1,1,0.0,6800.0,-5171.0,0.0,5171.0,7375,True,2,5,3,1.0,2026-03-20T00:00:00,1,3,3,4,1.0,2026-03-16T00:00:00,1,4,4,6,1.0,2026-02-23T00:00:00,1,8,8,1,12.1627,20,25,5,2,1,0,1,0,15,1,427,4.3489461358313815,1.0,0.5161759785881566,3.0323142810304446,9583.227517564403,8659.669320843092,6,6,8,0
primary__operating__2025__mae_first__rr_1.13,primary,operating,2025,mae_first,rr_1.13,1,1,0.0,6800.0,652.0,5500.0,4848.0,7927,False,2,3,3,0.5,2026-03-27T00:00:00,0,3,3,3,0.666667,2026-03-23T00:00:00,1,3,3,6,0.857143,2026-03-10T00:00:00,1,7,7,0,0.0,17,24,7,2,1,0,1,0,14,0,439,4.667425968109339,1.0,0.380334092634776,4.017411744874715,14311.675056947608,13659.833371298404,6,5,7,1
primary__operating__2025__mae_first__rr_1.17,primary,operating,2025,mae_first,rr_1.17,1,1,0.0,6800.0,185.0,4500.0,4315.0,7928,False,2,4,2,0.4,2026-03-23T00:00:00,0,2,2,3,0.6,2026-03-18T00:00:00,1,3,3,5,0.714286,2026-03-10T00:00:00,1,6,6,0,0.0,14,20,6,2,1,0,1,0,10,0,439,4.722095671981776,1.0,0.3779422930903569,4.007784917995444,15281.617312072893,14669.03451025057,6,4,6,2
primary__operating__2025__mae_first__rr_1.25,primary,operating,2025,mae_first,rr_1.25,1,1,0.0,6800.0,-4098.0,500.0,4598.0,7690,True,2,4,2,0.5,2026-03-26T00:00:00,0,2,2,3,0.75,2026-03-20T00:00:00,1,3,3,6,0.857143,2026-03-10T00:00:00,1,7,7,0,0.0,16,22,6,2,1,0,1,0,12,0,439,4.646924829157175,1.0,0.38560039049788475,3.973853182232346,13785.705125284738,13149.939407744876,6,5,7,1
primary__operating__2025__mae_first__rr_1.29,primary,operating,2025,mae_first,rr_1.29,1,1,0.0,6800.0,-1315.0,3000.0,4315.0,7701,False,2,3,2,0.333333,2026-03-24T00:00:00,0,2,2,3,0.6,2026-03-18T00:00:00,1,3,3,5,0.714286,2026-03-10T00:00:00,1,6,6,0,0.0,14,20,6,2,1,0,1,0,11,0,439,4.708428246013668,1.0,0.3594478793795422,4.109991530751708,15678.669134396356,15180.68769931663,6,4,6,2
primary__operating__2025__mae_first__rr_1.45,primary,operating,2025,mae_first,rr_1.45,1,1,0.0,6800.0,-3197.0,1500.0,4697.0,6555,False,3,5,3,0.666667,2026-04-07T00:00:00,1,3,3,4,0.666667,2026-03-16T00:00:00,1,4,4,5,0.833333,2026-02-27T00:00:00,1,7,7,0,0.0,18,22,4,3,1,0,1,0,12,0,439,4.132118451025057,1.0,0.36394402863651154,3.874335576309795,11885.643963553532,11466.231435079726,6,5,7,1
primary__operating__2025__mae_first__rr_1.50,primary,operating,2025,mae_first,rr_1.50,1,1,0.0,6800.0,-1249.0,3000.0,4249.0,6865,True,2,2,2,0.5,2026-04-07T00:00:00,0,2,2,3,0.6,2026-03-18T00:00:00,1,3,3,4,0.666667,2026-02-27T00:00:00,1,6,6,0,0.0,15,20,5,2,1,0,1,0,13,0,439,4.350797266514807,1.0,0.31799002060961057,4.2304660660592255,14101.526537585421,13839.057517084282,6,4,5,2
primary__operating__2025__mae_first__rr_1.61,primary,operating,2025,mae_first,rr_1.61,1,1,0.0,6800.0,-2197.0,2000.0,4197.0,5857,False,2,2,2,0.666667,2026-04-07T00:00:00,0,2,2,2,0.666667,2026-03-20T00:00:00,0,2,2,4,0.8,2026-02-27T00:00:00,1,6,6,0,0.0,15,18,3,2,1,0,1,0,13,0,439,3.7517084282460136,1.0,0.37820262501355895,3.6321510159453303,11576.389179954442,11387.17471526196,5,4,5,1
primary__operating__2025__mae_first__rr_1.75,primary,operating,2025,mae_first,rr_1.75,1,1,0.0,6800.0,-664.0,3500.0,4164.0,6108,False,2,2,2,0.5,2026-04-07T00:00:00,0,2,2,2,0.5,2026-03-18T00:00:00,0,2,2,3,0.6,2026-02-25T00:00:00,2,5,5,0,0.0,15,18,3,2,1,0,1,0,13,0,439,3.958997722095672,1.0,0.33249267816465994,3.8665798997722094,12896.735990888383,12766.054897494305,5,3,4,2
primary__operating__2025__mae_first__rr_1.76,primary,operating,2025,mae_first,rr_1.76,1,1,0.0,6800.0,-532.0,3500.0,4032.0,6623,False,2,1,2,0.5,2026-04-07T00:00:00,0,2,2,2,0.5,2026-03-20T00:00:00,0,2,2,3,0.6,2026-02-27T00:00:00,1,4,4,0,0.0,13,18,5,2,1,0,1,0,12,0,439,4.314350797266515,1.0,0.3189011823408179,4.206742025056948,14333.168564920274,14229.49464692483,5,3,3,2
primary__operating__2025__mae_first__rr_1.83,primary,operating,2025,mae_first,rr_1.83,1,1,0.0,6800.0,1593.0,5500.0,3907.0,6616,False,2,2,2,0.4,2026-04-07T00:00:00,0,2,2,3,0.428571,2026-06-23T00:00:00,0,3,3,3,0.428571,2026-05-29T00:00:00,0,5,5,0,0.0,13,17,4,2,1,0,1,0,11,0,439,4.341685649202733,1.0,0.32296344505911706,4.104494325740319,15775.561617312072,15713.637585421411,5,2,2,3
primary__operating__2025__mae_first__rr_1.92,primary,operating,2025,mae_first,rr_1.92,1,1,0.0,6800.0,2659.0,6500.0,3841.0,6675,False,2,2,2,0.4,2026-04-07T00:00:00,0,2,2,2,0.4,2026-03-20T00:00:00,0,2,2,2,0.4,2026-02-27T00:00:00,0,4,4,0,0.0,11,17,6,2,1,0,1,0,9,0,439,4.437357630979498,1.0,0.29933289944679464,4.3911487243735765,16536.918906605923,16494.926765375854,5,2,2,3
primary__operating__2025__mae_first__rr_2.00,primary,operating,2025,mae_first,rr_2.00,1,1,0.0,6800.0,2659.0,6500.0,3841.0,6552,True,2,1,2,0.4,2026-04-07T00:00:00,0,2,2,2,0.4,2026-03-20T00:00:00,0,2,2,2,0.4,2026-02-27T00:00:00,0,4,4,0,0.0,11,17,6,2,1,0,1,0,10,0,439,4.4419134396355355,1.0,0.33558954333441804,4.137686640091116,16182.307517084282,16138.274601366742,5,2,2,3
primary__operating__2025__mae_first__rr_2.08,primary,operating,2025,mae_first,rr_2.08,1,1,0.0,6800.0,3284.0,7000.0,3716.0,6489,False,2,1,2,0.4,2026-04-07T00:00:00,0,2,2,2,0.4,2026-03-23T00:00:00,0,2,2,2,0.4,2026-03-02T00:00:00,0,4,4,0,0.0,10,16,6,2,1,0,1,0,9,0,439,4.414578587699316,1.0,0.32579997830567303,4.123386476082005,16968.395102505696,16947.152733485193,5,2,2,3
primary__operating__2025__mae_first__rr_2.17,primary,operating,2025,mae_first,rr_2.17,1,1,0.0,6800.0,3784.0,7500.0,3716.0,6446,False,2,1,2,0.4,2026-04-07T00:00:00,0,2,2,2,0.4,2026-03-24T00:00:00,0,2,2,2,0.4,2026-03-03T00:00:00,0,4,4,0,0.0,10,16,6,2,1,0,1,0,9,0,439,4.421412300683372,1.0,0.3252305022236685,4.130220189066059,16688.838382687925,16661.815717539863,5,2,2,3
primary__operating__2025__mae_first__rr_2.24,primary,operating,2025,mae_first,rr_2.24,1,1,0.0,6800.0,4824.0,8000.0,3176.0,6679,False,1,0,1,0.25,2026-03-26T00:00:00,0,1,1,2,0.4,2026-03-20T00:00:00,0,2,2,2,0.4,2026-02-27T00:00:00,0,2,2,0,0.0,6,13,7,1,1,0,1,0,6,0,439,4.612756264236902,1.0,0.32647792602234516,4.073040810933941,17891.212186788154,17840.914806378132,5,2,2,3
primary__operating__2025__mae_first__rr_2.25,primary,operating,2025,mae_first,rr_2.25,1,1,0.0,6800.0,5324.0,8500.0,3176.0,6668,False,1,0,1,0.25,2026-03-26T00:00:00,0,1,1,2,0.4,2026-03-20T00:00:00,0,2,2,2,0.4,2026-02-27T00:00:00,0,2,2,0,0.0,6,13,7,1,1,0,1,0,6,0,439,4.612756264236902,1.0,0.32647792602234516,4.073040810933941,17979.764464692482,17932.38029612756,5,2,2,3
primary__operating__2025__mae_first__rr_2.39,primary,operating,2025,mae_first,rr_2.39,1,1,0.0,6800.0,4574.0,8000.0,3426.0,6684,False,1,0,2,0.285714,2026-02-13T00:00:00,0,2,2,2,0.4,2026-03-18T00:00:00,0,2,2,3,0.5,2026-02-27T00:00:00,1,3,3,0,0.0,7,15,8,1,1,0,1,0,7,0,439,4.69248291571754,1.0,0.32398307842499185,4.304572451025057,17174.9423690205,17094.53895216401,6,3,3,3
primary__operating__2025__mae_first__rr_2.50,primary,operating,2025,mae_first,rr_2.50,1,1,0.0,6800.0,6258.0,10000.0,3742.0,6663,True,1,0,2,0.285714,2026-02-13T00:00:00,0,2,2,2,0.4,2026-03-23T00:00:00,0,2,2,3,0.5,2026-03-02T00:00:00,1,3,3,0,0.0,10,17,7,1,1,0,1,0,10,0,439,4.719817767653758,1.0,0.31992081570669273,4.355920699316629,18803.238838268793,18755.544874715262,6,3,3,3
primary__operating__2025__mae_first__rr_2.55,primary,operating,2025,mae_first,rr_2.55,1,1,0.0,6800.0,7258.0,11000.0,3742.0,6635,False,1,0,2,0.285714,2026-02-13T00:00:00,0,2,2,2,0.4,2026-03-24T00:00:00,0,2,2,3,0.5,2026-03-03T00:00:00,1,3,3,0,0.0,10,17,7,1,1,0,1,0,10,0,439,4.7266514806378135,1.0,0.31935133962468815,4.362754412300683,19777.128815489752,19736.902961275628,6,3,3,3
primary__operating__2025__mae_first__rr_2.71,primary,operating,2025,mae_first,rr_2.71,1,1,0.0,6800.0,7574.0,11000.0,3426.0,6760,False,1,0,2,0.285714,2026-02-13T00:00:00,0,2,2,2,0.4,2026-03-23T00:00:00,0,2,2,3,0.5,2026-03-02T00:00:00,1,3,3,0,0.0,7,15,8,1,1,0,1,0,7,0,439,4.924829157175399,1.0,0.31594533029612754,4.506192328018224,20216.198291571756,20193.912186788155,6,3,3,3
primary__operating__2025__mae_first__rr_2.75,primary,operating,2025,mae_first,rr_2.75,1,1,0.0,6800.0,7074.0,10500.0,3426.0,6765,False,1,0,2,0.285714,2026-02-13T00:00:00,0,2,2,2,0.4,2026-03-23T00:00:00,0,2,2,3,0.5,2026-03-02T00:00:00,1,3,3,0,0.0,7,15,8,1,1,0,1,0,7,0,439,4.924829157175399,1.0,0.31640091116173125,4.502938179954442,20322.081776765375,20305.040432801823,6,3,3,3
primary__operating__2025__mae_first__rr_2.83,primary,operating,2025,mae_first,rr_2.83,1,1,0.0,6800.0,9824.0,13500.0,3676.0,6830,False,1,0,1,0.2,2026-03-27T00:00:00,0,1,1,2,0.285714,2026-02-10T00:00:00,0,2,2,2,0.333333,2026-03-02T00:00:00,0,3,3,0,0.0,9,17,8,1,1,0,1,0,9,0,439,5.015945330296128,1.0,0.31157030769787036,4.589857298405467,21856.41138952164,21860.38917995444,6,2,2,4
primary__operating__2025__mae_first__rr_2.87,primary,operating,2025,mae_first,rr_2.87,1,1,0.0,6800.0,8475.0,12500.0,4025.0,6467,False,3,1,3,0.428571,2026-04-07T00:00:00,0,3,3,3,0.428571,2026-04-02T00:00:00,0,3,3,3,0.428571,2026-04-02T00:00:00,0,4,4,0,0.0,12,19,7,3,1,0,1,0,10,0,439,4.742596810933941,1.0,0.28964638247098384,4.670781630979499,20441.133485193623,20418.290318906606,6,2,2,4
primary__operating__2025__mae_first__rr_3.03,primary,operating,2025,mae_first,rr_3.03,1,1,0.0,6800.0,14633.0,18500.0,3867.0,6721,False,2,1,2,0.285714,2026-04-07T00:00:00,0,2,2,2,0.285714,2026-02-11T00:00:00,0,2,2,2,0.285714,2026-02-02T00:00:00,0,3,3,0,0.0,10,18,8,2,1,0,1,0,9,0,439,5.0136674259681095,1.0,0.2880012293451929,4.970929596810934,23754.05387243736,23795.086674259685,6,1,1,5
primary__operating__2025__mae_first__rr_3.17,primary,operating,2025,mae_first,rr_3.17,1,1,0.0,6800.0,17166.0,21000.0,3834.0,6469,False,2,1,2,0.285714,2026-04-07T00:00:00,0,2,2,2,0.285714,2026-02-13T00:00:00,0,2,2,2,0.285714,2026-02-02T00:00:00,0,3,3,0,0.0,11,18,7,2,1,0,1,0,10,0,439,4.8701594533029615,1.0,0.28801388436923747,4.831977432801822,23862.716287015945,23882.316856492027,6,1,1,5
primary__operating__2025__mae_first__rr_3.18,primary,operating,2025,mae_first,rr_3.18,1,1,0.0,6800.0,17166.0,21000.0,3834.0,6463,False,2,1,2,0.285714,2026-04-07T00:00:00,0,2,2,2,0.285714,2026-02-13T00:00:00,0,2,2,2,0.285714,2026-02-02T00:00:00,0,3,3,0,0.0,11,18,7,2,1,0,1,0,10,0,439,4.8701594533029615,1.0,0.28846946523484107,4.828723284738041,23964.15922551253,23982.98223234624,6,1,1,5
primary__operating__2025__mae_first__rr_3.25,primary,operating,2025,mae_first,rr_3.25,1,1,0.0,6800.0,17166.0,21000.0,3834.0,6414,False,2,1,2,0.285714,2026-04-07T00:00:00,0,2,2,2,0.285714,2026-02-11T00:00:00,0,2,2,2,0.285714,2026-02-02T00:00:00,0,3,3,0,0.0,11,18,7,2,1,0,1,0,10,0,439,4.867881548974943,1.0,0.28808981451350474,4.829699528473804,24417.154214123006,24427.77722095672,6,1,1,5
primary__operating__2025__mae_first__rr_3.34,primary,operating,2025,mae_first,rr_3.34,1,1,0.0,6800.0,14324.0,18000.0,3676.0,6342,False,2,2,2,0.285714,2026-02-13T00:00:00,0,2,2,2,0.285714,2026-02-09T00:00:00,0,2,2,2,0.285714,2026-02-02T00:00:00,0,3,3,0,0.0,10,17,7,2,1,0,1,0,8,0,439,4.85876993166287,1.0,0.28907690638897926,4.821564154897494,23180.93132118451,23203.08826879271,6,1,1,5
primary__operating__2025__mae_first__rr_3.50,primary,operating,2025,mae_first,rr_3.50,1,1,0.0,6800.0,12850.0,16500.0,3650.0,5761,True,2,1,3,0.428571,2026-04-07T00:00:00,0,3,3,3,0.428571,2026-04-02T00:00:00,0,3,3,3,0.428571,2026-04-02T00:00:00,0,4,4,0,0.0,10,16,6,2,1,0,1,0,9,0,439,4.5125284738041005,1.0,0.29981017463933185,4.460516318906606,21559.254897494306,21579.12790432802,5,1,1,4
primary__operating__2025__mae_first__wide4,primary,operating,2025,mae_first,wide4,4,4,3.0,6800.0,4199.0,8000.0,3801.0,8049,True,1,0,2,0.285714,2026-02-13T00:00:00,0,2,2,2,0.285714,2026-02-09T00:00:00,0,2,2,2,0.285714,2026-02-02T00:00:00,0,3,3,0,0.0,11,18,7,1,1,0,2,1,11,0,439,4.954441913439635,3.510250569476082,0.27687384748888166,4.9438116902050115,18284.3861047836,18236.421640091114,6,1,2,5
primary__operating__2025__mae_first__center4,primary,operating,2025,mae_first,center4,4,4,1.5,6800.0,-275.0,3000.0,3275.0,6778,False,1,0,1,0.25,2026-03-27T00:00:00,0,1,1,2,0.285714,2026-06-23T00:00:00,0,2,2,2,0.4,2026-03-02T00:00:00,0,2,2,0,0.0,8,13,5,1,1,0,1,0,8,1,439,4.398633257403189,3.498861047835991,0.29347000759301445,4.392124961275626,15744.770842824602,15684.257403189065,5,2,2,3
primary__operating__2025__mae_first__edge4,primary,operating,2025,mae_first,edge4,4,4,3.0,6800.0,3475.0,7500.0,4025.0,8572,False,1,0,2,0.5,2025-06-20T00:00:00,0,2,2,2,0.5,2025-06-16T00:00:00,0,2,2,3,0.5,2025-06-02T00:00:00,0,4,4,0,0.0,12,19,7,1,1,0,2,1,12,2,439,5.145785876993166,3.492027334851936,0.3059415337889142,4.778952822323463,17238.329954441913,16898.45125284738,7,3,4,4
primary__operating__2025__mae_first__without050,primary,operating,2025,mae_first,without050,4,4,2.75,6800.0,1600.0,5500.0,3900.0,7364,False,1,0,2,0.5,2025-06-18T00:00:00,0,2,2,2,0.5,2025-06-12T00:00:00,0,2,2,3,1.0,2025-05-22T00:00:00,1,4,4,0,0.0,12,18,6,1,1,0,2,1,12,2,439,4.621867881548975,3.496583143507973,0.32572404816140577,4.271775687927107,15284.825740318907,15085.191343963554,6,3,4,3
primary__operating__2025__mae_first__extremes2,primary,operating,2025,mae_first,extremes2,2,2,3.0,6800.0,8199.0,11500.0,3301.0,8312,False,1,0,1,0.166667,2025-11-17T00:00:00,0,1,1,1,0.166667,2025-11-11T00:00:00,0,2,2,2,0.285714,2026-02-02T00:00:00,0,2,2,0,0.0,6,14,8,1,1,0,1,0,6,0,439,4.993166287015946,1.929384965831435,0.28347886610984563,4.947318954441913,19224.098861047838,19073.971981776765,5,0,0,5
primary__operating__2025__mae_first__grid5,primary,operating,2025,mae_first,grid5,5,5,3.0,6800.0,-1466.0,2500.0,3966.0,7843,False,1,0,2,0.5,2026-03-27T00:00:00,0,2,2,3,0.6,2026-03-23T00:00:00,1,3,3,5,0.714286,2026-03-10T00:00:00,1,5,5,0,0.0,12,18,6,1,1,0,2,1,12,3,439,4.817767653758542,4.095671981776765,0.2860939364356221,4.791658533029613,15421.838268792711,15201.836902050114,6,4,5,2
primary__operating__2025__mae_first__grid10,primary,operating,2025,mae_first,grid10,10,10,3.0,6800.0,-1657.0,2500.0,4157.0,7613,False,1,0,2,0.333333,2026-03-24T00:00:00,0,2,2,3,0.6,2026-03-18T00:00:00,1,3,3,4,0.666667,2026-02-27T00:00:00,1,4,4,0,0.0,13,19,6,1,1,0,2,1,13,13,439,4.432801822323462,4.432801822323462,0.3133691289727736,4.326485562642369,12689.226765375854,12174.198974943052,6,4,4,2
primary__operating__2025__mae_first__grid20,primary,operating,2025,mae_first,grid20,20,20,3.0,6800.0,-3039.0,2000.0,5039.0,8403,False,2,1,2,0.5,2025-06-20T00:00:00,0,2,2,4,0.666667,2026-03-23T00:00:00,1,4,4,6,0.857143,2026-03-10T00:00:00,1,7,7,0,0.0,19,25,6,1,2,1,2,1,19,19,439,4.637813211845103,4.637813211845103,0.33166558195032,4.40767845785877,12410.391799544419,11713.328246013667,6,5,7,1
primary__operating__2025__mae_first__ladder4,primary,operating,2025,mae_first,ladder4,4,1,0.0,6800.0,-4671.0,500.0,5171.0,7375,False,2,5,3,1.0,2026-03-20T00:00:00,1,3,3,4,1.0,2026-03-16T00:00:00,1,4,4,6,1.0,2026-02-23T00:00:00,1,8,8,1,12.1627,20,25,5,1,2,5,2,5,20,8,427,4.3489461358313815,3.3185011709601873,0.5023586483773838,3.1375333957845433,9546.92775175644,8623.36955503513,6,6,8,0
primary__operating__2025__mae_first__ladder20,primary,operating,2025,mae_first,ladder20,20,1,0.0,6800.0,-3671.0,1500.0,5171.0,7375,False,2,5,3,1.0,2026-03-20T00:00:00,1,3,3,4,1.0,2026-03-16T00:00:00,1,4,4,6,1.0,2026-02-23T00:00:00,1,8,8,1,12.1627,20,25,5,1,2,5,3,5,20,20,427,4.3489461358313815,4.3489461358313815,0.5161759785881566,3.0323142810304446,9474.328220140515,8550.770023419205,6,6,8,0
primary__operating__2025__mae_first__uniform_low,primary,operating,2025,mae_first,uniform_low,1,1,0.0,5300.0,-3171.0,2000.0,5171.0,7375,False,2,5,3,1.0,2026-03-20T00:00:00,1,3,3,4,1.0,2026-03-16T00:00:00,1,4,4,6,1.0,2026-02-23T00:00:00,1,8,8,1,12.1627,20,25,5,2,1,0,1,0,15,1,427,4.3489461358313815,1.0,0.5161759785881566,3.0323142810304446,9438.028454332552,8514.470257611241,6,6,8,0
primary__operating__2025__mae_first__uniform_high,primary,operating,2025,mae_first,uniform_high,1,1,0.0,8300.0,-5171.0,0.0,5171.0,7375,False,2,5,3,1.0,2026-03-20T00:00:00,1,3,3,4,1.0,2026-03-16T00:00:00,1,4,4,6,1.0,2026-02-23T00:00:00,1,8,8,1,12.1627,20,25,5,2,1,0,1,0,15,1,427,4.3489461358313815,1.0,0.5161759785881566,3.0323142810304446,9583.227517564403,8659.669320843092,6,6,8,0
primary__operating__2025__mae_first__grid20_reverse,primary,operating,2025,mae_first,grid20_reverse,20,20,3.0,6800.0,13133.0,17000.0,3867.0,6633,False,1,0,2,0.285714,2026-02-13T00:00:00,0,2,2,2,0.285714,2026-02-09T00:00:00,0,2,2,2,0.333333,2026-03-02T00:00:00,0,3,3,0,0.0,10,18,8,1,1,0,2,1,10,10,439,4.988610478359909,4.988610478359909,0.2924377192030951,4.881325072892938,22919.354555808655,22918.00888382688,6,2,2,4
primary__operating__2025__mae_first__ladder20_reverse,primary,operating,2025,mae_first,ladder20_reverse,20,1,0.0,6800.0,-5171.0,0.0,5171.0,7375,False,2,5,3,1.0,2026-03-20T00:00:00,1,3,3,4,1.0,2026-03-16T00:00:00,1,4,4,6,1.0,2026-02-23T00:00:00,1,8,8,1,12.1627,20,25,5,1,2,5,3,5,20,20,427,4.3489461358313815,4.3489461358313815,0.5161759785881566,3.0323142810304446,9583.227517564403,8659.669320843092,6,6,8,0
march__operating__2020__mae_first__rr_0.50,march,operating,2020,mae_first,rr_0.50,1,1,0.0,5700.0,199543.4,219120.4,19577.0,97436,True,18,13,18,1.0,2021-05-19T00:00:00,4,18,18,18,1.0,2021-05-13T00:00:00,5,18,18,18,1.0,2021-04-22T00:00:00,6,18,18,1,44.6002,59,79,20,18,1,0,1,0,21,1,2305,9.59002169197397,1.0,0.4681080433773462,3.5905599626898046,32647.391995661605,31429.42479392625,20,0,0,20
march__operating__2020__mae_first__rr_0.66,march,operating,2020,mae_first,rr_0.66,1,1,0.0,5700.0,113404.95,138695.95,25291.0,95936,False,9,23,17,1.0,2021-06-17T00:00:00,5,17,17,17,1.0,2021-06-11T00:00:00,7,17,17,17,1.0,2021-05-21T00:00:00,7,17,17,1,15.3958,98,116,18,9,1,0,1,0,33,1,2334,9.729220222793488,1.0,0.4446599614993011,3.6987841143958864,30408.690638389035,28873.12467866324,20,7,7,13
march__operating__2020__mae_first__rr_0.75,march,operating,2020,mae_first,rr_0.75,1,1,0.0,5700.0,159226.45,182218.45,22992.0,96779,True,16,15,17,1.0,2020-03-12T00:00:00,6,17,17,17,1.0,2020-03-06T00:00:00,7,17,17,17,1.0,2020-02-14T00:00:00,9,17,17,3,35.8056,87,105,18,16,1,0,1,0,32,3,2314,10.10847018150389,1.0,0.5428887844072806,3.1888927765773554,31994.035911840965,30756.788547968885,20,3,3,17
march__operating__2020__mae_first__rr_0.82,march,operating,2020,mae_first,rr_0.82,1,1,0.0,5700.0,133983.8,158929.8,24946.0,83392,False,10,17,10,1.0,2020-03-18T00:00:00,5,10,10,13,1.0,2020-03-12T00:00:00,6,13,13,13,1.0,2020-02-20T00:00:00,6,13,13,3,73.1428,85,104,19,10,1,0,1,0,36,3,2277,9.003074220465525,1.0,0.6576232987887051,2.913792400087835,29541.638471673254,28277.847738252083,19,2,2,17
march__operating__2020__mae_first__rr_0.83,march,operating,2020,mae_first,rr_0.83,1,1,0.0,5700.0,134397.8,158992.8,24595.0,85480,False,16,17,16,1.0,2020-03-18T00:00:00,5,16,16,18,1.0,2020-03-12T00:00:00,6,18,18,18,1.0,2020-02-20T00:00:00,7,18,18,2,66.4025,88,107,19,16,1,0,1,0,37,2,2283,9.236968900569426,1.0,0.6383239046682434,3.1702735348226017,29685.591173894,28362.465593517303,19,2,2,17
march__operating__2020__mae_first__rr_0.97,march,operating,2020,mae_first,rr_0.97,1,1,0.0,5700.0,83832.3,108644.3,24812.0,68172,False,9,22,14,1.0,2020-03-13T00:00:00,4,14,14,19,1.0,2020-03-09T00:00:00,7,19,19,19,1.0,2020-02-17T00:00:00,7,21,21,7,284.0331,100,109,9,9,1,0,1,0,46,7,2067,8.42864054184809,1.0,0.5927501037611486,3.126872103047895,23580.886526366718,21945.139211417514,18,16,16,2
march__operating__2020__mae_first__rr_1.00,march,operating,2020,mae_first,rr_1.00,1,1,0.0,5700.0,215439.75,239391.75,23952.0,95955,True,20,19,20,1.0,2020-03-12T00:00:00,6,20,20,20,1.0,2020-03-06T00:00:00,9,20,20,20,1.0,2020-02-14T00:00:00,10,20,20,2,13.4262,111,114,3,20,1,0,1,0,32,2,2336,10.49015410958904,1.0,0.6590609232423552,2.4498988583047945,35354.47476455479,33740.59920804795,20,20,20,0
march__operating__2020__mae_first__rr_1.13,march,operating,2020,mae_first,rr_1.13,1,1,0.0,5700.0,458776.03,476515.03,17739.0,125274,False,9,15,10,1.0,2020-03-02T00:00:00,7,10,10,13,1.0,2020-02-25T00:00:00,8,13,13,15,1.0,2020-02-07T00:00:00,8,16,16,2,9.1322,67,87,20,9,1,0,1,0,22,2,2341,14.032037590773173,1.0,0.5980892333329306,3.423960728748398,53857.05608714224,53241.985497650574,20,0,0,20
march__operating__2020__mae_first__rr_1.17,march,operating,2020,mae_first,rr_1.17,1,1,0.0,5700.0,410202.2,429101.2,18899.0,123964,False,20,16,20,1.0,2020-03-02T00:00:00,4,20,20,20,1.0,2020-02-25T00:00:00,5,20,20,20,1.0,2020-02-07T00:00:00,5,20,20,3,14.7109,88,91,3,20,1,0,1,0,29,3,2336,14.060359589041095,1.0,0.5508112684853476,3.819149280393836,53319.71671660959,52995.67686215754,20,20,20,0
march__operating__2020__mae_first__rr_1.25,march,operating,2020,mae_first,rr_1.25,1,1,0.0,5700.0,376767.2,395645.2,18878.0,125086,True,20,19,20,1.0,2020-03-02T00:00:00,1,20,20,20,1.0,2020-02-25T00:00:00,1,20,20,20,1.0,2020-02-07T00:00:00,4,20,20,3,13.2866,90,94,4,20,1,0,1,0,29,3,2337,14.35900727428327,1.0,0.49917085987577053,4.1957939747539585,55669.37004706889,55489.63423192127,20,20,20,0
march__operating__2020__mae_first__rr_1.29,march,operating,2020,mae_first,rr_1.29,1,1,0.0,5700.0,418112.43,433366.43,15254.0,128834,False,20,17,20,1.0,2020-03-02T00:00:00,1,20,20,20,1.0,2020-02-25T00:00:00,2,20,20,20,1.0,2020-02-07T00:00:00,2,20,20,3,13.422,75,79,4,20,1,0,1,0,29,3,2337,14.902011125374411,1.0,0.49759467103401533,4.649562865211809,59340.53393239196,59657.61228070176,20,20,20,0
march__operating__2020__mae_first__rr_1.45,march,operating,2020,mae_first,rr_1.45,1,1,0.0,5700.0,411053.29,427005.29,15952.0,123349,False,20,17,20,1.0,2020-03-02T00:00:00,3,20,20,20,1.0,2020-02-25T00:00:00,3,20,20,20,1.0,2020-02-07T00:00:00,6,21,21,4,34.4171,80,83,3,20,1,0,1,0,32,4,2316,14.806131260794473,1.0,0.5786553040252069,3.5165560634715023,59205.23370034542,59468.47668393782,20,20,20,0
march__operating__2020__mae_first__rr_1.50,march,operating,2020,mae_first,rr_1.50,1,1,0.0,5700.0,411572.91,428269.91,16697.0,121397,True,20,17,20,1.0,2020-03-02T00:00:00,2,20,20,20,1.0,2020-02-25T00:00:00,3,20,20,20,1.0,2020-02-07T00:00:00,4,21,21,4,20.2081,83,85,2,20,1,0,1,0,31,4,2330,14.569098712446351,1.0,0.56869408224683,3.716004543347639,57842.48939914164,58104.500536480686,20,20,20,0
march__operating__2020__mae_first__rr_1.61,march,operating,2020,mae_first,rr_1.61,1,1,0.0,5700.0,429259.08,444098.08,14839.0,123658,False,20,16,20,1.0,2020-03-02T00:00:00,1,20,20,20,1.0,2020-02-25T00:00:00,1,20,20,20,1.0,2020-02-07T00:00:00,1,21,21,4,26.4069,72,77,5,20,1,0,1,0,34,4,2324,15.121342512908779,1.0,0.4988537012018099,4.836258679432014,59950.98857573149,60365.50658347677,20,20,20,0
march__operating__2020__mae_first__rr_1.75,march,operating,2020,mae_first,rr_1.75,1,1,0.0,5700.0,469108.86,484310.86,15202.0,125022,False,20,15,20,1.0,2020-03-12T00:00:00,2,20,20,20,1.0,2020-03-06T00:00:00,2,20,20,20,1.0,2020-02-14T00:00:00,2,21,21,3,19.9937,75,77,2,20,1,0,1,0,34,3,2330,15.552360515021459,1.0,0.5652221480741657,4.420308978969957,65746.39551502146,66297.39907725321,20,20,20,0
march__operating__2020__mae_first__rr_1.76,march,operating,2020,mae_first,rr_1.76,1,1,0.0,5700.0,488500.56,504169.56,15669.0,124892,False,20,15,20,1.0,2020-03-12T00:00:00,2,20,20,20,1.0,2020-03-06T00:00:00,4,20,20,20,1.0,2020-02-14T00:00:00,3,21,21,3,25.5944,78,81,3,20,1,0,1,0,37,3,2324,15.60671256454389,1.0,0.5323357197858132,4.717314171256454,64527.63990963856,65061.95051635112,20,20,20,0
march__operating__2020__mae_first__rr_1.83,march,operating,2020,mae_first,rr_1.83,1,1,0.0,5700.0,513177.9,524630.9,11453.0,133891,False,5,10,5,1.0,2020-03-12T00:00:00,1,5,5,5,1.0,2020-03-06T00:00:00,1,5,5,5,1.0,2020-02-14T00:00:00,1,5,5,1,8.1204,41,61,20,5,1,0,1,0,24,1,2341,16.763776164032464,1.0,0.5841654419386906,4.204879242631354,69506.35113199487,70301.97930371636,20,0,0,20
march__operating__2020__mae_first__rr_1.92,march,operating,2020,mae_first,rr_1.92,1,1,0.0,5700.0,426661.35,442429.35,15768.0,123550,False,18,14,18,1.0,2020-03-12T00:00:00,2,18,18,18,1.0,2020-03-06T00:00:00,2,18,18,18,1.0,2020-02-14T00:00:00,2,19,19,1,8.1204,77,81,4,18,1,0,1,0,32,1,2341,15.63947031183255,1.0,0.5134743824962804,4.466014308415207,61661.71014523707,62062.7486330628,20,18,18,2
march__operating__2020__mae_first__rr_2.00,march,operating,2020,mae_first,rr_2.00,1,1,0.0,5700.0,459545.93,474259.93,14714.0,126479,True,8,13,8,1.0,2020-03-12T00:00:00,1,8,8,8,1.0,2020-03-06T00:00:00,1,8,8,8,1.0,2020-02-14T00:00:00,1,8,8,1,8.1204,56,76,20,8,1,0,1,0,30,1,2341,16.22511747116617,1.0,0.5712015056373531,4.142146284920974,65849.15533959847,66368.11486544213,20,0,0,20
march__operating__2020__mae_first__rr_2.08,march,operating,2020,mae_first,rr_2.08,1,1,0.0,5700.0,469030.62,484786.62,15756.0,121307,False,9,16,9,1.0,2020-03-12T00:00:00,2,9,9,9,1.0,2020-03-06T00:00:00,2,9,9,9,1.0,2020-02-14T00:00:00,2,9,9,1,8.1204,58,78,20,9,1,0,1,0,23,1,2341,15.719350704826997,1.0,0.6092550127616907,3.2869936202477574,62863.14677488252,63189.63951302862,20,0,0,20
march__operating__2020__mae_first__rr_2.17,march,operating,2020,mae_first,rr_2.17,1,1,0.0,5700.0,460104.61,474377.61,14273.0,123883,False,7,15,7,1.0,2020-03-12T00:00:00,1,7,7,7,1.0,2020-03-06T00:00:00,1,7,7,7,1.0,2020-02-14T00:00:00,1,7,7,1,8.278,53,73,20,7,1,0,1,0,22,1,2341,16.231952157197778,1.0,0.615930016673378,3.5681050892780863,64016.43357539513,64533.97575822298,20,0,0,20
march__operating__2020__mae_first__rr_2.24,march,operating,2020,mae_first,rr_2.24,1,1,0.0,5700.0,479980.27,494621.27,14641.0,123407,False,6,15,6,1.0,2020-03-12T00:00:00,1,6,6,8,1.0,2020-03-06T00:00:00,1,8,8,8,1.0,2020-02-14T00:00:00,1,9,9,1,8.278,57,77,20,6,1,0,1,0,26,1,2341,16.267834258863733,1.0,0.6099369042759711,3.9542609500213586,65142.703994019656,65717.01151217429,20,0,0,20
march__operating__2020__mae_first__rr_2.25,march,operating,2020,mae_first,rr_2.25,1,1,0.0,5700.0,473218.72,489545.72,16327.0,119124,False,7,14,7,1.0,2020-03-12T00:00:00,1,7,7,11,1.0,2020-03-06T00:00:00,2,11,11,11,1.0,2020-02-14T00:00:00,3,11,11,1,8.278,66,86,20,7,1,0,1,0,29,1,2341,15.719777872703972,1.0,0.5399192965711799,4.144245135839385,61854.85305425032,62196.47189235369,20,0,0,20
march__operating__2020__mae_first__rr_2.39,march,operating,2020,mae_first,rr_2.39,1,1,0.0,5700.0,472693.79,491123.79,18430.0,107226,False,20,17,20,1.0,2020-02-28T00:00:00,1,20,20,20,1.0,2020-02-24T00:00:00,2,20,20,20,1.0,2020-02-07T00:00:00,3,20,20,3,15.9329,88,92,4,20,1,0,1,0,28,3,2334,14.37617823479006,1.0,0.53011598811409,3.915354261353899,56423.90381319623,56713.17999143102,20,20,20,0
march__operating__2020__mae_first__rr_2.50,march,operating,2020,mae_first,rr_2.50,1,1,0.0,5700.0,526546.87,544179.87,17633.0,109725,True,8,16,9,1.0,2020-02-28T00:00:00,1,9,9,9,1.0,2020-02-24T00:00:00,2,9,9,9,1.0,2020-02-07T00:00:00,3,9,9,2,11.6222,68,88,20,8,1,0,1,0,26,2,2338,14.926005132591959,1.0,0.5900232728902016,3.340727641146279,62539.03321214714,62843.29574422583,20,0,0,20
march__operating__2020__mae_first__rr_2.55,march,operating,2020,mae_first,rr_2.55,1,1,0.0,5700.0,535582.78,551588.78,16006.0,113439,False,8,14,9,1.0,2020-02-28T00:00:00,0,9,9,9,1.0,2020-02-24T00:00:00,0,9,9,9,1.0,2020-02-07T00:00:00,0,9,9,2,11.6222,60,80,20,8,1,0,1,0,27,2,2338,15.530367835757056,1.0,0.5908221137368824,3.7095269461077844,65088.42232677502,65529.163729683496,20,0,0,20
march__operating__2020__mae_first__rr_2.71,march,operating,2020,mae_first,rr_2.71,1,1,0.0,5700.0,520820.11,538012.11,17192.0,105294,False,8,16,8,1.0,2020-02-28T00:00:00,1,8,8,8,1.0,2020-02-24T00:00:00,1,8,8,8,1.0,2020-02-07T00:00:00,3,8,8,2,11.9456,65,85,20,8,1,0,1,0,22,2,2338,14.599657827202737,1.0,0.5302057571559534,3.4484337938408895,59428.6869118905,59665.13079555176,20,0,0,20
march__operating__2020__mae_first__rr_2.75,march,operating,2020,mae_first,rr_2.75,1,1,0.0,5700.0,483174.62,500616.62,17442.0,105005,False,8,16,8,1.0,2020-02-28T00:00:00,2,8,8,8,1.0,2020-02-24T00:00:00,2,8,8,8,1.0,2020-02-07T00:00:00,3,8,8,2,11.9456,67,87,20,8,1,0,1,0,22,2,2338,14.591958939264329,1.0,0.5475255226387417,3.6733252878528653,59329.811077844315,59603.80680068435,20,0,0,20
march__operating__2020__mae_first__rr_2.83,march,operating,2020,mae_first,rr_2.83,1,1,0.0,5700.0,485788.53,504199.53,18411.0,100289,False,9,15,9,1.0,2020-02-28T00:00:00,4,9,9,9,1.0,2020-02-24T00:00:00,6,9,9,9,1.0,2020-02-07T00:00:00,7,9,9,2,11.9456,70,90,20,9,1,0,1,0,24,2,2338,14.026518391787853,1.0,0.5569376005713526,3.3076824375534644,55837.72219846022,56015.36396492729,20,0,0,20
march__operating__2020__mae_first__rr_2.87,march,operating,2020,mae_first,rr_2.87,1,1,0.0,5700.0,498396.4,516807.4,18411.0,100195,False,9,15,9,1.0,2020-02-28T00:00:00,3,9,9,9,1.0,2020-02-24T00:00:00,4,9,9,9,1.0,2020-02-07T00:00:00,7,9,9,2,11.9456,70,90,20,9,1,0,1,0,24,2,2338,14.043627031650983,1.0,0.573545003561993,3.0832626043627034,56216.82701026518,56404.17236954662,20,0,0,20
march__operating__2020__mae_first__rr_3.03,march,operating,2020,mae_first,rr_3.03,1,1,0.0,5700.0,512275.31,531365.31,19090.0,101043,False,11,15,11,1.0,2020-02-28T00:00:00,3,11,11,11,1.0,2020-02-24T00:00:00,4,11,11,11,1.0,2020-02-07T00:00:00,5,11,11,2,53.7338,72,92,20,11,1,0,1,0,27,2,2296,14.625871080139373,1.0,0.5389077850301469,3.7589370291811846,58961.16559233449,59126.06232578397,20,0,0,20
march__operating__2020__mae_first__rr_3.17,march,operating,2020,mae_first,rr_3.17,1,1,0.0,5700.0,477190.13,499831.13,22641.0,93611,False,11,21,11,1.0,2020-02-28T00:00:00,5,11,11,12,1.0,2020-02-24T00:00:00,7,12,12,12,1.0,2020-02-07T00:00:00,8,12,12,2,53.7338,88,108,20,11,1,0,1,0,30,2,2296,13.69773519163763,1.0,0.4864678176767414,3.77391268423345,53233.331271777,52931.49494773519,20,0,0,20
march__operating__2020__mae_first__rr_3.18,march,operating,2020,mae_first,rr_3.18,1,1,0.0,5700.0,517956.92,536499.92,18543.0,101051,False,10,16,10,1.0,2020-02-28T00:00:00,1,10,10,10,1.0,2020-02-24T00:00:00,2,10,10,10,1.0,2020-02-07T00:00:00,3,10,10,2,12.3949,70,90,20,10,1,0,1,0,28,2,2338,14.521813515825492,1.0,0.5635545934003806,3.318201014114628,58266.23828058169,58411.22016680924,20,0,0,20
march__operating__2020__mae_first__rr_3.25,march,operating,2020,mae_first,rr_3.25,1,1,0.0,5700.0,547454.16,563783.16,16329.0,104400,False,10,13,10,1.0,2020-02-28T00:00:00,1,10,10,10,1.0,2020-02-24T00:00:00,2,10,10,10,1.0,2020-02-07T00:00:00,3,10,10,2,12.3949,61,81,20,10,1,0,1,0,25,2,2338,15.114200171086399,1.0,0.5986081090661955,3.2412745692899914,62286.521428571425,62601.1994011976,20,0,0,20
march__operating__2020__mae_first__rr_3.34,march,operating,2020,mae_first,rr_3.34,1,1,0.0,5700.0,492607.86,509219.86,16612.0,103746,False,6,15,10,1.0,2020-02-28T00:00:00,1,10,10,10,1.0,2020-02-24T00:00:00,2,10,10,10,1.0,2020-02-07T00:00:00,2,10,10,2,12.3949,63,83,20,6,1,0,1,0,28,2,2338,15.107356715141146,1.0,0.5961348971343357,2.8956355979469635,61831.43195038495,62147.93306244654,20,0,0,20
march__operating__2020__mae_first__rr_3.50,march,operating,2020,mae_first,rr_3.50,1,1,0.0,5700.0,480340.77,499383.77,19043.0,98050,True,6,19,7,1.0,2020-02-28T00:00:00,0,7,7,11,1.0,2020-02-24T00:00:00,3,11,11,11,1.0,2020-02-07T00:00:00,5,11,11,2,12.3949,74,94,20,6,1,0,1,0,31,2,2338,14.440975192472198,1.0,0.5287624314596906,3.6317333982035924,57489.871556886224,57594.50859709153,20,0,0,20
march__operating__2020__mae_first__wide4,march,operating,2020,mae_first,wide4,4,4,3.0,5700.0,437061.66,455887.66,18826.0,124791,True,5,15,5,0.666667,2020-03-12T00:00:00,0,5,5,6,0.666667,2020-03-06T00:00:00,1,6,6,8,0.666667,2020-03-03T00:00:00,2,8,8,0,0.0,75,92,17,5,2,4,3,10,58,6,2349,15.056194125159642,3.88590889740315,0.22023644346431398,7.501763395061729,58178.84010217114,58037.50042571307,20,5,5,15
march__operating__2020__mae_first__center4,march,operating,2020,mae_first,center4,4,4,1.5,5700.0,435377.63,454788.63,19411.0,116169,False,8,15,9,1.0,2020-03-02T00:00:00,0,9,9,11,1.0,2020-02-25T00:00:00,2,11,11,11,1.0,2020-02-07T00:00:00,2,11,11,2,8.9745,85,98,13,5,4,7,4,17,64,8,2341,14.672362238359675,3.835540367364374,0.24223704965786821,7.889124196497223,57888.51398974797,57918.125309696705,20,10,10,10
march__operating__2020__mae_first__edge4,march,operating,2020,mae_first,edge4,4,4,3.0,5700.0,407373.35,427041.35,19668.0,128620,False,5,19,5,0.666667,2020-03-12T00:00:00,0,5,5,7,0.666667,2020-03-06T00:00:00,2,7,7,8,0.666667,2020-03-03T00:00:00,3,8,8,0,0.0,79,99,20,4,3,7,3,11,57,8,2349,15.077479778629204,3.8552575564069818,0.24215965623808958,7.315619057471265,53912.79161345253,53406.270327799066,20,0,0,20
march__operating__2020__mae_first__without050,march,operating,2020,mae_first,without050,4,4,2.75,5700.0,445303.49,462250.49,16947.0,124428,False,7,12,9,1.0,2020-03-12T00:00:00,1,9,9,11,1.0,2020-03-06T00:00:00,1,11,11,11,1.0,2020-02-14T00:00:00,2,12,12,1,8.1204,70,87,17,5,3,5,4,12,53,9,2341,15.341734301580521,3.864160615121743,0.2243159116001125,8.005782474156343,60173.64226826143,60288.49769329346,20,5,5,15
march__operating__2020__mae_first__extremes2,march,operating,2020,mae_first,extremes2,2,2,3.0,5700.0,388427.35,410663.35,22236.0,125021,False,8,21,8,0.533333,2021-12-03T00:00:00,2,8,8,10,0.714286,2021-05-13T00:00:00,3,10,10,12,0.8,2021-04-22T00:00:00,8,12,12,0,0.0,94,114,20,8,2,1,2,4,48,2,2349,14.48829289059174,1.946360153256705,0.38272246810475974,4.8418491685823755,51233.60617283951,50167.22200936569,20,0,0,20
march__operating__2020__mae_first__grid5,march,operating,2020,mae_first,grid5,5,5,3.0,5700.0,422079.39,440292.39,18213.0,122156,False,4,14,4,0.666667,2020-03-12T00:00:00,0,4,4,6,0.666667,2020-03-06T00:00:00,0,6,6,7,0.666667,2020-03-03T00:00:00,2,7,7,0,0.0,72,90,18,4,3,10,4,16,63,6,2349,14.808003405704556,4.8186462324393355,0.1893210424878436,8.919473510004257,56912.572520221365,56820.28105576841,20,4,4,16
march__operating__2020__mae_first__grid10,march,operating,2020,mae_first,grid10,10,10,3.0,5700.0,444629.93,462196.93,17567.0,124976,False,3,13,6,0.5,2020-03-18T00:00:00,0,6,6,8,0.666667,2020-03-12T00:00:00,1,8,8,9,0.666667,2020-03-03T00:00:00,2,9,9,0,0.0,70,88,18,2,3,11,5,13,66,33,2349,15.18688803746275,8.959982971477224,0.15069215918735906,11.156517405278843,57972.143912303116,58029.809770114945,20,4,4,16
march__operating__2020__mae_first__grid20,march,operating,2020,mae_first,grid20,20,20,3.0,5700.0,449940.75,468408.75,18468.0,128825,False,5,14,6,0.352941,2022-11-04T00:00:00,0,6,6,8,0.444444,2021-12-01T00:00:00,0,8,8,8,0.470588,2022-04-20T00:00:00,0,9,9,0,0.0,79,96,17,1,5,14,6,16,79,79,2349,15.597701149425287,15.597701149425287,0.13967158734995191,13.731648830991912,60219.10751383568,60246.81762452107,20,7,7,13
march__operating__2020__mae_first__ladder4,march,operating,2020,mae_first,ladder4,4,1,0.0,5700.0,279265.85,301852.85,22587.0,111085,False,15,20,16,1.0,2020-03-12T00:00:00,5,16,16,18,1.0,2020-03-06T00:00:00,11,18,18,18,1.0,2020-02-14T00:00:00,11,19,19,1,8.1204,98,111,13,5,4,18,4,17,70,17,2341,12.122597180692011,3.6710807347287484,0.44795377765740185,4.0288663703545495,42162.00232806493,40740.14944468176,20,10,10,10
march__operating__2020__mae_first__ladder20,march,operating,2020,mae_first,ladder20,20,1,0.0,5700.0,278875.27,301528.27,22653.0,110234,False,15,20,16,1.0,2020-03-12T00:00:00,5,16,16,18,1.0,2020-03-06T00:00:00,11,18,18,18,1.0,2020-02-14T00:00:00,11,19,19,1,8.1204,100,111,11,1,15,20,16,21,100,100,2341,12.031610422896199,12.031610422896199,0.3931525053632909,7.904559194788552,40970.81932080308,39537.903686458776,20,12,12,8
march__operating__2020__mae_first__uniform_low,march,operating,2020,mae_first,uniform_low,1,1,0.0,4200.0,300676.35,323329.35,22653.0,106389,False,20,19,20,1.0,2020-03-12T00:00:00,7,20,20,20,1.0,2020-03-06T00:00:00,12,20,20,20,1.0,2020-02-14T00:00:00,12,20,20,2,20.3444,108,111,3,20,1,0,1,0,31,2,2329,11.674109059682268,1.0,0.6315959691329739,2.664501884929154,32018.981945040792,30536.733984542723,20,20,20,0
march__operating__2020__mae_first__uniform_high,march,operating,2020,mae_first,uniform_high,1,1,0.0,7200.0,175676.9,197128.9,21452.0,91873,False,10,16,12,1.0,2020-03-12T00:00:00,5,12,12,18,1.0,2020-03-06T00:00:00,8,18,18,18,1.0,2020-02-14T00:00:00,9,19,19,1,8.1204,74,94,20,10,1,0,1,0,28,1,2341,10.06877402819308,1.0,0.6471266495849809,2.7254884211875265,42238.6034814182,41209.911170439984,20,0,0,20
march__operating__2020__mae_first__grid20_reverse,march,operating,2020,mae_first,grid20_reverse,20,20,3.0,5700.0,486785.41,499476.41,12691.0,132099,False,2,7,2,1.0,2020-02-28T00:00:00,0,2,2,7,1.0,2020-02-24T00:00:00,0,7,7,7,1.0,2020-02-07T00:00:00,0,7,7,2,12.3949,51,68,17,1,2,7,2,15,51,51,2338,16.689905902480753,16.689905902480753,0.1477158188617402,14.84676286869119,67713.90076988879,68357.80367835757,20,7,7,13
march__operating__2020__mae_first__ladder20_reverse,march,operating,2020,mae_first,ladder20_reverse,20,1,0.0,5700.0,194813.61,218380.61,23567.0,87845,False,10,20,12,1.0,2020-03-12T00:00:00,5,12,12,18,1.0,2020-03-06T00:00:00,9,18,18,18,1.0,2020-02-14T00:00:00,10,19,19,1,8.1204,92,103,11,1,10,20,12,22,92,92,2341,9.637761640324648,9.637761640324648,0.4924717745680183,6.493577624519436,35169.3592353695,34054.587919692436,20,12,12,8
march__operating__2020__mfe_first__rr_0.50,march,operating,2020,mfe_first,rr_0.50,1,1,0.0,5700.0,72194.45,95734.45,23540.0,73585,True,18,14,18,1.0,2021-05-19T00:00:00,4,18,18,18,1.0,2021-05-13T00:00:00,4,18,18,18,1.0,2021-04-22T00:00:00,5,18,18,4,520.2891,68,88,20,18,1,0,1,0,24,4,1830,9.133879781420765,1.0,0.5136315522560003,3.4653432300546445,23279.206475409836,21063.133333333335,18,0,0,18
march__operating__2020__mfe_first__rr_0.66,march,operating,2020,mfe_first,rr_0.66,1,1,0.0,5700.0,91000.8,116036.8,25036.0,86174,False,9,19,17,1.0,2021-06-17T00:00:00,4,17,17,17,1.0,2021-06-11T00:00:00,6,17,17,17,1.0,2021-05-21T00:00:00,6,17,17,1,15.3958,92,110,18,9,1,0,1,0,33,1,2334,8.74935732647815,1.0,0.5541155437313423,3.364543154241645,25837.503406169668,24220.242459297344,19,7,7,12
march__operating__2020__mfe_first__rr_0.75,march,operating,2020,mfe_first,rr_0.75,1,1,0.0,5700.0,13800.65,41351.65,27551.0,58885,True,16,21,17,1.0,2020-03-12T00:00:00,6,17,17,17,1.0,2020-03-06T00:00:00,6,17,17,17,1.0,2020-02-14T00:00:00,10,17,17,5,541.9678,99,109,10,16,1,0,1,0,40,5,1808,7.947455752212389,1.0,0.5795738088513661,2.8775580160398233,15511.302240044248,13291.362334070798,16,13,13,3
march__operating__2020__mfe_first__rr_0.82,march,operating,2020,mfe_first,rr_0.82,1,1,0.0,5700.0,39683.35,67576.35,27893.0,61275,False,10,24,10,1.0,2020-03-18T00:00:00,3,10,10,12,1.0,2020-03-12T00:00:00,4,12,12,12,1.0,2020-02-20T00:00:00,6,12,12,5,539.0183,98,112,14,10,1,0,1,0,41,5,1812,8.35485651214128,1.0,0.5998009336888558,2.744743715783664,20350.681926048564,18263.062003311257,16,9,9,7
march__operating__2020__mfe_first__rr_0.83,march,operating,2020,mfe_first,rr_0.83,1,1,0.0,5700.0,107005.75,131253.75,24248.0,76742,False,16,17,16,1.0,2020-03-18T00:00:00,3,16,16,18,1.0,2020-03-12T00:00:00,4,18,18,18,1.0,2020-02-20T00:00:00,6,18,18,4,115.6792,82,100,18,16,1,0,1,0,35,4,2234,8.495523724261414,1.0,0.6206865324495926,2.9071701266786034,25011.460026857654,23495.138809310654,17,4,4,13
march__operating__2020__mfe_first__rr_0.97,march,operating,2020,mfe_first,rr_0.97,1,1,0.0,5700.0,90767.9,116484.9,25717.0,64474,False,11,23,14,1.0,2020-03-13T00:00:00,3,14,14,19,1.0,2020-03-09T00:00:00,6,19,19,19,1.0,2020-02-17T00:00:00,6,21,21,9,446.3146,99,107,8,11,1,0,1,0,42,9,1905,8.663517060367454,1.0,0.6255713749948411,2.8236031228346454,24486.852703412074,22674.125249343833,16,16,16,0
march__operating__2020__mfe_first__rr_1.00,march,operating,2020,mfe_first,rr_1.00,1,1,0.0,5700.0,213178.35,237137.35,23959.0,95148,True,19,19,20,1.0,2020-03-12T00:00:00,6,20,20,20,1.0,2020-03-06T00:00:00,10,20,20,20,1.0,2020-02-14T00:00:00,10,20,20,2,26.4262,110,113,3,19,1,0,1,0,32,2,2323,10.456736978045631,1.0,0.6616678315188402,2.418520195436935,35333.83794662075,33723.95744726647,20,20,20,0
march__operating__2020__mfe_first__rr_1.13,march,operating,2020,mfe_first,rr_1.13,1,1,0.0,5700.0,465882.13,483260.13,17378.0,126994,False,8,16,9,1.0,2020-03-02T00:00:00,5,9,9,12,1.0,2020-02-25T00:00:00,7,12,12,15,1.0,2020-02-07T00:00:00,8,15,15,2,9.1322,62,82,20,8,1,0,1,0,22,2,2341,14.219991456642461,1.0,0.62307940385108,3.0198816074327213,55283.60523280649,54752.19527979496,20,0,0,20
march__operating__2020__mfe_first__rr_1.17,march,operating,2020,mfe_first,rr_1.17,1,1,0.0,5700.0,430813.8,446833.8,16020.0,130202,False,20,14,20,1.0,2020-03-02T00:00:00,4,20,20,20,1.0,2020-02-25T00:00:00,6,20,20,20,1.0,2020-02-07T00:00:00,6,20,20,3,27.7109,75,78,3,20,1,0,1,0,26,3,2323,14.829100301334481,1.0,0.5498022881226615,3.8107725949203615,56828.17389151959,56826.2898407232,20,20,20,0
march__operating__2020__mfe_first__rr_1.25,march,operating,2020,mfe_first,rr_1.25,1,1,0.0,5700.0,394348.3,410665.3,16317.0,128196,True,20,15,20,1.0,2020-03-02T00:00:00,1,20,20,20,1.0,2020-02-25T00:00:00,1,20,20,20,1.0,2020-02-07T00:00:00,3,20,20,3,27.2866,75,78,3,20,1,0,1,0,27,3,2323,14.806284976323719,1.0,0.5258911585216113,4.055826486009471,58443.30576840293,58575.4687688334,20,20,20,0
march__operating__2020__mfe_first__rr_1.29,march,operating,2020,mfe_first,rr_1.29,1,1,0.0,5700.0,422283.73,436471.73,14188.0,129905,False,20,14,20,1.0,2020-03-02T00:00:00,1,20,20,20,1.0,2020-02-25T00:00:00,2,20,20,20,1.0,2020-02-07T00:00:00,2,20,20,3,27.422,68,71,3,20,1,0,1,0,26,3,2323,15.117950925527335,1.0,0.5147033732101582,4.327068103314679,60504.7588678433,60909.905897546276,20,20,20,0
march__operating__2020__mfe_first__rr_1.45,march,operating,2020,mfe_first,rr_1.45,1,1,0.0,5700.0,419850.24,434493.24,14643.0,124229,False,20,16,20,1.0,2020-03-02T00:00:00,3,20,20,20,1.0,2020-02-25T00:00:00,3,20,20,20,1.0,2020-02-07T00:00:00,4,21,21,4,34.4171,69,72,3,20,1,0,1,0,27,4,2316,14.910621761658032,1.0,0.5826491509475877,3.341162037564767,60818.45785837651,61250.243329015546,20,20,20,0
march__operating__2020__mfe_first__rr_1.50,march,operating,2020,mfe_first,rr_1.50,1,1,0.0,5700.0,420244.41,435493.41,15249.0,123372,True,20,16,20,1.0,2020-03-02T00:00:00,2,20,20,20,1.0,2020-02-25T00:00:00,3,20,20,20,1.0,2020-02-07T00:00:00,4,20,20,3,27.1113,72,75,3,20,1,0,1,0,25,3,2323,14.856650882479553,1.0,0.5666454523185703,3.5586110912613003,59804.26371071889,60236.64907447267,20,20,20,0
march__operating__2020__mfe_first__rr_1.61,march,operating,2020,mfe_first,rr_1.61,1,1,0.0,5700.0,429686.28,444388.28,14702.0,123098,False,20,14,20,1.0,2020-03-02T00:00:00,1,20,20,20,1.0,2020-02-25T00:00:00,1,20,20,20,1.0,2020-02-07T00:00:00,1,20,20,3,33.1574,68,73,5,20,1,0,1,0,30,3,2317,15.097971514889943,1.0,0.5048463554709955,4.607244359948209,60064.646633577904,60507.29844626672,20,20,20,0
march__operating__2020__mfe_first__rr_1.75,march,operating,2020,mfe_first,rr_1.75,1,1,0.0,5700.0,469319.06,484601.06,15282.0,124452,False,20,13,20,1.0,2020-03-12T00:00:00,2,20,20,20,1.0,2020-03-06T00:00:00,3,20,20,20,1.0,2020-02-14T00:00:00,3,20,20,2,26.7442,73,75,2,20,1,0,1,0,32,2,2323,15.524321997417132,1.0,0.5637264433836005,4.281606198880758,65880.45266896255,66450.96990959965,20,20,20,0
march__operating__2020__mfe_first__rr_1.76,march,operating,2020,mfe_first,rr_1.76,1,1,0.0,5700.0,488927.76,504459.76,15532.0,124272,False,20,14,20,1.0,2020-03-12T00:00:00,2,20,20,20,1.0,2020-03-06T00:00:00,3,20,20,20,1.0,2020-02-14T00:00:00,3,20,20,2,32.3449,75,77,2,20,1,0,1,0,33,2,2317,15.57358653431161,1.0,0.5389184702013323,4.522643080276219,64652.772205438065,65212.63649115235,20,20,20,0
march__operating__2020__mfe_first__rr_1.83,march,operating,2020,mfe_first,rr_1.83,1,1,0.0,5700.0,513030.65,524372.65,11342.0,132900,False,5,9,5,1.0,2020-03-12T00:00:00,1,5,5,5,1.0,2020-03-06T00:00:00,1,5,5,5,1.0,2020-02-14T00:00:00,1,5,5,1,8.1204,38,58,20,5,1,0,1,0,22,1,2341,16.638615976078597,1.0,0.585466970441456,4.125998956856044,69173.51505766767,69962.86787697565,20,0,0,20
march__operating__2020__mfe_first__rr_1.92,march,operating,2020,mfe_first,rr_1.92,1,1,0.0,5700.0,434941.6,449551.6,14610.0,123959,False,18,12,18,1.0,2020-03-12T00:00:00,2,18,18,18,1.0,2020-03-06T00:00:00,2,18,18,18,1.0,2020-02-14T00:00:00,2,18,18,1,8.1204,67,72,5,18,1,0,1,0,22,1,2341,15.693293464331482,1.0,0.5237690541324576,4.317757130286203,62650.9454933789,63224.01302862025,20,18,18,2
march__operating__2020__mfe_first__rr_2.00,march,operating,2020,mfe_first,rr_2.00,1,1,0.0,5700.0,457083.38,471811.38,14728.0,125748,True,8,13,8,1.0,2020-03-12T00:00:00,1,8,8,8,1.0,2020-03-06T00:00:00,1,8,8,8,1.0,2020-02-14T00:00:00,1,8,8,1,8.1204,54,74,20,8,1,0,1,0,25,1,2341,16.127296027338744,1.0,0.5650252557566385,4.012569358393849,65320.25472020505,65793.6072832123,20,0,0,20
march__operating__2020__mfe_first__rr_2.08,march,operating,2020,mfe_first,rr_2.08,1,1,0.0,5700.0,469923.52,486516.52,16593.0,120757,False,9,17,9,1.0,2020-03-12T00:00:00,2,9,9,9,1.0,2020-03-06T00:00:00,2,9,9,9,1.0,2020-02-14T00:00:00,2,9,9,1,8.1204,61,81,20,9,1,0,1,0,24,1,2341,15.651431012387869,1.0,0.6099145214795297,3.2438726510038443,62976.53780435711,63323.38218709952,20,0,0,20
march__operating__2020__mfe_first__rr_2.17,march,operating,2020,mfe_first,rr_2.17,1,1,0.0,5700.0,460433.81,474180.81,13747.0,123454,False,7,11,7,1.0,2020-03-12T00:00:00,1,7,7,7,1.0,2020-03-06T00:00:00,1,7,7,7,1.0,2020-02-14T00:00:00,1,7,7,1,8.278,48,68,20,7,1,0,1,0,20,1,2341,16.171294318667236,1.0,0.6172357624046823,3.545595797522426,63858.66672362239,64399.4281503631,20,0,0,20
march__operating__2020__mfe_first__rr_2.24,march,operating,2020,mfe_first,rr_2.24,1,1,0.0,5700.0,480565.27,494621.27,14056.0,123058,False,6,12,6,1.0,2020-03-12T00:00:00,1,6,6,8,1.0,2020-03-06T00:00:00,1,8,8,8,1.0,2020-02-14T00:00:00,1,8,8,1,8.278,51,71,20,6,1,0,1,0,24,1,2341,16.21828278513456,1.0,0.611046432454916,3.9086863387441264,65022.71864587783,65618.20320375907,20,0,0,20
march__operating__2020__mfe_first__rr_2.25,march,operating,2020,mfe_first,rr_2.25,1,1,0.0,5700.0,475050.62,491549.62,16499.0,118724,False,7,13,7,1.0,2020-03-12T00:00:00,1,7,7,9,1.0,2020-03-06T00:00:00,2,9,9,9,1.0,2020-02-14T00:00:00,2,9,9,1,8.278,65,85,20,7,1,0,1,0,24,1,2341,15.666809055958993,1.0,0.5498311747622394,4.049251950021358,62066.95461341307,62422.845066211026,20,0,0,20
march__operating__2020__mfe_first__rr_2.39,march,operating,2020,mfe_first,rr_2.39,1,1,0.0,5700.0,471953.44,490503.44,18550.0,106076,False,20,16,20,1.0,2020-02-28T00:00:00,2,20,20,20,1.0,2020-02-24T00:00:00,3,20,20,20,1.0,2020-02-07T00:00:00,4,20,20,3,29.9329,86,89,3,20,1,0,1,0,26,3,2320,14.300862068965516,1.0,0.543769795757959,3.821267105172414,56419.82058189655,56703.67709051724,20,20,20,0
march__operating__2020__mfe_first__rr_2.50,march,operating,2020,mfe_first,rr_2.50,1,1,0.0,5700.0,525011.66,542757.66,17746.0,109250,True,8,16,8,1.0,2020-02-28T00:00:00,1,8,8,9,1.0,2020-02-24T00:00:00,2,9,9,9,1.0,2020-02-07T00:00:00,3,9,9,2,11.6222,66,86,20,8,1,0,1,0,24,2,2338,14.857570573139435,1.0,0.5996784482777777,3.227194004704876,62155.542130025664,62447.99285714286,20,0,0,20
march__operating__2020__mfe_first__rr_2.55,march,operating,2020,mfe_first,rr_2.55,1,1,0.0,5700.0,534373.45,550650.45,16277.0,113023,False,8,15,8,1.0,2020-02-28T00:00:00,0,8,8,8,1.0,2020-02-24T00:00:00,0,8,8,8,1.0,2020-02-07T00:00:00,0,8,8,2,11.6222,59,79,20,8,1,0,1,0,24,2,2338,15.463644140290846,1.0,0.5907713460710187,3.622620889221557,64766.4619332763,65189.852224123184,20,0,0,20
march__operating__2020__mfe_first__rr_2.71,march,operating,2020,mfe_first,rr_2.71,1,1,0.0,5700.0,521516.35,538880.35,17364.0,104907,False,8,14,8,1.0,2020-02-28T00:00:00,1,8,8,8,1.0,2020-02-24T00:00:00,1,8,8,8,1.0,2020-02-07T00:00:00,3,8,8,2,11.9456,64,84,20,8,1,0,1,0,21,2,2338,14.54448246364414,1.0,0.5329129444304557,3.399214641146279,59370.44125320787,59614.28930710009,20,0,0,20
march__operating__2020__mfe_first__rr_2.75,march,operating,2020,mfe_first,rr_2.75,1,1,0.0,5700.0,482826.72,500473.72,17647.0,104483,False,8,14,8,1.0,2020-02-28T00:00:00,2,8,8,8,1.0,2020-02-24T00:00:00,2,8,8,8,1.0,2020-02-07T00:00:00,3,8,8,2,11.9456,66,86,20,8,1,0,1,0,21,2,2338,14.518819503849445,1.0,0.5506290013406585,3.7306652095808386,59103.77078699743,59379.96233960649,20,0,0,20
march__operating__2020__mfe_first__rr_2.83,march,operating,2020,mfe_first,rr_2.83,1,1,0.0,5700.0,489523.12,507981.12,18458.0,100037,False,9,14,9,1.0,2020-02-28T00:00:00,3,9,9,9,1.0,2020-02-24T00:00:00,4,9,9,9,1.0,2020-02-07T00:00:00,5,9,9,2,11.9456,68,88,20,9,1,0,1,0,24,2,2338,13.994439692044482,1.0,0.5971581691149136,3.032042264756202,56088.60198887939,56285.32968349016,20,0,0,20
march__operating__2020__mfe_first__rr_2.87,march,operating,2020,mfe_first,rr_2.87,1,1,0.0,5700.0,502143.6,520601.6,18458.0,99834,False,9,14,9,1.0,2020-02-28T00:00:00,3,9,9,9,1.0,2020-02-24T00:00:00,3,9,9,9,1.0,2020-02-07T00:00:00,5,9,9,2,11.9456,68,88,20,9,1,0,1,0,25,2,2338,13.999572284003422,1.0,0.5758049939657589,3.033091361420017,56560.27155688623,56766.1382591959,20,0,0,20
march__operating__2020__mfe_first__rr_3.03,march,operating,2020,mfe_first,rr_3.03,1,1,0.0,5700.0,504239.66,524147.66,19908.0,99773,False,11,16,11,1.0,2020-02-28T00:00:00,5,11,11,11,1.0,2020-02-24T00:00:00,6,11,11,11,1.0,2020-02-07T00:00:00,6,11,11,2,53.7338,73,93,20,11,1,0,1,0,26,2,2296,14.441202090592334,1.0,0.5506015377326097,3.429028675958188,57486.631968641115,57571.75352787456,20,0,0,20
march__operating__2020__mfe_first__rr_3.17,march,operating,2020,mfe_first,rr_3.17,1,1,0.0,5700.0,450687.04,474771.04,24084.0,89156,False,11,20,11,1.0,2020-02-28T00:00:00,8,11,11,13,1.0,2020-02-24T00:00:00,11,13,13,13,1.0,2020-02-07T00:00:00,11,13,13,2,53.7338,94,114,20,11,1,0,1,0,31,2,2296,13.061411149825783,1.0,0.5040892559143104,3.3695550666376306,49328.03601916377,48778.69294425087,20,0,0,20
march__operating__2020__mfe_first__rr_3.18,march,operating,2020,mfe_first,rr_3.18,1,1,0.0,5700.0,513859.63,533496.63,19637.0,100202,False,10,17,10,1.0,2020-02-28T00:00:00,1,10,10,10,1.0,2020-02-24T00:00:00,2,10,10,10,1.0,2020-02-07T00:00:00,4,10,10,2,12.3949,74,94,20,10,1,0,1,0,28,2,2338,14.399486740804106,1.0,0.5744824755272347,3.244802876390077,57226.077951240375,57285.55496150556,20,0,0,20
march__operating__2020__mfe_first__rr_3.25,march,operating,2020,mfe_first,rr_3.25,1,1,0.0,5700.0,539871.47,557209.47,17338.0,102918,False,10,12,10,1.0,2020-02-28T00:00:00,1,10,10,10,1.0,2020-02-24T00:00:00,2,10,10,10,1.0,2020-02-07T00:00:00,3,10,10,2,12.3949,63,83,20,10,1,0,1,0,25,2,2338,14.902480752780153,1.0,0.5918340098225627,3.1957196471343026,60665.75866124893,60910.89950812661,20,0,0,20
march__operating__2020__mfe_first__rr_3.34,march,operating,2020,mfe_first,rr_3.34,1,1,0.0,5700.0,481047.69,498734.69,17687.0,102270,False,7,15,10,1.0,2020-02-28T00:00:00,1,10,10,10,1.0,2020-02-24T00:00:00,2,10,10,10,1.0,2020-02-07T00:00:00,3,10,10,2,12.3949,65,85,20,7,1,0,1,0,28,2,2338,14.895637296834902,1.0,0.5972965910134033,2.929741638152267,60147.62782292558,60392.28411035072,20,0,0,20
march__operating__2020__mfe_first__rr_3.50,march,operating,2020,mfe_first,rr_3.50,1,1,0.0,5700.0,476932.96,496727.96,19795.0,97506,True,8,19,8,1.0,2020-02-28T00:00:00,1,8,8,11,1.0,2020-02-24T00:00:00,4,11,11,11,1.0,2020-02-07T00:00:00,5,11,11,2,12.3949,75,95,20,8,1,0,1,0,31,2,2338,14.362275449101796,1.0,0.5521492000897575,3.432590165098375,56188.31176218991,56237.70346449957,20,0,0,20
march__operating__2020__mfe_first__wide4,march,operating,2020,mfe_first,wide4,4,4,3.0,5700.0,428469.07,447658.07,19189.0,124221,True,5,13,5,0.666667,2020-03-12T00:00:00,0,5,5,6,0.666667,2020-03-06T00:00:00,1,6,6,7,0.666667,2020-03-03T00:00:00,1,7,7,0,0.0,74,92,18,5,2,4,3,8,58,8,2349,14.981694338016178,3.8582375478927204,0.22359492926213567,7.31968253256705,56463.13392933163,56256.52154108131,20,5,5,15
march__operating__2020__mfe_first__center4,march,operating,2020,mfe_first,center4,4,4,1.5,5700.0,443239.68,461966.68,18727.0,116588,False,6,15,7,1.0,2020-03-02T00:00:00,0,7,7,10,1.0,2020-02-25T00:00:00,1,10,10,10,1.0,2020-02-07T00:00:00,1,10,10,2,8.9745,79,92,13,5,3,6,4,15,58,8,2341,14.733020076890218,3.8252883383169585,0.2406671421427559,7.94320054933789,58926.78682187099,59087.51661683042,20,10,10,10
march__operating__2020__mfe_first__edge4,march,operating,2020,mfe_first,edge4,4,4,3.0,5700.0,406933.35,426898.35,19965.0,128226,False,5,19,5,0.666667,2020-03-12T00:00:00,0,5,5,7,0.666667,2020-03-06T00:00:00,2,7,7,8,0.666667,2020-03-03T00:00:00,4,8,8,0,0.0,79,99,20,4,2,8,3,11,59,9,2349,15.03448275862069,3.8420604512558536,0.2435127579300483,7.287279737760748,53775.10857811835,53255.55476798638,20,0,0,20
march__operating__2020__mfe_first__without050,march,operating,2020,mfe_first,without050,4,4,2.75,5700.0,441929.02,458963.02,17034.0,123331,False,7,11,9,1.0,2020-03-12T00:00:00,1,9,9,11,1.0,2020-03-06T00:00:00,1,11,11,11,1.0,2020-02-14T00:00:00,1,12,12,1,8.1204,66,84,18,5,3,5,4,13,50,9,2341,15.209739427595045,3.847928235796668,0.2280157124066279,7.697959527552329,59140.03861597608,59224.43767620675,20,5,5,15
march__operating__2020__mfe_first__extremes2,march,operating,2020,mfe_first,extremes2,2,2,3.0,5700.0,382164.35,404862.35,22698.0,124402,False,8,22,8,0.533333,2021-12-03T00:00:00,2,8,8,10,0.714286,2021-05-13T00:00:00,4,10,10,12,0.8,2021-04-22T00:00:00,7,12,12,0,0.0,94,114,20,8,1,0,2,2,47,5,2349,14.402298850574713,1.9216687952320137,0.3914706131322582,4.572269174542359,50243.90383141762,49213.96581524053,20,0,0,20
march__operating__2020__mfe_first__grid5,march,operating,2020,mfe_first,grid5,5,5,3.0,5700.0,418672.84,436958.84,18286.0,121844,False,4,14,4,0.666667,2020-03-12T00:00:00,0,4,4,6,0.666667,2020-03-06T00:00:00,0,6,6,7,0.666667,2020-03-03T00:00:00,2,7,7,0,0.0,71,89,18,4,3,10,4,15,62,9,2349,14.770540655598127,4.787994891443168,0.19913853871176465,8.610565449127288,56250.723563218395,56188.46306939123,20,4,4,16
march__operating__2020__mfe_first__grid10,march,operating,2020,mfe_first,grid10,10,10,3.0,5700.0,438658.65,456548.65,17890.0,124411,False,3,14,6,0.5,2020-03-18T00:00:00,0,6,6,8,0.666667,2020-03-12T00:00:00,1,8,8,9,0.666667,2020-03-03T00:00:00,3,9,9,0,0.0,71,89,18,2,3,12,5,16,67,40,2349,15.106428267347807,8.925925925925926,0.15031180733177302,11.347640234142187,57129.25038314176,57188.72924648787,20,4,4,16
march__operating__2020__mfe_first__grid20,march,operating,2020,mfe_first,grid20,20,20,3.0,5700.0,440770.45,460082.45,19312.0,127656,False,4,17,5,0.333333,2020-03-18T00:00:00,0,5,5,8,0.444444,2021-12-01T00:00:00,0,8,8,8,0.461538,2021-05-11T00:00:00,0,9,9,0,0.0,81,98,17,1,4,17,5,18,81,81,2349,15.43933588761175,15.43933588761175,0.14094312432790895,13.605244054491273,58765.440485312894,58754.60793954875,20,7,7,13
march__operating__2020__mfe_first__ladder4,march,operating,2020,mfe_first,ladder4,4,1,0.0,5700.0,289605.65,311397.65,21792.0,112368,False,14,20,15,1.0,2020-03-12T00:00:00,5,15,15,18,1.0,2020-03-06T00:00:00,10,18,18,18,1.0,2020-02-14T00:00:00,10,19,19,1,8.1204,89,102,13,5,4,18,4,17,65,17,2341,12.253737718923537,3.700982486117044,0.4730436634313613,3.863567581802649,43338.29602733874,42025.94510892781,20,10,10,10
march__operating__2020__mfe_first__ladder20,march,operating,2020,mfe_first,ladder20,20,1,0.0,5700.0,287153.17,309077.17,21924.0,111543,False,14,20,15,1.0,2020-03-12T00:00:00,5,15,15,18,1.0,2020-03-06T00:00:00,10,18,18,18,1.0,2020-02-14T00:00:00,10,19,19,1,8.1204,91,102,11,1,14,20,15,21,91,91,2341,12.164886800512601,12.164886800512601,0.40755376916071717,8.07681140666382,42059.31266979923,40738.0766595472,20,12,12,8
march__operating__2020__mfe_first__uniform_low,march,operating,2020,mfe_first,uniform_low,1,1,0.0,4200.0,309738.35,331820.35,22082.0,107722,False,20,19,20,1.0,2020-03-12T00:00:00,7,20,20,20,1.0,2020-03-06T00:00:00,11,20,20,20,1.0,2020-02-14T00:00:00,11,20,20,2,33.3444,100,103,3,20,1,0,1,0,29,2,2316,11.876511226252159,1.0,0.6431885790413858,2.6543483652849744,33022.484650259066,31641.976575993092,20,20,20,0
march__operating__2020__mfe_first__uniform_high,march,operating,2020,mfe_first,uniform_high,1,1,0.0,7200.0,175676.9,197128.9,21452.0,91403,False,10,17,12,1.0,2020-03-12T00:00:00,5,12,12,18,1.0,2020-03-06T00:00:00,9,18,18,18,1.0,2020-02-14T00:00:00,9,19,19,1,8.1204,74,94,20,10,1,0,1,0,27,1,2341,10.01665954720205,1.0,0.6556618705935039,2.673689127296027,42130.45066211021,41099.77379325075,20,0,0,20
march__operating__2020__mfe_first__grid20_reverse,march,operating,2020,mfe_first,grid20_reverse,20,20,3.0,5700.0,487645.66,499935.66,12290.0,131333,False,3,7,3,1.0,2020-02-28T00:00:00,0,3,3,7,1.0,2020-02-24T00:00:00,0,7,7,7,1.0,2020-02-07T00:00:00,0,7,7,2,12.3949,48,64,16,1,3,7,3,13,48,48,2338,16.60906757912746,16.60906757912746,0.14781458603473463,14.767876142429426,67590.46454234388,68302.74061163388,20,7,7,13
march__operating__2020__mfe_first__ladder20_reverse,march,operating,2020,mfe_first,ladder20_reverse,20,1,0.0,5700.0,193757.01,217140.01,23383.0,87119,False,10,20,12,1.0,2020-03-12T00:00:00,5,12,12,18,1.0,2020-03-06T00:00:00,10,18,18,18,1.0,2020-02-14T00:00:00,10,19,19,1,8.1204,90,101,11,1,10,20,12,22,90,90,2341,9.555318240068347,9.555318240068347,0.5006975643935518,6.425430232806493,34989.95058521999,33894.50530542503,20,12,12,8
primary__operating__2020__mfe_first__rr_1.00,primary,operating,2020,mfe_first,rr_1.00,1,1,0.0,6800.0,333878.0,348500.0,14622.0,122404,True,7,12,8,1.0,2020-03-12T00:00:00,3,8,8,11,1.0,2020-03-06T00:00:00,5,11,11,12,1.0,2020-03-02T00:00:00,5,13,13,2,0.3088,55,75,20,7,1,0,1,0,27,2,2326,13.426913155631986,1.0,0.30879780319859357,8.504543911865865,64327.41283319003,64224.16412295787,20,0,0,20
primary__operating__2020__mfe_first__wide4,primary,operating,2020,mfe_first,wide4,4,4,3.0,6800.0,371316.0,384700.0,13384.0,118816,True,3,9,3,0.5,2020-06-26T00:00:00,0,3,3,4,0.5,2020-06-22T00:00:00,0,4,4,8,0.5,2020-06-01T00:00:00,0,8,8,0,0.0,48,68,20,3,2,2,2,4,40,6,2326,14.461736887360274,3.88134135855546,0.16594878125189666,12.493323660791058,73970.76203783319,74032.75165520207,20,0,0,20
primary__operating__2020__mfe_first__center4,primary,operating,2020,mfe_first,center4,4,4,1.5,6800.0,397206.0,410050.0,12844.0,113552,False,7,7,7,1.0,2020-03-12T00:00:00,0,7,7,7,1.0,2020-03-06T00:00:00,0,7,7,7,1.0,2020-03-02T00:00:00,0,7,7,2,0.4664,45,65,20,3,4,4,4,12,39,4,2326,14.408426483233018,3.8654342218400686,0.1299672423517256,13.882089753654341,78719.57003439381,79158.09638865005,20,0,0,20
primary__operating__2020__mfe_first__edge4,primary,operating,2020,mfe_first,edge4,4,4,3.0,6800.0,308915.0,324900.0,15985.0,114818,False,3,13,4,0.4,2021-05-17T00:00:00,0,4,4,6,0.666667,2021-05-11T00:00:00,3,6,6,10,0.777778,2021-05-10T00:00:00,6,10,11,0,0.0,63,83,20,3,2,7,2,10,52,9,2326,13.579965606190886,3.8331900257953566,0.17915781321337437,11.703190311263972,65736.78428632846,65320.03220120379,20,0,0,20
primary__operating__2020__mfe_first__without050,primary,operating,2020,mfe_first,without050,4,4,2.75,6800.0,348797.0,363900.0,15103.0,105288,False,4,10,6,1.0,2020-03-12T00:00:00,3,6,6,9,1.0,2020-03-06T00:00:00,3,9,9,9,1.0,2020-03-02T00:00:00,5,9,9,2,0.3088,57,77,20,3,2,4,3,7,48,12,2326,13.049441100601891,3.7725709372312983,0.1576525553725513,12.408204729578676,67457.1651977644,67467.84550730868,20,0,0,20
primary__operating__2020__mfe_first__extremes2,primary,operating,2020,mfe_first,extremes2,2,2,3.0,6800.0,266962.0,286050.0,19088.0,107611,False,7,16,7,0.571429,2021-05-13T00:00:00,3,7,7,7,0.666667,2021-05-07T00:00:00,7,7,7,13,0.777778,2021-05-10T00:00:00,7,13,13,0,0.0,77,97,20,7,2,2,2,3,45,5,2326,12.570507308684437,1.9475494411006018,0.24930296587788023,8.610137851246776,58976.00326741186,58134.499011177984,20,0,0,20
primary__operating__2020__mfe_first__grid5,primary,operating,2020,mfe_first,grid5,5,5,3.0,6800.0,330034.0,346250.0,16216.0,108694,False,3,11,6,0.555556,2022-01-10T00:00:00,1,6,6,7,0.6,2022-01-04T00:00:00,2,7,7,9,0.7,2021-12-28T00:00:00,3,9,9,0,0.0,63,83,20,3,3,7,4,12,55,12,2326,13.284608770421324,4.772570937231299,0.17405768725985538,11.604794074376612,67544.33566208082,67342.7525150473,20,0,0,20
primary__operating__2020__mfe_first__grid10,primary,operating,2020,mfe_first,grid10,10,10,3.0,6800.0,376650.0,390100.0,13450.0,116362,False,3,9,3,0.375,2022-01-10T00:00:00,0,3,3,6,0.545455,2022-01-04T00:00:00,1,6,6,6,0.545455,2021-12-13T00:00:00,1,6,6,0,0.0,48,68,20,2,3,7,3,10,46,33,2326,14.247205503009459,8.833619948409286,0.14207371727969414,13.164404028374893,74062.6258383491,74265.77730008599,20,0,0,20
primary__operating__2020__mfe_first__grid20,primary,operating,2020,mfe_first,grid20,20,20,3.0,6800.0,379802.0,393950.0,14148.0,123309,False,3,7,4,0.307692,2022-01-07T00:00:00,0,4,4,6,0.384615,2022-01-04T00:00:00,0,6,6,6,0.461538,2021-05-14T00:00:00,0,6,6,0,0.0,52,72,20,1,3,7,4,9,52,52,2326,14.984952708512468,14.984952708512468,0.1138180062757594,14.526393456577816,76451.8023860705,76723.9677128117,20,0,0,20
primary__operating__2020__mfe_first__ladder4,primary,operating,2020,mfe_first,ladder4,4,1,0.0,6800.0,329666.0,345500.0,15834.0,121305,False,7,15,8,1.0,2020-03-12T00:00:00,3,8,8,11,1.0,2020-03-06T00:00:00,5,11,11,12,1.0,2020-03-02T00:00:00,5,13,13,2,0.3088,63,81,18,3,4,13,4,16,55,16,2326,13.310834049871023,3.7080825451418744,0.29271506377919215,10.434338481083405,63362.73082545142,63250.044948409275,20,6,6,14
primary__operating__2020__mfe_first__ladder20,primary,operating,2020,mfe_first,ladder20,20,1,0.0,6800.0,330166.0,346000.0,15834.0,121340,False,7,14,8,1.0,2020-03-12T00:00:00,3,8,8,11,1.0,2020-03-06T00:00:00,5,11,11,12,1.0,2020-03-02T00:00:00,5,13,13,2,0.3088,63,81,18,1,7,14,8,17,63,63,2326,13.312553740326742,13.312553740326742,0.3078779845161161,8.919222097592433,62737.87345227859,62625.35954428202,20,6,6,14
primary__operating__2020__mfe_first__uniform_low,primary,operating,2020,mfe_first,uniform_low,1,1,0.0,5300.0,345119.0,361500.0,16381.0,115356,False,9,16,12,1.0,2020-03-12T00:00:00,4,12,12,20,1.0,2020-03-06T00:00:00,6,20,20,20,1.0,2020-03-02T00:00:00,6,20,20,3,23.4681,78,83,5,9,1,0,1,0,33,3,2303,12.795918367346939,1.0,0.3237952341431919,8.099914087277464,51632.13799392097,51449.12833260964,20,20,20,0
primary__operating__2020__mfe_first__uniform_high,primary,operating,2020,mfe_first,uniform_high,1,1,0.0,8300.0,303878.0,318500.0,14622.0,122309,False,7,12,8,1.0,2020-03-12T00:00:00,3,8,8,11,1.0,2020-03-06T00:00:00,5,11,11,12,1.0,2020-03-02T00:00:00,5,13,13,2,0.3088,55,75,20,7,1,0,1,0,27,2,2326,13.417024935511607,1.0,0.3083984277177591,8.513830569647462,73980.42826741187,73885.48787618228,20,0,0,20
primary__operating__2020__mfe_first__grid20_reverse,primary,operating,2020,mfe_first,grid20_reverse,20,20,3.0,6800.0,430241.0,440350.0,10109.0,127293,False,3,6,3,1.0,2020-03-12T00:00:00,0,3,3,5,1.0,2020-03-06T00:00:00,0,5,5,5,1.0,2020-03-02T00:00:00,0,6,6,2,1.0595,35,55,20,1,3,6,3,10,35,35,2326,16.209372312983664,16.209372312983664,0.10779461835189721,15.868846287618227,86834.94619518486,87598.74800085984,20,0,0,20
primary__operating__2020__mfe_first__ladder20_reverse,primary,operating,2020,mfe_first,ladder20_reverse,20,1,0.0,6800.0,325041.0,341000.0,15959.0,120916,False,7,14,8,1.0,2020-03-12T00:00:00,3,8,8,11,1.0,2020-03-06T00:00:00,5,11,11,12,1.0,2020-03-02T00:00:00,5,13,13,2,0.3088,64,82,18,1,7,14,8,17,64,64,2326,13.267411865864144,13.267411865864144,0.30951140640664637,8.674418334909717,64226.48080395529,64088.46951848667,20,7,7,13
primary__operating__2023__mfe_first__rr_1.00,primary,operating,2023,mfe_first,rr_1.00,1,1,0.0,6800.0,164292.0,172500.0,8208.0,56957,True,5,3,5,1.0,2023-10-30T00:00:00,1,5,5,6,1.0,2023-10-24T00:00:00,1,6,6,6,1.0,2023-10-03T00:00:00,1,6,6,1,42.2197,21,39,18,5,1,0,1,0,15,1,1158,12.51727115716753,1.0,0.41802198207578467,6.223514834196891,63433.55820379966,63464.65941278065,19,5,5,14
primary__operating__2023__mfe_first__wide4,primary,operating,2023,mfe_first,wide4,4,4,3.0,6800.0,162349.0,172000.0,9651.0,45692,True,2,6,2,0.5,2023-10-18T00:00:00,0,2,2,3,0.75,2023-10-16T00:00:00,0,3,3,5,0.833333,2023-09-25T00:00:00,1,5,5,0,0.0,29,45,16,2,2,4,2,6,27,3,1200,10.716666666666667,3.700833333333333,0.2581482073317406,9.190464346666666,58765.81545833333,58633.208374999995,18,5,5,13
primary__operating__2023__mfe_first__center4,primary,operating,2023,mfe_first,center4,4,4,1.5,6800.0,175021.0,184500.0,9479.0,44607,False,2,1,3,0.666667,2023-10-26T00:00:00,0,3,3,4,0.8,2023-10-20T00:00:00,1,4,4,5,0.833333,2023-09-29T00:00:00,1,5,5,0,0.0,29,46,17,1,2,1,3,5,29,3,1200,10.969166666666666,3.7308333333333334,0.19452112406427421,10.724074145,61020.37216666666,61113.06754166666,17,4,4,13
primary__operating__2023__mfe_first__edge4,primary,operating,2023,mfe_first,edge4,4,4,3.0,6800.0,144297.0,154000.0,9703.0,49823,False,2,4,2,1.0,2023-10-26T00:00:00,0,2,2,4,1.0,2023-10-20T00:00:00,0,4,4,6,1.0,2023-09-29T00:00:00,1,6,6,1,47.2336,29,47,18,2,2,2,2,5,27,4,1153,11.72940156114484,3.8169991326973114,0.16710885668883918,11.437650910667823,61326.30689505637,61116.00897658282,19,3,3,16
primary__operating__2023__mfe_first__without050,primary,operating,2023,mfe_first,without050,4,4,2.75,6800.0,159882.0,170000.0,10118.0,45126,False,2,5,3,0.666667,2023-10-25T00:00:00,0,3,3,3,0.75,2023-10-19T00:00:00,1,3,3,5,0.833333,2023-09-28T00:00:00,1,5,5,0,0.0,32,49,17,2,2,3,3,6,30,3,1200,10.803333333333333,3.7183333333333333,0.2567101644020181,9.2405463225,58562.464791666665,58434.384041666664,17,5,5,12
primary__operating__2023__mfe_first__extremes2,primary,operating,2023,mfe_first,extremes2,2,2,3.0,6800.0,144271.0,153000.0,8729.0,47729,False,3,5,3,1.0,2023-10-25T00:00:00,1,3,3,3,1.0,2023-10-19T00:00:00,1,3,3,6,1.0,2023-09-28T00:00:00,1,6,6,1,48.09,22,40,18,3,2,2,2,3,17,2,1152,11.25607638888889,1.9557291666666667,0.23880053097069676,8.503334841145834,60209.150564236115,60007.134939236115,17,2,2,15
primary__operating__2023__mfe_first__grid5,primary,operating,2023,mfe_first,grid5,5,5,3.0,6800.0,151389.0,161000.0,9611.0,46449,False,2,3,3,1.0,2023-12-04T00:00:00,0,3,3,3,1.0,2023-11-28T00:00:00,0,3,3,5,1.0,2023-11-07T00:00:00,1,5,5,1,8.1667,28,46,18,2,2,2,3,4,27,5,1192,10.953859060402685,4.582214765100671,0.19122797097861768,10.706000126677852,58225.297860738254,58134.04781879194,18,4,4,14
primary__operating__2023__mfe_first__grid10,primary,operating,2023,mfe_first,grid10,10,10,3.0,6800.0,199292.0,207000.0,7708.0,50709,False,1,0,2,1.0,2023-10-25T00:00:00,0,2,2,3,1.0,2023-10-19T00:00:00,0,3,3,6,1.0,2023-09-28T00:00:00,1,6,6,1,48.2204,17,35,18,1,1,0,2,5,17,8,1152,12.303819444444445,8.47482638888889,0.1584285828149307,12.094958136284722,70036.35429687501,70221.52747395834,18,3,3,15
primary__operating__2023__mfe_first__grid20,primary,operating,2023,mfe_first,grid20,20,20,3.0,6800.0,185884.0,194000.0,8116.0,50775,False,2,3,3,1.0,2023-10-25T00:00:00,0,3,3,4,1.0,2023-10-19T00:00:00,0,4,4,6,1.0,2023-09-28T00:00:00,1,6,6,1,48.2204,19,38,19,1,2,3,3,3,19,19,1152,12.10329861111111,12.10329861111111,0.1671410446639823,11.675838416666666,65604.76801215278,65587.03984375001,18,1,1,17
primary__operating__2023__mfe_first__ladder4,primary,operating,2023,mfe_first,ladder4,4,1,0.0,6800.0,161370.0,170000.0,8630.0,54798,False,5,4,5,1.0,2023-10-30T00:00:00,1,5,5,6,1.0,2023-10-24T00:00:00,1,6,6,10,1.0,2023-10-03T00:00:00,2,10,10,1,42.2197,27,40,13,3,4,3,4,3,24,5,1158,12.049222797927461,3.809153713298791,0.316801681386552,10.05478310103627,60362.41325561312,60344.597970639035,19,10,10,9
primary__operating__2023__mfe_first__ladder20,primary,operating,2023,mfe_first,ladder20,20,1,0.0,6800.0,164870.0,173500.0,8630.0,54403,False,5,5,5,1.0,2023-10-30T00:00:00,1,5,5,6,1.0,2023-10-24T00:00:00,1,6,6,11,1.0,2023-10-03T00:00:00,2,11,11,1,42.2197,28,40,12,1,5,5,5,5,28,28,1158,11.95768566493955,11.95768566493955,0.3751688557776039,7.4062221709844565,57043.54045768567,57016.57145941278,19,11,11,8
primary__operating__2023__mfe_first__uniform_low,primary,operating,2023,mfe_first,uniform_low,1,1,0.0,5300.0,171370.0,180000.0,8630.0,50783,False,7,5,8,1.0,2023-10-30T00:00:00,2,8,8,15,1.0,2023-10-24T00:00:00,2,15,15,19,1.0,2023-10-03T00:00:00,3,19,19,2,63.3789,36,40,4,7,1,0,1,0,20,2,1137,11.385224274406333,1.0,0.4339393932412059,5.7180481556728235,48730.90976253298,48624.111081794195,19,19,19,0
primary__operating__2023__mfe_first__uniform_high,primary,operating,2023,mfe_first,uniform_high,1,1,0.0,8300.0,143292.0,151500.0,8208.0,56957,False,5,3,5,1.0,2023-10-30T00:00:00,1,5,5,6,1.0,2023-10-24T00:00:00,1,6,6,6,1.0,2023-10-03T00:00:00,1,6,6,1,42.2197,21,39,18,5,1,0,1,0,15,1,1158,12.51727115716753,1.0,0.41802198207578467,6.223514834196891,73339.86217616581,73370.9633851468,19,5,5,14
primary__operating__2023__mfe_first__grid20_reverse,primary,operating,2023,mfe_first,grid20_reverse,20,20,3.0,6800.0,201278.0,210000.0,8722.0,47336,False,2,2,3,1.0,2023-10-26T00:00:00,0,3,3,6,1.0,2023-10-20T00:00:00,1,6,6,6,1.0,2023-09-29T00:00:00,1,6,6,1,8.1454,25,41,16,1,2,2,3,4,25,25,1192,12.286073825503356,12.286073825503356,0.20071046726085087,11.854029869966443,70953.19475671141,71177.95746644295,19,4,4,15
primary__operating__2023__mfe_first__ladder20_reverse,primary,operating,2023,mfe_first,ladder20_reverse,20,1,0.0,6800.0,157792.0,166000.0,8208.0,56957,False,5,3,5,1.0,2023-10-30T00:00:00,1,5,5,6,1.0,2023-10-24T00:00:00,1,6,6,6,1.0,2023-10-03T00:00:00,1,6,6,1,42.2197,21,39,18,1,5,3,5,3,21,21,1158,12.51727115716753,12.51727115716753,0.3837801109947158,7.440815964594128,67300.57029360968,67331.67150259067,19,5,5,14
